AgencyName,Address_City_Description,CreatedOn1,CaseNum,Textbox28,EventDescription
BAYPORT POLICE DEPARTMENT,BAYPORT,4/26/2026 2:12:38 AM,BP26001236,"HWY 95 JSO 10TH AVE N, BAYPORT",ASSIST OTHER AGENCY
BAYPORT POLICE DEPARTMENT,BAYPORT,4/26/2026 2:56:24 PM,BP26001238,"XXX 4th Ave N, BAYPORT",MEDICAL
BAYPORT POLICE DEPARTMENT,BAYPORT,4/26/2026 8:53:40 PM,BP26001242,"XX CENTRAL AVE, BAYPORT",PARK CLOSED
BAYPORT POLICE DEPARTMENT,BAYPORT,4/26/2026 11:09:10 PM,BP26001243,"XXX Highway 95 N, BAYPORT",MEDICAL
BAYPORT POLICE DEPARTMENT,BAYPORT,4/27/2026 12:35:57 AM,BP26001245,"XXX PICKETT ST N, BAYPORT",MEDICAL
BAYPORT POLICE DEPARTMENT,BAYPORT,4/27/2026 4:02:52 PM,BP26001248,"XX 5th Ave N / Stagecoach Trl N, BAYPORT",FIRE
BAYPORT POLICE DEPARTMENT,BAYPORT,4/27/2026 4:20:53 PM,BP26001249,"XXX 6th St N, BAYPORT",WELFARE CHECK
BAYPORT POLICE DEPARTMENT,BAYPORT,4/27/2026 4:35:45 PM,BP26001250,"XXX 6th St N, BAYPORT",WELFARE CHECK
BAYPORT POLICE DEPARTMENT,BAYPORT,4/27/2026 11:21:32 PM,BP26001253,"XX CENTRAL AVE, BAYPORT",PARK CLOSED
BAYPORT POLICE DEPARTMENT,BAYPORT,4/28/2026 10:05:56 AM,BP26001259,"XXX maine st, BAYPORT",WELFARE CHECK
BAYPORT POLICE DEPARTMENT,BAYPORT,4/28/2026 12:41:30 PM,BP26001260,"XXX 5th St S, BAYPORT",NEIGHBOR DISPUTE
BAYPORT POLICE DEPARTMENT,BAYPORT,4/28/2026 3:42:04 PM,BP26001268,"XXX - 498 4TH ST N, BAYPORT",TRAFFIC STOP
BAYPORT POLICE DEPARTMENT,BAYPORT,4/28/2026 4:24:12 PM,BP26001270,"4th Ave N / Maine St N, BAYPORT",911 ABANDONED/HANGUP/OPEN LINE
BAYPORT POLICE DEPARTMENT,BAYPORT,4/28/2026 4:42:14 PM,BP26001271,"XXX 3rd St N, BAYPORT",CITIZEN/PUBLIC ASSIST
BAYPORT POLICE DEPARTMENT,BAYPORT,4/29/2026 12:02:44 AM,BP26001277,"XX CENTRAL AVE, BAYPORT",PARK CLOSED
BAYPORT POLICE DEPARTMENT,BAYPORT,4/29/2026 10:38:18 AM,BP26001281,"XXX PRIMROSE PATH, BAYPORT",CITIZEN/PUBLIC ASSIST
BAYPORT POLICE DEPARTMENT,BAYPORT,4/29/2026 11:36:18 AM,BP26001282,"XXX 4th Ave N, BAYPORT",PARKING VIOLATION
BAYPORT POLICE DEPARTMENT,BAYPORT,4/29/2026 12:13:57 PM,BP26001283,"XXX - 499 4TH ST S, BAYPORT",TRAFFIC STOP
BAYPORT POLICE DEPARTMENT,BAYPORT,4/29/2026 3:54:26 PM,BP26001285,"XXX - 298 5TH AVE N, BAYPORT",TRAFFIC STOP
BAYPORT POLICE DEPARTMENT,BAYPORT,4/29/2026 4:21:01 PM,BP26001286,"Inspiration Pkwy / Primrose Path, BAYPORT",ANIMAL BITE
BAYPORT POLICE DEPARTMENT,BAYPORT,4/29/2026 4:43:03 PM,BP26001287,"XXX 3rd St N, BAYPORT",ASSIST OTHER AGENCY
BAYPORT POLICE DEPARTMENT,BAYPORT,4/29/2026 8:04:50 PM,BP26001288,"2ND AVE N / 4TH ST N, BAYPORT",CITIZEN/PUBLIC ASSIST
BAYPORT POLICE DEPARTMENT,BAYPORT,4/29/2026 8:50:25 PM,BP26001289,"XX CENTRAL AVE, BAYPORT",PARK CLOSED
BAYPORT POLICE DEPARTMENT,BAYPORT,4/30/2026 7:39:48 AM,BP26001291,"XXX 4TH ST N, BAYPORT",SCHOOL CROSSING
BAYPORT POLICE DEPARTMENT,BAYPORT,4/30/2026 11:54:56 AM,BP26001295,"Unknown, BAYPORT",FOLLOW UP
BAYPORT POLICE DEPARTMENT,BAYPORT,4/30/2026 4:20:19 PM,BP26001297,"XXX 4th St N, BAYPORT",911 ABANDONED/HANGUP/OPEN LINE
BAYPORT POLICE DEPARTMENT,BAYPORT,4/30/2026 4:54:08 PM,BP26001298,"XX CENTRAL AVE, BAYPORT",BOAT ENVELOPES
BAYPORT POLICE DEPARTMENT,BAYPORT,4/30/2026 5:42:15 PM,BP26001299,"Maine St N / 4th Ave N, BAYPORT",DRIVING COMPLAINT
BAYPORT POLICE DEPARTMENT,BAYPORT,4/30/2026 9:26:15 PM,BP26001300,"XX CENTRAL AVE, BAYPORT",PARK CLOSED
BAYPORT POLICE DEPARTMENT,BAYPORT,5/1/2026 12:28:41 AM,BP26001301,"XXX 4TH ST S, BAYPORT",WELFARE CHECK
BAYPORT POLICE DEPARTMENT,BAYPORT,5/1/2026 2:48:54 PM,BP26001306,"XXX Inspiration Pkwy N, BAYPORT",FOLLOW UP
BAYPORT POLICE DEPARTMENT,BAYPORT,5/1/2026 3:43:41 PM,BP26001307,"XXX 3rd St N, BAYPORT",DRIVING COMPLAINT
BAYPORT POLICE DEPARTMENT,BAYPORT,5/1/2026 4:14:48 PM,BP26001309,"1XXX  Inspiration Pkwy N, BAYPORT",VEHICLE UNLOCK
BAYPORT POLICE DEPARTMENT,BAYPORT,5/1/2026 9:51:11 PM,BP26001310,"XXX Highway 95 N, BAYPORT",MEDICAL
BAYPORT POLICE DEPARTMENT,BAYPORT,5/1/2026 10:10:47 PM,BP26001311,"XX CENTRAL AVE, BAYPORT",Park Close
BAYPORT POLICE DEPARTMENT,BAYPORT,5/1/2026 10:25:02 PM,BP26001312,"Inspiration Pkwy N / Primrose Path, BAYPORT",ORDINANCE VIOLATION
BAYPORT POLICE DEPARTMENT,BAYPORT,5/2/2026 12:09:56 PM,BP26001314,"XXX 5th St S, BAYPORT",GAS LEAK
BAYPORT POLICE DEPARTMENT,BAYPORT,5/2/2026 1:52:55 PM,BP26001315,"XXX Prairie Way N, BAYPORT",MEDICAL
BAYPORT POLICE DEPARTMENT,BAYPORT,5/2/2026 9:00:38 PM,BP26001320,"XX CENTRAL AVE, BAYPORT",Park close
BAYPORT POLICE DEPARTMENT,OAK PARK HEIGHTS,4/26/2026 4:43:13 PM,BP26001239,"15XXX  60th St N, OAK PARK HEIGHTS",ASSIST OTHER AGENCY
BAYPORT POLICE DEPARTMENT,OAK PARK HEIGHTS,4/26/2026 7:29:35 PM,BP26001241,"13XXX  60th St N, OAK PARK HEIGHTS",ASSIST OTHER AGENCY
BAYPORT POLICE DEPARTMENT,OAK PARK HEIGHTS,4/27/2026 1:21:02 PM,BP26001246,"5XXX  Memorial Ave N, OAK PARK HEIGHTS",UNWANTED PERSON/VEHICLE
BAYPORT POLICE DEPARTMENT,OAK PARK HEIGHTS,4/27/2026 7:18:58 PM,BP26001251,"5XXX  Osgood Ave N, OAK PARK HEIGHTS",ASSIST OTHER AGENCY
BAYPORT POLICE DEPARTMENT,OAK PARK HEIGHTS,4/27/2026 8:54:55 PM,BP26001252,"5XXX  Memorial Ave N, OAK PARK HEIGHTS",ASSIST OTHER AGENCY
BAYPORT POLICE DEPARTMENT,OAK PARK HEIGHTS,4/28/2026 12:54:58 PM,BP26001261,"5XXX  - 5800 OAKGREEN AVE N, OAK PARK HEIGHTS",TRAFFIC STOP
BAYPORT POLICE DEPARTMENT,OAK PARK HEIGHTS,4/28/2026 1:43:57 PM,BP26001263,"14XXX  60TH ST N, OAK PARK HEIGHTS",TRAFFIC STOP
BAYPORT POLICE DEPARTMENT,OAK PARK HEIGHTS,4/29/2026 1:13:51 PM,BP26001284,"14XXX  58th St N, OAK PARK HEIGHTS",ASSIST OTHER AGENCY
BAYPORT POLICE DEPARTMENT,OAK PARK HEIGHTS,5/1/2026 1:43:50 AM,BP26001302,"SAINT CROIX TRL N AT HWY 36, OAK PARK HEIGHTS",ASSIST OTHER AGENCY
BAYPORT POLICE DEPARTMENT,OAK PARK HEIGHTS,5/2/2026 7:58:37 PM,BP26001319,"5XXX  Neal Ave N, OAK PARK HEIGHTS",ASSIST OTHER AGENCY
BAYPORT POLICE DEPARTMENT,Saint Paul,4/28/2026 4:48:38 PM,BP26001272,"XXX MINNESOTA ST, Saint Paul",ANIMAL COMPLAINT
BAYPORT POLICE DEPARTMENT,STILLWATER,4/27/2026 12:11:37 AM,BP26001244,"XXX Chestnut St E, STILLWATER",ASSIST OTHER AGENCY
BAYPORT POLICE DEPARTMENT,STILLWATER,4/28/2026 1:28:23 PM,BP26001262,"Highway 36, STILLWATER",TRAFFIC STOP
BAYPORT POLICE DEPARTMENT,STILLWATER,4/30/2026 3:38:49 PM,BP26001296,"Curve Crest Blvd / Orleans St W, STILLWATER",ASSIST OTHER AGENCY
BAYPORT POLICE DEPARTMENT,STILLWATER,5/2/2026 1:03:57 AM,BP26001313,"1XXX  - 1799 GREELEY ST S, STILLWATER",DRIVING COMPLAINT
BAYPORT POLICE DEPARTMENT,STILLWATER TOWNSHIP,4/28/2026 2:16:14 PM,BP26001265,"Highway 36, STILLWATER TOWNSHIP",TRAFFIC STOP
COTTAGE GROVE POLICE DEPARTMENT,COTTAGE GROVE,4/26/2026 12:51:24 AM,CG26018083,"6XXX  East Point Douglas Rd S, COTTAGE GROVE",MEDICAL
COTTAGE GROVE POLICE DEPARTMENT,COTTAGE GROVE,4/26/2026 2:17:33 AM,CG26018090,"7XXX  80th St S, COTTAGE GROVE",PROPERTY DAMAGE
COTTAGE GROVE POLICE DEPARTMENT,COTTAGE GROVE,4/26/2026 3:43:39 AM,CG26018093,"8XXX  Hallmark Ave S, COTTAGE GROVE",DISTURBANCE
COTTAGE GROVE POLICE DEPARTMENT,COTTAGE GROVE,4/26/2026 8:39:21 AM,CG26018100,"6XXX  Pine Arbor Ct S, COTTAGE GROVE",MEDICAL
COTTAGE GROVE POLICE DEPARTMENT,COTTAGE GROVE,4/26/2026 11:09:37 AM,CG26018101,"8XXX  Greenway Ave S, COTTAGE GROVE",CITIZEN/PUBLIC ASSIST
COTTAGE GROVE POLICE DEPARTMENT,COTTAGE GROVE,4/26/2026 12:35:17 PM,CG26018110,"Hwy 61 Nb At Kimbro Ave S, COTTAGE GROVE",ASSIST OTHER AGENCY
COTTAGE GROVE POLICE DEPARTMENT,COTTAGE GROVE,4/26/2026 12:43:13 PM,CG26018112,"9XXX  Harrow Ct S, COTTAGE GROVE",CIVIL MATTER/DISPUTE
COTTAGE GROVE POLICE DEPARTMENT,COTTAGE GROVE,4/26/2026 12:54:33 PM,CG26018113,"6XXX  80th St S, COTTAGE GROVE",MEDICAL
COTTAGE GROVE POLICE DEPARTMENT,COTTAGE GROVE,4/26/2026 4:53:37 PM,CG26018179,"7XXX  East Point Douglas Rd S, COTTAGE GROVE",ACCIDENT
COTTAGE GROVE POLICE DEPARTMENT,COTTAGE GROVE,4/26/2026 5:39:36 PM,CG26018185,"8XXX  Hallmark Ave S, COTTAGE GROVE",DISTURBANCE
COTTAGE GROVE POLICE DEPARTMENT,COTTAGE GROVE,4/26/2026 5:44:52 PM,CG26018186,"7XXX  Hearthside Ave S, COTTAGE GROVE",MEDICAL
COTTAGE GROVE POLICE DEPARTMENT,COTTAGE GROVE,4/26/2026 7:59:08 PM,CG26018202,"10XXX  Greenway Cir S, COTTAGE GROVE",ANIMAL BITE
COTTAGE GROVE POLICE DEPARTMENT,COTTAGE GROVE,4/27/2026 1:15:43 AM,CG26018244,"6XXX  - 6949 85TH ST S, COTTAGE GROVE",TRAFFIC STOP
COTTAGE GROVE POLICE DEPARTMENT,COTTAGE GROVE,4/27/2026 5:40:53 AM,CG26018248,"7XXX  Hardwood Ave S, COTTAGE GROVE",CITIZEN/PUBLIC ASSIST
COTTAGE GROVE POLICE DEPARTMENT,COTTAGE GROVE,4/27/2026 7:46:28 AM,CG26018250,"8XXX  80TH ST S, COTTAGE GROVE",ASSAULT
COTTAGE GROVE POLICE DEPARTMENT,COTTAGE GROVE,4/27/2026 8:19:09 AM,CG26018252,"9XXX  Indian Blvd S, COTTAGE GROVE",SUSPICIOUS PERSON/ACTIVITY
COTTAGE GROVE POLICE DEPARTMENT,COTTAGE GROVE,4/27/2026 10:15:37 AM,CG26018256,"7XXX  EAST POINT DOUGLAS RD S, COTTAGE GROVE",THEFT
COTTAGE GROVE POLICE DEPARTMENT,COTTAGE GROVE,4/27/2026 10:41:11 AM,CG26018257,"12XXX  RAVINE PKWY S, COTTAGE GROVE",STOP ARM VIOLATION
COTTAGE GROVE POLICE DEPARTMENT,COTTAGE GROVE,4/27/2026 12:19:11 PM,CG26018260,"9XXX  East Point Douglas Rd S, COTTAGE GROVE",SHOPLIFTING
COTTAGE GROVE POLICE DEPARTMENT,COTTAGE GROVE,4/27/2026 12:48:00 PM,CG26018263,"8XXX  Granada Ave S, COTTAGE GROVE",PARKING VIOLATION
COTTAGE GROVE POLICE DEPARTMENT,COTTAGE GROVE,4/27/2026 2:57:44 PM,CG26018312,"9XXX  Jamaica Ave S, COTTAGE GROVE",ACCIDENT
COTTAGE GROVE POLICE DEPARTMENT,COTTAGE GROVE,4/27/2026 3:44:16 PM,CG26018316,"8XXX  West Point Douglas Rd S, COTTAGE GROVE",MEDICAL
COTTAGE GROVE POLICE DEPARTMENT,COTTAGE GROVE,4/27/2026 4:54:29 PM,CG26018321,"7XXX  80th St S, COTTAGE GROVE",DISORDERLY CONDUCT
COTTAGE GROVE POLICE DEPARTMENT,COTTAGE GROVE,4/27/2026 5:45:16 PM,CG26018326,"7XXX  71st St S, COTTAGE GROVE",ANIMAL COMPLAINT
COTTAGE GROVE POLICE DEPARTMENT,COTTAGE GROVE,4/27/2026 10:32:04 PM,CG26018349,"6XXX  East Point Douglas Rd S, COTTAGE GROVE",MEDICAL
COTTAGE GROVE POLICE DEPARTMENT,COTTAGE GROVE,4/28/2026 12:00:00 AM,CG26018462,"GRANGE BLVD S/GREENE AVE S, COTTAGE GROVE",ACCIDENT
COTTAGE GROVE POLICE DEPARTMENT,COTTAGE GROVE,4/28/2026 7:31:09 AM,CG26018380,"Jamaica Ave S / 75th St S, COTTAGE GROVE",DRIVING COMPLAINT
COTTAGE GROVE POLICE DEPARTMENT,COTTAGE GROVE,4/28/2026 7:39:45 AM,CG26018381,"9XXX  Indian Blvd S, COTTAGE GROVE",ACCIDENT
COTTAGE GROVE POLICE DEPARTMENT,COTTAGE GROVE,4/28/2026 7:53:15 AM,CG26018384,"79TH ST S / HEMINGWAY AVE S, COTTAGE GROVE",ABANDONED VEHICLE
COTTAGE GROVE POLICE DEPARTMENT,COTTAGE GROVE,4/28/2026 10:33:17 AM,CG26018403,"6XXX  Genevieve Trl S, COTTAGE GROVE",ALARM-BUSINESS/RES/FIRE/MEDICAL/ETC
COTTAGE GROVE POLICE DEPARTMENT,COTTAGE GROVE,4/28/2026 11:36:37 AM,CG26018423,"7XXX  Hinton Park Ave S, COTTAGE GROVE",CIVIL MATTER/DISPUTE
COTTAGE GROVE POLICE DEPARTMENT,COTTAGE GROVE,4/28/2026 1:51:01 PM,CG26018442,"7XXX  East Point Douglas Rd S, COTTAGE GROVE",MEDICAL
COTTAGE GROVE POLICE DEPARTMENT,COTTAGE GROVE,4/28/2026 2:46:11 PM,CG26018453,"6XXX  80th St S, COTTAGE GROVE",TRESPASS NOTICE
COTTAGE GROVE POLICE DEPARTMENT,COTTAGE GROVE,4/28/2026 3:13:19 PM,CG26018454,"8XXX  East Point Douglas Rd S, COTTAGE GROVE",SHOPLIFTING
COTTAGE GROVE POLICE DEPARTMENT,COTTAGE GROVE,4/28/2026 4:00:00 PM,CG26018459,"7XXX  113th St S, COTTAGE GROVE",ORDINANCE VIOLATION
COTTAGE GROVE POLICE DEPARTMENT,COTTAGE GROVE,4/28/2026 5:32:28 PM,CG26018475,"6XXX  Joliet Ave S, COTTAGE GROVE",RUNAWAY
COTTAGE GROVE POLICE DEPARTMENT,COTTAGE GROVE,4/28/2026 8:46:26 PM,CG26018494,"9XXX  Hale Ave S, COTTAGE GROVE",DISTURBANCE
COTTAGE GROVE POLICE DEPARTMENT,COTTAGE GROVE,4/28/2026 11:27:35 PM,CG26018513,"8XXX  Greystone Ave S, COTTAGE GROVE",MEDICAL
COTTAGE GROVE POLICE DEPARTMENT,COTTAGE GROVE,4/29/2026 3:53:06 AM,CG26018537,"8XXX  Indian Blvd S, COTTAGE GROVE",MEDICAL
COTTAGE GROVE POLICE DEPARTMENT,COTTAGE GROVE,4/29/2026 4:55:29 AM,CG26018538,"6XXX  Meadow Grass Ln S, COTTAGE GROVE",MEDICAL
COTTAGE GROVE POLICE DEPARTMENT,COTTAGE GROVE,4/29/2026 5:43:15 AM,CG26018541,"7XXX  Hinton Park Ave S, COTTAGE GROVE",MEDICAL
COTTAGE GROVE POLICE DEPARTMENT,COTTAGE GROVE,4/29/2026 7:49:02 AM,CG26018548,"9XXX  East Point Douglas Rd S, COTTAGE GROVE",MEDICAL
COTTAGE GROVE POLICE DEPARTMENT,COTTAGE GROVE,4/29/2026 8:26:17 AM,CG26018552,"8XXX  EAST POINT DOUGLAS RD S, COTTAGE GROVE",FRAUD/SCAM
COTTAGE GROVE POLICE DEPARTMENT,COTTAGE GROVE,4/29/2026 9:42:14 AM,CG26018558,"8XXX  64th St S, COTTAGE GROVE",MEDICAL
COTTAGE GROVE POLICE DEPARTMENT,COTTAGE GROVE,4/29/2026 10:10:48 AM,CG26018562,"7XXX  EAST POINT DOUGLAS RD S, COTTAGE GROVE",OFFICER INFORMATION
COTTAGE GROVE POLICE DEPARTMENT,COTTAGE GROVE,4/29/2026 10:23:42 AM,CG26018566,"12XXX  RAVINE PKWY S, COTTAGE GROVE",FOUND PROPERTY/ITEM
COTTAGE GROVE POLICE DEPARTMENT,COTTAGE GROVE,4/29/2026 11:32:43 AM,CG26018593,"12XXX  Ravine Pkwy S, COTTAGE GROVE",TRESPASSING
COTTAGE GROVE POLICE DEPARTMENT,COTTAGE GROVE,4/29/2026 11:35:55 AM,CG26018594,"7XXX  East Point Douglas Rd S, COTTAGE GROVE",OFFICER INFORMATION
COTTAGE GROVE POLICE DEPARTMENT,COTTAGE GROVE,4/29/2026 3:56:57 PM,CG26018627,"8XXX  89th Street Cir S, COTTAGE GROVE",FRAUD/SCAM
COTTAGE GROVE POLICE DEPARTMENT,COTTAGE GROVE,4/29/2026 4:58:40 PM,CG26018637,"9XXX  East Point Douglas Rd S, COTTAGE GROVE",THEFT
COTTAGE GROVE POLICE DEPARTMENT,COTTAGE GROVE,4/29/2026 5:01:53 PM,CG26018638,"7XXX  HEARTHSIDE AVE S, COTTAGE GROVE",JUVENILE COMPLAINT
COTTAGE GROVE POLICE DEPARTMENT,COTTAGE GROVE,4/29/2026 9:00:15 PM,CG26018674,"8XXX  EAST POINT DOUGLAS RD S, COTTAGE GROVE",JUVENILE COMPLAINT
COTTAGE GROVE POLICE DEPARTMENT,COTTAGE GROVE,4/29/2026 11:33:14 PM,CG26018729,"6XXX  63rd St S, COTTAGE GROVE",MEDICAL
COTTAGE GROVE POLICE DEPARTMENT,COTTAGE GROVE,4/29/2026 11:34:00 PM,CG26018730,"8XXX  - 8599 EAST POINT DOUGLAS RD S, COTTAGE GROVE",TRAFFIC STOP
COTTAGE GROVE POLICE DEPARTMENT,COTTAGE GROVE,4/30/2026 2:52:59 AM,CG26018757,"HARDWOOD AVE S / HARKNESS AVE S, COTTAGE GROVE",TRAFFIC STOP
COTTAGE GROVE POLICE DEPARTMENT,COTTAGE GROVE,4/30/2026 7:21:26 AM,CG26018760,"6XXX  102nd St S, COTTAGE GROVE",MEDICAL
COTTAGE GROVE POLICE DEPARTMENT,COTTAGE GROVE,4/30/2026 7:46:46 AM,CG26018762,"6XXX  80th St S, COTTAGE GROVE",MEDICAL
COTTAGE GROVE POLICE DEPARTMENT,COTTAGE GROVE,4/30/2026 9:49:47 AM,CG26018772,"8XXX  Ironwood Ave S, COTTAGE GROVE",ASSAULT
COTTAGE GROVE POLICE DEPARTMENT,COTTAGE GROVE,4/30/2026 10:55:33 AM,CG26018774,"6XXX  103rd St S, COTTAGE GROVE",MEDICAL
COTTAGE GROVE POLICE DEPARTMENT,COTTAGE GROVE,4/30/2026 4:12:35 PM,CG26018788,"8XXX  Hillside Trl S, COTTAGE GROVE",MEDICAL
COTTAGE GROVE POLICE DEPARTMENT,COTTAGE GROVE,4/30/2026 5:29:31 PM,CG26018809,"JORDON AVE S / INDIAN BLVD S, COTTAGE GROVE",FLEEING
COTTAGE GROVE POLICE DEPARTMENT,COTTAGE GROVE,4/30/2026 6:07:17 PM,CG26018816,"6XXX  91st Cv S, COTTAGE GROVE",MEDICAL
COTTAGE GROVE POLICE DEPARTMENT,COTTAGE GROVE,4/30/2026 8:10:48 PM,CG26018827,"8XXX  Greystone Ave S, COTTAGE GROVE",MEDICAL
COTTAGE GROVE POLICE DEPARTMENT,COTTAGE GROVE,4/30/2026 9:23:18 PM,CG26018834,"8XXX  Hilo Trl S, COTTAGE GROVE",RUNAWAY
COTTAGE GROVE POLICE DEPARTMENT,COTTAGE GROVE,4/30/2026 11:13:00 PM,CG26018856,"7XXX  - 7180 EAST POINT DOUGLAS RD S, COTTAGE GROVE",TRAFFIC STOP
COTTAGE GROVE POLICE DEPARTMENT,COTTAGE GROVE,5/1/2026 2:45:37 AM,CG26018889,"7XXX  Jasmine Ave S, COTTAGE GROVE",MEDICAL
COTTAGE GROVE POLICE DEPARTMENT,COTTAGE GROVE,5/1/2026 10:03:55 AM,CG26018912,"8XXX  Ivywood Ave S, COTTAGE GROVE",WELFARE CHECK
COTTAGE GROVE POLICE DEPARTMENT,COTTAGE GROVE,5/1/2026 11:23:05 AM,CG26018926,"9XXX  East Point Douglas Rd S, COTTAGE GROVE",THEFT
COTTAGE GROVE POLICE DEPARTMENT,COTTAGE GROVE,5/1/2026 12:09:34 PM,CG26018931,"12XXX  RAVINE PKWY S, COTTAGE GROVE",RIDE ALONG
COTTAGE GROVE POLICE DEPARTMENT,COTTAGE GROVE,5/1/2026 2:15:00 PM,CG26018961,"7XXX  - 7439 TIMBER CREST DR S, COTTAGE GROVE",WARRANT ARREST
COTTAGE GROVE POLICE DEPARTMENT,COTTAGE GROVE,5/1/2026 2:40:22 PM,CG26018965,"9XXX  90th St S, COTTAGE GROVE",MEDICAL
COTTAGE GROVE POLICE DEPARTMENT,COTTAGE GROVE,5/1/2026 3:58:04 PM,CG26018974,"8XXX  80th St S, COTTAGE GROVE",VEHICLE UNLOCK
COTTAGE GROVE POLICE DEPARTMENT,COTTAGE GROVE,5/1/2026 5:26:29 PM,CG26018985,"7XXX  Jocelyn Ave S, COTTAGE GROVE",THEFT
COTTAGE GROVE POLICE DEPARTMENT,COTTAGE GROVE,5/1/2026 8:46:25 PM,CG26019008,"7XXX  EAST POINT DOUGLAS RD S, COTTAGE GROVE",JUVENILE COMPLAINT
COTTAGE GROVE POLICE DEPARTMENT,COTTAGE GROVE,5/1/2026 9:55:12 PM,CG26019026,"7XXX  EAST POINT DOUGLAS RD S, COTTAGE GROVE",TRESPASS NOTICE
COTTAGE GROVE POLICE DEPARTMENT,COTTAGE GROVE,5/2/2026 4:23:33 AM,CG26019070,"12XXX  RAVINE PKWY S, COTTAGE GROVE",RIDE ALONG
COTTAGE GROVE POLICE DEPARTMENT,COTTAGE GROVE,5/2/2026 6:16:48 AM,CG26019072,"7XXX  Jocelyn Ave S, COTTAGE GROVE",MEDICAL
COTTAGE GROVE POLICE DEPARTMENT,COTTAGE GROVE,5/2/2026 7:43:04 AM,CG26019073,"6XXX  94th St S, COTTAGE GROVE",MEDICAL
COTTAGE GROVE POLICE DEPARTMENT,COTTAGE GROVE,5/2/2026 8:51:56 AM,CG26019083,"9XXX  72nd St S, COTTAGE GROVE",MEDICAL
COTTAGE GROVE POLICE DEPARTMENT,COTTAGE GROVE,5/2/2026 1:56:45 PM,CG26019130,"6XXX  80TH ST S, COTTAGE GROVE",MEDICAL
COTTAGE GROVE POLICE DEPARTMENT,COTTAGE GROVE,5/2/2026 2:28:52 PM,CG26019135,"7XXX  Isleton Ave S, COTTAGE GROVE",MEDICAL
COTTAGE GROVE POLICE DEPARTMENT,COTTAGE GROVE,5/2/2026 5:11:54 PM,CG26019155,"6XXX  80th St S, COTTAGE GROVE",MEDICAL
COTTAGE GROVE POLICE DEPARTMENT,COTTAGE GROVE,5/2/2026 5:40:31 PM,CG26019160,"6XXX  84th St S, COTTAGE GROVE",REQUEST FOR EMERGENCY EXAM - 72 HR HOLD
COTTAGE GROVE POLICE DEPARTMENT,COTTAGE GROVE,5/2/2026 6:41:43 PM,CG26019170,"8XXX  East Point Douglas Rd S, COTTAGE GROVE",MEDICAL
COTTAGE GROVE POLICE DEPARTMENT,COTTAGE GROVE,5/2/2026 10:11:42 PM,CG26019204,"6XXX  Pine Arbor Dr S, COTTAGE GROVE",DWI
COTTAGE GROVE POLICE DEPARTMENT,NEWPORT,4/26/2026 5:20:03 PM,CG26018183,"1XXX  10th Ave, NEWPORT",ASSIST OTHER AGENCY
FOREST LAKE POLICE DEPARTMENT,FOREST LAKE,4/26/2026 4:49:13 PM,FL26005263,"SCANDIA TRL N & EVERTON AVE N, FOREST LAKE",TRAFFIC STOP
FOREST LAKE POLICE DEPARTMENT,FOREST LAKE,4/26/2026 6:56:00 PM,FL26005266,"SCANDIA TRL N & GOODVIEW AVE N, FOREST LAKE",TRAFFIC STOP
FOREST LAKE POLICE DEPARTMENT,FOREST LAKE,4/26/2026 8:57:35 PM,FL26005272,"LAKE ST S & BROADWAY AVE E, FOREST LAKE",DISABLED VEHICLE
FOREST LAKE POLICE DEPARTMENT,FOREST LAKE,4/26/2026 10:45:00 PM,FL26005277,"LAKE ST N & 4TH AVE NE, FOREST LAKE",TRAFFIC STOP
FOREST LAKE POLICE DEPARTMENT,FOREST LAKE,4/27/2026 8:36:48 AM,FL26005283,"6XXX  SCANDIA TRL N, FOREST LAKE",MEDICAL
FOREST LAKE POLICE DEPARTMENT,FOREST LAKE,4/27/2026 10:14:38 AM,FL26005290,"GOODVIEW AVE N & 210TH ST N, FOREST LAKE",SCHOOL/STUDENT ISSUE
FOREST LAKE POLICE DEPARTMENT,FOREST LAKE,4/27/2026 4:15:48 PM,FL26005300,"XXX 3RD ST SE, FOREST LAKE",IDENTITY THEFT
FOREST LAKE POLICE DEPARTMENT,FOREST LAKE,4/27/2026 4:24:31 PM,FL26005301,"19XXX  HEADWATERS BLVD N, FOREST LAKE",SUSPICIOUS PERSON/ACTIVITY
FOREST LAKE POLICE DEPARTMENT,FOREST LAKE,4/27/2026 6:23:22 PM,FL26005305,"21XXX  HEATH AVENUE CT N, FOREST LAKE",WELFARE CHECK
FOREST LAKE POLICE DEPARTMENT,FOREST LAKE,4/27/2026 6:54:57 PM,FL26005306,"1XXX  5TH AVE SW, FOREST LAKE",FAMILY ASSIST
FOREST LAKE POLICE DEPARTMENT,FOREST LAKE,4/28/2026 10:20:51 AM,FL26005322,"XXX 15TH AVE SE, FOREST LAKE",WELFARE CHECK
FOREST LAKE POLICE DEPARTMENT,FOREST LAKE,4/28/2026 10:25:35 AM,FL26005324,"6XXX  SCANDIA TRL N, FOREST LAKE",THREATS
FOREST LAKE POLICE DEPARTMENT,FOREST LAKE,4/28/2026 10:25:54 AM,FL26005323,"XXX 2ND ST SW, FOREST LAKE",WELFARE CHECK
FOREST LAKE POLICE DEPARTMENT,FOREST LAKE,4/28/2026 6:21:35 PM,FL26005351,"7XXX  NORTH SHORE TRL N, FOREST LAKE",ANIMAL COMPLAINT
FOREST LAKE POLICE DEPARTMENT,FOREST LAKE,4/28/2026 7:26:42 PM,FL26005352,"1XXX  11TH AVE SW, FOREST LAKE",TRAFFIC STOP
FOREST LAKE POLICE DEPARTMENT,FOREST LAKE,4/29/2026 9:09:59 AM,FL26005368,"XXX SOUTH SHORE DR, FOREST LAKE",CITIZEN/PUBLIC ASSIST
FOREST LAKE POLICE DEPARTMENT,FOREST LAKE,4/29/2026 12:37:22 PM,FL26005379,"1XXX  LAKE ST S, FOREST LAKE",FOUND PROPERTY/ITEM
FOREST LAKE POLICE DEPARTMENT,FOREST LAKE,4/29/2026 4:23:43 PM,FL26005393,"8XXX  NORTH SHORE TRL N, FOREST LAKE",ANIMAL COMPLAINT
FOREST LAKE POLICE DEPARTMENT,FOREST LAKE,4/29/2026 6:09:11 PM,FL26005398,"XXX LAKE ST S, FOREST LAKE",LOCKOUT
FOREST LAKE POLICE DEPARTMENT,FOREST LAKE,4/29/2026 8:08:00 PM,FL26005403,"8TH ST SW & 11TH AVE SW, FOREST LAKE",TRAFFIC STOP
FOREST LAKE POLICE DEPARTMENT,FOREST LAKE,4/29/2026 11:01:00 PM,FL26005410,"1XXX  BROADWAY AVE W, FOREST LAKE",TRAFFIC STOP
FOREST LAKE POLICE DEPARTMENT,FOREST LAKE,4/30/2026 2:37:25 AM,FL26005416,"XXX 4TH ST SW, FOREST LAKE",DISTURBANCE
FOREST LAKE POLICE DEPARTMENT,FOREST LAKE,4/30/2026 11:36:50 AM,FL26005441,"21XXX  Harrow Ave N, FOREST LAKE",THREATS
FOREST LAKE POLICE DEPARTMENT,FOREST LAKE,4/30/2026 5:52:53 PM,FL26005459,"5XXX  214TH ST N, FOREST LAKE",THEFT
FOREST LAKE POLICE DEPARTMENT,FOREST LAKE,4/30/2026 8:57:49 PM,FL26005471,"1XXX  BROADWAY AVE W, FOREST LAKE",THEFT
FOREST LAKE POLICE DEPARTMENT,FOREST LAKE,4/30/2026 10:17:02 PM,FL26005474,"XXX 12TH ST SW, FOREST LAKE",DISTURBANCE
FOREST LAKE POLICE DEPARTMENT,FOREST LAKE,4/30/2026 11:05:00 PM,FL26005461,"LAKE ST S & 11TH AVE SE, FOREST LAKE",TRAFFIC STOP
FOREST LAKE POLICE DEPARTMENT,FOREST LAKE,5/1/2026 6:52:51 PM,FL26005507,"XXX 12TH ST SW, FOREST LAKE",FOUND PROPERTY/ITEM
FOREST LAKE POLICE DEPARTMENT,FOREST LAKE,5/1/2026 7:28:00 PM,FL26005510,"LAKE ST S & 8TH AVE SW, FOREST LAKE",TRAFFIC STOP
FOREST LAKE POLICE DEPARTMENT,FOREST LAKE,5/2/2026 1:56:59 AM,FL26005539,"XXX SOUTH SHORE DR, FOREST LAKE",DISTURBANCE
FOREST LAKE POLICE DEPARTMENT,FOREST LAKE,5/2/2026 8:17:49 AM,FL26005545,"BROADWAY AVE W TO I 35 SB RAMP, FOREST LAKE",ACCIDENT
FOREST LAKE POLICE DEPARTMENT,FOREST LAKE,5/2/2026 11:09:19 AM,FL26005550,"1XXX  4TH ST SE, FOREST LAKE",JUVENILE COMPLAINT
FOREST LAKE POLICE DEPARTMENT,FOREST LAKE,5/2/2026 2:45:35 PM,FL26005558,"19XXX  FOREST RD N, FOREST LAKE",VEHICLE UNLOCK
FOREST LAKE POLICE DEPARTMENT,FOREST LAKE,5/2/2026 4:20:00 PM,FL26005562,"12TH ST SW & 7TH AVE SW, FOREST LAKE",TRAFFIC STOP
OAKDALE POLICE DEPARTMENT,LAKE ELMO,4/26/2026 1:55:21 AM,OD26004776,"XXX JULEP AVE N, LAKE ELMO",ASSIST OTHER AGENCY
OAKDALE POLICE DEPARTMENT,LANDFALL,5/1/2026 10:21:23 PM,OD26005030,"XXX Dellwood Sq N, LANDFALL",ASSIST OTHER AGENCY
OAKDALE POLICE DEPARTMENT,LANDFALL,5/2/2026 12:20:57 PM,OD26005044,"XX Garden Gln, LANDFALL",ASSIST OTHER AGENCY
OAKDALE POLICE DEPARTMENT,OAKDALE,4/26/2026 1:44:03 AM,OD26004774,"XXX GRAFTON AVE N, OAKDALE",NOISE COMPLAINT/DISTURBANCE
OAKDALE POLICE DEPARTMENT,OAKDALE,4/26/2026 5:09:38 AM,OD26004778,"1XXX  GLENBROOK AVE N, OAKDALE",911 ABANDONED/HANGUP/OPEN LINE
OAKDALE POLICE DEPARTMENT,OAKDALE,4/26/2026 5:23:05 AM,OD26004779,"XXX Helmo Ave N, OAKDALE",UNWANTED PERSON/VEHICLE
OAKDALE POLICE DEPARTMENT,OAKDALE,4/26/2026 7:34:14 AM,OD26004780,"2XXX  Hadley Ave N, OAKDALE",JUVENILE COMPLAINT
OAKDALE POLICE DEPARTMENT,OAKDALE,4/26/2026 9:23:52 AM,OD26004782,"7XXX  2nd St N, OAKDALE",ALARM-BUSINESS/RES/FIRE/MEDICAL/ETC
OAKDALE POLICE DEPARTMENT,OAKDALE,4/26/2026 9:27:25 AM,OD26004783,"5XXX  Golfview Ave N, OAKDALE",MEDICAL
OAKDALE POLICE DEPARTMENT,OAKDALE,4/26/2026 11:47:27 AM,OD26004784,"1XXX  Hadley Ave N, OAKDALE",SUSPICIOUS PERSON/ACTIVITY
OAKDALE POLICE DEPARTMENT,OAKDALE,4/26/2026 11:52:01 AM,OD26004785,"4XXX  Helena Rd N, OAKDALE",CIVIL MATTER/DISPUTE
OAKDALE POLICE DEPARTMENT,OAKDALE,4/26/2026 12:33:13 PM,OD26004787,"7XXX  10th St N, OAKDALE",DRIVING COMPLAINT
OAKDALE POLICE DEPARTMENT,OAKDALE,4/26/2026 1:20:31 PM,OD26004789,"3XXX  Garden Blvd N, OAKDALE",MEDICAL
OAKDALE POLICE DEPARTMENT,OAKDALE,4/26/2026 1:43:20 PM,OD26004791,"GENEVA AVE N / LARPENTEUR AVE E, OAKDALE",MOTORIST ASSIST
OAKDALE POLICE DEPARTMENT,OAKDALE,4/26/2026 2:10:29 PM,OD26004792,"3XXX  HAYWARD AVE N, OAKDALE",911 ABANDONED/HANGUP/OPEN LINE
OAKDALE POLICE DEPARTMENT,OAKDALE,4/26/2026 2:11:16 PM,OD26004793,"6XXX  10th St N, OAKDALE",FOUND PROPERTY/ITEM
OAKDALE POLICE DEPARTMENT,OAKDALE,4/26/2026 2:24:15 PM,OD26004794,"1XXX  HADLEY AVE N, OAKDALE",WELFARE CHECK
OAKDALE POLICE DEPARTMENT,OAKDALE,4/26/2026 3:11:22 PM,OD26004795,"7XXX  3rd St N, OAKDALE",ALARM-BUSINESS/RES/FIRE/MEDICAL/ETC
OAKDALE POLICE DEPARTMENT,OAKDALE,4/26/2026 3:35:10 PM,OD26004796,"10TH ST N / INWOOD AVE N, OAKDALE",MOTORIST ASSIST
OAKDALE POLICE DEPARTMENT,OAKDALE,4/26/2026 5:57:35 PM,OD26004797,"7XXX  10th St N, OAKDALE",ROBBERY
OAKDALE POLICE DEPARTMENT,OAKDALE,4/26/2026 6:16:55 PM,OD26004798,"4XXX  GRENWICH TRL N, OAKDALE",DISTURBANCE
OAKDALE POLICE DEPARTMENT,OAKDALE,4/26/2026 8:04:59 PM,OD26004801,"3XXX  Gresham Way N, OAKDALE",ANIMAL COMPLAINT
OAKDALE POLICE DEPARTMENT,OAKDALE,4/26/2026 8:29:19 PM,OD26004803,"7XXX  32nd St N, OAKDALE",DISTURBANCE
OAKDALE POLICE DEPARTMENT,OAKDALE,4/26/2026 9:41:42 PM,OD26004805,"7XXX  25th St N, OAKDALE",911 ABANDONED/HANGUP/OPEN LINE
OAKDALE POLICE DEPARTMENT,OAKDALE,4/26/2026 11:52:09 PM,OD26004809,"6XXX  35th St N, OAKDALE",911 ABANDONED/HANGUP/OPEN LINE
OAKDALE POLICE DEPARTMENT,OAKDALE,4/27/2026 7:04:27 AM,OD26004810,"1XXX  Gentry Ave N, OAKDALE",JUVENILE COMPLAINT
OAKDALE POLICE DEPARTMENT,OAKDALE,4/27/2026 8:32:12 AM,OD26004812,"7XXX  10th St N, OAKDALE",CHECK SMOKE / GAS SMELL
OAKDALE POLICE DEPARTMENT,OAKDALE,4/27/2026 8:36:13 AM,OD26004813,"2XXX  Helmo Cir N, OAKDALE",911 ABANDONED/HANGUP/OPEN LINE
OAKDALE POLICE DEPARTMENT,OAKDALE,4/27/2026 8:57:15 AM,OD26004814,"7XXX  11th St N, OAKDALE",MEDICAL
OAKDALE POLICE DEPARTMENT,OAKDALE,4/27/2026 9:10:33 AM,OD26004815,"1XXX  HADLEY AVE N, OAKDALE",FOUND PROPERTY/ITEM
OAKDALE POLICE DEPARTMENT,OAKDALE,4/27/2026 9:26:00 AM,OD26004816,"1XXX  Hadley Ave N, OAKDALE",CIVIL MATTER/DISPUTE
OAKDALE POLICE DEPARTMENT,OAKDALE,4/27/2026 9:31:50 AM,OD26004817,"3XXX  HADLEY AVE N, OAKDALE",ACCIDENT
OAKDALE POLICE DEPARTMENT,OAKDALE,4/27/2026 9:40:25 AM,OD26004818,"3XXX  Gentry Ave N, OAKDALE",CITIZEN/PUBLIC ASSIST
OAKDALE POLICE DEPARTMENT,OAKDALE,4/27/2026 10:02:09 AM,OD26004819,"1XXX  GENEVA AVE N, OAKDALE",ANIMAL COMPLAINT
OAKDALE POLICE DEPARTMENT,OAKDALE,4/27/2026 11:04:26 AM,OD26004822,"XXX Granada Ave N, OAKDALE",WELFARE CHECK
OAKDALE POLICE DEPARTMENT,OAKDALE,4/27/2026 1:12:37 PM,OD26004824,"1XXX  Hadley Ave N, OAKDALE",CITIZEN/PUBLIC ASSIST
OAKDALE POLICE DEPARTMENT,OAKDALE,4/27/2026 1:49:23 PM,OD26004825,"3XXX  Granada Ln N, OAKDALE",RUNAWAY
OAKDALE POLICE DEPARTMENT,OAKDALE,4/27/2026 1:59:54 PM,OD26004826,"1XXX  Hadley Ave N, OAKDALE",IDENTITY THEFT
OAKDALE POLICE DEPARTMENT,OAKDALE,4/27/2026 2:32:55 PM,OD26004827,"I694 SB JSO 10TH ST N, OAKDALE",ASSIST OTHER AGENCY
OAKDALE POLICE DEPARTMENT,OAKDALE,4/27/2026 2:42:34 PM,OD26004828,"HELMO AVE N / 12TH ST N, OAKDALE",ACCIDENT
OAKDALE POLICE DEPARTMENT,OAKDALE,4/27/2026 3:48:31 PM,OD26004829,"6XXX  Gopher Blvd N, OAKDALE",BURGLARY
OAKDALE POLICE DEPARTMENT,OAKDALE,4/27/2026 4:13:43 PM,OD26004830,"1XXX  HADLEY AVE N, OAKDALE",FRAUD/SCAM
OAKDALE POLICE DEPARTMENT,OAKDALE,4/27/2026 4:41:40 PM,OD26004831,"10th St N / Helena Ave N, OAKDALE",ACCIDENT
OAKDALE POLICE DEPARTMENT,OAKDALE,4/27/2026 5:04:27 PM,OD26004832,"3XXX  GERSHWIN AVE N, OAKDALE",MEDICAL
OAKDALE POLICE DEPARTMENT,OAKDALE,4/27/2026 5:08:25 PM,OD26004833,"4XXX  OLSON LAKE TRL N, OAKDALE",MEDICAL
OAKDALE POLICE DEPARTMENT,OAKDALE,4/27/2026 5:56:55 PM,OD26004835,"5XXX  HADLEY AVE N, OAKDALE",SHOPLIFTING
OAKDALE POLICE DEPARTMENT,OAKDALE,4/27/2026 6:03:43 PM,OD26004836,"5XXX  Hadley Ave N, OAKDALE",CIVIL MATTER/DISPUTE
OAKDALE POLICE DEPARTMENT,OAKDALE,4/27/2026 7:10:55 PM,OD26004837,"7XXX  36TH ST N, OAKDALE",FOLLOW UP
OAKDALE POLICE DEPARTMENT,OAKDALE,4/27/2026 10:25:07 PM,OD26004838,"7XXX  STILLWATER BLVD N, OAKDALE",TRAFFIC STOP
OAKDALE POLICE DEPARTMENT,OAKDALE,4/27/2026 10:49:57 PM,OD26004839,"7XXX  10TH ST N, OAKDALE",TRAFFIC STOP
OAKDALE POLICE DEPARTMENT,OAKDALE,4/28/2026 12:21:50 AM,OD26004840,"6XXX  10TH ST N, OAKDALE",TRAFFIC STOP
OAKDALE POLICE DEPARTMENT,OAKDALE,4/28/2026 12:26:52 AM,OD26004841,"5XXX  GRANADA AVE N, OAKDALE",ANIMAL COMPLAINT
OAKDALE POLICE DEPARTMENT,OAKDALE,4/28/2026 4:04:54 AM,OD26004842,"1XXX  GROSPOINT AVE N, OAKDALE",NOISE COMPLAINT/DISTURBANCE
OAKDALE POLICE DEPARTMENT,OAKDALE,4/28/2026 7:43:05 AM,OD26004845,"XX - 398 HADLEY AVE N, OAKDALE",TRAFFIC STOP
OAKDALE POLICE DEPARTMENT,OAKDALE,4/28/2026 8:12:25 AM,OD26004847,"7XXX  16TH ST N, OAKDALE",FOLLOW UP
OAKDALE POLICE DEPARTMENT,OAKDALE,4/28/2026 8:23:52 AM,OD26004848,"3XXX  Gershwin Ave N, OAKDALE",CITIZEN/PUBLIC ASSIST
OAKDALE POLICE DEPARTMENT,OAKDALE,4/28/2026 8:34:18 AM,OD26004849,"1XXX  GENEVA AVE N, OAKDALE",ANIMAL COMPLAINT
OAKDALE POLICE DEPARTMENT,OAKDALE,4/28/2026 10:07:00 AM,OD26004850,"GENEVA AVE N, OAKDALE",TRAFFIC STOP
OAKDALE POLICE DEPARTMENT,OAKDALE,4/28/2026 10:38:07 AM,OD26004851,"6XXX  55TH ST N, OAKDALE",ASSIST OTHER AGENCY
OAKDALE POLICE DEPARTMENT,OAKDALE,4/28/2026 10:53:25 AM,OD26004852,"8XXX  3rd St N, OAKDALE",ALARM-BUSINESS/RES/FIRE/MEDICAL/ETC
OAKDALE POLICE DEPARTMENT,OAKDALE,4/28/2026 11:14:31 AM,OD26004853,"XXX Greenway Ave N, OAKDALE",SUSPICIOUS PERSON/ACTIVITY
OAKDALE POLICE DEPARTMENT,OAKDALE,4/28/2026 11:19:06 AM,OD26004854,"5XXX  Hadley Ave N, OAKDALE",SHOPLIFTING
OAKDALE POLICE DEPARTMENT,OAKDALE,4/28/2026 12:13:37 PM,OD26004857,"XXX GREENWAY AVE N, OAKDALE",MEDICAL
OAKDALE POLICE DEPARTMENT,OAKDALE,4/28/2026 3:02:07 PM,OD26004862,"1XXX  Heron Ave N, OAKDALE",911 ABANDONED/HANGUP/OPEN LINE
OAKDALE POLICE DEPARTMENT,OAKDALE,4/28/2026 3:11:17 PM,OD26004863,"1XXX  HADLEY AVE N, OAKDALE",CITIZEN/PUBLIC ASSIST
OAKDALE POLICE DEPARTMENT,OAKDALE,4/28/2026 3:17:21 PM,OD26004864,"4XXX  HEATHER RIDGE RD N, OAKDALE",SUSPICIOUS PERSON/ACTIVITY
OAKDALE POLICE DEPARTMENT,OAKDALE,4/28/2026 3:50:12 PM,OD26004866,"1XXX  Hale Ave N, OAKDALE",NOISE COMPLAINT/DISTURBANCE
OAKDALE POLICE DEPARTMENT,OAKDALE,4/28/2026 4:51:16 PM,OD26004868,"1XXX  Granite Ave N, OAKDALE",MEDICAL
OAKDALE POLICE DEPARTMENT,OAKDALE,4/28/2026 5:58:23 PM,OD26004870,"1XXX  Hadley Ave N, OAKDALE",CITIZEN/PUBLIC ASSIST
OAKDALE POLICE DEPARTMENT,OAKDALE,4/28/2026 6:09:28 PM,OD26004871,"6XXX  49TH ST N, OAKDALE",911 ABANDONED/HANGUP/OPEN LINE
OAKDALE POLICE DEPARTMENT,OAKDALE,4/28/2026 9:11:02 PM,OD26004874,"XXX Henslow Ave N, OAKDALE",RUNAWAY
OAKDALE POLICE DEPARTMENT,OAKDALE,4/28/2026 11:13:18 PM,OD26004876,"XXX GENEVA AVE N, OAKDALE",TRAFFIC STOP
OAKDALE POLICE DEPARTMENT,OAKDALE,4/28/2026 11:19:52 PM,OD26004877,"1XXX  GENEVA AVE N, OAKDALE",TRAFFIC STOP
OAKDALE POLICE DEPARTMENT,OAKDALE,4/28/2026 11:27:18 PM,OD26004878,"XXX HENSLOW AVE N, OAKDALE",FOLLOW UP
OAKDALE POLICE DEPARTMENT,OAKDALE,4/28/2026 11:56:01 PM,OD26004879,"5XXX  HADLEY AVE N, OAKDALE",911 ABANDONED/HANGUP/OPEN LINE
OAKDALE POLICE DEPARTMENT,OAKDALE,4/29/2026 12:24:34 AM,OD26004880,"4XXX  GENEVA AVE N, OAKDALE",TRAFFIC STOP
OAKDALE POLICE DEPARTMENT,OAKDALE,4/29/2026 12:32:05 AM,OD26004881,"34TH ST N / HIGH POINT DR N, OAKDALE",TRAFFIC STOP
OAKDALE POLICE DEPARTMENT,OAKDALE,4/29/2026 9:07:57 AM,OD26004884,"3XXX  HADLEY AVE N, OAKDALE",UNWANTED PERSON/VEHICLE
OAKDALE POLICE DEPARTMENT,OAKDALE,4/29/2026 9:33:57 AM,OD26004886,"1XXX  Heath Ave N, OAKDALE",MEDICAL
OAKDALE POLICE DEPARTMENT,OAKDALE,4/29/2026 9:59:25 AM,OD26004887,"7XXX  36TH ST N, OAKDALE",WANTED PERSON-KOPS ALERT/ATL
OAKDALE POLICE DEPARTMENT,OAKDALE,4/29/2026 10:19:53 AM,OD26004888,"XXX HENSLOW AVE N, OAKDALE",FOUND PERSON
OAKDALE POLICE DEPARTMENT,OAKDALE,4/29/2026 10:58:59 AM,OD26004890,"1XXX  Helmo Ave N, OAKDALE",FRAUD/SCAM
OAKDALE POLICE DEPARTMENT,OAKDALE,4/29/2026 11:01:53 AM,OD26004891,"1XXX  HELMO AVE N, OAKDALE",911 ABANDONED/HANGUP/OPEN LINE
OAKDALE POLICE DEPARTMENT,OAKDALE,4/29/2026 12:10:22 PM,OD26004895,"7XXX  31st Street Pl N, OAKDALE",CITIZEN/PUBLIC ASSIST
OAKDALE POLICE DEPARTMENT,OAKDALE,4/29/2026 12:10:57 PM,OD26004896,"1XXX  HADLEY AVE N, OAKDALE",WELFARE CHECK
OAKDALE POLICE DEPARTMENT,OAKDALE,4/29/2026 12:48:14 PM,OD26004900,"2XXX  Hydram Ave N, OAKDALE",MEDICAL
OAKDALE POLICE DEPARTMENT,OAKDALE,4/29/2026 12:56:50 PM,OD26004901,"XXX Geneva Ave N, OAKDALE",ALARM-BUSINESS/RES/FIRE/MEDICAL/ETC
OAKDALE POLICE DEPARTMENT,OAKDALE,4/29/2026 1:02:08 PM,OD26004902,"4XXX  GENEVA AVE N, OAKDALE",911 ABANDONED/HANGUP/OPEN LINE
OAKDALE POLICE DEPARTMENT,OAKDALE,4/29/2026 1:08:00 PM,OD26004903,"1XXX  HADLEY AVE N, OAKDALE",SUSPICIOUS PERSON/ACTIVITY
OAKDALE POLICE DEPARTMENT,OAKDALE,4/29/2026 1:36:16 PM,OD26004905,"2XXX  GRANADA AVE N, OAKDALE",SUICIDE ATTEMPT/THREATS OF
OAKDALE POLICE DEPARTMENT,OAKDALE,4/29/2026 1:37:42 PM,OD26004906,"XXX INWOOD AVE N, OAKDALE",VEHICLE UNLOCK
OAKDALE POLICE DEPARTMENT,OAKDALE,4/29/2026 2:01:22 PM,OD26004907,"3XXX  Gershwin Ln N, OAKDALE",CITIZEN/PUBLIC ASSIST
OAKDALE POLICE DEPARTMENT,OAKDALE,4/29/2026 2:28:06 PM,OD26004908,"Hadley Ave N / 34th St N, OAKDALE",DRIVING COMPLAINT
OAKDALE POLICE DEPARTMENT,OAKDALE,4/29/2026 2:53:52 PM,OD26004910,"7XXX  10th St N, OAKDALE",SHOPLIFTING
OAKDALE POLICE DEPARTMENT,OAKDALE,4/29/2026 3:23:47 PM,OD26004912,"1XXX  Granada Trl N, OAKDALE",WELFARE CHECK
OAKDALE POLICE DEPARTMENT,OAKDALE,4/29/2026 3:31:10 PM,OD26004913,"4XXX  GRENWICH WAY N, OAKDALE",JUVENILE COMPLAINT
OAKDALE POLICE DEPARTMENT,OAKDALE,4/29/2026 4:05:00 PM,OD26004914,"5XXX  HADLEY AVE N, OAKDALE",SHOPLIFTING
OAKDALE POLICE DEPARTMENT,OAKDALE,4/29/2026 4:30:11 PM,OD26004915,"7XXX  10th St N, OAKDALE",UNWANTED PERSON/VEHICLE
OAKDALE POLICE DEPARTMENT,OAKDALE,4/29/2026 4:31:37 PM,OD26004916,"1XXX  HADLEY AVE N, OAKDALE",SUSPICIOUS PERSON/ACTIVITY
OAKDALE POLICE DEPARTMENT,OAKDALE,4/29/2026 5:36:15 PM,OD26004917,"3XXX  GRANADA WAY N, OAKDALE",NEIGHBOR DISPUTE
OAKDALE POLICE DEPARTMENT,OAKDALE,4/29/2026 5:49:12 PM,OD26004918,"4XXX  Hallmark Ave N, OAKDALE",DEATH INVESTIGATION
OAKDALE POLICE DEPARTMENT,OAKDALE,4/29/2026 6:48:03 PM,OD26004919,"1XXX  HERON AVE N, OAKDALE",ACCIDENT
OAKDALE POLICE DEPARTMENT,OAKDALE,4/29/2026 7:33:16 PM,OD26004920,"15TH ST N / 15TH STREET CIR N, OAKDALE",TRAFFIC STOP
OAKDALE POLICE DEPARTMENT,OAKDALE,4/29/2026 8:52:08 PM,OD26004922,"1XXX  HELENA RD N, OAKDALE",SUSPICIOUS PERSON/ACTIVITY
OAKDALE POLICE DEPARTMENT,OAKDALE,4/29/2026 10:25:07 PM,OD26004923,"4XXX  Grenwich Way N, OAKDALE",911 ABANDONED/HANGUP/OPEN LINE
OAKDALE POLICE DEPARTMENT,OAKDALE,4/29/2026 10:47:42 PM,OD26004924,"50TH ST N / HADLEY AVE N, OAKDALE",TRAFFIC STOP
OAKDALE POLICE DEPARTMENT,OAKDALE,4/29/2026 11:04:50 PM,OD26004925,"1XXX  Hadley Ave N, OAKDALE",MEDICAL
OAKDALE POLICE DEPARTMENT,OAKDALE,4/30/2026 2:11:26 AM,OD26004928,"6XXX  Upper 46th St N, OAKDALE",DISTURBANCE
OAKDALE POLICE DEPARTMENT,OAKDALE,4/30/2026 6:30:04 AM,OD26004929,"8XXX  3rd St N, OAKDALE",ALARM-BUSINESS/RES/FIRE/MEDICAL/ETC
OAKDALE POLICE DEPARTMENT,OAKDALE,4/30/2026 7:35:50 AM,OD26004931,"1XXX  Hadley Ave N, OAKDALE",MEDICAL
OAKDALE POLICE DEPARTMENT,OAKDALE,4/30/2026 10:48:49 AM,OD26004934,"XXX Greene Ave N, OAKDALE",THEFT
OAKDALE POLICE DEPARTMENT,OAKDALE,4/30/2026 10:57:41 AM,OD26004936,"4XXX  Grafton Ave N, OAKDALE",THEFT FROM MOTOR VEHICLE
OAKDALE POLICE DEPARTMENT,OAKDALE,4/30/2026 11:01:22 AM,OD26004935,"6XXX  Upper 22nd St N, OAKDALE",MEDICAL
OAKDALE POLICE DEPARTMENT,OAKDALE,4/30/2026 12:18:16 PM,OD26004937," 5635 Hadley Ave N, OAKDALE",DISTURBANCE
OAKDALE POLICE DEPARTMENT,OAKDALE,4/30/2026 12:22:16 PM,OD26004938,"XXX HENSLOW AVE N, OAKDALE",OFP VIOLATION
OAKDALE POLICE DEPARTMENT,OAKDALE,4/30/2026 12:38:06 PM,OD26004939,"10th St N / Hadley Ave N, OAKDALE",DISORDERLY CONDUCT
OAKDALE POLICE DEPARTMENT,OAKDALE,4/30/2026 12:45:08 PM,OD26004940,"6XXX  49TH ST N, OAKDALE",THEFT FROM MOTOR VEHICLE
OAKDALE POLICE DEPARTMENT,OAKDALE,4/30/2026 1:05:59 PM,OD26004942,"XXX HELENA AVE N, OAKDALE",ASSIST OTHER AGENCY
OAKDALE POLICE DEPARTMENT,OAKDALE,4/30/2026 1:17:14 PM,OD26004943,"Helmo Ave N / Henslow Ave N, OAKDALE",SUSPICIOUS PERSON/ACTIVITY
OAKDALE POLICE DEPARTMENT,OAKDALE,4/30/2026 1:28:42 PM,OD26004944,"Heath Ave N / 54th St N, OAKDALE",ANIMAL COMPLAINT
OAKDALE POLICE DEPARTMENT,OAKDALE,4/30/2026 1:37:35 PM,OD26004946,"6XXX  GOPHER BLVD N, OAKDALE",MISSING PERSON
OAKDALE POLICE DEPARTMENT,OAKDALE,4/30/2026 2:52:15 PM,OD26004948,"XXX Greenway Ave N, OAKDALE",ACCIDENT
OAKDALE POLICE DEPARTMENT,OAKDALE,4/30/2026 2:59:09 PM,OD26004949,"1XXX  HADLEY AVE N, OAKDALE",ASSIST OTHER AGENCY
OAKDALE POLICE DEPARTMENT,OAKDALE,4/30/2026 3:23:46 PM,OD26004953,"8XXX  4th St N, OAKDALE",FRAUD/SCAM
OAKDALE POLICE DEPARTMENT,OAKDALE,4/30/2026 3:23:51 PM,OD26004954,"6XXX  GOPHER BLVD N, OAKDALE",OFFICER INFORMATION
OAKDALE POLICE DEPARTMENT,OAKDALE,4/30/2026 3:35:36 PM,OD26004955,"8XXX  3rd St N, OAKDALE",SHOPLIFTING
OAKDALE POLICE DEPARTMENT,OAKDALE,4/30/2026 3:40:13 PM,OD26004956,"10th St N Over I694, OAKDALE",DRIVING COMPLAINT
OAKDALE POLICE DEPARTMENT,OAKDALE,4/30/2026 4:05:13 PM,OD26004957,"7XXX  40TH ST N, OAKDALE",CITIZEN/PUBLIC ASSIST
OAKDALE POLICE DEPARTMENT,OAKDALE,4/30/2026 4:27:51 PM,OD26004959,"7XXX  49th St N, OAKDALE",IDENTITY THEFT
OAKDALE POLICE DEPARTMENT,OAKDALE,4/30/2026 6:05:33 PM,OD26004961,"3XXX  GRANADA WAY N, OAKDALE",NEIGHBOR DISPUTE
OAKDALE POLICE DEPARTMENT,OAKDALE,4/30/2026 6:55:08 PM,OD26004963,"6XXX  45th St N, OAKDALE",HARASSMENT
OAKDALE POLICE DEPARTMENT,OAKDALE,4/30/2026 7:33:45 PM,OD26004964,"1XXX  GENEVA AVE N, OAKDALE",WELFARE CHECK
OAKDALE POLICE DEPARTMENT,OAKDALE,4/30/2026 7:44:00 PM,OD26004965,"XXX HELMO AVE N, OAKDALE",TRAFFIC STOP
OAKDALE POLICE DEPARTMENT,OAKDALE,4/30/2026 8:15:02 PM,OD26004966,"1XXX  Hadley Ave N, OAKDALE",MEDICAL
OAKDALE POLICE DEPARTMENT,OAKDALE,4/30/2026 8:17:44 PM,OD26004967,"XXX HELMO AVE N, OAKDALE",TRAFFIC STOP
OAKDALE POLICE DEPARTMENT,OAKDALE,4/30/2026 10:31:04 PM,OD26004970,"STILLWATER BLVD N & GRANADA AVE N, OAKDALE",DRIVING COMPLAINT
OAKDALE POLICE DEPARTMENT,OAKDALE,4/30/2026 11:31:09 PM,OD26004971,"7XXX  42nd Street Ct N, OAKDALE",MEDICAL
OAKDALE POLICE DEPARTMENT,OAKDALE,4/30/2026 11:44:15 PM,OD26004972,"HADLEY AVE N / STILLWATER BLVD N, OAKDALE",TRAFFIC STOP
OAKDALE POLICE DEPARTMENT,OAKDALE,5/1/2026 2:06:20 AM,OD26004973,"XXX HELENA AVE N, OAKDALE",ALARM-BUSINESS/RES/FIRE/MEDICAL/ETC
OAKDALE POLICE DEPARTMENT,OAKDALE,5/1/2026 2:37:50 AM,OD26004974,"7XXX  10th St N, OAKDALE",ALARM-BUSINESS/RES/FIRE/MEDICAL/ETC
OAKDALE POLICE DEPARTMENT,OAKDALE,5/1/2026 2:47:00 AM,OD26004975,"Hadley Ave N / Hale Ave N, OAKDALE",911 ABANDONED/HANGUP/OPEN LINE
OAKDALE POLICE DEPARTMENT,OAKDALE,5/1/2026 8:46:40 AM,OD26004976,"2XXX  GENEVA AVE N, OAKDALE",TRAFFIC STOP
OAKDALE POLICE DEPARTMENT,OAKDALE,5/1/2026 9:15:43 AM,OD26004978,"3XXX  HEATH AVE N, OAKDALE",MISSING PERSON
OAKDALE POLICE DEPARTMENT,OAKDALE,5/1/2026 9:16:05 AM,OD26004977,"XXX Gresham Ave N, OAKDALE",911 ABANDONED/HANGUP/OPEN LINE
OAKDALE POLICE DEPARTMENT,OAKDALE,5/1/2026 9:50:03 AM,OD26004983,"1XXX  GOODWIN AVE N, OAKDALE",DISTURBANCE
OAKDALE POLICE DEPARTMENT,OAKDALE,5/1/2026 10:19:42 AM,OD26004982,"3XXX  HEATH AVE N, OAKDALE",FOLLOW UP
OAKDALE POLICE DEPARTMENT,OAKDALE,5/1/2026 10:36:05 AM,OD26004984,"Hadley Ave N / 15th St N, OAKDALE",TRAFFIC STOP
OAKDALE POLICE DEPARTMENT,OAKDALE,5/1/2026 11:38:42 AM,OD26004986,"6XXX  35th St N, OAKDALE",CITIZEN/PUBLIC ASSIST
OAKDALE POLICE DEPARTMENT,OAKDALE,5/1/2026 12:04:43 PM,OD26004988,"1XXX  Helena Rd N, OAKDALE",DISTURBANCE
OAKDALE POLICE DEPARTMENT,OAKDALE,5/1/2026 12:21:25 PM,OD26004989,"6XXX  55TH ST N, OAKDALE",CIVIL MATTER/DISPUTE
OAKDALE POLICE DEPARTMENT,OAKDALE,5/1/2026 12:50:12 PM,OD26004991,"7XXX  10TH ST N, OAKDALE",ACCIDENT
OAKDALE POLICE DEPARTMENT,OAKDALE,5/1/2026 1:12:27 PM,OD26004992,"7XXX  3RD ST N, OAKDALE",MEDICAL
OAKDALE POLICE DEPARTMENT,OAKDALE,5/1/2026 1:29:53 PM,OD26004993,"XXX GREENWAY AVE N, OAKDALE",SUSPICIOUS PERSON/ACTIVITY
OAKDALE POLICE DEPARTMENT,OAKDALE,5/1/2026 2:26:35 PM,OD26004994,"XXX GREENWAY AVE N, OAKDALE",MEDICAL
OAKDALE POLICE DEPARTMENT,OAKDALE,5/1/2026 2:27:42 PM,OD26004995,"3XXX  GRANADA WAY N, OAKDALE",HARASSMENT
OAKDALE POLICE DEPARTMENT,OAKDALE,5/1/2026 3:07:39 PM,OD26004996,"6XXX  45TH ST N, OAKDALE",FRAUD/SCAM
OAKDALE POLICE DEPARTMENT,OAKDALE,5/1/2026 3:09:38 PM,OD26004997,"1XXX  HELENA RD N, OAKDALE",FOLLOW UP
OAKDALE POLICE DEPARTMENT,OAKDALE,5/1/2026 4:19:39 PM,OD26005002,"1XXX  Helmo Ave N, OAKDALE",CIVIL MATTER/DISPUTE
OAKDALE POLICE DEPARTMENT,OAKDALE,5/1/2026 4:41:57 PM,OD26005004,"7XXX  15TH ST N, OAKDALE",ALARM-BUSINESS/RES/FIRE/MEDICAL/ETC
OAKDALE POLICE DEPARTMENT,OAKDALE,5/1/2026 4:42:00 PM,OD26005003,"7XXX  32nd St N, OAKDALE",SHOPLIFTING
OAKDALE POLICE DEPARTMENT,OAKDALE,5/1/2026 4:48:14 PM,OD26005005,"XXX Geneva Ave N, OAKDALE",SUSPICIOUS PERSON/ACTIVITY
OAKDALE POLICE DEPARTMENT,OAKDALE,5/1/2026 4:56:06 PM,OD26005006,"7XXX  10TH ST N, OAKDALE",ALARM-BUSINESS/RES/FIRE/MEDICAL/ETC
OAKDALE POLICE DEPARTMENT,OAKDALE,5/1/2026 5:08:37 PM,OD26005007,"1XXX  GENTRY AVE N, OAKDALE",WELFARE CHECK
OAKDALE POLICE DEPARTMENT,OAKDALE,5/1/2026 6:06:23 PM,OD26005009,"30TH ST N / HADLEY AVE N, OAKDALE",WELFARE CHECK
OAKDALE POLICE DEPARTMENT,OAKDALE,5/1/2026 6:11:00 PM,OD26005011,"1XXX  GREYSTONE AVE N, OAKDALE",BURNING COMPLAINT
OAKDALE POLICE DEPARTMENT,OAKDALE,5/1/2026 6:18:35 PM,OD26005014,"2XXX  GRESHAM AVE N, OAKDALE",ASSIST OTHER AGENCY
OAKDALE POLICE DEPARTMENT,OAKDALE,5/1/2026 7:18:40 PM,OD26005017,"Helmo Ave N / 2nd St N, OAKDALE",DISORDERLY CONDUCT
OAKDALE POLICE DEPARTMENT,OAKDALE,5/1/2026 8:13:00 PM,OD26005022,"HELMO AVE N / 2ND ST N, OAKDALE",TRAFFIC STOP
OAKDALE POLICE DEPARTMENT,OAKDALE,5/1/2026 8:31:00 PM,OD26005021,"XXX Geneva Ave N, OAKDALE",SHOPLIFTING
OAKDALE POLICE DEPARTMENT,OAKDALE,5/1/2026 9:02:06 PM,OD26005024,"47TH ST N / GENEVA AVE N, OAKDALE",TRAFFIC STOP
OAKDALE POLICE DEPARTMENT,OAKDALE,5/1/2026 9:08:13 PM,OD26005025,"4XXX  GENEVA AVE N, OAKDALE",TRAFFIC STOP
OAKDALE POLICE DEPARTMENT,OAKDALE,5/1/2026 9:24:39 PM,OD26005026,"GENEVA AVE N & 10TH ST N, OAKDALE",ASSIST OTHER AGENCY
OAKDALE POLICE DEPARTMENT,OAKDALE,5/1/2026 10:32:06 PM,OD26005032,"GENEVA AVE N / 15TH ST N, OAKDALE",DWI
OAKDALE POLICE DEPARTMENT,OAKDALE,5/1/2026 11:50:26 PM,OD26005035,"1XXX  HADLEY AVE N, OAKDALE",FOLLOW UP
OAKDALE POLICE DEPARTMENT,OAKDALE,5/2/2026 1:10:13 AM,OD26005036,"28TH ST N & HADLEY AVE N, OAKDALE",SUSPICIOUS PERSON/ACTIVITY
OAKDALE POLICE DEPARTMENT,OAKDALE,5/2/2026 8:29:14 AM,OD26005037,"7XXX  10th St N, OAKDALE",SHOPLIFTING
OAKDALE POLICE DEPARTMENT,OAKDALE,5/2/2026 11:29:41 AM,OD26005040,"2XXX  HELMO CIR N, OAKDALE",MEDICAL
OAKDALE POLICE DEPARTMENT,OAKDALE,5/2/2026 12:05:07 PM,OD26005042,"6XXX  35TH ST N, OAKDALE",SUSPICIOUS PERSON/ACTIVITY
OAKDALE POLICE DEPARTMENT,OAKDALE,5/2/2026 1:11:26 PM,OD26005045,"XXX GENEVA AVE N, OAKDALE",TRAFFIC STOP
OAKDALE POLICE DEPARTMENT,OAKDALE,5/2/2026 1:19:13 PM,OD26005046,"XXX Geneva Ave, OAKDALE",TRAFFIC STOP
OAKDALE POLICE DEPARTMENT,OAKDALE,5/2/2026 1:31:03 PM,OD26005047,"2XXX  Hilo Ave N, OAKDALE",TRAFFIC COMPLAINT
OAKDALE POLICE DEPARTMENT,OAKDALE,5/2/2026 2:32:24 PM,OD26005050,"6XXX  43RD ST N, OAKDALE",MEDICAL
OAKDALE POLICE DEPARTMENT,OAKDALE,5/2/2026 2:34:02 PM,OD26005049,"GENEVA AVE N / 34TH ST N, OAKDALE",MOTORIST ASSIST
OAKDALE POLICE DEPARTMENT,OAKDALE,5/2/2026 2:44:15 PM,OD26005051,"3XXX  Henna Ave N, OAKDALE",PARKING COMPLAINT
OAKDALE POLICE DEPARTMENT,OAKDALE,5/2/2026 2:52:20 PM,OD26005052,"7XXX  34TH ST N, OAKDALE",911 ABANDONED/HANGUP/OPEN LINE
OAKDALE POLICE DEPARTMENT,OAKDALE,5/2/2026 3:23:36 PM,OD26005055,"XXX Glenbrook Ave N, OAKDALE",ANIMAL COMPLAINT
OAKDALE POLICE DEPARTMENT,OAKDALE,5/2/2026 3:33:55 PM,OD26005053,"7XXX  32nd St N, OAKDALE",WELFARE CHECK
OAKDALE POLICE DEPARTMENT,OAKDALE,5/2/2026 3:35:32 PM,OD26005054,"1XXX  Hadley Ave N, OAKDALE",ASSIST OTHER AGENCY
OAKDALE POLICE DEPARTMENT,OAKDALE,5/2/2026 3:58:00 PM,OD26005056,"5XXX  Hadley Ave N, OAKDALE",RECOVERED STOLEN
OAKDALE POLICE DEPARTMENT,OAKDALE,5/2/2026 4:31:23 PM,OD26005057,"XXX GREENWAY AVE N, OAKDALE",ACCIDENT
OAKDALE POLICE DEPARTMENT,OAKDALE,5/2/2026 5:45:40 PM,OD26005062,"1XXX  GENTRY AVE N, OAKDALE",NOISE COMPLAINT/DISTURBANCE
OAKDALE POLICE DEPARTMENT,OAKDALE,5/2/2026 6:50:41 PM,OD26005067,"7XXX  3rd St N, OAKDALE",TRESPASSING
OAKDALE POLICE DEPARTMENT,OAKDALE,5/2/2026 6:53:51 PM,OD26005068,"1XXX  GRANADA RD N, OAKDALE",911 ABANDONED/HANGUP/OPEN LINE
OAKDALE POLICE DEPARTMENT,OAKDALE,5/2/2026 7:01:11 PM,OD26005070,"7XXX  3rd St N, OAKDALE",LOST PROPERTY/ITEM
OAKDALE POLICE DEPARTMENT,OAKDALE,5/2/2026 7:22:39 PM,OD26005072,"XXX GENEVA AVE N, OAKDALE",FRAUD/SCAM
OAKDALE POLICE DEPARTMENT,OAKDALE,5/2/2026 8:22:10 PM,OD26005074,"6XXX  7TH ST N, OAKDALE",ALARM-BUSINESS/RES/FIRE/MEDICAL/ETC
OAKDALE POLICE DEPARTMENT,OAKDALE,5/2/2026 8:24:18 PM,OD26005075,"Hadley Ave N / 40th St N, OAKDALE",ACCIDENT
OAKDALE POLICE DEPARTMENT,OAKDALE,5/2/2026 8:31:56 PM,OD26005076,"5XXX  Golfview Pl N, OAKDALE",911 ABANDONED/HANGUP/OPEN LINE
OAKDALE POLICE DEPARTMENT,OAKDALE,5/2/2026 9:42:25 PM,OD26005080,"4XXX  HELENA WAY N, OAKDALE",SHOTS FIRED/SHOOTING COMPLAINT
OAKDALE POLICE DEPARTMENT,Saint Paul,5/2/2026 8:37:09 AM,OD26005038,"1XXX  MAGNOLIA AVE E, Saint Paul",FOLLOW UP
OAKDALE POLICE DEPARTMENT,WOODBURY,4/26/2026 8:33:53 PM,OD26004804,"1XXX  WOODWINDS DR, WOODBURY",FOLLOW UP
ST. PAUL PARK POLICE DEPARTMENT,NEWPORT,4/26/2026 5:20:03 PM,SP26003249,"1XXX  10th Ave, NEWPORT",ASSIST OTHER AGENCY
ST. PAUL PARK POLICE DEPARTMENT,SAINT PAUL PARK,4/26/2026 3:05:08 PM,SP26003247,"1XXX  Mullan Ct, SAINT PAUL PARK",ASSIST OTHER AGENCY
ST. PAUL PARK POLICE DEPARTMENT,SAINT PAUL PARK,4/26/2026 4:21:37 PM,SP26003248,"XXX 9TH AVE, SAINT PAUL PARK",FRAUD/SCAM
ST. PAUL PARK POLICE DEPARTMENT,SAINT PAUL PARK,4/27/2026 6:00:00 AM,SP26003242,"XXX - 298 PULLMAN AVE, SAINT PAUL PARK",TRAFFIC STOP
ST. PAUL PARK POLICE DEPARTMENT,SAINT PAUL PARK,4/27/2026 8:40:30 PM,SP26003272,"XX 7th Ave W, SAINT PAUL PARK",DISORDERLY CONDUCT
ST. PAUL PARK POLICE DEPARTMENT,SAINT PAUL PARK,4/29/2026 3:24:23 PM,SP26003352,"1XXX  HOLLEY AVE, SAINT PAUL PARK",FOUND PROPERTY/ITEM
ST. PAUL PARK POLICE DEPARTMENT,SAINT PAUL PARK,4/30/2026 1:09:00 PM,SP26003378,"XXX PULLMAN AVE, SAINT PAUL PARK",WARRANT ARREST
ST. PAUL PARK POLICE DEPARTMENT,SAINT PAUL PARK,4/30/2026 3:42:30 PM,SP26003381,"XXX - 698 3RD ST, SAINT PAUL PARK",FOUND DOG
ST. PAUL PARK POLICE DEPARTMENT,SAINT PAUL PARK,4/30/2026 11:59:09 PM,SP26003395,"1XXX  Laurel Ave, SAINT PAUL PARK",Family Trouble
ST. PAUL PARK POLICE DEPARTMENT,SAINT PAUL PARK,5/2/2026 6:18:42 AM,SP26003423,"1XXX  2nd St, SAINT PAUL PARK",ANIMAL COMPLAINT
ST. PAUL PARK POLICE DEPARTMENT,SAINT PAUL PARK,5/2/2026 2:58:18 PM,SP26003429,"XXX Summit Ave, SAINT PAUL PARK",COUNTERFEIT/FORGERY
ST. PAUL PARK POLICE DEPARTMENT,SAINT PAUL PARK,5/2/2026 6:52:36 PM,SP26003433,"XXX Pleasant Ave, SAINT PAUL PARK",DISORDERLY CONDUCT
STILLWATER POLICE DEPARTMENT,GRANT,5/1/2026 2:58:52 PM,SW26003471,"7XXX  LEEWARD AVE N, GRANT",ASSIST OTHER AGENCY
STILLWATER POLICE DEPARTMENT,OAK PARK HEIGHTS,4/27/2026 7:18:58 PM,SW26003369,"5XXX  Osgood Ave N, OAK PARK HEIGHTS",ASSIST OTHER AGENCY
STILLWATER POLICE DEPARTMENT,OAK PARK HEIGHTS,4/28/2026 1:21:00 PM,SW26003384,"HWY 36 EB JWO OAKGREEN AVE N, OAK PARK HEIGHTS",TRAFFIC STOP
STILLWATER POLICE DEPARTMENT,OAK PARK HEIGHTS,4/29/2026 10:11:21 PM,SW26003425,"SAINT CROIX TRL N SB JNO HWY 36, OAK PARK HEIGHTS",ASSIST OTHER AGENCY
STILLWATER POLICE DEPARTMENT,OAK PARK HEIGHTS,5/2/2026 10:01:08 AM,SW26003490,"Hwy 36 Eb At Norell Ave N, OAK PARK HEIGHTS",DRIVING COMPLAINT
STILLWATER POLICE DEPARTMENT,STILLWATER,4/26/2026 1:53:43 AM,SW26003315,"XXX 3rd St N, STILLWATER",DISTURBANCE
STILLWATER POLICE DEPARTMENT,STILLWATER,4/26/2026 2:35:15 AM,SW26003316,"9XXX  Neal Ave N, STILLWATER",CITIZEN/PUBLIC ASSIST
STILLWATER POLICE DEPARTMENT,STILLWATER,4/26/2026 6:34:10 AM,SW26003317,"XXX Greeley St S, STILLWATER",911 ABANDONED/HANGUP/OPEN LINE
STILLWATER POLICE DEPARTMENT,STILLWATER,4/26/2026 12:47:36 PM,SW26003320,"XXX 4th St N, STILLWATER",LOST PROPERTY/ITEM
STILLWATER POLICE DEPARTMENT,STILLWATER,4/26/2026 1:13:21 PM,SW26003322,"1XXX  Carnelian St N, STILLWATER",FOUND PROPERTY/ITEM
STILLWATER POLICE DEPARTMENT,STILLWATER,4/26/2026 1:44:55 PM,SW26003323,"14XXX  62nd St N, STILLWATER",FOUND PROPERTY/ITEM
STILLWATER POLICE DEPARTMENT,STILLWATER,4/26/2026 2:53:41 PM,SW26003324,"1XXX  Parkwood Ln, STILLWATER",VEHICLE UNLOCK
STILLWATER POLICE DEPARTMENT,STILLWATER,4/26/2026 3:18:18 PM,SW26003325,"XXX Main St N, STILLWATER",CITIZEN/PUBLIC ASSIST
STILLWATER POLICE DEPARTMENT,STILLWATER,4/26/2026 3:36:24 PM,SW26003326,"3XXX  Maureen Ln, STILLWATER",PARKING COMPLAINT
STILLWATER POLICE DEPARTMENT,STILLWATER,4/26/2026 4:51:11 PM,SW26003328,"1XXX  - 1919 PINE ST W, STILLWATER",TRAFFIC STOP
STILLWATER POLICE DEPARTMENT,STILLWATER,4/26/2026 5:49:07 PM,SW26003330,"XXX Hidden Valley Ct, STILLWATER",RUNAWAY
STILLWATER POLICE DEPARTMENT,STILLWATER,4/26/2026 8:32:37 PM,SW26003331,"1XXX  4th St N, STILLWATER",ALARM-BUSINESS/RES/FIRE/MEDICAL/ETC
STILLWATER POLICE DEPARTMENT,STILLWATER,4/26/2026 11:21:22 PM,SW26003332,"XXX 2nd St N, STILLWATER",FIREWORKS
STILLWATER POLICE DEPARTMENT,STILLWATER,4/27/2026 12:11:37 AM,SW26003333,"XXX WATER ST N, STILLWATER",ASSAULT
STILLWATER POLICE DEPARTMENT,STILLWATER,4/27/2026 2:26:04 AM,SW26003334,"XXX Bridgewater Way, STILLWATER",911 ABANDONED/HANGUP/OPEN LINE
STILLWATER POLICE DEPARTMENT,STILLWATER,4/27/2026 5:50:37 AM,SW26003335,"1XXX  Greeley St S, STILLWATER",TRESPASSING
STILLWATER POLICE DEPARTMENT,STILLWATER,4/27/2026 6:01:19 AM,SW26003336,"1XXX  Tower Dr, STILLWATER",ALARM-BUSINESS/RES/FIRE/MEDICAL/ETC
STILLWATER POLICE DEPARTMENT,STILLWATER,4/27/2026 7:15:29 AM,SW26003338,"XXX Bridgewater Way, STILLWATER",911 ABANDONED/HANGUP/OPEN LINE
STILLWATER POLICE DEPARTMENT,STILLWATER,4/27/2026 9:44:39 AM,SW26003341,"XXX Olive St W, STILLWATER",WELFARE CHECK
STILLWATER POLICE DEPARTMENT,STILLWATER,4/27/2026 9:47:16 AM,SW26003340,"1XXX  Gilbert Ct, STILLWATER",MEDICAL
STILLWATER POLICE DEPARTMENT,STILLWATER,4/27/2026 9:47:45 AM,SW26003342,"1XXX  Olive St W, STILLWATER",MEDICAL
STILLWATER POLICE DEPARTMENT,STILLWATER,4/27/2026 9:53:58 AM,SW26003343,"Unknown, STILLWATER",FAMILY ASSIST
STILLWATER POLICE DEPARTMENT,STILLWATER,4/27/2026 10:23:51 AM,SW26003345,"1XXX  Holcombe St S, STILLWATER",CHILD CUSTODY
STILLWATER POLICE DEPARTMENT,STILLWATER,4/27/2026 10:43:49 AM,SW26003346,"14XXX  60th St N, STILLWATER",WELFARE CHECK
STILLWATER POLICE DEPARTMENT,STILLWATER,4/27/2026 10:44:05 AM,SW26003348,"XXX Interlachen Way, STILLWATER",CITIZEN/PUBLIC ASSIST
STILLWATER POLICE DEPARTMENT,STILLWATER,4/27/2026 10:46:30 AM,SW26003347,"XXX Myrtle St W, STILLWATER",ACCIDENT
STILLWATER POLICE DEPARTMENT,STILLWATER,4/27/2026 10:47:22 AM,SW26003349,"MYRTLE ST W / 4TH ST N, STILLWATER",ACCIDENT
STILLWATER POLICE DEPARTMENT,STILLWATER,4/27/2026 11:08:44 AM,SW26003350,"1XXX  Owens St N, STILLWATER",MEDICAL
STILLWATER POLICE DEPARTMENT,STILLWATER,4/27/2026 11:11:15 AM,SW26003351,"XXX 4th St N, STILLWATER",SUSPICIOUS PERSON/ACTIVITY
STILLWATER POLICE DEPARTMENT,STILLWATER,4/27/2026 12:10:13 PM,SW26003352,"1XXX  Northwestern Ave, STILLWATER",MEDICAL
STILLWATER POLICE DEPARTMENT,STILLWATER,4/27/2026 1:05:33 PM,SW26003355,"XXX Fischer Cir, STILLWATER",FRAUD/SCAM
STILLWATER POLICE DEPARTMENT,STILLWATER,4/27/2026 1:21:33 PM,SW26003356,"Myrtle St W / 4th St N, STILLWATER",CITIZEN/PUBLIC ASSIST
STILLWATER POLICE DEPARTMENT,STILLWATER,4/27/2026 2:00:45 PM,SW26003357,"2XXX  Schulenburg Aly, STILLWATER",MEDICAL
STILLWATER POLICE DEPARTMENT,STILLWATER,4/27/2026 2:29:29 PM,SW26003358,"XXX Greeley St S, STILLWATER",MEDICAL
STILLWATER POLICE DEPARTMENT,STILLWATER,4/27/2026 3:00:24 PM,SW26003359,"XXX Greeley St S, STILLWATER",ACCIDENT
STILLWATER POLICE DEPARTMENT,STILLWATER,4/27/2026 3:31:34 PM,SW26003360,"2XXX  Brewers Ln, STILLWATER",MEDICAL
STILLWATER POLICE DEPARTMENT,STILLWATER,4/27/2026 3:35:07 PM,SW26003361,"Owens St N / Wilkins St W, STILLWATER",ACCIDENT
STILLWATER POLICE DEPARTMENT,STILLWATER,4/27/2026 4:10:21 PM,SW26003362,"XXX Hanson Pl, STILLWATER",NOISE COMPLAINT/DISTURBANCE
STILLWATER POLICE DEPARTMENT,STILLWATER,4/27/2026 4:49:26 PM,SW26003363,"XXX 2nd St N, STILLWATER",CITIZEN/PUBLIC ASSIST
STILLWATER POLICE DEPARTMENT,STILLWATER,4/27/2026 5:15:55 PM,SW26003364,"Unknown, STILLWATER",CITIZEN/PUBLIC ASSIST
STILLWATER POLICE DEPARTMENT,STILLWATER,4/27/2026 6:50:34 PM,SW26003366,"1XXX  Curve Crest Blvd W, STILLWATER",MEDICAL
STILLWATER POLICE DEPARTMENT,STILLWATER,4/27/2026 7:09:46 PM,SW26003368,"XXX Main St S, STILLWATER",JUVENILE COMPLAINT
STILLWATER POLICE DEPARTMENT,STILLWATER,4/27/2026 7:10:54 PM,SW26003367,"3XXX  MAUREEN LN, STILLWATER",ANIMAL COMPLAINT
STILLWATER POLICE DEPARTMENT,STILLWATER,4/27/2026 7:38:09 PM,SW26003370,"XXX Main St S, STILLWATER",JUVENILE COMPLAINT
STILLWATER POLICE DEPARTMENT,STILLWATER,4/27/2026 7:43:36 PM,SW26003371,"XXX Laurel St W, STILLWATER",WELFARE CHECK
STILLWATER POLICE DEPARTMENT,STILLWATER,4/27/2026 7:52:46 PM,SW26003372,"XXX Bridgewater Way, STILLWATER",MEDICAL
STILLWATER POLICE DEPARTMENT,STILLWATER,4/27/2026 11:29:16 PM,SW26003374,"Unknown, STILLWATER",WELFARE CHECK
STILLWATER POLICE DEPARTMENT,STILLWATER,4/28/2026 1:50:54 AM,SW26003375,"XXX Bridgewater Way, STILLWATER",MEDICAL
STILLWATER POLICE DEPARTMENT,STILLWATER,4/28/2026 6:59:32 AM,SW26003376,"Northland Ave / Hawthorne Ln, STILLWATER",ANIMAL COMPLAINT
STILLWATER POLICE DEPARTMENT,STILLWATER,4/28/2026 7:33:42 AM,SW26003377,"Nelson St / Main St S, STILLWATER",ACCIDENT
STILLWATER POLICE DEPARTMENT,STILLWATER,4/28/2026 8:04:32 AM,SW26003378,"14XXX  62nd St N, STILLWATER",ASSIST OTHER AGENCY
STILLWATER POLICE DEPARTMENT,STILLWATER,4/28/2026 8:11:27 AM,SW26003379,"Unknown, STILLWATER",CITIZEN/PUBLIC ASSIST
STILLWATER POLICE DEPARTMENT,STILLWATER,4/28/2026 12:34:15 PM,SW26003382,"XXX Main St S, STILLWATER",MEDICAL
STILLWATER POLICE DEPARTMENT,STILLWATER,4/28/2026 12:44:19 PM,SW26003383,"1XXX  Myrtle St W, STILLWATER",DRIVING COMPLAINT
STILLWATER POLICE DEPARTMENT,STILLWATER,4/28/2026 1:24:25 PM,SW26003385,"1XXX  Orleans St W, STILLWATER",FAMILY ASSIST
STILLWATER POLICE DEPARTMENT,STILLWATER,4/28/2026 1:39:19 PM,SW26003386,"XXX Deer Path, STILLWATER",CIVIL MATTER/DISPUTE
STILLWATER POLICE DEPARTMENT,STILLWATER,4/28/2026 1:45:45 PM,SW26003387,"GREELEY ST S / PINE ST W, STILLWATER",ACCIDENT
STILLWATER POLICE DEPARTMENT,STILLWATER,4/28/2026 4:49:05 PM,SW26003388,"1XXX  Everett St S, STILLWATER",MEDICAL
STILLWATER POLICE DEPARTMENT,STILLWATER,4/28/2026 5:05:10 PM,SW26003389,"1XXX  Greeley St S, STILLWATER",SUSPICIOUS PERSON/ACTIVITY
STILLWATER POLICE DEPARTMENT,STILLWATER,4/28/2026 5:19:21 PM,SW26003390,"MANNING AVE N / MCKUSICK RD N, STILLWATER",ACCIDENT
STILLWATER POLICE DEPARTMENT,STILLWATER,4/28/2026 6:40:00 PM,SW26003392,"Van Tassel Dr N and Van Tassel Ct N, STILLWATER",DWI
STILLWATER POLICE DEPARTMENT,STILLWATER,4/28/2026 7:04:34 PM,SW26003393,"1XXX  Orleans St W, STILLWATER",SUSPICIOUS PERSON/ACTIVITY
STILLWATER POLICE DEPARTMENT,STILLWATER,4/28/2026 7:16:52 PM,SW26003395,"2XXX  Market Dr, STILLWATER",ACCIDENT
STILLWATER POLICE DEPARTMENT,STILLWATER,4/28/2026 7:29:47 PM,SW26003394,"12XXX  75TH ST N, STILLWATER",911 ABANDONED/HANGUP/OPEN LINE
STILLWATER POLICE DEPARTMENT,STILLWATER,4/28/2026 8:14:04 PM,SW26003396,"XXX Churchill St E, STILLWATER",PARKING COMPLAINT
STILLWATER POLICE DEPARTMENT,STILLWATER,4/28/2026 8:45:36 PM,SW26003397,"1XXX  Cottage Dr, STILLWATER",NOISE COMPLAINT/DISTURBANCE
STILLWATER POLICE DEPARTMENT,STILLWATER,4/28/2026 9:59:01 PM,SW26003398,"1XXX  Cottage Dr, STILLWATER",NOISE COMPLAINT/DISTURBANCE
STILLWATER POLICE DEPARTMENT,STILLWATER,4/28/2026 10:07:09 PM,SW26003400,"2XXX  Countryside Ct, STILLWATER",SUSPICIOUS PERSON/ACTIVITY
STILLWATER POLICE DEPARTMENT,STILLWATER,4/28/2026 10:08:44 PM,SW26003399,"XXX 2nd St N, STILLWATER",SUSPICIOUS PERSON/ACTIVITY
STILLWATER POLICE DEPARTMENT,STILLWATER,4/28/2026 11:27:04 PM,SW26003401,"XXX Greeley St S, STILLWATER",Medical
STILLWATER POLICE DEPARTMENT,STILLWATER,4/29/2026 12:20:09 AM,SW26003402,"1XXX  3rd St N, STILLWATER",ANIMAL COMPLAINT
STILLWATER POLICE DEPARTMENT,STILLWATER,4/29/2026 2:10:20 AM,SW26003403,"XXX Linden St W, STILLWATER",Medical
STILLWATER POLICE DEPARTMENT,STILLWATER,4/29/2026 2:56:28 AM,SW26003404,"2XXX  Orleans St W, STILLWATER",CITIZEN/PUBLIC ASSIST
STILLWATER POLICE DEPARTMENT,STILLWATER,4/29/2026 8:38:26 AM,SW26003407,"XXX 2nd St N, STILLWATER",LIFT ASSIST
STILLWATER POLICE DEPARTMENT,STILLWATER,4/29/2026 10:15:03 AM,SW26003408,"2XXX  Curve Crest Blvd, STILLWATER",MEDICAL
STILLWATER POLICE DEPARTMENT,STILLWATER,4/29/2026 10:47:03 AM,SW26003409,"XXX 2nd St N, STILLWATER",MEDICAL
STILLWATER POLICE DEPARTMENT,STILLWATER,4/29/2026 12:44:04 PM,SW26003412,"1XXX  Oak Glen Pl, STILLWATER",MEDICAL
STILLWATER POLICE DEPARTMENT,STILLWATER,4/29/2026 12:45:13 PM,SW26003413,"XXX Brick St S, STILLWATER",ANIMAL COMPLAINT
STILLWATER POLICE DEPARTMENT,STILLWATER,4/29/2026 3:32:23 PM,SW26003416,"XXX MAIN ST N, STILLWATER",SUSPICIOUS PERSON/ACTIVITY
STILLWATER POLICE DEPARTMENT,STILLWATER,4/29/2026 5:15:02 PM,SW26003418,"3XXX  Settlers Way, STILLWATER",VEHICLE UNLOCK
STILLWATER POLICE DEPARTMENT,STILLWATER,4/29/2026 5:40:54 PM,SW26003419,"2XXX  HAWTHORNE LN, STILLWATER",HARASSMENT
STILLWATER POLICE DEPARTMENT,STILLWATER,4/29/2026 7:01:24 PM,SW26003421,"2XXX  Fairlawn Dr, STILLWATER",WELFARE CHECK
STILLWATER POLICE DEPARTMENT,STILLWATER,4/29/2026 7:01:27 PM,SW26003420,"2XXX  Market Dr, STILLWATER",PROPERTY DAMAGE
STILLWATER POLICE DEPARTMENT,STILLWATER,4/29/2026 7:53:00 PM,SW26003422,"XXX - 928 5TH ST N, STILLWATER",TRAFFIC STOP
STILLWATER POLICE DEPARTMENT,STILLWATER,4/29/2026 7:54:20 PM,SW26003423,"XXX Hazel St E, STILLWATER",PROPERTY DAMAGE
STILLWATER POLICE DEPARTMENT,STILLWATER,4/30/2026 7:32:23 AM,SW26003430,"13XXX  Boutwell Rd N, STILLWATER",MEDICAL
STILLWATER POLICE DEPARTMENT,STILLWATER,4/30/2026 8:32:41 AM,SW26003432,"1XXX  Curve Crest Blvd, STILLWATER",ANIMAL COMPLAINT
STILLWATER POLICE DEPARTMENT,STILLWATER,4/30/2026 9:55:00 AM,SW26003433,"2XXX  FAIRLAWN DR, STILLWATER",FOLLOW UP
STILLWATER POLICE DEPARTMENT,STILLWATER,4/30/2026 10:17:48 AM,SW26003434,"1XXX  RAMSEY ST W, STILLWATER",HARASSMENT
STILLWATER POLICE DEPARTMENT,STILLWATER,4/30/2026 11:20:05 AM,SW26003436,"XXX 4th St N, STILLWATER",FRAUD/SCAM
STILLWATER POLICE DEPARTMENT,STILLWATER,4/30/2026 11:50:17 AM,SW26003438,"2XXX  Orleans St W, STILLWATER",FOLLOW UP
STILLWATER POLICE DEPARTMENT,STILLWATER,4/30/2026 11:50:43 AM,SW26003437,"XXX Greeley St S, STILLWATER",MEDICAL
STILLWATER POLICE DEPARTMENT,STILLWATER,4/30/2026 12:23:30 PM,SW26003440,"1XXX  Curve Crest Blvd W, STILLWATER",MEDICAL
STILLWATER POLICE DEPARTMENT,STILLWATER,4/30/2026 12:59:20 PM,SW26003442,"XXX Northland Ave, STILLWATER",ANIMAL COMPLAINT
STILLWATER POLICE DEPARTMENT,STILLWATER,4/30/2026 1:59:58 PM,SW26003444,"XXX 4th St N, STILLWATER",FOLLOW UP
STILLWATER POLICE DEPARTMENT,STILLWATER,4/30/2026 2:44:04 PM,SW26003445,"1XXX  Market Dr, STILLWATER",MEDICAL
STILLWATER POLICE DEPARTMENT,STILLWATER,4/30/2026 3:28:48 PM,SW26003446,"XXX Main St N, STILLWATER",CITIZEN/PUBLIC ASSIST
STILLWATER POLICE DEPARTMENT,STILLWATER,4/30/2026 3:38:49 PM,SW26003447,"Curve Crest Blvd / Orleans St W, STILLWATER",FIGHT
STILLWATER POLICE DEPARTMENT,STILLWATER,4/30/2026 4:08:22 PM,SW26003448,"XXX - 729 GREELEY ST S, STILLWATER",ASSIST OTHER AGENCY
STILLWATER POLICE DEPARTMENT,STILLWATER,4/30/2026 4:37:05 PM,SW26003450,"XXX Pine St W, STILLWATER",FOLLOW UP
STILLWATER POLICE DEPARTMENT,STILLWATER,4/30/2026 4:37:34 PM,SW26003451,"1XXX  2ND ST N, STILLWATER",TRAFFIC COMPLAINT
STILLWATER POLICE DEPARTMENT,STILLWATER,4/30/2026 6:08:50 PM,SW26003452,"2XXX  Orleans St W, STILLWATER",TRESPASS NOTICE
STILLWATER POLICE DEPARTMENT,STILLWATER,4/30/2026 7:39:00 PM,SW26003454,"XXX 2ND ST N, STILLWATER",TRAFFIC STOP
STILLWATER POLICE DEPARTMENT,STILLWATER,4/30/2026 8:30:45 PM,SW26003455,"Chestnut St W / 4th St S, STILLWATER",PUBLIC WORKS CONCERN
STILLWATER POLICE DEPARTMENT,STILLWATER,4/30/2026 10:00:26 PM,SW26003457,"XXX Nightingale Blvd, STILLWATER",FOLLOW UP
STILLWATER POLICE DEPARTMENT,STILLWATER,5/1/2026 4:15:47 AM,SW26003460,"XXX Saint Croix Ave W, STILLWATER",ALARM-BUSINESS/RES/FIRE/MEDICAL/ETC
STILLWATER POLICE DEPARTMENT,STILLWATER,5/1/2026 4:59:34 AM,SW26003461,"XXX Chestnut St E, STILLWATER",NOISE COMPLAINT/DISTURBANCE
STILLWATER POLICE DEPARTMENT,STILLWATER,5/1/2026 9:00:19 AM,SW26003463,"1XXX  6th Ave S, STILLWATER",SUSPICIOUS PERSON/ACTIVITY
STILLWATER POLICE DEPARTMENT,STILLWATER,5/1/2026 10:23:04 AM,SW26003466,"NORTHLAND AVE / INTERLACHEN DR, STILLWATER",TRAFFIC STOP
STILLWATER POLICE DEPARTMENT,STILLWATER,5/1/2026 1:20:56 PM,SW26003467,"1XXX  2nd St S, STILLWATER",ANIMAL COMPLAINT
STILLWATER POLICE DEPARTMENT,STILLWATER,5/1/2026 1:58:57 PM,SW26003468,"2XXX  Market Dr, STILLWATER",LOCKOUT
STILLWATER POLICE DEPARTMENT,STILLWATER,5/1/2026 2:02:35 PM,SW26003469,"2XXX  Market Dr, STILLWATER",TRESPASSING
STILLWATER POLICE DEPARTMENT,STILLWATER,5/1/2026 2:05:59 PM,SW26003470,"XXX Linden St W, STILLWATER",CIVIL MATTER/DISPUTE
STILLWATER POLICE DEPARTMENT,STILLWATER,5/1/2026 5:39:34 PM,SW26003472,"1XXX  Curve Crest Blvd W, STILLWATER",MEDICAL
STILLWATER POLICE DEPARTMENT,STILLWATER,5/1/2026 8:16:19 PM,SW26003474,"Washington and 36, STILLWATER",MOTORIST ASSIST
STILLWATER POLICE DEPARTMENT,STILLWATER,5/1/2026 8:53:06 PM,SW26003475,"XXX - 321 MYRTLE ST W, STILLWATER",TRAFFIC STOP
STILLWATER POLICE DEPARTMENT,STILLWATER,5/1/2026 10:07:05 PM,SW26003477,"XXX Main St S, STILLWATER",FOUND PROPERTY/ITEM
STILLWATER POLICE DEPARTMENT,STILLWATER,5/1/2026 10:08:43 PM,SW26003478,"XXX 2nd St N, STILLWATER",TRAFFIC COMPLAINT
STILLWATER POLICE DEPARTMENT,STILLWATER,5/1/2026 10:57:48 PM,SW26003480,"XXX MAIN ST S, STILLWATER",MEDICAL
STILLWATER POLICE DEPARTMENT,STILLWATER,5/2/2026 12:45:05 AM,SW26003485,"XXX Sawyer Pl, STILLWATER",MEDICAL
STILLWATER POLICE DEPARTMENT,STILLWATER,5/2/2026 2:00:49 AM,SW26003486,"12XXX  77th St N, STILLWATER",911 ABANDONED/HANGUP/OPEN LINE
STILLWATER POLICE DEPARTMENT,STILLWATER,5/2/2026 6:21:02 AM,SW26003489,"XXX Greeley St S, STILLWATER",MEDICAL
STILLWATER POLICE DEPARTMENT,STILLWATER,5/2/2026 12:25:03 PM,SW26003491,"1XXX  Block PINE ST W, STILLWATER",TRAFFIC STOP
STILLWATER POLICE DEPARTMENT,STILLWATER,5/2/2026 1:44:29 PM,SW26003493,"XXX Maple St W, STILLWATER",THEFT
STILLWATER POLICE DEPARTMENT,STILLWATER,5/2/2026 1:51:43 PM,SW26003495,"Main St / MYRTLE ST, STILLWATER",LOST PROPERTY/ITEM
STILLWATER POLICE DEPARTMENT,STILLWATER,5/2/2026 2:50:46 PM,SW26003497,"XXX - 399 WATER ST S, STILLWATER",TRAFFIC STOP
STILLWATER POLICE DEPARTMENT,STILLWATER,5/2/2026 2:59:55 PM,SW26003498,"XXX Hemlock St S, STILLWATER",THEFT FROM MOTOR VEHICLE
STILLWATER POLICE DEPARTMENT,STILLWATER,5/2/2026 3:58:47 PM,SW26003500,"XXX Greeley St S, STILLWATER",MEDICAL
STILLWATER POLICE DEPARTMENT,STILLWATER,5/2/2026 4:30:00 PM,SW26003503,"MAIN ST S & NELSON ST, STILLWATER",TRAFFIC STOP
STILLWATER POLICE DEPARTMENT,STILLWATER,5/2/2026 5:23:24 PM,SW26003505,"2XXX  Washington Ave, STILLWATER",THEFT FROM MOTOR VEHICLE
STILLWATER POLICE DEPARTMENT,STILLWATER,5/2/2026 7:48:33 PM,SW26003511,"XXX Main St S, STILLWATER",PARKING COMPLAINT
STILLWATER POLICE DEPARTMENT,STILLWATER,5/2/2026 7:56:16 PM,SW26003512,"XXX Water St S, STILLWATER",HARASSMENT
STILLWATER POLICE DEPARTMENT,STILLWATER,5/2/2026 8:49:09 PM,SW26003513,"2XXX  Nightingale Ct, STILLWATER",ANIMAL COMPLAINT
STILLWATER POLICE DEPARTMENT,STILLWATER,5/2/2026 9:12:50 PM,SW26003514,"1XXX  3rd St N, STILLWATER",CITIZEN/PUBLIC ASSIST
STILLWATER POLICE DEPARTMENT,STILLWATER,5/2/2026 10:15:00 PM,SW26003517,"XXX MAIN ST N, STILLWATER",TRAFFIC STOP
STILLWATER POLICE DEPARTMENT,STILLWATER TOWNSHIP,4/29/2026 5:06:03 PM,SW26003417,"Hwy 36 Wb Jeo Manning Ave N, STILLWATER TOWNSHIP",ROAD HAZARD
STILLWATER POLICE DEPARTMENT,STILLWATER TOWNSHIP,5/2/2026 1:58:47 PM,SW26003496,"8XXX  OAKHILL CT N, STILLWATER TOWNSHIP",TRAFFIC STOP
WASHINGTON COUNTY SHERIFFS OFFICE,AFTON,4/26/2026 4:16:03 PM,WC26019498,"1XXX  Stagecoach Trl S, AFTON",DISTURBANCE
WASHINGTON COUNTY SHERIFFS OFFICE,AFTON,4/26/2026 4:43:09 PM,WC26019502,"1XXX  Stagecoach Trl S, AFTON",FOLLOW UP
WASHINGTON COUNTY SHERIFFS OFFICE,AFTON,4/27/2026 1:47:08 AM,WC26019558,"2XXX  Meadow Vista Way, AFTON",ALARM-BUSINESS/RES/FIRE/MEDICAL/ETC
WASHINGTON COUNTY SHERIFFS OFFICE,AFTON,4/27/2026 2:25:00 AM,WC26019561,"2XXX  Meadow Vista Way, AFTON",FOLLOW UP
WASHINGTON COUNTY SHERIFFS OFFICE,AFTON,4/29/2026 3:00:19 PM,WC26019952,"Neal Ave S / Valley Creek Trl S, AFTON",TRAFFIC COMPLAINT
WASHINGTON COUNTY SHERIFFS OFFICE,AFTON,4/29/2026 8:26:25 PM,WC26019998,"12XXX  40TH ST S, AFTON",SUSPICIOUS PERSON/ACTIVITY
WASHINGTON COUNTY SHERIFFS OFFICE,AFTON,5/1/2026 12:19:31 PM,WC26020329,"12XXX  8th St S, AFTON",FIRE
WASHINGTON COUNTY SHERIFFS OFFICE,AFTON,5/1/2026 12:49:30 PM,WC26020334,"5XXX  Trading Post Trl S, AFTON",CIVIL MATTER/DISPUTE
WASHINGTON COUNTY SHERIFFS OFFICE,AFTON,5/2/2026 4:44:57 PM,WC26020513,"1XXX  Indian Trl S, AFTON",SUSPICIOUS PERSON/ACTIVITY
WASHINGTON COUNTY SHERIFFS OFFICE,BAYTOWN TOWNSHIP,4/26/2026 6:03:50 PM,WC26019515,"14XXX  30th St N, BAYTOWN TOWNSHIP",WELFARE CHECK
WASHINGTON COUNTY SHERIFFS OFFICE,BAYTOWN TOWNSHIP,4/28/2026 1:05:37 PM,WC26019761,"14XXX  30th St N, BAYTOWN TOWNSHIP",ANIMAL COMPLAINT
WASHINGTON COUNTY SHERIFFS OFFICE,BAYTOWN TOWNSHIP,4/28/2026 3:21:54 PM,WC26019789,"4XXX  Northbrook Blvd N, BAYTOWN TOWNSHIP",MEDICAL
WASHINGTON COUNTY SHERIFFS OFFICE,BAYTOWN TOWNSHIP,4/29/2026 1:51:56 PM,WC26019940,"4XXX  Stagecoach Trl N, BAYTOWN TOWNSHIP",911 ABANDONED/HANGUP/OPEN LINE
WASHINGTON COUNTY SHERIFFS OFFICE,BAYTOWN TOWNSHIP,4/29/2026 3:21:59 PM,WC26019956,"3XXX  Oakgreen Ave N, BAYTOWN TOWNSHIP",911 ABANDONED/HANGUP/OPEN LINE
WASHINGTON COUNTY SHERIFFS OFFICE,BAYTOWN TOWNSHIP,4/29/2026 3:53:59 PM,WC26019961,"4XXX  Stagecoach Trl N, BAYTOWN TOWNSHIP",911 ABANDONED/HANGUP/OPEN LINE
WASHINGTON COUNTY SHERIFFS OFFICE,BAYTOWN TOWNSHIP,4/30/2026 7:44:24 AM,WC26020063,"Manning Ave N / 18th St N, BAYTOWN TOWNSHIP",DRIVING COMPLAINT
WASHINGTON COUNTY SHERIFFS OFFICE,BAYTOWN TOWNSHIP,4/30/2026 9:29:09 AM,WC26020086,"4XXX  Stagecoach Trl N, BAYTOWN TOWNSHIP",911 ABANDONED/HANGUP/OPEN LINE
WASHINGTON COUNTY SHERIFFS OFFICE,BAYTOWN TOWNSHIP,4/30/2026 10:02:27 AM,WC26020096,"Oakgreen Ave N / Olinda Blvd N, BAYTOWN TOWNSHIP",ANIMAL COMPLAINT
WASHINGTON COUNTY SHERIFFS OFFICE,BAYTOWN TOWNSHIP,5/1/2026 7:16:57 PM,WC26020380,"53rd St N / Stillwater Blvd N, BAYTOWN TOWNSHIP",ANIMAL COMPLAINT
WASHINGTON COUNTY SHERIFFS OFFICE,BAYTOWN TOWNSHIP,5/2/2026 6:40:00 AM,WC26020449," SAINT CROIX TRL N & QUANT AV, BAYTOWN TOWNSHIP",TRAFFIC STOP
WASHINGTON COUNTY SHERIFFS OFFICE,BIRCHWOOD VILLAGE,4/29/2026 1:59:32 AM,WC26019864,"XXX LAKE AVE, BIRCHWOOD VILLAGE",SUSPICIOUS PERSON/ACTIVITY
WASHINGTON COUNTY SHERIFFS OFFICE,BIRCHWOOD VILLAGE,5/1/2026 3:40:31 PM,WC26020357,"XXX Cedar St, BIRCHWOOD VILLAGE",ANIMAL BITE
WASHINGTON COUNTY SHERIFFS OFFICE,BIRCHWOOD VILLAGE,5/2/2026 1:44:00 PM,WC26020493,"CEDAR ST / BIRCHWOOD AVE, BIRCHWOOD VILLAGE",TRAFFIC STOP
WASHINGTON COUNTY SHERIFFS OFFICE,COTTAGE GROVE,4/26/2026 3:13:12 AM,WC26019449,"11XXX  POINT DOUGLAS DR S, COTTAGE GROVE",ASSIST OTHER AGENCY
WASHINGTON COUNTY SHERIFFS OFFICE,COTTAGE GROVE,4/26/2026 4:51:33 PM,WC26019504,"9XXX  KEATS AVE S, COTTAGE GROVE",PARKING VIOLATION
WASHINGTON COUNTY SHERIFFS OFFICE,COTTAGE GROVE,4/30/2026 9:49:47 AM,WC26020095,"8XXX  Ironwood Ave S, COTTAGE GROVE",ASSIST OTHER AGENCY
WASHINGTON COUNTY SHERIFFS OFFICE,COTTAGE GROVE,4/30/2026 8:17:11 PM,WC26020192,"Hwy 61 Nb At Jamaica Ave S, COTTAGE GROVE",ASSIST OTHER AGENCY
WASHINGTON COUNTY SHERIFFS OFFICE,COTTAGE GROVE,5/1/2026 9:23:38 AM,WC26020303,"7XXX  Inskip Trl S, COTTAGE GROVE",CITIZEN/PUBLIC ASSIST
WASHINGTON COUNTY SHERIFFS OFFICE,COTTAGE GROVE,5/1/2026 11:36:27 AM,WC26020323,"80XXX -BLK MANNING AVE S, COTTAGE GROVE",TRAFFIC COMPLAINT
WASHINGTON COUNTY SHERIFFS OFFICE,DELLWOOD,4/27/2026 3:26:25 AM,WC26019563,"XX - 81 DELLWOOD AVE, DELLWOOD",MEDICAL
WASHINGTON COUNTY SHERIFFS OFFICE,DELLWOOD,4/28/2026 10:47:20 AM,WC26019736,"Dellwood Rd N / Hidden Glade Ave N, DELLWOOD",SUSPICIOUS PERSON/ACTIVITY
WASHINGTON COUNTY SHERIFFS OFFICE,DELLWOOD,4/29/2026 9:35:55 PM,WC26020006,"XX Dellwood Ave, DELLWOOD",ANIMAL COMPLAINT
WASHINGTON COUNTY SHERIFFS OFFICE,DELLWOOD,4/30/2026 7:03:37 AM,WC26020057,"XX Dellwood Ave, DELLWOOD",ALARM-BUSINESS/RES/FIRE/MEDICAL/ETC
WASHINGTON COUNTY SHERIFFS OFFICE,DELLWOOD,5/2/2026 7:36:51 PM,WC26020532,"XXX Apple Orchard Rd, DELLWOOD",TRESPASSING
WASHINGTON COUNTY SHERIFFS OFFICE,DENMARK TOWNSHIP,4/26/2026 1:52:09 AM,WC26019444,"12XXX  POINT DOUGLAS DR S, DENMARK TOWNSHIP",TRAFFIC STOP
WASHINGTON COUNTY SHERIFFS OFFICE,DENMARK TOWNSHIP,4/26/2026 1:39:57 PM,WC26019477,"8XXX  Penrose Ave S, DENMARK TOWNSHIP",THEFT FROM MOTOR VEHICLE
WASHINGTON COUNTY SHERIFFS OFFICE,DENMARK TOWNSHIP,4/26/2026 7:46:51 PM,WC26019524,"13XXX  Saint Croix Trl S, DENMARK TOWNSHIP",FOUND PROPERTY/ITEM
WASHINGTON COUNTY SHERIFFS OFFICE,DENMARK TOWNSHIP,4/28/2026 2:39:20 AM,WC26019686,"12XXX  Point Douglas Dr S, DENMARK TOWNSHIP",WELFARE CHECK
WASHINGTON COUNTY SHERIFFS OFFICE,DENMARK TOWNSHIP,4/29/2026 12:00:00 AM,WC26020010,"HWY 10 JWO PRESCOTT BRIDGE, DENMARK TOWNSHIP",TRAFFIC STOP
WASHINGTON COUNTY SHERIFFS OFFICE,DENMARK TOWNSHIP,4/29/2026 3:16:26 PM,WC26019954,"Hwy 10 At Hwy 61, DENMARK TOWNSHIP",ASSIST OTHER AGENCY
WASHINGTON COUNTY SHERIFFS OFFICE,DENMARK TOWNSHIP,4/30/2026 9:28:12 PM,WC26020203,"12XXX  131st Street Ct S, DENMARK TOWNSHIP",MEDICAL
WASHINGTON COUNTY SHERIFFS OFFICE,DENMARK TOWNSHIP,4/30/2026 11:31:07 PM,WC26020231,"14XXX  POINT DOUGLAS DR S, DENMARK TOWNSHIP",SUSPICIOUS PERSON/ACTIVITY
WASHINGTON COUNTY SHERIFFS OFFICE,DENMARK TOWNSHIP,5/1/2026 11:46:43 PM,WC26020417,"Saint Croix Trl S / 90th St S, DENMARK TOWNSHIP",ACCIDENT
WASHINGTON COUNTY SHERIFFS OFFICE,DENMARK TOWNSHIP,5/2/2026 12:23:28 AM,WC26020420,"HWY 10 JWO SAINT CROIX TRL S, DENMARK TOWNSHIP",MOTORIST ASSIST
WASHINGTON COUNTY SHERIFFS OFFICE,DENMARK TOWNSHIP,5/2/2026 7:16:37 AM,WC26020451,"8XXX  Saint Croix Trl S, DENMARK TOWNSHIP",ANIMAL COMPLAINT
WASHINGTON COUNTY SHERIFFS OFFICE,DENMARK TOWNSHIP,5/2/2026 9:14:29 AM,WC26020467,"10XXX  Saint Croix Trl S, DENMARK TOWNSHIP",PARKING COMPLAINT
WASHINGTON COUNTY SHERIFFS OFFICE,DENMARK TOWNSHIP,5/2/2026 9:58:50 AM,WC26020469,"7XXX  Saint Croix Trl S, DENMARK TOWNSHIP",MEDICAL
WASHINGTON COUNTY SHERIFFS OFFICE,FOREST LAKE,5/1/2026 7:49:24 PM,WC26020382,"HWY 61 JSO 202ND ST N, FOREST LAKE",ASSIST OTHER AGENCY
WASHINGTON COUNTY SHERIFFS OFFICE,FOREST LAKE,5/2/2026 4:52:05 AM,WC26020446,"9XXX  206TH ST N, FOREST LAKE",PURSUIT
WASHINGTON COUNTY SHERIFFS OFFICE,GRANT,4/26/2026 12:34:49 AM,WC26019435,"3XXX  Briarwood Ave, GRANT",MEDICAL
WASHINGTON COUNTY SHERIFFS OFFICE,GRANT,4/26/2026 3:00:00 PM,WC26019486,"Highway 36, GRANT",TRAFFIC STOP
WASHINGTON COUNTY SHERIFFS OFFICE,GRANT,4/26/2026 3:25:38 PM,WC26019488,"10XXX  Kismet Ln N, GRANT",THEFT
WASHINGTON COUNTY SHERIFFS OFFICE,GRANT,4/26/2026 8:59:27 PM,WC26019530,"7XXX  Lone Oak Trl N, GRANT",ASSIST OTHER AGENCY
WASHINGTON COUNTY SHERIFFS OFFICE,GRANT,4/27/2026 2:44:29 PM,WC26019601,"9XXX  60th St N, GRANT",WELFARE CHECK
WASHINGTON COUNTY SHERIFFS OFFICE,GRANT,4/27/2026 3:35:50 PM,WC26019614,"10XXX  Kismet Ln N, GRANT",FOLLOW UP
WASHINGTON COUNTY SHERIFFS OFFICE,GRANT,4/28/2026 9:10:04 AM,WC26019716,"6XXX  Jasmine Ave N, GRANT",SUSPICIOUS PERSON/ACTIVITY
WASHINGTON COUNTY SHERIFFS OFFICE,GRANT,4/28/2026 2:19:31 PM,WC26019776,"11XXX  Honeye Ave N, GRANT",911 ABANDONED/HANGUP/OPEN LINE
WASHINGTON COUNTY SHERIFFS OFFICE,GRANT,4/28/2026 3:35:13 PM,WC26019790,"10XXX  Jody Ave N, GRANT",CITIZEN/PUBLIC ASSIST
WASHINGTON COUNTY SHERIFFS OFFICE,GRANT,4/28/2026 6:26:59 PM,WC26019805,"6XXX  Jasmine Ave N, GRANT",FOLLOW UP
WASHINGTON COUNTY SHERIFFS OFFICE,GRANT,4/29/2026 7:52:54 AM,WC26019885,"9XXX  60th St N, GRANT",SUSPICIOUS PERSON/ACTIVITY
WASHINGTON COUNTY SHERIFFS OFFICE,GRANT,4/29/2026 9:29:09 AM,WC26019899,"11XXX  Dellwood Rd N, GRANT",ALARM-BUSINESS/RES/FIRE/MEDICAL/ETC
WASHINGTON COUNTY SHERIFFS OFFICE,GRANT,4/29/2026 5:16:12 PM,WC26019971,"Lake Elmo Ave N / 75th St N, GRANT",FIRE
WASHINGTON COUNTY SHERIFFS OFFICE,GRANT,4/30/2026 8:52:57 PM,WC26020197,"11XXX  Julianne Ave N, GRANT",DISTURBANCE
WASHINGTON COUNTY SHERIFFS OFFICE,GRANT,5/1/2026 10:15:42 AM,WC26020309,"8XXX  75TH ST N, GRANT",CIVIL MATTER/DISPUTE
WASHINGTON COUNTY SHERIFFS OFFICE,GRANT,5/1/2026 11:38:52 AM,WC26020326,"Jamaca Ave N / Dellwood Rd N, GRANT",PARKING COMPLAINT
WASHINGTON COUNTY SHERIFFS OFFICE,GRANT,5/1/2026 3:03:46 PM,WC26020355,"8XXX  75th St N, GRANT",MEDICAL
WASHINGTON COUNTY SHERIFFS OFFICE,GRANT,5/1/2026 5:51:34 PM,WC26020367,"DELLWOOD RD N / JAMACA AVE N, GRANT",TRAFFIC STOP
WASHINGTON COUNTY SHERIFFS OFFICE,GRANT,5/1/2026 7:03:44 PM,WC26020381,"XXX Maple St, GRANT",DRIVING COMPLAINT
WASHINGTON COUNTY SHERIFFS OFFICE,GRANT,5/2/2026 12:42:03 PM,WC26020484,"117th St N / Keats Ave N, GRANT",ACCIDENT
WASHINGTON COUNTY SHERIFFS OFFICE,GRANT,5/2/2026 12:42:19 PM,WC26020483,"117TH ST N / KEATS AVE N, GRANT",ACCIDENT
WASHINGTON COUNTY SHERIFFS OFFICE,HUGO,4/26/2026 12:45:33 AM,WC26019438,"13XXX  Europa Trail Way N, HUGO",MEDICAL
WASHINGTON COUNTY SHERIFFS OFFICE,HUGO,4/26/2026 7:50:56 AM,WC26019452,"14XXX  VICTOR HUGO BLVD N, HUGO",SUSPICIOUS PERSON/ACTIVITY
WASHINGTON COUNTY SHERIFFS OFFICE,HUGO,4/26/2026 2:53:00 PM,WC26019484,"ROSEMARY WAY/EVERTON AVE N, HUGO",TRAFFIC STOP
WASHINGTON COUNTY SHERIFFS OFFICE,HUGO,4/26/2026 3:07:50 PM,WC26019487,"14XXX  Victor Hugo Blvd N, HUGO",FOLLOW UP
WASHINGTON COUNTY SHERIFFS OFFICE,HUGO,4/27/2026 1:48:59 AM,WC26019557,"14XXX  MERCANTILE DR N, HUGO",SUSPICIOUS PERSON/ACTIVITY
WASHINGTON COUNTY SHERIFFS OFFICE,HUGO,4/27/2026 8:08:10 AM,WC26019573,"6XXX  150th St N, HUGO",FOUND PROPERTY/ITEM
WASHINGTON COUNTY SHERIFFS OFFICE,HUGO,4/27/2026 1:06:10 PM,WC26019588,"14XXX  Victor Hugo Blvd N, HUGO",ACCIDENT
WASHINGTON COUNTY SHERIFFS OFFICE,HUGO,4/27/2026 3:11:57 PM,WC26019605,"6XXX  150TH ST N, HUGO",FOLLOW UP
WASHINGTON COUNTY SHERIFFS OFFICE,HUGO,4/27/2026 4:17:00 PM,WC26019618,"13XXX  FENWAY BLVD CT N, HUGO",PARKING VIOLATION
WASHINGTON COUNTY SHERIFFS OFFICE,HUGO,4/27/2026 4:28:01 PM,WC26019620,"13XXX  FONDANT TRL N, HUGO",MEDICAL
WASHINGTON COUNTY SHERIFFS OFFICE,HUGO,4/27/2026 5:34:49 PM,WC26019630,"7XXX  165th St N, HUGO",FAMILY ASSIST
WASHINGTON COUNTY SHERIFFS OFFICE,HUGO,4/27/2026 6:02:21 PM,WC26019633,"13XXX  Fondant Trl N, HUGO",FOLLOW UP
WASHINGTON COUNTY SHERIFFS OFFICE,HUGO,4/27/2026 7:40:48 PM,WC26019639,"4XXX  163rd St N, HUGO",911 ABANDONED/HANGUP/OPEN LINE
WASHINGTON COUNTY SHERIFFS OFFICE,HUGO,4/27/2026 8:09:34 PM,WC26019640,"14XXX  Victor Hugo Blvd N, HUGO",VEHICLE UNLOCK
WASHINGTON COUNTY SHERIFFS OFFICE,HUGO,4/27/2026 8:59:27 PM,WC26019648,"16XXX  Empress Ave N, HUGO",ALARM-BUSINESS/RES/FIRE/MEDICAL/ETC
WASHINGTON COUNTY SHERIFFS OFFICE,HUGO,4/28/2026 9:25:10 AM,WC26019714,"14XXX  Flay Ave N, HUGO",FRAUD/SCAM
WASHINGTON COUNTY SHERIFFS OFFICE,HUGO,4/28/2026 10:28:47 AM,WC26019730,"14XXX  Generation Ave N, HUGO",WELFARE CHECK
WASHINGTON COUNTY SHERIFFS OFFICE,HUGO,4/28/2026 10:31:03 AM,WC26019731,"5XXX  Evergreen Dr N, HUGO",ANIMAL BITE
WASHINGTON COUNTY SHERIFFS OFFICE,HUGO,4/28/2026 1:48:38 PM,WC26019769,"14XXX  Victor Hugo Blvd N, HUGO",MEDICAL
WASHINGTON COUNTY SHERIFFS OFFICE,HUGO,4/28/2026 2:03:49 PM,WC26019772,"10XXX  152nd St N, HUGO",MEDICAL
WASHINGTON COUNTY SHERIFFS OFFICE,HUGO,4/28/2026 9:49:00 PM,WC26019821,"FRENCHMAN RD, HUGO",TRAFFIC STOP
WASHINGTON COUNTY SHERIFFS OFFICE,HUGO,4/28/2026 10:02:31 PM,WC26019824,"FRENCHMAN RD / FOREST BLVD N, HUGO",TRAFFIC STOP
WASHINGTON COUNTY SHERIFFS OFFICE,HUGO,4/29/2026 2:19:14 AM,WC26019869,"14XXX  Geneva Ave N, HUGO",MEDICAL
WASHINGTON COUNTY SHERIFFS OFFICE,HUGO,4/29/2026 10:23:34 AM,WC26019904,"Hwy 61 At 165th St N, HUGO",ACCIDENT
WASHINGTON COUNTY SHERIFFS OFFICE,HUGO,4/29/2026 1:42:26 PM,WC26019939,"5XXX  152nd St N, HUGO",SUSPICIOUS PERSON/ACTIVITY
WASHINGTON COUNTY SHERIFFS OFFICE,HUGO,4/29/2026 10:02:17 PM,WC26020015,"14XXX  Geneva Ave N, HUGO",SUSPICIOUS PERSON/ACTIVITY
WASHINGTON COUNTY SHERIFFS OFFICE,HUGO,4/29/2026 11:14:39 PM,WC26020021,"5XXX  159th St N, HUGO",SUSPICIOUS PERSON/ACTIVITY
WASHINGTON COUNTY SHERIFFS OFFICE,HUGO,4/29/2026 11:37:11 PM,WC26020025,"6XXX  135th St N, HUGO",SUSPICIOUS PERSON/ACTIVITY
WASHINGTON COUNTY SHERIFFS OFFICE,HUGO,4/30/2026 7:58:34 AM,WC26020065,"8XXX  147TH ST N, HUGO",MEDICAL
WASHINGTON COUNTY SHERIFFS OFFICE,HUGO,4/30/2026 10:35:04 AM,WC26020104,"12XXX  Keller Ave N, HUGO",OFFICER INFORMATION
WASHINGTON COUNTY SHERIFFS OFFICE,HUGO,4/30/2026 12:49:33 PM,WC26020123,"5XXX  159th St N, HUGO",CIVIL MATTER/DISPUTE
WASHINGTON COUNTY SHERIFFS OFFICE,HUGO,4/30/2026 2:48:27 PM,WC26020144,"5XXX  EVERGREEN DR N, HUGO",FOLLOW UP
WASHINGTON COUNTY SHERIFFS OFFICE,HUGO,4/30/2026 11:46:09 PM,WC26020236,"12XXX  Fondant Trl N, HUGO",ANIMAL COMPLAINT
WASHINGTON COUNTY SHERIFFS OFFICE,HUGO,5/1/2026 12:46:00 AM,WC26020244,"FOREST BLVD N / 140TH ST N, HUGO",TRAFFIC STOP
WASHINGTON COUNTY SHERIFFS OFFICE,HUGO,5/1/2026 1:03:13 AM,WC26020246,"13XXX  Europa Trail Way N, HUGO",MEDICAL
WASHINGTON COUNTY SHERIFFS OFFICE,HUGO,5/1/2026 9:03:50 AM,WC26020284,"14XXX  Fitzgerald Ave N, HUGO",FRAUD/SCAM
WASHINGTON COUNTY SHERIFFS OFFICE,HUGO,5/1/2026 9:33:51 AM,WC26020313,"4XXX  Heritage Pkwy N, HUGO",DISTURBANCE
WASHINGTON COUNTY SHERIFFS OFFICE,HUGO,5/1/2026 12:26:56 PM,WC26020330,"7XXX  165th St N, HUGO",FOLLOW UP
WASHINGTON COUNTY SHERIFFS OFFICE,HUGO,5/1/2026 12:34:38 PM,WC26020331,"170th St N / Forest Blvd N, HUGO",ACCIDENT
WASHINGTON COUNTY SHERIFFS OFFICE,HUGO,5/1/2026 2:56:07 PM,WC26020352,"4XXX  HERITAGE PKWY N, HUGO",FOLLOW UP
WASHINGTON COUNTY SHERIFFS OFFICE,HUGO,5/1/2026 6:20:36 PM,WC26020371,"6XXX  Egg Lake Rd N, HUGO",CITIZEN/PUBLIC ASSIST
WASHINGTON COUNTY SHERIFFS OFFICE,HUGO,5/1/2026 9:13:00 PM,WC26020393,"5XXX  UPPER 146TH ST N, HUGO",TRAFFIC STOP
WASHINGTON COUNTY SHERIFFS OFFICE,HUGO,5/1/2026 9:16:26 PM,WC26020398,"170th St N / Farnham Ave N, HUGO",ACCIDENT
WASHINGTON COUNTY SHERIFFS OFFICE,HUGO,5/2/2026 12:42:51 AM,WC26020428,"14XXX  Ferrara Ave N, HUGO",SUSPICIOUS PERSON/ACTIVITY
WASHINGTON COUNTY SHERIFFS OFFICE,HUGO,5/2/2026 1:14:21 AM,WC26020429,"FOREST BLVD N / 137TH ST N, HUGO",RUNAWAY
WASHINGTON COUNTY SHERIFFS OFFICE,HUGO,5/2/2026 3:18:52 AM,WC26020442,"Oneka Pkwy N / 159th St N, HUGO",ROAD HAZARD
WASHINGTON COUNTY SHERIFFS OFFICE,HUGO,5/2/2026 8:40:56 AM,WC26020463,"14XXX  Victor Hugo Blvd N, HUGO",ALARM-BUSINESS/RES/FIRE/MEDICAL/ETC
WASHINGTON COUNTY SHERIFFS OFFICE,HUGO,5/2/2026 10:27:35 AM,WC26020473,"13XXX  Fondant Trl N, HUGO",DISTURBANCE
WASHINGTON COUNTY SHERIFFS OFFICE,HUGO,5/2/2026 11:54:28 AM,WC26020480,"14XXX  Finale Ave N, HUGO",MEDICAL
WASHINGTON COUNTY SHERIFFS OFFICE,HUGO,5/2/2026 12:03:55 PM,WC26020481,"14XXX  Flay Ave N, HUGO",SUSPICIOUS PERSON/ACTIVITY
WASHINGTON COUNTY SHERIFFS OFFICE,HUGO,5/2/2026 3:06:32 PM,WC26020501,"Rosemary Way N / Elmcrest Ave N, HUGO",MEDICAL
WASHINGTON COUNTY SHERIFFS OFFICE,HUGO,5/2/2026 5:42:12 PM,WC26020520,"5XXX  125TH LN N, HUGO",911 ABANDONED/HANGUP/OPEN LINE
WASHINGTON COUNTY SHERIFFS OFFICE,HUGO,5/2/2026 6:57:48 PM,WC26020527,"5XXX  137th St N, HUGO",MEDICAL
WASHINGTON COUNTY SHERIFFS OFFICE,HUGO,5/2/2026 8:46:13 PM,WC26020539,"14XXX  Geneva Ave N, HUGO",MEDICAL
WASHINGTON COUNTY SHERIFFS OFFICE,HUGO,5/2/2026 9:08:17 PM,WC26020541,"Forest Blvd N / 170th St N, HUGO",ANIMAL COMPLAINT
WASHINGTON COUNTY SHERIFFS OFFICE,HUGO,5/2/2026 11:03:37 PM,WC26020568,"15XXX  Forest Blvd N, HUGO",VEHICLE TAMPERING
WASHINGTON COUNTY SHERIFFS OFFICE,LAKE ELMO,4/26/2026 1:55:21 AM,WC26019445,"XXX JULEP AVE N, LAKE ELMO",SUSPICIOUS PERSON/ACTIVITY
WASHINGTON COUNTY SHERIFFS OFFICE,LAKE ELMO,4/26/2026 9:35:01 AM,WC26019457,"XXX CIMARRON, LAKE ELMO",911 ABANDONED/HANGUP/OPEN LINE
WASHINGTON COUNTY SHERIFFS OFFICE,LAKE ELMO,4/26/2026 10:37:37 AM,WC26019461,"10XXX  38TH TRL N, LAKE ELMO",MEDICAL
WASHINGTON COUNTY SHERIFFS OFFICE,LAKE ELMO,4/26/2026 11:06:53 AM,WC26019462,"11XXX  Stillwater Blvd N, LAKE ELMO",COUNTERFEIT/FORGERY
WASHINGTON COUNTY SHERIFFS OFFICE,LAKE ELMO,4/26/2026 11:45:30 AM,WC26019470,"10th St N / Keats Ave N, LAKE ELMO",ACCIDENT
WASHINGTON COUNTY SHERIFFS OFFICE,LAKE ELMO,4/26/2026 3:32:00 PM,WC26019491,"9XXX  - 9398 STILLWATER BLVD N, LAKE ELMO",TRAFFIC STOP
WASHINGTON COUNTY SHERIFFS OFFICE,LAKE ELMO,4/26/2026 5:36:09 PM,WC26019512,"HWY 36 WB JEO DEMONTREVILLE TRL N, LAKE ELMO",ASSIST OTHER AGENCY
WASHINGTON COUNTY SHERIFFS OFFICE,LAKE ELMO,4/27/2026 4:13:22 PM,WC26019617,"10XXX  38th St N, LAKE ELMO",CIVIL MATTER/DISPUTE
WASHINGTON COUNTY SHERIFFS OFFICE,LAKE ELMO,4/27/2026 4:16:44 PM,WC26019619,"Lake Elmo Ave N / Hudson Blvd N, LAKE ELMO",ACCIDENT
WASHINGTON COUNTY SHERIFFS OFFICE,LAKE ELMO,4/27/2026 6:15:03 PM,WC26019635,"XXX Cimarron, LAKE ELMO",CIVIL MATTER/DISPUTE
WASHINGTON COUNTY SHERIFFS OFFICE,LAKE ELMO,4/27/2026 9:31:06 PM,WC26019653,"9XXX  Hudson Blvd N, LAKE ELMO",ALARM-BUSINESS/RES/FIRE/MEDICAL/ETC
WASHINGTON COUNTY SHERIFFS OFFICE,LAKE ELMO,4/28/2026 11:30:00 AM,WC26019745,"MANNING AVE N, LAKE ELMO",TRAFFIC STOP
WASHINGTON COUNTY SHERIFFS OFFICE,LAKE ELMO,4/28/2026 12:24:03 PM,WC26019755,"8XXX  Ironwood Trl N, LAKE ELMO",MEDICAL
WASHINGTON COUNTY SHERIFFS OFFICE,LAKE ELMO,4/28/2026 1:24:36 PM,WC26019765,"3XXX  Langly Ct N, LAKE ELMO",PUBLIC WORKS CONCERN
WASHINGTON COUNTY SHERIFFS OFFICE,LAKE ELMO,4/28/2026 8:02:47 PM,WC26019811,"1XXX  KEATS AVE N, LAKE ELMO",ANIMAL COMPLAINT
WASHINGTON COUNTY SHERIFFS OFFICE,LAKE ELMO,4/28/2026 10:06:43 PM,WC26019826,"XXX Jade Trl N, LAKE ELMO",ALARM-BUSINESS/RES/FIRE/MEDICAL/ETC
WASHINGTON COUNTY SHERIFFS OFFICE,LAKE ELMO,4/29/2026 6:26:00 AM,WC26019878,"STILLWATER BLVD N / STILLWATER LN, LAKE ELMO",TRAFFIC STOP
WASHINGTON COUNTY SHERIFFS OFFICE,LAKE ELMO,4/29/2026 6:50:50 AM,WC26019880,"Hwy 36 Eb At Lake Elmo Ave N, LAKE ELMO",DRIVING COMPLAINT
WASHINGTON COUNTY SHERIFFS OFFICE,LAKE ELMO,4/29/2026 7:19:20 AM,WC26019881,"9XXX  Jane Ct N, LAKE ELMO",MEDICAL
WASHINGTON COUNTY SHERIFFS OFFICE,LAKE ELMO,4/29/2026 10:47:07 AM,WC26019912,"3XXX  LAKE ELMO AVE N, LAKE ELMO",LOST PERSON
WASHINGTON COUNTY SHERIFFS OFFICE,LAKE ELMO,4/29/2026 11:13:00 AM,WC26019915,"MANNING AVE N TO I94 WB RAMP, LAKE ELMO",TRAFFIC STOP
WASHINGTON COUNTY SHERIFFS OFFICE,LAKE ELMO,4/29/2026 12:02:50 PM,WC26019922,"11XXX  10th St N, LAKE ELMO",GAS DRIVE OFF
WASHINGTON COUNTY SHERIFFS OFFICE,LAKE ELMO,4/29/2026 2:18:19 PM,WC26019945,"9XXX  9th St N, LAKE ELMO",MEDICAL
WASHINGTON COUNTY SHERIFFS OFFICE,LAKE ELMO,4/29/2026 4:04:00 PM,WC26019963,"10TH ST N / INWOOD AVE N, LAKE ELMO",TRAFFIC STOP
WASHINGTON COUNTY SHERIFFS OFFICE,LAKE ELMO,4/29/2026 5:00:18 PM,WC26019967,"39TH ST N / LAKE ELMO AVE N, LAKE ELMO",ATV/OHV COMPLAINT
WASHINGTON COUNTY SHERIFFS OFFICE,LAKE ELMO,4/29/2026 5:15:35 PM,WC26019969,"39th St N / Lake Elmo Ave N, LAKE ELMO",DIRECTED PATROL
WASHINGTON COUNTY SHERIFFS OFFICE,LAKE ELMO,4/29/2026 5:49:18 PM,WC26019976,"5XXX  Jamaca Ave N, LAKE ELMO",MEDICAL
WASHINGTON COUNTY SHERIFFS OFFICE,LAKE ELMO,4/29/2026 7:29:39 PM,WC26019990,"XXX Cimarron, LAKE ELMO",CHILD CUSTODY
WASHINGTON COUNTY SHERIFFS OFFICE,LAKE ELMO,4/29/2026 9:29:15 PM,WC26020005,"60th St N / Demontreville Trl N, LAKE ELMO",CITIZEN/PUBLIC ASSIST
WASHINGTON COUNTY SHERIFFS OFFICE,LAKE ELMO,4/30/2026 2:12:00 AM,WC26020037,"XX Hwy 36 Wb At Manning Ave N, LAKE ELMO",TRAFFIC STOP
WASHINGTON COUNTY SHERIFFS OFFICE,LAKE ELMO,4/30/2026 6:20:27 AM,WC26020055,"11XXX  Upper 31st St N, LAKE ELMO",OFFICER INFORMATION
WASHINGTON COUNTY SHERIFFS OFFICE,LAKE ELMO,4/30/2026 8:40:57 AM,WC26020069,"9XXX  8th St N, LAKE ELMO",ANIMAL COMPLAINT
WASHINGTON COUNTY SHERIFFS OFFICE,LAKE ELMO,4/30/2026 10:11:00 AM,WC26020097,"Highway 36, LAKE ELMO",TRAFFIC STOP
WASHINGTON COUNTY SHERIFFS OFFICE,LAKE ELMO,4/30/2026 11:25:09 AM,WC26020111,"8XXX  Hudson Blvd N, LAKE ELMO",911 ABANDONED/HANGUP/OPEN LINE
WASHINGTON COUNTY SHERIFFS OFFICE,LAKE ELMO,4/30/2026 1:51:00 PM,WC26020131,"Highway 36 / Lake Elmo Ave N, LAKE ELMO",TRAFFIC STOP
WASHINGTON COUNTY SHERIFFS OFFICE,LAKE ELMO,4/30/2026 2:15:26 PM,WC26020137,"Unknown, LAKE ELMO",FOLLOW UP
WASHINGTON COUNTY SHERIFFS OFFICE,LAKE ELMO,4/30/2026 2:46:56 PM,WC26020145,"3XXX  Langly Ct N, LAKE ELMO",DEATH
WASHINGTON COUNTY SHERIFFS OFFICE,LAKE ELMO,4/30/2026 3:53:44 PM,WC26020162,"XXX Jean Ave N, LAKE ELMO",911 ABANDONED/HANGUP/OPEN LINE
WASHINGTON COUNTY SHERIFFS OFFICE,LAKE ELMO,4/30/2026 5:51:07 PM,WC26020174,"8XXX  27th St N, LAKE ELMO",MEDICAL
WASHINGTON COUNTY SHERIFFS OFFICE,LAKE ELMO,4/30/2026 11:24:22 PM,WC26020230,"XXX Cimarron, LAKE ELMO",911 ABANDONED/HANGUP/OPEN LINE
WASHINGTON COUNTY SHERIFFS OFFICE,LAKE ELMO,5/1/2026 12:10:14 AM,WC26020239,"1XXX  Leeward Ave N, LAKE ELMO",ALARM-BUSINESS/RES/FIRE/MEDICAL/ETC
WASHINGTON COUNTY SHERIFFS OFFICE,LAKE ELMO,5/1/2026 2:24:00 AM,WC26020248,"10TH ST N / KEATS, LAKE ELMO",TRAFFIC STOP
WASHINGTON COUNTY SHERIFFS OFFICE,LAKE ELMO,5/1/2026 7:59:44 AM,WC26020272,"XXX Jade Trl N, LAKE ELMO",MEDICAL
WASHINGTON COUNTY SHERIFFS OFFICE,LAKE ELMO,5/1/2026 11:19:56 AM,WC26020320,"Inwood Ave N / 10th St N, LAKE ELMO",TRAFFIC COMPLAINT
WASHINGTON COUNTY SHERIFFS OFFICE,LAKE ELMO,5/1/2026 2:39:21 PM,WC26020351,"9XXX  5th Street Ln N, LAKE ELMO",LOST PROPERTY/ITEM
WASHINGTON COUNTY SHERIFFS OFFICE,LAKE ELMO,5/1/2026 3:28:34 PM,WC26020356,"10TH ST N / INWOOD AVE N, LAKE ELMO",ACCIDENT
WASHINGTON COUNTY SHERIFFS OFFICE,LAKE ELMO,5/1/2026 5:05:31 PM,WC26020365,"XXX Cimarron, LAKE ELMO",ACCIDENT
WASHINGTON COUNTY SHERIFFS OFFICE,LAKE ELMO,5/1/2026 5:20:44 PM,WC26020366,"9XXX  Whistling Valley Rd, LAKE ELMO",ALARM-BUSINESS/RES/FIRE/MEDICAL/ETC
WASHINGTON COUNTY SHERIFFS OFFICE,LAKE ELMO,5/1/2026 6:14:48 PM,WC26020370,"10XXX  - 10898 39TH ST N, LAKE ELMO",DIRECTED PATROL
WASHINGTON COUNTY SHERIFFS OFFICE,LAKE ELMO,5/1/2026 6:50:16 PM,WC26020376,"11XXX  Sunflower Ln N, LAKE ELMO",ALARM-BUSINESS/RES/FIRE/MEDICAL/ETC
WASHINGTON COUNTY SHERIFFS OFFICE,LAKE ELMO,5/1/2026 6:51:00 PM,WC26020375,"HWY 36 EB JEO DEMONTREVILLE TRL N, LAKE ELMO",TRAFFIC STOP
WASHINGTON COUNTY SHERIFFS OFFICE,LAKE ELMO,5/1/2026 8:21:49 PM,WC26020386,"8XXX  Lake Jane Trl N, LAKE ELMO",PARK COMPLAINT
WASHINGTON COUNTY SHERIFFS OFFICE,LAKE ELMO,5/1/2026 8:47:00 PM,WC26020389,"10TH ST N / KEATS AVE N, LAKE ELMO",TRAFFIC STOP
WASHINGTON COUNTY SHERIFFS OFFICE,LAKE ELMO,5/1/2026 9:31:02 PM,WC26020397,"XXX Ivywood Cir N, LAKE ELMO",MEDICAL
WASHINGTON COUNTY SHERIFFS OFFICE,LAKE ELMO,5/1/2026 10:04:27 PM,WC26020402,"2XXX  Blk of INWOOD AVE N, LAKE ELMO",PARKING VIOLATION
WASHINGTON COUNTY SHERIFFS OFFICE,LAKE ELMO,5/1/2026 10:10:02 PM,WC26020405,"Keats Ave N To I94 Wb Ramp, LAKE ELMO",ACCIDENT
WASHINGTON COUNTY SHERIFFS OFFICE,LAKE ELMO,5/1/2026 10:12:32 PM,WC26020403,"HWY 36 EB AT LAKE ELMO AVE N, LAKE ELMO",DWI
WASHINGTON COUNTY SHERIFFS OFFICE,LAKE ELMO,5/1/2026 10:31:33 PM,WC26020408,"8XXX  59th St N, LAKE ELMO",WELFARE CHECK
WASHINGTON COUNTY SHERIFFS OFFICE,LAKE ELMO,5/1/2026 11:45:54 PM,WC26020415,"HWY 36 EB AT LAKE ELMO AVE N, LAKE ELMO",OFFICER INFORMATION
WASHINGTON COUNTY SHERIFFS OFFICE,LAKE ELMO,5/2/2026 8:29:51 AM,WC26020460,"5XXX  Kelvin Ave N, LAKE ELMO",ALARM-BUSINESS/RES/FIRE/MEDICAL/ETC
WASHINGTON COUNTY SHERIFFS OFFICE,LAKE ELMO,5/2/2026 9:13:31 AM,WC26020466,"4XXX  Jamaca Ave N, LAKE ELMO",PROPERTY DAMAGE
WASHINGTON COUNTY SHERIFFS OFFICE,LAKE ELMO,5/2/2026 10:49:32 AM,WC26020474,"Hwy 36 Eb At Highlands Trl N, LAKE ELMO",ASSIST OTHER AGENCY
WASHINGTON COUNTY SHERIFFS OFFICE,LAKE ELMO,5/2/2026 1:38:13 PM,WC26020492,"Unknown, LAKE ELMO",FOLLOW UP
WASHINGTON COUNTY SHERIFFS OFFICE,LAKE ELMO,5/2/2026 2:37:14 PM,WC26020497,"XXX 6th Street Ln N, LAKE ELMO",PROPERTY DAMAGE
WASHINGTON COUNTY SHERIFFS OFFICE,LAKE ELMO,5/2/2026 3:26:00 PM,WC26020503,"2XXX  MANNING AVE N, LAKE ELMO",TRAFFIC STOP
WASHINGTON COUNTY SHERIFFS OFFICE,LAKE ELMO,5/2/2026 5:10:48 PM,WC26020515,"10XXX  - 10998 HUDSON BLVD N, LAKE ELMO",DUMPING COMPLAINT
WASHINGTON COUNTY SHERIFFS OFFICE,LAKE ELMO,5/2/2026 6:19:24 PM,WC26020524,"8XXX  59th St N, LAKE ELMO",MEDICAL
WASHINGTON COUNTY SHERIFFS OFFICE,LAKE ELMO,5/2/2026 7:07:15 PM,WC26020529,"3XXX  Lake Elmo Ave N, LAKE ELMO",CITIZEN/PUBLIC ASSIST
WASHINGTON COUNTY SHERIFFS OFFICE,LAKE ELMO,5/2/2026 7:08:58 PM,WC26020531,"8XXX  Lake Jane Trl N, LAKE ELMO",PARK COMPLAINT
WASHINGTON COUNTY SHERIFFS OFFICE,LAKE ELMO,5/2/2026 7:38:31 PM,WC26020533,"12XXX  Marquess Way N, LAKE ELMO",CITIZEN/PUBLIC ASSIST
WASHINGTON COUNTY SHERIFFS OFFICE,LAKE ELMO,5/2/2026 7:53:37 PM,WC26020534,"XXX Cimarron, LAKE ELMO",DRIVING COMPLAINT
WASHINGTON COUNTY SHERIFFS OFFICE,LAKE ELMO,5/2/2026 9:47:42 PM,WC26020552,"8XXX  37th St N, LAKE ELMO",FIREWORKS
WASHINGTON COUNTY SHERIFFS OFFICE,LAKE SAINT CROIX BEACH,4/27/2026 12:50:52 AM,WC26019553,"1XXX  Ramada Ave S, LAKE SAINT CROIX BEACH",MEDICAL
WASHINGTON COUNTY SHERIFFS OFFICE,LAKE SAINT CROIX BEACH,4/28/2026 5:22:38 PM,WC26019798,"2XXX  Racine Ave S, LAKE SAINT CROIX BEACH",FIRE
WASHINGTON COUNTY SHERIFFS OFFICE,LAKE SAINT CROIX BEACH,4/30/2026 6:07:49 PM,WC26020177,"1XXX  Riviera Ave S, LAKE SAINT CROIX BEACH",SUSPICIOUS PERSON/ACTIVITY
WASHINGTON COUNTY SHERIFFS OFFICE,LAKELAND,4/27/2026 5:16:39 AM,WC26019565,"I94 Wb Jeo Saint Croix Trl N, LAKELAND",TRAFFIC COMPLAINT
WASHINGTON COUNTY SHERIFFS OFFICE,LAKELAND,4/27/2026 2:52:09 PM,WC26019603,"I94 / Saint Croix Trl N, LAKELAND",DRIVING COMPLAINT
WASHINGTON COUNTY SHERIFFS OFFICE,LAKELAND,4/27/2026 4:07:04 PM,WC26019616,"Saint Croix Trl N Nb At I94, LAKELAND",ROAD HAZARD
WASHINGTON COUNTY SHERIFFS OFFICE,LAKELAND,4/28/2026 3:10:14 PM,WC26019787,"XXX Saint Croix Trl S, LAKELAND",ALARM-BUSINESS/RES/FIRE/MEDICAL/ETC
WASHINGTON COUNTY SHERIFFS OFFICE,LAKELAND,4/29/2026 3:15:40 PM,WC26019957,"XXX Saint Croix Trl S, LAKELAND",VEHICLE UNLOCK
WASHINGTON COUNTY SHERIFFS OFFICE,LAKELAND,5/1/2026 9:41:02 PM,WC26020399,"1XXX  Rivercrest Rd N, LAKELAND",SUSPICIOUS PERSON/ACTIVITY
WASHINGTON COUNTY SHERIFFS OFFICE,LAKELAND,5/2/2026 4:38:22 PM,WC26020512,"8TH ST N / SAINT CROIX TRL N, LAKELAND",MOTORIST ASSIST
WASHINGTON COUNTY SHERIFFS OFFICE,LAKELAND,5/2/2026 6:41:53 PM,WC26020525,"XXX Saint Croix Trl S, LAKELAND",SUSPICIOUS PERSON/ACTIVITY
WASHINGTON COUNTY SHERIFFS OFFICE,LAKELAND SHORES,5/2/2026 5:47:07 AM,WC26020447,"XXX Quinlan Ave S, LAKELAND SHORES",MEDICAL
WASHINGTON COUNTY SHERIFFS OFFICE,LANDFALL,4/26/2026 12:15:56 AM,WC26019433,"XX Linden Ln, LANDFALL",DEATH
WASHINGTON COUNTY SHERIFFS OFFICE,LANDFALL,4/27/2026 11:55:01 AM,WC26019585,"XX Ivy Ln, LANDFALL",FRAUD/SCAM
WASHINGTON COUNTY SHERIFFS OFFICE,LANDFALL,4/28/2026 8:19:28 PM,WC26019812,"XX Juniper Curv, LANDFALL",911 ABANDONED/HANGUP/OPEN LINE
WASHINGTON COUNTY SHERIFFS OFFICE,LANDFALL,4/29/2026 12:53:07 PM,WC26019927,"XXX Dellwood Sq N, LANDFALL",CIVIL MATTER/DISPUTE
WASHINGTON COUNTY SHERIFFS OFFICE,LANDFALL,4/29/2026 8:22:10 PM,WC26019996,"Unknown, LANDFALL",LOST PROPERTY/ITEM
WASHINGTON COUNTY SHERIFFS OFFICE,LANDFALL,4/29/2026 10:46:09 PM,WC26020020,"XXX Dellwood Sq N, LANDFALL",911 ABANDONED/HANGUP/OPEN LINE
WASHINGTON COUNTY SHERIFFS OFFICE,LANDFALL,5/1/2026 10:21:23 PM,WC26020407,"XXX Dellwood Sq N, LANDFALL",UNWANTED PERSON/VEHICLE
WASHINGTON COUNTY SHERIFFS OFFICE,LANDFALL,5/2/2026 12:20:57 PM,WC26020482,"XX Garden Gln, LANDFALL",MEDICAL
WASHINGTON COUNTY SHERIFFS OFFICE,MAHTOMEDI,4/26/2026 3:41:05 AM,WC26019450,"XXX Stillwater Rd, MAHTOMEDI",911 ABANDONED/HANGUP/OPEN LINE
WASHINGTON COUNTY SHERIFFS OFFICE,MAHTOMEDI,4/26/2026 9:40:50 AM,WC26019458,"XXX Quail St, MAHTOMEDI",SUICIDE ATTEMPT/THREATS OF
WASHINGTON COUNTY SHERIFFS OFFICE,MAHTOMEDI,4/26/2026 3:46:03 PM,WC26019496,"XX Long Lake Rd, MAHTOMEDI",SUSPICIOUS PERSON/ACTIVITY
WASHINGTON COUNTY SHERIFFS OFFICE,MAHTOMEDI,4/26/2026 4:35:30 PM,WC26019500,"XXX Robert Ct, MAHTOMEDI",ALARM-BUSINESS/RES/FIRE/MEDICAL/ETC
WASHINGTON COUNTY SHERIFFS OFFICE,MAHTOMEDI,4/26/2026 7:12:14 PM,WC26019521,"XXX EAST AVE, MAHTOMEDI",DISTURBANCE
WASHINGTON COUNTY SHERIFFS OFFICE,MAHTOMEDI,4/26/2026 11:35:55 PM,WC26019541,"XXX Wildwood Rd, MAHTOMEDI",ANIMAL COMPLAINT
WASHINGTON COUNTY SHERIFFS OFFICE,MAHTOMEDI,4/27/2026 6:01:45 AM,WC26019566,"XXX Park Ave, MAHTOMEDI",MEDICAL
WASHINGTON COUNTY SHERIFFS OFFICE,MAHTOMEDI,4/27/2026 6:54:05 AM,WC26019568,"XXX Arbor Ave, MAHTOMEDI",ANIMAL COMPLAINT
WASHINGTON COUNTY SHERIFFS OFFICE,MAHTOMEDI,4/27/2026 7:41:14 AM,WC26019571,"XXX Wildwood Rd, MAHTOMEDI",WELFARE CHECK
WASHINGTON COUNTY SHERIFFS OFFICE,MAHTOMEDI,4/27/2026 11:03:39 AM,WC26019582,"XX Fir St, MAHTOMEDI",FRAUD/SCAM
WASHINGTON COUNTY SHERIFFS OFFICE,MAHTOMEDI,4/27/2026 12:48:40 PM,WC26019586,"XXX Mahtomedi Ave, MAHTOMEDI",MEDICAL
WASHINGTON COUNTY SHERIFFS OFFICE,MAHTOMEDI,4/27/2026 1:05:55 PM,WC26019587,"XXX Wildwood Rd, MAHTOMEDI",LOST PROPERTY/ITEM
WASHINGTON COUNTY SHERIFFS OFFICE,MAHTOMEDI,4/27/2026 1:22:29 PM,WC26019592,"3XXX  Century Ave, MAHTOMEDI",CIVIL MATTER/DISPUTE
WASHINGTON COUNTY SHERIFFS OFFICE,MAHTOMEDI,4/27/2026 1:49:03 PM,WC26019595,"XXX East Ave, MAHTOMEDI",MEDICAL
WASHINGTON COUNTY SHERIFFS OFFICE,MAHTOMEDI,4/27/2026 4:37:19 PM,WC26019623,"XXX Wildwood Rd, MAHTOMEDI",WELFARE CHECK
WASHINGTON COUNTY SHERIFFS OFFICE,MAHTOMEDI,4/27/2026 5:46:03 PM,WC26019632,"1XXX  GRIFFIN AVE, MAHTOMEDI",FOLLOW UP
WASHINGTON COUNTY SHERIFFS OFFICE,MAHTOMEDI,4/27/2026 6:34:46 PM,WC26019636,"XXX WILDWOOD RD, MAHTOMEDI",DANCO VIOLATION
WASHINGTON COUNTY SHERIFFS OFFICE,MAHTOMEDI,4/27/2026 8:23:43 PM,WC26019641,"XXX WILDWOOD RD, MAHTOMEDI",FOLLOW UP
WASHINGTON COUNTY SHERIFFS OFFICE,MAHTOMEDI,4/27/2026 9:09:00 PM,WC26019651,"CENTURY AVE / I694 WB TO CENTURY AVE N RAMP, MAHTOMEDI",TRAFFIC STOP
WASHINGTON COUNTY SHERIFFS OFFICE,MAHTOMEDI,4/28/2026 7:48:33 AM,WC26019698,"1XXX  SPRUCE PL, MAHTOMEDI",CITIZEN/PUBLIC ASSIST
WASHINGTON COUNTY SHERIFFS OFFICE,MAHTOMEDI,4/28/2026 9:18:10 AM,WC26019710,"LONG LAKE RD, MAHTOMEDI",DIRECTED PATROL
WASHINGTON COUNTY SHERIFFS OFFICE,MAHTOMEDI,4/28/2026 12:37:18 PM,WC26019758,"XX Long Lake Rd, MAHTOMEDI",SUSPICIOUS PERSON/ACTIVITY
WASHINGTON COUNTY SHERIFFS OFFICE,MAHTOMEDI,4/28/2026 2:18:19 PM,WC26019775,"LONG LAKE RD, MAHTOMEDI",DIRECTED PATROL
WASHINGTON COUNTY SHERIFFS OFFICE,MAHTOMEDI,4/28/2026 4:34:39 PM,WC26019795,"XXX Wedgewood Dr, MAHTOMEDI",FIGHT
WASHINGTON COUNTY SHERIFFS OFFICE,MAHTOMEDI,4/28/2026 6:06:01 PM,WC26019801,"XXX Wildwood Rd, MAHTOMEDI",CIVIL MATTER/DISPUTE
WASHINGTON COUNTY SHERIFFS OFFICE,MAHTOMEDI,4/28/2026 6:08:47 PM,WC26019803,"XX Long Lake Rd, MAHTOMEDI",911 ABANDONED/HANGUP/OPEN LINE
WASHINGTON COUNTY SHERIFFS OFFICE,MAHTOMEDI,4/28/2026 6:55:16 PM,WC26019808,"XXX KALE ST, MAHTOMEDI",FOLLOW UP
WASHINGTON COUNTY SHERIFFS OFFICE,MAHTOMEDI,4/28/2026 10:20:53 PM,WC26019828,"3XXX  CENTURY AVE, MAHTOMEDI",ASSIST OTHER AGENCY
WASHINGTON COUNTY SHERIFFS OFFICE,MAHTOMEDI,4/28/2026 11:33:34 PM,WC26019837,"XXX Bichner Ln, MAHTOMEDI",911 ABANDONED/HANGUP/OPEN LINE
WASHINGTON COUNTY SHERIFFS OFFICE,MAHTOMEDI,4/29/2026 10:56:26 AM,WC26019911,"XXX Hallam Ave N, MAHTOMEDI",DUMPING COMPLAINT
WASHINGTON COUNTY SHERIFFS OFFICE,MAHTOMEDI,4/29/2026 2:20:12 PM,WC26019946,"XX Long Lake Rd, MAHTOMEDI",CIVIL MATTER/DISPUTE
WASHINGTON COUNTY SHERIFFS OFFICE,MAHTOMEDI,4/29/2026 8:46:37 PM,WC26020001,"XXX Hickory St, MAHTOMEDI",BURNING COMPLAINT
WASHINGTON COUNTY SHERIFFS OFFICE,MAHTOMEDI,4/30/2026 4:58:41 AM,WC26020054,"XXX Greenwood St, MAHTOMEDI",CITIZEN/PUBLIC ASSIST
WASHINGTON COUNTY SHERIFFS OFFICE,MAHTOMEDI,4/30/2026 10:33:16 AM,WC26020102,"XXX East Ave, MAHTOMEDI",MEDICAL
WASHINGTON COUNTY SHERIFFS OFFICE,MAHTOMEDI,4/30/2026 1:32:58 PM,WC26020128,"XXX Laurel Rd, MAHTOMEDI",911 ABANDONED/HANGUP/OPEN LINE
WASHINGTON COUNTY SHERIFFS OFFICE,MAHTOMEDI,4/30/2026 2:45:10 PM,WC26020143,"3XXX  Century Ave, MAHTOMEDI",VEHICLE UNLOCK
WASHINGTON COUNTY SHERIFFS OFFICE,MAHTOMEDI,5/1/2026 3:05:53 AM,WC26020257,"XXX WEDGEWOOD DR, MAHTOMEDI",SUSPICIOUS PERSON/ACTIVITY
WASHINGTON COUNTY SHERIFFS OFFICE,MAHTOMEDI,5/1/2026 8:42:46 AM,WC26020277,"Hilton Trl N / 72nd St N, MAHTOMEDI",ANIMAL COMPLAINT
WASHINGTON COUNTY SHERIFFS OFFICE,MAHTOMEDI,5/1/2026 8:56:59 AM,WC26020281,"XXX Wildwood Rd, MAHTOMEDI",ala
WASHINGTON COUNTY SHERIFFS OFFICE,MAHTOMEDI,5/1/2026 9:17:05 AM,WC26020285,"XXX Wildwood Rd, MAHTOMEDI",CIVIL MATTER/DISPUTE
WASHINGTON COUNTY SHERIFFS OFFICE,MAHTOMEDI,5/1/2026 11:46:52 AM,WC26020328,"XX Locust St, MAHTOMEDI",ANIMAL COMPLAINT
WASHINGTON COUNTY SHERIFFS OFFICE,MAHTOMEDI,5/1/2026 3:44:17 PM,WC26020358,"Hwy 244 At Dahlia St, MAHTOMEDI",SUSPICIOUS PERSON/ACTIVITY
WASHINGTON COUNTY SHERIFFS OFFICE,MAHTOMEDI,5/1/2026 3:56:51 PM,WC26020360,"1XXX  Echo Lake Ct, MAHTOMEDI",CIVIL MATTER/DISPUTE
WASHINGTON COUNTY SHERIFFS OFFICE,MAHTOMEDI,5/1/2026 9:59:07 PM,WC26020401,"HILTON TRL N / 72ND ST N, MAHTOMEDI",ANIMAL COMPLAINT
WASHINGTON COUNTY SHERIFFS OFFICE,MAHTOMEDI,5/1/2026 10:08:00 PM,WC26020404,"XXX MAHTOMEDI AVE, MAHTOMEDI",NOISE COMPLAINT/DISTURBANCE
WASHINGTON COUNTY SHERIFFS OFFICE,MAHTOMEDI,5/2/2026 12:21:00 AM,WC26020421,"1XXX  ECHO LAKE CT, MAHTOMEDI",FOLLOW UP
WASHINGTON COUNTY SHERIFFS OFFICE,MAHTOMEDI,5/2/2026 3:28:35 AM,WC26020444,"XXX Barrington Pl, MAHTOMEDI",911 ABANDONED/HANGUP/OPEN LINE
WASHINGTON COUNTY SHERIFFS OFFICE,MAHTOMEDI,5/2/2026 7:40:00 AM,WC26020454,"STILLWATER RD/WARNER AVE , MAHTOMEDI",TRAFFIC STOP
WASHINGTON COUNTY SHERIFFS OFFICE,MAHTOMEDI,5/2/2026 8:02:36 AM,WC26020458,"XXX Wildwood Rd, MAHTOMEDI",CIVIL MATTER/DISPUTE
WASHINGTON COUNTY SHERIFFS OFFICE,MAHTOMEDI,5/2/2026 11:01:36 AM,WC26020477,"XXX Hallam Ave S, MAHTOMEDI",CHILD CUSTODY
WASHINGTON COUNTY SHERIFFS OFFICE,MAHTOMEDI,5/2/2026 12:58:58 PM,WC26020488,"XXX East Ave, MAHTOMEDI",MEDICAL
WASHINGTON COUNTY SHERIFFS OFFICE,MAHTOMEDI,5/2/2026 1:26:00 PM,WC26020490,"WILDWOOD RD / OLD WILDWOOD RD, MAHTOMEDI",TRAFFIC STOP
WASHINGTON COUNTY SHERIFFS OFFICE,MAHTOMEDI,5/2/2026 3:07:00 PM,WC26020500,"XXX STILLWATER RD, MAHTOMEDI",TRAFFIC STOP
WASHINGTON COUNTY SHERIFFS OFFICE,MAHTOMEDI,5/2/2026 3:35:00 PM,WC26020505,"XXX WILDWOOD RD, MAHTOMEDI",WARRANT ARREST
WASHINGTON COUNTY SHERIFFS OFFICE,MAHTOMEDI,5/2/2026 4:26:42 PM,WC26020511,"XXX Stillwater Rd, MAHTOMEDI",LOST PROPERTY/ITEM
WASHINGTON COUNTY SHERIFFS OFFICE,MAHTOMEDI,5/2/2026 5:22:23 PM,WC26020516,"XXX Dartmoor Rd, MAHTOMEDI",VEHICLE UNLOCK
WASHINGTON COUNTY SHERIFFS OFFICE,MAHTOMEDI,5/2/2026 5:27:40 PM,WC26020517,"XXX 70th Ct N, MAHTOMEDI",CIVIL MATTER/DISPUTE
WASHINGTON COUNTY SHERIFFS OFFICE,MAHTOMEDI,5/2/2026 5:40:07 PM,WC26020519,"XXX Stillwater Rd, MAHTOMEDI",ANIMAL COMPLAINT
WASHINGTON COUNTY SHERIFFS OFFICE,MAHTOMEDI,5/2/2026 7:07:48 PM,WC26020530,"XX Mahtomedi Ave, MAHTOMEDI",DISORDERLY CONDUCT
WASHINGTON COUNTY SHERIFFS OFFICE,MAHTOMEDI,5/2/2026 7:21:10 PM,WC26020535,"XXX Stillwater Rd, MAHTOMEDI",ANIMAL COMPLAINT
WASHINGTON COUNTY SHERIFFS OFFICE,MAHTOMEDI,5/2/2026 9:43:51 PM,WC26020550,"XXX Locust St, MAHTOMEDI",911 ABANDONED/HANGUP/OPEN LINE
WASHINGTON COUNTY SHERIFFS OFFICE,MARINE ON SAINT CROIX,4/28/2026 2:02:09 PM,WC26019770,"XXX Pine St, MARINE ON SAINT CROIX",ALARM-BUSINESS/RES/FIRE/MEDICAL/ETC
WASHINGTON COUNTY SHERIFFS OFFICE,MAY TOWNSHIP,4/27/2026 5:31:00 PM,WC26019629,"11XXX  NORELL AVE N, MAY TOWNSHIP",PARKING VIOLATION
WASHINGTON COUNTY SHERIFFS OFFICE,MAY TOWNSHIP,4/28/2026 3:00:39 PM,WC26019786,"13XXX  Paragon Ave N, MAY TOWNSHIP",MEDICAL
WASHINGTON COUNTY SHERIFFS OFFICE,MAY TOWNSHIP,4/28/2026 6:02:02 PM,WC26019799,"15XXX  - 16999 MANNING TRL N, MAY TOWNSHIP",DIRECTED PATROL
WASHINGTON COUNTY SHERIFFS OFFICE,MAY TOWNSHIP,4/28/2026 6:08:41 PM,WC26019802,"17XXX  Olinda Trl N, MAY TOWNSHIP",MEDICAL
WASHINGTON COUNTY SHERIFFS OFFICE,MAY TOWNSHIP,4/28/2026 7:24:22 PM,WC26019809,"XX SHEFFIELD LN, MAY TOWNSHIP",MEDICAL
WASHINGTON COUNTY SHERIFFS OFFICE,MAY TOWNSHIP,4/29/2026 6:21:21 AM,WC26019877,"Manning Trl N / 142nd St N, MAY TOWNSHIP",DRIVING COMPLAINT
WASHINGTON COUNTY SHERIFFS OFFICE,MAY TOWNSHIP,4/29/2026 1:12:55 PM,WC26019932,"14XXX  127th St N, MAY TOWNSHIP",CIVIL MATTER/DISPUTE
WASHINGTON COUNTY SHERIFFS OFFICE,MAY TOWNSHIP,4/29/2026 2:27:52 PM,WC26019949,"Manning Trl N / 170th St N, MAY TOWNSHIP",OFFICER INFORMATION
WASHINGTON COUNTY SHERIFFS OFFICE,MAY TOWNSHIP,4/29/2026 5:03:40 PM,WC26019968,"170th St N / Manning Trl N, MAY TOWNSHIP",DRIVING COMPLAINT
WASHINGTON COUNTY SHERIFFS OFFICE,MAY TOWNSHIP,4/29/2026 6:18:00 PM,WC26019980,"Manning Trl N / 142nd St N, MAY TOWNSHIP",TRAFFIC STOP
WASHINGTON COUNTY SHERIFFS OFFICE,MAY TOWNSHIP,4/29/2026 7:31:35 PM,WC26019989,"15XXX  MANNING TRL N, MAY TOWNSHIP",OFFICER INFORMATION
WASHINGTON COUNTY SHERIFFS OFFICE,MAY TOWNSHIP,4/30/2026 6:33:00 AM,WC26020056,"15XXX  - 16999 MANNING TRL N, MAY TOWNSHIP",TRAFFIC STOP
WASHINGTON COUNTY SHERIFFS OFFICE,MAY TOWNSHIP,4/30/2026 3:34:40 PM,WC26020155,"15XXX  - 16999 MANNING TRL N, MAY TOWNSHIP",DIRECTED PATROL
WASHINGTON COUNTY SHERIFFS OFFICE,MAY TOWNSHIP,5/2/2026 12:33:00 AM,WC26020423,"13XXX  - 13798 177TH ST N, MAY TOWNSHIP",DWI
WASHINGTON COUNTY SHERIFFS OFFICE,MAY TOWNSHIP,5/2/2026 6:10:00 AM,WC26020448,"12XXX  - 13411 SAINT CROIX TRL N, MAY TOWNSHIP",TRAFFIC STOP
WASHINGTON COUNTY SHERIFFS OFFICE,MAY TOWNSHIP,5/2/2026 6:47:45 PM,WC26020528,"14XXX  Oldfield Rd N, MAY TOWNSHIP",SUSPICIOUS PERSON/ACTIVITY
WASHINGTON COUNTY SHERIFFS OFFICE,NEWPORT,4/26/2026 5:07:55 PM,WC26019506,"1XXX  Wild Ridge Trl, NEWPORT",FOUND PROPERTY/ITEM
WASHINGTON COUNTY SHERIFFS OFFICE,NEWPORT,4/26/2026 5:20:00 PM,WC26019509,"1XXX  10th Ave, NEWPORT",ASSAULT
WASHINGTON COUNTY SHERIFFS OFFICE,NEWPORT,4/27/2026 12:18:49 AM,WC26019550,"1XXX  10th Ave, NEWPORT",BURGLARY
WASHINGTON COUNTY SHERIFFS OFFICE,NEWPORT,4/27/2026 7:25:55 PM,WC26019638,"1XXX  10th Ave, NEWPORT",SUSPICIOUS PERSON/ACTIVITY
WASHINGTON COUNTY SHERIFFS OFFICE,NEWPORT,4/27/2026 9:43:46 PM,WC26019654,"1XXX  10th Ave, NEWPORT",WELFARE CHECK
WASHINGTON COUNTY SHERIFFS OFFICE,NEWPORT,4/28/2026 12:15:37 AM,WC26019672,"1XXX  2nd Ave, NEWPORT",DISTURBANCE
WASHINGTON COUNTY SHERIFFS OFFICE,NEWPORT,4/28/2026 7:17:31 AM,WC26019695,"10TH ST / 6TH AVE, NEWPORT",TRAFFIC STOP
WASHINGTON COUNTY SHERIFFS OFFICE,NEWPORT,4/28/2026 8:53:26 AM,WC26019704,"1XXX  10th Ave, NEWPORT",FOLLOW UP
WASHINGTON COUNTY SHERIFFS OFFICE,NEWPORT,4/28/2026 12:07:10 PM,WC26019752,"1XXX  Hastings Ave, NEWPORT",UNWANTED PERSON/VEHICLE
WASHINGTON COUNTY SHERIFFS OFFICE,NEWPORT,4/28/2026 2:05:00 PM,WC26019771,"2XXX  BAILEY CT, NEWPORT",TRAFFIC STOP
WASHINGTON COUNTY SHERIFFS OFFICE,NEWPORT,4/28/2026 2:31:00 PM,WC26019778,"BAILEY RD / STERLING AVE, NEWPORT",TRAFFIC STOP
WASHINGTON COUNTY SHERIFFS OFFICE,NEWPORT,4/28/2026 2:43:00 PM,WC26019781,"Highway 61 & MAXWELL AVE, NEWPORT",TRAFFIC STOP
WASHINGTON COUNTY SHERIFFS OFFICE,NEWPORT,4/28/2026 9:32:32 PM,WC26019818,"10TH AVE / GLEN RD, NEWPORT",WARRANT ARREST
WASHINGTON COUNTY SHERIFFS OFFICE,NEWPORT,4/29/2026 7:44:48 AM,WC26019884,"1XXX  10th Ave, NEWPORT",DISTURBANCE
WASHINGTON COUNTY SHERIFFS OFFICE,NEWPORT,4/29/2026 8:49:19 AM,WC26019888,"MAXWELL AVE / RED ROCK RD, NEWPORT",MOTORIST ASSIST
WASHINGTON COUNTY SHERIFFS OFFICE,NEWPORT,4/29/2026 9:10:36 AM,WC26019892,"12th St / 11th Ave, NEWPORT",STOP ARM VIOLATION
WASHINGTON COUNTY SHERIFFS OFFICE,NEWPORT,4/29/2026 12:17:00 PM,WC26019924,"Bailey Rd & I494, NEWPORT",TRAFFIC STOP
WASHINGTON COUNTY SHERIFFS OFFICE,NEWPORT,4/29/2026 9:40:00 PM,WC26020007,"HWY 61 SB @ MAXWELL AV, NEWPORT",TRAFFIC STOP
WASHINGTON COUNTY SHERIFFS OFFICE,NEWPORT,4/29/2026 10:20:00 PM,WC26020018,"HWY 61 SB @ MAXWELL AV, NEWPORT",TRAFFIC STOP
WASHINGTON COUNTY SHERIFFS OFFICE,NEWPORT,4/29/2026 11:34:00 PM,WC26020024,"HWY 61 SB @ MAXWELL AV, NEWPORT",TRAFFIC STOP
WASHINGTON COUNTY SHERIFFS OFFICE,NEWPORT,4/30/2026 12:11:00 AM,WC26020030,"1XXX  Hastings Ave, NEWPORT",TRESPASSING
WASHINGTON COUNTY SHERIFFS OFFICE,NEWPORT,4/30/2026 12:45:00 AM,WC26020034,"7TH AVE / 20TH ST, NEWPORT",TRAFFIC STOP
WASHINGTON COUNTY SHERIFFS OFFICE,NEWPORT,4/30/2026 2:20:00 AM,WC26020042,"HWY 61/ GLEN RD , NEWPORT",DWI
WASHINGTON COUNTY SHERIFFS OFFICE,NEWPORT,4/30/2026 10:08:29 AM,WC26020100,"1XXX  Mark Ct, NEWPORT",CIVIL MATTER/DISPUTE
WASHINGTON COUNTY SHERIFFS OFFICE,NEWPORT,4/30/2026 2:51:35 PM,WC26020146,"XXX Red Rock Xing, NEWPORT",911 ABANDONED/HANGUP/OPEN LINE
WASHINGTON COUNTY SHERIFFS OFFICE,NEWPORT,4/30/2026 3:00:38 PM,WC26020149,"1XXX  - 1699 GLEN RD, NEWPORT",DIRECTED PATROL
WASHINGTON COUNTY SHERIFFS OFFICE,NEWPORT,4/30/2026 3:30:00 PM,WC26020154,"GLEN RD / WOODBURY RD, NEWPORT",TRAFFIC STOP
WASHINGTON COUNTY SHERIFFS OFFICE,NEWPORT,4/30/2026 3:51:00 PM,WC26020160,"GLEN RD / CENTURY AVE, NEWPORT",TRAFFIC STOP
WASHINGTON COUNTY SHERIFFS OFFICE,NEWPORT,4/30/2026 4:38:32 PM,WC26020166,"XX 12TH ST, NEWPORT",CIVIL MATTER/DISPUTE
WASHINGTON COUNTY SHERIFFS OFFICE,NEWPORT,4/30/2026 6:00:00 PM,WC26020222,"10TH AVE / GLEN RD, NEWPORT",TRAFFIC STOP
WASHINGTON COUNTY SHERIFFS OFFICE,NEWPORT,4/30/2026 7:27:00 PM,WC26020189,"1XXX  Hastings Ave, NEWPORT",DISTURBANCE
WASHINGTON COUNTY SHERIFFS OFFICE,NEWPORT,4/30/2026 11:35:00 PM,WC26020232,"HWY 61 SB @ MAXWELL AV, NEWPORT",TRAFFIC STOP
WASHINGTON COUNTY SHERIFFS OFFICE,NEWPORT,4/30/2026 11:55:00 PM,WC26020237,"HWY 61 SB @ MAXWELL AV, NEWPORT",TRAFFIC STOP
WASHINGTON COUNTY SHERIFFS OFFICE,NEWPORT,5/1/2026 8:41:00 AM,WC26020276,"Highway 61 & MAXWELL AVE, NEWPORT",TRAFFIC STOP
WASHINGTON COUNTY SHERIFFS OFFICE,NEWPORT,5/1/2026 10:34:27 AM,WC26020312,"1XXX  GLEN RD, NEWPORT",OTHER
WASHINGTON COUNTY SHERIFFS OFFICE,NEWPORT,5/1/2026 1:34:00 PM,WC26020342,"GLEN RD / WOODBURY RD, NEWPORT",TRAFFIC STOP
WASHINGTON COUNTY SHERIFFS OFFICE,NEWPORT,5/1/2026 5:52:37 PM,WC26020368,"XXX 19th St, NEWPORT",ASSIST OTHER AGENCY
WASHINGTON COUNTY SHERIFFS OFFICE,NEWPORT,5/1/2026 6:30:43 PM,WC26020379,"1XXX  10TH AVE, NEWPORT",HARASSMENT
WASHINGTON COUNTY SHERIFFS OFFICE,NEWPORT,5/1/2026 8:17:43 PM,WC26020385,"1XXX  10th Ave, NEWPORT",FOLLOW UP
WASHINGTON COUNTY SHERIFFS OFFICE,NEWPORT,5/2/2026 12:50:30 AM,WC26020425,"Highway 61, NEWPORT",ASSIST OTHER AGENCY
WASHINGTON COUNTY SHERIFFS OFFICE,NEWPORT,5/2/2026 3:25:00 AM,WC26020443,"I494 NB JNO BAILEY RD, NEWPORT",TRAFFIC STOP
WASHINGTON COUNTY SHERIFFS OFFICE,NEWPORT,5/2/2026 8:29:38 AM,WC26020462,"XXX Ellen Ct, NEWPORT",WELFARE CHECK
WASHINGTON COUNTY SHERIFFS OFFICE,NEWPORT,5/2/2026 9:09:41 AM,WC26020465,"1XXX  10th Ave, NEWPORT",MEDICAL
WASHINGTON COUNTY SHERIFFS OFFICE,NEWPORT,5/2/2026 10:14:23 AM,WC26020470,"1XXX  3rd Ave, NEWPORT",ANIMAL COMPLAINT
WASHINGTON COUNTY SHERIFFS OFFICE,NEWPORT,5/2/2026 12:45:44 PM,WC26020485,"Maxwell Ave / Red Rock Rd, NEWPORT",ACCIDENT
WASHINGTON COUNTY SHERIFFS OFFICE,NEWPORT,5/2/2026 1:09:18 PM,WC26020489,"Unknown, NEWPORT",ASSIST OTHER AGENCY
WASHINGTON COUNTY SHERIFFS OFFICE,NEWPORT,5/2/2026 11:32:00 PM,WC26020574,"XX BAILEY RD TO NB HWY61, NEWPORT",TRAFFIC STOP
WASHINGTON COUNTY SHERIFFS OFFICE,OAK PARK HEIGHTS,4/26/2026 4:05:00 PM,WC26019497,"Highway 36 EB At Oakgreen Ave N , OAK PARK HEIGHTS",TRAFFIC STOP
WASHINGTON COUNTY SHERIFFS OFFICE,OAK PARK HEIGHTS,4/27/2026 8:54:55 PM,WC26019645,"5XXX  Memorial Ave N, OAK PARK HEIGHTS",ASSIST OTHER AGENCY
WASHINGTON COUNTY SHERIFFS OFFICE,OAK PARK HEIGHTS,4/28/2026 11:52:00 AM,WC26019747,"Highway 36, OAK PARK HEIGHTS",TRAFFIC STOP
WASHINGTON COUNTY SHERIFFS OFFICE,OAK PARK HEIGHTS,4/28/2026 12:51:00 PM,WC26019760,"Highway 36, OAK PARK HEIGHTS",TRAFFIC STOP
WASHINGTON COUNTY SHERIFFS OFFICE,OAK PARK HEIGHTS,4/28/2026 2:46:06 PM,WC26019782,"15XXX  58TH ST N, OAK PARK HEIGHTS",WELFARE CHECK
WASHINGTON COUNTY SHERIFFS OFFICE,OAK PARK HEIGHTS,4/29/2026 10:11:21 PM,WC26020016,"SAINT CROIX TRL N SB JNO HWY 36, OAK PARK HEIGHTS",ASSIST OTHER AGENCY
WASHINGTON COUNTY SHERIFFS OFFICE,OAK PARK HEIGHTS,5/1/2026 8:49:00 AM,WC26020279,"Highway 36, OAK PARK HEIGHTS",TRAFFIC STOP
WASHINGTON COUNTY SHERIFFS OFFICE,OAK PARK HEIGHTS,5/2/2026 2:56:46 PM,WC26020498,"OSGOOD AVE N / ANDERSEN WAY, OAK PARK HEIGHTS",TRAFFIC STOP
WASHINGTON COUNTY SHERIFFS OFFICE,OAK PARK HEIGHTS,5/2/2026 4:23:30 PM,WC26020509,"5XXX  Osgood Ave N, OAK PARK HEIGHTS",ASSAULT
WASHINGTON COUNTY SHERIFFS OFFICE,OAKDALE,4/28/2026 1:27:00 AM,WC26019680,"I694, OAKDALE",TRAFFIC STOP
WASHINGTON COUNTY SHERIFFS OFFICE,OAKDALE,4/28/2026 12:10:00 PM,WC26019751,"I694, OAKDALE",TRAFFIC STOP
WASHINGTON COUNTY SHERIFFS OFFICE,OAKDALE,4/28/2026 12:20:00 PM,WC26019754,"I694 & 50TH ST N, OAKDALE",TRAFFIC STOP
WASHINGTON COUNTY SHERIFFS OFFICE,OAKDALE,5/1/2026 9:49:05 AM,WC26020301,"4XXX  Grenwich Trl N, OAKDALE",ASSIST OTHER AGENCY
WASHINGTON COUNTY SHERIFFS OFFICE,OAKDALE,5/1/2026 11:31:44 PM,WC26020413,"6XXX  Georgia Blvd N, OAKDALE",ASSIST OTHER AGENCY
WASHINGTON COUNTY SHERIFFS OFFICE,PINE SPRINGS,4/29/2026 7:46:06 AM,WC26019883,"Hwy 36 Wb Jeo I694, PINE SPRINGS",ASSIST OTHER AGENCY
WASHINGTON COUNTY SHERIFFS OFFICE,PINE SPRINGS,5/2/2026 11:50:46 PM,WC26020576,"HWY 36 WB JWO HILTON TRL N, PINE SPRINGS",DWI
WASHINGTON COUNTY SHERIFFS OFFICE,SAINT MARYS POINT,4/26/2026 12:04:09 AM,WC26019431,"2XXX  Quello Ave S, SAINT MARYS POINT",RUNAWAY
WASHINGTON COUNTY SHERIFFS OFFICE,SAINT MARYS POINT,4/26/2026 9:41:28 AM,WC26019459,"Unknown, SAINT MARYS POINT",RUNAWAY
WASHINGTON COUNTY SHERIFFS OFFICE,SAINT MARYS POINT,4/26/2026 12:14:22 PM,WC26019472,"2XXX  Quello Ave S, SAINT MARYS POINT",RUNAWAY
WASHINGTON COUNTY SHERIFFS OFFICE,SAINT MARYS POINT,4/27/2026 3:36:37 PM,WC26019612,"16XXX  SAINT MARYS DR S, SAINT MARYS POINT",fra
WASHINGTON COUNTY SHERIFFS OFFICE,Saint Paul,4/26/2026 5:14:59 PM,WC26019507,"POINT DOUGLAS RD S / 61, Saint Paul",VEHICLE OFF ROAD
WASHINGTON COUNTY SHERIFFS OFFICE,SAINT PAUL PARK,4/26/2026 12:40:00 AM,WC26019437,"5XXX  - 5999 70TH ST S, SAINT PAUL PARK",DWI
WASHINGTON COUNTY SHERIFFS OFFICE,SAINT PAUL PARK,4/27/2026 8:40:30 PM,WC26019646,"XX 7th Ave W, SAINT PAUL PARK",ASSIST OTHER AGENCY
WASHINGTON COUNTY SHERIFFS OFFICE,SAINT PAUL PARK,4/28/2026 1:23:46 AM,WC26019678,"XXX HASTINGS AVE, SAINT PAUL PARK",RUNAWAY
WASHINGTON COUNTY SHERIFFS OFFICE,SAINT PAUL PARK,4/29/2026 10:04:19 AM,WC26019901,"1XXX  5th St, SAINT PAUL PARK",ASSIST OTHER AGENCY
WASHINGTON COUNTY SHERIFFS OFFICE,SAINT PAUL PARK,5/1/2026 1:15:19 AM,WC26020247,"XXX SUMMIT AVE, SAINT PAUL PARK",TRAFFIC STOP
WASHINGTON COUNTY SHERIFFS OFFICE,SAINT PAUL PARK,5/1/2026 9:00:17 AM,WC26020282,"1XXX  3rd St, SAINT PAUL PARK",ASSIST OTHER AGENCY
WASHINGTON COUNTY SHERIFFS OFFICE,SAINT PAUL PARK,5/2/2026 1:29:12 AM,WC26020431,"1XXX  4th St, SAINT PAUL PARK",ASSIST OTHER AGENCY
WASHINGTON COUNTY SHERIFFS OFFICE,SCANDIA,4/26/2026 11:20:00 AM,WC26019464,"19XXX  - 19799 SAINT CROIX TRL N, SCANDIA",TRAFFIC STOP
WASHINGTON COUNTY SHERIFFS OFFICE,SCANDIA,4/26/2026 4:45:59 PM,WC26019503,"14XXX  Oakhill Ln N, SCANDIA",MEDICAL
WASHINGTON COUNTY SHERIFFS OFFICE,SCANDIA,4/27/2026 5:16:04 PM,WC26019626,"21XXX  Ozark Ave N, SCANDIA",PROPERTY DAMAGE
WASHINGTON COUNTY SHERIFFS OFFICE,SCANDIA,4/27/2026 8:54:11 PM,WC26019647,"19XXX  Manning Trl N, SCANDIA",WELFARE CHECK
WASHINGTON COUNTY SHERIFFS OFFICE,SCANDIA,4/28/2026 9:17:33 AM,WC26019711,"18XXX  Parade Ave N, SCANDIA",ROAD HAZARD
WASHINGTON COUNTY SHERIFFS OFFICE,SCANDIA,4/28/2026 9:49:53 AM,WC26019726,"19XXX  Manning Trl N, SCANDIA",FOLLOW UP
WASHINGTON COUNTY SHERIFFS OFFICE,SCANDIA,4/28/2026 10:57:03 PM,WC26019832,"19XXX  Manning Trl N, SCANDIA",FOLLOW UP
WASHINGTON COUNTY SHERIFFS OFFICE,SCANDIA,4/29/2026 12:06:06 AM,WC26019843,"18XXX  Layton Ave N, SCANDIA",911 ABANDONED/HANGUP/OPEN LINE
WASHINGTON COUNTY SHERIFFS OFFICE,SCANDIA,4/29/2026 8:32:06 AM,WC26019887,"19XXX  Manning Trl N, SCANDIA",FOLLOW UP
WASHINGTON COUNTY SHERIFFS OFFICE,SCANDIA,4/29/2026 5:42:12 PM,WC26019975,"21XXX  Meadowbrook Cir N, SCANDIA",CIVIL MATTER/DISPUTE
WASHINGTON COUNTY SHERIFFS OFFICE,SCANDIA,4/29/2026 10:17:15 PM,WC26020019,"Scandia Trl N / Manning Trl N, SCANDIA",TRAFFIC COMPLAINT
WASHINGTON COUNTY SHERIFFS OFFICE,SCANDIA,4/30/2026 3:08:59 PM,WC26020151,"12XXX  - 13098 SCANDIA TRL N, SCANDIA",DIRECTED PATROL
WASHINGTON COUNTY SHERIFFS OFFICE,SCANDIA,4/30/2026 3:36:09 PM,WC26020157,"21XXX  Parrish Rd N, SCANDIA",FOLLOW UP
WASHINGTON COUNTY SHERIFFS OFFICE,SCANDIA,4/30/2026 3:42:07 PM,WC26020159,"18XXX  Layton Ave N, SCANDIA",ROAD HAZARD
WASHINGTON COUNTY SHERIFFS OFFICE,SCANDIA,4/30/2026 5:22:12 PM,WC26020172,"Manning Trl N / 217th St N, SCANDIA",ACCIDENT
WASHINGTON COUNTY SHERIFFS OFFICE,SCANDIA,4/30/2026 5:24:28 PM,WC26020180,"21XXX  Ozark Ct N, SCANDIA",TRAFFIC COMPLAINT
WASHINGTON COUNTY SHERIFFS OFFICE,SCANDIA,4/30/2026 6:01:42 PM,WC26020181,"23XXX  MELANIE TRL N, SCANDIA",WELFARE CHECK
WASHINGTON COUNTY SHERIFFS OFFICE,SCANDIA,5/1/2026 9:43:56 AM,WC26020307,"19XXX  Manning Trl N, SCANDIA",FOLLOW UP
WASHINGTON COUNTY SHERIFFS OFFICE,SCANDIA,5/1/2026 9:53:40 AM,WC26020308,"Mayberry Trl N / Meadowbrook Ave N, SCANDIA",ANIMAL COMPLAINT
WASHINGTON COUNTY SHERIFFS OFFICE,SCANDIA,5/1/2026 1:34:30 PM,WC26020343,"21XXX  Meadowbrook Cir N, SCANDIA",CIVIL MATTER/DISPUTE
WASHINGTON COUNTY SHERIFFS OFFICE,SCANDIA,5/1/2026 3:02:46 PM,WC26020354,"13XXX  185TH ST N, SCANDIA",ANIMAL COMPLAINT
WASHINGTON COUNTY SHERIFFS OFFICE,SCANDIA,5/1/2026 8:07:04 PM,WC26020383,"19XXX  Orwell Ct N, SCANDIA",RUNAWAY
WASHINGTON COUNTY SHERIFFS OFFICE,SCANDIA,5/2/2026 8:38:28 PM,WC26020538,"21XXX  Manning Trl N, SCANDIA",MEDICAL
WASHINGTON COUNTY SHERIFFS OFFICE,STILLWATER,4/27/2026 10:09:40 AM,WC26019580,"15XXX  62nd St N, STILLWATER",HARASSMENT
WASHINGTON COUNTY SHERIFFS OFFICE,STILLWATER,4/28/2026 5:19:21 PM,WC26019797,"MANNING AVE N / MCKUSICK RD N, STILLWATER",ACCIDENT
WASHINGTON COUNTY SHERIFFS OFFICE,STILLWATER,4/29/2026 11:24:22 AM,WC26019919,"15XXX  62nd st N, STILLWATER",OFFICER INFORMATION
WASHINGTON COUNTY SHERIFFS OFFICE,STILLWATER,4/29/2026 11:47:00 AM,WC26019921,"Highway 36, STILLWATER",TRAFFIC STOP
WASHINGTON COUNTY SHERIFFS OFFICE,STILLWATER,4/29/2026 1:00:43 PM,WC26019928,"15XXX  62nd St N, STILLWATER",CITIZEN/PUBLIC ASSIST
WASHINGTON COUNTY SHERIFFS OFFICE,STILLWATER,4/29/2026 3:07:35 PM,WC26019953,"15XXX  62ND ST N, STILLWATER",FUGITIVE FROM JUSTICE
WASHINGTON COUNTY SHERIFFS OFFICE,STILLWATER,4/30/2026 11:33:00 AM,WC26020113,"Highway 36, STILLWATER",TRAFFIC STOP
WASHINGTON COUNTY SHERIFFS OFFICE,STILLWATER,4/30/2026 1:39:32 PM,WC26020130,"15XXX  62nd St N, STILLWATER",SUSPICIOUS PERSON/ACTIVITY
WASHINGTON COUNTY SHERIFFS OFFICE,STILLWATER,5/1/2026 3:57:53 PM,WC26020359,"14XXX  62nd St N, STILLWATER",WARRANT ARREST
WASHINGTON COUNTY SHERIFFS OFFICE,STILLWATER,5/1/2026 6:57:43 PM,WC26020378,"15XXX  62ND ST N, STILLWATER",FUGITIVE FROM JUSTICE
WASHINGTON COUNTY SHERIFFS OFFICE,STILLWATER,5/2/2026 10:02:30 AM,WC26020468,"XXX SHERBURNE ST S, STILLWATER",CIVIL MATTER/DISPUTE
WASHINGTON COUNTY SHERIFFS OFFICE,STILLWATER,5/2/2026 2:21:37 PM,WC26020495,"XXX SHERBURNE ST S, STILLWATER",CIVIL MATTER/DISPUTE
WASHINGTON COUNTY SHERIFFS OFFICE,STILLWATER,5/2/2026 11:54:01 PM,WC26020577,"Unknown, STILLWATER",LOST PROPERTY/ITEM
WASHINGTON COUNTY SHERIFFS OFFICE,STILLWATER TOWNSHIP,4/26/2026 1:58:12 PM,WC26019478,"13XXX  90th St N, STILLWATER TOWNSHIP",CITIZEN/PUBLIC ASSIST
WASHINGTON COUNTY SHERIFFS OFFICE,STILLWATER TOWNSHIP,4/26/2026 8:10:00 PM,WC26019526,"10XXX  - 10998 SAINT CROIX TRL N, STILLWATER TOWNSHIP",TRAFFIC STOP
WASHINGTON COUNTY SHERIFFS OFFICE,STILLWATER TOWNSHIP,4/27/2026 6:52:23 AM,WC26019569,"11XXX  Norell Ave N, STILLWATER TOWNSHIP",LOST PROPERTY/ITEM
WASHINGTON COUNTY SHERIFFS OFFICE,STILLWATER TOWNSHIP,4/28/2026 9:09:18 AM,WC26019709,"Manning Trl N / Mendel Rd N, STILLWATER TOWNSHIP",ACCIDENT
WASHINGTON COUNTY SHERIFFS OFFICE,STILLWATER TOWNSHIP,4/29/2026 7:29:19 PM,WC26019991,"15XXX  95th St N, STILLWATER TOWNSHIP",ANIMAL COMPLAINT
WASHINGTON COUNTY SHERIFFS OFFICE,STILLWATER TOWNSHIP,4/30/2026 4:05:00 PM,WC26020129,"HWY 36 WB AT MANNING AVE N, STILLWATER TOWNSHIP",TRAFFIC STOP
WASHINGTON COUNTY SHERIFFS OFFICE,STILLWATER TOWNSHIP,5/1/2026 5:52:43 AM,WC26020265,"10XXX  Manning Ave N, STILLWATER TOWNSHIP",ACCIDENT
WASHINGTON COUNTY SHERIFFS OFFICE,STILLWATER TOWNSHIP,5/1/2026 8:11:00 AM,WC26020274,"11XXX  - 11998 SAINT CROIX TRL N, STILLWATER TOWNSHIP",TRAFFIC STOP
WASHINGTON COUNTY SHERIFFS OFFICE,STILLWATER TOWNSHIP,5/1/2026 8:39:00 AM,WC26020275,"11XXX  - 11998 SAINT CROIX TRL N, STILLWATER TOWNSHIP",TRAFFIC STOP
WASHINGTON COUNTY SHERIFFS OFFICE,STILLWATER TOWNSHIP,5/1/2026 9:04:00 AM,WC26020283,"11XXX  - 11998 SAINT CROIX TRL N, STILLWATER TOWNSHIP",TRAFFIC STOP
WASHINGTON COUNTY SHERIFFS OFFICE,STILLWATER TOWNSHIP,5/1/2026 9:55:00 AM,WC26020302,"11XXX  - 11498 SAINT CROIX TRL N, STILLWATER TOWNSHIP",TRAFFIC STOP
WASHINGTON COUNTY SHERIFFS OFFICE,STILLWATER TOWNSHIP,5/2/2026 1:58:47 PM,WC26020494,"Dellwood Rd N / Oakhill Ave N, STILLWATER TOWNSHIP",ASSIST OTHER AGENCY
WASHINGTON COUNTY SHERIFFS OFFICE,STILLWATER TOWNSHIP,5/2/2026 3:28:21 PM,WC26020504,"11XXX  SAINT CROIX TRL N, STILLWATER TOWNSHIP",FIRE
WASHINGTON COUNTY SHERIFFS OFFICE,WEST LAKELAND TOWNSHIP,4/26/2026 3:40:14 PM,WC26019493,"2XXX  Oakgreen Ave N, WEST LAKELAND TOWNSHIP",MEDICAL
WASHINGTON COUNTY SHERIFFS OFFICE,WEST LAKELAND TOWNSHIP,4/26/2026 8:33:43 PM,WC26019527,"13XXX  26th St N, WEST LAKELAND TOWNSHIP",FIRE
WASHINGTON COUNTY SHERIFFS OFFICE,WEST LAKELAND TOWNSHIP,4/27/2026 4:33:38 PM,WC26019621,"13XXX  20th Street Ct N, WEST LAKELAND TOWNSHIP",ALARM-BUSINESS/RES/FIRE/MEDICAL/ETC
WASHINGTON COUNTY SHERIFFS OFFICE,WEST LAKELAND TOWNSHIP,4/28/2026 7:44:45 AM,WC26019701,"15XXX  Hudson Rd N, WEST LAKELAND TOWNSHIP",MOTOR VEHICLE THEFT
WASHINGTON COUNTY SHERIFFS OFFICE,WEST LAKELAND TOWNSHIP,4/28/2026 6:42:39 PM,WC26019807,"2XXX  Northridge Ave N, WEST LAKELAND TOWNSHIP",HARASSMENT
WASHINGTON COUNTY SHERIFFS OFFICE,WEST LAKELAND TOWNSHIP,4/29/2026 10:48:00 AM,WC26019910,"I94 West of Stagecoach Trl, WEST LAKELAND TOWNSHIP",TRAFFIC STOP
WASHINGTON COUNTY SHERIFFS OFFICE,WEST LAKELAND TOWNSHIP,4/29/2026 11:02:00 AM,WC26019914,"12XXX  16th St N, WEST LAKELAND TOWNSHIP",MEDICAL
WASHINGTON COUNTY SHERIFFS OFFICE,WEST LAKELAND TOWNSHIP,4/29/2026 6:32:21 PM,WC26019982,"12XXX  - 12498 10TH ST N, WEST LAKELAND TOWNSHIP",DIRECTED PATROL
WASHINGTON COUNTY SHERIFFS OFFICE,WEST LAKELAND TOWNSHIP,4/29/2026 9:41:19 PM,WC26020008,"GRAVEL PIT ACCESS, WEST LAKELAND TOWNSHIP",DIRECTED PATROL
WASHINGTON COUNTY SHERIFFS OFFICE,WEST LAKELAND TOWNSHIP,4/30/2026 5:32:03 PM,WC26020173,"I94 Wb Jeo Stagecoach Trl N, WEST LAKELAND TOWNSHIP",MOTORIST ASSIST
WASHINGTON COUNTY SHERIFFS OFFICE,WEST LAKELAND TOWNSHIP,5/1/2026 9:47:16 AM,WC26020304,"15XXX  Hudson Rd N, WEST LAKELAND TOWNSHIP",CIVIL MATTER/DISPUTE
WASHINGTON COUNTY SHERIFFS OFFICE,WEST LAKELAND TOWNSHIP,5/2/2026 3:10:39 AM,WC26020441,"MANNING AVE N / 22ND ST N, WEST LAKELAND TOWNSHIP",MOTORIST ASSIST
WASHINGTON COUNTY SHERIFFS OFFICE,WILLERNIE,5/1/2026 8:34:00 PM,WC26020388,"STILLWATER RD / WARNER AVE N, WILLERNIE",TRAFFIC STOP
WASHINGTON COUNTY SHERIFFS OFFICE,WILLERNIE,5/1/2026 11:11:00 PM,WC26020410,"STILLWATER RD / WARNER AVE N, WILLERNIE",TRAFFIC STOP
WASHINGTON COUNTY SHERIFFS OFFICE,WOODBURY,4/26/2026 12:06:00 AM,WC26019430,"I94 EB & CENTURY AV N, WOODBURY",TRAFFIC STOP
WASHINGTON COUNTY SHERIFFS OFFICE,WOODBURY,4/26/2026 6:40:47 PM,WC26019517,"I494 / TAMARACK RD, WOODBURY",ROAD HAZARD
WASHINGTON COUNTY SHERIFFS OFFICE,WOODBURY,4/27/2026 8:41:51 PM,WC26019642,"I94 EB JEO I494, WOODBURY",ASSIST OTHER AGENCY
WASHINGTON COUNTY SHERIFFS OFFICE,WOODBURY,4/27/2026 11:45:00 PM,WC26019663,"Woodlane Dr / Military Rd, WOODBURY",TRAFFIC STOP
WASHINGTON COUNTY SHERIFFS OFFICE,WOODBURY,4/28/2026 11:22:00 AM,WC26019741,"I494 SB JNO VALLEY CREEK RD, WOODBURY",TRAFFIC STOP
WASHINGTON COUNTY SHERIFFS OFFICE,WOODBURY,4/28/2026 11:30:00 AM,WC26019744,"I94 EB & CENTURY AV N, WOODBURY",TRAFFIC STOP
WASHINGTON COUNTY SHERIFFS OFFICE,WOODBURY,4/28/2026 11:57:00 AM,WC26019748,"I94, WOODBURY",TRAFFIC STOP
WASHINGTON COUNTY SHERIFFS OFFICE,WOODBURY,4/29/2026 10:09:00 AM,WC26019902,"I94 WB JWO I694, WOODBURY",TRAFFIC STOP
WASHINGTON COUNTY SHERIFFS OFFICE,WOODBURY,4/29/2026 10:17:00 AM,WC26019903,"I94 EB TO I494 SB RAMP, WOODBURY",TRAFFIC STOP
WASHINGTON COUNTY SHERIFFS OFFICE,WOODBURY,4/29/2026 10:32:00 AM,WC26019906,"I94 WB & CENTURY AV N, WOODBURY",TRAFFIC STOP
WASHINGTON COUNTY SHERIFFS OFFICE,WOODBURY,4/29/2026 10:48:00 AM,WC26019909,"I94, WOODBURY",TRAFFIC STOP
WASHINGTON COUNTY SHERIFFS OFFICE,WOODBURY,4/29/2026 1:32:00 PM,WC26019936,"I494 NB JNO LAKE RD, WOODBURY",TRAFFIC STOP
WASHINGTON COUNTY SHERIFFS OFFICE,WOODBURY,4/29/2026 6:09:28 PM,WC26019978,"7XXX  GUIDER DR, WOODBURY",CIVIL MATTER/DISPUTE
WASHINGTON COUNTY SHERIFFS OFFICE,WOODBURY,4/29/2026 8:47:00 PM,WC26019999,"40TH ST S / MANNING AVE S, WOODBURY",TRAFFIC STOP
WASHINGTON COUNTY SHERIFFS OFFICE,WOODBURY,4/30/2026 2:58:00 AM,WC26020044,"I494 NB JSO TAMARACK RD, WOODBURY",TRAFFIC STOP
WASHINGTON COUNTY SHERIFFS OFFICE,WOODBURY,4/30/2026 9:19:00 PM,WC26020199,"I94 EB JWO WOODBURY DR, WOODBURY",TRAFFIC STOP
WASHINGTON COUNTY SHERIFFS OFFICE,WOODBURY,4/30/2026 9:31:00 PM,WC26020204,"I94 EB JWO MANNING AVE S, WOODBURY",TRAFFIC STOP
WASHINGTON COUNTY SHERIFFS OFFICE,WOODBURY,5/1/2026 1:21:57 AM,WC26020249,"XXX Karen Dr, WOODBURY",K9 ASSIST
WASHINGTON COUNTY SHERIFFS OFFICE,WOODBURY,5/2/2026 7:36:17 AM,WC26020455,"2XXX  Cochrane Dr, WOODBURY",ASSIST OTHER AGENCY
WOODBURY PUBLIC SAFETY,OAK PARK HEIGHTS,5/2/2026 3:12:25 AM,WB26017178,"HWY 36 EB JWO OSGOOD AVE N, OAK PARK HEIGHTS",ASSIST OTHER AGENCY
WOODBURY PUBLIC SAFETY,OAKDALE,4/30/2026 1:05:59 PM,WB26016903,"XXX HELENA AVE N, OAKDALE",REQUEST FOR EMERGENCY EXAM - 72 HR HOLD
WOODBURY PUBLIC SAFETY,OAKDALE,4/30/2026 2:24:00 PM,WB26017443,"XXX HELENA AVE N, OAKDALE",MAARC
WOODBURY PUBLIC SAFETY,WOODBURY,4/26/2026 1:15:28 AM,WB26016270,"11XXX  CRESTHAVEN TRL, WOODBURY",RUNAWAY
WOODBURY PUBLIC SAFETY,WOODBURY,4/26/2026 1:45:00 AM,WB26016264,"7XXX  WINDGATE RD, WOODBURY",DANCO VIOLATION
WOODBURY PUBLIC SAFETY,WOODBURY,4/26/2026 3:56:20 AM,WB26016277,"XXX Karen Dr, WOODBURY",SUICIDE ATTEMPT/THREATS OF
WOODBURY PUBLIC SAFETY,WOODBURY,4/26/2026 10:45:47 AM,WB26016292,"6XXX  Stratford Alcove, WOODBURY",LOST PERSON
WOODBURY PUBLIC SAFETY,WOODBURY,4/26/2026 11:22:15 AM,WB26016297,"8XXX  INVERNESS RD, WOODBURY",PROPERTY DAMAGE
WOODBURY PUBLIC SAFETY,WOODBURY,4/26/2026 12:37:44 PM,WB26016311,"6XXX  HUDSON RD, WOODBURY",TRAFFIC STOP
WOODBURY PUBLIC SAFETY,WOODBURY,4/26/2026 12:45:47 PM,WB26016313,"8XXX  Tamarack Vlg, WOODBURY",THEFT FROM MOTOR VEHICLE
WOODBURY PUBLIC SAFETY,WOODBURY,4/26/2026 1:53:00 PM,WB26016320,"XXX Radio Dr, WOODBURY",ACCIDENT
WOODBURY PUBLIC SAFETY,WOODBURY,4/26/2026 4:52:57 PM,WB26016343,"2XXX  CORNELIA TRL, WOODBURY",CITIZEN/PUBLIC ASSIST
WOODBURY PUBLIC SAFETY,WOODBURY,4/26/2026 5:18:36 PM,WB26016349,"8XXX  TAMARACK VLG, WOODBURY",WELFARE CHECK
WOODBURY PUBLIC SAFETY,WOODBURY,4/26/2026 7:06:06 PM,WB26016365,"4XXX  Pioneer Dr, WOODBURY",LOST PROPERTY/ITEM
WOODBURY PUBLIC SAFETY,WOODBURY,4/26/2026 8:53:47 PM,WB26016377,"11XXX  Sand Castle Dr, WOODBURY",JUVENILE COMPLAINT
WOODBURY PUBLIC SAFETY,WOODBURY,4/26/2026 10:18:02 PM,WB26016387,"11XXX  Independence Way, WOODBURY",SUICIDE ATTEMPT/THREATS OF
WOODBURY PUBLIC SAFETY,WOODBURY,4/26/2026 10:58:37 PM,WB26016392,"8XXX  DALE RD, WOODBURY",CITIZEN/PUBLIC ASSIST
WOODBURY PUBLIC SAFETY,WOODBURY,4/27/2026 12:00:00 AM,WB26016451,"2XXX  - 2538 WOODBURY DR, WOODBURY",TRAFFIC STOP
WOODBURY PUBLIC SAFETY,WOODBURY,4/27/2026 12:43:29 AM,WB26016403,"8XXX  Tamarack Vlg, WOODBURY",OVERDOSE
WOODBURY PUBLIC SAFETY,WOODBURY,4/27/2026 7:25:26 AM,WB26016419,"XXX Sutherland Dr, WOODBURY",RECOVERED STOLEN
WOODBURY PUBLIC SAFETY,WOODBURY,4/27/2026 7:25:49 AM,WB26016418,"2XXX  Radio Dr, WOODBURY",OFFICER INFORMATION
WOODBURY PUBLIC SAFETY,WOODBURY,4/27/2026 9:30:02 AM,WB26016427,"TOWER DR / VALLEY CREEK RD, WOODBURY",ACCIDENT
WOODBURY PUBLIC SAFETY,WOODBURY,4/27/2026 10:20:41 AM,WB26016431,"5XXX  Useppa Trl, WOODBURY",FRAUD/SCAM
WOODBURY PUBLIC SAFETY,WOODBURY,4/27/2026 10:23:13 AM,WB26016432,"10XXX  Blackmoor Rd, WOODBURY",OFFICER INFORMATION
WOODBURY PUBLIC SAFETY,WOODBURY,4/27/2026 11:55:29 AM,WB26016435,"2XXX  Radio Dr, WOODBURY",OFFICER COMPLAINT
WOODBURY PUBLIC SAFETY,WOODBURY,4/27/2026 12:08:10 PM,WB26016436,"2XXX  Eagle Creek Ln, WOODBURY",COUNTERFEIT/FORGERY
WOODBURY PUBLIC SAFETY,WOODBURY,4/27/2026 12:18:47 PM,WB26016437,"XXX Radio Dr, WOODBURY",CIVIL MATTER/DISPUTE
WOODBURY PUBLIC SAFETY,WOODBURY,4/27/2026 2:30:19 PM,WB26016456,"Woodlane Dr / Bailey Rd, WOODBURY",ACCIDENT
WOODBURY PUBLIC SAFETY,WOODBURY,4/27/2026 2:57:00 PM,WB26017029,"Lighthouse Lane/Chapin Lane, WOODBURY",STOP ARM VIOLATION
WOODBURY PUBLIC SAFETY,WOODBURY,4/27/2026 3:13:28 PM,WB26016459,"8XXX  Tamarack Vlg, WOODBURY",THEFT
WOODBURY PUBLIC SAFETY,WOODBURY,4/27/2026 3:14:15 PM,WB26016460,"2XXX  Radio Dr, WOODBURY",LOST PROPERTY/ITEM
WOODBURY PUBLIC SAFETY,WOODBURY,4/27/2026 4:08:00 PM,WB26016465,"Hudson Rd / Spring Hill Dr, WOODBURY",ACCIDENT
WOODBURY PUBLIC SAFETY,WOODBURY,4/27/2026 4:12:00 PM,WB26017027,"St. Johns Drive/St. Johns Court, WOODBURY",STOP ARM VIOLATION
WOODBURY PUBLIC SAFETY,WOODBURY,4/27/2026 4:20:35 PM,WB26016472,"7XXX  Valley Creek Plz, WOODBURY",SHOPLIFTING
WOODBURY PUBLIC SAFETY,WOODBURY,4/27/2026 4:20:51 PM,WB26016467,"VALLEY CREEK RD / QUEENS DR, WOODBURY",RECOVERED STOLEN
WOODBURY PUBLIC SAFETY,WOODBURY,4/27/2026 4:40:12 PM,WB26016473,"9XXX  Arrowwood Trl, WOODBURY",HARASSMENT
WOODBURY PUBLIC SAFETY,WOODBURY,4/27/2026 4:59:16 PM,WB26016474,"3XXX  Mulberry Alcove, WOODBURY",JUVENILE COMPLAINT
WOODBURY PUBLIC SAFETY,WOODBURY,4/27/2026 5:10:42 PM,WB26016476,"2XXX  CYPRESS DR, WOODBURY",DISTURBANCE
WOODBURY PUBLIC SAFETY,WOODBURY,4/27/2026 7:07:13 PM,WB26016485,"10XXX  Hawthorn Trl, WOODBURY",FRAUD/SCAM
WOODBURY PUBLIC SAFETY,WOODBURY,4/27/2026 8:50:00 PM,WB26016493,"Valley Creek Rd / Century Ave S, WOODBURY",ACCIDENT
WOODBURY PUBLIC SAFETY,WOODBURY,4/27/2026 8:54:35 PM,WB26016494,"3XXX  Hazel Trl, WOODBURY",OVERDOSE
WOODBURY PUBLIC SAFETY,WOODBURY,4/27/2026 9:36:58 PM,WB26016500,"2XXX  Woodbridge Way, WOODBURY",DISTURBANCE
WOODBURY PUBLIC SAFETY,WOODBURY,4/28/2026 4:41:54 AM,WB26016527,"I94 / 494 Int, WOODBURY",DRUGS
WOODBURY PUBLIC SAFETY,WOODBURY,4/28/2026 5:06:26 AM,WB26016528,"Woodbury Dr Over I94, WOODBURY",ACCIDENT
WOODBURY PUBLIC SAFETY,WOODBURY,4/28/2026 6:39:44 AM,WB26016532,"7XXX  Pinehurst Rd, WOODBURY",MEDICAL
WOODBURY PUBLIC SAFETY,WOODBURY,4/28/2026 7:29:45 AM,WB26016536,"7XXX  Hudson Rd, WOODBURY",WELFARE CHECK
WOODBURY PUBLIC SAFETY,WOODBURY,4/28/2026 7:30:00 AM,WB26016537,"Woodlane Drive/ S of Valley Creek Rd , WOODBURY",ACCIDENT
WOODBURY PUBLIC SAFETY,WOODBURY,4/28/2026 7:32:57 AM,WB26016542,"6XXX  ASHWOOD RD, WOODBURY",MOTOR VEHICLE THEFT
WOODBURY PUBLIC SAFETY,WOODBURY,4/28/2026 8:18:43 AM,WB26016543,"2XXX  ROBINWOOD WAY, WOODBURY",SUSPICIOUS PERSON/ACTIVITY
WOODBURY PUBLIC SAFETY,WOODBURY,4/28/2026 10:44:03 AM,WB26016566,"6XXX  Oak Knoll Dr, WOODBURY",WELFARE CHECK
WOODBURY PUBLIC SAFETY,WOODBURY,4/28/2026 11:37:33 AM,WB26016577,"7XXX  VALLEY CREEK PLZ, WOODBURY",SHOPLIFTING
WOODBURY PUBLIC SAFETY,WOODBURY,4/28/2026 11:37:44 AM,WB26016578,"7XXX  VALLEY CREEK PLZ, WOODBURY",SHOPLIFTING
WOODBURY PUBLIC SAFETY,WOODBURY,4/28/2026 2:02:01 PM,WB26016604,"Radio Dr / Valley Creek Rd, WOODBURY",ACCIDENT
WOODBURY PUBLIC SAFETY,WOODBURY,4/28/2026 2:03:21 PM,WB26016603,"7XXX  VALLEY CREEK PLZ, WOODBURY",SHOPLIFTING
WOODBURY PUBLIC SAFETY,WOODBURY,4/28/2026 2:58:11 PM,WB26016614,"9XXX  Hudson Pl, WOODBURY",SUSPICIOUS PERSON/ACTIVITY
WOODBURY PUBLIC SAFETY,WOODBURY,4/28/2026 3:56:32 PM,WB26016625,"7XXX  VALLEY CREEK PLZ, WOODBURY",SHOPLIFTING
WOODBURY PUBLIC SAFETY,WOODBURY,4/28/2026 4:15:00 PM,WB26017028,"Water Lily Lane/Falling Water Lane, WOODBURY",STOP ARM VIOLATION
WOODBURY PUBLIC SAFETY,WOODBURY,4/28/2026 4:54:29 PM,WB26016637,"3XXX  Century Ave, WOODBURY",ASSIST OTHER AGENCY
WOODBURY PUBLIC SAFETY,WOODBURY,4/28/2026 5:37:23 PM,WB26016643,"1XXX  Quail Ridge Cir, WOODBURY",PROPERTY DAMAGE
WOODBURY PUBLIC SAFETY,WOODBURY,4/28/2026 6:27:24 PM,WB26016653,"8XXX  Central Park Pl, WOODBURY",ASSAULT
WOODBURY PUBLIC SAFETY,WOODBURY,4/28/2026 7:30:01 PM,WB26016657,"6XXX  Collingwood Ln, WOODBURY",DISTURBANCE
WOODBURY PUBLIC SAFETY,WOODBURY,4/28/2026 10:04:09 PM,WB26016677,"CENTURY AVE N / BROOKVIEW DR E, WOODBURY",WEAPON COMPLAINT/VIOLATION
WOODBURY PUBLIC SAFETY,WOODBURY,4/29/2026 6:59:32 AM,WB26016700,"10XXX  Raleigh Rd, WOODBURY",DEATH
WOODBURY PUBLIC SAFETY,WOODBURY,4/29/2026 9:49:45 AM,WB26016718,"2XXX  WOODLANE DR, WOODBURY",THEFT
WOODBURY PUBLIC SAFETY,WOODBURY,4/29/2026 10:49:24 AM,WB26016734,"Commerce Dr / Hudson Pl, WOODBURY",ACCIDENT
WOODBURY PUBLIC SAFETY,WOODBURY,4/29/2026 11:52:36 AM,WB26016750,"7XXX  VALLEY CREEK PLZ, WOODBURY",SHOPLIFTING
WOODBURY PUBLIC SAFETY,WOODBURY,4/29/2026 11:55:03 AM,WB26016751,"6XXX  Ashwood Rd, WOODBURY",CIVIL MATTER/DISPUTE
WOODBURY PUBLIC SAFETY,WOODBURY,4/29/2026 12:25:26 PM,WB26016759,"2XXX  Cascade Plz S, WOODBURY",DISTURBANCE
WOODBURY PUBLIC SAFETY,WOODBURY,4/29/2026 12:55:20 PM,WB26016764,"2XXX  Radio Dr, WOODBURY",THEFT
WOODBURY PUBLIC SAFETY,WOODBURY,4/29/2026 1:16:00 PM,WB26016768,"5XXX  TOWER DR, WOODBURY",ACCIDENT
WOODBURY PUBLIC SAFETY,WOODBURY,4/29/2026 2:40:19 PM,WB26016778,"2XXX  Radio Dr, WOODBURY",SUSPICIOUS PERSON/ACTIVITY
WOODBURY PUBLIC SAFETY,WOODBURY,4/29/2026 2:59:52 PM,WB26016779,"2XXX  WOODLANE DR, WOODBURY",HARASSMENT
WOODBURY PUBLIC SAFETY,WOODBURY,4/29/2026 3:02:58 PM,WB26016781,"LAKE RD / STRATFORD RD, WOODBURY",ACCIDENT
WOODBURY PUBLIC SAFETY,WOODBURY,4/29/2026 3:12:13 PM,WB26016782,"POULIOT PKWY / CENTURY AVE S, WOODBURY",WANTED PERSON-KOPS ALERT/ATL
WOODBURY PUBLIC SAFETY,WOODBURY,4/29/2026 3:44:23 PM,WB26016791,"9XXX  Hudson Pl, WOODBURY",ACCIDENT
WOODBURY PUBLIC SAFETY,WOODBURY,4/29/2026 3:59:10 PM,WB26016793,"Settlers Ridge Pkwy / Eagle View Blvd, WOODBURY",ACCIDENT
WOODBURY PUBLIC SAFETY,WOODBURY,4/29/2026 5:04:01 PM,WB26016799,"XXX Commerce Dr, WOODBURY",THEFT
WOODBURY PUBLIC SAFETY,WOODBURY,4/29/2026 5:36:18 PM,WB26016805,"HUDSON RD / CITY WALK DR, WOODBURY",ACCIDENT
WOODBURY PUBLIC SAFETY,WOODBURY,4/29/2026 7:09:05 PM,WB26016812,"6XXX  Tahoe Cir, WOODBURY",DISTURBANCE
WOODBURY PUBLIC SAFETY,WOODBURY,4/29/2026 8:08:11 PM,WB26016820,"7XXX  Hargis Pkwy, WOODBURY",TRESPASSING
WOODBURY PUBLIC SAFETY,WOODBURY,4/29/2026 9:04:46 PM,WB26016826,"1XXX  Briar Glen Ln, WOODBURY",FRAUD/SCAM
WOODBURY PUBLIC SAFETY,WOODBURY,4/29/2026 9:27:57 PM,WB26016831,"7XXX  Guider Dr, WOODBURY",ACCIDENT
WOODBURY PUBLIC SAFETY,WOODBURY,4/29/2026 11:46:14 PM,WB26016836,"6XXX  Ashwood Rd, WOODBURY",SUICIDE ATTEMPT/THREATS OF
WOODBURY PUBLIC SAFETY,WOODBURY,4/30/2026 2:29:56 AM,WB26016849,"2XXX  RADIO DR, WOODBURY",FOUND PROPERTY/ITEM
WOODBURY PUBLIC SAFETY,WOODBURY,4/30/2026 8:18:23 AM,WB26016865,"Unknown, WOODBURY",FRAUD/SCAM
WOODBURY PUBLIC SAFETY,WOODBURY,4/30/2026 8:22:59 AM,WB26016866,"XXX Bielenberg Dr, WOODBURY",ACCIDENT
WOODBURY PUBLIC SAFETY,WOODBURY,4/30/2026 9:06:11 AM,WB26016869,"9XXX  City Place Blvd, WOODBURY",ANIMAL BITE
WOODBURY PUBLIC SAFETY,WOODBURY,4/30/2026 11:41:02 AM,WB26016888,"8XXX  VALLEY CREEK RD, WOODBURY",SHOPLIFTING
WOODBURY PUBLIC SAFETY,WOODBURY,4/30/2026 12:44:35 PM,WB26016900,"3XXX  Commonwealth Road, WOODBURY",CIVIL MATTER/DISPUTE
WOODBURY PUBLIC SAFETY,WOODBURY,4/30/2026 2:06:22 PM,WB26016915,"XXX Leeward Trl, WOODBURY",PROPERTY DAMAGE
WOODBURY PUBLIC SAFETY,WOODBURY,4/30/2026 2:42:31 PM,WB26016927,"2XXX  Lamplight Dr, WOODBURY",HARASSMENT
WOODBURY PUBLIC SAFETY,WOODBURY,4/30/2026 3:05:54 PM,WB26016933,"TAMARACK RD / BIELENBERG DR, WOODBURY",ACCIDENT
WOODBURY PUBLIC SAFETY,WOODBURY,4/30/2026 4:21:24 PM,WB26016942,"WOODBURY DR & VALLEY CREEK RD, WOODBURY",ACCIDENT
WOODBURY PUBLIC SAFETY,WOODBURY,4/30/2026 5:26:05 PM,WB26016954,"7XXX  VALLEY CREEK PLZ, WOODBURY",ASSIST OTHER AGENCY
WOODBURY PUBLIC SAFETY,WOODBURY,4/30/2026 6:28:16 PM,WB26016962,"3XXX  Mount Vernon Ln, WOODBURY",WELFARE CHECK
WOODBURY PUBLIC SAFETY,WOODBURY,4/30/2026 7:24:43 PM,WB26016967,"3XXX  Avon Dr, WOODBURY",DEATH
WOODBURY PUBLIC SAFETY,WOODBURY,4/30/2026 8:24:00 PM,WB26016977,"2XXX  Cottage Grove Dr, WOODBURY",WELFARE CHECK
WOODBURY PUBLIC SAFETY,WOODBURY,4/30/2026 9:14:03 PM,WB26016981,"7XXX  WINDGATE RD, WOODBURY",DANCO VIOLATION
WOODBURY PUBLIC SAFETY,WOODBURY,4/30/2026 10:05:46 PM,WB26016983,"9XXX  SIERRA CT, WOODBURY",SUSPICIOUS PERSON/ACTIVITY
WOODBURY PUBLIC SAFETY,WOODBURY,4/30/2026 11:01:44 PM,WB26016986,"7XXX  WINDGATE RD, WOODBURY",THEFT
WOODBURY PUBLIC SAFETY,WOODBURY,5/1/2026 1:21:57 AM,WB26016997,"XXX Karen Dr, WOODBURY",TRESPASSING
WOODBURY PUBLIC SAFETY,WOODBURY,5/1/2026 2:50:49 AM,WB26017000,"XXX - 745 RADIO DR, WOODBURY",TRAFFIC STOP
WOODBURY PUBLIC SAFETY,WOODBURY,5/1/2026 5:03:12 AM,WB26017003,"1XXX  Donegal Dr, WOODBURY",THEFT FROM MOTOR VEHICLE
WOODBURY PUBLIC SAFETY,WOODBURY,5/1/2026 9:30:48 AM,WB26017015,"7XXX  Pinehurst Rd, WOODBURY",WELFARE CHECK
WOODBURY PUBLIC SAFETY,WOODBURY,5/1/2026 10:48:02 AM,WB26017024,"8XXX  Tamarack Vlg, WOODBURY",ACCIDENT
WOODBURY PUBLIC SAFETY,WOODBURY,5/1/2026 11:51:44 AM,WB26017034,"VALLEY CREEK RD / BIELENBERG DR, WOODBURY",DANCO VIOLATION
WOODBURY PUBLIC SAFETY,WOODBURY,5/1/2026 11:53:11 AM,WB26017038,"XXX BIELENBERG DR, WOODBURY",LOST PROPERTY/ITEM
WOODBURY PUBLIC SAFETY,WOODBURY,5/1/2026 12:41:22 PM,WB26017052,"XXX Kingfisher Ln, WOODBURY",FRAUD/SCAM
WOODBURY PUBLIC SAFETY,WOODBURY,5/1/2026 1:32:40 PM,WB26017056,"1XXX  Radio Dr, WOODBURY",THEFT
WOODBURY PUBLIC SAFETY,WOODBURY,5/1/2026 2:24:25 PM,WB26017069,"8XXX  CENTRAL PARK PL, WOODBURY",LOST PROPERTY/ITEM
WOODBURY PUBLIC SAFETY,WOODBURY,5/1/2026 2:48:47 PM,WB26017068,"QUEENS DR / GUIDER DR, WOODBURY",WARRANT ARREST
WOODBURY PUBLIC SAFETY,WOODBURY,5/1/2026 2:52:02 PM,WB26017070,"3XXX  Hazel Trl, WOODBURY",JUVENILE COMPLAINT
WOODBURY PUBLIC SAFETY,WOODBURY,5/1/2026 3:51:41 PM,WB26017078,"XXX Commons Dr, WOODBURY",ACCIDENT
WOODBURY PUBLIC SAFETY,WOODBURY,5/1/2026 4:23:30 PM,WB26017088,"Radio Dr Nb Over I94, WOODBURY",ACCIDENT
WOODBURY PUBLIC SAFETY,WOODBURY,5/1/2026 5:00:41 PM,WB26017092,"Silverwood Rd / Radio Dr, WOODBURY",ACCIDENT
WOODBURY PUBLIC SAFETY,WOODBURY,5/1/2026 5:04:42 PM,WB26017093,"7XXX  Tamarack Rd, WOODBURY",PROPERTY DAMAGE
WOODBURY PUBLIC SAFETY,WOODBURY,5/1/2026 5:34:38 PM,WB26017098,"XXX GATEWAY PL, WOODBURY",WELFARE CHECK
WOODBURY PUBLIC SAFETY,WOODBURY,5/1/2026 6:18:35 PM,WB26017101,"Unknown, WOODBURY",WELFARE CHECK
WOODBURY PUBLIC SAFETY,WOODBURY,5/1/2026 6:58:11 PM,WB26017110,"9XXX  Cambridge Rd, WOODBURY",THEFT FROM MOTOR VEHICLE
WOODBURY PUBLIC SAFETY,WOODBURY,5/1/2026 6:58:27 PM,WB26017109,"Bielenberg Dr / Tamarack Rd, WOODBURY",TRAFFIC COMPLAINT
WOODBURY PUBLIC SAFETY,WOODBURY,5/1/2026 9:29:57 PM,WB26017135,"11XXX  Cresthaven Trl, WOODBURY",MISSING PERSON
WOODBURY PUBLIC SAFETY,WOODBURY,5/1/2026 11:50:02 PM,WB26017152,"VALLEY CREEK RD / TOWER DR, WOODBURY",FLEEING
WOODBURY PUBLIC SAFETY,WOODBURY,5/2/2026 1:39:30 AM,WB26017177,"1XXX  - 1428 BIELENBERG DR, WOODBURY",DWI
WOODBURY PUBLIC SAFETY,WOODBURY,5/2/2026 5:30:59 AM,WB26017180,"Century Ave S / Upper Afton Rd, WOODBURY",CITIZEN/PUBLIC ASSIST
WOODBURY PUBLIC SAFETY,WOODBURY,5/2/2026 6:04:00 AM,WB26017182,"HUDSON RD / GLOBE DR, WOODBURY",DEATH
WOODBURY PUBLIC SAFETY,WOODBURY,5/2/2026 7:36:17 AM,WB26017183,"2XXX  Cochrane Dr, WOODBURY",DISTURBANCE
WOODBURY PUBLIC SAFETY,WOODBURY,5/2/2026 8:49:40 AM,WB26017187,"1XXX  Parkwood Dr, WOODBURY",PROPERTY DAMAGE
WOODBURY PUBLIC SAFETY,WOODBURY,5/2/2026 9:15:19 AM,WB26017188,"4XXX  Radio Dr, WOODBURY",ANIMAL COMPLAINT
WOODBURY PUBLIC SAFETY,WOODBURY,5/2/2026 1:25:24 PM,WB26017219,"RADIO DR / I94 EB TO RADIO DR RAMP, WOODBURY",ACCIDENT
WOODBURY PUBLIC SAFETY,WOODBURY,5/2/2026 1:28:44 PM,WB26017220,"XXX Radio Dr, WOODBURY",THEFT FROM MOTOR VEHICLE
WOODBURY PUBLIC SAFETY,WOODBURY,5/2/2026 1:49:48 PM,WB26017222,"Valley Creek Rd / Radio Dr, WOODBURY",ACCIDENT
WOODBURY PUBLIC SAFETY,WOODBURY,5/2/2026 2:22:32 PM,WB26017226,"8XXX  Quarry Ridge Ln, WOODBURY",WELFARE CHECK
WOODBURY PUBLIC SAFETY,WOODBURY,5/2/2026 3:00:20 PM,WB26017231,"10XXX  Hudson Rd, WOODBURY",TRESPASSING
WOODBURY PUBLIC SAFETY,WOODBURY,5/2/2026 5:02:38 PM,WB26017240,"CENTURY AVE N, WOODBURY",TRAFFIC STOP
WOODBURY PUBLIC SAFETY,WOODBURY,5/2/2026 5:25:08 PM,WB26017247,"7XXX  Tamarack Rd, WOODBURY",MEDICAL
WOODBURY PUBLIC SAFETY,WOODBURY,5/2/2026 6:05:25 PM,WB26017250,"2XXX  Ojibway Dr, WOODBURY",ASSAULT
WOODBURY PUBLIC SAFETY,WOODBURY,5/2/2026 6:53:29 PM,WB26017252,"11XXX  Sand Castle Dr, WOODBURY",DISTURBANCE
WOODBURY PUBLIC SAFETY,WOODBURY,5/2/2026 7:19:06 PM,WB26017257,"2XXX  RADIO DR, WOODBURY",FOUND PROPERTY/ITEM
WOODBURY PUBLIC SAFETY,WOODBURY,5/2/2026 8:13:52 PM,WB26017262,"8XXX  Tamarack Vlg, WOODBURY",SHOPLIFTING
WOODBURY PUBLIC SAFETY,WOODBURY,5/2/2026 10:55:56 PM,WB26017275,"9XXX  Sequoia Rd, WOODBURY",DISTURBANCE

