AgencyName,Address_City_Description,CreatedOn1,CaseNum,Textbox28,EventDescription
BAYPORT POLICE DEPARTMENT,BAYPORT,5/10/2026 2:43:14 PM,BP26001408,"XXX 3rd St N, BAYPORT",ANIMAL COMPLAINT
BAYPORT POLICE DEPARTMENT,BAYPORT,5/10/2026 3:25:53 PM,BP26001409,"MINNESOTA ST S / OSPREY BLVD, BAYPORT",MOTORIST ASSIST
BAYPORT POLICE DEPARTMENT,BAYPORT,5/11/2026 4:02:39 AM,BP26001413,"XX CENTRAL AVE, BAYPORT",PARK CLOSED
BAYPORT POLICE DEPARTMENT,BAYPORT,5/11/2026 6:56:46 AM,BP26001414,"XXX 4th Ave N, BAYPORT",911 ABANDONED/HANGUP/OPEN LINE
BAYPORT POLICE DEPARTMENT,BAYPORT,5/11/2026 9:47:24 AM,BP26001416,"XXX 3rd St N, BAYPORT",DATA REQUEST
BAYPORT POLICE DEPARTMENT,BAYPORT,5/11/2026 1:57:38 PM,BP26001418,"XXX 4th St N, BAYPORT",PROPERTY RETURN
BAYPORT POLICE DEPARTMENT,BAYPORT,5/11/2026 11:25:03 PM,BP26001419,"XXX 3RD ST N, BAYPORT",CITIZEN/PUBLIC ASSIST
BAYPORT POLICE DEPARTMENT,BAYPORT,5/12/2026 12:21:54 AM,BP26001420,"XX CENTRAL AVE, BAYPORT",Park Close
BAYPORT POLICE DEPARTMENT,BAYPORT,5/12/2026 11:16:55 AM,BP26001423,"XXX 3rd St N, BAYPORT",FRAUD/SCAM
BAYPORT POLICE DEPARTMENT,BAYPORT,5/12/2026 7:05:21 PM,BP26001425,"XXX 4th St N, BAYPORT",RUNAWAY
BAYPORT POLICE DEPARTMENT,BAYPORT,5/12/2026 8:44:32 PM,BP26001426,"XXX - 498 5TH AVE N, BAYPORT",ROAD HAZARD
BAYPORT POLICE DEPARTMENT,BAYPORT,5/12/2026 10:51:47 PM,BP26001427,"Minnesota St S / Osprey Blvd, BAYPORT",WELFARE CHECK
BAYPORT POLICE DEPARTMENT,BAYPORT,5/13/2026 12:28:40 AM,BP26001428,"XX CENTRAL AVE, BAYPORT",Park Close
BAYPORT POLICE DEPARTMENT,BAYPORT,5/13/2026 8:27:47 AM,BP26001430,"4TH ST N / 1ST AVE N, BAYPORT",ACCIDENT
BAYPORT POLICE DEPARTMENT,BAYPORT,5/13/2026 10:05:06 AM,BP26001431,"XXX 4TH AVE N, BAYPORT",ANIMAL COMPLAINT
BAYPORT POLICE DEPARTMENT,BAYPORT,5/13/2026 10:48:20 AM,BP26001433,"XXX - 299 MINNESOTA ST S, BAYPORT",DIRECTED PATROL
BAYPORT POLICE DEPARTMENT,BAYPORT,5/13/2026 11:15:08 AM,BP26001434,"XXX 3RD ST S, BAYPORT",ANIMAL COMPLAINT
BAYPORT POLICE DEPARTMENT,BAYPORT,5/13/2026 12:17:00 PM,BP26001435,"XXX Pickett St N, BAYPORT",MEDICAL
BAYPORT POLICE DEPARTMENT,BAYPORT,5/13/2026 2:20:52 PM,BP26001436,"XXX 4TH ST N, BAYPORT",SCHOOL CROSSING
BAYPORT POLICE DEPARTMENT,BAYPORT,5/13/2026 4:57:15 PM,BP26001441,"XX POINT RD, BAYPORT",WELFARE CHECK
BAYPORT POLICE DEPARTMENT,BAYPORT,5/14/2026 12:30:25 AM,BP26001444,"XX CENTRAL AVE, BAYPORT",PARK CLOSED
BAYPORT POLICE DEPARTMENT,BAYPORT,5/14/2026 7:44:51 AM,BP26001447,"XXX 4TH ST N, BAYPORT",SCHOOL CROSSING
BAYPORT POLICE DEPARTMENT,BAYPORT,5/14/2026 10:22:58 AM,BP26001450,"XXX 4TH ST N, BAYPORT",COMMUNITY CONTACT
BAYPORT POLICE DEPARTMENT,BAYPORT,5/14/2026 12:56:08 PM,BP26001452,"XXX - 399 MINNESOTA ST S, BAYPORT",DIRECTED PATROL
BAYPORT POLICE DEPARTMENT,BAYPORT,5/14/2026 2:19:27 PM,BP26001453,"XXX 4TH ST N, BAYPORT",SCHOOL CROSSING
BAYPORT POLICE DEPARTMENT,BAYPORT,5/14/2026 3:09:24 PM,BP26001455,"XXX - 398 3RD ST N, BAYPORT",FOUND PROPERTY/ITEM
BAYPORT POLICE DEPARTMENT,BAYPORT,5/14/2026 6:38:16 PM,BP26001459,"XXX 5th Ave N, BAYPORT",NOISE COMPLAINT/DISTURBANCE
BAYPORT POLICE DEPARTMENT,BAYPORT,5/15/2026 12:01:22 AM,BP26001462,"XXX - 598 MINNESOTA ST S, BAYPORT",TRAFFIC STOP
BAYPORT POLICE DEPARTMENT,BAYPORT,5/15/2026 2:39:45 AM,BP26001463,"XX CENTRAL AVE, BAYPORT",PARK CLOSED
BAYPORT POLICE DEPARTMENT,BAYPORT,5/15/2026 7:37:21 AM,BP26001464,"XXX 4TH ST N, BAYPORT",CITIZEN/PUBLIC ASSIST
BAYPORT POLICE DEPARTMENT,BAYPORT,5/15/2026 8:31:01 AM,BP26001466,"1XXX  5th Ave N, BAYPORT",911 ABANDONED/HANGUP/OPEN LINE
BAYPORT POLICE DEPARTMENT,BAYPORT,5/15/2026 2:16:12 PM,BP26001467,"XXX 4TH ST N, BAYPORT",CITIZEN/PUBLIC ASSIST
BAYPORT POLICE DEPARTMENT,BAYPORT,5/15/2026 11:54:53 PM,BP26001472,"XX Central Ave, BAYPORT",Park Close
BAYPORT POLICE DEPARTMENT,OAK PARK HEIGHTS,5/10/2026 11:43:28 AM,BP26001407,"Hwy 36 Wb At Osgood Ave N, OAK PARK HEIGHTS",ASSIST OTHER AGENCY
BAYPORT POLICE DEPARTMENT,OAK PARK HEIGHTS,5/12/2026 1:34:15 AM,BP26001421,"5XXX  Osgood Ave N, OAK PARK HEIGHTS",ASSIST OTHER AGENCY
BAYPORT POLICE DEPARTMENT,OAK PARK HEIGHTS,5/12/2026 3:57:19 AM,BP26001422,"5XXX  OSGOOD AVE N, OAK PARK HEIGHTS",ASSIST OTHER AGENCY
BAYPORT POLICE DEPARTMENT,OAK PARK HEIGHTS,5/13/2026 3:07:12 AM,BP26001429,"14XXX  58th St N, OAK PARK HEIGHTS",ASSIST OTHER AGENCY
BAYPORT POLICE DEPARTMENT,OAK PARK HEIGHTS,5/14/2026 2:42:50 AM,BP26001446,"Oakgreen Ave N / 60th St N, OAK PARK HEIGHTS",ASSIST OTHER AGENCY
BAYPORT POLICE DEPARTMENT,OAK PARK HEIGHTS,5/14/2026 6:12:06 PM,BP26001457,"14XXX  59th St N, OAK PARK HEIGHTS",ASSIST OTHER AGENCY
BAYPORT POLICE DEPARTMENT,OAK PARK HEIGHTS,5/14/2026 6:27:38 PM,BP26001458,"5XXX  STILLWATER BLVD N, OAK PARK HEIGHTS",COMMUNITY CONTACT
BAYPORT POLICE DEPARTMENT,OAK PARK HEIGHTS,5/14/2026 7:34:10 PM,BP26001461,"5XXX  Osgood Ave N, OAK PARK HEIGHTS",ASSIST OTHER AGENCY
BAYPORT POLICE DEPARTMENT,OAK PARK HEIGHTS,5/15/2026 8:52:38 PM,BP26001469,"Highway 36, OAK PARK HEIGHTS",ASSIST OTHER AGENCY
BAYPORT POLICE DEPARTMENT,OAK PARK HEIGHTS,5/15/2026 10:33:31 PM,BP26001471,"14XXX  58th St N, OAK PARK HEIGHTS",ASSIST OTHER AGENCY
BAYPORT POLICE DEPARTMENT,OAK PARK HEIGHTS,5/16/2026 7:32:28 AM,BP26001479,"5XXX  Osgood Ave N, OAK PARK HEIGHTS",ASSIST OTHER AGENCY
BAYPORT POLICE DEPARTMENT,OAK PARK HEIGHTS,5/16/2026 5:09:07 PM,BP26001481,"5XXX  Stillwater Blvd N, OAK PARK HEIGHTS",ASSIST OTHER AGENCY
BAYPORT POLICE DEPARTMENT,OAK PARK HEIGHTS,5/16/2026 5:58:30 PM,BP26001483,"Saint Croix Crossing Bridge: Hwy 36 Wb - Mn, OAK PARK HEIGHTS",ASSIST OTHER AGENCY
BAYPORT POLICE DEPARTMENT,OAK PARK HEIGHTS,5/16/2026 11:06:27 PM,BP26001484,"15XXX  60th St N, OAK PARK HEIGHTS",ASSIST OTHER AGENCY
BAYPORT POLICE DEPARTMENT,STILLWATER,5/10/2026 6:32:33 PM,BP26001410,"XXX Main St S, STILLWATER",ASSIST OTHER AGENCY
BAYPORT POLICE DEPARTMENT,STILLWATER,5/13/2026 7:58:27 PM,BP26001442,"1XXX  Market Dr, STILLWATER",ASSIST OTHER AGENCY
BAYPORT POLICE DEPARTMENT,STILLWATER,5/15/2026 8:16:11 AM,BP26001465,"XXX MARSH ST W, STILLWATER",COMMUNITY CONTACT
BAYPORT POLICE DEPARTMENT,STILLWATER,5/16/2026 1:22:21 AM,BP26001474,"FRONTAGE RD W / WASHINGTON AVE, STILLWATER",ASSIST OTHER AGENCY
COTTAGE GROVE POLICE DEPARTMENT,COTTAGE GROVE,5/10/2026 2:29:00 AM,CG26020390,"Hwy 61 Sb To 80th St S Ramp, COTTAGE GROVE",DWI
COTTAGE GROVE POLICE DEPARTMENT,COTTAGE GROVE,5/10/2026 8:29:12 AM,CG26020367,"8XXX  90th St S, COTTAGE GROVE",DISORDERLY CONDUCT
COTTAGE GROVE POLICE DEPARTMENT,COTTAGE GROVE,5/10/2026 9:11:29 AM,CG26020372,"8XXX  77th St S, COTTAGE GROVE",MEDICAL
COTTAGE GROVE POLICE DEPARTMENT,COTTAGE GROVE,5/10/2026 9:16:50 AM,CG26020371,"HADLEY AVE S / 103RD ST S, COTTAGE GROVE",SUSPICIOUS PERSON/ACTIVITY
COTTAGE GROVE POLICE DEPARTMENT,COTTAGE GROVE,5/10/2026 10:13:44 AM,CG26020377,"6XXX  80th St S, COTTAGE GROVE",MEDICAL
COTTAGE GROVE POLICE DEPARTMENT,COTTAGE GROVE,5/10/2026 10:36:29 AM,CG26020382,"6XXX  94TH ST S, COTTAGE GROVE",LOST PROPERTY/ITEM
COTTAGE GROVE POLICE DEPARTMENT,COTTAGE GROVE,5/10/2026 12:27:38 PM,CG26020417,"8XXX  Ingberg Trl S, COTTAGE GROVE",TRESPASSING
COTTAGE GROVE POLICE DEPARTMENT,COTTAGE GROVE,5/10/2026 1:01:04 PM,CG26020420,"7XXX  Jorgensen Ln S, COTTAGE GROVE",MEDICAL
COTTAGE GROVE POLICE DEPARTMENT,COTTAGE GROVE,5/10/2026 1:20:16 PM,CG26020421,"East Point Douglas Rd S / Jamaica Ave S, COTTAGE GROVE",ACCIDENT
COTTAGE GROVE POLICE DEPARTMENT,COTTAGE GROVE,5/10/2026 1:40:14 PM,CG26020425,"80TH ST S OVER HWY 61, COTTAGE GROVE",TRAFFIC STOP
COTTAGE GROVE POLICE DEPARTMENT,COTTAGE GROVE,5/10/2026 7:02:30 PM,CG26020486,"8XXX  Jeffery Ln S, COTTAGE GROVE",THREATS
COTTAGE GROVE POLICE DEPARTMENT,COTTAGE GROVE,5/10/2026 8:48:56 PM,CG26020489,"9XXX  East Point Douglas Rd S, COTTAGE GROVE",ACCIDENT
COTTAGE GROVE POLICE DEPARTMENT,COTTAGE GROVE,5/10/2026 8:54:12 PM,CG26020490,"8XXX  Hamlet Ave S, COTTAGE GROVE",OPEN DOOR/WINDOW
COTTAGE GROVE POLICE DEPARTMENT,COTTAGE GROVE,5/10/2026 9:06:33 PM,CG26020491,"8XXX  Hale Ave S, COTTAGE GROVE",911 ABANDONED/HANGUP/OPEN LINE
COTTAGE GROVE POLICE DEPARTMENT,COTTAGE GROVE,5/10/2026 9:25:41 PM,CG26020494,"7XXX  Homestead Ct S, COTTAGE GROVE",UNWANTED PERSON/VEHICLE
COTTAGE GROVE POLICE DEPARTMENT,COTTAGE GROVE,5/10/2026 10:51:21 PM,CG26020497,"9XXX  Janero Ave S, COTTAGE GROVE",SUICIDE ATTEMPT/THREATS OF
COTTAGE GROVE POLICE DEPARTMENT,COTTAGE GROVE,5/11/2026 1:42:25 AM,CG26020500,"7XXX  Jenner Cir S, COTTAGE GROVE",MEDICAL
COTTAGE GROVE POLICE DEPARTMENT,COTTAGE GROVE,5/11/2026 7:59:12 AM,CG26020505,"8XXX  80TH ST S, COTTAGE GROVE",FOUND PROPERTY/ITEM
COTTAGE GROVE POLICE DEPARTMENT,COTTAGE GROVE,5/11/2026 8:16:11 AM,CG26020508,"7XXX  East Point Douglas Rd S, COTTAGE GROVE",MEDICAL
COTTAGE GROVE POLICE DEPARTMENT,COTTAGE GROVE,5/11/2026 8:57:41 AM,CG26020510,"9XXX  Indian Blvd S, COTTAGE GROVE",VEHICLE UNLOCK
COTTAGE GROVE POLICE DEPARTMENT,COTTAGE GROVE,5/11/2026 9:01:02 AM,CG26020511,"9XXX  JAMAICA AVE S, COTTAGE GROVE",MEDICAL
COTTAGE GROVE POLICE DEPARTMENT,COTTAGE GROVE,5/11/2026 9:56:20 AM,CG26020534,"8XXX  Imperial Ave S, COTTAGE GROVE",ANIMAL COMPLAINT
COTTAGE GROVE POLICE DEPARTMENT,COTTAGE GROVE,5/11/2026 10:01:54 AM,CG26020521,"9XXX  78TH ST S, COTTAGE GROVE",HARASSMENT
COTTAGE GROVE POLICE DEPARTMENT,COTTAGE GROVE,5/11/2026 11:12:37 AM,CG26020554,"7XXX  Irish Avenue Ct S, COTTAGE GROVE",MEDICAL
COTTAGE GROVE POLICE DEPARTMENT,COTTAGE GROVE,5/11/2026 11:17:01 AM,CG26020557,"9XXX  JASMINE AVE S, COTTAGE GROVE",FRAUD/SCAM
COTTAGE GROVE POLICE DEPARTMENT,COTTAGE GROVE,5/11/2026 11:41:53 AM,CG26020559,"6XXX  East Point Douglas Rd S, COTTAGE GROVE",MEDICAL
COTTAGE GROVE POLICE DEPARTMENT,COTTAGE GROVE,5/11/2026 1:57:18 PM,CG26020571,"9XXX  79th St S, COTTAGE GROVE",MEDICAL
COTTAGE GROVE POLICE DEPARTMENT,COTTAGE GROVE,5/11/2026 3:57:01 PM,CG26020586,"Hillside Trl S / Janero Ave S, COTTAGE GROVE",ACCIDENT
COTTAGE GROVE POLICE DEPARTMENT,COTTAGE GROVE,5/11/2026 4:02:31 PM,CG26020587,"12XXX  Ravine Pkwy S, COTTAGE GROVE",FRAUD/SCAM
COTTAGE GROVE POLICE DEPARTMENT,COTTAGE GROVE,5/11/2026 4:39:31 PM,CG26020590,"7XXX  74th St S, COTTAGE GROVE",MEDICAL
COTTAGE GROVE POLICE DEPARTMENT,COTTAGE GROVE,5/11/2026 4:55:00 PM,CG26020591,"6XXX  92ND ST S, COTTAGE GROVE",SHOOTING
COTTAGE GROVE POLICE DEPARTMENT,COTTAGE GROVE,5/11/2026 4:56:48 PM,CG26020592,"9XXX  KEATS AVE S, COTTAGE GROVE",SUSPICIOUS PERSON/ACTIVITY
COTTAGE GROVE POLICE DEPARTMENT,COTTAGE GROVE,5/11/2026 5:23:10 PM,CG26020595,"9XXX  Jasmine Ave S, COTTAGE GROVE",MEDICAL
COTTAGE GROVE POLICE DEPARTMENT,COTTAGE GROVE,5/11/2026 5:35:51 PM,CG26020599,"9XXX  Hamlet Ave S, COTTAGE GROVE",DISTURBANCE
COTTAGE GROVE POLICE DEPARTMENT,COTTAGE GROVE,5/11/2026 6:51:44 PM,CG26020609,"7XXX  IMPERIAL AVE S, COTTAGE GROVE",WELFARE CHECK
COTTAGE GROVE POLICE DEPARTMENT,COTTAGE GROVE,5/11/2026 7:27:45 PM,CG26020615,"7XXX  79th St S, COTTAGE GROVE",MEDICAL
COTTAGE GROVE POLICE DEPARTMENT,COTTAGE GROVE,5/11/2026 11:00:35 PM,CG26020636,"8XXX  East Point Douglas Rd S, COTTAGE GROVE",VEHICLE UNLOCK
COTTAGE GROVE POLICE DEPARTMENT,COTTAGE GROVE,5/11/2026 11:40:18 PM,CG26020645,"7XXX  Hinton Ave S, COTTAGE GROVE",WELFARE CHECK
COTTAGE GROVE POLICE DEPARTMENT,COTTAGE GROVE,5/12/2026 4:19:08 AM,CG26020655,"7XXX  East Point Douglas Rd S, COTTAGE GROVE",WELFARE CHECK
COTTAGE GROVE POLICE DEPARTMENT,COTTAGE GROVE,5/12/2026 5:36:03 AM,CG26020656,"8XXX  East Point Douglas Rd S, COTTAGE GROVE",MEDICAL
COTTAGE GROVE POLICE DEPARTMENT,COTTAGE GROVE,5/12/2026 7:54:39 AM,CG26020659,"7XXX  JENSEN AVE S, COTTAGE GROVE",OFFICER INFORMATION
COTTAGE GROVE POLICE DEPARTMENT,COTTAGE GROVE,5/12/2026 8:33:13 AM,CG26020664,"72nd St S / Iverson Ct S, COTTAGE GROVE",ANIMAL COMPLAINT
COTTAGE GROVE POLICE DEPARTMENT,COTTAGE GROVE,5/12/2026 8:55:07 AM,CG26020666,"8XXX  Greystone Ave S, COTTAGE GROVE",VEHICLE UNLOCK
COTTAGE GROVE POLICE DEPARTMENT,COTTAGE GROVE,5/12/2026 8:58:11 AM,CG26020665,"8XXX  Hillside Trl S, COTTAGE GROVE",MEDICAL
COTTAGE GROVE POLICE DEPARTMENT,COTTAGE GROVE,5/12/2026 10:38:44 AM,CG26020671,"8XXX  80TH ST S, COTTAGE GROVE",ACCIDENT
COTTAGE GROVE POLICE DEPARTMENT,COTTAGE GROVE,5/12/2026 12:01:26 PM,CG26020680,"Unknown, COTTAGE GROVE",FOUND PROPERTY/ITEM
COTTAGE GROVE POLICE DEPARTMENT,COTTAGE GROVE,5/12/2026 12:15:25 PM,CG26020681,"7XXX  Innsdale Ave S, COTTAGE GROVE",OFFICER INFORMATION
COTTAGE GROVE POLICE DEPARTMENT,COTTAGE GROVE,5/12/2026 12:24:49 PM,CG26020682,"6XXX  80th St S, COTTAGE GROVE",MEDICAL
COTTAGE GROVE POLICE DEPARTMENT,COTTAGE GROVE,5/12/2026 2:52:04 PM,CG26020693,"8XXX  East Point Douglas Rd S, COTTAGE GROVE",ACCIDENT
COTTAGE GROVE POLICE DEPARTMENT,COTTAGE GROVE,5/12/2026 3:09:13 PM,CG26020694,"6XXX  Hedgecroft Ave S, COTTAGE GROVE",ANIMAL BITE
COTTAGE GROVE POLICE DEPARTMENT,COTTAGE GROVE,5/12/2026 3:34:33 PM,CG26020696,"84th St S / Johansen Ave S, COTTAGE GROVE",ACCIDENT
COTTAGE GROVE POLICE DEPARTMENT,COTTAGE GROVE,5/12/2026 3:44:08 PM,CG26020698,"6XXX  Jeffery Ave S, COTTAGE GROVE",ANIMAL BITE
COTTAGE GROVE POLICE DEPARTMENT,COTTAGE GROVE,5/12/2026 4:29:12 PM,CG26020700,"7XXX  Hardwood Ave S, COTTAGE GROVE",WELFARE CHECK
COTTAGE GROVE POLICE DEPARTMENT,COTTAGE GROVE,5/12/2026 5:44:56 PM,CG26020702,"6XXX  - 6898 JEWEL AVE S, COTTAGE GROVE",PARKING COMPLAINT
COTTAGE GROVE POLICE DEPARTMENT,COTTAGE GROVE,5/12/2026 5:59:34 PM,CG26020704,"8XXX  90th St S, COTTAGE GROVE",NEIGHBOR DISPUTE
COTTAGE GROVE POLICE DEPARTMENT,COTTAGE GROVE,5/12/2026 6:02:05 PM,CG26020705,"7XXX  EAST POINT DOUGLAS RD S, COTTAGE GROVE",TRAFFIC STOP
COTTAGE GROVE POLICE DEPARTMENT,COTTAGE GROVE,5/12/2026 6:25:35 PM,CG26020707,"8XXX  Innsdale Ave S, COTTAGE GROVE",WELFARE CHECK
COTTAGE GROVE POLICE DEPARTMENT,COTTAGE GROVE,5/12/2026 8:17:32 PM,CG26020709,"9XXX  Granada Ave S, COTTAGE GROVE",SUSPICIOUS PERSON/ACTIVITY
COTTAGE GROVE POLICE DEPARTMENT,COTTAGE GROVE,5/12/2026 9:23:16 PM,CG26020715,"Grafton Ave S / Granada Ave S, COTTAGE GROVE",FOUND PROPERTY/ITEM
COTTAGE GROVE POLICE DEPARTMENT,COTTAGE GROVE,5/13/2026 6:15:56 AM,CG26020736,"7XXX  Hearthside Ave S, COTTAGE GROVE",MEDICAL
COTTAGE GROVE POLICE DEPARTMENT,COTTAGE GROVE,5/13/2026 9:05:02 AM,CG26020738,"11XXX  - 11999 77TH ST S, COTTAGE GROVE",ACCIDENT
COTTAGE GROVE POLICE DEPARTMENT,COTTAGE GROVE,5/13/2026 9:54:25 AM,CG26020740,"7XXX  Ivystone Ave S, COTTAGE GROVE",MEDICAL
COTTAGE GROVE POLICE DEPARTMENT,COTTAGE GROVE,5/13/2026 10:47:02 AM,CG26020747,"8XXX  Jasmine Ln S, COTTAGE GROVE",MEDICAL
COTTAGE GROVE POLICE DEPARTMENT,COTTAGE GROVE,5/13/2026 11:46:37 AM,CG26020770,"6XXX  80th St S, COTTAGE GROVE",MEDICAL
COTTAGE GROVE POLICE DEPARTMENT,COTTAGE GROVE,5/13/2026 12:03:08 PM,CG26020772,"9XXX  Hadley Ave S, COTTAGE GROVE",MEDICAL
COTTAGE GROVE POLICE DEPARTMENT,COTTAGE GROVE,5/13/2026 12:52:54 PM,CG26020777,"9XXX  Hale Ave S, COTTAGE GROVE",MEDICAL
COTTAGE GROVE POLICE DEPARTMENT,COTTAGE GROVE,5/13/2026 12:57:59 PM,CG26020780,"6XXX  Idsen Ave S, COTTAGE GROVE",IDENTITY THEFT
COTTAGE GROVE POLICE DEPARTMENT,COTTAGE GROVE,5/13/2026 1:27:06 PM,CG26020783,"8XXX  Janero Ave S, COTTAGE GROVE",MEDICAL
COTTAGE GROVE POLICE DEPARTMENT,COTTAGE GROVE,5/13/2026 2:44:00 PM,CG26020803,"8XXX  92ND ST S, COTTAGE GROVE",ACCIDENT
COTTAGE GROVE POLICE DEPARTMENT,COTTAGE GROVE,5/13/2026 2:53:00 PM,CG26020805,"10XXX  - 10739 Highway 61, COTTAGE GROVE",TRAFFIC STOP
COTTAGE GROVE POLICE DEPARTMENT,COTTAGE GROVE,5/13/2026 3:46:23 PM,CG26020810,"Jensen Ave S/73rd St, COTTAGE GROVE",E-MOTO STOP
COTTAGE GROVE POLICE DEPARTMENT,COTTAGE GROVE,5/13/2026 4:18:27 PM,CG26020811,"7XXX  Hardwood Ct S, COTTAGE GROVE",ALARM-BUSINESS/RES/FIRE/MEDICAL/ETC
COTTAGE GROVE POLICE DEPARTMENT,COTTAGE GROVE,5/13/2026 4:29:47 PM,CG26020814,"7XXX  JENSEN AVE S, COTTAGE GROVE",DWI
COTTAGE GROVE POLICE DEPARTMENT,COTTAGE GROVE,5/13/2026 4:57:17 PM,CG26020816,"6XXX  Jensen Alcove S, COTTAGE GROVE",MEDICAL
COTTAGE GROVE POLICE DEPARTMENT,COTTAGE GROVE,5/13/2026 6:36:30 PM,CG26020835,"8XXX  Scott Blvd S, COTTAGE GROVE",LOST PROPERTY/ITEM
COTTAGE GROVE POLICE DEPARTMENT,COTTAGE GROVE,5/13/2026 6:47:53 PM,CG26020836,"6XXX  East Point Douglas Rd S, COTTAGE GROVE",MEDICAL
COTTAGE GROVE POLICE DEPARTMENT,COTTAGE GROVE,5/13/2026 6:56:55 PM,CG26020838,"Inwood Ave S / Ravine Pkwy S, COTTAGE GROVE",FOUND PERSON
COTTAGE GROVE POLICE DEPARTMENT,COTTAGE GROVE,5/13/2026 7:26:25 PM,CG26020841,"7XXX  Inman Ave S, COTTAGE GROVE",FAMILY ASSIST
COTTAGE GROVE POLICE DEPARTMENT,COTTAGE GROVE,5/13/2026 9:51:57 PM,CG26020848,"7XXX  Hinton Park Ave S, COTTAGE GROVE",MEDICAL
COTTAGE GROVE POLICE DEPARTMENT,COTTAGE GROVE,5/13/2026 10:01:18 PM,CG26020851,"6XXX  96th St S, COTTAGE GROVE",MEDICAL
COTTAGE GROVE POLICE DEPARTMENT,COTTAGE GROVE,5/13/2026 10:37:00 PM,CG26020860,"HINTON AVE S / 70TH ST S, COTTAGE GROVE",WARRANT ARREST
COTTAGE GROVE POLICE DEPARTMENT,COTTAGE GROVE,5/13/2026 10:37:21 PM,CG26020861,"6XXX  Summit Curv S, COTTAGE GROVE",MEDICAL
COTTAGE GROVE POLICE DEPARTMENT,COTTAGE GROVE,5/13/2026 11:06:00 PM,CG26020863,"7XXX  - 7829 HARDWOOD AVE S, COTTAGE GROVE",DWI
COTTAGE GROVE POLICE DEPARTMENT,COTTAGE GROVE,5/14/2026 10:31:23 AM,CG26020889,"7XXX  HINTON AVE S, COTTAGE GROVE",WARRANT ATTEMPT
COTTAGE GROVE POLICE DEPARTMENT,COTTAGE GROVE,5/14/2026 12:01:31 PM,CG26020906,"10XXX  Grey Cloud Trl S, COTTAGE GROVE",MEDICAL
COTTAGE GROVE POLICE DEPARTMENT,COTTAGE GROVE,5/14/2026 2:22:13 PM,CG26020926,"90th St S / Jamaica Ave S, COTTAGE GROVE",ACCIDENT
COTTAGE GROVE POLICE DEPARTMENT,COTTAGE GROVE,5/14/2026 3:17:35 PM,CG26020935,"8XXX  80th St S, COTTAGE GROVE",ACCIDENT
COTTAGE GROVE POLICE DEPARTMENT,COTTAGE GROVE,5/14/2026 4:03:57 PM,CG26020942,"8XXX  90TH ST S, COTTAGE GROVE",CIVIL MATTER/DISPUTE
COTTAGE GROVE POLICE DEPARTMENT,COTTAGE GROVE,5/14/2026 4:49:03 PM,CG26020946,"74th St S/Jorgensen Ave S, COTTAGE GROVE",FOUND PROPERTY/ITEM
COTTAGE GROVE POLICE DEPARTMENT,COTTAGE GROVE,5/14/2026 5:37:26 PM,CG26020958,"8XXX  Indian Blvd S, COTTAGE GROVE",CIVIL MATTER/DISPUTE
COTTAGE GROVE POLICE DEPARTMENT,COTTAGE GROVE,5/14/2026 6:15:59 PM,CG26020964,"8XXX  Jody Cir S, COTTAGE GROVE",MEDICAL
COTTAGE GROVE POLICE DEPARTMENT,COTTAGE GROVE,5/14/2026 8:09:40 PM,CG26020971,"6XXX  East Point Douglas Rd S, COTTAGE GROVE",MEDICAL
COTTAGE GROVE POLICE DEPARTMENT,COTTAGE GROVE,5/14/2026 9:27:46 PM,CG26020973,"9XXX  East Point Douglas Ln S, COTTAGE GROVE",VEHICLE UNLOCK
COTTAGE GROVE POLICE DEPARTMENT,COTTAGE GROVE,5/14/2026 11:26:38 PM,CG26021007,"6XXX  93rd Alcove S, COTTAGE GROVE",MEDICAL
COTTAGE GROVE POLICE DEPARTMENT,COTTAGE GROVE,5/15/2026 12:48:23 AM,CG26021027,"JAMAICA AVE S SB TO HWY 61 NB RAMP, COTTAGE GROVE",TRAFFIC STOP
COTTAGE GROVE POLICE DEPARTMENT,COTTAGE GROVE,5/15/2026 1:22:59 AM,CG26021030,"8XXX  Indian Boulevard Ct S, COTTAGE GROVE",MEDICAL
COTTAGE GROVE POLICE DEPARTMENT,COTTAGE GROVE,5/15/2026 7:25:06 AM,CG26021040,"8XXX  East Point Douglas Rd S, COTTAGE GROVE",MEDICAL
COTTAGE GROVE POLICE DEPARTMENT,COTTAGE GROVE,5/15/2026 10:16:36 AM,CG26021055,"6XXX  East Point Douglas Rd S, COTTAGE GROVE",MEDICAL
COTTAGE GROVE POLICE DEPARTMENT,COTTAGE GROVE,5/15/2026 10:40:54 AM,CG26021058,"6XXX  East Point Douglas Rd S, COTTAGE GROVE",MEDICAL
COTTAGE GROVE POLICE DEPARTMENT,COTTAGE GROVE,5/15/2026 12:27:51 PM,CG26021076,"Highway 61, COTTAGE GROVE",DWI
COTTAGE GROVE POLICE DEPARTMENT,COTTAGE GROVE,5/15/2026 12:37:47 PM,CG26021075,"8XXX  West Point Douglas Rd S, COTTAGE GROVE",MEDICAL
COTTAGE GROVE POLICE DEPARTMENT,COTTAGE GROVE,5/15/2026 2:10:10 PM,CG26021083,"9XXX  JENSEN AVE S, COTTAGE GROVE",LOST PROPERTY/ITEM
COTTAGE GROVE POLICE DEPARTMENT,COTTAGE GROVE,5/15/2026 2:56:20 PM,CG26021086,"6XXX  Pine Arbor Dr S, COTTAGE GROVE",CITIZEN/PUBLIC ASSIST
COTTAGE GROVE POLICE DEPARTMENT,COTTAGE GROVE,5/15/2026 4:13:04 PM,CG26021094,"6XXX  Harkness Ave S, COTTAGE GROVE",MEDICAL
COTTAGE GROVE POLICE DEPARTMENT,COTTAGE GROVE,5/15/2026 4:27:11 PM,CG26021097,"8XXX  80th St S, COTTAGE GROVE",MISSING PERSON
COTTAGE GROVE POLICE DEPARTMENT,COTTAGE GROVE,5/15/2026 5:17:39 PM,CG26021112,"6XXX  80th St S, COTTAGE GROVE",MEDICAL
COTTAGE GROVE POLICE DEPARTMENT,COTTAGE GROVE,5/15/2026 5:40:17 PM,CG26021116,"9XXX  INDIAN BLVD S, COTTAGE GROVE",MEDICAL
COTTAGE GROVE POLICE DEPARTMENT,COTTAGE GROVE,5/15/2026 8:11:36 PM,CG26021125,"6XXX  Jocelyn Ave S, COTTAGE GROVE",FAMILY ASSIST
COTTAGE GROVE POLICE DEPARTMENT,COTTAGE GROVE,5/16/2026 1:05:26 AM,CG26021190,"9XXX  Hamlet Ln S, COTTAGE GROVE",DEATH INVESTIGATION
COTTAGE GROVE POLICE DEPARTMENT,COTTAGE GROVE,5/16/2026 1:06:08 AM,CG26021189,"8XXX  - 8768 HADLEY AVE S, COTTAGE GROVE",SUSPICIOUS PERSON/ACTIVITY
COTTAGE GROVE POLICE DEPARTMENT,COTTAGE GROVE,5/16/2026 2:25:26 AM,CG26021191,"8XXX  Hadley Ave S, COTTAGE GROVE",MEDICAL
COTTAGE GROVE POLICE DEPARTMENT,COTTAGE GROVE,5/16/2026 6:24:17 AM,CG26021193,"8XXX  80th St S, COTTAGE GROVE",WELFARE CHECK
COTTAGE GROVE POLICE DEPARTMENT,COTTAGE GROVE,5/16/2026 8:31:37 AM,CG26021196,"8XXX  Grenadier Ave S, COTTAGE GROVE",MEDICAL
COTTAGE GROVE POLICE DEPARTMENT,COTTAGE GROVE,5/16/2026 8:54:26 AM,CG26021197,"11XXX  Point Douglas Dr S, COTTAGE GROVE",ALARM-BUSINESS/RES/FIRE/MEDICAL/ETC
COTTAGE GROVE POLICE DEPARTMENT,COTTAGE GROVE,5/16/2026 9:56:26 AM,CG26021198,"12XXX  Ravine Pkwy S, COTTAGE GROVE",FRAUD/SCAM
COTTAGE GROVE POLICE DEPARTMENT,COTTAGE GROVE,5/16/2026 12:32:20 PM,CG26021207,"9XXX  78th St S, COTTAGE GROVE",MEDICAL
COTTAGE GROVE POLICE DEPARTMENT,COTTAGE GROVE,5/16/2026 12:44:33 PM,CG26021208,"Hadley Ave S / 80th St S, COTTAGE GROVE",ACCIDENT
COTTAGE GROVE POLICE DEPARTMENT,COTTAGE GROVE,5/16/2026 2:34:26 PM,CG26021225,"6XXX  Pine Arbor Dr S, COTTAGE GROVE",MEDICAL
COTTAGE GROVE POLICE DEPARTMENT,COTTAGE GROVE,5/16/2026 3:00:40 PM,CG26021227,"6XXX  - 6998 GOODVIEW CT S, COTTAGE GROVE",TRAFFIC STOP
COTTAGE GROVE POLICE DEPARTMENT,COTTAGE GROVE,5/16/2026 8:10:35 PM,CG26021264,"8XXX  EAST POINT DOUGLAS RD S, COTTAGE GROVE",ACCIDENT
COTTAGE GROVE POLICE DEPARTMENT,COTTAGE GROVE,5/16/2026 10:41:03 PM,CG26021300,"8XXX  Hames Rd S, COTTAGE GROVE",MEDICAL
COTTAGE GROVE POLICE DEPARTMENT,COTTAGE GROVE,5/16/2026 11:03:38 PM,CG26021303,"7XXX  Ivystone Ave S, COTTAGE GROVE",MEDICAL
COTTAGE GROVE POLICE DEPARTMENT,DENMARK TOWNSHIP,5/16/2026 8:12:39 PM,CG26021263,"Hwy 61 Sb Jso Hwy 10, DENMARK TOWNSHIP",CIVIL MATTER/DISPUTE
COTTAGE GROVE POLICE DEPARTMENT,SAINT PAUL PARK,5/14/2026 11:08:00 PM,CG26021003,"BROADWAY AVE / SUMMIT AVE, SAINT PAUL PARK",TRAFFIC STOP
FOREST LAKE POLICE DEPARTMENT,FOREST LAKE,5/10/2026 8:24:20 AM,FL26005932,"1XXX  7th Ave Sw, FOREST LAKE",FOUND PROPERTY/ITEM
FOREST LAKE POLICE DEPARTMENT,FOREST LAKE,5/10/2026 8:45:12 AM,FL26005934,"7XXX  NORTH SHORE TRL N, FOREST LAKE",RUNAWAY
FOREST LAKE POLICE DEPARTMENT,FOREST LAKE,5/10/2026 8:48:06 AM,FL26005935,"XXX 12TH ST SW, FOREST LAKE",INCIDENT
FOREST LAKE POLICE DEPARTMENT,FOREST LAKE,5/10/2026 10:52:21 AM,FL26005947,"4XXX  19TH ST SW, FOREST LAKE",DEATH INVESTIGATION
FOREST LAKE POLICE DEPARTMENT,FOREST LAKE,5/10/2026 11:16:26 AM,FL26005948,"SCANDIA TRL N & IRISH AVE N, FOREST LAKE",FOUND PROPERTY/ITEM
FOREST LAKE POLICE DEPARTMENT,FOREST LAKE,5/10/2026 2:19:44 PM,FL26005952,"XXX 12TH ST SW, FOREST LAKE",JUVENILE COMPLAINT
FOREST LAKE POLICE DEPARTMENT,FOREST LAKE,5/10/2026 4:34:16 PM,FL26005955,"4XXX  207TH ST N, FOREST LAKE",ANIMAL COMPLAINT
FOREST LAKE POLICE DEPARTMENT,FOREST LAKE,5/10/2026 5:18:15 PM,FL26005956,"I35 NB JNO 220TH ST N, FOREST LAKE",PURSUIT
FOREST LAKE POLICE DEPARTMENT,FOREST LAKE,5/10/2026 6:23:00 PM,FL26005925,"BROADWAY AVE W & 8TH ST NW, FOREST LAKE",TRAFFIC STOP
FOREST LAKE POLICE DEPARTMENT,FOREST LAKE,5/10/2026 9:21:57 PM,FL26005966,"XXX 11TH AVE SW, FOREST LAKE",ACCIDENT
FOREST LAKE POLICE DEPARTMENT,FOREST LAKE,5/10/2026 10:26:08 PM,FL26005970,"XXX LAKE ST S, FOREST LAKE",FOUND PROPERTY/ITEM
FOREST LAKE POLICE DEPARTMENT,FOREST LAKE,5/10/2026 10:48:00 PM,FL26005972,"12TH ST SW & 3RD AVE SW, FOREST LAKE",TRAFFIC STOP
FOREST LAKE POLICE DEPARTMENT,FOREST LAKE,5/11/2026 10:04:50 AM,FL26005989,"XXX 4TH ST SW, FOREST LAKE",TRESPASSING
FOREST LAKE POLICE DEPARTMENT,FOREST LAKE,5/11/2026 10:11:10 AM,FL26005991,"6XXX  SCANDIA TRL N, FOREST LAKE",DRUGS
FOREST LAKE POLICE DEPARTMENT,FOREST LAKE,5/11/2026 1:50:06 PM,FL26005997,"XX 6TH AVE SW, FOREST LAKE",MAIL THEFT
FOREST LAKE POLICE DEPARTMENT,FOREST LAKE,5/11/2026 2:11:00 PM,FL26005999,"1ST ST SE & 11TH AVE SE, FOREST LAKE",WARRANT ARREST
FOREST LAKE POLICE DEPARTMENT,FOREST LAKE,5/11/2026 2:38:10 PM,FL26006002,"XXX BROADWAY AVE W, FOREST LAKE",UNWANTED PERSON/VEHICLE
FOREST LAKE POLICE DEPARTMENT,FOREST LAKE,5/11/2026 2:47:06 PM,FL26006003,"XXX 4TH ST SW, FOREST LAKE",SCHOOL/STUDENT ISSUE
FOREST LAKE POLICE DEPARTMENT,FOREST LAKE,5/11/2026 3:36:39 PM,FL26006004,"XXX 12TH ST SW, FOREST LAKE",MAIL THEFT
FOREST LAKE POLICE DEPARTMENT,FOREST LAKE,5/11/2026 3:36:54 PM,FL26006005,"XXX 12TH ST SW, FOREST LAKE",MAIL THEFT
FOREST LAKE POLICE DEPARTMENT,FOREST LAKE,5/11/2026 3:37:10 PM,FL26006006,"XXX 12th St Sw, FOREST LAKE",MAIL THEFT
FOREST LAKE POLICE DEPARTMENT,FOREST LAKE,5/11/2026 3:37:26 PM,FL26006007,"1XXX  7TH AVE SW, FOREST LAKE",MAIL THEFT
FOREST LAKE POLICE DEPARTMENT,FOREST LAKE,5/11/2026 3:37:42 PM,FL26006008,"1XXX  7TH AVE SW, FOREST LAKE",MAIL THEFT
FOREST LAKE POLICE DEPARTMENT,FOREST LAKE,5/11/2026 5:17:17 PM,FL26006017,"6XXX  207TH ST N, FOREST LAKE",ASSAULT
FOREST LAKE POLICE DEPARTMENT,FOREST LAKE,5/11/2026 7:05:39 PM,FL26006020,"SCANDIA TRL N & GOODVIEW AVE N, FOREST LAKE",DISTURBANCE
FOREST LAKE POLICE DEPARTMENT,FOREST LAKE,5/11/2026 9:34:00 PM,FL26006023,"BROADWAY AVE W & 4TH ST NW, FOREST LAKE",TRAFFIC STOP
FOREST LAKE POLICE DEPARTMENT,FOREST LAKE,5/11/2026 9:56:05 PM,FL26006024,"21XXX  FLORAL BAY N, FOREST LAKE",WELFARE CHECK
FOREST LAKE POLICE DEPARTMENT,FOREST LAKE,5/12/2026 9:51:09 AM,FL26006038,"6XXX  SCANDIA TRL N, FOREST LAKE",SCHOOL/STUDENT ISSUE
FOREST LAKE POLICE DEPARTMENT,FOREST LAKE,5/12/2026 10:48:45 AM,FL26006041,"XXX 1ST AVE SW, FOREST LAKE",ORDINANCE VIOLATION
FOREST LAKE POLICE DEPARTMENT,FOREST LAKE,5/12/2026 1:30:38 PM,FL26006044,"1XXX  LAKE ST S, FOREST LAKE",STOP ARM VIOLATION
FOREST LAKE POLICE DEPARTMENT,FOREST LAKE,5/12/2026 1:34:03 PM,FL26006045,"12TH ST SW & 7TH AVE SW, FOREST LAKE",STOP ARM VIOLATION
FOREST LAKE POLICE DEPARTMENT,FOREST LAKE,5/12/2026 1:37:03 PM,FL26006046,"XXX 4TH ST NW, FOREST LAKE",STOP ARM VIOLATION
FOREST LAKE POLICE DEPARTMENT,FOREST LAKE,5/12/2026 1:43:33 PM,FL26006047,"19XXX  FOREST BLVD N, FOREST LAKE",STOP ARM VIOLATION
FOREST LAKE POLICE DEPARTMENT,FOREST LAKE,5/12/2026 1:47:16 PM,FL26006048,"1XXX  11TH AVE SW, FOREST LAKE",STOP ARM VIOLATION
FOREST LAKE POLICE DEPARTMENT,FOREST LAKE,5/12/2026 1:57:48 PM,FL26006049,"7XXX  213TH ST N, FOREST LAKE",ORDINANCE VIOLATION
FOREST LAKE POLICE DEPARTMENT,FOREST LAKE,5/12/2026 3:17:41 PM,FL26006057,"19XXX  FOREST BLVD N, FOREST LAKE",STOP ARM VIOLATION
FOREST LAKE POLICE DEPARTMENT,FOREST LAKE,5/12/2026 4:59:01 PM,FL26006059,"7XXX  NORTH SHORE TRL N, FOREST LAKE",DEATH
FOREST LAKE POLICE DEPARTMENT,FOREST LAKE,5/12/2026 10:29:00 PM,FL26006067,"I35NB & 220th ST, FOREST LAKE",TRAFFIC STOP
FOREST LAKE POLICE DEPARTMENT,FOREST LAKE,5/13/2026 12:00:00 AM,FL26006094,"Safe at Home, FOREST LAKE",DANCO VIOLATION
FOREST LAKE POLICE DEPARTMENT,FOREST LAKE,5/13/2026 8:35:19 AM,FL26006078,"21XXX  GOODVIEW AVE N, FOREST LAKE",RUNAWAY
FOREST LAKE POLICE DEPARTMENT,FOREST LAKE,5/13/2026 8:40:59 AM,FL26006079,"1XXX  LAKE ST S, FOREST LAKE",CITIZEN/PUBLIC ASSIST
FOREST LAKE POLICE DEPARTMENT,FOREST LAKE,5/13/2026 9:36:48 AM,FL26006083,"19XXX  FOREST RD N, FOREST LAKE",FOUND PROPERTY/ITEM
FOREST LAKE POLICE DEPARTMENT,FOREST LAKE,5/13/2026 11:59:34 AM,FL26006093,"19XXX  Forest Rd N, FOREST LAKE",THEFT
FOREST LAKE POLICE DEPARTMENT,FOREST LAKE,5/13/2026 2:23:56 PM,FL26006106,"7XXX  HILO LN N, FOREST LAKE",SUICIDE ATTEMPT/THREATS OF
FOREST LAKE POLICE DEPARTMENT,FOREST LAKE,5/13/2026 6:37:58 PM,FL26006113,"2ND AVE SW & 7TH ST SW, FOREST LAKE",ACCIDENT
FOREST LAKE POLICE DEPARTMENT,FOREST LAKE,5/13/2026 7:39:51 PM,FL26006120,"BROADWAY AVE W & I35 SB TO BROADWAY AVE W RAMP, FOREST LAKE",MOTORIST ASSIST
FOREST LAKE POLICE DEPARTMENT,FOREST LAKE,5/13/2026 8:58:52 PM,FL26006124,"XXX 11TH AVE SW, FOREST LAKE",VEHICLE UNLOCK
FOREST LAKE POLICE DEPARTMENT,FOREST LAKE,5/13/2026 11:11:39 PM,FL26006127,"XXX 7TH ST SW, FOREST LAKE",ASSIST OTHER AGENCY
FOREST LAKE POLICE DEPARTMENT,FOREST LAKE,5/14/2026 8:04:48 AM,FL26006137,"4XXX  208TH ST N, FOREST LAKE",FOUND PROPERTY/ITEM
FOREST LAKE POLICE DEPARTMENT,FOREST LAKE,5/14/2026 8:44:30 AM,FL26006141,"1XXX  12TH ST SW, FOREST LAKE",JUVENILE COMPLAINT
FOREST LAKE POLICE DEPARTMENT,FOREST LAKE,5/14/2026 9:37:39 AM,FL26006143,"21XXX  GOODVIEW AVE N, FOREST LAKE",DISTURBANCE
FOREST LAKE POLICE DEPARTMENT,FOREST LAKE,5/14/2026 10:04:47 AM,FL26006146,"1XXX  LAKE ST S, FOREST LAKE",FOUND PROPERTY/ITEM
FOREST LAKE POLICE DEPARTMENT,FOREST LAKE,5/14/2026 10:16:06 AM,FL26006147,"1XXX  NORTH SHORE DR, FOREST LAKE",DISTURBANCE
FOREST LAKE POLICE DEPARTMENT,FOREST LAKE,5/14/2026 12:05:37 PM,FL26006149,"21XXX  IDEAL AVE N, FOREST LAKE",ORDINANCE VIOLATION
FOREST LAKE POLICE DEPARTMENT,FOREST LAKE,5/14/2026 12:12:44 PM,FL26006150,"1XXX  BROADWAY AVE W, FOREST LAKE",ACCIDENT
FOREST LAKE POLICE DEPARTMENT,FOREST LAKE,5/14/2026 12:58:59 PM,FL26006153,"XXX 9TH AVE SW, FOREST LAKE",WARRANT ARREST
FOREST LAKE POLICE DEPARTMENT,FOREST LAKE,5/14/2026 1:32:28 PM,FL26006155,"1XXX  BROADWAY AVE W, FOREST LAKE",CITIZEN/PUBLIC ASSIST
FOREST LAKE POLICE DEPARTMENT,FOREST LAKE,5/14/2026 3:31:46 PM,FL26006167,"23XXX  FOREST BLVD N, FOREST LAKE",CIVIL MATTER/DISPUTE
FOREST LAKE POLICE DEPARTMENT,FOREST LAKE,5/14/2026 5:38:18 PM,FL26006174,"1XXX  4TH ST SE, FOREST LAKE",WILD ANIMAL
FOREST LAKE POLICE DEPARTMENT,FOREST LAKE,5/14/2026 6:50:00 PM,FL26006176,"XXX 2ND AVE SW, FOREST LAKE",DWI
FOREST LAKE POLICE DEPARTMENT,FOREST LAKE,5/14/2026 11:57:40 PM,FL26006182,"1XXX  BROADWAY AVE W, FOREST LAKE",JUVENILE COMPLAINT
FOREST LAKE POLICE DEPARTMENT,FOREST LAKE,5/15/2026 9:27:54 AM,FL26006195,"XXX 4TH ST SW, FOREST LAKE",SUSPICIOUS PERSON/ACTIVITY
FOREST LAKE POLICE DEPARTMENT,FOREST LAKE,5/15/2026 2:00:24 PM,FL26006206,"XXX 1ST AVE SW, FOREST LAKE",THEFT
FOREST LAKE POLICE DEPARTMENT,FOREST LAKE,5/15/2026 2:48:42 PM,FL26006211,"207TH ST N & GOODVIEW AVE N, FOREST LAKE",ACCIDENT
FOREST LAKE POLICE DEPARTMENT,FOREST LAKE,5/15/2026 4:00:29 PM,FL26006215,"XXX 12TH ST SW, FOREST LAKE",MEDICAL
FOREST LAKE POLICE DEPARTMENT,FOREST LAKE,5/15/2026 4:50:21 PM,FL26006216,"XXX 12TH ST SW, FOREST LAKE",WELFARE CHECK
FOREST LAKE POLICE DEPARTMENT,FOREST LAKE,5/15/2026 7:39:23 PM,FL26006226,"XXX 12TH ST SW, FOREST LAKE",VEHICLE UNLOCK
FOREST LAKE POLICE DEPARTMENT,FOREST LAKE,5/15/2026 11:51:35 PM,FL26006237,"1XXX  Broadway Ave W, FOREST LAKE",FIGHT
FOREST LAKE POLICE DEPARTMENT,FOREST LAKE,5/16/2026 8:53:22 AM,FL26006244,"XXX 12TH ST SW, FOREST LAKE",WELFARE CHECK
FOREST LAKE POLICE DEPARTMENT,FOREST LAKE,5/16/2026 11:48:29 AM,FL26006248,"LAKE ST S & BROADWAY AVE E, FOREST LAKE",TRAFFIC STOP
FOREST LAKE POLICE DEPARTMENT,FOREST LAKE,5/16/2026 1:02:29 PM,FL26006249,"1XXX  BROADWAY AVE W, FOREST LAKE",ACCIDENT
FOREST LAKE POLICE DEPARTMENT,FOREST LAKE,5/16/2026 4:17:14 PM,FL26006257,"19XXX  Forest Rd N, FOREST LAKE",DISTURBANCE
FOREST LAKE POLICE DEPARTMENT,FOREST LAKE,5/16/2026 9:12:00 PM,FL26006262,"BROADWAY AVE W & I35 SB, FOREST LAKE",TRAFFIC STOP
FOREST LAKE POLICE DEPARTMENT,FOREST LAKE,5/16/2026 11:27:00 PM,FL26006270,"11TH AVE SW & APARTMENT LN SW, FOREST LAKE",TRAFFIC STOP
OAKDALE POLICE DEPARTMENT,OAKDALE,5/10/2026 8:22:29 AM,OD26005385,"7XXX  10TH ST N, OAKDALE",CITIZEN/PUBLIC ASSIST
OAKDALE POLICE DEPARTMENT,OAKDALE,5/10/2026 8:48:28 AM,OD26005387,"5XXX  - 5397 GENEVA AVE N, OAKDALE",TRAFFIC STOP
OAKDALE POLICE DEPARTMENT,OAKDALE,5/10/2026 9:11:55 AM,OD26005388,"6XXX  Hudson Blvd N, OAKDALE",MEDICAL
OAKDALE POLICE DEPARTMENT,OAKDALE,5/10/2026 9:19:11 AM,OD26005389,"1XXX  GRANADA TRL N, OAKDALE",NEIGHBOR DISPUTE
OAKDALE POLICE DEPARTMENT,OAKDALE,5/10/2026 9:21:22 AM,OD26005392,"4XXX  Gershwin Ave N, OAKDALE",NOISE COMPLAINT/DISTURBANCE
OAKDALE POLICE DEPARTMENT,OAKDALE,5/10/2026 9:27:04 AM,OD26005390,"1XXX  Gershwin Ave N, OAKDALE",MEDICAL
OAKDALE POLICE DEPARTMENT,OAKDALE,5/10/2026 9:40:10 AM,OD26005391,"7XXX  10th St N, OAKDALE",FOLLOW UP
OAKDALE POLICE DEPARTMENT,OAKDALE,5/10/2026 9:56:15 AM,OD26005393,"34th St N / I694, OAKDALE",ACCIDENT
OAKDALE POLICE DEPARTMENT,OAKDALE,5/10/2026 10:27:11 AM,OD26005395,"1XXX  Glenbrook Ave N, OAKDALE",MEDICAL
OAKDALE POLICE DEPARTMENT,OAKDALE,5/10/2026 10:38:06 AM,OD26005398,"1XXX  HELMO AVE N, OAKDALE",HARASSMENT
OAKDALE POLICE DEPARTMENT,OAKDALE,5/10/2026 11:04:17 AM,OD26005400,"7XXX  15th Street Ln N, OAKDALE",SUSPICIOUS PERSON/ACTIVITY
OAKDALE POLICE DEPARTMENT,OAKDALE,5/10/2026 11:10:13 AM,OD26005401,"1XXX  HELMO AVE N, OAKDALE",ANIMAL COMPLAINT
OAKDALE POLICE DEPARTMENT,OAKDALE,5/10/2026 11:41:41 AM,OD26005403,"8XXX  4th St N, OAKDALE",MEDICAL
OAKDALE POLICE DEPARTMENT,OAKDALE,5/10/2026 12:37:45 PM,OD26005405,"XXX Greenway Ave N, OAKDALE",SUSPICIOUS PERSON/ACTIVITY
OAKDALE POLICE DEPARTMENT,OAKDALE,5/10/2026 12:53:47 PM,OD26005406,"3XXX  Granada Ln N, OAKDALE",DISTURBANCE
OAKDALE POLICE DEPARTMENT,OAKDALE,5/10/2026 1:34:53 PM,OD26005408,"5XXX  Hadley Ave N, OAKDALE",THEFT
OAKDALE POLICE DEPARTMENT,OAKDALE,5/10/2026 4:27:34 PM,OD26005411,"1XXX  HADLEY AVE N, OAKDALE",CIVIL MATTER/DISPUTE
OAKDALE POLICE DEPARTMENT,OAKDALE,5/10/2026 5:47:01 PM,OD26005412,"XXX GLENBROOK AVE N, OAKDALE",CIVIL MATTER/DISPUTE
OAKDALE POLICE DEPARTMENT,OAKDALE,5/10/2026 5:54:45 PM,OD26005413,"4XXX  GENEVA AVE N, OAKDALE",DISTURBANCE
OAKDALE POLICE DEPARTMENT,OAKDALE,5/10/2026 6:43:52 PM,OD26005415,"7XXX  10th St N, OAKDALE",DISTURBANCE
OAKDALE POLICE DEPARTMENT,OAKDALE,5/10/2026 6:55:40 PM,OD26005416,"GRAFTON AVE N / 56TH ST N, OAKDALE",SUSPICIOUS PERSON/ACTIVITY
OAKDALE POLICE DEPARTMENT,OAKDALE,5/10/2026 7:39:33 PM,OD26005417,"6XXX  9TH ST N, OAKDALE",HARASSMENT
OAKDALE POLICE DEPARTMENT,OAKDALE,5/10/2026 7:55:26 PM,OD26005418,"2XXX  Hallmark Ave N, OAKDALE",MEDICAL
OAKDALE POLICE DEPARTMENT,OAKDALE,5/10/2026 8:02:36 PM,OD26005419,"5XXX  GENEVA AVE N, OAKDALE",WELFARE CHECK
OAKDALE POLICE DEPARTMENT,OAKDALE,5/10/2026 8:16:48 PM,OD26005420,"5XXX  Heath Ave N, OAKDALE",ANIMAL COMPLAINT
OAKDALE POLICE DEPARTMENT,OAKDALE,5/10/2026 9:22:56 PM,OD26005422,"XXX HELENA AVE N, OAKDALE",MEDICAL
OAKDALE POLICE DEPARTMENT,OAKDALE,5/10/2026 9:45:54 PM,OD26005424,"10TH ST N TO I694 SB RAMP, OAKDALE",TRAFFIC STOP
OAKDALE POLICE DEPARTMENT,OAKDALE,5/10/2026 10:44:07 PM,OD26005426,"7XXX  10th St N, OAKDALE",WELFARE CHECK
OAKDALE POLICE DEPARTMENT,OAKDALE,5/10/2026 11:09:58 PM,OD26005427,"3XXX  HADLEY AVE N, OAKDALE",SHOPLIFTING
OAKDALE POLICE DEPARTMENT,OAKDALE,5/10/2026 11:22:44 PM,OD26005428,"2XXX  GRANADA AVE N, OAKDALE",NOISE COMPLAINT/DISTURBANCE
OAKDALE POLICE DEPARTMENT,OAKDALE,5/11/2026 3:50:10 AM,OD26005431,"XXX HELENA AVE N, OAKDALE",FOLLOW UP
OAKDALE POLICE DEPARTMENT,OAKDALE,5/11/2026 8:24:30 AM,OD26005434,"7XXX  10th St N, OAKDALE",ACCIDENT
OAKDALE POLICE DEPARTMENT,OAKDALE,5/11/2026 8:28:47 AM,OD26005435,"5XXX  HADLEY AVE N, OAKDALE",FOUND PROPERTY/ITEM
OAKDALE POLICE DEPARTMENT,OAKDALE,5/11/2026 8:47:19 AM,OD26005436,"4XXX  GERSHWIN AVE N, OAKDALE",OFP VIOLATION
OAKDALE POLICE DEPARTMENT,OAKDALE,5/11/2026 9:05:55 AM,OD26005437,"1XXX  HADLEY AVE N, OAKDALE",CITIZEN/PUBLIC ASSIST
OAKDALE POLICE DEPARTMENT,OAKDALE,5/11/2026 9:57:45 AM,OD26005440,"7XXX  - 7999 4th ST N, OAKDALE",TRAFFIC STOP
OAKDALE POLICE DEPARTMENT,OAKDALE,5/11/2026 11:06:06 AM,OD26005443,"3XXX  HALLMARK AVE N, OAKDALE",HARASSMENT
OAKDALE POLICE DEPARTMENT,OAKDALE,5/11/2026 11:11:13 AM,OD26005444,"7XXX  51ST ST N, OAKDALE",PARKING COMPLAINT
OAKDALE POLICE DEPARTMENT,OAKDALE,5/11/2026 11:19:33 AM,OD26005445,"6XXX  15th St N, OAKDALE",NEIGHBOR DISPUTE
OAKDALE POLICE DEPARTMENT,OAKDALE,5/11/2026 12:28:08 PM,OD26005448,"4XXX  Hamlet Ave N, OAKDALE",CIVIL MATTER/DISPUTE
OAKDALE POLICE DEPARTMENT,OAKDALE,5/11/2026 12:47:31 PM,OD26005452,"Helmo Ave N / 2nd St N, OAKDALE",ANIMAL COMPLAINT
OAKDALE POLICE DEPARTMENT,OAKDALE,5/11/2026 1:53:11 PM,OD26005453,"2XXX  HYDRAM AVE N, OAKDALE",ANIMAL COMPLAINT
OAKDALE POLICE DEPARTMENT,OAKDALE,5/11/2026 2:04:00 PM,OD26005454,"7XXX  32ND ST N, OAKDALE",SHOPLIFTING
OAKDALE POLICE DEPARTMENT,OAKDALE,5/11/2026 2:30:31 PM,OD26005455,"2XXX  HELENA AVE N, OAKDALE",911 ABANDONED/HANGUP/OPEN LINE
OAKDALE POLICE DEPARTMENT,OAKDALE,5/11/2026 3:28:16 PM,OD26005457,"3XXX  Granada Ln N, OAKDALE",DISTURBANCE
OAKDALE POLICE DEPARTMENT,OAKDALE,5/11/2026 3:31:17 PM,OD26005459,"6XXX  Grenwich Ln N, OAKDALE",CIVIL MATTER/DISPUTE
OAKDALE POLICE DEPARTMENT,OAKDALE,5/11/2026 3:34:37 PM,OD26005461,"3XXX  HADLEY AVE N, OAKDALE",SHOPLIFTING
OAKDALE POLICE DEPARTMENT,OAKDALE,5/11/2026 3:35:07 PM,OD26005460,"6XXX  15th St N, OAKDALE",CITIZEN/PUBLIC ASSIST
OAKDALE POLICE DEPARTMENT,OAKDALE,5/11/2026 3:46:58 PM,OD26005463,"XXX Henslow Ave N, OAKDALE",DISTURBANCE
OAKDALE POLICE DEPARTMENT,OAKDALE,5/11/2026 4:08:34 PM,OD26005464,"XXX Greenway Ave N, OAKDALE",MEDICAL
OAKDALE POLICE DEPARTMENT,OAKDALE,5/11/2026 4:35:03 PM,OD26005465,"XXX GREENWAY AVE N, OAKDALE",WANTED PERSON-KOPS ALERT/ATL
OAKDALE POLICE DEPARTMENT,OAKDALE,5/11/2026 4:43:23 PM,OD26005466,"7XXX  15TH ST N, OAKDALE",MEDICAL
OAKDALE POLICE DEPARTMENT,OAKDALE,5/11/2026 5:33:24 PM,OD26005470,"Stillwater Blvd N / Ideal Ave N, OAKDALE",DRIVING COMPLAINT
OAKDALE POLICE DEPARTMENT,OAKDALE,5/11/2026 5:48:25 PM,OD26005471,"2XXX  Grenadier Ave N, OAKDALE",NOISE COMPLAINT/DISTURBANCE
OAKDALE POLICE DEPARTMENT,OAKDALE,5/11/2026 6:19:11 PM,OD26005473,"1XXX  GENEVA AVE N, OAKDALE",UNWANTED PERSON/VEHICLE
OAKDALE POLICE DEPARTMENT,OAKDALE,5/11/2026 7:46:19 PM,OD26005474,"6XXX  15TH ST N, OAKDALE",CITIZEN/PUBLIC ASSIST
OAKDALE POLICE DEPARTMENT,OAKDALE,5/11/2026 7:48:13 PM,OD26005475,"4XXX  HAMLET AVE N, OAKDALE",WELFARE CHECK
OAKDALE POLICE DEPARTMENT,OAKDALE,5/11/2026 8:11:03 PM,OD26005477,"Hadley Ave N / 43rd St N, OAKDALE",WELFARE CHECK
OAKDALE POLICE DEPARTMENT,OAKDALE,5/11/2026 8:50:35 PM,OD26005478,"6XXX  UPPER 51ST ST N, OAKDALE",LOST PROPERTY/ITEM
OAKDALE POLICE DEPARTMENT,OAKDALE,5/11/2026 9:23:54 PM,OD26005479,"2XXX  GRANADA AVE N, OAKDALE",TRAFFIC COMPLAINT
OAKDALE POLICE DEPARTMENT,OAKDALE,5/11/2026 9:35:36 PM,OD26005480,"2XXX  Granada Ave N, OAKDALE",CITIZEN/PUBLIC ASSIST
OAKDALE POLICE DEPARTMENT,OAKDALE,5/11/2026 10:07:48 PM,OD26005483,"6XXX  12TH ST N, OAKDALE",WELFARE CHECK
OAKDALE POLICE DEPARTMENT,OAKDALE,5/11/2026 11:08:10 PM,OD26005484,"7XXX  51ST ST N, OAKDALE",NOISE COMPLAINT/DISTURBANCE
OAKDALE POLICE DEPARTMENT,OAKDALE,5/12/2026 12:37:13 AM,OD26005486,"6XXX  44th St N, OAKDALE",CITIZEN/PUBLIC ASSIST
OAKDALE POLICE DEPARTMENT,OAKDALE,5/12/2026 4:31:06 AM,OD26005487,"1XXX  Granada Ave N, OAKDALE",911 ABANDONED/HANGUP/OPEN LINE
OAKDALE POLICE DEPARTMENT,OAKDALE,5/12/2026 5:48:54 AM,OD26005488,"7XXX  10th St N, OAKDALE",ALARM-BUSINESS/RES/FIRE/MEDICAL/ETC
OAKDALE POLICE DEPARTMENT,OAKDALE,5/12/2026 7:45:49 AM,OD26005489,"6XXX  Upper 28th St N, OAKDALE",SUSPICIOUS PERSON/ACTIVITY
OAKDALE POLICE DEPARTMENT,OAKDALE,5/12/2026 9:16:20 AM,OD26005492,"4XXX  Gershwin Ave N, OAKDALE",WELFARE CHECK
OAKDALE POLICE DEPARTMENT,OAKDALE,5/12/2026 9:41:41 AM,OD26005493,"7XXX  42nd Street Ct N, OAKDALE",LIFT ASSIST
OAKDALE POLICE DEPARTMENT,OAKDALE,5/12/2026 10:01:16 AM,OD26005494,"30TH ST N / GREENE AVE N, OAKDALE",ROAD HAZARD
OAKDALE POLICE DEPARTMENT,OAKDALE,5/12/2026 11:06:57 AM,OD26005497,"6XXX  15th St N, OAKDALE",TRESPASSING
OAKDALE POLICE DEPARTMENT,OAKDALE,5/12/2026 11:40:54 AM,OD26005499,"1XXX  GLENBROOK AVE N, OAKDALE",PROPERTY DAMAGE
OAKDALE POLICE DEPARTMENT,OAKDALE,5/12/2026 11:46:31 AM,OD26005501,"6XXX  50th St N, OAKDALE",SUSPICIOUS PERSON/ACTIVITY
OAKDALE POLICE DEPARTMENT,OAKDALE,5/12/2026 11:59:27 AM,OD26005502,"3XXX  Gresham Ave N, OAKDALE",THEFT
OAKDALE POLICE DEPARTMENT,OAKDALE,5/12/2026 12:10:44 PM,OD26005503,"XXX Geneva Ave N, OAKDALE",THEFT
OAKDALE POLICE DEPARTMENT,OAKDALE,5/12/2026 12:48:09 PM,OD26005505,"Hwy 36 Eb At Hwy 120, OAKDALE",ASSIST OTHER AGENCY
OAKDALE POLICE DEPARTMENT,OAKDALE,5/12/2026 12:51:23 PM,OD26005506,"Hadley Ave N / 24th St N, OAKDALE",WELFARE CHECK
OAKDALE POLICE DEPARTMENT,OAKDALE,5/12/2026 1:04:55 PM,OD26005507,"6XXX  Hudson Blvd N, OAKDALE",MEDICAL
OAKDALE POLICE DEPARTMENT,OAKDALE,5/12/2026 1:24:56 PM,OD26005508,"7XXX  22nd Street Ct N, OAKDALE",911 ABANDONED/HANGUP/OPEN LINE
OAKDALE POLICE DEPARTMENT,OAKDALE,5/12/2026 1:35:04 PM,OD26005509,"10th St N / Hallmark Ave N, OAKDALE",CITIZEN/PUBLIC ASSIST
OAKDALE POLICE DEPARTMENT,OAKDALE,5/12/2026 1:55:04 PM,OD26005511,"XXX Greenway Ave N, OAKDALE",SUSPICIOUS PERSON/ACTIVITY
OAKDALE POLICE DEPARTMENT,OAKDALE,5/12/2026 2:03:05 PM,OD26005512,"7XXX  10TH ST N, OAKDALE",FIRE
OAKDALE POLICE DEPARTMENT,OAKDALE,5/12/2026 3:10:27 PM,OD26005516,"4XXX  Gershwin Ave N, OAKDALE",BURNING COMPLAINT
OAKDALE POLICE DEPARTMENT,OAKDALE,5/12/2026 6:57:05 PM,OD26005520,"1XXX  GRANADA AVE N, OAKDALE",MEDICAL
OAKDALE POLICE DEPARTMENT,OAKDALE,5/12/2026 7:42:23 PM,OD26005521,"6XXX  40TH ST N, OAKDALE",NOISE COMPLAINT/DISTURBANCE
OAKDALE POLICE DEPARTMENT,OAKDALE,5/12/2026 8:38:02 PM,OD26005522,"2XXX  Hilo Ave N, OAKDALE",THEFT FROM MOTOR VEHICLE
OAKDALE POLICE DEPARTMENT,OAKDALE,5/13/2026 3:30:24 AM,OD26005524,"Unknown, OAKDALE",WELFARE CHECK
OAKDALE POLICE DEPARTMENT,OAKDALE,5/13/2026 3:37:54 AM,OD26005525,"2XXX  GRESHAM AVE N, OAKDALE",ANIMAL COMPLAINT
OAKDALE POLICE DEPARTMENT,OAKDALE,5/13/2026 5:35:29 AM,OD26005526,"2XXX  HELENA AVE N, OAKDALE",ACCIDENT
OAKDALE POLICE DEPARTMENT,OAKDALE,5/13/2026 8:13:53 AM,OD26005528,"6XXX  Upper 48th St N, OAKDALE",ANIMAL COMPLAINT
OAKDALE POLICE DEPARTMENT,OAKDALE,5/13/2026 9:02:24 AM,OD26005530,"7XXX  10TH ST N, OAKDALE",VEHICLE UNLOCK
OAKDALE POLICE DEPARTMENT,OAKDALE,5/13/2026 9:15:44 AM,OD26005532,"XXX Hickory Ln N, OAKDALE",CITIZEN/PUBLIC ASSIST
OAKDALE POLICE DEPARTMENT,OAKDALE,5/13/2026 10:21:38 AM,OD26005534,"34TH ST N, OAKDALE",ACCIDENT
OAKDALE POLICE DEPARTMENT,OAKDALE,5/13/2026 10:25:08 AM,OD26005535,"1XXX  Helmo Ave N, OAKDALE",ANIMAL COMPLAINT
OAKDALE POLICE DEPARTMENT,OAKDALE,5/13/2026 10:55:03 AM,OD26005536,"XXX GREENWAY AVE N, OAKDALE",MEDICAL
OAKDALE POLICE DEPARTMENT,OAKDALE,5/13/2026 11:12:05 AM,OD26005537,"1XXX  GLENBROOK AVE N, OAKDALE",DRUGS
OAKDALE POLICE DEPARTMENT,OAKDALE,5/13/2026 11:37:36 AM,OD26005538,"4XXX  Helmo Ave N, OAKDALE",911 ABANDONED/HANGUP/OPEN LINE
OAKDALE POLICE DEPARTMENT,OAKDALE,5/13/2026 12:09:59 PM,OD26005542,"6XXX  15TH ST N, OAKDALE",FOUND PROPERTY/ITEM
OAKDALE POLICE DEPARTMENT,OAKDALE,5/13/2026 12:36:35 PM,OD26005543,"3XXX  Grenadier Trl N, OAKDALE",FRAUD/SCAM
OAKDALE POLICE DEPARTMENT,OAKDALE,5/13/2026 3:07:24 PM,OD26005550,"15th St N / Hadley Ave N, OAKDALE",PARKING COMPLAINT
OAKDALE POLICE DEPARTMENT,OAKDALE,5/13/2026 3:29:51 PM,OD26005552,"7XXX  22nd Street Ct N, OAKDALE",911 ABANDONED/HANGUP/OPEN LINE
OAKDALE POLICE DEPARTMENT,OAKDALE,5/13/2026 3:30:51 PM,OD26005551,"7XXX  13TH ST N, OAKDALE",CIVIL MATTER/DISPUTE
OAKDALE POLICE DEPARTMENT,OAKDALE,5/13/2026 3:35:02 PM,OD26005553,"7XXX  32ND ST N, OAKDALE",THEFT
OAKDALE POLICE DEPARTMENT,OAKDALE,5/13/2026 3:37:55 PM,OD26005554,"XX I694 Nb To 10th St N Ramp, OAKDALE",TRAFFIC COMPLAINT
OAKDALE POLICE DEPARTMENT,OAKDALE,5/13/2026 5:46:33 PM,OD26005556,"10TH ST N / GREENWAY AVE N, OAKDALE",ASSIST OTHER AGENCY
OAKDALE POLICE DEPARTMENT,OAKDALE,5/13/2026 5:52:10 PM,OD26005557,"XXX Hale Ave N, OAKDALE",ALARM-BUSINESS/RES/FIRE/MEDICAL/ETC
OAKDALE POLICE DEPARTMENT,OAKDALE,5/13/2026 6:29:02 PM,OD26005559,"6XXX  45TH ST N, OAKDALE",SUSPICIOUS PERSON/ACTIVITY
OAKDALE POLICE DEPARTMENT,OAKDALE,5/13/2026 6:38:15 PM,OD26005560,"XXX GLENBROOK AVE N, OAKDALE",NOISE COMPLAINT/DISTURBANCE
OAKDALE POLICE DEPARTMENT,OAKDALE,5/13/2026 6:58:45 PM,OD26005561,"3XXX  Garden Blvd N, OAKDALE",CIVIL MATTER/DISPUTE
OAKDALE POLICE DEPARTMENT,OAKDALE,5/13/2026 8:14:55 PM,OD26005563,"2XXX  Henslow Ave N, OAKDALE",ANIMAL BITE
OAKDALE POLICE DEPARTMENT,OAKDALE,5/13/2026 8:26:59 PM,OD26005564,"3XXX  Garden Blvd N, OAKDALE",DISTURBANCE
OAKDALE POLICE DEPARTMENT,OAKDALE,5/13/2026 8:38:58 PM,OD26005566,"7XXX  15th St N, OAKDALE",MOTOR VEHICLE THEFT
OAKDALE POLICE DEPARTMENT,OAKDALE,5/13/2026 9:16:35 PM,OD26005567,"3XXX  Geneva Ave N, OAKDALE",DISTURBANCE
OAKDALE POLICE DEPARTMENT,OAKDALE,5/13/2026 9:17:23 PM,OD26005568,"Hadley Ave N / 34th St N, OAKDALE",TRAFFIC COMPLAINT
OAKDALE POLICE DEPARTMENT,OAKDALE,5/13/2026 9:51:37 PM,OD26005569,"40TH ST N / GERSHWIN AVE N, OAKDALE",TRAFFIC STOP
OAKDALE POLICE DEPARTMENT,OAKDALE,5/13/2026 10:02:19 PM,OD26005570,"HADLEY AVE N / UPPER 35TH ST N, OAKDALE",TRAFFIC STOP
OAKDALE POLICE DEPARTMENT,OAKDALE,5/13/2026 10:04:51 PM,OD26005571,"4XXX  GRENWICH AVE N, OAKDALE",ALARM-BUSINESS/RES/FIRE/MEDICAL/ETC
OAKDALE POLICE DEPARTMENT,OAKDALE,5/13/2026 10:24:10 PM,OD26005572,"Stillwater Blvd N / Granada Ave N, OAKDALE",WELFARE CHECK
OAKDALE POLICE DEPARTMENT,OAKDALE,5/13/2026 10:39:00 PM,OD26005573,"GENEVA AVE N / 34TH ST N, OAKDALE",TRAFFIC STOP
OAKDALE POLICE DEPARTMENT,OAKDALE,5/13/2026 10:51:18 PM,OD26005574,"6XXX  53rd St N, OAKDALE",WELFARE CHECK
OAKDALE POLICE DEPARTMENT,OAKDALE,5/13/2026 11:16:01 PM,OD26005575,"7XXX  10TH ST N, OAKDALE",VEHICLE UNLOCK
OAKDALE POLICE DEPARTMENT,OAKDALE,5/13/2026 11:36:17 PM,OD26005577,"7XXX  15th Street Ln N, OAKDALE",MEDICAL
OAKDALE POLICE DEPARTMENT,OAKDALE,5/14/2026 1:05:50 AM,OD26005578,"5XXX  GENEVA AVE N, OAKDALE",UNWANTED PERSON/VEHICLE
OAKDALE POLICE DEPARTMENT,OAKDALE,5/14/2026 9:06:59 AM,OD26005582,"1XXX  Heron Ave N, OAKDALE",FOUND PROPERTY/ITEM
OAKDALE POLICE DEPARTMENT,OAKDALE,5/14/2026 10:33:09 AM,OD26005584,"3XXX  Granada Ct N, OAKDALE",CIVIL MATTER/DISPUTE
OAKDALE POLICE DEPARTMENT,OAKDALE,5/14/2026 11:16:10 AM,OD26005587,"2XXX  Greystone Ave N, OAKDALE",CITIZEN/PUBLIC ASSIST
OAKDALE POLICE DEPARTMENT,OAKDALE,5/14/2026 11:34:21 AM,OD26005588,"6XXX  15th St N, OAKDALE",TRESPASSING
OAKDALE POLICE DEPARTMENT,OAKDALE,5/14/2026 12:05:58 PM,OD26005591,"1XXX  Glenbrook Ave N, OAKDALE",CITIZEN/PUBLIC ASSIST
OAKDALE POLICE DEPARTMENT,OAKDALE,5/14/2026 12:18:27 PM,OD26005592,"6XXX  50TH ST N, OAKDALE",911 ABANDONED/HANGUP/OPEN LINE
OAKDALE POLICE DEPARTMENT,OAKDALE,5/14/2026 12:40:07 PM,OD26005596,"7XXX  10th St N, OAKDALE",CITIZEN/PUBLIC ASSIST
OAKDALE POLICE DEPARTMENT,OAKDALE,5/14/2026 1:07:32 PM,OD26005598,"6XXX  12TH ST N, OAKDALE",VEHICLE TAMPERING
OAKDALE POLICE DEPARTMENT,OAKDALE,5/14/2026 1:38:22 PM,OD26005600,"4XXX  GERSHWIN AVE N, OAKDALE",CITIZEN/PUBLIC ASSIST
OAKDALE POLICE DEPARTMENT,OAKDALE,5/14/2026 1:40:00 PM,OD26005602,"5XXX  Grenadier Ave N, OAKDALE",FRAUD/SCAM
OAKDALE POLICE DEPARTMENT,OAKDALE,5/14/2026 3:07:28 PM,OD26005611,"7XXX  40TH ST N, OAKDALE",911 ABANDONED/HANGUP/OPEN LINE
OAKDALE POLICE DEPARTMENT,OAKDALE,5/14/2026 3:11:29 PM,OD26005612,"1XXX  HADLEY AVE N, OAKDALE",HARASSMENT
OAKDALE POLICE DEPARTMENT,OAKDALE,5/14/2026 3:16:23 PM,OD26005613,"XXX HELENA AVE N, OAKDALE",DRUNK/INTOXICATED 
OAKDALE POLICE DEPARTMENT,OAKDALE,5/14/2026 3:56:14 PM,OD26005615,"3XXX  Goodwin Ct N, OAKDALE",MEDICAL
OAKDALE POLICE DEPARTMENT,OAKDALE,5/15/2026 2:49:02 PM,OD26005674,"3rd St N / Inwood Ave N, OAKDALE",TRAFFIC STOP
OAKDALE POLICE DEPARTMENT,OAKDALE,5/16/2026 11:37:53 PM,OD26005783,"6XXX  UPPER 51ST ST N, OAKDALE",OFP VIOLATION
ST. PAUL PARK POLICE DEPARTMENT,NEWPORT,5/10/2026 3:42:04 PM,SP26003693,"Hastings Ave / Bailey Rd, NEWPORT",ASSIST OTHER AGENCY
ST. PAUL PARK POLICE DEPARTMENT,NEWPORT,5/11/2026 6:22:19 PM,SP26003729,"1XXX  10th Ave, NEWPORT",ASSIST OTHER AGENCY
ST. PAUL PARK POLICE DEPARTMENT,NEWPORT,5/11/2026 10:17:09 PM,SP26003736,"1XXX  4th Ave, NEWPORT",ASSIST OTHER AGENCY
ST. PAUL PARK POLICE DEPARTMENT,SAINT PAUL PARK,5/10/2026 9:23:56 AM,SP26003684,"XXX 3rd St, SAINT PAUL PARK",HARASSMENT
ST. PAUL PARK POLICE DEPARTMENT,SAINT PAUL PARK,5/11/2026 2:21:00 PM,SP26003715,"1XXX  LAUREL AVE, SAINT PAUL PARK",ORDINANCE VIOLATION
ST. PAUL PARK POLICE DEPARTMENT,SAINT PAUL PARK,5/12/2026 3:57:14 PM,SP26003759,"XXX PORTLAND AVE, SAINT PAUL PARK",FOUND PROPERTY/ITEM
STILLWATER POLICE DEPARTMENT,GRANT,5/15/2026 3:24:30 PM,SW26004006,"75TH ST N / MANNING AVE N, GRANT",DISABLED VEHICLE
STILLWATER POLICE DEPARTMENT,LAKE ELMO,5/11/2026 12:34:36 AM,SW26003789,"HWY 36 WB AT KEATS AVE N, LAKE ELMO",WARRANT ARREST
STILLWATER POLICE DEPARTMENT,LAKELAND,5/14/2026 11:26:05 AM,SW26003954,"XXX QUALITY AV S, LAKELAND",ASSIST OTHER AGENCY
STILLWATER POLICE DEPARTMENT,OAK PARK HEIGHTS,5/12/2026 1:34:15 AM,SW26003834,"5XXX  Osgood Ave N, OAK PARK HEIGHTS",ASSIST OTHER AGENCY
STILLWATER POLICE DEPARTMENT,OAK PARK HEIGHTS,5/12/2026 6:26:23 PM,SW26003874,"6XXX  Saint Croix Trl N, OAK PARK HEIGHTS",THEFT FROM MOTOR VEHICLE
STILLWATER POLICE DEPARTMENT,OAK PARK HEIGHTS,5/15/2026 10:33:31 PM,SW26004031,"14XXX  58th St N, OAK PARK HEIGHTS",ASSIST OTHER AGENCY
STILLWATER POLICE DEPARTMENT,OAK PARK HEIGHTS,5/16/2026 7:32:28 AM,SW26004053,"5XXX  Osgood Ave N, OAK PARK HEIGHTS",ASSIST OTHER AGENCY
STILLWATER POLICE DEPARTMENT,OAK PARK HEIGHTS,5/16/2026 7:42:18 AM,SW26004054,"14XXX  56th St N, OAK PARK HEIGHTS",911 ABANDONED/HANGUP/OPEN LINE
STILLWATER POLICE DEPARTMENT,OAK PARK HEIGHTS,5/16/2026 11:06:27 PM,SW26004085,"15XXX  60th St N, OAK PARK HEIGHTS",ASSIST OTHER AGENCY
STILLWATER POLICE DEPARTMENT,STILLWATER,5/10/2026 8:55:16 AM,SW26003760,"1XXX  Greeley St S, STILLWATER",WELFARE CHECK
STILLWATER POLICE DEPARTMENT,STILLWATER,5/10/2026 8:58:51 AM,SW26003761,"XXX Main St S, STILLWATER",911 ABANDONED/HANGUP/OPEN LINE
STILLWATER POLICE DEPARTMENT,STILLWATER,5/10/2026 9:15:44 AM,SW26003763,"1XXX  Market Dr, STILLWATER",ALARM-BUSINESS/RES/FIRE/MEDICAL/ETC
STILLWATER POLICE DEPARTMENT,STILLWATER,5/10/2026 9:18:23 AM,SW26003764,"XXX Union Aly, STILLWATER",OFFICER INFORMATION
STILLWATER POLICE DEPARTMENT,STILLWATER,5/10/2026 10:55:33 AM,SW26003769,"1XXX  Cottage Dr, STILLWATER",NOISE COMPLAINT/DISTURBANCE
STILLWATER POLICE DEPARTMENT,STILLWATER,5/10/2026 11:03:19 AM,SW26003770,"XXX Owens St N, STILLWATER",OPEN DOOR/WINDOW
STILLWATER POLICE DEPARTMENT,STILLWATER,5/10/2026 12:21:39 PM,SW26003771,"Myrtle St W / Martha St N, STILLWATER",ANIMAL COMPLAINT
STILLWATER POLICE DEPARTMENT,STILLWATER,5/10/2026 2:19:48 PM,SW26003774,"Stillwater Blvd N / Oak St W, STILLWATER",PARKING COMPLAINT
STILLWATER POLICE DEPARTMENT,STILLWATER,5/10/2026 6:12:54 PM,SW26003776,"XXX 4TH ST N, STILLWATER",FOUND PROPERTY/ITEM
STILLWATER POLICE DEPARTMENT,STILLWATER,5/10/2026 6:31:49 PM,SW26003777,"2XXX  Market Dr, STILLWATER",SHOPLIFTING
STILLWATER POLICE DEPARTMENT,STILLWATER,5/10/2026 6:32:33 PM,SW26003778,"XXX Main St S, STILLWATER",ACCIDENT
STILLWATER POLICE DEPARTMENT,STILLWATER,5/10/2026 6:39:01 PM,SW26003779,"XXX 4th St N, STILLWATER",FOLLOW UP
STILLWATER POLICE DEPARTMENT,STILLWATER,5/10/2026 8:05:38 PM,SW26003780,"XXX William St N, STILLWATER",ANIMAL COMPLAINT
STILLWATER POLICE DEPARTMENT,STILLWATER,5/10/2026 8:18:44 PM,SW26003781,"14XXX  62ND ST N, STILLWATER",911 ABANDONED/HANGUP/OPEN LINE
STILLWATER POLICE DEPARTMENT,STILLWATER,5/10/2026 8:49:04 PM,SW26003782,"XXX Liberty Pkwy, STILLWATER",ANIMAL BITE
STILLWATER POLICE DEPARTMENT,STILLWATER,5/10/2026 10:59:00 PM,SW26003785,"FRONTAGE RD W, STILLWATER",TRAFFIC STOP
STILLWATER POLICE DEPARTMENT,STILLWATER,5/10/2026 11:40:33 PM,SW26003786,"15XXX  60th St N, STILLWATER",DRUGS
STILLWATER POLICE DEPARTMENT,STILLWATER,5/11/2026 5:30:01 AM,SW26003790,"1XXX  Orleans St W, STILLWATER",MEDICAL
STILLWATER POLICE DEPARTMENT,STILLWATER,5/11/2026 8:20:00 AM,SW26003792,"XXX Bridgewater Way, STILLWATER",MEDICAL
STILLWATER POLICE DEPARTMENT,STILLWATER,5/11/2026 1:22:05 PM,SW26003799,"XXX Greeley St S, STILLWATER",MEDICAL
STILLWATER POLICE DEPARTMENT,STILLWATER,5/11/2026 2:07:42 PM,SW26003800,"2XXX  Market Dr, STILLWATER",SHOPLIFTING
STILLWATER POLICE DEPARTMENT,STILLWATER,5/11/2026 2:33:21 PM,SW26003802,"1XXX  OAK ST W, STILLWATER",FOLLOW UP
STILLWATER POLICE DEPARTMENT,STILLWATER,5/11/2026 2:48:46 PM,SW26003803,"XXX Eagle Ridge Ln, STILLWATER",911 ABANDONED/HANGUP/OPEN LINE
STILLWATER POLICE DEPARTMENT,STILLWATER,5/11/2026 3:18:15 PM,SW26003807,"6XXX  Osman Ave N, STILLWATER",CITIZEN/PUBLIC ASSIST
STILLWATER POLICE DEPARTMENT,STILLWATER,5/11/2026 3:18:19 PM,SW26003806,"Greeley St S / 60th St N, STILLWATER",ROAD HAZARD
STILLWATER POLICE DEPARTMENT,STILLWATER,5/11/2026 3:28:51 PM,SW26003809,"1XXX  Market Dr, STILLWATER",MEDICAL
STILLWATER POLICE DEPARTMENT,STILLWATER,5/11/2026 3:53:52 PM,SW26003813,"XX Stillwater Lift Bridge (pedestrian) - Mn, STILLWATER",FOUND PROPERTY/ITEM
STILLWATER POLICE DEPARTMENT,STILLWATER,5/11/2026 4:43:00 PM,SW26003820,"1XXX  - 1125 PINE ST W, STILLWATER",TRAFFIC STOP
STILLWATER POLICE DEPARTMENT,STILLWATER,5/11/2026 6:48:52 PM,SW26003823,"1XXX  3RD AVE, STILLWATER",FOLLOW UP
STILLWATER POLICE DEPARTMENT,STILLWATER,5/11/2026 7:14:16 PM,SW26003824,"XXX Chestnut St E, STILLWATER",ATV/OHV COMPLAINT
STILLWATER POLICE DEPARTMENT,STILLWATER,5/11/2026 8:02:34 PM,SW26003825,"1XXX  Market Dr, STILLWATER",JUVENILE COMPLAINT
STILLWATER POLICE DEPARTMENT,STILLWATER,5/11/2026 8:16:20 PM,SW26003826,"1XXX  ORLEANS ST W, STILLWATER",JUVENILE COMPLAINT
STILLWATER POLICE DEPARTMENT,STILLWATER,5/11/2026 9:12:05 PM,SW26003828,"1XXX  Parkwood Ln, STILLWATER",SUICIDE ATTEMPT/THREATS OF
STILLWATER POLICE DEPARTMENT,STILLWATER,5/11/2026 9:41:21 PM,SW26003829,"1XXX  Market Dr, STILLWATER",ALARM-BUSINESS/RES/FIRE/MEDICAL/ETC
STILLWATER POLICE DEPARTMENT,STILLWATER,5/12/2026 12:24:23 AM,SW26003831,"2XXX  Countryside Ct, STILLWATER",NOISE COMPLAINT/DISTURBANCE
STILLWATER POLICE DEPARTMENT,STILLWATER,5/12/2026 1:16:28 AM,SW26003833,"XXX Greeley St S, STILLWATER",CITIZEN/PUBLIC ASSIST
STILLWATER POLICE DEPARTMENT,STILLWATER,5/12/2026 2:01:00 AM,SW26003836,"XXX - 250 2ND ST N, STILLWATER",TRAFFIC STOP
STILLWATER POLICE DEPARTMENT,STILLWATER,5/12/2026 8:04:27 AM,SW26003839,"1XXX  Orleans St W, STILLWATER",WELFARE CHECK
STILLWATER POLICE DEPARTMENT,STILLWATER,5/12/2026 9:34:58 AM,SW26003841,"XXX Linden St W, STILLWATER",MEDICAL
STILLWATER POLICE DEPARTMENT,STILLWATER,5/12/2026 10:15:47 AM,SW26003842,"XXX Deer Path, STILLWATER",SUSPICIOUS PERSON/ACTIVITY
STILLWATER POLICE DEPARTMENT,STILLWATER,5/12/2026 10:39:43 AM,SW26003844,"1XXX  Oak St W, STILLWATER",ANIMAL COMPLAINT
STILLWATER POLICE DEPARTMENT,STILLWATER,5/12/2026 10:40:19 AM,SW26003843,"5th St N / Cherry St W, STILLWATER",PUBLIC WORKS CONCERN
STILLWATER POLICE DEPARTMENT,STILLWATER,5/12/2026 10:47:17 AM,SW26003845,"Unknown, STILLWATER",CITIZEN/PUBLIC ASSIST
STILLWATER POLICE DEPARTMENT,STILLWATER,5/12/2026 10:53:33 AM,SW26003846,"XXX DEER PATH, STILLWATER",SUSPICIOUS PERSON/ACTIVITY
STILLWATER POLICE DEPARTMENT,STILLWATER,5/12/2026 1:44:16 PM,SW26003851,"1XXX  2nd St N, STILLWATER",PARKING COMPLAINT
STILLWATER POLICE DEPARTMENT,STILLWATER,5/12/2026 1:49:55 PM,SW26003852,"XXX 2nd St S, STILLWATER",CITIZEN/PUBLIC ASSIST
STILLWATER POLICE DEPARTMENT,STILLWATER,5/12/2026 1:56:17 PM,SW26003853,"1XXX  Owens St N, STILLWATER",911 ABANDONED/HANGUP/OPEN LINE
STILLWATER POLICE DEPARTMENT,STILLWATER,5/12/2026 1:58:59 PM,SW26003854,"XXX Greeley St S, STILLWATER",MEDICAL
STILLWATER POLICE DEPARTMENT,STILLWATER,5/12/2026 2:12:20 PM,SW26003855,"Hazel St E / 2nd St N, STILLWATER",PARKING COMPLAINT
STILLWATER POLICE DEPARTMENT,STILLWATER,5/12/2026 2:46:56 PM,SW26003857,"1XXX  Tower Dr, STILLWATER",PARKING COMPLAINT
STILLWATER POLICE DEPARTMENT,STILLWATER,5/12/2026 3:15:56 PM,SW26003863,"XXX Sherburne St S, STILLWATER",WELFARE CHECK
STILLWATER POLICE DEPARTMENT,STILLWATER,5/12/2026 3:36:12 PM,SW26003866,"XXX 4th St N, STILLWATER",CIVIL MATTER/DISPUTE
STILLWATER POLICE DEPARTMENT,STILLWATER,5/12/2026 3:40:36 PM,SW26003867,"Unknown, STILLWATER",CITIZEN/PUBLIC ASSIST
STILLWATER POLICE DEPARTMENT,STILLWATER,5/12/2026 4:44:06 PM,SW26003873,"12XXX  Mckusick Rd N, STILLWATER",CITIZEN/PUBLIC ASSIST
STILLWATER POLICE DEPARTMENT,STILLWATER,5/12/2026 4:44:12 PM,SW26003872,"2XXX  Orleans St W, STILLWATER",DISTURBANCE
STILLWATER POLICE DEPARTMENT,STILLWATER,5/12/2026 6:38:16 PM,SW26003875,"1XXX  Curve Crest Blvd, STILLWATER",ALARM-BUSINESS/RES/FIRE/MEDICAL/ETC
STILLWATER POLICE DEPARTMENT,STILLWATER,5/12/2026 6:44:25 PM,SW26003876,"XXX BRIDGEWATER WAY, STILLWATER",MEDICAL
STILLWATER POLICE DEPARTMENT,STILLWATER,5/12/2026 7:06:13 PM,SW26003878,"XXX Amundson Dr, STILLWATER",MEDICAL
STILLWATER POLICE DEPARTMENT,STILLWATER,5/12/2026 7:16:00 PM,SW26003879,"1XXX  - 1920 PINE ST W, STILLWATER",TRAFFIC STOP
STILLWATER POLICE DEPARTMENT,STILLWATER,5/12/2026 8:41:48 PM,SW26003883,"XXX BRIDGEWATER WAY, STILLWATER",MEDICAL
STILLWATER POLICE DEPARTMENT,STILLWATER,5/12/2026 8:42:48 PM,SW26003884,"XXX Greeley St S, STILLWATER",MEDICAL
STILLWATER POLICE DEPARTMENT,STILLWATER,5/12/2026 9:45:36 PM,SW26003885,"XXX - 729 GREELEY ST S, STILLWATER",TRAFFIC STOP
STILLWATER POLICE DEPARTMENT,STILLWATER,5/12/2026 10:00:22 PM,SW26003887,"Unknown, STILLWATER",WELFARE CHECK
STILLWATER POLICE DEPARTMENT,STILLWATER,5/12/2026 10:04:25 PM,SW26003888,"XXX Poplar St W, STILLWATER",ALARM-BUSINESS/RES/FIRE/MEDICAL/ETC
STILLWATER POLICE DEPARTMENT,STILLWATER,5/12/2026 10:27:57 PM,SW26003890,"1XXX  Greeley St S, STILLWATER",ALARM-BUSINESS/RES/FIRE/MEDICAL/ETC
STILLWATER POLICE DEPARTMENT,STILLWATER,5/13/2026 8:16:05 AM,SW26003895,"XXX Grove St S, STILLWATER",SUSPICIOUS PERSON/ACTIVITY
STILLWATER POLICE DEPARTMENT,STILLWATER,5/13/2026 10:32:31 AM,SW26003896,"2XXX  OAK GLEN DR, STILLWATER",CIVIL MATTER/DISPUTE
STILLWATER POLICE DEPARTMENT,STILLWATER,5/13/2026 11:16:00 AM,SW26003897,"2XXX  Willard St W, STILLWATER",DWI
STILLWATER POLICE DEPARTMENT,STILLWATER,5/13/2026 11:28:00 AM,SW26003899,"1XXX  NORTHWESTERN AVE, STILLWATER",ALARM-BUSINESS/RES/FIRE/MEDICAL/ETC
STILLWATER POLICE DEPARTMENT,STILLWATER,5/13/2026 11:34:05 AM,SW26003900,"1XXX  Greeley St S, STILLWATER",911 ABANDONED/HANGUP/OPEN LINE
STILLWATER POLICE DEPARTMENT,STILLWATER,5/13/2026 11:59:33 AM,SW26003904,"2XXX  OAK GLEN DR, STILLWATER",CIVIL MATTER/DISPUTE
STILLWATER POLICE DEPARTMENT,STILLWATER,5/13/2026 1:00:20 PM,SW26003905,"XXX Laurel St W, STILLWATER",ANIMAL COMPLAINT
STILLWATER POLICE DEPARTMENT,STILLWATER,5/13/2026 1:54:24 PM,SW26003906,"1XXX  PINE ST W, STILLWATER",ROAD HAZARD
STILLWATER POLICE DEPARTMENT,STILLWATER,5/13/2026 2:00:58 PM,SW26003907,"XXX Main St S, STILLWATER",ALARM-BUSINESS/RES/FIRE/MEDICAL/ETC
STILLWATER POLICE DEPARTMENT,STILLWATER,5/13/2026 2:16:52 PM,SW26003908,"12XXX  Mckusick Rd N, STILLWATER",ANIMAL COMPLAINT
STILLWATER POLICE DEPARTMENT,STILLWATER,5/13/2026 3:04:49 PM,SW26003910,"XXX Olive St W, STILLWATER",ASSIST OTHER AGENCY
STILLWATER POLICE DEPARTMENT,STILLWATER,5/13/2026 3:07:21 PM,SW26003911,"1XXX  Curve Crest Blvd W, STILLWATER",SUSPICIOUS PERSON/ACTIVITY
STILLWATER POLICE DEPARTMENT,STILLWATER,5/13/2026 3:54:03 PM,SW26003914,"2XXX  COTTAGE DR, STILLWATER",DISTURBANCE
STILLWATER POLICE DEPARTMENT,STILLWATER,5/13/2026 4:48:59 PM,SW26003925,"1XXX  GREELEY ST S, STILLWATER",SUSPICIOUS PERSON/ACTIVITY
STILLWATER POLICE DEPARTMENT,STILLWATER,5/13/2026 5:17:27 PM,SW26003928,"1XXX  Cottage Dr, STILLWATER",SUSPICIOUS PERSON/ACTIVITY
STILLWATER POLICE DEPARTMENT,STILLWATER,5/13/2026 7:11:01 PM,SW26003932,"1XXX  Orleans St W, STILLWATER",SUSPICIOUS PERSON/ACTIVITY
STILLWATER POLICE DEPARTMENT,STILLWATER,5/13/2026 7:58:27 PM,SW26003933,"1XXX  Market Dr, STILLWATER",ALARM-BUSINESS/RES/FIRE/MEDICAL/ETC
STILLWATER POLICE DEPARTMENT,STILLWATER,5/13/2026 8:50:04 PM,SW26003934,"XXX Alder St E, STILLWATER",911 ABANDONED/HANGUP/OPEN LINE
STILLWATER POLICE DEPARTMENT,STILLWATER,5/13/2026 9:11:05 PM,SW26003935,"1XXX  Greeley St S, STILLWATER",ALARM-BUSINESS/RES/FIRE/MEDICAL/ETC
STILLWATER POLICE DEPARTMENT,STILLWATER,5/13/2026 11:54:41 PM,SW26003939,"2XXX  Orleans St W, STILLWATER",SUSPICIOUS PERSON/ACTIVITY
STILLWATER POLICE DEPARTMENT,STILLWATER,5/13/2026 11:56:02 PM,SW26003938,"XXX MARYKNOLL DR N, STILLWATER",MEDICAL
STILLWATER POLICE DEPARTMENT,STILLWATER,5/14/2026 4:17:17 AM,SW26003944,"1XXX  Frontage Rd W, STILLWATER",911 ABANDONED/HANGUP/OPEN LINE
STILLWATER POLICE DEPARTMENT,STILLWATER,5/14/2026 5:33:00 AM,SW26003946,"William St S/Willard St W, STILLWATER",FOUND PROPERTY/ITEM
STILLWATER POLICE DEPARTMENT,STILLWATER,5/14/2026 7:38:05 AM,SW26003947,"XXX Linden St W, STILLWATER",MEDICAL
STILLWATER POLICE DEPARTMENT,STILLWATER,5/14/2026 7:43:46 AM,SW26003948,"2XXX  Brewers Ln, STILLWATER",ANIMAL COMPLAINT
STILLWATER POLICE DEPARTMENT,STILLWATER,5/14/2026 8:41:07 AM,SW26003950,"13XXX  BOUTWELL RD N, STILLWATER",911 ABANDONED/HANGUP/OPEN LINE
STILLWATER POLICE DEPARTMENT,STILLWATER,5/14/2026 10:25:11 AM,SW26003951,"1XXX  Market Dr, STILLWATER",CITIZEN/PUBLIC ASSIST
STILLWATER POLICE DEPARTMENT,STILLWATER,5/14/2026 10:43:53 AM,SW26003952,"1XXX  Tower Dr, STILLWATER",SUSPICIOUS PERSON/ACTIVITY
STILLWATER POLICE DEPARTMENT,STILLWATER,5/14/2026 11:16:00 AM,SW26003953,"XXX 5th St S, STILLWATER",PARKING COMPLAINT
STILLWATER POLICE DEPARTMENT,STILLWATER,5/14/2026 12:38:29 PM,SW26003955,"XXX 4th St N, STILLWATER",CITIZEN/PUBLIC ASSIST
STILLWATER POLICE DEPARTMENT,STILLWATER,5/14/2026 1:31:03 PM,SW26003956,"XXX Bridgewater Way, STILLWATER",MEDICAL
STILLWATER POLICE DEPARTMENT,STILLWATER,5/14/2026 2:25:48 PM,SW26003958,"2XXX  Market Dr, STILLWATER",ANIMAL COMPLAINT
STILLWATER POLICE DEPARTMENT,STILLWATER,5/14/2026 2:41:02 PM,SW26003959,"12XXX  77th St N, STILLWATER",MEDICAL
STILLWATER POLICE DEPARTMENT,STILLWATER,5/14/2026 5:30:59 PM,SW26003968,"XXX Olive St W, STILLWATER",REQUEST FOR EMERGENCY EXAM - 72 HR HOLD
STILLWATER POLICE DEPARTMENT,STILLWATER,5/14/2026 6:14:11 PM,SW26003971,"2XXX  Curve Crest Blvd, STILLWATER",SUSPICIOUS PERSON/ACTIVITY
STILLWATER POLICE DEPARTMENT,STILLWATER,5/14/2026 6:39:24 PM,SW26003972,"Oakridge Rd / Darrell Dr, STILLWATER",NEIGHBOR DISPUTE
STILLWATER POLICE DEPARTMENT,STILLWATER,5/14/2026 7:43:39 PM,SW26003973,"2XXX  Oakridge Rd, STILLWATER",FIRE
STILLWATER POLICE DEPARTMENT,STILLWATER,5/14/2026 7:54:38 PM,SW26003974,"1XXX  Curve Crest Blvd W, STILLWATER",MEDICAL
STILLWATER POLICE DEPARTMENT,STILLWATER,5/14/2026 9:45:34 PM,SW26003976,"1XXX  Parkwood Ln, STILLWATER",SUSPICIOUS PERSON/ACTIVITY
STILLWATER POLICE DEPARTMENT,STILLWATER,5/14/2026 11:54:52 PM,SW26003978,"14XXX  62nd St N, STILLWATER",SUSPICIOUS PERSON/ACTIVITY
STILLWATER POLICE DEPARTMENT,STILLWATER,5/15/2026 9:25:16 AM,SW26003983,"XXX Main St N, STILLWATER",MEDICAL
STILLWATER POLICE DEPARTMENT,STILLWATER,5/15/2026 10:38:53 AM,SW26003984,"XXX PINE ST W, STILLWATER",CITIZEN/PUBLIC ASSIST
STILLWATER POLICE DEPARTMENT,STILLWATER,5/15/2026 10:41:53 AM,SW26003985,"XXX Main St S, STILLWATER",OFFICER INFORMATION
STILLWATER POLICE DEPARTMENT,STILLWATER,5/15/2026 12:09:15 PM,SW26003986,"2XXX  Orleans St W, STILLWATER",UNWANTED PERSON/VEHICLE
STILLWATER POLICE DEPARTMENT,STILLWATER,5/15/2026 12:42:22 PM,SW26003989,"Hwy 36 Wb At Greeley St S, STILLWATER",CITIZEN/PUBLIC ASSIST
STILLWATER POLICE DEPARTMENT,STILLWATER,5/15/2026 12:50:51 PM,SW26003991,"1XXX  1st St N, STILLWATER",ANIMAL COMPLAINT
STILLWATER POLICE DEPARTMENT,STILLWATER,5/15/2026 1:06:51 PM,SW26003993,"XXX 2nd St N, STILLWATER",UNWANTED PERSON/VEHICLE
STILLWATER POLICE DEPARTMENT,STILLWATER,5/15/2026 1:18:51 PM,SW26003996,"1XXX  Market Dr, STILLWATER",HARASSMENT
STILLWATER POLICE DEPARTMENT,STILLWATER,5/15/2026 1:49:29 PM,SW26003999,"1XXX  Oak St W, STILLWATER",MEDICAL
STILLWATER POLICE DEPARTMENT,STILLWATER,5/15/2026 2:35:35 PM,SW26004001,"MYRTLE ST W / GROVE ST S, STILLWATER",MEDICAL
STILLWATER POLICE DEPARTMENT,STILLWATER,5/15/2026 3:58:58 PM,SW26004008,"1XXX  CURVE CREST BLVD W, STILLWATER",MEDICAL
STILLWATER POLICE DEPARTMENT,STILLWATER,5/15/2026 4:17:12 PM,SW26004010,"1XXX  Broadway St N, STILLWATER",MEDICAL
STILLWATER POLICE DEPARTMENT,STILLWATER,5/15/2026 4:24:41 PM,SW26004011,"2XXX  NEAL CT N, STILLWATER",MEDICAL
STILLWATER POLICE DEPARTMENT,STILLWATER,5/15/2026 6:04:06 PM,SW26004012,"XXX Main St S, STILLWATER",ALARM-BUSINESS/RES/FIRE/MEDICAL/ETC
STILLWATER POLICE DEPARTMENT,STILLWATER,5/15/2026 7:00:00 PM,sw26004015,"XXX block Owens St N, STILLWATER",TRAFFIC STOP
STILLWATER POLICE DEPARTMENT,STILLWATER,5/15/2026 7:01:27 PM,SW26004014,"XXX - 226 4TH ST N, STILLWATER",PARKING VIOLATION
STILLWATER POLICE DEPARTMENT,STILLWATER,5/15/2026 7:36:50 PM,SW26004016,"XXX - 128 MAIN ST N, STILLWATER",PARKING VIOLATION
STILLWATER POLICE DEPARTMENT,STILLWATER,5/15/2026 7:47:40 PM,SW26004018,"1XXX  Mckusick Rd, STILLWATER",911 ABANDONED/HANGUP/OPEN LINE
STILLWATER POLICE DEPARTMENT,STILLWATER,5/15/2026 9:35:46 PM,SW26004025,"Nelson St / 2nd St S, STILLWATER",WELFARE CHECK
STILLWATER POLICE DEPARTMENT,STILLWATER,5/15/2026 9:43:45 PM,SW26004026,"Hwy 36 Wb Jwo Greeley St S, STILLWATER",WELFARE CHECK
STILLWATER POLICE DEPARTMENT,STILLWATER,5/15/2026 10:03:44 PM,SW26004027,"XXX Main St S, STILLWATER",UNWANTED PERSON/VEHICLE
STILLWATER POLICE DEPARTMENT,STILLWATER,5/15/2026 10:04:48 PM,SW26004028,"XXX Hidden Valley Ct, STILLWATER",SUICIDE ATTEMPT/THREATS OF
STILLWATER POLICE DEPARTMENT,STILLWATER,5/15/2026 10:25:06 PM,SW26004029,"XXX MARSH ST W, STILLWATER",SUSPICIOUS PERSON/ACTIVITY
STILLWATER POLICE DEPARTMENT,STILLWATER,5/15/2026 10:32:29 PM,SW26004030,"XXX Marsh St W, STILLWATER",SUSPICIOUS PERSON/ACTIVITY
STILLWATER POLICE DEPARTMENT,STILLWATER,5/15/2026 11:00:27 PM,SW26004033,"1XXX  Driving Park Rd, STILLWATER",NOISE COMPLAINT/DISTURBANCE
STILLWATER POLICE DEPARTMENT,STILLWATER,5/15/2026 11:31:31 PM,SW26004037,"1XXX  Oak Glen Pl, STILLWATER",JUVENILE COMPLAINT
STILLWATER POLICE DEPARTMENT,STILLWATER,5/16/2026 12:08:21 AM,SW26004038,"XXX William St S, STILLWATER",DISORDERLY CONDUCT
STILLWATER POLICE DEPARTMENT,STILLWATER,5/16/2026 12:35:08 AM,SW26004040,"XXX Oak St W, STILLWATER",OFFICER INFORMATION
STILLWATER POLICE DEPARTMENT,STILLWATER,5/16/2026 12:36:42 AM,SW26004041,"XXX Main St S, STILLWATER",CITIZEN/PUBLIC ASSIST
STILLWATER POLICE DEPARTMENT,STILLWATER,5/16/2026 12:55:54 AM,SW26004044,"XXX William St S, STILLWATER",FOLLOW UP
STILLWATER POLICE DEPARTMENT,STILLWATER,5/16/2026 12:58:14 AM,SW26004043,"XXX MAIN ST S, STILLWATER",FIRE
STILLWATER POLICE DEPARTMENT,STILLWATER,5/16/2026 4:03:12 AM,SW26004047,"14XXX  62nd St N, STILLWATER",ASSIST OTHER AGENCY
STILLWATER POLICE DEPARTMENT,STILLWATER,5/16/2026 4:51:45 AM,SW26004048,"14XXX  62nd St N, STILLWATER",FOLLOW UP
STILLWATER POLICE DEPARTMENT,STILLWATER,5/16/2026 5:02:27 AM,SW26004049,"14XXX  62ND ST N, STILLWATER",ASSIST OTHER AGENCY
STILLWATER POLICE DEPARTMENT,STILLWATER,5/16/2026 6:47:50 AM,SW26004051,"Pine Hollow Grn / Settlers Way, STILLWATER",ACCIDENT
STILLWATER POLICE DEPARTMENT,STILLWATER,5/16/2026 8:49:44 AM,SW26004056,"XXX MAIN ST N, STILLWATER",911 ABANDONED/HANGUP/OPEN LINE
STILLWATER POLICE DEPARTMENT,STILLWATER,5/16/2026 11:20:39 AM,SW26004059,"1XXX  Curve Crest Blvd, STILLWATER",CITIZEN/PUBLIC ASSIST
STILLWATER POLICE DEPARTMENT,STILLWATER,5/16/2026 11:40:17 AM,SW26004061,"XXX Olive St W, STILLWATER",DISTURBANCE
STILLWATER POLICE DEPARTMENT,STILLWATER,5/16/2026 12:38:20 PM,SW26004062,"3XXX  Settlers Way, STILLWATER",VEHICLE UNLOCK
STILLWATER POLICE DEPARTMENT,STILLWATER,5/16/2026 1:07:26 PM,SW26004064,"1XXX  Benson Blvd E, STILLWATER",911 ABANDONED/HANGUP/OPEN LINE
STILLWATER POLICE DEPARTMENT,STILLWATER,5/16/2026 1:19:26 PM,SW26004065,"XXX 4th St N, STILLWATER",MEDICAL
STILLWATER POLICE DEPARTMENT,STILLWATER,5/16/2026 2:39:16 PM,SW26004066,"XXX Saint Croix Ave W, STILLWATER",911 ABANDONED/HANGUP/OPEN LINE
STILLWATER POLICE DEPARTMENT,STILLWATER,5/16/2026 3:09:03 PM,SW26004067,"XXX Olive St W, STILLWATER",PARKING COMPLAINT
STILLWATER POLICE DEPARTMENT,STILLWATER,5/16/2026 4:25:01 PM,SW26004068,"XXX Greeley St S, STILLWATER",MEDICAL
STILLWATER POLICE DEPARTMENT,STILLWATER,5/16/2026 4:32:34 PM,SW26004069,"2XXX  Market Dr, STILLWATER",THEFT
STILLWATER POLICE DEPARTMENT,STILLWATER,5/16/2026 6:13:58 PM,SW26004073,"XXX Sunrise Ave, STILLWATER",TRAFFIC COMPLAINT
STILLWATER POLICE DEPARTMENT,STILLWATER,5/16/2026 6:22:15 PM,SW26004076,"14XXX  62nd St N, STILLWATER",MEDICAL
STILLWATER POLICE DEPARTMENT,STILLWATER,5/16/2026 6:29:06 PM,SW26004077,"XXX Greeley St S, STILLWATER",MEDICAL
STILLWATER POLICE DEPARTMENT,STILLWATER,5/16/2026 8:38:26 PM,SW26004081,"XXX MAIN ST S, STILLWATER",CITIZEN/PUBLIC ASSIST
STILLWATER POLICE DEPARTMENT,STILLWATER,5/16/2026 9:07:03 PM,SW26004082,"XXX MARSH ST W, STILLWATER",ALARM-BUSINESS/RES/FIRE/MEDICAL/ETC
STILLWATER POLICE DEPARTMENT,STILLWATER,5/16/2026 10:40:43 PM,SW26004083,"2XXX  Orleans St W, STILLWATER",MEDICAL
STILLWATER POLICE DEPARTMENT,STILLWATER,5/16/2026 11:20:45 PM,SW26004086,"XXX Water St S, STILLWATER",DISTURBANCE
STILLWATER POLICE DEPARTMENT,STILLWATER,5/16/2026 11:32:47 PM,SW26004087,"2XXX  Orleans St W, STILLWATER",MEDICAL
STILLWATER POLICE DEPARTMENT,WOODBURY,5/15/2026 12:19:00 PM,SW26003987,"XXX - 496 RADIO DR, WOODBURY",TRAFFIC STOP
STILLWATER POLICE DEPARTMENT,WOODBURY,5/15/2026 12:37:00 PM,SW26003988,"RADIO DR & I94, WOODBURY",TRAFFIC STOP
STILLWATER POLICE DEPARTMENT,WOODBURY,5/15/2026 12:52:00 PM,SW26003990,"RADIO DR & I94, WOODBURY",TRAFFIC STOP
STILLWATER POLICE DEPARTMENT,WOODBURY,5/15/2026 1:04:00 PM,SW26003992,"RADIO DR & I94, WOODBURY",TRAFFIC STOP
STILLWATER POLICE DEPARTMENT,WOODBURY,5/15/2026 1:17:00 PM,SW26003995,"RADIO DR & I94, WOODBURY",TRAFFIC STOP
STILLWATER POLICE DEPARTMENT,WOODBURY,5/15/2026 1:30:00 PM,SW26003997,"RADIO DR & I94, WOODBURY",TRAFFIC STOP
STILLWATER POLICE DEPARTMENT,WOODBURY,5/15/2026 1:44:00 PM,SW26003998,"RADIO DR & I94, WOODBURY",TRAFFIC STOP
STILLWATER POLICE DEPARTMENT,WOODBURY,5/15/2026 1:56:00 PM,SW26004000,"RADIO DR & TAMARACK RD, WOODBURY",TRAFFIC STOP
STILLWATER POLICE DEPARTMENT,WOODBURY,5/15/2026 2:47:00 PM,SW26004002,"RADIO DR & I94, WOODBURY",TRAFFIC STOP
STILLWATER POLICE DEPARTMENT,WOODBURY,5/15/2026 3:03:00 PM,SW26004004,"RADIO DR & I94, WOODBURY",TRAFFIC STOP
STILLWATER POLICE DEPARTMENT,WOODBURY,5/15/2026 3:19:00 PM,SW26004005,"RADIO DR & HUDSON RD, WOODBURY",TRAFFIC STOP
WASHINGTON COUNTY SHERIFFS OFFICE,AFTON,5/10/2026 10:31:01 AM,WC26021854,"16XXX  Swede Hill Dr S, AFTON",OTHER
WASHINGTON COUNTY SHERIFFS OFFICE,AFTON,5/11/2026 1:14:23 AM,WC26021945,"I94 Eb At Manning Ave S, AFTON",911 ABANDONED/HANGUP/OPEN LINE
WASHINGTON COUNTY SHERIFFS OFFICE,AFTON,5/12/2026 12:00:00 AM,WC26022196,"30th street s/ st. Croix trail S, AFTON",TRAFFIC STOP
WASHINGTON COUNTY SHERIFFS OFFICE,AFTON,5/13/2026 5:54:05 PM,WC26022516,"3XXX  Trading Post Trl S, AFTON",MEDICAL
WASHINGTON COUNTY SHERIFFS OFFICE,AFTON,5/14/2026 5:49:49 PM,WC26022722,"I94 Eb At Mndot Rest Area, AFTON",ASSIST OTHER AGENCY
WASHINGTON COUNTY SHERIFFS OFFICE,AFTON,5/15/2026 12:00:00 AM,WC26022913,"2XXX  - 2998 SAINT CROIX TRL S, AFTON",TRAFFIC STOP
WASHINGTON COUNTY SHERIFFS OFFICE,AFTON,5/15/2026 12:00:00 AM,WC26022919,"14XXX  HUDSON RD S, AFTON",TRAFFIC STOP
WASHINGTON COUNTY SHERIFFS OFFICE,AFTON,5/15/2026 12:00:00 AM,WC26022925,"13XXX  - 14698 HUDSON RD S, AFTON",TRAFFIC STOP
WASHINGTON COUNTY SHERIFFS OFFICE,AFTON,5/15/2026 12:00:00 AM,WC26022926,"12XXX  - 12998 HUDSON RD S, AFTON",TRAFFIC STOP
WASHINGTON COUNTY SHERIFFS OFFICE,AFTON,5/15/2026 10:45:11 AM,WC26022840,"12XXX  50th St S, AFTON",911 ABANDONED/HANGUP/OPEN LINE
WASHINGTON COUNTY SHERIFFS OFFICE,AFTON,5/15/2026 1:12:46 PM,WC26022863,"Unknown, AFTON",CITIZEN/PUBLIC ASSIST
WASHINGTON COUNTY SHERIFFS OFFICE,AFTON,5/15/2026 1:20:49 PM,WC26022864,"2XXX  Saint Croix Trl S, AFTON",ALARM-BUSINESS/RES/FIRE/MEDICAL/ETC
WASHINGTON COUNTY SHERIFFS OFFICE,AFTON,5/15/2026 9:38:12 PM,WC26022962,"45th St S / Saint Croix Trl S, AFTON",ACCIDENT
WASHINGTON COUNTY SHERIFFS OFFICE,AFTON,5/16/2026 12:00:00 AM,WC26023030,"HUDSON ROAD N/ INDIAN TRAIL , AFTON",TRAFFIC STOP
WASHINGTON COUNTY SHERIFFS OFFICE,AFTON,5/16/2026 8:42:05 AM,WC26023038,"Saint Croix Trl S / Stagecoach Trl S, AFTON",SUSPICIOUS PERSON/ACTIVITY
WASHINGTON COUNTY SHERIFFS OFFICE,AFTON,5/16/2026 8:54:38 AM,WC26023041,"12XXX  2nd St S, AFTON",PARKING COMPLAINT
WASHINGTON COUNTY SHERIFFS OFFICE,AFTON,5/16/2026 4:19:00 PM,WC26023099,"15XXX  - 15898 AFTON BLVD S, AFTON",TRAFFIC STOP
WASHINGTON COUNTY SHERIFFS OFFICE,AFTON,5/16/2026 5:07:00 PM,WC26023111,"Manning Ave S / 22nd St S, AFTON",TRAFFIC STOP
WASHINGTON COUNTY SHERIFFS OFFICE,AFTON,5/16/2026 6:02:00 PM,WC26023123,"3XXX  - 3719 SAINT CROIX TRL S, AFTON",TRAFFIC STOP
WASHINGTON COUNTY SHERIFFS OFFICE,BAYPORT,5/12/2026 7:05:21 PM,WC26022319,"XXX 4th St N, BAYPORT",ASSIST OTHER AGENCY
WASHINGTON COUNTY SHERIFFS OFFICE,BAYPORT,5/12/2026 10:51:47 PM,WC26022352,"Minnesota St S / Osprey Blvd, BAYPORT",ASSIST OTHER AGENCY
WASHINGTON COUNTY SHERIFFS OFFICE,BAYTOWN TOWNSHIP,5/11/2026 7:15:41 PM,WC26022094,"4XXX  Mcdonald Drive Pl N, BAYTOWN TOWNSHIP",CITIZEN/PUBLIC ASSIST
WASHINGTON COUNTY SHERIFFS OFFICE,BAYTOWN TOWNSHIP,5/12/2026 5:32:07 PM,WC26022300,"4XXX  Mcdonald Dr N, BAYTOWN TOWNSHIP",SUSPICIOUS PERSON/ACTIVITY
WASHINGTON COUNTY SHERIFFS OFFICE,BAYTOWN TOWNSHIP,5/14/2026 1:13:56 PM,WC26022673,"3XXX  NEAL AVE N, BAYTOWN TOWNSHIP",CITIZEN/PUBLIC ASSIST
WASHINGTON COUNTY SHERIFFS OFFICE,BAYTOWN TOWNSHIP,5/14/2026 2:17:12 PM,WC26022685,"4XXX  Neal Ave N, BAYTOWN TOWNSHIP",ANIMAL COMPLAINT
WASHINGTON COUNTY SHERIFFS OFFICE,BAYTOWN TOWNSHIP,5/14/2026 2:32:10 PM,WC26022687,"13XXX  49th St N, BAYTOWN TOWNSHIP",MEDICAL
WASHINGTON COUNTY SHERIFFS OFFICE,BAYTOWN TOWNSHIP,5/14/2026 3:42:35 PM,WC26022699,"13XXX  40th St N, BAYTOWN TOWNSHIP",LOST PROPERTY/ITEM
WASHINGTON COUNTY SHERIFFS OFFICE,BIRCHWOOD VILLAGE,5/11/2026 3:15:41 PM,WC26022052,"XXX BIRCHWOOD AVE, BIRCHWOOD VILLAGE",TRAFFIC STOP
WASHINGTON COUNTY SHERIFFS OFFICE,BIRCHWOOD VILLAGE,5/11/2026 5:07:50 PM,WC26022077,"Hall Ave / Wildwood Ave, BIRCHWOOD VILLAGE",DRIVING COMPLAINT
WASHINGTON COUNTY SHERIFFS OFFICE,BIRCHWOOD VILLAGE,5/13/2026 4:10:46 AM,WC26022370,"XXX BIRCHWOOD AVE, BIRCHWOOD VILLAGE",SUSPICIOUS PERSON/ACTIVITY
WASHINGTON COUNTY SHERIFFS OFFICE,BIRCHWOOD VILLAGE,5/14/2026 6:17:25 PM,WC26022730,"Lake Ave / Iris St, BIRCHWOOD VILLAGE",TRAFFIC HAZARD
WASHINGTON COUNTY SHERIFFS OFFICE,COTTAGE GROVE,5/10/2026 1:28:43 PM,WC26021872,"Hwy 61 Nb Jno 80th St S, COTTAGE GROVE",DRIVING COMPLAINT
WASHINGTON COUNTY SHERIFFS OFFICE,COTTAGE GROVE,5/15/2026 11:22:00 PM,WC26022981,"70TH ST S / MANNING AVE S, COTTAGE GROVE",TRAFFIC STOP
WASHINGTON COUNTY SHERIFFS OFFICE,COTTAGE GROVE,5/16/2026 6:19:34 AM,WC26023024,"8XXX  Jasmine Ln S, COTTAGE GROVE",ASSIST OTHER AGENCY
WASHINGTON COUNTY SHERIFFS OFFICE,DELLWOOD,5/10/2026 3:17:39 PM,WC26021880,"XX Pine Valley Dr, DELLWOOD",911 ABANDONED/HANGUP/OPEN LINE
WASHINGTON COUNTY SHERIFFS OFFICE,DELLWOOD,5/15/2026 8:14:22 AM,WC26022795,"XXX Apple Orchard Rd, DELLWOOD",TRESPASSING
WASHINGTON COUNTY SHERIFFS OFFICE,DELLWOOD,5/16/2026 12:36:26 PM,WC26023068,"XX Lacosta Dr, DELLWOOD",DISTURBANCE
WASHINGTON COUNTY SHERIFFS OFFICE,DENMARK TOWNSHIP,5/11/2026 5:27:00 AM,WC26021962,"MANNING AVE S / 100TH ST S, DENMARK TOWNSHIP",TRAFFIC STOP
WASHINGTON COUNTY SHERIFFS OFFICE,DENMARK TOWNSHIP,5/11/2026 10:27:36 AM,WC26021999,"6XXX  Peller Ave S, DENMARK TOWNSHIP",ALARM-BUSINESS/RES/FIRE/MEDICAL/ETC
WASHINGTON COUNTY SHERIFFS OFFICE,DENMARK TOWNSHIP,5/12/2026 8:18:11 AM,WC26022167,"13XXX  Point Douglas Dr S, DENMARK TOWNSHIP",911 ABANDONED/HANGUP/OPEN LINE
WASHINGTON COUNTY SHERIFFS OFFICE,DENMARK TOWNSHIP,5/12/2026 12:32:04 PM,WC26022230,"12XXX  Norell Rd S, DENMARK TOWNSHIP",ASSIST OTHER AGENCY
WASHINGTON COUNTY SHERIFFS OFFICE,DENMARK TOWNSHIP,5/13/2026 3:52:40 PM,WC26022497,"10XXX  Saint Croix Trl S, DENMARK TOWNSHIP",FIRE
WASHINGTON COUNTY SHERIFFS OFFICE,DENMARK TOWNSHIP,5/14/2026 10:40:48 AM,WC26022637,"7XXX  Prairie Smoke Blvd S, DENMARK TOWNSHIP",ala
WASHINGTON COUNTY SHERIFFS OFFICE,DENMARK TOWNSHIP,5/15/2026 7:00:00 AM,WC26022790,"Manning Ave S / 110th St S, DENMARK TOWNSHIP",TRAFFIC STOP
WASHINGTON COUNTY SHERIFFS OFFICE,DENMARK TOWNSHIP,5/15/2026 12:10:42 PM,WC26022854,"12XXX  Point Douglas Dr S, DENMARK TOWNSHIP",ANIMAL COMPLAINT
WASHINGTON COUNTY SHERIFFS OFFICE,DENMARK TOWNSHIP,5/15/2026 1:45:38 PM,WC26022866,"10XXX  Cedar Heights Trl S, DENMARK TOWNSHIP",ANIMAL COMPLAINT
WASHINGTON COUNTY SHERIFFS OFFICE,DENMARK TOWNSHIP,5/16/2026 3:22:20 PM,WC26023087,"14XXX  Point Douglas Dr S, DENMARK TOWNSHIP",ANIMAL COMPLAINT
WASHINGTON COUNTY SHERIFFS OFFICE,DENMARK TOWNSHIP,5/16/2026 9:13:34 PM,WC26023152,"10XXX  Saint Croix Trl S, DENMARK TOWNSHIP",NOISE COMPLAINT/DISTURBANCE
WASHINGTON COUNTY SHERIFFS OFFICE,FOREST LAKE,5/16/2026 4:17:14 PM,WC26023100,"19XXX  Forest Rd N, FOREST LAKE",ASSIST OTHER AGENCY
WASHINGTON COUNTY SHERIFFS OFFICE,FOREST LAKE,5/16/2026 5:08:44 PM,WC26023116,"1XXX  4TH ST SE, FOREST LAKE",ASSIST OTHER AGENCY
WASHINGTON COUNTY SHERIFFS OFFICE,GRANT,5/10/2026 3:28:14 PM,WC26021883,"Manning Ave N / Dellwood Rd N, GRANT",TRAFFIC COMPLAINT
WASHINGTON COUNTY SHERIFFS OFFICE,GRANT,5/10/2026 4:39:50 PM,WC26021889,"11XXX  Lansing Ave N, GRANT",DEATH
WASHINGTON COUNTY SHERIFFS OFFICE,GRANT,5/11/2026 5:48:19 AM,WC26021964,"11XXX  60th St N, GRANT",ALARM-BUSINESS/RES/FIRE/MEDICAL/ETC
WASHINGTON COUNTY SHERIFFS OFFICE,GRANT,5/11/2026 7:42:22 AM,WC26021970,"Manning Ave N / Liberty Ave, GRANT",MOTORIST ASSIST
WASHINGTON COUNTY SHERIFFS OFFICE,GRANT,5/11/2026 12:20:30 PM,WC26022021,"11XXX  Keats Ave N, GRANT",THEFT
WASHINGTON COUNTY SHERIFFS OFFICE,GRANT,5/11/2026 4:13:10 PM,WC26022066,"Dellwood Rd N / Manning Ave N, GRANT",DRIVING COMPLAINT
WASHINGTON COUNTY SHERIFFS OFFICE,GRANT,5/12/2026 7:13:49 AM,WC26022159,"7XXX  101st St N, GRANT",ALARM-BUSINESS/RES/FIRE/MEDICAL/ETC
WASHINGTON COUNTY SHERIFFS OFFICE,GRANT,5/12/2026 8:55:14 AM,WC26022169,"11XXX  - 11798 75TH ST N, GRANT",DIRECTED PATROL
WASHINGTON COUNTY SHERIFFS OFFICE,GRANT,5/12/2026 9:53:51 AM,WC26022194,"10XXX  - 11499 MANNING TRL N, GRANT",DIRECTED PATROL
WASHINGTON COUNTY SHERIFFS OFFICE,GRANT,5/13/2026 10:06:14 AM,WC26022431,"6XXX  Keswick Ave N, GRANT",MEDICAL
WASHINGTON COUNTY SHERIFFS OFFICE,GRANT,5/13/2026 10:50:27 AM,WC26022444,"7XXX  Jamaca Ln N, GRANT",911 ABANDONED/HANGUP/OPEN LINE
WASHINGTON COUNTY SHERIFFS OFFICE,GRANT,5/13/2026 5:50:53 PM,WC26022515,"Brown's Creek Trail Mile 4, GRANT",JUVENILE COMPLAINT
WASHINGTON COUNTY SHERIFFS OFFICE,GRANT,5/13/2026 6:13:40 PM,WC26022520,"75th St N / Manning Ave N, GRANT",DRIVING COMPLAINT
WASHINGTON COUNTY SHERIFFS OFFICE,GRANT,5/13/2026 11:36:35 PM,WC26022566,"8XXX  105th St N, GRANT",BURGLARY
WASHINGTON COUNTY SHERIFFS OFFICE,GRANT,5/14/2026 7:44:38 AM,WC26022591,"9XXX  110TH ST N, GRANT",THEFT
WASHINGTON COUNTY SHERIFFS OFFICE,GRANT,5/14/2026 7:47:06 AM,WC26022593,"75th St N / Inwood Way N, GRANT",ROAD HAZARD
WASHINGTON COUNTY SHERIFFS OFFICE,GRANT,5/14/2026 10:11:11 AM,WC26022629,"8XXX  75th St N, GRANT",911 ABANDONED/HANGUP/OPEN LINE
WASHINGTON COUNTY SHERIFFS OFFICE,GRANT,5/14/2026 10:36:08 AM,WC26022634,"7XXX  Keats Ave N, GRANT",DISTURBANCE
WASHINGTON COUNTY SHERIFFS OFFICE,GRANT,5/14/2026 12:09:44 PM,WC26022659,"9XXX  83rd St N, GRANT",FIRE
WASHINGTON COUNTY SHERIFFS OFFICE,GRANT,5/14/2026 2:18:30 PM,WC26022684,"75th St N/Lake Elmo Ave N, GRANT",TRAFFIC STOP
WASHINGTON COUNTY SHERIFFS OFFICE,GRANT,5/14/2026 4:30:45 PM,WC26022709,"75th St N / Lake Elmo Ave N, GRANT",ALARM-BUSINESS/RES/FIRE/MEDICAL/ETC
WASHINGTON COUNTY SHERIFFS OFFICE,GRANT,5/14/2026 6:38:14 PM,WC26022733,"8XXX  75th St N, GRANT",CITIZEN/PUBLIC ASSIST
WASHINGTON COUNTY SHERIFFS OFFICE,GRANT,5/14/2026 6:47:01 PM,WC26022734,"10XXX  60TH ST N, GRANT",FIRE
WASHINGTON COUNTY SHERIFFS OFFICE,GRANT,5/14/2026 7:22:26 PM,WC26022736,"6XXX  Inwood Ct N, GRANT",MEDICAL
WASHINGTON COUNTY SHERIFFS OFFICE,GRANT,5/15/2026 3:20:53 PM,WC26022885,"6XXX  Inwood Ct N, GRANT",WELFARE CHECK
WASHINGTON COUNTY SHERIFFS OFFICE,GRANT,5/15/2026 4:25:34 PM,WC26022898,"11XXX  60th St N, GRANT",ACCIDENT
WASHINGTON COUNTY SHERIFFS OFFICE,GRANT,5/15/2026 5:47:54 PM,WC26022914,"8XXX  75TH ST N, GRANT",COMMUNITY CONTACT
WASHINGTON COUNTY SHERIFFS OFFICE,GRANT,5/15/2026 6:05:48 PM,WC26022921,"8XXX  75TH ST N, GRANT",COMMUNITY CONTACT
WASHINGTON COUNTY SHERIFFS OFFICE,GRANT,5/15/2026 7:17:16 PM,WC26022933,"9XXX  Hidden Glade Ave N, GRANT",MEDICAL
WASHINGTON COUNTY SHERIFFS OFFICE,GRANT,5/15/2026 8:19:04 PM,WC26022944,"6XXX  Inwood Ct N, GRANT",MEDICAL
WASHINGTON COUNTY SHERIFFS OFFICE,GRANT,5/15/2026 8:19:17 PM,WC26022946,"7XXX  99TH STREET CT N, GRANT",ANIMAL COMPLAINT
WASHINGTON COUNTY SHERIFFS OFFICE,GRANT,5/15/2026 11:54:45 PM,WC26022988,"9XXX  Joliet Ave N, GRANT",ALARM-BUSINESS/RES/FIRE/MEDICAL/ETC
WASHINGTON COUNTY SHERIFFS OFFICE,GRANT,5/16/2026 4:45:24 PM,WC26023108,"LAKE ELMO AVE N / 75TH ST N, GRANT",TRAFFIC STOP
WASHINGTON COUNTY SHERIFFS OFFICE,HUGO,5/10/2026 8:38:17 AM,WC26021841,"14XXX  Finale Ave N, HUGO",MEDICAL
WASHINGTON COUNTY SHERIFFS OFFICE,HUGO,5/10/2026 9:56:04 AM,WC26021848,"Hwy 61 At 170th St N, HUGO",INCIDENT
WASHINGTON COUNTY SHERIFFS OFFICE,HUGO,5/10/2026 11:20:13 AM,WC26021860,"6XXX  145th Alcove N, HUGO",WELFARE CHECK
WASHINGTON COUNTY SHERIFFS OFFICE,HUGO,5/10/2026 12:03:08 PM,WC26021865,"5XXX  127th St N, HUGO",MEDICAL
WASHINGTON COUNTY SHERIFFS OFFICE,HUGO,5/10/2026 1:42:38 PM,WC26021873,"14XXX  Victor Hugo Blvd N, HUGO",MEDICAL
WASHINGTON COUNTY SHERIFFS OFFICE,HUGO,5/10/2026 7:28:01 PM,WC26021911,"15XXX  Farnham Ave N, HUGO",DISTURBANCE
WASHINGTON COUNTY SHERIFFS OFFICE,HUGO,5/10/2026 7:28:33 PM,WC26021912,"13XXX  Europa Trail Way N, HUGO",MEDICAL
WASHINGTON COUNTY SHERIFFS OFFICE,HUGO,5/10/2026 8:34:25 PM,WC26021916,"Farnham Ave N / Oneka Pkwy N, HUGO",DISTURBANCE
WASHINGTON COUNTY SHERIFFS OFFICE,HUGO,5/10/2026 9:37:19 PM,WC26021925,"4XXX  Elm Dr N, HUGO",DEATH
WASHINGTON COUNTY SHERIFFS OFFICE,HUGO,5/11/2026 1:50:43 AM,WC26021950,"15XXX  Forest Blvd N, HUGO",DISTURBANCE
WASHINGTON COUNTY SHERIFFS OFFICE,HUGO,5/11/2026 6:01:18 AM,WC26021965,"15XXX  French Dr N, HUGO",CITIZEN/PUBLIC ASSIST
WASHINGTON COUNTY SHERIFFS OFFICE,HUGO,5/11/2026 8:27:33 AM,WC26021979,"6XXX  Egg Lake Rd N, HUGO",PARK COMPLAINT
WASHINGTON COUNTY SHERIFFS OFFICE,HUGO,5/11/2026 9:23:59 AM,WC26021983,"4XXX  162nd Way N, HUGO",911 ABANDONED/HANGUP/OPEN LINE
WASHINGTON COUNTY SHERIFFS OFFICE,HUGO,5/11/2026 10:30:15 AM,WC26022001,"15XXX  Europa Ave N, HUGO",TRESPASSING
WASHINGTON COUNTY SHERIFFS OFFICE,HUGO,5/11/2026 11:09:56 AM,WC26022003,"14XXX  Forest Blvd N, HUGO",THEFT
WASHINGTON COUNTY SHERIFFS OFFICE,HUGO,5/11/2026 2:07:03 PM,WC26022041,"Oneka Pkwy N / Frenchman Rd, HUGO",FIRE
WASHINGTON COUNTY SHERIFFS OFFICE,HUGO,5/11/2026 2:42:16 PM,WC26022048,"7XXX  137TH ST N, HUGO",PROPERTY DAMAGE
WASHINGTON COUNTY SHERIFFS OFFICE,HUGO,5/11/2026 5:14:00 PM,WC26022078,"FREELAND AVE N / ONEKA LAKE BLVD N, HUGO",TRAFFIC STOP
WASHINGTON COUNTY SHERIFFS OFFICE,HUGO,5/11/2026 5:53:48 PM,WC26022086,"15XXX  FOREST BLVD N, HUGO",PROPERTY DAMAGE
WASHINGTON COUNTY SHERIFFS OFFICE,HUGO,5/11/2026 8:10:18 PM,WC26022101,"15XXX  Forest Blvd N, HUGO",CIVIL MATTER/DISPUTE
WASHINGTON COUNTY SHERIFFS OFFICE,HUGO,5/11/2026 10:15:58 PM,WC26022115,"15XXX  Goodview Ave N, HUGO",ANIMAL COMPLAINT
WASHINGTON COUNTY SHERIFFS OFFICE,HUGO,5/11/2026 10:44:45 PM,WC26022118,"15XXX  Goodview Ave N, HUGO",ANIMAL COMPLAINT
WASHINGTON COUNTY SHERIFFS OFFICE,HUGO,5/12/2026 12:00:00 AM,WC26022156,"FOREST BLVD N / 125TH ST N, HUGO",TRAFFIC STOP
WASHINGTON COUNTY SHERIFFS OFFICE,HUGO,5/12/2026 1:34:10 AM,WC26022137,"15XXX  Goodview Ave N, HUGO",ANIMAL COMPLAINT
WASHINGTON COUNTY SHERIFFS OFFICE,HUGO,5/12/2026 3:04:53 AM,WC26022146,"12XXX  Everton Cir N, HUGO",ALARM-BUSINESS/RES/FIRE/MEDICAL/ETC
WASHINGTON COUNTY SHERIFFS OFFICE,HUGO,5/12/2026 5:33:02 AM,WC26022152,"13XXX  FENWAY BLVD N, HUGO",911 ABANDONED/HANGUP/OPEN LINE
WASHINGTON COUNTY SHERIFFS OFFICE,HUGO,5/12/2026 8:27:14 AM,WC26022168,"5XXX  Evergreen Dr N, HUGO",HARASSMENT
WASHINGTON COUNTY SHERIFFS OFFICE,HUGO,5/12/2026 10:05:20 AM,WC26022199,"17XXX  Forest Rd N, HUGO",DEATH INVESTIGATION
WASHINGTON COUNTY SHERIFFS OFFICE,HUGO,5/12/2026 10:32:05 AM,WC26022201,"4XXX  162nd Way N, HUGO",SUSPICIOUS PERSON/ACTIVITY
WASHINGTON COUNTY SHERIFFS OFFICE,HUGO,5/12/2026 12:52:50 PM,WC26022236,"9XXX  122nd St N, HUGO",ACCIDENT
WASHINGTON COUNTY SHERIFFS OFFICE,HUGO,5/12/2026 2:31:45 PM,WC26022257,"14XXX  VICTOR HUGO BLVD N, HUGO",LOST PROPERTY/ITEM
WASHINGTON COUNTY SHERIFFS OFFICE,HUGO,5/12/2026 2:53:55 PM,WC26022260,"6XXX  Egg Lake Rd N, HUGO",MEDICAL
WASHINGTON COUNTY SHERIFFS OFFICE,HUGO,5/12/2026 3:26:46 PM,WC26022272,"5XXX  Upper 146th St N, HUGO",911 ABANDONED/HANGUP/OPEN LINE
WASHINGTON COUNTY SHERIFFS OFFICE,HUGO,5/12/2026 4:33:14 PM,WC26022288,"6XXX  145th Cir N, HUGO",DISTURBANCE
WASHINGTON COUNTY SHERIFFS OFFICE,HUGO,5/12/2026 6:03:49 PM,WC26022305,"15XXX  Farnham Ave N, HUGO",JUVENILE COMPLAINT
WASHINGTON COUNTY SHERIFFS OFFICE,HUGO,5/12/2026 7:46:33 PM,WC26022324,"15XXX  Finley Ave N, HUGO",ANIMAL COMPLAINT
WASHINGTON COUNTY SHERIFFS OFFICE,HUGO,5/12/2026 7:54:12 PM,WC26022325,"7XXX  165th St N, HUGO",MISSING PERSON
WASHINGTON COUNTY SHERIFFS OFFICE,HUGO,5/12/2026 8:07:43 PM,WC26022326,"14XXX  Victor Hugo Blvd N, HUGO",ACCIDENT
WASHINGTON COUNTY SHERIFFS OFFICE,HUGO,5/12/2026 8:35:49 PM,WC26022328,"6XXX  151st St N, HUGO",SUSPICIOUS PERSON/ACTIVITY
WASHINGTON COUNTY SHERIFFS OFFICE,HUGO,5/12/2026 9:35:35 PM,WC26022335,"FOREST BLVD N / 159TH ST N, HUGO",TRAFFIC STOP
WASHINGTON COUNTY SHERIFFS OFFICE,HUGO,5/13/2026 12:00:00 AM,WC26022443,"VICTOR HUGO BLVD N & VICTOR SQUARE, HUGO",INCIDENT
WASHINGTON COUNTY SHERIFFS OFFICE,HUGO,5/13/2026 12:00:00 AM,WC26022391,"14XXX  - 14741 FINALE AVE N, HUGO",INCIDENT
WASHINGTON COUNTY SHERIFFS OFFICE,HUGO,5/13/2026 4:07:04 AM,WC26022371,"15XXX  Goodview Ave N, HUGO",ANIMAL COMPLAINT
WASHINGTON COUNTY SHERIFFS OFFICE,HUGO,5/13/2026 7:01:21 AM,WC26022379,"Unknown, HUGO",CITIZEN/PUBLIC ASSIST
WASHINGTON COUNTY SHERIFFS OFFICE,HUGO,5/13/2026 8:43:04 AM,WC26022395,"14XXX  Valjean Blvd N, HUGO",ANIMAL COMPLAINT
WASHINGTON COUNTY SHERIFFS OFFICE,HUGO,5/13/2026 11:15:26 AM,WC26022448,"5XXX  130th St N, HUGO",FIRE
WASHINGTON COUNTY SHERIFFS OFFICE,HUGO,5/13/2026 12:58:45 PM,WC26022468,"12XXX  Fondant Ct N, HUGO",CITIZEN/PUBLIC ASSIST
WASHINGTON COUNTY SHERIFFS OFFICE,HUGO,5/13/2026 4:48:16 PM,WC26022504,"12XXX  Europa Ave N, HUGO",VEHICLE UNLOCK
WASHINGTON COUNTY SHERIFFS OFFICE,HUGO,5/13/2026 5:11:28 PM,WC26022509,"6XXX  150th St N, HUGO",MEDICAL
WASHINGTON COUNTY SHERIFFS OFFICE,HUGO,5/13/2026 6:28:57 PM,WC26022522,"5XXX  Upper 146th St N, HUGO",911 ABANDONED/HANGUP/OPEN LINE
WASHINGTON COUNTY SHERIFFS OFFICE,HUGO,5/13/2026 6:48:53 PM,WC26022525,"FOREST BLVD N / 140TH ST N, HUGO",TRAFFIC STOP
WASHINGTON COUNTY SHERIFFS OFFICE,HUGO,5/13/2026 11:13:35 PM,WC26022563,"15XXX  Goodview Ave N, HUGO",ANIMAL COMPLAINT
WASHINGTON COUNTY SHERIFFS OFFICE,HUGO,5/14/2026 1:21:59 AM,WC26022576,"7XXX  137TH ST N, HUGO",SUSPICIOUS PERSON/ACTIVITY
WASHINGTON COUNTY SHERIFFS OFFICE,HUGO,5/14/2026 6:27:59 AM,WC26022586,"Forest Blvd N / 130th St N, HUGO",DRIVING COMPLAINT
WASHINGTON COUNTY SHERIFFS OFFICE,HUGO,5/14/2026 10:09:35 AM,WC26022628,"15XXX  Europa Ave N, HUGO",FOLLOW UP
WASHINGTON COUNTY SHERIFFS OFFICE,HUGO,5/14/2026 10:16:20 AM,WC26022631,"14XXX  Finale Ave N, HUGO",DEATH INVESTIGATION
WASHINGTON COUNTY SHERIFFS OFFICE,HUGO,5/14/2026 11:43:31 AM,WC26022655,"5XXX  165TH ST N, HUGO",911 ABANDONED/HANGUP/OPEN LINE
WASHINGTON COUNTY SHERIFFS OFFICE,HUGO,5/14/2026 12:31:09 PM,WC26022663,"4XXX  FRENCHMAN RD, HUGO",ANIMAL COMPLAINT
WASHINGTON COUNTY SHERIFFS OFFICE,HUGO,5/14/2026 1:33:19 PM,WC26022676,"12XXX  Janero Ave N, HUGO",ALARM-BUSINESS/RES/FIRE/MEDICAL/ETC
WASHINGTON COUNTY SHERIFFS OFFICE,HUGO,5/14/2026 2:10:20 PM,WC26022682,"15XXX  Foster Dr N, HUGO",MEDICAL
WASHINGTON COUNTY SHERIFFS OFFICE,HUGO,5/14/2026 2:36:58 PM,WC26022689,"16XXX  Forest Blvd N, HUGO",CIVIL MATTER/DISPUTE
WASHINGTON COUNTY SHERIFFS OFFICE,HUGO,5/14/2026 4:04:15 PM,WC26022704,"Victor Hugo Blvd N / Victor Path, HUGO",PARKING COMPLAINT
WASHINGTON COUNTY SHERIFFS OFFICE,HUGO,5/14/2026 5:40:31 PM,WC26022721,"6XXX  137th St N, HUGO",CITIZEN/PUBLIC ASSIST
WASHINGTON COUNTY SHERIFFS OFFICE,HUGO,5/14/2026 7:38:36 PM,WC26022739,"14XXX  Finale Ave N, HUGO",ALARM-BUSINESS/RES/FIRE/MEDICAL/ETC
WASHINGTON COUNTY SHERIFFS OFFICE,HUGO,5/14/2026 9:58:56 PM,WC26022754,"10XXX  122nd St N, HUGO",SUSPICIOUS PERSON/ACTIVITY
WASHINGTON COUNTY SHERIFFS OFFICE,HUGO,5/14/2026 10:06:41 PM,WC26022758,"14XXX  Finale Ave N, HUGO",SICK PERSON
WASHINGTON COUNTY SHERIFFS OFFICE,HUGO,5/14/2026 11:01:06 PM,WC26022765,"7XXX  147th St N, HUGO",ALARM-BUSINESS/RES/FIRE/MEDICAL/ETC
WASHINGTON COUNTY SHERIFFS OFFICE,HUGO,5/15/2026 3:46:10 AM,WC26022786,"14XXX  Victor Hugo Blvd N, HUGO",NOISE COMPLAINT/DISTURBANCE
WASHINGTON COUNTY SHERIFFS OFFICE,HUGO,5/15/2026 7:04:30 AM,WC26022791,"14XXX  Forest Blvd N, HUGO",MEDICAL
WASHINGTON COUNTY SHERIFFS OFFICE,HUGO,5/15/2026 9:37:23 AM,WC26022831,"4XXX  Heritage Pkwy N, HUGO",FOLLOW UP
WASHINGTON COUNTY SHERIFFS OFFICE,HUGO,5/15/2026 2:07:06 PM,WC26022869,"14XXX  Forest Blvd N, HUGO",ALARM-BUSINESS/RES/FIRE/MEDICAL/ETC
WASHINGTON COUNTY SHERIFFS OFFICE,HUGO,5/15/2026 2:25:48 PM,WC26022876,"14XXX  Forest Blvd N, HUGO",911 ABANDONED/HANGUP/OPEN LINE
WASHINGTON COUNTY SHERIFFS OFFICE,HUGO,5/15/2026 2:55:26 PM,WC26022880,"8XXX  155th St N, HUGO",ALARM-BUSINESS/RES/FIRE/MEDICAL/ETC
WASHINGTON COUNTY SHERIFFS OFFICE,HUGO,5/15/2026 6:05:06 PM,WC26022920,"4XXX  149th St N, HUGO",NEIGHBOR DISPUTE
WASHINGTON COUNTY SHERIFFS OFFICE,HUGO,5/15/2026 6:14:22 PM,WC26022924,"FOREST BLVD N / 147TH ST N, HUGO",TRAFFIC STOP
WASHINGTON COUNTY SHERIFFS OFFICE,HUGO,5/15/2026 10:56:06 PM,WC26022979,"7XXX  165th St N, HUGO",MISSING PERSON
WASHINGTON COUNTY SHERIFFS OFFICE,HUGO,5/15/2026 11:18:16 PM,WC26022982,"13XXX  Geneva Ave N, HUGO",ALARM-BUSINESS/RES/FIRE/MEDICAL/ETC
WASHINGTON COUNTY SHERIFFS OFFICE,HUGO,5/16/2026 12:54:30 AM,WC26022999,"14XXX  Geneva Ave N, HUGO",ALARM-BUSINESS/RES/FIRE/MEDICAL/ETC
WASHINGTON COUNTY SHERIFFS OFFICE,HUGO,5/16/2026 1:34:06 AM,WC26023004,"HWY 61 AT 152ND ST N, HUGO",DWI
WASHINGTON COUNTY SHERIFFS OFFICE,HUGO,5/16/2026 1:35:46 AM,WC26023005,"14XXX  Forest Blvd N, HUGO",MEDICAL
WASHINGTON COUNTY SHERIFFS OFFICE,HUGO,5/16/2026 4:17:00 AM,WC26023021,"HOMESTEAD AVE N / 140TH ST N, HUGO",TRAFFIC STOP
WASHINGTON COUNTY SHERIFFS OFFICE,HUGO,5/16/2026 9:11:28 AM,WC26023043,"152nd St N / Forest Blvd N, HUGO",MEDICAL
WASHINGTON COUNTY SHERIFFS OFFICE,HUGO,5/16/2026 10:58:00 AM,WC26023056,"14XXX  FOREST BLVD N , HUGO",TRAFFIC STOP
WASHINGTON COUNTY SHERIFFS OFFICE,HUGO,5/16/2026 11:08:44 AM,WC26023059,"15XXX  Forest Blvd N, HUGO",MEDICAL
WASHINGTON COUNTY SHERIFFS OFFICE,HUGO,5/16/2026 3:18:35 PM,WC26023086,"6XXX  145th St N, HUGO",911 ABANDONED/HANGUP/OPEN LINE
WASHINGTON COUNTY SHERIFFS OFFICE,HUGO,5/16/2026 3:46:18 PM,WC26023091,"14XXX  VICTOR HUGO BLVD N, HUGO",TRAFFIC STOP
WASHINGTON COUNTY SHERIFFS OFFICE,HUGO,5/16/2026 5:20:15 PM,WC26023114,"14XXX  Fitzgerald Ave N, HUGO",LOST PROPERTY/ITEM
WASHINGTON COUNTY SHERIFFS OFFICE,HUGO,5/16/2026 5:58:38 PM,WC26023121,"17XXX  FOREST BLVD N, HUGO",911 ABANDONED/HANGUP/OPEN LINE
WASHINGTON COUNTY SHERIFFS OFFICE,HUGO,5/16/2026 6:47:18 PM,WC26023126,"17XXX  FOREST BLVD N, HUGO",OFFICER INFORMATION
WASHINGTON COUNTY SHERIFFS OFFICE,HUGO,5/16/2026 8:53:13 PM,WC26023145,"147th St N / Irish Ave N, HUGO",ANIMAL COMPLAINT
WASHINGTON COUNTY SHERIFFS OFFICE,HUGO,5/16/2026 9:39:00 PM,WC26023157,"6XXX  - 7598 170TH ST N, HUGO",TRAFFIC STOP
WASHINGTON COUNTY SHERIFFS OFFICE,HUGO,5/16/2026 10:16:04 PM,WC26023169,"5XXX  161st St N, HUGO",MEDICAL
WASHINGTON COUNTY SHERIFFS OFFICE,HUGO,5/16/2026 10:30:06 PM,WC26023174,"14XXX  Oneka Pkwy N, HUGO",OFFICER INFORMATION
WASHINGTON COUNTY SHERIFFS OFFICE,HUGO,5/16/2026 10:49:06 PM,WC26023177,"5XXX  140th St N, HUGO",FIGHT
WASHINGTON COUNTY SHERIFFS OFFICE,LAKE ELMO,5/10/2026 1:45:26 PM,WC26021874,"3XXX  Jamaca Ave N, LAKE ELMO",ACCIDENT
WASHINGTON COUNTY SHERIFFS OFFICE,LAKE ELMO,5/10/2026 6:02:03 PM,WC26021902,"9XXX  Hudson Blvd N, LAKE ELMO",WELFARE CHECK
WASHINGTON COUNTY SHERIFFS OFFICE,LAKE ELMO,5/10/2026 7:39:09 PM,WC26021913,"XXX Cimarron, LAKE ELMO",ANIMAL COMPLAINT
WASHINGTON COUNTY SHERIFFS OFFICE,LAKE ELMO,5/10/2026 9:15:30 PM,WC26021922,"8XXX  59th St N, LAKE ELMO",MEDICAL
WASHINGTON COUNTY SHERIFFS OFFICE,LAKE ELMO,5/10/2026 9:33:23 PM,WC26021924,"8XXX  34th St N, LAKE ELMO",ACCIDENT
WASHINGTON COUNTY SHERIFFS OFFICE,LAKE ELMO,5/10/2026 10:14:22 PM,WC26021929,"XXX Jade Trl N, LAKE ELMO",MEDICAL
WASHINGTON COUNTY SHERIFFS OFFICE,LAKE ELMO,5/11/2026 12:34:36 AM,WC26021939,"HWY 36 WB AT KEATS AVE N, LAKE ELMO",ASSIST OTHER AGENCY
WASHINGTON COUNTY SHERIFFS OFFICE,LAKE ELMO,5/11/2026 4:10:13 AM,WC26021959,"9XXX  31st St N, LAKE ELMO",MEDICAL
WASHINGTON COUNTY SHERIFFS OFFICE,LAKE ELMO,5/11/2026 9:29:52 AM,WC26021988,"11XXX  39th St N, LAKE ELMO",MEDICAL
WASHINGTON COUNTY SHERIFFS OFFICE,LAKE ELMO,5/11/2026 10:47:08 AM,WC26022002,"10XXX  47th St N, LAKE ELMO",COUNTERFEIT/FORGERY
WASHINGTON COUNTY SHERIFFS OFFICE,LAKE ELMO,5/11/2026 11:30:00 AM,WC26022006,"Highway 36 & LAKE ELMO AVE N, LAKE ELMO",TRAFFIC STOP
WASHINGTON COUNTY SHERIFFS OFFICE,LAKE ELMO,5/11/2026 12:03:39 PM,WC26022018,"Unknown, LAKE ELMO",CITIZEN/PUBLIC ASSIST
WASHINGTON COUNTY SHERIFFS OFFICE,LAKE ELMO,5/11/2026 1:12:00 PM,WC26022029,"8XXX  39th St N, LAKE ELMO",ANIMAL COMPLAINT
WASHINGTON COUNTY SHERIFFS OFFICE,LAKE ELMO,5/11/2026 1:53:15 PM,WC26022037,"11XXX  Upper 30th St N, LAKE ELMO",DISTURBANCE
WASHINGTON COUNTY SHERIFFS OFFICE,LAKE ELMO,5/11/2026 2:22:11 PM,WC26022046,"XXX Ivywood Cir N, LAKE ELMO",MEDICAL
WASHINGTON COUNTY SHERIFFS OFFICE,LAKE ELMO,5/11/2026 3:43:39 PM,WC26022058,"11XXX  56th St N, LAKE ELMO",911 ABANDONED/HANGUP/OPEN LINE
WASHINGTON COUNTY SHERIFFS OFFICE,LAKE ELMO,5/11/2026 6:11:38 PM,WC26022090,"Unknown, LAKE ELMO",CIVIL MATTER/DISPUTE
WASHINGTON COUNTY SHERIFFS OFFICE,LAKE ELMO,5/11/2026 7:56:36 PM,WC26022098,"8XXX  Lake Jane Trl N, LAKE ELMO",NOISE COMPLAINT/DISTURBANCE
WASHINGTON COUNTY SHERIFFS OFFICE,LAKE ELMO,5/11/2026 9:07:00 PM,WC26022108,"INWOOD AVE N / 15TH ST N, LAKE ELMO",TRAFFIC STOP
WASHINGTON COUNTY SHERIFFS OFFICE,LAKE ELMO,5/11/2026 11:09:19 PM,WC26022120,"8XXX  59th St N, LAKE ELMO",MEDICAL
WASHINGTON COUNTY SHERIFFS OFFICE,LAKE ELMO,5/12/2026 9:06:09 AM,WC26022171,"11XXX  Stillwater Blvd N, LAKE ELMO",911 ABANDONED/HANGUP/OPEN LINE
WASHINGTON COUNTY SHERIFFS OFFICE,LAKE ELMO,5/12/2026 9:17:31 AM,WC26022183,"9XXX  HUDSON BLVD N, LAKE ELMO",OFFICER INFORMATION
WASHINGTON COUNTY SHERIFFS OFFICE,LAKE ELMO,5/12/2026 9:34:46 AM,WC26022189,"11XXX  50th St N, LAKE ELMO",CITIZEN/PUBLIC ASSIST
WASHINGTON COUNTY SHERIFFS OFFICE,LAKE ELMO,5/12/2026 9:34:57 AM,WC26022192,"Laverne Ave N / Upper 33rd St N, LAKE ELMO",SUSPICIOUS PERSON/ACTIVITY
WASHINGTON COUNTY SHERIFFS OFFICE,LAKE ELMO,5/12/2026 10:45:37 AM,WC26022204,"8XXX  22nd St N, LAKE ELMO",MEDICAL
WASHINGTON COUNTY SHERIFFS OFFICE,LAKE ELMO,5/12/2026 11:11:51 AM,WC26022215,"8XXX  Ironwood Trl N, LAKE ELMO",MEDICAL
WASHINGTON COUNTY SHERIFFS OFFICE,LAKE ELMO,5/12/2026 12:52:00 PM,WC26022225,"Keats Ave N / Hudson Blvd N, LAKE ELMO",ACCIDENT
WASHINGTON COUNTY SHERIFFS OFFICE,LAKE ELMO,5/12/2026 1:05:00 PM,WC26022239,"HWY 36 EB JEO LAKE ELMO AVE N, LAKE ELMO",TRAFFIC STOP
WASHINGTON COUNTY SHERIFFS OFFICE,LAKE ELMO,5/12/2026 1:20:33 PM,WC26022244,"11XXX  32ND ST N, LAKE ELMO",CHILD CUSTODY
WASHINGTON COUNTY SHERIFFS OFFICE,LAKE ELMO,5/12/2026 2:04:08 PM,WC26022255,"11XXX  STILLWATER BLVD N, LAKE ELMO",MEDICAL
WASHINGTON COUNTY SHERIFFS OFFICE,LAKE ELMO,5/12/2026 3:15:53 PM,WC26022268,"11XXX  34th St N, LAKE ELMO",CIVIL MATTER/DISPUTE
WASHINGTON COUNTY SHERIFFS OFFICE,LAKE ELMO,5/12/2026 3:20:35 PM,WC26022269,"7XXX  Demontreville Trl N, LAKE ELMO",TRESPASSING
WASHINGTON COUNTY SHERIFFS OFFICE,LAKE ELMO,5/12/2026 4:00:08 PM,WC26022279,"11XXX  39TH ST N, LAKE ELMO",MEDICAL
WASHINGTON COUNTY SHERIFFS OFFICE,LAKE ELMO,5/12/2026 5:32:12 PM,WC26022303,"9XXX  HUDSON BLVD N, LAKE ELMO",WELFARE CHECK
WASHINGTON COUNTY SHERIFFS OFFICE,LAKE ELMO,5/12/2026 6:07:25 PM,WC26022306,"Unknown, LAKE ELMO",THREATS
WASHINGTON COUNTY SHERIFFS OFFICE,LAKE ELMO,5/13/2026 2:30:00 AM,WC26022363,"HWY 36 WB AT DEMONTREVILLE TRL N, LAKE ELMO",DWI
WASHINGTON COUNTY SHERIFFS OFFICE,LAKE ELMO,5/13/2026 8:10:34 AM,WC26022387,"Lake Elmo Ave N / 10th St N, LAKE ELMO",ANIMAL COMPLAINT
WASHINGTON COUNTY SHERIFFS OFFICE,LAKE ELMO,5/13/2026 8:31:18 AM,WC26022392,"Unknown, LAKE ELMO",FOLLOW UP
WASHINGTON COUNTY SHERIFFS OFFICE,LAKE ELMO,5/13/2026 9:56:55 AM,WC26022430,"XXX Cimarron, LAKE ELMO",CIVIL MATTER/DISPUTE
WASHINGTON COUNTY SHERIFFS OFFICE,LAKE ELMO,5/13/2026 11:23:05 AM,WC26022451,"Hwy 36 Wb At Keats Ave N, LAKE ELMO",DRIVING COMPLAINT
WASHINGTON COUNTY SHERIFFS OFFICE,LAKE ELMO,5/13/2026 12:05:00 PM,WC26022456,"I94 Wb At Inwood Ave N, LAKE ELMO",TRAFFIC STOP
WASHINGTON COUNTY SHERIFFS OFFICE,LAKE ELMO,5/13/2026 5:03:23 PM,WC26022508,"7XXX  Demontreville Trl N, LAKE ELMO",TRESPASSING
WASHINGTON COUNTY SHERIFFS OFFICE,LAKE ELMO,5/13/2026 6:30:24 PM,WC26022523,"11XXX  Upper 31st St N, LAKE ELMO",FOUND PERSON
WASHINGTON COUNTY SHERIFFS OFFICE,LAKE ELMO,5/13/2026 7:04:17 PM,WC26022531,"3XXX  Lake Elmo Ave N, LAKE ELMO",FIRE
WASHINGTON COUNTY SHERIFFS OFFICE,LAKE ELMO,5/13/2026 7:33:05 PM,WC26022537,"XXX Cimarron, LAKE ELMO",CHILD CUSTODY
WASHINGTON COUNTY SHERIFFS OFFICE,LAKE ELMO,5/13/2026 7:44:58 PM,WC26022538,"5XXX  Highlands Trl N, LAKE ELMO",CITIZEN/PUBLIC ASSIST
WASHINGTON COUNTY SHERIFFS OFFICE,LAKE ELMO,5/13/2026 10:07:03 PM,WC26022548,"11XXX  Hudson Blvd N, LAKE ELMO",ALARM-BUSINESS/RES/FIRE/MEDICAL/ETC
WASHINGTON COUNTY SHERIFFS OFFICE,LAKE ELMO,5/13/2026 10:45:18 PM,WC26022555,"IRIS AVE N / 34TH ST N, LAKE ELMO",ANIMAL COMPLAINT
WASHINGTON COUNTY SHERIFFS OFFICE,LAKE ELMO,5/14/2026 1:39:06 AM,WC26022578,"XXX JULEP AVE N, LAKE ELMO",SUSPICIOUS PERSON/ACTIVITY
WASHINGTON COUNTY SHERIFFS OFFICE,LAKE ELMO,5/14/2026 8:09:19 AM,WC26022596,"3XXX  Jamaca Ave N, LAKE ELMO",OTHER
WASHINGTON COUNTY SHERIFFS OFFICE,LAKE ELMO,5/14/2026 8:37:30 AM,WC26022600,"4XXX  Isle Ave N, LAKE ELMO",911 ABANDONED/HANGUP/OPEN LINE
WASHINGTON COUNTY SHERIFFS OFFICE,LAKE ELMO,5/14/2026 9:00:32 AM,WC26022604,"11XXX  39th St N, LAKE ELMO",ALARM-BUSINESS/RES/FIRE/MEDICAL/ETC
WASHINGTON COUNTY SHERIFFS OFFICE,LAKE ELMO,5/14/2026 9:34:14 AM,WC26022611,"Hwy 36 Eb To Manning Ave N Ramp, LAKE ELMO",OFFICER INFORMATION
WASHINGTON COUNTY SHERIFFS OFFICE,LAKE ELMO,5/14/2026 10:55:53 AM,WC26022646,"3XXX  JAMACA AVE N, LAKE ELMO",ANIMAL COMPLAINT
WASHINGTON COUNTY SHERIFFS OFFICE,LAKE ELMO,5/14/2026 11:41:12 AM,WC26022654,"8XXX  Stillwater Blvd N, LAKE ELMO",NEIGHBOR DISPUTE
WASHINGTON COUNTY SHERIFFS OFFICE,LAKE ELMO,5/14/2026 11:49:00 AM,WC26022656,"10TH ST N / 10TH STREET LN N, LAKE ELMO",DISABLED VEHICLE
WASHINGTON COUNTY SHERIFFS OFFICE,LAKE ELMO,5/14/2026 2:02:00 PM,WC26022527,"STILLWATER BLVD N / 55TH ST N, LAKE ELMO",TRAFFIC STOP
WASHINGTON COUNTY SHERIFFS OFFICE,LAKE ELMO,5/14/2026 4:29:21 PM,WC26022710,"10XXX  10th St N, LAKE ELMO",VEHICLE UNLOCK
WASHINGTON COUNTY SHERIFFS OFFICE,LAKE ELMO,5/14/2026 4:57:26 PM,WC26022715,"XXX Cimarron, LAKE ELMO",FAMILY ASSIST
WASHINGTON COUNTY SHERIFFS OFFICE,LAKE ELMO,5/14/2026 5:25:36 PM,WC26022717,"XXX JADE TRL N, LAKE ELMO",MEDICAL
WASHINGTON COUNTY SHERIFFS OFFICE,LAKE ELMO,5/14/2026 6:18:17 PM,WC26022732,"10XXX  41st St N, LAKE ELMO",MEDICAL
WASHINGTON COUNTY SHERIFFS OFFICE,LAKE ELMO,5/14/2026 6:38:00 PM,WC26022728,"34th St N / Ideal Ave N, LAKE ELMO",TRAFFIC STOP
WASHINGTON COUNTY SHERIFFS OFFICE,LAKE ELMO,5/14/2026 10:54:00 PM,WC26022763,"HWY 36 WB JWO LAKE ELMO AVE N, LAKE ELMO",DWI
WASHINGTON COUNTY SHERIFFS OFFICE,LAKE ELMO,5/14/2026 11:12:00 PM,WC26022746,"IDEAL AVE AND 36TH ST, LAKE ELMO",DWI
WASHINGTON COUNTY SHERIFFS OFFICE,LAKE ELMO,5/15/2026 6:37:52 AM,WC26022789,"9XXX  Hudson Blvd N, LAKE ELMO",VEHICLE UNLOCK
WASHINGTON COUNTY SHERIFFS OFFICE,LAKE ELMO,5/15/2026 9:48:09 AM,WC26022833,"5XXX  JAMACA AVE N, LAKE ELMO",ALARM-BUSINESS/RES/FIRE/MEDICAL/ETC
WASHINGTON COUNTY SHERIFFS OFFICE,LAKE ELMO,5/15/2026 12:17:00 PM,WC26022853,"HWY 36 EB TO MANNING AVE N RAMP, LAKE ELMO",ACCIDENT
WASHINGTON COUNTY SHERIFFS OFFICE,LAKE ELMO,5/15/2026 12:44:20 PM,WC26022860,"9XXX  Hudson Blvd N, LAKE ELMO",ACCIDENT
WASHINGTON COUNTY SHERIFFS OFFICE,LAKE ELMO,5/15/2026 1:58:10 PM,WC26022868,"4XXX  Irish Ct N, LAKE ELMO",CITIZEN/PUBLIC ASSIST
WASHINGTON COUNTY SHERIFFS OFFICE,LAKE ELMO,5/15/2026 2:51:26 PM,WC26022878,"1XXX  KEATS AVE N, LAKE ELMO",ANIMAL COMPLAINT
WASHINGTON COUNTY SHERIFFS OFFICE,LAKE ELMO,5/15/2026 4:02:19 PM,WC26022891,"60TH ST N / DEMONTREVILLE TRL N, LAKE ELMO",TRAFFIC STOP
WASHINGTON COUNTY SHERIFFS OFFICE,LAKE ELMO,5/15/2026 5:57:04 PM,WC26022916,"8XXX  27th St N, LAKE ELMO",MEDICAL
WASHINGTON COUNTY SHERIFFS OFFICE,LAKE ELMO,5/15/2026 6:41:17 PM,WC26022927,"Hwy 36 Eb At Lake Elmo Ave N, LAKE ELMO",MOTORIST ASSIST
WASHINGTON COUNTY SHERIFFS OFFICE,LAKE ELMO,5/15/2026 7:37:45 PM,WC26022936,"8XXX  Lake Jane Trl N, LAKE ELMO",PARK COMPLAINT
WASHINGTON COUNTY SHERIFFS OFFICE,LAKE ELMO,5/15/2026 8:09:38 PM,WC26022941,"XXX Cimarron, LAKE ELMO",NOISE COMPLAINT/DISTURBANCE
WASHINGTON COUNTY SHERIFFS OFFICE,LAKE ELMO,5/15/2026 9:10:16 PM,WC26022953,"STILLWATER BLVD N / 53RD ST N, LAKE ELMO",ACCIDENT
WASHINGTON COUNTY SHERIFFS OFFICE,LAKE ELMO,5/15/2026 9:28:56 PM,WC26022960,"7XXX  50th St N, LAKE ELMO",SUSPICIOUS PERSON/ACTIVITY
WASHINGTON COUNTY SHERIFFS OFFICE,LAKE ELMO,5/15/2026 10:51:59 PM,WC26022976,"9XXX  4th Street Ln N, LAKE ELMO",SUSPICIOUS PERSON/ACTIVITY
WASHINGTON COUNTY SHERIFFS OFFICE,LAKE ELMO,5/16/2026 1:58:10 AM,WC26023010,"HWY 36 WB JWO LAKE ELMO AVE N, LAKE ELMO",MOTORIST ASSIST
WASHINGTON COUNTY SHERIFFS OFFICE,LAKE ELMO,5/16/2026 3:34:00 AM,WC26023000,"HWY 36 & Lake Elmo Ave, LAKE ELMO",TRAFFIC STOP
WASHINGTON COUNTY SHERIFFS OFFICE,LAKE ELMO,5/16/2026 8:44:52 AM,WC26023037,"3XXX  LAVERNE AVE N, LAKE ELMO",ANIMAL COMPLAINT
WASHINGTON COUNTY SHERIFFS OFFICE,LAKE ELMO,5/16/2026 1:11:33 PM,WC26023071,"50TH ST N / LAKE ELMO AVE N, LAKE ELMO",MOTORIST ASSIST
WASHINGTON COUNTY SHERIFFS OFFICE,LAKE ELMO,5/16/2026 3:45:11 PM,WC26023092,"XXX Jade Trl N, LAKE ELMO",MEDICAL
WASHINGTON COUNTY SHERIFFS OFFICE,LAKE ELMO,5/16/2026 3:47:57 PM,WC26023094,"11XXX  32nd St N, LAKE ELMO",NOISE COMPLAINT/DISTURBANCE
WASHINGTON COUNTY SHERIFFS OFFICE,LAKE ELMO,5/16/2026 6:08:41 PM,WC26023124,"HWY 36 WB JWO MANNING AVE N, LAKE ELMO",ACCIDENT
WASHINGTON COUNTY SHERIFFS OFFICE,LAKE ELMO,5/16/2026 6:21:39 PM,WC26023125,"11XXX  32nd St N, LAKE ELMO",NOISE COMPLAINT/DISTURBANCE
WASHINGTON COUNTY SHERIFFS OFFICE,LAKE ELMO,5/16/2026 7:58:23 PM,WC26023135,"9XXX  Hudson Blvd N, LAKE ELMO",ACCIDENT
WASHINGTON COUNTY SHERIFFS OFFICE,LAKE ELMO,5/16/2026 8:21:32 PM,WC26023142,"11XXX  32nd St N, LAKE ELMO",NOISE COMPLAINT/DISTURBANCE
WASHINGTON COUNTY SHERIFFS OFFICE,LAKE ELMO,5/16/2026 9:05:31 PM,WC26023148,"Hwy 36 Eb Jeo Hilton Trl N, LAKE ELMO",DRIVING COMPLAINT
WASHINGTON COUNTY SHERIFFS OFFICE,LAKE ELMO,5/16/2026 9:07:56 PM,WC26023151,"Lake Demontreville, LAKE ELMO",CITIZEN/PUBLIC ASSIST
WASHINGTON COUNTY SHERIFFS OFFICE,LAKE ELMO,5/16/2026 9:50:02 PM,WC26023160,"4XXX  Olson Lake Trl N, LAKE ELMO",OVERDOSE
WASHINGTON COUNTY SHERIFFS OFFICE,LAKE ELMO,5/16/2026 10:04:00 PM,WC26023165,"11XXX  30th St N, LAKE ELMO",SUSPICIOUS PERSON/ACTIVITY
WASHINGTON COUNTY SHERIFFS OFFICE,LAKE ELMO,5/16/2026 11:04:23 PM,WC26023178,"8XXX  Ironwood Trl N, LAKE ELMO",CITIZEN/PUBLIC ASSIST
WASHINGTON COUNTY SHERIFFS OFFICE,LAKE SAINT CROIX BEACH,5/10/2026 7:52:28 PM,WC26021914,"16XXX  19th St S, LAKE SAINT CROIX BEACH",FIRE
WASHINGTON COUNTY SHERIFFS OFFICE,LAKE SAINT CROIX BEACH,5/12/2026 7:55:26 AM,WC26022164,"1XXX  Quinlan Ave S, LAKE SAINT CROIX BEACH",MEDICAL
WASHINGTON COUNTY SHERIFFS OFFICE,LAKE SAINT CROIX BEACH,5/12/2026 9:18:25 AM,WC26022184,"1XXX  RACINE AVE S, LAKE SAINT CROIX BEACH",OFFICER INFORMATION
WASHINGTON COUNTY SHERIFFS OFFICE,LAKE SAINT CROIX BEACH,5/13/2026 9:00:41 PM,WC26022544,"1XXX  SAINT CROIX TRL S, LAKE SAINT CROIX BEACH",LOST PROPERTY/ITEM
WASHINGTON COUNTY SHERIFFS OFFICE,LAKE SAINT CROIX BEACH,5/15/2026 12:05:38 PM,WC26022849,"1XXX  Quinlan Ave S, LAKE SAINT CROIX BEACH",ANIMAL COMPLAINT
WASHINGTON COUNTY SHERIFFS OFFICE,LAKE SAINT CROIX BEACH,5/15/2026 12:26:47 PM,WC26022856,"1XXX  Quinlan Ave S, LAKE SAINT CROIX BEACH",WELFARE CHECK
WASHINGTON COUNTY SHERIFFS OFFICE,LAKE SAINT CROIX BEACH,5/16/2026 1:34:21 PM,WC26023072,"1XXX  Riviera Ave S, LAKE SAINT CROIX BEACH",PARKING COMPLAINT
WASHINGTON COUNTY SHERIFFS OFFICE,LAKE SAINT CROIX BEACH,5/16/2026 9:09:37 PM,WC26023150,"Lake St Croix Beach Stairs 6, LAKE SAINT CROIX BEACH",ORDINANCE VIOLATION
WASHINGTON COUNTY SHERIFFS OFFICE,LAKELAND,5/10/2026 1:59:32 PM,WC26021875,"1XXX  Rivercrest Rd N, LAKELAND",PARKING COMPLAINT
WASHINGTON COUNTY SHERIFFS OFFICE,LAKELAND,5/10/2026 5:14:46 PM,WC26021896,"I94 Bridge (hudson): I94 Wb - Mn, LAKELAND",ASSIST OTHER AGENCY
WASHINGTON COUNTY SHERIFFS OFFICE,LAKELAND,5/11/2026 3:33:11 PM,WC26022054,"Division St / Saint Croix Trl S, LAKELAND",WELFARE CHECK
WASHINGTON COUNTY SHERIFFS OFFICE,LAKELAND,5/12/2026 9:07:00 AM,WC26022172,"SAINT CROIX TRL N / 5th Street N, LAKELAND",TRAFFIC STOP
WASHINGTON COUNTY SHERIFFS OFFICE,LAKELAND,5/12/2026 9:33:42 PM,WC26022336,"XXX Saint Croix Trl S, LAKELAND",SUSPICIOUS PERSON/ACTIVITY
WASHINGTON COUNTY SHERIFFS OFFICE,LAKELAND,5/15/2026 5:15:55 PM,WC26022908,"8TH ST N / SAINT CROIX TRL N, LAKELAND",ACCIDENT
WASHINGTON COUNTY SHERIFFS OFFICE,LAKELAND,5/16/2026 4:03:54 PM,WC26023098,"16XXX  1st St N, LAKELAND",CITIZEN/PUBLIC ASSIST
WASHINGTON COUNTY SHERIFFS OFFICE,LANDFALL,5/14/2026 12:56:28 AM,WC26022575,"XX Birch Ln, LANDFALL",MEDICAL
WASHINGTON COUNTY SHERIFFS OFFICE,LANDFALL,5/14/2026 6:31:00 PM,WC26022711,"DELLWOOD LN / DELLWOOD SQ N, LANDFALL",TRAFFIC STOP
WASHINGTON COUNTY SHERIFFS OFFICE,LANDFALL,5/15/2026 4:56:00 AM,WC26022781,"2ND AVE / GARDEN GLN, LANDFALL",DWI
WASHINGTON COUNTY SHERIFFS OFFICE,MAHTOMEDI,5/10/2026 10:03:33 AM,WC26021850,"XXX Wedgewood Ct, MAHTOMEDI",ALARM-BUSINESS/RES/FIRE/MEDICAL/ETC
WASHINGTON COUNTY SHERIFFS OFFICE,MAHTOMEDI,5/10/2026 10:55:02 AM,WC26021857,"1XXX  Park Ave, MAHTOMEDI",MEDICAL
WASHINGTON COUNTY SHERIFFS OFFICE,MAHTOMEDI,5/10/2026 4:28:55 PM,WC26021887,"XXX Hickory St, MAHTOMEDI",911 ABANDONED/HANGUP/OPEN LINE
WASHINGTON COUNTY SHERIFFS OFFICE,MAHTOMEDI,5/10/2026 4:45:50 PM,WC26021895,"XXX Oak Grove Ln, MAHTOMEDI",ANIMAL COMPLAINT
WASHINGTON COUNTY SHERIFFS OFFICE,MAHTOMEDI,5/10/2026 6:41:44 PM,WC26021907,"XXX Mahtomedi Ave, MAHTOMEDI",WELFARE CHECK
WASHINGTON COUNTY SHERIFFS OFFICE,MAHTOMEDI,5/10/2026 7:24:27 PM,WC26021910,"XXX Warner Ave S, MAHTOMEDI",DRUNK/INTOXICATED 
WASHINGTON COUNTY SHERIFFS OFFICE,MAHTOMEDI,5/10/2026 9:00:29 PM,WC26021919,"Wildwood Rd / Ridge Way, MAHTOMEDI",ACCIDENT
WASHINGTON COUNTY SHERIFFS OFFICE,MAHTOMEDI,5/11/2026 4:26:26 AM,WC26021960,"XX Fir St, MAHTOMEDI",MEDICAL
WASHINGTON COUNTY SHERIFFS OFFICE,MAHTOMEDI,5/11/2026 9:15:26 AM,WC26021981,"1XXX  Park Ave, MAHTOMEDI",MEDICAL
WASHINGTON COUNTY SHERIFFS OFFICE,MAHTOMEDI,5/11/2026 11:12:16 AM,WC26022004,"Wildwood Rd / Old Wildwood Rd, MAHTOMEDI",ANIMAL COMPLAINT
WASHINGTON COUNTY SHERIFFS OFFICE,MAHTOMEDI,5/11/2026 11:55:53 AM,WC26022013,"Unknown, MAHTOMEDI",ASSIST OTHER AGENCY
WASHINGTON COUNTY SHERIFFS OFFICE,MAHTOMEDI,5/11/2026 2:31:58 PM,WC26022047,"XXX Ledgestone Dr, MAHTOMEDI",CITIZEN/PUBLIC ASSIST
WASHINGTON COUNTY SHERIFFS OFFICE,MAHTOMEDI,5/11/2026 5:45:35 PM,WC26022082,"3XXX  CENTURY AVE, MAHTOMEDI",CITIZEN/PUBLIC ASSIST
WASHINGTON COUNTY SHERIFFS OFFICE,MAHTOMEDI,5/11/2026 6:09:30 PM,WC26022087,"MAHTOMEDI AVE / BIRCH ST, MAHTOMEDI",TRAFFIC STOP
WASHINGTON COUNTY SHERIFFS OFFICE,MAHTOMEDI,5/11/2026 6:33:32 PM,WC26022093,"3XXX  Century Ave, MAHTOMEDI",WELFARE CHECK
WASHINGTON COUNTY SHERIFFS OFFICE,MAHTOMEDI,5/11/2026 11:33:05 PM,WC26022122,"XXX STILLWATER RD, MAHTOMEDI",911 ABANDONED/HANGUP/OPEN LINE
WASHINGTON COUNTY SHERIFFS OFFICE,MAHTOMEDI,5/12/2026 12:01:38 AM,WC26022125,"Wildwood Rd / Wedgewood Dr, MAHTOMEDI",SUSPICIOUS PERSON/ACTIVITY
WASHINGTON COUNTY SHERIFFS OFFICE,MAHTOMEDI,5/12/2026 3:04:31 AM,WC26022145,"XXX Stillwater Rd, MAHTOMEDI",SUSPICIOUS PERSON/ACTIVITY
WASHINGTON COUNTY SHERIFFS OFFICE,MAHTOMEDI,5/12/2026 6:38:20 AM,WC26022153,"XXX Stillwater Rd, MAHTOMEDI",911 ABANDONED/HANGUP/OPEN LINE
WASHINGTON COUNTY SHERIFFS OFFICE,MAHTOMEDI,5/12/2026 9:00:29 AM,WC26022170,"XX Locust St, MAHTOMEDI",INCIDENT
WASHINGTON COUNTY SHERIFFS OFFICE,MAHTOMEDI,5/12/2026 9:05:03 AM,WC26022178,"XXX Wildwood Rd, MAHTOMEDI",911 ABANDONED/HANGUP/OPEN LINE
WASHINGTON COUNTY SHERIFFS OFFICE,MAHTOMEDI,5/12/2026 9:21:39 AM,WC26022187,"XXX Ledgestone Dr, MAHTOMEDI",CITIZEN/PUBLIC ASSIST
WASHINGTON COUNTY SHERIFFS OFFICE,MAHTOMEDI,5/12/2026 9:51:41 AM,WC26022195,"3XXX  Century Ave, MAHTOMEDI",MEDICAL
WASHINGTON COUNTY SHERIFFS OFFICE,MAHTOMEDI,5/12/2026 1:00:28 PM,WC26022238,"Ash St / Mahtomedi Ave, MAHTOMEDI",FIRE
WASHINGTON COUNTY SHERIFFS OFFICE,MAHTOMEDI,5/12/2026 2:02:40 PM,WC26022251,"XXX East Ave, MAHTOMEDI",MEDICAL
WASHINGTON COUNTY SHERIFFS OFFICE,MAHTOMEDI,5/12/2026 2:10:28 PM,WC26022256,"XXX Woodland Dr, MAHTOMEDI",FRAUD/SCAM
WASHINGTON COUNTY SHERIFFS OFFICE,MAHTOMEDI,5/12/2026 3:28:00 PM,WC26022271,"XXX - 648 WILDWOOD RD, MAHTOMEDI",TRAFFIC STOP
WASHINGTON COUNTY SHERIFFS OFFICE,MAHTOMEDI,5/12/2026 4:18:50 PM,WC26022284,"XXX Juniper St, MAHTOMEDI",FRAUD/SCAM
WASHINGTON COUNTY SHERIFFS OFFICE,MAHTOMEDI,5/12/2026 4:47:50 PM,WC26022293,"XXX Wildwood Rd, MAHTOMEDI",911 ABANDONED/HANGUP/OPEN LINE
WASHINGTON COUNTY SHERIFFS OFFICE,MAHTOMEDI,5/12/2026 4:57:27 PM,WC26022295,"Wood St / Warner Ave N, MAHTOMEDI",INCIDENT
WASHINGTON COUNTY SHERIFFS OFFICE,MAHTOMEDI,5/12/2026 5:01:22 PM,WC26022297,"XXX Wildwood Rd, MAHTOMEDI",ASSIST OTHER AGENCY
WASHINGTON COUNTY SHERIFFS OFFICE,MAHTOMEDI,5/12/2026 5:06:56 PM,WC26022298,"XXX Pineview Ct, MAHTOMEDI",FIRE
WASHINGTON COUNTY SHERIFFS OFFICE,MAHTOMEDI,5/12/2026 7:45:36 PM,WC26022322,"XXX Wildwood Rd, MAHTOMEDI",DRIVING COMPLAINT
WASHINGTON COUNTY SHERIFFS OFFICE,MAHTOMEDI,5/12/2026 9:42:02 PM,WC26022337,"XXX WILDWOOD RD, MAHTOMEDI",TRAFFIC STOP
WASHINGTON COUNTY SHERIFFS OFFICE,MAHTOMEDI,5/12/2026 9:58:53 PM,WC26022342,"XXX East Ave, MAHTOMEDI",LIFT ASSIST
WASHINGTON COUNTY SHERIFFS OFFICE,MAHTOMEDI,5/13/2026 12:08:00 AM,WC26022353,"Century Ave N / Long Lake Rd, MAHTOMEDI",TRAFFIC STOP
WASHINGTON COUNTY SHERIFFS OFFICE,MAHTOMEDI,5/13/2026 1:29:15 AM,WC26022357,"XXX Hickory St, MAHTOMEDI",BURNING COMPLAINT
WASHINGTON COUNTY SHERIFFS OFFICE,MAHTOMEDI,5/13/2026 4:37:05 AM,WC26022375,"XXX Stillwater Rd, MAHTOMEDI",NOISE COMPLAINT/DISTURBANCE
WASHINGTON COUNTY SHERIFFS OFFICE,MAHTOMEDI,5/13/2026 8:47:00 AM,WC26022397,"XXX - 999 LINCOLNTOWN AVE, MAHTOMEDI",TRAFFIC STOP
WASHINGTON COUNTY SHERIFFS OFFICE,MAHTOMEDI,5/13/2026 11:13:59 AM,WC26022449,"Unknown, MAHTOMEDI",CITIZEN/PUBLIC ASSIST
WASHINGTON COUNTY SHERIFFS OFFICE,MAHTOMEDI,5/13/2026 1:44:23 PM,WC26022477,"XXX Wildwood Ct, MAHTOMEDI",WELFARE CHECK
WASHINGTON COUNTY SHERIFFS OFFICE,MAHTOMEDI,5/13/2026 3:39:00 PM,WC26022493,"QUAIL & BRIARWOOD AVE, MAHTOMEDI",TRAFFIC STOP
WASHINGTON COUNTY SHERIFFS OFFICE,MAHTOMEDI,5/13/2026 4:26:38 PM,WC26022503,"XX Mahtomedi Ave, MAHTOMEDI",DEATH
WASHINGTON COUNTY SHERIFFS OFFICE,MAHTOMEDI,5/13/2026 4:53:23 PM,WC26022506,"XXX Lincolntown Ave, MAHTOMEDI",INDECENT EXPOSURE
WASHINGTON COUNTY SHERIFFS OFFICE,MAHTOMEDI,5/13/2026 6:57:32 PM,WC26022529,"1XXX  Wildwood Rd, MAHTOMEDI",INCIDENT
WASHINGTON COUNTY SHERIFFS OFFICE,MAHTOMEDI,5/13/2026 7:07:55 PM,WC26022532,"WILDWOOD RD & LINCOLNTOWN AVE, MAHTOMEDI",INDECENT EXPOSURE
WASHINGTON COUNTY SHERIFFS OFFICE,MAHTOMEDI,5/13/2026 7:13:15 PM,WC26022533,"XXX Bevins Ln, MAHTOMEDI",MEDICAL
WASHINGTON COUNTY SHERIFFS OFFICE,MAHTOMEDI,5/13/2026 7:37:52 PM,WC26022539,"XXX Lincolntown Ave, MAHTOMEDI",FOLLOW UP
WASHINGTON COUNTY SHERIFFS OFFICE,MAHTOMEDI,5/13/2026 8:10:38 PM,WC26022540,"XXX Hickory St, MAHTOMEDI",911 ABANDONED/HANGUP/OPEN LINE
WASHINGTON COUNTY SHERIFFS OFFICE,MAHTOMEDI,5/14/2026 7:52:44 AM,WC26022595,"Unknown, MAHTOMEDI",FOLLOW UP
WASHINGTON COUNTY SHERIFFS OFFICE,MAHTOMEDI,5/14/2026 8:59:31 AM,WC26022602,"XXX GREENWOOD ST, MAHTOMEDI",CIVIL MATTER/DISPUTE
WASHINGTON COUNTY SHERIFFS OFFICE,MAHTOMEDI,5/14/2026 9:16:24 AM,WC26022607,"XXX Mahtomedi Ave, MAHTOMEDI",MEDICAL
WASHINGTON COUNTY SHERIFFS OFFICE,MAHTOMEDI,5/14/2026 10:48:50 AM,WC26022645,"Unknown, MAHTOMEDI",FOLLOW UP
WASHINGTON COUNTY SHERIFFS OFFICE,MAHTOMEDI,5/14/2026 11:39:00 AM,WC26022652,"1XXX  MAHTOMEDI AVE, MAHTOMEDI",TRAFFIC STOP
WASHINGTON COUNTY SHERIFFS OFFICE,MAHTOMEDI,5/14/2026 1:33:58 PM,WC26022677,"Unknown, MAHTOMEDI",FOLLOW UP
WASHINGTON COUNTY SHERIFFS OFFICE,MAHTOMEDI,5/14/2026 4:15:32 PM,WC26022705,"XXX Wildwood Rd, MAHTOMEDI",CIVIL MATTER/DISPUTE
WASHINGTON COUNTY SHERIFFS OFFICE,MAHTOMEDI,5/14/2026 11:51:46 PM,WC26022768,"XXX WILDWOOD RD, MAHTOMEDI",OFFICER INFORMATION
WASHINGTON COUNTY SHERIFFS OFFICE,MAHTOMEDI,5/15/2026 2:16:20 AM,WC26022779,"XXX Quail St, MAHTOMEDI",MEDICAL
WASHINGTON COUNTY SHERIFFS OFFICE,MAHTOMEDI,5/15/2026 8:52:07 AM,WC26022800,"XXX Woodland Dr, MAHTOMEDI",OFFICER INFORMATION
WASHINGTON COUNTY SHERIFFS OFFICE,MAHTOMEDI,5/15/2026 11:25:06 AM,WC26022844,"XXX Quail St, MAHTOMEDI",MEDICAL
WASHINGTON COUNTY SHERIFFS OFFICE,MAHTOMEDI,5/15/2026 12:54:25 PM,WC26022862,"XX Hickory St, MAHTOMEDI",MEDICAL
WASHINGTON COUNTY SHERIFFS OFFICE,MAHTOMEDI,5/15/2026 1:31:50 PM,WC26022865,"3XXX  Century Ave, MAHTOMEDI",VEHICLE UNLOCK
WASHINGTON COUNTY SHERIFFS OFFICE,MAHTOMEDI,5/15/2026 4:46:06 PM,WC26022902,"XX Bertha Ct, MAHTOMEDI",911 ABANDONED/HANGUP/OPEN LINE
WASHINGTON COUNTY SHERIFFS OFFICE,MAHTOMEDI,5/15/2026 9:00:41 PM,WC26022951,"XXX Park Ave, MAHTOMEDI",INCIDENT
WASHINGTON COUNTY SHERIFFS OFFICE,MAHTOMEDI,5/15/2026 9:48:00 PM,WC26022964,"WILDWOOD RD / BIRCHWOOD RD, MAHTOMEDI",TRAFFIC STOP
WASHINGTON COUNTY SHERIFFS OFFICE,MAHTOMEDI,5/16/2026 12:00:00 AM,WC26023089,"XX LONG LAKE RD, MAHTOMEDI",TRAFFIC STOP
WASHINGTON COUNTY SHERIFFS OFFICE,MAHTOMEDI,5/16/2026 6:35:45 AM,WC26023025,"XXX Mahtomedi Ave, MAHTOMEDI",911 ABANDONED/HANGUP/OPEN LINE
WASHINGTON COUNTY SHERIFFS OFFICE,MAHTOMEDI,5/16/2026 8:10:36 AM,WC26023031,"1XXX  Lincolntown Ave, MAHTOMEDI",ALARM-BUSINESS/RES/FIRE/MEDICAL/ETC
WASHINGTON COUNTY SHERIFFS OFFICE,MAHTOMEDI,5/16/2026 9:54:54 AM,WC26023047,"XX Long Lake Rd, MAHTOMEDI",ANIMAL COMPLAINT
WASHINGTON COUNTY SHERIFFS OFFICE,MAHTOMEDI,5/16/2026 11:11:39 AM,WC26023060,"XX LONG LAKE RD, MAHTOMEDI",OTHER
WASHINGTON COUNTY SHERIFFS OFFICE,MAHTOMEDI,5/16/2026 11:15:36 AM,WC26023061,"XXX Wedgewood Dr, MAHTOMEDI",MEDICAL
WASHINGTON COUNTY SHERIFFS OFFICE,MAHTOMEDI,5/16/2026 3:53:36 PM,WC26023095,"XXX Warner Ave S, MAHTOMEDI",SUSPICIOUS PERSON/ACTIVITY
WASHINGTON COUNTY SHERIFFS OFFICE,MAHTOMEDI,5/16/2026 5:17:05 PM,WC26023112,"XXX Stillwater Rd, MAHTOMEDI",DISTURBANCE
WASHINGTON COUNTY SHERIFFS OFFICE,MAHTOMEDI,5/16/2026 5:54:48 PM,WC26023120,"1XXX  Griffin Ave, MAHTOMEDI",CITIZEN/PUBLIC ASSIST
WASHINGTON COUNTY SHERIFFS OFFICE,MAHTOMEDI,5/16/2026 6:50:39 PM,WC26023127,"XX Long Lake Rd, MAHTOMEDI",911 ABANDONED/HANGUP/OPEN LINE
WASHINGTON COUNTY SHERIFFS OFFICE,MAHTOMEDI,5/16/2026 7:14:54 PM,WC26023132,"XX Long Lake Rd, MAHTOMEDI",911 ABANDONED/HANGUP/OPEN LINE
WASHINGTON COUNTY SHERIFFS OFFICE,MAHTOMEDI,5/16/2026 9:09:10 PM,WC26023149,"MAHTOMEDI AVE / STILLWATER RD, MAHTOMEDI",TRAFFIC STOP
WASHINGTON COUNTY SHERIFFS OFFICE,MAHTOMEDI,5/16/2026 10:16:13 PM,WC26023170,"XXX Locust St, MAHTOMEDI",MEDICAL
WASHINGTON COUNTY SHERIFFS OFFICE,MAHTOMEDI,5/16/2026 10:25:56 PM,WC26023172,"XXX WILDWOOD RD, MAHTOMEDI",MEDICAL
WASHINGTON COUNTY SHERIFFS OFFICE,MARINE ON SAINT CROIX,5/11/2026 7:58:15 AM,WC26021975,"Judd St / Berkey St, MARINE ON SAINT CROIX",FOLLOW UP
WASHINGTON COUNTY SHERIFFS OFFICE,MARINE ON SAINT CROIX,5/13/2026 6:03:04 PM,WC26022518,"XXX Nason Hill Rd, MARINE ON SAINT CROIX",ACCIDENT
WASHINGTON COUNTY SHERIFFS OFFICE,MAY TOWNSHIP,5/11/2026 2:10:53 PM,WC26022043,"15XXX  Orwell Rd N, MAY TOWNSHIP",TRAFFIC COMPLAINT
WASHINGTON COUNTY SHERIFFS OFFICE,MAY TOWNSHIP,5/11/2026 5:50:20 PM,WC26022084,"11XXX  180th St N, MAY TOWNSHIP",FOLLOW UP
WASHINGTON COUNTY SHERIFFS OFFICE,MAY TOWNSHIP,5/11/2026 6:00:21 PM,WC26022085,"13XXX  Lynch Rd N, MAY TOWNSHIP",MEDICAL
WASHINGTON COUNTY SHERIFFS OFFICE,MAY TOWNSHIP,5/12/2026 4:40:26 PM,WC26022292,"17XXX  MANNING TRL N, MAY TOWNSHIP",THEFT
WASHINGTON COUNTY SHERIFFS OFFICE,MAY TOWNSHIP,5/12/2026 4:42:00 PM,WC26022290,"170TH ST N & MANNING TRL N, MAY TOWNSHIP",TRAFFIC STOP
WASHINGTON COUNTY SHERIFFS OFFICE,MAY TOWNSHIP,5/12/2026 7:48:20 PM,WC26022323,"155th St N / Manning Trl N, MAY TOWNSHIP",MEDICAL
WASHINGTON COUNTY SHERIFFS OFFICE,MAY TOWNSHIP,5/13/2026 3:14:00 PM,WC26022491,"12XXX  - 12299 MANNING TRL N, MAY TOWNSHIP",TRAFFIC STOP
WASHINGTON COUNTY SHERIFFS OFFICE,MAY TOWNSHIP,5/13/2026 9:56:38 PM,WC26022547,"Saint Croix Trl N / 124th St N, MAY TOWNSHIP",ROAD HAZARD
WASHINGTON COUNTY SHERIFFS OFFICE,MAY TOWNSHIP,5/14/2026 8:25:40 AM,WC26022599,"SQUARE LAKE, MAY TOWNSHIP",WATER COMPLAINT
WASHINGTON COUNTY SHERIFFS OFFICE,MAY TOWNSHIP,5/14/2026 9:00:23 AM,WC26022605,"Square Lake Boat Landing, MAY TOWNSHIP",BOAT COMPLAINT
WASHINGTON COUNTY SHERIFFS OFFICE,MAY TOWNSHIP,5/15/2026 9:14:19 AM,WC26022807,"13XXX  Saint Croix Trl N, MAY TOWNSHIP",911 ABANDONED/HANGUP/OPEN LINE
WASHINGTON COUNTY SHERIFFS OFFICE,MAY TOWNSHIP,5/15/2026 12:08:38 PM,WC26022851,"12XXX  Keystone Ave N, MAY TOWNSHIP",PARKING COMPLAINT
WASHINGTON COUNTY SHERIFFS OFFICE,MAY TOWNSHIP,5/15/2026 4:56:18 PM,WC26022904,"13XXX  Lynch Rd N, MAY TOWNSHIP",MEDICAL
WASHINGTON COUNTY SHERIFFS OFFICE,MAY TOWNSHIP,5/16/2026 1:31:48 AM,WC26023003,"12XXX  Manning Trl N, MAY TOWNSHIP",ACCIDENT
WASHINGTON COUNTY SHERIFFS OFFICE,MAY TOWNSHIP,5/16/2026 12:34:54 PM,WC26023067,"12XXX  Otchipwe Ave N, MAY TOWNSHIP",ANIMAL COMPLAINT
WASHINGTON COUNTY SHERIFFS OFFICE,NEWPORT,5/10/2026 11:25:52 AM,WC26021862,"1XXX  Barry Dr, NEWPORT",MEDICAL
WASHINGTON COUNTY SHERIFFS OFFICE,NEWPORT,5/10/2026 3:42:04 PM,WC26021884,"Hastings Ave / Bailey Rd, NEWPORT",DISORDERLY CONDUCT
WASHINGTON COUNTY SHERIFFS OFFICE,NEWPORT,5/10/2026 4:45:00 PM,WC26021890,"HWY 61 SB @ MAXWELL AV, NEWPORT",TRAFFIC STOP
WASHINGTON COUNTY SHERIFFS OFFICE,NEWPORT,5/10/2026 5:10:00 PM,WC26021893,"Hwy 61 SB @ Maxwell Ave, NEWPORT",TRAFFIC STOP
WASHINGTON COUNTY SHERIFFS OFFICE,NEWPORT,5/10/2026 5:29:00 PM,WC26021899,"HWY 61 SB @ MAXWELL AV, NEWPORT",TRAFFIC STOP
WASHINGTON COUNTY SHERIFFS OFFICE,NEWPORT,5/10/2026 5:56:00 PM,WC26021901,"HWY 61 SB @ MAXWELL AV, NEWPORT",TRAFFIC STOP
WASHINGTON COUNTY SHERIFFS OFFICE,NEWPORT,5/10/2026 6:10:00 PM,WC26021903,"HWY 61 NB JSO GLEN RD, NEWPORT",TRAFFIC STOP
WASHINGTON COUNTY SHERIFFS OFFICE,NEWPORT,5/10/2026 6:38:00 PM,WC26021906,"HWY 61 SB @ MAXWELL AV, NEWPORT",TRAFFIC STOP
WASHINGTON COUNTY SHERIFFS OFFICE,NEWPORT,5/10/2026 6:41:03 PM,WC26021908,"1XXX  10th Ave, NEWPORT",UNWANTED PERSON/VEHICLE
WASHINGTON COUNTY SHERIFFS OFFICE,NEWPORT,5/10/2026 8:29:51 PM,WC26021915,"1XXX  Cedar Ln, NEWPORT",UNWANTED PERSON/VEHICLE
WASHINGTON COUNTY SHERIFFS OFFICE,NEWPORT,5/10/2026 8:51:00 PM,WC26021917,"HWY 61 SB @ MAXWELL AV, NEWPORT",DWI
WASHINGTON COUNTY SHERIFFS OFFICE,NEWPORT,5/11/2026 9:48:01 AM,WC26021995,"1XXX  Woodbury Rd, NEWPORT",CITIZEN/PUBLIC ASSIST
WASHINGTON COUNTY SHERIFFS OFFICE,NEWPORT,5/11/2026 11:58:25 AM,WC26022015,"2XXX  Hastings Ave, NEWPORT",WELFARE CHECK
WASHINGTON COUNTY SHERIFFS OFFICE,NEWPORT,5/11/2026 1:43:04 PM,WC26022035,"2XXX  1st Ave, NEWPORT",FOLLOW UP
WASHINGTON COUNTY SHERIFFS OFFICE,NEWPORT,5/11/2026 3:44:03 PM,WC26022059,"XXX 2nd Ave, NEWPORT",PROPERTY DAMAGE
WASHINGTON COUNTY SHERIFFS OFFICE,NEWPORT,5/11/2026 7:57:14 PM,WC26022096,"Red Rock Xing / Maxwell Ave, NEWPORT",FIRE
WASHINGTON COUNTY SHERIFFS OFFICE,NEWPORT,5/11/2026 10:10:01 PM,WC26022113,"1XXX  GLEN RD, NEWPORT",SUSPICIOUS PERSON/ACTIVITY
WASHINGTON COUNTY SHERIFFS OFFICE,NEWPORT,5/12/2026 12:00:16 AM,WC26022124,"1XXX  Mark Ct, NEWPORT",WELFARE CHECK
WASHINGTON COUNTY SHERIFFS OFFICE,NEWPORT,5/12/2026 1:06:23 AM,WC26022130,"1XXX  HASTINGS AVE, NEWPORT",OFFICER INFORMATION
WASHINGTON COUNTY SHERIFFS OFFICE,NEWPORT,5/12/2026 1:13:59 AM,WC26022131,"GLEN RD OVER HWY 61, NEWPORT",INCIDENT
WASHINGTON COUNTY SHERIFFS OFFICE,NEWPORT,5/12/2026 7:16:00 AM,WC26022160,"Highway 61 & MAXWELL AVE, NEWPORT",TRAFFIC STOP
WASHINGTON COUNTY SHERIFFS OFFICE,NEWPORT,5/12/2026 7:47:00 AM,WC26022161,"Highway 61 & MAXWELL AVE, NEWPORT",TRAFFIC STOP
WASHINGTON COUNTY SHERIFFS OFFICE,NEWPORT,5/12/2026 7:53:59 AM,WC26022163,"1XXX  Hastings Ave, NEWPORT",SUSPICIOUS PERSON/ACTIVITY
WASHINGTON COUNTY SHERIFFS OFFICE,NEWPORT,5/12/2026 8:18:00 AM,WC26022166,"Highway 61 & MAXWELL AVE, NEWPORT",TRAFFIC STOP
WASHINGTON COUNTY SHERIFFS OFFICE,NEWPORT,5/12/2026 11:02:16 AM,WC26022210,"1XXX  Military Rd, NEWPORT",ACCIDENT
WASHINGTON COUNTY SHERIFFS OFFICE,NEWPORT,5/12/2026 11:33:44 AM,WC26022217,"1XXX  10th Ave, NEWPORT",THEFT
WASHINGTON COUNTY SHERIFFS OFFICE,NEWPORT,5/12/2026 12:28:58 PM,WC26022229,"1XXX  10th Ave, NEWPORT",MEDICAL
WASHINGTON COUNTY SHERIFFS OFFICE,NEWPORT,5/12/2026 12:56:58 PM,WC26022237,"2XXX  1st Ave, NEWPORT",FOLLOW UP
WASHINGTON COUNTY SHERIFFS OFFICE,NEWPORT,5/12/2026 1:04:23 PM,WC26022240,"1XXX  Bluestem Ln, NEWPORT",MEDICAL
WASHINGTON COUNTY SHERIFFS OFFICE,NEWPORT,5/12/2026 1:53:10 PM,WC26022249,"2XXX  Maxwell Ave, NEWPORT",ALARM-BUSINESS/RES/FIRE/MEDICAL/ETC
WASHINGTON COUNTY SHERIFFS OFFICE,NEWPORT,5/12/2026 4:56:15 PM,WC26022294,"1XXX  10TH AVE, NEWPORT",FOLLOW UP
WASHINGTON COUNTY SHERIFFS OFFICE,NEWPORT,5/12/2026 6:30:26 PM,WC26022309,"Glen Rd Over Hwy 61, NEWPORT",SUSPICIOUS PERSON/ACTIVITY
WASHINGTON COUNTY SHERIFFS OFFICE,NEWPORT,5/12/2026 6:51:19 PM,WC26022314,"1XXX  10th Ave, NEWPORT",SUSPICIOUS PERSON/ACTIVITY
WASHINGTON COUNTY SHERIFFS OFFICE,NEWPORT,5/12/2026 7:12:50 PM,WC26022318,"2XXX  Hastings Ave, NEWPORT",MEDICAL
WASHINGTON COUNTY SHERIFFS OFFICE,NEWPORT,5/12/2026 9:58:05 PM,WC26022341,"XXX 14th St, NEWPORT",ALARM-BUSINESS/RES/FIRE/MEDICAL/ETC
WASHINGTON COUNTY SHERIFFS OFFICE,NEWPORT,5/12/2026 10:03:37 PM,WC26022343,"7TH AVE / 15TH ST, NEWPORT",TRAFFIC STOP
WASHINGTON COUNTY SHERIFFS OFFICE,NEWPORT,5/13/2026 2:44:00 AM,WC26022364,"BAILEY RD/ STERLING AVE, NEWPORT",TRAFFIC STOP
WASHINGTON COUNTY SHERIFFS OFFICE,NEWPORT,5/13/2026 6:31:41 AM,WC26022377,"1XXX  10th Ave, NEWPORT",FIGHT
WASHINGTON COUNTY SHERIFFS OFFICE,NEWPORT,5/13/2026 7:27:04 AM,WC26022381,"Military Rd / Bailey Rd, NEWPORT",ANIMAL COMPLAINT
WASHINGTON COUNTY SHERIFFS OFFICE,NEWPORT,5/13/2026 8:45:32 AM,WC26022398,"1XXX  10th Ave, NEWPORT",NOISE COMPLAINT/DISTURBANCE
WASHINGTON COUNTY SHERIFFS OFFICE,NEWPORT,5/13/2026 9:24:52 AM,WC26022413,"4TH AVE / 7TH ST, NEWPORT",PUBLIC WORKS CONCERN
WASHINGTON COUNTY SHERIFFS OFFICE,NEWPORT,5/13/2026 10:10:05 AM,WC26022432,"1XXX  - 1619 7TH AVE, NEWPORT",DIRECTED PATROL
WASHINGTON COUNTY SHERIFFS OFFICE,NEWPORT,5/13/2026 10:49:18 AM,WC26022442,"XXX Red Rock Xing, NEWPORT",911 ABANDONED/HANGUP/OPEN LINE
WASHINGTON COUNTY SHERIFFS OFFICE,NEWPORT,5/13/2026 11:43:53 AM,WC26022454,"Glen Rd Over Hwy 61, NEWPORT",ROAD HAZARD
WASHINGTON COUNTY SHERIFFS OFFICE,NEWPORT,5/13/2026 2:14:29 PM,WC26022483,"Glen Rd / 10th Ave, NEWPORT",WELFARE CHECK
WASHINGTON COUNTY SHERIFFS OFFICE,NEWPORT,5/13/2026 5:21:00 PM,WC26022511,"Red Rock Xing / Maxwell Ave, NEWPORT",TRAFFIC STOP
WASHINGTON COUNTY SHERIFFS OFFICE,NEWPORT,5/13/2026 6:19:57 PM,WC26022521,"1XXX  10th Ave, NEWPORT",NOISE COMPLAINT/DISTURBANCE
WASHINGTON COUNTY SHERIFFS OFFICE,NEWPORT,5/13/2026 6:49:57 PM,WC26022526,"1XXX  11th Ave, NEWPORT",CIVIL MATTER/DISPUTE
WASHINGTON COUNTY SHERIFFS OFFICE,NEWPORT,5/13/2026 8:11:28 PM,WC26022541,"1XXX  3rd Ave, NEWPORT",ANIMAL COMPLAINT
WASHINGTON COUNTY SHERIFFS OFFICE,NEWPORT,5/14/2026 12:02:15 AM,WC26022567,"1XXX  10th Ave, NEWPORT",FIGHT
WASHINGTON COUNTY SHERIFFS OFFICE,NEWPORT,5/14/2026 1:15:38 AM,WC26022574,"1XXX  HASTINGS AVE, NEWPORT",SUSPICIOUS PERSON/ACTIVITY
WASHINGTON COUNTY SHERIFFS OFFICE,NEWPORT,5/14/2026 6:04:04 PM,WC26022726,"BAILEY RD OVER HWY 61, NEWPORT",MOTORIST ASSIST
WASHINGTON COUNTY SHERIFFS OFFICE,NEWPORT,5/14/2026 7:14:45 PM,WC26022735,"XXX 18th St, NEWPORT",WELFARE CHECK
WASHINGTON COUNTY SHERIFFS OFFICE,NEWPORT,5/15/2026 8:20:00 AM,WC26022796,"1XXX  Glen Rd, NEWPORT",SUSPICIOUS PERSON/ACTIVITY
WASHINGTON COUNTY SHERIFFS OFFICE,NEWPORT,5/15/2026 9:34:46 AM,WC26022830,"I494 Eb To Hwy 61 Sb Ramp, NEWPORT",ASSIST OTHER AGENCY
WASHINGTON COUNTY SHERIFFS OFFICE,NEWPORT,5/15/2026 12:27:51 PM,WC26022857,"XX Hwy 61 Sb Jno 70th St S, NEWPORT",ASSIST OTHER AGENCY
WASHINGTON COUNTY SHERIFFS OFFICE,NEWPORT,5/15/2026 2:34:00 PM,WC26022873,"Hwy 61 & Maxwell Ave, NEWPORT",TRAFFIC STOP
WASHINGTON COUNTY SHERIFFS OFFICE,NEWPORT,5/15/2026 3:33:15 PM,WC26022888,"1XXX  4th Ave, NEWPORT",FRAUD/SCAM
WASHINGTON COUNTY SHERIFFS OFFICE,NEWPORT,5/15/2026 5:30:00 PM,WC26022912,"Hwy 61 SB @ Maxwell Ave, NEWPORT",TRAFFIC STOP
WASHINGTON COUNTY SHERIFFS OFFICE,NEWPORT,5/15/2026 6:56:00 PM,WC26022930,"Hwy 61 SB @ Maxwell Ave, NEWPORT",TRAFFIC STOP
WASHINGTON COUNTY SHERIFFS OFFICE,NEWPORT,5/15/2026 7:17:35 PM,WC26022932,"1XXX  2nd Ave, NEWPORT",DRIVING COMPLAINT
WASHINGTON COUNTY SHERIFFS OFFICE,NEWPORT,5/15/2026 7:51:00 PM,WC26022938,"17TH ST / CEDAR LN, NEWPORT",ATV/OHV VIOLATION
WASHINGTON COUNTY SHERIFFS OFFICE,NEWPORT,5/15/2026 9:24:07 PM,WC26022958,"2XXX  LARRY LN, NEWPORT",CIVIL MATTER/DISPUTE
WASHINGTON COUNTY SHERIFFS OFFICE,NEWPORT,5/15/2026 9:29:38 PM,WC26022963,"1XXX  10th Ave, NEWPORT",FOLLOW UP
WASHINGTON COUNTY SHERIFFS OFFICE,NEWPORT,5/15/2026 11:47:00 PM,WC26022987,"1XXX  HASTINGS AVE, NEWPORT",WARRANT ARREST
WASHINGTON COUNTY SHERIFFS OFFICE,NEWPORT,5/15/2026 11:48:24 PM,WC26022991,"Glen Rd / Glen Ter, NEWPORT",SUSPICIOUS PERSON/ACTIVITY
WASHINGTON COUNTY SHERIFFS OFFICE,NEWPORT,5/16/2026 8:55:00 AM,WC26023039,"6XXX  - 6299 MILITARY RD, NEWPORT",TRAFFIC STOP
WASHINGTON COUNTY SHERIFFS OFFICE,NEWPORT,5/16/2026 10:40:00 AM,WC26023055,"Highway 61 & MAXWELL AVE, NEWPORT",TRAFFIC STOP
WASHINGTON COUNTY SHERIFFS OFFICE,NEWPORT,5/16/2026 11:50:17 AM,WC26023064,"2XXX  Hastings Ave, NEWPORT",MEDICAL
WASHINGTON COUNTY SHERIFFS OFFICE,NEWPORT,5/16/2026 1:08:05 PM,WC26023070,"2nd Ave / 15th St, NEWPORT",RUNAWAY
WASHINGTON COUNTY SHERIFFS OFFICE,NEWPORT,5/16/2026 6:57:01 PM,WC26023130,"XXX 21st St, NEWPORT",FOUND PROPERTY/ITEM
WASHINGTON COUNTY SHERIFFS OFFICE,NEWPORT,5/16/2026 7:30:43 PM,WC26023133,"2XXX  HASTINGS AVE, NEWPORT",DEATH
WASHINGTON COUNTY SHERIFFS OFFICE,NEWPORT,5/16/2026 9:12:45 PM,WC26023173,"Unknown, NEWPORT",CITIZEN/PUBLIC ASSIST
WASHINGTON COUNTY SHERIFFS OFFICE,NEWPORT,5/16/2026 11:27:06 PM,WC26023183,"1XXX  MARK CT, NEWPORT",FRAUD/SCAM
WASHINGTON COUNTY SHERIFFS OFFICE,OAK PARK HEIGHTS,5/10/2026 1:08:48 PM,WC26021871,"6XXX  - 6148 BEACH RD N, OAK PARK HEIGHTS",CITIZEN/PUBLIC ASSIST
WASHINGTON COUNTY SHERIFFS OFFICE,OAK PARK HEIGHTS,5/11/2026 7:53:00 AM,WC26021972,"5XXX  - 5999 STILLWATER BLVD N, OAK PARK HEIGHTS",TRAFFIC STOP
WASHINGTON COUNTY SHERIFFS OFFICE,OAK PARK HEIGHTS,5/11/2026 12:53:00 PM,WC26022026,"5XXX  - 5798 NEWBERRY AVE N, OAK PARK HEIGHTS",TRAFFIC STOP
WASHINGTON COUNTY SHERIFFS OFFICE,OAK PARK HEIGHTS,5/12/2026 3:57:19 AM,WC26022150,"5XXX  OSGOOD AVE N, OAK PARK HEIGHTS",ASSIST OTHER AGENCY
WASHINGTON COUNTY SHERIFFS OFFICE,OAK PARK HEIGHTS,5/12/2026 3:31:48 PM,WC26022273,"OSGOOD AVE N / ANDERSEN WAY, OAK PARK HEIGHTS",CITIZEN/PUBLIC ASSIST
WASHINGTON COUNTY SHERIFFS OFFICE,OAK PARK HEIGHTS,5/12/2026 4:06:00 PM,WC26022280,"HWY 95 TO HWY 36 WB RAMP, OAK PARK HEIGHTS",TRAFFIC STOP
WASHINGTON COUNTY SHERIFFS OFFICE,OAK PARK HEIGHTS,5/15/2026 10:33:31 PM,WC26022974,"14XXX  58th St N, OAK PARK HEIGHTS",ASSIST OTHER AGENCY
WASHINGTON COUNTY SHERIFFS OFFICE,OAK PARK HEIGHTS,5/16/2026 7:32:28 AM,WC26023027,"5XXX  Osgood Ave N, OAK PARK HEIGHTS",ASSIST OTHER AGENCY
WASHINGTON COUNTY SHERIFFS OFFICE,OAK PARK HEIGHTS,5/16/2026 2:42:29 PM,WC26023081,"5XXX  Norell Ave N, OAK PARK HEIGHTS",ASSIST OTHER AGENCY
WASHINGTON COUNTY SHERIFFS OFFICE,OAK PARK HEIGHTS,5/16/2026 5:58:30 PM,WC26023122,"Saint Croix Crossing Bridge: Hwy 36 Wb - Mn, OAK PARK HEIGHTS",SUICIDE ATTEMPT/THREATS OF
WASHINGTON COUNTY SHERIFFS OFFICE,OAK PARK HEIGHTS,5/16/2026 11:06:27 PM,WC26023180,"15XXX  60th St N, OAK PARK HEIGHTS",ASSIST OTHER AGENCY
WASHINGTON COUNTY SHERIFFS OFFICE,OAKDALE,5/10/2026 9:42:08 PM,WC26021926,"7XXX  2nd St N, OAKDALE",FOLLOW UP
WASHINGTON COUNTY SHERIFFS OFFICE,OAKDALE,5/11/2026 7:51:24 AM,WC26021973,"55th St N / Hadley Ave N, OAKDALE",INCIDENT
WASHINGTON COUNTY SHERIFFS OFFICE,OAKDALE,5/11/2026 3:34:37 PM,WC26022055,"3XXX  Hadley Ave N, OAKDALE",ASSIST OTHER AGENCY
WASHINGTON COUNTY SHERIFFS OFFICE,OAKDALE,5/12/2026 12:48:09 PM,WC26022235,"Hwy 36 Eb At Hwy 120, OAKDALE",ASSIST OTHER AGENCY
WASHINGTON COUNTY SHERIFFS OFFICE,OAKDALE,5/13/2026 2:21:41 PM,WC26022484,"5XXX  HADLEY AVE N, OAKDALE",WARRANT ARREST
WASHINGTON COUNTY SHERIFFS OFFICE,OAKDALE,5/13/2026 5:46:00 PM,WC26022513,"10TH ST N / GREENWAY AVE N, OAKDALE",HRO VIOLATION
WASHINGTON COUNTY SHERIFFS OFFICE,OAKDALE,5/15/2026 8:11:00 PM,WC26022942,"I694 SB AT 50TH ST N, OAKDALE",TRAFFIC STOP
WASHINGTON COUNTY SHERIFFS OFFICE,OAKDALE,5/15/2026 8:28:00 PM,WC26022947,"10TH ST N / HALLMARK AVE N, OAKDALE",TRAFFIC STOP
WASHINGTON COUNTY SHERIFFS OFFICE,OAKDALE,5/16/2026 7:08:00 AM,WC26023026,"XXX Geneva Ave N, OAKDALE",SHOTS FIRED/SHOOTING COMPLAINT
WASHINGTON COUNTY SHERIFFS OFFICE,OAKDALE,5/16/2026 11:31:16 PM,WC26023185,"7XXX  10th St N, OAKDALE",ASSIST OTHER AGENCY
WASHINGTON COUNTY SHERIFFS OFFICE,PINE SPRINGS,5/11/2026 2:56:13 PM,WC26022051,"Unknown, PINE SPRINGS",OFFICER INFORMATION
WASHINGTON COUNTY SHERIFFS OFFICE,PINE SPRINGS,5/11/2026 3:54:23 PM,WC26022061,"Hwy 36 Eb At I694, PINE SPRINGS",DRIVING COMPLAINT
WASHINGTON COUNTY SHERIFFS OFFICE,PINE SPRINGS,5/12/2026 7:50:36 AM,WC26022162,"Hwy 36 Wb Jeo I694, PINE SPRINGS",ACCIDENT
WASHINGTON COUNTY SHERIFFS OFFICE,PINE SPRINGS,5/13/2026 10:15:11 AM,WC26022435,"6XXX  Hilton Ct N, PINE SPRINGS",ANIMAL COMPLAINT
WASHINGTON COUNTY SHERIFFS OFFICE,Saint Paul,5/16/2026 10:50:31 PM,WC26023176,"I94 Eb At White Bear Ave N, Saint Paul",ASSIST OTHER AGENCY
WASHINGTON COUNTY SHERIFFS OFFICE,SAINT PAUL PARK,5/12/2026 3:11:19 PM,WC26022265,"XXX 4TH ST, SAINT PAUL PARK",ASSIST OTHER AGENCY
WASHINGTON COUNTY SHERIFFS OFFICE,SAINT PAUL PARK,5/13/2026 9:45:18 AM,WC26022424,"XXX Pullman Ave, SAINT PAUL PARK",ASSIST OTHER AGENCY
WASHINGTON COUNTY SHERIFFS OFFICE,SAINT PAUL PARK,5/13/2026 3:48:11 PM,WC26022495,"70th St S Over Hwy 61, SAINT PAUL PARK",ACCIDENT
WASHINGTON COUNTY SHERIFFS OFFICE,SAINT PAUL PARK,5/14/2026 3:48:00 PM,WC26022700,"1XXX  - 1498 10TH AVE, SAINT PAUL PARK",TRAFFIC STOP
WASHINGTON COUNTY SHERIFFS OFFICE,SAINT PAUL PARK,5/15/2026 12:00:00 AM,WC26022836,"1XXX  CHICAGO AVE, SAINT PAUL PARK",ASSIST OTHER AGENCY
WASHINGTON COUNTY SHERIFFS OFFICE,SAINT PAUL PARK,5/15/2026 3:37:27 PM,WC26022889,"1XXX  Lincoln Ave, SAINT PAUL PARK",ASSIST OTHER AGENCY
WASHINGTON COUNTY SHERIFFS OFFICE,SCANDIA,5/10/2026 3:22:50 PM,WC26021881,"22XXX  Saint Croix Trl N, SCANDIA",FIRE
WASHINGTON COUNTY SHERIFFS OFFICE,SCANDIA,5/10/2026 9:41:34 PM,WC26021931,"19XXX  Layton Ave N, SCANDIA",SUSPICIOUS PERSON/ACTIVITY
WASHINGTON COUNTY SHERIFFS OFFICE,SCANDIA,5/11/2026 7:46:50 AM,WC26021971,"15XXX  240th St N, SCANDIA",OFP VIOLATION
WASHINGTON COUNTY SHERIFFS OFFICE,SCANDIA,5/11/2026 4:13:51 PM,WC26022064,"ODELL AVE N / SCANDIA TRL N, SCANDIA",ABANDONED VEHICLE
WASHINGTON COUNTY SHERIFFS OFFICE,SCANDIA,5/11/2026 4:41:46 PM,WC26022071,"22XXX  Mallard Ave N, SCANDIA",911 ABANDONED/HANGUP/OPEN LINE
WASHINGTON COUNTY SHERIFFS OFFICE,SCANDIA,5/11/2026 6:09:14 PM,WC26022092,"21XXX  Meadowbrook Cir N, SCANDIA",CIVIL MATTER/DISPUTE
WASHINGTON COUNTY SHERIFFS OFFICE,SCANDIA,5/12/2026 9:39:02 AM,WC26022190,"20XXX  Olinda Trl N, SCANDIA",MEDICAL
WASHINGTON COUNTY SHERIFFS OFFICE,SCANDIA,5/12/2026 10:29:54 AM,WC26022200,"19XXX  Orwell Ct N, SCANDIA",MEDICAL
WASHINGTON COUNTY SHERIFFS OFFICE,SCANDIA,5/12/2026 12:18:26 PM,WC26022227,"15XXX  240th St N, SCANDIA",FOLLOW UP
WASHINGTON COUNTY SHERIFFS OFFICE,SCANDIA,5/12/2026 8:30:45 PM,WC26022329,"20XXX  Olinda Trl N, SCANDIA",ALARM-BUSINESS/RES/FIRE/MEDICAL/ETC
WASHINGTON COUNTY SHERIFFS OFFICE,SCANDIA,5/13/2026 7:20:14 AM,WC26022380,"Unknown, SCANDIA",CITIZEN/PUBLIC ASSIST
WASHINGTON COUNTY SHERIFFS OFFICE,SCANDIA,5/13/2026 9:41:58 AM,WC26022422,"19XXX  Quinnell Ave N, SCANDIA",SUSPICIOUS PERSON/ACTIVITY
WASHINGTON COUNTY SHERIFFS OFFICE,SCANDIA,5/13/2026 11:01:12 AM,WC26022446,"16XXX  OBRIEN TRL N, SCANDIA",FOLLOW UP
WASHINGTON COUNTY SHERIFFS OFFICE,SCANDIA,5/13/2026 5:02:20 PM,WC26022507,"Big Marine Lake, SCANDIA",WATERCRAFT COMPLAINT
WASHINGTON COUNTY SHERIFFS OFFICE,SCANDIA,5/13/2026 5:59:24 PM,WC26022530,"21XXX  Meadowbrook Cir N, SCANDIA",CIVIL MATTER/DISPUTE
WASHINGTON COUNTY SHERIFFS OFFICE,SCANDIA,5/14/2026 12:00:00 AM,WC26022561,"SCANDIA TRL N / ODELL AVE N, SCANDIA",DWI
WASHINGTON COUNTY SHERIFFS OFFICE,SCANDIA,5/14/2026 12:00:00 AM,WC26022712,"OLINDA TRL N / 185TH ST N, SCANDIA",TRAFFIC STOP
WASHINGTON COUNTY SHERIFFS OFFICE,SCANDIA,5/14/2026 2:09:43 PM,WC26022683,"Unknown, SCANDIA",CIVIL MATTER/DISPUTE
WASHINGTON COUNTY SHERIFFS OFFICE,SCANDIA,5/14/2026 3:29:00 PM,WC26022693,"20XXX  - 20999 MANNING TRL N, SCANDIA",TRAFFIC STOP
WASHINGTON COUNTY SHERIFFS OFFICE,SCANDIA,5/14/2026 5:01:20 PM,WC26022714,"Scandia Trl N / Manning Trl N, SCANDIA",UNKNOWN MEDICAL SITUATION
WASHINGTON COUNTY SHERIFFS OFFICE,SCANDIA,5/14/2026 8:05:49 PM,WC26022744,"16XXX  209th St N, SCANDIA",HARASSMENT
WASHINGTON COUNTY SHERIFFS OFFICE,SCANDIA,5/15/2026 12:00:00 AM,WC26022884,"HWY 95 AT 235TH ST N, SCANDIA",TRAFFIC STOP
WASHINGTON COUNTY SHERIFFS OFFICE,SCANDIA,5/15/2026 9:19:42 AM,WC26022816,"23XXX  Melanie Trl N, SCANDIA",SUSPICIOUS PERSON/ACTIVITY
WASHINGTON COUNTY SHERIFFS OFFICE,SCANDIA,5/15/2026 11:44:34 AM,WC26022846,"192ND ST N / MANNING TRL N, SCANDIA",PROPERTY DAMAGE
WASHINGTON COUNTY SHERIFFS OFFICE,SCANDIA,5/15/2026 2:50:07 PM,WC26022879,"11XXX  Mayberry Trl N, SCANDIA",THREATS
WASHINGTON COUNTY SHERIFFS OFFICE,SCANDIA,5/16/2026 10:02:50 AM,WC26023048,"22XXX  Penfield Ave N, SCANDIA",MEDICAL
WASHINGTON COUNTY SHERIFFS OFFICE,SCANDIA,5/16/2026 11:05:50 AM,WC26023058,"Scandia Trl N / Manning Trl N, SCANDIA",TRAFFIC COMPLAINT
WASHINGTON COUNTY SHERIFFS OFFICE,STILLWATER,5/10/2026 2:09:34 PM,WC26021876,"15XXX  62nd St N, STILLWATER",ASSIST OTHER AGENCY
WASHINGTON COUNTY SHERIFFS OFFICE,STILLWATER,5/10/2026 4:26:00 PM,WC26021885,"Highway 36, STILLWATER",TRAFFIC STOP
WASHINGTON COUNTY SHERIFFS OFFICE,STILLWATER,5/10/2026 11:11:25 PM,WC26021934,"15XXX  62ND ST N, STILLWATER",FUGITIVE FROM JUSTICE
WASHINGTON COUNTY SHERIFFS OFFICE,STILLWATER,5/11/2026 6:22:00 AM,WC26021967,"STILLWATER BLVD N / CURVE CREST BLVD, STILLWATER",TRAFFIC STOP
WASHINGTON COUNTY SHERIFFS OFFICE,STILLWATER,5/11/2026 4:10:07 PM,WC26022065,"Hwy 36 Wb Jeo Washington Ave N, STILLWATER",ASSIST OTHER AGENCY
WASHINGTON COUNTY SHERIFFS OFFICE,STILLWATER,5/12/2026 1:54:42 AM,WC26022142,"XXX MAIN ST S, STILLWATER",DRUNK/INTOXICATED 
WASHINGTON COUNTY SHERIFFS OFFICE,STILLWATER,5/13/2026 5:43:51 AM,WC26022376,"15XXX  62nd St N, STILLWATER",ASSIST OTHER AGENCY
WASHINGTON COUNTY SHERIFFS OFFICE,STILLWATER,5/14/2026 1:31:58 AM,WC26022580,"XXX Main St S, STILLWATER",ASSIST OTHER AGENCY
WASHINGTON COUNTY SHERIFFS OFFICE,STILLWATER,5/14/2026 8:31:19 AM,WC26022603,"15XXX  62nd St N, STILLWATER",CITIZEN/PUBLIC ASSIST
WASHINGTON COUNTY SHERIFFS OFFICE,STILLWATER,5/14/2026 2:49:37 PM,WC26022690,"15XXX  62nd St N, STILLWATER",CITIZEN/PUBLIC ASSIST
WASHINGTON COUNTY SHERIFFS OFFICE,STILLWATER,5/16/2026 1:22:21 AM,WC26023002,"FRONTAGE RD W / WASHINGTON AVE, STILLWATER",ASSIST OTHER AGENCY
WASHINGTON COUNTY SHERIFFS OFFICE,STILLWATER,5/16/2026 8:38:26 PM,WC26023155,"XXX MAIN ST S, STILLWATER",ASSIST OTHER AGENCY
WASHINGTON COUNTY SHERIFFS OFFICE,STILLWATER TOWNSHIP,5/12/2026 6:32:32 PM,WC26022310,"Boom Site Historical Marker, STILLWATER TOWNSHIP",THEFT FROM MOTOR VEHICLE
WASHINGTON COUNTY SHERIFFS OFFICE,STILLWATER TOWNSHIP,5/13/2026 8:08:40 AM,WC26022389,"15XXX  113th St N, STILLWATER TOWNSHIP",ACCIDENT
WASHINGTON COUNTY SHERIFFS OFFICE,STILLWATER TOWNSHIP,5/13/2026 9:32:10 PM,WC26022545,"Quail Ave N / Saint Croix Trl N, STILLWATER TOWNSHIP",ROAD HAZARD
WASHINGTON COUNTY SHERIFFS OFFICE,STILLWATER TOWNSHIP,5/14/2026 10:05:07 AM,WC26022626,"97th St N / 97th Street Ct N, STILLWATER TOWNSHIP",CITIZEN/PUBLIC ASSIST
WASHINGTON COUNTY SHERIFFS OFFICE,STILLWATER TOWNSHIP,5/14/2026 10:37:15 AM,WC26022635,"14XXX  97th Street Ct N, STILLWATER TOWNSHIP",CITIZEN/PUBLIC ASSIST
WASHINGTON COUNTY SHERIFFS OFFICE,STILLWATER TOWNSHIP,5/16/2026 1:48:52 PM,WC26023073,"8XXX  Stonebridge Trl N, STILLWATER TOWNSHIP",911 ABANDONED/HANGUP/OPEN LINE
WASHINGTON COUNTY SHERIFFS OFFICE,WEST LAKELAND TOWNSHIP,5/10/2026 12:37:01 PM,WC26021867,"14XXX  21st St N, WEST LAKELAND TOWNSHIP",MEDICAL
WASHINGTON COUNTY SHERIFFS OFFICE,WEST LAKELAND TOWNSHIP,5/10/2026 11:33:00 PM,WC26021936,"I94, WEST LAKELAND TOWNSHIP",TRAFFIC STOP
WASHINGTON COUNTY SHERIFFS OFFICE,WEST LAKELAND TOWNSHIP,5/11/2026 6:25:12 AM,WC26021968,"Manning Ave N / 12th St N, WEST LAKELAND TOWNSHIP",DRIVING COMPLAINT
WASHINGTON COUNTY SHERIFFS OFFICE,WEST LAKELAND TOWNSHIP,5/11/2026 8:31:30 AM,WC26021980,"SAINT CROIX TRL N / RIVERCREST RD N, WEST LAKELAND TOWNSHIP",ANIMAL COMPLAINT
WASHINGTON COUNTY SHERIFFS OFFICE,WEST LAKELAND TOWNSHIP,5/11/2026 9:22:00 AM,WC26021982,"1XXX  Morgan Ave N, WEST LAKELAND TOWNSHIP",MEDICAL
WASHINGTON COUNTY SHERIFFS OFFICE,WEST LAKELAND TOWNSHIP,5/11/2026 4:30:00 PM,WC26022070,"10th St N / Norell Ave N, WEST LAKELAND TOWNSHIP",TRAFFIC STOP
WASHINGTON COUNTY SHERIFFS OFFICE,WEST LAKELAND TOWNSHIP,5/12/2026 12:00:00 PM,WC26022224,"STAGECOACH TRL N / 10TH ST N, WEST LAKELAND TOWNSHIP",TRAFFIC STOP
WASHINGTON COUNTY SHERIFFS OFFICE,WEST LAKELAND TOWNSHIP,5/12/2026 3:01:43 PM,WC26022263,"Oakgreen Ave N / 23rd St N, WEST LAKELAND TOWNSHIP",911 ABANDONED/HANGUP/OPEN LINE
WASHINGTON COUNTY SHERIFFS OFFICE,WEST LAKELAND TOWNSHIP,5/12/2026 9:03:40 PM,WC26022330,"1XXX  Paris Ave N, WEST LAKELAND TOWNSHIP",HARASSMENT
WASHINGTON COUNTY SHERIFFS OFFICE,WEST LAKELAND TOWNSHIP,5/13/2026 8:46:22 AM,WC26022396,"1XXX  Paris Ave N, WEST LAKELAND TOWNSHIP",FOLLOW UP
WASHINGTON COUNTY SHERIFFS OFFICE,WEST LAKELAND TOWNSHIP,5/13/2026 1:01:20 PM,WC26022470,"Omaha Ave N / 10th St N, WEST LAKELAND TOWNSHIP",ANIMAL COMPLAINT
WASHINGTON COUNTY SHERIFFS OFFICE,WEST LAKELAND TOWNSHIP,5/14/2026 2:28:52 PM,WC26022686,"1XXX  Omaha Ave N, WEST LAKELAND TOWNSHIP",ANIMAL COMPLAINT
WASHINGTON COUNTY SHERIFFS OFFICE,WEST LAKELAND TOWNSHIP,5/14/2026 3:39:13 PM,WC26022697,"15XXX  Hudson Rd N, WEST LAKELAND TOWNSHIP",SUSPICIOUS PERSON/ACTIVITY
WASHINGTON COUNTY SHERIFFS OFFICE,WEST LAKELAND TOWNSHIP,5/14/2026 9:30:00 PM,WC26022743,"I94 Wb Jwo Saint Croix Trl N, WEST LAKELAND TOWNSHIP",ASSIST OTHER AGENCY
WASHINGTON COUNTY SHERIFFS OFFICE,WEST LAKELAND TOWNSHIP,5/15/2026 8:32:22 AM,WC26022798,"XXX Neal Ave N, WEST LAKELAND TOWNSHIP",ALARM-BUSINESS/RES/FIRE/MEDICAL/ETC
WASHINGTON COUNTY SHERIFFS OFFICE,WEST LAKELAND TOWNSHIP,5/15/2026 4:50:39 PM,WC26022903,"1XXX  Omaha Ave N, WEST LAKELAND TOWNSHIP",911 ABANDONED/HANGUP/OPEN LINE
WASHINGTON COUNTY SHERIFFS OFFICE,WEST LAKELAND TOWNSHIP,5/16/2026 11:20:43 AM,WC26023062,"22ND ST N / PERIWINKLE AVE N, WEST LAKELAND TOWNSHIP",TRAFFIC STOP
WASHINGTON COUNTY SHERIFFS OFFICE,WEST LAKELAND TOWNSHIP,5/16/2026 11:24:30 PM,WC26023181,"I94 EB AT STAGECOACH TRL N, WEST LAKELAND TOWNSHIP",ACCIDENT
WASHINGTON COUNTY SHERIFFS OFFICE,WEST LAKELAND TOWNSHIP,5/16/2026 11:29:46 PM,WC26023182,"1XXX  Panama Ave N, WEST LAKELAND TOWNSHIP",MEDICAL
WASHINGTON COUNTY SHERIFFS OFFICE,WILLERNIE,5/15/2026 6:03:14 AM,WC26022788,"XXX Stillwater Rd, WILLERNIE",ACCIDENT
WASHINGTON COUNTY SHERIFFS OFFICE,WILLERNIE,5/16/2026 8:51:00 PM,WC26023143,"STILLWATER RD / WARNER AVE N, WILLERNIE",TRAFFIC STOP
WASHINGTON COUNTY SHERIFFS OFFICE,WOODBURY,5/10/2026 11:01:42 AM,WC26021859,"10XXX  HUDSON RD, WOODBURY",WANTED PERSON-KOPS ALERT/ATL
WASHINGTON COUNTY SHERIFFS OFFICE,WOODBURY,5/11/2026 1:50:00 AM,WC26021949,"I94 WB AT I494, WOODBURY",TRAFFIC STOP
WASHINGTON COUNTY SHERIFFS OFFICE,WOODBURY,5/12/2026 12:35:00 PM,WC26022231,"I94, WOODBURY",TRAFFIC STOP
WASHINGTON COUNTY SHERIFFS OFFICE,WOODBURY,5/12/2026 3:52:00 PM,WC26022276,"I494 EB AT LAKE RD, WOODBURY",TRAFFIC STOP
WASHINGTON COUNTY SHERIFFS OFFICE,WOODBURY,5/12/2026 4:40:00 PM,WC26022289,"I494 SB JSO VALLEY CREEK RD, WOODBURY",TRAFFIC STOP
WASHINGTON COUNTY SHERIFFS OFFICE,WOODBURY,5/12/2026 6:56:55 PM,WC26022320,"2XXX  Radio Dr, WOODBURY",ASSIST OTHER AGENCY
WASHINGTON COUNTY SHERIFFS OFFICE,WOODBURY,5/13/2026 12:45:00 PM,WC26022462,"I94 Eb at Hwy 120, WOODBURY",TRAFFIC STOP
WASHINGTON COUNTY SHERIFFS OFFICE,WOODBURY,5/13/2026 12:52:00 PM,WC26022465,"I94 EB East of Century Ave, WOODBURY",TRAFFIC STOP
WASHINGTON COUNTY SHERIFFS OFFICE,WOODBURY,5/13/2026 4:51:19 PM,WC26022505,"8XXX  GRANITE LN, WOODBURY",CIVIL MATTER/DISPUTE
WASHINGTON COUNTY SHERIFFS OFFICE,WOODBURY,5/14/2026 12:44:00 PM,WC26022665,"CENTURY AVE S / OAKWOOD RD, WOODBURY",TRAFFIC STOP
WASHINGTON COUNTY SHERIFFS OFFICE,WOODBURY,5/14/2026 10:11:00 PM,WC26022756,"I94 EB East of Century Ave, WOODBURY",TRAFFIC STOP
WASHINGTON COUNTY SHERIFFS OFFICE,WOODBURY,5/14/2026 10:57:00 PM,WC26022764,"I94 WB West of Woodbury Dr, WOODBURY",TRAFFIC STOP
WASHINGTON COUNTY SHERIFFS OFFICE,WOODBURY,5/15/2026 5:10:00 PM,WC26022905,"I494 SB JSO LAKE RD, WOODBURY",TRAFFIC STOP
WASHINGTON COUNTY SHERIFFS OFFICE,WOODBURY,5/16/2026 10:23:31 AM,WC26023053,"WOODBURY DR / HUDSON RD, WOODBURY",TRAFFIC STOP
WASHINGTON COUNTY SHERIFFS OFFICE,WOODBURY,5/16/2026 3:14:28 PM,WC26023085,"I94 WB AT INWOOD AVE N, WOODBURY",TRAFFIC STOP
WASHINGTON COUNTY SHERIFFS OFFICE,WOODBURY,5/16/2026 6:53:33 PM,WC26023128,"9XXX  HUDSON RD, WOODBURY",ASSIST OTHER AGENCY
WOODBURY PUBLIC SAFETY,WOODBURY,5/10/2026 3:05:00 AM,WB26018317,"VALLEY CREEK RD / WOODBURY DR, WOODBURY",DWI
WOODBURY PUBLIC SAFETY,WOODBURY,5/10/2026 8:33:44 AM,WB26018299,"1XXX  Kenilworth Dr, WOODBURY",SUSPICIOUS PERSON/ACTIVITY
WOODBURY PUBLIC SAFETY,WOODBURY,5/10/2026 10:29:27 AM,WB26018323,"10XXX  Hudson Rd, WOODBURY",FOUND PROPERTY/ITEM
WOODBURY PUBLIC SAFETY,WOODBURY,5/10/2026 11:01:42 AM,WB26018329,"10XXX  HUDSON RD, WOODBURY",WANTED PERSON-KOPS ALERT/ATL
WOODBURY PUBLIC SAFETY,WOODBURY,5/10/2026 11:14:00 AM,WB26018334,"1XXX  WOODLANE DR, WOODBURY",TRAFFIC STOP
WOODBURY PUBLIC SAFETY,WOODBURY,5/10/2026 12:20:40 PM,WB26018344,"6XXX  Ashwood Rd, WOODBURY",TRAFFIC STOP
WOODBURY PUBLIC SAFETY,WOODBURY,5/10/2026 12:20:59 PM,WB26018345,"7XXX  SPRINGBROOK PLZ, WOODBURY",FOUND PERSON
WOODBURY PUBLIC SAFETY,WOODBURY,5/10/2026 12:22:33 PM,WB26018346,"7XXX  Cayenne Plz W, WOODBURY",WELFARE CHECK
WOODBURY PUBLIC SAFETY,WOODBURY,5/10/2026 2:25:51 PM,WB26018352,"10XXX  Glen Eagle Rd, WOODBURY",ANIMAL BITE
WOODBURY PUBLIC SAFETY,WOODBURY,5/10/2026 3:26:05 PM,WB26018357,"7XXX  Tamarack Rd, WOODBURY",SHOPLIFTING
WOODBURY PUBLIC SAFETY,WOODBURY,5/10/2026 5:30:55 PM,WB26018371,"RADIO DR / VALLEY CREEK RD, WOODBURY",ACCIDENT
WOODBURY PUBLIC SAFETY,WOODBURY,5/10/2026 5:53:01 PM,WB26018374,"Harness Draw / Harness Rd, WOODBURY",TRAFFIC COMPLAINT
WOODBURY PUBLIC SAFETY,WOODBURY,5/10/2026 5:56:37 PM,WB26018375,"8XXX  TAMARACK VLG, WOODBURY",THEFT
WOODBURY PUBLIC SAFETY,WOODBURY,5/10/2026 6:10:55 PM,WB26018377,"Woodbury Dr / Tamarack Rd, WOODBURY",ACCIDENT
WOODBURY PUBLIC SAFETY,WOODBURY,5/10/2026 6:18:23 PM,WB26018379,"1XXX  Century Cir, WOODBURY",BURGLARY
WOODBURY PUBLIC SAFETY,WOODBURY,5/10/2026 6:27:39 PM,WB26018380,"XXX Hideaway Ln, WOODBURY",SUSPICIOUS PERSON/ACTIVITY
WOODBURY PUBLIC SAFETY,WOODBURY,5/10/2026 8:14:15 PM,WB26018387,"7XXX  VALLEY CREEK PLZ, WOODBURY",WANTED PERSON-KOPS ALERT/ATL
WOODBURY PUBLIC SAFETY,WOODBURY,5/10/2026 8:23:59 PM,WB26018391,"Tamarack Rd / Interlachen Pkwy, WOODBURY",ACCIDENT
WOODBURY PUBLIC SAFETY,WOODBURY,5/10/2026 8:25:13 PM,WB26018393,"10XXX  Newport Path, WOODBURY",JUVENILE COMPLAINT
WOODBURY PUBLIC SAFETY,WOODBURY,5/10/2026 8:54:14 PM,WB26018395,"I494 Nb To Valley Creek Rd Ramp, WOODBURY",DWI
WOODBURY PUBLIC SAFETY,WOODBURY,5/11/2026 8:38:13 AM,WB26018410,"City Centre Dr / Radio Dr, WOODBURY",ACCIDENT
WOODBURY PUBLIC SAFETY,WOODBURY,5/11/2026 9:01:50 AM,WB26018412,"5XXX  Long Pointe Bay, WOODBURY",THEFT
WOODBURY PUBLIC SAFETY,WOODBURY,5/11/2026 9:08:35 AM,WB26018415,"4XXX  Airlake Dr, WOODBURY",JUVENILE COMPLAINT
WOODBURY PUBLIC SAFETY,WOODBURY,5/11/2026 10:21:13 AM,WB26018423,"Lake Rd / Wooddale Dr, WOODBURY",ACCIDENT
WOODBURY PUBLIC SAFETY,WOODBURY,5/11/2026 2:14:17 PM,WB26018449,"7XXX  Carillon Plz E, WOODBURY",SUICIDE ATTEMPT/THREATS OF
WOODBURY PUBLIC SAFETY,WOODBURY,5/11/2026 3:01:33 PM,WB26018459,"RADIO DR / HUDSON RD, WOODBURY",ACCIDENT
WOODBURY PUBLIC SAFETY,WOODBURY,5/11/2026 4:30:42 PM,WB26018468,"4XXX  Radio Dr, WOODBURY",LOST PROPERTY/ITEM
WOODBURY PUBLIC SAFETY,WOODBURY,5/11/2026 4:31:18 PM,WB26018470,"XXX Woodduck Pl, WOODBURY",WELFARE CHECK
WOODBURY PUBLIC SAFETY,WOODBURY,5/11/2026 4:33:25 PM,WB26018471,"9XXX  PARK XING, WOODBURY",SUSPICIOUS PERSON/ACTIVITY
WOODBURY PUBLIC SAFETY,WOODBURY,5/11/2026 4:55:40 PM,WB26018478,"3XXX  Commonwealth Rd, WOODBURY",THEFT
WOODBURY PUBLIC SAFETY,WOODBURY,5/11/2026 5:16:03 PM,WB26018480,"XXX Radio Dr, WOODBURY",ACCIDENT
WOODBURY PUBLIC SAFETY,WOODBURY,5/11/2026 5:19:21 PM,WB26018481,"Mahle Ln / Thames Rd, WOODBURY",ACCIDENT
WOODBURY PUBLIC SAFETY,WOODBURY,5/11/2026 6:51:20 PM,WB26018499,"BAILEY RD / RADIO DR, WOODBURY",ACCIDENT
WOODBURY PUBLIC SAFETY,WOODBURY,5/11/2026 6:52:46 PM,WB26018500,"7XXX  Woodpark Blvd, WOODBURY",SUSPICIOUS PERSON/ACTIVITY
WOODBURY PUBLIC SAFETY,WOODBURY,5/11/2026 7:00:13 PM,WB26018503,"10XXX  Grand Forest Ln, WOODBURY",PROPERTY DAMAGE
WOODBURY PUBLIC SAFETY,WOODBURY,5/11/2026 7:01:32 PM,WB26018504,"2XXX  Radio Dr, WOODBURY",THEFT
WOODBURY PUBLIC SAFETY,WOODBURY,5/11/2026 8:03:34 PM,WB26018510,"7XXX  Newbury Rd, WOODBURY",WARRANT ARREST
WOODBURY PUBLIC SAFETY,WOODBURY,5/11/2026 8:35:00 PM,WB26018742,"7XXX  CARILLON PLZ E, WOODBURY",MAARC
WOODBURY PUBLIC SAFETY,WOODBURY,5/11/2026 11:20:23 PM,WB26018526,"3XXX  EDGEWATER DR, WOODBURY",SUSPICIOUS PERSON/ACTIVITY
WOODBURY PUBLIC SAFETY,WOODBURY,5/12/2026 12:00:00 AM,WB26018576,"11XXX  - 11861 DALE RD, WOODBURY",TRAFFIC STOP
WOODBURY PUBLIC SAFETY,WOODBURY,5/12/2026 5:07:56 AM,WB26018549,"1XXX  Weir Dr, WOODBURY",TRESPASS NOTICE
WOODBURY PUBLIC SAFETY,WOODBURY,5/12/2026 8:41:42 AM,WB26018557,"Haralson Rd / Colby Lake Dr, WOODBURY",ACCIDENT
WOODBURY PUBLIC SAFETY,WOODBURY,5/12/2026 9:27:01 AM,WB26018562,"XXX Commons Dr, WOODBURY",ACCIDENT
WOODBURY PUBLIC SAFETY,WOODBURY,5/12/2026 10:57:37 AM,WB26018580,"4XXX  Airlake Dr, WOODBURY",FRAUD/SCAM
WOODBURY PUBLIC SAFETY,WOODBURY,5/12/2026 11:29:58 AM,WB26018587,"3XXX  Cherry Ln, WOODBURY",FRAUD/SCAM
WOODBURY PUBLIC SAFETY,WOODBURY,5/12/2026 12:37:08 PM,WB26018598,"3XXX  Cherry Ln, WOODBURY",FRAUD/SCAM
WOODBURY PUBLIC SAFETY,WOODBURY,5/12/2026 12:41:06 PM,WB26018601,"XXX Eagle Ridge Rd, WOODBURY",WELFARE CHECK
WOODBURY PUBLIC SAFETY,WOODBURY,5/12/2026 1:10:20 PM,WB26018606,"6XXX  Military Rd, WOODBURY",THEFT
WOODBURY PUBLIC SAFETY,WOODBURY,5/12/2026 2:29:38 PM,WB26018620,"9XXX  Tamarack Rd, WOODBURY",ACCIDENT
WOODBURY PUBLIC SAFETY,WOODBURY,5/12/2026 3:06:04 PM,WB26018629,"10XXX  Grand Valley Ln, WOODBURY",CIVIL MATTER/DISPUTE
WOODBURY PUBLIC SAFETY,WOODBURY,5/12/2026 3:40:24 PM,WB26018635,"Hudson Rd / Lake View Dr, WOODBURY",ACCIDENT
WOODBURY PUBLIC SAFETY,WOODBURY,5/12/2026 4:15:27 PM,WB26018643,"1XXX  Woodwinds Dr, WOODBURY",UNWANTED PERSON/VEHICLE
WOODBURY PUBLIC SAFETY,WOODBURY,5/12/2026 4:29:31 PM,WB26018647,"LAKE RD, WOODBURY",ACCIDENT
WOODBURY PUBLIC SAFETY,WOODBURY,5/12/2026 4:44:05 PM,WB26018650,"XXX Eagle Ridge Alcove, WOODBURY",DANCO VIOLATION
WOODBURY PUBLIC SAFETY,WOODBURY,5/12/2026 5:29:38 PM,WB26018656,"Valley Creek Rd / Queens Dr, WOODBURY",ACCIDENT
WOODBURY PUBLIC SAFETY,WOODBURY,5/12/2026 5:48:18 PM,WB26018659,"9XXX  Hudson Rd, WOODBURY",SHOPLIFTING
WOODBURY PUBLIC SAFETY,WOODBURY,5/12/2026 6:56:54 PM,WB26018671,"6XXX  ALDERWOOD PLZ, WOODBURY",WARRANT ARREST
WOODBURY PUBLIC SAFETY,WOODBURY,5/12/2026 6:56:55 PM,WB26018673,"2XXX  Radio Dr, WOODBURY",THEFT
WOODBURY PUBLIC SAFETY,WOODBURY,5/12/2026 8:03:55 PM,WB26018687,"8XXX  Tamarack Vlg, WOODBURY",SHOPLIFTING
WOODBURY PUBLIC SAFETY,WOODBURY,5/12/2026 9:14:30 PM,WB26018698,"1XXX  Woodlane Dr, WOODBURY",ACCIDENT
WOODBURY PUBLIC SAFETY,WOODBURY,5/12/2026 11:19:17 PM,WB26018705,"10XXX  Kingsfield Ln, WOODBURY",DISTURBANCE
WOODBURY PUBLIC SAFETY,WOODBURY,5/12/2026 11:54:12 PM,WB26018708,"Century Ave N/Brookview Dr E, WOODBURY",TRAFFIC STOP
WOODBURY PUBLIC SAFETY,WOODBURY,5/13/2026 1:13:02 AM,WB26018721,"KAREN DR / SETTLERS RIDGE PKWY, WOODBURY",PARKING VIOLATION
WOODBURY PUBLIC SAFETY,WOODBURY,5/13/2026 8:22:44 AM,WB26018741,"Lake Rd / Woodlane Dr, WOODBURY",ACCIDENT
WOODBURY PUBLIC SAFETY,WOODBURY,5/13/2026 9:04:53 AM,WB26018747,"7XXX  VALLEY CREEK PLZ, WOODBURY",WARRANT ARREST
WOODBURY PUBLIC SAFETY,WOODBURY,5/13/2026 10:24:29 AM,WB26018761,"XXX Rivertown Dr, WOODBURY",PROPERTY DAMAGE
WOODBURY PUBLIC SAFETY,WOODBURY,5/13/2026 12:31:45 PM,WB26018804,"7XXX  VALLEY CREEK PLZ, WOODBURY",SHOPLIFTING
WOODBURY PUBLIC SAFETY,WOODBURY,5/13/2026 1:16:35 PM,WB26018818,"1XXX  Tamberwood Trl, WOODBURY",RUNAWAY
WOODBURY PUBLIC SAFETY,WOODBURY,5/13/2026 1:27:00 PM,WB26018820,"Valley Creek Rd/Radio Dr, WOODBURY",ACCIDENT
WOODBURY PUBLIC SAFETY,WOODBURY,5/13/2026 2:02:05 PM,WB26018824,"6XXX  Upper Afton Rd, WOODBURY",CITIZEN/PUBLIC ASSIST
WOODBURY PUBLIC SAFETY,WOODBURY,5/13/2026 2:42:10 PM,WB26018832,"7XXX  SOMERSET RD, WOODBURY",PROPERTY DAMAGE
WOODBURY PUBLIC SAFETY,WOODBURY,5/13/2026 2:51:57 PM,WB26018833,"7XXX  VALLEY CREEK PLZ, WOODBURY",SHOPLIFTING
WOODBURY PUBLIC SAFETY,WOODBURY,5/13/2026 3:32:00 PM,WB26019163,"Wedgewood Dr/Wedgewood Pointe, WOODBURY",STOP ARM VIOLATION
WOODBURY PUBLIC SAFETY,WOODBURY,5/13/2026 3:44:46 PM,WB26018847,"2XXX  Mallard Dr, WOODBURY",IDENTITY THEFT
WOODBURY PUBLIC SAFETY,WOODBURY,5/13/2026 3:56:24 PM,WB26018852,"7XXX  VALLEY CREEK PLZ, WOODBURY",THEFT
WOODBURY PUBLIC SAFETY,WOODBURY,5/13/2026 4:02:43 PM,WB26018857,"XXX Woodbury Dr, WOODBURY",TRESPASSING
WOODBURY PUBLIC SAFETY,WOODBURY,5/13/2026 4:54:00 PM,WB26018861,"LAKE RD TO I494 NB RAMP, WOODBURY",WARRANT ARREST
WOODBURY PUBLIC SAFETY,WOODBURY,5/13/2026 5:34:05 PM,WB26018870,"8XXX  GRANITE LN, WOODBURY",HARASSMENT
WOODBURY PUBLIC SAFETY,WOODBURY,5/13/2026 6:45:06 PM,WB26018878,"XXX Commerce Dr, WOODBURY",DRUNK/INTOXICATED 
WOODBURY PUBLIC SAFETY,WOODBURY,5/13/2026 6:50:17 PM,WB26018879,"10XXX  Grand Forest Ln, WOODBURY",OFP VIOLATION
WOODBURY PUBLIC SAFETY,WOODBURY,5/13/2026 7:06:36 PM,WB26018884,"XXX Kingfisher Ln, WOODBURY",HARASSMENT
WOODBURY PUBLIC SAFETY,WOODBURY,5/13/2026 7:37:19 PM,WB26018888,"1XXX  - 1599 PARKWOOD DR, WOODBURY",DANCO VIOLATION
WOODBURY PUBLIC SAFETY,WOODBURY,5/13/2026 8:31:51 PM,WB26018893,"1XXX  Century Cir, WOODBURY",BURGLARY
WOODBURY PUBLIC SAFETY,WOODBURY,5/13/2026 9:22:53 PM,WB26018897,"1XXX  Woodwinds Dr, WOODBURY",DISTURBANCE
WOODBURY PUBLIC SAFETY,WOODBURY,5/13/2026 11:24:18 PM,WB26018916,"3XXX  York Dr, WOODBURY",MISSING PERSON
WOODBURY PUBLIC SAFETY,WOODBURY,5/13/2026 11:25:13 PM,WB26018914,"LAKE RD / SETTLERS RIDGE PKWY, WOODBURY",ACCIDENT
WOODBURY PUBLIC SAFETY,WOODBURY,5/13/2026 11:55:26 PM,WB26018920,"2XXX  Oak Ridge Trl, WOODBURY",THREATS
WOODBURY PUBLIC SAFETY,WOODBURY,5/14/2026 6:19:47 AM,WB26018937,"1XXX  Woodwinds Dr, WOODBURY",UNWANTED PERSON/VEHICLE
WOODBURY PUBLIC SAFETY,WOODBURY,5/14/2026 6:35:10 AM,WB26018941,"2XXX  OAK RIDGE TRL, WOODBURY",THREATS
WOODBURY PUBLIC SAFETY,WOODBURY,5/14/2026 8:14:59 AM,WB26018947,"Colby Lake Dr / Cornell Rd, WOODBURY",ACCIDENT
WOODBURY PUBLIC SAFETY,WOODBURY,5/14/2026 8:16:18 AM,WB26018949,"1XXX  WOODHILL CT, WOODBURY",NOISE COMPLAINT/DISTURBANCE
WOODBURY PUBLIC SAFETY,WOODBURY,5/14/2026 9:10:54 AM,WB26018955,"Bielenberg Dr / Nature Path, WOODBURY",FOUND PROPERTY/ITEM
WOODBURY PUBLIC SAFETY,WOODBURY,5/14/2026 9:59:17 AM,WB26018959,"7XXX  Tamarack Rd, WOODBURY",SUSPICIOUS PERSON/ACTIVITY
WOODBURY PUBLIC SAFETY,WOODBURY,5/14/2026 10:17:50 AM,WB26018960,"Valley Creek Rd / Donegal Dr, WOODBURY",ACCIDENT
WOODBURY PUBLIC SAFETY,WOODBURY,5/14/2026 10:30:46 AM,WB26018962,"XXX Commerce Dr, WOODBURY",TRESPASSING
WOODBURY PUBLIC SAFETY,WOODBURY,5/14/2026 10:32:00 AM,WB26019733,"5XXX  STABLE VIEW DR, WOODBURY",CPS REFERRAL
WOODBURY PUBLIC SAFETY,WOODBURY,5/14/2026 11:03:17 AM,WB26018965,"4XXX  RADIO DR, WOODBURY",THEFT
WOODBURY PUBLIC SAFETY,WOODBURY,5/14/2026 12:02:24 PM,WB26018972,"HUDSON RD / CITY WALK DR, WOODBURY",ACCIDENT
WOODBURY PUBLIC SAFETY,WOODBURY,5/14/2026 1:29:46 PM,WB26018979,"8XXX  WOODBURY XING, WOODBURY",THEFT
WOODBURY PUBLIC SAFETY,WOODBURY,5/14/2026 2:21:06 PM,WB26018993,"10XXX  Hudson Rd, WOODBURY",THEFT
WOODBURY PUBLIC SAFETY,WOODBURY,5/14/2026 3:37:57 PM,WB26019009,"1XXX  WEIR DR, WOODBURY",PROPERTY DAMAGE
WOODBURY PUBLIC SAFETY,WOODBURY,5/14/2026 4:13:41 PM,WB26019014,"Bailey Rd / Woodlane Dr, WOODBURY",ACCIDENT
WOODBURY PUBLIC SAFETY,WOODBURY,5/14/2026 4:16:14 PM,WB26019015,"11XXX  Dogwood Rd, WOODBURY",MEDICAL
WOODBURY PUBLIC SAFETY,WOODBURY,5/14/2026 4:47:20 PM,WB26019024,"1XXX  Woodlane Dr, WOODBURY",SUSPICIOUS PERSON/ACTIVITY
WOODBURY PUBLIC SAFETY,WOODBURY,5/14/2026 5:00:20 PM,WB26019025,"7XXX  Tamarack Rd, WOODBURY",ACCIDENT
WOODBURY PUBLIC SAFETY,WOODBURY,5/14/2026 5:37:31 PM,WB26019032,"8XXX  City Centre Dr, WOODBURY",ACCIDENT
WOODBURY PUBLIC SAFETY,WOODBURY,5/14/2026 6:23:58 PM,WB26019047,"8XXX  Savanna Oaks Bay, WOODBURY",THEFT FROM MOTOR VEHICLE
WOODBURY PUBLIC SAFETY,WOODBURY,5/14/2026 6:41:43 PM,WB26019051,"1XXX  Queens Dr, WOODBURY",SHOPLIFTING
WOODBURY PUBLIC SAFETY,WOODBURY,5/14/2026 8:19:01 PM,WB26019071,"TAMARACK VLG / RADIO DR, WOODBURY",WANTED PERSON-KOPS ALERT/ATL
WOODBURY PUBLIC SAFETY,WOODBURY,5/14/2026 9:04:18 PM,WB26019078,"3XXX  Edgewater Vw, WOODBURY",SUSPICIOUS PERSON/ACTIVITY
WOODBURY PUBLIC SAFETY,WOODBURY,5/14/2026 9:18:33 PM,WB26019079,"8XXX  Granite Pass, WOODBURY",SUSPICIOUS PERSON/ACTIVITY
WOODBURY PUBLIC SAFETY,WOODBURY,5/14/2026 10:31:05 PM,WB26019085,"6XXX  Ashwood Rd, WOODBURY",MISSING PERSON
WOODBURY PUBLIC SAFETY,WOODBURY,5/15/2026 12:00:00 AM,WB26019178,"XXX Lake View Dr, WOODBURY",ASSAULT
WOODBURY PUBLIC SAFETY,WOODBURY,5/15/2026 7:33:37 AM,WB26019118,"XXX Lake Ridge Dr, WOODBURY",BURGLARY
WOODBURY PUBLIC SAFETY,WOODBURY,5/15/2026 7:36:21 AM,WB26019120,"5XXX  Century Rdg, WOODBURY",THEFT
WOODBURY PUBLIC SAFETY,WOODBURY,5/15/2026 7:55:09 AM,WB26019123,"XXX Kingfisher Ln, WOODBURY",REQUEST FOR EMERGENCY EXAM - 72 HR HOLD
WOODBURY PUBLIC SAFETY,WOODBURY,5/15/2026 10:48:51 AM,WB26019148,"1XXX  Lochaven Dr, WOODBURY",FRAUD/SCAM
WOODBURY PUBLIC SAFETY,WOODBURY,5/15/2026 11:04:04 AM,WB26019149,"1XXX  BELMONT DR, WOODBURY",NOISE COMPLAINT/DISTURBANCE
WOODBURY PUBLIC SAFETY,WOODBURY,5/15/2026 11:41:00 AM,WB26019153,"Oak Grove Blvd / Lilac Ln, WOODBURY",FOUND PROPERTY/ITEM
WOODBURY PUBLIC SAFETY,WOODBURY,5/15/2026 11:59:35 AM,WB26019157,"9XXX  Hudson Pl, WOODBURY",PROPERTY DAMAGE
WOODBURY PUBLIC SAFETY,WOODBURY,5/15/2026 12:32:01 PM,WB26019167,"9XXX  Hudson Rd, WOODBURY",FOUND PROPERTY/ITEM
WOODBURY PUBLIC SAFETY,WOODBURY,5/15/2026 1:16:33 PM,WB26019182,"XXX WEIR DR, WOODBURY",THREATS
WOODBURY PUBLIC SAFETY,WOODBURY,5/15/2026 1:48:07 PM,WB26019201,"1XXX  Cedarwood Ct, WOODBURY",HARASSMENT
WOODBURY PUBLIC SAFETY,WOODBURY,5/15/2026 2:57:49 PM,WB26019226,"11XXX  Sand Castle Dr, WOODBURY",WELFARE CHECK
WOODBURY PUBLIC SAFETY,WOODBURY,5/15/2026 3:54:41 PM,WB26019242,"9XXX  Brookview Cir, WOODBURY",HARASSMENT
WOODBURY PUBLIC SAFETY,WOODBURY,5/15/2026 4:13:35 PM,WB26019249,"Bailey Rd / Oak Grove Blvd, WOODBURY",FOUND PERSON
WOODBURY PUBLIC SAFETY,WOODBURY,5/15/2026 5:17:04 PM,WB26019259,"XXX Lake View Dr, WOODBURY",WELFARE CHECK
WOODBURY PUBLIC SAFETY,WOODBURY,5/15/2026 6:42:48 PM,WB26019284,"Woodbury Dr / Glacial Valley Rd, WOODBURY",DWI
WOODBURY PUBLIC SAFETY,WOODBURY,5/15/2026 7:39:14 PM,WB26019293,"XXX Kingfisher Ln, WOODBURY",WELFARE CHECK
WOODBURY PUBLIC SAFETY,WOODBURY,5/15/2026 7:59:05 PM,WB26019300,"XXX Radio Dr, WOODBURY",DWI
WOODBURY PUBLIC SAFETY,WOODBURY,5/15/2026 8:41:26 PM,WB26019309,"1XXX  WYNCREST CT, WOODBURY",WELFARE CHECK
WOODBURY PUBLIC SAFETY,WOODBURY,5/15/2026 10:03:32 PM,WB26019325,"1XXX  Queens Dr, WOODBURY",BURGLARY
WOODBURY PUBLIC SAFETY,WOODBURY,5/15/2026 11:04:55 PM,WB26019339,"9XXX  Summerlin Rd, WOODBURY",JUVENILE COMPLAINT
WOODBURY PUBLIC SAFETY,WOODBURY,5/16/2026 12:21:34 AM,WB26019360,"7XXX  GUIDER DR, WOODBURY",JUVENILE COMPLAINT
WOODBURY PUBLIC SAFETY,WOODBURY,5/16/2026 12:51:55 AM,WB26019369,"I494 NB TO TAMARACK RD RAMP, WOODBURY",FLEEING
WOODBURY PUBLIC SAFETY,WOODBURY,5/16/2026 1:14:24 AM,WB26019373,"4XXX  RADIO DR, WOODBURY",HARASSMENT
WOODBURY PUBLIC SAFETY,WOODBURY,5/16/2026 3:49:26 AM,WB26019377,"I94 EB / Woodbury Dr, WOODBURY",DWI
WOODBURY PUBLIC SAFETY,WOODBURY,5/16/2026 11:40:49 AM,WB26019430,"8XXX  Valley Creek Rd, WOODBURY",DISTURBANCE
WOODBURY PUBLIC SAFETY,WOODBURY,5/16/2026 12:32:13 PM,WB26019444,"9XXX  Turnberry Alcove, WOODBURY",FRAUD/SCAM
WOODBURY PUBLIC SAFETY,WOODBURY,5/16/2026 1:12:45 PM,WB26019451,"1XXX  Belmont Dr, WOODBURY",NOISE COMPLAINT/DISTURBANCE
WOODBURY PUBLIC SAFETY,WOODBURY,5/16/2026 3:19:15 PM,WB26019469,"Valley Creek Rd / City Centre Dr, WOODBURY",ACCIDENT
WOODBURY PUBLIC SAFETY,WOODBURY,5/16/2026 4:05:06 PM,WB26019474,"TAMARACK RD / STEPHENS WAY, WOODBURY",FLEEING
WOODBURY PUBLIC SAFETY,WOODBURY,5/16/2026 4:36:22 PM,WB26019476,"7XXX  Valley Creek Plz, WOODBURY",IDENTITY THEFT
WOODBURY PUBLIC SAFETY,WOODBURY,5/16/2026 4:56:36 PM,WB26019480,"Valley Creek Rd / Interlachen Pkwy, WOODBURY",ACCIDENT
WOODBURY PUBLIC SAFETY,WOODBURY,5/16/2026 6:05:12 PM,WB26019491,"8XXX  Tamarack Bay, WOODBURY",ACCIDENT
WOODBURY PUBLIC SAFETY,WOODBURY,5/16/2026 6:32:05 PM,WB26019494,"9XXX  Wellington Bay, WOODBURY",DISTURBANCE
WOODBURY PUBLIC SAFETY,WOODBURY,5/16/2026 6:49:37 PM,WB26019497,"Woodbury Lakes Rd / Hudson Rd, WOODBURY",ACCIDENT
WOODBURY PUBLIC SAFETY,WOODBURY,5/16/2026 6:53:33 PM,WB26019498,"9XXX  Hudson Rd, WOODBURY",FIGHT
WOODBURY PUBLIC SAFETY,WOODBURY,5/16/2026 7:34:24 PM,WB26019502,"1XXX  Cedarwood Ct, WOODBURY",HARASSMENT
WOODBURY PUBLIC SAFETY,WOODBURY,5/16/2026 8:16:00 PM,WB26019506,"3XXX  Dakota Ave, WOODBURY",DWI
WOODBURY PUBLIC SAFETY,WOODBURY,5/16/2026 10:25:59 PM,WB26019522,"8XXX  GRANITE CIR, WOODBURY",DISTURBANCE
WOODBURY PUBLIC SAFETY,WOODBURY,5/16/2026 10:50:31 PM,WB26019525,"I94 EB / Century Ave, WOODBURY",ASSIST OTHER AGENCY

