AgencyName,Address_City_Description,CreatedOn1,CaseNum,Textbox28,EventDescription
BAYPORT POLICE DEPARTMENT,BAYPORT,6/14/2026 12:12:47 PM,BP26001882,"Unknown, BAYPORT",WELFARE CHECK
BAYPORT POLICE DEPARTMENT,BAYPORT,6/14/2026 12:20:25 PM,BP26001884,"Inspiration Pkwy S / Stagecoach Trl N, BAYPORT",PARKING COMPLAINT
BAYPORT POLICE DEPARTMENT,BAYPORT,6/14/2026 1:48:08 PM,BP26001885,"XXX 4TH AVE N, BAYPORT",DRIVING COMPLAINT
BAYPORT POLICE DEPARTMENT,BAYPORT,6/14/2026 10:46:56 PM,BP26001888,"XX CENTRAL AVE, BAYPORT",CITIZEN/PUBLIC ASSIST
BAYPORT POLICE DEPARTMENT,BAYPORT,6/15/2026 8:49:32 AM,BP26001891,"XXX - 498 MINNESOTA ST S, BAYPORT",TRAFFIC STOP
BAYPORT POLICE DEPARTMENT,BAYPORT,6/15/2026 10:17:37 AM,BP26001893,"XXX 4th St N, BAYPORT",ALARM-BUSINESS/RES/FIRE/MEDICAL/ETC
BAYPORT POLICE DEPARTMENT,BAYPORT,6/15/2026 11:11:38 AM,BP26001895,"XXX 6th St N, BAYPORT",LIFT ASSIST
BAYPORT POLICE DEPARTMENT,BAYPORT,6/15/2026 12:17:49 PM,BP26001896,"Unknown, BAYPORT",FOLLOW UP
BAYPORT POLICE DEPARTMENT,BAYPORT,6/15/2026 12:36:40 PM,BP26001897,"Unknown, BAYPORT",HARASSMENT
BAYPORT POLICE DEPARTMENT,BAYPORT,6/15/2026 2:48:53 PM,BP26001898,"2nd Ave N / Maine St N, BAYPORT",ANIMAL COMPLAINT
BAYPORT POLICE DEPARTMENT,BAYPORT,6/15/2026 3:08:04 PM,BP26001899,"XXX 4th Ave N, BAYPORT",911 ABANDONED/HANGUP/OPEN LINE
BAYPORT POLICE DEPARTMENT,BAYPORT,6/15/2026 3:45:18 PM,BP26001900,"Hwy 95 Jno 3rd Ave N, BAYPORT",911 ABANDONED/HANGUP/OPEN LINE
BAYPORT POLICE DEPARTMENT,BAYPORT,6/16/2026 6:04:19 AM,BP26001901,"XX CENTRAL AVE, BAYPORT",PARK CLOSED
BAYPORT POLICE DEPARTMENT,BAYPORT,6/16/2026 8:58:13 AM,BP26001905,"XX POINT RD, BAYPORT",VACATION CHECK
BAYPORT POLICE DEPARTMENT,BAYPORT,6/16/2026 3:10:00 PM,BP26001908,"Saint Croix Trl N / 10th Ave N, BAYPORT",TRAFFIC STOP
BAYPORT POLICE DEPARTMENT,BAYPORT,6/16/2026 6:02:14 PM,BP26001910,"XXX 3RD AVE S, BAYPORT",ANIMAL COMPLAINT
BAYPORT POLICE DEPARTMENT,BAYPORT,6/17/2026 12:09:55 AM,BP26001913,"XX CENTRAL AVE, BAYPORT",PARK CLOSED
BAYPORT POLICE DEPARTMENT,BAYPORT,6/17/2026 2:20:42 PM,BP26001916,"XXX 4th Ave N, BAYPORT",VEHICLE UNLOCK
BAYPORT POLICE DEPARTMENT,BAYPORT,6/17/2026 11:08:17 PM,BP26001920,"XXX - 298 3RD ST N, BAYPORT",TRAFFIC STOP
BAYPORT POLICE DEPARTMENT,BAYPORT,6/18/2026 1:58:17 AM,BP26001922,"XX CENTRAL AVE, BAYPORT",Park Close
BAYPORT POLICE DEPARTMENT,BAYPORT,6/19/2026 12:23:10 PM,BP26001936,"XXX 1st Ave N, BAYPORT",911 ABANDONED/HANGUP/OPEN LINE
BAYPORT POLICE DEPARTMENT,BAYPORT,6/19/2026 12:27:12 PM,BP26001937,"XXX 4th Ave N, BAYPORT",ANIMAL COMPLAINT
BAYPORT POLICE DEPARTMENT,BAYPORT,6/19/2026 5:27:57 PM,BP26001944,"XXX 7th St S, BAYPORT",MEDICAL
BAYPORT POLICE DEPARTMENT,BAYTOWN TOWNSHIP,6/16/2026 11:34:02 PM,BP26001912,"3XXX  - 3498 SAINT CROIX TRL N, BAYTOWN TOWNSHIP",TRAFFIC STOP
BAYPORT POLICE DEPARTMENT,OAK PARK HEIGHTS,6/14/2026 12:17:19 AM,BP26001878,"XX HWY 36 WB JWO SAINT CROIX TRL N, OAK PARK HEIGHTS",ASSIST OTHER AGENCY
BAYPORT POLICE DEPARTMENT,OAK PARK HEIGHTS,6/14/2026 1:56:51 AM,BP26001879,"5XXX  NORWICH PKWY, OAK PARK HEIGHTS",ASSIST OTHER AGENCY
BAYPORT POLICE DEPARTMENT,OAK PARK HEIGHTS,6/14/2026 2:31:44 AM,BP26001880,"14XXX  58th St N, OAK PARK HEIGHTS",ASSIST OTHER AGENCY
BAYPORT POLICE DEPARTMENT,OAK PARK HEIGHTS,6/14/2026 11:56:47 AM,BP26001883,"5XXX  Peller Ave N, OAK PARK HEIGHTS",AOA WARRANT ARREST
BAYPORT POLICE DEPARTMENT,OAK PARK HEIGHTS,6/16/2026 3:33:39 PM,BP26001909,"HWY 36 WB JEO OSGOOD AVE N, OAK PARK HEIGHTS",ASSIST OTHER AGENCY
BAYPORT POLICE DEPARTMENT,OAK PARK HEIGHTS,6/17/2026 12:56:57 AM,BP26001914,"5XXX  Ozark Ave N, OAK PARK HEIGHTS",ASSIST OTHER AGENCY
BAYPORT POLICE DEPARTMENT,OAK PARK HEIGHTS,6/17/2026 2:23:20 AM,BP26001915,"SAINT CROIX TRL N, OAK PARK HEIGHTS",TRAFFIC STOP
BAYPORT POLICE DEPARTMENT,OAK PARK HEIGHTS,6/17/2026 10:20:08 PM,BP26001918,"12XXX  58th St N, OAK PARK HEIGHTS",ASSIST OTHER AGENCY
BAYPORT POLICE DEPARTMENT,OAK PARK HEIGHTS,6/17/2026 11:35:08 PM,BP26001921,"HWY 95 TO HWY 36 EB RAMP, OAK PARK HEIGHTS",ASSIST OTHER AGENCY
BAYPORT POLICE DEPARTMENT,OAK PARK HEIGHTS,6/18/2026 9:01:55 PM,BP26001928,"14XXX  58th St N, OAK PARK HEIGHTS",ASSIST OTHER AGENCY
BAYPORT POLICE DEPARTMENT,OAK PARK HEIGHTS,6/20/2026 12:30:25 PM,BP26001954,"Hwy 36 Wb Jeo Osgood Ave N, OAK PARK HEIGHTS",ASSIST OTHER AGENCY
BAYPORT POLICE DEPARTMENT,WEST LAKELAND TOWNSHIP,6/16/2026 7:59:22 AM,BP26001903,"15XXX  - 15499 PALOMINO TRL N, WEST LAKELAND TOWNSHIP",TRAFFIC STOP
BAYPORT POLICE DEPARTMENT,WEST LAKELAND TOWNSHIP,6/20/2026 11:34:21 AM,BP26001953,"14XXX  Interstate 94, WEST LAKELAND TOWNSHIP",ASSIST OTHER AGENCY
COTTAGE GROVE POLICE DEPARTMENT,COTTAGE GROVE,6/14/2026 12:18:57 AM,CG26025828,"9XXX  Heath Ave S, COTTAGE GROVE",NOISE COMPLAINT/DISTURBANCE
COTTAGE GROVE POLICE DEPARTMENT,COTTAGE GROVE,6/14/2026 2:22:29 AM,CG26025830,"8XXX  Hallmark Ave S, COTTAGE GROVE",PROPERTY DAMAGE
COTTAGE GROVE POLICE DEPARTMENT,COTTAGE GROVE,6/14/2026 7:18:18 AM,CG26025834,"6XXX  Summit Curv S, COTTAGE GROVE",MEDICAL
COTTAGE GROVE POLICE DEPARTMENT,COTTAGE GROVE,6/14/2026 7:44:04 AM,CG26025835,"Leeward Ave S / Layton Ave S, COTTAGE GROVE",ANIMAL COMPLAINT
COTTAGE GROVE POLICE DEPARTMENT,COTTAGE GROVE,6/14/2026 8:54:32 AM,CG26025838,"6XXX  EAST POINT DOUGLAS RD S, COTTAGE GROVE",MEDICAL
COTTAGE GROVE POLICE DEPARTMENT,COTTAGE GROVE,6/14/2026 10:13:57 AM,CG26025843,"9XXX  Islay Ave S, COTTAGE GROVE",MEDICAL
COTTAGE GROVE POLICE DEPARTMENT,COTTAGE GROVE,6/14/2026 11:26:29 AM,CG26025850,"72nd St S / Innsdale Ave S, COTTAGE GROVE",FOUND PROPERTY/ITEM
COTTAGE GROVE POLICE DEPARTMENT,COTTAGE GROVE,6/14/2026 1:29:37 PM,CG26025856,"7XXX  Jocelyn Alcove S, COTTAGE GROVE",911 ABANDONED/HANGUP/OPEN LINE
COTTAGE GROVE POLICE DEPARTMENT,COTTAGE GROVE,6/14/2026 4:34:12 PM,CG26025866,"91st Cv S / 91st St S, COTTAGE GROVE",WELFARE CHECK
COTTAGE GROVE POLICE DEPARTMENT,COTTAGE GROVE,6/14/2026 5:27:07 PM,CG26025886,"9XXX  East Point Douglas Rd S, COTTAGE GROVE",MEDICAL
COTTAGE GROVE POLICE DEPARTMENT,COTTAGE GROVE,6/14/2026 6:26:46 PM,CG26025902,"8XXX  77th St S, COTTAGE GROVE",WELFARE CHECK
COTTAGE GROVE POLICE DEPARTMENT,COTTAGE GROVE,6/14/2026 6:27:15 PM,CG26025903,"70th St S / Jamaica Ave S, COTTAGE GROVE",TRAFFIC COMPLAINT
COTTAGE GROVE POLICE DEPARTMENT,COTTAGE GROVE,6/14/2026 6:34:46 PM,CG26025904,"MISSISSIPPI DUNES BLVD S / 99TH ST S, COTTAGE GROVE",FOUND PROPERTY/ITEM
COTTAGE GROVE POLICE DEPARTMENT,COTTAGE GROVE,6/14/2026 6:41:38 PM,CG26025905,"8XXX  East Point Douglas Rd S, COTTAGE GROVE",CHILD CUSTODY
COTTAGE GROVE POLICE DEPARTMENT,COTTAGE GROVE,6/14/2026 8:30:11 PM,CG26025914,"7XXX  East Point Douglas Rd S, COTTAGE GROVE",MEDICAL
COTTAGE GROVE POLICE DEPARTMENT,COTTAGE GROVE,6/14/2026 11:19:06 PM,CG26025924,"90th St S / Inwood Ave S, COTTAGE GROVE",SUSPICIOUS PERSON/ACTIVITY
COTTAGE GROVE POLICE DEPARTMENT,COTTAGE GROVE,6/14/2026 11:27:26 PM,CG26025926,"7XXX  98th St S, COTTAGE GROVE",MEDICAL
COTTAGE GROVE POLICE DEPARTMENT,COTTAGE GROVE,6/15/2026 7:41:59 AM,CG26025942,"7XXX  Jensen Ave S, COTTAGE GROVE",VEHICLE UNLOCK
COTTAGE GROVE POLICE DEPARTMENT,COTTAGE GROVE,6/15/2026 9:08:23 AM,CG26025944,"6XXX  80th St S, COTTAGE GROVE",MEDICAL
COTTAGE GROVE POLICE DEPARTMENT,COTTAGE GROVE,6/15/2026 9:52:55 AM,CG26025948,"9XXX  JARROD AVE S, COTTAGE GROVE",ANIMAL COMPLAINT
COTTAGE GROVE POLICE DEPARTMENT,COTTAGE GROVE,6/15/2026 10:05:00 AM,CG26025954,"7XXX  Inwood Ave S, COTTAGE GROVE",WELFARE CHECK
COTTAGE GROVE POLICE DEPARTMENT,COTTAGE GROVE,6/15/2026 10:25:37 AM,CG26025956,"12XXX  RAVINE PKWY S, COTTAGE GROVE",THEFT
COTTAGE GROVE POLICE DEPARTMENT,COTTAGE GROVE,6/15/2026 10:25:42 AM,CG26025957,"8XXX  HADLEY AVE S, COTTAGE GROVE",FRAUD/SCAM
COTTAGE GROVE POLICE DEPARTMENT,COTTAGE GROVE,6/15/2026 11:56:16 AM,CG26025964,"7XXX  79th St S, COTTAGE GROVE",ANIMAL COMPLAINT
COTTAGE GROVE POLICE DEPARTMENT,COTTAGE GROVE,6/15/2026 12:23:45 PM,CG26025965,"8XXX  Jewel Ave S, COTTAGE GROVE",WELFARE CHECK
COTTAGE GROVE POLICE DEPARTMENT,COTTAGE GROVE,6/15/2026 12:34:17 PM,CG26025966,"8XXX  Harkness Rd S, COTTAGE GROVE",LOST PROPERTY/ITEM
COTTAGE GROVE POLICE DEPARTMENT,COTTAGE GROVE,6/15/2026 12:41:25 PM,CG26025967,"6XXX  TIMBER RIDGE TRL S, COTTAGE GROVE",LITTERING
COTTAGE GROVE POLICE DEPARTMENT,COTTAGE GROVE,6/15/2026 1:22:34 PM,CG26025971,"6XXX  80th St S, COTTAGE GROVE",MEDICAL
COTTAGE GROVE POLICE DEPARTMENT,COTTAGE GROVE,6/15/2026 2:37:03 PM,CG26025979,"8XXX  Grafton Ave S, COTTAGE GROVE",MEDICAL
COTTAGE GROVE POLICE DEPARTMENT,COTTAGE GROVE,6/15/2026 2:50:00 PM,CG26025982,"6XXX  70th St S, COTTAGE GROVE",FRAUD/SCAM
COTTAGE GROVE POLICE DEPARTMENT,COTTAGE GROVE,6/15/2026 3:57:39 PM,CG26025990,"6XXX  80th St S, COTTAGE GROVE",MEDICAL
COTTAGE GROVE POLICE DEPARTMENT,COTTAGE GROVE,6/15/2026 5:44:58 PM,CG26026003,"97th St S / Hadley Ave S, COTTAGE GROVE",MEDICAL
COTTAGE GROVE POLICE DEPARTMENT,COTTAGE GROVE,6/15/2026 6:39:44 PM,CG26026013,"Jareau Ave S / 91st St S, COTTAGE GROVE",ACCIDENT
COTTAGE GROVE POLICE DEPARTMENT,COTTAGE GROVE,6/15/2026 8:01:18 PM,CG26026016,"6XXX  101st St S, COTTAGE GROVE",WELFARE CHECK
COTTAGE GROVE POLICE DEPARTMENT,COTTAGE GROVE,6/16/2026 5:43:52 AM,CG26026066,"8XXX  Isle Ave S, COTTAGE GROVE",MEDICAL
COTTAGE GROVE POLICE DEPARTMENT,COTTAGE GROVE,6/16/2026 10:24:15 AM,CG26026099,"9XXX  Hale Ave S, COTTAGE GROVE",MEDICAL
COTTAGE GROVE POLICE DEPARTMENT,COTTAGE GROVE,6/16/2026 10:37:12 AM,CG26026100,"7XXX  100th St S, COTTAGE GROVE",ACCIDENT
COTTAGE GROVE POLICE DEPARTMENT,COTTAGE GROVE,6/16/2026 11:51:31 AM,CG26026109,"6XXX  99th Street Ct S, COTTAGE GROVE",NEIGHBOR DISPUTE
COTTAGE GROVE POLICE DEPARTMENT,COTTAGE GROVE,6/16/2026 1:24:22 PM,CG26026122,"6XXX  IDEAL AVE S, COTTAGE GROVE",WARRANT ARREST
COTTAGE GROVE POLICE DEPARTMENT,COTTAGE GROVE,6/16/2026 3:05:49 PM,CG26026133,"8XXX  HENNA AVE S, COTTAGE GROVE",PARKING COMPLAINT
COTTAGE GROVE POLICE DEPARTMENT,COTTAGE GROVE,6/16/2026 3:56:21 PM,CG26026134,"8XXX  HEMINGWAY AVE S, COTTAGE GROVE",SUSPICIOUS PERSON/ACTIVITY
COTTAGE GROVE POLICE DEPARTMENT,COTTAGE GROVE,6/16/2026 6:05:03 PM,CG26026165,"9XXX  Indian Blvd S, COTTAGE GROVE",ANIMAL BITE
COTTAGE GROVE POLICE DEPARTMENT,COTTAGE GROVE,6/16/2026 7:00:00 PM,CG26026169,"8XXX  Inman Ave S, COTTAGE GROVE",INCIDENT
COTTAGE GROVE POLICE DEPARTMENT,COTTAGE GROVE,6/16/2026 7:30:01 PM,CG26026172,"8XXX  75th St S, COTTAGE GROVE",MEDICAL
COTTAGE GROVE POLICE DEPARTMENT,COTTAGE GROVE,6/16/2026 7:58:45 PM,CG26026175,"7XXX  79th St S, COTTAGE GROVE",WELFARE CHECK
COTTAGE GROVE POLICE DEPARTMENT,COTTAGE GROVE,6/16/2026 9:52:31 PM,CG26026199,"HADLEY AVE S / 92ND ST S, COTTAGE GROVE",TRAFFIC STOP
COTTAGE GROVE POLICE DEPARTMENT,COTTAGE GROVE,6/16/2026 10:11:53 PM,CG26026203,"7XXX  Hinton Park Ave S, COTTAGE GROVE",MEDICAL
COTTAGE GROVE POLICE DEPARTMENT,COTTAGE GROVE,6/16/2026 11:11:30 PM,CG26026213,"6XXX  93rd Alcove S, COTTAGE GROVE",HARASSMENT
COTTAGE GROVE POLICE DEPARTMENT,COTTAGE GROVE,6/17/2026 12:20:40 AM,CG26026218,"Highway 61, COTTAGE GROVE",TRAFFIC STOP
COTTAGE GROVE POLICE DEPARTMENT,COTTAGE GROVE,6/17/2026 6:57:54 AM,CG26026222,"8XXX  Isle Ave S, COTTAGE GROVE",MEDICAL
COTTAGE GROVE POLICE DEPARTMENT,COTTAGE GROVE,6/17/2026 8:03:31 AM,CG26026223,"7XXX  River Acres Rd S, COTTAGE GROVE",MEDICAL
COTTAGE GROVE POLICE DEPARTMENT,COTTAGE GROVE,6/17/2026 8:18:24 AM,CG26026224,"9XXX  Hamlet Ave S, COTTAGE GROVE",PARKING COMPLAINT
COTTAGE GROVE POLICE DEPARTMENT,COTTAGE GROVE,6/17/2026 8:36:37 AM,CG26026225,"8XXX  Indahl Ave S, COTTAGE GROVE",MEDICAL
COTTAGE GROVE POLICE DEPARTMENT,COTTAGE GROVE,6/17/2026 8:54:28 AM,CG26026228,"8XXX  Jasmine Ln S, COTTAGE GROVE",MISSING PERSON
COTTAGE GROVE POLICE DEPARTMENT,COTTAGE GROVE,6/17/2026 9:05:25 AM,CG26026229,"7XXX  98th St S, COTTAGE GROVE",MEDICAL
COTTAGE GROVE POLICE DEPARTMENT,COTTAGE GROVE,6/17/2026 1:22:44 PM,CG26026251,"7XXX  95TH ST S, COTTAGE GROVE",TRAFFIC STOP
COTTAGE GROVE POLICE DEPARTMENT,COTTAGE GROVE,6/17/2026 1:23:33 PM,CG26026252,"6XXX  80th St S, COTTAGE GROVE",MEDICAL
COTTAGE GROVE POLICE DEPARTMENT,COTTAGE GROVE,6/17/2026 2:44:54 PM,CG26026268,"7XXX  Langly Ave S, COTTAGE GROVE",ANIMAL BITE
COTTAGE GROVE POLICE DEPARTMENT,COTTAGE GROVE,6/17/2026 3:30:01 PM,CG26026275,"12XXX  Ravine Pkwy S, COTTAGE GROVE",HARASSMENT
COTTAGE GROVE POLICE DEPARTMENT,COTTAGE GROVE,6/17/2026 5:05:00 PM,CG26026287,"8XXX  - 8530 GRENADIER AVE S, COTTAGE GROVE",TRAFFIC STOP
COTTAGE GROVE POLICE DEPARTMENT,COTTAGE GROVE,6/17/2026 5:48:00 PM,CG26026298,"6XXX  - 6399 70TH ST S, COTTAGE GROVE",TRAFFIC STOP
COTTAGE GROVE POLICE DEPARTMENT,COTTAGE GROVE,6/17/2026 8:21:56 PM,CG26026310,"7XXX  72nd Street Ct S, COTTAGE GROVE",MEDICAL
COTTAGE GROVE POLICE DEPARTMENT,COTTAGE GROVE,6/17/2026 9:19:44 PM,CG26026320,"7XXX  Hemingway Ave S, COTTAGE GROVE",MEDICAL
COTTAGE GROVE POLICE DEPARTMENT,COTTAGE GROVE,6/17/2026 9:38:27 PM,CG26026323,"8XXX  Hillside Trl S, COTTAGE GROVE",THEFT
COTTAGE GROVE POLICE DEPARTMENT,COTTAGE GROVE,6/17/2026 10:43:09 PM,CG26026340,"7XXX  Jenner Cir S, COTTAGE GROVE",CIVIL MATTER/DISPUTE
COTTAGE GROVE POLICE DEPARTMENT,COTTAGE GROVE,6/18/2026 12:10:16 AM,CG26026365,"8XXX  61st St S, COTTAGE GROVE",MEDICAL
COTTAGE GROVE POLICE DEPARTMENT,COTTAGE GROVE,6/18/2026 1:39:13 AM,CG26026370,"6XXX  Keats Ave S, COTTAGE GROVE",DISTURBANCE
COTTAGE GROVE POLICE DEPARTMENT,COTTAGE GROVE,6/18/2026 5:42:54 AM,CG26026376,"8XXX  Indian Blvd S, COTTAGE GROVE",MEDICAL
COTTAGE GROVE POLICE DEPARTMENT,COTTAGE GROVE,6/18/2026 6:43:42 AM,CG26026380,"7XXX  River Acres Rd S, COTTAGE GROVE",MEDICAL
COTTAGE GROVE POLICE DEPARTMENT,COTTAGE GROVE,6/18/2026 9:44:47 AM,CG26026386,"7XXX  77th St S, COTTAGE GROVE",MEDICAL
COTTAGE GROVE POLICE DEPARTMENT,COTTAGE GROVE,6/18/2026 11:12:09 AM,CG26026395,"8XXX  Homestead Ave S, COTTAGE GROVE",IDENTITY THEFT
COTTAGE GROVE POLICE DEPARTMENT,COTTAGE GROVE,6/18/2026 12:10:46 PM,CG26026402,"9XXX  East Point Douglas Rd S, COTTAGE GROVE",VEHICLE UNLOCK
COTTAGE GROVE POLICE DEPARTMENT,COTTAGE GROVE,6/18/2026 12:16:15 PM,CG26026403,"85th St S / Grenadier Ave S, COTTAGE GROVE",ACCIDENT
COTTAGE GROVE POLICE DEPARTMENT,COTTAGE GROVE,6/18/2026 1:46:08 PM,CG26026411,"6XXX  80TH ST S, COTTAGE GROVE",MEDICAL
COTTAGE GROVE POLICE DEPARTMENT,COTTAGE GROVE,6/18/2026 2:57:57 PM,CG26026415,"7XXX  River Acres Rd S, COTTAGE GROVE",MEDICAL
COTTAGE GROVE POLICE DEPARTMENT,COTTAGE GROVE,6/18/2026 3:52:08 PM,CG26026421,"11XXX  Grey Cloud Trl S, COTTAGE GROVE",TRESPASSING
COTTAGE GROVE POLICE DEPARTMENT,COTTAGE GROVE,6/18/2026 5:42:09 PM,CG26026437,"6XXX  80th St S, COTTAGE GROVE",MEDICAL
COTTAGE GROVE POLICE DEPARTMENT,COTTAGE GROVE,6/18/2026 6:06:37 PM,CG26026441,"7XXX  Hearthside Ave S, COTTAGE GROVE",FRAUD/SCAM
COTTAGE GROVE POLICE DEPARTMENT,COTTAGE GROVE,6/18/2026 7:04:41 PM,CG26026451,"7XXX  Hemingway Ave S, COTTAGE GROVE",NOISE COMPLAINT/DISTURBANCE
COTTAGE GROVE POLICE DEPARTMENT,COTTAGE GROVE,6/18/2026 7:27:34 PM,CG26026453,"6XXX  Jarvis Bay S, COTTAGE GROVE",MEDICAL
COTTAGE GROVE POLICE DEPARTMENT,COTTAGE GROVE,6/18/2026 7:48:43 PM,CG26026457,"9XXX  Janero Ave S, COTTAGE GROVE",WELFARE CHECK
COTTAGE GROVE POLICE DEPARTMENT,COTTAGE GROVE,6/18/2026 9:17:19 PM,CG26026463,"7XXX  Hearthside Ave S, COTTAGE GROVE",WELFARE CHECK
COTTAGE GROVE POLICE DEPARTMENT,COTTAGE GROVE,6/18/2026 10:23:33 PM,CG26026473,"8XXX  East Point Douglas Rd S, COTTAGE GROVE",MEDICAL
COTTAGE GROVE POLICE DEPARTMENT,COTTAGE GROVE,6/19/2026 7:29:41 AM,CG26026536,"6XXX  East Point Douglas Rd S, COTTAGE GROVE",MEDICAL
COTTAGE GROVE POLICE DEPARTMENT,COTTAGE GROVE,6/19/2026 8:33:21 AM,CG26026537,"7XXX  Illies Ave S, COTTAGE GROVE",RUNAWAY
COTTAGE GROVE POLICE DEPARTMENT,COTTAGE GROVE,6/19/2026 9:34:57 AM,CG26026539,"6XXX  East Point Douglas Rd S, COTTAGE GROVE",UNWANTED PERSON/VEHICLE
COTTAGE GROVE POLICE DEPARTMENT,COTTAGE GROVE,6/19/2026 10:23:01 AM,CG26026545,"6XXX  East Point Douglas Rd S, COTTAGE GROVE",MEDICAL
COTTAGE GROVE POLICE DEPARTMENT,COTTAGE GROVE,6/19/2026 11:08:39 AM,CG26026547,"7XXX  Hillside Trl S, COTTAGE GROVE",MEDICAL
COTTAGE GROVE POLICE DEPARTMENT,COTTAGE GROVE,6/19/2026 11:49:13 AM,CG26026548,"7XXX  HILLSIDE TRL S, COTTAGE GROVE",PROPERTY DAMAGE
COTTAGE GROVE POLICE DEPARTMENT,COTTAGE GROVE,6/19/2026 12:29:21 PM,CG26026557,"7XXX  East Point Douglas Rd S, COTTAGE GROVE",THEFT FROM MOTOR VEHICLE
COTTAGE GROVE POLICE DEPARTMENT,COTTAGE GROVE,6/19/2026 1:41:19 PM,CG26026561,"9XXX  75TH ST S, COTTAGE GROVE",VEHICLE UNLOCK
COTTAGE GROVE POLICE DEPARTMENT,COTTAGE GROVE,6/19/2026 1:49:22 PM,CG26026563,"6XXX  80th St S, COTTAGE GROVE",DISTURBANCE
COTTAGE GROVE POLICE DEPARTMENT,COTTAGE GROVE,6/19/2026 3:04:00 PM,CG26026572,"6XXX  WILDFLOWER DR S, COTTAGE GROVE",TRAFFIC STOP
COTTAGE GROVE POLICE DEPARTMENT,COTTAGE GROVE,6/19/2026 3:16:25 PM,CG26026576,"10XXX  Greystone Circle South, COTTAGE GROVE",RUNAWAY
COTTAGE GROVE POLICE DEPARTMENT,COTTAGE GROVE,6/19/2026 3:49:46 PM,CG26026580,"7XXX  Hyde Ave S, COTTAGE GROVE",MEDICAL
COTTAGE GROVE POLICE DEPARTMENT,COTTAGE GROVE,6/19/2026 4:21:00 PM,CG26026583,"Hwy 61 Sb Jso Summit Ave, COTTAGE GROVE",DWI
COTTAGE GROVE POLICE DEPARTMENT,COTTAGE GROVE,6/19/2026 5:20:03 PM,CG26026585,"9XXX  Kimbro Ave S, COTTAGE GROVE",ANIMAL COMPLAINT
COTTAGE GROVE POLICE DEPARTMENT,COTTAGE GROVE,6/19/2026 6:37:52 PM,CG26026592,"7XXX  East Point Douglas Rd S, COTTAGE GROVE",MEDICAL
COTTAGE GROVE POLICE DEPARTMENT,COTTAGE GROVE,6/19/2026 7:24:17 PM,CG26026595,"10XXX  Hemingway Ave S, COTTAGE GROVE",PROPERTY DAMAGE
COTTAGE GROVE POLICE DEPARTMENT,COTTAGE GROVE,6/19/2026 8:10:52 PM,CG26026597,"11XXX  Grey Cloud Trl S, COTTAGE GROVE",TRESPASS NOTICE
COTTAGE GROVE POLICE DEPARTMENT,COTTAGE GROVE,6/19/2026 10:16:13 PM,CG26026603,"9XXX  75TH ST S, COTTAGE GROVE",OFFICER INFORMATION
COTTAGE GROVE POLICE DEPARTMENT,COTTAGE GROVE,6/20/2026 1:38:22 AM,CG26026632,"Jamaica Ave S / 67th St S, COTTAGE GROVE",SUSPICIOUS PERSON/ACTIVITY
COTTAGE GROVE POLICE DEPARTMENT,COTTAGE GROVE,6/20/2026 9:50:21 AM,CG26026645,"8XXX  Granada Ave S, COTTAGE GROVE",MEDICAL
COTTAGE GROVE POLICE DEPARTMENT,COTTAGE GROVE,6/20/2026 10:35:46 AM,CG26026656,"7XXX  Hearthside Ave S, COTTAGE GROVE",MEDICAL
COTTAGE GROVE POLICE DEPARTMENT,COTTAGE GROVE,6/20/2026 11:11:04 AM,CG26026667,"7XXX  Jenner Alcove S, COTTAGE GROVE",MEDICAL
COTTAGE GROVE POLICE DEPARTMENT,COTTAGE GROVE,6/20/2026 12:41:03 PM,CG26026687,"6XXX  80th St S, COTTAGE GROVE",MEDICAL
COTTAGE GROVE POLICE DEPARTMENT,COTTAGE GROVE,6/20/2026 2:02:56 PM,CG26026692,"9XXX  HAMLET AVE S, COTTAGE GROVE",PARKING VIOLATION
COTTAGE GROVE POLICE DEPARTMENT,COTTAGE GROVE,6/20/2026 2:58:21 PM,CG26026700,"7XXX  113th St S, COTTAGE GROVE",MEDICAL
COTTAGE GROVE POLICE DEPARTMENT,COTTAGE GROVE,6/20/2026 4:15:01 PM,CG26026709,"8XXX  IVYSTONE CT S, COTTAGE GROVE",FOUND PROPERTY/ITEM
COTTAGE GROVE POLICE DEPARTMENT,COTTAGE GROVE,6/20/2026 5:26:00 PM,CG26026715,"9XXX  HARROW CT S, COTTAGE GROVE",WARRANT ARREST
COTTAGE GROVE POLICE DEPARTMENT,COTTAGE GROVE,6/20/2026 9:29:12 PM,CG26026738,"Joliet Ave S / Indian Blvd S, COTTAGE GROVE",CITIZEN/PUBLIC ASSIST
COTTAGE GROVE POLICE DEPARTMENT,COTTAGE GROVE,6/20/2026 9:53:50 PM,CG26026741,"Jocelyn Ave S / 79th St S, COTTAGE GROVE",JUVENILE COMPLAINT
COTTAGE GROVE POLICE DEPARTMENT,COTTAGE GROVE,6/20/2026 10:48:02 PM,CG26026745,"8XXX  Keats Ave S, COTTAGE GROVE",NOISE COMPLAINT/DISTURBANCE
COTTAGE GROVE POLICE DEPARTMENT,SAINT PAUL PARK,6/16/2026 8:28:19 AM,CG26026083,"70TH ST S / HWY 61 NB TO 70TH ST S RAMP, SAINT PAUL PARK",MOTORIST ASSIST
COTTAGE GROVE POLICE DEPARTMENT,SAINT PAUL PARK,6/18/2026 3:45:29 PM,CG26026418,"70TH ST S / HASTINGS AVE, SAINT PAUL PARK",TRAFFIC STOP
FOREST LAKE POLICE DEPARTMENT,FOREST LAKE,6/14/2026 12:13:49 PM,FL26007721,"6XXX  207TH ST N, FOREST LAKE",THEFT
FOREST LAKE POLICE DEPARTMENT,FOREST LAKE,6/14/2026 12:23:37 PM,FL26007723,"1XXX  BROADWAY AVE W, FOREST LAKE",CITIZEN/PUBLIC ASSIST
FOREST LAKE POLICE DEPARTMENT,FOREST LAKE,6/14/2026 12:35:36 PM,FL26007725,"20XXX  HAMLET AVE N, FOREST LAKE",ANIMAL COMPLAINT
FOREST LAKE POLICE DEPARTMENT,FOREST LAKE,6/14/2026 4:58:00 PM,FL26007731,"7XXX  NORTH SHORE TRL N, FOREST LAKE",ANIMAL COMPLAINT
FOREST LAKE POLICE DEPARTMENT,FOREST LAKE,6/14/2026 7:59:09 PM,FL26007741,"XXX SOUTH SHORE DR, FOREST LAKE",RUNAWAY
FOREST LAKE POLICE DEPARTMENT,FOREST LAKE,6/14/2026 8:53:28 PM,FL26007744,"1XXX  LAKE ST S, FOREST LAKE",ACCIDENT
FOREST LAKE POLICE DEPARTMENT,FOREST LAKE,6/14/2026 8:54:21 PM,FL26007745,"1XXX  12TH ST SW, FOREST LAKE",DISTURBANCE
FOREST LAKE POLICE DEPARTMENT,FOREST LAKE,6/14/2026 9:04:25 PM,FL26007747,"12TH ST SW & 3RD AVE SW, FOREST LAKE",TRAFFIC STOP
FOREST LAKE POLICE DEPARTMENT,FOREST LAKE,6/14/2026 10:25:33 PM,FL26007753,"5XXX  206TH ST N, FOREST LAKE",LOST PROPERTY/ITEM
FOREST LAKE POLICE DEPARTMENT,FOREST LAKE,6/15/2026 8:45:18 AM,FL26007763,"XXX 2nd Ave Nw, FOREST LAKE",SUSPICIOUS PERSON/ACTIVITY
FOREST LAKE POLICE DEPARTMENT,FOREST LAKE,6/15/2026 11:25:40 AM,FL26007769,"XX BROADWAY AVE E, FOREST LAKE",THEFT
FOREST LAKE POLICE DEPARTMENT,FOREST LAKE,6/15/2026 4:29:02 PM,FL26007780,"6XXX  Scandia Trl N, FOREST LAKE",FOUND PROPERTY/ITEM
FOREST LAKE POLICE DEPARTMENT,FOREST LAKE,6/16/2026 4:35:32 AM,FL26007802,"1XXX  BROADWAY AVE W, FOREST LAKE",WELFARE CHECK
FOREST LAKE POLICE DEPARTMENT,FOREST LAKE,6/16/2026 10:18:56 AM,FL26007808,"1XXX  LAKE ST S, FOREST LAKE",HARASSMENT
FOREST LAKE POLICE DEPARTMENT,FOREST LAKE,6/16/2026 11:11:39 AM,FL26007811,"6XXX  SCANDIA TRL N, FOREST LAKE",VEHICLE UNLOCK
FOREST LAKE POLICE DEPARTMENT,FOREST LAKE,6/16/2026 2:39:36 PM,FL26007816,"1XXX  12TH AVE SE, FOREST LAKE",PARKING COMPLAINT
FOREST LAKE POLICE DEPARTMENT,FOREST LAKE,6/16/2026 3:43:33 PM,FL26007819,"XXX 12TH ST SW, FOREST LAKE",PROPERTY DAMAGE
FOREST LAKE POLICE DEPARTMENT,FOREST LAKE,6/16/2026 5:22:46 PM,FL26007825,"XXX 12TH ST SW, FOREST LAKE",FOUND PROPERTY/ITEM
FOREST LAKE POLICE DEPARTMENT,FOREST LAKE,6/16/2026 5:28:00 PM,FL26007826,"SCANDIA TRL N & FOREST BLVD N, FOREST LAKE",TRAFFIC STOP
FOREST LAKE POLICE DEPARTMENT,FOREST LAKE,6/16/2026 8:54:34 PM,FL26007832,"XX BROADWAY AVE E, FOREST LAKE",DISTURBANCE
FOREST LAKE POLICE DEPARTMENT,FOREST LAKE,6/16/2026 9:59:27 PM,FL26007836,"XXX 8TH ST SW, FOREST LAKE",DISTURBANCE
FOREST LAKE POLICE DEPARTMENT,FOREST LAKE,6/17/2026 8:13:00 PM,FL26007871,"1XXX  BROADWAY AVE W, FOREST LAKE",WARRANT ARREST
FOREST LAKE POLICE DEPARTMENT,FOREST LAKE,6/18/2026 6:38:36 AM,FL26007889,"FENWAY AVE N & SCANDIA TRL N, FOREST LAKE",THEFT
FOREST LAKE POLICE DEPARTMENT,FOREST LAKE,6/18/2026 9:23:44 AM,FL26007893,"XXX 12TH ST SW, FOREST LAKE",LOCKOUT
FOREST LAKE POLICE DEPARTMENT,FOREST LAKE,6/18/2026 10:43:14 AM,FL26007897,"XXX NORTH SHORE DR, FOREST LAKE",FRAUD/SCAM
FOREST LAKE POLICE DEPARTMENT,FOREST LAKE,6/18/2026 11:48:08 AM,FL26007901,"6XXX  NORTH SHORE TRL N, FOREST LAKE",NEIGHBOR DISPUTE
FOREST LAKE POLICE DEPARTMENT,FOREST LAKE,6/18/2026 11:49:11 AM,FL26007900,"1XXX  BROADWAY AVE W, FOREST LAKE",LOCKOUT
FOREST LAKE POLICE DEPARTMENT,FOREST LAKE,6/18/2026 2:06:27 PM,FL26007909,"5XXX  206TH ST N, FOREST LAKE",JUVENILE COMPLAINT
FOREST LAKE POLICE DEPARTMENT,FOREST LAKE,6/18/2026 2:38:33 PM,FL26007910,"7XXX  208TH ST N, FOREST LAKE",ANIMAL BITE
FOREST LAKE POLICE DEPARTMENT,FOREST LAKE,6/18/2026 3:47:02 PM,FL26007913,"19XXX  ENGLISH AVE N, FOREST LAKE",CIVIL MATTER/DISPUTE
FOREST LAKE POLICE DEPARTMENT,FOREST LAKE,6/18/2026 6:29:05 PM,FL26007919,"6XXX  207TH ST N, FOREST LAKE",HARASSMENT
FOREST LAKE POLICE DEPARTMENT,FOREST LAKE,6/18/2026 6:59:32 PM,FL26007920,"XXX 12TH ST SW, FOREST LAKE",CIVIL MATTER/DISPUTE
FOREST LAKE POLICE DEPARTMENT,FOREST LAKE,6/18/2026 7:52:13 PM,FL26007922,"6XXX  207TH ST N, FOREST LAKE",DISORDERLY CONDUCT
FOREST LAKE POLICE DEPARTMENT,FOREST LAKE,6/19/2026 2:08:00 AM,FL26007876,"HEADWATERS PKWY & FENWAY AVE N, FOREST LAKE",ACCIDENT
FOREST LAKE POLICE DEPARTMENT,FOREST LAKE,6/19/2026 8:58:27 AM,FL26007935,"XXX 12TH ST SW, FOREST LAKE",LOCKOUT
FOREST LAKE POLICE DEPARTMENT,FOREST LAKE,6/19/2026 9:16:00 AM,FL26007936,"XXX 12TH ST SW, FOREST LAKE",ACCIDENT
FOREST LAKE POLICE DEPARTMENT,FOREST LAKE,6/19/2026 11:26:08 AM,FL26007940,"7XXX  210TH ST N, FOREST LAKE",CIVIL MATTER/DISPUTE
FOREST LAKE POLICE DEPARTMENT,FOREST LAKE,6/19/2026 12:58:22 PM,FL26007942,"1XXX  LAKE ST S, FOREST LAKE",LOCKOUT
FOREST LAKE POLICE DEPARTMENT,FOREST LAKE,6/19/2026 1:59:59 PM,FL26007946,"XXX NORTH SHORE DR, FOREST LAKE",LOCKOUT
FOREST LAKE POLICE DEPARTMENT,FOREST LAKE,6/19/2026 5:46:22 PM,FL26007953,"XXX 11TH AVE SW, FOREST LAKE",ACCIDENT
FOREST LAKE POLICE DEPARTMENT,FOREST LAKE,6/19/2026 8:03:58 PM,FL26007956,"XXX 12TH ST SW, FOREST LAKE",THEFT
FOREST LAKE POLICE DEPARTMENT,FOREST LAKE,6/20/2026 12:41:17 PM,FL26007985,"1XXX  APARTMENT LN SW, FOREST LAKE",HARASSMENT
FOREST LAKE POLICE DEPARTMENT,FOREST LAKE,6/20/2026 7:23:42 PM,FL26008000,"XXX 12TH ST SW, FOREST LAKE",WELFARE CHECK
FOREST LAKE POLICE DEPARTMENT,FOREST LAKE,6/20/2026 8:39:19 PM,FL26008001,"22XXX  Everton Ave N, FOREST LAKE",LOST PROPERTY/ITEM
OAKDALE POLICE DEPARTMENT,LAKE ELMO,6/14/2026 1:47:02 AM,OD26007221,"INWOOD AVE N & 5TH ST N, LAKE ELMO",TRAFFIC STOP
OAKDALE POLICE DEPARTMENT,LANDFALL,6/14/2026 5:42:28 PM,OD26007246,"XXX Dellwood Sq N, LANDFALL",ASSIST OTHER AGENCY
OAKDALE POLICE DEPARTMENT,MAY TOWNSHIP,6/19/2026 9:16:02 AM,OD26007496,"XX Moonlight Bay, MAY TOWNSHIP",ASSIST OTHER AGENCY
OAKDALE POLICE DEPARTMENT,OAKDALE,6/14/2026 12:42:45 AM,OD26007218,"1XXX  HELMO AVE N, OAKDALE",SUSPICIOUS PERSON/ACTIVITY
OAKDALE POLICE DEPARTMENT,OAKDALE,6/14/2026 1:09:00 AM,OD26007219,"4XXX  GENEVA AVE N, OAKDALE",DRUGS
OAKDALE POLICE DEPARTMENT,OAKDALE,6/14/2026 1:34:57 AM,OD26007220,"2XXX  GENEVA AVE N, OAKDALE",TRAFFIC STOP
OAKDALE POLICE DEPARTMENT,OAKDALE,6/14/2026 3:05:00 AM,OD26007222,"7XXX  17TH ST N, OAKDALE",PROPERTY DAMAGE
OAKDALE POLICE DEPARTMENT,OAKDALE,6/14/2026 5:35:59 AM,OD26007223,"Helmo Ave N / 22nd St N, OAKDALE",WELFARE CHECK
OAKDALE POLICE DEPARTMENT,OAKDALE,6/14/2026 8:18:21 AM,OD26007225,"XX Hwy 36 Eb At Hadley Ave N, OAKDALE",PUBLIC WORKS CONCERN
OAKDALE POLICE DEPARTMENT,OAKDALE,6/14/2026 8:58:58 AM,OD26007227,"6XXX  15TH ST N, OAKDALE",MEDICAL
OAKDALE POLICE DEPARTMENT,OAKDALE,6/14/2026 10:37:27 AM,OD26007228,"7XXX  10th St N, OAKDALE",CITIZEN/PUBLIC ASSIST
OAKDALE POLICE DEPARTMENT,OAKDALE,6/14/2026 11:51:38 AM,OD26007229,"3XXX  Hayward Ave N, OAKDALE",NOISE COMPLAINT/DISTURBANCE
OAKDALE POLICE DEPARTMENT,OAKDALE,6/14/2026 12:02:12 PM,OD26007230,"6XXX  UPPER 35TH ST N, OAKDALE",WELFARE CHECK
OAKDALE POLICE DEPARTMENT,OAKDALE,6/14/2026 1:46:12 PM,OD26007233,"6XXX  15TH ST N, OAKDALE",ASSIST OTHER AGENCY
OAKDALE POLICE DEPARTMENT,OAKDALE,6/14/2026 3:22:50 PM,OD26007235,"6XXX  7TH ST N, OAKDALE",TRAFFIC STOP
OAKDALE POLICE DEPARTMENT,OAKDALE,6/14/2026 3:37:59 PM,OD26007238,"7XXX  32nd St N, OAKDALE",SHOPLIFTING
OAKDALE POLICE DEPARTMENT,OAKDALE,6/14/2026 3:38:05 PM,OD26007237,"2XXX  HADLEY AVE N, OAKDALE",WANTED PERSON-KOPS ALERT/ATL
OAKDALE POLICE DEPARTMENT,OAKDALE,6/14/2026 4:55:19 PM,OD26007241,"5XXX  HADLEY AVE N, OAKDALE",PARKING COMPLAINT
OAKDALE POLICE DEPARTMENT,OAKDALE,6/14/2026 5:02:25 PM,OD26007242,"1XXX  HADLEY AVE N, OAKDALE",NOISE COMPLAINT/DISTURBANCE
OAKDALE POLICE DEPARTMENT,OAKDALE,6/14/2026 5:10:28 PM,OD26007243,"XXX Glenbrook Ave N, OAKDALE",DISTURBANCE
OAKDALE POLICE DEPARTMENT,OAKDALE,6/14/2026 5:25:52 PM,OD26007245,"XXX GREENWAY AVE N, OAKDALE",DISTURBANCE
OAKDALE POLICE DEPARTMENT,OAKDALE,6/14/2026 7:57:56 PM,OD26007249,"7XXX  10th St N, OAKDALE",THREATS
OAKDALE POLICE DEPARTMENT,OAKDALE,6/14/2026 8:12:23 PM,OD26007250,"6XXX  26TH ST N, OAKDALE",MEDICAL
OAKDALE POLICE DEPARTMENT,OAKDALE,6/14/2026 9:47:11 PM,OD26007251,"6XXX  3RD ST N, OAKDALE",911 ABANDONED/HANGUP/OPEN LINE
OAKDALE POLICE DEPARTMENT,OAKDALE,6/15/2026 12:34:07 AM,OD26007252,"7XXX  10TH ST N, OAKDALE",SUSPICIOUS PERSON/ACTIVITY
OAKDALE POLICE DEPARTMENT,OAKDALE,6/15/2026 1:08:11 AM,OD26007253,"6XXX  Lower 56th St N, OAKDALE",911 ABANDONED/HANGUP/OPEN LINE
OAKDALE POLICE DEPARTMENT,OAKDALE,6/15/2026 3:38:59 AM,OD26007254,"6XXX  Hudson Blvd N, OAKDALE",ALARM-BUSINESS/RES/FIRE/MEDICAL/ETC
OAKDALE POLICE DEPARTMENT,OAKDALE,6/15/2026 4:45:18 AM,OD26007255,"7XXX  10TH ST N, OAKDALE",SUSPICIOUS PERSON/ACTIVITY
OAKDALE POLICE DEPARTMENT,OAKDALE,6/15/2026 8:17:40 AM,OD26007257,"6XXX  Hudson Blvd N, OAKDALE",MEDICAL
OAKDALE POLICE DEPARTMENT,OAKDALE,6/15/2026 8:30:15 AM,OD26007258,"XXX GREENWAY AVE N, OAKDALE",PARKING COMPLAINT
OAKDALE POLICE DEPARTMENT,OAKDALE,6/15/2026 8:56:24 AM,OD26007259,"2XXX  GRANADA AVE N, OAKDALE",911 ABANDONED/HANGUP/OPEN LINE
OAKDALE POLICE DEPARTMENT,OAKDALE,6/15/2026 9:28:54 AM,OD26007260,"XXX Henslow Ave N, OAKDALE",WELFARE CHECK
OAKDALE POLICE DEPARTMENT,OAKDALE,6/15/2026 9:57:58 AM,OD26007261,"6XXX  Hudson Blvd N, OAKDALE",FOLLOW UP
OAKDALE POLICE DEPARTMENT,OAKDALE,6/15/2026 10:12:12 AM,OD26007262,"XXX GENEVA AVE N, OAKDALE",911 ABANDONED/HANGUP/OPEN LINE
OAKDALE POLICE DEPARTMENT,OAKDALE,6/15/2026 10:55:11 AM,OD26007264,"2XXX  HILLVALE CT N, OAKDALE",CITIZEN/PUBLIC ASSIST
OAKDALE POLICE DEPARTMENT,OAKDALE,6/15/2026 11:41:37 AM,OD26007265,"7XXX  40TH ST N, OAKDALE",WELFARE CHECK
OAKDALE POLICE DEPARTMENT,OAKDALE,6/15/2026 11:42:37 AM,OD26007266,"2XXX  Henslow Ave N, OAKDALE",CHECK SMOKE / GAS SMELL
OAKDALE POLICE DEPARTMENT,OAKDALE,6/15/2026 11:47:45 AM,OD26007267,"1XXX  Glenbrook Ave N, OAKDALE",DISTURBANCE
OAKDALE POLICE DEPARTMENT,OAKDALE,6/15/2026 11:56:31 AM,OD26007270,"1XXX  Helena Ct N, OAKDALE",PROPERTY DAMAGE
OAKDALE POLICE DEPARTMENT,OAKDALE,6/15/2026 11:58:12 AM,OD26007271,"7XXX  10TH ST N, OAKDALE",SUSPICIOUS PERSON/ACTIVITY
OAKDALE POLICE DEPARTMENT,OAKDALE,6/15/2026 12:15:16 PM,OD26007273,"4XXX  Geneva Ave N, OAKDALE",ALARM-BUSINESS/RES/FIRE/MEDICAL/ETC
OAKDALE POLICE DEPARTMENT,OAKDALE,6/15/2026 12:17:36 PM,OD26007274,"6XXX  6th St N, OAKDALE",FRAUD/SCAM
OAKDALE POLICE DEPARTMENT,OAKDALE,6/15/2026 1:03:05 PM,OD26007275,"1XXX  GRANADA CIR N, OAKDALE",ACCIDENT
OAKDALE POLICE DEPARTMENT,OAKDALE,6/15/2026 2:41:14 PM,OD26007277,"6XXX  Upper 51st St N, OAKDALE",ANIMAL COMPLAINT
OAKDALE POLICE DEPARTMENT,OAKDALE,6/15/2026 2:42:51 PM,OD26007278,"7XXX  40TH ST N, OAKDALE",CIVIL MATTER/DISPUTE
OAKDALE POLICE DEPARTMENT,OAKDALE,6/15/2026 3:27:03 PM,OD26007279,"7XXX  10TH ST N, OAKDALE",ORDINANCE VIOLATION
OAKDALE POLICE DEPARTMENT,OAKDALE,6/15/2026 3:39:36 PM,OD26007280,"6XXX  40th St N, OAKDALE",WELFARE CHECK
OAKDALE POLICE DEPARTMENT,OAKDALE,6/15/2026 3:47:04 PM,OD26007281,"3XXX  Gershwin Ave N, OAKDALE",MEDICAL
OAKDALE POLICE DEPARTMENT,OAKDALE,6/15/2026 4:27:42 PM,OD26007283,"6XXX  40TH ST N, OAKDALE",WELFARE CHECK
OAKDALE POLICE DEPARTMENT,OAKDALE,6/15/2026 4:36:00 PM,OD26007285,"6XXX  15TH ST N, OAKDALE",OFFICER INFORMATION
OAKDALE POLICE DEPARTMENT,OAKDALE,6/15/2026 4:37:26 PM,OD26007284,"XXX HADLEY AVE N, OAKDALE",CITIZEN/PUBLIC ASSIST
OAKDALE POLICE DEPARTMENT,OAKDALE,6/15/2026 5:50:17 PM,OD26007287,"10TH ST N, OAKDALE",DRIVING COMPLAINT
OAKDALE POLICE DEPARTMENT,OAKDALE,6/15/2026 5:51:32 PM,OD26007288,"7XXX  10TH ST N, OAKDALE",ALARM-BUSINESS/RES/FIRE/MEDICAL/ETC
OAKDALE POLICE DEPARTMENT,OAKDALE,6/15/2026 7:13:01 PM,OD26007290,"1XXX  GRANITE AVE N, OAKDALE",MEDICAL
OAKDALE POLICE DEPARTMENT,OAKDALE,6/15/2026 8:15:49 PM,OD26007293,"1XXX  Granada Ave N, OAKDALE",PROPERTY DAMAGE
OAKDALE POLICE DEPARTMENT,OAKDALE,6/15/2026 8:16:42 PM,OD26007292,"10th St N / Hadley Ave N, OAKDALE",OFFICER INFORMATION
OAKDALE POLICE DEPARTMENT,OAKDALE,6/15/2026 9:37:17 PM,OD26007294,"4XXX  HELMO AVE N, OAKDALE",TRAFFIC STOP
OAKDALE POLICE DEPARTMENT,OAKDALE,6/15/2026 10:10:07 PM,OD26007295,"1XXX  Geneva Ave N, OAKDALE",DISTURBANCE
OAKDALE POLICE DEPARTMENT,OAKDALE,6/15/2026 11:05:35 PM,OD26007298,"HWY 36 EB AT HWY 120, OAKDALE",DWI
OAKDALE POLICE DEPARTMENT,OAKDALE,6/16/2026 12:00:02 AM,OD26007299,"XXX GENEVA AVE N, OAKDALE",TRAFFIC STOP
OAKDALE POLICE DEPARTMENT,OAKDALE,6/16/2026 12:00:59 AM,OD26007301,"7XXX  10TH ST N, OAKDALE",ALARM-BUSINESS/RES/FIRE/MEDICAL/ETC
OAKDALE POLICE DEPARTMENT,OAKDALE,6/16/2026 12:01:51 AM,OD26007300,"10TH ST N / GREENWAY AVE N, OAKDALE",TRAFFIC STOP
OAKDALE POLICE DEPARTMENT,OAKDALE,6/16/2026 12:06:50 AM,OD26007302,"6XXX  9th St N, OAKDALE",SUSPICIOUS PERSON/ACTIVITY
OAKDALE POLICE DEPARTMENT,OAKDALE,6/16/2026 12:28:44 AM,OD26007303,"XXX GENEVA AVE N, OAKDALE",SUSPICIOUS PERSON/ACTIVITY
OAKDALE POLICE DEPARTMENT,OAKDALE,6/16/2026 1:03:00 AM,OD26007304,"10TH ST N / GENEVA AVE N, OAKDALE",TRAFFIC STOP
OAKDALE POLICE DEPARTMENT,OAKDALE,6/16/2026 1:08:00 AM,OD26007305,"7XXX  55TH ST N, OAKDALE",SUSPICIOUS PERSON/ACTIVITY
OAKDALE POLICE DEPARTMENT,OAKDALE,6/16/2026 1:28:42 AM,OD26007307,"8XXX  4th St N, OAKDALE",MEDICAL
OAKDALE POLICE DEPARTMENT,OAKDALE,6/16/2026 1:56:20 AM,OD26007308,"3XXX  HADLEY AVE N, OAKDALE",TRAFFIC STOP
OAKDALE POLICE DEPARTMENT,OAKDALE,6/16/2026 3:16:35 AM,OD26007309,"3XXX  HADLEY AVE N, OAKDALE",JUVENILE COMPLAINT
OAKDALE POLICE DEPARTMENT,OAKDALE,6/16/2026 6:36:40 AM,OD26007310,"XXX Geneva Ave N, OAKDALE",CITIZEN/PUBLIC ASSIST
OAKDALE POLICE DEPARTMENT,OAKDALE,6/16/2026 7:16:14 AM,OD26007311,"2XXX  HAMLET AVE N, OAKDALE",CHECK SMOKE / GAS SMELL
OAKDALE POLICE DEPARTMENT,OAKDALE,6/16/2026 8:00:35 AM,OD26007313,"1XXX  Greystone Ave N, OAKDALE",FOUND PROPERTY/ITEM
OAKDALE POLICE DEPARTMENT,OAKDALE,6/16/2026 9:51:09 AM,OD26007316,"7XXX  10th St N, OAKDALE",911 ABANDONED/HANGUP/OPEN LINE
OAKDALE POLICE DEPARTMENT,OAKDALE,6/16/2026 10:13:57 AM,OD26007317,"3XXX  HADLEY AVE N, OAKDALE",SHOPLIFTING
OAKDALE POLICE DEPARTMENT,OAKDALE,6/16/2026 10:18:32 AM,OD26007318,"XXX Inwood Ave N, OAKDALE",LOST PROPERTY/ITEM
OAKDALE POLICE DEPARTMENT,OAKDALE,6/16/2026 10:49:27 AM,OD26007319,"6XXX  53rd St N, OAKDALE",FRAUD/SCAM
OAKDALE POLICE DEPARTMENT,OAKDALE,6/16/2026 10:59:46 AM,OD26007320,"6XXX  43RD ST N, OAKDALE",911 ABANDONED/HANGUP/OPEN LINE
OAKDALE POLICE DEPARTMENT,OAKDALE,6/16/2026 11:12:23 AM,OD26007321,"7XXX  Stillwater Blvd N, OAKDALE",ALARM-BUSINESS/RES/FIRE/MEDICAL/ETC
OAKDALE POLICE DEPARTMENT,OAKDALE,6/16/2026 11:20:53 AM,OD26007322,"6XXX  23rd St N, OAKDALE",FOUND PROPERTY/ITEM
OAKDALE POLICE DEPARTMENT,OAKDALE,6/16/2026 11:53:22 AM,OD26007325,"6XXX  15TH ST N, OAKDALE",CITIZEN/PUBLIC ASSIST
OAKDALE POLICE DEPARTMENT,OAKDALE,6/16/2026 12:40:05 PM,OD26007326,"6XXX  40th St N, OAKDALE",CITIZEN/PUBLIC ASSIST
OAKDALE POLICE DEPARTMENT,OAKDALE,6/16/2026 12:40:19 PM,OD26007327,"7XXX  32ND ST N, OAKDALE",ASSIST OTHER AGENCY
OAKDALE POLICE DEPARTMENT,OAKDALE,6/16/2026 12:46:19 PM,OD26007328,"Unknown, OAKDALE",FOLLOW UP
OAKDALE POLICE DEPARTMENT,OAKDALE,6/16/2026 12:48:01 PM,OD26007329,"6XXX  10TH ST N, OAKDALE",SUICIDE ATTEMPT/THREATS OF
OAKDALE POLICE DEPARTMENT,OAKDALE,6/16/2026 1:19:35 PM,OD26007331,"6XXX  15TH ST N, OAKDALE",HARASSMENT
OAKDALE POLICE DEPARTMENT,OAKDALE,6/16/2026 1:20:28 PM,OD26007330,"XXX Hale Ave N, OAKDALE",UNWANTED PERSON/VEHICLE
OAKDALE POLICE DEPARTMENT,OAKDALE,6/16/2026 1:34:39 PM,OD26007332,"15TH ST N / HADLEY AVE N, OAKDALE",ACCIDENT
OAKDALE POLICE DEPARTMENT,OAKDALE,6/16/2026 2:12:54 PM,OD26007335,"5XXX  Hadley Ave N, OAKDALE",ACCIDENT
OAKDALE POLICE DEPARTMENT,OAKDALE,6/16/2026 2:41:18 PM,OD26007336,"I694 Sb Jno I94, OAKDALE",ASSIST OTHER AGENCY
OAKDALE POLICE DEPARTMENT,OAKDALE,6/16/2026 3:16:45 PM,OD26007339,"Hwy 36 Wb At Hwy 120, OAKDALE",ASSIST OTHER AGENCY
OAKDALE POLICE DEPARTMENT,OAKDALE,6/16/2026 3:29:45 PM,OD26007342,"1XXX  HELMO AVE N, OAKDALE",MEDICAL
OAKDALE POLICE DEPARTMENT,OAKDALE,6/16/2026 3:32:37 PM,OD26007343,"1XXX  GRANADA AVE N, OAKDALE",MEDICAL
OAKDALE POLICE DEPARTMENT,OAKDALE,6/16/2026 3:55:00 PM,OD26007344,"15th St N / Geneva Ave N, OAKDALE",TRAFFIC STOP
OAKDALE POLICE DEPARTMENT,OAKDALE,6/16/2026 4:03:32 PM,OD26007345,"7XXX  10TH ST N, OAKDALE",ALARM-BUSINESS/RES/FIRE/MEDICAL/ETC
OAKDALE POLICE DEPARTMENT,OAKDALE,6/16/2026 4:13:33 PM,OD26007346,"7XXX  5th St N, OAKDALE",FRAUD/SCAM
OAKDALE POLICE DEPARTMENT,OAKDALE,6/16/2026 7:44:23 PM,OD26007350,"XXX GREENWAY AVE N, OAKDALE",CIVIL MATTER/DISPUTE
OAKDALE POLICE DEPARTMENT,OAKDALE,6/16/2026 8:54:15 PM,OD26007351,"2XXX  HENSLOW CT N, OAKDALE",TRAFFIC COMPLAINT
OAKDALE POLICE DEPARTMENT,OAKDALE,6/16/2026 9:30:58 PM,OD26007353,"2XXX  Hemingway Ave N, OAKDALE",NOISE COMPLAINT/DISTURBANCE
OAKDALE POLICE DEPARTMENT,OAKDALE,6/16/2026 9:56:59 PM,OD26007354,"2XXX  HENSLOW CT N, OAKDALE",TRAFFIC COMPLAINT
OAKDALE POLICE DEPARTMENT,OAKDALE,6/16/2026 10:07:13 PM,OD26007356,"1XXX  Glenbrook Ave N, OAKDALE",MOTOR VEHICLE THEFT
OAKDALE POLICE DEPARTMENT,OAKDALE,6/16/2026 10:09:37 PM,OD26007355,"10th St N / Hadley Ave N, OAKDALE",WELFARE CHECK
OAKDALE POLICE DEPARTMENT,OAKDALE,6/16/2026 10:36:35 PM,OD26007357,"5XXX  HADLEY AVE N, OAKDALE",ALARM-BUSINESS/RES/FIRE/MEDICAL/ETC
OAKDALE POLICE DEPARTMENT,OAKDALE,6/16/2026 10:50:49 PM,OD26007358,"1XXX  Granada Ave N, OAKDALE",SUSPICIOUS PERSON/ACTIVITY
OAKDALE POLICE DEPARTMENT,OAKDALE,6/16/2026 11:04:00 PM,OD26007359,"7XXX  10TH ST N, OAKDALE",TRAFFIC STOP
OAKDALE POLICE DEPARTMENT,OAKDALE,6/16/2026 11:08:12 PM,OD26007360,"2XXX  GREYSTONE AVE N, OAKDALE",911 ABANDONED/HANGUP/OPEN LINE
OAKDALE POLICE DEPARTMENT,OAKDALE,6/16/2026 11:16:21 PM,OD26007362,"6XXX  UPPER 48TH ST N, OAKDALE",MISSING PERSON
OAKDALE POLICE DEPARTMENT,OAKDALE,6/16/2026 11:16:30 PM,OD26007361,"I694 WB TO CENTURY AVE N RAMP, OAKDALE",DWI
OAKDALE POLICE DEPARTMENT,OAKDALE,6/17/2026 3:14:35 AM,OD26007363,"2nd St N / Grafton Ave N, OAKDALE",SUSPICIOUS PERSON/ACTIVITY
OAKDALE POLICE DEPARTMENT,OAKDALE,6/17/2026 3:35:48 AM,OD26007364,"3XXX  Hadley Ave N, OAKDALE",WELFARE CHECK
OAKDALE POLICE DEPARTMENT,OAKDALE,6/17/2026 7:42:56 AM,OD26007366,"7XXX  15TH ST N, OAKDALE",FIRE
OAKDALE POLICE DEPARTMENT,OAKDALE,6/17/2026 10:28:32 AM,OD26007373,"Hilo Ave N / Hinton Trl N, OAKDALE",CITIZEN/PUBLIC ASSIST
OAKDALE POLICE DEPARTMENT,OAKDALE,6/17/2026 10:52:15 AM,OD26007375,"3XXX  Hadley Ave N, OAKDALE",ASSIST OTHER AGENCY
OAKDALE POLICE DEPARTMENT,OAKDALE,6/17/2026 11:16:16 AM,OD26007377,"6XXX  10th St N, OAKDALE",CITIZEN/PUBLIC ASSIST
OAKDALE POLICE DEPARTMENT,OAKDALE,6/17/2026 11:36:20 AM,OD26007378,"1XXX  Helmo Ave N, OAKDALE",ANIMAL COMPLAINT
OAKDALE POLICE DEPARTMENT,OAKDALE,6/17/2026 11:40:40 AM,OD26007379,"1XXX  Hadley Ave N, OAKDALE",FOLLOW UP
OAKDALE POLICE DEPARTMENT,OAKDALE,6/17/2026 11:57:09 AM,OD26007380,"6XXX  Upper 55th St N, OAKDALE",ANIMAL COMPLAINT
OAKDALE POLICE DEPARTMENT,OAKDALE,6/17/2026 12:00:04 PM,OD26007381,"7XXX  19TH ST N, OAKDALE",ALARM-BUSINESS/RES/FIRE/MEDICAL/ETC
OAKDALE POLICE DEPARTMENT,OAKDALE,6/17/2026 1:37:22 PM,OD26007384,"5XXX  Hadley Ave N, OAKDALE",FOUND PROPERTY/ITEM
OAKDALE POLICE DEPARTMENT,OAKDALE,6/17/2026 3:03:25 PM,OD26007390,"7XXX  9TH ST N, OAKDALE",CIVIL MATTER/DISPUTE
OAKDALE POLICE DEPARTMENT,OAKDALE,6/17/2026 3:19:55 PM,OD26007392,"1XXX  HELMO AVE N, OAKDALE",ACCIDENT
OAKDALE POLICE DEPARTMENT,OAKDALE,6/17/2026 4:08:45 PM,OD26007395,"3XXX  High Point Dr N, OAKDALE",WELFARE CHECK
OAKDALE POLICE DEPARTMENT,OAKDALE,6/17/2026 4:16:04 PM,OD26007396,"6XXX  15TH ST N, OAKDALE",CITIZEN/PUBLIC ASSIST
OAKDALE POLICE DEPARTMENT,OAKDALE,6/17/2026 4:21:07 PM,OD26007397,"7XXX  13TH ST N, OAKDALE",BURGLARY
OAKDALE POLICE DEPARTMENT,OAKDALE,6/17/2026 4:30:45 PM,OD26007398,"3XXX  GROVNER RD N, OAKDALE",DISTURBANCE
OAKDALE POLICE DEPARTMENT,OAKDALE,6/17/2026 4:51:29 PM,OD26007400,"1XXX  GENTRY AVE N, OAKDALE",ALARM-BUSINESS/RES/FIRE/MEDICAL/ETC
OAKDALE POLICE DEPARTMENT,OAKDALE,6/17/2026 5:15:30 PM,OD26007401,"6XXX  15TH ST N, OAKDALE",FOLLOW UP
OAKDALE POLICE DEPARTMENT,OAKDALE,6/17/2026 5:28:29 PM,OD26007403,"8XXX  4TH ST N, OAKDALE",ROAD HAZARD
OAKDALE POLICE DEPARTMENT,OAKDALE,6/17/2026 7:04:08 PM,OD26007408,"7XXX  10TH ST N, OAKDALE",MEDICAL
OAKDALE POLICE DEPARTMENT,OAKDALE,6/17/2026 8:42:55 PM,OD26007411,"1XXX  GOODWIN AVE N, OAKDALE",DISTURBANCE
OAKDALE POLICE DEPARTMENT,OAKDALE,6/17/2026 8:45:09 PM,OD26007412,"XXX GRESHAM AVE N, OAKDALE",CIVIL MATTER/DISPUTE
OAKDALE POLICE DEPARTMENT,OAKDALE,6/17/2026 8:57:51 PM,OD26007413,"XXX Inwood Ave N, OAKDALE",911 ABANDONED/HANGUP/OPEN LINE
OAKDALE POLICE DEPARTMENT,OAKDALE,6/17/2026 9:25:04 PM,OD26007415,"6XXX  UPPER 13TH ST N, OAKDALE",FOLLOW UP
OAKDALE POLICE DEPARTMENT,OAKDALE,6/17/2026 10:13:17 PM,OD26007416,"7XXX  29th St N, OAKDALE",911 ABANDONED/HANGUP/OPEN LINE
OAKDALE POLICE DEPARTMENT,OAKDALE,6/17/2026 10:40:46 PM,OD26007417,"8XXX  Hudson Blvd N, OAKDALE",SUSPICIOUS PERSON/ACTIVITY
OAKDALE POLICE DEPARTMENT,OAKDALE,6/17/2026 11:15:00 PM,OD26007418,"XXX GENEVA AVE N, OAKDALE",TRAFFIC STOP
OAKDALE POLICE DEPARTMENT,OAKDALE,6/17/2026 11:34:21 PM,OD26007419,"6XXX  7TH ST N, OAKDALE",TRAFFIC STOP
OAKDALE POLICE DEPARTMENT,OAKDALE,6/18/2026 12:06:47 AM,OD26007420,"GENEVA AVE N / HADLEY AVE N, OAKDALE",SUSPICIOUS PERSON/ACTIVITY
OAKDALE POLICE DEPARTMENT,OAKDALE,6/18/2026 12:10:44 AM,OD26007421,"1XXX  GENEVA AVE N, OAKDALE",TRAFFIC STOP
OAKDALE POLICE DEPARTMENT,OAKDALE,6/18/2026 12:23:08 AM,OD26007422,"1XXX  GENTRY AVE, OAKDALE",DWI
OAKDALE POLICE DEPARTMENT,OAKDALE,6/18/2026 12:31:50 AM,OD26007423,"XXX GENEVA AVE N, OAKDALE",TRAFFIC STOP
OAKDALE POLICE DEPARTMENT,OAKDALE,6/18/2026 12:32:21 AM,OD26007424,"3XXX  GENEVA AVE N, OAKDALE",TRAFFIC STOP
OAKDALE POLICE DEPARTMENT,OAKDALE,6/18/2026 12:43:05 AM,OD26007425,"GENEVA AVE N & 4TH ST N, OAKDALE",TRAFFIC STOP
OAKDALE POLICE DEPARTMENT,OAKDALE,6/18/2026 1:15:10 AM,OD26007427,"15TH ST N & GENEVA AVE N, OAKDALE",TRAFFIC STOP
OAKDALE POLICE DEPARTMENT,OAKDALE,6/18/2026 1:54:44 AM,OD26007428,"XXX HOLLY LN N, OAKDALE",MEDICAL
OAKDALE POLICE DEPARTMENT,OAKDALE,6/18/2026 3:18:00 AM,OD26007429,"10th St N / Hadley Ave N, OAKDALE",DRUGS
OAKDALE POLICE DEPARTMENT,OAKDALE,6/18/2026 3:48:54 AM,OD26007430,"2XXX  Helena Rd N, OAKDALE",ALARM-BUSINESS/RES/FIRE/MEDICAL/ETC
OAKDALE POLICE DEPARTMENT,OAKDALE,6/18/2026 8:04:14 AM,OD26007431,"XXX HELMO AVE N, OAKDALE",WELFARE CHECK
OAKDALE POLICE DEPARTMENT,OAKDALE,6/18/2026 8:23:30 AM,OD26007432,"1XXX  Helena Rd N, OAKDALE",911 ABANDONED/HANGUP/OPEN LINE
OAKDALE POLICE DEPARTMENT,OAKDALE,6/18/2026 8:29:02 AM,OD26007433,"6XXX  15TH ST N, OAKDALE",CITIZEN/PUBLIC ASSIST
OAKDALE POLICE DEPARTMENT,OAKDALE,6/18/2026 8:42:43 AM,OD26007434,"6XXX  29TH ST N, OAKDALE",ANIMAL COMPLAINT
OAKDALE POLICE DEPARTMENT,OAKDALE,6/18/2026 8:58:30 AM,OD26007435,"7XXX  36th St N, OAKDALE",MEDICAL
OAKDALE POLICE DEPARTMENT,OAKDALE,6/18/2026 10:19:25 AM,OD26007441,"2XXX  HAMLET AVE N, OAKDALE",NOISE COMPLAINT/DISTURBANCE
OAKDALE POLICE DEPARTMENT,OAKDALE,6/18/2026 10:21:07 AM,OD26007442,"1XXX  GRANADA AVE N, OAKDALE",DISTURBANCE
OAKDALE POLICE DEPARTMENT,OAKDALE,6/18/2026 10:37:05 AM,OD26007443,"2XXX  HYDRAM AVE N, OAKDALE",CIVIL MATTER/DISPUTE
OAKDALE POLICE DEPARTMENT,OAKDALE,6/18/2026 10:40:37 AM,OD26007444,"3XXX  Gershwin Ave N, OAKDALE",CITIZEN/PUBLIC ASSIST
OAKDALE POLICE DEPARTMENT,OAKDALE,6/18/2026 10:47:43 AM,OD26007445,"1XXX  Helmo Ave N, OAKDALE",ANIMAL COMPLAINT
OAKDALE POLICE DEPARTMENT,OAKDALE,6/18/2026 11:55:17 AM,OD26007448,"1XXX  GLENBROOK AVE N, OAKDALE",WELFARE CHECK
OAKDALE POLICE DEPARTMENT,OAKDALE,6/18/2026 12:48:16 PM,OD26007450,"6XXX  15TH ST N, OAKDALE",FOLLOW UP
OAKDALE POLICE DEPARTMENT,OAKDALE,6/18/2026 1:49:45 PM,OD26007452,"7XXX  10th St N, OAKDALE",SHOPLIFTING
OAKDALE POLICE DEPARTMENT,OAKDALE,6/18/2026 2:31:21 PM,OD26007456,"Unknown, OAKDALE",ANIMAL COMPLAINT
OAKDALE POLICE DEPARTMENT,OAKDALE,6/18/2026 2:31:49 PM,OD26007455,"6XXX  UPPER 23RD ST N, OAKDALE",MEDICAL
OAKDALE POLICE DEPARTMENT,OAKDALE,6/18/2026 3:03:37 PM,OD26007459,"7XXX  Upper 26th St N, OAKDALE",ALARM-BUSINESS/RES/FIRE/MEDICAL/ETC
OAKDALE POLICE DEPARTMENT,OAKDALE,6/18/2026 3:19:41 PM,OD26007460,"4XXX  GENEVA AVE N, OAKDALE",WELFARE CHECK
OAKDALE POLICE DEPARTMENT,OAKDALE,6/18/2026 4:17:59 PM,OD26007461,"7XXX  11th St N, OAKDALE",MEDICAL
OAKDALE POLICE DEPARTMENT,OAKDALE,6/18/2026 4:23:44 PM,OD26007466,"6XXX  5TH ST N, OAKDALE",CIVIL MATTER/DISPUTE
OAKDALE POLICE DEPARTMENT,OAKDALE,6/18/2026 4:40:56 PM,OD26007464,"6XXX  HUDSON BLVD N, OAKDALE",MEDICAL
OAKDALE POLICE DEPARTMENT,OAKDALE,6/18/2026 7:13:32 PM,OD26007470,"4XXX  GERSHWIN AVE N, OAKDALE",BURNING COMPLAINT
OAKDALE POLICE DEPARTMENT,OAKDALE,6/18/2026 7:22:00 PM,OD26007471,"6XXX  45th St N, OAKDALE",TRAFFIC COMPLAINT
OAKDALE POLICE DEPARTMENT,OAKDALE,6/18/2026 7:43:48 PM,OD26007472,"1XXX  HADLEY AVE N, OAKDALE",FOUND PROPERTY/ITEM
OAKDALE POLICE DEPARTMENT,OAKDALE,6/18/2026 9:06:45 PM,OD26007473,"7XXX  28th St N, OAKDALE",CITIZEN/PUBLIC ASSIST
OAKDALE POLICE DEPARTMENT,OAKDALE,6/18/2026 9:50:35 PM,OD26007475,"34TH ST N / I694, OAKDALE",CITIZEN/PUBLIC ASSIST
OAKDALE POLICE DEPARTMENT,OAKDALE,6/18/2026 10:44:03 PM,OD26007476,"6XXX  UPPER 55TH ST N, OAKDALE",ANIMAL COMPLAINT
OAKDALE POLICE DEPARTMENT,OAKDALE,6/18/2026 11:39:18 PM,OD26007478,"6XXX  12TH ST N, OAKDALE",SUSPICIOUS PERSON/ACTIVITY
OAKDALE POLICE DEPARTMENT,OAKDALE,6/19/2026 12:20:00 AM,OD26007479,"5XXX  Hadley Ave N, OAKDALE",ACCIDENT
OAKDALE POLICE DEPARTMENT,OAKDALE,6/19/2026 1:38:39 AM,OD26007481,"3XXX  GARDEN BLVD N, OAKDALE",MEDICAL
OAKDALE POLICE DEPARTMENT,OAKDALE,6/19/2026 3:41:36 AM,OD26007483,"34TH ST N WB AT I694, OAKDALE",ACCIDENT
OAKDALE POLICE DEPARTMENT,OAKDALE,6/19/2026 4:29:26 AM,OD26007484,"4XXX  Grenwich Trl N, OAKDALE",DISTURBANCE
OAKDALE POLICE DEPARTMENT,OAKDALE,6/19/2026 4:37:34 AM,OD26007485,"4XXX  Granada Ave N, OAKDALE",DISTURBANCE
OAKDALE POLICE DEPARTMENT,OAKDALE,6/19/2026 6:48:57 AM,OD26007487,"6XXX  31st St N, OAKDALE",NOISE COMPLAINT/DISTURBANCE
OAKDALE POLICE DEPARTMENT,OAKDALE,6/19/2026 7:10:43 AM,OD26007488,"1XXX  Glenbrook Ave N, OAKDALE",DISTURBANCE
OAKDALE POLICE DEPARTMENT,OAKDALE,6/19/2026 9:30:00 AM,OD26007491,"1XXX  HADLEY AVE N, OAKDALE",FOLLOW UP
OAKDALE POLICE DEPARTMENT,OAKDALE,6/19/2026 9:43:55 AM,OD26007493,"1XXX  HADLEY AVE N, OAKDALE",CIVIL MATTER/DISPUTE
OAKDALE POLICE DEPARTMENT,OAKDALE,6/19/2026 10:08:22 AM,OD26007494,"Helmo Ave N / Upper 17th St N, OAKDALE",DISTURBANCE
OAKDALE POLICE DEPARTMENT,OAKDALE,6/19/2026 10:21:10 AM,OD26007495,"2XXX  Grenadier Ave N, OAKDALE",WELFARE CHECK
OAKDALE POLICE DEPARTMENT,OAKDALE,6/19/2026 11:21:06 AM,OD26007497,"8XXX  4th St N, OAKDALE",FIRE
OAKDALE POLICE DEPARTMENT,OAKDALE,6/19/2026 11:37:15 AM,OD26007498,"7XXX  32ND ST N, OAKDALE",SHOPLIFTING
OAKDALE POLICE DEPARTMENT,OAKDALE,6/19/2026 12:29:51 PM,OD26007499,"1XXX  Helmo Ave N, OAKDALE",OFFICER INFORMATION
OAKDALE POLICE DEPARTMENT,OAKDALE,6/19/2026 1:23:04 PM,OD26007500,"7XXX  Stillwater Way N, OAKDALE",DISORDERLY CONDUCT
OAKDALE POLICE DEPARTMENT,OAKDALE,6/19/2026 1:47:13 PM,OD26007501,"6XXX  15TH ST N, OAKDALE",FRAUD/SCAM
OAKDALE POLICE DEPARTMENT,OAKDALE,6/19/2026 2:33:54 PM,OD26007503,"4XXX  GENEVA AVE N, OAKDALE",CIVIL MATTER/DISPUTE
OAKDALE POLICE DEPARTMENT,OAKDALE,6/19/2026 3:58:37 PM,OD26007506,"1XXX  Hadley Ave N, OAKDALE",911 ABANDONED/HANGUP/OPEN LINE
OAKDALE POLICE DEPARTMENT,OAKDALE,6/19/2026 4:12:49 PM,OD26007507,"Henslow Ave N / 3rd St N, OAKDALE",CIVIL MATTER/DISPUTE
OAKDALE POLICE DEPARTMENT,OAKDALE,6/19/2026 4:54:10 PM,OD26007508,"1XXX  HADLEY AVE N, OAKDALE",FOLLOW UP
OAKDALE POLICE DEPARTMENT,OAKDALE,6/19/2026 5:51:29 PM,OD26007509,"7XXX  9TH ST N, OAKDALE",ALARM-BUSINESS/RES/FIRE/MEDICAL/ETC
OAKDALE POLICE DEPARTMENT,OAKDALE,6/19/2026 5:51:33 PM,OD26007511,"XXX Heron Ave N, OAKDALE",ALARM-BUSINESS/RES/FIRE/MEDICAL/ETC
OAKDALE POLICE DEPARTMENT,OAKDALE,6/19/2026 7:07:32 PM,OD26007512,"1XXX  Helena Rd N, OAKDALE",SUSPICIOUS PERSON/ACTIVITY
OAKDALE POLICE DEPARTMENT,OAKDALE,6/19/2026 8:07:44 PM,OD26007514,"1XXX  GRESHAM AVE N, OAKDALE",ASSIST OTHER AGENCY
OAKDALE POLICE DEPARTMENT,OAKDALE,6/19/2026 9:43:20 PM,OD26007517,"XXX HELMO AVE N, OAKDALE",TRAFFIC STOP
OAKDALE POLICE DEPARTMENT,OAKDALE,6/19/2026 9:46:04 PM,OD26007518,"4XXX  GERSHWIN AVE N, OAKDALE",NOISE COMPLAINT/DISTURBANCE
OAKDALE POLICE DEPARTMENT,OAKDALE,6/19/2026 9:59:17 PM,OD26007519,"1XXX  GENEVA AVE N, OAKDALE",TRAFFIC STOP
OAKDALE POLICE DEPARTMENT,OAKDALE,6/19/2026 10:45:38 PM,OD26007521,"1XXX  Hadley Ave N, OAKDALE",SUSPICIOUS PERSON/ACTIVITY
OAKDALE POLICE DEPARTMENT,OAKDALE,6/19/2026 11:03:52 PM,OD26007524,"1XXX  GRANITE AVE N, OAKDALE",VEHICLE TAMPERING
OAKDALE POLICE DEPARTMENT,OAKDALE,6/19/2026 11:42:36 PM,OD26007527,"1XXX  HILO AVE N, OAKDALE",THREATS
OAKDALE POLICE DEPARTMENT,OAKDALE,6/20/2026 12:29:23 AM,OD26007530,"7XXX  29th St N, OAKDALE",911 ABANDONED/HANGUP/OPEN LINE
OAKDALE POLICE DEPARTMENT,OAKDALE,6/20/2026 12:31:58 AM,OD26007529,"1XXX  GRANADA AVE N, OAKDALE",HARASSMENT
OAKDALE POLICE DEPARTMENT,OAKDALE,6/20/2026 1:29:28 AM,OD26007532,"I694 / 10th St N, OAKDALE",TRAFFIC STOP
OAKDALE POLICE DEPARTMENT,OAKDALE,6/20/2026 1:32:39 AM,OD26007533,"3XXX  HADLEY AVE N, OAKDALE",FLEEING
OAKDALE POLICE DEPARTMENT,OAKDALE,6/20/2026 2:04:42 AM,OD26007534,"1XXX  GRANADA AVE N, OAKDALE",RUNAWAY
OAKDALE POLICE DEPARTMENT,OAKDALE,6/20/2026 5:09:52 AM,OD26007536,"6XXX  47TH ST N, OAKDALE",DEATH
OAKDALE POLICE DEPARTMENT,OAKDALE,6/20/2026 8:14:39 AM,OD26007538,"XXX Greenway Ave N, OAKDALE",CITIZEN/PUBLIC ASSIST
OAKDALE POLICE DEPARTMENT,OAKDALE,6/20/2026 9:25:40 AM,OD26007539,"2XXX  HALLMARK AVE N, OAKDALE",MEDICAL
OAKDALE POLICE DEPARTMENT,OAKDALE,6/20/2026 10:30:46 AM,OD26007541,"1XXX  Greystone Ave N, OAKDALE",911 ABANDONED/HANGUP/OPEN LINE
OAKDALE POLICE DEPARTMENT,OAKDALE,6/20/2026 11:40:49 AM,OD26007542,"4XXX  Grenwich Trl N, OAKDALE",ANIMAL COMPLAINT
OAKDALE POLICE DEPARTMENT,OAKDALE,6/20/2026 1:12:16 PM,OD26007543,"1XXX  HERON LN N, OAKDALE",ANIMAL COMPLAINT
OAKDALE POLICE DEPARTMENT,OAKDALE,6/20/2026 2:38:44 PM,OD26007545,"6XXX  12TH ST N, OAKDALE",CITIZEN/PUBLIC ASSIST
OAKDALE POLICE DEPARTMENT,OAKDALE,6/20/2026 3:52:06 PM,OD26007547,"6XXX  7TH ST N, OAKDALE",ASSIST OTHER AGENCY
OAKDALE POLICE DEPARTMENT,OAKDALE,6/20/2026 5:01:31 PM,OD26007548,"6XXX  10th Street Ct N, OAKDALE",ALARM-BUSINESS/RES/FIRE/MEDICAL/ETC
OAKDALE POLICE DEPARTMENT,OAKDALE,6/20/2026 5:05:27 PM,OD26007549,"3XXX  High Point Dr N, OAKDALE",WARRANT ARREST
OAKDALE POLICE DEPARTMENT,OAKDALE,6/20/2026 5:10:35 PM,OD26007550,"XXX GRANADA AVE N, OAKDALE",FOLLOW UP
OAKDALE POLICE DEPARTMENT,OAKDALE,6/20/2026 5:11:43 PM,OD26007551,"4XXX  Heather Ridge Rd N, OAKDALE",MEDICAL
OAKDALE POLICE DEPARTMENT,OAKDALE,6/20/2026 5:26:08 PM,OD26007554,"1XXX  HADLEY AVE N, OAKDALE",WELFARE CHECK
OAKDALE POLICE DEPARTMENT,OAKDALE,6/20/2026 5:49:09 PM,OD26007555,"1XXX  Hadley Ave N, OAKDALE",MEDICAL
OAKDALE POLICE DEPARTMENT,OAKDALE,6/20/2026 5:51:06 PM,OD26007556,"1XXX  GRANADA AVE N, OAKDALE",WELFARE CHECK
OAKDALE POLICE DEPARTMENT,OAKDALE,6/20/2026 5:54:46 PM,OD26007557,"8XXX  3RD ST N, OAKDALE",SUSPICIOUS PERSON/ACTIVITY
OAKDALE POLICE DEPARTMENT,OAKDALE,6/20/2026 6:49:45 PM,OD26007558,"XXX INWOOD AVE N, OAKDALE",ALARM-BUSINESS/RES/FIRE/MEDICAL/ETC
OAKDALE POLICE DEPARTMENT,OAKDALE,6/20/2026 8:08:59 PM,OD26007560,"4XXX  Hamlet Way N, OAKDALE",FIREWORKS
OAKDALE POLICE DEPARTMENT,OAKDALE,6/20/2026 8:18:37 PM,OD26007561,"7XXX  10th St N, OAKDALE",ACCIDENT
OAKDALE POLICE DEPARTMENT,OAKDALE,6/20/2026 8:27:34 PM,OD26007562,"7XXX  36th St N, OAKDALE",MEDICAL
OAKDALE POLICE DEPARTMENT,OAKDALE,6/20/2026 10:08:04 PM,OD26007563,"7XXX  31ST ST N, OAKDALE",NOISE COMPLAINT/DISTURBANCE
OAKDALE POLICE DEPARTMENT,OAKDALE,6/20/2026 10:28:00 PM,OD26007564,"34TH ST N / HADLEY AVE N, OAKDALE",TRAFFIC STOP
OAKDALE POLICE DEPARTMENT,OAKDALE,6/20/2026 10:35:24 PM,OD26007566,"3XXX  Granada Way N, OAKDALE",NOISE COMPLAINT/DISTURBANCE
OAKDALE POLICE DEPARTMENT,OAKDALE,6/20/2026 10:53:23 PM,OD26007567,"2XXX  GENEVA AVE N, OAKDALE",TRAFFIC STOP
OAKDALE POLICE DEPARTMENT,OAKDALE,6/20/2026 11:05:22 PM,OD26007568,"2XXX  GENEVA AVE N, OAKDALE",TRAFFIC STOP
OAKDALE POLICE DEPARTMENT,OAKDALE,6/20/2026 11:08:44 PM,OD26007569,"1XXX  HADLEY AVE N, OAKDALE",PARK INCIDENT-CITY/COUNTY
OAKDALE POLICE DEPARTMENT,OAKDALE,6/20/2026 11:32:45 PM,OD26007571,"6XXX  15TH ST N, OAKDALE",TRAFFIC STOP
OAKDALE POLICE DEPARTMENT,OAKDALE,6/20/2026 11:55:54 PM,OD26007572,"I694 NB JNO HWY 36, OAKDALE",ASSIST OTHER AGENCY
OAKDALE POLICE DEPARTMENT,Saint Paul,6/18/2026 11:38:15 PM,OD26007477,"I94 & RUTH ST N, Saint Paul",ASSIST OTHER AGENCY
ST. PAUL PARK POLICE DEPARTMENT,NEWPORT,6/15/2026 3:32:52 PM,SP26004758,"HWY 61 SB TO 70TH ST S RAMP, NEWPORT",ASSIST OTHER AGENCY
ST. PAUL PARK POLICE DEPARTMENT,SAINT PAUL PARK,6/14/2026 9:09:45 AM,SP26004721,"Unknown, SAINT PAUL PARK",ASSIST OTHER AGENCY
ST. PAUL PARK POLICE DEPARTMENT,SAINT PAUL PARK,6/14/2026 2:01:46 PM,SP26004723,"1XXX  Marshall Ave, SAINT PAUL PARK",FOUND PROPERTY/ITEM
ST. PAUL PARK POLICE DEPARTMENT,SAINT PAUL PARK,6/14/2026 7:37:20 PM,SP26004728,"BROADWAY AVE & SUMMIT AVE, SAINT PAUL PARK",DRIVING AFTER REVOCATION
ST. PAUL PARK POLICE DEPARTMENT,SAINT PAUL PARK,6/15/2026 12:45:56 AM,SP26004739,"XXX HASTINGS AVE, SAINT PAUL PARK",Verbal Dispute
ST. PAUL PARK POLICE DEPARTMENT,SAINT PAUL PARK,6/15/2026 11:47:34 AM,SP26004756,"1XXX  LINCOLN AVE, SAINT PAUL PARK",ORDINANCE VIOLATION
ST. PAUL PARK POLICE DEPARTMENT,SAINT PAUL PARK,6/15/2026 1:56:19 PM,SP26004757,"61XXX -630 PORTLAND AVE, SAINT PAUL PARK",ORDINANCE VIOLATION
ST. PAUL PARK POLICE DEPARTMENT,SAINT PAUL PARK,6/16/2026 10:41:39 AM,SP26004791,"Unknown, SAINT PAUL PARK",ASSIST OTHER AGENCY
ST. PAUL PARK POLICE DEPARTMENT,SAINT PAUL PARK,6/17/2026 12:26:14 PM,SP26004819,"1XXX  2ND ST, SAINT PAUL PARK",ORDINANCE VIOLATION
ST. PAUL PARK POLICE DEPARTMENT,SAINT PAUL PARK,6/17/2026 12:34:23 PM,SP26004820,"XXX 2ND ST, SAINT PAUL PARK",ORDINANCE VIOLATION
ST. PAUL PARK POLICE DEPARTMENT,SAINT PAUL PARK,6/19/2026 3:29:36 AM,SP26004856,"XXX Pullman Ave, SAINT PAUL PARK",RUNAWAY
ST. PAUL PARK POLICE DEPARTMENT,SAINT PAUL PARK,6/20/2026 12:43:49 AM,SP26004890,"XXX Hastings Ave, SAINT PAUL PARK",FOUND PROPERTY/ITEM
ST. PAUL PARK POLICE DEPARTMENT,SAINT PAUL PARK,6/20/2026 10:21:49 PM,SP26004912,"1XXX  4th St , SAINT PAUL PARK",CITIZEN/PUBLIC ASSIST
STILLWATER POLICE DEPARTMENT,OAK PARK HEIGHTS,6/14/2026 11:56:47 AM,SW26005214,"5XXX  Peller Ave N, OAK PARK HEIGHTS",ASSIST OTHER AGENCY
STILLWATER POLICE DEPARTMENT,OAK PARK HEIGHTS,6/18/2026 10:41:00 PM,SW26005370,"HWY 95 TO HWY 36 WB RAMP, OAK PARK HEIGHTS",TRAFFIC STOP
STILLWATER POLICE DEPARTMENT,STILLWATER,6/14/2026 12:05:00 AM,SW26005200,"XXX - 128 MAIN ST N, STILLWATER",TRAFFIC STOP
STILLWATER POLICE DEPARTMENT,STILLWATER,6/14/2026 12:22:35 AM,SW26005201,"XXX 2ND ST N, STILLWATER",NOISE COMPLAINT/DISTURBANCE
STILLWATER POLICE DEPARTMENT,STILLWATER,6/14/2026 12:38:15 AM,SW26005202,"XXX Main St S, STILLWATER",911 ABANDONED/HANGUP/OPEN LINE
STILLWATER POLICE DEPARTMENT,STILLWATER,6/14/2026 2:31:00 AM,SW26005203,"XXX 3RD ST S, STILLWATER",DWI
STILLWATER POLICE DEPARTMENT,STILLWATER,6/14/2026 2:31:47 AM,SW26005204,"XXX 3rd St S, STILLWATER",ALARM-BUSINESS/RES/FIRE/MEDICAL/ETC
STILLWATER POLICE DEPARTMENT,STILLWATER,6/14/2026 6:01:38 AM,SW26005206,"1XXX  Market Dr, STILLWATER",ALARM-BUSINESS/RES/FIRE/MEDICAL/ETC
STILLWATER POLICE DEPARTMENT,STILLWATER,6/14/2026 8:46:05 AM,SW26005207,"3XXX  White Pine Way, STILLWATER",ANIMAL COMPLAINT
STILLWATER POLICE DEPARTMENT,STILLWATER,6/14/2026 11:34:29 AM,SW26005209,"Eagle Ridge Trl /Green Twig Way, STILLWATER",FOUND PROPERTY/ITEM
STILLWATER POLICE DEPARTMENT,STILLWATER,6/14/2026 11:43:45 AM,SW26005210,"2XXX  Driftwood Ln, STILLWATER",FRAUD/SCAM
STILLWATER POLICE DEPARTMENT,STILLWATER,6/14/2026 11:59:35 AM,SW26005212,"XXX Mulberry St E, STILLWATER",ASSIST OTHER AGENCY
STILLWATER POLICE DEPARTMENT,STILLWATER,6/14/2026 12:03:10 PM,SW26005211,"1XXX  BLOCK PINE ST W, STILLWATER",TRAFFIC STOP
STILLWATER POLICE DEPARTMENT,STILLWATER,6/14/2026 12:49:03 PM,SW26005215,"1XXX  BLK PINE ST W, STILLWATER",TRAFFIC STOP
STILLWATER POLICE DEPARTMENT,STILLWATER,6/14/2026 1:18:10 PM,SW26005216,"XXX SEELEY ST S, STILLWATER",UNWANTED PERSON/VEHICLE
STILLWATER POLICE DEPARTMENT,STILLWATER,6/14/2026 1:21:32 PM,SW26005217,"Unknown, STILLWATER",CITIZEN/PUBLIC ASSIST
STILLWATER POLICE DEPARTMENT,STILLWATER,6/14/2026 1:41:34 PM,SW26005218,"1XXX  Washington Ave, STILLWATER",MEDICAL
STILLWATER POLICE DEPARTMENT,STILLWATER,6/14/2026 1:46:18 PM,SW26005220,"XXX Main St S, STILLWATER",PARKING VIOLATION
STILLWATER POLICE DEPARTMENT,STILLWATER,6/14/2026 1:50:19 PM,SW26005219,"8XXX  Marylane Ave N, STILLWATER",911 ABANDONED/HANGUP/OPEN LINE
STILLWATER POLICE DEPARTMENT,STILLWATER,6/14/2026 2:56:35 PM,SW26005222,"1XXX  Pond View Ln, STILLWATER",OFFICER INFORMATION
STILLWATER POLICE DEPARTMENT,STILLWATER,6/14/2026 3:37:22 PM,SW26005223,"XXX Chestnut St E, STILLWATER",PARKING COMPLAINT
STILLWATER POLICE DEPARTMENT,STILLWATER,6/14/2026 5:23:04 PM,SW26005228,"XXX - 529 3RD ST N, STILLWATER",DWI
STILLWATER POLICE DEPARTMENT,STILLWATER,6/14/2026 5:23:49 PM,SW26005229,"Oakridge Rd / Stillwater Blvd N, STILLWATER",ACCIDENT
STILLWATER POLICE DEPARTMENT,STILLWATER,6/14/2026 5:45:20 PM,SW26005230,"Unknown, STILLWATER",FAMILY ASSIST
STILLWATER POLICE DEPARTMENT,STILLWATER,6/14/2026 6:24:18 PM,SW26005231,"XXX 3rd St N, STILLWATER",DISORDERLY CONDUCT
STILLWATER POLICE DEPARTMENT,STILLWATER,6/14/2026 7:18:28 PM,SW26005234,"XXX Main St S, STILLWATER",DRUNK/INTOXICATED 
STILLWATER POLICE DEPARTMENT,STILLWATER,6/14/2026 7:36:15 PM,SW26005235,"2XXX  Long Lake Dr, STILLWATER",MEDICAL
STILLWATER POLICE DEPARTMENT,STILLWATER,6/14/2026 8:51:15 PM,SW26005236,"Unknown, STILLWATER",FOLLOW UP
STILLWATER POLICE DEPARTMENT,STILLWATER,6/14/2026 9:03:17 PM,SW26005237,"XXX Main St N, STILLWATER",ALARM-BUSINESS/RES/FIRE/MEDICAL/ETC
STILLWATER POLICE DEPARTMENT,STILLWATER,6/14/2026 11:34:50 PM,SW26005240,"Unknown, STILLWATER",FOLLOW UP
STILLWATER POLICE DEPARTMENT,STILLWATER,6/15/2026 3:15:49 AM,SW26005241,"XXX Greeley St S, STILLWATER",OFFICER INFORMATION
STILLWATER POLICE DEPARTMENT,STILLWATER,6/15/2026 4:33:46 AM,SW26005242,"XXX Bridgewater Way, STILLWATER",MEDICAL
STILLWATER POLICE DEPARTMENT,STILLWATER,6/15/2026 7:25:50 AM,SW26005243,"1XXX  Bergmann Dr, STILLWATER",ALARM-BUSINESS/RES/FIRE/MEDICAL/ETC
STILLWATER POLICE DEPARTMENT,STILLWATER,6/15/2026 7:39:05 AM,SW26005244,"XXX Bayberry Avenue Ct, STILLWATER",BURGLARY
STILLWATER POLICE DEPARTMENT,STILLWATER,6/15/2026 11:07:08 AM,SW26005245,"XXX 4th St N, STILLWATER",DISTURBANCE
STILLWATER POLICE DEPARTMENT,STILLWATER,6/15/2026 12:51:06 PM,SW26005246,"1XXX  Greeley St S, STILLWATER",FRAUD/SCAM
STILLWATER POLICE DEPARTMENT,STILLWATER,6/15/2026 1:33:46 PM,SW26005248,"1XXX  Greeley St S, STILLWATER",ALARM-BUSINESS/RES/FIRE/MEDICAL/ETC
STILLWATER POLICE DEPARTMENT,STILLWATER,6/15/2026 1:46:30 PM,SW26005253,"1XXX  Curve Crest Blvd W, STILLWATER",ALARM-BUSINESS/RES/FIRE/MEDICAL/ETC
STILLWATER POLICE DEPARTMENT,STILLWATER,6/15/2026 1:52:08 PM,SW26005254,"1XXX  Greeley St S, STILLWATER",ALARM-BUSINESS/RES/FIRE/MEDICAL/ETC
STILLWATER POLICE DEPARTMENT,STILLWATER,6/15/2026 2:13:06 PM,SW26005255,"1XXX  Curve Crest Blvd, STILLWATER",911 ABANDONED/HANGUP/OPEN LINE
STILLWATER POLICE DEPARTMENT,STILLWATER,6/15/2026 2:33:28 PM,SW26005257,"XXX 2nd St N, STILLWATER",ALARM-BUSINESS/RES/FIRE/MEDICAL/ETC
STILLWATER POLICE DEPARTMENT,STILLWATER,6/15/2026 3:51:54 PM,SW26005258,"3XXX  White Pine Way, STILLWATER",SUSPICIOUS PERSON/ACTIVITY
STILLWATER POLICE DEPARTMENT,STILLWATER,6/15/2026 4:41:50 PM,SW26005261,"XXX Sherburne St S, STILLWATER",DISTURBANCE
STILLWATER POLICE DEPARTMENT,STILLWATER,6/15/2026 4:46:40 PM,SW26005262,"2XXX  Orleans St W, STILLWATER",CITIZEN/PUBLIC ASSIST
STILLWATER POLICE DEPARTMENT,STILLWATER,6/15/2026 5:19:22 PM,SW26005264,"3XXX  Abercrombie Ln, STILLWATER",CITIZEN/PUBLIC ASSIST
STILLWATER POLICE DEPARTMENT,STILLWATER,6/15/2026 5:44:23 PM,SW26005266,"XXX Water St S, STILLWATER",DRIVING COMPLAINT
STILLWATER POLICE DEPARTMENT,STILLWATER,6/15/2026 6:23:39 PM,SW26005269,"1XXX  Macey Way, STILLWATER",CIVIL MATTER/DISPUTE
STILLWATER POLICE DEPARTMENT,STILLWATER,6/15/2026 6:50:15 PM,SW26005271,"1XXX  Cottage Dr, STILLWATER",WELFARE CHECK
STILLWATER POLICE DEPARTMENT,STILLWATER,6/15/2026 7:00:36 PM,SW26005272,"XXX Nelson St, STILLWATER",PARKING COMPLAINT
STILLWATER POLICE DEPARTMENT,STILLWATER,6/15/2026 7:31:01 PM,SW26005273,"XXX 2nd St N, STILLWATER",JUVENILE COMPLAINT
STILLWATER POLICE DEPARTMENT,STILLWATER,6/15/2026 8:29:15 PM,SW26005274,"XXX Nightingale Blvd, STILLWATER",MEDICAL
STILLWATER POLICE DEPARTMENT,STILLWATER,6/15/2026 9:05:29 PM,SW26005275,"1XXX  EAGLE RIDGE CRES, STILLWATER",MEDICAL
STILLWATER POLICE DEPARTMENT,STILLWATER,6/15/2026 9:10:38 PM,SW26005276,"XXX Myrtle St W, STILLWATER",ORDINANCE VIOLATION
STILLWATER POLICE DEPARTMENT,STILLWATER,6/15/2026 9:13:04 PM,SW26005277,"2XXX  Fairmeadows Rd, STILLWATER",MEDICAL
STILLWATER POLICE DEPARTMENT,STILLWATER,6/16/2026 12:31:35 AM,SW26005285,"XXX Main St S, STILLWATER",DRUNK/INTOXICATED 
STILLWATER POLICE DEPARTMENT,STILLWATER,6/16/2026 1:34:38 AM,SW26005286,"2XXX  Orleans St W, STILLWATER",ALARM-BUSINESS/RES/FIRE/MEDICAL/ETC
STILLWATER POLICE DEPARTMENT,STILLWATER,6/16/2026 4:22:13 AM,SW26005287,"3XXX  Settlers Way, STILLWATER",911 ABANDONED/HANGUP/OPEN LINE
STILLWATER POLICE DEPARTMENT,STILLWATER,6/16/2026 10:38:24 AM,SW26005289,"XXX Victoria Ct, STILLWATER",DEATH
STILLWATER POLICE DEPARTMENT,STILLWATER,6/16/2026 11:45:29 AM,SW26005290,"XXX 4th St N, STILLWATER",LOST PROPERTY/ITEM
STILLWATER POLICE DEPARTMENT,STILLWATER,6/16/2026 1:16:06 PM,SW26005291,"XXX Main St N, STILLWATER",LOST PROPERTY/ITEM
STILLWATER POLICE DEPARTMENT,STILLWATER,6/16/2026 2:14:26 PM,SW26005292,"XXX Churchill St W, STILLWATER",VEHICLE UNLOCK
STILLWATER POLICE DEPARTMENT,STILLWATER,6/16/2026 2:38:44 PM,SW26005293,"14XXX  62nd St N, STILLWATER",MEDICAL
STILLWATER POLICE DEPARTMENT,STILLWATER,6/16/2026 4:15:36 PM,SW26005294,"1XXX  Market Dr, STILLWATER",911 ABANDONED/HANGUP/OPEN LINE
STILLWATER POLICE DEPARTMENT,STILLWATER,6/16/2026 4:23:10 PM,SW26005295,"1XXX  Greeley St S, STILLWATER",CITIZEN/PUBLIC ASSIST
STILLWATER POLICE DEPARTMENT,STILLWATER,6/16/2026 5:48:11 PM,SW26005297,"15XXX  62nd St N, STILLWATER",MEDICAL
STILLWATER POLICE DEPARTMENT,STILLWATER,6/16/2026 6:38:21 PM,SW26005298,"XXX Water St S, STILLWATER",MEDICAL
STILLWATER POLICE DEPARTMENT,STILLWATER,6/16/2026 8:03:23 PM,SW26005299,"8XXX  Neal Ave N, STILLWATER",VEHICLE UNLOCK
STILLWATER POLICE DEPARTMENT,STILLWATER,6/16/2026 8:19:04 PM,SW26005300,"XXX 2nd St N, STILLWATER",SUSPICIOUS PERSON/ACTIVITY
STILLWATER POLICE DEPARTMENT,STILLWATER,6/16/2026 9:13:08 PM,SW26005301,"MYRTLE ST E / WATER ST N, STILLWATER",VEHICLE UNLOCK
STILLWATER POLICE DEPARTMENT,STILLWATER,6/16/2026 10:27:38 PM,SW26005307,"XXX 2nd St N, STILLWATER",NOISE COMPLAINT/DISTURBANCE
STILLWATER POLICE DEPARTMENT,STILLWATER,6/17/2026 12:41:08 AM,SW26005308,"1XXX  Curve Crest Blvd, STILLWATER",MEDICAL
STILLWATER POLICE DEPARTMENT,STILLWATER,6/17/2026 9:10:59 AM,SW26005310,"XXX 2ND ST N, STILLWATER",TRESPASSING
STILLWATER POLICE DEPARTMENT,STILLWATER,6/17/2026 1:13:44 PM,SW26005314,"1XXX  Cottage Dr, STILLWATER",WELFARE CHECK
STILLWATER POLICE DEPARTMENT,STILLWATER,6/17/2026 2:00:20 PM,SW26005315,"3XXX  Abercrombie Ln, STILLWATER",CITIZEN/PUBLIC ASSIST
STILLWATER POLICE DEPARTMENT,STILLWATER,6/17/2026 2:29:34 PM,SW26005316,"3XXX  Judd Trl, STILLWATER",OFFICER INFORMATION
STILLWATER POLICE DEPARTMENT,STILLWATER,6/17/2026 2:40:00 PM,SW26005317,"1XXX  BROADWAY ST N, STILLWATER",TRAFFIC STOP
STILLWATER POLICE DEPARTMENT,STILLWATER,6/17/2026 3:58:39 PM,SW26005319,"XXX Greeley St S, STILLWATER",MEDICAL
STILLWATER POLICE DEPARTMENT,STILLWATER,6/17/2026 4:19:32 PM,SW26005320,"1XXX  Curve Crest Blvd W, STILLWATER",MEDICAL
STILLWATER POLICE DEPARTMENT,STILLWATER,6/17/2026 6:12:22 PM,SW26005321,"12XXX  75th St N, STILLWATER",CIVIL MATTER/DISPUTE
STILLWATER POLICE DEPARTMENT,STILLWATER,6/17/2026 6:51:16 PM,SW26005322,"XXX Olive St W, STILLWATER",DRUNK/INTOXICATED 
STILLWATER POLICE DEPARTMENT,STILLWATER,6/17/2026 8:24:47 PM,SW26005324,"XXX Evergreen Ct, STILLWATER",ANIMAL COMPLAINT
STILLWATER POLICE DEPARTMENT,STILLWATER,6/17/2026 8:41:02 PM,SW26005325,"6XXX  - 6000 STILLWATER BLVD N, STILLWATER",TRAFFIC STOP
STILLWATER POLICE DEPARTMENT,STILLWATER,6/18/2026 12:00:00 AM,SW26005349,"STILLWATER BLVD N / PINE ST W, STILLWATER",TRAFFIC STOP
STILLWATER POLICE DEPARTMENT,STILLWATER,6/18/2026 12:05:29 AM,SW26005337,"1XXX  Greeley St S, STILLWATER",SUICIDE ATTEMPT/THREATS OF
STILLWATER POLICE DEPARTMENT,STILLWATER,6/18/2026 8:33:52 AM,SW26005341,"XXX Bridgewater Way, STILLWATER",MEDICAL
STILLWATER POLICE DEPARTMENT,STILLWATER,6/18/2026 8:49:47 AM,SW26005342,"1XXX  Olive St W, STILLWATER",MEDICAL
STILLWATER POLICE DEPARTMENT,STILLWATER,6/18/2026 8:50:21 AM,SW26005343,"XXX Myrtle St W, STILLWATER",LOCKOUT
STILLWATER POLICE DEPARTMENT,STILLWATER,6/18/2026 9:27:29 AM,SW26005344,"XXX 4th St N, STILLWATER",ANIMAL COMPLAINT
STILLWATER POLICE DEPARTMENT,STILLWATER,6/18/2026 10:40:16 AM,SW26005346,"XXX Linden St W, STILLWATER",MEDICAL
STILLWATER POLICE DEPARTMENT,STILLWATER,6/18/2026 11:51:00 AM,SW26005347,"Boutwell Rd N / Maryknoll Dr N, STILLWATER",ACCIDENT
STILLWATER POLICE DEPARTMENT,STILLWATER,6/18/2026 12:07:04 PM,SW26005348,"1XXX  Market Dr., STILLWATER",THEFT
STILLWATER POLICE DEPARTMENT,STILLWATER,6/18/2026 1:59:50 PM,SW26005350,"GREELEY ST S / PINE ST W, STILLWATER",TRAFFIC STOP
STILLWATER POLICE DEPARTMENT,STILLWATER,6/18/2026 3:00:42 PM,SW26005352,"1XXX  Curve Crest Blvd W, STILLWATER",MEDICAL
STILLWATER POLICE DEPARTMENT,STILLWATER,6/18/2026 3:23:16 PM,SW26005353,"1XXX  Cottage Dr, STILLWATER",CITIZEN/PUBLIC ASSIST
STILLWATER POLICE DEPARTMENT,STILLWATER,6/18/2026 3:25:32 PM,SW26005354,"XXX Chestnut St E, STILLWATER",CITIZEN/PUBLIC ASSIST
STILLWATER POLICE DEPARTMENT,STILLWATER,6/18/2026 4:42:30 PM,SW26005357,"XXX Deer Path Ct, STILLWATER",MEDICAL
STILLWATER POLICE DEPARTMENT,STILLWATER,6/18/2026 5:24:57 PM,SW26005358,"XXX 2nd St S, STILLWATER",CITIZEN/PUBLIC ASSIST
STILLWATER POLICE DEPARTMENT,STILLWATER,6/18/2026 5:38:17 PM,SW26005359,"XXX Churchill St W, STILLWATER",WELFARE CHECK
STILLWATER POLICE DEPARTMENT,STILLWATER,6/18/2026 6:20:41 PM,SW26005360,"XXX Churchill St W, STILLWATER",DISTURBANCE
STILLWATER POLICE DEPARTMENT,STILLWATER,6/18/2026 7:35:38 PM,SW26005365,"XXX Churchill St W, STILLWATER",FOLLOW UP
STILLWATER POLICE DEPARTMENT,STILLWATER,6/18/2026 9:19:27 PM,SW26005366,"XXX 3rd St N, STILLWATER",CITIZEN/PUBLIC ASSIST
STILLWATER POLICE DEPARTMENT,STILLWATER,6/18/2026 9:47:00 PM,SW26005368,"1XXX  CURVE CREST BLVD, STILLWATER",WARRANT ARREST
STILLWATER POLICE DEPARTMENT,STILLWATER,6/18/2026 10:47:56 PM,SW26005371,"XXX ELM ST W, STILLWATER",LOST PROPERTY/ITEM
STILLWATER POLICE DEPARTMENT,STILLWATER,6/18/2026 11:06:00 PM,SW26005373,"Highway 36 & WASHINGTON AVE, STILLWATER",TRAFFIC STOP
STILLWATER POLICE DEPARTMENT,STILLWATER,6/19/2026 1:08:58 AM,SW26005380,"XXX Chestnut St E, STILLWATER",DRUNK/INTOXICATED 
STILLWATER POLICE DEPARTMENT,STILLWATER,6/19/2026 2:46:11 AM,SW26005381,"14XXX  62nd St N, STILLWATER",DISTURBANCE
STILLWATER POLICE DEPARTMENT,STILLWATER,6/19/2026 9:07:08 AM,SW26005385,"XX Moonlight Bay, STILLWATER",CIVIL MATTER/DISPUTE
STILLWATER POLICE DEPARTMENT,STILLWATER,6/19/2026 12:06:40 PM,SW26005388,"14XXX  62nd St N, STILLWATER",WELFARE CHECK
STILLWATER POLICE DEPARTMENT,STILLWATER,6/19/2026 1:37:00 PM,SW26005391,"XXX Greeley St S, STILLWATER",MEDICAL
STILLWATER POLICE DEPARTMENT,STILLWATER,6/19/2026 4:57:00 PM,SW26005397,"3XXX  Abercrombie Ln, STILLWATER",ANIMAL COMPLAINT
STILLWATER POLICE DEPARTMENT,STILLWATER,6/19/2026 6:02:22 PM,SW26005398,"2XXX  Washington Ave, STILLWATER",SUSPICIOUS PERSON/ACTIVITY
STILLWATER POLICE DEPARTMENT,STILLWATER,6/19/2026 6:56:05 PM,SW26005402,"1XXX  Curve Crest Blvd, STILLWATER",ALARM-BUSINESS/RES/FIRE/MEDICAL/ETC
STILLWATER POLICE DEPARTMENT,STILLWATER,6/19/2026 6:57:25 PM,SW26005401,"1XXX  Curve Crest Blvd W, STILLWATER",MEDICAL
STILLWATER POLICE DEPARTMENT,STILLWATER,6/19/2026 9:51:54 PM,SW26005405,"3XXX  Gadient Way, STILLWATER",CITIZEN/PUBLIC ASSIST
STILLWATER POLICE DEPARTMENT,STILLWATER,6/19/2026 10:36:09 PM,SW26005406,"XXX Mulberry St E, STILLWATER",MEDICAL
STILLWATER POLICE DEPARTMENT,STILLWATER,6/20/2026 12:04:26 AM,SW26005409,"XXX Burlington St E, STILLWATER",NOISE COMPLAINT/DISTURBANCE
STILLWATER POLICE DEPARTMENT,STILLWATER,6/20/2026 12:09:42 AM,SW26005410,"2XXX  Cottage Dr, STILLWATER",WELFARE CHECK
STILLWATER POLICE DEPARTMENT,STILLWATER,6/20/2026 1:24:06 AM,SW26005412,"XXX WATER ST S, STILLWATER",MEDICAL
STILLWATER POLICE DEPARTMENT,STILLWATER,6/20/2026 2:10:42 AM,SW26005413,"1XXX  EAGLE RIDGE CT, STILLWATER",SUSPICIOUS PERSON/ACTIVITY
STILLWATER POLICE DEPARTMENT,STILLWATER,6/20/2026 5:30:11 AM,SW26005416,"1XXX  4th St N, STILLWATER",ALARM-BUSINESS/RES/FIRE/MEDICAL/ETC
STILLWATER POLICE DEPARTMENT,STILLWATER,6/20/2026 8:17:04 AM,SW26005417,"XXX Bridgewater Way, STILLWATER",MEDICAL
STILLWATER POLICE DEPARTMENT,STILLWATER,6/20/2026 8:31:47 AM,SW26005418,"Unknown, STILLWATER",LOST PROPERTY/ITEM
STILLWATER POLICE DEPARTMENT,STILLWATER,6/20/2026 8:36:39 AM,SW26005419,"14XXX  62nd St N, STILLWATER",CITIZEN/PUBLIC ASSIST
STILLWATER POLICE DEPARTMENT,STILLWATER,6/20/2026 9:06:09 AM,SW26005420,"XXX Main St N, STILLWATER",911 ABANDONED/HANGUP/OPEN LINE
STILLWATER POLICE DEPARTMENT,STILLWATER,6/20/2026 9:56:38 AM,SW26005421,"XXX Bridgewater Way, STILLWATER",MEDICAL
STILLWATER POLICE DEPARTMENT,STILLWATER,6/20/2026 10:23:18 AM,SW26005422,"XXX 4TH ST N, STILLWATER",FOUND PROPERTY/ITEM
STILLWATER POLICE DEPARTMENT,STILLWATER,6/20/2026 10:49:40 AM,SW26005424,"XXX Northland Ave, STILLWATER",911 ABANDONED/HANGUP/OPEN LINE
STILLWATER POLICE DEPARTMENT,STILLWATER,6/20/2026 11:57:31 AM,SW26005425,"XXX Owens St N, STILLWATER",CITIZEN/PUBLIC ASSIST
STILLWATER POLICE DEPARTMENT,STILLWATER,6/20/2026 12:17:16 PM,SW26005426,"12XXX  77th St N, STILLWATER",MEDICAL
STILLWATER POLICE DEPARTMENT,STILLWATER,6/20/2026 1:27:18 PM,SW26005427,"Commercial St / Main St N, STILLWATER",MEDICAL
STILLWATER POLICE DEPARTMENT,STILLWATER,6/20/2026 2:25:53 PM,SW26005429,"XXX Main St S, STILLWATER",911 ABANDONED/HANGUP/OPEN LINE
STILLWATER POLICE DEPARTMENT,STILLWATER,6/20/2026 3:52:22 PM,SW26005434,"XXX Mulberry St E, STILLWATER",MEDICAL
STILLWATER POLICE DEPARTMENT,STILLWATER,6/20/2026 4:25:49 PM,SW26005435,"XXX Nelson St, STILLWATER",WELFARE CHECK
STILLWATER POLICE DEPARTMENT,STILLWATER,6/20/2026 4:27:26 PM,SW26005436,"XXX Water St N, STILLWATER",911 ABANDONED/HANGUP/OPEN LINE
STILLWATER POLICE DEPARTMENT,STILLWATER,6/20/2026 4:40:05 PM,SW26005437,"XX River Heights Dr, STILLWATER",TRAFFIC COMPLAINT
STILLWATER POLICE DEPARTMENT,STILLWATER,6/20/2026 5:11:27 PM,SW26005438,"12XXX  87th St N, STILLWATER",MEDICAL
STILLWATER POLICE DEPARTMENT,STILLWATER,6/20/2026 6:14:51 PM,SW26005441,"XXX Greeley St S, STILLWATER",MEDICAL
STILLWATER POLICE DEPARTMENT,STILLWATER,6/20/2026 7:08:38 PM,SW26005442,"1XXX  Market Dr, STILLWATER",ALARM-BUSINESS/RES/FIRE/MEDICAL/ETC
STILLWATER POLICE DEPARTMENT,STILLWATER,6/20/2026 7:16:33 PM,SW26005443,"XXX 4TH ST N, STILLWATER",CITIZEN/PUBLIC ASSIST
STILLWATER POLICE DEPARTMENT,STILLWATER,6/20/2026 8:13:08 PM,SW26005445,"XXX Broadway St S, STILLWATER",NOISE COMPLAINT/DISTURBANCE
STILLWATER POLICE DEPARTMENT,STILLWATER,6/20/2026 8:18:22 PM,SW26005446,"Sam Bloomer Way / Myrtle St E, STILLWATER",PARKING COMPLAINT
STILLWATER POLICE DEPARTMENT,STILLWATER,6/20/2026 10:44:20 PM,SW26005449,"XXX Sherburne St N, STILLWATER",CITIZEN/PUBLIC ASSIST
STILLWATER POLICE DEPARTMENT,STILLWATER TOWNSHIP,6/20/2026 2:57:30 AM,SW26005415,"9XXX  Norell Ave N, STILLWATER TOWNSHIP",ASSIST OTHER AGENCY
WASHINGTON COUNTY SHERIFFS OFFICE,AFTON,6/14/2026 2:51:46 PM,WC26029074,"16XXX  32nd St S, AFTON",ACCIDENT
WASHINGTON COUNTY SHERIFFS OFFICE,AFTON,6/14/2026 5:30:17 PM,WC26029101,"HUDSON RD S / INDIAN TRL S, AFTON",TRAFFIC STOP
WASHINGTON COUNTY SHERIFFS OFFICE,AFTON,6/15/2026 6:52:02 AM,WC26029188,"5XXX  Osgood Ave S, AFTON",ANIMAL COMPLAINT
WASHINGTON COUNTY SHERIFFS OFFICE,AFTON,6/15/2026 4:12:32 PM,WC26029281,"3XXX  Trading Post Trl S, AFTON",ALARM-BUSINESS/RES/FIRE/MEDICAL/ETC
WASHINGTON COUNTY SHERIFFS OFFICE,AFTON,6/15/2026 7:08:54 PM,WC26029320,"16XXX  32nd St S, AFTON",THREATS
WASHINGTON COUNTY SHERIFFS OFFICE,AFTON,6/16/2026 11:35:47 AM,WC26029450,"13XXX  44th St S, AFTON",FRAUD/SCAM
WASHINGTON COUNTY SHERIFFS OFFICE,AFTON,6/17/2026 10:51:50 AM,WC26029626,"15XXX  15th St S, AFTON",911 ABANDONED/HANGUP/OPEN LINE
WASHINGTON COUNTY SHERIFFS OFFICE,AFTON,6/17/2026 2:35:29 PM,WC26029653,"12XXX  30th St S, AFTON",CIVIL MATTER/DISPUTE
WASHINGTON COUNTY SHERIFFS OFFICE,AFTON,6/17/2026 2:54:11 PM,WC26029657,"40TH ST S / TRADING POST TRL S, AFTON",INCIDENT
WASHINGTON COUNTY SHERIFFS OFFICE,AFTON,6/18/2026 12:06:00 AM,WC26029721,"STAGECOACH TRL S / VALLEY CREEK TRL S, AFTON",TRAFFIC STOP
WASHINGTON COUNTY SHERIFFS OFFICE,AFTON,6/18/2026 3:09:34 AM,WC26029739,"13XXX  Hudson Rd S, AFTON",ALARM-BUSINESS/RES/FIRE/MEDICAL/ETC
WASHINGTON COUNTY SHERIFFS OFFICE,AFTON,6/19/2026 7:58:55 AM,WC26029974,"MANNING AVE N / I94, AFTON",ANIMAL COMPLAINT
WASHINGTON COUNTY SHERIFFS OFFICE,AFTON,6/19/2026 1:34:44 PM,WC26030011,"AFTON BLVD S / AFTON BOULEVARD CT S, AFTON",PUBLIC WORKS CONCERN
WASHINGTON COUNTY SHERIFFS OFFICE,AFTON,6/19/2026 3:52:00 PM,WC26030027,"3XXX  - 3049 SAINT CROIX TRL S, AFTON",TRAFFIC STOP
WASHINGTON COUNTY SHERIFFS OFFICE,AFTON,6/19/2026 4:59:00 PM,WC26030040,"St. Croix Trl S / 32nd St S, AFTON",TRAFFIC STOP
WASHINGTON COUNTY SHERIFFS OFFICE,AFTON,6/20/2026 12:00:00 AM,WC26030254,"I94 WB JEO MANNING AVE N, AFTON",TRAFFIC STOP
WASHINGTON COUNTY SHERIFFS OFFICE,AFTON,6/20/2026 4:40:00 PM,WC26030193,"SAINT CROIX TRL S / 32nd St S, AFTON",TRAFFIC STOP
WASHINGTON COUNTY SHERIFFS OFFICE,AFTON,6/20/2026 8:03:49 PM,WC26030236,"3XXX  Saint Croix Trl S, AFTON",NOISE COMPLAINT/DISTURBANCE
WASHINGTON COUNTY SHERIFFS OFFICE,AFTON,6/20/2026 11:46:15 PM,WC26030296,"XX Afton State Park Campsite 15, AFTON",ANIMAL COMPLAINT
WASHINGTON COUNTY SHERIFFS OFFICE,BAYTOWN TOWNSHIP,6/15/2026 1:25:32 PM,WC26029250,"3XXX  Norcrest Ave N, BAYTOWN TOWNSHIP",CIVIL MATTER/DISPUTE
WASHINGTON COUNTY SHERIFFS OFFICE,BAYTOWN TOWNSHIP,6/15/2026 3:53:00 PM,WC26029276,"4XXX  - 4299 STILLWATER BLVD N, BAYTOWN TOWNSHIP",TRAFFIC STOP
WASHINGTON COUNTY SHERIFFS OFFICE,BAYTOWN TOWNSHIP,6/16/2026 3:01:48 AM,WC26029385,"14XXX  - 14499 OLINDA BLVD N, BAYTOWN TOWNSHIP",ANIMAL COMPLAINT
WASHINGTON COUNTY SHERIFFS OFFICE,BAYTOWN TOWNSHIP,6/16/2026 5:45:45 PM,WC26029513,"Osgood Ave N / 47th St N, BAYTOWN TOWNSHIP",TRAFFIC COMPLAINT
WASHINGTON COUNTY SHERIFFS OFFICE,BAYTOWN TOWNSHIP,6/16/2026 10:03:15 PM,WC26029551,"3XXX  Oakgreen Ave N, BAYTOWN TOWNSHIP",ACCIDENT
WASHINGTON COUNTY SHERIFFS OFFICE,BIRCHWOOD,6/16/2026 3:04:39 PM,WC26029480,"EAST COUNTY LINE RD / CO RD F E, BIRCHWOOD",TRAFFIC STOP
WASHINGTON COUNTY SHERIFFS OFFICE,BIRCHWOOD,6/17/2026 3:10:15 AM,WC26029589,"XX Oakhill Ct, BIRCHWOOD",CITIZEN/PUBLIC ASSIST
WASHINGTON COUNTY SHERIFFS OFFICE,BIRCHWOOD,6/19/2026 5:41:03 PM,WC26030049,"XXX Lake Ave, BIRCHWOOD",ALARM-BUSINESS/RES/FIRE/MEDICAL/ETC
WASHINGTON COUNTY SHERIFFS OFFICE,COTTAGE GROVE,6/15/2026 9:10:00 AM,WC26029206,"COTTAGE GROVE RAVINE PARK ENTRANCE RD, COTTAGE GROVE",PARKING VIOLATION
WASHINGTON COUNTY SHERIFFS OFFICE,COTTAGE GROVE,6/16/2026 2:11:00 AM,WC26029377,"70TH ST S / GOODVIEW AVE S, COTTAGE GROVE",TRAFFIC STOP
WASHINGTON COUNTY SHERIFFS OFFICE,COTTAGE GROVE,6/16/2026 5:12:00 PM,WC26029509,"COTTAGE GROVE RAVINE PARK ENTRANCE RD, COTTAGE GROVE",PARKING VIOLATION
WASHINGTON COUNTY SHERIFFS OFFICE,COTTAGE GROVE,6/17/2026 9:23:00 PM,WC26029701,"Manning Ave S / 110th St S, COTTAGE GROVE",TRAFFIC STOP
WASHINGTON COUNTY SHERIFFS OFFICE,COTTAGE GROVE,6/18/2026 8:09:00 PM,WC26029887,"COTTAGE GROVE RAVINE PARK ENTRANCE RD, COTTAGE GROVE",PARKING VIOLATION
WASHINGTON COUNTY SHERIFFS OFFICE,COTTAGE GROVE,6/18/2026 8:18:00 PM,WC26029888,"COTTAGE GROVE RAVINE PARK ENTRANCE RD, COTTAGE GROVE",PARKING VIOLATION
WASHINGTON COUNTY SHERIFFS OFFICE,COTTAGE GROVE,6/20/2026 9:30:00 PM,WC26030251,"HWY 61 SB JNO 80TH ST, COTTAGE GROVE",TRAFFIC STOP
WASHINGTON COUNTY SHERIFFS OFFICE,COTTAGE GROVE,6/20/2026 9:45:00 PM,WC26030255,"HWY 61 NB JNO 80TH ST, COTTAGE GROVE",TRAFFIC STOP
WASHINGTON COUNTY SHERIFFS OFFICE,COTTAGE GROVE,6/20/2026 9:57:00 PM,WC26030260,"6XXX  - 6769 Highway 61, COTTAGE GROVE",TRAFFIC STOP
WASHINGTON COUNTY SHERIFFS OFFICE,DELLWOOD,6/14/2026 1:39:30 PM,WC26029071,"XX Apple Orchard Rd, DELLWOOD",ASSIST OTHER AGENCY
WASHINGTON COUNTY SHERIFFS OFFICE,DELLWOOD,6/15/2026 3:38:15 PM,WC26029270,"XX Apple Orchard Ct, DELLWOOD",TRESPASSING
WASHINGTON COUNTY SHERIFFS OFFICE,DELLWOOD,6/15/2026 7:51:32 PM,WC26029323,"Hwy 244 Jso Hwy 96, DELLWOOD",ANIMAL COMPLAINT
WASHINGTON COUNTY SHERIFFS OFFICE,DELLWOOD,6/16/2026 6:17:37 AM,WC26029398,"XX Dellwood Ave, DELLWOOD",ALARM-BUSINESS/RES/FIRE/MEDICAL/ETC
WASHINGTON COUNTY SHERIFFS OFFICE,DELLWOOD,6/16/2026 7:03:00 PM,WC26029527,"DELLWOOD RD N / MEADOW LN N, DELLWOOD",TRAFFIC STOP
WASHINGTON COUNTY SHERIFFS OFFICE,DELLWOOD,6/17/2026 4:14:39 AM,WC26029596,"XX Dellwood Ave, DELLWOOD",ALARM-BUSINESS/RES/FIRE/MEDICAL/ETC
WASHINGTON COUNTY SHERIFFS OFFICE,DELLWOOD,6/19/2026 10:13:51 PM,WC26030088,"XX Bayhill Rd, DELLWOOD",ALARM-BUSINESS/RES/FIRE/MEDICAL/ETC
WASHINGTON COUNTY SHERIFFS OFFICE,DELLWOOD,6/20/2026 7:49:51 AM,WC26030129,"XXX QUAIL RD, DELLWOOD",TRAFFIC COMPLAINT
WASHINGTON COUNTY SHERIFFS OFFICE,DELLWOOD,6/20/2026 10:26:30 AM,WC26030143,"XX FENLEA CIR, DELLWOOD",SUSPICIOUS PERSON/ACTIVITY
WASHINGTON COUNTY SHERIFFS OFFICE,DELLWOOD,6/20/2026 10:33:54 AM,WC26030144,"XX DORAL RD, DELLWOOD",CHILD CUSTODY
WASHINGTON COUNTY SHERIFFS OFFICE,DELLWOOD,6/20/2026 2:36:45 PM,WC26030175,"Unknown, DELLWOOD",FOLLOW UP
WASHINGTON COUNTY SHERIFFS OFFICE,DELLWOOD,6/20/2026 10:57:18 PM,WC26030279,"XX Dellwood Ave, DELLWOOD",ALARM-BUSINESS/RES/FIRE/MEDICAL/ETC
WASHINGTON COUNTY SHERIFFS OFFICE,DENMARK TOWNSHIP,6/14/2026 7:41:37 AM,WC26029028,"10XXX  Nyberg Ave S, DENMARK TOWNSHIP",ABANDONED VEHICLE
WASHINGTON COUNTY SHERIFFS OFFICE,DENMARK TOWNSHIP,6/14/2026 8:53:00 AM,WC26029035,"15XXX  - 16000 102ND ST S, DENMARK TOWNSHIP",PARKING VIOLATION
WASHINGTON COUNTY SHERIFFS OFFICE,DENMARK TOWNSHIP,6/14/2026 1:23:00 PM,WC26029069,"XX Point Douglas Park Access Road, DENMARK TOWNSHIP",ASSAULT
WASHINGTON COUNTY SHERIFFS OFFICE,DENMARK TOWNSHIP,6/14/2026 11:33:00 PM,WC26029156,"HWY 10 AT 127TH ST S, DENMARK TOWNSHIP",TRAFFIC STOP
WASHINGTON COUNTY SHERIFFS OFFICE,DENMARK TOWNSHIP,6/15/2026 6:34:48 AM,WC26029186,"12XXX  Point Douglas Dr S, DENMARK TOWNSHIP",ANIMAL COMPLAINT
WASHINGTON COUNTY SHERIFFS OFFICE,DENMARK TOWNSHIP,6/15/2026 7:50:31 AM,WC26029192,"Hwy 10 Jwo Prescott Bridge, DENMARK TOWNSHIP",ASSIST OTHER AGENCY
WASHINGTON COUNTY SHERIFFS OFFICE,DENMARK TOWNSHIP,6/15/2026 12:53:00 PM,WC26029245,"15XXX  - 16000 102ND ST S, DENMARK TOWNSHIP",PARKING VIOLATION
WASHINGTON COUNTY SHERIFFS OFFICE,DENMARK TOWNSHIP,6/15/2026 1:10:00 PM,WC26029247,"POINT DOUGLAS PARK ACCESS ROAD, DENMARK TOWNSHIP",PARKING VIOLATION
WASHINGTON COUNTY SHERIFFS OFFICE,DENMARK TOWNSHIP,6/15/2026 5:40:27 PM,WC26029309,"70TH ST S / NEAL AVE S, DENMARK TOWNSHIP",THEFT
WASHINGTON COUNTY SHERIFFS OFFICE,DENMARK TOWNSHIP,6/16/2026 4:05:00 PM,WC26029491,"15XXX  102ND ST S, DENMARK TOWNSHIP",PARKING VIOLATION
WASHINGTON COUNTY SHERIFFS OFFICE,DENMARK TOWNSHIP,6/16/2026 4:49:00 PM,WC26029501,"POINT DOUGLAS PARK ACCESS ROAD, DENMARK TOWNSHIP",PARKING VIOLATION
WASHINGTON COUNTY SHERIFFS OFFICE,DENMARK TOWNSHIP,6/18/2026 8:24:49 AM,WC26029753,"14XXX  110th St S, DENMARK TOWNSHIP",DEATH
WASHINGTON COUNTY SHERIFFS OFFICE,DENMARK TOWNSHIP,6/18/2026 10:42:00 AM,WC26029793,"POINT DOUGLAS PARK ACCESS ROAD, DENMARK TOWNSHIP",PARKING VIOLATION
WASHINGTON COUNTY SHERIFFS OFFICE,DENMARK TOWNSHIP,6/18/2026 1:29:00 PM,WC26029815,"15XXX  102ND ST S, DENMARK TOWNSHIP",PARKING VIOLATION
WASHINGTON COUNTY SHERIFFS OFFICE,DENMARK TOWNSHIP,6/18/2026 1:40:00 PM,WC26029816,"15XXX  - 16000 102ND ST S, DENMARK TOWNSHIP",PARKING VIOLATION
WASHINGTON COUNTY SHERIFFS OFFICE,DENMARK TOWNSHIP,6/18/2026 2:09:00 PM,WC26029819,"POINT DOUGLAS PARK ACCESS ROAD, DENMARK TOWNSHIP",PARKING VIOLATION
WASHINGTON COUNTY SHERIFFS OFFICE,DENMARK TOWNSHIP,6/18/2026 2:21:00 PM,WC26029822,"POINT DOUGLAS PARK ACCESS ROAD, DENMARK TOWNSHIP",PARKING VIOLATION
WASHINGTON COUNTY SHERIFFS OFFICE,DENMARK TOWNSHIP,6/18/2026 2:32:00 PM,WC26029824,"POINT DOUGLAS PARK ACCESS ROAD, DENMARK TOWNSHIP",PARKING VIOLATION
WASHINGTON COUNTY SHERIFFS OFFICE,DENMARK TOWNSHIP,6/18/2026 2:42:00 PM,WC26029829,"POINT DOUGLAS PARK ACCESS ROAD, DENMARK TOWNSHIP",PARKING VIOLATION
WASHINGTON COUNTY SHERIFFS OFFICE,DENMARK TOWNSHIP,6/18/2026 2:51:00 PM,WC26029832,"POINT DOUGLAS PARK ACCESS ROAD, DENMARK TOWNSHIP",PARKING VIOLATION
WASHINGTON COUNTY SHERIFFS OFFICE,DENMARK TOWNSHIP,6/18/2026 7:36:00 PM,WC26029881,"POINT DOUGLAS PARK ACCESS ROAD, DENMARK TOWNSHIP",PARKING VIOLATION
WASHINGTON COUNTY SHERIFFS OFFICE,DENMARK TOWNSHIP,6/19/2026 10:59:52 AM,WC26029995,"12XXX  Point Douglas Dr S, DENMARK TOWNSHIP",LIFT ASSIST
WASHINGTON COUNTY SHERIFFS OFFICE,DENMARK TOWNSHIP,6/19/2026 6:54:08 PM,WC26030056,"6XXX  Peller Ave S, DENMARK TOWNSHIP",SUSPICIOUS PERSON/ACTIVITY
WASHINGTON COUNTY SHERIFFS OFFICE,DENMARK TOWNSHIP,6/20/2026 12:23:58 PM,WC26030153,"6XXX  Oakgreen Ave S, DENMARK TOWNSHIP",ANIMAL COMPLAINT
WASHINGTON COUNTY SHERIFFS OFFICE,DENMARK TOWNSHIP,6/20/2026 12:33:00 PM,WC26030157,"9XXX  Saint Croix Trl S, DENMARK TOWNSHIP",911 ABANDONED/HANGUP/OPEN LINE
WASHINGTON COUNTY SHERIFFS OFFICE,DENMARK TOWNSHIP,6/20/2026 12:54:14 PM,WC26030165,"7XXX  Oakgreen Ave S, DENMARK TOWNSHIP",MEDICAL
WASHINGTON COUNTY SHERIFFS OFFICE,DENMARK TOWNSHIP,6/20/2026 10:30:00 PM,WC26030269,"HWY 10 JEO SAINT CROIX TRL S, DENMARK TOWNSHIP",TRAFFIC STOP
WASHINGTON COUNTY SHERIFFS OFFICE,FOREST LAKE,6/16/2026 12:14:36 PM,WC26029458,"19XXX  Forest Rd N, FOREST LAKE",OTHER
WASHINGTON COUNTY SHERIFFS OFFICE,GRANT,6/14/2026 3:09:22 PM,WC26029077,"6XXX  Inwood Ct N, GRANT",MEDICAL
WASHINGTON COUNTY SHERIFFS OFFICE,GRANT,6/14/2026 7:29:05 PM,WC26029119,"10XXX  119th St N, GRANT",FOLLOW UP
WASHINGTON COUNTY SHERIFFS OFFICE,GRANT,6/14/2026 7:55:31 PM,WC26029124,"75th St N / Kimbro Ave N, GRANT",DRIVING COMPLAINT
WASHINGTON COUNTY SHERIFFS OFFICE,GRANT,6/15/2026 12:41:16 AM,WC26029168,"9XXX  - 9331 75TH ST N, GRANT",ANIMAL COMPLAINT
WASHINGTON COUNTY SHERIFFS OFFICE,GRANT,6/15/2026 10:29:32 AM,WC26029229,"XXX Maple St, GRANT",FRAUD/SCAM
WASHINGTON COUNTY SHERIFFS OFFICE,GRANT,6/15/2026 12:01:36 PM,WC26029234,"11XXX  Mckusick Rd N, GRANT",DISTURBANCE
WASHINGTON COUNTY SHERIFFS OFFICE,GRANT,6/16/2026 7:09:50 AM,WC26029401,"10XXX  60th Street Ln N, GRANT",ANIMAL COMPLAINT
WASHINGTON COUNTY SHERIFFS OFFICE,GRANT,6/16/2026 2:31:18 PM,WC26029473,"10XXX  Manning Ave N, GRANT",CIVIL MATTER/DISPUTE
WASHINGTON COUNTY SHERIFFS OFFICE,GRANT,6/16/2026 4:57:56 PM,WC26029503,"9XXX  75th St N, GRANT",MEDICAL
WASHINGTON COUNTY SHERIFFS OFFICE,GRANT,6/17/2026 9:41:00 AM,WC26029613,"11XXX  LOCKRIDGE AVE N, GRANT",DIRECTED PATROL
WASHINGTON COUNTY SHERIFFS OFFICE,GRANT,6/17/2026 10:47:49 AM,WC26029625,"8XXX  Lofton Ave N, GRANT",THEFT
WASHINGTON COUNTY SHERIFFS OFFICE,GRANT,6/17/2026 4:45:04 PM,WC26029672,"10XXX  107th St N, GRANT",DUMPING COMPLAINT
WASHINGTON COUNTY SHERIFFS OFFICE,GRANT,6/17/2026 7:34:00 PM,WC26029689,"8XXX  75TH ST N, GRANT",ACCIDENT
WASHINGTON COUNTY SHERIFFS OFFICE,GRANT,6/18/2026 6:37:55 AM,WC26029748,"75th St N / Keats Ave N, GRANT",ACCIDENT
WASHINGTON COUNTY SHERIFFS OFFICE,GRANT,6/18/2026 8:14:30 AM,WC26029752,"10XXX  Joliet Ave N, GRANT",CITIZEN/PUBLIC ASSIST
WASHINGTON COUNTY SHERIFFS OFFICE,GRANT,6/18/2026 4:05:58 PM,WC26029842,"Dellwood Rd N / Ivy Ave N, GRANT",WELFARE CHECK
WASHINGTON COUNTY SHERIFFS OFFICE,GRANT,6/18/2026 4:43:20 PM,WC26029852,"11XXX  60th St N, GRANT",ACCIDENT
WASHINGTON COUNTY SHERIFFS OFFICE,GRANT,6/18/2026 6:32:21 PM,WC26029872,"10XXX  Kelvin Ave N, GRANT",DUMPING COMPLAINT
WASHINGTON COUNTY SHERIFFS OFFICE,GRANT,6/18/2026 6:32:41 PM,WC26029868,"10XXX  75th St N, GRANT",JUVENILE COMPLAINT
WASHINGTON COUNTY SHERIFFS OFFICE,GRANT,6/18/2026 6:54:59 PM,WC26029873,"7XXX  Jamaca Ln N, GRANT",911 ABANDONED/HANGUP/OPEN LINE
WASHINGTON COUNTY SHERIFFS OFFICE,GRANT,6/19/2026 3:51:47 AM,WC26029954,"6XXX  Keats Ave N, GRANT",911 ABANDONED/HANGUP/OPEN LINE
WASHINGTON COUNTY SHERIFFS OFFICE,GRANT,6/19/2026 9:32:14 AM,WC26029987,"Unknown, GRANT",CITIZEN/PUBLIC ASSIST
WASHINGTON COUNTY SHERIFFS OFFICE,GRANT,6/19/2026 10:29:02 PM,WC26030092,"10XXX  60th St N, GRANT",MOTORIST ASSIST
WASHINGTON COUNTY SHERIFFS OFFICE,GRANT,6/20/2026 8:08:29 AM,WC26030130,"6XXX  Ideal Ave N, GRANT",911 ABANDONED/HANGUP/OPEN LINE
WASHINGTON COUNTY SHERIFFS OFFICE,GRANT,6/20/2026 8:24:46 AM,WC26030133,"9XXX  75th St N, GRANT",MEDICAL
WASHINGTON COUNTY SHERIFFS OFFICE,HUGO,6/14/2026 1:05:43 AM,WC26029002,"14XXX  Garden Way N, HUGO",MEDICAL
WASHINGTON COUNTY SHERIFFS OFFICE,HUGO,6/14/2026 2:01:15 AM,WC26029009,"16XXX  Forest Blvd N, HUGO",911 ABANDONED/HANGUP/OPEN LINE
WASHINGTON COUNTY SHERIFFS OFFICE,HUGO,6/14/2026 2:27:00 AM,WC26029014,"FOREST BLVD N / 152ND ST N, HUGO",TRAFFIC STOP
WASHINGTON COUNTY SHERIFFS OFFICE,HUGO,6/14/2026 2:52:00 AM,WC26029018,"5XXX  UPPER 146TH ST N, HUGO",SUSPICIOUS PERSON/ACTIVITY
WASHINGTON COUNTY SHERIFFS OFFICE,HUGO,6/14/2026 3:10:39 PM,WC26029078,"13XXX  Keystone Ave N, HUGO",JUVENILE COMPLAINT
WASHINGTON COUNTY SHERIFFS OFFICE,HUGO,6/14/2026 3:21:24 PM,WC26029086,"14XXX  FONDANT AVE N, HUGO",SUSPICIOUS PERSON/ACTIVITY
WASHINGTON COUNTY SHERIFFS OFFICE,HUGO,6/14/2026 4:14:26 PM,WC26029099,"6XXX  157th St N, HUGO",911 ABANDONED/HANGUP/OPEN LINE
WASHINGTON COUNTY SHERIFFS OFFICE,HUGO,6/14/2026 4:37:44 PM,WC26029096,"6XXX  170th St N, HUGO",MEDICAL
WASHINGTON COUNTY SHERIFFS OFFICE,HUGO,6/14/2026 9:20:22 PM,WC26029136,"5XXX  131st St N, HUGO",ACCIDENT
WASHINGTON COUNTY SHERIFFS OFFICE,HUGO,6/14/2026 10:14:22 PM,WC26029145,"5XXX  Goodview Trail Alcove N, HUGO",HARASSMENT
WASHINGTON COUNTY SHERIFFS OFFICE,HUGO,6/15/2026 5:26:37 AM,WC26029185,"13XXX  Fenway Boulevard Cir N, HUGO",ALARM-BUSINESS/RES/FIRE/MEDICAL/ETC
WASHINGTON COUNTY SHERIFFS OFFICE,HUGO,6/15/2026 10:53:07 AM,WC26029226,"6XXX  EGG LAKE RD N, HUGO",SUSPICIOUS PERSON/ACTIVITY
WASHINGTON COUNTY SHERIFFS OFFICE,HUGO,6/15/2026 11:35:35 AM,WC26029230,"Fenway Ave N / 141st St N, HUGO",PARKING COMPLAINT
WASHINGTON COUNTY SHERIFFS OFFICE,HUGO,6/15/2026 1:22:27 PM,WC26029248,"5XXX  127th St N, HUGO",MEDICAL
WASHINGTON COUNTY SHERIFFS OFFICE,HUGO,6/15/2026 4:31:21 PM,WC26029285,"13XXX  Europa Trail Way N, HUGO",WELFARE CHECK
WASHINGTON COUNTY SHERIFFS OFFICE,HUGO,6/16/2026 4:46:13 PM,WC26029500,"5XXX  137th St N, HUGO",LIFT ASSIST
WASHINGTON COUNTY SHERIFFS OFFICE,HUGO,6/16/2026 6:50:57 PM,WC26029525,"14XXX  Forest Blvd N, HUGO",HIT AND RUN
WASHINGTON COUNTY SHERIFFS OFFICE,HUGO,6/16/2026 8:55:51 PM,WC26029539,"15XXX  Emerald Dr N, HUGO",CIVIL MATTER/DISPUTE
WASHINGTON COUNTY SHERIFFS OFFICE,HUGO,6/16/2026 11:33:36 PM,WC26029561,"14XXX  Forest Blvd N, HUGO",SUSPICIOUS PERSON/ACTIVITY
WASHINGTON COUNTY SHERIFFS OFFICE,HUGO,6/17/2026 1:48:00 AM,WC26029581,"5XXX  - 6099 EGG LAKE RD N, HUGO",TRAFFIC STOP
WASHINGTON COUNTY SHERIFFS OFFICE,HUGO,6/17/2026 5:38:09 AM,WC26029600,"6XXX  157th St N, HUGO",NOISE COMPLAINT/DISTURBANCE
WASHINGTON COUNTY SHERIFFS OFFICE,HUGO,6/17/2026 10:47:55 AM,WC26029624,"ONEKA LAKE BLVD N / GENEVA AVE N, HUGO",TRAFFIC STOP
WASHINGTON COUNTY SHERIFFS OFFICE,HUGO,6/17/2026 12:10:12 PM,WC26029634,"FOREST BLVD N / FRENCHMAN RD, HUGO",ASSIST OTHER AGENCY
WASHINGTON COUNTY SHERIFFS OFFICE,HUGO,6/17/2026 2:51:45 PM,WC26029656,"15XXX  Emerald Dr N, HUGO",CHILD CUSTODY
WASHINGTON COUNTY SHERIFFS OFFICE,HUGO,6/17/2026 4:55:00 PM,WC26029674,"14XXX  - 14499 FOREST BLVD N, HUGO",TRAFFIC STOP
WASHINGTON COUNTY SHERIFFS OFFICE,HUGO,6/17/2026 5:03:00 PM,WC26029675,"5XXX  - 5060 FRENCHMAN RD, HUGO",TRAFFIC STOP
WASHINGTON COUNTY SHERIFFS OFFICE,HUGO,6/17/2026 8:40:00 PM,WC26029695,"14XXX  - 14498 FOREST BLVD N, HUGO",TRAFFIC STOP
WASHINGTON COUNTY SHERIFFS OFFICE,HUGO,6/18/2026 12:21:17 AM,WC26029722,"16XXX  Forest Blvd N, HUGO",ALARM-BUSINESS/RES/FIRE/MEDICAL/ETC
WASHINGTON COUNTY SHERIFFS OFFICE,HUGO,6/18/2026 8:10:00 AM,WC26029751,"170TH ST N / JEFFREY AVE N, HUGO",TRAFFIC STOP
WASHINGTON COUNTY SHERIFFS OFFICE,HUGO,6/18/2026 10:05:06 AM,WC26029780,"15XXX  Enfield Ave N, HUGO",SUSPICIOUS PERSON/ACTIVITY
WASHINGTON COUNTY SHERIFFS OFFICE,HUGO,6/18/2026 11:04:04 AM,WC26029797,"12XXX  INGERSOLL AVE N, HUGO",INCIDENT
WASHINGTON COUNTY SHERIFFS OFFICE,HUGO,6/18/2026 2:13:03 PM,WC26029820,"5XXX  152nd St N, HUGO",911 ABANDONED/HANGUP/OPEN LINE
WASHINGTON COUNTY SHERIFFS OFFICE,HUGO,6/18/2026 3:36:00 PM,WC26029835,"FOREST BLVD N / 159TH ST N, HUGO",TRAFFIC STOP
WASHINGTON COUNTY SHERIFFS OFFICE,HUGO,6/18/2026 3:58:55 PM,WC26029841,"15XXX  Goodview Ave N, HUGO",ALARM-BUSINESS/RES/FIRE/MEDICAL/ETC
WASHINGTON COUNTY SHERIFFS OFFICE,HUGO,6/18/2026 4:16:00 PM,WC26029844,"FOREST BLVD N / 170TH ST N, HUGO",TRAFFIC STOP
WASHINGTON COUNTY SHERIFFS OFFICE,HUGO,6/18/2026 4:52:54 PM,WC26029854,"5XXX  159th St N, HUGO",SUICIDE
WASHINGTON COUNTY SHERIFFS OFFICE,HUGO,6/18/2026 9:29:00 PM,WC26029898,"5XXX  - 5562 137TH ST N, HUGO",DWI
WASHINGTON COUNTY SHERIFFS OFFICE,HUGO,6/19/2026 12:49:00 AM,WC26029932,"FOREST BLVD N / 140TH ST N, HUGO",TRAFFIC STOP
WASHINGTON COUNTY SHERIFFS OFFICE,HUGO,6/19/2026 1:40:21 PM,WC26030010,"15XXX  Block of FOREST BLVD N, HUGO",TRAFFIC STOP
WASHINGTON COUNTY SHERIFFS OFFICE,HUGO,6/19/2026 2:12:41 PM,WC26030012,"13XXX  Fenway Blvd N, HUGO",911 ABANDONED/HANGUP/OPEN LINE
WASHINGTON COUNTY SHERIFFS OFFICE,HUGO,6/19/2026 9:51:57 PM,WC26030082,"13XXX  Geneva Ave N, HUGO",NOISE COMPLAINT/DISTURBANCE
WASHINGTON COUNTY SHERIFFS OFFICE,HUGO,6/19/2026 10:04:21 PM,WC26030086,"14XXX  Glenbrook Ave N, HUGO",NOISE COMPLAINT/DISTURBANCE
WASHINGTON COUNTY SHERIFFS OFFICE,HUGO,6/19/2026 11:11:57 PM,WC26030098,"15XXX  Greene Ave N, HUGO",SUSPICIOUS PERSON/ACTIVITY
WASHINGTON COUNTY SHERIFFS OFFICE,HUGO,6/20/2026 2:55:39 AM,WC26030121,"VICTOR HUGO BLVD N / ROSEMARY WAY N, HUGO",WELFARE CHECK
WASHINGTON COUNTY SHERIFFS OFFICE,HUGO,6/20/2026 7:21:00 AM,WC26030128,"14XXX  - 14584 GENEVA AVE N, HUGO",INCIDENT
WASHINGTON COUNTY SHERIFFS OFFICE,HUGO,6/20/2026 12:53:15 PM,WC26030158,"5XXX  162nd St N, HUGO",MEDICAL
WASHINGTON COUNTY SHERIFFS OFFICE,HUGO,6/20/2026 1:44:06 PM,WC26030164,"4XXX  Fable Hill Pkwy N, HUGO",ALARM-BUSINESS/RES/FIRE/MEDICAL/ETC
WASHINGTON COUNTY SHERIFFS OFFICE,HUGO,6/20/2026 2:11:16 PM,WC26030168,"7XXX  165th St N, HUGO",CIVIL MATTER/DISPUTE
WASHINGTON COUNTY SHERIFFS OFFICE,HUGO,6/20/2026 2:39:45 PM,WC26030177,"14XXX  Victor Hugo Blvd N, HUGO",CHILD CUSTODY
WASHINGTON COUNTY SHERIFFS OFFICE,HUGO,6/20/2026 6:27:55 PM,WC26030217,"4XXX  Prairie Trl N, HUGO",FRAUD/SCAM
WASHINGTON COUNTY SHERIFFS OFFICE,HUGO,6/20/2026 10:23:09 PM,WC26030266,"7XXX  165th St N, HUGO",FAMILY ASSIST
WASHINGTON COUNTY SHERIFFS OFFICE,HUGO,6/20/2026 10:41:00 PM,WC26030272,"FRENCHMAN RD / EVERTON AVE N, HUGO",DWI
WASHINGTON COUNTY SHERIFFS OFFICE,HUGO,6/20/2026 11:37:41 PM,WC26030295,"9XXX  125th St N, HUGO",NOISE COMPLAINT/DISTURBANCE
WASHINGTON COUNTY SHERIFFS OFFICE,LAKE ELMO,6/14/2026 12:16:00 AM,WC26028990,"INWOOD AVE N / 9TH ST N, LAKE ELMO",TRAFFIC STOP
WASHINGTON COUNTY SHERIFFS OFFICE,LAKE ELMO,6/14/2026 3:41:00 AM,WC26029022,"Keats Ave N / 10th St N, LAKE ELMO",ACCIDENT
WASHINGTON COUNTY SHERIFFS OFFICE,LAKE ELMO,6/14/2026 10:30:53 AM,WC26029044,"XX Hwy 36 Wb Jeo Keats Ave N, LAKE ELMO",ROAD HAZARD
WASHINGTON COUNTY SHERIFFS OFFICE,LAKE ELMO,6/14/2026 12:54:54 PM,WC26029065,"3XXX  Lake Elmo Ave N, LAKE ELMO",ANIMAL COMPLAINT
WASHINGTON COUNTY SHERIFFS OFFICE,LAKE ELMO,6/14/2026 1:14:00 PM,WC26029066,"7XXX  50th St N, LAKE ELMO",HRO VIOLATION
WASHINGTON COUNTY SHERIFFS OFFICE,LAKE ELMO,6/14/2026 3:21:45 PM,WC26029081,"2XXX  Keats Ave N, LAKE ELMO",PARK COMPLAINT
WASHINGTON COUNTY SHERIFFS OFFICE,LAKE ELMO,6/14/2026 4:15:45 PM,WC26029090,"5XXX  Isle Ave N, LAKE ELMO",ALARM-BUSINESS/RES/FIRE/MEDICAL/ETC
WASHINGTON COUNTY SHERIFFS OFFICE,LAKE ELMO,6/14/2026 9:10:47 PM,WC26029134,"XXX Jean Ave N, LAKE ELMO",MEDICAL
WASHINGTON COUNTY SHERIFFS OFFICE,LAKE ELMO,6/14/2026 9:41:05 PM,WC26029139,"4XXX  Lady Slipper Rd N, LAKE ELMO",911 ABANDONED/HANGUP/OPEN LINE
WASHINGTON COUNTY SHERIFFS OFFICE,LAKE ELMO,6/14/2026 10:09:00 PM,WC26029142,"Hwy 36 Eb Jwo Keats Ave N, LAKE ELMO",TRAFFIC STOP
WASHINGTON COUNTY SHERIFFS OFFICE,LAKE ELMO,6/14/2026 10:54:05 PM,WC26029148,"XXX Jade Trl N, LAKE ELMO",MEDICAL
WASHINGTON COUNTY SHERIFFS OFFICE,LAKE ELMO,6/14/2026 11:05:14 PM,WC26029150,"8XXX  Upper 9th Pl N, LAKE ELMO",NOISE COMPLAINT/DISTURBANCE
WASHINGTON COUNTY SHERIFFS OFFICE,LAKE ELMO,6/14/2026 11:22:08 PM,WC26029153,"XXX Cimarron, LAKE ELMO",NOISE COMPLAINT/DISTURBANCE
WASHINGTON COUNTY SHERIFFS OFFICE,LAKE ELMO,6/14/2026 11:36:55 PM,WC26029157,"8XXX  Eagle Point Blvd, LAKE ELMO",MEDICAL
WASHINGTON COUNTY SHERIFFS OFFICE,LAKE ELMO,6/14/2026 11:39:25 PM,WC26029159,"Stillwater Blvd N / Jamaca Ave N, LAKE ELMO",TRAFFIC COMPLAINT
WASHINGTON COUNTY SHERIFFS OFFICE,LAKE ELMO,6/15/2026 1:01:18 AM,WC26029170,"11XXX  39th St N, LAKE ELMO",MEDICAL
WASHINGTON COUNTY SHERIFFS OFFICE,LAKE ELMO,6/15/2026 1:09:05 AM,WC26029171,"Unknown, LAKE ELMO",RECOVERED STOLEN
WASHINGTON COUNTY SHERIFFS OFFICE,LAKE ELMO,6/15/2026 4:01:37 AM,WC26029181,"HWY 36 EB AT LAKE ELMO AVE N, LAKE ELMO",TRAFFIC STOP
WASHINGTON COUNTY SHERIFFS OFFICE,LAKE ELMO,6/15/2026 8:05:03 AM,WC26029193,"10XXX  Tapestry Rd, LAKE ELMO",CITIZEN/PUBLIC ASSIST
WASHINGTON COUNTY SHERIFFS OFFICE,LAKE ELMO,6/15/2026 8:38:08 AM,WC26029197,"5XXX  Keats Ave N, LAKE ELMO",CITIZEN/PUBLIC ASSIST
WASHINGTON COUNTY SHERIFFS OFFICE,LAKE ELMO,6/15/2026 8:45:00 AM,WC26029213,"Unknown, LAKE ELMO",PARKING COMPLAINT
WASHINGTON COUNTY SHERIFFS OFFICE,LAKE ELMO,6/15/2026 1:30:55 PM,WC26029251,"8XXX  Eagle Point Blvd, LAKE ELMO",MEDICAL
WASHINGTON COUNTY SHERIFFS OFFICE,LAKE ELMO,6/15/2026 1:57:22 PM,WC26029257,"9XXX  Hudson Blvd N, LAKE ELMO",ACCIDENT
WASHINGTON COUNTY SHERIFFS OFFICE,LAKE ELMO,6/15/2026 2:18:03 PM,WC26029262,"Cimarron / 10th St N, LAKE ELMO",TRAFFIC COMPLAINT
WASHINGTON COUNTY SHERIFFS OFFICE,LAKE ELMO,6/15/2026 3:31:54 PM,WC26029268,"10TH ST N / PALMER DR N, LAKE ELMO",TRAFFIC STOP
WASHINGTON COUNTY SHERIFFS OFFICE,LAKE ELMO,6/15/2026 4:14:49 PM,WC26029282,"9XXX  - 9838 45TH ST N, LAKE ELMO",DIRECTED PATROL
WASHINGTON COUNTY SHERIFFS OFFICE,LAKE ELMO,6/15/2026 4:32:25 PM,WC26029286,"Unknown, LAKE ELMO",OFFICER INFORMATION
WASHINGTON COUNTY SHERIFFS OFFICE,LAKE ELMO,6/15/2026 4:43:32 PM,WC26029291,"XX CIMARRON, LAKE ELMO",MEDICAL
WASHINGTON COUNTY SHERIFFS OFFICE,LAKE ELMO,6/15/2026 5:13:54 PM,WC26029297,"Stillwater Blvd N / Helmo Ave N, LAKE ELMO",DRIVING COMPLAINT
WASHINGTON COUNTY SHERIFFS OFFICE,LAKE ELMO,6/15/2026 5:39:00 PM,WC26029308,"STILLWATER BLVD N / STILLWATER WAY N, LAKE ELMO",TRAFFIC STOP
WASHINGTON COUNTY SHERIFFS OFFICE,LAKE ELMO,6/15/2026 5:54:43 PM,WC26029312,"11XXX  20th St N, LAKE ELMO",MEDICAL
WASHINGTON COUNTY SHERIFFS OFFICE,LAKE ELMO,6/15/2026 6:17:36 PM,WC26029313,"LAKE ELMO AVE N / 30TH ST N, LAKE ELMO",MOTORIST ASSIST
WASHINGTON COUNTY SHERIFFS OFFICE,LAKE ELMO,6/15/2026 9:03:06 PM,WC26029330,"9XXX  HUDSON BLVD N, LAKE ELMO",FOLLOW UP
WASHINGTON COUNTY SHERIFFS OFFICE,LAKE ELMO,6/15/2026 10:48:28 PM,WC26029351,"9XXX  Hudson Blvd N, LAKE ELMO",FOLLOW UP
WASHINGTON COUNTY SHERIFFS OFFICE,LAKE ELMO,6/15/2026 11:01:30 PM,WC26029352,"9XXX  - 9839 45TH ST N, LAKE ELMO",DIRECTED PATROL
WASHINGTON COUNTY SHERIFFS OFFICE,LAKE ELMO,6/16/2026 1:32:37 AM,WC26029373,"3XXX  Kokanee Ln N, LAKE ELMO",MEDICAL
WASHINGTON COUNTY SHERIFFS OFFICE,LAKE ELMO,6/16/2026 5:37:44 AM,WC26029395,"XX Keats Ave N To I94 Wb Ramp, LAKE ELMO",ACCIDENT
WASHINGTON COUNTY SHERIFFS OFFICE,LAKE ELMO,6/16/2026 10:58:13 AM,WC26029435,"7XXX  50th St N, LAKE ELMO",CITIZEN/PUBLIC ASSIST
WASHINGTON COUNTY SHERIFFS OFFICE,LAKE ELMO,6/16/2026 12:08:30 PM,WC26029455,"MANNING TRL N / MANNING AVE N, LAKE ELMO",ANIMAL COMPLAINT
WASHINGTON COUNTY SHERIFFS OFFICE,LAKE ELMO,6/16/2026 3:23:19 PM,WC26029484,"8XXX  Hudson Blvd N, LAKE ELMO",MEDICAL
WASHINGTON COUNTY SHERIFFS OFFICE,LAKE ELMO,6/16/2026 3:49:55 PM,WC26029489,"Hwy 36 Wb Jeo Hilton Trl N, LAKE ELMO",TRAFFIC COMPLAINT
WASHINGTON COUNTY SHERIFFS OFFICE,LAKE ELMO,6/16/2026 4:07:08 PM,WC26029492,"9XXX  31st St N, LAKE ELMO",CIVIL MATTER/DISPUTE
WASHINGTON COUNTY SHERIFFS OFFICE,LAKE ELMO,6/16/2026 4:40:38 PM,WC26029497,"9XXX  Hudson Blvd N, LAKE ELMO",FOLLOW UP
WASHINGTON COUNTY SHERIFFS OFFICE,LAKE ELMO,6/16/2026 5:04:28 PM,WC26029507,"9XXX  53rd St N, LAKE ELMO",911 ABANDONED/HANGUP/OPEN LINE
WASHINGTON COUNTY SHERIFFS OFFICE,LAKE ELMO,6/16/2026 7:02:18 PM,WC26029526,"9XXX  - 9951 STILLWATER BLVD N, LAKE ELMO",ROAD HAZARD
WASHINGTON COUNTY SHERIFFS OFFICE,LAKE ELMO,6/16/2026 7:28:58 PM,WC26029529,"4XXX  Kindred Way, LAKE ELMO",DISTURBANCE
WASHINGTON COUNTY SHERIFFS OFFICE,LAKE ELMO,6/16/2026 7:36:43 PM,WC26029530,"8XXX  Lake Jane Trl N, LAKE ELMO",DISTURBANCE
WASHINGTON COUNTY SHERIFFS OFFICE,LAKE ELMO,6/16/2026 8:11:24 PM,WC26029532,"2XXX  LAKE ELMO AVE N, LAKE ELMO",TRESPASSING
WASHINGTON COUNTY SHERIFFS OFFICE,LAKE ELMO,6/16/2026 8:48:36 PM,WC26029535,"10TH ST N / 10TH STREET CT N, LAKE ELMO",ACCIDENT
WASHINGTON COUNTY SHERIFFS OFFICE,LAKE ELMO,6/16/2026 8:50:01 PM,WC26029536,"XXX Jean Ave N, LAKE ELMO",MEDICAL
WASHINGTON COUNTY SHERIFFS OFFICE,LAKE ELMO,6/17/2026 10:20:55 AM,WC26029620,"9XXX  Hudson Blvd N, LAKE ELMO",FOLLOW UP
WASHINGTON COUNTY SHERIFFS OFFICE,LAKE ELMO,6/17/2026 1:06:47 PM,WC26029641,"8XXX  Demontreville Trl N, LAKE ELMO",ALARM-BUSINESS/RES/FIRE/MEDICAL/ETC
WASHINGTON COUNTY SHERIFFS OFFICE,LAKE ELMO,6/17/2026 6:05:30 PM,WC26029683,"34th St N / Jamaca Ave N, LAKE ELMO",ANIMAL COMPLAINT
WASHINGTON COUNTY SHERIFFS OFFICE,LAKE ELMO,6/18/2026 10:09:42 AM,WC26029781,"12XXX  Marquess Ln N, LAKE ELMO",CIVIL MATTER/DISPUTE
WASHINGTON COUNTY SHERIFFS OFFICE,LAKE ELMO,6/18/2026 11:11:32 AM,WC26029798,"Unknown, LAKE ELMO",FOLLOW UP
WASHINGTON COUNTY SHERIFFS OFFICE,LAKE ELMO,6/18/2026 2:48:44 PM,WC26029830,"9XXX  Stillwater Blvd N, LAKE ELMO",ANIMAL COMPLAINT
WASHINGTON COUNTY SHERIFFS OFFICE,LAKE ELMO,6/18/2026 5:59:19 PM,WC26029862,"HWY 36 EB AT KEATS AVE N, LAKE ELMO",TRAFFIC COMPLAINT
WASHINGTON COUNTY SHERIFFS OFFICE,LAKE ELMO,6/18/2026 7:11:46 PM,WC26029877,"9XXX  16th St N, LAKE ELMO",CIVIL PAPER SERVICE
WASHINGTON COUNTY SHERIFFS OFFICE,LAKE ELMO,6/18/2026 7:30:29 PM,WC26029879,"11XXX  Upper 40th St N, LAKE ELMO",911 ABANDONED/HANGUP/OPEN LINE
WASHINGTON COUNTY SHERIFFS OFFICE,LAKE ELMO,6/18/2026 7:42:29 PM,WC26029883,"8XXX  Eagle Point Blvd, LAKE ELMO",ALARM-BUSINESS/RES/FIRE/MEDICAL/ETC
WASHINGTON COUNTY SHERIFFS OFFICE,LAKE ELMO,6/18/2026 7:46:03 PM,WC26029884,"8XXX  Lake Jane Trl N, LAKE ELMO",ORDINANCE VIOLATION
WASHINGTON COUNTY SHERIFFS OFFICE,LAKE ELMO,6/18/2026 8:43:19 PM,WC26029890,"4XXX  STILLWATER WAY N, LAKE ELMO",CITIZEN/PUBLIC ASSIST
WASHINGTON COUNTY SHERIFFS OFFICE,LAKE ELMO,6/18/2026 9:39:10 PM,WC26029900,"Blazingstar Ln N / Prairieview Trl N, LAKE ELMO",SUSPICIOUS PERSON/ACTIVITY
WASHINGTON COUNTY SHERIFFS OFFICE,LAKE ELMO,6/19/2026 3:25:42 PM,WC26030023,"Unknown, LAKE ELMO",HRO VIOLATION
WASHINGTON COUNTY SHERIFFS OFFICE,LAKE ELMO,6/19/2026 4:11:00 PM,WC26030016,"INWOOD AVE N / 10TH ST N, LAKE ELMO",TRAFFIC STOP
WASHINGTON COUNTY SHERIFFS OFFICE,LAKE ELMO,6/19/2026 4:30:57 PM,WC26030032,"XX Cimarron, LAKE ELMO",MEDICAL
WASHINGTON COUNTY SHERIFFS OFFICE,LAKE ELMO,6/19/2026 4:58:03 PM,WC26030041,"8XXX  27th St N, LAKE ELMO",MEDICAL
WASHINGTON COUNTY SHERIFFS OFFICE,LAKE ELMO,6/19/2026 5:35:13 PM,WC26030048,"10th St N / Jasmine Ave N, LAKE ELMO",ANIMAL COMPLAINT
WASHINGTON COUNTY SHERIFFS OFFICE,LAKE ELMO,6/19/2026 5:49:23 PM,WC26030050,"1XXX  Keats Ave N, LAKE ELMO",LOST PERSON
WASHINGTON COUNTY SHERIFFS OFFICE,LAKE ELMO,6/19/2026 5:54:00 PM,WC26030051,"11XXX  10th St N, LAKE ELMO",ALARM-BUSINESS/RES/FIRE/MEDICAL/ETC
WASHINGTON COUNTY SHERIFFS OFFICE,LAKE ELMO,6/19/2026 8:56:55 PM,WC26030068,"11XXX  32nd St N, LAKE ELMO",NOISE COMPLAINT/DISTURBANCE
WASHINGTON COUNTY SHERIFFS OFFICE,LAKE ELMO,6/19/2026 11:20:00 PM,WC26030099,"CIMARRON, LAKE ELMO",TRAFFIC STOP
WASHINGTON COUNTY SHERIFFS OFFICE,LAKE ELMO,6/20/2026 12:30:45 AM,WC26030107,"9XXX  Hudson Blvd N, LAKE ELMO",MEDICAL
WASHINGTON COUNTY SHERIFFS OFFICE,LAKE ELMO,6/20/2026 5:52:00 AM,WC26030091,"10TH ST N / ISLAND TRL N , LAKE ELMO",TRAFFIC STOP
WASHINGTON COUNTY SHERIFFS OFFICE,LAKE ELMO,6/20/2026 12:54:13 PM,WC26030159,"5XXX  Highlands Trl N, LAKE ELMO",PARKING COMPLAINT
WASHINGTON COUNTY SHERIFFS OFFICE,LAKE ELMO,6/20/2026 4:34:38 PM,WC26030191,"8XXX  39th St N, LAKE ELMO",DISTURBANCE
WASHINGTON COUNTY SHERIFFS OFFICE,LAKE ELMO,6/20/2026 5:58:19 PM,WC26030213,"1XXX  Keats Ave N, LAKE ELMO",PARK INCIDENT-CITY/COUNTY
WASHINGTON COUNTY SHERIFFS OFFICE,LAKE ELMO,6/20/2026 8:28:23 PM,WC26030241,"Hwy 36 Eb Jeo Lake Elmo Ave N, LAKE ELMO",DRIVING COMPLAINT
WASHINGTON COUNTY SHERIFFS OFFICE,LAKE ELMO,6/20/2026 9:45:00 PM,WC26030224,"STILLWATER BLVD N / LAYTON AVE N, LAKE ELMO",TRAFFIC STOP
WASHINGTON COUNTY SHERIFFS OFFICE,LAKE SAINT CROIX BEACH,6/14/2026 12:26:54 AM,WC26028994,"Saint Croix Trl S / 13th St S, LAKE SAINT CROIX BEACH",ROAD HAZARD
WASHINGTON COUNTY SHERIFFS OFFICE,LAKE SAINT CROIX BEACH,6/14/2026 2:49:31 PM,WC26029075,"16XXX  Upper 12th St S, LAKE SAINT CROIX BEACH",OFFICER INFORMATION
WASHINGTON COUNTY SHERIFFS OFFICE,LAKE SAINT CROIX BEACH,6/14/2026 7:26:00 PM,WC26029118,"20TH ST S / RIVIERA AVE S, LAKE SAINT CROIX BEACH",PARKING VIOLATION
WASHINGTON COUNTY SHERIFFS OFFICE,LAKE SAINT CROIX BEACH,6/14/2026 7:36:00 PM,WC26029120,"16XXX  - 16874 19TH ST S, LAKE SAINT CROIX BEACH",TRAFFIC STOP
WASHINGTON COUNTY SHERIFFS OFFICE,LAKE SAINT CROIX BEACH,6/14/2026 8:16:32 PM,WC26029127,"Beach At Lake St Croix Beach Park, LAKE SAINT CROIX BEACH",FIGHT
WASHINGTON COUNTY SHERIFFS OFFICE,LAKE SAINT CROIX BEACH,6/15/2026 5:18:04 PM,WC26029298,"20th St S / Riviera Ave S, LAKE SAINT CROIX BEACH",PARKING COMPLAINT
WASHINGTON COUNTY SHERIFFS OFFICE,LAKE SAINT CROIX BEACH,6/16/2026 6:10:25 PM,WC26029517,"Beach At Lake St Croix Beach Park, LAKE SAINT CROIX BEACH",NOISE COMPLAINT/DISTURBANCE
WASHINGTON COUNTY SHERIFFS OFFICE,LAKE SAINT CROIX BEACH,6/17/2026 3:13:22 PM,WC26029661,"22nd St S / Quebec Ave S, LAKE SAINT CROIX BEACH",ANIMAL COMPLAINT
WASHINGTON COUNTY SHERIFFS OFFICE,LAKE SAINT CROIX BEACH,6/19/2026 4:54:21 PM,WC26030039,"1XXX  SAINT CROIX TRL S, LAKE SAINT CROIX BEACH",CITIZEN/PUBLIC ASSIST
WASHINGTON COUNTY SHERIFFS OFFICE,LAKE SAINT CROIX BEACH,6/19/2026 11:20:44 PM,WC26030100,"1XXX  Ramada Ave S, LAKE SAINT CROIX BEACH",SUSPICIOUS PERSON/ACTIVITY
WASHINGTON COUNTY SHERIFFS OFFICE,LAKE SAINT CROIX BEACH,6/20/2026 7:51:08 PM,WC26030234,"1XXX  Quant Ave S, LAKE SAINT CROIX BEACH",MEDICAL
WASHINGTON COUNTY SHERIFFS OFFICE,LAKELAND,6/14/2026 3:17:55 PM,WC26029080,"16XXX  Division St, LAKELAND",911 ABANDONED/HANGUP/OPEN LINE
WASHINGTON COUNTY SHERIFFS OFFICE,LAKELAND,6/14/2026 4:31:35 PM,WC26029094,"16XXX  2nd St N, LAKELAND",DISTURBANCE
WASHINGTON COUNTY SHERIFFS OFFICE,LAKELAND,6/14/2026 6:00:27 PM,WC26029107,"Saint Croix Trl S / Division St, LAKELAND",TRAFFIC COMPLAINT
WASHINGTON COUNTY SHERIFFS OFFICE,LAKELAND,6/15/2026 3:45:14 AM,WC26029179,"I94 Wb Jeo Saint Croix Trl N, LAKELAND",TRAFFIC COMPLAINT
WASHINGTON COUNTY SHERIFFS OFFICE,LAKELAND,6/15/2026 8:15:08 AM,WC26029195,"XXX Quinlan Ave N, LAKELAND",WELFARE CHECK
WASHINGTON COUNTY SHERIFFS OFFICE,LAKELAND,6/15/2026 8:40:30 AM,WC26029199,"Unknown, LAKELAND",COMMUNITY CONTACT
WASHINGTON COUNTY SHERIFFS OFFICE,LAKELAND,6/15/2026 8:07:02 PM,WC26029325,"I94 Bridge (hudson): I94 Eb - Mn, LAKELAND",ASSIST OTHER AGENCY
WASHINGTON COUNTY SHERIFFS OFFICE,LAKELAND,6/15/2026 10:41:27 PM,WC26029348,"XX I94 Eb Jwo Saint Croix Trl N, LAKELAND",ASSIST OTHER AGENCY
WASHINGTON COUNTY SHERIFFS OFFICE,LAKELAND,6/16/2026 5:22:16 PM,WC26029511,"XXX Queenan Ave S, LAKELAND",OVERDOSE
WASHINGTON COUNTY SHERIFFS OFFICE,LAKELAND,6/17/2026 4:10:22 AM,WC26029595,"16XXX  Hudson Blvd N, LAKELAND",SUSPICIOUS PERSON/ACTIVITY
WASHINGTON COUNTY SHERIFFS OFFICE,LAKELAND,6/17/2026 3:50:20 PM,WC26029666,"16XXX  8th St N, LAKELAND",REQUEST FOR EMERGENCY EXAM - 72 HR HOLD
WASHINGTON COUNTY SHERIFFS OFFICE,LAKELAND,6/20/2026 10:10:06 AM,WC26030142,"XXX Quant Ave N, LAKELAND",MEDICAL
WASHINGTON COUNTY SHERIFFS OFFICE,LAKELAND,6/20/2026 4:10:55 PM,WC26030189,"XX I94 Wb To St Croix Trail North Ramp, LAKELAND",ACCIDENT
WASHINGTON COUNTY SHERIFFS OFFICE,LAKELAND,6/20/2026 5:39:51 PM,WC26030207,"SAINT CROIX RIVER-LL, LAKELAND",BOAT STOP
WASHINGTON COUNTY SHERIFFS OFFICE,LAKELAND,6/20/2026 5:49:29 PM,WC26030210,"SAINT CROIX RIVER-LL, LAKELAND",BOAT STOP
WASHINGTON COUNTY SHERIFFS OFFICE,LAKELAND,6/20/2026 6:44:29 PM,WC26030219,"SAINT CROIX RIVER-LL, LAKELAND",Boat Stop
WASHINGTON COUNTY SHERIFFS OFFICE,LAKELAND,6/20/2026 7:13:15 PM,WC26030228,"1XXX  Rivercrest Rd N, LAKELAND",MEDICAL
WASHINGTON COUNTY SHERIFFS OFFICE,LAKELAND SHORES,6/20/2026 2:34:24 PM,WC26030174,"SAINT CROIX RIVER-LLS, LAKELAND SHORES",BOAT STOP
WASHINGTON COUNTY SHERIFFS OFFICE,LANDFALL,6/14/2026 5:42:28 PM,WC26029103,"XXX DELLWOOD SQ NORTH, LANDFALL",HRO VIOLATION
WASHINGTON COUNTY SHERIFFS OFFICE,LANDFALL,6/14/2026 6:33:55 PM,WC26029112,"XXX Dellwood Sq N, LANDFALL",FOLLOW UP
WASHINGTON COUNTY SHERIFFS OFFICE,LANDFALL,6/17/2026 10:59:00 PM,WC26029713,"XX GARDEN GLN, LANDFALL",911 ABANDONED/HANGUP/OPEN LINE
WASHINGTON COUNTY SHERIFFS OFFICE,LANDFALL,6/18/2026 4:52:56 PM,WC26029856,"XX heather way, LANDFALL",PROPERTY DAMAGE
WASHINGTON COUNTY SHERIFFS OFFICE,LANDFALL,6/19/2026 2:48:22 AM,WC26029944,"XX Evergreen Dr, LANDFALL",MEDICAL
WASHINGTON COUNTY SHERIFFS OFFICE,LANDFALL,6/20/2026 2:13:21 AM,WC26030117,"XX ASPEN WAY, LANDFALL",SUSPICIOUS PERSON/ACTIVITY
WASHINGTON COUNTY SHERIFFS OFFICE,LANDFALL,6/20/2026 6:05:00 AM,WC26030114,"DELLWOOD SQ / DELLWOOD LN, LANDFALL",TRAFFIC STOP
WASHINGTON COUNTY SHERIFFS OFFICE,MAHTOMEDI,6/14/2026 9:47:18 AM,WC26029041,"XXX Wildwood Rd, MAHTOMEDI",WELFARE CHECK
WASHINGTON COUNTY SHERIFFS OFFICE,MAHTOMEDI,6/14/2026 10:29:19 AM,WC26029043,"1XXX  Lincoltown Ave, MAHTOMEDI",PROPERTY DAMAGE
WASHINGTON COUNTY SHERIFFS OFFICE,MAHTOMEDI,6/14/2026 4:08:17 PM,WC26029087,"XX Mahtomedi Ave, MAHTOMEDI",MEDICAL
WASHINGTON COUNTY SHERIFFS OFFICE,MAHTOMEDI,6/14/2026 7:24:43 PM,WC26029123,"1XXX  Iverness Pl, MAHTOMEDI",FOLLOW UP
WASHINGTON COUNTY SHERIFFS OFFICE,MAHTOMEDI,6/14/2026 8:40:58 PM,WC26029130,"Warner Ave N / Greenwood St, MAHTOMEDI",ANIMAL COMPLAINT
WASHINGTON COUNTY SHERIFFS OFFICE,MAHTOMEDI,6/14/2026 8:51:35 PM,WC26029131,"XXX Wildwood Rd, MAHTOMEDI",ALARM-BUSINESS/RES/FIRE/MEDICAL/ETC
WASHINGTON COUNTY SHERIFFS OFFICE,MAHTOMEDI,6/14/2026 9:26:25 PM,WC26029138,"XXX Dahlia St, MAHTOMEDI",MEDICAL
WASHINGTON COUNTY SHERIFFS OFFICE,MAHTOMEDI,6/14/2026 10:07:38 PM,WC26029143,"XXX Stillwater Rd, MAHTOMEDI",NOISE COMPLAINT/DISTURBANCE
WASHINGTON COUNTY SHERIFFS OFFICE,MAHTOMEDI,6/14/2026 11:44:44 PM,WC26029160,"1XXX  IVERNESS PL, MAHTOMEDI",FOLLOW UP
WASHINGTON COUNTY SHERIFFS OFFICE,MAHTOMEDI,6/15/2026 8:11:27 AM,WC26029194,"1XXX  Wildwood Rd, MAHTOMEDI",ACCIDENT
WASHINGTON COUNTY SHERIFFS OFFICE,MAHTOMEDI,6/15/2026 9:33:39 AM,WC26029208,"XXX Mahtomedi Ave, MAHTOMEDI",SUSPICIOUS PERSON/ACTIVITY
WASHINGTON COUNTY SHERIFFS OFFICE,MAHTOMEDI,6/15/2026 12:25:48 PM,WC26029237,"XXX Loretta Ln, MAHTOMEDI",ANIMAL COMPLAINT
WASHINGTON COUNTY SHERIFFS OFFICE,MAHTOMEDI,6/15/2026 12:43:34 PM,WC26029242,"XXX Wildwood Rd, MAHTOMEDI",MEDICAL
WASHINGTON COUNTY SHERIFFS OFFICE,MAHTOMEDI,6/15/2026 3:47:30 PM,WC26029274,"3XXX  Century Ave, MAHTOMEDI",ANIMAL COMPLAINT
WASHINGTON COUNTY SHERIFFS OFFICE,MAHTOMEDI,6/15/2026 9:47:41 PM,WC26029337,"XXX Wildwood Bay Dr, MAHTOMEDI",ALARM-BUSINESS/RES/FIRE/MEDICAL/ETC
WASHINGTON COUNTY SHERIFFS OFFICE,MAHTOMEDI,6/16/2026 12:00:00 AM,WC26029392,"LONG LAKE RD / CENTURY AVE, MAHTOMEDI",TRAFFIC STOP
WASHINGTON COUNTY SHERIFFS OFFICE,MAHTOMEDI,6/16/2026 12:32:51 AM,WC26029364,"1XXX  PARK AVE, MAHTOMEDI",SUSPICIOUS PERSON/ACTIVITY
WASHINGTON COUNTY SHERIFFS OFFICE,MAHTOMEDI,6/16/2026 3:01:00 AM,WC26029384,"XXX LINCOLNTOWN AVE, MAHTOMEDI",SUSPICIOUS PERSON/ACTIVITY
WASHINGTON COUNTY SHERIFFS OFFICE,MAHTOMEDI,6/16/2026 8:32:54 AM,WC26029407,"XXX Stillwater Rd, MAHTOMEDI",ALARM-BUSINESS/RES/FIRE/MEDICAL/ETC
WASHINGTON COUNTY SHERIFFS OFFICE,MAHTOMEDI,6/16/2026 1:13:12 PM,WC26029463,"XXX Wildwood Rd, MAHTOMEDI",MEDICAL
WASHINGTON COUNTY SHERIFFS OFFICE,MAHTOMEDI,6/16/2026 5:01:19 PM,WC26029505,"XXX Ledgestone Dr, MAHTOMEDI",CITIZEN/PUBLIC ASSIST
WASHINGTON COUNTY SHERIFFS OFFICE,MAHTOMEDI,6/16/2026 8:52:43 PM,WC26029537,"XXX Dwinnell Ave, MAHTOMEDI",ACCIDENT
WASHINGTON COUNTY SHERIFFS OFFICE,MAHTOMEDI,6/16/2026 8:57:54 PM,WC26029538,"XXX QUAIL ST, MAHTOMEDI",WARRANT ATTEMPT
WASHINGTON COUNTY SHERIFFS OFFICE,MAHTOMEDI,6/17/2026 8:06:48 AM,WC26029603,"XXX Mahtomedi Ave, MAHTOMEDI",911 ABANDONED/HANGUP/OPEN LINE
WASHINGTON COUNTY SHERIFFS OFFICE,MAHTOMEDI,6/17/2026 11:19:00 AM,WC26029629,"Hilton Tr N & Stillwater Rd, MAHTOMEDI",TRAFFIC STOP
WASHINGTON COUNTY SHERIFFS OFFICE,MAHTOMEDI,6/17/2026 1:09:33 PM,WC26029642,"Hilton Trl N / Stillwater Rd, MAHTOMEDI",ANIMAL COMPLAINT
WASHINGTON COUNTY SHERIFFS OFFICE,MAHTOMEDI,6/17/2026 2:56:26 PM,WC26029658,"XXX Ledgestone Dr, MAHTOMEDI",MEDICAL
WASHINGTON COUNTY SHERIFFS OFFICE,MAHTOMEDI,6/17/2026 3:43:00 PM,WC26029665,"XX LONG LAKE RD, MAHTOMEDI",TRAFFIC STOP
WASHINGTON COUNTY SHERIFFS OFFICE,MAHTOMEDI,6/17/2026 4:14:23 PM,WC26029668,"XX Mahtomedi Ave, MAHTOMEDI",WELFARE CHECK
WASHINGTON COUNTY SHERIFFS OFFICE,MAHTOMEDI,6/17/2026 8:14:00 PM,WC26029691,"XX Long Lake Rd, MAHTOMEDI",ASSAULT
WASHINGTON COUNTY SHERIFFS OFFICE,MAHTOMEDI,6/18/2026 4:41:29 AM,WC26029742,"XXX Mahtomedi Ave, MAHTOMEDI",MEDICAL
WASHINGTON COUNTY SHERIFFS OFFICE,MAHTOMEDI,6/18/2026 8:29:53 AM,WC26029754,"Mahtomedi Ave / Quail St, MAHTOMEDI",ROAD HAZARD
WASHINGTON COUNTY SHERIFFS OFFICE,MAHTOMEDI,6/18/2026 10:22:48 AM,WC26029785,"XXX East Ave, MAHTOMEDI",MEDICAL
WASHINGTON COUNTY SHERIFFS OFFICE,MAHTOMEDI,6/18/2026 1:44:16 PM,WC26029817,"XX Old Wildwood Rd, MAHTOMEDI",ALARM-BUSINESS/RES/FIRE/MEDICAL/ETC
WASHINGTON COUNTY SHERIFFS OFFICE,MAHTOMEDI,6/18/2026 4:37:02 PM,WC26029850,"XXX Woodland Dr, MAHTOMEDI",DISTURBANCE
WASHINGTON COUNTY SHERIFFS OFFICE,MAHTOMEDI,6/18/2026 5:04:39 PM,WC26029857,"1XXX  Mahtomedi Ave, MAHTOMEDI",CITIZEN/PUBLIC ASSIST
WASHINGTON COUNTY SHERIFFS OFFICE,MAHTOMEDI,6/18/2026 6:59:31 PM,WC26029875,"XXX Stillwater Rd, MAHTOMEDI",CIVIL MATTER/DISPUTE
WASHINGTON COUNTY SHERIFFS OFFICE,MAHTOMEDI,6/18/2026 10:40:00 PM,WC26029910,"LONG LAKE RD / CENTURY AVE, MAHTOMEDI",TRAFFIC STOP
WASHINGTON COUNTY SHERIFFS OFFICE,MAHTOMEDI,6/18/2026 10:51:59 PM,WC26029911,"XX LONG LAKE RD, MAHTOMEDI",INCIDENT
WASHINGTON COUNTY SHERIFFS OFFICE,MAHTOMEDI,6/19/2026 7:52:12 AM,WC26029971,"XXX - 632 MAHTOMEDI AVE, MAHTOMEDI",TRAFFIC STOP
WASHINGTON COUNTY SHERIFFS OFFICE,MAHTOMEDI,6/19/2026 9:26:24 AM,WC26029985,"1XXX  Berwick Ln, MAHTOMEDI",MEDICAL
WASHINGTON COUNTY SHERIFFS OFFICE,MAHTOMEDI,6/19/2026 1:11:11 PM,WC26030007,"XX Long Lake Rd, MAHTOMEDI",911 ABANDONED/HANGUP/OPEN LINE
WASHINGTON COUNTY SHERIFFS OFFICE,MAHTOMEDI,6/19/2026 2:21:02 PM,WC26030014,"XXX MAHTOMEDI AVE, MAHTOMEDI",WARRANT ATTEMPT
WASHINGTON COUNTY SHERIFFS OFFICE,MAHTOMEDI,6/19/2026 9:14:22 PM,WC26030074,"1XXX  Echo Lake Ct, MAHTOMEDI",MEDICAL
WASHINGTON COUNTY SHERIFFS OFFICE,MAHTOMEDI,6/19/2026 10:41:20 PM,WC26030094,"XX Spruce St, MAHTOMEDI",NOISE COMPLAINT/DISTURBANCE
WASHINGTON COUNTY SHERIFFS OFFICE,MAHTOMEDI,6/19/2026 11:55:52 PM,WC26030103,"XXX Wildwood Rd, MAHTOMEDI",UNWANTED PERSON/VEHICLE
WASHINGTON COUNTY SHERIFFS OFFICE,MAHTOMEDI,6/20/2026 1:05:08 AM,WC26030111,"XXX Wildwood Rd, MAHTOMEDI",MEDICAL
WASHINGTON COUNTY SHERIFFS OFFICE,MAHTOMEDI,6/20/2026 2:40:17 AM,WC26030119,"XXX Stillwater Rd, MAHTOMEDI",DANCO VIOLATION
WASHINGTON COUNTY SHERIFFS OFFICE,MAHTOMEDI,6/20/2026 2:05:39 PM,WC26030167,"XXX Park Ave, MAHTOMEDI",911 ABANDONED/HANGUP/OPEN LINE
WASHINGTON COUNTY SHERIFFS OFFICE,MAHTOMEDI,6/20/2026 3:04:41 PM,WC26030180,"XX Long Lake Rd, MAHTOMEDI",911 ABANDONED/HANGUP/OPEN LINE
WASHINGTON COUNTY SHERIFFS OFFICE,MAHTOMEDI,6/20/2026 5:02:56 PM,WC26030199,"XXX East Ave, MAHTOMEDI",MEDICAL
WASHINGTON COUNTY SHERIFFS OFFICE,MAHTOMEDI,6/20/2026 6:39:01 PM,WC26030218,"XXX Stillwater Rd, MAHTOMEDI",911 ABANDONED/HANGUP/OPEN LINE
WASHINGTON COUNTY SHERIFFS OFFICE,MAHTOMEDI,6/20/2026 6:47:59 PM,WC26030222,"XXX Stillwater Rd, MAHTOMEDI",JUVENILE COMPLAINT
WASHINGTON COUNTY SHERIFFS OFFICE,MAHTOMEDI,6/20/2026 7:56:31 PM,WC26030235,"XXX Warner Ave N, MAHTOMEDI",SUSPICIOUS PERSON/ACTIVITY
WASHINGTON COUNTY SHERIFFS OFFICE,MAHTOMEDI,6/20/2026 10:10:41 PM,WC26030264,"XXX Edgecumbe Dr, MAHTOMEDI",FIREWORKS
WASHINGTON COUNTY SHERIFFS OFFICE,MAHTOMEDI,6/20/2026 10:18:31 PM,WC26030265,"DAHLIA ST/FOREST AVE, MAHTOMEDI",DISTURBANCE
WASHINGTON COUNTY SHERIFFS OFFICE,MAHTOMEDI,6/20/2026 10:22:28 PM,WC26030267,"XXX East Ave, MAHTOMEDI",MEDICAL
WASHINGTON COUNTY SHERIFFS OFFICE,MAHTOMEDI,6/20/2026 11:38:14 PM,WC26030294,"XXX Kale St, MAHTOMEDI",FOLLOW UP
WASHINGTON COUNTY SHERIFFS OFFICE,MARINE ON SAINT CROIX,6/15/2026 1:52:55 PM,WC26029255,"18XXX  Saint Croix Trl N, MARINE ON SAINT CROIX",PROPERTY DAMAGE
WASHINGTON COUNTY SHERIFFS OFFICE,MARINE ON SAINT CROIX,6/17/2026 11:41:47 AM,WC26029631,"XXX Judd St, MARINE ON SAINT CROIX",SUSPICIOUS PERSON/ACTIVITY
WASHINGTON COUNTY SHERIFFS OFFICE,MARINE ON SAINT CROIX,6/17/2026 2:44:32 PM,WC26029655,"Saint Croix Trl N / Judd St, MARINE ON SAINT CROIX",ROAD HAZARD
WASHINGTON COUNTY SHERIFFS OFFICE,MARINE ON SAINT CROIX,6/20/2026 11:41:53 PM,WC26030292,"Saint Croix River Wm Obrien Boat Landing-sc, MARINE ON SAINT CROIX",WATER COMPLAINT
WASHINGTON COUNTY SHERIFFS OFFICE,MAY TOWNSHIP,6/14/2026 6:33:28 AM,WC26029027,"14XXX  Racine Ave N, MAY TOWNSHIP",MEDICAL
WASHINGTON COUNTY SHERIFFS OFFICE,MAY TOWNSHIP,6/14/2026 3:28:00 PM,WC26029082,"11XXX  - 12298 SQUARE LAKE TRL N, MAY TOWNSHIP",TRAFFIC STOP
WASHINGTON COUNTY SHERIFFS OFFICE,MAY TOWNSHIP,6/14/2026 6:45:30 PM,WC26029121,"13XXX  Panorama Ave N, MAY TOWNSHIP",SUSPICIOUS PERSON/ACTIVITY
WASHINGTON COUNTY SHERIFFS OFFICE,MAY TOWNSHIP,6/14/2026 11:43:00 PM,WC26029161,"11XXX  - 11799 SQUARE LAKE TRL N, MAY TOWNSHIP",TRAFFIC STOP
WASHINGTON COUNTY SHERIFFS OFFICE,MAY TOWNSHIP,6/15/2026 5:09:08 PM,WC26029300,"Unknown, MAY TOWNSHIP",FOLLOW UP
WASHINGTON COUNTY SHERIFFS OFFICE,MAY TOWNSHIP,6/15/2026 5:37:00 PM,WC26029304,"SQUARE LAKE TRL N / MAY AVE N, MAY TOWNSHIP",TRAFFIC STOP
WASHINGTON COUNTY SHERIFFS OFFICE,MAY TOWNSHIP,6/16/2026 12:54:58 PM,WC26029460,"XX Moonlight Bay, MAY TOWNSHIP",ASSIST OTHER AGENCY
WASHINGTON COUNTY SHERIFFS OFFICE,MAY TOWNSHIP,6/16/2026 7:07:53 PM,WC26029528,"13XXX  Panorama Ave N, MAY TOWNSHIP",OFFICER INFORMATION
WASHINGTON COUNTY SHERIFFS OFFICE,MAY TOWNSHIP,6/16/2026 9:53:00 PM,WC26029548,"170th St N / Manning Trl N, MAY TOWNSHIP",DWI
WASHINGTON COUNTY SHERIFFS OFFICE,MAY TOWNSHIP,6/16/2026 9:53:29 PM,WC26029547,"14XXX  131st St N, MAY TOWNSHIP",MEDICAL
WASHINGTON COUNTY SHERIFFS OFFICE,MAY TOWNSHIP,6/17/2026 7:59:26 AM,WC26029602,"13XXX  OZARK TRL N, MAY TOWNSHIP",ANIMAL COMPLAINT
WASHINGTON COUNTY SHERIFFS OFFICE,MAY TOWNSHIP,6/17/2026 12:02:37 PM,WC26029633,"16XXX  Norell Ave N, MAY TOWNSHIP",INCIDENT
WASHINGTON COUNTY SHERIFFS OFFICE,MAY TOWNSHIP,6/17/2026 12:06:04 PM,WC26029635,"XX Moonlight Bay, MAY TOWNSHIP",FOLLOW UP
WASHINGTON COUNTY SHERIFFS OFFICE,MAY TOWNSHIP,6/18/2026 10:30:25 AM,WC26029790,"Arcola Bridge (rr High Brg Swt) - Mn, MAY TOWNSHIP",WATER COMPLAINT
WASHINGTON COUNTY SHERIFFS OFFICE,MAY TOWNSHIP,6/18/2026 10:37:55 AM,WC26029792,"XX Moonlight Bay, MAY TOWNSHIP",WELFARE CHECK
WASHINGTON COUNTY SHERIFFS OFFICE,MAY TOWNSHIP,6/18/2026 5:46:19 PM,WC26029859,"13XXX  Ozark Trl N, MAY TOWNSHIP",ANIMAL COMPLAINT
WASHINGTON COUNTY SHERIFFS OFFICE,MAY TOWNSHIP,6/18/2026 7:08:18 PM,WC26029876,"Partridge Rd N / Square Lake Trl N, MAY TOWNSHIP",DRIVING COMPLAINT
WASHINGTON COUNTY SHERIFFS OFFICE,MAY TOWNSHIP,6/19/2026 12:27:12 AM,WC26029925,"11XXX -BLK 170TH ST N, MAY TOWNSHIP",CITIZEN/PUBLIC ASSIST
WASHINGTON COUNTY SHERIFFS OFFICE,MAY TOWNSHIP,6/19/2026 6:49:41 AM,WC26029960,"12XXX  Quail Avenue Ln N, MAY TOWNSHIP",FRAUD/SCAM
WASHINGTON COUNTY SHERIFFS OFFICE,MAY TOWNSHIP,6/19/2026 9:16:02 AM,WC26029983,"XX Moonlight Bay, MAY TOWNSHIP",CHILD CUSTODY
WASHINGTON COUNTY SHERIFFS OFFICE,MAY TOWNSHIP,6/20/2026 4:50:10 PM,WC26030197,"MANNING TRL N / 170TH ST N, MAY TOWNSHIP",ACCIDENT
WASHINGTON COUNTY SHERIFFS OFFICE,MAY TOWNSHIP,6/20/2026 6:18:37 PM,WC26030215,"17XXX  Manning Trl N, MAY TOWNSHIP",SUSPICIOUS PERSON/ACTIVITY
WASHINGTON COUNTY SHERIFFS OFFICE,MAY TOWNSHIP,6/20/2026 10:09:50 PM,WC26030262,"XX Moonlight Bay, MAY TOWNSHIP",CIVIL MATTER/DISPUTE
WASHINGTON COUNTY SHERIFFS OFFICE,NEWPORT,6/14/2026 12:11:25 AM,WC26028989,"XXX 11th St, NEWPORT",SUSPICIOUS PERSON/ACTIVITY
WASHINGTON COUNTY SHERIFFS OFFICE,NEWPORT,6/14/2026 12:15:42 AM,WC26028997,"1XXX  10th Ave, NEWPORT",MEDICAL
WASHINGTON COUNTY SHERIFFS OFFICE,NEWPORT,6/14/2026 1:29:42 AM,WC26029007,"HASTINGS AVE / 65TH ST, NEWPORT",INCIDENT
WASHINGTON COUNTY SHERIFFS OFFICE,NEWPORT,6/14/2026 8:27:56 AM,WC26029031,"XX I494 Eb To Maxwell Ave Ramp, NEWPORT",ASSIST OTHER AGENCY
WASHINGTON COUNTY SHERIFFS OFFICE,NEWPORT,6/14/2026 9:02:03 AM,WC26029036,"XXX Red Rock Xing, NEWPORT",911 ABANDONED/HANGUP/OPEN LINE
WASHINGTON COUNTY SHERIFFS OFFICE,NEWPORT,6/14/2026 9:51:55 AM,WC26029042,"1XXX  10th Ave, NEWPORT",UNWANTED PERSON/VEHICLE
WASHINGTON COUNTY SHERIFFS OFFICE,NEWPORT,6/14/2026 11:49:42 AM,WC26029056,"1XXX  Wild Ridge Ct S, NEWPORT",ASSIST OTHER AGENCY
WASHINGTON COUNTY SHERIFFS OFFICE,NEWPORT,6/14/2026 12:06:25 PM,WC26029059,"1XXX  11th Ave, NEWPORT",ANIMAL COMPLAINT
WASHINGTON COUNTY SHERIFFS OFFICE,NEWPORT,6/14/2026 12:52:33 PM,WC26029064,"XXX 18th St, NEWPORT",MEDICAL
WASHINGTON COUNTY SHERIFFS OFFICE,NEWPORT,6/14/2026 6:32:00 PM,WC26029111,"Hwy 61 SB @ Maxwell Ave, NEWPORT",TRAFFIC STOP
WASHINGTON COUNTY SHERIFFS OFFICE,NEWPORT,6/14/2026 6:59:00 PM,WC26029115,"Hwy 61 SB @ Maxwell Ave, NEWPORT",TRAFFIC STOP
WASHINGTON COUNTY SHERIFFS OFFICE,NEWPORT,6/14/2026 7:08:04 PM,WC26029117,"1XXX  1st Ave, NEWPORT",WELFARE CHECK
WASHINGTON COUNTY SHERIFFS OFFICE,NEWPORT,6/14/2026 7:10:29 PM,WC26029116,"1XXX  - 1198 7TH AVE, NEWPORT",DIRECTED PATROL
WASHINGTON COUNTY SHERIFFS OFFICE,NEWPORT,6/14/2026 7:59:54 PM,WC26029125,"XXX Red Rock Xing, NEWPORT",911 ABANDONED/HANGUP/OPEN LINE
WASHINGTON COUNTY SHERIFFS OFFICE,NEWPORT,6/14/2026 8:01:43 PM,WC26029126,"2XXX  HASTINGS AVE, NEWPORT",MEDICAL
WASHINGTON COUNTY SHERIFFS OFFICE,NEWPORT,6/14/2026 8:20:50 PM,WC26029128,"1XXX  10th Ave, NEWPORT",CIVIL MATTER/DISPUTE
WASHINGTON COUNTY SHERIFFS OFFICE,NEWPORT,6/14/2026 9:22:07 PM,WC26029137,"1XXX  Mark Ct, NEWPORT",MEDICAL
WASHINGTON COUNTY SHERIFFS OFFICE,NEWPORT,6/14/2026 10:10:41 PM,WC26029144,"1XXX  Hastings Ave, NEWPORT",ALARM-BUSINESS/RES/FIRE/MEDICAL/ETC
WASHINGTON COUNTY SHERIFFS OFFICE,NEWPORT,6/14/2026 11:15:06 PM,WC26029152,"Hwy 61 Sb To 70th St S Ramp, NEWPORT",TRAFFIC COMPLAINT
WASHINGTON COUNTY SHERIFFS OFFICE,NEWPORT,6/15/2026 12:31:52 AM,WC26029167,"1XXX  2nd Ave, NEWPORT",NOISE COMPLAINT/DISTURBANCE
WASHINGTON COUNTY SHERIFFS OFFICE,NEWPORT,6/15/2026 2:04:30 AM,WC26029174,"1XXX  - 1298 BAILEY RD, NEWPORT",DIRECTED PATROL
WASHINGTON COUNTY SHERIFFS OFFICE,NEWPORT,6/15/2026 3:08:36 AM,WC26029177,"1XXX  2nd Ave, NEWPORT",MEDICAL
WASHINGTON COUNTY SHERIFFS OFFICE,NEWPORT,6/15/2026 5:16:26 AM,WC26029184,"Glen Rd Over Hwy 61, NEWPORT",INCIDENT
WASHINGTON COUNTY SHERIFFS OFFICE,NEWPORT,6/15/2026 7:27:09 AM,WC26029190,"1XXX  10th Ave, NEWPORT",ALARM-BUSINESS/RES/FIRE/MEDICAL/ETC
WASHINGTON COUNTY SHERIFFS OFFICE,NEWPORT,6/15/2026 11:43:11 AM,WC26029231,"Bailey Rd / Hastings Ave, NEWPORT",TRAFFIC COMPLAINT
WASHINGTON COUNTY SHERIFFS OFFICE,NEWPORT,6/15/2026 12:38:00 PM,WC26029240,"HWY 61 NB AT 494, NEWPORT",TRAFFIC STOP
WASHINGTON COUNTY SHERIFFS OFFICE,NEWPORT,6/15/2026 1:56:40 PM,WC26029256,"1XXX  - 1699 GLEN RD, NEWPORT",DIRECTED PATROL
WASHINGTON COUNTY SHERIFFS OFFICE,NEWPORT,6/15/2026 3:32:52 PM,WC26029269,"HWY 61 SB TO 70TH ST S RAMP, NEWPORT",DRIVING COMPLAINT
WASHINGTON COUNTY SHERIFFS OFFICE,NEWPORT,6/15/2026 4:04:23 PM,WC26029280,"2XXX  2nd Ave, NEWPORT",TRESPASSING
WASHINGTON COUNTY SHERIFFS OFFICE,NEWPORT,6/15/2026 4:40:14 PM,WC26029289,"1XXX  8th Ave, NEWPORT",THREATS
WASHINGTON COUNTY SHERIFFS OFFICE,NEWPORT,6/15/2026 11:34:39 PM,WC26029358,"HWY 61 NB TO GLEN RD RAMP, NEWPORT",ASSIST OTHER AGENCY
WASHINGTON COUNTY SHERIFFS OFFICE,NEWPORT,6/16/2026 12:36:43 AM,WC26029365,"XXX - 1148 HASTINGS AVE, NEWPORT",TRAFFIC STOP
WASHINGTON COUNTY SHERIFFS OFFICE,NEWPORT,6/16/2026 1:07:46 AM,WC26029368,"BAILEY RD / STERLING AVE, NEWPORT",DIRECTED PATROL
WASHINGTON COUNTY SHERIFFS OFFICE,NEWPORT,6/16/2026 3:28:21 AM,WC26029389,"HWY 61 SB TO GLEN RD RAMP, NEWPORT",DIRECTED PATROL
WASHINGTON COUNTY SHERIFFS OFFICE,NEWPORT,6/16/2026 3:45:00 AM,WC26029391,"XX HWY 61 SB TO 70TH ST S RAMP, NEWPORT",TRAFFIC STOP
WASHINGTON COUNTY SHERIFFS OFFICE,NEWPORT,6/16/2026 9:48:00 AM,WC26029412,"1XXX  2nd ave, NEWPORT",ORDINANCE VIOLATION
WASHINGTON COUNTY SHERIFFS OFFICE,NEWPORT,6/16/2026 11:05:00 AM,WC26029436,"BAILEY RD / MILITARY RD, NEWPORT",TRAFFIC STOP
WASHINGTON COUNTY SHERIFFS OFFICE,NEWPORT,6/16/2026 2:34:28 PM,WC26029475,"1XXX  4th Ave, NEWPORT",CITIZEN/PUBLIC ASSIST
WASHINGTON COUNTY SHERIFFS OFFICE,NEWPORT,6/16/2026 3:15:53 PM,WC26029482,"1XXX  10th Ave, NEWPORT",DEATH
WASHINGTON COUNTY SHERIFFS OFFICE,NEWPORT,6/16/2026 10:23:28 PM,WC26029557,"1XXX  GLEN RD, NEWPORT",TRAFFIC STOP
WASHINGTON COUNTY SHERIFFS OFFICE,NEWPORT,6/17/2026 12:51:00 AM,WC26029571,"10th Ave/Glen Rd, NEWPORT",TRAFFIC STOP
WASHINGTON COUNTY SHERIFFS OFFICE,NEWPORT,6/17/2026 3:23:38 AM,WC26029592,"1XXX  10th Ave, NEWPORT",NOISE COMPLAINT/DISTURBANCE
WASHINGTON COUNTY SHERIFFS OFFICE,NEWPORT,6/17/2026 5:04:55 AM,WC26029599,"XXX - 284 21ST ST, NEWPORT",FOUND PROPERTY/ITEM
WASHINGTON COUNTY SHERIFFS OFFICE,NEWPORT,6/17/2026 10:05:00 AM,WC26029618,"Hastings Ave / 15th St, NEWPORT",TRAFFIC STOP
WASHINGTON COUNTY SHERIFFS OFFICE,NEWPORT,6/17/2026 10:31:20 AM,WC26029621,"2XXX  1st Ave, NEWPORT",SUSPICIOUS PERSON/ACTIVITY
WASHINGTON COUNTY SHERIFFS OFFICE,NEWPORT,6/17/2026 1:21:47 PM,WC26029643,"1XXX  Wild Ridge Trl, NEWPORT",SUSPICIOUS PERSON/ACTIVITY
WASHINGTON COUNTY SHERIFFS OFFICE,NEWPORT,6/17/2026 1:25:13 PM,WC26029644,"XXX RED ROCK XING, NEWPORT",MEDICAL
WASHINGTON COUNTY SHERIFFS OFFICE,NEWPORT,6/17/2026 9:59:48 PM,WC26029710,"XXX Oakwood Rd, NEWPORT",MEDICAL
WASHINGTON COUNTY SHERIFFS OFFICE,NEWPORT,6/18/2026 9:09:16 AM,WC26029761,"1XXX  Birchwood Ln, NEWPORT",SUSPICIOUS PERSON/ACTIVITY
WASHINGTON COUNTY SHERIFFS OFFICE,NEWPORT,6/18/2026 10:38:47 AM,WC26029791,"GLEN RD / 7TH AVE, NEWPORT",CITIZEN/PUBLIC ASSIST
WASHINGTON COUNTY SHERIFFS OFFICE,NEWPORT,6/18/2026 1:14:04 PM,WC26029812,"Unknown, NEWPORT",CITIZEN/PUBLIC ASSIST
WASHINGTON COUNTY SHERIFFS OFFICE,NEWPORT,6/18/2026 1:18:42 PM,WC26029814,"XXX Red Rock Xing, NEWPORT",DISTURBANCE
WASHINGTON COUNTY SHERIFFS OFFICE,NEWPORT,6/18/2026 2:12:27 PM,WC26029821,"1XXX  10th Ave, NEWPORT",CITIZEN/PUBLIC ASSIST
WASHINGTON COUNTY SHERIFFS OFFICE,NEWPORT,6/18/2026 4:15:44 PM,WC26029846,"1XXX  4th Ave, NEWPORT",911 ABANDONED/HANGUP/OPEN LINE
WASHINGTON COUNTY SHERIFFS OFFICE,NEWPORT,6/18/2026 4:30:30 PM,WC26029848,"Unknown, NEWPORT",CITIZEN/PUBLIC ASSIST
WASHINGTON COUNTY SHERIFFS OFFICE,NEWPORT,6/18/2026 4:33:06 PM,WC26029849,"XXX 18th St, NEWPORT",911 ABANDONED/HANGUP/OPEN LINE
WASHINGTON COUNTY SHERIFFS OFFICE,NEWPORT,6/18/2026 7:02:48 PM,WC26029874,"1XXX  Glen Rd, NEWPORT",DISTURBANCE
WASHINGTON COUNTY SHERIFFS OFFICE,NEWPORT,6/18/2026 8:50:00 PM,WC26029892,"Hwy 61 SB @ Maxwell Ave, NEWPORT",TRAFFIC STOP
WASHINGTON COUNTY SHERIFFS OFFICE,NEWPORT,6/18/2026 9:06:00 PM,WC26029893,"Hwy 61 SB @ Maxwell Ave, NEWPORT",TRAFFIC STOP
WASHINGTON COUNTY SHERIFFS OFFICE,NEWPORT,6/18/2026 9:46:00 PM,WC26029904,"Hwy 61 SB @ Maxwell Ave, NEWPORT",TRAFFIC STOP
WASHINGTON COUNTY SHERIFFS OFFICE,NEWPORT,6/19/2026 5:46:00 AM,WC26029957,"HWY 61 SB JNO 70TH ST S, NEWPORT",TRAFFIC STOP
WASHINGTON COUNTY SHERIFFS OFFICE,NEWPORT,6/19/2026 5:56:41 AM,WC26029958,"1XXX  10th Ave, NEWPORT",MEDICAL
WASHINGTON COUNTY SHERIFFS OFFICE,NEWPORT,6/19/2026 8:40:08 AM,WC26029979,"2XXX  1st Ave, NEWPORT",CIVIL MATTER/DISPUTE
WASHINGTON COUNTY SHERIFFS OFFICE,NEWPORT,6/19/2026 10:38:47 AM,WC26029992,"1XXX  4th Ave, NEWPORT",CITIZEN/PUBLIC ASSIST
WASHINGTON COUNTY SHERIFFS OFFICE,NEWPORT,6/19/2026 12:01:12 PM,WC26030002,"Military Rd / Bailey Rd, NEWPORT",ACCIDENT
WASHINGTON COUNTY SHERIFFS OFFICE,NEWPORT,6/19/2026 12:40:26 PM,WC26030005,"Unknown, NEWPORT",CITIZEN/PUBLIC ASSIST
WASHINGTON COUNTY SHERIFFS OFFICE,NEWPORT,6/19/2026 6:56:01 PM,WC26030060,"XX HWY 61 NB JSO GLEN RD, NEWPORT",ROAD HAZARD
WASHINGTON COUNTY SHERIFFS OFFICE,NEWPORT,6/19/2026 8:43:29 PM,WC26030066,"XXX 6TH ST, NEWPORT",CITIZEN/PUBLIC ASSIST
WASHINGTON COUNTY SHERIFFS OFFICE,NEWPORT,6/19/2026 8:55:55 PM,WC26030067,"1XXX  Glen Rd, NEWPORT",911 ABANDONED/HANGUP/OPEN LINE
WASHINGTON COUNTY SHERIFFS OFFICE,NEWPORT,6/20/2026 12:03:41 AM,WC26030104,"1XXX  - 1198 7TH AVE, NEWPORT",ROAD HAZARD
WASHINGTON COUNTY SHERIFFS OFFICE,NEWPORT,6/20/2026 5:28:50 AM,WC26030127,"7TH AVE / GLEN RD, NEWPORT",MEDICAL
WASHINGTON COUNTY SHERIFFS OFFICE,NEWPORT,6/20/2026 8:52:49 AM,WC26030136,"XXX 7th Ave, NEWPORT",ALARM-BUSINESS/RES/FIRE/MEDICAL/ETC
WASHINGTON COUNTY SHERIFFS OFFICE,NEWPORT,6/20/2026 5:11:00 PM,WC26030202,"Hwy 61 SB @ Maxwell Ave, NEWPORT",TRAFFIC STOP
WASHINGTON COUNTY SHERIFFS OFFICE,NEWPORT,6/20/2026 5:36:00 PM,WC26030206,"Hwy 61 SB @ Maxwell Ave, NEWPORT",TRAFFIC STOP
WASHINGTON COUNTY SHERIFFS OFFICE,NEWPORT,6/20/2026 5:52:51 PM,WC26030212,"2XXX  Barry Dr, NEWPORT",WELFARE CHECK
WASHINGTON COUNTY SHERIFFS OFFICE,NEWPORT,6/20/2026 6:15:00 PM,WC26030214,"Hwy 61 SB @ Maxwell Ave, NEWPORT",TRAFFIC STOP
WASHINGTON COUNTY SHERIFFS OFFICE,NEWPORT,6/20/2026 7:19:00 PM,WC26030229,"Hwy 61 SB @ Maxwell Ave, NEWPORT",TRAFFIC STOP
WASHINGTON COUNTY SHERIFFS OFFICE,NEWPORT,6/20/2026 7:21:04 PM,WC26030231,"XXX 4TH AVE, NEWPORT",MEDICAL
WASHINGTON COUNTY SHERIFFS OFFICE,NEWPORT,6/20/2026 7:44:00 PM,WC26030233,"Highway 61 At Glen Rd, NEWPORT",TRAFFIC STOP
WASHINGTON COUNTY SHERIFFS OFFICE,NEWPORT,6/20/2026 8:25:00 PM,WC26030238,"Highway 61 SB At Glen Rd, NEWPORT",TRAFFIC STOP
WASHINGTON COUNTY SHERIFFS OFFICE,NEWPORT,6/20/2026 8:29:00 PM,WC26030240,"Hwy 61 SB @ Maxwell Ave, NEWPORT",TRAFFIC STOP
WASHINGTON COUNTY SHERIFFS OFFICE,NEWPORT,6/20/2026 8:45:00 PM,WC26030243,"Highway 61 SB At Glen Rd, NEWPORT",TRAFFIC STOP
WASHINGTON COUNTY SHERIFFS OFFICE,NEWPORT,6/20/2026 9:18:00 PM,WC26030248,"Hwy 61 Sb At Glen Rd, NEWPORT",TRAFFIC STOP
WASHINGTON COUNTY SHERIFFS OFFICE,NEWPORT,6/20/2026 9:42:00 PM,WC26030253,"HWY 61 NB JNO GLEN RD, NEWPORT",TRAFFIC STOP
WASHINGTON COUNTY SHERIFFS OFFICE,NEWPORT,6/20/2026 11:00:32 PM,WC26030280,"19th St / 8th Ave, NEWPORT",WELFARE CHECK
WASHINGTON COUNTY SHERIFFS OFFICE,NEWPORT,6/20/2026 11:53:52 PM,WC26030297,"HWY 61 SB JNO GLEN RD, NEWPORT",MOTORIST ASSIST
WASHINGTON COUNTY SHERIFFS OFFICE,OAK PARK HEIGHTS,6/14/2026 12:17:00 AM,WC26028991,"SAINT CROIX TRL N AT HWY 36, OAK PARK HEIGHTS",DWI
WASHINGTON COUNTY SHERIFFS OFFICE,OAK PARK HEIGHTS,6/14/2026 11:14:40 AM,WC26029051,"XX Hwy 36 Wb Jwo Saint Croix Trl N, OAK PARK HEIGHTS",CITIZEN/PUBLIC ASSIST
WASHINGTON COUNTY SHERIFFS OFFICE,OAK PARK HEIGHTS,6/15/2026 12:55:25 PM,WC26029244,"HWY 36 EB AT NORELL AVE N, OAK PARK HEIGHTS",ACCIDENT
WASHINGTON COUNTY SHERIFFS OFFICE,OAK PARK HEIGHTS,6/16/2026 3:33:39 PM,WC26029486,"HWY 36 WB JEO OSGOOD AVE N, OAK PARK HEIGHTS",ACCIDENT
WASHINGTON COUNTY SHERIFFS OFFICE,OAK PARK HEIGHTS,6/20/2026 7:03:00 PM,WC26030225,"14XXX  60TH ST N, OAK PARK HEIGHTS",TRAFFIC STOP
WASHINGTON COUNTY SHERIFFS OFFICE,OAKDALE,6/14/2026 1:09:15 AM,WC26029004,"40TH ST N / GENEVA AVE N, OAKDALE",ASSIST OTHER AGENCY
WASHINGTON COUNTY SHERIFFS OFFICE,OAKDALE,6/14/2026 3:05:09 AM,WC26029020,"7XXX  17th St N, OAKDALE",ASSIST OTHER AGENCY
WASHINGTON COUNTY SHERIFFS OFFICE,OAKDALE,6/14/2026 4:23:33 AM,WC26029026,"I694 SB JSO 34TH ST N, OAKDALE",CITIZEN/PUBLIC ASSIST
WASHINGTON COUNTY SHERIFFS OFFICE,OAKDALE,6/14/2026 3:38:05 PM,WC26029084,"2XXX  Hadley Ave N, OAKDALE",WANTED PERSON-KOPS ALERT/ATL
WASHINGTON COUNTY SHERIFFS OFFICE,OAKDALE,6/15/2026 6:58:58 AM,WC26029189,"6XXX  8th St N, OAKDALE",FOLLOW UP
WASHINGTON COUNTY SHERIFFS OFFICE,OAKDALE,6/15/2026 8:40:00 AM,WC26029196,"I694 NB / STILLWATER BLVD N, OAKDALE",TRAFFIC STOP
WASHINGTON COUNTY SHERIFFS OFFICE,OAKDALE,6/15/2026 4:37:26 PM,WC26029288,"Hadley Ave N / Upper 5th St N, OAKDALE",MOTORIST ASSIST
WASHINGTON COUNTY SHERIFFS OFFICE,OAKDALE,6/15/2026 4:38:48 PM,WC26029287,"UPPER 5TH ST N / HADLEY AVE N, OAKDALE",MOTORIST ASSIST
WASHINGTON COUNTY SHERIFFS OFFICE,OAKDALE,6/15/2026 8:42:36 PM,WC26029328,"1XXX  HELMO AVE N, OAKDALE",CIVIL MATTER/DISPUTE
WASHINGTON COUNTY SHERIFFS OFFICE,OAKDALE,6/15/2026 9:13:00 PM,WC26029332,"HWY 36 WB AT HWY 120, OAKDALE",TRAFFIC STOP
WASHINGTON COUNTY SHERIFFS OFFICE,OAKDALE,6/16/2026 1:11:16 AM,WC26029369,"I694 WB AT CENTURY AVE, OAKDALE",MOTORIST ASSIST
WASHINGTON COUNTY SHERIFFS OFFICE,OAKDALE,6/16/2026 10:00:19 AM,WC26029414,"6XXX  8TH ST N, OAKDALE",CIVIL MATTER/DISPUTE
WASHINGTON COUNTY SHERIFFS OFFICE,OAKDALE,6/16/2026 11:16:30 PM,WC26029559,"I694 WB TO CENTURY AVE N RAMP, OAKDALE",ASSIST OTHER AGENCY
WASHINGTON COUNTY SHERIFFS OFFICE,OAKDALE,6/17/2026 5:15:30 PM,WC26029677,"6XXX  15TH ST N, OAKDALE",ASSIST OTHER AGENCY
WASHINGTON COUNTY SHERIFFS OFFICE,OAKDALE,6/18/2026 11:24:00 PM,WC26029915,"I694 SB JNO 10TH ST N, OAKDALE",TRAFFIC STOP
WASHINGTON COUNTY SHERIFFS OFFICE,OAKDALE,6/19/2026 12:20:28 AM,WC26029924,"5XXX  HADLEY AVE N, OAKDALE",ASSIST OTHER AGENCY
WASHINGTON COUNTY SHERIFFS OFFICE,OAKDALE,6/19/2026 11:12:35 AM,WC26030000,"2XXX  Grenadier Ave N, OAKDALE",CITIZEN/PUBLIC ASSIST
WASHINGTON COUNTY SHERIFFS OFFICE,OAKDALE,6/20/2026 5:05:27 PM,WC26030200,"3XXX  High Point Dr N, OAKDALE",ASSIST OTHER AGENCY
WASHINGTON COUNTY SHERIFFS OFFICE,OAKDALE,6/20/2026 9:35:00 PM,WC26030172,"Century Ave N / Innovation Blvd, OAKDALE",TRAFFIC STOP
WASHINGTON COUNTY SHERIFFS OFFICE,PINE SPRINGS,6/15/2026 9:02:18 AM,WC26029202,"62ND ST N / WARNER RD S, PINE SPRINGS",CIVIL MATTER/DISPUTE
WASHINGTON COUNTY SHERIFFS OFFICE,PINE SPRINGS,6/18/2026 11:08:42 AM,WC26029796,"Hwy 36 Eb Over Hilton Trl N, PINE SPRINGS",TRAFFIC COMPLAINT
WASHINGTON COUNTY SHERIFFS OFFICE,PINE SPRINGS,6/18/2026 10:21:00 PM,WC26029907,"HWY 36 WB OVER HILTON TRL N, PINE SPRINGS",TRAFFIC STOP
WASHINGTON COUNTY SHERIFFS OFFICE,SAINT MARYS POINT,6/15/2026 5:20:30 PM,WC26029301,"16XXX  Saint Marys Dr S, SAINT MARYS POINT",PARKING COMPLAINT
WASHINGTON COUNTY SHERIFFS OFFICE,SAINT MARYS POINT,6/16/2026 8:36:42 PM,WC26029533,"16XXX  Saint Marys Dr S, SAINT MARYS POINT",ANIMAL COMPLAINT
WASHINGTON COUNTY SHERIFFS OFFICE,SAINT PAUL PARK,6/14/2026 10:58:04 PM,WC26029149,"XXX Laurel Ave, SAINT PAUL PARK",ASSIST OTHER AGENCY
WASHINGTON COUNTY SHERIFFS OFFICE,SAINT PAUL PARK,6/17/2026 7:10:07 PM,WC26029688,"1XXX  SUMMIT AVE, SAINT PAUL PARK",ASSIST OTHER AGENCY
WASHINGTON COUNTY SHERIFFS OFFICE,SCANDIA,6/14/2026 2:47:00 PM,WC26029073,"ST CROIX TRL N & 205TH ST N, SCANDIA",TRAFFIC STOP
WASHINGTON COUNTY SHERIFFS OFFICE,SCANDIA,6/14/2026 10:17:55 PM,WC26029146,"23XXX -blk Manning Trl N, SCANDIA",ACCIDENT
WASHINGTON COUNTY SHERIFFS OFFICE,SCANDIA,6/15/2026 3:10:22 PM,WC26029267,"Olinda Trl N / Scandia Trl N, SCANDIA",INCIDENT
WASHINGTON COUNTY SHERIFFS OFFICE,SCANDIA,6/15/2026 4:40:17 PM,WC26029294,"OLINDA TRL N / 240TH ST N, SCANDIA",ACCIDENT
WASHINGTON COUNTY SHERIFFS OFFICE,SCANDIA,6/15/2026 5:00:46 PM,WC26029295,"18XXX  Layton Ave N, SCANDIA",CIVIL MATTER/DISPUTE
WASHINGTON COUNTY SHERIFFS OFFICE,SCANDIA,6/16/2026 5:25:20 AM,WC26029394,"Saint Croix Trl N / Scandia Trl N, SCANDIA",ASSIST OTHER AGENCY
WASHINGTON COUNTY SHERIFFS OFFICE,SCANDIA,6/16/2026 6:10:50 AM,WC26029397,"16XXX  O'brien Trl N, SCANDIA",WELFARE CHECK
WASHINGTON COUNTY SHERIFFS OFFICE,SCANDIA,6/16/2026 10:02:18 AM,WC26029416,"21XXX  OLINDA TRL N, SCANDIA",CIVIL MATTER/DISPUTE
WASHINGTON COUNTY SHERIFFS OFFICE,SCANDIA,6/16/2026 2:26:03 PM,WC26029474,"21XXX  Odell Ave N, SCANDIA",PUBLIC WORKS CONCERN
WASHINGTON COUNTY SHERIFFS OFFICE,SCANDIA,6/16/2026 8:40:17 PM,WC26029534,"21XXX  NOVAK AVE N, SCANDIA",SHOTS FIRED/SHOOTING COMPLAINT
WASHINGTON COUNTY SHERIFFS OFFICE,SCANDIA,6/17/2026 4:19:31 PM,WC26029669,"13XXX  182nd St N, SCANDIA",911 ABANDONED/HANGUP/OPEN LINE
WASHINGTON COUNTY SHERIFFS OFFICE,SCANDIA,6/17/2026 5:27:00 PM,WC26029679,"11XXX  Mayberry Trl N, SCANDIA",PROPERTY DAMAGE
WASHINGTON COUNTY SHERIFFS OFFICE,SCANDIA,6/18/2026 8:35:20 AM,WC26029757,"18XXX  Layton Ave N, SCANDIA",NOISE COMPLAINT/DISTURBANCE
WASHINGTON COUNTY SHERIFFS OFFICE,SCANDIA,6/19/2026 7:14:51 AM,WC26029964,"18XXX  Layton Ave N, SCANDIA",NOISE COMPLAINT/DISTURBANCE
WASHINGTON COUNTY SHERIFFS OFFICE,SCANDIA,6/19/2026 7:35:53 AM,WC26029968,"18XXX  LAYTON AVE N, SCANDIA",PROPERTY DAMAGE
WASHINGTON COUNTY SHERIFFS OFFICE,SCANDIA,6/19/2026 7:43:30 AM,WC26029970,"18XXX  Layton Ave N, SCANDIA",FOLLOW UP
WASHINGTON COUNTY SHERIFFS OFFICE,SCANDIA,6/19/2026 9:01:40 AM,WC26029981,"22XXX  Olinda Trl N, SCANDIA",ANIMAL COMPLAINT
WASHINGTON COUNTY SHERIFFS OFFICE,SCANDIA,6/19/2026 5:34:07 PM,WC26030047,"Unknown, SCANDIA",CITIZEN/PUBLIC ASSIST
WASHINGTON COUNTY SHERIFFS OFFICE,SCANDIA,6/19/2026 7:56:53 PM,WC26030064,"16XXX  O'brien Trl N, SCANDIA",911 ABANDONED/HANGUP/OPEN LINE
WASHINGTON COUNTY SHERIFFS OFFICE,SCANDIA,6/20/2026 5:12:00 PM,WC26030201,"SCANDIA TRL N/POMROY AVE N, SCANDIA",TRAFFIC STOP
WASHINGTON COUNTY SHERIFFS OFFICE,SCANDIA,6/20/2026 7:18:14 PM,WC26030230,"20XXX  Manning Trl N, SCANDIA",911 ABANDONED/HANGUP/OPEN LINE
WASHINGTON COUNTY SHERIFFS OFFICE,SCANDIA,6/20/2026 9:54:28 PM,WC26030259,"14XXX  202nd St N, SCANDIA",LIFT ASSIST
WASHINGTON COUNTY SHERIFFS OFFICE,SCANDIA,6/20/2026 11:31:56 PM,WC26030290,"14XXX  Old Marine Trl N, SCANDIA",DISTURBANCE
WASHINGTON COUNTY SHERIFFS OFFICE,STILLWATER,6/14/2026 12:22:35 AM,WC26028993,"XXX 2ND ST N, STILLWATER",DISTURBANCE
WASHINGTON COUNTY SHERIFFS OFFICE,STILLWATER,6/14/2026 9:01:28 PM,WC26029133,"15XXX  62nd St N, STILLWATER",FOUND PROPERTY/ITEM
WASHINGTON COUNTY SHERIFFS OFFICE,STILLWATER,6/14/2026 10:33:00 PM,WC26029085,"HWY 36 & GREELEY ST S, STILLWATER",TRAFFIC STOP
WASHINGTON COUNTY SHERIFFS OFFICE,STILLWATER,6/15/2026 12:00:00 AM,WC26029239,"15XXX  62ND ST N, STILLWATER",FRAUD/SCAM
WASHINGTON COUNTY SHERIFFS OFFICE,STILLWATER,6/15/2026 8:41:50 AM,WC26029198,"15XXX  62ND ST N, STILLWATER",INCIDENT
WASHINGTON COUNTY SHERIFFS OFFICE,STILLWATER,6/15/2026 12:28:04 PM,WC26029238,"15XXX  62nd St N, STILLWATER",OFFICER INFORMATION
WASHINGTON COUNTY SHERIFFS OFFICE,STILLWATER,6/15/2026 5:27:48 PM,WC26029307,"15XXX  62nd St N, STILLWATER",CITIZEN/PUBLIC ASSIST
WASHINGTON COUNTY SHERIFFS OFFICE,STILLWATER,6/15/2026 11:04:00 PM,WC26029353,"15XXX  62nd St N, STILLWATER",WARRANT ARREST
WASHINGTON COUNTY SHERIFFS OFFICE,STILLWATER,6/16/2026 8:28:13 AM,WC26029406,"14XXX  - 14188 60TH ST N, STILLWATER",TRAFFIC STOP
WASHINGTON COUNTY SHERIFFS OFFICE,STILLWATER,6/16/2026 6:22:24 PM,WC26029519,"15XXX  62ND ST N, STILLWATER",CITIZEN/PUBLIC ASSIST
WASHINGTON COUNTY SHERIFFS OFFICE,STILLWATER,6/18/2026 5:14:08 PM,WC26029858,"15XXX  62nd St N, STILLWATER",CITIZEN/PUBLIC ASSIST
WASHINGTON COUNTY SHERIFFS OFFICE,STILLWATER,6/18/2026 9:41:05 PM,WC26029901,"15XXX  62nd St N, STILLWATER",CITIZEN/PUBLIC ASSIST
WASHINGTON COUNTY SHERIFFS OFFICE,STILLWATER,6/19/2026 3:08:29 AM,WC26029955,"1XXX  GREELEY ST S, STILLWATER",ASSIST OTHER AGENCY
WASHINGTON COUNTY SHERIFFS OFFICE,STILLWATER,6/19/2026 10:58:19 AM,WC26029998,"15XXX  62nd St N, STILLWATER",FOLLOW UP
WASHINGTON COUNTY SHERIFFS OFFICE,STILLWATER,6/20/2026 3:08:16 PM,WC26030181,"XXX Main St N, STILLWATER",WATERCRAFT COMPLAINT
WASHINGTON COUNTY SHERIFFS OFFICE,STILLWATER TOWNSHIP,6/14/2026 12:05:33 PM,WC26029058,"11XXX  Palisade Ave N, STILLWATER TOWNSHIP",SUSPICIOUS PERSON/ACTIVITY
WASHINGTON COUNTY SHERIFFS OFFICE,STILLWATER TOWNSHIP,6/14/2026 6:19:00 PM,WC26029110,"11XXX  Penfield Ave N, STILLWATER TOWNSHIP",UNDERAGE DRINKING
WASHINGTON COUNTY SHERIFFS OFFICE,STILLWATER TOWNSHIP,6/15/2026 9:16:32 PM,WC26029334,"12XXX  100th St N, STILLWATER TOWNSHIP",911 ABANDONED/HANGUP/OPEN LINE
WASHINGTON COUNTY SHERIFFS OFFICE,STILLWATER TOWNSHIP,6/15/2026 9:34:16 PM,WC26029335,"Saint Croix Trail & 100th St N, STILLWATER TOWNSHIP",ROAD HAZARD
WASHINGTON COUNTY SHERIFFS OFFICE,STILLWATER TOWNSHIP,6/16/2026 4:59:28 PM,WC26029504,"11XXX  Myeron Rd N, STILLWATER TOWNSHIP",911 ABANDONED/HANGUP/OPEN LINE
WASHINGTON COUNTY SHERIFFS OFFICE,STILLWATER TOWNSHIP,6/17/2026 9:44:31 AM,WC26029616,"Otchipwe Ave N / Otchipwe Ct N, STILLWATER TOWNSHIP",ACCIDENT
WASHINGTON COUNTY SHERIFFS OFFICE,STILLWATER TOWNSHIP,6/17/2026 4:02:55 PM,WC26029667,"10XXX  MYERON RD N, STILLWATER TOWNSHIP",ACCIDENT
WASHINGTON COUNTY SHERIFFS OFFICE,STILLWATER TOWNSHIP,6/17/2026 8:14:47 PM,WC26029692,"11XXX  Partridge Rd N, STILLWATER TOWNSHIP",MEDICAL
WASHINGTON COUNTY SHERIFFS OFFICE,STILLWATER TOWNSHIP,6/18/2026 9:17:12 PM,WC26029897,"16XXX  110th St N, STILLWATER TOWNSHIP",911 ABANDONED/HANGUP/OPEN LINE
WASHINGTON COUNTY SHERIFFS OFFICE,STILLWATER TOWNSHIP,6/19/2026 7:18:16 AM,WC26029965,"HWY 36 EB JEO MANNING AVE N, STILLWATER TOWNSHIP",TRAFFIC STOP
WASHINGTON COUNTY SHERIFFS OFFICE,STILLWATER TOWNSHIP,6/20/2026 1:01:53 PM,WC26030160,"10XXX  Pawnee Avenue Ct N, STILLWATER TOWNSHIP",911 ABANDONED/HANGUP/OPEN LINE
WASHINGTON COUNTY SHERIFFS OFFICE,STILLWATER TOWNSHIP,6/20/2026 8:23:10 PM,WC26030239,"XX Pillar Island, STILLWATER TOWNSHIP",FIREWORKS
WASHINGTON COUNTY SHERIFFS OFFICE,WEST LAKELAND TOWNSHIP,6/14/2026 7:47:11 AM,WC26029029,"SAINT CROIX RIVER JNO SWING BRIDGE-WLT, WEST LAKELAND TOWNSHIP",911 ABANDONED/HANGUP/OPEN LINE
WASHINGTON COUNTY SHERIFFS OFFICE,WEST LAKELAND TOWNSHIP,6/14/2026 4:34:15 PM,WC26029093,"14XXX  INTERSTATE 94, WEST LAKELAND TOWNSHIP",OVERDOSE
WASHINGTON COUNTY SHERIFFS OFFICE,WEST LAKELAND TOWNSHIP,6/14/2026 5:54:14 PM,WC26029105,"14XXX  - 14799 HUDSON RD N, WEST LAKELAND TOWNSHIP",TRAFFIC STOP
WASHINGTON COUNTY SHERIFFS OFFICE,WEST LAKELAND TOWNSHIP,6/14/2026 10:08:00 PM,WC26029141,"MANNING AVE N / 10TH ST N, WEST LAKELAND TOWNSHIP",TRAFFIC STOP
WASHINGTON COUNTY SHERIFFS OFFICE,WEST LAKELAND TOWNSHIP,6/15/2026 10:42:10 AM,WC26029223,"12XXX  12th St N, WEST LAKELAND TOWNSHIP",MEDICAL
WASHINGTON COUNTY SHERIFFS OFFICE,WEST LAKELAND TOWNSHIP,6/15/2026 2:19:00 PM,WC26029261,"MANNING AVE N / 10TH ST N, WEST LAKELAND TOWNSHIP",TRAFFIC STOP
WASHINGTON COUNTY SHERIFFS OFFICE,WEST LAKELAND TOWNSHIP,6/15/2026 5:19:35 PM,WC26029299,"2XXX  Quant Ave N, WEST LAKELAND TOWNSHIP",OFFICER INFORMATION
WASHINGTON COUNTY SHERIFFS OFFICE,WEST LAKELAND TOWNSHIP,6/16/2026 3:16:00 AM,WC26029388,"I94 & NEAL AVE S, WEST LAKELAND TOWNSHIP",TRAFFIC STOP
WASHINGTON COUNTY SHERIFFS OFFICE,WEST LAKELAND TOWNSHIP,6/16/2026 10:32:34 AM,WC26029425,"I94 Wb To Manning Ave N Ramp, WEST LAKELAND TOWNSHIP",ASSIST OTHER AGENCY
WASHINGTON COUNTY SHERIFFS OFFICE,WEST LAKELAND TOWNSHIP,6/16/2026 11:05:41 AM,WC26029442,"Saint Croix Trl N / Quant Ave N, WEST LAKELAND TOWNSHIP",ASSIST OTHER AGENCY
WASHINGTON COUNTY SHERIFFS OFFICE,WEST LAKELAND TOWNSHIP,6/17/2026 3:56:52 AM,WC26029594,"STAGECOACH TRL N / PERIWINKLE AVE N, WEST LAKELAND TOWNSHIP",TRAFFIC STOP
WASHINGTON COUNTY SHERIFFS OFFICE,WEST LAKELAND TOWNSHIP,6/17/2026 3:02:01 PM,WC26029659,"Hudson Blvd N / Stagecoach Trl N, WEST LAKELAND TOWNSHIP",ACCIDENT
WASHINGTON COUNTY SHERIFFS OFFICE,WEST LAKELAND TOWNSHIP,6/18/2026 8:28:14 AM,WC26029756,"14XXX  INTERSTATE 94, WEST LAKELAND TOWNSHIP",LOST PROPERTY/ITEM
WASHINGTON COUNTY SHERIFFS OFFICE,WEST LAKELAND TOWNSHIP,6/18/2026 11:56:00 PM,WC26029920,"SAINT CROIX TRL N / 22ND ST N, WEST LAKELAND TOWNSHIP",TRAFFIC STOP
WASHINGTON COUNTY SHERIFFS OFFICE,WEST LAKELAND TOWNSHIP,6/20/2026 5:50:27 PM,WC26030211,"Stagecoach Trl N / 10th St N, WEST LAKELAND TOWNSHIP",DRIVING COMPLAINT
WASHINGTON COUNTY SHERIFFS OFFICE,WILLERNIE,6/15/2026 3:07:37 PM,WC26029266,"XXX Wildwood Rd, WILLERNIE",THREATS
WASHINGTON COUNTY SHERIFFS OFFICE,WILLERNIE,6/15/2026 4:48:35 PM,WC26029292,"XXX Wildwood Rd, WILLERNIE",FOLLOW UP
WASHINGTON COUNTY SHERIFFS OFFICE,WILLERNIE,6/15/2026 5:47:55 PM,WC26029311,"Unknown, WILLERNIE",FOLLOW UP
WASHINGTON COUNTY SHERIFFS OFFICE,WILLERNIE,6/15/2026 6:57:01 PM,WC26029318,"XXX Wildwood Rd, WILLERNIE",ANIMAL COMPLAINT
WASHINGTON COUNTY SHERIFFS OFFICE,WILLERNIE,6/15/2026 7:32:48 PM,WC26029322,"XXX Wildwood Rd, WILLERNIE",FOLLOW UP
WASHINGTON COUNTY SHERIFFS OFFICE,WILLERNIE,6/16/2026 9:40:38 AM,WC26029411,"XXX Stillwater Rd, WILLERNIE",PARKING VIOLATION
WASHINGTON COUNTY SHERIFFS OFFICE,WILLERNIE,6/16/2026 5:25:47 PM,WC26029512,"XXX Wildwood Rd, WILLERNIE",FOLLOW UP
WASHINGTON COUNTY SHERIFFS OFFICE,WILLERNIE,6/18/2026 6:18:32 PM,WC26029865,"XXX Wildwood Rd, WILLERNIE",ANIMAL COMPLAINT
WASHINGTON COUNTY SHERIFFS OFFICE,WILLERNIE,6/19/2026 10:55:39 AM,WC26029994,"XXX Wildwood Rd, WILLERNIE",FOLLOW UP
WASHINGTON COUNTY SHERIFFS OFFICE,WOODBURY,6/20/2026 9:41:53 PM,WC26030257,"2XXX  Saint Johns Pl, WOODBURY",CIVIL MATTER/DISPUTE
WASHINGTON COUNTY SHERIFFS OFFICE,WOODBURY,6/20/2026 11:20:00 PM,WC26030286,"I494 / Lake Rd, WOODBURY",TRAFFIC STOP
WOODBURY PUBLIC SAFETY,Saint Paul,6/15/2026 9:36:47 AM,WB26024264,"2XXX  LONDIN LN, Saint Paul",CITIZEN/PUBLIC ASSIST
WOODBURY PUBLIC SAFETY,Saint Paul,6/16/2026 5:28:34 PM,WB26024486,"1XXX  MARGARET ST, Saint Paul",WARRANT ARREST
WOODBURY PUBLIC SAFETY,WOODBURY,6/14/2026 8:37:18 AM,WB26024112,"4XXX  BENJAMIN DR, WOODBURY",CHILD CUSTODY
WOODBURY PUBLIC SAFETY,WOODBURY,6/14/2026 11:06:53 AM,WB26024127,"2XXX  Radio Dr, WOODBURY",THEFT
WOODBURY PUBLIC SAFETY,WOODBURY,6/14/2026 12:09:37 PM,WB26024132,"XXX SUTHERLAND DR, WOODBURY",FOUND PROPERTY/ITEM
WOODBURY PUBLIC SAFETY,WOODBURY,6/14/2026 12:11:16 PM,WB26024133,"2XXX  Woodcrest Dr, WOODBURY",CIVIL MATTER/DISPUTE
WOODBURY PUBLIC SAFETY,WOODBURY,6/14/2026 12:37:25 PM,WB26024137,"1XXX  Briar Glen Ln, WOODBURY",DISTURBANCE
WOODBURY PUBLIC SAFETY,WOODBURY,6/14/2026 1:09:00 PM,WB26024139,"8XXX  Boulder Ridge Rd, WOODBURY",PROPERTY DAMAGE
WOODBURY PUBLIC SAFETY,WOODBURY,6/14/2026 2:17:40 PM,WB26024150,"Hudson Rd / Settlers Ridge Pkwy, WOODBURY",ACCIDENT
WOODBURY PUBLIC SAFETY,WOODBURY,6/14/2026 2:21:26 PM,WB26024148,"Hudson Pl / Tamarack Rd, WOODBURY",ACCIDENT
WOODBURY PUBLIC SAFETY,WOODBURY,6/14/2026 3:28:44 PM,WB26024164,"10XXX  Hudson Rd, WOODBURY",SHOPLIFTING
WOODBURY PUBLIC SAFETY,WOODBURY,6/14/2026 3:46:00 PM,WB26024170,"10XXX  Grand Forest Ln, WOODBURY",ACCIDENT
WOODBURY PUBLIC SAFETY,WOODBURY,6/14/2026 5:32:46 PM,WB26024178,"7XXX  Valley Creek Plz, WOODBURY",ACCIDENT
WOODBURY PUBLIC SAFETY,WOODBURY,6/14/2026 7:06:58 PM,WB26024192,"3XXX  WESTIN AVE, WOODBURY",CIVIL MATTER/DISPUTE
WOODBURY PUBLIC SAFETY,WOODBURY,6/14/2026 8:39:12 PM,WB26024208,"2XXX  Alpine Dr, WOODBURY",PROPERTY DAMAGE
WOODBURY PUBLIC SAFETY,WOODBURY,6/14/2026 10:38:44 PM,WB26024220,"1XXX  Fallbrook Ln, WOODBURY",WELFARE CHECK
WOODBURY PUBLIC SAFETY,WOODBURY,6/14/2026 11:39:01 PM,WB26024229,"2XXX  Brittany Ln, WOODBURY",NOISE COMPLAINT/DISTURBANCE
WOODBURY PUBLIC SAFETY,WOODBURY,6/15/2026 1:15:25 AM,WB26024240,"10XXX  - 10398 FOX RUN RD, WOODBURY",JUVENILE COMPLAINT
WOODBURY PUBLIC SAFETY,WOODBURY,6/15/2026 9:12:17 AM,WB26024261,"1XXX  Woodlane Dr, WOODBURY",FRAUD/SCAM
WOODBURY PUBLIC SAFETY,WOODBURY,6/15/2026 9:42:07 AM,WB26024265,"Woodbury Drive/Raleigh Road, WOODBURY",PROPERTY DAMAGE
WOODBURY PUBLIC SAFETY,WOODBURY,6/15/2026 11:52:25 AM,WB26024288,"5XXX  Stable View Dr, WOODBURY",WELFARE CHECK
WOODBURY PUBLIC SAFETY,WOODBURY,6/15/2026 1:42:04 PM,WB26024297,"4XXX  RADIO DR, WOODBURY",DISTURBANCE
WOODBURY PUBLIC SAFETY,WOODBURY,6/15/2026 2:13:07 PM,WB26024304,"9XXX  Trotters Ln, WOODBURY",PROPERTY DAMAGE
WOODBURY PUBLIC SAFETY,WOODBURY,6/15/2026 2:14:49 PM,WB26024303,"2XXX  Ojibway Dr, WOODBURY",DISTURBANCE
WOODBURY PUBLIC SAFETY,WOODBURY,6/15/2026 2:30:09 PM,WB26024306,"2XXX  Horseshoe Ln, WOODBURY",JUVENILE COMPLAINT
WOODBURY PUBLIC SAFETY,WOODBURY,6/15/2026 2:30:32 PM,WB26024305,"8XXX  - 8050 TAMARACK RD, WOODBURY",DANCO VIOLATION
WOODBURY PUBLIC SAFETY,WOODBURY,6/15/2026 3:18:25 PM,WB26024313,"Radio Dr / Dale Rd, WOODBURY",ACCIDENT
WOODBURY PUBLIC SAFETY,WOODBURY,6/15/2026 4:11:26 PM,WB26024322,"Iron Horse Rd / Silverado Dr, WOODBURY",JUVENILE COMPLAINT
WOODBURY PUBLIC SAFETY,WOODBURY,6/15/2026 5:04:03 PM,WB26024328,"8XXX  Pinehurst Rd, WOODBURY",THREATS
WOODBURY PUBLIC SAFETY,WOODBURY,6/15/2026 5:06:51 PM,WB26024329,"Bailey Rd / Radio Dr, WOODBURY",ACCIDENT
WOODBURY PUBLIC SAFETY,WOODBURY,6/15/2026 5:44:45 PM,WB26024332,"3XXX  Hazel Trl, WOODBURY",OVERDOSE
WOODBURY PUBLIC SAFETY,WOODBURY,6/15/2026 6:33:53 PM,WB26024341,"7XXX  Hudson Rd, WOODBURY",DISTURBANCE
WOODBURY PUBLIC SAFETY,WOODBURY,6/15/2026 6:37:10 PM,WB26024339,"BAILEY RD / PIONEER DRIVE, WOODBURY",ACCIDENT
WOODBURY PUBLIC SAFETY,WOODBURY,6/15/2026 7:38:55 PM,WB26024349,"PIONEER DR / BAILEY RD, WOODBURY",TRAFFIC STOP
WOODBURY PUBLIC SAFETY,WOODBURY,6/15/2026 8:03:37 PM,WB26024354,"1XXX  Radio Dr, WOODBURY",PROPERTY DAMAGE
WOODBURY PUBLIC SAFETY,WOODBURY,6/15/2026 8:18:50 PM,WB26024355,"7XXX  Guider Dr, WOODBURY",NOISE COMPLAINT/DISTURBANCE
WOODBURY PUBLIC SAFETY,WOODBURY,6/15/2026 11:50:00 PM,WB26024373,"7XXX  Robinwood Trl, WOODBURY",SUICIDE ATTEMPT/THREATS OF
WOODBURY PUBLIC SAFETY,WOODBURY,6/16/2026 12:44:22 AM,WB26024383,"7XXX  TAMARACK RD, WOODBURY",SUSPICIOUS PERSON/ACTIVITY
WOODBURY PUBLIC SAFETY,WOODBURY,6/16/2026 1:21:22 AM,WB26024385,"8XXX  TAMARACK VLG, WOODBURY",JUVENILE COMPLAINT
WOODBURY PUBLIC SAFETY,WOODBURY,6/16/2026 1:40:00 AM,WB26024387,"I94 EB JEO BIELENBERG DR, WOODBURY",DWI
WOODBURY PUBLIC SAFETY,WOODBURY,6/16/2026 5:56:43 AM,WB26024399,"7XXX  Aberdeen Curv, WOODBURY",DISTURBANCE
WOODBURY PUBLIC SAFETY,WOODBURY,6/16/2026 8:03:57 AM,WB26024404,"7XXX  COURTLY RD, WOODBURY",DISTURBANCE
WOODBURY PUBLIC SAFETY,WOODBURY,6/16/2026 9:01:56 AM,WB26024409,"6XXX  - 6099 HUDSON RD, WOODBURY",TRAFFIC STOP
WOODBURY PUBLIC SAFETY,WOODBURY,6/16/2026 9:57:27 AM,WB26024416,"8XXX  TAMARACK RD, WOODBURY",DISTURBANCE
WOODBURY PUBLIC SAFETY,WOODBURY,6/16/2026 9:57:54 AM,WB26024417,"7XXX  Bailey Rd, WOODBURY",ACCIDENT
WOODBURY PUBLIC SAFETY,WOODBURY,6/16/2026 11:18:33 AM,WB26024422,"XXX WEIR DR, WOODBURY",WELFARE CHECK
WOODBURY PUBLIC SAFETY,WOODBURY,6/16/2026 1:09:32 PM,WB26024437,"4XXX  Radio Dr, WOODBURY",DISTURBANCE
WOODBURY PUBLIC SAFETY,WOODBURY,6/16/2026 1:15:09 PM,WB26024439,"XXX Karen Dr, WOODBURY",SUSPICIOUS PERSON/ACTIVITY
WOODBURY PUBLIC SAFETY,WOODBURY,6/16/2026 1:33:01 PM,WB26024447,"10XXX  Hudson Rd, WOODBURY",ACCIDENT
WOODBURY PUBLIC SAFETY,WOODBURY,6/16/2026 2:57:22 PM,WB26024461,"10XXX  HUDSON RD, WOODBURY",WARRANT ARREST
WOODBURY PUBLIC SAFETY,WOODBURY,6/16/2026 3:12:47 PM,WB26024467,"2XXX  - 2069 EAGLE CREEK LN, WOODBURY",DISTURBANCE
WOODBURY PUBLIC SAFETY,WOODBURY,6/16/2026 5:22:39 PM,WB26024483,"7XXX  Hargis Pkwy, WOODBURY",JUVENILE COMPLAINT
WOODBURY PUBLIC SAFETY,WOODBURY,6/16/2026 5:25:51 PM,WB26024485,"2XXX  Queensport Rd, WOODBURY",THEFT
WOODBURY PUBLIC SAFETY,WOODBURY,6/16/2026 5:36:26 PM,WB26024489,"10XXX  Arrowwood Trl, WOODBURY",CIVIL MATTER/DISPUTE
WOODBURY PUBLIC SAFETY,WOODBURY,6/16/2026 5:46:00 PM,WB26024491,"1XXX  Donegal Dr, WOODBURY",BURGLARY
WOODBURY PUBLIC SAFETY,WOODBURY,6/16/2026 6:14:38 PM,WB26024496,"XXX Commerce Dr, WOODBURY",CIVIL MATTER/DISPUTE
WOODBURY PUBLIC SAFETY,WOODBURY,6/16/2026 7:07:31 PM,WB26024504,"Bonnieview Cir / Bonnieview Dr, WOODBURY",DISTURBANCE
WOODBURY PUBLIC SAFETY,WOODBURY,6/16/2026 7:27:00 PM,WB26024586,"1XXX  BIELENBERG DR, WOODBURY",CPS REFERRAL
WOODBURY PUBLIC SAFETY,WOODBURY,6/16/2026 7:50:00 PM,WB26024509,"8XXX  Tamarack Vlg, WOODBURY",IDENTITY THEFT
WOODBURY PUBLIC SAFETY,WOODBURY,6/16/2026 7:51:00 PM,WB26024508,"BAILEY RD & LYDIA LN, WOODBURY",TRAFFIC STOP
WOODBURY PUBLIC SAFETY,WOODBURY,6/16/2026 9:44:57 PM,WB26024518,"3XXX  Juliet Dr, WOODBURY",DISTURBANCE
WOODBURY PUBLIC SAFETY,WOODBURY,6/16/2026 10:13:00 PM,WB26024520,"XX - 248 MANNING AVE S, WOODBURY",WARRANT ARREST
WOODBURY PUBLIC SAFETY,WOODBURY,6/17/2026 12:07:57 AM,WB26024527,"6XXX  ASHWOOD RD, WOODBURY",ASSIST OTHER AGENCY
WOODBURY PUBLIC SAFETY,WOODBURY,6/17/2026 5:38:00 AM,WB26024532,"10XXX  Hudson Rd, WOODBURY",WELFARE CHECK
WOODBURY PUBLIC SAFETY,WOODBURY,6/17/2026 6:00:51 AM,WB26024533,"XXX Karen Dr, WOODBURY",FRAUD/SCAM
WOODBURY PUBLIC SAFETY,WOODBURY,6/17/2026 7:47:55 AM,WB26024535,"XXX Dejon Ct, WOODBURY",FRAUD/SCAM
WOODBURY PUBLIC SAFETY,WOODBURY,6/17/2026 10:26:58 AM,WB26024542,"2XXX  Vining Dr, WOODBURY",HARASSMENT
WOODBURY PUBLIC SAFETY,WOODBURY,6/17/2026 11:57:59 AM,WB26024548,"Radio Dr / City Centre Dr, WOODBURY",ACCIDENT
WOODBURY PUBLIC SAFETY,WOODBURY,6/17/2026 12:54:00 PM,WB26024555,"5XXX  PINE ISLAND RD, WOODBURY",ANIMAL BITE
WOODBURY PUBLIC SAFETY,WOODBURY,6/17/2026 1:35:02 PM,WB26024563,"Rae Ln / Antrim Rd, WOODBURY",FOUND PROPERTY/ITEM
WOODBURY PUBLIC SAFETY,WOODBURY,6/17/2026 3:10:00 PM,WB26024654,"9XXX  PRINCETON CT, WOODBURY",MAARC
WOODBURY PUBLIC SAFETY,WOODBURY,6/17/2026 3:47:11 PM,WB26024585,"8XXX  Savanna Oaks Ln, WOODBURY",DISTURBANCE
WOODBURY PUBLIC SAFETY,WOODBURY,6/17/2026 4:26:29 PM,WB26024591,"1XXX  Spinaker Dr, WOODBURY",SUICIDE ATTEMPT/THREATS OF
WOODBURY PUBLIC SAFETY,WOODBURY,6/17/2026 4:29:39 PM,WB26024595,"XXX Weir Dr, WOODBURY",CIVIL MATTER/DISPUTE
WOODBURY PUBLIC SAFETY,WOODBURY,6/17/2026 4:57:08 PM,WB26024602,"WOODBURY DR / HUDSON RD, WOODBURY",TRAFFIC STOP
WOODBURY PUBLIC SAFETY,WOODBURY,6/17/2026 4:57:48 PM,WB26024603,"3XXX  Legacy Ln, WOODBURY",INTERNET CRIMES
WOODBURY PUBLIC SAFETY,WOODBURY,6/17/2026 5:06:34 PM,WB26024604,"8XXX  TAMARACK VLG, WOODBURY",WARRANT ARREST
WOODBURY PUBLIC SAFETY,WOODBURY,6/17/2026 5:21:55 PM,WB26024607,"7XXX  Aberdeen Curv, WOODBURY",SUSPICIOUS PERSON/ACTIVITY
WOODBURY PUBLIC SAFETY,WOODBURY,6/17/2026 5:30:00 PM,WB26024606,"I94, WOODBURY",TRAFFIC STOP
WOODBURY PUBLIC SAFETY,WOODBURY,6/17/2026 5:52:29 PM,WB26024608,"XXX RADIO DR, WOODBURY",WARRANT ATTEMPT
WOODBURY PUBLIC SAFETY,WOODBURY,6/17/2026 5:52:46 PM,WB26024609,"1XXX  QUEENS DR, WOODBURY",SHOPLIFTING
WOODBURY PUBLIC SAFETY,WOODBURY,6/17/2026 6:24:53 PM,WB26024614,"Donegal Dr / Valley Creek Rd, WOODBURY",ACCIDENT
WOODBURY PUBLIC SAFETY,WOODBURY,6/17/2026 6:43:09 PM,WB26024616,"7XXX  Currell Blvd, WOODBURY",PROPERTY DAMAGE
WOODBURY PUBLIC SAFETY,WOODBURY,6/17/2026 8:29:53 PM,WB26024623,"2XXX  COTTAGE GROVE RDG, WOODBURY",CHILD CUSTODY
WOODBURY PUBLIC SAFETY,WOODBURY,6/17/2026 8:43:38 PM,WB26024626,"1XXX  Weir Dr, WOODBURY",DISTURBANCE
WOODBURY PUBLIC SAFETY,WOODBURY,6/17/2026 10:14:00 PM,WB26024639,"VALLEY CREEK RD TO I494 NB RAMP, WOODBURY",DANCO VIOLATION
WOODBURY PUBLIC SAFETY,WOODBURY,6/17/2026 10:46:37 PM,WB26024643,"XXX Bielenberg Dr, WOODBURY",VEHICLE TAMPERING
WOODBURY PUBLIC SAFETY,WOODBURY,6/17/2026 11:00:37 PM,WB26024644,"3XXX  Hazel Trl, WOODBURY",SUSPICIOUS PERSON/ACTIVITY
WOODBURY PUBLIC SAFETY,WOODBURY,6/18/2026 12:00:00 AM,WB26024729,"RADIO DR / TOWER DR, WOODBURY",ACCIDENT
WOODBURY PUBLIC SAFETY,WOODBURY,6/18/2026 4:13:48 AM,WB26024650,"2XXX  RADIO DR, WOODBURY",LOST PROPERTY/ITEM
WOODBURY PUBLIC SAFETY,WOODBURY,6/18/2026 6:46:11 AM,WB26024653,"10XXX  Hudson Rd, WOODBURY",WELFARE CHECK
WOODBURY PUBLIC SAFETY,WOODBURY,6/18/2026 8:06:31 AM,WB26024655,"Hudson Rd / Woodbury Dr, WOODBURY",ACCIDENT
WOODBURY PUBLIC SAFETY,WOODBURY,6/18/2026 8:22:00 AM,WB26024658,"10XXX  Hudson Rd, WOODBURY",LOST PROPERTY/ITEM
WOODBURY PUBLIC SAFETY,WOODBURY,6/18/2026 10:41:05 AM,WB26024674,"2XXX  EAGLE VALLEY DR, WOODBURY",FRAUD/SCAM
WOODBURY PUBLIC SAFETY,WOODBURY,6/18/2026 11:05:17 AM,WB26024678,"6XXX  Hudson Rd, WOODBURY",FOUND PROPERTY/ITEM
WOODBURY PUBLIC SAFETY,WOODBURY,6/18/2026 11:18:00 AM,WB26024681,"7XXX  VALLEY CREEK PLZ, WOODBURY",ACCIDENT
WOODBURY PUBLIC SAFETY,WOODBURY,6/18/2026 11:51:45 AM,WB26024687,"1XXX  Tamberwood Trl, WOODBURY",RUNAWAY
WOODBURY PUBLIC SAFETY,WOODBURY,6/18/2026 12:55:32 PM,WB26024698,"Woodbury Dr / Commerce Dr, WOODBURY",ACCIDENT
WOODBURY PUBLIC SAFETY,WOODBURY,6/18/2026 1:32:17 PM,WB26024706,"10XXX  Hudson Rd, WOODBURY",TRESPASS NOTICE
WOODBURY PUBLIC SAFETY,WOODBURY,6/18/2026 1:44:27 PM,WB26024708,"1XXX  Hillcrest Dr, WOODBURY",MISSING PERSON
WOODBURY PUBLIC SAFETY,WOODBURY,6/18/2026 2:45:00 PM,WB26025398,"1XXX  REGENCY DR, WOODBURY",CPS REFERRAL
WOODBURY PUBLIC SAFETY,WOODBURY,6/18/2026 2:51:35 PM,WB26024715,"XXX Karen Dr, WOODBURY",WELFARE CHECK
WOODBURY PUBLIC SAFETY,WOODBURY,6/18/2026 3:21:00 PM,WB26024719,"2XXX  RADIO DR, WOODBURY",ASSIST OTHER AGENCY
WOODBURY PUBLIC SAFETY,WOODBURY,6/18/2026 3:49:10 PM,WB26024726,"7XXX  VALLEY CREEK PLZ, WOODBURY",SHOPLIFTING
WOODBURY PUBLIC SAFETY,WOODBURY,6/18/2026 4:01:47 PM,WB26024730,"7XXX  VALLEY CREEK PLZ, WOODBURY",DISTURBANCE
WOODBURY PUBLIC SAFETY,WOODBURY,6/18/2026 4:29:28 PM,WB26024735,"2XXX  Windsor Ln, WOODBURY",MISSING PERSON
WOODBURY PUBLIC SAFETY,WOODBURY,6/18/2026 5:00:54 PM,WB26024743,"10XXX  Falling Water Ln, WOODBURY",DEATH INVESTIGATION
WOODBURY PUBLIC SAFETY,WOODBURY,6/18/2026 5:32:00 PM,WB26024751,"1XXX  WOODLANE DR, WOODBURY",DWI
WOODBURY PUBLIC SAFETY,WOODBURY,6/18/2026 6:23:14 PM,WB26024761,"2XXX  Vining Dr, WOODBURY",CIVIL MATTER/DISPUTE
WOODBURY PUBLIC SAFETY,WOODBURY,6/18/2026 6:33:42 PM,WB26024762,"8XXX  TAMARACK VLG, WOODBURY",SHOPLIFTING
WOODBURY PUBLIC SAFETY,WOODBURY,6/18/2026 7:42:11 PM,WB26024772,"XXX Commerce Dr, WOODBURY",ACCIDENT
WOODBURY PUBLIC SAFETY,WOODBURY,6/18/2026 8:26:54 PM,WB26024782,"Lake Rd / Wedgewood Dr, WOODBURY",ACCIDENT
WOODBURY PUBLIC SAFETY,WOODBURY,6/18/2026 9:37:10 PM,WB26024787,"1XXX  Weir Dr, WOODBURY",DISTURBANCE
WOODBURY PUBLIC SAFETY,WOODBURY,6/18/2026 9:54:50 PM,WB26024789,"WOODLANE DR / VALLEY CREEK RD, WOODBURY",JUVENILE COMPLAINT
WOODBURY PUBLIC SAFETY,WOODBURY,6/18/2026 10:45:23 PM,WB26024793,"Tower Dr / Valley Creek Rd, WOODBURY",TRAFFIC COMPLAINT
WOODBURY PUBLIC SAFETY,WOODBURY,6/18/2026 11:02:18 PM,WB26024796,"4XXX  Schilling Ct, WOODBURY",NOISE COMPLAINT/DISTURBANCE
WOODBURY PUBLIC SAFETY,WOODBURY,6/19/2026 12:00:00 AM,WB26024863,"HUDSON RD / TROON CT, WOODBURY",TRAFFIC STOP
WOODBURY PUBLIC SAFETY,WOODBURY,6/19/2026 12:00:00 AM,WB26024889,"XXX Commerce Dr, WOODBURY",SHOPLIFTING
WOODBURY PUBLIC SAFETY,WOODBURY,6/19/2026 1:16:57 AM,WB26024813,"2XXX  Hemlock Blvd, WOODBURY",CIVIL MATTER/DISPUTE
WOODBURY PUBLIC SAFETY,WOODBURY,6/19/2026 6:41:23 AM,WB26024822,"2XXX  Mallard Dr, WOODBURY",THEFT FROM MOTOR VEHICLE
WOODBURY PUBLIC SAFETY,WOODBURY,6/19/2026 8:43:00 AM,WB26024825,"Radio Dr / Central Park Pl, WOODBURY",ACCIDENT
WOODBURY PUBLIC SAFETY,WOODBURY,6/19/2026 9:59:56 AM,WB26024833,"5XXX  Airlake Draw, WOODBURY",CIVIL MATTER/DISPUTE
WOODBURY PUBLIC SAFETY,WOODBURY,6/19/2026 10:38:51 AM,WB26024840,"6XXX  MILITARY RD, WOODBURY",SUSPICIOUS PERSON/ACTIVITY
WOODBURY PUBLIC SAFETY,WOODBURY,6/19/2026 10:40:10 AM,WB26024838,"3XXX  Ridgestone Way, WOODBURY",PROPERTY DAMAGE
WOODBURY PUBLIC SAFETY,WOODBURY,6/19/2026 10:43:27 AM,WB26024839,"TAMBERWOOD TRL / TAMARACK RD, WOODBURY",TRAFFIC COMPLAINT
WOODBURY PUBLIC SAFETY,WOODBURY,6/19/2026 12:50:31 PM,WB26024854,"6XXX  Bailey Rd, WOODBURY",THREATS
WOODBURY PUBLIC SAFETY,WOODBURY,6/19/2026 1:19:43 PM,WB26024859,"8XXX  Valley Creek Rd, WOODBURY",CHILD CUSTODY
WOODBURY PUBLIC SAFETY,WOODBURY,6/19/2026 1:30:13 PM,WB26024858,"2XXX  Century Ave, WOODBURY",MISSING PERSON
WOODBURY PUBLIC SAFETY,WOODBURY,6/19/2026 1:43:15 PM,WB26024860,"7XXX  Valley Creek Plz, WOODBURY",THEFT
WOODBURY PUBLIC SAFETY,WOODBURY,6/19/2026 2:42:17 PM,WB26024869,"Tahoe Rd / Lake Rd, WOODBURY",THEFT FROM MOTOR VEHICLE
WOODBURY PUBLIC SAFETY,WOODBURY,6/19/2026 3:12:24 PM,WB26024872,"XXX Lake View Dr, WOODBURY",WELFARE CHECK
WOODBURY PUBLIC SAFETY,WOODBURY,6/19/2026 3:15:27 PM,WB26024873,"10XXX  Falling Water Ln, WOODBURY",WELFARE CHECK
WOODBURY PUBLIC SAFETY,WOODBURY,6/19/2026 5:00:30 PM,WB26024885,"2XXX  - 2005 WOODBURY DR, WOODBURY",TRAFFIC STOP
WOODBURY PUBLIC SAFETY,WOODBURY,6/19/2026 6:12:15 PM,WB26024897,"9XXX  HUDSON RD, WOODBURY",ASSIST OTHER AGENCY
WOODBURY PUBLIC SAFETY,WOODBURY,6/19/2026 6:30:39 PM,WB26024898,"8XXX  Promenade Ln, WOODBURY",HRO VIOLATION
WOODBURY PUBLIC SAFETY,WOODBURY,6/19/2026 6:42:00 PM,WB26024900,"Woodwinds Dr / Lake Rd, WOODBURY",ACCIDENT
WOODBURY PUBLIC SAFETY,WOODBURY,6/19/2026 9:20:24 PM,WB26024912,"XXX - 1104 WEIR DR, WOODBURY",TRAFFIC STOP
WOODBURY PUBLIC SAFETY,WOODBURY,6/19/2026 11:47:26 PM,WB26024932,"TAMARACK RD, WOODBURY",TRAFFIC STOP
WOODBURY PUBLIC SAFETY,WOODBURY,6/20/2026 1:16:00 AM,WB26024944,"I494, WOODBURY",DWI
WOODBURY PUBLIC SAFETY,WOODBURY,6/20/2026 1:57:44 AM,WB26024949,"Woodbury Dr / Wynstone Dr, WOODBURY",WELFARE CHECK
WOODBURY PUBLIC SAFETY,WOODBURY,6/20/2026 5:29:15 AM,WB26024953,"2XXX  Eyrie Dr, WOODBURY",PROPERTY DAMAGE
WOODBURY PUBLIC SAFETY,WOODBURY,6/20/2026 10:26:29 AM,WB26024970,"2XXX  Double Eagle Ln, WOODBURY",TRESPASS NOTICE
WOODBURY PUBLIC SAFETY,WOODBURY,6/20/2026 11:17:13 AM,WB26024974,"10XXX  Hudson Rd, WOODBURY",THEFT
WOODBURY PUBLIC SAFETY,WOODBURY,6/20/2026 12:36:29 PM,WB26024985,"1XXX  Donegal Dr, WOODBURY",CIVIL MATTER/DISPUTE
WOODBURY PUBLIC SAFETY,WOODBURY,6/20/2026 2:00:00 PM,WB26024981,"7XXX  TAMARACK RD, WOODBURY",ACCIDENT
WOODBURY PUBLIC SAFETY,WOODBURY,6/20/2026 2:00:00 PM,WB26024989,"1XXX  QUEENS DR, WOODBURY",ACCIDENT
WOODBURY PUBLIC SAFETY,WOODBURY,6/20/2026 3:15:25 PM,WB26024997,"9XXX  Hudson Rd, WOODBURY",ACCIDENT
WOODBURY PUBLIC SAFETY,WOODBURY,6/20/2026 3:51:58 PM,WB26025005,"4XXX  Radio Dr, WOODBURY",DISTURBANCE
WOODBURY PUBLIC SAFETY,WOODBURY,6/20/2026 3:59:58 PM,WB26025006,"6XXX  Romeo Rd, WOODBURY",HARASSMENT
WOODBURY PUBLIC SAFETY,WOODBURY,6/20/2026 4:45:28 PM,WB26025012,"I94 WB AT CENTURY AVE, WOODBURY",WARRANT ARREST
WOODBURY PUBLIC SAFETY,WOODBURY,6/20/2026 4:47:48 PM,WB26025013,"9XXX  Duckwood Trl, WOODBURY",CIVIL MATTER/DISPUTE
WOODBURY PUBLIC SAFETY,WOODBURY,6/20/2026 4:53:27 PM,WB26025014,"XXX Landau Dr, WOODBURY",MEDICAL
WOODBURY PUBLIC SAFETY,WOODBURY,6/20/2026 5:12:39 PM,WB26025015,"7XXX  STEEPLEVIEW RD, WOODBURY",JUVENILE COMPLAINT
WOODBURY PUBLIC SAFETY,WOODBURY,6/20/2026 5:30:26 PM,WB26025017,"XXX Meadow Ln, WOODBURY",RUNAWAY
WOODBURY PUBLIC SAFETY,WOODBURY,6/20/2026 5:34:27 PM,WB26025019,"7XXX  Military Rd, WOODBURY",FOUND PROPERTY/ITEM
WOODBURY PUBLIC SAFETY,WOODBURY,6/20/2026 9:16:49 PM,WB26025048,"XXX Settlers Ridge Pkwy, WOODBURY",REQUEST FOR EMERGENCY EXAM - 72 HR HOLD
WOODBURY PUBLIC SAFETY,WOODBURY,6/20/2026 9:33:31 PM,WB26025049,"5XXX  CABALLO DR, WOODBURY",NOISE COMPLAINT/DISTURBANCE
WOODBURY PUBLIC SAFETY,WOODBURY,6/20/2026 9:42:12 PM,WB26025051,"6XXX  Tahoe Pl, WOODBURY",WELFARE CHECK
WOODBURY PUBLIC SAFETY,WOODBURY,6/20/2026 10:03:27 PM,WB26025054,"XXX - 798 INTERLACHEN PKWY, WOODBURY",DWI
WOODBURY PUBLIC SAFETY,WOODBURY,6/20/2026 11:00:30 PM,WB26025066,"XXX Kingfisher Ln, WOODBURY",DWI

