AgencyName,Address_City_Description,CreatedOn1,CaseNum,Textbox28,EventDescription
BAYPORT POLICE DEPARTMENT,BAYPORT,8/30/2026 4:31:48 AM,BP26002868,"XXX Highway 95 N, BAYPORT",MEDICAL
BAYPORT POLICE DEPARTMENT,BAYPORT,8/30/2026 5:19:12 AM,BP26002870,"XX CENTRAL AVE, BAYPORT",PARK CLOSED
BAYPORT POLICE DEPARTMENT,BAYPORT,8/30/2026 2:31:32 PM,BP26002875,"XX CENTRAL AVE, BAYPORT",WELFARE CHECK
BAYPORT POLICE DEPARTMENT,BAYPORT,8/31/2026 5:10:30 AM,BP26002876,"XX CENTRAL AVE, BAYPORT",PARK CLOSED
BAYPORT POLICE DEPARTMENT,BAYPORT,8/31/2026 8:51:00 AM,BP26002877,"XXX Highway 95 N, BAYPORT",MEDICAL
BAYPORT POLICE DEPARTMENT,BAYPORT,8/31/2026 9:02:48 AM,BP26002879,"XXX 3RD ST S, BAYPORT",ANIMAL COMPLAINT
BAYPORT POLICE DEPARTMENT,BAYPORT,8/31/2026 2:12:52 PM,BP26002881,"XXX PRAIRIE WAY S, BAYPORT",CITIZEN/PUBLIC ASSIST
BAYPORT POLICE DEPARTMENT,BAYPORT,8/31/2026 9:45:07 PM,BP26002883,"XXX 3RD ST S, BAYPORT",MEDICAL
BAYPORT POLICE DEPARTMENT,BAYPORT,8/31/2026 11:02:50 PM,BP26002884,"XX CENTRAL AVE, BAYPORT",Park Close
BAYPORT POLICE DEPARTMENT,BAYPORT,9/1/2026 11:55:39 AM,BP26002886,"XXX 3RD ST N, BAYPORT",ACCIDENT
BAYPORT POLICE DEPARTMENT,BAYPORT,9/2/2026 1:29:59 AM,BP26002888,"XXX 4TH AVE N, BAYPORT",MEDICAL
BAYPORT POLICE DEPARTMENT,BAYPORT,9/2/2026 5:24:19 PM,BP26002894,"XXX 4TH ST S, BAYPORT",WELFARE CHECK
BAYPORT POLICE DEPARTMENT,BAYPORT,9/2/2026 6:33:14 PM,BP26002895,"2ND ST N / 2ND AVE N, BAYPORT",ANIMAL COMPLAINT
BAYPORT POLICE DEPARTMENT,BAYPORT,9/2/2026 9:10:05 PM,BP26002896,"XX CENTRAL AVE, BAYPORT",PARK CLOSED
BAYPORT POLICE DEPARTMENT,BAYPORT,9/2/2026 9:19:05 PM,BP26002897,"XX CENTRAL AVE, BAYPORT",DWI
BAYPORT POLICE DEPARTMENT,BAYPORT,9/3/2026 8:18:44 AM,BP26002899,"XXX 3RD ST N, BAYPORT",FOUND PROPERTY/ITEM
BAYPORT POLICE DEPARTMENT,BAYPORT,9/3/2026 10:07:59 AM,BP26002900,"PRIVATE DR, BAYPORT",TRAFFIC STOP
BAYPORT POLICE DEPARTMENT,BAYPORT,9/3/2026 6:01:27 PM,BP26002903,"XXX INSPIRATION PKWY N, BAYPORT",OFFICER INFORMATION
BAYPORT POLICE DEPARTMENT,BAYPORT,9/3/2026 11:25:17 PM,BP26002904,"XX CENTRAL AVE, BAYPORT",CITIZEN/PUBLIC ASSIST
BAYPORT POLICE DEPARTMENT,BAYPORT,9/4/2026 4:29:41 AM,BP26002905,"XXX 4TH AVE N, BAYPORT",ACCIDENT
BAYPORT POLICE DEPARTMENT,BAYPORT,9/4/2026 10:47:44 AM,BP26002906,"XXX 8TH ST N, BAYPORT",AOA/MJ Grow
BAYPORT POLICE DEPARTMENT,BAYPORT,9/4/2026 10:03:57 PM,BP26002911,"XX CENTRAL AVE, BAYPORT",Park close
BAYPORT POLICE DEPARTMENT,BAYPORT,9/4/2026 11:11:46 PM,BP26002912,"XXX 5TH AVE S, BAYPORT",DWI
BAYPORT POLICE DEPARTMENT,BAYPORT,9/5/2026 9:24:46 AM,BP26002915,"XXX Highway 95 N, BAYPORT",MEDICAL
BAYPORT POLICE DEPARTMENT,OAK PARK HEIGHTS,8/30/2026 4:55:43 AM,BP26002869,"14XXX  58TH ST N, OAK PARK HEIGHTS",ASSIST OTHER AGENCY
BAYPORT POLICE DEPARTMENT,OAK PARK HEIGHTS,8/31/2026 3:35:08 PM,BP26002882,"14XXX  58TH ST N, OAK PARK HEIGHTS",ASSIST OTHER AGENCY
BAYPORT POLICE DEPARTMENT,OAK PARK HEIGHTS,9/2/2026 2:21:07 AM,BP26002889,"SAINT CROIX CROSSING BRIDGE: HWY 36 WB - MN, OAK PARK HEIGHTS",SUICIDE ATTEMPT/THREATS OF
BAYPORT POLICE DEPARTMENT,OAK PARK HEIGHTS,9/2/2026 2:41:31 PM,BP26002892,"14XXX  58TH ST N, OAK PARK HEIGHTS",ASSIST OTHER AGENCY
BAYPORT POLICE DEPARTMENT,OAK PARK HEIGHTS,9/2/2026 4:41:16 PM,BP26002893,"5XXX  OMAR AVE N, OAK PARK HEIGHTS",ASSIST OTHER AGENCY
COTTAGE GROVE POLICE DEPARTMENT,COTTAGE GROVE,8/30/2026 12:01:00 AM,CG26037929,"8XXX  - 8398 HADLEY AVE S, COTTAGE GROVE",TRAFFIC STOP
COTTAGE GROVE POLICE DEPARTMENT,COTTAGE GROVE,8/30/2026 2:07:00 AM,CG26037953,"6XXX  - 6000 Highway 61, COTTAGE GROVE",TRAFFIC STOP
COTTAGE GROVE POLICE DEPARTMENT,COTTAGE GROVE,8/30/2026 7:19:14 AM,CG26037970,"6XXX  WILDFLOWER DR S, COTTAGE GROVE",MEDICAL
COTTAGE GROVE POLICE DEPARTMENT,COTTAGE GROVE,8/30/2026 8:21:04 AM,CG26037975,"12XXX  RAVINE PKWY S, COTTAGE GROVE",FRAUD/SCAM
COTTAGE GROVE POLICE DEPARTMENT,COTTAGE GROVE,8/30/2026 9:04:30 AM,CG26037982,"80TH ST S / JAMAICA AVE S, COTTAGE GROVE",CITIZEN/PUBLIC ASSIST
COTTAGE GROVE POLICE DEPARTMENT,COTTAGE GROVE,8/30/2026 12:25:25 PM,CG26037994,"7XXX  ASPEN CV S, COTTAGE GROVE",MEDICAL
COTTAGE GROVE POLICE DEPARTMENT,COTTAGE GROVE,8/30/2026 12:35:57 PM,CG26037995,"7XXX  74TH ST S, COTTAGE GROVE",MEDICAL
COTTAGE GROVE POLICE DEPARTMENT,COTTAGE GROVE,8/30/2026 4:12:00 PM,CG26038010,"6XXX  WILDFLOWER DR S, COTTAGE GROVE",ANIMAL BITE
COTTAGE GROVE POLICE DEPARTMENT,COTTAGE GROVE,8/30/2026 6:12:29 PM,CG26038027,"8XXX  EAST POINT DOUGLAS RD S, COTTAGE GROVE",NEIGHBOR DISPUTE
COTTAGE GROVE POLICE DEPARTMENT,COTTAGE GROVE,8/30/2026 6:32:19 PM,CG26038031,"8XXX  EAST POINT DOUGLAS RD S, COTTAGE GROVE",MEDICAL
COTTAGE GROVE POLICE DEPARTMENT,COTTAGE GROVE,8/30/2026 10:27:00 PM,CG26038070,"HWY 61 NB TO JAMAICA AVE S RAMP, COTTAGE GROVE",DWI
COTTAGE GROVE POLICE DEPARTMENT,COTTAGE GROVE,8/31/2026 6:54:20 AM,CG26038100,"JAMAICA AVE S / HWY 61 NB TO JAMAICA AVE S NB RAMP, COTTAGE GROVE",ACCIDENT
COTTAGE GROVE POLICE DEPARTMENT,COTTAGE GROVE,8/31/2026 7:03:49 AM,CG26038102,"7XXX  JOPLIN AVE S, COTTAGE GROVE",VEHICLE UNLOCK
COTTAGE GROVE POLICE DEPARTMENT,COTTAGE GROVE,8/31/2026 7:19:32 AM,CG26038101,"7XXX  79TH ST S, COTTAGE GROVE",MEDICAL
COTTAGE GROVE POLICE DEPARTMENT,COTTAGE GROVE,8/31/2026 8:09:36 AM,CG26038106,"7XXX  EAST POINT DOUGLAS RD S, COTTAGE GROVE",ACCIDENT
COTTAGE GROVE POLICE DEPARTMENT,COTTAGE GROVE,8/31/2026 9:35:23 AM,CG26038110,"9XXX  GLENDENNING RD S, COTTAGE GROVE",MEDICAL
COTTAGE GROVE POLICE DEPARTMENT,COTTAGE GROVE,8/31/2026 9:41:24 AM,CG26038111,"8XXX  HALE AVE S, COTTAGE GROVE",MEDICAL
COTTAGE GROVE POLICE DEPARTMENT,COTTAGE GROVE,8/31/2026 10:21:03 AM,CG26038118,"11XXX  GREY CLOUD TRL S, COTTAGE GROVE",WELFARE CHECK
COTTAGE GROVE POLICE DEPARTMENT,COTTAGE GROVE,8/31/2026 12:38:31 PM,CG26038128,"8XXX  WEST POINT DOUGLAS RD S, COTTAGE GROVE",MEDICAL
COTTAGE GROVE POLICE DEPARTMENT,COTTAGE GROVE,8/31/2026 3:35:12 PM,CG26038139,"6XXX  PINE ARBOR BLVD S, COTTAGE GROVE",MEDICAL
COTTAGE GROVE POLICE DEPARTMENT,COTTAGE GROVE,8/31/2026 3:42:56 PM,CG26038142,"8XXX  67TH ST S, COTTAGE GROVE",CITIZEN/PUBLIC ASSIST
COTTAGE GROVE POLICE DEPARTMENT,COTTAGE GROVE,8/31/2026 4:02:12 PM,CG26038145,"6XXX  80TH ST S, COTTAGE GROVE",VEHICLE UNLOCK
COTTAGE GROVE POLICE DEPARTMENT,COTTAGE GROVE,8/31/2026 4:40:06 PM,CG26038149,"6XXX  80TH ST S, COTTAGE GROVE",MEDICAL
COTTAGE GROVE POLICE DEPARTMENT,COTTAGE GROVE,8/31/2026 5:22:28 PM,CG26038163,"8XXX  66TH ST S, COTTAGE GROVE",WELFARE CHECK
COTTAGE GROVE POLICE DEPARTMENT,COTTAGE GROVE,8/31/2026 5:25:03 PM,CG26038161,"6XXX  92ND BAY S, COTTAGE GROVE",MEDICAL
COTTAGE GROVE POLICE DEPARTMENT,COTTAGE GROVE,8/31/2026 8:33:46 PM,CG26038193,"6XXX  101ST ST S, COTTAGE GROVE",CITIZEN/PUBLIC ASSIST
COTTAGE GROVE POLICE DEPARTMENT,COTTAGE GROVE,9/1/2026 12:35:23 AM,CG26038226,"8XXX  GREYSTONE AVE S, COTTAGE GROVE",MEDICAL
COTTAGE GROVE POLICE DEPARTMENT,COTTAGE GROVE,9/1/2026 12:38:06 AM,CG26038227,"8XXX  FOOTHILL RD S, COTTAGE GROVE",MEDICAL
COTTAGE GROVE POLICE DEPARTMENT,COTTAGE GROVE,9/1/2026 6:31:13 AM,CG26038246,"8XXX  GREYSTONE AVE S, COTTAGE GROVE",WELFARE CHECK
COTTAGE GROVE POLICE DEPARTMENT,COTTAGE GROVE,9/1/2026 8:53:17 AM,CG26038252,"10XXX  HINTON AVE S, COTTAGE GROVE",MEDICAL
COTTAGE GROVE POLICE DEPARTMENT,COTTAGE GROVE,9/1/2026 12:00:26 PM,CG26038259,"10XXX  MISSISSIPPI DUNES TRL S, COTTAGE GROVE",MEDICAL
COTTAGE GROVE POLICE DEPARTMENT,COTTAGE GROVE,9/1/2026 1:44:43 PM,CG26038272,"8XXX  GREENE AVE S, COTTAGE GROVE",TRESPASS NOTICE
COTTAGE GROVE POLICE DEPARTMENT,COTTAGE GROVE,9/1/2026 1:52:32 PM,CG26038273,"8XXX  INGLESIDE AVE S, COTTAGE GROVE",WELFARE CHECK
COTTAGE GROVE POLICE DEPARTMENT,COTTAGE GROVE,9/1/2026 2:45:36 PM,CG26038279,"12XXX  RAVINE PKWY S, COTTAGE GROVE",CITIZEN/PUBLIC ASSIST
COTTAGE GROVE POLICE DEPARTMENT,COTTAGE GROVE,9/1/2026 2:49:20 PM,CG26038281,"8XXX  WEST POINT DOUGLAS RD S, COTTAGE GROVE",MEDICAL
COTTAGE GROVE POLICE DEPARTMENT,COTTAGE GROVE,9/1/2026 3:34:02 PM,CG26038286,"8XXX  97TH ST S, COTTAGE GROVE",VEHICLE UNLOCK
COTTAGE GROVE POLICE DEPARTMENT,COTTAGE GROVE,9/1/2026 5:18:01 PM,CG26038299,"7XXX  GOODVIEW AVE S, COTTAGE GROVE",MEDICAL
COTTAGE GROVE POLICE DEPARTMENT,COTTAGE GROVE,9/1/2026 7:46:58 PM,CG26038318,"HEMINGWAY AVE S, COTTAGE GROVE",DWI
COTTAGE GROVE POLICE DEPARTMENT,COTTAGE GROVE,9/1/2026 7:50:21 PM,CG26038319,"8XXX  EAST POINT DOUGLAS RD S, COTTAGE GROVE",MEDICAL
COTTAGE GROVE POLICE DEPARTMENT,COTTAGE GROVE,9/1/2026 8:13:33 PM,CG26038320,"9XXX  90TH ST S, COTTAGE GROVE",FOUND PROPERTY/ITEM
COTTAGE GROVE POLICE DEPARTMENT,COTTAGE GROVE,9/1/2026 8:42:10 PM,CG26038325,"9XXX  90TH ST S, COTTAGE GROVE",FOUND PROPERTY/ITEM
COTTAGE GROVE POLICE DEPARTMENT,COTTAGE GROVE,9/1/2026 10:06:06 PM,CG26038346,"7XXX  JASMINE AVE S, COTTAGE GROVE",MEDICAL
COTTAGE GROVE POLICE DEPARTMENT,COTTAGE GROVE,9/2/2026 2:24:42 AM,CG26038367,"8XXX  HILLSIDE TRL S, COTTAGE GROVE",REQUEST FOR EMERGENCY EXAM - 72 HR HOLD
COTTAGE GROVE POLICE DEPARTMENT,COTTAGE GROVE,9/2/2026 6:53:27 AM,CG26038370,"9XXX  72ND ST S, COTTAGE GROVE",MEDICAL
COTTAGE GROVE POLICE DEPARTMENT,COTTAGE GROVE,9/2/2026 8:38:00 AM,CG26038379,"8XXX  EAST POINT DOUGLAS RD S, COTTAGE GROVE",MISSING PERSON
COTTAGE GROVE POLICE DEPARTMENT,COTTAGE GROVE,9/2/2026 9:23:27 AM,CG26038382,"8XXX  HADLEY AVE S, COTTAGE GROVE",DISTURBANCE
COTTAGE GROVE POLICE DEPARTMENT,COTTAGE GROVE,9/2/2026 11:01:23 AM,CG26038398,"7XXX  IVERSON AVE S, COTTAGE GROVE",MEDICAL
COTTAGE GROVE POLICE DEPARTMENT,COTTAGE GROVE,9/2/2026 11:42:53 AM,CG26038402,"8XXX  - 8488 HILLSIDE TRL S, COTTAGE GROVE",TRAFFIC STOP
COTTAGE GROVE POLICE DEPARTMENT,COTTAGE GROVE,9/2/2026 1:00:33 PM,CG26038407,"6XXX  80TH ST S, COTTAGE GROVE",FRAUD/SCAM
COTTAGE GROVE POLICE DEPARTMENT,COTTAGE GROVE,9/2/2026 1:59:51 PM,CG26038410,"7XXX  79TH ST S, COTTAGE GROVE",MEDICAL
COTTAGE GROVE POLICE DEPARTMENT,COTTAGE GROVE,9/2/2026 3:04:17 PM,CG26038435,"11XXX  KINGSBOROUGH TRL S, COTTAGE GROVE",ANIMAL BITE
COTTAGE GROVE POLICE DEPARTMENT,COTTAGE GROVE,9/2/2026 5:18:22 PM,CG26038431,"9XXX  ISLAY AVE S, COTTAGE GROVE",MEDICAL
COTTAGE GROVE POLICE DEPARTMENT,COTTAGE GROVE,9/2/2026 7:36:32 PM,CG26038440,"9XXX  JERGEN AVE S, COTTAGE GROVE",MEDICAL
COTTAGE GROVE POLICE DEPARTMENT,COTTAGE GROVE,9/2/2026 9:55:12 PM,CG26038478,"8XXX  81ST ST S, COTTAGE GROVE",MEDICAL
COTTAGE GROVE POLICE DEPARTMENT,COTTAGE GROVE,9/2/2026 10:09:25 PM,CG26038481,"7XXX  HOMESTEAD AVE S, COTTAGE GROVE",TRAFFIC STOP
COTTAGE GROVE POLICE DEPARTMENT,COTTAGE GROVE,9/2/2026 11:08:43 PM,CG26038491,"7XXX  EAST POINT DOUGLAS RD S, COTTAGE GROVE",ALARM-BUSINESS/RES/FIRE/MEDICAL/ETC
COTTAGE GROVE POLICE DEPARTMENT,COTTAGE GROVE,9/2/2026 11:19:21 PM,CG26038492,"HWY 61 NB AT 80TH ST S, COTTAGE GROVE",DWI
COTTAGE GROVE POLICE DEPARTMENT,COTTAGE GROVE,9/2/2026 11:49:16 PM,CG26038499,"7XXX  HARDWOOD AVE S, COTTAGE GROVE",ALARM-BUSINESS/RES/FIRE/MEDICAL/ETC
COTTAGE GROVE POLICE DEPARTMENT,COTTAGE GROVE,9/3/2026 12:29:35 AM,CG26038500,"6XXX  EAST POINT DOUGLAS RD S, COTTAGE GROVE",MEDICAL
COTTAGE GROVE POLICE DEPARTMENT,COTTAGE GROVE,9/3/2026 2:00:42 AM,CG26038506,"6XXX  JARVIS BAY S, COTTAGE GROVE",WELFARE CHECK
COTTAGE GROVE POLICE DEPARTMENT,COTTAGE GROVE,9/3/2026 7:18:50 AM,CG26038513,"7XXX  113TH ST S, COTTAGE GROVE",MEDICAL
COTTAGE GROVE POLICE DEPARTMENT,COTTAGE GROVE,9/3/2026 7:35:49 AM,CG26038515,"6XXX  80TH ST S, COTTAGE GROVE",MEDICAL
COTTAGE GROVE POLICE DEPARTMENT,COTTAGE GROVE,9/3/2026 9:44:57 AM,CG26038525,"6XXX  EAST POINT DOUGLAS RD S, COTTAGE GROVE",MEDICAL
COTTAGE GROVE POLICE DEPARTMENT,COTTAGE GROVE,9/3/2026 11:22:10 AM,CG26038539,"8XXX  EAST POINT DOUGLAS RD S, COTTAGE GROVE",MEDICAL
COTTAGE GROVE POLICE DEPARTMENT,COTTAGE GROVE,9/3/2026 12:30:05 PM,CG26038547,"8XXX  82ND STREET CT S, COTTAGE GROVE",SUSPICIOUS PERSON/ACTIVITY
COTTAGE GROVE POLICE DEPARTMENT,COTTAGE GROVE,9/3/2026 2:00:01 PM,CG26038552,"6XXX  TIMBER RIDGE CT S, COTTAGE GROVE",FRAUD/SCAM
COTTAGE GROVE POLICE DEPARTMENT,COTTAGE GROVE,9/3/2026 2:58:29 PM,CG26038555,"6XXX  EAST POINT DOUGLAS RD S, COTTAGE GROVE",MEDICAL
COTTAGE GROVE POLICE DEPARTMENT,COTTAGE GROVE,9/3/2026 4:02:09 PM,CG26038558,"HWY 61 NB TO JAMAICA AVE S RAMP, COTTAGE GROVE",MEDICAL
COTTAGE GROVE POLICE DEPARTMENT,COTTAGE GROVE,9/3/2026 5:38:01 PM,CG26038585,"7XXX  EAST POINT DOUGLAS RD S, COTTAGE GROVE",DWI
COTTAGE GROVE POLICE DEPARTMENT,COTTAGE GROVE,9/3/2026 6:04:51 PM,CG26038588,"70TH ST S / HARDWOOD AVE S, COTTAGE GROVE",ACCIDENT
COTTAGE GROVE POLICE DEPARTMENT,COTTAGE GROVE,9/3/2026 6:17:01 PM,CG26038589,"6XXX  IDSEN AVE S, COTTAGE GROVE",SUSPICIOUS PERSON/ACTIVITY
COTTAGE GROVE POLICE DEPARTMENT,COTTAGE GROVE,9/3/2026 8:39:27 PM,CG26038595,"6XXX  EAST POINT DOUGLAS RD S, COTTAGE GROVE",MEDICAL
COTTAGE GROVE POLICE DEPARTMENT,COTTAGE GROVE,9/3/2026 9:01:41 PM,CG26038596,"6XXX  80TH ST S, COTTAGE GROVE",MEDICAL
COTTAGE GROVE POLICE DEPARTMENT,COTTAGE GROVE,9/3/2026 11:42:00 PM,CG26038628,"7XXX  - 7799 HARDWOOD AVE S, COTTAGE GROVE",TRAFFIC STOP
COTTAGE GROVE POLICE DEPARTMENT,COTTAGE GROVE,9/3/2026 11:54:29 PM,CG26038632,"9XXX  62ND ST S, COTTAGE GROVE",MEDICAL
COTTAGE GROVE POLICE DEPARTMENT,COTTAGE GROVE,9/4/2026 12:40:46 AM,CG26038641,"8XXX  GROSPOINT AVE S, COTTAGE GROVE",WELFARE CHECK
COTTAGE GROVE POLICE DEPARTMENT,COTTAGE GROVE,9/4/2026 12:47:45 AM,CG26038642,"8XXX  EAST POINT DOUGLAS RD S, COTTAGE GROVE",TRAFFIC STOP
COTTAGE GROVE POLICE DEPARTMENT,COTTAGE GROVE,9/4/2026 2:55:53 AM,CG26038646,"7XXX  HINTON AVE S, COTTAGE GROVE",Medical
COTTAGE GROVE POLICE DEPARTMENT,COTTAGE GROVE,9/4/2026 6:47:57 AM,CG26038649,"8XXX  GRAFTON AVE S, COTTAGE GROVE",MEDICAL
COTTAGE GROVE POLICE DEPARTMENT,COTTAGE GROVE,9/4/2026 11:11:49 AM,CG26038679,"6XXX  103RD ST S, COTTAGE GROVE",MEDICAL
COTTAGE GROVE POLICE DEPARTMENT,COTTAGE GROVE,9/4/2026 11:26:40 AM,CG26038684,"8XXX  ISLE AVE S, COTTAGE GROVE",VEHICLE TAMPERING
COTTAGE GROVE POLICE DEPARTMENT,COTTAGE GROVE,9/4/2026 11:40:57 AM,CG26038687,"7XXX  JONATHAN AVE S, COTTAGE GROVE",ANIMAL COMPLAINT
COTTAGE GROVE POLICE DEPARTMENT,COTTAGE GROVE,9/4/2026 12:14:19 PM,CG26038689,"7XXX  EAST POINT DOUGLAS RD S, COTTAGE GROVE",VEHICLE UNLOCK
COTTAGE GROVE POLICE DEPARTMENT,COTTAGE GROVE,9/4/2026 2:02:08 PM,CG26038712,"MEADOW GRASS AVE S / 65TH ST S, COTTAGE GROVE",ACCIDENT
COTTAGE GROVE POLICE DEPARTMENT,COTTAGE GROVE,9/4/2026 2:31:19 PM,CG26038715,"8XXX  EAST POINT DOUGLAS RD S, COTTAGE GROVE",MEDICAL
COTTAGE GROVE POLICE DEPARTMENT,COTTAGE GROVE,9/4/2026 4:30:35 PM,CG26038734,"9XXX  - 9548 105TH STREET CT S, COTTAGE GROVE",PARKING VIOLATION
COTTAGE GROVE POLICE DEPARTMENT,COTTAGE GROVE,9/4/2026 4:41:17 PM,CG26038737,"8XXX  92ND ST S, COTTAGE GROVE",MEDICAL
COTTAGE GROVE POLICE DEPARTMENT,COTTAGE GROVE,9/4/2026 6:52:37 PM,CG26038787,"12XXX  RAVINE PKWY S, COTTAGE GROVE",OFFICER INFORMATION
COTTAGE GROVE POLICE DEPARTMENT,COTTAGE GROVE,9/4/2026 7:25:01 PM,CG26038790,"9XXX  EAST POINT DOUGLAS RD S, COTTAGE GROVE",MEDICAL
COTTAGE GROVE POLICE DEPARTMENT,COTTAGE GROVE,9/5/2026 10:15:31 AM,CG26038859,"6XXX  91ST ST S, COTTAGE GROVE",CITIZEN/PUBLIC ASSIST
COTTAGE GROVE POLICE DEPARTMENT,COTTAGE GROVE,9/5/2026 3:22:00 PM,CG26038895,"8XXX  WEST POINT DOUGLAS RD S, COTTAGE GROVE",TRAFFIC STOP
COTTAGE GROVE POLICE DEPARTMENT,NEWPORT,8/30/2026 1:12:00 AM,CG26037945,"HWY 61 NB TO I494 RAMP, NEWPORT",DWI
COTTAGE GROVE POLICE DEPARTMENT,NEWPORT,9/3/2026 11:12:00 PM,CG26038623,"HWY 61 NB JSO GLEN RD, NEWPORT",TRAFFIC STOP
COTTAGE GROVE POLICE DEPARTMENT,NEWPORT,9/5/2026 8:59:00 PM,CG26038925,"GLEN RD, NEWPORT",TRAFFIC STOP
COTTAGE GROVE POLICE DEPARTMENT,SAINT PAUL PARK,9/1/2026 10:14:57 PM,CG26038347,"HWY 61 SB AT 70TH ST S, SAINT PAUL PARK",PURSUIT
COTTAGE GROVE POLICE DEPARTMENT,SAINT PAUL PARK,9/2/2026 12:33:32 AM,CG26038363,"SAINT PAUL PARK RD TO HWY 61 SB RAMP, SAINT PAUL PARK",PURSUIT
COTTAGE GROVE POLICE DEPARTMENT,SAINT PAUL PARK,9/2/2026 8:40:31 PM,CG26038448,"5XXX  - 5780 70TH ST S, SAINT PAUL PARK",TRAFFIC STOP
FOREST LAKE POLICE DEPARTMENT,FOREST LAKE,8/30/2026 12:40:03 AM,FL26011250,"BROADWAY AVE W & I35 SB, FOREST LAKE",TRAFFIC STOP
FOREST LAKE POLICE DEPARTMENT,FOREST LAKE,8/30/2026 1:42:14 AM,FL26011256,"FOREST BLVD N & 184TH ST N, FOREST LAKE",DWI
FOREST LAKE POLICE DEPARTMENT,FOREST LAKE,8/30/2026 8:05:31 AM,FL26011262,"3RD AVE SW & 2ND ST SW, FOREST LAKE",ABANDONED VEHICLE
FOREST LAKE POLICE DEPARTMENT,FOREST LAKE,8/30/2026 9:24:10 AM,FL26011263,"1XXX  South Shore Dr, FOREST LAKE",ACCIDENT
FOREST LAKE POLICE DEPARTMENT,FOREST LAKE,8/30/2026 10:12:07 AM,FL26011266,"XXX LAKE ST S, FOREST LAKE",FOUND PROPERTY/ITEM
FOREST LAKE POLICE DEPARTMENT,FOREST LAKE,8/30/2026 10:40:40 AM,FL26011268,"1XXX  BROADWAY AVE W, FOREST LAKE",ACCIDENT
FOREST LAKE POLICE DEPARTMENT,FOREST LAKE,8/30/2026 9:20:12 PM,FL26011279,"XXX 19TH ST SW, FOREST LAKE",TRAFFIC STOP
FOREST LAKE POLICE DEPARTMENT,FOREST LAKE,8/31/2026 7:28:40 AM,FL26011293,"202ND ST N & GOODVIEW AVE N, FOREST LAKE",ACCIDENT
FOREST LAKE POLICE DEPARTMENT,FOREST LAKE,8/31/2026 9:34:03 AM,FL26011296,"1XXX  LAKE ST S, FOREST LAKE",OFFICER INFORMATION
FOREST LAKE POLICE DEPARTMENT,FOREST LAKE,8/31/2026 12:36:24 PM,FL26011304,"XXX 12TH ST SW, FOREST LAKE",PROPERTY DAMAGE
FOREST LAKE POLICE DEPARTMENT,FOREST LAKE,8/31/2026 1:59:36 PM,FL26011310,"2XXX  BROADWAY AVE W, FOREST LAKE",FRAUD/SCAM
FOREST LAKE POLICE DEPARTMENT,FOREST LAKE,8/31/2026 2:28:37 PM,FL26011312,"1XXX  Broadway Ave W, FOREST LAKE",ACCIDENT
FOREST LAKE POLICE DEPARTMENT,FOREST LAKE,8/31/2026 2:34:00 PM,FL26011314,"1XXX  7TH AVE SW, FOREST LAKE",WARRANT ARREST
FOREST LAKE POLICE DEPARTMENT,FOREST LAKE,8/31/2026 3:54:19 PM,FL26011321,"XXX 1ST AVE SW, FOREST LAKE",ANIMAL COMPLAINT
FOREST LAKE POLICE DEPARTMENT,FOREST LAKE,8/31/2026 5:30:27 PM,FL26011331,"8XXX  NORTH SHORE TRL N, FOREST LAKE",VEHICLE UNLOCK
FOREST LAKE POLICE DEPARTMENT,FOREST LAKE,8/31/2026 8:40:34 PM,FL26011337,"XXX 12TH ST SW, FOREST LAKE",DISTURBANCE
FOREST LAKE POLICE DEPARTMENT,FOREST LAKE,8/31/2026 10:31:02 PM,FL26011342,"4XXX  208TH ST N, FOREST LAKE",WELFARE CHECK
FOREST LAKE POLICE DEPARTMENT,FOREST LAKE,9/1/2026 6:22:17 AM,FL26011348,"20XXX  GRAFTON AVE N, FOREST LAKE",HARASSMENT
FOREST LAKE POLICE DEPARTMENT,FOREST LAKE,9/1/2026 6:54:28 AM,FL26011349,"1XXX  BROADWAY AVE W, FOREST LAKE",VEHICLE TAMPERING
FOREST LAKE POLICE DEPARTMENT,FOREST LAKE,9/1/2026 8:53:35 AM,FL26011354,"6XXX  203RD CT N, FOREST LAKE",SUSPICIOUS PERSON/ACTIVITY
FOREST LAKE POLICE DEPARTMENT,FOREST LAKE,9/1/2026 11:16:01 AM,FL26011360,"1XXX  LAKE ST S, FOREST LAKE",CIVIL MATTER/DISPUTE
FOREST LAKE POLICE DEPARTMENT,FOREST LAKE,9/1/2026 12:18:11 PM,FL26011363,"1XXX  BROADWAY AVE W, FOREST LAKE",WELFARE CHECK
FOREST LAKE POLICE DEPARTMENT,FOREST LAKE,9/1/2026 1:02:16 PM,FL26011366,"1XXX  APARTMENT LN SW, FOREST LAKE",ANIMAL COMPLAINT
FOREST LAKE POLICE DEPARTMENT,FOREST LAKE,9/1/2026 2:00:40 PM,FL26011370,"21XXX  GOODVIEW AVE N, FOREST LAKE",ACCIDENT
FOREST LAKE POLICE DEPARTMENT,FOREST LAKE,9/1/2026 2:07:50 PM,FL26011371,"XXX NORTH SHORE DR, FOREST LAKE",PROPERTY DAMAGE
FOREST LAKE POLICE DEPARTMENT,FOREST LAKE,9/1/2026 5:09:21 PM,FL26011378,"1XXX  LAKE ST S, FOREST LAKE",TRAFFIC COMPLAINT
FOREST LAKE POLICE DEPARTMENT,FOREST LAKE,9/1/2026 6:19:09 PM,FL26011379,"19XXX  FENWAY AVE N, FOREST LAKE",LOST PROPERTY/ITEM
FOREST LAKE POLICE DEPARTMENT,FOREST LAKE,9/1/2026 6:27:36 PM,FL26011380,"XXX 12TH ST SW, FOREST LAKE",PARKING COMPLAINT
FOREST LAKE POLICE DEPARTMENT,FOREST LAKE,9/1/2026 9:32:24 PM,FL26011384,"NORTH SHORE TRL N & GRANADA AVE N, FOREST LAKE",TRAFFIC STOP
FOREST LAKE POLICE DEPARTMENT,FOREST LAKE,9/2/2026 9:50:00 AM,FL26011401,"12TH ST SW & 9TH AVE SW, FOREST LAKE",TRAFFIC STOP
FOREST LAKE POLICE DEPARTMENT,FOREST LAKE,9/2/2026 11:00:00 AM,FL26011405,"12TH ST SW & 9TH AVE SW, FOREST LAKE",TRAFFIC STOP
FOREST LAKE POLICE DEPARTMENT,FOREST LAKE,9/2/2026 5:21:47 PM,FL26011434,"19XXX  FOREST RD N, FOREST LAKE",TRESPASSING
FOREST LAKE POLICE DEPARTMENT,FOREST LAKE,9/2/2026 6:08:41 PM,FL26011437,"XXX 11TH AVE SW, FOREST LAKE",HARASSMENT
FOREST LAKE POLICE DEPARTMENT,FOREST LAKE,9/2/2026 7:20:29 PM,FL26011440,"XX BROADWAY AVE E, FOREST LAKE",SUSPICIOUS PERSON/ACTIVITY
FOREST LAKE POLICE DEPARTMENT,FOREST LAKE,9/3/2026 4:20:24 AM,FL26011457,"2XXX  BROADWAY AVE W, FOREST LAKE",SUSPICIOUS PERSON/ACTIVITY
FOREST LAKE POLICE DEPARTMENT,FOREST LAKE,9/3/2026 6:38:38 AM,FL26011459,"XXX 3RD AVE NW, FOREST LAKE",THEFT FROM MOTOR VEHICLE
FOREST LAKE POLICE DEPARTMENT,FOREST LAKE,9/3/2026 8:30:05 AM,FL26011462,"21XXX  GOODVIEW AVE N, FOREST LAKE",LOST PROPERTY/ITEM
FOREST LAKE POLICE DEPARTMENT,FOREST LAKE,9/3/2026 1:35:00 PM,FL26011474,"XXX 12TH ST SW, FOREST LAKE",SHOPLIFTING
FOREST LAKE POLICE DEPARTMENT,FOREST LAKE,9/3/2026 2:04:40 PM,FL26011477,"21XXX  GOODVIEW AVE N, FOREST LAKE",LOST PROPERTY/ITEM
FOREST LAKE POLICE DEPARTMENT,FOREST LAKE,9/3/2026 4:52:54 PM,FL26011490,"SCANDIA TRL N & NORTH SHORE TRL N, FOREST LAKE",ACCIDENT
FOREST LAKE POLICE DEPARTMENT,FOREST LAKE,9/3/2026 8:27:45 PM,FL26011501,"4XXX  240TH ST N, FOREST LAKE",HARASSMENT
FOREST LAKE POLICE DEPARTMENT,FOREST LAKE,9/3/2026 8:39:41 PM,FL26011502,"XXX LEE ST, FOREST LAKE",CIVIL MATTER/DISPUTE
FOREST LAKE POLICE DEPARTMENT,FOREST LAKE,9/3/2026 9:25:00 PM,FL26011504,"BROADWAY AVE W & 19TH ST SW, FOREST LAKE",TRAFFIC STOP
FOREST LAKE POLICE DEPARTMENT,FOREST LAKE,9/3/2026 9:58:00 PM,FL26011480,"XXX 4TH ST SW, FOREST LAKE",FLEEING
FOREST LAKE POLICE DEPARTMENT,FOREST LAKE,9/4/2026 1:34:10 AM,FL26011511,"23XXX  FOREST BLVD N, FOREST LAKE",ASSIST OTHER AGENCY
FOREST LAKE POLICE DEPARTMENT,FOREST LAKE,9/4/2026 4:22:52 AM,FL26011515,"220th St N & FINLEY CT N, FOREST LAKE",ACCIDENT
FOREST LAKE POLICE DEPARTMENT,FOREST LAKE,9/4/2026 9:29:05 AM,FL26011521,"6XXX  202ND ST N, FOREST LAKE",ANIMAL COMPLAINT
FOREST LAKE POLICE DEPARTMENT,FOREST LAKE,9/4/2026 9:41:33 AM,FL26011523,"XXX 3RD ST NW, FOREST LAKE",THEFT FROM MOTOR VEHICLE
FOREST LAKE POLICE DEPARTMENT,FOREST LAKE,9/4/2026 11:00:00 AM,FL26011526,"20XXX  FITZGERALD TRL N, FOREST LAKE",TRESPASSING
FOREST LAKE POLICE DEPARTMENT,FOREST LAKE,9/4/2026 1:50:37 PM,FL26011537,"1XXX  BROADWAY AVE W, FOREST LAKE",ACCIDENT
FOREST LAKE POLICE DEPARTMENT,FOREST LAKE,9/4/2026 3:30:50 PM,FL26011541,"XX 5TH AVE NE, FOREST LAKE",HRO VIOLATION
FOREST LAKE POLICE DEPARTMENT,FOREST LAKE,9/4/2026 3:35:00 PM,FL26011540,"EUREKA AVE N & 217TH ST N, FOREST LAKE",TRAFFIC STOP
FOREST LAKE POLICE DEPARTMENT,FOREST LAKE,9/4/2026 4:06:06 PM,FL26011543,"1XXX  5TH ST SE, FOREST LAKE",NEIGHBOR DISPUTE
FOREST LAKE POLICE DEPARTMENT,FOREST LAKE,9/5/2026 3:11:33 PM,FL26011585,"XXX 12TH ST SW, FOREST LAKE",CIVIL MATTER/DISPUTE
OAKDALE POLICE DEPARTMENT,LAKE ELMO,8/31/2026 1:24:44 AM,OD26011242,"JADE TRL N/ 5TH ST N, LAKE ELMO",ASSIST OTHER AGENCY
OAKDALE POLICE DEPARTMENT,OAKDALE,8/30/2026 12:59:25 AM,OD26011201,"1XXX  GENTRY AVE N, OAKDALE",ALARM-BUSINESS/RES/FIRE/MEDICAL/ETC
OAKDALE POLICE DEPARTMENT,OAKDALE,8/30/2026 2:10:46 AM,OD26011202,"XXX GENEVA AVE N, OAKDALE",ASSIST OTHER AGENCY
OAKDALE POLICE DEPARTMENT,OAKDALE,8/30/2026 6:31:00 AM,OD26011203,"6XXX  40TH ST N, OAKDALE",911 ABANDONED/HANGUP/OPEN LINE
OAKDALE POLICE DEPARTMENT,OAKDALE,8/30/2026 6:34:22 AM,OD26011204,"GRANADA AVE N / 40TH ST N, OAKDALE",SUSPICIOUS PERSON/ACTIVITY
OAKDALE POLICE DEPARTMENT,OAKDALE,8/30/2026 8:52:59 AM,OD26011205,"5XXX  HADLEY AVE N, OAKDALE",FOLLOW UP
OAKDALE POLICE DEPARTMENT,OAKDALE,8/30/2026 9:48:52 AM,OD26011207,"6XXX  37TH ST N, OAKDALE",MEDICAL
OAKDALE POLICE DEPARTMENT,OAKDALE,8/30/2026 9:49:12 AM,OD26011206,"7XXX  10TH ST N, OAKDALE",SUSPICIOUS PERSON/ACTIVITY
OAKDALE POLICE DEPARTMENT,OAKDALE,8/30/2026 9:53:22 AM,OD26011208,"8XXX  4TH ST N, OAKDALE",FOUND PERSON
OAKDALE POLICE DEPARTMENT,OAKDALE,8/30/2026 10:15:26 AM,OD26011209,"4XXX  HAMLET AVE N, OAKDALE",ANIMAL COMPLAINT
OAKDALE POLICE DEPARTMENT,OAKDALE,8/30/2026 11:32:49 AM,OD26011210,"6XXX  40TH ST N, OAKDALE",HARASSMENT
OAKDALE POLICE DEPARTMENT,OAKDALE,8/30/2026 12:04:19 PM,OD26011213,"IDEAL AVE N / STILLWATER BLVD N, OAKDALE",ACCIDENT
OAKDALE POLICE DEPARTMENT,OAKDALE,8/30/2026 12:11:33 PM,OD26011214,"XXX Hickory Ln N, OAKDALE",SUSPICIOUS PERSON/ACTIVITY
OAKDALE POLICE DEPARTMENT,OAKDALE,8/30/2026 2:05:22 PM,OD26011215,"5XXX  HADLEY AVE N, OAKDALE",MEDICAL
OAKDALE POLICE DEPARTMENT,OAKDALE,8/30/2026 2:24:33 PM,OD26011216,"7XXX  33RD ST N, OAKDALE",DISTURBANCE
OAKDALE POLICE DEPARTMENT,OAKDALE,8/30/2026 2:24:37 PM,OD26011217,"7XXX  13TH ST N, OAKDALE",CHILD CUSTODY
OAKDALE POLICE DEPARTMENT,OAKDALE,8/30/2026 2:50:28 PM,OD26011218,"XXX GRAFTON AVE N, OAKDALE",SUSPICIOUS PERSON/ACTIVITY
OAKDALE POLICE DEPARTMENT,OAKDALE,8/30/2026 3:18:33 PM,OD26011220,"6XXX  UPPER 48TH ST N, OAKDALE",LOST PROPERTY/ITEM
OAKDALE POLICE DEPARTMENT,OAKDALE,8/30/2026 3:18:59 PM,OD26011221,"XXX GLENBROOK AVE N, OAKDALE",NOISE COMPLAINT/DISTURBANCE
OAKDALE POLICE DEPARTMENT,OAKDALE,8/30/2026 3:46:27 PM,OD26011222,"XXX GLENBROOK AVE N, OAKDALE",NOISE COMPLAINT/DISTURBANCE
OAKDALE POLICE DEPARTMENT,OAKDALE,8/30/2026 4:51:39 PM,OD26011224,"2XXX  HADLEY AVE N, OAKDALE",DRIVING COMPLAINT
OAKDALE POLICE DEPARTMENT,OAKDALE,8/30/2026 5:05:16 PM,OD26011225,"1XXX  HERON AVE N, OAKDALE",DISTURBANCE
OAKDALE POLICE DEPARTMENT,OAKDALE,8/30/2026 5:12:03 PM,OD26011226,"1XXX  HADLEY AVE N, OAKDALE",MEDICAL
OAKDALE POLICE DEPARTMENT,OAKDALE,8/30/2026 5:19:48 PM,OD26011227,"XXX GOODWIN AVE N, OAKDALE",911 ABANDONED/HANGUP/OPEN LINE
OAKDALE POLICE DEPARTMENT,OAKDALE,8/30/2026 5:34:37 PM,OD26011228,"1XXX  HELMO AVE N, OAKDALE",MEDICAL
OAKDALE POLICE DEPARTMENT,OAKDALE,8/30/2026 5:43:18 PM,OD26011229,"3XXX  Henna Ave N, OAKDALE",NOISE COMPLAINT/DISTURBANCE
OAKDALE POLICE DEPARTMENT,OAKDALE,8/30/2026 6:01:39 PM,OD26011230,"6XXX  27TH ST N, OAKDALE",ANIMAL COMPLAINT
OAKDALE POLICE DEPARTMENT,OAKDALE,8/30/2026 6:13:13 PM,OD26011231,"2XXX  HENSLOW CT N, OAKDALE",MEDICAL
OAKDALE POLICE DEPARTMENT,OAKDALE,8/30/2026 6:19:34 PM,OD26011232,"3XXX  GERSHWIN AVE N, OAKDALE",911 ABANDONED/HANGUP/OPEN LINE
OAKDALE POLICE DEPARTMENT,OAKDALE,8/30/2026 7:39:09 PM,OD26011233,"3XXX  Henna Ave N, OAKDALE",NOISE COMPLAINT/DISTURBANCE
OAKDALE POLICE DEPARTMENT,OAKDALE,8/30/2026 7:56:02 PM,OD26011234,"3XXX  GERSHWIN AVE N, OAKDALE",DISTURBANCE
OAKDALE POLICE DEPARTMENT,OAKDALE,8/30/2026 8:30:50 PM,OD26011235,"4XXX  GERSHWIN AVE N, OAKDALE",CIVIL MATTER/DISPUTE
OAKDALE POLICE DEPARTMENT,OAKDALE,8/30/2026 9:08:48 PM,OD26011237,"8XXX  3RD ST N, OAKDALE",CITIZEN/PUBLIC ASSIST
OAKDALE POLICE DEPARTMENT,OAKDALE,8/30/2026 10:04:13 PM,OD26011238,"6XXX  8TH ST N, OAKDALE",MEDICAL
OAKDALE POLICE DEPARTMENT,OAKDALE,8/30/2026 11:51:33 PM,OD26011240,"XXX INWOOD AVE N, OAKDALE",911 ABANDONED/HANGUP/OPEN LINE
OAKDALE POLICE DEPARTMENT,OAKDALE,8/31/2026 12:53:29 AM,OD26011241,"Hadley Ave N / 15th St N, OAKDALE",DWI
OAKDALE POLICE DEPARTMENT,OAKDALE,8/31/2026 2:54:43 AM,OD26011243,"1XXX  GLENBROOK AVE N, OAKDALE",911 ABANDONED/HANGUP/OPEN LINE
OAKDALE POLICE DEPARTMENT,OAKDALE,8/31/2026 6:55:51 AM,OD26011245,"2XXX  GRENADIER AVE N, OAKDALE",MEDICAL
OAKDALE POLICE DEPARTMENT,OAKDALE,8/31/2026 7:30:24 AM,OD26011246,"10TH ST N / HALLMARK AVE N, OAKDALE",ACCIDENT
OAKDALE POLICE DEPARTMENT,OAKDALE,8/31/2026 7:32:26 AM,OD26011247,"2XXX  HALLMARK AVE N, OAKDALE",911 ABANDONED/HANGUP/OPEN LINE
OAKDALE POLICE DEPARTMENT,OAKDALE,8/31/2026 7:52:53 AM,OD26011248,"4XXX  GERSHWIN AVE N, OAKDALE",MEDICAL
OAKDALE POLICE DEPARTMENT,OAKDALE,8/31/2026 7:53:29 AM,OD26011249,"1XXX  Glenbrook Ave N, OAKDALE",911 ABANDONED/HANGUP/OPEN LINE
OAKDALE POLICE DEPARTMENT,OAKDALE,8/31/2026 8:27:36 AM,OD26011250,"2XXX  GENEVA AVE N, OAKDALE",TRAFFIC STOP
OAKDALE POLICE DEPARTMENT,OAKDALE,8/31/2026 8:38:38 AM,OD26011251,"2XXX  HALLMARK AVE N, OAKDALE",ANIMAL COMPLAINT
OAKDALE POLICE DEPARTMENT,OAKDALE,8/31/2026 9:01:44 AM,OD26011255,"2XXX  HELENA RD N, OAKDALE",IDENTITY THEFT
OAKDALE POLICE DEPARTMENT,OAKDALE,8/31/2026 9:07:46 AM,OD26011256,"6XXX  UPPER 48TH ST N, OAKDALE",MEDICAL
OAKDALE POLICE DEPARTMENT,OAKDALE,8/31/2026 9:40:51 AM,OD26011259,"HADLEY AVE N / 10TH ST N, OAKDALE",ANIMAL COMPLAINT
OAKDALE POLICE DEPARTMENT,OAKDALE,8/31/2026 9:49:01 AM,OD26011258,"7XXX  44TH ST N, OAKDALE",HARASSMENT
OAKDALE POLICE DEPARTMENT,OAKDALE,8/31/2026 10:03:24 AM,OD26011260,"7XXX  UPPER 23RD ST N, OAKDALE",DISTURBANCE
OAKDALE POLICE DEPARTMENT,OAKDALE,8/31/2026 10:28:02 AM,OD26011262,"7XXX  21ST ST N, OAKDALE",LIFT ASSIST
OAKDALE POLICE DEPARTMENT,OAKDALE,8/31/2026 11:04:52 AM,OD26011265,"6XXX  UPPER 22ND ST N, OAKDALE",911 ABANDONED/HANGUP/OPEN LINE
OAKDALE POLICE DEPARTMENT,OAKDALE,8/31/2026 11:09:08 AM,OD26011266,"6XXX  15TH ST N, OAKDALE",CITIZEN/PUBLIC ASSIST
OAKDALE POLICE DEPARTMENT,OAKDALE,8/31/2026 11:34:14 AM,OD26011269,"1XXX  GLENBROOK AVE N, OAKDALE",WELFARE CHECK
OAKDALE POLICE DEPARTMENT,OAKDALE,8/31/2026 11:35:32 AM,OD26011267,"6XXX  UPPER 35TH ST N, OAKDALE",MEDICAL
OAKDALE POLICE DEPARTMENT,OAKDALE,8/31/2026 11:53:55 AM,OD26011268,"6XXX  15TH ST N, OAKDALE",CITIZEN/PUBLIC ASSIST
OAKDALE POLICE DEPARTMENT,OAKDALE,8/31/2026 11:55:49 AM,OD26011270,"6XXX  UPPER 51ST ST N, OAKDALE",FIRE
OAKDALE POLICE DEPARTMENT,OAKDALE,8/31/2026 12:16:37 PM,OD26011271,"3XXX  HADLEY AVE N, OAKDALE",911 ABANDONED/HANGUP/OPEN LINE
OAKDALE POLICE DEPARTMENT,OAKDALE,8/31/2026 12:50:16 PM,OD26011272,"7XXX  UPPER 42ND ST N, OAKDALE",VEHICLE TAMPERING
OAKDALE POLICE DEPARTMENT,OAKDALE,8/31/2026 1:32:53 PM,OD26011275,"Unknown, OAKDALE",CITIZEN/PUBLIC ASSIST
OAKDALE POLICE DEPARTMENT,OAKDALE,8/31/2026 1:50:54 PM,OD26011277,"6XXX  HIGHWAY 36 BLVD N, OAKDALE",VEHICLE UNLOCK
OAKDALE POLICE DEPARTMENT,OAKDALE,8/31/2026 1:57:37 PM,OD26011276,"1XXX  GERSHWIN AVE N, OAKDALE",WELFARE CHECK
OAKDALE POLICE DEPARTMENT,OAKDALE,8/31/2026 3:34:49 PM,OD26011281,"10TH ST N / GREENWAY AVE N, OAKDALE",DRIVING COMPLAINT
OAKDALE POLICE DEPARTMENT,OAKDALE,8/31/2026 4:14:03 PM,OD26011283,"3XXX  GERSHWIN LN N, OAKDALE",MISSING PERSON
OAKDALE POLICE DEPARTMENT,OAKDALE,8/31/2026 4:31:42 PM,OD26011284,"6XXX  UPPER 13TH ST N, OAKDALE",911 ABANDONED/HANGUP/OPEN LINE
OAKDALE POLICE DEPARTMENT,OAKDALE,8/31/2026 4:41:51 PM,OD26011285,"1XXX  GENEVA AVE N, OAKDALE",DISTURBANCE
OAKDALE POLICE DEPARTMENT,OAKDALE,8/31/2026 5:59:54 PM,OD26011287,"XXX IMPERIAL AVE N, OAKDALE",UNWANTED PERSON/VEHICLE
OAKDALE POLICE DEPARTMENT,OAKDALE,8/31/2026 6:23:22 PM,OD26011288,"6XXX  HIGHWAY 36, OAKDALE",CIVIL MATTER/DISPUTE
OAKDALE POLICE DEPARTMENT,OAKDALE,8/31/2026 6:46:54 PM,OD26011290,"6XXX  52ND ST N, OAKDALE",DISTURBANCE
OAKDALE POLICE DEPARTMENT,OAKDALE,8/31/2026 7:47:07 PM,OD26011292,"1XXX  GRANADA AVE N, OAKDALE",WELFARE CHECK
OAKDALE POLICE DEPARTMENT,OAKDALE,8/31/2026 9:33:57 PM,OD26011293,"4XXX  OLSON LAKE TRL N, OAKDALE",TRAFFIC STOP
OAKDALE POLICE DEPARTMENT,OAKDALE,8/31/2026 9:34:14 PM,OD26011294,"XXX GENEVA AVE N, OAKDALE",DISTURBANCE
OAKDALE POLICE DEPARTMENT,OAKDALE,8/31/2026 9:55:59 PM,OD26011295,"GLENBROOK AVE N / 10TH ST N, OAKDALE",TRAFFIC STOP
OAKDALE POLICE DEPARTMENT,OAKDALE,8/31/2026 10:10:17 PM,OD26011296,"6XXX  20TH ST N, OAKDALE",SUSPICIOUS PERSON/ACTIVITY
OAKDALE POLICE DEPARTMENT,OAKDALE,8/31/2026 11:48:32 PM,OD26011298,"XXX GENEVA AVE N, OAKDALE",TRAFFIC STOP
OAKDALE POLICE DEPARTMENT,OAKDALE,9/1/2026 12:10:08 AM,OD26011299,"INWOOD AVE N / 3RD ST N, OAKDALE",TRAFFIC STOP
OAKDALE POLICE DEPARTMENT,OAKDALE,9/1/2026 4:41:56 AM,OD26011308,"7XXX  10TH ST N, OAKDALE",DISTURBANCE
OAKDALE POLICE DEPARTMENT,OAKDALE,9/1/2026 2:53:49 PM,OD26011321,"6XXX  15TH ST N, OAKDALE",CITIZEN/PUBLIC ASSIST
OAKDALE POLICE DEPARTMENT,OAKDALE,9/2/2026 4:45:15 PM,OD26011392,"2XXX  GRANADA LN N, OAKDALE",911 ABANDONED/HANGUP/OPEN LINE
OAKDALE POLICE DEPARTMENT,OAKDALE,9/3/2026 5:42:20 PM,OD26011453,"1XXX  GOODWIN AVE N, OAKDALE",SHOOTING
OAKDALE POLICE DEPARTMENT,OAKDALE,9/3/2026 8:42:00 PM,OD26011461,"XXX HELENA AVE N, OAKDALE",UNWANTED PERSON/VEHICLE
OAKDALE POLICE DEPARTMENT,OAKDALE,9/5/2026 5:08:33 PM,OD26011552,"I694 NB AT 4TH ST N, OAKDALE",ASSIST OTHER AGENCY
ST. PAUL PARK POLICE DEPARTMENT,SAINT PAUL PARK,8/31/2026 12:00:00 AM,SP26007533,"1XXX  - 1399 SUMMIT AVE, SAINT PAUL PARK",TRAFFIC STOP
ST. PAUL PARK POLICE DEPARTMENT,SAINT PAUL PARK,9/2/2026 12:00:00 AM,SP26007654,"XXX PORTLAND AVE, SAINT PAUL PARK",WARRANT ARREST
ST. PAUL PARK POLICE DEPARTMENT,SAINT PAUL PARK,9/2/2026 12:33:32 AM,SP26007620,"SAINT PAUL PARK RD TO HWY 61 SB RAMP, SAINT PAUL PARK",ASSIST OTHER AGENCY
ST. PAUL PARK POLICE DEPARTMENT,SAINT PAUL PARK,9/2/2026 1:15:22 AM,SP26007621,"1XXX  5TH ST, SAINT PAUL PARK",HARASSMENT
ST. PAUL PARK POLICE DEPARTMENT,SAINT PAUL PARK,9/3/2026 7:10:24 PM,SP26007709,"1XXX  3RD ST, SAINT PAUL PARK",Trespass Complaint
STILLWATER POLICE DEPARTMENT,OAK PARK HEIGHTS,9/1/2026 1:17:18 AM,SW26008251,"12XXX  58TH ST N, OAK PARK HEIGHTS",ASSIST OTHER AGENCY
STILLWATER POLICE DEPARTMENT,OAK PARK HEIGHTS,9/1/2026 8:07:00 PM,SW26008287,"6XXX  OSGOOD AVE N, OAK PARK HEIGHTS",DWI
STILLWATER POLICE DEPARTMENT,OAK PARK HEIGHTS,9/2/2026 2:21:07 AM,SW26008290,"SAINT CROIX CROSSING BRIDGE: HWY 36 WB - MN, OAK PARK HEIGHTS",ASSIST OTHER AGENCY
STILLWATER POLICE DEPARTMENT,STILLWATER,8/30/2026 9:14:43 AM,SW26008190,"1XXX  MYRTLE ST W, STILLWATER",911 ABANDONED/HANGUP/OPEN LINE
STILLWATER POLICE DEPARTMENT,STILLWATER,8/30/2026 10:41:56 AM,SW26008192,"1XXX  OAK ST W, STILLWATER",ABANDONED VEHICLE
STILLWATER POLICE DEPARTMENT,STILLWATER,8/30/2026 1:08:35 PM,SW26008194,"MULBERRY ST E / 2ND ST N, STILLWATER",911 ABANDONED/HANGUP/OPEN LINE
STILLWATER POLICE DEPARTMENT,STILLWATER,8/30/2026 1:15:21 PM,SW26008195,"2ND ST N / LINDEN ST E, STILLWATER",OFFICER INFORMATION
STILLWATER POLICE DEPARTMENT,STILLWATER,8/30/2026 1:33:57 PM,SW26008196,"12XXX  80TH ST N, STILLWATER",MEDICAL
STILLWATER POLICE DEPARTMENT,STILLWATER,8/30/2026 1:50:06 PM,SW26008197,"1XXX  CURVE CREST BLVD, STILLWATER",MEDICAL
STILLWATER POLICE DEPARTMENT,STILLWATER,8/30/2026 1:59:28 PM,SW26008199,"XXX MARSH ST W, STILLWATER",ALARM-BUSINESS/RES/FIRE/MEDICAL/ETC
STILLWATER POLICE DEPARTMENT,STILLWATER,8/30/2026 2:03:50 PM,SW26008200,"XXX 6TH AVE S, STILLWATER",CITIZEN/PUBLIC ASSIST
STILLWATER POLICE DEPARTMENT,STILLWATER,8/30/2026 2:09:55 PM,SW26008201,"14XXX  62ND ST N, STILLWATER",SUICIDE ATTEMPT/THREATS OF
STILLWATER POLICE DEPARTMENT,STILLWATER,8/30/2026 3:03:02 PM,SW26008204,"XXX MARSH ST W, STILLWATER",911 ABANDONED/HANGUP/OPEN LINE
STILLWATER POLICE DEPARTMENT,STILLWATER,8/30/2026 7:17:31 PM,SW26008209,"1XXX  Cottage Dr, STILLWATER",FIRE
STILLWATER POLICE DEPARTMENT,STILLWATER,8/30/2026 8:28:06 PM,SW26008210,"XXX Bridgewater Way, STILLWATER",MEDICAL
STILLWATER POLICE DEPARTMENT,STILLWATER,8/30/2026 8:29:47 PM,SW26008212,"XXX CHURCHILL ST W, STILLWATER",CITIZEN/PUBLIC ASSIST
STILLWATER POLICE DEPARTMENT,STILLWATER,8/30/2026 8:31:34 PM,SW26008211,"1XXX  Tower Dr, STILLWATER",ALARM-BUSINESS/RES/FIRE/MEDICAL/ETC
STILLWATER POLICE DEPARTMENT,STILLWATER,8/30/2026 8:56:32 PM,SW26008214,"14XXX  62nd St N, STILLWATER",CIVIL MATTER/DISPUTE
STILLWATER POLICE DEPARTMENT,STILLWATER,8/30/2026 9:15:27 PM,SW26008215,"XXX CHESTNUT ST E, STILLWATER",WELFARE CHECK
STILLWATER POLICE DEPARTMENT,STILLWATER,8/30/2026 10:17:19 PM,SW26008217,"1XXX  GREELEY ST S, STILLWATER",CIVIL MATTER/DISPUTE
STILLWATER POLICE DEPARTMENT,STILLWATER,8/31/2026 12:26:14 AM,SW26008218,"MULBERRY ST E / MAIN ST N, STILLWATER",WELFARE CHECK
STILLWATER POLICE DEPARTMENT,STILLWATER,8/31/2026 9:24:06 AM,SW26008221,"MANNING AVE N / 80TH ST N, STILLWATER",PARKING COMPLAINT
STILLWATER POLICE DEPARTMENT,STILLWATER,8/31/2026 9:28:25 AM,SW26008222,"1XXX  6TH ST S, STILLWATER",CITIZEN/PUBLIC ASSIST
STILLWATER POLICE DEPARTMENT,STILLWATER,8/31/2026 10:34:40 AM,SW26008223,"1XXX  TOWER DR, STILLWATER",ASSIST OTHER AGENCY
STILLWATER POLICE DEPARTMENT,STILLWATER,8/31/2026 10:58:18 AM,SW26008224,"14XXX  62ND ST N, STILLWATER",MEDICAL
STILLWATER POLICE DEPARTMENT,STILLWATER,8/31/2026 11:33:21 AM,SW26008225,"XXX DEER PATH CT, STILLWATER",SUSPICIOUS PERSON/ACTIVITY
STILLWATER POLICE DEPARTMENT,STILLWATER,8/31/2026 1:18:22 PM,SW26008226,"Unknown, STILLWATER",CITIZEN/PUBLIC ASSIST
STILLWATER POLICE DEPARTMENT,STILLWATER,8/31/2026 2:23:11 PM,SW26008229,"XXX OWENS ST N, STILLWATER",DIRECTED PATROL
STILLWATER POLICE DEPARTMENT,STILLWATER,8/31/2026 2:29:44 PM,SW26008231,"XXX MAIN ST N, STILLWATER",911 ABANDONED/HANGUP/OPEN LINE
STILLWATER POLICE DEPARTMENT,STILLWATER,8/31/2026 5:03:02 PM,SW26008236,"XXX MAIN ST S, STILLWATER",FOUND PROPERTY/ITEM
STILLWATER POLICE DEPARTMENT,STILLWATER,8/31/2026 5:29:23 PM,SW26008237,"1XXX  GREELEY ST S, STILLWATER",ALARM-BUSINESS/RES/FIRE/MEDICAL/ETC
STILLWATER POLICE DEPARTMENT,STILLWATER,8/31/2026 5:37:57 PM,SW26008238,"1XXX  MARKET DR, STILLWATER",ANIMAL COMPLAINT
STILLWATER POLICE DEPARTMENT,STILLWATER,8/31/2026 6:47:34 PM,SW26008239,"15XXX  62ND ST N, STILLWATER",ASSIST OTHER AGENCY
STILLWATER POLICE DEPARTMENT,STILLWATER,8/31/2026 6:54:47 PM,SW26008240,"2XXX  ORLEANS ST W, STILLWATER",MEDICAL
STILLWATER POLICE DEPARTMENT,STILLWATER,8/31/2026 8:11:58 PM,SW26008242,"STILLWATER BLVD N / CROIXWOOD BLVD, STILLWATER",WELFARE CHECK
STILLWATER POLICE DEPARTMENT,STILLWATER,8/31/2026 9:00:51 PM,SW26008243,"HWY 95 JNO HWY 96, STILLWATER",ASSIST OTHER AGENCY
STILLWATER POLICE DEPARTMENT,STILLWATER,8/31/2026 9:13:49 PM,SW26008244,"Unknown, STILLWATER",CITIZEN/PUBLIC ASSIST
STILLWATER POLICE DEPARTMENT,STILLWATER,8/31/2026 9:47:00 PM,SW26008245,"XXX - 233 3RD ST N, STILLWATER",TRAFFIC STOP
STILLWATER POLICE DEPARTMENT,STILLWATER,8/31/2026 10:25:18 PM,SW26008247,"2XXX  ORLEANS ST W, STILLWATER",MEDICAL
STILLWATER POLICE DEPARTMENT,STILLWATER,8/31/2026 10:31:27 PM,SW26008248,"2XXX  FRONTAGE RD, STILLWATER",SUSPICIOUS PERSON/ACTIVITY
STILLWATER POLICE DEPARTMENT,STILLWATER,9/1/2026 3:26:03 AM,SW26008252,"2XXX  INTERLACHEN DR, STILLWATER",MEDICAL
STILLWATER POLICE DEPARTMENT,STILLWATER,9/1/2026 5:34:24 AM,SW26008253,"XXX NIGHTINGALE BLVD, STILLWATER",MEDICAL
STILLWATER POLICE DEPARTMENT,STILLWATER,9/1/2026 7:26:51 AM,SW26008254,"BENSON BLVD E / GILBERT CT, STILLWATER",DIRECTED PATROL
STILLWATER POLICE DEPARTMENT,STILLWATER,9/1/2026 7:52:35 AM,SW26008256,"XXX - 828 3RD ST S, STILLWATER",DIRECTED PATROL
STILLWATER POLICE DEPARTMENT,STILLWATER,9/1/2026 8:19:30 AM,SW26008257,"XX STILLWATER LIFT BRIDGE (PEDESTRIAN) - MN, STILLWATER",CITIZEN/PUBLIC ASSIST
STILLWATER POLICE DEPARTMENT,STILLWATER,9/1/2026 10:29:02 AM,SW26008264,"XXX SYCAMORE ST W, STILLWATER",HARASSMENT
STILLWATER POLICE DEPARTMENT,STILLWATER,9/1/2026 12:28:00 PM,SW26008267,"1XXX  FRONTAGE RD W, STILLWATER",ANIMAL COMPLAINT
STILLWATER POLICE DEPARTMENT,STILLWATER,9/1/2026 2:27:31 PM,SW26008271,"XXX MARSH ST W, STILLWATER",911 ABANDONED/HANGUP/OPEN LINE
STILLWATER POLICE DEPARTMENT,STILLWATER,9/1/2026 4:09:38 PM,SW26008280,"Unknown, STILLWATER",CITIZEN/PUBLIC ASSIST
STILLWATER POLICE DEPARTMENT,STILLWATER,9/1/2026 5:47:12 PM,SW26008282,"XXX KNOLLWOOD CT, STILLWATER",FOUND PROPERTY/ITEM
STILLWATER POLICE DEPARTMENT,STILLWATER,9/1/2026 5:51:02 PM,SW26008283,"XXX HERITAGE PL, STILLWATER",CITIZEN/PUBLIC ASSIST
STILLWATER POLICE DEPARTMENT,STILLWATER,9/1/2026 7:13:29 PM,SW26008286,"XXX BRIDGEWATER WAY, STILLWATER",LIFT ASSIST
STILLWATER POLICE DEPARTMENT,STILLWATER,9/2/2026 10:54:11 AM,SW26008291,"XXX 2ND ST S, STILLWATER",FOUND PROPERTY/ITEM
STILLWATER POLICE DEPARTMENT,STILLWATER,9/2/2026 2:07:48 PM,SW26008296,"XXX 2ND ST N, STILLWATER",CIVIL MATTER/DISPUTE
STILLWATER POLICE DEPARTMENT,STILLWATER,9/2/2026 3:24:07 PM,SW26008299,"1XXX  CURVE CREST BLVD, STILLWATER",FOUND PROPERTY/ITEM
STILLWATER POLICE DEPARTMENT,STILLWATER,9/2/2026 4:18:35 PM,SW26008302,"14XXX  62ND ST N, STILLWATER",SUSPICIOUS PERSON/ACTIVITY
STILLWATER POLICE DEPARTMENT,STILLWATER,9/2/2026 6:50:43 PM,SW26008309,"1XXX  PINE TREE TRL, STILLWATER",911 ABANDONED/HANGUP/OPEN LINE
STILLWATER POLICE DEPARTMENT,STILLWATER,9/3/2026 3:30:06 PM,SW26008333,"1XXX  4TH AVE S, STILLWATER",ASSIST OTHER AGENCY
STILLWATER POLICE DEPARTMENT,STILLWATER,9/3/2026 7:24:02 PM,SW26008337,"14XXX  62ND ST N, STILLWATER",Medical
STILLWATER POLICE DEPARTMENT,STILLWATER,9/3/2026 7:32:18 PM,SW26008338,"3XXX  LOWELL CT, STILLWATER",911 ABANDONED/HANGUP/OPEN LINE
STILLWATER POLICE DEPARTMENT,STILLWATER,9/4/2026 1:31:25 PM,SW26008356,"1XXX  5TH ST S, STILLWATER",911 ABANDONED/HANGUP/OPEN LINE
STILLWATER POLICE DEPARTMENT,STILLWATER,9/4/2026 4:25:04 PM,SW26008361,"XXX MAIN ST S, STILLWATER",911 ABANDONED/HANGUP/OPEN LINE
STILLWATER POLICE DEPARTMENT,STILLWATER,9/4/2026 6:05:32 PM,SW26008364,"1XXX  GREELEY ST S, STILLWATER",CIVIL MATTER/DISPUTE
STILLWATER POLICE DEPARTMENT,STILLWATER,9/4/2026 7:12:07 PM,SW26008367,"1XXX  ORLEANS ST W, STILLWATER",911 ABANDONED/HANGUP/OPEN LINE
STILLWATER POLICE DEPARTMENT,STILLWATER,9/4/2026 7:40:00 PM,SW26008375,"1XXX  MACEY WAY, STILLWATER",CIVIL MATTER/DISPUTE
STILLWATER POLICE DEPARTMENT,STILLWATER,9/4/2026 8:47:49 PM,SW26008373,"15XXX  60TH ST N, STILLWATER",CIVIL MATTER/DISPUTE
STILLWATER POLICE DEPARTMENT,STILLWATER,9/5/2026 5:17:54 PM,SW26008396,"XXX BRIDGEWATER WAY, STILLWATER",MEDICAL
STILLWATER POLICE DEPARTMENT,STILLWATER,9/5/2026 6:14:10 PM,SW26008397,"MYRTLE ST W / 3RD ST S, STILLWATER",ACCIDENT
STILLWATER POLICE DEPARTMENT,STILLWATER,9/5/2026 10:57:51 PM,SW26008402,"1XXX  MARKET DR, STILLWATER",ALARM-BUSINESS/RES/FIRE/MEDICAL/ETC
STILLWATER POLICE DEPARTMENT,STILLWATER,9/5/2026 11:54:15 PM,SW26008404,"XXX WATER ST S, STILLWATER",WELFARE CHECK
WASHINGTON COUNTY SHERIFFS OFFICE,AFTON,8/30/2026 1:44:36 AM,WC26044231,"I94 EB JWO NEAL AVE N, AFTON",MOTORIST ASSIST
WASHINGTON COUNTY SHERIFFS OFFICE,AFTON,8/30/2026 2:55:30 PM,WC26044291,"15XXX  - 15899 AFTON BLVD S, AFTON",DIRECTED PATROL
WASHINGTON COUNTY SHERIFFS OFFICE,AFTON,8/30/2026 4:36:10 PM,WC26044301,"4XXX  NORCREST AVE S, AFTON",911 ABANDONED/HANGUP/OPEN LINE
WASHINGTON COUNTY SHERIFFS OFFICE,AFTON,8/30/2026 5:16:00 PM,WC26044304,"4XXX  - 4998 SAINT CROIX TRL S, AFTON",TRAFFIC STOP
WASHINGTON COUNTY SHERIFFS OFFICE,AFTON,9/1/2026 5:48:33 AM,WC26044570,"3XXX  MOYER AVE S, AFTON",WELFARE CHECK
WASHINGTON COUNTY SHERIFFS OFFICE,AFTON,9/1/2026 2:37:13 PM,WC26044659,"14XXX  15TH ST S, AFTON",CIVIL MATTER/DISPUTE
WASHINGTON COUNTY SHERIFFS OFFICE,AFTON,9/1/2026 2:47:51 PM,WC26044663,"2XXX  NEAL AVE S, AFTON",THEFT
WASHINGTON COUNTY SHERIFFS OFFICE,AFTON,9/2/2026 5:35:14 AM,WC26044773,"STAGECOACH TRL S / SAINT CROIX TRL S, AFTON",FIRE
WASHINGTON COUNTY SHERIFFS OFFICE,AFTON,9/2/2026 11:15:40 AM,WC26044852,"3XXX  NEAL AVE S, AFTON",911 ABANDONED/HANGUP/OPEN LINE
WASHINGTON COUNTY SHERIFFS OFFICE,AFTON,9/2/2026 9:55:00 PM,WC26044957,"MANNING AVE S / SCENIC LN, AFTON",TRAFFIC STOP
WASHINGTON COUNTY SHERIFFS OFFICE,AFTON,9/3/2026 10:51:03 AM,WC26045039,"14XXX  30TH ST S, AFTON",SUSPICIOUS PERSON/ACTIVITY
WASHINGTON COUNTY SHERIFFS OFFICE,AFTON,9/3/2026 1:34:41 PM,WC26045068,"14XXX  15TH ST S, AFTON",ORDINANCE VIOLATION
WASHINGTON COUNTY SHERIFFS OFFICE,AFTON,9/3/2026 8:23:54 PM,WC26045131,"14XXX  HUDSON RD S, AFTON",ACCIDENT
WASHINGTON COUNTY SHERIFFS OFFICE,BAYTOWN TOWNSHIP,8/30/2026 1:01:44 AM,WC26044227,"4XXX  STAGECOACH TRL N, BAYTOWN TOWNSHIP",OPEN DOOR/WINDOW
WASHINGTON COUNTY SHERIFFS OFFICE,BAYTOWN TOWNSHIP,8/30/2026 7:51:00 AM,WC26044249,"40TH ST N & MANNING AVE N, BAYTOWN TOWNSHIP",TRAFFIC STOP
WASHINGTON COUNTY SHERIFFS OFFICE,BAYTOWN TOWNSHIP,8/30/2026 8:21:34 AM,WC26044253,"3XXX  OAKGREEN AVE N, BAYTOWN TOWNSHIP",CITIZEN/PUBLIC ASSIST
WASHINGTON COUNTY SHERIFFS OFFICE,BAYTOWN TOWNSHIP,9/1/2026 1:42:21 AM,WC26044551,"3XXX  PETE MILLER AVE N, BAYTOWN TOWNSHIP",ALARM-BUSINESS/RES/FIRE/MEDICAL/ETC
WASHINGTON COUNTY SHERIFFS OFFICE,BAYTOWN TOWNSHIP,9/2/2026 6:58:12 AM,WC26044778,"3XXX  PETE MILLER AVE N, BAYTOWN TOWNSHIP",ALARM-BUSINESS/RES/FIRE/MEDICAL/ETC
WASHINGTON COUNTY SHERIFFS OFFICE,BAYTOWN TOWNSHIP,9/2/2026 11:21:53 AM,WC26044853,"4XXX  ORDELL TRL N, BAYTOWN TOWNSHIP",911 ABANDONED/HANGUP/OPEN LINE
WASHINGTON COUNTY SHERIFFS OFFICE,BAYTOWN TOWNSHIP,9/3/2026 6:51:43 PM,WC26045121,"OLINDA BLVD N / ODEGARD AVE N, BAYTOWN TOWNSHIP",ACCIDENT
WASHINGTON COUNTY SHERIFFS OFFICE,BAYTOWN TOWNSHIP,9/4/2026 11:40:18 AM,WC26045250,"4XXX  OSGOOD AVE N, BAYTOWN TOWNSHIP",CITIZEN/PUBLIC ASSIST
WASHINGTON COUNTY SHERIFFS OFFICE,BIRCHWOOD,8/30/2026 12:23:33 PM,WC26044269,"XXX BIRCHWOOD AVE, BIRCHWOOD",911 ABANDONED/HANGUP/OPEN LINE
WASHINGTON COUNTY SHERIFFS OFFICE,BIRCHWOOD,8/30/2026 11:35:00 PM,WC26044351,"XXX BIRCHWOOD AVE, BIRCHWOOD",ORDINANCE VIOLATION
WASHINGTON COUNTY SHERIFFS OFFICE,BIRCHWOOD,9/1/2026 5:20:02 AM,WC26044568,"HALL AVE / JAY ST, BIRCHWOOD",DIRECTED PATROL
WASHINGTON COUNTY SHERIFFS OFFICE,BIRCHWOOD,9/2/2026 12:35:21 PM,WC26044863,"OAKRIDGE DR / CEDAR ST, BIRCHWOOD",WELFARE CHECK
WASHINGTON COUNTY SHERIFFS OFFICE,BIRCHWOOD,9/2/2026 7:36:36 PM,WC26044931,"Unknown, BIRCHWOOD",CITIZEN/PUBLIC ASSIST
WASHINGTON COUNTY SHERIFFS OFFICE,BIRCHWOOD,9/4/2026 5:08:31 PM,WC26045314,"XXX WILDWOOD AVE, BIRCHWOOD",THEFT OF WATERCRAFT
WASHINGTON COUNTY SHERIFFS OFFICE,COTTAGE GROVE,8/31/2026 10:21:03 AM,WC26044405,"11XXX  GREY CLOUD TRL S, COTTAGE GROVE",ASSIST OTHER AGENCY
WASHINGTON COUNTY SHERIFFS OFFICE,COTTAGE GROVE,9/2/2026 6:23:05 PM,WC26044918,"8XXX  HENSLOWE AVE S, COTTAGE GROVE",CIVIL MATTER/DISPUTE
WASHINGTON COUNTY SHERIFFS OFFICE,COTTAGE GROVE,9/2/2026 6:41:00 PM,WC26044921,"9XXX  JENSEN AVE S, COTTAGE GROVE",CIVIL MATTER/DISPUTE
WASHINGTON COUNTY SHERIFFS OFFICE,COTTAGE GROVE,9/3/2026 2:05:00 PM,WC26045075,"7XXX  - 7998 MANNING AVE S, COTTAGE GROVE",TRAFFIC STOP
WASHINGTON COUNTY SHERIFFS OFFICE,COTTAGE GROVE,9/5/2026 8:41:20 AM,WC26045422,"12XXX  RAVINE PKWY S, COTTAGE GROVE",ASSIST OTHER AGENCY
WASHINGTON COUNTY SHERIFFS OFFICE,DELLWOOD,8/31/2026 12:30:46 PM,WC26044425,"XX LACOSTA DR, DELLWOOD",911 ABANDONED/HANGUP/OPEN LINE
WASHINGTON COUNTY SHERIFFS OFFICE,DELLWOOD,9/2/2026 1:34:24 AM,WC26044760,"XX DELLWOOD AVE, DELLWOOD",OPEN DOOR/WINDOW
WASHINGTON COUNTY SHERIFFS OFFICE,DELLWOOD,9/2/2026 8:10:00 AM,WC26044790,"XX - 81 DELLWOOD AVE, DELLWOOD",TRAFFIC STOP
WASHINGTON COUNTY SHERIFFS OFFICE,DELLWOOD,9/3/2026 10:33:06 PM,WC26045158,"XXX TAMARACK ST, DELLWOOD",NOISE COMPLAINT/DISTURBANCE
WASHINGTON COUNTY SHERIFFS OFFICE,DENMARK TOWNSHIP,8/30/2026 2:51:16 PM,WC26044290,"14XXX  90TH ST S, DENMARK TOWNSHIP",CITIZEN/PUBLIC ASSIST
WASHINGTON COUNTY SHERIFFS OFFICE,DENMARK TOWNSHIP,8/31/2026 7:28:18 AM,WC26044378,"87TH ST S / SAINT CROIX TRL S, DENMARK TOWNSHIP",PROPERTY DAMAGE
WASHINGTON COUNTY SHERIFFS OFFICE,DENMARK TOWNSHIP,8/31/2026 9:49:00 PM,WC26044513,"Hwy 10 / Point Douglas Park Entrance, DENMARK TOWNSHIP",TRAFFIC STOP
WASHINGTON COUNTY SHERIFFS OFFICE,DENMARK TOWNSHIP,9/1/2026 1:12:05 PM,WC26044633,"11XXX  120TH ST S, DENMARK TOWNSHIP",ALARM-BUSINESS/RES/FIRE/MEDICAL/ETC
WASHINGTON COUNTY SHERIFFS OFFICE,DENMARK TOWNSHIP,9/1/2026 2:49:17 PM,WC26044664,"11XXX  PANAMA AVE S, DENMARK TOWNSHIP",INCIDENT
WASHINGTON COUNTY SHERIFFS OFFICE,DENMARK TOWNSHIP,9/1/2026 7:09:58 PM,WC26044705,"12XXX  90TH ST S, DENMARK TOWNSHIP",TRESPASSING
WASHINGTON COUNTY SHERIFFS OFFICE,DENMARK TOWNSHIP,9/2/2026 7:41:00 PM,WC26044933,"6XXX  PELLER AVE S, DENMARK TOWNSHIP",CITIZEN/PUBLIC ASSIST
WASHINGTON COUNTY SHERIFFS OFFICE,DENMARK TOWNSHIP,9/2/2026 7:41:50 PM,WC26044932,"POINT DOUGLAS PARK ACCESS ROAD, DENMARK TOWNSHIP",PARK INCIDENT-CITY/COUNTY
WASHINGTON COUNTY SHERIFFS OFFICE,DENMARK TOWNSHIP,9/2/2026 7:50:53 PM,WC26044934,"14XXX  - 14998 102ND ST S, DENMARK TOWNSHIP",PARK INCIDENT-CITY/COUNTY
WASHINGTON COUNTY SHERIFFS OFFICE,FOREST LAKE,8/31/2026 8:40:34 PM,WC26044505,"XXX 12TH ST SW, FOREST LAKE",ASSIST OTHER AGENCY
WASHINGTON COUNTY SHERIFFS OFFICE,FOREST LAKE,8/31/2026 8:47:00 PM,WC26044503,"5XXX  SCANDIA TRL N, FOREST LAKE",ASSIST OTHER AGENCY
WASHINGTON COUNTY SHERIFFS OFFICE,GRANT,8/30/2026 7:24:28 AM,WC26044247,"7XXX  JOCELYN LN N, GRANT",ANIMAL COMPLAINT
WASHINGTON COUNTY SHERIFFS OFFICE,GRANT,8/31/2026 4:39:06 AM,WC26044374,"8XXX  75TH ST N, GRANT",ALARM-BUSINESS/RES/FIRE/MEDICAL/ETC
WASHINGTON COUNTY SHERIFFS OFFICE,GRANT,8/31/2026 4:47:24 AM,WC26044375,"8XXX  75TH ST N, GRANT",ALARM-BUSINESS/RES/FIRE/MEDICAL/ETC
WASHINGTON COUNTY SHERIFFS OFFICE,GRANT,8/31/2026 5:08:47 AM,WC26044376,"8XXX  75TH ST N, GRANT",ALARM-BUSINESS/RES/FIRE/MEDICAL/ETC
WASHINGTON COUNTY SHERIFFS OFFICE,GRANT,8/31/2026 9:36:26 AM,WC26044396,"8XXX  60TH ST N, GRANT",CITIZEN/PUBLIC ASSIST
WASHINGTON COUNTY SHERIFFS OFFICE,GRANT,8/31/2026 11:04:00 AM,WC26044409,"11XXX  - 11998 DELLWOOD RD N, GRANT",TRAFFIC STOP
WASHINGTON COUNTY SHERIFFS OFFICE,GRANT,8/31/2026 3:01:04 PM,WC26044457,"8XXX  75TH ST N, GRANT",FIRE
WASHINGTON COUNTY SHERIFFS OFFICE,GRANT,8/31/2026 4:44:51 PM,WC26044473,"10XXX  60TH ST N, GRANT",ALARM-BUSINESS/RES/FIRE/MEDICAL/ETC
WASHINGTON COUNTY SHERIFFS OFFICE,GRANT,8/31/2026 5:12:46 PM,WC26044475,"9XXX  JEFFREY BLVD N, GRANT",MEDICAL
WASHINGTON COUNTY SHERIFFS OFFICE,GRANT,9/1/2026 1:44:36 PM,WC26044640,"10XXX  119TH ST N, GRANT",SUSPICIOUS PERSON/ACTIVITY
WASHINGTON COUNTY SHERIFFS OFFICE,GRANT,9/1/2026 2:10:51 PM,WC26044646,"8XXX  75TH ST N, GRANT",MEDICAL
WASHINGTON COUNTY SHERIFFS OFFICE,GRANT,9/2/2026 3:52:04 PM,WC26044896,"MANNING AVE N / 75TH ST N, GRANT",TRAFFIC COMPLAINT
WASHINGTON COUNTY SHERIFFS OFFICE,GRANT,9/2/2026 6:04:18 PM,WC26044915,"9XXX  83RD ST N, GRANT",MEDICAL
WASHINGTON COUNTY SHERIFFS OFFICE,GRANT,9/3/2026 2:41:22 PM,WC26045083,"9XXX  96TH ST N, GRANT",911 ABANDONED/HANGUP/OPEN LINE
WASHINGTON COUNTY SHERIFFS OFFICE,GRANT,9/3/2026 10:24:41 PM,WC26045154,"Manning Ave N / Hwy 36, GRANT",TRAFFIC STOP
WASHINGTON COUNTY SHERIFFS OFFICE,GRANT,9/3/2026 11:20:00 PM,WC26045156,"DEMONTREVILLE TRL N / 60TH ST N, GRANT",TRAFFIC STOP
WASHINGTON COUNTY SHERIFFS OFFICE,GRANT,9/4/2026 6:57:46 AM,WC26045189,"6XXX  INWOOD CT N, GRANT",MEDICAL
WASHINGTON COUNTY SHERIFFS OFFICE,GRANT,9/4/2026 8:08:01 AM,WC26045197,"9XXX  - 9698 MANNING AVE N, GRANT",DIRECTED PATROL
WASHINGTON COUNTY SHERIFFS OFFICE,GRANT,9/4/2026 10:06:43 AM,WC26045225,"10XXX  DELLWOOD RD N, GRANT",MEDICAL
WASHINGTON COUNTY SHERIFFS OFFICE,HUGO,8/30/2026 4:50:04 AM,WC26044237,"5XXX  157TH ST N, HUGO",MEDICAL
WASHINGTON COUNTY SHERIFFS OFFICE,HUGO,8/30/2026 6:26:13 AM,WC26044245,"14XXX  FITZGERALD AVE N, HUGO",FOUND PROPERTY/ITEM
WASHINGTON COUNTY SHERIFFS OFFICE,HUGO,8/30/2026 8:29:20 AM,WC26044254,"15XXX  FOREST BLVD N, HUGO",SUICIDE
WASHINGTON COUNTY SHERIFFS OFFICE,HUGO,8/30/2026 10:36:51 AM,WC26044261,"15XXX  GLENBROOK AVE N, HUGO",CITIZEN/PUBLIC ASSIST
WASHINGTON COUNTY SHERIFFS OFFICE,HUGO,8/30/2026 9:12:06 PM,WC26044333,"14XXX  FOREST BLVD N, HUGO",FAMILY ASSIST
WASHINGTON COUNTY SHERIFFS OFFICE,HUGO,8/30/2026 11:08:28 PM,WC26044349,"4XXX  ROSEMARY WAY N, HUGO",PARKING COMPLAINT
WASHINGTON COUNTY SHERIFFS OFFICE,HUGO,8/31/2026 1:24:37 AM,WC26044366,"159TH ST N / FARNHAM AVE N, HUGO",JUVENILE COMPLAINT
WASHINGTON COUNTY SHERIFFS OFFICE,HUGO,8/31/2026 8:20:42 AM,WC26044381,"14XXX  FOREST BLVD N, HUGO",CIVIL MATTER/DISPUTE
WASHINGTON COUNTY SHERIFFS OFFICE,HUGO,8/31/2026 12:42:16 PM,WC26044429,"15XXX  GOODVIEW AVE N, HUGO",PARKING COMPLAINT
WASHINGTON COUNTY SHERIFFS OFFICE,HUGO,8/31/2026 3:19:52 PM,WC26044460,"170TH ST N / HENNA AVE N, HUGO",DRIVING COMPLAINT
WASHINGTON COUNTY SHERIFFS OFFICE,HUGO,8/31/2026 4:05:42 PM,WC26044468,"14XXX  VICTOR HUGO BLVD N, HUGO",VEHICLE UNLOCK
WASHINGTON COUNTY SHERIFFS OFFICE,HUGO,8/31/2026 4:40:22 PM,WC26044471,"4XXX  EDUCATION DR N, HUGO",FAMILY ASSIST
WASHINGTON COUNTY SHERIFFS OFFICE,HUGO,8/31/2026 6:09:00 PM,WC26044482,"5XXX  - 5492 137TH ST N, HUGO",TRAFFIC STOP
WASHINGTON COUNTY SHERIFFS OFFICE,HUGO,8/31/2026 6:47:00 PM,WC26044488,"FARNHAM AVE N / FALK DR N, HUGO",TRAFFIC STOP
WASHINGTON COUNTY SHERIFFS OFFICE,HUGO,9/1/2026 1:42:41 AM,WC26044552,"12XXX  ETHAN AVE N, HUGO",911 ABANDONED/HANGUP/OPEN LINE
WASHINGTON COUNTY SHERIFFS OFFICE,HUGO,9/1/2026 6:32:46 AM,WC26044572,"13XXX  ELMCREST AVE N, HUGO",MEDICAL
WASHINGTON COUNTY SHERIFFS OFFICE,HUGO,9/1/2026 7:48:34 AM,WC26044580,"4XXX  FABLE HILL CIR N, HUGO",MEDICAL
WASHINGTON COUNTY SHERIFFS OFFICE,HUGO,9/1/2026 9:21:05 AM,WC26044600,"15XXX  FARNHAM AVE N, HUGO",ANIMAL COMPLAINT
WASHINGTON COUNTY SHERIFFS OFFICE,HUGO,9/1/2026 2:37:45 PM,WC26044660,"Unknown, HUGO",FOLLOW UP
WASHINGTON COUNTY SHERIFFS OFFICE,HUGO,9/1/2026 5:42:40 PM,WC26044691,"15XXX  EMPRESS AVE N, HUGO",SUSPICIOUS PERSON/ACTIVITY
WASHINGTON COUNTY SHERIFFS OFFICE,HUGO,9/1/2026 5:51:01 PM,WC26044692,"14XXX  FINALE AVE N, HUGO",MEDICAL
WASHINGTON COUNTY SHERIFFS OFFICE,HUGO,9/1/2026 6:29:57 PM,WC26044697,"16XXX  JEFFREY AVE N, HUGO",ANIMAL COMPLAINT
WASHINGTON COUNTY SHERIFFS OFFICE,HUGO,9/1/2026 7:48:00 PM,WC26044712,"16XXX  JEFFREY AVE N, HUGO",ANIMAL COMPLAINT
WASHINGTON COUNTY SHERIFFS OFFICE,HUGO,9/1/2026 9:26:34 PM,WC26044728,"5XXX  150TH ST N, HUGO",MEDICAL
WASHINGTON COUNTY SHERIFFS OFFICE,HUGO,9/1/2026 9:54:00 PM,WC26044731,"170TH ST N / ELMCREST AVE N, HUGO",TRAFFIC STOP
WASHINGTON COUNTY SHERIFFS OFFICE,HUGO,9/2/2026 6:08:13 AM,WC26044774,"13XXX  FONDANT TRL N, HUGO",MEDICAL
WASHINGTON COUNTY SHERIFFS OFFICE,HUGO,9/2/2026 6:41:52 AM,WC26044776,"4XXX  ROSEMARY WAY N, HUGO",THEFT FROM MOTOR VEHICLE
WASHINGTON COUNTY SHERIFFS OFFICE,HUGO,9/2/2026 9:16:28 AM,WC26044800,"7XXX  132ND ST N, HUGO",911 ABANDONED/HANGUP/OPEN LINE
WASHINGTON COUNTY SHERIFFS OFFICE,HUGO,9/2/2026 2:33:32 PM,WC26044882,"14XXX  VICTOR HUGO BLVD N, HUGO",HARASSMENT
WASHINGTON COUNTY SHERIFFS OFFICE,HUGO,9/2/2026 4:06:18 PM,WC26044898,"15XXX  FOREST BLVD N, HUGO",BOMB THREAT
WASHINGTON COUNTY SHERIFFS OFFICE,HUGO,9/2/2026 8:03:04 PM,WC26044936,"12XXX  EVERTON AVE N, HUGO",FOLLOW UP
WASHINGTON COUNTY SHERIFFS OFFICE,HUGO,9/2/2026 8:40:28 PM,WC26044943,"4XXX  VICTOR PATH N, HUGO",ANIMAL COMPLAINT
WASHINGTON COUNTY SHERIFFS OFFICE,HUGO,9/2/2026 10:08:40 PM,WC26044959,"VICTOR HUGO BLVD N / FRENCHMAN RD, HUGO",ROAD HAZARD
WASHINGTON COUNTY SHERIFFS OFFICE,HUGO,9/3/2026 12:15:44 PM,WC26045057,"151ST ST N / GOODVIEW AVE N, HUGO",SUSPICIOUS PERSON/ACTIVITY
WASHINGTON COUNTY SHERIFFS OFFICE,HUGO,9/3/2026 1:53:59 PM,WC26045071,"FOREST BLVD N / 152ND ST N, HUGO",ROAD HAZARD
WASHINGTON COUNTY SHERIFFS OFFICE,HUGO,9/3/2026 3:41:13 PM,WC26045092,"6XXX  137TH ST N, HUGO",MEDICAL
WASHINGTON COUNTY SHERIFFS OFFICE,HUGO,9/3/2026 4:36:50 PM,WC26045100,"4XXX  EMPRESS AVE N, HUGO",ALARM-BUSINESS/RES/FIRE/MEDICAL/ETC
WASHINGTON COUNTY SHERIFFS OFFICE,HUGO,9/3/2026 5:11:34 PM,WC26045104,"170TH ST N / INGERSOLL AVE N, HUGO",TRAFFIC STOP
WASHINGTON COUNTY SHERIFFS OFFICE,HUGO,9/4/2026 8:35:00 AM,WC26045199,"FOREST BLVD N/147TH ST N , HUGO",TRAFFIC STOP
WASHINGTON COUNTY SHERIFFS OFFICE,HUGO,9/4/2026 2:32:18 PM,WC26045275,"14XXX  FOREST BLVD N, HUGO",TRAFFIC STOP
WASHINGTON COUNTY SHERIFFS OFFICE,HUGO,9/4/2026 3:14:38 PM,WC26045287,"13XXX  EUROPA CT N, HUGO",THEFT
WASHINGTON COUNTY SHERIFFS OFFICE,HUGO,9/5/2026 4:41:59 PM,WC26045495,"15XXX  FARNHAM AVE N, HUGO",THEFT
WASHINGTON COUNTY SHERIFFS OFFICE,LAKE ELMO,8/30/2026 12:13:17 AM,WC26044218,"8XXX  EAGLE POINT BLVD, LAKE ELMO",911 ABANDONED/HANGUP/OPEN LINE
WASHINGTON COUNTY SHERIFFS OFFICE,LAKE ELMO,8/30/2026 2:10:46 AM,WC26044232,"STILLWATER BLVD N / LAVERNE AVE N, LAKE ELMO",TRAFFIC STOP
WASHINGTON COUNTY SHERIFFS OFFICE,LAKE ELMO,8/30/2026 7:22:26 AM,WC26044246,"10XXX  41ST ST N, LAKE ELMO",MEDICAL
WASHINGTON COUNTY SHERIFFS OFFICE,LAKE ELMO,8/30/2026 11:06:15 AM,WC26044263,"11XXX  WILDFLOWER DR N, LAKE ELMO",MEDICAL
WASHINGTON COUNTY SHERIFFS OFFICE,LAKE ELMO,8/30/2026 11:52:55 AM,WC26044266,"8XXX  DEMONTREVILLE TRL N, LAKE ELMO",THEFT
WASHINGTON COUNTY SHERIFFS OFFICE,LAKE ELMO,8/30/2026 11:59:17 AM,WC26044267,"HWY 36 WB JWO LAKE ELMO AVE N, LAKE ELMO",DRIVING COMPLAINT
WASHINGTON COUNTY SHERIFFS OFFICE,LAKE ELMO,8/30/2026 1:42:22 PM,WC26044280,"8XXX  50TH ST N, LAKE ELMO",PARKING COMPLAINT
WASHINGTON COUNTY SHERIFFS OFFICE,LAKE ELMO,8/30/2026 5:07:50 PM,WC26044303,"80XXX -blk MANNING AVE N, LAKE ELMO",DIRECTED PATROL
WASHINGTON COUNTY SHERIFFS OFFICE,LAKE ELMO,8/30/2026 5:56:07 PM,WC26044315,"8XXX  DEMONTREVILLE TRL N, LAKE ELMO",MEDICAL
WASHINGTON COUNTY SHERIFFS OFFICE,LAKE ELMO,8/30/2026 6:57:00 PM,WC26044320,"8XXX  50TH ST N, LAKE ELMO",PARKING COMPLAINT
WASHINGTON COUNTY SHERIFFS OFFICE,LAKE ELMO,8/30/2026 8:59:52 PM,WC26044330,"5XXX  KELVIN AVE N, LAKE ELMO",ALARM-BUSINESS/RES/FIRE/MEDICAL/ETC
WASHINGTON COUNTY SHERIFFS OFFICE,LAKE ELMO,8/31/2026 1:24:44 AM,WC26044367,"JADE TRL N / 5TH ST N, LAKE ELMO",ACCIDENT
WASHINGTON COUNTY SHERIFFS OFFICE,LAKE ELMO,8/31/2026 8:54:54 AM,WC26044388,"9XXX  HUDSON BLVD N, LAKE ELMO",VEHICLE UNLOCK
WASHINGTON COUNTY SHERIFFS OFFICE,LAKE ELMO,8/31/2026 9:06:06 AM,WC26044395,"Unknown, LAKE ELMO",FOLLOW UP
WASHINGTON COUNTY SHERIFFS OFFICE,LAKE ELMO,8/31/2026 11:09:42 AM,WC26044413,"XX CIMARRON, LAKE ELMO",HARASSMENT
WASHINGTON COUNTY SHERIFFS OFFICE,LAKE ELMO,8/31/2026 2:03:18 PM,WC26044448,"8XXX  EAGLE POINT BLVD, LAKE ELMO",MOTOR VEHICLE THEFT
WASHINGTON COUNTY SHERIFFS OFFICE,LAKE ELMO,8/31/2026 2:30:08 PM,WC26044451,"8XXX  37TH ST N, LAKE ELMO",MEDICAL
WASHINGTON COUNTY SHERIFFS OFFICE,LAKE ELMO,8/31/2026 3:21:19 PM,WC26044461,"9XXX  HUDSON BLVD N, LAKE ELMO",CIVIL MATTER/DISPUTE
WASHINGTON COUNTY SHERIFFS OFFICE,LAKE ELMO,8/31/2026 3:26:58 PM,WC26044464,"9XXX  8TH ST N, LAKE ELMO",HARASSMENT
WASHINGTON COUNTY SHERIFFS OFFICE,LAKE ELMO,8/31/2026 6:07:15 PM,WC26044481,"8XXX  EAGLE POINT BLVD, LAKE ELMO",FRAUD/SCAM
WASHINGTON COUNTY SHERIFFS OFFICE,LAKE ELMO,8/31/2026 6:24:33 PM,WC26044486,"11XXX  PRAIRIEVIEW TRL N, LAKE ELMO",DISTURBANCE
WASHINGTON COUNTY SHERIFFS OFFICE,LAKE ELMO,8/31/2026 8:45:08 PM,WC26044501,"XXX JULIA AVE N, LAKE ELMO",ALARM-BUSINESS/RES/FIRE/MEDICAL/ETC
WASHINGTON COUNTY SHERIFFS OFFICE,LAKE ELMO,9/1/2026 1:16:54 AM,WC26044546,"XXX JULIA AVE N, LAKE ELMO",ALARM-BUSINESS/RES/FIRE/MEDICAL/ETC
WASHINGTON COUNTY SHERIFFS OFFICE,LAKE ELMO,9/1/2026 5:08:15 AM,WC26044567,"8XXX  10TH ST N, LAKE ELMO",911 ABANDONED/HANGUP/OPEN LINE
WASHINGTON COUNTY SHERIFFS OFFICE,LAKE ELMO,9/1/2026 5:41:02 AM,WC26044569,"10XXX  56TH PL N, LAKE ELMO",ALARM-BUSINESS/RES/FIRE/MEDICAL/ETC
WASHINGTON COUNTY SHERIFFS OFFICE,LAKE ELMO,9/1/2026 10:08:45 AM,WC26044612,"3XXX  LINDEN AVENUE CT N, LAKE ELMO",THEFT
WASHINGTON COUNTY SHERIFFS OFFICE,LAKE ELMO,9/1/2026 10:52:41 AM,WC26044621,"8XXX  EAGLE POINT BLVD, LAKE ELMO",THEFT
WASHINGTON COUNTY SHERIFFS OFFICE,LAKE ELMO,9/1/2026 11:34:03 AM,WC26044625,"50TH ST N / STILLWATER BLVD N, LAKE ELMO",MEDICAL
WASHINGTON COUNTY SHERIFFS OFFICE,LAKE ELMO,9/1/2026 1:28:19 PM,WC26044635,"XXX CIMARRON, LAKE ELMO",MEDICAL
WASHINGTON COUNTY SHERIFFS OFFICE,LAKE ELMO,9/1/2026 3:05:00 PM,WC26044665,"LAKE ELMO AVE N / 10TH ST N, LAKE ELMO",ACCIDENT
WASHINGTON COUNTY SHERIFFS OFFICE,LAKE ELMO,9/1/2026 3:07:17 PM,WC26044666,"50TH ST N / STILLWATER BLVD N, LAKE ELMO",FOLLOW UP
WASHINGTON COUNTY SHERIFFS OFFICE,LAKE ELMO,9/1/2026 4:22:21 PM,WC26044678,"STILLWATER BLVD N / 53RD ST N, LAKE ELMO",OFFICER INFORMATION
WASHINGTON COUNTY SHERIFFS OFFICE,LAKE ELMO,9/1/2026 4:40:25 PM,WC26044679,"9XXX  8TH ST N, LAKE ELMO",CIVIL MATTER/DISPUTE
WASHINGTON COUNTY SHERIFFS OFFICE,LAKE ELMO,9/1/2026 4:53:29 PM,WC26044682,"10XXX  LOWER 37TH STREET CT N, LAKE ELMO",911 ABANDONED/HANGUP/OPEN LINE
WASHINGTON COUNTY SHERIFFS OFFICE,LAKE ELMO,9/1/2026 6:04:04 PM,WC26044693,"9XXX  8TH ST N, LAKE ELMO",FOLLOW UP
WASHINGTON COUNTY SHERIFFS OFFICE,LAKE ELMO,9/1/2026 6:41:24 PM,WC26044700,"9XXX  8TH ST N, LAKE ELMO",FOLLOW UP
WASHINGTON COUNTY SHERIFFS OFFICE,LAKE ELMO,9/1/2026 7:47:49 PM,WC26044711,"8XXX  EAGLE POINT BLVD, LAKE ELMO",FOLLOW UP
WASHINGTON COUNTY SHERIFFS OFFICE,LAKE ELMO,9/1/2026 8:44:48 PM,WC26044718,"8XXX  36TH ST N, LAKE ELMO",MEDICAL
WASHINGTON COUNTY SHERIFFS OFFICE,LAKE ELMO,9/1/2026 10:03:20 PM,WC26044734,"8XXX  HUDSON BLVD N, LAKE ELMO",MEDICAL
WASHINGTON COUNTY SHERIFFS OFFICE,LAKE ELMO,9/1/2026 11:50:04 PM,WC26044744,"8XXX  34TH ST N, LAKE ELMO",ANIMAL COMPLAINT
WASHINGTON COUNTY SHERIFFS OFFICE,LAKE ELMO,9/2/2026 12:18:23 AM,WC26044748,"9XXX  4TH STREET LN N, LAKE ELMO",CIVIL MATTER/DISPUTE
WASHINGTON COUNTY SHERIFFS OFFICE,LAKE ELMO,9/2/2026 7:40:57 AM,WC26044785,"8XXX  IRONWOOD TRL N, LAKE ELMO",MEDICAL
WASHINGTON COUNTY SHERIFFS OFFICE,LAKE ELMO,9/2/2026 8:11:41 AM,WC26044791,"XXX CIMARRON, LAKE ELMO",HARASSMENT
WASHINGTON COUNTY SHERIFFS OFFICE,LAKE ELMO,9/2/2026 10:20:54 AM,WC26044826,"XXX CIMARRON, LAKE ELMO",SUICIDE ATTEMPT/THREATS OF
WASHINGTON COUNTY SHERIFFS OFFICE,LAKE ELMO,9/2/2026 11:33:43 AM,WC26044857,"9XXX  JANE RD N, LAKE ELMO",FRAUD/SCAM
WASHINGTON COUNTY SHERIFFS OFFICE,LAKE ELMO,9/2/2026 11:51:00 AM,WC26044858,"LAKE ELMO AVE N /2300 Block, LAKE ELMO",TRAFFIC STOP
WASHINGTON COUNTY SHERIFFS OFFICE,LAKE ELMO,9/2/2026 12:28:33 PM,WC26044862,"1XXX  KEATS AVE N, LAKE ELMO",FOUND PROPERTY/ITEM
WASHINGTON COUNTY SHERIFFS OFFICE,LAKE ELMO,9/2/2026 5:08:45 PM,WC26044906,"9XXX  31ST ST N, LAKE ELMO",CIVIL MATTER/DISPUTE
WASHINGTON COUNTY SHERIFFS OFFICE,LAKE ELMO,9/2/2026 5:18:58 PM,WC26044908,"8XXX  EAGLE POINT BLVD, LAKE ELMO",WELFARE CHECK
WASHINGTON COUNTY SHERIFFS OFFICE,LAKE ELMO,9/2/2026 6:39:53 PM,WC26044923,"8XXX  IRONWOOD TRL N, LAKE ELMO",ALARM-BUSINESS/RES/FIRE/MEDICAL/ETC
WASHINGTON COUNTY SHERIFFS OFFICE,LAKE ELMO,9/2/2026 8:16:41 PM,WC26044938,"9XXX  53RD ST N, LAKE ELMO",911 ABANDONED/HANGUP/OPEN LINE
WASHINGTON COUNTY SHERIFFS OFFICE,LAKE ELMO,9/3/2026 7:55:36 AM,WC26044992,"5XXX  HIGHLANDS TRL N, LAKE ELMO",MEDICAL
WASHINGTON COUNTY SHERIFFS OFFICE,LAKE ELMO,9/3/2026 10:28:17 AM,WC26045027,"8XXX  STILLWATER BLVD N, LAKE ELMO",ALARM-BUSINESS/RES/FIRE/MEDICAL/ETC
WASHINGTON COUNTY SHERIFFS OFFICE,LAKE ELMO,9/3/2026 10:42:03 AM,WC26045038,"11XXX  10TH ST N, LAKE ELMO",PARKING COMPLAINT
WASHINGTON COUNTY SHERIFFS OFFICE,LAKE ELMO,9/3/2026 11:39:51 AM,WC26045051,"9XXX  HUDSON BLVD N, LAKE ELMO",FOUND PROPERTY/ITEM
WASHINGTON COUNTY SHERIFFS OFFICE,LAKE ELMO,9/3/2026 1:19:04 PM,WC26045072,"12XXX  55TH ST N, LAKE ELMO",FOUND PROPERTY/ITEM
WASHINGTON COUNTY SHERIFFS OFFICE,LAKE ELMO,9/3/2026 2:19:25 PM,WC26045079,"9XXX  JANE CT N, LAKE ELMO",CITIZEN/PUBLIC ASSIST
WASHINGTON COUNTY SHERIFFS OFFICE,LAKE ELMO,9/3/2026 2:55:51 PM,WC26045085,"11XXX  QUEENS CT N, LAKE ELMO",PROPERTY DAMAGE
WASHINGTON COUNTY SHERIFFS OFFICE,LAKE ELMO,9/3/2026 5:48:04 PM,WC26045109,"STILLWATER BLVD N / 53RD ST N, LAKE ELMO",ANIMAL COMPLAINT
WASHINGTON COUNTY SHERIFFS OFFICE,LAKE ELMO,9/3/2026 6:26:38 PM,WC26045115,"8XXX  HIDDEN BAY CT N, LAKE ELMO",MEDICAL
WASHINGTON COUNTY SHERIFFS OFFICE,LAKE ELMO,9/3/2026 6:27:58 PM,WC26045117,"8XXX  27TH STREET CT N, LAKE ELMO",OFFICER INFORMATION
WASHINGTON COUNTY SHERIFFS OFFICE,LAKE ELMO,9/3/2026 7:56:25 PM,WC26045129,"3XXX  JAMACA AVE N, LAKE ELMO",MEDICAL
WASHINGTON COUNTY SHERIFFS OFFICE,LAKE ELMO,9/3/2026 10:31:37 PM,WC26045157,"9XXX  HUDSON BLVD N, LAKE ELMO",TRAFFIC STOP
WASHINGTON COUNTY SHERIFFS OFFICE,LAKE ELMO,9/3/2026 11:20:00 PM,WC26045153,"9XXX  HUDSON BLVD N, LAKE ELMO",TRAFFIC STOP
WASHINGTON COUNTY SHERIFFS OFFICE,LAKE ELMO,9/4/2026 12:01:30 AM,WC26045165,"9XXX  31ST ST N, LAKE ELMO",PUBLIC WORKS CONCERN
WASHINGTON COUNTY SHERIFFS OFFICE,LAKE ELMO,9/4/2026 12:56:25 AM,WC26045171,"XXX 6TH STREET LN N, LAKE ELMO",LOST PROPERTY/ITEM
WASHINGTON COUNTY SHERIFFS OFFICE,LAKE ELMO,9/4/2026 2:14:35 AM,WC26045180,"XXX 6TH STREET LN N, LAKE ELMO",THEFT
WASHINGTON COUNTY SHERIFFS OFFICE,LAKE ELMO,9/4/2026 11:17:47 AM,WC26045248,"8XXX  42ND ST N, LAKE ELMO",ASSIST OTHER AGENCY
WASHINGTON COUNTY SHERIFFS OFFICE,LAKE ELMO,9/4/2026 7:49:54 PM,WC26045345,"34TH ST N / IRIS AVE N, LAKE ELMO",ACCIDENT
WASHINGTON COUNTY SHERIFFS OFFICE,LAKE ELMO,9/4/2026 8:19:16 PM,WC26045346,"3XXX  LILAC AVE N, LAKE ELMO",HARASSMENT
WASHINGTON COUNTY SHERIFFS OFFICE,LAKE ELMO,9/4/2026 9:45:37 PM,WC26045366,"XXX JULEP AVE N, LAKE ELMO",NOISE COMPLAINT/DISTURBANCE
WASHINGTON COUNTY SHERIFFS OFFICE,LAKE ELMO,9/4/2026 11:27:51 PM,WC26045382,"XXX Julep Ave N, LAKE ELMO",SHOTS FIRED/SHOOTING COMPLAINT
WASHINGTON COUNTY SHERIFFS OFFICE,LAKE ELMO,9/5/2026 9:49:41 AM,WC26045429,"9XXX  HUDSON BLVD N, LAKE ELMO",ASSIST OTHER AGENCY
WASHINGTON COUNTY SHERIFFS OFFICE,LAKE ELMO,9/5/2026 5:22:00 PM,WC26045502,"XX Lake Elmo Park Reserve Rustic Campsite 3, LAKE ELMO",INDECENT EXPOSURE
WASHINGTON COUNTY SHERIFFS OFFICE,LAKE SAINT CROIX BEACH,8/31/2026 8:27:55 PM,WC26044499,"16XXX  18TH ST S, LAKE SAINT CROIX BEACH",DISTURBANCE
WASHINGTON COUNTY SHERIFFS OFFICE,LAKELAND,8/30/2026 3:56:06 AM,WC26044236,"XXX QUINNELL AVE N, LAKELAND",MEDICAL
WASHINGTON COUNTY SHERIFFS OFFICE,LAKELAND,9/1/2026 6:01:40 AM,WC26044571,"XXX SAINT CROIX TRL S, LAKELAND",ALARM-BUSINESS/RES/FIRE/MEDICAL/ETC
WASHINGTON COUNTY SHERIFFS OFFICE,LAKELAND,9/1/2026 5:26:35 PM,WC26044687,"XX QUALITY AVE N, LAKELAND",ANIMAL COMPLAINT
WASHINGTON COUNTY SHERIFFS OFFICE,LAKELAND,9/2/2026 9:13:27 AM,WC26044799,"XXX SAINT CROIX TRL S, LAKELAND",VEHICLE UNLOCK
WASHINGTON COUNTY SHERIFFS OFFICE,LAKELAND,9/2/2026 9:43:13 AM,WC26044818,"16XXX  3RD STREET CT S, LAKELAND",MEDICAL
WASHINGTON COUNTY SHERIFFS OFFICE,LAKELAND,9/2/2026 3:27:22 PM,WC26044888,"XXX QUANT AVE N, LAKELAND",MEDICAL
WASHINGTON COUNTY SHERIFFS OFFICE,LAKELAND,9/2/2026 6:38:51 PM,WC26044924,"16XXX  3RD STREET CT S, LAKELAND",WELFARE CHECK
WASHINGTON COUNTY SHERIFFS OFFICE,LAKELAND,9/3/2026 3:29:48 PM,WC26045090,"SAINT CROIX TRL N / 8TH ST N, LAKELAND",ACCIDENT
WASHINGTON COUNTY SHERIFFS OFFICE,LANDFALL,9/2/2026 9:52:35 PM,WC26044958,"XX EVERGREEN DR, LANDFALL",ANIMAL COMPLAINT
WASHINGTON COUNTY SHERIFFS OFFICE,MAHTOMEDI,8/30/2026 5:49:33 AM,WC26044241,"XXX EAST AVE, MAHTOMEDI",MEDICAL
WASHINGTON COUNTY SHERIFFS OFFICE,MAHTOMEDI,8/30/2026 8:35:54 AM,WC26044255,"HILTON TRL N / STILLWATER RD, MAHTOMEDI",CITIZEN/PUBLIC ASSIST
WASHINGTON COUNTY SHERIFFS OFFICE,MAHTOMEDI,8/30/2026 5:41:06 PM,WC26044311,"XXX EAST AVE, MAHTOMEDI",MEDICAL
WASHINGTON COUNTY SHERIFFS OFFICE,MAHTOMEDI,8/30/2026 6:23:47 PM,WC26044318,"XX LONG LAKE RD, MAHTOMEDI",ANIMAL COMPLAINT
WASHINGTON COUNTY SHERIFFS OFFICE,MAHTOMEDI,8/30/2026 9:45:57 PM,WC26044339,"WILDWOOD RD / LINCOLNTOWN AVE, MAHTOMEDI",911 ABANDONED/HANGUP/OPEN LINE
WASHINGTON COUNTY SHERIFFS OFFICE,MAHTOMEDI,8/30/2026 11:32:50 PM,WC26044350,"XXX WILDWOOD RD, MAHTOMEDI",NOISE COMPLAINT/DISTURBANCE
WASHINGTON COUNTY SHERIFFS OFFICE,MAHTOMEDI,8/31/2026 7:43:46 AM,WC26044380,"XXX WILDWOOD RD, MAHTOMEDI",SUSPICIOUS PERSON/ACTIVITY
WASHINGTON COUNTY SHERIFFS OFFICE,MAHTOMEDI,8/31/2026 12:38:57 PM,WC26044427,"XXX EAST AVE, MAHTOMEDI",FRAUD/SCAM
WASHINGTON COUNTY SHERIFFS OFFICE,MAHTOMEDI,8/31/2026 2:06:32 PM,WC26044449,"QUAIL AVE / DELLWOOD ROAD, MAHTOMEDI",ACCIDENT
WASHINGTON COUNTY SHERIFFS OFFICE,MAHTOMEDI,8/31/2026 8:02:03 PM,WC26044494,"WARNER AVE N / STILLWATER RD, MAHTOMEDI",DIRECTED PATROL
WASHINGTON COUNTY SHERIFFS OFFICE,MAHTOMEDI,8/31/2026 9:43:00 PM,WC26044527,"1XXX  MAHTOMEDI AVE, MAHTOMEDI",MEDICAL
WASHINGTON COUNTY SHERIFFS OFFICE,MAHTOMEDI,8/31/2026 9:48:00 PM,WC26044529,"XXX STILLWATER RD, MAHTOMEDI",FOUND PROPERTY/ITEM
WASHINGTON COUNTY SHERIFFS OFFICE,MAHTOMEDI,9/1/2026 12:57:00 AM,WC26044540,"HILTON TRL N / 72ND ST N, MAHTOMEDI",DWI
WASHINGTON COUNTY SHERIFFS OFFICE,MAHTOMEDI,9/1/2026 2:15:58 AM,WC26044554,"XX LONG LAKE RD, MAHTOMEDI",911 ABANDONED/HANGUP/OPEN LINE
WASHINGTON COUNTY SHERIFFS OFFICE,MAHTOMEDI,9/1/2026 7:44:56 AM,WC26044578,"STILLWATER RD / HILTON TRL N, MAHTOMEDI",ACCIDENT
WASHINGTON COUNTY SHERIFFS OFFICE,MAHTOMEDI,9/1/2026 9:01:23 AM,WC26044590,"XX MAHTOMEDI AVE, MAHTOMEDI",ALARM-BUSINESS/RES/FIRE/MEDICAL/ETC
WASHINGTON COUNTY SHERIFFS OFFICE,MAHTOMEDI,9/1/2026 9:47:15 AM,WC26044611,"XXX WOODLAND DR, MAHTOMEDI",THEFT
WASHINGTON COUNTY SHERIFFS OFFICE,MAHTOMEDI,9/1/2026 10:53:33 AM,WC26044622,"Unknown, MAHTOMEDI",DRIVING COMPLAINT
WASHINGTON COUNTY SHERIFFS OFFICE,MAHTOMEDI,9/1/2026 10:57:00 AM,WC26044623,"XXX 72nd Street North, MAHTOMEDI",WARRANT ARREST
WASHINGTON COUNTY SHERIFFS OFFICE,MAHTOMEDI,9/1/2026 3:24:53 PM,WC26044668,"XXX WILDWOOD RD, MAHTOMEDI",THEFT
WASHINGTON COUNTY SHERIFFS OFFICE,MAHTOMEDI,9/1/2026 3:28:46 PM,WC26044669,"XXX WILDWOOD RD, MAHTOMEDI",911 ABANDONED/HANGUP/OPEN LINE
WASHINGTON COUNTY SHERIFFS OFFICE,MAHTOMEDI,9/1/2026 3:37:11 PM,WC26044672,"XXX MAHTOMEDI AVE, MAHTOMEDI",CIVIL MATTER/DISPUTE
WASHINGTON COUNTY SHERIFFS OFFICE,MAHTOMEDI,9/1/2026 3:50:23 PM,WC26044677,"XXX WILDWOOD RD, MAHTOMEDI",FIRE
WASHINGTON COUNTY SHERIFFS OFFICE,MAHTOMEDI,9/1/2026 4:03:45 PM,WC26044675,"XX FIR ST, MAHTOMEDI",MEDICAL
WASHINGTON COUNTY SHERIFFS OFFICE,MAHTOMEDI,9/1/2026 4:56:37 PM,WC26044684,"Unknown, MAHTOMEDI",FOLLOW UP
WASHINGTON COUNTY SHERIFFS OFFICE,MAHTOMEDI,9/1/2026 6:38:24 PM,WC26044699,"XXX CHELSEA AVE, MAHTOMEDI",CIVIL MATTER/DISPUTE
WASHINGTON COUNTY SHERIFFS OFFICE,MAHTOMEDI,9/1/2026 7:01:19 PM,WC26044702,"XX WILDWOOD BEACH RD, MAHTOMEDI",MEDICAL
WASHINGTON COUNTY SHERIFFS OFFICE,MAHTOMEDI,9/1/2026 8:55:06 PM,WC26044721,"XXX WILDWOOD RD, MAHTOMEDI",FOLLOW UP
WASHINGTON COUNTY SHERIFFS OFFICE,MAHTOMEDI,9/1/2026 9:29:00 PM,WC26044729,"HILTON TRL N / HALLAM AVE S, MAHTOMEDI",DWI
WASHINGTON COUNTY SHERIFFS OFFICE,MAHTOMEDI,9/1/2026 11:41:50 PM,WC26044743,"XXX STILLWATER RD, MAHTOMEDI",ALARM-BUSINESS/RES/FIRE/MEDICAL/ETC
WASHINGTON COUNTY SHERIFFS OFFICE,MAHTOMEDI,9/2/2026 7:32:00 AM,WC26044780,"WILDWOOD RD / WEDGEWOOD DR, MAHTOMEDI",TRAFFIC STOP
WASHINGTON COUNTY SHERIFFS OFFICE,MAHTOMEDI,9/2/2026 11:29:36 AM,WC26044856,"XXX WILDWOOD RD, MAHTOMEDI",FOLLOW UP
WASHINGTON COUNTY SHERIFFS OFFICE,MAHTOMEDI,9/2/2026 1:05:36 PM,WC26044866,"XXX IRIS ST, MAHTOMEDI",911 ABANDONED/HANGUP/OPEN LINE
WASHINGTON COUNTY SHERIFFS OFFICE,MAHTOMEDI,9/2/2026 2:39:10 PM,WC26044885,"XX HICKORY ST, MAHTOMEDI",MEDICAL
WASHINGTON COUNTY SHERIFFS OFFICE,MAHTOMEDI,9/2/2026 3:25:27 PM,WC26044889,"XXX ARCWOOD RD, MAHTOMEDI",CITIZEN/PUBLIC ASSIST
WASHINGTON COUNTY SHERIFFS OFFICE,MAHTOMEDI,9/2/2026 8:34:59 PM,WC26044942,"XXX WOOD ST, MAHTOMEDI",MEDICAL
WASHINGTON COUNTY SHERIFFS OFFICE,MAHTOMEDI,9/2/2026 10:08:28 PM,WC26044963,"XXX EAST AVE, MAHTOMEDI",WELFARE CHECK
WASHINGTON COUNTY SHERIFFS OFFICE,MAHTOMEDI,9/3/2026 7:16:00 AM,WC26044986,"Long Lake Road & Dunbar Way, MAHTOMEDI",TRAFFIC STOP
WASHINGTON COUNTY SHERIFFS OFFICE,MAHTOMEDI,9/3/2026 7:33:53 AM,WC26044990,"HILTON TRL N / 72ND ST N, MAHTOMEDI",PARKING COMPLAINT
WASHINGTON COUNTY SHERIFFS OFFICE,MAHTOMEDI,9/3/2026 7:57:12 AM,WC26044993,"XXX MAPLE ST, MAHTOMEDI",ASSIST OTHER AGENCY
WASHINGTON COUNTY SHERIFFS OFFICE,MAHTOMEDI,9/3/2026 7:58:55 AM,WC26044996,"3XXX  CENTURY AVE, MAHTOMEDI",TRAFFIC COMPLAINT
WASHINGTON COUNTY SHERIFFS OFFICE,MAHTOMEDI,9/3/2026 8:03:48 AM,WC26044995,"DWINNELL AVE / MOCCASIN ST, MAHTOMEDI",DRUGS
WASHINGTON COUNTY SHERIFFS OFFICE,MAHTOMEDI,9/3/2026 8:18:16 AM,WC26044997,"XX ELM ST, MAHTOMEDI",MEDICAL
WASHINGTON COUNTY SHERIFFS OFFICE,MAHTOMEDI,9/3/2026 12:19:16 PM,WC26045055,"Unknown, MAHTOMEDI",FOLLOW UP
WASHINGTON COUNTY SHERIFFS OFFICE,MAHTOMEDI,9/3/2026 2:08:26 PM,WC26045076,"XX LONG LAKE RD, MAHTOMEDI",911 ABANDONED/HANGUP/OPEN LINE
WASHINGTON COUNTY SHERIFFS OFFICE,MAHTOMEDI,9/3/2026 8:41:06 PM,WC26045135,"XXX WOODLAND DR, MAHTOMEDI",MEDICAL
WASHINGTON COUNTY SHERIFFS OFFICE,MAHTOMEDI,9/3/2026 9:17:18 PM,WC26045137,"XX LONG LAKE RD, MAHTOMEDI",911 ABANDONED/HANGUP/OPEN LINE
WASHINGTON COUNTY SHERIFFS OFFICE,MAHTOMEDI,9/3/2026 10:39:06 PM,WC26045161,"XXX QUAIL ST, MAHTOMEDI",911 ABANDONED/HANGUP/OPEN LINE
WASHINGTON COUNTY SHERIFFS OFFICE,MAHTOMEDI,9/3/2026 10:58:00 PM,WC26045163,"MAHTOMEDI AVE / QUAIL ST, MAHTOMEDI",DISTURBANCE
WASHINGTON COUNTY SHERIFFS OFFICE,MAHTOMEDI,9/4/2026 2:27:26 AM,WC26045181,"XXX EAST AVE, MAHTOMEDI",MEDICAL
WASHINGTON COUNTY SHERIFFS OFFICE,MARINE ON SAINT CROIX,8/31/2026 12:00:00 AM,WC26044314,"16XXX  - 16948 SAINT CROIX TRL N, MARINE ON SAINT CROIX",TRAFFIC STOP
WASHINGTON COUNTY SHERIFFS OFFICE,MARINE ON SAINT CROIX,9/3/2026 7:18:38 AM,WC26044988,"SAINT CROIX TRL N / ELM ST, MARINE ON SAINT CROIX",ANIMAL COMPLAINT
WASHINGTON COUNTY SHERIFFS OFFICE,MAY TOWNSHIP,8/30/2026 5:00:00 AM,WC26044528,"120TH ST N / MANNING TRL N, MAY TOWNSHIP",ACCIDENT
WASHINGTON COUNTY SHERIFFS OFFICE,MAY TOWNSHIP,8/30/2026 7:50:40 AM,WC26044250,"12XXX  150TH ST N, MAY TOWNSHIP",TRESPASSING
WASHINGTON COUNTY SHERIFFS OFFICE,MAY TOWNSHIP,8/31/2026 11:47:10 AM,WC26044419,"14XXX  RIVERSIDE AVE N, MAY TOWNSHIP",911 ABANDONED/HANGUP/OPEN LINE
WASHINGTON COUNTY SHERIFFS OFFICE,MAY TOWNSHIP,8/31/2026 5:03:50 PM,WC26044474,"NORELL AVE N / SQUARE LAKE TRL N, MAY TOWNSHIP",ACCIDENT
WASHINGTON COUNTY SHERIFFS OFFICE,MAY TOWNSHIP,8/31/2026 8:37:00 PM,WC26044500,"SQUARE LAKE TRL N / NORELL AVE N, MAY TOWNSHIP",TRAFFIC STOP
WASHINGTON COUNTY SHERIFFS OFFICE,MAY TOWNSHIP,8/31/2026 10:48:25 PM,WC26044525,"11XXX  180TH ST N, MAY TOWNSHIP",WELFARE CHECK
WASHINGTON COUNTY SHERIFFS OFFICE,MAY TOWNSHIP,9/1/2026 12:12:59 PM,WC26044628,"12XXX  NORELL AVE N, MAY TOWNSHIP",WELFARE CHECK
WASHINGTON COUNTY SHERIFFS OFFICE,MAY TOWNSHIP,9/1/2026 12:47:36 PM,WC26044629,"15XXX  SQUARE LAKE TRL N, MAY TOWNSHIP",911 ABANDONED/HANGUP/OPEN LINE
WASHINGTON COUNTY SHERIFFS OFFICE,MAY TOWNSHIP,9/1/2026 12:50:36 PM,WC26044630,"13XXX  PANORAMA AVE N, MAY TOWNSHIP",ASSIST OTHER AGENCY
WASHINGTON COUNTY SHERIFFS OFFICE,MAY TOWNSHIP,9/1/2026 5:29:57 PM,WC26044688,"13XXX  SQUARE LAKE TRL N, MAY TOWNSHIP",MEDICAL
WASHINGTON COUNTY SHERIFFS OFFICE,MAY TOWNSHIP,9/2/2026 3:17:29 AM,WC26044766,"12XXX  - 12998 NORELL AVE N, MAY TOWNSHIP",ANIMAL COMPLAINT
WASHINGTON COUNTY SHERIFFS OFFICE,MAY TOWNSHIP,9/2/2026 12:18:54 PM,WC26044861,"16XXX  NORELL AVE N, MAY TOWNSHIP",PARKING VIOLATION
WASHINGTON COUNTY SHERIFFS OFFICE,MAY TOWNSHIP,9/3/2026 3:37:20 AM,WC26044982,"12XXX  170TH ST N, MAY TOWNSHIP",CITIZEN/PUBLIC ASSIST
WASHINGTON COUNTY SHERIFFS OFFICE,MAY TOWNSHIP,9/3/2026 8:02:18 AM,WC26044994,"14XXX  RIVERSIDE AVE N, MAY TOWNSHIP",911 ABANDONED/HANGUP/OPEN LINE
WASHINGTON COUNTY SHERIFFS OFFICE,MAY TOWNSHIP,9/3/2026 3:46:16 PM,WC26045093,"15XXX  - 15510 SQUARE LAKE TRL N, MAY TOWNSHIP",PARK INCIDENT-CITY/COUNTY
WASHINGTON COUNTY SHERIFFS OFFICE,MAY TOWNSHIP,9/4/2026 6:56:29 AM,WC26045190,"15XXX  SQUARE LAKE TRL N, MAY TOWNSHIP",LOST PROPERTY/ITEM
WASHINGTON COUNTY SHERIFFS OFFICE,MAY TOWNSHIP,9/4/2026 3:25:24 PM,WC26045291,"13XXX  SAINT CROIX TRL N, MAY TOWNSHIP",ACCIDENT
WASHINGTON COUNTY SHERIFFS OFFICE,MAY TOWNSHIP,9/5/2026 2:59:13 PM,WC26045469,"SQUARE LAKE, MAY TOWNSHIP",CITIZEN/PUBLIC ASSIST
WASHINGTON COUNTY SHERIFFS OFFICE,MAY TOWNSHIP,9/5/2026 4:37:08 PM,WC26045492,"17XXX  MANNING TRL N, MAY TOWNSHIP",PARKING VIOLATION
WASHINGTON COUNTY SHERIFFS OFFICE,NEWPORT,8/30/2026 12:00:00 AM,WC26044292,"HWY 61 NB AT GLEN RD, NEWPORT",ASSIST OTHER AGENCY
WASHINGTON COUNTY SHERIFFS OFFICE,NEWPORT,8/30/2026 12:32:16 AM,WC26044222,"1XXX  10TH AVE, NEWPORT",FOLLOW UP
WASHINGTON COUNTY SHERIFFS OFFICE,NEWPORT,8/30/2026 1:27:34 AM,WC26044230,"1XXX  HASTINGS AVE, NEWPORT",ALARM-BUSINESS/RES/FIRE/MEDICAL/ETC
WASHINGTON COUNTY SHERIFFS OFFICE,NEWPORT,8/30/2026 5:30:32 AM,WC26044239,"1XXX  WILD RIDGE CT S, NEWPORT",ALARM-BUSINESS/RES/FIRE/MEDICAL/ETC
WASHINGTON COUNTY SHERIFFS OFFICE,NEWPORT,8/30/2026 6:02:10 AM,WC26044242,"70TH ST S TO HWY 61 NB RAMP, NEWPORT",TRAFFIC COMPLAINT
WASHINGTON COUNTY SHERIFFS OFFICE,NEWPORT,8/30/2026 10:08:38 AM,WC26044260,"1XXX  3RD AVE, NEWPORT",911 ABANDONED/HANGUP/OPEN LINE
WASHINGTON COUNTY SHERIFFS OFFICE,NEWPORT,8/30/2026 12:33:06 PM,WC26044271,"XXX HIGH ST, NEWPORT",DEATH
WASHINGTON COUNTY SHERIFFS OFFICE,NEWPORT,8/30/2026 12:44:13 PM,WC26044272,"XXX 12TH ST, NEWPORT",ASSAULT
WASHINGTON COUNTY SHERIFFS OFFICE,NEWPORT,8/30/2026 1:26:07 PM,WC26044277,"Red Rock Xing / Maxwell Ave, NEWPORT",CITIZEN/PUBLIC ASSIST
WASHINGTON COUNTY SHERIFFS OFFICE,NEWPORT,8/30/2026 1:43:15 PM,WC26044281,"XXX 17TH ST, NEWPORT",SUSPICIOUS PERSON/ACTIVITY
WASHINGTON COUNTY SHERIFFS OFFICE,NEWPORT,8/30/2026 5:38:48 PM,WC26044309,"1XXX  4TH AVE, NEWPORT",CITIZEN/PUBLIC ASSIST
WASHINGTON COUNTY SHERIFFS OFFICE,NEWPORT,8/30/2026 7:42:05 PM,WC26044322,"XXX RED ROCK XING, NEWPORT",HARASSMENT
WASHINGTON COUNTY SHERIFFS OFFICE,NEWPORT,8/31/2026 12:10:14 AM,WC26044353,"HWY 61 SB AT I494, NEWPORT",DIRECTED PATROL
WASHINGTON COUNTY SHERIFFS OFFICE,NEWPORT,8/31/2026 3:12:00 AM,WC26044373,"HWY 61 AT GLEN, NEWPORT",TRAFFIC STOP
WASHINGTON COUNTY SHERIFFS OFFICE,NEWPORT,8/31/2026 8:58:13 AM,WC26044394,"XXX FORD RD, NEWPORT",WELFARE CHECK
WASHINGTON COUNTY SHERIFFS OFFICE,NEWPORT,8/31/2026 11:33:10 AM,WC26044414,"1XXX  10TH AVE, NEWPORT",ALARM-BUSINESS/RES/FIRE/MEDICAL/ETC
WASHINGTON COUNTY SHERIFFS OFFICE,NEWPORT,8/31/2026 1:28:56 PM,WC26044439,"1XXX  8TH AVE, NEWPORT",MEDICAL
WASHINGTON COUNTY SHERIFFS OFFICE,NEWPORT,8/31/2026 2:11:00 PM,WC26044444,"BAILEY RD/HASTINGS AVE, NEWPORT",MOTORIST ASSIST
WASHINGTON COUNTY SHERIFFS OFFICE,NEWPORT,8/31/2026 5:53:02 PM,WC26044477,"XXX CEMETERY RD, NEWPORT",WELFARE CHECK
WASHINGTON COUNTY SHERIFFS OFFICE,NEWPORT,9/1/2026 1:01:23 AM,WC26044541,"1XXX  GLEN RD, NEWPORT",SUSPICIOUS PERSON/ACTIVITY
WASHINGTON COUNTY SHERIFFS OFFICE,NEWPORT,9/1/2026 1:39:33 AM,WC26044550,"XXX RED ROCK RD, NEWPORT",911 ABANDONED/HANGUP/OPEN LINE
WASHINGTON COUNTY SHERIFFS OFFICE,NEWPORT,9/1/2026 9:36:02 AM,WC26044609,"MAXWELL AVE / I494, NEWPORT",WELFARE CHECK
WASHINGTON COUNTY SHERIFFS OFFICE,NEWPORT,9/1/2026 10:17:57 AM,WC26044614,"1XXX  10TH AVE, NEWPORT",THEFT
WASHINGTON COUNTY SHERIFFS OFFICE,NEWPORT,9/1/2026 1:40:12 PM,WC26044638,"WOODBURY RD / GLEN RD, NEWPORT",ANIMAL COMPLAINT
WASHINGTON COUNTY SHERIFFS OFFICE,NEWPORT,9/1/2026 2:06:47 PM,WC26044645,"1XXX  HASTINGS AVE, NEWPORT",CITIZEN/PUBLIC ASSIST
WASHINGTON COUNTY SHERIFFS OFFICE,NEWPORT,9/1/2026 2:12:25 PM,WC26044649,"2XXX  1ST AVE, NEWPORT",CITIZEN/PUBLIC ASSIST
WASHINGTON COUNTY SHERIFFS OFFICE,NEWPORT,9/1/2026 3:20:05 PM,WC26044667,"1XXX  3RD AVE, NEWPORT",HARASSMENT
WASHINGTON COUNTY SHERIFFS OFFICE,NEWPORT,9/1/2026 5:22:00 PM,WC26044685,"BAILEY RD / POINT DOUGLAS RD, NEWPORT",TRAFFIC STOP
WASHINGTON COUNTY SHERIFFS OFFICE,NEWPORT,9/1/2026 7:59:32 PM,WC26044715,"1XXX  HASTINGS AVE, NEWPORT",THEFT
WASHINGTON COUNTY SHERIFFS OFFICE,NEWPORT,9/1/2026 8:07:55 PM,WC26044717,"2XXX  HASTINGS AVE, NEWPORT",UNWANTED PERSON/VEHICLE
WASHINGTON COUNTY SHERIFFS OFFICE,NEWPORT,9/1/2026 9:57:16 PM,WC26044733,"1XXX  MARK CT, NEWPORT",MEDICAL
WASHINGTON COUNTY SHERIFFS OFFICE,NEWPORT,9/2/2026 2:41:50 AM,WC26044762,"1XXX  10TH AVE, NEWPORT",SUSPICIOUS PERSON/ACTIVITY
WASHINGTON COUNTY SHERIFFS OFFICE,NEWPORT,9/2/2026 3:10:10 AM,WC26044764,"BAILEY RD / HASTINGS AVE, NEWPORT",ACCIDENT
WASHINGTON COUNTY SHERIFFS OFFICE,NEWPORT,9/2/2026 4:09:48 AM,WC26044771,"XXX CEMETERY RD, NEWPORT",SUSPICIOUS PERSON/ACTIVITY
WASHINGTON COUNTY SHERIFFS OFFICE,NEWPORT,9/2/2026 5:29:41 AM,WC26044772,"BAILEY RD / MILITARY RD, NEWPORT",FOLLOW UP
WASHINGTON COUNTY SHERIFFS OFFICE,NEWPORT,9/2/2026 8:14:37 AM,WC26044792,"2XXX  1ST AVE, NEWPORT",ROAD HAZARD
WASHINGTON COUNTY SHERIFFS OFFICE,NEWPORT,9/2/2026 9:09:54 AM,WC26044797,"1XXX  10TH AVE, NEWPORT",MEDICAL
WASHINGTON COUNTY SHERIFFS OFFICE,NEWPORT,9/2/2026 9:48:22 AM,WC26044820,"1XXX  10TH AVE, NEWPORT",MEDICAL
WASHINGTON COUNTY SHERIFFS OFFICE,NEWPORT,9/2/2026 3:51:29 PM,WC26044895,"2XXX  HASTINGS AVE, NEWPORT",DISTURBANCE
WASHINGTON COUNTY SHERIFFS OFFICE,NEWPORT,9/2/2026 4:39:21 PM,WC26044901,"2XXX  HASTINGS AVE, NEWPORT",CIVIL MATTER/DISPUTE
WASHINGTON COUNTY SHERIFFS OFFICE,NEWPORT,9/2/2026 4:54:40 PM,WC26044904,"Unknown, NEWPORT",OFFICER INFORMATION
WASHINGTON COUNTY SHERIFFS OFFICE,NEWPORT,9/2/2026 6:36:30 PM,WC26044920,"XXX 13TH ST, NEWPORT",MEDICAL
WASHINGTON COUNTY SHERIFFS OFFICE,NEWPORT,9/2/2026 7:05:44 PM,WC26044928,"1XXX  10TH AVE, NEWPORT",ANIMAL COMPLAINT
WASHINGTON COUNTY SHERIFFS OFFICE,NEWPORT,9/2/2026 8:25:40 PM,WC26044939,"XXX CEMETERY RD, NEWPORT",SUSPICIOUS PERSON/ACTIVITY
WASHINGTON COUNTY SHERIFFS OFFICE,NEWPORT,9/2/2026 9:51:00 PM,WC26044956,"10TH AVE / HIGH ST, NEWPORT",PARKING VIOLATION
WASHINGTON COUNTY SHERIFFS OFFICE,NEWPORT,9/3/2026 6:32:56 AM,WC26044985,"1XXX  HASTINGS AVE, NEWPORT",DISTURBANCE
WASHINGTON COUNTY SHERIFFS OFFICE,NEWPORT,9/3/2026 9:03:36 AM,WC26045001,"HWY 61 SB TO 70TH ST S RAMP, NEWPORT",ROAD HAZARD
WASHINGTON COUNTY SHERIFFS OFFICE,NEWPORT,9/3/2026 12:10:11 PM,WC26045054,"MILITARY RD / BAILEY RD, NEWPORT",911 ABANDONED/HANGUP/OPEN LINE
WASHINGTON COUNTY SHERIFFS OFFICE,NEWPORT,9/3/2026 12:30:05 PM,WC26045060,"XXX TULARE TER, NEWPORT",ACCIDENT
WASHINGTON COUNTY SHERIFFS OFFICE,NEWPORT,9/3/2026 1:36:07 PM,WC26045069,"Unknown, NEWPORT",FOLLOW UP
WASHINGTON COUNTY SHERIFFS OFFICE,NEWPORT,9/3/2026 5:18:36 PM,WC26045106,"1XXX  CEDAR LN, NEWPORT",911 ABANDONED/HANGUP/OPEN LINE
WASHINGTON COUNTY SHERIFFS OFFICE,NEWPORT,9/3/2026 6:52:02 PM,WC26045120,"2XXX  HASTINGS AVE, NEWPORT",MEDICAL
WASHINGTON COUNTY SHERIFFS OFFICE,NEWPORT,9/3/2026 8:10:57 PM,WC26045130,"1XXX  10TH AVE, NEWPORT",MEDICAL
WASHINGTON COUNTY SHERIFFS OFFICE,NEWPORT,9/3/2026 10:06:21 PM,WC26045150,"XXX RED ROCK XING, NEWPORT",911 ABANDONED/HANGUP/OPEN LINE
WASHINGTON COUNTY SHERIFFS OFFICE,NEWPORT,9/3/2026 10:57:27 PM,WC26045160,"2XXX  HASTINGS AVE, NEWPORT",SUSPICIOUS PERSON/ACTIVITY
WASHINGTON COUNTY SHERIFFS OFFICE,NEWPORT,9/4/2026 8:39:00 AM,WC26045200,"Highway 61 NB & Bailey Ave, NEWPORT",TRAFFIC STOP
WASHINGTON COUNTY SHERIFFS OFFICE,NEWPORT,9/4/2026 9:01:09 AM,WC26045205,"1XXX  MARK CT, NEWPORT",MEDICAL
WASHINGTON COUNTY SHERIFFS OFFICE,NEWPORT,9/4/2026 9:07:07 AM,WC26045209,"BAILEY RD TO HWY 61 NB RAMP, NEWPORT",ROAD HAZARD
WASHINGTON COUNTY SHERIFFS OFFICE,NEWPORT,9/4/2026 4:25:00 PM,WC26045299,"HASTINGS AVE / CEMETERY RD, NEWPORT",TRAFFIC STOP
WASHINGTON COUNTY SHERIFFS OFFICE,NEWPORT,9/4/2026 10:20:35 PM,WC26045374,"I494 EB OVER MAXWELL AVE, NEWPORT",WELFARE CHECK
WASHINGTON COUNTY SHERIFFS OFFICE,NEWPORT,9/5/2026 2:26:27 AM,WC26045400,"1XXX  HASTINGS AVE, NEWPORT",DWI
WASHINGTON COUNTY SHERIFFS OFFICE,NEWPORT,9/5/2026 6:02:51 PM,WC26045511,"HASTINGS AVE / GLEN RD, NEWPORT",WARRANT ARREST
WASHINGTON COUNTY SHERIFFS OFFICE,NEWPORT,9/5/2026 8:16:05 PM,WC26045530,"1XXX  WILD RIDGE CT S, NEWPORT",911 ABANDONED/HANGUP/OPEN LINE
WASHINGTON COUNTY SHERIFFS OFFICE,NEWPORT,9/5/2026 11:01:53 PM,WC26045557,"2XXX  HASTINGS AVE, NEWPORT",FRAUD/SCAM
WASHINGTON COUNTY SHERIFFS OFFICE,OAK PARK HEIGHTS,8/30/2026 12:37:00 AM,WC26044224,"SAINT CROIX TRL N AT HWY 36, OAK PARK HEIGHTS",TRAFFIC STOP
WASHINGTON COUNTY SHERIFFS OFFICE,OAK PARK HEIGHTS,9/2/2026 7:22:03 PM,WC26044930,"14XXX  58TH ST N, OAK PARK HEIGHTS",CIVIL MATTER/DISPUTE
WASHINGTON COUNTY SHERIFFS OFFICE,OAK PARK HEIGHTS,9/3/2026 12:09:01 AM,WC26044968,"13XXX  60TH ST N, OAK PARK HEIGHTS",ALARM-BUSINESS/RES/FIRE/MEDICAL/ETC
WASHINGTON COUNTY SHERIFFS OFFICE,OAKDALE,8/31/2026 5:41:00 PM,WC26044476,"I694 NB JSO 50TH ST N, OAKDALE",TRAFFIC STOP
WASHINGTON COUNTY SHERIFFS OFFICE,OAKDALE,9/1/2026 2:53:00 AM,WC26044558,"I694 SB JNO 50TH ST N, OAKDALE",TRAFFIC STOP
WASHINGTON COUNTY SHERIFFS OFFICE,OAKDALE,9/1/2026 3:08:18 AM,WC26044560,"7XXX  10TH ST N, OAKDALE",ASSIST OTHER AGENCY
WASHINGTON COUNTY SHERIFFS OFFICE,OAKDALE,9/1/2026 5:04:21 AM,WC26044566,"7XXX  10TH ST N, OAKDALE",ASSIST OTHER AGENCY
WASHINGTON COUNTY SHERIFFS OFFICE,OAKDALE,9/1/2026 9:01:29 AM,WC26044588,"CENTURY AVE / I694 WB TO CENTURY AVE N RAMP, OAKDALE",ASSIST OTHER AGENCY
WASHINGTON COUNTY SHERIFFS OFFICE,OAKDALE,9/2/2026 5:43:28 PM,WC26044912,"1XXX  GROSPOINT AVE N, OAKDALE",CIVIL MATTER/DISPUTE
WASHINGTON COUNTY SHERIFFS OFFICE,OAKDALE,9/2/2026 6:22:08 PM,WC26044917,"3XXX  GERSHWIN AVE N, OAKDALE",CIVIL MATTER/DISPUTE
WASHINGTON COUNTY SHERIFFS OFFICE,OAKDALE,9/3/2026 7:14:56 PM,WC26045126,"1XXX  HELMO AVE N, OAKDALE",ASSIST OTHER AGENCY
WASHINGTON COUNTY SHERIFFS OFFICE,OAKDALE,9/5/2026 5:08:33 PM,WC26045501,"I694 NB AT 4TH ST N, OAKDALE",ASSIST OTHER AGENCY
WASHINGTON COUNTY SHERIFFS OFFICE,PINE SPRINGS,9/1/2026 6:44:00 AM,WC26044574,"HWY 36 EB JWO HILTON TRL N, PINE SPRINGS",ROAD HAZARD
WASHINGTON COUNTY SHERIFFS OFFICE,PINE SPRINGS,9/2/2026 9:45:21 AM,WC26044819,"VIKING DR / HILTON TRL N, PINE SPRINGS",OFFICER INFORMATION
WASHINGTON COUNTY SHERIFFS OFFICE,SAINT MARYS POINT,9/1/2026 7:54:20 PM,WC26044714,"2XXX  RIVER RD S, SAINT MARYS POINT",MEDICAL
WASHINGTON COUNTY SHERIFFS OFFICE,Saint Paul,9/2/2026 12:55:00 AM,WC26044752,"2XXX  OLD HUDSON RD, Saint Paul",WARRANT ARREST
WASHINGTON COUNTY SHERIFFS OFFICE,SAINT PAUL PARK,9/1/2026 12:02:16 PM,WC26044627,"Unknown, SAINT PAUL PARK",FOLLOW UP
WASHINGTON COUNTY SHERIFFS OFFICE,SAINT PAUL PARK,9/1/2026 10:14:57 PM,WC26044737,"HWY 61 SB AT 70TH ST S, SAINT PAUL PARK",ASSIST OTHER AGENCY
WASHINGTON COUNTY SHERIFFS OFFICE,SAINT PAUL PARK,9/2/2026 12:33:32 AM,WC26044750,"SAINT PAUL PARK RD TO HWY 61 SB RAMP, SAINT PAUL PARK",ASSIST OTHER AGENCY
WASHINGTON COUNTY SHERIFFS OFFICE,SAINT PAUL PARK,9/3/2026 8:34:00 PM,WC26045133,"70TH ST S OVER HWY 61, SAINT PAUL PARK",TRAFFIC STOP
WASHINGTON COUNTY SHERIFFS OFFICE,SCANDIA,8/30/2026 12:54:45 PM,WC26044273,"21XXX  MEADOWBROOK CIR N, SCANDIA",CHILD CUSTODY
WASHINGTON COUNTY SHERIFFS OFFICE,SCANDIA,8/30/2026 8:02:46 PM,WC26044325,"14XXX  202ND ST N, SCANDIA",MEDICAL
WASHINGTON COUNTY SHERIFFS OFFICE,SCANDIA,8/30/2026 10:45:32 PM,WC26044346,"13XXX  OAKHILL RD N, SCANDIA",911 ABANDONED/HANGUP/OPEN LINE
WASHINGTON COUNTY SHERIFFS OFFICE,SCANDIA,8/31/2026 10:38:15 AM,WC26044401,"19XXX  MAXWILL AVE N, SCANDIA",MEDICAL
WASHINGTON COUNTY SHERIFFS OFFICE,SCANDIA,8/31/2026 10:52:05 AM,WC26044411,"13XXX  SCANDIA TRL N, SCANDIA",MEDICAL
WASHINGTON COUNTY SHERIFFS OFFICE,SCANDIA,8/31/2026 11:33:22 AM,WC26044416,"19XXX  PARKVIEW LN N, SCANDIA",CIVIL MATTER/DISPUTE
WASHINGTON COUNTY SHERIFFS OFFICE,SCANDIA,9/1/2026 2:41:55 PM,WC26044661,"21XXX  OLDFIELD AVE N, SCANDIA",MEDICAL
WASHINGTON COUNTY SHERIFFS OFFICE,SCANDIA,9/2/2026 12:00:00 AM,WC26044961,"MANNING TRL N / 215TH STREET CT N, SCANDIA",TRAFFIC STOP
WASHINGTON COUNTY SHERIFFS OFFICE,SCANDIA,9/2/2026 5:07:43 PM,WC26044907,"21XXX  MEADOWBROOK CIR N, SCANDIA",CIVIL MATTER/DISPUTE
WASHINGTON COUNTY SHERIFFS OFFICE,SCANDIA,9/3/2026 5:43:13 PM,WC26045108,"21XXX  MEADOWBROOK CIR N, SCANDIA",CIVIL MATTER/DISPUTE
WASHINGTON COUNTY SHERIFFS OFFICE,SCANDIA,9/3/2026 11:33:11 PM,WC26045164,"18XXX  - 19498 OLINDA TRL N, SCANDIA",ROAD HAZARD
WASHINGTON COUNTY SHERIFFS OFFICE,SCANDIA,9/4/2026 1:46:02 AM,WC26045176,"18XXX  - 18498 MANNING TRL N, SCANDIA",ROAD HAZARD
WASHINGTON COUNTY SHERIFFS OFFICE,STILLWATER,8/30/2026 10:47:59 AM,WC26044262,"MANNING AVE N / 62ND ST N, STILLWATER",ACCIDENT
WASHINGTON COUNTY SHERIFFS OFFICE,STILLWATER,8/31/2026 2:54:29 PM,WC26044458,"15XXX  62ND ST N, STILLWATER",FOLLOW UP
WASHINGTON COUNTY SHERIFFS OFFICE,STILLWATER,8/31/2026 6:47:34 PM,WC26044490,"15XXX  62ND ST N, STILLWATER",CIVIL MATTER/DISPUTE
WASHINGTON COUNTY SHERIFFS OFFICE,STILLWATER,9/1/2026 3:30:28 PM,WC26044671,"15XXX  62ND ST N, STILLWATER",FOLLOW UP
WASHINGTON COUNTY SHERIFFS OFFICE,STILLWATER,9/2/2026 11:03:36 AM,WC26044849,"15XXX  62ND ST N, STILLWATER",CITIZEN/PUBLIC ASSIST
WASHINGTON COUNTY SHERIFFS OFFICE,STILLWATER,9/2/2026 12:48:44 PM,WC26044865,"15XXX  62ND ST N, STILLWATER",OFFICER INFORMATION
WASHINGTON COUNTY SHERIFFS OFFICE,STILLWATER,9/2/2026 2:03:07 PM,WC26044874,"15XXX  62ND ST N, STILLWATER",FOLLOW UP
WASHINGTON COUNTY SHERIFFS OFFICE,STILLWATER,9/2/2026 2:08:31 PM,WC26044878,"14XXX  62ND ST N, STILLWATER",FOLLOW UP
WASHINGTON COUNTY SHERIFFS OFFICE,STILLWATER,9/3/2026 2:18:59 PM,WC26045080,"15XXX  62ND ST N, STILLWATER",DANCO VIOLATION
WASHINGTON COUNTY SHERIFFS OFFICE,STILLWATER,9/3/2026 7:29:13 PM,WC26045127,"XXX SYCAMORE ST W, STILLWATER",CIVIL MATTER/DISPUTE
WASHINGTON COUNTY SHERIFFS OFFICE,STILLWATER TOWNSHIP,8/30/2026 12:08:27 PM,WC26044268,"BOOM SITE, STILLWATER TOWNSHIP",CITIZEN/PUBLIC ASSIST
WASHINGTON COUNTY SHERIFFS OFFICE,STILLWATER TOWNSHIP,8/30/2026 12:57:20 PM,WC26044274,"SAINT CROIX SCENIC OVERLOOK, STILLWATER TOWNSHIP",CITIZEN/PUBLIC ASSIST
WASHINGTON COUNTY SHERIFFS OFFICE,STILLWATER TOWNSHIP,8/31/2026 12:26:42 PM,WC26044424,"HWY 36 EB AT MANNING AVE N, STILLWATER TOWNSHIP",TRAFFIC COMPLAINT
WASHINGTON COUNTY SHERIFFS OFFICE,STILLWATER TOWNSHIP,8/31/2026 2:54:22 PM,WC26044455,"XX BOOM SITE, STILLWATER TOWNSHIP",FIRE
WASHINGTON COUNTY SHERIFFS OFFICE,STILLWATER TOWNSHIP,9/2/2026 10:15:00 AM,WC26044825,"DELLWOOD RD N & NORELL AVE N, STILLWATER TOWNSHIP",TRAFFIC STOP
WASHINGTON COUNTY SHERIFFS OFFICE,STILLWATER TOWNSHIP,9/3/2026 7:35:41 AM,WC26044989,"Dellwood Rd N / Stonebridge Trl N, STILLWATER TOWNSHIP",TRAFFIC STOP
WASHINGTON COUNTY SHERIFFS OFFICE,STILLWATER TOWNSHIP,9/3/2026 9:13:02 AM,WC26045003,"11XXX  Saint Croix Trl N, STILLWATER TOWNSHIP",MEDICAL
WASHINGTON COUNTY SHERIFFS OFFICE,STILLWATER TOWNSHIP,9/3/2026 3:24:13 PM,WC26045087,"11XXX  - 11998 NORELL AVE N, STILLWATER TOWNSHIP",PARK INCIDENT-CITY/COUNTY
WASHINGTON COUNTY SHERIFFS OFFICE,WEST LAKELAND TOWNSHIP,8/30/2026 4:51:48 AM,WC26044238,"14XXX  21ST ST N, WEST LAKELAND TOWNSHIP",MEDICAL
WASHINGTON COUNTY SHERIFFS OFFICE,WEST LAKELAND TOWNSHIP,8/30/2026 3:39:19 PM,WC26044294,"STAGECOACH TRL N / HUDSON RD N, WEST LAKELAND TOWNSHIP",CITIZEN/PUBLIC ASSIST
WASHINGTON COUNTY SHERIFFS OFFICE,WEST LAKELAND TOWNSHIP,8/30/2026 8:31:52 PM,WC26044328,"XXX STAGECOACH TRL N, WEST LAKELAND TOWNSHIP",MEDICAL
WASHINGTON COUNTY SHERIFFS OFFICE,WEST LAKELAND TOWNSHIP,8/31/2026 10:54:00 AM,WC26044406,"I94 / STAGECOACH TRL N, WEST LAKELAND TOWNSHIP",TRAFFIC STOP
WASHINGTON COUNTY SHERIFFS OFFICE,WEST LAKELAND TOWNSHIP,8/31/2026 11:52:00 AM,WC26044418,"I94 / STAGECOACH TRL N, WEST LAKELAND TOWNSHIP",TRAFFIC STOP
WASHINGTON COUNTY SHERIFFS OFFICE,WEST LAKELAND TOWNSHIP,8/31/2026 12:52:45 PM,WC26044432,"15XXX  HUDSON BLVD N, WEST LAKELAND TOWNSHIP",SUSPICIOUS PERSON/ACTIVITY
WASHINGTON COUNTY SHERIFFS OFFICE,WEST LAKELAND TOWNSHIP,8/31/2026 4:26:00 PM,WC26044470,"I94 WB JEO STAGECOACH AVE N, WEST LAKELAND TOWNSHIP",TRAFFIC STOP
WASHINGTON COUNTY SHERIFFS OFFICE,WEST LAKELAND TOWNSHIP,9/1/2026 9:17:05 AM,WC26044597,"2XXX  - 2892 STAGECOACH TRL N, WEST LAKELAND TOWNSHIP",DIRECTED PATROL
WASHINGTON COUNTY SHERIFFS OFFICE,WEST LAKELAND TOWNSHIP,9/1/2026 11:14:39 AM,WC26044624,"15XXX  PAINTERS LN N, WEST LAKELAND TOWNSHIP",ALARM-BUSINESS/RES/FIRE/MEDICAL/ETC
WASHINGTON COUNTY SHERIFFS OFFICE,WEST LAKELAND TOWNSHIP,9/1/2026 4:02:10 PM,WC26044676,"Unknown, WEST LAKELAND TOWNSHIP",FOLLOW UP
WASHINGTON COUNTY SHERIFFS OFFICE,WEST LAKELAND TOWNSHIP,9/1/2026 6:25:38 PM,WC26044696,"13XXX  10TH ST N, WEST LAKELAND TOWNSHIP",FRAUD/SCAM
WASHINGTON COUNTY SHERIFFS OFFICE,WEST LAKELAND TOWNSHIP,9/1/2026 7:12:22 PM,WC26044706,"2XXX  NORTHRIDGE LN N, WEST LAKELAND TOWNSHIP",911 ABANDONED/HANGUP/OPEN LINE
WASHINGTON COUNTY SHERIFFS OFFICE,WEST LAKELAND TOWNSHIP,9/1/2026 7:34:06 PM,WC26044709,"NEAL AVE N / 20TH ST N, WEST LAKELAND TOWNSHIP",DRIVING COMPLAINT
WASHINGTON COUNTY SHERIFFS OFFICE,WEST LAKELAND TOWNSHIP,9/1/2026 7:46:08 PM,WC26044710,"14XXX  INTERSTATE 94, WEST LAKELAND TOWNSHIP",SUSPICIOUS PERSON/ACTIVITY
WASHINGTON COUNTY SHERIFFS OFFICE,WEST LAKELAND TOWNSHIP,9/2/2026 6:52:33 PM,WC26044927,"2XXX  ORIOLE AVE N, WEST LAKELAND TOWNSHIP",DISTURBANCE
WASHINGTON COUNTY SHERIFFS OFFICE,WEST LAKELAND TOWNSHIP,9/3/2026 9:46:58 PM,WC26045144,"12XXX  9TH STREET CT N, WEST LAKELAND TOWNSHIP",ANIMAL COMPLAINT
WASHINGTON COUNTY SHERIFFS OFFICE,WILLERNIE,8/31/2026 8:21:21 AM,WC26044382,"XXX DERBY LN, WILLERNIE",ALARM-BUSINESS/RES/FIRE/MEDICAL/ETC
WASHINGTON COUNTY SHERIFFS OFFICE,WILLERNIE,9/1/2026 9:00:42 AM,WC26044587,"STILLWATER RD / WILDWOOD RD, WILLERNIE",ANIMAL COMPLAINT
WASHINGTON COUNTY SHERIFFS OFFICE,WILLERNIE,9/2/2026 6:16:00 AM,WC26044775,"XXX WARNER AVE S, WILLERNIE",MEDICAL
WASHINGTON COUNTY SHERIFFS OFFICE,WILLERNIE,9/3/2026 4:23:43 PM,WC26045097,"XXX CHIPPENHAM LN, WILLERNIE",CITIZEN/PUBLIC ASSIST
WASHINGTON COUNTY SHERIFFS OFFICE,WILLERNIE,9/4/2026 12:11:38 AM,WC26045166,"XXX SARGENT RD, WILLERNIE",ANIMAL COMPLAINT
WASHINGTON COUNTY SHERIFFS OFFICE,WOODBURY,8/30/2026 6:14:53 AM,WC26044243,"11XXX  MIDDLETON TRL, WOODBURY",CIVIL MATTER/DISPUTE
WASHINGTON COUNTY SHERIFFS OFFICE,WOODBURY,8/30/2026 9:23:50 AM,WC26044257,"MANNING AVE S / 50TH ST S, WOODBURY",TRAFFIC COMPLAINT
WASHINGTON COUNTY SHERIFFS OFFICE,WOODBURY,8/30/2026 9:27:19 AM,WC26044258,"11XXX  MIDDLETON TRL, WOODBURY",CIVIL MATTER/DISPUTE
WASHINGTON COUNTY SHERIFFS OFFICE,WOODBURY,8/31/2026 12:23:00 PM,WC26044423,"I94, WOODBURY",TRAFFIC STOP
WASHINGTON COUNTY SHERIFFS OFFICE,WOODBURY,8/31/2026 12:34:00 PM,WC26044426,"I94 WB TO CENTURY AVE RAMP, WOODBURY",TRAFFIC STOP
WASHINGTON COUNTY SHERIFFS OFFICE,WOODBURY,8/31/2026 12:43:00 PM,WC26044428,"I94 WB E of Century, WOODBURY",TRAFFIC STOP
WASHINGTON COUNTY SHERIFFS OFFICE,WOODBURY,8/31/2026 1:11:55 PM,WC26044435,"CITY WALK DR / HUDSON RD, WOODBURY",TRAFFIC STOP
WASHINGTON COUNTY SHERIFFS OFFICE,WOODBURY,8/31/2026 3:06:40 PM,WC26044459,"3XXX  WILLIAMSBURG BAY, WOODBURY",JUDGES ORDER
WASHINGTON COUNTY SHERIFFS OFFICE,WOODBURY,8/31/2026 4:03:26 PM,WC26044467,"VALLEY CREEK RD / WOODBURY DR, WOODBURY",MOTORIST ASSIST
WASHINGTON COUNTY SHERIFFS OFFICE,WOODBURY,9/1/2026 11:14:41 PM,WC26044739,"I94 WB AT KEATS AVE N, WOODBURY",ASSIST OTHER AGENCY
WASHINGTON COUNTY SHERIFFS OFFICE,WOODBURY,9/2/2026 5:29:05 PM,WC26044909,"XXX ELAN CT, WOODBURY",CIVIL MATTER/DISPUTE
WASHINGTON COUNTY SHERIFFS OFFICE,WOODBURY,9/2/2026 10:31:00 PM,WC26044964,"MANNING AVE S / DALE RD, WOODBURY",TRAFFIC STOP
WASHINGTON COUNTY SHERIFFS OFFICE,WOODBURY,9/4/2026 10:57:42 AM,WC26045235,"I94 EB AT WOODBURY DR, WOODBURY",SUICIDE ATTEMPT/THREATS OF
WASHINGTON COUNTY SHERIFFS OFFICE,WOODBURY,9/5/2026 3:43:00 PM,WC26045476,"10XXX  HUDSON RD, WOODBURY",TRAFFIC STOP
WOODBURY PUBLIC SAFETY,OAKDALE,9/5/2026 5:08:33 PM,WB26036944,"I694 NB AT 4TH ST N, OAKDALE",ASSIST OTHER AGENCY
WOODBURY PUBLIC SAFETY,WOODBURY,8/30/2026 1:32:13 AM,WB26035905,"10XXX  ARROWWOOD TRL, WOODBURY",JUVENILE COMPLAINT
WOODBURY PUBLIC SAFETY,WOODBURY,8/30/2026 3:04:00 AM,WB26035907,"XXX - 111 WOODBURY DR, WOODBURY",WARRANT ARREST
WOODBURY PUBLIC SAFETY,WOODBURY,8/30/2026 5:21:45 AM,WB26035911,"10XXX  GRAND FOREST LN, WOODBURY",PROBATION VIOLATION
WOODBURY PUBLIC SAFETY,WOODBURY,8/30/2026 6:51:23 AM,WB26035913,"4XXX  AIRLAKE DR, WOODBURY",SUSPICIOUS PERSON/ACTIVITY
WOODBURY PUBLIC SAFETY,WOODBURY,8/30/2026 10:37:13 AM,WB26035924,"3XXX  DAKOTA AVE, WOODBURY",ANIMAL COMPLAINT
WOODBURY PUBLIC SAFETY,WOODBURY,8/30/2026 3:44:23 PM,WB26035954,"9XXX  HUDSON PL, WOODBURY",DISTURBANCE
WOODBURY PUBLIC SAFETY,WOODBURY,8/30/2026 4:29:49 PM,WB26035961,"XXX Weir Dr, WOODBURY",WARRANT ARREST
WOODBURY PUBLIC SAFETY,WOODBURY,8/30/2026 6:30:31 PM,WB26035975,"VALLEY CREEK RD / COLBY LAKE DR, WOODBURY",ACCIDENT
WOODBURY PUBLIC SAFETY,WOODBURY,8/30/2026 9:27:28 PM,WB26035999,"8XXX  TAMARACK VLG, WOODBURY",ACCIDENT
WOODBURY PUBLIC SAFETY,WOODBURY,8/30/2026 11:24:12 PM,WB26036015,"WOODBURY DR / DALE RD, WOODBURY",ACCIDENT
WOODBURY PUBLIC SAFETY,WOODBURY,8/30/2026 11:24:29 PM,WB26036017,"6XXX  ASHWOOD RD, WOODBURY",TRESPASSING
WOODBURY PUBLIC SAFETY,WOODBURY,8/31/2026 1:20:37 AM,WB26036025,"3XXX  HAZEL TRL, WOODBURY",SUSPICIOUS PERSON/ACTIVITY
WOODBURY PUBLIC SAFETY,WOODBURY,8/31/2026 9:09:23 AM,WB26036046,"5XXX  AIRLAKE DRAW, WOODBURY",HARASSMENT
WOODBURY PUBLIC SAFETY,WOODBURY,8/31/2026 9:25:53 AM,WB26036052,"4XXX  BENJAMIN DR, WOODBURY",FRAUD/SCAM
WOODBURY PUBLIC SAFETY,WOODBURY,8/31/2026 9:25:53 AM,WB26036061,"4XXX  BENJAMIN DR, WOODBURY",FRAUD/SCAM
WOODBURY PUBLIC SAFETY,WOODBURY,8/31/2026 9:44:40 AM,WB26036055,"2XXX  WOODLANE DR, WOODBURY",PROPERTY DAMAGE
WOODBURY PUBLIC SAFETY,WOODBURY,8/31/2026 10:44:44 AM,WB26036066,"6XXX  LAKE ROAD TER, WOODBURY",RECOVERED STOLEN
WOODBURY PUBLIC SAFETY,WOODBURY,8/31/2026 12:18:58 PM,WB26036079,"2XXX  OJIBWAY DR, WOODBURY",FOUND PROPERTY/ITEM
WOODBURY PUBLIC SAFETY,WOODBURY,8/31/2026 12:48:22 PM,WB26036086,"7XXX  STEEPLEVIEW RD, WOODBURY",TRESPASSING
WOODBURY PUBLIC SAFETY,WOODBURY,8/31/2026 12:56:42 PM,WB26036091,"7XXX  VALLEY CREEK PLZ, WOODBURY",ACCIDENT
WOODBURY PUBLIC SAFETY,WOODBURY,8/31/2026 2:01:47 PM,WB26036108,"10XXX  CITY WALK DR, WOODBURY",WELFARE CHECK
WOODBURY PUBLIC SAFETY,WOODBURY,8/31/2026 2:16:32 PM,WB26036113,"2XXX  OJIBWAY DR, WOODBURY",LOST PROPERTY/ITEM
WOODBURY PUBLIC SAFETY,WOODBURY,8/31/2026 2:34:53 PM,WB26036119,"BENJAMIN DR / Hargis Pkwy, WOODBURY",LOST PROPERTY/ITEM
WOODBURY PUBLIC SAFETY,WOODBURY,8/31/2026 2:58:17 PM,WB26036129,"8XXX  TAMARACK VLG, WOODBURY",SHOPLIFTING
WOODBURY PUBLIC SAFETY,WOODBURY,8/31/2026 3:32:22 PM,WB26036141,"XXX LAKE VIEW DR, WOODBURY",WELFARE CHECK
WOODBURY PUBLIC SAFETY,WOODBURY,8/31/2026 4:06:06 PM,WB26036147,"9XXX  HUDSON PL, WOODBURY",PROPERTY DAMAGE
WOODBURY PUBLIC SAFETY,WOODBURY,8/31/2026 4:37:35 PM,WB26036158,"2XXX  WIMBLEDON DR, WOODBURY",CIVIL MATTER/DISPUTE
WOODBURY PUBLIC SAFETY,WOODBURY,8/31/2026 4:40:31 PM,WB26036160,"11XXX  BROOKVIEW RD, WOODBURY",DISTURBANCE
WOODBURY PUBLIC SAFETY,WOODBURY,8/31/2026 5:19:45 PM,WB26036166,"7XXX  VALLEY CREEK PLZ, WOODBURY",ACCIDENT
WOODBURY PUBLIC SAFETY,WOODBURY,8/31/2026 6:15:25 PM,WB26036173,"9XXX  PRINCETON RD, WOODBURY",TRAFFIC COMPLAINT
WOODBURY PUBLIC SAFETY,WOODBURY,8/31/2026 6:50:21 PM,WB26036178,"8XXX  TAMARACK VLG, WOODBURY",TRESPASSING
WOODBURY PUBLIC SAFETY,WOODBURY,8/31/2026 7:19:48 PM,WB26036181,"8XXX  TAMARACK VLG, WOODBURY",WARRANT ARREST
WOODBURY PUBLIC SAFETY,WOODBURY,8/31/2026 7:42:26 PM,WB26036185,"Unknown, WOODBURY",THREATS
WOODBURY PUBLIC SAFETY,WOODBURY,8/31/2026 8:20:36 PM,WB26036189,"6XXX  ASHWOOD RD, WOODBURY",ACCIDENT
WOODBURY PUBLIC SAFETY,WOODBURY,8/31/2026 9:24:01 PM,WB26036193,"4XXX  RADIO DR, WOODBURY",ACCIDENT
WOODBURY PUBLIC SAFETY,WOODBURY,9/1/2026 12:00:00 AM,WB26036200,"2XXX  - 2688 BRITTANY LN, WOODBURY",WARRANT ARREST
WOODBURY PUBLIC SAFETY,WOODBURY,9/1/2026 4:27:56 AM,WB26036205,"8XXX  - 8050 TAMARACK RD, WOODBURY",TRAFFIC STOP
WOODBURY PUBLIC SAFETY,WOODBURY,9/1/2026 4:41:56 AM,WB26036206,"10XXX  CITY WALK DRIVE , WOODBURY",ASSIST OTHER AGENCY
WOODBURY PUBLIC SAFETY,WOODBURY,9/1/2026 6:35:00 AM,WB26036210,"81XXX -8460 Tamarack Village, WOODBURY",UNWANTED PERSON/VEHICLE
WOODBURY PUBLIC SAFETY,WOODBURY,9/1/2026 8:17:00 AM,WB26036216,"CENTURY AVE / VALLEY CREEK RD, WOODBURY",ACCIDENT
WOODBURY PUBLIC SAFETY,WOODBURY,9/1/2026 8:28:29 AM,WB26036219,"Unknown, WOODBURY",HARASSMENT
WOODBURY PUBLIC SAFETY,WOODBURY,9/1/2026 9:35:48 AM,WB26036228,"FINLEY RD / Hope Rd, WOODBURY",TRAFFIC STOP
WOODBURY PUBLIC SAFETY,WOODBURY,9/1/2026 9:39:26 AM,WB26036230,"3XXX  DAKOTA AVE, WOODBURY",SUICIDE ATTEMPT/THREATS OF
WOODBURY PUBLIC SAFETY,WOODBURY,9/1/2026 10:23:00 AM,WB26036237,"2XXX  - 2351 RADIO DR, WOODBURY",TRAFFIC STOP
WOODBURY PUBLIC SAFETY,WOODBURY,9/1/2026 12:30:59 PM,WB26036271,"6XXX  MACBETH CIR, WOODBURY",DISTURBANCE
WOODBURY PUBLIC SAFETY,WOODBURY,9/1/2026 12:38:16 PM,WB26036273,"10XXX  HUDSON RD, WOODBURY",DISTURBANCE
WOODBURY PUBLIC SAFETY,WOODBURY,9/1/2026 12:42:59 PM,WB26036274,"9XXX  RED OAK TRL, WOODBURY",RUNAWAY
WOODBURY PUBLIC SAFETY,WOODBURY,9/1/2026 12:58:50 PM,WB26036277,"1XXX  - 1619 WOODLANE DR, WOODBURY",WARRANT ARREST
WOODBURY PUBLIC SAFETY,WOODBURY,9/1/2026 2:37:07 PM,WB26036305,"9XXX  Hudson Pl, WOODBURY",ACCIDENT
WOODBURY PUBLIC SAFETY,WOODBURY,9/1/2026 2:44:59 PM,WB26036307,"10XXX  BRIDGEWATER BAY, WOODBURY",DRIVING COMPLAINT
WOODBURY PUBLIC SAFETY,WOODBURY,9/1/2026 3:29:08 PM,WB26036315,"8XXX  HUDSON RD, WOODBURY",SHOPLIFTING
WOODBURY PUBLIC SAFETY,WOODBURY,9/1/2026 3:30:00 PM,WB26036298,"8XXX  blk Lake Rd, WOODBURY",WARRANT ARREST
WOODBURY PUBLIC SAFETY,WOODBURY,9/1/2026 4:44:14 PM,WB26036330,"XXX WEIR DR, WOODBURY",SUSPICIOUS PERSON/ACTIVITY
WOODBURY PUBLIC SAFETY,WOODBURY,9/1/2026 5:28:33 PM,WB26036344,"8XXX  TAMARACK VLG, WOODBURY",THEFT
WOODBURY PUBLIC SAFETY,WOODBURY,9/1/2026 6:45:38 PM,WB26036357,"6XXX  JENNY LN, WOODBURY",HARASSMENT
WOODBURY PUBLIC SAFETY,WOODBURY,9/1/2026 8:04:15 PM,WB26036363,"6XXX  ASHWOOD RD, WOODBURY",TRAFFIC STOP
WOODBURY PUBLIC SAFETY,WOODBURY,9/1/2026 8:45:32 PM,WB26036366,"10XXX  KILBIRNIE RD, WOODBURY",REQUEST FOR EMERGENCY EXAM - 72 HR HOLD
WOODBURY PUBLIC SAFETY,WOODBURY,9/1/2026 9:19:18 PM,WB26036371,"7XXX  CURRELL BLVD, WOODBURY",DISTURBANCE
WOODBURY PUBLIC SAFETY,WOODBURY,9/1/2026 11:11:05 PM,WB26036384,"9XXX  CITY PLACE BLVD, WOODBURY",WELFARE CHECK
WOODBURY PUBLIC SAFETY,WOODBURY,9/1/2026 11:13:57 PM,WB26036385,"1XXX  REGATTA DR, WOODBURY",DISTURBANCE
WOODBURY PUBLIC SAFETY,WOODBURY,9/2/2026 10:45:13 AM,WB26036436,"2XXX  WOODLANE DR, WOODBURY",ACCIDENT
WOODBURY PUBLIC SAFETY,WOODBURY,9/2/2026 10:58:39 AM,WB26036441,"2XXX  WIMBLEDON DR, WOODBURY",FLEEING
WOODBURY PUBLIC SAFETY,WOODBURY,9/2/2026 11:05:54 AM,WB26036444,"11XXX  DALE RD, WOODBURY",ANIMAL COMPLAINT
WOODBURY PUBLIC SAFETY,WOODBURY,9/2/2026 11:14:25 AM,WB26036443,"7XXX  - 7618 BAILEY RD, WOODBURY",TRAFFIC STOP
WOODBURY PUBLIC SAFETY,WOODBURY,9/2/2026 11:18:59 AM,WB26036446,"11XXX  IVYWOOD CIR, WOODBURY",CIVIL MATTER/DISPUTE
WOODBURY PUBLIC SAFETY,WOODBURY,9/2/2026 12:49:41 PM,WB26036463,"2XXX  KINGS TER, WOODBURY",CIVIL MATTER/DISPUTE
WOODBURY PUBLIC SAFETY,WOODBURY,9/2/2026 12:56:35 PM,WB26036465,"VALLEY CREEK RD / WOODBURY DR, WOODBURY",TRAFFIC STOP
WOODBURY PUBLIC SAFETY,WOODBURY,9/2/2026 12:58:51 PM,WB26036467,"8XXX  TAMARACK VLG, WOODBURY",ACCIDENT
WOODBURY PUBLIC SAFETY,WOODBURY,9/2/2026 2:13:15 PM,WB26036477,"7XXX  CURRELL BLVD, WOODBURY",TRESPASS NOTICE
WOODBURY PUBLIC SAFETY,WOODBURY,9/2/2026 3:26:24 PM,WB26036492,"XXX COMMERCE DR, WOODBURY",SHOPLIFTING
WOODBURY PUBLIC SAFETY,WOODBURY,9/2/2026 3:30:05 PM,WB26036494,"7XXX  LAKE RD, WOODBURY",DEATH
WOODBURY PUBLIC SAFETY,WOODBURY,9/2/2026 4:33:47 PM,WB26036508,"XXX BIELENBERG DR, WOODBURY",ACCIDENT
WOODBURY PUBLIC SAFETY,WOODBURY,9/2/2026 5:14:48 PM,WB26036520,"LAKE RD / Caswell Dr, WOODBURY",DWI
WOODBURY PUBLIC SAFETY,WOODBURY,9/2/2026 5:30:45 PM,WB26036522,"TAMARACK RD, WOODBURY",TRAFFIC STOP
WOODBURY PUBLIC SAFETY,WOODBURY,9/2/2026 8:07:45 PM,WB26036542,"HUDSON RD / SPRING HILL DR, WOODBURY",ACCIDENT
WOODBURY PUBLIC SAFETY,WOODBURY,9/2/2026 8:22:24 PM,WB26036543,"6XXX  ASHWOOD RD, WOODBURY",BURGLARY
WOODBURY PUBLIC SAFETY,WOODBURY,9/2/2026 8:24:00 PM,WB26036545,"1XXX  QUEENS DR, WOODBURY",ROBBERY
WOODBURY PUBLIC SAFETY,WOODBURY,9/2/2026 8:59:16 PM,WB26036547,"XXX WOODBURY DR, WOODBURY",ACCIDENT
WOODBURY PUBLIC SAFETY,WOODBURY,9/2/2026 9:22:34 PM,WB26036548,"7XXX  HARGIS PKWY, WOODBURY",DISORDERLY CONDUCT
WOODBURY PUBLIC SAFETY,WOODBURY,9/3/2026 2:08:27 AM,WB26036565,"9XXX  HUDSON RD, WOODBURY",THEFT
WOODBURY PUBLIC SAFETY,WOODBURY,9/3/2026 8:13:25 AM,WB26036577,"VALLEY CREEK RD OVER I494, WOODBURY",ACCIDENT
WOODBURY PUBLIC SAFETY,WOODBURY,9/3/2026 8:22:12 AM,WB26036580,"EAGLE VIEW CIR / EAGLE VIEW BLVD, WOODBURY",THEFT FROM MOTOR VEHICLE
WOODBURY PUBLIC SAFETY,WOODBURY,9/3/2026 10:38:32 AM,WB26036603,"8XXX  TAMARACK RD, WOODBURY",ASSIST OTHER AGENCY
WOODBURY PUBLIC SAFETY,WOODBURY,9/3/2026 10:59:14 AM,WB26036610,"7XXX  - 7399 GUIDER DR, WOODBURY",DANCO VIOLATION
WOODBURY PUBLIC SAFETY,WOODBURY,9/3/2026 11:16:04 AM,WB26036614,"WOODBURY DR / DALE RD, WOODBURY",ACCIDENT
WOODBURY PUBLIC SAFETY,WOODBURY,9/3/2026 11:34:14 AM,WB26036615,"7XXX  TAMARACK RD, WOODBURY",LOST PROPERTY/ITEM
WOODBURY PUBLIC SAFETY,WOODBURY,9/3/2026 11:57:11 AM,WB26036619,"PIONEER DR / STONEBROOKE TRL, WOODBURY",TRAFFIC STOP
WOODBURY PUBLIC SAFETY,WOODBURY,9/3/2026 11:59:19 AM,WB26036621,"3XXX  WILLIAMSBURG BAY, WOODBURY",ASSIST OTHER AGENCY
WOODBURY PUBLIC SAFETY,WOODBURY,9/3/2026 12:54:25 PM,WB26036636,"4XXX  BLAKE WAY, WOODBURY",DUMPING COMPLAINT
WOODBURY PUBLIC SAFETY,WOODBURY,9/3/2026 2:47:01 PM,WB26036653,"7XXX  VALLEY CREEK PLZ, WOODBURY",SHOPLIFTING
WOODBURY PUBLIC SAFETY,WOODBURY,9/3/2026 2:54:03 PM,WB26036656,"7XXX  TAMARACK RD, WOODBURY",OFFICER INFORMATION
WOODBURY PUBLIC SAFETY,WOODBURY,9/3/2026 2:57:13 PM,WB26036657,"3XXX  JUNIPER LN, WOODBURY",ACCIDENT
WOODBURY PUBLIC SAFETY,WOODBURY,9/3/2026 3:00:32 PM,WB26036661,"6XXX  UPPER AFTON CIR, WOODBURY",LOST PROPERTY/ITEM
WOODBURY PUBLIC SAFETY,WOODBURY,9/3/2026 3:45:17 PM,WB26036666,"RADIO DR / SEASONS PKWY, WOODBURY",TRAFFIC STOP
WOODBURY PUBLIC SAFETY,WOODBURY,9/3/2026 3:59:17 PM,WB26036669,"1XXX  WEXFORD WAY, WOODBURY",ACCIDENT
WOODBURY PUBLIC SAFETY,WOODBURY,9/3/2026 5:11:22 PM,WB26036684,"7XXX  CURRELL BLVD, WOODBURY",TRESPASSING
WOODBURY PUBLIC SAFETY,WOODBURY,9/3/2026 5:18:02 PM,WB26036686,"1XXX  COLBY LAKE DR, WOODBURY",SUICIDE ATTEMPT/THREATS OF
WOODBURY PUBLIC SAFETY,WOODBURY,9/3/2026 5:41:23 PM,WB26036688,"XXX KAREN DR, WOODBURY",CHILD CUSTODY
WOODBURY PUBLIC SAFETY,WOODBURY,9/3/2026 5:43:20 PM,WB26036691,"10XXX  DANCING WATERS PKWY, WOODBURY",HARASSMENT
WOODBURY PUBLIC SAFETY,WOODBURY,9/3/2026 5:50:45 PM,WB26036690,"1XXX  CENTURY CIR, WOODBURY",WELFARE CHECK
WOODBURY PUBLIC SAFETY,WOODBURY,9/3/2026 6:02:36 PM,WB26036692,"XXX COMMERCE DR, WOODBURY",FOUND PERSON
WOODBURY PUBLIC SAFETY,WOODBURY,9/3/2026 6:20:00 PM,WB26036695,"1XXX  QUEENS DR, WOODBURY",THEFT
WOODBURY PUBLIC SAFETY,WOODBURY,9/3/2026 8:20:00 PM,WB26036712,"1XXX  QUEENS DR, WOODBURY",SHOPLIFTING
WOODBURY PUBLIC SAFETY,WOODBURY,9/3/2026 8:49:12 PM,WB26036716,"7XXX  HARGIS PKWY, WOODBURY",JUVENILE COMPLAINT
WOODBURY PUBLIC SAFETY,WOODBURY,9/3/2026 10:10:42 PM,WB26036724,"9XXX  PRINCETON CT, WOODBURY",DISTURBANCE
WOODBURY PUBLIC SAFETY,WOODBURY,9/3/2026 10:43:19 PM,WB26036725,"RADIO DR / VALLEY CREEK RD, WOODBURY",TRAFFIC COMPLAINT
WOODBURY PUBLIC SAFETY,WOODBURY,9/3/2026 11:00:33 PM,WB26036726,"2XXX  VINING DR, WOODBURY",CIVIL MATTER/DISPUTE
WOODBURY PUBLIC SAFETY,WOODBURY,9/3/2026 11:28:14 PM,WB26036727,"2XXX  TOWER CT, WOODBURY",SUSPICIOUS PERSON/ACTIVITY
WOODBURY PUBLIC SAFETY,WOODBURY,9/4/2026 1:22:51 AM,WB26036731,"2XXX  HEMLOCK BLVD, WOODBURY",RUNAWAY
WOODBURY PUBLIC SAFETY,WOODBURY,9/4/2026 2:57:16 AM,WB26036736,"7XXX  CAYENNE PLZ W, WOODBURY",MISSING PERSON
WOODBURY PUBLIC SAFETY,WOODBURY,9/4/2026 8:10:14 AM,WB26036746,"6XXX  THAMES RD, WOODBURY",CHILD CUSTODY
WOODBURY PUBLIC SAFETY,WOODBURY,9/4/2026 8:32:37 AM,WB26036750,"XXX LAKE VIEW DR, WOODBURY",HARASSMENT
WOODBURY PUBLIC SAFETY,WOODBURY,9/4/2026 8:40:05 AM,WB26036752,"1XXX  PARKWOOD DR, WOODBURY",MOTOR VEHICLE THEFT
WOODBURY PUBLIC SAFETY,WOODBURY,9/4/2026 8:54:16 AM,WB26036755,"8XXX  SPRING LN, WOODBURY",ACCIDENT
WOODBURY PUBLIC SAFETY,WOODBURY,9/4/2026 10:08:06 AM,WB26036761,"10XXX  HUDSON RD, WOODBURY",ACCIDENT
WOODBURY PUBLIC SAFETY,WOODBURY,9/4/2026 10:57:42 AM,WB26036767,"I94 EB AT WOODBURY DR, WOODBURY",SUICIDE ATTEMPT/THREATS OF
WOODBURY PUBLIC SAFETY,WOODBURY,9/4/2026 11:29:31 AM,WB26036771,"XXX KAREN DR, WOODBURY",WELFARE CHECK
WOODBURY PUBLIC SAFETY,WOODBURY,9/4/2026 12:50:18 PM,WB26036784,"8XXX  TAMARACK VLG, WOODBURY",SHOPLIFTING
WOODBURY PUBLIC SAFETY,WOODBURY,9/4/2026 1:12:24 PM,WB26036788,"3XXX  COUNTRYSIDE CT, WOODBURY",CIVIL MATTER/DISPUTE
WOODBURY PUBLIC SAFETY,WOODBURY,9/4/2026 2:23:31 PM,WB26036791,"WOODLANE DR / VALLEY CREEK RD, WOODBURY",ACCIDENT
WOODBURY PUBLIC SAFETY,WOODBURY,9/4/2026 4:08:53 PM,WB26036804,"Unknown, WOODBURY",THEFT FROM MOTOR VEHICLE
WOODBURY PUBLIC SAFETY,WOODBURY,9/4/2026 4:26:00 PM,WB26036805,"XXX COMMERCE DR, WOODBURY",SHOPLIFTING
WOODBURY PUBLIC SAFETY,WOODBURY,9/4/2026 4:29:58 PM,WB26036806,"VALLEY CREEK PLZ, WOODBURY",ACCIDENT
WOODBURY PUBLIC SAFETY,WOODBURY,9/4/2026 5:40:37 PM,WB26036817,"8XXX  SAVANNA OAKS BAY, WOODBURY",DEATH INVESTIGATION
WOODBURY PUBLIC SAFETY,WOODBURY,9/4/2026 5:48:38 PM,WB26036818,"3XXX  WILLIAMSBURG BAY, WOODBURY",CIVIL MATTER/DISPUTE
WOODBURY PUBLIC SAFETY,WOODBURY,9/4/2026 7:41:17 PM,WB26036831,"9XXX  IRON HORSE RD, WOODBURY",BURGLARY
WOODBURY PUBLIC SAFETY,WOODBURY,9/4/2026 8:35:19 PM,WB26036837,"7XXX  CURRELL BLVD, WOODBURY",RUNAWAY
WOODBURY PUBLIC SAFETY,WOODBURY,9/4/2026 8:59:50 PM,WB26036840,"XX I94 WB JWO INWOOD AVE N, WOODBURY",DWI
WOODBURY PUBLIC SAFETY,WOODBURY,9/4/2026 9:39:32 PM,WB26036843,"9XXX  PRINCETON CT, WOODBURY",DISTURBANCE
WOODBURY PUBLIC SAFETY,WOODBURY,9/4/2026 10:20:17 PM,WB26036850,"4XXX  RADIO DR, WOODBURY",SUSPICIOUS PERSON/ACTIVITY
WOODBURY PUBLIC SAFETY,WOODBURY,9/4/2026 10:41:25 PM,WB26036852,"8XXX  ABERCROMBIE LN, WOODBURY",WELFARE CHECK
WOODBURY PUBLIC SAFETY,WOODBURY,9/5/2026 1:51:36 AM,WB26036871,"1XXX  TAMBERWOOD TRL, WOODBURY",RUNAWAY
WOODBURY PUBLIC SAFETY,WOODBURY,9/5/2026 8:26:17 AM,WB26036879,"Unknown, WOODBURY",WELFARE CHECK
WOODBURY PUBLIC SAFETY,WOODBURY,9/5/2026 8:26:56 AM,WB26036880,"1XXX  FALLBROOK LN, WOODBURY",MISSING PERSON
WOODBURY PUBLIC SAFETY,WOODBURY,9/5/2026 9:54:31 AM,WB26036885,"XXX RADIO DR, WOODBURY",DISTURBANCE
WOODBURY PUBLIC SAFETY,WOODBURY,9/5/2026 10:07:14 AM,WB26036887,"RADIO DR / MILITARY RD, WOODBURY",CRASH
WOODBURY PUBLIC SAFETY,WOODBURY,9/5/2026 10:39:19 AM,WB26036891,"XXX KAREN DR, WOODBURY",PROPERTY DAMAGE
WOODBURY PUBLIC SAFETY,WOODBURY,9/5/2026 11:35:47 AM,WB26036899,"9XXX  HUDSON PL, WOODBURY",ACCIDENT
WOODBURY PUBLIC SAFETY,WOODBURY,9/5/2026 11:48:47 AM,WB26036900,"XXX BIELENBERG DR, WOODBURY",ASSIST OTHER AGENCY
WOODBURY PUBLIC SAFETY,WOODBURY,9/5/2026 12:08:09 PM,WB26036903,"7XXX  COURTLY RD, WOODBURY",DISTURBANCE
WOODBURY PUBLIC SAFETY,WOODBURY,9/5/2026 1:18:01 PM,WB26036912,"WILES WAY / USEPPA TRL, WOODBURY",ACCIDENT
WOODBURY PUBLIC SAFETY,WOODBURY,9/5/2026 1:30:18 PM,WB26036913,"10XXX  DANCING WATERS PKWY, WOODBURY",SUSPICIOUS PERSON/ACTIVITY
WOODBURY PUBLIC SAFETY,WOODBURY,9/5/2026 2:18:58 PM,WB26036920,"9XXX  PRINCETON CIR, WOODBURY",OFFICER INFORMATION
WOODBURY PUBLIC SAFETY,WOODBURY,9/5/2026 3:57:28 PM,WB26036933,"XXX BIELENBERG DR, WOODBURY",ACCIDENT
WOODBURY PUBLIC SAFETY,WOODBURY,9/5/2026 4:35:42 PM,WB26036937,"7XXX  HARGIS PKWY, WOODBURY",THEFT FROM MOTOR VEHICLE
WOODBURY PUBLIC SAFETY,WOODBURY,9/5/2026 4:36:45 PM,WB26036938,"XXX RADIO DR, WOODBURY",SHOPLIFTING
WOODBURY PUBLIC SAFETY,WOODBURY,9/5/2026 5:16:57 PM,WB26036945,"4XXX  RADIO DR, WOODBURY",ACCIDENT
WOODBURY PUBLIC SAFETY,WOODBURY,9/5/2026 7:13:00 PM,WB26036960,"10XXX  GOLDEN EAGLE CIR, WOODBURY",DISORDERLY CONDUCT
WOODBURY PUBLIC SAFETY,WOODBURY,9/5/2026 8:10:57 PM,WB26036968,"7XXX  VALLEY CREEK PLZ, WOODBURY",THEFT
WOODBURY PUBLIC SAFETY,WOODBURY,9/5/2026 9:19:49 PM,WB26036976,"DALE RD / DALE ROAD CT, WOODBURY",ACCIDENT
WOODBURY PUBLIC SAFETY,WOODBURY,9/5/2026 9:31:32 PM,WB26036977,"XXX ELAN CT, WOODBURY",THEFT
WOODBURY PUBLIC SAFETY,WOODBURY,9/5/2026 10:51:29 PM,WB26036992,"CENTURY AVE N, WOODBURY",WARRANT ARREST

