AgencyName,Address_City_Description,CreatedOn1,CaseNum,Textbox28,EventDescription
BAYPORT POLICE DEPARTMENT,BAYPORT,7/5/2026 1:12:32 AM,BP26002176,"5TH AVE S, BAYPORT",DWI
BAYPORT POLICE DEPARTMENT,BAYPORT,7/5/2026 4:59:28 AM,BP26002177,"XX CENTRAL AVE, BAYPORT",PARK CLOSED
BAYPORT POLICE DEPARTMENT,BAYPORT,7/5/2026 12:25:09 PM,BP26002181,"XXX 3rd St N, BAYPORT",CHILD CUSTODY
BAYPORT POLICE DEPARTMENT,BAYPORT,7/5/2026 5:08:05 PM,BP26002186,"XXX 3rd St N, BAYPORT",CHILD CUSTODY
BAYPORT POLICE DEPARTMENT,BAYPORT,7/5/2026 9:15:20 PM,BP26002190,"XXX 3RD ST S, BAYPORT",ALARM-BUSINESS/RES/FIRE/MEDICAL/ETC
BAYPORT POLICE DEPARTMENT,BAYPORT,7/5/2026 9:49:06 PM,BP26002191,"XX CENTRAL AVE, BAYPORT",PARK CLOSED
BAYPORT POLICE DEPARTMENT,BAYPORT,7/5/2026 10:16:25 PM,BP26002192,"XXX - 398 MINNESOTA ST S, BAYPORT",DWI
BAYPORT POLICE DEPARTMENT,BAYPORT,7/6/2026 4:06:40 AM,BP26002193,"XXX Highway 95 N, BAYPORT",MEDICAL
BAYPORT POLICE DEPARTMENT,BAYPORT,7/6/2026 7:48:17 PM,BP26002197,"XXX 4th Ave N, BAYPORT",911 ABANDONED/HANGUP/OPEN LINE
BAYPORT POLICE DEPARTMENT,BAYPORT,7/6/2026 9:59:00 PM,BP26002199,"XXX Maine St N, BAYPORT",JUVENILE COMPLAINT
BAYPORT POLICE DEPARTMENT,BAYPORT,7/7/2026 1:06:36 AM,BP26002200,"XX CENTRAL AVE, BAYPORT",Park Close
BAYPORT POLICE DEPARTMENT,BAYPORT,7/7/2026 8:38:08 PM,BP26002204,"2ND AVE S / LAKE ST S, BAYPORT",FIRE
BAYPORT POLICE DEPARTMENT,BAYPORT,7/7/2026 9:48:21 PM,BP26002205,"XX CENTRAL AVE, BAYPORT",Park Close
BAYPORT POLICE DEPARTMENT,BAYPORT,7/7/2026 10:43:31 PM,BP26002206,"XXX Highway 95 N, BAYPORT",MEDICAL
BAYPORT POLICE DEPARTMENT,BAYPORT,7/8/2026 10:52:57 AM,BP26002210,"XXX - 498 MINNESOTA ST S, BAYPORT",TRAFFIC STOP
BAYPORT POLICE DEPARTMENT,BAYPORT,7/8/2026 11:44:00 AM,BP26002211,"HWY 95 / 10TH AVE N, BAYPORT",TRAFFIC STOP
BAYPORT POLICE DEPARTMENT,BAYPORT,7/8/2026 12:02:02 PM,BP26002212,"XXX 4th Ave N, BAYPORT",911 ABANDONED/HANGUP/OPEN LINE
BAYPORT POLICE DEPARTMENT,BAYPORT,7/8/2026 2:35:50 PM,BP26002213,"XXX - 599 5TH ST N, BAYPORT",PARKING COMPLAINT
BAYPORT POLICE DEPARTMENT,BAYPORT,7/8/2026 3:53:07 PM,BP26002215,"Unknown, BAYPORT",FOLLOW UP
BAYPORT POLICE DEPARTMENT,BAYPORT,7/8/2026 4:09:09 PM,BP26002216,"XXX Highway 95 N, BAYPORT",CITIZEN/PUBLIC ASSIST
BAYPORT POLICE DEPARTMENT,BAYPORT,7/8/2026 4:34:49 PM,BP26002217,"Unknown, BAYPORT",CITIZEN/PUBLIC ASSIST
BAYPORT POLICE DEPARTMENT,BAYPORT,7/8/2026 6:01:00 PM,BP26002218,"3rd St N / 7th Ave N, BAYPORT",TRAFFIC STOP
BAYPORT POLICE DEPARTMENT,BAYPORT,7/8/2026 8:09:21 PM,BP26002220,"XXX 4th Ave N, BAYPORT",FIRE
BAYPORT POLICE DEPARTMENT,BAYPORT,7/8/2026 8:54:03 PM,BP26002221,"XX CENTRAL AVE, BAYPORT",PARK CLOSED
BAYPORT POLICE DEPARTMENT,BAYPORT,7/9/2026 9:51:16 AM,BP26002224,"XXX Highway 95 N, BAYPORT",MEDICAL
BAYPORT POLICE DEPARTMENT,BAYPORT,7/9/2026 11:14:38 AM,BP26002227,"XXX 3rd St S, BAYPORT",911 ABANDONED/HANGUP/OPEN LINE
BAYPORT POLICE DEPARTMENT,BAYPORT,7/9/2026 11:36:33 AM,BP26002228,"XXX Highway 95 N, BAYPORT",ALARM-BUSINESS/RES/FIRE/MEDICAL/ETC
BAYPORT POLICE DEPARTMENT,BAYPORT,7/9/2026 10:18:17 PM,BP26002233,"XXX 4th St S, BAYPORT",SHOTS FIRED/SHOOTING COMPLAINT
BAYPORT POLICE DEPARTMENT,BAYPORT,7/9/2026 10:25:26 PM,BP26002234,"XXX 3rd St N, BAYPORT",DRIVING COMPLAINT
BAYPORT POLICE DEPARTMENT,BAYPORT,7/10/2026 12:33:47 AM,BP26002235,"XX CENTRAL AVE, BAYPORT",PARK CLOSED
BAYPORT POLICE DEPARTMENT,BAYPORT,7/10/2026 10:32:48 PM,BP26002240,"XX Central Ave, BAYPORT",FIREWORKS
BAYPORT POLICE DEPARTMENT,BAYPORT,7/10/2026 11:31:56 PM,BP26002241,"Hwy 95 / 3rd Ave S, BAYPORT",DWI
BAYPORT POLICE DEPARTMENT,BAYPORT,7/11/2026 3:34:36 AM,BP26002242,"CENTRAL AVE, BAYPORT",Park Close
BAYPORT POLICE DEPARTMENT,BAYPORT,7/11/2026 11:03:49 PM,BP26002251,"Hwy 95 At 5th Ave S, BAYPORT",TRAFFIC COMPLAINT
BAYPORT POLICE DEPARTMENT,LAKE ELMO,7/10/2026 1:51:17 AM,BP26002237,"HWY 36 WB JWO KEATS AVE N, LAKE ELMO",ASSIST OTHER AGENCY
BAYPORT POLICE DEPARTMENT,LAKE SAINT CROIX BEACH,7/5/2026 6:33:21 PM,BP26002187,"1XXX  Riviera Ave S, LAKE SAINT CROIX BEACH",ASSIST OTHER AGENCY
BAYPORT POLICE DEPARTMENT,LAKELAND,7/5/2026 1:53:58 PM,BP26002182,"SAINT CROIX TRL N / 8TH ST N, LAKELAND",ASSIST OTHER AGENCY
BAYPORT POLICE DEPARTMENT,OAK PARK HEIGHTS,7/5/2026 10:51:44 AM,BP26002178,"58TH ST N / STILLWATER BLVD N, OAK PARK HEIGHTS",ASSIST OTHER AGENCY
BAYPORT POLICE DEPARTMENT,OAK PARK HEIGHTS,7/5/2026 3:32:30 PM,BP26002184,"Hwy 36 Wb Jwo St Croix Crossing Bridge, OAK PARK HEIGHTS",ASSIST OTHER AGENCY
BAYPORT POLICE DEPARTMENT,OAK PARK HEIGHTS,7/6/2026 9:31:00 PM,BP26002198,"14XXX  60th St N, OAK PARK HEIGHTS",ASSIST OTHER AGENCY
BAYPORT POLICE DEPARTMENT,OAK PARK HEIGHTS,7/8/2026 9:30:02 AM,BP26002209,"13XXX  LOWER 59TH ST N, OAK PARK HEIGHTS",ASSIST OTHER AGENCY
BAYPORT POLICE DEPARTMENT,OAK PARK HEIGHTS,7/8/2026 6:33:56 PM,BP26002219,"5XXX  Osgood Ave N, OAK PARK HEIGHTS",ASSIST OTHER AGENCY
BAYPORT POLICE DEPARTMENT,OAK PARK HEIGHTS,7/8/2026 10:11:42 PM,BP26002222,"14XXX  UPPER 55th St N, OAK PARK HEIGHTS",ASSIST OTHER AGENCY
BAYPORT POLICE DEPARTMENT,OAK PARK HEIGHTS,7/9/2026 9:45:38 AM,BP26002225,"14XXX  58th St N, OAK PARK HEIGHTS",ASSIST OTHER AGENCY
BAYPORT POLICE DEPARTMENT,OAK PARK HEIGHTS,7/9/2026 10:51:59 AM,BP26002226,"5XXX  Nova Scotia Ave N, OAK PARK HEIGHTS",ASSIST OTHER AGENCY
BAYPORT POLICE DEPARTMENT,OAK PARK HEIGHTS,7/9/2026 3:22:27 PM,BP26002232,"HWY 36 EB OVER SAINT CROIX TRL N, OAK PARK HEIGHTS",ASSIST OTHER AGENCY
BAYPORT POLICE DEPARTMENT,OAK PARK HEIGHTS,7/11/2026 9:02:28 PM,BP26002250,"5XXX  Norell Ave N, OAK PARK HEIGHTS",ASSIST OTHER AGENCY
BAYPORT POLICE DEPARTMENT,STILLWATER,7/11/2026 4:29:36 AM,BP26002243,"HWY 36 WB AT GREELEY ST S, STILLWATER",ASSIST OTHER AGENCY
BAYPORT POLICE DEPARTMENT,WEST LAKELAND TOWNSHIP,7/5/2026 4:55:12 PM,BP26002185,"10TH ST N / MANNING AVE N, WEST LAKELAND TOWNSHIP",DRIVING COMPLAINT
COTTAGE GROVE POLICE DEPARTMENT,COTTAGE GROVE,7/5/2026 12:37:58 AM,CG26028965,"9XXX  Hamlet Ave S, COTTAGE GROVE",DISTURBANCE
COTTAGE GROVE POLICE DEPARTMENT,COTTAGE GROVE,7/5/2026 2:23:41 AM,CG26028982,"7XXX  Homestead Ave S, COTTAGE GROVE",MEDICAL
COTTAGE GROVE POLICE DEPARTMENT,COTTAGE GROVE,7/5/2026 2:49:51 AM,CG26028985,"11XXX  Manning Ave S, COTTAGE GROVE",DISTURBANCE
COTTAGE GROVE POLICE DEPARTMENT,COTTAGE GROVE,7/5/2026 7:59:13 AM,CG26028990,"7XXX  79th St S, COTTAGE GROVE",VEHICLE UNLOCK
COTTAGE GROVE POLICE DEPARTMENT,COTTAGE GROVE,7/5/2026 9:35:09 AM,CG26029003,"7XXX  Irish Ave S, COTTAGE GROVE",SUSPICIOUS PERSON/ACTIVITY
COTTAGE GROVE POLICE DEPARTMENT,COTTAGE GROVE,7/5/2026 10:47:22 AM,CG26029009,"8XXX  East Point Douglas Rd S, COTTAGE GROVE",ALARM-BUSINESS/RES/FIRE/MEDICAL/ETC
COTTAGE GROVE POLICE DEPARTMENT,COTTAGE GROVE,7/5/2026 10:56:00 AM,CG26029010,"7XXX  EAST POINT DOUGLAS RD S, COTTAGE GROVE",WARRANT ARREST
COTTAGE GROVE POLICE DEPARTMENT,COTTAGE GROVE,7/5/2026 12:43:42 PM,CG26029011,"8XXX  Indian Blvd S, COTTAGE GROVE",UNWANTED PERSON/VEHICLE
COTTAGE GROVE POLICE DEPARTMENT,COTTAGE GROVE,7/5/2026 1:13:12 PM,CG26029014,"7XXX  79th St S, COTTAGE GROVE",TRESPASSING
COTTAGE GROVE POLICE DEPARTMENT,COTTAGE GROVE,7/5/2026 2:10:02 PM,CG26029019,"Innsdale Ave S / 70th St S, COTTAGE GROVE",ACCIDENT
COTTAGE GROVE POLICE DEPARTMENT,COTTAGE GROVE,7/5/2026 3:09:42 PM,CG26029025,"6XXX  Jensen Alcove S, COTTAGE GROVE",MEDICAL
COTTAGE GROVE POLICE DEPARTMENT,COTTAGE GROVE,7/5/2026 3:17:20 PM,CG26029027,"6XXX  62nd Ct S, COTTAGE GROVE",WELFARE CHECK
COTTAGE GROVE POLICE DEPARTMENT,COTTAGE GROVE,7/5/2026 5:26:57 PM,CG26029054,"8XXX  Granada Ave S, COTTAGE GROVE",MEDICAL
COTTAGE GROVE POLICE DEPARTMENT,COTTAGE GROVE,7/5/2026 6:45:56 PM,CG26029064,"9XXX  East Point Douglas Rd S, COTTAGE GROVE",SHOPLIFTING
COTTAGE GROVE POLICE DEPARTMENT,COTTAGE GROVE,7/5/2026 6:47:06 PM,CG26029066,"6XXX  Pine Arbor Dr S, COTTAGE GROVE",SUSPICIOUS PERSON/ACTIVITY
COTTAGE GROVE POLICE DEPARTMENT,COTTAGE GROVE,7/5/2026 7:46:28 PM,CG26029074,"8XXX  GROSPOINT AVE S, COTTAGE GROVE",CITIZEN/PUBLIC ASSIST
COTTAGE GROVE POLICE DEPARTMENT,COTTAGE GROVE,7/5/2026 7:53:58 PM,CG26029075,"9XXX  75TH ST S, COTTAGE GROVE",ASSAULT
COTTAGE GROVE POLICE DEPARTMENT,COTTAGE GROVE,7/5/2026 8:52:22 PM,CG26029079,"6XXX  Hearthstone Ave S, COTTAGE GROVE",MEDICAL
COTTAGE GROVE POLICE DEPARTMENT,COTTAGE GROVE,7/5/2026 10:46:17 PM,CG26029094,"9XXX  Indian Blvd S, COTTAGE GROVE",DISORDERLY CONDUCT
COTTAGE GROVE POLICE DEPARTMENT,COTTAGE GROVE,7/6/2026 3:01:55 AM,CG26029100,"8XXX  100th St S, COTTAGE GROVE",MEDICAL
COTTAGE GROVE POLICE DEPARTMENT,COTTAGE GROVE,7/6/2026 9:00:48 AM,CG26029102,"9XXX  Hillside Trl S, COTTAGE GROVE",THEFT
COTTAGE GROVE POLICE DEPARTMENT,COTTAGE GROVE,7/6/2026 9:11:25 AM,CG26029103,"9XXX  75th St S, COTTAGE GROVE",ASSAULT
COTTAGE GROVE POLICE DEPARTMENT,COTTAGE GROVE,7/6/2026 10:31:28 AM,CG26029109,"7XXX  Hinton Ave S, COTTAGE GROVE",INCIDENT
COTTAGE GROVE POLICE DEPARTMENT,COTTAGE GROVE,7/6/2026 11:12:43 AM,CG26029125,"6XXX  Jeffery Ave S, COTTAGE GROVE",PROPERTY DAMAGE
COTTAGE GROVE POLICE DEPARTMENT,COTTAGE GROVE,7/6/2026 12:57:19 PM,CG26029133,"6XXX  Hyde Ave S, COTTAGE GROVE",MEDICAL
COTTAGE GROVE POLICE DEPARTMENT,COTTAGE GROVE,7/6/2026 1:08:38 PM,CG26029135,"6XXX  Jody Ave S, COTTAGE GROVE",MISSING PERSON
COTTAGE GROVE POLICE DEPARTMENT,COTTAGE GROVE,7/6/2026 1:21:27 PM,CG26029137,"9XXX  EAST POINT DOUGLAS RD S, COTTAGE GROVE",TRAFFIC STOP
COTTAGE GROVE POLICE DEPARTMENT,COTTAGE GROVE,7/6/2026 1:27:29 PM,CG26029139,"9XXX  75th St S, COTTAGE GROVE",FIGHT
COTTAGE GROVE POLICE DEPARTMENT,COTTAGE GROVE,7/6/2026 2:08:51 PM,CG26029142,"6XXX  Isle Ave S, COTTAGE GROVE",DUMPING COMPLAINT
COTTAGE GROVE POLICE DEPARTMENT,COTTAGE GROVE,7/6/2026 3:58:41 PM,CG26029166,"HARDWOOD AVE S / 80TH ST S, COTTAGE GROVE",PURSUIT
COTTAGE GROVE POLICE DEPARTMENT,COTTAGE GROVE,7/6/2026 5:00:16 PM,CG26029179,"6XXX  East Point Douglas Rd S, COTTAGE GROVE",DEATH
COTTAGE GROVE POLICE DEPARTMENT,COTTAGE GROVE,7/6/2026 5:04:38 PM,CG26029183,"Keats Ave S / 80th St S, COTTAGE GROVE",INCIDENT
COTTAGE GROVE POLICE DEPARTMENT,COTTAGE GROVE,7/6/2026 5:34:40 PM,CG26029191,"7XXX  East Point Douglas Rd S, COTTAGE GROVE",ACCIDENT
COTTAGE GROVE POLICE DEPARTMENT,COTTAGE GROVE,7/6/2026 5:59:23 PM,CG26029190,"7XXX  Joplin Ave S, COTTAGE GROVE",MEDICAL
COTTAGE GROVE POLICE DEPARTMENT,COTTAGE GROVE,7/6/2026 8:24:01 PM,CG26029207,"7XXX  Hearthside Ave S, COTTAGE GROVE",HARASSMENT
COTTAGE GROVE POLICE DEPARTMENT,COTTAGE GROVE,7/6/2026 9:09:27 PM,CG26029211,"7XXX  Aspen Cv S, COTTAGE GROVE",THEFT
COTTAGE GROVE POLICE DEPARTMENT,COTTAGE GROVE,7/7/2026 12:00:40 AM,CG26029267,"8XXX  Ironwood Ave S, COTTAGE GROVE",MEDICAL
COTTAGE GROVE POLICE DEPARTMENT,COTTAGE GROVE,7/7/2026 5:18:52 AM,CG26029270,"7XXX  Hemingway Ave S, COTTAGE GROVE",FRAUD/SCAM
COTTAGE GROVE POLICE DEPARTMENT,COTTAGE GROVE,7/7/2026 10:59:38 AM,CG26029296,"Granada Ave S / 70th St S, COTTAGE GROVE",PARKING VIOLATION
COTTAGE GROVE POLICE DEPARTMENT,COTTAGE GROVE,7/7/2026 11:36:00 AM,CG26029303,"7XXX  HARDWOOD CT S, COTTAGE GROVE",TRAFFIC STOP
COTTAGE GROVE POLICE DEPARTMENT,COTTAGE GROVE,7/7/2026 11:41:03 AM,CG26029304,"7XXX  Jasmine Ave S, COTTAGE GROVE",MEDICAL
COTTAGE GROVE POLICE DEPARTMENT,COTTAGE GROVE,7/7/2026 1:00:21 PM,CG26029313,"7XXX  - 7998 HARDWOOD AVE S, COTTAGE GROVE",PROPERTY DAMAGE
COTTAGE GROVE POLICE DEPARTMENT,COTTAGE GROVE,7/7/2026 1:39:20 PM,CG26029318,"6XXX  Idsen Ave S, COTTAGE GROVE",MEDICAL
COTTAGE GROVE POLICE DEPARTMENT,COTTAGE GROVE,7/7/2026 2:06:21 PM,CG26029320,"7XXX  East Point Douglas Rd S, COTTAGE GROVE",PROPERTY DAMAGE
COTTAGE GROVE POLICE DEPARTMENT,COTTAGE GROVE,7/7/2026 2:33:28 PM,CG26029322,"79th St S / Hinton Ave S, COTTAGE GROVE",FAMILY ASSIST
COTTAGE GROVE POLICE DEPARTMENT,COTTAGE GROVE,7/7/2026 3:57:54 PM,CG26029328,"6XXX  Pine Arbor Dr S, COTTAGE GROVE",MEDICAL
COTTAGE GROVE POLICE DEPARTMENT,COTTAGE GROVE,7/7/2026 4:09:10 PM,CG26029330,"8XXX  East Point Douglas Rd S, COTTAGE GROVE",VEHICLE UNLOCK
COTTAGE GROVE POLICE DEPARTMENT,COTTAGE GROVE,7/7/2026 4:15:09 PM,CG26029331,"8XXX  69th St S, COTTAGE GROVE",CIVIL MATTER/DISPUTE
COTTAGE GROVE POLICE DEPARTMENT,COTTAGE GROVE,7/7/2026 6:11:00 PM,CG26029357,"INNOVATION RD TO HWY 61 NB RAMP, COTTAGE GROVE",TRAFFIC STOP
COTTAGE GROVE POLICE DEPARTMENT,COTTAGE GROVE,7/7/2026 8:32:00 PM,CG26029369,"HWY 61 NB JSO 70TH ST S, COTTAGE GROVE",DWI
COTTAGE GROVE POLICE DEPARTMENT,COTTAGE GROVE,7/7/2026 9:47:00 PM,CG26029376,"Hadley Ave S / Belden Blvd S, COTTAGE GROVE",WELFARE CHECK
COTTAGE GROVE POLICE DEPARTMENT,COTTAGE GROVE,7/8/2026 2:17:46 AM,CG26029386,"6XXX  Janero Bay S, COTTAGE GROVE",MEDICAL
COTTAGE GROVE POLICE DEPARTMENT,COTTAGE GROVE,7/8/2026 8:06:26 AM,CG26029400,"7XXX  - 7992 HINTON AVE S, COTTAGE GROVE",TRAFFIC STOP
COTTAGE GROVE POLICE DEPARTMENT,COTTAGE GROVE,7/8/2026 9:51:24 AM,CG26029407,"8XXX  Hillside Trl S, COTTAGE GROVE",PROPERTY DAMAGE
COTTAGE GROVE POLICE DEPARTMENT,COTTAGE GROVE,7/8/2026 11:15:48 AM,CG26029424,"6XXX  80th St S, COTTAGE GROVE",MEDICAL
COTTAGE GROVE POLICE DEPARTMENT,COTTAGE GROVE,7/8/2026 12:11:22 PM,CG26029428,"7XXX  HYDE AVE S, COTTAGE GROVE",DRIVING COMPLAINT
COTTAGE GROVE POLICE DEPARTMENT,COTTAGE GROVE,7/8/2026 12:49:51 PM,CG26029432,"6XXX  80th St S, COTTAGE GROVE",MEDICAL
COTTAGE GROVE POLICE DEPARTMENT,COTTAGE GROVE,7/8/2026 1:45:16 PM,CG26029444,"8XXX  EAST POINT DOUGLAS RD S, COTTAGE GROVE",TRAFFIC STOP
COTTAGE GROVE POLICE DEPARTMENT,COTTAGE GROVE,7/8/2026 2:11:00 PM,CG26029452,"9XXX  East Point Douglas Rd S, COTTAGE GROVE",THEFT
COTTAGE GROVE POLICE DEPARTMENT,COTTAGE GROVE,7/8/2026 3:01:53 PM,CG26029454,"7XXX  Jocelyn Bay S, COTTAGE GROVE",COERCION
COTTAGE GROVE POLICE DEPARTMENT,COTTAGE GROVE,7/8/2026 3:19:51 PM,CG26029459,"6XXX  94TH ST S, COTTAGE GROVE",THREATS
COTTAGE GROVE POLICE DEPARTMENT,COTTAGE GROVE,7/8/2026 5:50:42 PM,CG26029474,"8XXX  Joliet Ave S, COTTAGE GROVE",ASSIST OTHER AGENCY
COTTAGE GROVE POLICE DEPARTMENT,COTTAGE GROVE,7/8/2026 8:40:00 PM,CG26029488,"6XXX  East Point Douglas Rd S, COTTAGE GROVE",MEDICAL
COTTAGE GROVE POLICE DEPARTMENT,COTTAGE GROVE,7/8/2026 9:51:16 PM,CG26029512,"6XXX  East Point Douglas Rd S, COTTAGE GROVE",MEDICAL
COTTAGE GROVE POLICE DEPARTMENT,COTTAGE GROVE,7/8/2026 11:10:47 PM,CG26029538,"8XXX  East Point Douglas Rd S, COTTAGE GROVE",DISTURBANCE
COTTAGE GROVE POLICE DEPARTMENT,COTTAGE GROVE,7/9/2026 7:04:26 AM,CG26029560,"9XXX  Jarrod Ave S, COTTAGE GROVE",WELFARE CHECK
COTTAGE GROVE POLICE DEPARTMENT,COTTAGE GROVE,7/9/2026 8:50:18 AM,CG26029571,"8XXX  Jergen Ave S, COTTAGE GROVE",MEDICAL
COTTAGE GROVE POLICE DEPARTMENT,COTTAGE GROVE,7/9/2026 9:15:42 AM,CG26029576,"8XXX  Inman Ave S, COTTAGE GROVE",MEDICAL
COTTAGE GROVE POLICE DEPARTMENT,COTTAGE GROVE,7/9/2026 9:48:27 AM,CG26029579,"6XXX  Pine Crest Trl S, COTTAGE GROVE",WELFARE CHECK
COTTAGE GROVE POLICE DEPARTMENT,COTTAGE GROVE,7/9/2026 10:06:37 AM,CG26029583,"7XXX  East Point Douglas Rd S, COTTAGE GROVE",ALARM-BUSINESS/RES/FIRE/MEDICAL/ETC
COTTAGE GROVE POLICE DEPARTMENT,COTTAGE GROVE,7/9/2026 10:39:45 AM,CG26029586,"7XXX  Janero Ave S, COTTAGE GROVE",THEFT
COTTAGE GROVE POLICE DEPARTMENT,COTTAGE GROVE,7/9/2026 11:02:48 AM,CG26029590,"7XXX  East Point Douglas Rd S, COTTAGE GROVE",MEDICAL
COTTAGE GROVE POLICE DEPARTMENT,COTTAGE GROVE,7/9/2026 11:17:45 AM,CG26029593,"7XXX  80TH ST S, COTTAGE GROVE",TRAFFIC STOP
COTTAGE GROVE POLICE DEPARTMENT,COTTAGE GROVE,7/9/2026 11:51:00 AM,CG26029596,"8XXX  West Point Douglas Rd S, COTTAGE GROVE",VEHICLE UNLOCK
COTTAGE GROVE POLICE DEPARTMENT,COTTAGE GROVE,7/9/2026 1:25:25 PM,CG26029610,"8XXX  Hamlet Ave S, COTTAGE GROVE",MEDICAL
COTTAGE GROVE POLICE DEPARTMENT,COTTAGE GROVE,7/9/2026 1:37:10 PM,CG26029612,"8XXX  Jergen Ave S, COTTAGE GROVE",CIVIL MATTER/DISPUTE
COTTAGE GROVE POLICE DEPARTMENT,COTTAGE GROVE,7/9/2026 2:36:35 PM,CG26029628,"9XXX  Ravine Pkwy S, COTTAGE GROVE",MEDICAL
COTTAGE GROVE POLICE DEPARTMENT,COTTAGE GROVE,7/9/2026 3:26:57 PM,CG26029644,"8XXX  81st St S, COTTAGE GROVE",MEDICAL
COTTAGE GROVE POLICE DEPARTMENT,COTTAGE GROVE,7/9/2026 3:29:39 PM,CG26029646,"Hinton Ave S / 69th St S, COTTAGE GROVE",ACCIDENT
COTTAGE GROVE POLICE DEPARTMENT,COTTAGE GROVE,7/9/2026 4:11:15 PM,CG26029658,"6XXX  80th St S, COTTAGE GROVE",MEDICAL
COTTAGE GROVE POLICE DEPARTMENT,COTTAGE GROVE,7/9/2026 5:06:49 PM,CG26029667,"6XXX  80th St S, COTTAGE GROVE",MEDICAL
COTTAGE GROVE POLICE DEPARTMENT,COTTAGE GROVE,7/9/2026 5:37:42 PM,CG26029675,"9XXX  90th St S, COTTAGE GROVE",CIVIL MATTER/DISPUTE
COTTAGE GROVE POLICE DEPARTMENT,COTTAGE GROVE,7/9/2026 5:44:17 PM,CG26029677,"9XXX  Hale Ave S, COTTAGE GROVE",DISTURBANCE
COTTAGE GROVE POLICE DEPARTMENT,COTTAGE GROVE,7/9/2026 5:47:01 PM,CG26029678,"7XXX  East Point Douglas Rd S, COTTAGE GROVE",TRESPASSING
COTTAGE GROVE POLICE DEPARTMENT,COTTAGE GROVE,7/9/2026 5:56:54 PM,CG26029679,"8XXX  77th St S, COTTAGE GROVE",MISSING PERSON
COTTAGE GROVE POLICE DEPARTMENT,COTTAGE GROVE,7/9/2026 7:05:00 PM,CG26029695,"6XXX  East Point Douglas Rd S, COTTAGE GROVE",MEDICAL
COTTAGE GROVE POLICE DEPARTMENT,COTTAGE GROVE,7/9/2026 8:48:30 PM,CG26029711,"6XXX  80th St S, COTTAGE GROVE",HARASSMENT
COTTAGE GROVE POLICE DEPARTMENT,COTTAGE GROVE,7/9/2026 9:13:00 PM,CG26029716,"8XXX  EAST POINT DOUGLAS RD S, COTTAGE GROVE",RECOVERED STOLEN
COTTAGE GROVE POLICE DEPARTMENT,COTTAGE GROVE,7/9/2026 9:43:58 PM,CG26029723,"7XXX  Jonathan Ave S, COTTAGE GROVE",MEDICAL
COTTAGE GROVE POLICE DEPARTMENT,COTTAGE GROVE,7/9/2026 9:44:34 PM,CG26029724,"8XXX  83rd Street Ct S, COTTAGE GROVE",FRAUD/SCAM
COTTAGE GROVE POLICE DEPARTMENT,COTTAGE GROVE,7/9/2026 9:49:01 PM,CG26029727,"Unknown, COTTAGE GROVE",CIVIL MATTER/DISPUTE
COTTAGE GROVE POLICE DEPARTMENT,COTTAGE GROVE,7/9/2026 11:08:16 PM,CG26029738,"8XXX  Hinton Ave S, COTTAGE GROVE",OFFICER INFORMATION
COTTAGE GROVE POLICE DEPARTMENT,COTTAGE GROVE,7/10/2026 12:45:08 AM,CG26029756,"10XXX  Grey Cloud Trl S, COTTAGE GROVE",ASSIST OTHER AGENCY
COTTAGE GROVE POLICE DEPARTMENT,COTTAGE GROVE,7/10/2026 6:39:32 AM,CG26029761,"9XXX  East Point Douglas Rd S, COTTAGE GROVE",WELFARE CHECK
COTTAGE GROVE POLICE DEPARTMENT,COTTAGE GROVE,7/10/2026 7:39:00 AM,CG26029765,"8XXX  GREENWAY AVE S, COTTAGE GROVE",TRAFFIC STOP
COTTAGE GROVE POLICE DEPARTMENT,COTTAGE GROVE,7/10/2026 7:48:16 AM,CG26029766,"Innovation Rd S Over Hwy 61, COTTAGE GROVE",ACCIDENT
COTTAGE GROVE POLICE DEPARTMENT,COTTAGE GROVE,7/10/2026 8:02:16 AM,CG26029767,"Hardwood Ave S / 70th St S, COTTAGE GROVE",ACCIDENT
COTTAGE GROVE POLICE DEPARTMENT,COTTAGE GROVE,7/10/2026 8:54:31 AM,CG26029771,"6XXX  94th St S, COTTAGE GROVE",MEDICAL
COTTAGE GROVE POLICE DEPARTMENT,COTTAGE GROVE,7/10/2026 10:09:14 AM,CG26029773,"9XXX  INDIAN BLVD S, COTTAGE GROVE",FOLLOW UP
COTTAGE GROVE POLICE DEPARTMENT,COTTAGE GROVE,7/10/2026 11:24:37 AM,CG26029790,"8XXX  GOODVIEW AVE S, COTTAGE GROVE",WARRANT ARREST
COTTAGE GROVE POLICE DEPARTMENT,COTTAGE GROVE,7/10/2026 11:35:45 AM,CG26029797,"9XXX  Harkness Ave S, COTTAGE GROVE",SUSPICIOUS PERSON/ACTIVITY
COTTAGE GROVE POLICE DEPARTMENT,COTTAGE GROVE,7/10/2026 12:03:21 PM,CG26029800,"10XXX  Heron Ave S, COTTAGE GROVE",CIVIL MATTER/DISPUTE
COTTAGE GROVE POLICE DEPARTMENT,COTTAGE GROVE,7/10/2026 12:48:39 PM,CG26029802,"7XXX  EAST POINT DOUGLAS RD S, COTTAGE GROVE",SHOPLIFTING
COTTAGE GROVE POLICE DEPARTMENT,COTTAGE GROVE,7/10/2026 1:15:29 PM,CG26029807,"9XXX  85th St S, COTTAGE GROVE",MEDICAL
COTTAGE GROVE POLICE DEPARTMENT,COTTAGE GROVE,7/10/2026 1:56:16 PM,CG26029817,"7XXX  HARDWOOD AVE S, COTTAGE GROVE",WARRANT ARREST
COTTAGE GROVE POLICE DEPARTMENT,COTTAGE GROVE,7/10/2026 2:59:39 PM,CG26029822,"85th St S / Grospoint Ave S, COTTAGE GROVE",ABANDONED VEHICLE
COTTAGE GROVE POLICE DEPARTMENT,COTTAGE GROVE,7/10/2026 5:16:23 PM,CG26029854,"7XXX  Hardwood Ct S, COTTAGE GROVE",WARRANT ARREST
COTTAGE GROVE POLICE DEPARTMENT,COTTAGE GROVE,7/10/2026 7:55:15 PM,CG26029863,"8XXX  East Point Douglas Rd S, COTTAGE GROVE",VEHICLE UNLOCK
COTTAGE GROVE POLICE DEPARTMENT,COTTAGE GROVE,7/10/2026 8:20:00 PM,CG26029864,"8XXX  Foothill Rd S, COTTAGE GROVE",MEDICAL
COTTAGE GROVE POLICE DEPARTMENT,COTTAGE GROVE,7/10/2026 10:43:18 PM,CG26029887,"8XXX  72nd St S, COTTAGE GROVE",DISTURBANCE
COTTAGE GROVE POLICE DEPARTMENT,COTTAGE GROVE,7/10/2026 11:38:57 PM,CG26029894,"8XXX  77th St S, COTTAGE GROVE",MEDICAL
COTTAGE GROVE POLICE DEPARTMENT,COTTAGE GROVE,7/11/2026 2:06:01 AM,CG26029901,"7XXX  Iverson Ave S, COTTAGE GROVE",MEDICAL
COTTAGE GROVE POLICE DEPARTMENT,COTTAGE GROVE,7/11/2026 6:40:17 AM,CG26029907,"8XXX  Greystone Ave S, COTTAGE GROVE",SUSPICIOUS PERSON/ACTIVITY
COTTAGE GROVE POLICE DEPARTMENT,COTTAGE GROVE,7/11/2026 9:22:34 AM,CG26029914,"8XXX  Inwood Ave S, COTTAGE GROVE",OPEN DOOR/WINDOW
COTTAGE GROVE POLICE DEPARTMENT,COTTAGE GROVE,7/11/2026 10:08:00 AM,CG26029927,"10XXX  MANNING AVE S, COTTAGE GROVE",MEDICAL
COTTAGE GROVE POLICE DEPARTMENT,COTTAGE GROVE,7/11/2026 11:34:42 AM,CG26029943,"9XXX  East Point Douglas Rd S, COTTAGE GROVE",DISTURBANCE
COTTAGE GROVE POLICE DEPARTMENT,COTTAGE GROVE,7/11/2026 1:21:00 PM,CG26029951,"11XXX  Grey Cloud Trl S, COTTAGE GROVE",TRESPASSING
COTTAGE GROVE POLICE DEPARTMENT,COTTAGE GROVE,7/11/2026 6:55:23 PM,CG26029970,"7XXX  80th St S, COTTAGE GROVE",MEDICAL
COTTAGE GROVE POLICE DEPARTMENT,COTTAGE GROVE,7/11/2026 8:02:49 PM,CG26029975,"8XXX  Hamlet Ave S, COTTAGE GROVE",RUNAWAY
COTTAGE GROVE POLICE DEPARTMENT,COTTAGE GROVE,7/11/2026 10:06:30 PM,CG26029992,"8XXX  79th St S, COTTAGE GROVE",MEDICAL
COTTAGE GROVE POLICE DEPARTMENT,NEWPORT,7/11/2026 2:11:00 AM,CG26029902,"I494 and Bailey Dr, NEWPORT",DWI
COTTAGE GROVE POLICE DEPARTMENT,SAINT PAUL PARK,7/8/2026 11:06:03 AM,CG26029422,"XXX Pullman Ave, SAINT PAUL PARK",ASSIST OTHER AGENCY
FOREST LAKE POLICE DEPARTMENT,FOREST LAKE,7/5/2026 1:50:10 AM,FL26008701,"XXX 4TH AVE NW, FOREST LAKE",NOISE COMPLAINT/DISTURBANCE
FOREST LAKE POLICE DEPARTMENT,FOREST LAKE,7/5/2026 1:57:57 AM,FL26008702,"BROADWAY AVE W / 6TH ST NW, FOREST LAKE",CITIZEN/PUBLIC ASSIST
FOREST LAKE POLICE DEPARTMENT,FOREST LAKE,7/5/2026 9:29:00 AM,FL26008710,"1XXX  LAKE ST S, FOREST LAKE",OFFICER COMPLAINT
FOREST LAKE POLICE DEPARTMENT,FOREST LAKE,7/5/2026 1:16:55 PM,FL26008720,"XXX BROADWAY AVE W, FOREST LAKE",LOST PROPERTY/ITEM
FOREST LAKE POLICE DEPARTMENT,FOREST LAKE,7/5/2026 2:07:08 PM,FL26008723,"XX 7TH ST NW, FOREST LAKE",ASSAULT
FOREST LAKE POLICE DEPARTMENT,FOREST LAKE,7/5/2026 2:39:02 PM,FL26008724,"1XXX  4TH ST SW, FOREST LAKE",CIVIL MATTER/DISPUTE
FOREST LAKE POLICE DEPARTMENT,FOREST LAKE,7/5/2026 4:38:00 PM,FL26008729,"1XXX  4TH ST SE, FOREST LAKE",JUVENILE COMPLAINT
FOREST LAKE POLICE DEPARTMENT,FOREST LAKE,7/5/2026 5:37:00 PM,FL26008625,"BROADWAY AVE E & LAKE ST S, FOREST LAKE",FOUND PROPERTY/ITEM
FOREST LAKE POLICE DEPARTMENT,FOREST LAKE,7/5/2026 7:13:00 PM,FL26008741,"12TH ST SW & 3RD AVE SW, FOREST LAKE",TRAFFIC STOP
FOREST LAKE POLICE DEPARTMENT,FOREST LAKE,7/5/2026 8:27:20 PM,FL26008747,"XXX 12TH ST SW, FOREST LAKE",HARASSMENT
FOREST LAKE POLICE DEPARTMENT,FOREST LAKE,7/5/2026 8:30:00 PM,FL26008748,"12TH ST SW & 3RD AVE SW, FOREST LAKE",TRAFFIC STOP
FOREST LAKE POLICE DEPARTMENT,FOREST LAKE,7/5/2026 8:37:33 PM,FL26008749,"19XXX  ENGLISH AVE N, FOREST LAKE",OFP VIOLATION
FOREST LAKE POLICE DEPARTMENT,FOREST LAKE,7/5/2026 10:45:00 PM,FL26008757,"12TH ST SW & 11TH AVE SW, FOREST LAKE",TRAFFIC STOP
FOREST LAKE POLICE DEPARTMENT,FOREST LAKE,7/6/2026 1:49:00 PM,FL26008786,"90XXX -BLK NORTH SHORE DR, FOREST LAKE",TRAFFIC STOP
FOREST LAKE POLICE DEPARTMENT,FOREST LAKE,7/6/2026 5:04:31 PM,FL26008794,"XXX 12TH ST SW, FOREST LAKE",ACCIDENT
FOREST LAKE POLICE DEPARTMENT,FOREST LAKE,7/6/2026 7:53:47 PM,FL26008804,"XX Unknown, FOREST LAKE",CITIZEN/PUBLIC ASSIST
FOREST LAKE POLICE DEPARTMENT,FOREST LAKE,7/6/2026 8:37:46 PM,FL26008806,"Unknown, FOREST LAKE",ASSIST OTHER AGENCY
FOREST LAKE POLICE DEPARTMENT,FOREST LAKE,7/6/2026 8:53:19 PM,FL26008807,"XXX 12TH ST SW, FOREST LAKE",BOMB THREAT
FOREST LAKE POLICE DEPARTMENT,FOREST LAKE,7/6/2026 11:08:01 PM,FL26008811,"XXX 4TH ST SW, FOREST LAKE",RUNAWAY
FOREST LAKE POLICE DEPARTMENT,FOREST LAKE,7/7/2026 8:50:50 AM,FL26008817,"1XXX  LAKE ST S, FOREST LAKE",ASSIST OTHER AGENCY
FOREST LAKE POLICE DEPARTMENT,FOREST LAKE,7/7/2026 10:05:38 AM,FL26008821,"22XXX  HILO AVE N, FOREST LAKE",DISTURBANCE
FOREST LAKE POLICE DEPARTMENT,FOREST LAKE,7/7/2026 11:01:18 AM,FL26008825,"1XXX  LAKE ST S, FOREST LAKE",THEFT FROM MOTOR VEHICLE
FOREST LAKE POLICE DEPARTMENT,FOREST LAKE,7/7/2026 1:20:48 PM,FL26008835,"1XXX  LAKE ST S, FOREST LAKE",WELFARE CHECK
FOREST LAKE POLICE DEPARTMENT,FOREST LAKE,7/7/2026 3:16:13 PM,FL26008840,"FOREST RD N & 190TH ST N, FOREST LAKE",DRIVING COMPLAINT
FOREST LAKE POLICE DEPARTMENT,FOREST LAKE,7/7/2026 3:27:01 PM,FL26008842,"1XXX  LAKE ST S, FOREST LAKE",CITIZEN/PUBLIC ASSIST
FOREST LAKE POLICE DEPARTMENT,FOREST LAKE,7/7/2026 4:27:00 PM,FL26008850,"3RD AVE SW & 12TH ST SW, FOREST LAKE",TRAFFIC STOP
FOREST LAKE POLICE DEPARTMENT,FOREST LAKE,7/7/2026 7:14:05 PM,FL26008859,"XXX 12TH ST SW, FOREST LAKE",ACCIDENT
FOREST LAKE POLICE DEPARTMENT,FOREST LAKE,7/8/2026 11:14:18 AM,FL26008880,"23XXX  JENSEN AVE N, FOREST LAKE",BURGLARY
FOREST LAKE POLICE DEPARTMENT,FOREST LAKE,7/8/2026 3:17:11 PM,FL26008893,"XXX 12th St Sw, FOREST LAKE",PROPERTY DAMAGE
FOREST LAKE POLICE DEPARTMENT,FOREST LAKE,7/8/2026 6:23:46 PM,FL26008899,"XXX 12TH ST SW, FOREST LAKE",ACCIDENT
FOREST LAKE POLICE DEPARTMENT,FOREST LAKE,7/8/2026 6:36:22 PM,FL26008900,"BROADWAY AVE W & 12TH ST SW, FOREST LAKE",FOUND PROPERTY/ITEM
FOREST LAKE POLICE DEPARTMENT,FOREST LAKE,7/9/2026 8:21:00 AM,FL26008920,"NORTH SHORE TRL N & HAWTHORN AVE N, FOREST LAKE",TRAFFIC STOP
FOREST LAKE POLICE DEPARTMENT,FOREST LAKE,7/9/2026 8:33:53 AM,FL26008923,"20XXX  ENFIELD CT N, FOREST LAKE",FRAUD/SCAM
FOREST LAKE POLICE DEPARTMENT,FOREST LAKE,7/9/2026 9:00:00 AM,FL26008921,"1XXX  BROADWAY AVE W, FOREST LAKE",THEFT
FOREST LAKE POLICE DEPARTMENT,FOREST LAKE,7/9/2026 2:03:57 PM,FL26008936,"XX BROADWAY AVE E, FOREST LAKE",FOUND PROPERTY/ITEM
FOREST LAKE POLICE DEPARTMENT,FOREST LAKE,7/9/2026 6:46:28 PM,FL26008949,"4TH ST SW & BROADWAY AVE W, FOREST LAKE",ACCIDENT
FOREST LAKE POLICE DEPARTMENT,FOREST LAKE,7/10/2026 9:32:47 AM,FL26008976,"21XXX  KAROLINE CT N, FOREST LAKE",ANIMAL COMPLAINT
FOREST LAKE POLICE DEPARTMENT,FOREST LAKE,7/10/2026 9:41:42 AM,FL26008977,"1XXX  4TH ST SW, FOREST LAKE",SUICIDE ATTEMPT/THREATS OF
FOREST LAKE POLICE DEPARTMENT,FOREST LAKE,7/10/2026 12:55:43 PM,FL26008986,"1XXX  LAKE ST S, FOREST LAKE",FOUND PROPERTY/ITEM
FOREST LAKE POLICE DEPARTMENT,FOREST LAKE,7/10/2026 7:13:56 PM,FL26009014,"BROADWAY AVE W & EVERTON AVE N, FOREST LAKE",ACCIDENT
FOREST LAKE POLICE DEPARTMENT,FOREST LAKE,7/11/2026 1:42:50 AM,FL26009030,"LAKE BLVD N TO 2ND ST NW RAMP, FOREST LAKE",TRAFFIC STOP
FOREST LAKE POLICE DEPARTMENT,FOREST LAKE,7/11/2026 7:48:09 AM,FL26009033,"XXX 12th St Sw, FOREST LAKE",FOUND PERSON
FOREST LAKE POLICE DEPARTMENT,FOREST LAKE,7/11/2026 1:19:03 PM,FL26009047,"XXX LAKE ST S, FOREST LAKE",DISORDERLY CONDUCT
FOREST LAKE POLICE DEPARTMENT,FOREST LAKE,7/11/2026 2:55:16 PM,FL26009055,"XXX 12TH ST SW, FOREST LAKE",ACCIDENT
FOREST LAKE POLICE DEPARTMENT,FOREST LAKE,7/11/2026 7:06:05 PM,FL26009066,"XXX 12TH ST SW, FOREST LAKE",FOUND PROPERTY/ITEM
FOREST LAKE POLICE DEPARTMENT,FOREST LAKE,7/11/2026 9:19:03 PM,FL26009069,"LAKE ST S & 3RD AVE SW, FOREST LAKE",TRAFFIC STOP
FOREST LAKE POLICE DEPARTMENT,FOREST LAKE,7/11/2026 11:36:27 PM,FL26009073,"LAKE ST N & N SHORE DR, FOREST LAKE",ACCIDENT
OAKDALE POLICE DEPARTMENT,LAKE ELMO,7/9/2026 12:08:30 AM,OD26008616,"HWY 36 WB JWO KEATS AVE N, LAKE ELMO",TRAFFIC STOP
OAKDALE POLICE DEPARTMENT,LANDFALL,7/11/2026 7:35:59 PM,OD26008753,"XXX Dellwood Sq S, LANDFALL",ASSIST OTHER AGENCY
OAKDALE POLICE DEPARTMENT,OAKDALE,7/5/2026 12:32:30 AM,OD26008396,"XXX GREENWAY AVE N, OAKDALE",FIREWORKS
OAKDALE POLICE DEPARTMENT,OAKDALE,7/5/2026 12:32:57 AM,OD26008397,"7XXX  2ND ST N, OAKDALE",FIREWORKS
OAKDALE POLICE DEPARTMENT,OAKDALE,7/5/2026 2:32:45 AM,OD26008404,"6XXX  13th Street Ct N, OAKDALE",DISTURBANCE
OAKDALE POLICE DEPARTMENT,OAKDALE,7/5/2026 3:09:58 AM,OD26008405,"4XXX  Olson Lake Trl N, OAKDALE",MISSING PERSON
OAKDALE POLICE DEPARTMENT,OAKDALE,7/5/2026 5:32:08 AM,OD26008407,"7XXX  10th St N, OAKDALE",ALARM-BUSINESS/RES/FIRE/MEDICAL/ETC
OAKDALE POLICE DEPARTMENT,OAKDALE,7/5/2026 6:11:32 AM,OD26008408,"1XXX  Granada Ave N, OAKDALE",MEDICAL
OAKDALE POLICE DEPARTMENT,OAKDALE,7/5/2026 7:03:03 AM,OD26008409,"I694 Sb Jso Stillwater Blvd N, OAKDALE",ASSIST OTHER AGENCY
OAKDALE POLICE DEPARTMENT,OAKDALE,7/5/2026 8:13:16 AM,OD26008410,"XXX Glenbrook Ave N, OAKDALE",CITIZEN/PUBLIC ASSIST
OAKDALE POLICE DEPARTMENT,OAKDALE,7/5/2026 8:37:55 AM,OD26008411,"6XXX  Upper 46th St N, OAKDALE",PROPERTY DAMAGE
OAKDALE POLICE DEPARTMENT,OAKDALE,7/5/2026 10:27:47 AM,OD26008414,"XXX Inwood Ave N, OAKDALE",911 ABANDONED/HANGUP/OPEN LINE
OAKDALE POLICE DEPARTMENT,OAKDALE,7/5/2026 11:41:08 AM,OD26008413,"7XXX  15th Street Ln N, OAKDALE",FOUND PROPERTY/ITEM
OAKDALE POLICE DEPARTMENT,OAKDALE,7/5/2026 12:15:09 PM,OD26008415,"7XXX  31st St N, OAKDALE",911 ABANDONED/HANGUP/OPEN LINE
OAKDALE POLICE DEPARTMENT,OAKDALE,7/5/2026 1:40:13 PM,OD26008416,"7XXX  38TH ST N, OAKDALE",911 ABANDONED/HANGUP/OPEN LINE
OAKDALE POLICE DEPARTMENT,OAKDALE,7/5/2026 1:41:13 PM,OD26008417,"3XXX  Hadley Ave N, OAKDALE",MEDICAL
OAKDALE POLICE DEPARTMENT,OAKDALE,7/5/2026 2:03:29 PM,OD26008418,"1XXX  Hadley Ave N, OAKDALE",LIFT ASSIST
OAKDALE POLICE DEPARTMENT,OAKDALE,7/5/2026 2:15:00 PM,OD26008421,"5XXX  GENEVA AVE N, OAKDALE",TRAFFIC STOP
OAKDALE POLICE DEPARTMENT,OAKDALE,7/5/2026 2:56:41 PM,OD26008422,"7XXX  15th St N, OAKDALE",MEDICAL
OAKDALE POLICE DEPARTMENT,OAKDALE,7/5/2026 2:59:51 PM,OD26008423,"INWOOD AVE N / 3RD ST N, OAKDALE",ACCIDENT
OAKDALE POLICE DEPARTMENT,OAKDALE,7/5/2026 3:55:08 PM,OD26008424,"2XXX  Geneva Ave N, OAKDALE",PROPERTY DAMAGE
OAKDALE POLICE DEPARTMENT,OAKDALE,7/5/2026 4:14:36 PM,OD26008426,"2XXX  GENEVA AVE N, OAKDALE",TRAFFIC STOP
OAKDALE POLICE DEPARTMENT,OAKDALE,7/5/2026 5:43:49 PM,OD26008428,"1XXX  HILO AVE N, OAKDALE",FRAUD/SCAM
OAKDALE POLICE DEPARTMENT,OAKDALE,7/5/2026 6:55:03 PM,OD26008430,"4XXX  Goodwin Ave N, OAKDALE",MEDICAL
OAKDALE POLICE DEPARTMENT,OAKDALE,7/5/2026 7:58:29 PM,OD26008434,"7XXX  Upper 26th St N, OAKDALE",ANIMAL COMPLAINT
OAKDALE POLICE DEPARTMENT,OAKDALE,7/5/2026 8:28:55 PM,OD26008436,"8XXX  3rd St N, OAKDALE",ASSAULT
OAKDALE POLICE DEPARTMENT,OAKDALE,7/5/2026 9:06:07 PM,OD26008437,"XXX Inwood Ave N, OAKDALE",911 ABANDONED/HANGUP/OPEN LINE
OAKDALE POLICE DEPARTMENT,OAKDALE,7/5/2026 9:39:35 PM,OD26008441,"5XXX  Hadley Ave N, OAKDALE",SUSPICIOUS PERSON/ACTIVITY
OAKDALE POLICE DEPARTMENT,OAKDALE,7/5/2026 10:24:17 PM,OD26008445,"34TH ST N / IDEAL AVE N, OAKDALE",ACCIDENT
OAKDALE POLICE DEPARTMENT,OAKDALE,7/5/2026 10:35:25 PM,OD26008446,"7XXX  2nd ST N, OAKDALE",SUSPICIOUS PERSON/ACTIVITY
OAKDALE POLICE DEPARTMENT,OAKDALE,7/6/2026 12:09:47 AM,OD26008449," 7434 25TH ST N    , OAKDALE",MEDICAL
OAKDALE POLICE DEPARTMENT,OAKDALE,7/6/2026 1:04:42 AM,OD26008450,"7XXX  10TH ST N, OAKDALE",ALARM-BUSINESS/RES/FIRE/MEDICAL/ETC
OAKDALE POLICE DEPARTMENT,OAKDALE,7/6/2026 1:12:03 AM,OD26008451,"6XXX  15th St N, OAKDALE",ALARM-BUSINESS/RES/FIRE/MEDICAL/ETC
OAKDALE POLICE DEPARTMENT,OAKDALE,7/6/2026 3:08:20 AM,OD26008452,"1XXX  Glenbrook Ave N, OAKDALE",MEDICAL
OAKDALE POLICE DEPARTMENT,OAKDALE,7/6/2026 6:40:15 AM,OD26008453,"7XXX  23rd St N, OAKDALE",MEDICAL
OAKDALE POLICE DEPARTMENT,OAKDALE,7/6/2026 8:15:00 AM,OD26008455,"7XXX  50TH ST N, OAKDALE",TRAFFIC STOP
OAKDALE POLICE DEPARTMENT,OAKDALE,7/6/2026 8:45:28 AM,OD26008456,"1XXX  HILO AVE N, OAKDALE",WELFARE CHECK
OAKDALE POLICE DEPARTMENT,OAKDALE,7/6/2026 8:58:49 AM,OD26008457,"10th St N Over I694, OAKDALE",TRAFFIC COMPLAINT
OAKDALE POLICE DEPARTMENT,OAKDALE,7/6/2026 9:03:05 AM,OD26008458,"36th St N / Gresham Ave N, OAKDALE",PARKING COMPLAINT
OAKDALE POLICE DEPARTMENT,OAKDALE,7/6/2026 9:12:01 AM,OD26008459,"6XXX  STILLWATER BLVD N, OAKDALE",DISTURBANCE
OAKDALE POLICE DEPARTMENT,OAKDALE,7/6/2026 9:50:14 AM,OD26008460,"3XXX  HAYWARD AVE N, OAKDALE",PROPERTY DAMAGE
OAKDALE POLICE DEPARTMENT,OAKDALE,7/6/2026 11:03:36 AM,OD26008463,"5XXX  Hadley Ave N, OAKDALE",ANIMAL COMPLAINT
OAKDALE POLICE DEPARTMENT,OAKDALE,7/6/2026 11:43:46 AM,OD26008465,"6XXX  15TH ST N, OAKDALE",FOLLOW UP
OAKDALE POLICE DEPARTMENT,OAKDALE,7/6/2026 11:45:00 AM,OD26008464,"XXX GERSHWIN AVE N, OAKDALE",TRAFFIC STOP
OAKDALE POLICE DEPARTMENT,OAKDALE,7/6/2026 12:11:41 PM,OD26008469,"1XXX  Hadley Ave N, OAKDALE",ASSIGNED & CLEARED
OAKDALE POLICE DEPARTMENT,OAKDALE,7/6/2026 12:22:06 PM,OD26008470,"3XXX  GRANADA AVE N, OAKDALE",FOUND PROPERTY/ITEM
OAKDALE POLICE DEPARTMENT,OAKDALE,7/6/2026 12:52:00 PM,OD26008472,"1XXX  Gentry Ave N, OAKDALE",CITIZEN/PUBLIC ASSIST
OAKDALE POLICE DEPARTMENT,OAKDALE,7/6/2026 1:27:51 PM,OD26008473,"HELMO AVE N, OAKDALE",CITIZEN/PUBLIC ASSIST
OAKDALE POLICE DEPARTMENT,OAKDALE,7/6/2026 2:07:50 PM,OD26008474,"7XXX  UPPER 24TH ST N, OAKDALE",MEDICAL
OAKDALE POLICE DEPARTMENT,OAKDALE,7/6/2026 3:14:44 PM,OD26008479,"1XXX  HADLEY AVE N, OAKDALE",ALARM-BUSINESS/RES/FIRE/MEDICAL/ETC
OAKDALE POLICE DEPARTMENT,OAKDALE,7/6/2026 3:19:00 PM,OD26008480,"15TH ST N/HELMO AVE N, OAKDALE",TRAFFIC STOP
OAKDALE POLICE DEPARTMENT,OAKDALE,7/6/2026 4:26:58 PM,OD26008482,"XXX GRANITE AVE N, OAKDALE",ALARM-BUSINESS/RES/FIRE/MEDICAL/ETC
OAKDALE POLICE DEPARTMENT,OAKDALE,7/6/2026 5:08:59 PM,OD26008483,"XX I694 Eb Jeo Century Ave N, OAKDALE",ACCIDENT
OAKDALE POLICE DEPARTMENT,OAKDALE,7/6/2026 6:10:29 PM,OD26008487," 5635 Hadley Ave N, OAKDALE",SHOPLIFTING
OAKDALE POLICE DEPARTMENT,OAKDALE,7/6/2026 6:49:50 PM,OD26008490,"1XXX  Geneva Ave N, OAKDALE",SHOPLIFTING
OAKDALE POLICE DEPARTMENT,OAKDALE,7/6/2026 6:53:45 PM,OD26008488,"I694 EB JEO CENTURY AVE N, OAKDALE",CITIZEN/PUBLIC ASSIST
OAKDALE POLICE DEPARTMENT,OAKDALE,7/6/2026 7:03:18 PM,OD26008491,"6XXX  15TH ST N, OAKDALE",DRIVING COMPLAINT
OAKDALE POLICE DEPARTMENT,OAKDALE,7/6/2026 7:12:00 PM,OD26008489,"4XXX  GERSHWIN AVE N, OAKDALE",SUSPICIOUS PERSON/ACTIVITY
OAKDALE POLICE DEPARTMENT,OAKDALE,7/6/2026 7:19:59 PM,OD26008492,"8XXX  9th St N, OAKDALE",CITIZEN/PUBLIC ASSIST
OAKDALE POLICE DEPARTMENT,OAKDALE,7/6/2026 7:46:30 PM,OD26008494,"7XXX  15TH STREET LN N, OAKDALE",MEDICAL
OAKDALE POLICE DEPARTMENT,OAKDALE,7/6/2026 8:06:20 PM,OD26008495,"1XXX  Hadley Ave N, OAKDALE",CITIZEN/PUBLIC ASSIST
OAKDALE POLICE DEPARTMENT,OAKDALE,7/6/2026 8:16:47 PM,OD26008496,"1XXX  Hadley Ave N, OAKDALE",MEDICAL
OAKDALE POLICE DEPARTMENT,OAKDALE,7/6/2026 9:54:19 PM,OD26008501,"1XXX  HELMO AVE N, OAKDALE",FIREWORKS
OAKDALE POLICE DEPARTMENT,OAKDALE,7/6/2026 10:03:34 PM,OD26008502,"Hamlet Way N / Hamlet Ave N, OAKDALE",FIREWORKS
OAKDALE POLICE DEPARTMENT,OAKDALE,7/7/2026 12:25:48 AM,OD26008504," 5635 Hadley Ave N, OAKDALE",ALARM-BUSINESS/RES/FIRE/MEDICAL/ETC
OAKDALE POLICE DEPARTMENT,OAKDALE,7/7/2026 12:32:43 AM,OD26008505,"1XXX  GENTRY AVE N, OAKDALE",DANCO VIOLATION
OAKDALE POLICE DEPARTMENT,OAKDALE,7/7/2026 12:36:22 AM,OD26008506,"XXX Goodview Ave N, OAKDALE",WEATHER INCIDENT
OAKDALE POLICE DEPARTMENT,OAKDALE,7/7/2026 1:17:06 AM,OD26008507,"7XXX  Upper 20th St N, OAKDALE",MEDICAL
OAKDALE POLICE DEPARTMENT,OAKDALE,7/7/2026 3:25:00 AM,OD26008510,"3XXX  HAYWARD AVE N, OAKDALE",HARASSMENT
OAKDALE POLICE DEPARTMENT,OAKDALE,7/7/2026 7:02:53 AM,OD26008511,"2XXX  Hale Ave N, OAKDALE",ACCIDENT
OAKDALE POLICE DEPARTMENT,OAKDALE,7/7/2026 7:06:42 AM,OD26008512,"1XXX  Glenbrook Ave N, OAKDALE",911 ABANDONED/HANGUP/OPEN LINE
OAKDALE POLICE DEPARTMENT,OAKDALE,7/7/2026 8:09:35 AM,OD26008513,"6XXX  UPPER 23RD ST N, OAKDALE",BURGLARY
OAKDALE POLICE DEPARTMENT,OAKDALE,7/7/2026 8:15:27 AM,OD26008514,"6XXX  14th St N, OAKDALE",MEDICAL
OAKDALE POLICE DEPARTMENT,OAKDALE,7/7/2026 8:48:48 AM,OD26008515,"5XXX  Hadley Ave N, OAKDALE",ANIMAL COMPLAINT
OAKDALE POLICE DEPARTMENT,OAKDALE,7/7/2026 9:32:13 AM,OD26008517,"4th St N / Granada Ave N, OAKDALE",NEIGHBOR DISPUTE
OAKDALE POLICE DEPARTMENT,OAKDALE,7/7/2026 9:43:06 AM,OD26008518,"XXX HAYWARD AVE N, OAKDALE",CITIZEN/PUBLIC ASSIST
OAKDALE POLICE DEPARTMENT,OAKDALE,7/7/2026 9:45:26 AM,OD26008519,"XXX GENEVA AVE N, OAKDALE",WELFARE CHECK
OAKDALE POLICE DEPARTMENT,OAKDALE,7/7/2026 9:47:14 AM,OD26008520,"4th St N / Granada Ave N, OAKDALE",NEIGHBOR DISPUTE
OAKDALE POLICE DEPARTMENT,OAKDALE,7/7/2026 10:03:16 AM,OD26008522,"XXX Grafton Ave N, OAKDALE",NEIGHBOR DISPUTE
OAKDALE POLICE DEPARTMENT,OAKDALE,7/7/2026 10:20:12 AM,OD26008524,"4XXX  GRENWICH AVE N, OAKDALE",SUSPICIOUS PERSON/ACTIVITY
OAKDALE POLICE DEPARTMENT,OAKDALE,7/7/2026 10:30:52 AM,OD26008525,"6XXX  Gretchen Ln N, OAKDALE",IDENTITY THEFT
OAKDALE POLICE DEPARTMENT,OAKDALE,7/7/2026 10:52:42 AM,OD26008526,"7XXX  2ND ST N, OAKDALE",THEFT
OAKDALE POLICE DEPARTMENT,OAKDALE,7/7/2026 11:04:11 AM,OD26008527,"XXX Grafton Ave N, OAKDALE",PROPERTY DAMAGE
OAKDALE POLICE DEPARTMENT,OAKDALE,7/7/2026 11:30:42 AM,OD26008529,"4XXX  GRENWICH WAY N, OAKDALE",ALARM-BUSINESS/RES/FIRE/MEDICAL/ETC
OAKDALE POLICE DEPARTMENT,OAKDALE,7/7/2026 11:41:37 AM,OD26008531,"3XXX  Gershwin Ave N, OAKDALE",ALARM-BUSINESS/RES/FIRE/MEDICAL/ETC
OAKDALE POLICE DEPARTMENT,OAKDALE,7/7/2026 11:57:31 AM,OD26008533,"1XXX  Gentry Ave N, OAKDALE",FOLLOW UP
OAKDALE POLICE DEPARTMENT,OAKDALE,7/7/2026 12:45:56 PM,OD26008536,"3XXX  Gershwin Ln N, OAKDALE",SUSPICIOUS PERSON/ACTIVITY
OAKDALE POLICE DEPARTMENT,OAKDALE,7/7/2026 1:10:58 PM,OD26008537,"7XXX  34TH ST N, OAKDALE",MOTORIST ASSIST
OAKDALE POLICE DEPARTMENT,OAKDALE,7/7/2026 1:38:28 PM,OD26008538,"2XXX  Gresham Ave N, OAKDALE",ANIMAL COMPLAINT
OAKDALE POLICE DEPARTMENT,OAKDALE,7/7/2026 2:21:37 PM,OD26008539,"XXX Greenway Ave N, OAKDALE",CITIZEN/PUBLIC ASSIST
OAKDALE POLICE DEPARTMENT,OAKDALE,7/7/2026 3:04:19 PM,OD26008540,"5XXX  Hadley Ave N, OAKDALE",ANIMAL COMPLAINT
OAKDALE POLICE DEPARTMENT,OAKDALE,7/7/2026 3:10:03 PM,OD26008542,"Unknown, OAKDALE",CITIZEN/PUBLIC ASSIST
OAKDALE POLICE DEPARTMENT,OAKDALE,7/7/2026 3:26:09 PM,OD26008544,"8XXX  4TH ST N, OAKDALE",THEFT
OAKDALE POLICE DEPARTMENT,OAKDALE,7/7/2026 3:45:20 PM,OD26008546,"2XXX  Hallmark Ave N, OAKDALE",TRAFFIC COMPLAINT
OAKDALE POLICE DEPARTMENT,OAKDALE,7/7/2026 3:46:27 PM,OD26008545,"7XXX  Upper 17th St N, OAKDALE",MEDICAL
OAKDALE POLICE DEPARTMENT,OAKDALE,7/7/2026 4:52:59 PM,OD26008548,"7XXX  24TH ST N, OAKDALE",911 ABANDONED/HANGUP/OPEN LINE
OAKDALE POLICE DEPARTMENT,OAKDALE,7/7/2026 5:07:22 PM,OD26008549,"1XXX  Hadley Ave N, OAKDALE",911 ABANDONED/HANGUP/OPEN LINE
OAKDALE POLICE DEPARTMENT,OAKDALE,7/7/2026 5:25:02 PM,OD26008550,"8XXX  9TH STREET PL N, OAKDALE",ABANDONED VEHICLE
OAKDALE POLICE DEPARTMENT,OAKDALE,7/7/2026 6:07:34 PM,OD26008552,"4XXX  GERSHWIN AVE N, OAKDALE",PARKING VIOLATION
OAKDALE POLICE DEPARTMENT,OAKDALE,7/7/2026 6:29:29 PM,OD26008553,"2XXX  Hale Ave N, OAKDALE",MEDICAL
OAKDALE POLICE DEPARTMENT,OAKDALE,7/7/2026 6:40:31 PM,OD26008554,"6XXX  15TH ST N, OAKDALE",LOST PROPERTY/ITEM
OAKDALE POLICE DEPARTMENT,OAKDALE,7/7/2026 8:37:41 PM,OD26008558,"6XXX  13th St N, OAKDALE",MEDICAL
OAKDALE POLICE DEPARTMENT,OAKDALE,7/7/2026 8:56:27 PM,OD26008559," 5635 Hadley Ave N, OAKDALE",SHOPLIFTING
OAKDALE POLICE DEPARTMENT,OAKDALE,7/7/2026 10:50:45 PM,OD26008561,"XXX Inwood Ave N, OAKDALE",DISTURBANCE
OAKDALE POLICE DEPARTMENT,OAKDALE,7/8/2026 4:02:08 AM,OD26008565,"1XXX  HALLMARK CIR N, OAKDALE",911 ABANDONED/HANGUP/OPEN LINE
OAKDALE POLICE DEPARTMENT,OAKDALE,7/8/2026 6:12:05 AM,OD26008566,"7XXX  3rd St N, OAKDALE",ALARM-BUSINESS/RES/FIRE/MEDICAL/ETC
OAKDALE POLICE DEPARTMENT,OAKDALE,7/8/2026 6:27:53 AM,OD26008567,"Upper 48th St N / Granada Ave N, OAKDALE",FOUND PROPERTY/ITEM
OAKDALE POLICE DEPARTMENT,OAKDALE,7/8/2026 8:52:32 AM,OD26008570,"Unknown, OAKDALE",CITIZEN/PUBLIC ASSIST
OAKDALE POLICE DEPARTMENT,OAKDALE,7/8/2026 9:41:34 AM,OD26008573,"2XXX  Granada Ave N, OAKDALE",SUSPICIOUS PERSON/ACTIVITY
OAKDALE POLICE DEPARTMENT,OAKDALE,7/8/2026 9:58:08 AM,OD26008574,"6XXX  26TH ST N, OAKDALE",DEATH
OAKDALE POLICE DEPARTMENT,OAKDALE,7/8/2026 10:15:11 AM,OD26008579,"7XXX  11th St N, OAKDALE",WELFARE CHECK
OAKDALE POLICE DEPARTMENT,OAKDALE,7/8/2026 11:30:46 AM,OD26008583,"7XXX  44th St N, OAKDALE",DISTURBANCE
OAKDALE POLICE DEPARTMENT,OAKDALE,7/8/2026 11:36:45 AM,OD26008585,"XXX IMPERIAL AVE N, OAKDALE",CIVIL MATTER/DISPUTE
OAKDALE POLICE DEPARTMENT,OAKDALE,7/8/2026 11:44:16 AM,OD26008587,"7XXX  33RD ST N, OAKDALE",THEFT
OAKDALE POLICE DEPARTMENT,OAKDALE,7/8/2026 12:08:02 PM,OD26008588,"8XXX  4th St N, OAKDALE",911 ABANDONED/HANGUP/OPEN LINE
OAKDALE POLICE DEPARTMENT,OAKDALE,7/8/2026 1:12:22 PM,OD26008589,"6XXX  15th St N, OAKDALE",FRAUD/SCAM
OAKDALE POLICE DEPARTMENT,OAKDALE,7/8/2026 1:45:01 PM,OD26008590,"5XXX  Hadley Ave N, OAKDALE",SHOPLIFTING
OAKDALE POLICE DEPARTMENT,OAKDALE,7/8/2026 3:30:23 PM,OD26008596,"6XXX  15th St N, OAKDALE",LOST PROPERTY/ITEM
OAKDALE POLICE DEPARTMENT,OAKDALE,7/8/2026 4:29:08 PM,OD26008599,"8XXX  9TH STREET PL N, OAKDALE",CITIZEN/PUBLIC ASSIST
OAKDALE POLICE DEPARTMENT,OAKDALE,7/8/2026 4:52:53 PM,OD26008600,"7XXX  15th St N, OAKDALE",ACCIDENT
OAKDALE POLICE DEPARTMENT,OAKDALE,7/8/2026 5:40:05 PM,OD26008602,"2XXX  GRANITE AVE N, OAKDALE",ANIMAL COMPLAINT
OAKDALE POLICE DEPARTMENT,OAKDALE,7/8/2026 5:40:29 PM,OD26008601,"7XXX  Upper 39th St N, OAKDALE",ANIMAL COMPLAINT
OAKDALE POLICE DEPARTMENT,OAKDALE,7/8/2026 5:58:24 PM,OD26008603,"XXX HADLEY AVE N, OAKDALE",MOTOR VEHICLE THEFT
OAKDALE POLICE DEPARTMENT,OAKDALE,7/8/2026 6:45:13 PM,OD26008604,"5XXX  HADLEY AVE N, OAKDALE",FRAUD/SCAM
OAKDALE POLICE DEPARTMENT,OAKDALE,7/8/2026 7:50:01 PM,OD26008606,"3XXX  HADLEY AVE N, OAKDALE",MEDICAL
OAKDALE POLICE DEPARTMENT,OAKDALE,7/8/2026 7:58:19 PM,OD26008607,"6XXX  12TH ST N, OAKDALE",911 ABANDONED/HANGUP/OPEN LINE
OAKDALE POLICE DEPARTMENT,OAKDALE,7/8/2026 7:59:51 PM,OD26008608,"1XXX  HALLMARK CIR N, OAKDALE",911 ABANDONED/HANGUP/OPEN LINE
OAKDALE POLICE DEPARTMENT,OAKDALE,7/8/2026 8:01:56 PM,OD26008609,"1XXX  Heron Ave N, OAKDALE",JUVENILE COMPLAINT
OAKDALE POLICE DEPARTMENT,OAKDALE,7/8/2026 9:31:07 PM,OD26008610,"3XXX  Hadley Ave N, OAKDALE",FIREWORKS
OAKDALE POLICE DEPARTMENT,OAKDALE,7/8/2026 9:37:00 PM,OD26008611,"34th St N / I694 Sb To 34th St N Ramp, OAKDALE",TRAFFIC STOP
OAKDALE POLICE DEPARTMENT,OAKDALE,7/8/2026 11:14:39 PM,OD26008613,"1XXX  I694, OAKDALE",WARRANT ARREST
OAKDALE POLICE DEPARTMENT,OAKDALE,7/8/2026 11:39:50 PM,OD26008614,"7XXX  55TH ST N, OAKDALE",SUSPICIOUS PERSON/ACTIVITY
OAKDALE POLICE DEPARTMENT,OAKDALE,7/9/2026 12:17:23 AM,OD26008617,"6XXX  21st St N, OAKDALE",911 ABANDONED/HANGUP/OPEN LINE
OAKDALE POLICE DEPARTMENT,OAKDALE,7/9/2026 1:37:38 AM,OD26008619,"6XXX  7TH ST N, OAKDALE",PARK INCIDENT-CITY/COUNTY
OAKDALE POLICE DEPARTMENT,OAKDALE,7/9/2026 4:40:55 AM,OD26008620,"XXX Goodview Ave N, OAKDALE",NOISE COMPLAINT/DISTURBANCE
OAKDALE POLICE DEPARTMENT,OAKDALE,7/9/2026 5:36:05 AM,OD26008621,"4XXX  GRENWICH WAY N, OAKDALE",DISTURBANCE
OAKDALE POLICE DEPARTMENT,OAKDALE,7/9/2026 5:56:10 AM,OD26008622,"XXX GRAFTON AVE N, OAKDALE",911 ABANDONED/HANGUP/OPEN LINE
OAKDALE POLICE DEPARTMENT,OAKDALE,7/9/2026 8:32:20 AM,OD26008625,"XXX Imperial Ave N, OAKDALE",PARKING COMPLAINT
OAKDALE POLICE DEPARTMENT,OAKDALE,7/9/2026 9:17:46 AM,OD26008627,"1XXX  Hadley Ave N, OAKDALE",MEDICAL
OAKDALE POLICE DEPARTMENT,OAKDALE,7/9/2026 9:29:33 AM,OD26008628,"6XXX  Upper 51st St N, OAKDALE",MEDICAL
OAKDALE POLICE DEPARTMENT,OAKDALE,7/9/2026 9:41:00 AM,OD26008629,"1XXX  GRANADA AVE N, OAKDALE",SUSPICIOUS PERSON/ACTIVITY
OAKDALE POLICE DEPARTMENT,OAKDALE,7/9/2026 12:13:39 PM,OD26008634,"7XXX  19TH ST N, OAKDALE",911 ABANDONED/HANGUP/OPEN LINE
OAKDALE POLICE DEPARTMENT,OAKDALE,7/9/2026 12:17:08 PM,OD26008635,"6XXX  15th St N, OAKDALE",DISTURBANCE
OAKDALE POLICE DEPARTMENT,OAKDALE,7/9/2026 12:36:07 PM,OD26008638,"2XXX  GERSHWIN AVE N, OAKDALE",FRAUD/SCAM
OAKDALE POLICE DEPARTMENT,OAKDALE,7/9/2026 1:31:48 PM,OD26008640,"3XXX  High Point Dr N, OAKDALE",ALARM-BUSINESS/RES/FIRE/MEDICAL/ETC
OAKDALE POLICE DEPARTMENT,OAKDALE,7/9/2026 1:42:51 PM,OD26008641,"15TH ST N & HADLEY AVE N, OAKDALE",TRAFFIC STOP
OAKDALE POLICE DEPARTMENT,OAKDALE,7/9/2026 1:46:07 PM,OD26008642,"XXX Glenbrook Ave N, OAKDALE",CIVIL MATTER/DISPUTE
OAKDALE POLICE DEPARTMENT,OAKDALE,7/9/2026 2:55:51 PM,OD26008644,"4th St N / Holly Ln N, OAKDALE",ACCIDENT
OAKDALE POLICE DEPARTMENT,OAKDALE,7/9/2026 2:59:26 PM,OD26008646,"2XXX  GRANITE AVENUE CIR N, OAKDALE",911 ABANDONED/HANGUP/OPEN LINE
OAKDALE POLICE DEPARTMENT,OAKDALE,7/9/2026 3:16:56 PM,OD26008647,"6XXX  40th St N, OAKDALE",VEHICLE UNLOCK
OAKDALE POLICE DEPARTMENT,OAKDALE,7/9/2026 3:35:11 PM,OD26008648,"6XXX  15TH ST N, OAKDALE",CITIZEN/PUBLIC ASSIST
OAKDALE POLICE DEPARTMENT,OAKDALE,7/9/2026 3:58:02 PM,OD26008649,"7XXX  6th St N, OAKDALE",PARKING COMPLAINT
OAKDALE POLICE DEPARTMENT,OAKDALE,7/9/2026 4:39:30 PM,OD26008652,"7XXX  32ND ST N, OAKDALE",ACCIDENT
OAKDALE POLICE DEPARTMENT,OAKDALE,7/9/2026 4:42:01 PM,OD26008653,"1XXX  GLENBROOK AVE N, OAKDALE",SUSPICIOUS PERSON/ACTIVITY
OAKDALE POLICE DEPARTMENT,OAKDALE,7/9/2026 4:51:40 PM,OD26008654,"4XXX  HELENA WAY N, OAKDALE",911 ABANDONED/HANGUP/OPEN LINE
OAKDALE POLICE DEPARTMENT,OAKDALE,7/9/2026 7:38:39 PM,OD26008658,"8XXX  3RD ST N, OAKDALE",FOUND PROPERTY/ITEM
OAKDALE POLICE DEPARTMENT,OAKDALE,7/9/2026 7:52:30 PM,OD26008659,"6XXX  37th St N, OAKDALE",DISTURBANCE
OAKDALE POLICE DEPARTMENT,OAKDALE,7/9/2026 8:25:40 PM,OD26008662,"6XXX  48th Street Pl N, OAKDALE",911 ABANDONED/HANGUP/OPEN LINE
OAKDALE POLICE DEPARTMENT,OAKDALE,7/9/2026 8:58:49 PM,OD26008663,"2XXX  GRANADA AVE N, OAKDALE",NOISE COMPLAINT/DISTURBANCE
OAKDALE POLICE DEPARTMENT,OAKDALE,7/9/2026 9:20:22 PM,OD26008664,"4XXX  HAMLET AVE N, OAKDALE",SUSPICIOUS PERSON/ACTIVITY
OAKDALE POLICE DEPARTMENT,OAKDALE,7/9/2026 9:36:56 PM,OD26008665,"7XXX  33RD ST N, OAKDALE",ALARM-BUSINESS/RES/FIRE/MEDICAL/ETC
OAKDALE POLICE DEPARTMENT,OAKDALE,7/9/2026 9:48:33 PM,OD26008666,"3XXX  HEMINGWAY AVE, OAKDALE",SUSPICIOUS PERSON/ACTIVITY
OAKDALE POLICE DEPARTMENT,OAKDALE,7/9/2026 10:04:55 PM,OD26008667,"4XXX  Helmo Ave N, OAKDALE",FIREWORKS
OAKDALE POLICE DEPARTMENT,OAKDALE,7/9/2026 10:09:00 PM,OD26008668,"STILLWATER BLVD N & HADLEY AVE N, OAKDALE",TRAFFIC STOP
OAKDALE POLICE DEPARTMENT,OAKDALE,7/9/2026 10:30:04 PM,OD26008670,"4XXX  GERSHWIN AVE N, OAKDALE",FIREWORKS
OAKDALE POLICE DEPARTMENT,OAKDALE,7/9/2026 11:06:00 PM,OD26008672,"50TH ST N / HADLEY AVE N, OAKDALE",TRAFFIC STOP
OAKDALE POLICE DEPARTMENT,OAKDALE,7/10/2026 2:22:38 AM,OD26008676,"Helmo Ave N / 15th St N, OAKDALE",SUSPICIOUS PERSON/ACTIVITY
OAKDALE POLICE DEPARTMENT,OAKDALE,7/10/2026 3:28:26 AM,OD26008677,"1XXX  Hadley Av, OAKDALE",CITIZEN/PUBLIC ASSIST
OAKDALE POLICE DEPARTMENT,OAKDALE,7/10/2026 7:19:25 AM,OD26008679,"3XXX  Gershwin Ave N, OAKDALE",WELFARE CHECK
OAKDALE POLICE DEPARTMENT,OAKDALE,7/10/2026 9:31:21 AM,OD26008684,"2XXX  HAMLET AVE N, OAKDALE",MEDICAL
OAKDALE POLICE DEPARTMENT,OAKDALE,7/10/2026 9:48:06 AM,OD26008685,"7XXX  UPPER 19TH ST N, OAKDALE",911 ABANDONED/HANGUP/OPEN LINE
OAKDALE POLICE DEPARTMENT,OAKDALE,7/10/2026 10:49:07 AM,OD26008686,"7XXX  Upper 42nd St N, OAKDALE",911 ABANDONED/HANGUP/OPEN LINE
OAKDALE POLICE DEPARTMENT,OAKDALE,7/10/2026 10:52:44 AM,OD26008687,"7XXX  10TH ST N, OAKDALE",TRESPASS NOTICE
OAKDALE POLICE DEPARTMENT,OAKDALE,7/10/2026 11:30:44 AM,OD26008688,"6XXX  4th Street Ct N, OAKDALE",FRAUD/SCAM
OAKDALE POLICE DEPARTMENT,OAKDALE,7/10/2026 12:03:04 PM,OD26008691,"7XXX  33rd St N, OAKDALE",DRIVING COMPLAINT
OAKDALE POLICE DEPARTMENT,OAKDALE,7/10/2026 12:27:27 PM,OD26008692,"6XXX  11TH ST N, OAKDALE",WELFARE CHECK
OAKDALE POLICE DEPARTMENT,OAKDALE,7/10/2026 1:38:34 PM,OD26008694,"7XXX  32nd St N, OAKDALE",SHOPLIFTING
OAKDALE POLICE DEPARTMENT,OAKDALE,7/10/2026 1:46:10 PM,OD26008695,"2XXX  GERSHWIN AVE N, OAKDALE",ANIMAL COMPLAINT
OAKDALE POLICE DEPARTMENT,OAKDALE,7/10/2026 1:53:46 PM,OD26008696,"7XXX  2nd St N, OAKDALE",WELFARE CHECK
OAKDALE POLICE DEPARTMENT,OAKDALE,7/10/2026 1:58:14 PM,OD26008697,"7XXX  5TH ST N, OAKDALE",WELFARE CHECK
OAKDALE POLICE DEPARTMENT,OAKDALE,7/10/2026 2:09:24 PM,OD26008698,"1XXX  Hadley Ave N, OAKDALE",CITIZEN/PUBLIC ASSIST
OAKDALE POLICE DEPARTMENT,OAKDALE,7/10/2026 2:23:37 PM,OD26008699,"1XXX  Granada Ave N, OAKDALE",HARASSMENT
OAKDALE POLICE DEPARTMENT,OAKDALE,7/10/2026 2:32:19 PM,OD26008701,"6XXX  10TH ST N, OAKDALE",WELFARE CHECK
OAKDALE POLICE DEPARTMENT,OAKDALE,7/10/2026 2:54:44 PM,OD26008702,"6XXX  15th St N, OAKDALE",CITIZEN/PUBLIC ASSIST
OAKDALE POLICE DEPARTMENT,OAKDALE,7/10/2026 3:10:37 PM,OD26008703,"1XXX  GRANADA AVE N, OAKDALE",SUICIDE ATTEMPT/THREATS OF
OAKDALE POLICE DEPARTMENT,OAKDALE,7/10/2026 4:22:15 PM,OD26008708,"XXX GREENWAY AVE N, OAKDALE",VEHICLE UNLOCK
OAKDALE POLICE DEPARTMENT,OAKDALE,7/10/2026 5:06:48 PM,OD26008709,"XXX Glenbrook Ave N, OAKDALE",NOISE COMPLAINT/DISTURBANCE
OAKDALE POLICE DEPARTMENT,OAKDALE,7/10/2026 5:54:59 PM,OD26008711,"XXX Block of Hadley , OAKDALE",TRAFFIC STOP
OAKDALE POLICE DEPARTMENT,OAKDALE,7/10/2026 6:08:18 PM,OD26008712,"1XXX  HELMO AVE N, OAKDALE",TRAFFIC STOP
OAKDALE POLICE DEPARTMENT,OAKDALE,7/10/2026 6:28:40 PM,OD26008713,"1XXX  Gershwin Ave N, OAKDALE",MEDICAL
OAKDALE POLICE DEPARTMENT,OAKDALE,7/10/2026 6:35:24 PM,OD26008714,"3XXX  Henna Ave N, OAKDALE",NOISE COMPLAINT/DISTURBANCE
OAKDALE POLICE DEPARTMENT,OAKDALE,7/10/2026 7:01:06 PM,OD26008715,"XXX INWOOD AVE N, OAKDALE",THEFT
OAKDALE POLICE DEPARTMENT,OAKDALE,7/10/2026 7:15:26 PM,OD26008716,"1XXX  GENEVA AVE N, OAKDALE",ASSIST OTHER AGENCY
OAKDALE POLICE DEPARTMENT,OAKDALE,7/10/2026 7:28:36 PM,OD26008717,"5XXX  Golfview Ave N, OAKDALE",911 ABANDONED/HANGUP/OPEN LINE
OAKDALE POLICE DEPARTMENT,OAKDALE,7/10/2026 8:14:33 PM,OD26008718,"7XXX  10th St N, OAKDALE",911 ABANDONED/HANGUP/OPEN LINE
OAKDALE POLICE DEPARTMENT,OAKDALE,7/10/2026 8:24:15 PM,OD26008719,"3XXX  GRANADA LN N, OAKDALE",ANIMAL BITE
OAKDALE POLICE DEPARTMENT,OAKDALE,7/10/2026 8:55:25 PM,OD26008720,"3XXX  Henna Ave N, OAKDALE",NOISE COMPLAINT/DISTURBANCE
OAKDALE POLICE DEPARTMENT,OAKDALE,7/10/2026 9:15:16 PM,OD26008721,"3XXX  HADLEY AVE N, OAKDALE",SUSPICIOUS PERSON/ACTIVITY
OAKDALE POLICE DEPARTMENT,OAKDALE,7/10/2026 9:31:18 PM,OD26008722,"2XXX  GERSHWIN AVE N, OAKDALE",ANIMAL COMPLAINT
OAKDALE POLICE DEPARTMENT,OAKDALE,7/10/2026 10:52:00 PM,OD26008725,"4XXX  Geneva Ave N, OAKDALE",ACCIDENT
OAKDALE POLICE DEPARTMENT,OAKDALE,7/10/2026 11:18:19 PM,OD26008726,"5XXX  HADLEY AVE N, OAKDALE",CITIZEN/PUBLIC ASSIST
OAKDALE POLICE DEPARTMENT,OAKDALE,7/10/2026 11:57:25 PM,OD26008727,"XXX Glenbrook Ave N, OAKDALE",FIREWORKS
OAKDALE POLICE DEPARTMENT,OAKDALE,7/11/2026 7:50:44 AM,OD26008730,"4XXX  HAMLET AVE N, OAKDALE",SUSPICIOUS PERSON/ACTIVITY
OAKDALE POLICE DEPARTMENT,OAKDALE,7/11/2026 8:38:24 AM,OD26008732,"1XXX  HELMO AVE N, OAKDALE",ANIMAL COMPLAINT
OAKDALE POLICE DEPARTMENT,OAKDALE,7/11/2026 10:16:51 AM,OD26008733,"6XXX  HUDSON BLVD N, OAKDALE",SUSPICIOUS PERSON/ACTIVITY
OAKDALE POLICE DEPARTMENT,OAKDALE,7/11/2026 10:24:23 AM,OD26008736,"1XXX  Helmo Ave N, OAKDALE",FOLLOW UP
OAKDALE POLICE DEPARTMENT,OAKDALE,7/11/2026 11:57:04 AM,OD26008737,"7XXX  19TH ST N, OAKDALE",ACCIDENT
OAKDALE POLICE DEPARTMENT,OAKDALE,7/11/2026 12:43:52 PM,OD26008738,"XXX Guthrie Ct N, OAKDALE",CIVIL MATTER/DISPUTE
OAKDALE POLICE DEPARTMENT,OAKDALE,7/11/2026 12:45:55 PM,OD26008739,"8XXX  9th Street Way N, OAKDALE",911 ABANDONED/HANGUP/OPEN LINE
OAKDALE POLICE DEPARTMENT,OAKDALE,7/11/2026 12:51:11 PM,OD26008740,"6XXX  Upper 55th St N, OAKDALE",MEDICAL
OAKDALE POLICE DEPARTMENT,OAKDALE,7/11/2026 12:54:26 PM,OD26008741,"7XXX  19th St N, OAKDALE",ACCIDENT
OAKDALE POLICE DEPARTMENT,OAKDALE,7/11/2026 1:04:46 PM,OD26008743,"43RD ST N & GENEVA AVE N, OAKDALE",ASSIST OTHER AGENCY
OAKDALE POLICE DEPARTMENT,OAKDALE,7/11/2026 2:02:25 PM,OD26008742,"3XXX  HADLEY AVE N, OAKDALE",LOST PROPERTY/ITEM
OAKDALE POLICE DEPARTMENT,OAKDALE,7/11/2026 2:52:33 PM,OD26008744,"6XXX  Stillwater Blvd N, OAKDALE",911 ABANDONED/HANGUP/OPEN LINE
OAKDALE POLICE DEPARTMENT,OAKDALE,7/11/2026 3:44:05 PM,OD26008746,"2XXX  HELENA RD N, OAKDALE",911 ABANDONED/HANGUP/OPEN LINE
OAKDALE POLICE DEPARTMENT,OAKDALE,7/11/2026 3:59:36 PM,OD26008747,"XXX Holly Ln N, OAKDALE",CITIZEN/PUBLIC ASSIST
OAKDALE POLICE DEPARTMENT,OAKDALE,7/11/2026 4:16:14 PM,OD26008748,"XXX HADLEY AVE N, OAKDALE",FOLLOW UP
OAKDALE POLICE DEPARTMENT,OAKDALE,7/11/2026 4:55:30 PM,OD26008749,"6XXX  UPPER 48TH ST N, OAKDALE",911 ABANDONED/HANGUP/OPEN LINE
OAKDALE POLICE DEPARTMENT,OAKDALE,7/11/2026 5:27:38 PM,OD26008750,"7XXX  10TH ST N, OAKDALE",ANIMAL COMPLAINT
OAKDALE POLICE DEPARTMENT,OAKDALE,7/11/2026 7:28:30 PM,OD26008752,"7XXX  47TH STREET CT N, OAKDALE",911 ABANDONED/HANGUP/OPEN LINE
OAKDALE POLICE DEPARTMENT,OAKDALE,7/11/2026 8:03:54 PM,OD26008754,"4XXX  GENEVA AVE N, OAKDALE",PARKING VIOLATION
OAKDALE POLICE DEPARTMENT,OAKDALE,7/11/2026 10:33:02 PM,OD26008756,"3XXX  GRANADA AVE N, OAKDALE",ALARM-BUSINESS/RES/FIRE/MEDICAL/ETC
OAKDALE POLICE DEPARTMENT,OAKDALE,7/11/2026 11:03:12 PM,OD26008757,"1XXX  GOODVIEW AVE N, OAKDALE",WELFARE CHECK
OAKDALE POLICE DEPARTMENT,OAKDALE,7/11/2026 11:14:30 PM,OD26008758,"7XXX  2nd St N, OAKDALE",NOISE COMPLAINT/DISTURBANCE
OAKDALE POLICE DEPARTMENT,OAKDALE,7/11/2026 11:44:11 PM,OD26008759,"Tanners Lake Boat Landing, OAKDALE",PARK INCIDENT-CITY/COUNTY
ST. PAUL PARK POLICE DEPARTMENT,COTTAGE GROVE,7/6/2026 3:58:41 PM,SP26005507,"HARDWOOD AVE S / 80TH ST S, COTTAGE GROVE",ASSIST OTHER AGENCY
ST. PAUL PARK POLICE DEPARTMENT,SAINT PAUL PARK,7/5/2026 8:00:00 AM,SP26005423,"70th St S / Summit Ave, SAINT PAUL PARK",DWI
ST. PAUL PARK POLICE DEPARTMENT,SAINT PAUL PARK,7/6/2026 10:26:39 PM,SP26005529,"XXX HASTINGS AVE, SAINT PAUL PARK",TRAFFIC STOP
ST. PAUL PARK POLICE DEPARTMENT,SAINT PAUL PARK,7/8/2026 11:05:40 AM,SP26005565,"1XXX  5TH ST, SAINT PAUL PARK",ORDINANCE VIOLATION
ST. PAUL PARK POLICE DEPARTMENT,SAINT PAUL PARK,7/8/2026 10:36:48 PM,SP26005578,"1XXX  3rd St, SAINT PAUL PARK",DOMESTIC VIOLENCE
ST. PAUL PARK POLICE DEPARTMENT,SAINT PAUL PARK,7/9/2026 8:37:21 PM,SP26005598,"XXX Summit Ave, SAINT PAUL PARK",TRESPASSING
ST. PAUL PARK POLICE DEPARTMENT,SAINT PAUL PARK,7/11/2026 11:58:58 AM,SP26005648,"Unknown, SAINT PAUL PARK",CIVIL MATTER/DISPUTE
STILLWATER POLICE DEPARTMENT,GRANT,7/9/2026 2:29:06 PM,SW26006193,"75th St N / Lake Elmo Ave N, GRANT",DRIVING COMPLAINT
STILLWATER POLICE DEPARTMENT,OAK PARK HEIGHTS,7/5/2026 3:32:30 PM,SW26006017,"Hwy 36 Wb Jwo St Croix Crossing Bridge, OAK PARK HEIGHTS",ASSIST OTHER AGENCY
STILLWATER POLICE DEPARTMENT,OAK PARK HEIGHTS,7/9/2026 10:36:20 AM,SW26006184,"Saint Croix Trl N Sb Jno Hwy 36, OAK PARK HEIGHTS",MOTORIST ASSIST
STILLWATER POLICE DEPARTMENT,OAKDALE,7/7/2026 8:56:27 PM,SW26006142,"5XXX  Hadley Ave N, OAKDALE",ASSIST OTHER AGENCY
STILLWATER POLICE DEPARTMENT,STILLWATER,7/5/2026 12:17:58 AM,SW26005991,"XXX Wilkins St W, STILLWATER",FIREWORKS
STILLWATER POLICE DEPARTMENT,STILLWATER,7/5/2026 12:39:18 AM,SW26005988,"XXX 3RD ST S, STILLWATER",WELFARE CHECK
STILLWATER POLICE DEPARTMENT,STILLWATER,7/5/2026 12:39:18 AM,SW26005992,"1XXX  Frontage Rd W, STILLWATER",WELFARE CHECK
STILLWATER POLICE DEPARTMENT,STILLWATER,7/5/2026 12:55:59 AM,SW26005994,"XXX Laurel St W, STILLWATER",FIREWORKS
STILLWATER POLICE DEPARTMENT,STILLWATER,7/5/2026 12:56:02 AM,SW26005993,"XXX MAIN ST N, STILLWATER",DRUNK/INTOXICATED 
STILLWATER POLICE DEPARTMENT,STILLWATER,7/5/2026 1:25:35 AM,SW26005995,"XXX Anderson St W, STILLWATER",MEDICAL
STILLWATER POLICE DEPARTMENT,STILLWATER,7/5/2026 2:02:16 AM,SW26005996,"XXX Olive St W, STILLWATER",CITIZEN/PUBLIC ASSIST
STILLWATER POLICE DEPARTMENT,STILLWATER,7/5/2026 2:28:06 AM,SW26005997,"XXX MAIN ST S, STILLWATER",MEDICAL
STILLWATER POLICE DEPARTMENT,STILLWATER,7/5/2026 3:34:59 AM,SW26005998,"XXX Bridgewater Way, STILLWATER",CITIZEN/PUBLIC ASSIST
STILLWATER POLICE DEPARTMENT,STILLWATER,7/5/2026 7:54:56 AM,SW26006000,"XXX 1st St S, STILLWATER",FIRE
STILLWATER POLICE DEPARTMENT,STILLWATER,7/5/2026 8:43:29 AM,SW26006001,"2XXX  Orleans St W, STILLWATER",MEDICAL
STILLWATER POLICE DEPARTMENT,STILLWATER,7/5/2026 9:08:28 AM,SW26006002,"2XXX  Willard St W, STILLWATER",ANIMAL COMPLAINT
STILLWATER POLICE DEPARTMENT,STILLWATER,7/5/2026 10:09:59 AM,SW26006003,"2XXX  Orleans St W, STILLWATER",ASSAULT
STILLWATER POLICE DEPARTMENT,STILLWATER,7/5/2026 12:17:40 PM,SW26006004,"XXX Water St S, STILLWATER",LOST PROPERTY/ITEM
STILLWATER POLICE DEPARTMENT,STILLWATER,7/5/2026 12:25:38 PM,SW26006005,"1XXX  William St N, STILLWATER",CIVIL MATTER/DISPUTE
STILLWATER POLICE DEPARTMENT,STILLWATER,7/5/2026 1:08:06 PM,SW26006006,"Saint Croix River Jno Lift Bridge-sw, STILLWATER",WATERCRAFT COMPLAINT
STILLWATER POLICE DEPARTMENT,STILLWATER,7/5/2026 1:15:11 PM,SW26006007,"14XXX  62nd St N, STILLWATER",HRO VIOLATION
STILLWATER POLICE DEPARTMENT,STILLWATER,7/5/2026 1:24:05 PM,SW26006008,"XXX Mulberry St E, STILLWATER",MEDICAL
STILLWATER POLICE DEPARTMENT,STILLWATER,7/5/2026 1:49:55 PM,SW26006009,"Dellwood Rd N / Boom Rd, STILLWATER",ANIMAL COMPLAINT
STILLWATER POLICE DEPARTMENT,STILLWATER,7/5/2026 2:00:00 PM,SW26006010,"XXX 4TH ST N, STILLWATER",LOST PROPERTY/ITEM
STILLWATER POLICE DEPARTMENT,STILLWATER,7/5/2026 2:17:08 PM,SW26006011,"1XXX  Pond View Ln, STILLWATER",JUVENILE COMPLAINT
STILLWATER POLICE DEPARTMENT,STILLWATER,7/5/2026 3:17:59 PM,SW26006014,"3rd St S / Pine St E, STILLWATER",ACCIDENT
STILLWATER POLICE DEPARTMENT,STILLWATER,7/5/2026 3:21:05 PM,SW26006016,"XXX Main St N, STILLWATER",911 ABANDONED/HANGUP/OPEN LINE
STILLWATER POLICE DEPARTMENT,STILLWATER,7/5/2026 4:23:10 PM,SW26006020,"Laurel St E / 3rd St N, STILLWATER",ACCIDENT
STILLWATER POLICE DEPARTMENT,STILLWATER,7/5/2026 4:24:54 PM,SW26006019,"XXX Main St S, STILLWATER",CIVIL MATTER/DISPUTE
STILLWATER POLICE DEPARTMENT,STILLWATER,7/5/2026 6:08:04 PM,SW26006024,"2XXX  Market Dr, STILLWATER",SHOPLIFTING
STILLWATER POLICE DEPARTMENT,STILLWATER,7/5/2026 6:32:31 PM,SW26006025,"XXX Greeley St S, STILLWATER",MEDICAL
STILLWATER POLICE DEPARTMENT,STILLWATER,7/5/2026 7:22:14 PM,SW26006026,"Stillwater Blvd N / Wildpines Ln, STILLWATER",PUBLIC WORKS CONCERN
STILLWATER POLICE DEPARTMENT,STILLWATER,7/5/2026 8:11:35 PM,SW26006028,"XXX GREELEY ST S, STILLWATER",MEDICAL
STILLWATER POLICE DEPARTMENT,STILLWATER,7/5/2026 8:50:21 PM,SW26006029," 0 ADDRESS UNKNOWN   , STILLWATER",CITIZEN/PUBLIC ASSIST
STILLWATER POLICE DEPARTMENT,STILLWATER,7/5/2026 10:14:02 PM,SW26006031,"XX River Heights Dr, STILLWATER",FIREWORKS
STILLWATER POLICE DEPARTMENT,STILLWATER,7/5/2026 11:12:51 PM,SW26006034,"1XXX  Frontage Rd W, STILLWATER",CITIZEN/PUBLIC ASSIST
STILLWATER POLICE DEPARTMENT,STILLWATER,7/5/2026 11:17:02 PM,SW26006035,"XXX MAIN ST S, STILLWATER",911 ABANDONED/HANGUP/OPEN LINE
STILLWATER POLICE DEPARTMENT,STILLWATER,7/5/2026 11:19:25 PM,SW26006036,"XXX NIGHTINGALE BLVD, STILLWATER",NOISE COMPLAINT/DISTURBANCE
STILLWATER POLICE DEPARTMENT,STILLWATER,7/5/2026 11:52:15 PM,SW26006037,"XXX Northland Ave, STILLWATER",SUSPICIOUS PERSON/ACTIVITY
STILLWATER POLICE DEPARTMENT,STILLWATER,7/6/2026 8:01:50 AM,SW26006038,"12XXX  62nd St N, STILLWATER",PROPERTY DAMAGE
STILLWATER POLICE DEPARTMENT,STILLWATER,7/6/2026 9:37:16 AM,SW26006040,"Bridgewater Way / 75th St N, STILLWATER",TRAFFIC STOP
STILLWATER POLICE DEPARTMENT,STILLWATER,7/6/2026 9:47:35 AM,SW26006041,"XXX Pine St W, STILLWATER",PROPERTY DAMAGE
STILLWATER POLICE DEPARTMENT,STILLWATER,7/6/2026 10:12:37 AM,SW26006042,"XXX OWENS ST N, STILLWATER",COMPLIANCE CHECK VIOLATIONS
STILLWATER POLICE DEPARTMENT,STILLWATER,7/6/2026 10:24:08 AM,SW26006043,"1XXX  Owens St N, STILLWATER",MEDICAL
STILLWATER POLICE DEPARTMENT,STILLWATER,7/6/2026 10:37:08 AM,SW26006044,"XXX Main St N, STILLWATER",COMPLIANCE CHECK VIOLATIONS
STILLWATER POLICE DEPARTMENT,STILLWATER,7/6/2026 10:46:50 AM,SW26006045,"XXX - 422 MULBERRY ST E, STILLWATER",DIRECTED PATROL
STILLWATER POLICE DEPARTMENT,STILLWATER,7/6/2026 10:50:47 AM,SW26006046,"1XXX  Curve Crest Blvd W, STILLWATER",MEDICAL
STILLWATER POLICE DEPARTMENT,STILLWATER,7/6/2026 11:22:59 AM,SW26006047,"3XXX  Settlers Way, STILLWATER",COMPLIANCE CHECK VIOLATIONS
STILLWATER POLICE DEPARTMENT,STILLWATER,7/6/2026 11:30:39 AM,SW26006049,"XXX 4th St N, STILLWATER",ANIMAL COMPLAINT
STILLWATER POLICE DEPARTMENT,STILLWATER,7/6/2026 11:32:58 AM,SW26006050,"XXX New England Pl, STILLWATER",COMPLIANCE CHECK VIOLATIONS
STILLWATER POLICE DEPARTMENT,STILLWATER,7/6/2026 11:34:24 AM,SW26006051,"1XXX  Curve Crest Blvd, STILLWATER",ANIMAL COMPLAINT
STILLWATER POLICE DEPARTMENT,STILLWATER,7/6/2026 12:12:56 PM,SW26006052,"HWY 36 WB JWO STILLWATER BLVD N, STILLWATER",CITIZEN/PUBLIC ASSIST
STILLWATER POLICE DEPARTMENT,STILLWATER,7/6/2026 1:29:42 PM,SW26006054,"3XXX  Pioneer Pl, STILLWATER",MEDICAL
STILLWATER POLICE DEPARTMENT,STILLWATER,7/6/2026 1:51:37 PM,SW26006055,"XXX 2nd St N, STILLWATER",CITIZEN/PUBLIC ASSIST
STILLWATER POLICE DEPARTMENT,STILLWATER,7/6/2026 2:17:44 PM,SW26006056,"XXX MAIN ST N, STILLWATER",COMPLIANCE CHECK VIOLATIONS
STILLWATER POLICE DEPARTMENT,STILLWATER,7/6/2026 2:23:03 PM,SW26006058,"XXX Stillwater Blvd N, STILLWATER",CITIZEN/PUBLIC ASSIST
STILLWATER POLICE DEPARTMENT,STILLWATER,7/6/2026 2:41:37 PM,SW26006060,"XXX MAIN ST S, STILLWATER",COMPLIANCE CHECK VIOLATIONS
STILLWATER POLICE DEPARTMENT,STILLWATER,7/6/2026 3:14:21 PM,SW26006061,"XXX NELSON ST, STILLWATER",COMPLIANCE CHECK VIOLATIONS
STILLWATER POLICE DEPARTMENT,STILLWATER,7/6/2026 3:29:55 PM,SW26006064,"Unknown, STILLWATER",CIVIL MATTER/DISPUTE
STILLWATER POLICE DEPARTMENT,STILLWATER,7/6/2026 3:31:49 PM,SW26006063,"Unknown, STILLWATER",CITIZEN/PUBLIC ASSIST
STILLWATER POLICE DEPARTMENT,STILLWATER,7/6/2026 4:14:52 PM,SW26006068,"2XXX  Oakridge Rd, STILLWATER",CITIZEN/PUBLIC ASSIST
STILLWATER POLICE DEPARTMENT,STILLWATER,7/6/2026 4:17:00 PM,SW26006067,"PINE ST W & OWENS ST S, STILLWATER",TRAFFIC STOP
STILLWATER POLICE DEPARTMENT,STILLWATER,7/6/2026 4:25:37 PM,SW26006069,"Saint Croix River-sw, STILLWATER",CITIZEN/PUBLIC ASSIST
STILLWATER POLICE DEPARTMENT,STILLWATER,7/6/2026 4:39:13 PM,SW26006071,"XXX LAKE DR, STILLWATER",CITIZEN/PUBLIC ASSIST
STILLWATER POLICE DEPARTMENT,STILLWATER,7/6/2026 4:52:24 PM,SW26006073,"OAKRIDGE RD & STILLWATER BLVD N, STILLWATER",ACCIDENT
STILLWATER POLICE DEPARTMENT,STILLWATER,7/6/2026 4:56:58 PM,SW26006074,"2XXX  Curve Crest Blvd, STILLWATER",ANIMAL COMPLAINT
STILLWATER POLICE DEPARTMENT,STILLWATER,7/6/2026 5:10:41 PM,SW26006075,"1XXX  Greeley St S, STILLWATER",CIVIL MATTER/DISPUTE
STILLWATER POLICE DEPARTMENT,STILLWATER,7/6/2026 5:24:46 PM,SW26006076,"XXX 2nd St S, STILLWATER",FAMILY ASSIST
STILLWATER POLICE DEPARTMENT,STILLWATER,7/6/2026 5:55:35 PM,SW26006077,"1XXX  Macey Way, STILLWATER",CITIZEN/PUBLIC ASSIST
STILLWATER POLICE DEPARTMENT,STILLWATER,7/6/2026 6:28:37 PM,SW26006080,"XXX 2nd St S, STILLWATER",UNWANTED PERSON/VEHICLE
STILLWATER POLICE DEPARTMENT,STILLWATER,7/6/2026 7:54:51 PM,SW26006081,"XXX Greeley St S, STILLWATER",WELFARE CHECK
STILLWATER POLICE DEPARTMENT,STILLWATER,7/6/2026 8:38:04 PM,SW26006084,"1XXX  Eagle Ridge Ct, STILLWATER",CITIZEN/PUBLIC ASSIST
STILLWATER POLICE DEPARTMENT,STILLWATER,7/6/2026 8:46:59 PM,SW26006085,"XXX Chestnut St E, STILLWATER",JUVENILE COMPLAINT
STILLWATER POLICE DEPARTMENT,STILLWATER,7/6/2026 9:13:08 PM,SW26006087,"XXX Hidden Valley Ct, STILLWATER",CIVIL MATTER/DISPUTE
STILLWATER POLICE DEPARTMENT,STILLWATER,7/6/2026 10:33:45 PM,SW26006092,"Unknown, STILLWATER",CITIZEN/PUBLIC ASSIST
STILLWATER POLICE DEPARTMENT,STILLWATER,7/7/2026 3:39:52 AM,SW26006095,"1XXX  Olive St W, STILLWATER",ALARM-BUSINESS/RES/FIRE/MEDICAL/ETC
STILLWATER POLICE DEPARTMENT,STILLWATER,7/7/2026 7:15:29 AM,SW26006096,"Pine St W / Holcombe St S, STILLWATER",911 ABANDONED/HANGUP/OPEN LINE
STILLWATER POLICE DEPARTMENT,STILLWATER,7/7/2026 8:55:38 AM,SW26006097,"Manning Ave N / Settlers Way, STILLWATER",ANIMAL COMPLAINT
STILLWATER POLICE DEPARTMENT,STILLWATER,7/7/2026 9:41:12 AM,SW26006098,"XXX Broadway St S, STILLWATER",PARKING COMPLAINT
STILLWATER POLICE DEPARTMENT,STILLWATER,7/7/2026 10:02:51 AM,SW26006099,"Stillwater Blvd N / Oak St W, STILLWATER",ANIMAL COMPLAINT
STILLWATER POLICE DEPARTMENT,STILLWATER,7/7/2026 11:21:34 AM,SW26006100,"1XXX  OLIVE ST W, STILLWATER",ANIMAL BITE
STILLWATER POLICE DEPARTMENT,STILLWATER,7/7/2026 12:45:50 PM,SW26006101,"XXX 4TH ST N, STILLWATER",ASSIST OTHER AGENCY
STILLWATER POLICE DEPARTMENT,STILLWATER,7/7/2026 1:13:38 PM,SW26006103,"XXX 4th St N, STILLWATER",CITIZEN/PUBLIC ASSIST
STILLWATER POLICE DEPARTMENT,STILLWATER,7/7/2026 1:34:08 PM,SW26006104,"XXX Lake Dr, STILLWATER",CITIZEN/PUBLIC ASSIST
STILLWATER POLICE DEPARTMENT,STILLWATER,7/7/2026 1:47:08 PM,SW26006106,"XXX 5th St S, STILLWATER",THEFT
STILLWATER POLICE DEPARTMENT,STILLWATER,7/7/2026 2:16:51 PM,SW26006108,"2XXX  Market Dr, STILLWATER",ANIMAL COMPLAINT
STILLWATER POLICE DEPARTMENT,STILLWATER,7/7/2026 2:17:03 PM,SW26006107,"14XXX  62ND ST N, STILLWATER",MEDICAL
STILLWATER POLICE DEPARTMENT,STILLWATER,7/7/2026 2:21:43 PM,SW26006109,"Unknown, STILLWATER",CITIZEN/PUBLIC ASSIST
STILLWATER POLICE DEPARTMENT,STILLWATER,7/7/2026 2:35:21 PM,SW26006110,"1XXX  Frontage Rd W, STILLWATER",911 ABANDONED/HANGUP/OPEN LINE
STILLWATER POLICE DEPARTMENT,STILLWATER,7/7/2026 3:41:50 PM,SW26006112,"2XXX  Woodridge Ln, STILLWATER",CHILD CUSTODY
STILLWATER POLICE DEPARTMENT,STILLWATER,7/7/2026 4:32:35 PM,SW26006115,"1XXX  Market Dr, STILLWATER",VEHICLE UNLOCK
STILLWATER POLICE DEPARTMENT,STILLWATER,7/7/2026 5:13:10 PM,SW26006116,"1XXX  Market Dr, STILLWATER",ASSAULT
STILLWATER POLICE DEPARTMENT,STILLWATER,7/7/2026 5:29:23 PM,SW26006117,"XXX Greeley St S, STILLWATER",MEDICAL
STILLWATER POLICE DEPARTMENT,STILLWATER,7/7/2026 5:38:13 PM,SW26006118,"2XXX  Fairlawn Dr, STILLWATER",SUSPICIOUS PERSON/ACTIVITY
STILLWATER POLICE DEPARTMENT,STILLWATER,7/7/2026 5:39:55 PM,SW26006119,"XXX Main St N, STILLWATER",ROAD HAZARD
STILLWATER POLICE DEPARTMENT,STILLWATER,7/7/2026 6:42:19 PM,SW26006122,"1XXX  Frontage Rd W, STILLWATER",ANIMAL COMPLAINT
STILLWATER POLICE DEPARTMENT,STILLWATER,7/7/2026 6:43:42 PM,SW26006123,"2XXX  Orleans St W, STILLWATER",MEDICAL
STILLWATER POLICE DEPARTMENT,STILLWATER,7/7/2026 6:57:13 PM,SW26006124,"2XXX  Frontage Rd W, STILLWATER",WELFARE CHECK
STILLWATER POLICE DEPARTMENT,STILLWATER,7/7/2026 7:03:54 PM,SW26006125,"XXX Laurel St W, STILLWATER",CIVIL MATTER/DISPUTE
STILLWATER POLICE DEPARTMENT,STILLWATER,7/7/2026 7:10:36 PM,SW26006126,"Market Dr / Curve Crest Blvd, STILLWATER",ANIMAL COMPLAINT
STILLWATER POLICE DEPARTMENT,STILLWATER,7/7/2026 7:38:51 PM,SW26006127,"XXX 2nd St N, STILLWATER",CITIZEN/PUBLIC ASSIST
STILLWATER POLICE DEPARTMENT,STILLWATER,7/7/2026 8:09:52 PM,SW26006128,"3XXX  Abercrombie Ln, STILLWATER",WELFARE CHECK
STILLWATER POLICE DEPARTMENT,STILLWATER,7/7/2026 8:41:50 PM,SW26006129,"2XXX  Hawthorne Ln, STILLWATER",CITIZEN/PUBLIC ASSIST
STILLWATER POLICE DEPARTMENT,STILLWATER,7/7/2026 9:04:30 PM,SW26006131,"XXX MAIN ST N, STILLWATER",DRIVING COMPLAINT
STILLWATER POLICE DEPARTMENT,STILLWATER,7/7/2026 9:26:00 PM,SW26006132,"XXX - 399 WATER ST S, STILLWATER",TRAFFIC STOP
STILLWATER POLICE DEPARTMENT,STILLWATER,7/7/2026 9:40:01 PM,SW26006133,"XXX Main St S, STILLWATER",DISTURBANCE
STILLWATER POLICE DEPARTMENT,STILLWATER,7/7/2026 9:42:20 PM,SW26006134,"Chestnut St E / Water St S, STILLWATER",DISTURBANCE
STILLWATER POLICE DEPARTMENT,STILLWATER,7/7/2026 10:18:52 PM,SW26006137,"XXX Greeley St S, STILLWATER",MEDICAL
STILLWATER POLICE DEPARTMENT,STILLWATER,7/7/2026 10:33:08 PM,SW26006139,"XXX 2nd St N, STILLWATER",SUSPICIOUS PERSON/ACTIVITY
STILLWATER POLICE DEPARTMENT,STILLWATER,7/7/2026 11:25:18 PM,SW26006141,"XXX Main St S, STILLWATER",DISTURBANCE
STILLWATER POLICE DEPARTMENT,STILLWATER,7/8/2026 1:43:39 AM,SW26006143,"XXX Main St S, STILLWATER",TRESPASSING
STILLWATER POLICE DEPARTMENT,STILLWATER,7/8/2026 1:58:27 AM,SW26006144,"1XXX  4th St S, STILLWATER",PUBLIC WORKS CONCERN
STILLWATER POLICE DEPARTMENT,STILLWATER,7/8/2026 9:09:09 AM,SW26006145,"15XXX  60th St N, STILLWATER",FRAUD/SCAM
STILLWATER POLICE DEPARTMENT,STILLWATER,7/8/2026 9:14:08 AM,SW26006146,"Unknown, STILLWATER",DISTURBANCE
STILLWATER POLICE DEPARTMENT,STILLWATER,7/8/2026 9:17:41 AM,SW26006147,"XXX 4th St N, STILLWATER",FRAUD/SCAM
STILLWATER POLICE DEPARTMENT,STILLWATER,7/8/2026 10:34:32 AM,SW26006148,"1XXX  1st St S, STILLWATER",CIVIL MATTER/DISPUTE
STILLWATER POLICE DEPARTMENT,STILLWATER,7/8/2026 11:56:18 AM,SW26006150,"1XXX  Walnut Creek Dr, STILLWATER",ANIMAL COMPLAINT
STILLWATER POLICE DEPARTMENT,STILLWATER,7/8/2026 1:26:50 PM,SW26006151,"XXX 2nd St S, STILLWATER",CITIZEN/PUBLIC ASSIST
STILLWATER POLICE DEPARTMENT,STILLWATER,7/8/2026 2:04:53 PM,SW26006152,"2XXX  VAN TASSEL DR, STILLWATER",FOLLOW UP
STILLWATER POLICE DEPARTMENT,STILLWATER,7/8/2026 2:57:39 PM,SW26006153,"XXX Main St N, STILLWATER",CIVIL MATTER/DISPUTE
STILLWATER POLICE DEPARTMENT,STILLWATER,7/8/2026 3:02:26 PM,SW26006154,"2XXX  Saddle Ct, STILLWATER",CIVIL MATTER/DISPUTE
STILLWATER POLICE DEPARTMENT,STILLWATER,7/8/2026 3:16:34 PM,SW26006156,"1XXX  Johnson Dr, STILLWATER",911 ABANDONED/HANGUP/OPEN LINE
STILLWATER POLICE DEPARTMENT,STILLWATER,7/8/2026 3:25:41 PM,SW26006157,"1XXX  William St N, STILLWATER",ALARM-BUSINESS/RES/FIRE/MEDICAL/ETC
STILLWATER POLICE DEPARTMENT,STILLWATER,7/8/2026 4:20:12 PM,SW26006160,"XXX Main St N, STILLWATER",DISTURBANCE
STILLWATER POLICE DEPARTMENT,STILLWATER,7/8/2026 4:20:30 PM,SW26006161,"1XXX  Curve Crest Blvd W, STILLWATER",ALARM-BUSINESS/RES/FIRE/MEDICAL/ETC
STILLWATER POLICE DEPARTMENT,STILLWATER,7/8/2026 4:32:04 PM,SW26006162,"2XXX  Schulenburg Aly, STILLWATER",DISTURBANCE
STILLWATER POLICE DEPARTMENT,STILLWATER,7/8/2026 4:48:01 PM,SW26006163,"XXX 4th St N, STILLWATER",FOUND PROPERTY/ITEM
STILLWATER POLICE DEPARTMENT,STILLWATER,7/8/2026 5:45:36 PM,SW26006164,"XXX Hidden Valley Ct, STILLWATER",RUNAWAY
STILLWATER POLICE DEPARTMENT,STILLWATER,7/8/2026 5:58:15 PM,SW26006166,"XXX Mulberry St E, STILLWATER",911 ABANDONED/HANGUP/OPEN LINE
STILLWATER POLICE DEPARTMENT,STILLWATER,7/8/2026 6:34:43 PM,SW26006167,"8XXX  MARYLANE AVE N, STILLWATER",DISTURBANCE
STILLWATER POLICE DEPARTMENT,STILLWATER,7/8/2026 8:20:37 PM,SW26006170,"XXX Main St S, STILLWATER",SUSPICIOUS PERSON/ACTIVITY
STILLWATER POLICE DEPARTMENT,STILLWATER,7/8/2026 8:54:03 PM,SW26006171,"XXX 2nd St N, STILLWATER",ALARM-BUSINESS/RES/FIRE/MEDICAL/ETC
STILLWATER POLICE DEPARTMENT,STILLWATER,7/8/2026 9:28:57 PM,SW26006173,"XXX Chestnut St E, STILLWATER",JUVENILE COMPLAINT
STILLWATER POLICE DEPARTMENT,STILLWATER,7/8/2026 9:50:59 PM,SW26006174," 1112 TIMBER WAY   , STILLWATER",OVERDOSE
STILLWATER POLICE DEPARTMENT,STILLWATER,7/8/2026 11:52:34 PM,SW26006175,"XXX Cherry St W, STILLWATER",SUSPICIOUS PERSON/ACTIVITY
STILLWATER POLICE DEPARTMENT,STILLWATER,7/9/2026 2:03:02 AM,SW26006176,"XX Rivercrest Ln, STILLWATER",MEDICAL
STILLWATER POLICE DEPARTMENT,STILLWATER,7/9/2026 5:40:53 AM,SW26006177,"1XXX  NORTHWESTERN AVE, STILLWATER",MEDICAL
STILLWATER POLICE DEPARTMENT,STILLWATER,7/9/2026 8:03:37 AM,SW26006178,"1XXX  Meadowview Dr, STILLWATER",CIVIL MATTER/DISPUTE
STILLWATER POLICE DEPARTMENT,STILLWATER,7/9/2026 8:23:16 AM,SW26006179,"14XXX  62nd St N, STILLWATER",LOCKOUT
STILLWATER POLICE DEPARTMENT,STILLWATER,7/9/2026 10:11:49 AM,SW26006181,"XXX Mulberry St E, STILLWATER",ANIMAL COMPLAINT
STILLWATER POLICE DEPARTMENT,STILLWATER,7/9/2026 10:29:30 AM,SW26006182,"1XXX  Cottage Dr, STILLWATER",SUICIDE ATTEMPT/THREATS OF
STILLWATER POLICE DEPARTMENT,STILLWATER,7/9/2026 11:46:43 AM,SW26006186,"Grove St S / Pine St W, STILLWATER",ACCIDENT
STILLWATER POLICE DEPARTMENT,STILLWATER,7/9/2026 1:00:58 PM,SW26006188,"2XXX  Washington Ave, STILLWATER",911 ABANDONED/HANGUP/OPEN LINE
STILLWATER POLICE DEPARTMENT,STILLWATER,7/9/2026 1:13:57 PM,SW26006189,"XXX Harriet St S, STILLWATER",PARKING COMPLAINT
STILLWATER POLICE DEPARTMENT,STILLWATER,7/9/2026 1:26:08 PM,SW26006190,"1XXX  Market Dr, STILLWATER",911 ABANDONED/HANGUP/OPEN LINE
STILLWATER POLICE DEPARTMENT,STILLWATER,7/9/2026 2:55:55 PM,SW26006195,"Unknown, STILLWATER",LOST PROPERTY/ITEM
STILLWATER POLICE DEPARTMENT,STILLWATER,7/9/2026 2:57:49 PM,SW26006194,"1XXX  Curve Crest Blvd, STILLWATER",911 ABANDONED/HANGUP/OPEN LINE
STILLWATER POLICE DEPARTMENT,STILLWATER,7/9/2026 4:06:13 PM,SW26006196,"Stillwater Lift Bridge (pedestrian) - Mn, STILLWATER",DISTURBANCE
STILLWATER POLICE DEPARTMENT,STILLWATER,7/9/2026 5:11:43 PM,SW26006198,"XXX 4TH ST N, STILLWATER",CITIZEN/PUBLIC ASSIST
STILLWATER POLICE DEPARTMENT,STILLWATER,7/9/2026 5:22:26 PM,SW26006200,"1XXX  Greeley St S, STILLWATER",ALARM-BUSINESS/RES/FIRE/MEDICAL/ETC
STILLWATER POLICE DEPARTMENT,STILLWATER,7/9/2026 5:55:21 PM,SW26006201,"XXX Main St N, STILLWATER",ANIMAL COMPLAINT
STILLWATER POLICE DEPARTMENT,STILLWATER,7/9/2026 6:14:03 PM,SW26006202,"1XXX  Nightingale Blvd, STILLWATER",ALARM-BUSINESS/RES/FIRE/MEDICAL/ETC
STILLWATER POLICE DEPARTMENT,STILLWATER,7/9/2026 7:26:05 PM,SW26006204,"1XXX  Eagle Ridge Ct, STILLWATER",THREATS
STILLWATER POLICE DEPARTMENT,STILLWATER,7/9/2026 7:41:32 PM,SW26006205,"XXX Sherburne St S, STILLWATER",ANIMAL BITE
STILLWATER POLICE DEPARTMENT,STILLWATER,7/9/2026 7:48:13 PM,SW26006206,"1XXX  Frontage Rd W, STILLWATER",CIVIL MATTER/DISPUTE
STILLWATER POLICE DEPARTMENT,STILLWATER,7/9/2026 9:14:01 PM,SW26006208,"Burlington St E / 5th Ave S, STILLWATER",FIREWORKS
STILLWATER POLICE DEPARTMENT,STILLWATER,7/9/2026 9:51:30 PM,SW26006210,"XXX Greeley St N, STILLWATER",BURNING COMPLAINT
STILLWATER POLICE DEPARTMENT,STILLWATER,7/9/2026 10:28:35 PM,SW26006211,"XXX 5th St S, STILLWATER",ALARM-BUSINESS/RES/FIRE/MEDICAL/ETC
STILLWATER POLICE DEPARTMENT,STILLWATER,7/9/2026 10:31:36 PM,SW26006212,"1XXX  Linson Cir, STILLWATER",NOISE COMPLAINT/DISTURBANCE
STILLWATER POLICE DEPARTMENT,STILLWATER,7/9/2026 11:55:44 PM,SW26006213,"XXX Greeley St S, STILLWATER",MEDICAL
STILLWATER POLICE DEPARTMENT,STILLWATER,7/10/2026 12:01:52 AM,SW26006214,"XXX Main St S, STILLWATER",UNWANTED PERSON/VEHICLE
STILLWATER POLICE DEPARTMENT,STILLWATER,7/10/2026 12:47:26 AM,SW26006215,"XXX Main St S, STILLWATER",UNWANTED PERSON/VEHICLE
STILLWATER POLICE DEPARTMENT,STILLWATER,7/10/2026 8:39:21 AM,SW26006217,"12XXX  62ND ST N, STILLWATER",OFFICER INFORMATION
STILLWATER POLICE DEPARTMENT,STILLWATER,7/10/2026 9:36:02 AM,SW26006218,"XXX Elm St W, STILLWATER",ANIMAL COMPLAINT
STILLWATER POLICE DEPARTMENT,STILLWATER,7/10/2026 10:08:01 AM,SW26006219,"2nd St N / Myrtle St E, STILLWATER",ACCIDENT
STILLWATER POLICE DEPARTMENT,STILLWATER,7/10/2026 11:56:10 AM,SW26006222,"XXX 2nd St S, STILLWATER",CITIZEN/PUBLIC ASSIST
STILLWATER POLICE DEPARTMENT,STILLWATER,7/10/2026 12:18:52 PM,SW26006223,"1XXX  Cottage Dr, STILLWATER",MEDICAL
STILLWATER POLICE DEPARTMENT,STILLWATER,7/10/2026 12:27:33 PM,SW26006224,"XXX - 131 MAIN ST S, STILLWATER",ASSAULT
STILLWATER POLICE DEPARTMENT,STILLWATER,7/10/2026 12:32:40 PM,SW26006225,"XXX Laurel St W, STILLWATER",MEDICAL
STILLWATER POLICE DEPARTMENT,STILLWATER,7/10/2026 12:34:43 PM,SW26006226,"Greeley St S / Pine St W, STILLWATER",ORDINANCE VIOLATION
STILLWATER POLICE DEPARTMENT,STILLWATER,7/10/2026 12:41:55 PM,SW26006227,"XXX Water St S, STILLWATER",911 ABANDONED/HANGUP/OPEN LINE
STILLWATER POLICE DEPARTMENT,STILLWATER,7/10/2026 12:44:39 PM,SW26006228,"15XXX  62nd St N, STILLWATER",CITIZEN/PUBLIC ASSIST
STILLWATER POLICE DEPARTMENT,STILLWATER,7/10/2026 1:02:32 PM,SW26006229,"15XXX  62nd St N, STILLWATER",CITIZEN/PUBLIC ASSIST
STILLWATER POLICE DEPARTMENT,STILLWATER,7/10/2026 1:34:56 PM,SW26006230,"1XXX  5th St S, STILLWATER",ACCIDENT
STILLWATER POLICE DEPARTMENT,STILLWATER,7/10/2026 1:53:23 PM,SW26006231,"Unknown, STILLWATER",ASSIST OTHER AGENCY
STILLWATER POLICE DEPARTMENT,STILLWATER,7/10/2026 2:05:43 PM,SW26006232,"XXX Everett Dr , STILLWATER",CITIZEN/PUBLIC ASSIST
STILLWATER POLICE DEPARTMENT,STILLWATER,7/10/2026 2:43:15 PM,SW26006233,"XXX Churchill St W, STILLWATER",ANIMAL COMPLAINT
STILLWATER POLICE DEPARTMENT,STILLWATER,7/10/2026 3:08:02 PM,SW26006234,"XXX UNION ALY, STILLWATER",OFFICER INFORMATION
STILLWATER POLICE DEPARTMENT,STILLWATER,7/10/2026 4:01:41 PM,SW26006236,"1XXX  Driving Park Rd, STILLWATER",VEHICLE TAMPERING
STILLWATER POLICE DEPARTMENT,STILLWATER,7/10/2026 5:49:42 PM,SW26006237,"XXX Owens St N, STILLWATER",ANIMAL COMPLAINT
STILLWATER POLICE DEPARTMENT,STILLWATER,7/10/2026 7:52:09 PM,SW26006240,"XXX Main St S, STILLWATER",MEDICAL
STILLWATER POLICE DEPARTMENT,STILLWATER,7/10/2026 7:58:33 PM,SW26006241,"14XXX  60th St N, STILLWATER",THEFT
STILLWATER POLICE DEPARTMENT,STILLWATER,7/10/2026 8:20:12 PM,SW26006242,"1XXX  Owens St N, STILLWATER",MEDICAL
STILLWATER POLICE DEPARTMENT,STILLWATER,7/10/2026 9:03:47 PM,SW26006243,"XXX Sherburne St N, STILLWATER",CITIZEN/PUBLIC ASSIST
STILLWATER POLICE DEPARTMENT,STILLWATER,7/10/2026 9:37:09 PM,SW26006244,"Mckusick Rd N / Neal Ave N, STILLWATER",ACCIDENT
STILLWATER POLICE DEPARTMENT,STILLWATER,7/10/2026 10:12:00 PM,SW26006246,"WATER ST S & NELSON ST, STILLWATER",TRAFFIC STOP
STILLWATER POLICE DEPARTMENT,STILLWATER,7/11/2026 12:00:00 AM,SW26006263,"XXX WATER ST S, STILLWATER",TRESPASSING
STILLWATER POLICE DEPARTMENT,STILLWATER,7/11/2026 12:03:04 AM,SW26006248,"XXX Olive St W, STILLWATER",ALARM-BUSINESS/RES/FIRE/MEDICAL/ETC
STILLWATER POLICE DEPARTMENT,STILLWATER,7/11/2026 12:40:22 AM,SW26006252,"XXX WATER ST S, STILLWATER",DISTURBANCE
STILLWATER POLICE DEPARTMENT,STILLWATER,7/11/2026 2:12:10 AM,SW26006253,"1XXX  - 1354 MAIN ST S, STILLWATER",DWI
STILLWATER POLICE DEPARTMENT,STILLWATER,7/11/2026 2:54:29 AM,SW26006256,"2XXX  Oak Glen Trl, STILLWATER",PROPERTY DAMAGE
STILLWATER POLICE DEPARTMENT,STILLWATER,7/11/2026 7:30:49 AM,SW26006258,"1XXX  Olive St W, STILLWATER",CIVIL MATTER/DISPUTE
STILLWATER POLICE DEPARTMENT,STILLWATER,7/11/2026 8:36:00 AM,SW26006260,"XXX MAIN ST S, STILLWATER",TRESPASSING
STILLWATER POLICE DEPARTMENT,STILLWATER,7/11/2026 9:14:06 AM,SW26006262,"2XXX  Edgewood Ct, STILLWATER",MEDICAL
STILLWATER POLICE DEPARTMENT,STILLWATER,7/11/2026 10:08:07 AM,SW26006264,"1XXX  Pine St W, STILLWATER",SUSPICIOUS PERSON/ACTIVITY
STILLWATER POLICE DEPARTMENT,STILLWATER,7/11/2026 11:40:06 AM,SW26006266,"6XXX  STILLWATER BLVD N, STILLWATER",FIRE
STILLWATER POLICE DEPARTMENT,STILLWATER,7/11/2026 12:00:12 PM,SW26006267,"2XXX  Market Dr, STILLWATER",911 ABANDONED/HANGUP/OPEN LINE
STILLWATER POLICE DEPARTMENT,STILLWATER,7/11/2026 12:19:39 PM,SW26006269,"XXX Main St S, STILLWATER",CITIZEN/PUBLIC ASSIST
STILLWATER POLICE DEPARTMENT,STILLWATER,7/11/2026 12:27:38 PM,SW26006270,"XXX Greeley St S, STILLWATER",SUICIDE ATTEMPT/THREATS OF
STILLWATER POLICE DEPARTMENT,STILLWATER,7/11/2026 12:55:24 PM,SW26006271,"XXX Main St S, STILLWATER",ACCIDENT
STILLWATER POLICE DEPARTMENT,STILLWATER,7/11/2026 1:04:46 PM,SW26006272,"STILLWATER BLVD N OVER HWY 36, STILLWATER",PURSUIT
STILLWATER POLICE DEPARTMENT,STILLWATER,7/11/2026 1:42:03 PM,SW26006273,"2XXX  Oakridge Rd, STILLWATER",MEDICAL
STILLWATER POLICE DEPARTMENT,STILLWATER,7/11/2026 2:17:03 PM,SW26006274,"XXX Main St S, STILLWATER",TRESPASSING
STILLWATER POLICE DEPARTMENT,STILLWATER,7/11/2026 3:22:12 PM,SW26006275,"3XXX  Pioneer Pl, STILLWATER",MEDICAL
STILLWATER POLICE DEPARTMENT,STILLWATER,7/11/2026 3:29:46 PM,SW26006276,"XXX 2nd St N, STILLWATER",WELFARE CHECK
STILLWATER POLICE DEPARTMENT,STILLWATER,7/11/2026 3:48:05 PM,SW26006278,"XXX 3rd St N, STILLWATER",VEHICLE UNLOCK
STILLWATER POLICE DEPARTMENT,STILLWATER,7/11/2026 3:48:24 PM,SW26006277,"Stillwater Blvd N To Hwy 36 Wb Ramp, STILLWATER",ACCIDENT
STILLWATER POLICE DEPARTMENT,STILLWATER,7/11/2026 3:53:29 PM,SW26006279,"2XXX  Oakridge Rd, STILLWATER",WELFARE CHECK
STILLWATER POLICE DEPARTMENT,STILLWATER,7/11/2026 4:11:03 PM,SW26006280,"XXX MAIN ST S, STILLWATER",ACCIDENT
STILLWATER POLICE DEPARTMENT,STILLWATER,7/11/2026 4:13:01 PM,SW26006281,"XXX Main St N, STILLWATER",LOST PROPERTY/ITEM
STILLWATER POLICE DEPARTMENT,STILLWATER,7/11/2026 4:30:57 PM,SW26006282,"Hwy 36 Wb At Stillwater Blvd N, STILLWATER",TRAFFIC COMPLAINT
STILLWATER POLICE DEPARTMENT,STILLWATER,7/11/2026 4:48:19 PM,SW26006283,"1XXX  GREELEY ST S, STILLWATER",ALARM-BUSINESS/RES/FIRE/MEDICAL/ETC
STILLWATER POLICE DEPARTMENT,STILLWATER,7/11/2026 5:00:34 PM,SW26006284,"15XXX  62nd St N, STILLWATER",MEDICAL
STILLWATER POLICE DEPARTMENT,STILLWATER,7/11/2026 6:25:53 PM,SW26006285,"XXX Birchwood Dr N, STILLWATER",CIVIL MATTER/DISPUTE
STILLWATER POLICE DEPARTMENT,STILLWATER,7/11/2026 6:46:48 PM,SW26006286,"1XXX  Greeley St S, STILLWATER",ALARM-BUSINESS/RES/FIRE/MEDICAL/ETC
STILLWATER POLICE DEPARTMENT,STILLWATER,7/11/2026 7:12:17 PM,SW26006288,"14XXX  62nd St N, STILLWATER",WELFARE CHECK
STILLWATER POLICE DEPARTMENT,STILLWATER,7/11/2026 7:28:15 PM,SW26006290,"1XXX  4th Ave S, STILLWATER",MEDICAL
STILLWATER POLICE DEPARTMENT,STILLWATER,7/11/2026 7:40:49 PM,SW26006291,"XXX Owens St N, STILLWATER",ALARM-BUSINESS/RES/FIRE/MEDICAL/ETC
STILLWATER POLICE DEPARTMENT,STILLWATER,7/11/2026 9:06:00 PM,SW26006292,"XXX Main St S, STILLWATER",DISORDERLY CONDUCT
STILLWATER POLICE DEPARTMENT,STILLWATER,7/11/2026 9:15:00 PM,SW26006293,"XXX Water St N, STILLWATER",DISORDERLY CONDUCT
STILLWATER POLICE DEPARTMENT,STILLWATER,7/11/2026 10:56:59 PM,SW26006297,"XXX Greeley St S, STILLWATER",MEDICAL
STILLWATER POLICE DEPARTMENT,STILLWATER,7/11/2026 11:01:19 PM,SW26006296,"XXX Marsh St W, STILLWATER",ALARM-BUSINESS/RES/FIRE/MEDICAL/ETC
STILLWATER POLICE DEPARTMENT,STILLWATER TOWNSHIP,7/6/2026 8:04:00 PM,SW26006082,"9XXX  - 9498 PAWNEE AVE N, STILLWATER TOWNSHIP",TRAFFIC STOP
WASHINGTON COUNTY SHERIFFS OFFICE,AFTON,7/5/2026 2:15:14 AM,WC26033176,"1XXX  Majestic Pines Trl, AFTON",INCIDENT
WASHINGTON COUNTY SHERIFFS OFFICE,AFTON,7/5/2026 9:59:17 AM,WC26033209,"15XXX  - 15899 AFTON BLVD S, AFTON",DIRECTED PATROL
WASHINGTON COUNTY SHERIFFS OFFICE,AFTON,7/5/2026 11:42:22 AM,WC26033218,"SAINT CROIX RIVER-A, AFTON",BOAT STOP
WASHINGTON COUNTY SHERIFFS OFFICE,AFTON,7/5/2026 2:37:06 PM,WC26033242,"NEAL AVE S / 22ND ST S, AFTON",DISTURBANCE
WASHINGTON COUNTY SHERIFFS OFFICE,AFTON,7/5/2026 9:00:05 PM,WC26033300,"Unknown, AFTON",ACCIDENT
WASHINGTON COUNTY SHERIFFS OFFICE,AFTON,7/6/2026 2:36:26 PM,WC26033453,"SAINT CROIX TRL S / 50TH ST S, AFTON",MOTORIST ASSIST
WASHINGTON COUNTY SHERIFFS OFFICE,AFTON,7/6/2026 2:46:54 PM,WC26033456,"Stagecoach Trl S / Valley Creek Trl S, AFTON",VEHICLE OFF ROAD
WASHINGTON COUNTY SHERIFFS OFFICE,AFTON,7/6/2026 6:54:46 PM,WC26033489,"3XXX  Saint Croix Trl S, AFTON",WELFARE CHECK
WASHINGTON COUNTY SHERIFFS OFFICE,AFTON,7/6/2026 9:19:29 PM,WC26033502,"I94 Eb At Manning Ave S, AFTON",DRIVING COMPLAINT
WASHINGTON COUNTY SHERIFFS OFFICE,AFTON,7/6/2026 11:52:23 PM,WC26033527,"2XXX  Trading Post Trl S, AFTON",DISTURBANCE
WASHINGTON COUNTY SHERIFFS OFFICE,AFTON,7/7/2026 2:32:09 AM,WC26033535,"2XXX  - 2999 SAINT CROIX TRL S, AFTON",ROAD HAZARD
WASHINGTON COUNTY SHERIFFS OFFICE,AFTON,7/7/2026 2:53:26 AM,WC26033536,"14XXX  - 14788 AFTON BLVD S, AFTON",ROAD HAZARD
WASHINGTON COUNTY SHERIFFS OFFICE,AFTON,7/7/2026 10:07:55 AM,WC26033574,"1XXX  Oakgreen Ave S, AFTON",OFFICER INFORMATION
WASHINGTON COUNTY SHERIFFS OFFICE,AFTON,7/7/2026 11:40:24 AM,WC26033586,"Neal Ave S / 50th St S, AFTON",ACCIDENT
WASHINGTON COUNTY SHERIFFS OFFICE,AFTON,7/7/2026 3:37:26 PM,WC26033635,"16XXX  32nd St S, AFTON",WELFARE CHECK
WASHINGTON COUNTY SHERIFFS OFFICE,AFTON,7/8/2026 8:05:02 AM,WC26033718,"I94 EB AT MANNING AVE S, AFTON",TRAFFIC STOP
WASHINGTON COUNTY SHERIFFS OFFICE,AFTON,7/9/2026 4:13:57 PM,WC26034029,"XX I94 Wb Jeo Manning Ave N, AFTON",WELFARE CHECK
WASHINGTON COUNTY SHERIFFS OFFICE,AFTON,7/10/2026 5:34:37 AM,WC26034150,"12XXX  8th St S, AFTON",MEDICAL
WASHINGTON COUNTY SHERIFFS OFFICE,AFTON,7/10/2026 8:24:51 AM,WC26034165,"I94 EB AT NEAL AVE S, AFTON",CITIZEN/PUBLIC ASSIST
WASHINGTON COUNTY SHERIFFS OFFICE,AFTON,7/10/2026 9:28:17 AM,WC26034188,"4XXX  River Rd S, AFTON",OFFICER INFORMATION
WASHINGTON COUNTY SHERIFFS OFFICE,AFTON,7/10/2026 2:24:23 PM,WC26034248,"1XXX  Manning Ave S, AFTON",911 ABANDONED/HANGUP/OPEN LINE
WASHINGTON COUNTY SHERIFFS OFFICE,AFTON,7/10/2026 3:22:35 PM,WC26034256,"15XXX  - 15899 AFTON BLVD S, AFTON",DIRECTED PATROL
WASHINGTON COUNTY SHERIFFS OFFICE,AFTON,7/10/2026 5:26:00 PM,WC26034287,"13XXX  - 14699 HUDSON RD S, AFTON",TRAFFIC STOP
WASHINGTON COUNTY SHERIFFS OFFICE,AFTON,7/10/2026 6:13:00 PM,WC26034296,"3XXX  - 4998 RIVER RD S, AFTON",TRAFFIC STOP
WASHINGTON COUNTY SHERIFFS OFFICE,AFTON,7/11/2026 6:50:08 AM,WC26034416,"3XXX  SAINT CROIX TRL S, AFTON",ANIMAL COMPLAINT
WASHINGTON COUNTY SHERIFFS OFFICE,AFTON,7/11/2026 7:33:12 AM,WC26034420,"13XXX  15th St S, AFTON",911 ABANDONED/HANGUP/OPEN LINE
WASHINGTON COUNTY SHERIFFS OFFICE,AFTON,7/11/2026 3:03:05 PM,WC26034496,"4XXX  Penfield Ct S, AFTON",CIVIL MATTER/DISPUTE
WASHINGTON COUNTY SHERIFFS OFFICE,AFTON,7/11/2026 5:07:57 PM,WC26034533,"15XXX  Afton Hills Dr S, AFTON",MEDICAL
WASHINGTON COUNTY SHERIFFS OFFICE,AFTON,7/11/2026 9:07:00 PM,WC26034577,"SAINT CROIX TRL S / 30TH STREET SOUTH , AFTON",TRAFFIC STOP
WASHINGTON COUNTY SHERIFFS OFFICE,BAYPORT,7/5/2026 1:12:32 AM,WC26033168,"5TH AVE S, BAYPORT",ASSIST OTHER AGENCY
WASHINGTON COUNTY SHERIFFS OFFICE,BAYPORT,7/5/2026 5:32:05 PM,WC26033272,"SAINT CROIX RIVER - MNR7, BAYPORT",BOAT STOP
WASHINGTON COUNTY SHERIFFS OFFICE,BAYPORT,7/11/2026 12:58:00 PM,WC26034463,"4XXX  - 4699 STAGECOACH TRL N, BAYPORT",TRAFFIC STOP
WASHINGTON COUNTY SHERIFFS OFFICE,BAYTOWN TOWNSHIP,7/5/2026 2:48:47 AM,WC26033180,"13XXX  47th St N, BAYTOWN TOWNSHIP",911 ABANDONED/HANGUP/OPEN LINE
WASHINGTON COUNTY SHERIFFS OFFICE,BAYTOWN TOWNSHIP,7/5/2026 9:01:51 AM,WC26033202,"3XXX  Stagecoach Trl N, BAYTOWN TOWNSHIP",MEDICAL
WASHINGTON COUNTY SHERIFFS OFFICE,BAYTOWN TOWNSHIP,7/7/2026 1:44:05 PM,WC26033612,"47th St N / Stagecoach Trl N, BAYTOWN TOWNSHIP",MEDICAL
WASHINGTON COUNTY SHERIFFS OFFICE,BAYTOWN TOWNSHIP,7/10/2026 8:30:05 AM,WC26034168,"4XXX  Odegard Ave N, BAYTOWN TOWNSHIP",ASSIST OTHER AGENCY
WASHINGTON COUNTY SHERIFFS OFFICE,BAYTOWN TOWNSHIP,7/10/2026 9:42:20 AM,WC26034200,"4XXX  Osgood Ave N, BAYTOWN TOWNSHIP",ALARM-BUSINESS/RES/FIRE/MEDICAL/ETC
WASHINGTON COUNTY SHERIFFS OFFICE,BAYTOWN TOWNSHIP,7/10/2026 10:57:48 AM,WC26034221,"4XXX  Stagecoach Trl N, BAYTOWN TOWNSHIP",SCHOOL/STUDENT ISSUE
WASHINGTON COUNTY SHERIFFS OFFICE,BIRCHWOOD,7/9/2026 10:05:09 PM,WC26034095,"XXX Birchwood Ave, BIRCHWOOD",PUBLIC WORKS CONCERN
WASHINGTON COUNTY SHERIFFS OFFICE,COTTAGE GROVE,7/5/2026 2:49:51 AM,WC26033182,"11XXX  Manning Ave S, COTTAGE GROVE",UNWANTED PERSON/VEHICLE
WASHINGTON COUNTY SHERIFFS OFFICE,COTTAGE GROVE,7/5/2026 3:17:20 PM,WC26033251,"6XXX  62nd Ct S, COTTAGE GROVE",ASSIST OTHER AGENCY
WASHINGTON COUNTY SHERIFFS OFFICE,COTTAGE GROVE,7/6/2026 3:58:41 PM,WC26033470,"HARDWOOD AVE S / 80TH ST S, COTTAGE GROVE",ASSIST OTHER AGENCY
WASHINGTON COUNTY SHERIFFS OFFICE,COTTAGE GROVE,7/7/2026 3:16:14 PM,WC26033628,"HWY 61 SB JNO 80TH ST S, COTTAGE GROVE",TRAFFIC STOP
WASHINGTON COUNTY SHERIFFS OFFICE,COTTAGE GROVE,7/8/2026 2:11:14 PM,WC26033783,"9XXX  East Point Douglas Rd S, COTTAGE GROVE",K9 ASSIST
WASHINGTON COUNTY SHERIFFS OFFICE,COTTAGE GROVE,7/8/2026 5:47:00 PM,WC26033819,"10XXX  GREY CLOUD TRL S, COTTAGE GROVE",CIVIL MATTER/DISPUTE
WASHINGTON COUNTY SHERIFFS OFFICE,COTTAGE GROVE,7/8/2026 6:21:15 PM,WC26033829,"6XXX  BELLFLOWER CT S, COTTAGE GROVE",CIVIL MATTER/DISPUTE
WASHINGTON COUNTY SHERIFFS OFFICE,COTTAGE GROVE,7/8/2026 11:49:00 PM,WC26033861,"KEATS AVE S / 70TH ST S, COTTAGE GROVE",WARRANT ARREST
WASHINGTON COUNTY SHERIFFS OFFICE,COTTAGE GROVE,7/9/2026 7:19:45 AM,WC26033906,"6XXX  - 6998 MANNING AVE S, COTTAGE GROVE",DIRECTED PATROL
WASHINGTON COUNTY SHERIFFS OFFICE,COTTAGE GROVE,7/10/2026 5:55:00 PM,WC26034292,"COTTAGE GROVE RAVINE PARK ENTRANCE RD, COTTAGE GROVE",PARKING VIOLATION
WASHINGTON COUNTY SHERIFFS OFFICE,COTTAGE GROVE,7/10/2026 6:08:00 PM,WC26034293,"COTTAGE GROVE RAVINE PARK ENTRANCE RD, COTTAGE GROVE",PARKING VIOLATION
WASHINGTON COUNTY SHERIFFS OFFICE,COTTAGE GROVE,7/10/2026 11:39:53 PM,WC26034373,"8XXX  - 7250 Highway 61, COTTAGE GROVE",TRAFFIC STOP
WASHINGTON COUNTY SHERIFFS OFFICE,COTTAGE GROVE,7/11/2026 1:57:15 AM,WC26034401,"7XXX  - 7498 ISLETON AVE S, COTTAGE GROVE",DIRECTED PATROL
WASHINGTON COUNTY SHERIFFS OFFICE,DELLWOOD,7/5/2026 6:55:45 AM,WC26033195,"Hwy 244 Jno Meadow Ln, DELLWOOD",MEDICAL
WASHINGTON COUNTY SHERIFFS OFFICE,DELLWOOD,7/9/2026 4:50:00 PM,WC26034034,"XX HIGH POINT RD, DELLWOOD",TRAFFIC STOP
WASHINGTON COUNTY SHERIFFS OFFICE,DELLWOOD,7/9/2026 6:08:23 PM,WC26034052,"XX Dellwood Rd N, DELLWOOD",911 ABANDONED/HANGUP/OPEN LINE
WASHINGTON COUNTY SHERIFFS OFFICE,DELLWOOD,7/10/2026 2:11:17 PM,WC26034244,"1-25 BAYHILL RD, DELLWOOD",DIRECTED PATROL
WASHINGTON COUNTY SHERIFFS OFFICE,DENMARK TOWNSHIP,7/5/2026 12:26:30 PM,WC26033222,"6XXX  Peller Ave S, DENMARK TOWNSHIP",911 ABANDONED/HANGUP/OPEN LINE
WASHINGTON COUNTY SHERIFFS OFFICE,DENMARK TOWNSHIP,7/5/2026 12:39:57 PM,WC26033224,"SAINT CROIX RIVER - MNR11, DENMARK TOWNSHIP",ASSIST OTHER AGENCY
WASHINGTON COUNTY SHERIFFS OFFICE,DENMARK TOWNSHIP,7/5/2026 9:56:58 PM,WC26033314,"12XXX  Point Douglas Dr S, DENMARK TOWNSHIP",VEHICLE UNLOCK
WASHINGTON COUNTY SHERIFFS OFFICE,DENMARK TOWNSHIP,7/6/2026 5:08:45 AM,WC26033369,"13XXX  122nd St S, DENMARK TOWNSHIP",ALARM-BUSINESS/RES/FIRE/MEDICAL/ETC
WASHINGTON COUNTY SHERIFFS OFFICE,DENMARK TOWNSHIP,7/6/2026 12:17:46 PM,WC26033430,"12XXX  Point Douglas Dr S, DENMARK TOWNSHIP",JUDGES ORDER
WASHINGTON COUNTY SHERIFFS OFFICE,DENMARK TOWNSHIP,7/6/2026 3:33:13 PM,WC26033463,"7XXX  Quadrant Ave S, DENMARK TOWNSHIP",ALARM-BUSINESS/RES/FIRE/MEDICAL/ETC
WASHINGTON COUNTY SHERIFFS OFFICE,DENMARK TOWNSHIP,7/6/2026 3:51:41 PM,WC26033468,"70th St S / Manning Ave S, DENMARK TOWNSHIP",ANIMAL COMPLAINT
WASHINGTON COUNTY SHERIFFS OFFICE,DENMARK TOWNSHIP,7/6/2026 4:08:05 PM,WC26033471,"XX 70th St S / Manning Ave S, DENMARK TOWNSHIP",DRIVING COMPLAINT
WASHINGTON COUNTY SHERIFFS OFFICE,DENMARK TOWNSHIP,7/6/2026 5:29:30 PM,WC26033480,"Highway 10, DENMARK TOWNSHIP",BOAT STOP
WASHINGTON COUNTY SHERIFFS OFFICE,DENMARK TOWNSHIP,7/6/2026 11:50:44 PM,WC26033526,"12XXX  Point Douglas Dr S, DENMARK TOWNSHIP",SUSPICIOUS PERSON/ACTIVITY
WASHINGTON COUNTY SHERIFFS OFFICE,DENMARK TOWNSHIP,7/7/2026 5:37:35 AM,WC26033541,"12XXX  Point Douglas Dr S, DENMARK TOWNSHIP",WELFARE CHECK
WASHINGTON COUNTY SHERIFFS OFFICE,DENMARK TOWNSHIP,7/7/2026 11:10:28 AM,WC26033580,"12XXX  Point Douglas Dr S, DENMARK TOWNSHIP",WELFARE CHECK
WASHINGTON COUNTY SHERIFFS OFFICE,DENMARK TOWNSHIP,7/7/2026 12:17:03 PM,WC26033594,"Manning Ave S / 70th St S, DENMARK TOWNSHIP",TRAFFIC COMPLAINT
WASHINGTON COUNTY SHERIFFS OFFICE,DENMARK TOWNSHIP,7/8/2026 9:45:44 AM,WC26033742,"12XXX  Point Douglas Dr S, DENMARK TOWNSHIP",ABANDONED VEHICLE
WASHINGTON COUNTY SHERIFFS OFFICE,DENMARK TOWNSHIP,7/8/2026 3:15:48 PM,WC26033792,"14XXX  POINT DOUGLAS DR S, DENMARK TOWNSHIP",PARKING VIOLATION
WASHINGTON COUNTY SHERIFFS OFFICE,DENMARK TOWNSHIP,7/8/2026 3:24:26 PM,WC26033796,"14XXX  POINT DOUGLAS DR S, DENMARK TOWNSHIP",PARKING VIOLATION
WASHINGTON COUNTY SHERIFFS OFFICE,DENMARK TOWNSHIP,7/8/2026 3:32:36 PM,WC26033797,"14XXX  POINT DOUGLAS DR S, DENMARK TOWNSHIP",PARKING VIOLATION
WASHINGTON COUNTY SHERIFFS OFFICE,DENMARK TOWNSHIP,7/8/2026 3:32:47 PM,WC26033798,"12XXX  131st Street Ct S, DENMARK TOWNSHIP",MEDICAL
WASHINGTON COUNTY SHERIFFS OFFICE,DENMARK TOWNSHIP,7/8/2026 5:19:56 PM,WC26033817,"Manning Ave S / 70th St S, DENMARK TOWNSHIP",DRIVING COMPLAINT
WASHINGTON COUNTY SHERIFFS OFFICE,DENMARK TOWNSHIP,7/8/2026 10:14:50 PM,WC26033860,"12XXX  Point Douglas Dr S, DENMARK TOWNSHIP",DRIVING COMPLAINT
WASHINGTON COUNTY SHERIFFS OFFICE,DENMARK TOWNSHIP,7/9/2026 12:04:03 PM,WC26033980,"XX Afton State Park Campsite Grp2, DENMARK TOWNSHIP",UNWANTED PERSON/VEHICLE
WASHINGTON COUNTY SHERIFFS OFFICE,DENMARK TOWNSHIP,7/9/2026 12:06:49 PM,WC26033982,"14XXX  Point Douglas Dr S, DENMARK TOWNSHIP",SUSPICIOUS PERSON/ACTIVITY
WASHINGTON COUNTY SHERIFFS OFFICE,DENMARK TOWNSHIP,7/9/2026 3:01:00 PM,WC26034013,"MANNING AVE S / 70TH ST S, DENMARK TOWNSHIP",TRAFFIC STOP
WASHINGTON COUNTY SHERIFFS OFFICE,DENMARK TOWNSHIP,7/10/2026 12:21:28 AM,WC26034128,"Hwy 10 Jwo Prescott Bridge, DENMARK TOWNSHIP",WELFARE CHECK
WASHINGTON COUNTY SHERIFFS OFFICE,DENMARK TOWNSHIP,7/10/2026 2:53:09 AM,WC26034144,"Unknown, DENMARK TOWNSHIP",FOLLOW UP
WASHINGTON COUNTY SHERIFFS OFFICE,DENMARK TOWNSHIP,7/10/2026 3:35:10 AM,WC26034146,"6XXX  Peller Ave S, DENMARK TOWNSHIP",FOLLOW UP
WASHINGTON COUNTY SHERIFFS OFFICE,DENMARK TOWNSHIP,7/10/2026 3:48:00 PM,WC26034261,"15XXX  102ND ST S, DENMARK TOWNSHIP",PARKING VIOLATION
WASHINGTON COUNTY SHERIFFS OFFICE,DENMARK TOWNSHIP,7/10/2026 4:21:00 PM,WC26034264,"POINT DOUGLAS PARK ACCESS ROAD, DENMARK TOWNSHIP",PARKING VIOLATION
WASHINGTON COUNTY SHERIFFS OFFICE,DENMARK TOWNSHIP,7/10/2026 4:36:00 PM,WC26034269,"POINT DOUGLAS PARK ACCESS ROAD, DENMARK TOWNSHIP",PARKING VIOLATION
WASHINGTON COUNTY SHERIFFS OFFICE,DENMARK TOWNSHIP,7/10/2026 4:45:00 PM,WC26034272,"POINT DOUGLAS PARK ACCESS ROAD, DENMARK TOWNSHIP",PARKING VIOLATION
WASHINGTON COUNTY SHERIFFS OFFICE,DENMARK TOWNSHIP,7/10/2026 4:58:00 PM,WC26034276,"POINT DOUGLAS PARK ACCESS ROAD, DENMARK TOWNSHIP",PARKING VIOLATION
WASHINGTON COUNTY SHERIFFS OFFICE,DENMARK TOWNSHIP,7/10/2026 5:06:00 PM,WC26034279,"POINT DOUGLAS PARK ACCESS ROAD, DENMARK TOWNSHIP",PARKING VIOLATION
WASHINGTON COUNTY SHERIFFS OFFICE,DENMARK TOWNSHIP,7/10/2026 5:15:00 PM,WC26034282,"POINT DOUGLAS PARK ACCESS ROAD, DENMARK TOWNSHIP",PARKING VIOLATION
WASHINGTON COUNTY SHERIFFS OFFICE,DENMARK TOWNSHIP,7/10/2026 5:27:00 PM,WC26034285,"POINT DOUGLAS PARK ACCESS ROAD, DENMARK TOWNSHIP",PARKING VIOLATION
WASHINGTON COUNTY SHERIFFS OFFICE,DENMARK TOWNSHIP,7/11/2026 2:54:00 PM,WC26034495,"15XXX  - 16000 102ND ST S, DENMARK TOWNSHIP",PARKING VIOLATION
WASHINGTON COUNTY SHERIFFS OFFICE,DENMARK TOWNSHIP,7/11/2026 3:06:00 PM,WC26034497,"15XXX  - 15999 102ND ST S, DENMARK TOWNSHIP",PARKING VIOLATION
WASHINGTON COUNTY SHERIFFS OFFICE,DENMARK TOWNSHIP,7/11/2026 3:14:00 PM,WC26034499,"15XXX  - 15999 102ND ST S, DENMARK TOWNSHIP",PARKING VIOLATION
WASHINGTON COUNTY SHERIFFS OFFICE,DENMARK TOWNSHIP,7/11/2026 3:27:00 PM,WC26034501,"15XXX  - 15499 102ND STREET LN S, DENMARK TOWNSHIP",PARKING VIOLATION
WASHINGTON COUNTY SHERIFFS OFFICE,DENMARK TOWNSHIP,7/11/2026 3:54:00 PM,WC26034509,"POINT DOUGLAS PARK ACCESS ROAD, DENMARK TOWNSHIP",PARKING VIOLATION
WASHINGTON COUNTY SHERIFFS OFFICE,DENMARK TOWNSHIP,7/11/2026 4:10:00 PM,WC26034513,"POINT DOUGLAS PARK ACCESS ROAD, DENMARK TOWNSHIP",PARKING VIOLATION
WASHINGTON COUNTY SHERIFFS OFFICE,DENMARK TOWNSHIP,7/11/2026 4:22:00 PM,WC26034518,"POINT DOUGLAS PARK ACCESS ROAD, DENMARK TOWNSHIP",PARKING VIOLATION
WASHINGTON COUNTY SHERIFFS OFFICE,DENMARK TOWNSHIP,7/11/2026 4:34:00 PM,WC26034519,"POINT DOUGLAS PARK ACCESS ROAD, DENMARK TOWNSHIP",PARKING VIOLATION
WASHINGTON COUNTY SHERIFFS OFFICE,DENMARK TOWNSHIP,7/11/2026 4:39:00 PM,WC26034522,"POINT DOUGLAS PARK ACCESS ROAD, DENMARK TOWNSHIP",PARKING VIOLATION
WASHINGTON COUNTY SHERIFFS OFFICE,DENMARK TOWNSHIP,7/11/2026 4:46:00 PM,WC26034526,"POINT DOUGLAS PARK ACCESS ROAD, DENMARK TOWNSHIP",PARKING VIOLATION
WASHINGTON COUNTY SHERIFFS OFFICE,DENMARK TOWNSHIP,7/11/2026 4:55:00 PM,WC26034528,"POINT DOUGLAS PARK ACCESS ROAD, DENMARK TOWNSHIP",PARKING VIOLATION
WASHINGTON COUNTY SHERIFFS OFFICE,DENMARK TOWNSHIP,7/11/2026 5:02:00 PM,WC26034530,"POINT DOUGLAS PARK ACCESS ROAD, DENMARK TOWNSHIP",PARKING VIOLATION
WASHINGTON COUNTY SHERIFFS OFFICE,DENMARK TOWNSHIP,7/11/2026 5:17:00 PM,WC26034536,"POINT DOUGLAS PARK ACCESS ROAD, DENMARK TOWNSHIP",PARKING VIOLATION
WASHINGTON COUNTY SHERIFFS OFFICE,DENMARK TOWNSHIP,7/11/2026 5:25:00 PM,WC26034538,"POINT DOUGLAS PARK ACCESS ROAD, DENMARK TOWNSHIP",PARKING VIOLATION
WASHINGTON COUNTY SHERIFFS OFFICE,DENMARK TOWNSHIP,7/11/2026 5:31:00 PM,WC26034540,"POINT DOUGLAS PARK ACCESS ROAD, DENMARK TOWNSHIP",PARKING VIOLATION
WASHINGTON COUNTY SHERIFFS OFFICE,DENMARK TOWNSHIP,7/11/2026 5:40:00 PM,WC26034541,"POINT DOUGLAS PARK ACCESS ROAD, DENMARK TOWNSHIP",PARKING VIOLATION
WASHINGTON COUNTY SHERIFFS OFFICE,DENMARK TOWNSHIP,7/11/2026 5:46:00 PM,WC26034543,"POINT DOUGLAS PARK ACCESS ROAD, DENMARK TOWNSHIP",PARKING VIOLATION
WASHINGTON COUNTY SHERIFFS OFFICE,DENMARK TOWNSHIP,7/11/2026 5:55:00 PM,WC26034545,"POINT DOUGLAS PARK ACCESS ROAD, DENMARK TOWNSHIP",PARKING VIOLATION
WASHINGTON COUNTY SHERIFFS OFFICE,DENMARK TOWNSHIP,7/11/2026 6:04:00 PM,WC26034547,"POINT DOUGLAS PARK ACCESS ROAD, DENMARK TOWNSHIP",PARKING VIOLATION
WASHINGTON COUNTY SHERIFFS OFFICE,FOREST LAKE,7/5/2026 6:07:16 PM,WC26033282,"FOREST LAKE, FOREST LAKE",BOAT STOP
WASHINGTON COUNTY SHERIFFS OFFICE,FOREST LAKE,7/6/2026 8:53:00 PM,WC26033498,"XXX 12th St Sw, FOREST LAKE",ASSIST OTHER AGENCY
WASHINGTON COUNTY SHERIFFS OFFICE,FOREST LAKE,7/9/2026 6:49:30 PM,WC26034059,"XXX 4TH AVE NE, FOREST LAKE",CIVIL MATTER/DISPUTE
WASHINGTON COUNTY SHERIFFS OFFICE,FOREST LAKE,7/11/2026 9:34:07 AM,WC26034435,"19XXX  - 19998 HEADWATERS BLVD N, FOREST LAKE",TRAFFIC STOP
WASHINGTON COUNTY SHERIFFS OFFICE,FOREST LAKE,7/11/2026 1:19:03 PM,WC26034473,"XXX Lake St S, FOREST LAKE",ASSIST OTHER AGENCY
WASHINGTON COUNTY SHERIFFS OFFICE,GRANT,7/5/2026 2:38:00 AM,WC26033178,"Highway 36W/W OF KEATS, GRANT",TRAFFIC STOP
WASHINGTON COUNTY SHERIFFS OFFICE,GRANT,7/5/2026 5:22:42 AM,WC26033194,"Dellwood Rd N / Mckusick Rd N, GRANT",ACCIDENT
WASHINGTON COUNTY SHERIFFS OFFICE,GRANT,7/5/2026 8:26:31 AM,WC26033200,"9XXX  60th St N, GRANT",MEDICAL
WASHINGTON COUNTY SHERIFFS OFFICE,GRANT,7/5/2026 9:57:48 AM,WC26033210,"Gateway Trail Mile 10, GRANT",RECOVERED STOLEN
WASHINGTON COUNTY SHERIFFS OFFICE,GRANT,7/5/2026 10:23:34 AM,WC26033213,"7XXX  101st St N, GRANT",ALARM-BUSINESS/RES/FIRE/MEDICAL/ETC
WASHINGTON COUNTY SHERIFFS OFFICE,GRANT,7/5/2026 5:03:55 PM,WC26033267,"8XXX  75th St N, GRANT",911 ABANDONED/HANGUP/OPEN LINE
WASHINGTON COUNTY SHERIFFS OFFICE,GRANT,7/5/2026 7:56:56 PM,WC26033293,"8XXX  60th St N, GRANT",911 ABANDONED/HANGUP/OPEN LINE
WASHINGTON COUNTY SHERIFFS OFFICE,GRANT,7/6/2026 8:30:13 AM,WC26033378,"11XXX  80th St N, GRANT",911 ABANDONED/HANGUP/OPEN LINE
WASHINGTON COUNTY SHERIFFS OFFICE,GRANT,7/6/2026 2:47:12 PM,WC26033457,"9XXX  65th St N, GRANT",WILD ANIMAL COMPLAINT
WASHINGTON COUNTY SHERIFFS OFFICE,GRANT,7/7/2026 6:19:54 AM,WC26033543,"6XXX  Jasmine Ave N, GRANT",SHOTS FIRED/SHOOTING COMPLAINT
WASHINGTON COUNTY SHERIFFS OFFICE,GRANT,7/7/2026 11:15:56 AM,WC26033581,"7XXX  Keats Ave N, GRANT",ANIMAL COMPLAINT
WASHINGTON COUNTY SHERIFFS OFFICE,GRANT,7/7/2026 7:26:00 PM,WC26033655,"75th St N & Jamaca Ave N, GRANT",TRAFFIC STOP
WASHINGTON COUNTY SHERIFFS OFFICE,GRANT,7/8/2026 7:21:22 AM,WC26033711,"11XXX  Irish Ave N, GRANT",TRAFFIC COMPLAINT
WASHINGTON COUNTY SHERIFFS OFFICE,GRANT,7/8/2026 9:09:13 AM,WC26033737,"7XXX  KEATS AVE N, GRANT",CITIZEN/PUBLIC ASSIST
WASHINGTON COUNTY SHERIFFS OFFICE,GRANT,7/8/2026 3:12:15 PM,WC26033791,"7XXX  Field Ridge Rd, GRANT",911 ABANDONED/HANGUP/OPEN LINE
WASHINGTON COUNTY SHERIFFS OFFICE,GRANT,7/8/2026 4:09:18 PM,WC26033805,"9XXX  75th St N, GRANT",CITIZEN/PUBLIC ASSIST
WASHINGTON COUNTY SHERIFFS OFFICE,GRANT,7/9/2026 9:06:00 AM,WC26033919,"9XXX  75th St N, GRANT",FOLLOW UP
WASHINGTON COUNTY SHERIFFS OFFICE,GRANT,7/9/2026 2:19:11 PM,WC26034002,"8XXX  LOFTON AVE N, GRANT",MEDICAL
WASHINGTON COUNTY SHERIFFS OFFICE,GRANT,7/9/2026 6:03:00 PM,WC26034053,"8XXX  Jody Ave N, GRANT",911 ABANDONED/HANGUP/OPEN LINE
WASHINGTON COUNTY SHERIFFS OFFICE,GRANT,7/9/2026 9:11:04 PM,WC26034077,"Jamaca Ave N / Jamaca Ct N, GRANT",ACCIDENT
WASHINGTON COUNTY SHERIFFS OFFICE,GRANT,7/9/2026 9:30:19 PM,WC26034083,"Joliet Ave N / 101st St N, GRANT",SUSPICIOUS PERSON/ACTIVITY
WASHINGTON COUNTY SHERIFFS OFFICE,GRANT,7/9/2026 9:58:03 PM,WC26034092,"75TH ST N / IDEAL AVE N, GRANT",ACCIDENT
WASHINGTON COUNTY SHERIFFS OFFICE,GRANT,7/10/2026 12:00:00 AM,WC26034157,"HIGHWAY 36/KEATS, GRANT",TRAFFIC STOP
WASHINGTON COUNTY SHERIFFS OFFICE,GRANT,7/10/2026 10:12:50 AM,WC26034214,"11XXX  Keats Ave N, GRANT",MEDICAL
WASHINGTON COUNTY SHERIFFS OFFICE,GRANT,7/10/2026 1:47:19 PM,WC26034240,"10XXX  - 11498 MANNING TRL N, GRANT",DIRECTED PATROL
WASHINGTON COUNTY SHERIFFS OFFICE,GRANT,7/10/2026 2:15:03 PM,WC26034246,"Manning Trl N / Manning Avenue Ct N, GRANT",DISTURBANCE
WASHINGTON COUNTY SHERIFFS OFFICE,GRANT,7/10/2026 5:27:00 PM,WC26034286,"MANNING TRL N / 120TH ST N, GRANT",TRAFFIC STOP
WASHINGTON COUNTY SHERIFFS OFFICE,GRANT,7/11/2026 11:21:13 PM,WC26034618,"11XXX  MANNING TRL N, GRANT",MOTORIST ASSIST
WASHINGTON COUNTY SHERIFFS OFFICE,HUGO,7/5/2026 12:11:35 AM,WC26033153,"9XXX  122nd St N, HUGO",ALARM-BUSINESS/RES/FIRE/MEDICAL/ETC
WASHINGTON COUNTY SHERIFFS OFFICE,HUGO,7/5/2026 3:41:51 AM,WC26033188,"4XXX  162nd Way N, HUGO",MEDICAL
WASHINGTON COUNTY SHERIFFS OFFICE,HUGO,7/5/2026 4:29:00 AM,WC26033192,"FOXHILL AVE N / 148TH ST N, HUGO",TRAFFIC STOP
WASHINGTON COUNTY SHERIFFS OFFICE,HUGO,7/5/2026 7:19:14 AM,WC26033197,"4XXX  Prairie Trl N, HUGO",SUSPICIOUS PERSON/ACTIVITY
WASHINGTON COUNTY SHERIFFS OFFICE,HUGO,7/5/2026 8:33:19 AM,WC26033201,"4XXX  Elm Dr N, HUGO",PROPERTY DAMAGE
WASHINGTON COUNTY SHERIFFS OFFICE,HUGO,7/5/2026 9:47:09 AM,WC26033205,"12XXX  Falcon Ct N, HUGO",MEDICAL
WASHINGTON COUNTY SHERIFFS OFFICE,HUGO,7/5/2026 1:36:54 PM,WC26033230,"13XXX  Fenway Boulevard Cir N, HUGO",LIFT ASSIST
WASHINGTON COUNTY SHERIFFS OFFICE,HUGO,7/5/2026 2:12:41 PM,WC26033236,"5XXX  159th St N, HUGO",THEFT
WASHINGTON COUNTY SHERIFFS OFFICE,HUGO,7/5/2026 4:31:03 PM,WC26033262,"Victor Hugo Blvd N / Frenchman Rd, HUGO",DISABLED VEHICLE
WASHINGTON COUNTY SHERIFFS OFFICE,HUGO,7/5/2026 10:18:47 PM,WC26033327,"4XXX  Empress Way N, HUGO",FIREWORKS
WASHINGTON COUNTY SHERIFFS OFFICE,HUGO,7/5/2026 11:17:50 PM,WC26033339,"6XXX  145th Cir N, HUGO",911 ABANDONED/HANGUP/OPEN LINE
WASHINGTON COUNTY SHERIFFS OFFICE,HUGO,7/6/2026 8:59:40 AM,WC26033383,"158TH ST N / ELMCREST AVE N, HUGO",TRAFFIC COMPLAINT
WASHINGTON COUNTY SHERIFFS OFFICE,HUGO,7/6/2026 9:12:16 AM,WC26033385,"Forest Blvd N / Frenchman Rd, HUGO",ASSIST OTHER AGENCY
WASHINGTON COUNTY SHERIFFS OFFICE,HUGO,7/6/2026 10:43:34 AM,WC26033411,"13XXX  Geneva Ave N, HUGO",ALARM-BUSINESS/RES/FIRE/MEDICAL/ETC
WASHINGTON COUNTY SHERIFFS OFFICE,HUGO,7/6/2026 10:49:45 AM,WC26033416,"5XXX  138th St N, HUGO",INCIDENT
WASHINGTON COUNTY SHERIFFS OFFICE,HUGO,7/6/2026 11:34:50 AM,WC26033424,"Forest Blvd N / 159th St N, HUGO",ASSIST OTHER AGENCY
WASHINGTON COUNTY SHERIFFS OFFICE,HUGO,7/6/2026 11:58:51 AM,WC26033428,"5XXX  138th St N, HUGO",911 ABANDONED/HANGUP/OPEN LINE
WASHINGTON COUNTY SHERIFFS OFFICE,HUGO,7/6/2026 11:59:13 AM,WC26033429,"5XXX  138th St N, HUGO",MEDICAL
WASHINGTON COUNTY SHERIFFS OFFICE,HUGO,7/6/2026 12:47:34 PM,WC26033434,"5XXX  149th St N, HUGO",CITIZEN/PUBLIC ASSIST
WASHINGTON COUNTY SHERIFFS OFFICE,HUGO,7/6/2026 2:52:22 PM,WC26033458,"12XXX  JANERO AVE N, HUGO",WELFARE CHECK
WASHINGTON COUNTY SHERIFFS OFFICE,HUGO,7/6/2026 2:59:17 PM,WC26033459,"5XXX  Egg Lake Rd N, HUGO",SUSPICIOUS PERSON/ACTIVITY
WASHINGTON COUNTY SHERIFFS OFFICE,HUGO,7/6/2026 3:34:38 PM,WC26033466,"12XXX  Ingersoll Ave N, HUGO",CITIZEN/PUBLIC ASSIST
WASHINGTON COUNTY SHERIFFS OFFICE,HUGO,7/6/2026 3:56:51 PM,WC26033469,"Frenchman Rd / Forest Blvd N, HUGO",ROAD HAZARD
WASHINGTON COUNTY SHERIFFS OFFICE,HUGO,7/6/2026 7:20:31 PM,WC26033491,"FARNHAM AVE N / 159TH ST N, HUGO",PURSUIT
WASHINGTON COUNTY SHERIFFS OFFICE,HUGO,7/6/2026 9:17:40 PM,WC26033500,"13XXX  Europa Trl N, HUGO",HARASSMENT
WASHINGTON COUNTY SHERIFFS OFFICE,HUGO,7/7/2026 10:50:11 AM,WC26033578,"13XXX  Fenway Blvd N, HUGO",VEHICLE TAMPERING
WASHINGTON COUNTY SHERIFFS OFFICE,HUGO,7/7/2026 11:57:00 AM,WC26033588,"FENWAY BLVD N / 130TH ST N, HUGO",TRAFFIC STOP
WASHINGTON COUNTY SHERIFFS OFFICE,HUGO,7/7/2026 12:41:10 PM,WC26033598,"15XXX  Emerald Dr N, HUGO",ANIMAL COMPLAINT
WASHINGTON COUNTY SHERIFFS OFFICE,HUGO,7/7/2026 1:08:31 PM,WC26033603,"15XXX  Farnham Ave N, HUGO",911 ABANDONED/HANGUP/OPEN LINE
WASHINGTON COUNTY SHERIFFS OFFICE,HUGO,7/7/2026 1:17:09 PM,WC26033604,"13XXX  Keystone Ave N, HUGO",SHOTS FIRED/SHOOTING COMPLAINT
WASHINGTON COUNTY SHERIFFS OFFICE,HUGO,7/7/2026 2:48:45 PM,WC26033623,"15XXX  Grafton Ave N, HUGO",911 ABANDONED/HANGUP/OPEN LINE
WASHINGTON COUNTY SHERIFFS OFFICE,HUGO,7/7/2026 2:56:38 PM,WC26033626,"7XXX  Oneka Lake Blvd N, HUGO",911 ABANDONED/HANGUP/OPEN LINE
WASHINGTON COUNTY SHERIFFS OFFICE,HUGO,7/7/2026 5:29:59 PM,WC26033649,"4XXX  - 4300 FRENCHMAN RD, HUGO",TRAFFIC STOP
WASHINGTON COUNTY SHERIFFS OFFICE,HUGO,7/7/2026 6:05:44 PM,WC26033653,"15XXX  - 16498 FOREST BLVD N, HUGO",TRAFFIC STOP
WASHINGTON COUNTY SHERIFFS OFFICE,HUGO,7/7/2026 7:56:17 PM,WC26033663,"5XXX  125th Ln N, HUGO",911 ABANDONED/HANGUP/OPEN LINE
WASHINGTON COUNTY SHERIFFS OFFICE,HUGO,7/7/2026 8:08:45 PM,WC26033664,"5XXX  128th Bay N, HUGO",ASSIST OTHER AGENCY
WASHINGTON COUNTY SHERIFFS OFFICE,HUGO,7/7/2026 8:48:32 PM,WC26033667,"5XXX  Upper 146th St N, HUGO",DISTURBANCE
WASHINGTON COUNTY SHERIFFS OFFICE,HUGO,7/8/2026 4:45:11 AM,WC26033696,"14XXX  Victor Hugo Blvd N, HUGO",911 ABANDONED/HANGUP/OPEN LINE
WASHINGTON COUNTY SHERIFFS OFFICE,HUGO,7/8/2026 5:15:44 AM,WC26033700,"6XXX  125th St N, HUGO",911 ABANDONED/HANGUP/OPEN LINE
WASHINGTON COUNTY SHERIFFS OFFICE,HUGO,7/8/2026 5:30:05 AM,WC26033701,"Isleton Ave N / 132nd St N, HUGO",ACCIDENT
WASHINGTON COUNTY SHERIFFS OFFICE,HUGO,7/8/2026 6:26:59 AM,WC26033703,"14XXX  Homestead Ave N, HUGO",ALARM-BUSINESS/RES/FIRE/MEDICAL/ETC
WASHINGTON COUNTY SHERIFFS OFFICE,HUGO,7/8/2026 6:35:28 AM,WC26033704,"125th St N / Upper Heather Ave N, HUGO",ACCIDENT
WASHINGTON COUNTY SHERIFFS OFFICE,HUGO,7/8/2026 9:38:35 AM,WC26033739,"15XXX  Forest Blvd N, HUGO",WELFARE CHECK
WASHINGTON COUNTY SHERIFFS OFFICE,HUGO,7/8/2026 2:17:54 PM,WC26033782,"15XXX  Granada Ave N, HUGO",ALARM-BUSINESS/RES/FIRE/MEDICAL/ETC
WASHINGTON COUNTY SHERIFFS OFFICE,HUGO,7/8/2026 2:35:23 PM,WC26033784,"4XXX  132ND WAY N, HUGO",NOISE COMPLAINT/DISTURBANCE
WASHINGTON COUNTY SHERIFFS OFFICE,HUGO,7/8/2026 2:38:38 PM,WC26033786,"5XXX  140th St N, HUGO",VEHICLE UNLOCK
WASHINGTON COUNTY SHERIFFS OFFICE,HUGO,7/8/2026 5:27:56 PM,WC26033818,"FOREST BLVD N / 165TH ST N, HUGO",TRAFFIC STOP
WASHINGTON COUNTY SHERIFFS OFFICE,HUGO,7/8/2026 5:52:10 PM,WC26033821,"6XXX  157th St N, HUGO",ORDINANCE VIOLATION
WASHINGTON COUNTY SHERIFFS OFFICE,HUGO,7/8/2026 6:16:02 PM,WC26033828,"5XXX  135th St N, HUGO",PROPERTY DAMAGE
WASHINGTON COUNTY SHERIFFS OFFICE,HUGO,7/8/2026 6:17:11 PM,WC26033835,"7XXX  137th St N, HUGO",TRESPASSING
WASHINGTON COUNTY SHERIFFS OFFICE,HUGO,7/8/2026 6:31:40 PM,WC26033836,"4XXX  132nd St N, HUGO",ASSIST OTHER AGENCY
WASHINGTON COUNTY SHERIFFS OFFICE,HUGO,7/8/2026 7:24:05 PM,WC26033840,"14XXX  Forest Blvd N, HUGO",DRUNK/INTOXICATED 
WASHINGTON COUNTY SHERIFFS OFFICE,HUGO,7/8/2026 9:33:58 PM,WC26033851,"4XXX  121st St N, HUGO",MEDICAL
WASHINGTON COUNTY SHERIFFS OFFICE,HUGO,7/9/2026 5:04:30 AM,WC26033903,"14XXX  Homestead Ave N, HUGO",WELFARE CHECK
WASHINGTON COUNTY SHERIFFS OFFICE,HUGO,7/9/2026 9:41:00 AM,WC26033933,"14XXX  Fitzgerald Ave N, HUGO",SUSPICIOUS PERSON/ACTIVITY
WASHINGTON COUNTY SHERIFFS OFFICE,HUGO,7/9/2026 9:54:48 AM,WC26033944,"14XXX  Geneva Ave N, HUGO",MEDICAL
WASHINGTON COUNTY SHERIFFS OFFICE,HUGO,7/9/2026 3:13:10 PM,WC26034015,"6XXX  134th St N, HUGO",911 ABANDONED/HANGUP/OPEN LINE
WASHINGTON COUNTY SHERIFFS OFFICE,HUGO,7/9/2026 4:47:08 PM,WC26034035,"5XXX  130th Way N, HUGO",MEDICAL
WASHINGTON COUNTY SHERIFFS OFFICE,HUGO,7/9/2026 6:10:39 PM,WC26034051,"9XXX  170TH ST N, HUGO",CIVIL MATTER/DISPUTE
WASHINGTON COUNTY SHERIFFS OFFICE,HUGO,7/9/2026 10:19:04 PM,WC26034101,"9XXX  170TH ST N, HUGO",CIVIL MATTER/DISPUTE
WASHINGTON COUNTY SHERIFFS OFFICE,HUGO,7/10/2026 6:08:24 AM,WC26034151,"6XXX  151st Street Ct N, HUGO",CIVIL MATTER/DISPUTE
WASHINGTON COUNTY SHERIFFS OFFICE,HUGO,7/10/2026 9:10:25 AM,WC26034174,"8XXX  130th St N, HUGO",MEDICAL
WASHINGTON COUNTY SHERIFFS OFFICE,HUGO,7/10/2026 11:23:29 AM,WC26034225,"13XXX  Fiona Ave N, HUGO",DISTURBANCE
WASHINGTON COUNTY SHERIFFS OFFICE,HUGO,7/10/2026 12:05:11 PM,WC26034228,"17XXX  Farnham Ave N, HUGO",MEDICAL
WASHINGTON COUNTY SHERIFFS OFFICE,HUGO,7/10/2026 1:58:00 PM,WC26034241,"FOREST BLVD N & 150TH ST N, HUGO",TRAFFIC STOP
WASHINGTON COUNTY SHERIFFS OFFICE,HUGO,7/10/2026 3:16:33 PM,WC26034255,"14XXX  GENEVA AVE N, HUGO",911 ABANDONED/HANGUP/OPEN LINE
WASHINGTON COUNTY SHERIFFS OFFICE,HUGO,7/10/2026 3:27:07 PM,WC26034258,"15XXX  Ethan Ave N, HUGO",911 ABANDONED/HANGUP/OPEN LINE
WASHINGTON COUNTY SHERIFFS OFFICE,HUGO,7/10/2026 3:29:00 PM,WC26034254,"FRENCHMAN RD/ VICTOR HUGO BLVD , HUGO",TRAFFIC STOP
WASHINGTON COUNTY SHERIFFS OFFICE,HUGO,7/10/2026 4:53:05 PM,WC26034274,"HWY 61 JNO 130TH ST N, HUGO",TRAFFIC STOP
WASHINGTON COUNTY SHERIFFS OFFICE,HUGO,7/10/2026 7:54:26 PM,WC26034315,"Greystone Ave N / Egg Lake Rd N, HUGO",SMOKE/ODOR
WASHINGTON COUNTY SHERIFFS OFFICE,HUGO,7/10/2026 8:30:00 PM,WC26034305,"Forest Blvd N & 140th St N, HUGO",DWI
WASHINGTON COUNTY SHERIFFS OFFICE,HUGO,7/10/2026 8:36:27 PM,WC26034327,"15XXX  Farnham Ave N, HUGO",CITIZEN/PUBLIC ASSIST
WASHINGTON COUNTY SHERIFFS OFFICE,HUGO,7/10/2026 8:48:05 PM,WC26034331,"5XXX  - 5631 150TH ST N, HUGO",TRAFFIC STOP
WASHINGTON COUNTY SHERIFFS OFFICE,HUGO,7/10/2026 9:30:13 PM,WC26034343,"4XXX  - 4950 159TH ST N, HUGO",DIRECTED PATROL
WASHINGTON COUNTY SHERIFFS OFFICE,HUGO,7/10/2026 10:25:05 PM,WC26034357,"16XXX  - 16038 FARNHAM AVE N, HUGO",DIRECTED PATROL
WASHINGTON COUNTY SHERIFFS OFFICE,HUGO,7/11/2026 12:54:24 AM,WC26034388,"14XXX  FOREST BLVD N, HUGO",SUSPICIOUS PERSON/ACTIVITY
WASHINGTON COUNTY SHERIFFS OFFICE,HUGO,7/11/2026 1:47:00 AM,WC26034397,"14XXX  - 14831 FOREST BLVD N, HUGO",DWI
WASHINGTON COUNTY SHERIFFS OFFICE,HUGO,7/11/2026 2:35:24 AM,WC26034404,"14XXX  VICTOR HUGO BLVD N, HUGO",ASSIST OTHER AGENCY
WASHINGTON COUNTY SHERIFFS OFFICE,HUGO,7/11/2026 10:57:58 AM,WC26034445,"15XXX  French Dr N, HUGO",911 ABANDONED/HANGUP/OPEN LINE
WASHINGTON COUNTY SHERIFFS OFFICE,HUGO,7/11/2026 1:48:05 PM,WC26034479,"13XXX  FLAY AVE N, HUGO",911 ABANDONED/HANGUP/OPEN LINE
WASHINGTON COUNTY SHERIFFS OFFICE,HUGO,7/11/2026 3:43:56 PM,WC26034506,"7XXX  Oneka Lake Blvd N, HUGO",HARASSMENT
WASHINGTON COUNTY SHERIFFS OFFICE,HUGO,7/11/2026 6:56:40 PM,WC26034557,"5XXX  147th St N, HUGO",ACCIDENT
WASHINGTON COUNTY SHERIFFS OFFICE,HUGO,7/11/2026 8:17:00 PM,WC26034569,"14XXX  FOREST BLVD N, HUGO",TRAFFIC STOP
WASHINGTON COUNTY SHERIFFS OFFICE,HUGO,7/11/2026 11:47:00 PM,WC26034630,"FOREST BLVD N / 134TH ST N, HUGO",TRAFFIC STOP
WASHINGTON COUNTY SHERIFFS OFFICE,LAKE ELMO,7/5/2026 12:42:32 AM,WC26033160,"9XXX  Junco Rd N, LAKE ELMO",DISTURBANCE
WASHINGTON COUNTY SHERIFFS OFFICE,LAKE ELMO,7/5/2026 4:17:35 AM,WC26033190,"11XXX  6th Street Cir N, LAKE ELMO",ALARM-BUSINESS/RES/FIRE/MEDICAL/ETC
WASHINGTON COUNTY SHERIFFS OFFICE,LAKE ELMO,7/5/2026 8:06:21 AM,WC26033199,"9XXX  Tapestry Grv, LAKE ELMO",FIREWORKS
WASHINGTON COUNTY SHERIFFS OFFICE,LAKE ELMO,7/5/2026 9:31:19 AM,WC26033204,"XX Lake Elmo, LAKE ELMO",WATER INCIDENT/VIOLATION
WASHINGTON COUNTY SHERIFFS OFFICE,LAKE ELMO,7/5/2026 11:34:10 AM,WC26033217,"9XXX  Jamaca Ct N, LAKE ELMO",911 ABANDONED/HANGUP/OPEN LINE
WASHINGTON COUNTY SHERIFFS OFFICE,LAKE ELMO,7/5/2026 11:37:11 AM,WC26033221,"Stillwater Blvd N / Manning Ave N, LAKE ELMO",CITIZEN/PUBLIC ASSIST
WASHINGTON COUNTY SHERIFFS OFFICE,LAKE ELMO,7/5/2026 11:41:56 AM,WC26033219,"XX Hwy 36 Wb Jwo Keats Ave N, LAKE ELMO",DRIVING COMPLAINT
WASHINGTON COUNTY SHERIFFS OFFICE,LAKE ELMO,7/5/2026 2:19:35 PM,WC26033239,"XXX Cimarron, LAKE ELMO",CIVIL MATTER/DISPUTE
WASHINGTON COUNTY SHERIFFS OFFICE,LAKE ELMO,7/5/2026 2:55:24 PM,WC26033245,"2XXX  Jonquil Trl N, LAKE ELMO",911 ABANDONED/HANGUP/OPEN LINE
WASHINGTON COUNTY SHERIFFS OFFICE,LAKE ELMO,7/5/2026 5:19:00 PM,WC26033269,"2XXX  KEATS AVE N, LAKE ELMO",PARKING VIOLATION
WASHINGTON COUNTY SHERIFFS OFFICE,LAKE ELMO,7/5/2026 5:30:00 PM,WC26033271,"2XXX  KEATS AVE N, LAKE ELMO",PARKING VIOLATION
WASHINGTON COUNTY SHERIFFS OFFICE,LAKE ELMO,7/5/2026 5:42:36 PM,WC26033274,"2XXX  KEATS AVE N, LAKE ELMO",PARKING VIOLATION
WASHINGTON COUNTY SHERIFFS OFFICE,LAKE ELMO,7/5/2026 5:58:20 PM,WC26033279,"2XXX  KEATS AVE N, LAKE ELMO",PARKING VIOLATION
WASHINGTON COUNTY SHERIFFS OFFICE,LAKE ELMO,7/5/2026 6:06:17 PM,WC26033281,"2XXX  KEATS AVE N, LAKE ELMO",PARKING VIOLATION
WASHINGTON COUNTY SHERIFFS OFFICE,LAKE ELMO,7/5/2026 6:44:38 PM,WC26033288,"11XXX  39th St N, LAKE ELMO",WELFARE CHECK
WASHINGTON COUNTY SHERIFFS OFFICE,LAKE ELMO,7/5/2026 7:26:05 PM,WC26033292,"8XXX  Lake Jane Trl N, LAKE ELMO",NOISE COMPLAINT/DISTURBANCE
WASHINGTON COUNTY SHERIFFS OFFICE,LAKE ELMO,7/5/2026 9:27:26 PM,WC26033307,"10XXX  43rd St N, LAKE ELMO",FIREWORKS
WASHINGTON COUNTY SHERIFFS OFFICE,LAKE ELMO,7/5/2026 9:31:30 PM,WC26033308,"KOKANEE AVE N / 38TH CT N, LAKE ELMO",FIREWORKS
WASHINGTON COUNTY SHERIFFS OFFICE,LAKE ELMO,7/5/2026 9:45:52 PM,WC26033312,"10XXX  43rd St N, LAKE ELMO",FIREWORKS
WASHINGTON COUNTY SHERIFFS OFFICE,LAKE ELMO,7/5/2026 10:01:37 PM,WC26033315,"3XXX  LAKE ELMO AVE N, LAKE ELMO",FIREWORKS
WASHINGTON COUNTY SHERIFFS OFFICE,LAKE ELMO,7/5/2026 10:24:29 PM,WC26033323,"Hudson Blvd N / Lake Elmo Ave N, LAKE ELMO",ACCIDENT
WASHINGTON COUNTY SHERIFFS OFFICE,LAKE ELMO,7/5/2026 10:25:00 PM,WC26033326,"4XXX  Stillwater Way N, LAKE ELMO",FIRE
WASHINGTON COUNTY SHERIFFS OFFICE,LAKE ELMO,7/5/2026 10:35:44 PM,WC26033328,"9XXX  4th St N, LAKE ELMO",MEDICAL
WASHINGTON COUNTY SHERIFFS OFFICE,LAKE ELMO,7/5/2026 11:50:33 PM,WC26033345,"10XXX  33rd Street Ln N, LAKE ELMO",VEHICLE TAMPERING
WASHINGTON COUNTY SHERIFFS OFFICE,LAKE ELMO,7/6/2026 12:00:00 AM,WC26033443,"HWY 36 EB JEO KEATS AVE N, LAKE ELMO",TRAFFIC STOP
WASHINGTON COUNTY SHERIFFS OFFICE,LAKE ELMO,7/6/2026 12:19:08 AM,WC26033348,"8XXX  27th St N, LAKE ELMO",MEDICAL
WASHINGTON COUNTY SHERIFFS OFFICE,LAKE ELMO,7/6/2026 4:18:08 AM,WC26033363,"4XXX  Stillwater Way N, LAKE ELMO",ALARM-BUSINESS/RES/FIRE/MEDICAL/ETC
WASHINGTON COUNTY SHERIFFS OFFICE,LAKE ELMO,7/6/2026 4:34:53 AM,WC26033364,"9XXX  4th St N, LAKE ELMO",MEDICAL
WASHINGTON COUNTY SHERIFFS OFFICE,LAKE ELMO,7/6/2026 6:31:21 AM,WC26033373,"8XXX  Upper 7th Pl N, LAKE ELMO",MEDICAL
WASHINGTON COUNTY SHERIFFS OFFICE,LAKE ELMO,7/6/2026 8:41:00 AM,WC26033380,"11XXX  40th St N, LAKE ELMO",NEIGHBOR DISPUTE
WASHINGTON COUNTY SHERIFFS OFFICE,LAKE ELMO,7/6/2026 9:01:55 AM,WC26033384,"11XXX  14th St N, LAKE ELMO",911 ABANDONED/HANGUP/OPEN LINE
WASHINGTON COUNTY SHERIFFS OFFICE,LAKE ELMO,7/6/2026 10:54:25 AM,WC26033417,"Unknown, LAKE ELMO",CITIZEN/PUBLIC ASSIST
WASHINGTON COUNTY SHERIFFS OFFICE,LAKE ELMO,7/6/2026 11:45:00 AM,WC26033425,"3XXX  Laverne Ave , LAKE ELMO",TRAFFIC STOP
WASHINGTON COUNTY SHERIFFS OFFICE,LAKE ELMO,7/6/2026 12:50:00 PM,WC26033435,"9XXX  4th St N, LAKE ELMO",PARKING COMPLAINT
WASHINGTON COUNTY SHERIFFS OFFICE,LAKE ELMO,7/6/2026 1:05:35 PM,WC26033438,"XX Cimarron, LAKE ELMO",MEDICAL
WASHINGTON COUNTY SHERIFFS OFFICE,LAKE ELMO,7/6/2026 3:45:00 PM,WC26033467,"5XXX  Kelvin Ave N, LAKE ELMO",SUSPICIOUS PERSON/ACTIVITY
WASHINGTON COUNTY SHERIFFS OFFICE,LAKE ELMO,7/6/2026 6:51:40 PM,WC26033488,"11XXX  39th St N, LAKE ELMO",MEDICAL
WASHINGTON COUNTY SHERIFFS OFFICE,LAKE ELMO,7/6/2026 7:35:34 PM,WC26033493,"8XXX  28th St N, LAKE ELMO",911 ABANDONED/HANGUP/OPEN LINE
WASHINGTON COUNTY SHERIFFS OFFICE,LAKE ELMO,7/6/2026 7:40:19 PM,WC26033496,"9XXX  4th St N, LAKE ELMO",FRAUD/SCAM
WASHINGTON COUNTY SHERIFFS OFFICE,LAKE ELMO,7/6/2026 7:48:49 PM,WC26033494,"1XXX  ROYAL BLVD N, LAKE ELMO",DRIVING COMPLAINT
WASHINGTON COUNTY SHERIFFS OFFICE,LAKE ELMO,7/6/2026 8:41:00 PM,WC26033497,"STILLWATER BLVD N / 50TH ST N, LAKE ELMO",TRAFFIC STOP
WASHINGTON COUNTY SHERIFFS OFFICE,LAKE ELMO,7/6/2026 9:19:05 PM,WC26033501,"11XXX  Upper 31st St N, LAKE ELMO",FIREWORKS
WASHINGTON COUNTY SHERIFFS OFFICE,LAKE ELMO,7/6/2026 9:24:22 PM,WC26033503,"XXX Julia Ave N, LAKE ELMO",ALARM-BUSINESS/RES/FIRE/MEDICAL/ETC
WASHINGTON COUNTY SHERIFFS OFFICE,LAKE ELMO,7/6/2026 9:39:00 PM,WC26033506,"Lady Slipper Rd N / 40th St N, LAKE ELMO",FIREWORKS
WASHINGTON COUNTY SHERIFFS OFFICE,LAKE ELMO,7/6/2026 11:32:00 PM,WC26033519,"STILLWATER BLVD N / 50TH ST N, LAKE ELMO",TRAFFIC STOP
WASHINGTON COUNTY SHERIFFS OFFICE,LAKE ELMO,7/7/2026 2:57:59 AM,WC26033537,"3XXX  Kindred Way, LAKE ELMO",MEDICAL
WASHINGTON COUNTY SHERIFFS OFFICE,LAKE ELMO,7/7/2026 7:41:25 AM,WC26033550,"9XXX  Hudson Blvd N, LAKE ELMO",ALARM-BUSINESS/RES/FIRE/MEDICAL/ETC
WASHINGTON COUNTY SHERIFFS OFFICE,LAKE ELMO,7/7/2026 7:50:59 AM,WC26033552,"4XXX  Lady Slipper Rd N, LAKE ELMO",FOLLOW UP
WASHINGTON COUNTY SHERIFFS OFFICE,LAKE ELMO,7/7/2026 8:28:02 AM,WC26033554,"11XXX  Sunflower Ln N, LAKE ELMO",PROPERTY DAMAGE
WASHINGTON COUNTY SHERIFFS OFFICE,LAKE ELMO,7/7/2026 9:41:02 AM,WC26033571,"Lake Jane, LAKE ELMO",TRAFFIC COMPLAINT
WASHINGTON COUNTY SHERIFFS OFFICE,LAKE ELMO,7/7/2026 9:43:54 AM,WC26033572,"9XXX  Jamaca Ct N, LAKE ELMO",PUBLIC WORKS CONCERN
WASHINGTON COUNTY SHERIFFS OFFICE,LAKE ELMO,7/7/2026 11:58:02 AM,WC26033590,"7XXX  Demontreville Trl N, LAKE ELMO",DISTURBANCE
WASHINGTON COUNTY SHERIFFS OFFICE,LAKE ELMO,7/7/2026 3:14:46 PM,WC26033629,"11XXX  4th St N, LAKE ELMO",DISTURBANCE
WASHINGTON COUNTY SHERIFFS OFFICE,LAKE ELMO,7/7/2026 3:20:50 PM,WC26033630,"XXX Cimarron, LAKE ELMO",ANIMAL COMPLAINT
WASHINGTON COUNTY SHERIFFS OFFICE,LAKE ELMO,7/7/2026 4:35:25 PM,WC26033643,"XXX Jade Trl N, LAKE ELMO",MEDICAL
WASHINGTON COUNTY SHERIFFS OFFICE,LAKE ELMO,7/7/2026 5:11:14 PM,WC26033647,"XX Hwy 36 Eb Jwo Lake Elmo Ave N, LAKE ELMO",ROAD HAZARD
WASHINGTON COUNTY SHERIFFS OFFICE,LAKE ELMO,7/7/2026 8:36:01 PM,WC26033666,"Hwy 36 Eb Jeo Keats Ave N, LAKE ELMO",TRAFFIC COMPLAINT
WASHINGTON COUNTY SHERIFFS OFFICE,LAKE ELMO,7/7/2026 8:59:59 PM,WC26033670,"5XXX  Highlands Trl N, LAKE ELMO",911 ABANDONED/HANGUP/OPEN LINE
WASHINGTON COUNTY SHERIFFS OFFICE,LAKE ELMO,7/8/2026 3:12:44 AM,WC26033691,"XXX Cimarron, LAKE ELMO",911 ABANDONED/HANGUP/OPEN LINE
WASHINGTON COUNTY SHERIFFS OFFICE,LAKE ELMO,7/8/2026 9:36:30 AM,WC26033741,"1XXX  Keats Ave N, LAKE ELMO",ABANDONED VEHICLE
WASHINGTON COUNTY SHERIFFS OFFICE,LAKE ELMO,7/8/2026 9:57:21 AM,WC26033745,"4XXX  Linden Trl N, LAKE ELMO",THEFT
WASHINGTON COUNTY SHERIFFS OFFICE,LAKE ELMO,7/8/2026 12:20:15 PM,WC26033764,"1XXX  Keats Ave N, LAKE ELMO",TRESPASSING
WASHINGTON COUNTY SHERIFFS OFFICE,LAKE ELMO,7/8/2026 1:08:40 PM,WC26033771,"9XXX  Lake Jane Trl N, LAKE ELMO",PARKING COMPLAINT
WASHINGTON COUNTY SHERIFFS OFFICE,LAKE ELMO,7/8/2026 1:11:24 PM,WC26033773,"8XXX  Hill Trl N, LAKE ELMO",PARKING COMPLAINT
WASHINGTON COUNTY SHERIFFS OFFICE,LAKE ELMO,7/8/2026 6:02:02 PM,WC26033824,"9XXX  5TH STREET LN N, LAKE ELMO",CIVIL MATTER/DISPUTE
WASHINGTON COUNTY SHERIFFS OFFICE,LAKE ELMO,7/8/2026 9:19:20 PM,WC26033847,"10XXX  10th St N, LAKE ELMO",ALARM-BUSINESS/RES/FIRE/MEDICAL/ETC
WASHINGTON COUNTY SHERIFFS OFFICE,LAKE ELMO,7/8/2026 9:39:51 PM,WC26033853,"XXX Cimarron, LAKE ELMO",DISTURBANCE
WASHINGTON COUNTY SHERIFFS OFFICE,LAKE ELMO,7/8/2026 11:27:35 PM,WC26033875,"11XXX  Hudson Blvd N, LAKE ELMO",UNWANTED PERSON/VEHICLE
WASHINGTON COUNTY SHERIFFS OFFICE,LAKE ELMO,7/8/2026 11:44:59 PM,WC26033880,"9XXX  4th St N, LAKE ELMO",WELFARE CHECK
WASHINGTON COUNTY SHERIFFS OFFICE,LAKE ELMO,7/9/2026 1:09:00 AM,WC26033889,"HIGHLANDS TRL N / 59TH ST N, LAKE ELMO",TRAFFIC STOP
WASHINGTON COUNTY SHERIFFS OFFICE,LAKE ELMO,7/9/2026 1:58:28 AM,WC26033893,"9XXX  31st St N, LAKE ELMO",CITIZEN/PUBLIC ASSIST
WASHINGTON COUNTY SHERIFFS OFFICE,LAKE ELMO,7/9/2026 4:28:04 AM,WC26033902,"Hwy 36 Wb At Keats Ave N, LAKE ELMO",ROAD HAZARD
WASHINGTON COUNTY SHERIFFS OFFICE,LAKE ELMO,7/9/2026 6:42:10 AM,WC26033904,"10XXX  10th St N, LAKE ELMO",THEFT FROM MOTOR VEHICLE
WASHINGTON COUNTY SHERIFFS OFFICE,LAKE ELMO,7/9/2026 9:38:26 AM,WC26033931,"11XXX  10TH ST N, LAKE ELMO",TRAFFIC STOP
WASHINGTON COUNTY SHERIFFS OFFICE,LAKE ELMO,7/9/2026 9:51:48 AM,WC26033939,"XXX CIMARRON, LAKE ELMO",911 ABANDONED/HANGUP/OPEN LINE
WASHINGTON COUNTY SHERIFFS OFFICE,LAKE ELMO,7/9/2026 11:03:29 AM,WC26033963,"INWOOD AVE N / 15TH ST N, LAKE ELMO",TRAFFIC STOP
WASHINGTON COUNTY SHERIFFS OFFICE,LAKE ELMO,7/9/2026 11:27:10 AM,WC26033970,"9XXX  31st St N, LAKE ELMO",FOLLOW UP
WASHINGTON COUNTY SHERIFFS OFFICE,LAKE ELMO,7/9/2026 12:46:59 PM,WC26033987,"9XXX  Hudson Blvd N, LAKE ELMO",FRAUD/SCAM
WASHINGTON COUNTY SHERIFFS OFFICE,LAKE ELMO,7/9/2026 1:37:21 PM,WC26033993,"Unknown, LAKE ELMO",FOLLOW UP
WASHINGTON COUNTY SHERIFFS OFFICE,LAKE ELMO,7/9/2026 2:48:15 PM,WC26034009,"47th St N / Kimbro Ave N, LAKE ELMO",DRIVING COMPLAINT
WASHINGTON COUNTY SHERIFFS OFFICE,LAKE ELMO,7/9/2026 3:45:56 PM,WC26034021,"4XXX  Lake Elmo Ave N, LAKE ELMO",OTHER
WASHINGTON COUNTY SHERIFFS OFFICE,LAKE ELMO,7/9/2026 4:09:33 PM,WC26034027,"8XXX  37th St N, LAKE ELMO",WELFARE CHECK
WASHINGTON COUNTY SHERIFFS OFFICE,LAKE ELMO,7/9/2026 5:08:43 PM,WC26034039,"8XXX  37th St N, LAKE ELMO",RUNAWAY
WASHINGTON COUNTY SHERIFFS OFFICE,LAKE ELMO,7/9/2026 5:23:05 PM,WC26034047,"8XXX  Hidden Bay Ct N, LAKE ELMO",UNWANTED PERSON/VEHICLE
WASHINGTON COUNTY SHERIFFS OFFICE,LAKE ELMO,7/9/2026 6:39:09 PM,WC26034061,"XXX Julep Ave N, LAKE ELMO",FRAUD/SCAM
WASHINGTON COUNTY SHERIFFS OFFICE,LAKE ELMO,7/9/2026 8:48:43 PM,WC26034073,"HWY 36 EB AT DEMONTREVILLE TRL N, LAKE ELMO",MOTORIST ASSIST
WASHINGTON COUNTY SHERIFFS OFFICE,LAKE ELMO,7/9/2026 9:17:18 PM,WC26034080,"9XXX  5th Street Ln N, LAKE ELMO",ALARM-BUSINESS/RES/FIRE/MEDICAL/ETC
WASHINGTON COUNTY SHERIFFS OFFICE,LAKE ELMO,7/9/2026 11:51:20 PM,WC26034119,"Highway 36, LAKE ELMO",TRAFFIC STOP
WASHINGTON COUNTY SHERIFFS OFFICE,LAKE ELMO,7/10/2026 2:22:00 AM,WC26034139,"HWY 36 WB AT LAKE ELMO AVE N, LAKE ELMO",DWI
WASHINGTON COUNTY SHERIFFS OFFICE,LAKE ELMO,7/10/2026 2:28:05 AM,WC26034140,"10TH ST N / PALMER DR N, LAKE ELMO",SUSPICIOUS PERSON/ACTIVITY
WASHINGTON COUNTY SHERIFFS OFFICE,LAKE ELMO,7/10/2026 6:37:34 AM,WC26034155,"9XXX  31st St N, LAKE ELMO",MEDICAL
WASHINGTON COUNTY SHERIFFS OFFICE,LAKE ELMO,7/10/2026 8:58:40 AM,WC26034171,"3XXX  KOKANEE LN N, LAKE ELMO",DISTURBANCE
WASHINGTON COUNTY SHERIFFS OFFICE,LAKE ELMO,7/10/2026 9:24:39 AM,WC26034187,"11XXX  39th St N, LAKE ELMO",MEDICAL
WASHINGTON COUNTY SHERIFFS OFFICE,LAKE ELMO,7/10/2026 9:47:01 AM,WC26034204,"XXX Cimarron, LAKE ELMO",CIVIL MATTER/DISPUTE
WASHINGTON COUNTY SHERIFFS OFFICE,LAKE ELMO,7/10/2026 10:06:27 AM,WC26034210,"8XXX  Lake Jane Trl N, LAKE ELMO",ALARM-BUSINESS/RES/FIRE/MEDICAL/ETC
WASHINGTON COUNTY SHERIFFS OFFICE,LAKE ELMO,7/10/2026 10:14:53 AM,WC26034220,"3XXX  Kokanee Ln N, LAKE ELMO",NEIGHBOR DISPUTE
WASHINGTON COUNTY SHERIFFS OFFICE,LAKE ELMO,7/10/2026 10:32:24 AM,WC26034217,"10XXX  32nd St N, LAKE ELMO",SUSPICIOUS PERSON/ACTIVITY
WASHINGTON COUNTY SHERIFFS OFFICE,LAKE ELMO,7/10/2026 2:47:34 PM,WC26034251,"9XXX  Hudson Blvd N, LAKE ELMO",DRIVING COMPLAINT
WASHINGTON COUNTY SHERIFFS OFFICE,LAKE ELMO,7/10/2026 4:31:58 PM,WC26034268,"XXX CIMARRON, LAKE ELMO",FOLLOW UP
WASHINGTON COUNTY SHERIFFS OFFICE,LAKE ELMO,7/10/2026 5:36:10 PM,WC26034289,"11XXX  Stillwater Blvd N, LAKE ELMO",ACCIDENT
WASHINGTON COUNTY SHERIFFS OFFICE,LAKE ELMO,7/10/2026 6:31:49 PM,WC26034300,"8XXX  Hudson Blvd N, LAKE ELMO",PROPERTY DAMAGE
WASHINGTON COUNTY SHERIFFS OFFICE,LAKE ELMO,7/10/2026 7:51:02 PM,WC26034312,"8XXX  Lake Jane Trl N, LAKE ELMO",PARK COMPLAINT
WASHINGTON COUNTY SHERIFFS OFFICE,LAKE ELMO,7/10/2026 8:45:45 PM,WC26034332,"8XXX  50th St N, LAKE ELMO",PARKING COMPLAINT
WASHINGTON COUNTY SHERIFFS OFFICE,LAKE ELMO,7/10/2026 9:41:07 PM,WC26034349,"10XXX  38th St N, LAKE ELMO",FIREWORKS
WASHINGTON COUNTY SHERIFFS OFFICE,LAKE ELMO,7/10/2026 9:52:46 PM,WC26034352,"2XXX  Imperial Ave N, LAKE ELMO",911 ABANDONED/HANGUP/OPEN LINE
WASHINGTON COUNTY SHERIFFS OFFICE,LAKE ELMO,7/11/2026 2:51:21 AM,WC26034406,"XX HWY 36 WB JEO KEATS AVE N, LAKE ELMO",DWI
WASHINGTON COUNTY SHERIFFS OFFICE,LAKE ELMO,7/11/2026 3:55:56 AM,WC26034410,"XXX Cimarron, LAKE ELMO",911 ABANDONED/HANGUP/OPEN LINE
WASHINGTON COUNTY SHERIFFS OFFICE,LAKE ELMO,7/11/2026 12:01:15 PM,WC26034455,"Stillwater Blvd N / 50th St N, LAKE ELMO",ACCIDENT
WASHINGTON COUNTY SHERIFFS OFFICE,LAKE ELMO,7/11/2026 1:34:45 PM,WC26034474,"XXX CIMARRON, LAKE ELMO",DRIVING COMPLAINT
WASHINGTON COUNTY SHERIFFS OFFICE,LAKE ELMO,7/11/2026 1:52:44 PM,WC26034482,"1XXX  Manning Trl N, LAKE ELMO",DRIVING COMPLAINT
WASHINGTON COUNTY SHERIFFS OFFICE,LAKE ELMO,7/11/2026 3:24:26 PM,WC26034500,"5XXX  Hilltop Ave N, LAKE ELMO",RUNAWAY
WASHINGTON COUNTY SHERIFFS OFFICE,LAKE ELMO,7/11/2026 3:37:00 PM,WC26034504,"10TH ST N AT INWOOD AVE N, LAKE ELMO",TRAFFIC STOP
WASHINGTON COUNTY SHERIFFS OFFICE,LAKE ELMO,7/11/2026 5:11:41 PM,WC26034535,"9XXX  57th St N, LAKE ELMO",ALARM-BUSINESS/RES/FIRE/MEDICAL/ETC
WASHINGTON COUNTY SHERIFFS OFFICE,LAKE ELMO,7/11/2026 5:20:31 PM,WC26034539,"8XXX  5th St N, LAKE ELMO",CIVIL MATTER/DISPUTE
WASHINGTON COUNTY SHERIFFS OFFICE,LAKE ELMO,7/11/2026 7:04:00 PM,WC26034558,"9XXX  HUDSON BLVD N, LAKE ELMO",TRAFFIC STOP
WASHINGTON COUNTY SHERIFFS OFFICE,LAKE ELMO,7/11/2026 7:51:07 PM,WC26034565,"3XXX  Linden Ave N, LAKE ELMO",911 ABANDONED/HANGUP/OPEN LINE
WASHINGTON COUNTY SHERIFFS OFFICE,LAKE SAINT CROIX BEACH,7/5/2026 1:50:59 AM,WC26033175,"1XXX  Quasar Ct S, LAKE SAINT CROIX BEACH",DRUNK/INTOXICATED 
WASHINGTON COUNTY SHERIFFS OFFICE,LAKE SAINT CROIX BEACH,7/5/2026 3:49:00 PM,WC26033253,"REDWING AVE S / UPPER 19TH ST S, LAKE SAINT CROIX BEACH",PARKING VIOLATION
WASHINGTON COUNTY SHERIFFS OFFICE,LAKE SAINT CROIX BEACH,7/5/2026 6:10:02 PM,WC26033283,"2XXX  Queens Ave S, LAKE SAINT CROIX BEACH",CITIZEN/PUBLIC ASSIST
WASHINGTON COUNTY SHERIFFS OFFICE,LAKE SAINT CROIX BEACH,7/5/2026 6:33:21 PM,WC26033286,"1XXX  Riviera Ave S, LAKE SAINT CROIX BEACH",DROWNING
WASHINGTON COUNTY SHERIFFS OFFICE,LAKE SAINT CROIX BEACH,7/5/2026 9:06:10 PM,WC26033305,"2XXX  Quarry Ave S, LAKE SAINT CROIX BEACH",SUSPICIOUS PERSON/ACTIVITY
WASHINGTON COUNTY SHERIFFS OFFICE,LAKE SAINT CROIX BEACH,7/5/2026 10:46:48 PM,WC26033332,"1XXX  Riviera Ave S, LAKE SAINT CROIX BEACH",DRIVING COMPLAINT
WASHINGTON COUNTY SHERIFFS OFFICE,LAKE SAINT CROIX BEACH,7/9/2026 11:08:12 AM,WC26033966,"16XXX  20th St S, LAKE SAINT CROIX BEACH",911 ABANDONED/HANGUP/OPEN LINE
WASHINGTON COUNTY SHERIFFS OFFICE,LAKE SAINT CROIX BEACH,7/9/2026 11:49:00 AM,WC26033978,"1XXX  Ramada Ave S, LAKE SAINT CROIX BEACH",PARKING VIOLATION
WASHINGTON COUNTY SHERIFFS OFFICE,LAKE SAINT CROIX BEACH,7/9/2026 12:08:20 PM,WC26033986,"1XXX  Racine Ave S, LAKE SAINT CROIX BEACH",SUSPICIOUS PERSON/ACTIVITY
WASHINGTON COUNTY SHERIFFS OFFICE,LAKE SAINT CROIX BEACH,7/10/2026 3:26:14 PM,WC26034257,"1XXX  Quinlan Ave S, LAKE SAINT CROIX BEACH",THREATS
WASHINGTON COUNTY SHERIFFS OFFICE,LAKE SAINT CROIX BEACH,7/10/2026 6:09:05 PM,WC26034295,"2XXX  Saint Croix Trl S, LAKE SAINT CROIX BEACH",SUSPICIOUS PERSON/ACTIVITY
WASHINGTON COUNTY SHERIFFS OFFICE,LAKE SAINT CROIX BEACH,7/11/2026 2:06:00 PM,WC26034485,"1XXX  - 1748 RAMADA AVE S, LAKE SAINT CROIX BEACH",PARKING VIOLATION
WASHINGTON COUNTY SHERIFFS OFFICE,LAKE SAINT CROIX BEACH,7/11/2026 3:03:38 PM,WC26034498,"1XXX  Quentin Ave S, LAKE SAINT CROIX BEACH",MEDICAL
WASHINGTON COUNTY SHERIFFS OFFICE,LAKE SAINT CROIX BEACH,7/11/2026 4:57:46 PM,WC26034529,"1XXX  Ramada Ave S, LAKE SAINT CROIX BEACH",FOLLOW UP
WASHINGTON COUNTY SHERIFFS OFFICE,LAKE SAINT CROIX BEACH,7/11/2026 9:05:35 PM,WC26034580,"16XXX  18th St S, LAKE SAINT CROIX BEACH",ALARM-BUSINESS/RES/FIRE/MEDICAL/ETC
WASHINGTON COUNTY SHERIFFS OFFICE,LAKELAND,7/5/2026 1:09:33 AM,WC26033167,"XX I94 Eb To St Croix Trail North Ramp, LAKELAND",TRAFFIC STOP
WASHINGTON COUNTY SHERIFFS OFFICE,LAKELAND,7/5/2026 1:53:58 PM,WC26033234,"SAINT CROIX TRL N / 8TH ST N, LAKELAND",ACCIDENT
WASHINGTON COUNTY SHERIFFS OFFICE,LAKELAND,7/5/2026 8:46:32 PM,WC26033297,"6th St N / Quinnell Ave N, LAKELAND",FIREWORKS
WASHINGTON COUNTY SHERIFFS OFFICE,LAKELAND,7/5/2026 10:06:18 PM,WC26033317,"SAINT CROIX RIVER HUDSON CHANNEL-LL, LAKELAND",WATERCRAFT ASSIST/RESCUE
WASHINGTON COUNTY SHERIFFS OFFICE,LAKELAND,7/7/2026 12:26:07 PM,WC26033597,"16XXX  3rd St S, LAKELAND",SUSPICIOUS PERSON/ACTIVITY
WASHINGTON COUNTY SHERIFFS OFFICE,LAKELAND,7/8/2026 11:53:53 AM,WC26033761,"Unknown, LAKELAND",THEFT
WASHINGTON COUNTY SHERIFFS OFFICE,LAKELAND,7/10/2026 10:12:14 AM,WC26034212,"I94 / SAINT CROIX TRAIL NORTH TO I94 EB RAMP, LAKELAND",TRAFFIC STOP
WASHINGTON COUNTY SHERIFFS OFFICE,LAKELAND,7/11/2026 1:24:47 AM,WC26034394,"XXX SAINT CROIX TRL S, LAKELAND",SUSPICIOUS PERSON/ACTIVITY
WASHINGTON COUNTY SHERIFFS OFFICE,LAKELAND,7/11/2026 7:06:24 AM,WC26034418,"1XXX  Rivercrest Rd N, LAKELAND",ANIMAL COMPLAINT
WASHINGTON COUNTY SHERIFFS OFFICE,LAKELAND,7/11/2026 9:54:51 AM,WC26034437,"XXX Quixote Ave N, LAKELAND",SUSPICIOUS PERSON/ACTIVITY
WASHINGTON COUNTY SHERIFFS OFFICE,LANDFALL,7/5/2026 12:11:48 AM,WC26033155,"XXX Dellwood Sq S, LANDFALL",FIREWORKS
WASHINGTON COUNTY SHERIFFS OFFICE,LANDFALL,7/5/2026 10:35:47 PM,WC26033329,"2nd Ave / Forest Hts, LANDFALL",FIREWORKS
WASHINGTON COUNTY SHERIFFS OFFICE,LANDFALL,7/6/2026 5:13:14 AM,WC26033371,"XX Dellwood Cv, LANDFALL",FIREWORKS
WASHINGTON COUNTY SHERIFFS OFFICE,LANDFALL,7/6/2026 4:34:47 PM,WC26033475,"XX Dellwood Cv, LANDFALL",ANIMAL COMPLAINT
WASHINGTON COUNTY SHERIFFS OFFICE,LANDFALL,7/6/2026 6:04:00 PM,WC26033485,"DELLWOOD LN, LANDFALL",TRAFFIC STOP
WASHINGTON COUNTY SHERIFFS OFFICE,LANDFALL,7/9/2026 2:53:31 PM,WC26034011,"2XXX  Hudson Blvd N, LANDFALL",CIVIL MATTER/DISPUTE
WASHINGTON COUNTY SHERIFFS OFFICE,LANDFALL,7/9/2026 6:19:14 PM,WC26034062,"XX Evergreen Dr, LANDFALL",ANIMAL COMPLAINT
WASHINGTON COUNTY SHERIFFS OFFICE,LANDFALL,7/9/2026 8:59:00 PM,WC26034067,"DELLWOOD LN / 2ND AVE, LANDFALL",TRAFFIC STOP
WASHINGTON COUNTY SHERIFFS OFFICE,LANDFALL,7/10/2026 7:39:44 AM,WC26034158,"2XXX  Hudson Blvd N, LANDFALL",CIVIL MATTER/DISPUTE
WASHINGTON COUNTY SHERIFFS OFFICE,LANDFALL,7/11/2026 7:35:59 PM,WC26034562,"XXX Dellwood Sq S, LANDFALL",DEATH INVESTIGATION
WASHINGTON COUNTY SHERIFFS OFFICE,MAHTOMEDI,7/5/2026 12:41:00 AM,WC26033159,"I694W/East of Century Ave, MAHTOMEDI",TRAFFIC STOP
WASHINGTON COUNTY SHERIFFS OFFICE,MAHTOMEDI,7/5/2026 2:39:23 AM,WC26033179,"XXX Wildwood Rd, MAHTOMEDI",911 ABANDONED/HANGUP/OPEN LINE
WASHINGTON COUNTY SHERIFFS OFFICE,MAHTOMEDI,7/5/2026 3:31:03 AM,WC26033186,"XXX Wildwood Rd, MAHTOMEDI",ALARM-BUSINESS/RES/FIRE/MEDICAL/ETC
WASHINGTON COUNTY SHERIFFS OFFICE,MAHTOMEDI,7/5/2026 9:13:12 AM,WC26033203,"XXX Wildwood Rd, MAHTOMEDI",DISTURBANCE
WASHINGTON COUNTY SHERIFFS OFFICE,MAHTOMEDI,7/5/2026 1:52:44 PM,WC26033233,"XXX Wildwood Rd, MAHTOMEDI",ASSAULT
WASHINGTON COUNTY SHERIFFS OFFICE,MAHTOMEDI,7/5/2026 4:01:16 PM,WC26033257,"XXX Wildwood Rd, MAHTOMEDI",LOST PROPERTY/ITEM
WASHINGTON COUNTY SHERIFFS OFFICE,MAHTOMEDI,7/5/2026 5:06:07 PM,WC26033268,"XXX Eastgate Pkwy, MAHTOMEDI",HARASSMENT
WASHINGTON COUNTY SHERIFFS OFFICE,MAHTOMEDI,7/5/2026 6:22:00 PM,WC26033284,"I694 WB JEO CENTURY AVE N, MAHTOMEDI",TRAFFIC STOP
WASHINGTON COUNTY SHERIFFS OFFICE,MAHTOMEDI,7/5/2026 8:28:05 PM,WC26033295,"XXX Quail St, MAHTOMEDI",THREATS
WASHINGTON COUNTY SHERIFFS OFFICE,MAHTOMEDI,7/5/2026 9:39:09 PM,WC26033310,"1XXX  Park Ave, MAHTOMEDI",FIREWORKS
WASHINGTON COUNTY SHERIFFS OFFICE,MAHTOMEDI,7/5/2026 10:47:08 PM,WC26033333,"XXX Wedgewood Dr, MAHTOMEDI",FIREWORKS
WASHINGTON COUNTY SHERIFFS OFFICE,MAHTOMEDI,7/6/2026 5:13:07 AM,WC26033370,"XX Long Lake Rd, MAHTOMEDI",911 ABANDONED/HANGUP/OPEN LINE
WASHINGTON COUNTY SHERIFFS OFFICE,MAHTOMEDI,7/6/2026 10:59:13 AM,WC26033418,"XXX Park Ave, MAHTOMEDI",911 ABANDONED/HANGUP/OPEN LINE
WASHINGTON COUNTY SHERIFFS OFFICE,MAHTOMEDI,7/6/2026 12:30:26 PM,WC26033432,"XXX East Ave, MAHTOMEDI",MEDICAL
WASHINGTON COUNTY SHERIFFS OFFICE,MAHTOMEDI,7/6/2026 1:07:13 PM,WC26033437,"XXX East Ave, MAHTOMEDI",MEDICAL
WASHINGTON COUNTY SHERIFFS OFFICE,MAHTOMEDI,7/6/2026 3:04:20 PM,WC26033460,"1XXX  Park Ave, MAHTOMEDI",ALARM-BUSINESS/RES/FIRE/MEDICAL/ETC
WASHINGTON COUNTY SHERIFFS OFFICE,MAHTOMEDI,7/6/2026 6:27:17 PM,WC26033487,"XX Ash St, MAHTOMEDI",SUSPICIOUS PERSON/ACTIVITY
WASHINGTON COUNTY SHERIFFS OFFICE,MAHTOMEDI,7/7/2026 4:14:33 AM,WC26033540,"XXX Sterling Ct, MAHTOMEDI",MEDICAL
WASHINGTON COUNTY SHERIFFS OFFICE,MAHTOMEDI,7/7/2026 8:40:14 AM,WC26033556,"XXX East Ave, MAHTOMEDI",MEDICAL
WASHINGTON COUNTY SHERIFFS OFFICE,MAHTOMEDI,7/7/2026 11:58:52 AM,WC26033589,"1XXX  Mahtomedi Ave, MAHTOMEDI",911 ABANDONED/HANGUP/OPEN LINE
WASHINGTON COUNTY SHERIFFS OFFICE,MAHTOMEDI,7/7/2026 1:29:07 PM,WC26033607,"XXX WOODLAND CT, MAHTOMEDI",FAMILY ASSIST
WASHINGTON COUNTY SHERIFFS OFFICE,MAHTOMEDI,7/7/2026 1:30:22 PM,WC26033609,"XXX Ridge Way, MAHTOMEDI",WELFARE CHECK
WASHINGTON COUNTY SHERIFFS OFFICE,MAHTOMEDI,7/7/2026 1:39:11 PM,WC26033615,"XXX Quail St, MAHTOMEDI",MEDICAL
WASHINGTON COUNTY SHERIFFS OFFICE,MAHTOMEDI,7/7/2026 2:29:21 PM,WC26033620,"Unknown, MAHTOMEDI",TRAFFIC COMPLAINT
WASHINGTON COUNTY SHERIFFS OFFICE,MAHTOMEDI,7/7/2026 7:13:22 PM,WC26033661,"XX Long Lake Rd, MAHTOMEDI",911 ABANDONED/HANGUP/OPEN LINE
WASHINGTON COUNTY SHERIFFS OFFICE,MAHTOMEDI,7/7/2026 8:12:59 PM,WC26033665,"XX Mahtomedi Ave, MAHTOMEDI",MEDICAL
WASHINGTON COUNTY SHERIFFS OFFICE,MAHTOMEDI,7/7/2026 9:53:33 PM,WC26033678,"1XXX  Park Ave, MAHTOMEDI",NOISE COMPLAINT/DISTURBANCE
WASHINGTON COUNTY SHERIFFS OFFICE,MAHTOMEDI,7/7/2026 11:34:57 PM,WC26033683,"XXX Woodland Ct, MAHTOMEDI",MEDICAL
WASHINGTON COUNTY SHERIFFS OFFICE,MAHTOMEDI,7/7/2026 11:48:22 PM,WC26033684,"XXX Stillwater Rd, MAHTOMEDI",NOISE COMPLAINT/DISTURBANCE
WASHINGTON COUNTY SHERIFFS OFFICE,MAHTOMEDI,7/8/2026 5:11:09 AM,WC26033699,"Warner Ave N / Stillwater Rd, MAHTOMEDI",ROAD HAZARD
WASHINGTON COUNTY SHERIFFS OFFICE,MAHTOMEDI,7/8/2026 7:09:40 AM,WC26033705,"3XXX  Century Ave, MAHTOMEDI",ALARM-BUSINESS/RES/FIRE/MEDICAL/ETC
WASHINGTON COUNTY SHERIFFS OFFICE,MAHTOMEDI,7/8/2026 8:02:51 AM,WC26033719,"XXX Stillwater Rd, MAHTOMEDI",MEDICAL
WASHINGTON COUNTY SHERIFFS OFFICE,MAHTOMEDI,7/8/2026 8:11:17 AM,WC26033721,"XX Long Lake Rd, MAHTOMEDI",VEHICLE UNLOCK
WASHINGTON COUNTY SHERIFFS OFFICE,MAHTOMEDI,7/8/2026 10:34:00 AM,WC26033748,"XXX - 299 EAST AVE, MAHTOMEDI",TRAFFIC STOP
WASHINGTON COUNTY SHERIFFS OFFICE,MAHTOMEDI,7/8/2026 11:18:14 AM,WC26033758,"XX Stillwater Rd, MAHTOMEDI",PROPERTY DAMAGE
WASHINGTON COUNTY SHERIFFS OFFICE,MAHTOMEDI,7/8/2026 12:29:28 PM,WC26033766,"XXX East Ave, MAHTOMEDI",MEDICAL
WASHINGTON COUNTY SHERIFFS OFFICE,MAHTOMEDI,7/8/2026 12:57:55 PM,WC26033770,"XXX Emerald Ln, MAHTOMEDI",MEDICAL
WASHINGTON COUNTY SHERIFFS OFFICE,MAHTOMEDI,7/8/2026 1:59:05 PM,WC26033780,"XXX Wildwood Rd, MAHTOMEDI",911 ABANDONED/HANGUP/OPEN LINE
WASHINGTON COUNTY SHERIFFS OFFICE,MAHTOMEDI,7/8/2026 3:03:07 PM,WC26033788,"XXX Ledgestone Dr, MAHTOMEDI",CITIZEN/PUBLIC ASSIST
WASHINGTON COUNTY SHERIFFS OFFICE,MAHTOMEDI,7/8/2026 3:15:05 PM,WC26033794,"GLENMAR AVE & 72ND ST N, MAHTOMEDI",ACCIDENT
WASHINGTON COUNTY SHERIFFS OFFICE,MAHTOMEDI,7/8/2026 4:35:04 PM,WC26033812,"XXX Barrington Pl, MAHTOMEDI",MEDICAL
WASHINGTON COUNTY SHERIFFS OFFICE,MAHTOMEDI,7/8/2026 9:40:54 PM,WC26033854,"XXX Wildwood Rd, MAHTOMEDI",CIVIL MATTER/DISPUTE
WASHINGTON COUNTY SHERIFFS OFFICE,MAHTOMEDI,7/8/2026 10:41:02 PM,WC26033866,"XXX Forest Ave, MAHTOMEDI",MEDICAL
WASHINGTON COUNTY SHERIFFS OFFICE,MAHTOMEDI,7/9/2026 12:00:50 AM,WC26033881,"XXX Iris St, MAHTOMEDI",MEDICAL
WASHINGTON COUNTY SHERIFFS OFFICE,MAHTOMEDI,7/9/2026 7:25:44 AM,WC26033909,"XXX HOMEWOOD AVE, MAHTOMEDI",PARKING COMPLAINT
WASHINGTON COUNTY SHERIFFS OFFICE,MAHTOMEDI,7/9/2026 9:36:20 AM,WC26033932,"XXX Wildwood Rd, MAHTOMEDI",CIVIL MATTER/DISPUTE
WASHINGTON COUNTY SHERIFFS OFFICE,MAHTOMEDI,7/9/2026 10:03:07 AM,WC26033952,"XXX Wildwood Rd, MAHTOMEDI",OFFICER INFORMATION
WASHINGTON COUNTY SHERIFFS OFFICE,MAHTOMEDI,7/9/2026 10:21:13 AM,WC26033960,"XXX Wedgewood Dr, MAHTOMEDI",MAIL THEFT
WASHINGTON COUNTY SHERIFFS OFFICE,MAHTOMEDI,7/9/2026 12:26:59 PM,WC26033983,"XXX Wildwood Rd, MAHTOMEDI",FOLLOW UP
WASHINGTON COUNTY SHERIFFS OFFICE,MAHTOMEDI,7/9/2026 4:22:24 PM,WC26034031,"XXX East Ave, MAHTOMEDI",MEDICAL
WASHINGTON COUNTY SHERIFFS OFFICE,MAHTOMEDI,7/9/2026 4:53:41 PM,WC26034036,"XX Long Lake Rd, MAHTOMEDI",DRUNK/INTOXICATED 
WASHINGTON COUNTY SHERIFFS OFFICE,MAHTOMEDI,7/9/2026 9:16:13 PM,WC26034079,"XXX Greenwood St, MAHTOMEDI",ASSIST OTHER AGENCY
WASHINGTON COUNTY SHERIFFS OFFICE,MAHTOMEDI,7/9/2026 9:34:10 PM,WC26034085,"XXX East Ave, MAHTOMEDI",MEDICAL
WASHINGTON COUNTY SHERIFFS OFFICE,MAHTOMEDI,7/9/2026 11:18:46 PM,WC26034116,"XX MAHTOMEDI AVE, MAHTOMEDI",ALARM-BUSINESS/RES/FIRE/MEDICAL/ETC
WASHINGTON COUNTY SHERIFFS OFFICE,MAHTOMEDI,7/10/2026 12:00:00 AM,WC26034236,"GENEVA AVE N, MAHTOMEDI",TRAFFIC STOP
WASHINGTON COUNTY SHERIFFS OFFICE,MAHTOMEDI,7/10/2026 1:29:59 AM,WC26034137,"XXX East Ave, MAHTOMEDI",ASSIST OTHER AGENCY
WASHINGTON COUNTY SHERIFFS OFFICE,MAHTOMEDI,7/10/2026 3:45:18 AM,WC26034147,"XXX Wildwood Rd, MAHTOMEDI",CIVIL MATTER/DISPUTE
WASHINGTON COUNTY SHERIFFS OFFICE,MAHTOMEDI,7/10/2026 4:54:25 AM,WC26034148,"Unknown, MAHTOMEDI",ASSIST OTHER AGENCY
WASHINGTON COUNTY SHERIFFS OFFICE,MAHTOMEDI,7/10/2026 6:08:15 AM,WC26034152,"XX Long Lake Rd, MAHTOMEDI",SUSPICIOUS PERSON/ACTIVITY
WASHINGTON COUNTY SHERIFFS OFFICE,MAHTOMEDI,7/10/2026 7:55:00 AM,WC26034162,"BIRCH ST / MAHTOMEDI AVE, MAHTOMEDI",WELFARE CHECK
WASHINGTON COUNTY SHERIFFS OFFICE,MAHTOMEDI,7/10/2026 8:25:47 AM,WC26034166,"XXX Wildwood Rd, MAHTOMEDI",911 ABANDONED/HANGUP/OPEN LINE
WASHINGTON COUNTY SHERIFFS OFFICE,MAHTOMEDI,7/10/2026 9:29:32 AM,WC26034189,"XX Long Lake Rd, MAHTOMEDI",TRESPASSING
WASHINGTON COUNTY SHERIFFS OFFICE,MAHTOMEDI,7/10/2026 12:07:42 PM,WC26034229,"XXX Gosiwin Ave, MAHTOMEDI",OFFICER INFORMATION
WASHINGTON COUNTY SHERIFFS OFFICE,MAHTOMEDI,7/10/2026 1:40:05 PM,WC26034237,"1XXX  Griffin Ave, MAHTOMEDI",PARKING VIOLATION
WASHINGTON COUNTY SHERIFFS OFFICE,MAHTOMEDI,7/10/2026 2:53:59 PM,WC26034252,"XX Long Lake Rd, MAHTOMEDI",FOLLOW UP
WASHINGTON COUNTY SHERIFFS OFFICE,MAHTOMEDI,7/10/2026 9:18:43 PM,WC26034339,"WILDWOOD RD / BIRCHWOOD RD, MAHTOMEDI",DIRECTED PATROL
WASHINGTON COUNTY SHERIFFS OFFICE,MAHTOMEDI,7/10/2026 9:40:51 PM,WC26034350,"XX Long Lake Rd, MAHTOMEDI",DISTURBANCE
WASHINGTON COUNTY SHERIFFS OFFICE,MAHTOMEDI,7/11/2026 7:43:34 AM,WC26034421,"XX Long Lake Rd, MAHTOMEDI",911 ABANDONED/HANGUP/OPEN LINE
WASHINGTON COUNTY SHERIFFS OFFICE,MAHTOMEDI,7/11/2026 10:33:04 AM,WC26034441,"XXX Wildwood Rd, MAHTOMEDI",CIVIL MATTER/DISPUTE
WASHINGTON COUNTY SHERIFFS OFFICE,MAHTOMEDI,7/11/2026 12:26:27 PM,WC26034457,"XXX Wildwood Rd, MAHTOMEDI",WELFARE CHECK
WASHINGTON COUNTY SHERIFFS OFFICE,MAHTOMEDI,7/11/2026 4:38:01 PM,WC26034523,"2XXX  Briarwood Ave, MAHTOMEDI",911 ABANDONED/HANGUP/OPEN LINE
WASHINGTON COUNTY SHERIFFS OFFICE,MAHTOMEDI,7/11/2026 5:58:57 PM,WC26034546,"EAST COUNTY LINE RD / WILDWOOD RD, MAHTOMEDI",TRAFFIC STOP
WASHINGTON COUNTY SHERIFFS OFFICE,MAHTOMEDI,7/11/2026 9:09:48 PM,WC26034578,"WILDWOOD RD / BIRCHWOOD RD, MAHTOMEDI",DIRECTED PATROL
WASHINGTON COUNTY SHERIFFS OFFICE,MAHTOMEDI,7/11/2026 10:29:25 PM,WC26034602,"XX Long Lake Rd, MAHTOMEDI",911 ABANDONED/HANGUP/OPEN LINE
WASHINGTON COUNTY SHERIFFS OFFICE,MARINE ON SAINT CROIX,7/5/2026 2:22:41 PM,WC26033241,"XXX JUDD ST, MARINE ON SAINT CROIX",MEDICAL
WASHINGTON COUNTY SHERIFFS OFFICE,MARINE ON SAINT CROIX,7/6/2026 11:41:47 PM,WC26033523,"OSTRUM TRL N / BROADWAY ST, MARINE ON SAINT CROIX",SUSPICIOUS PERSON/ACTIVITY
WASHINGTON COUNTY SHERIFFS OFFICE,MARINE ON SAINT CROIX,7/7/2026 9:31:04 AM,WC26033570,"Unknown, MARINE ON SAINT CROIX",FOLLOW UP
WASHINGTON COUNTY SHERIFFS OFFICE,MARINE ON SAINT CROIX,7/7/2026 4:10:22 PM,WC26033639,"XXX Maple St, MARINE ON SAINT CROIX",SUSPICIOUS PERSON/ACTIVITY
WASHINGTON COUNTY SHERIFFS OFFICE,MARINE ON SAINT CROIX,7/8/2026 7:42:06 AM,WC26033717,"XXX Oak Knoll Dr, MARINE ON SAINT CROIX",ANIMAL COMPLAINT
WASHINGTON COUNTY SHERIFFS OFFICE,MARINE ON SAINT CROIX,7/9/2026 12:00:00 AM,WC26033997,"SAINT CROIX TRL N / CHESTNUT ST, MARINE ON SAINT CROIX",TRAFFIC STOP
WASHINGTON COUNTY SHERIFFS OFFICE,MARINE ON SAINT CROIX,7/9/2026 8:18:49 AM,WC26033916,"XXX Oak Knoll Dr, MARINE ON SAINT CROIX",ANIMAL COMPLAINT
WASHINGTON COUNTY SHERIFFS OFFICE,MAY TOWNSHIP,7/5/2026 12:17:44 AM,WC26033154,"14XXX  Paris Ave N, MAY TOWNSHIP",FIREWORKS
WASHINGTON COUNTY SHERIFFS OFFICE,MAY TOWNSHIP,7/5/2026 10:11:41 AM,WC26033211,"14XXX  Manning Trl N, MAY TOWNSHIP",ACCIDENT
WASHINGTON COUNTY SHERIFFS OFFICE,MAY TOWNSHIP,7/5/2026 1:43:19 PM,WC26033231,"15XXX  SQUARE LAKE TRL N, MAY TOWNSHIP",CIVIL MATTER/DISPUTE
WASHINGTON COUNTY SHERIFFS OFFICE,MAY TOWNSHIP,7/5/2026 2:19:14 PM,WC26033238,"14XXX  130th Street Ln N, MAY TOWNSHIP",FIREWORKS
WASHINGTON COUNTY SHERIFFS OFFICE,MAY TOWNSHIP,7/5/2026 3:04:24 PM,WC26033246,"15XXX  SQUARE LAKE TRL N, MAY TOWNSHIP",VEHICLE UNLOCK
WASHINGTON COUNTY SHERIFFS OFFICE,MAY TOWNSHIP,7/6/2026 4:36:38 AM,WC26033367,"13XXX  Paragon Ave N, MAY TOWNSHIP",MEDICAL
WASHINGTON COUNTY SHERIFFS OFFICE,MAY TOWNSHIP,7/6/2026 10:12:56 AM,WC26033406,"12XXX  - 12899 SQUARE LAKE TRL N, MAY TOWNSHIP",TRAFFIC STOP
WASHINGTON COUNTY SHERIFFS OFFICE,MAY TOWNSHIP,7/7/2026 12:26:35 PM,WC26033595,"10XXX  176th St N, MAY TOWNSHIP",ANIMAL COMPLAINT
WASHINGTON COUNTY SHERIFFS OFFICE,MAY TOWNSHIP,7/8/2026 12:18:25 PM,WC26033763,"15XXX  Square Lake Trl N, MAY TOWNSHIP",THEFT
WASHINGTON COUNTY SHERIFFS OFFICE,MAY TOWNSHIP,7/9/2026 11:48:23 AM,WC26033977,"15XXX  Square Lake Trail North, MAY TOWNSHIP",PARK INCIDENT-CITY/COUNTY
WASHINGTON COUNTY SHERIFFS OFFICE,MAY TOWNSHIP,7/9/2026 2:48:52 PM,WC26034008,"14XXX  Saint Croix Trl N, MAY TOWNSHIP",MEDICAL
WASHINGTON COUNTY SHERIFFS OFFICE,MAY TOWNSHIP,7/9/2026 7:19:17 PM,WC26034065,"11XXX  180th St N, MAY TOWNSHIP",MEDICAL
WASHINGTON COUNTY SHERIFFS OFFICE,MAY TOWNSHIP,7/9/2026 9:00:04 PM,WC26034074,"122ND ST N / KEYSTONE AVE N, MAY TOWNSHIP",MOTORIST ASSIST
WASHINGTON COUNTY SHERIFFS OFFICE,MAY TOWNSHIP,7/10/2026 8:44:10 PM,WC26034328,"15XXX  SQUARE LAKE TRL N, MAY TOWNSHIP",PARKING VIOLATION
WASHINGTON COUNTY SHERIFFS OFFICE,MAY TOWNSHIP,7/10/2026 9:07:57 PM,WC26034335,"15XXX  SQUARE LAKE TRL N, MAY TOWNSHIP",PARKING VIOLATION
WASHINGTON COUNTY SHERIFFS OFFICE,MAY TOWNSHIP,7/11/2026 9:02:22 AM,WC26034433,"SAINT CROIX TRL N / 154TH ST N, MAY TOWNSHIP",TRAFFIC STOP
WASHINGTON COUNTY SHERIFFS OFFICE,MAY TOWNSHIP,7/11/2026 1:11:51 PM,WC26034468,"15XXX  - 16899 SQUARE LAKE TRL N, MAY TOWNSHIP",PARKING VIOLATION
WASHINGTON COUNTY SHERIFFS OFFICE,MAY TOWNSHIP,7/11/2026 2:39:23 PM,WC26034492,"15XXX  - 16899 SQUARE LAKE TRL N, MAY TOWNSHIP",PARKING VIOLATION
WASHINGTON COUNTY SHERIFFS OFFICE,MAY TOWNSHIP,7/11/2026 4:12:00 PM,WC26034514,"15XXX  - 16899 SQUARE LAKE TRL N, MAY TOWNSHIP",PARKING VIOLATION
WASHINGTON COUNTY SHERIFFS OFFICE,MAY TOWNSHIP,7/11/2026 5:48:23 PM,WC26034544,"17XXX  Manning Trl N, MAY TOWNSHIP",911 ABANDONED/HANGUP/OPEN LINE
WASHINGTON COUNTY SHERIFFS OFFICE,MAY TOWNSHIP,7/11/2026 8:00:03 PM,WC26034567,"13XXX  Manning Trl N, MAY TOWNSHIP",DRIVING COMPLAINT
WASHINGTON COUNTY SHERIFFS OFFICE,MAY TOWNSHIP,7/11/2026 10:52:59 PM,WC26034609,"12XXX  Keystone Ave N, MAY TOWNSHIP",PROPERTY DAMAGE
WASHINGTON COUNTY SHERIFFS OFFICE,NEWPORT,7/5/2026 9:49:09 AM,WC26033206,"XXX High St, NEWPORT",CITIZEN/PUBLIC ASSIST
WASHINGTON COUNTY SHERIFFS OFFICE,NEWPORT,7/5/2026 10:59:16 AM,WC26033216,"1XXX  8th Ave, NEWPORT",MEDICAL
WASHINGTON COUNTY SHERIFFS OFFICE,NEWPORT,7/5/2026 1:19:53 PM,WC26033228,"1XXX  MARK CT, NEWPORT",MEDICAL
WASHINGTON COUNTY SHERIFFS OFFICE,NEWPORT,7/5/2026 3:04:28 PM,WC26033248,"XXX 7th Ave, NEWPORT",911 ABANDONED/HANGUP/OPEN LINE
WASHINGTON COUNTY SHERIFFS OFFICE,NEWPORT,7/5/2026 4:05:50 PM,WC26033258,"1XXX  Barry Dr, NEWPORT",911 ABANDONED/HANGUP/OPEN LINE
WASHINGTON COUNTY SHERIFFS OFFICE,NEWPORT,7/5/2026 4:30:42 PM,WC26033264,"7th St / 5th Ave, NEWPORT",SUSPICIOUS PERSON/ACTIVITY
WASHINGTON COUNTY SHERIFFS OFFICE,NEWPORT,7/5/2026 9:20:27 PM,WC26033306,"1XXX  Mark Ct, NEWPORT",FIREWORKS
WASHINGTON COUNTY SHERIFFS OFFICE,NEWPORT,7/5/2026 10:25:36 PM,WC26033324,"Glen Rd / 10th Ave, NEWPORT",FIREWORKS
WASHINGTON COUNTY SHERIFFS OFFICE,NEWPORT,7/6/2026 7:41:17 AM,WC26033375,"1XXX  Woodbury Rd, NEWPORT",ACCIDENT
WASHINGTON COUNTY SHERIFFS OFFICE,NEWPORT,7/6/2026 11:08:26 AM,WC26033422,"Hwy 61 Nb To I494 Eb Ramp, NEWPORT",DRIVING COMPLAINT
WASHINGTON COUNTY SHERIFFS OFFICE,NEWPORT,7/6/2026 1:34:00 PM,WC26033447,"1XXX  Hastings Ave, NEWPORT",ACCIDENT
WASHINGTON COUNTY SHERIFFS OFFICE,NEWPORT,7/6/2026 1:39:32 PM,WC26033451,"Unknown, NEWPORT",FOLLOW UP
WASHINGTON COUNTY SHERIFFS OFFICE,NEWPORT,7/6/2026 2:17:00 PM,WC26033452,"14TH ST / 7TH AVE, NEWPORT",TRAFFIC STOP
WASHINGTON COUNTY SHERIFFS OFFICE,NEWPORT,7/6/2026 2:37:52 PM,WC26033454,"1XXX  10th Ave, NEWPORT",MEDICAL
WASHINGTON COUNTY SHERIFFS OFFICE,NEWPORT,7/6/2026 5:49:46 PM,WC26033482,"XXX HASTINGS AVE, NEWPORT",ACCIDENT
WASHINGTON COUNTY SHERIFFS OFFICE,NEWPORT,7/6/2026 5:58:58 PM,WC26033483,"Mississippi River Jso Wakota Bridge-np, NEWPORT",911 ABANDONED/HANGUP/OPEN LINE
WASHINGTON COUNTY SHERIFFS OFFICE,NEWPORT,7/6/2026 9:40:53 PM,WC26033505,"HWY 61 NB JNO GLEN RD, NEWPORT",TRAFFIC STOP
WASHINGTON COUNTY SHERIFFS OFFICE,NEWPORT,7/6/2026 10:07:21 PM,WC26033510,"1XXX  GLEN RD, NEWPORT",SUSPICIOUS PERSON/ACTIVITY
WASHINGTON COUNTY SHERIFFS OFFICE,NEWPORT,7/6/2026 10:23:06 PM,WC26033515,"XXX 18th St, NEWPORT",MEDICAL
WASHINGTON COUNTY SHERIFFS OFFICE,NEWPORT,7/6/2026 11:53:29 PM,WC26033525,"1XXX  - 1699 7TH AVE, NEWPORT",DIRECTED PATROL
WASHINGTON COUNTY SHERIFFS OFFICE,NEWPORT,7/7/2026 7:48:15 AM,WC26033551,"1XXX  Military Rd, NEWPORT",911 ABANDONED/HANGUP/OPEN LINE
WASHINGTON COUNTY SHERIFFS OFFICE,NEWPORT,7/7/2026 12:08:43 PM,WC26033591,"1XXX  Hastings Ave, NEWPORT",VEHICLE UNLOCK
WASHINGTON COUNTY SHERIFFS OFFICE,NEWPORT,7/7/2026 12:35:27 PM,WC26033596,"1XXX  Mark Ct, NEWPORT",MEDICAL
WASHINGTON COUNTY SHERIFFS OFFICE,NEWPORT,7/7/2026 1:40:30 PM,WC26033610,"XXX 4TH AVE, NEWPORT",CODE VIOLATION
WASHINGTON COUNTY SHERIFFS OFFICE,NEWPORT,7/7/2026 2:21:46 PM,WC26033619,"XXX 20TH ST, NEWPORT",CODE ENFORCEMENT
WASHINGTON COUNTY SHERIFFS OFFICE,NEWPORT,7/7/2026 3:21:08 PM,WC26033631,"1XXX  5th Ave, NEWPORT",WELFARE CHECK
WASHINGTON COUNTY SHERIFFS OFFICE,NEWPORT,7/7/2026 4:23:25 PM,WC26033641,"BAILEY RD / STERLING AVE, NEWPORT",MEDICAL
WASHINGTON COUNTY SHERIFFS OFFICE,NEWPORT,7/7/2026 5:56:10 PM,WC26033652,"1XXX  Hastings Ave, NEWPORT",WARRANT ARREST
WASHINGTON COUNTY SHERIFFS OFFICE,NEWPORT,7/7/2026 6:39:44 PM,WC26033656,"XXX RED ROCK XING, NEWPORT",SUSPICIOUS PERSON/ACTIVITY
WASHINGTON COUNTY SHERIFFS OFFICE,NEWPORT,7/8/2026 7:28:00 AM,WC26033714,"7TH AVE / 3RD ST, NEWPORT",TRAFFIC STOP
WASHINGTON COUNTY SHERIFFS OFFICE,NEWPORT,7/8/2026 2:09:59 PM,WC26033781,"XXX - 298 7TH AVE, NEWPORT",DIRECTED PATROL
WASHINGTON COUNTY SHERIFFS OFFICE,NEWPORT,7/8/2026 6:13:00 PM,WC26033826,"Hwy 61 SB @ Maxwell Ave, NEWPORT",TRAFFIC STOP
WASHINGTON COUNTY SHERIFFS OFFICE,NEWPORT,7/8/2026 6:43:00 PM,WC26033833,"Hwy 61 SB @ Maxwell Ave, NEWPORT",TRAFFIC STOP
WASHINGTON COUNTY SHERIFFS OFFICE,NEWPORT,7/8/2026 10:32:07 PM,WC26033864,"1XXX  Woodbury Rd, NEWPORT",SUSPICIOUS PERSON/ACTIVITY
WASHINGTON COUNTY SHERIFFS OFFICE,NEWPORT,7/9/2026 12:00:00 AM,WC26033894,"1XXX  HASTINGS AVE, NEWPORT",TRAFFIC STOP
WASHINGTON COUNTY SHERIFFS OFFICE,NEWPORT,7/9/2026 2:48:09 AM,WC26033895,"2XXX  Hastings Ave, NEWPORT",DISTURBANCE
WASHINGTON COUNTY SHERIFFS OFFICE,NEWPORT,7/9/2026 7:51:00 AM,WC26033913,"XX Oakridge Dr, NEWPORT",MEDICAL
WASHINGTON COUNTY SHERIFFS OFFICE,NEWPORT,7/9/2026 8:58:16 AM,WC26033918,"1XXX  10th Ave, NEWPORT",HARASSMENT
WASHINGTON COUNTY SHERIFFS OFFICE,NEWPORT,7/9/2026 10:32:00 AM,WC26033961,"GLEN RD OVER HWY 61, NEWPORT",TRAFFIC STOP
WASHINGTON COUNTY SHERIFFS OFFICE,NEWPORT,7/9/2026 11:20:00 AM,WC26033969,"GLEN RD / WOODBURY RD, NEWPORT",TRAFFIC STOP
WASHINGTON COUNTY SHERIFFS OFFICE,NEWPORT,7/9/2026 12:42:33 PM,WC26033985,"1XXX  12TH ST, NEWPORT",ANIMAL BITE
WASHINGTON COUNTY SHERIFFS OFFICE,NEWPORT,7/9/2026 12:57:47 PM,WC26033988,"1XXX  10th Ave, NEWPORT",VEHICLE TAMPERING
WASHINGTON COUNTY SHERIFFS OFFICE,NEWPORT,7/9/2026 1:13:17 PM,WC26033990,"1XXX  7th Ave, NEWPORT",CIVIL MATTER/DISPUTE
WASHINGTON COUNTY SHERIFFS OFFICE,NEWPORT,7/9/2026 2:41:24 PM,WC26034006,"1XXX  Glen Rd, NEWPORT",OFFICER INFORMATION
WASHINGTON COUNTY SHERIFFS OFFICE,NEWPORT,7/9/2026 3:16:53 PM,WC26034023,"Bailey Rd / Point Douglas Rd, NEWPORT",MOTORIST ASSIST
WASHINGTON COUNTY SHERIFFS OFFICE,NEWPORT,7/9/2026 4:19:08 PM,WC26034030,"I494 Eb To Maxwell Ave Ramp / Maxwell Ave, NEWPORT",ASSIST OTHER AGENCY
WASHINGTON COUNTY SHERIFFS OFFICE,NEWPORT,7/9/2026 5:24:07 PM,WC26034045,"I494 Eb Over Hwy 61, NEWPORT",ASSIST OTHER AGENCY
WASHINGTON COUNTY SHERIFFS OFFICE,NEWPORT,7/9/2026 6:16:00 PM,WC26034054,"2XXX  1st Ave, NEWPORT",CITIZEN/PUBLIC ASSIST
WASHINGTON COUNTY SHERIFFS OFFICE,NEWPORT,7/9/2026 6:17:57 PM,WC26034057,"XXX Glen Ter, NEWPORT",HARASSMENT
WASHINGTON COUNTY SHERIFFS OFFICE,NEWPORT,7/9/2026 8:45:00 PM,WC26034016,"BAILEY RD / POINT DOUGLAS RD, NEWPORT",TRAFFIC STOP
WASHINGTON COUNTY SHERIFFS OFFICE,NEWPORT,7/9/2026 10:13:00 PM,WC26034098,"Hwy 61 SB @ Maxwell Ave, NEWPORT",TRAFFIC STOP
WASHINGTON COUNTY SHERIFFS OFFICE,NEWPORT,7/9/2026 10:49:19 PM,WC26034105,"Hwy 61 SB @ Maxwell Ave, NEWPORT",DWI
WASHINGTON COUNTY SHERIFFS OFFICE,NEWPORT,7/9/2026 10:54:00 PM,WC26034107,"HWY 61 SB / I494, NEWPORT",TRAFFIC STOP
WASHINGTON COUNTY SHERIFFS OFFICE,NEWPORT,7/9/2026 11:11:21 PM,WC26034111,"Highway 61, NEWPORT",ACCIDENT
WASHINGTON COUNTY SHERIFFS OFFICE,NEWPORT,7/9/2026 11:34:00 PM,WC26034115,"Highway 61 / Glen Rd, NEWPORT",TRAFFIC STOP
WASHINGTON COUNTY SHERIFFS OFFICE,NEWPORT,7/10/2026 12:39:14 AM,WC26034130,"1XXX  Hastings Ave, NEWPORT",FOLLOW UP
WASHINGTON COUNTY SHERIFFS OFFICE,NEWPORT,7/10/2026 10:45:14 AM,WC26034219,"2XXX  1st Ave, NEWPORT",DISTURBANCE
WASHINGTON COUNTY SHERIFFS OFFICE,NEWPORT,7/10/2026 10:46:45 AM,WC26034224,"XXX 4th Ave, NEWPORT",MEDICAL
WASHINGTON COUNTY SHERIFFS OFFICE,NEWPORT,7/10/2026 11:22:42 AM,WC26034226,"1XXX  Hastings Ave, NEWPORT",SUSPICIOUS PERSON/ACTIVITY
WASHINGTON COUNTY SHERIFFS OFFICE,NEWPORT,7/10/2026 1:23:09 PM,WC26034234,"1XXX  GLEN RD, NEWPORT",PARK COMPLAINT
WASHINGTON COUNTY SHERIFFS OFFICE,NEWPORT,7/10/2026 5:19:39 PM,WC26034283,"1XXX  3rd Ave, NEWPORT",CITIZEN/PUBLIC ASSIST
WASHINGTON COUNTY SHERIFFS OFFICE,NEWPORT,7/10/2026 11:34:00 PM,WC26034372,"2XXX  HASTINGS AVE, NEWPORT",TRAFFIC STOP
WASHINGTON COUNTY SHERIFFS OFFICE,NEWPORT,7/11/2026 1:54:00 AM,WC26034400,"HASTINGS AVE, NEWPORT",TRAFFIC STOP
WASHINGTON COUNTY SHERIFFS OFFICE,NEWPORT,7/11/2026 3:53:39 AM,WC26034409,"1XXX  10th Ave, NEWPORT",MEDICAL
WASHINGTON COUNTY SHERIFFS OFFICE,NEWPORT,7/11/2026 12:34:56 PM,WC26034458,"2XXX  Hastings Ave, NEWPORT",TRESPASSING
WASHINGTON COUNTY SHERIFFS OFFICE,NEWPORT,7/11/2026 3:34:42 PM,WC26034502,"1XXX  - 2099 7TH AVE, NEWPORT",DIRECTED PATROL
WASHINGTON COUNTY SHERIFFS OFFICE,NEWPORT,7/11/2026 3:41:04 PM,WC26034505,"GLEN RD, NEWPORT",DIRECTED PATROL
WASHINGTON COUNTY SHERIFFS OFFICE,NEWPORT,7/11/2026 4:05:46 PM,WC26034511,"2XXX  - 2098 HASTINGS AVE, NEWPORT",DIRECTED PATROL
WASHINGTON COUNTY SHERIFFS OFFICE,NEWPORT,7/11/2026 10:16:25 PM,WC26034597,"2nd Ave / 12th St, NEWPORT",FIREWORKS
WASHINGTON COUNTY SHERIFFS OFFICE,NEWPORT,7/11/2026 11:07:07 PM,WC26034613,"1XXX  - 1298 BAILEY RD, NEWPORT",DIRECTED PATROL
WASHINGTON COUNTY SHERIFFS OFFICE,OAK PARK HEIGHTS,7/5/2026 4:55:12 PM,WC26033266,"Stillwater Blvd N / 55th St N, OAK PARK HEIGHTS",TRAFFIC COMPLAINT
WASHINGTON COUNTY SHERIFFS OFFICE,OAK PARK HEIGHTS,7/10/2026 2:48:00 AM,WC26034141,"6XXX  - 6129 OSGOOD AVE N, OAK PARK HEIGHTS",DWI
WASHINGTON COUNTY SHERIFFS OFFICE,OAK PARK HEIGHTS,7/10/2026 2:43:16 PM,WC26034249,"Hwy 36 Eb Jwo Norell Ave N, OAK PARK HEIGHTS",ACCIDENT
WASHINGTON COUNTY SHERIFFS OFFICE,OAKDALE,7/5/2026 3:09:58 AM,WC26033193,"4XXX  Olson Lake Trl N, OAKDALE",ASSIST OTHER AGENCY
WASHINGTON COUNTY SHERIFFS OFFICE,OAKDALE,7/5/2026 2:59:51 PM,WC26033249,"INWOOD AVE N / 3RD ST N, OAKDALE",ACCIDENT
WASHINGTON COUNTY SHERIFFS OFFICE,OAKDALE,7/6/2026 5:22:09 PM,WC26033479,"GERSHWIN AVE N / 9TH ST N, OAKDALE",TRAFFIC STOP
WASHINGTON COUNTY SHERIFFS OFFICE,OAKDALE,7/7/2026 8:56:27 PM,WC26033672,"5XXX  Hadley Ave N, OAKDALE",ASSIST OTHER AGENCY
WASHINGTON COUNTY SHERIFFS OFFICE,OAKDALE,7/8/2026 8:07:13 AM,WC26033720,"6XXX  21ST ST N, OAKDALE",CIVIL MATTER/DISPUTE
WASHINGTON COUNTY SHERIFFS OFFICE,OAKDALE,7/8/2026 6:35:43 PM,WC26033832,"IDEAL AVE N / 34TH ST N, OAKDALE",TRAFFIC STOP
WASHINGTON COUNTY SHERIFFS OFFICE,OAKDALE,7/9/2026 11:15:26 AM,WC26033968,"HUDSON BLVD N / HADLEY AVE N, OAKDALE",TRAFFIC STOP
WASHINGTON COUNTY SHERIFFS OFFICE,OAKDALE,7/9/2026 9:59:00 PM,WC26034093,"XX I694 SB TO 34TH ST N RAMP, OAKDALE",TRAFFIC STOP
WASHINGTON COUNTY SHERIFFS OFFICE,OAKDALE,7/10/2026 12:07:00 AM,WC26034121,"GENEVA AVE N / STILLWATER RD E, OAKDALE",WARRANT ARREST
WASHINGTON COUNTY SHERIFFS OFFICE,OAKDALE,7/10/2026 10:00:47 PM,WC26034354,"HWY 36 WB AT HWY 120, OAKDALE",ASSIST OTHER AGENCY
WASHINGTON COUNTY SHERIFFS OFFICE,OAKDALE,7/10/2026 10:30:00 PM,WC26034359,"HWY 36 WB TO HADLEY AVE N RAMP, OAKDALE",TRAFFIC STOP
WASHINGTON COUNTY SHERIFFS OFFICE,OAKDALE,7/11/2026 12:53:00 AM,WC26034387,"4XXX  - 4999 GENEVA AVE N, OAKDALE",TRAFFIC STOP
WASHINGTON COUNTY SHERIFFS OFFICE,OAKDALE,7/11/2026 1:40:00 AM,WC26034396,"GENEVA AVE N / HADLEY AVE N, OAKDALE",TRAFFIC STOP
WASHINGTON COUNTY SHERIFFS OFFICE,OAKDALE,7/11/2026 3:48:00 PM,WC26034507,"10th St N at Greystone Ave, OAKDALE",TRAFFIC STOP
WASHINGTON COUNTY SHERIFFS OFFICE,OAKDALE,7/11/2026 11:23:00 PM,WC26034620,"HWY 36 WB JEO GENEVA AVE N, OAKDALE",TRAFFIC STOP
WASHINGTON COUNTY SHERIFFS OFFICE,PINE SPRINGS,7/5/2026 12:33:00 AM,WC26033158,"HWY 36 WB JEO HILTON TRL N, PINE SPRINGS",TRAFFIC STOP
WASHINGTON COUNTY SHERIFFS OFFICE,PINE SPRINGS,7/5/2026 11:36:36 PM,WC26033343,"Viking Dr / Hilton Trl N, PINE SPRINGS",LOST PROPERTY/ITEM
WASHINGTON COUNTY SHERIFFS OFFICE,PINE SPRINGS,7/10/2026 12:09:37 PM,WC26034230,"60th St N / Hilton Trl N, PINE SPRINGS",SUSPICIOUS PERSON/ACTIVITY
WASHINGTON COUNTY SHERIFFS OFFICE,PINE SPRINGS,7/10/2026 8:28:46 PM,WC26034324,"3XXX  Long Lake Rd, PINE SPRINGS",OFFICER INFORMATION
WASHINGTON COUNTY SHERIFFS OFFICE,PINE SPRINGS,7/11/2026 2:56:00 AM,WC26034407,"Hwy 36 Eb / Hilton Trl, PINE SPRINGS",TRAFFIC STOP
WASHINGTON COUNTY SHERIFFS OFFICE,PINE SPRINGS,7/11/2026 6:33:00 PM,WC26034551,"HWY 36 WB TO HILTON TRL N RAMP, PINE SPRINGS",TRAFFIC STOP
WASHINGTON COUNTY SHERIFFS OFFICE,SAINT MARYS POINT,7/5/2026 12:09:23 AM,WC26033151,"2XXX  Itasca Ave S, SAINT MARYS POINT",FIREWORKS
WASHINGTON COUNTY SHERIFFS OFFICE,SAINT MARYS POINT,7/7/2026 9:14:12 PM,WC26033674,"16XXX  Saint Marys Dr S, SAINT MARYS POINT",PARKING COMPLAINT
WASHINGTON COUNTY SHERIFFS OFFICE,SAINT MARYS POINT,7/8/2026 12:04:05 PM,WC26033765,"2XXX  River Rd S, SAINT MARYS POINT",FRAUD/SCAM
WASHINGTON COUNTY SHERIFFS OFFICE,SAINT MARYS POINT,7/8/2026 8:32:26 PM,WC26033843,"2XXX  River Rd S, SAINT MARYS POINT",MEDICAL
WASHINGTON COUNTY SHERIFFS OFFICE,Saint Paul,7/9/2026 3:53:24 PM,WC26034024,"MAXWELL AVE OVER HWY 61, Saint Paul",MOTORIST ASSIST
WASHINGTON COUNTY SHERIFFS OFFICE,SAINT PAUL PARK,7/5/2026 7:11:51 AM,WC26033196,"70th St S / Summit Ave, SAINT PAUL PARK",ASSIST OTHER AGENCY
WASHINGTON COUNTY SHERIFFS OFFICE,SAINT PAUL PARK,7/6/2026 10:26:39 PM,WC26033516,"XXX HASTINGS AVE, SAINT PAUL PARK",ASSIST OTHER AGENCY
WASHINGTON COUNTY SHERIFFS OFFICE,SAINT PAUL PARK,7/7/2026 3:47:28 PM,WC26033637,"5th St / Broadway Ave, SAINT PAUL PARK",ASSIST OTHER AGENCY
WASHINGTON COUNTY SHERIFFS OFFICE,SAINT PAUL PARK,7/8/2026 11:06:03 AM,WC26033754,"XXX Pullman Ave, SAINT PAUL PARK",ASSIST OTHER AGENCY
WASHINGTON COUNTY SHERIFFS OFFICE,SAINT PAUL PARK,7/8/2026 3:12:07 PM,WC26033795,"XXX Hastings Ave, SAINT PAUL PARK",ASSIST OTHER AGENCY
WASHINGTON COUNTY SHERIFFS OFFICE,SAINT PAUL PARK,7/8/2026 7:59:00 PM,WC26033842,"XX Summit Ave / Broadway Ave, SAINT PAUL PARK",TRAFFIC STOP
WASHINGTON COUNTY SHERIFFS OFFICE,SAINT PAUL PARK,7/8/2026 10:36:48 PM,WC26033865,"1XXX  3rd St, SAINT PAUL PARK",ASSIST OTHER AGENCY
WASHINGTON COUNTY SHERIFFS OFFICE,SAINT PAUL PARK,7/9/2026 10:03:44 AM,WC26033945,"1XXX  Dixon Dr, SAINT PAUL PARK",ASSIST OTHER AGENCY
WASHINGTON COUNTY SHERIFFS OFFICE,SAINT PAUL PARK,7/9/2026 8:37:21 PM,WC26034076,"XXX Summit Ave, SAINT PAUL PARK",ASSIST OTHER AGENCY
WASHINGTON COUNTY SHERIFFS OFFICE,SAINT PAUL PARK,7/9/2026 9:32:02 PM,WC26034094,"1XXX  Summit Ave, SAINT PAUL PARK",ASSIST OTHER AGENCY
WASHINGTON COUNTY SHERIFFS OFFICE,SAINT PAUL PARK,7/10/2026 1:33:00 AM,WC26034136,"XXX SUMMIT AVE, SAINT PAUL PARK",DWI
WASHINGTON COUNTY SHERIFFS OFFICE,SCANDIA,7/5/2026 12:06:09 AM,WC26033150,"Manning Trl N / 192nd St N, SCANDIA",TRAFFIC COMPLAINT
WASHINGTON COUNTY SHERIFFS OFFICE,SCANDIA,7/5/2026 3:56:52 PM,WC26033255,"BIG MARINE LAKE, SCANDIA",BOAT STOP
WASHINGTON COUNTY SHERIFFS OFFICE,SCANDIA,7/5/2026 4:12:36 PM,WC26033260,"BIG MARINE LAKE, SCANDIA",BOAT STOP
WASHINGTON COUNTY SHERIFFS OFFICE,SCANDIA,7/5/2026 6:48:55 PM,WC26033289,"21XXX  Meadowbrook Cir N, SCANDIA",FOLLOW UP
WASHINGTON COUNTY SHERIFFS OFFICE,SCANDIA,7/5/2026 8:07:07 PM,WC26033294,"14XXX  202nd St N, SCANDIA",MEDICAL
WASHINGTON COUNTY SHERIFFS OFFICE,SCANDIA,7/5/2026 10:59:49 PM,WC26033337,"21XXX  Oland Ave N, SCANDIA",ASSIST OTHER AGENCY
WASHINGTON COUNTY SHERIFFS OFFICE,SCANDIA,7/6/2026 8:33:28 AM,WC26033379,"20XXX  Manning Trl N, SCANDIA",911 ABANDONED/HANGUP/OPEN LINE
WASHINGTON COUNTY SHERIFFS OFFICE,SCANDIA,7/6/2026 8:49:01 AM,WC26033381,"23XXX  Melanie Trl N, SCANDIA",OFFICER INFORMATION
WASHINGTON COUNTY SHERIFFS OFFICE,SCANDIA,7/6/2026 1:18:01 PM,WC26033442,"Hwy 95 At 240th St N, SCANDIA",ACCIDENT
WASHINGTON COUNTY SHERIFFS OFFICE,SCANDIA,7/7/2026 6:49:17 AM,WC26033547,"14XXX  Oakhill Rd N, SCANDIA",911 ABANDONED/HANGUP/OPEN LINE
WASHINGTON COUNTY SHERIFFS OFFICE,SCANDIA,7/7/2026 7:36:28 AM,WC26033549,"11XXX  Mayberry Trl N, SCANDIA",ANIMAL COMPLAINT
WASHINGTON COUNTY SHERIFFS OFFICE,SCANDIA,7/9/2026 2:46:49 PM,WC26034007,"MANNING TRL N / 192ND ST N, SCANDIA",MEDICAL
WASHINGTON COUNTY SHERIFFS OFFICE,SCANDIA,7/9/2026 8:14:26 PM,WC26034071,"Manning Trl N / Scandia Trl N, SCANDIA",ANIMAL COMPLAINT
WASHINGTON COUNTY SHERIFFS OFFICE,SCANDIA,7/10/2026 12:00:00 AM,WC26034209,"11XXX  MAYBERRY TRL N, SCANDIA",INCIDENT
WASHINGTON COUNTY SHERIFFS OFFICE,SCANDIA,7/10/2026 2:49:15 PM,WC26034250,"20XXX  Saint Croix Trl N, SCANDIA",911 ABANDONED/HANGUP/OPEN LINE
WASHINGTON COUNTY SHERIFFS OFFICE,SCANDIA,7/10/2026 3:57:00 PM,WC26034262,"19XXX  - 20498 MAXWILL AVE N, SCANDIA",TRAFFIC STOP
WASHINGTON COUNTY SHERIFFS OFFICE,SCANDIA,7/10/2026 5:31:00 PM,WC26034288,"Manning Trl N / 192nd St N, SCANDIA",ACCIDENT
WASHINGTON COUNTY SHERIFFS OFFICE,SCANDIA,7/10/2026 5:52:56 PM,WC26034294,"20XXX  Saint Croix Trl N, SCANDIA",ACCIDENT
WASHINGTON COUNTY SHERIFFS OFFICE,SCANDIA,7/10/2026 7:33:41 PM,WC26034309,"20XXX  Quinnell Ave N, SCANDIA",SUSPICIOUS PERSON/ACTIVITY
WASHINGTON COUNTY SHERIFFS OFFICE,SCANDIA,7/10/2026 7:39:00 PM,WC26034311,"MANNING TRL N / 185TH ST N, SCANDIA",TRAFFIC STOP
WASHINGTON COUNTY SHERIFFS OFFICE,SCANDIA,7/10/2026 7:53:00 PM,WC26034313,"MANNING TRL N / 185TH ST N, SCANDIA",TRAFFIC STOP
WASHINGTON COUNTY SHERIFFS OFFICE,SCANDIA,7/10/2026 8:15:55 PM,WC26034321,"21XXX  Oland Ave N, SCANDIA",REQUEST FOR EMERGENCY EXAM - 72 HR HOLD
WASHINGTON COUNTY SHERIFFS OFFICE,SCANDIA,7/11/2026 6:10:11 AM,WC26034414,"18XXX  Layton Ave N, SCANDIA",NOISE COMPLAINT/DISTURBANCE
WASHINGTON COUNTY SHERIFFS OFFICE,SCANDIA,7/11/2026 8:13:48 AM,WC26034422,"13XXX  - 13799 SCANDIA TRL N, SCANDIA",TRAFFIC STOP
WASHINGTON COUNTY SHERIFFS OFFICE,SCANDIA,7/11/2026 11:18:01 AM,WC26034451,"21XXX  Oland Ave N, SCANDIA",ASSIST OTHER AGENCY
WASHINGTON COUNTY SHERIFFS OFFICE,SCANDIA,7/11/2026 11:55:56 AM,WC26034456,"22XXX  Melanie Trl N, SCANDIA",ANIMAL BITE
WASHINGTON COUNTY SHERIFFS OFFICE,SCANDIA,7/11/2026 2:18:35 PM,WC26034487,"Hwy 97 At Manning Trl N, SCANDIA",TRAFFIC STOP
WASHINGTON COUNTY SHERIFFS OFFICE,SCANDIA,7/11/2026 5:09:19 PM,WC26034534,"220th St N / Manning Trl N, SCANDIA",ACCIDENT
WASHINGTON COUNTY SHERIFFS OFFICE,SCANDIA,7/11/2026 8:30:55 PM,WC26034572,"Scandia Trl N / Parrish Rd N, SCANDIA",ROAD HAZARD
WASHINGTON COUNTY SHERIFFS OFFICE,STILLWATER,7/6/2026 10:00:40 AM,WC26033404,"15XXX  62nd st , STILLWATER",child exploitation
WASHINGTON COUNTY SHERIFFS OFFICE,STILLWATER,7/6/2026 4:25:37 PM,WC26033474,"Saint Croix River-sw, STILLWATER",WATER INCIDENT/VIOLATION
WASHINGTON COUNTY SHERIFFS OFFICE,STILLWATER,7/7/2026 1:45:59 PM,WC26033613,"15XXX  62ND ST N, STILLWATER",CITIZEN/PUBLIC ASSIST
WASHINGTON COUNTY SHERIFFS OFFICE,STILLWATER,7/7/2026 2:22:11 PM,WC26033621,"15XXX  62nd St N, STILLWATER",FOLLOW UP
WASHINGTON COUNTY SHERIFFS OFFICE,STILLWATER,7/7/2026 8:33:18 PM,WC26033673,"15XXX  62nd St N, STILLWATER",CITIZEN/PUBLIC ASSIST
WASHINGTON COUNTY SHERIFFS OFFICE,STILLWATER,7/8/2026 7:14:43 AM,WC26033707,"XXX WATER ST S, STILLWATER",ASSIST OTHER AGENCY
WASHINGTON COUNTY SHERIFFS OFFICE,STILLWATER,7/8/2026 6:10:13 PM,WC26033825,"15XXX  62nd St N, STILLWATER",ASSIST OTHER AGENCY
WASHINGTON COUNTY SHERIFFS OFFICE,STILLWATER,7/8/2026 9:50:59 PM,WC26033855,"1XXX  Timber Way, STILLWATER",ASSIST OTHER AGENCY
WASHINGTON COUNTY SHERIFFS OFFICE,STILLWATER,7/9/2026 12:25:15 AM,WC26033885,"HWY 36 WB JEO STILLWATER BLVD N, STILLWATER",TRAFFIC STOP
WASHINGTON COUNTY SHERIFFS OFFICE,STILLWATER,7/10/2026 12:00:00 AM,WC26034215,"14XXX  - 14188 60TH ST N, STILLWATER",TRAFFIC STOP
WASHINGTON COUNTY SHERIFFS OFFICE,STILLWATER,7/10/2026 12:27:19 PM,WC26034231,"XXX Alder St E, STILLWATER",ASSIST OTHER AGENCY
WASHINGTON COUNTY SHERIFFS OFFICE,STILLWATER,7/10/2026 1:02:32 PM,WC26034233,"15XXX  62nd St N, STILLWATER",CITIZEN/PUBLIC ASSIST
WASHINGTON COUNTY SHERIFFS OFFICE,STILLWATER,7/10/2026 2:17:55 PM,WC26034247,"XXX 3rd St S, STILLWATER",CITIZEN/PUBLIC ASSIST
WASHINGTON COUNTY SHERIFFS OFFICE,STILLWATER,7/10/2026 8:02:48 PM,WC26034317,"15XXX  62ND ST N, STILLWATER",FUGITIVE FROM JUSTICE
WASHINGTON COUNTY SHERIFFS OFFICE,STILLWATER,7/11/2026 1:04:46 PM,WC26034484,"STILLWATER BLVD N OVER HWY 36, STILLWATER",ASSIST OTHER AGENCY
WASHINGTON COUNTY SHERIFFS OFFICE,STILLWATER,7/11/2026 4:13:01 PM,WC26034521,"XXX Main St N, STILLWATER",ASSIST OTHER AGENCY
WASHINGTON COUNTY SHERIFFS OFFICE,STILLWATER,7/11/2026 11:06:00 PM,WC26034614,"Hwy 36 WB / Stillwater Blvd, STILLWATER",TRAFFIC STOP
WASHINGTON COUNTY SHERIFFS OFFICE,STILLWATER TOWNSHIP,7/5/2026 7:24:00 AM,WC26033198,"9XXX  Fairy Falls Rd N, STILLWATER TOWNSHIP",ACCIDENT
WASHINGTON COUNTY SHERIFFS OFFICE,STILLWATER TOWNSHIP,7/5/2026 10:53:41 AM,WC26033215,"XX Mile Long Island (mn), STILLWATER TOWNSHIP",ASSIST OTHER AGENCY
WASHINGTON COUNTY SHERIFFS OFFICE,STILLWATER TOWNSHIP,7/6/2026 5:58:03 PM,WC26033484,"Boom Site, STILLWATER TOWNSHIP",CITIZEN/PUBLIC ASSIST
WASHINGTON COUNTY SHERIFFS OFFICE,STILLWATER TOWNSHIP,7/7/2026 10:08:39 AM,WC26033575,"Saint Croix Trl N / 110th St N, STILLWATER TOWNSHIP",ACCIDENT
WASHINGTON COUNTY SHERIFFS OFFICE,STILLWATER TOWNSHIP,7/7/2026 2:35:33 PM,WC26033622,"Unknown, STILLWATER TOWNSHIP",FOLLOW UP
WASHINGTON COUNTY SHERIFFS OFFICE,STILLWATER TOWNSHIP,7/7/2026 3:29:10 PM,WC26033633,"Saint Croix Trl N / 100th St N, STILLWATER TOWNSHIP",WELFARE CHECK
WASHINGTON COUNTY SHERIFFS OFFICE,STILLWATER TOWNSHIP,7/8/2026 11:15:15 AM,WC26033757,"14XXX  114th Street Cir N, STILLWATER TOWNSHIP",ALARM-BUSINESS/RES/FIRE/MEDICAL/ETC
WASHINGTON COUNTY SHERIFFS OFFICE,STILLWATER TOWNSHIP,7/8/2026 7:19:23 PM,WC26033839,"Boom Site, STILLWATER TOWNSHIP",SUSPICIOUS PERSON/ACTIVITY
WASHINGTON COUNTY SHERIFFS OFFICE,STILLWATER TOWNSHIP,7/9/2026 3:48:58 PM,WC26034022,"11XXX  NORELL AVE N, STILLWATER TOWNSHIP",TRAFFIC STOP
WASHINGTON COUNTY SHERIFFS OFFICE,STILLWATER TOWNSHIP,7/9/2026 4:25:33 PM,WC26034032,"11XXX  NORELL AVE N, STILLWATER TOWNSHIP",PARK INCIDENT-CITY/COUNTY
WASHINGTON COUNTY SHERIFFS OFFICE,STILLWATER TOWNSHIP,7/9/2026 10:10:24 PM,WC26034099,"Hwy 95 Jso Pawnee Ave N, STILLWATER TOWNSHIP",DEER TAG
WASHINGTON COUNTY SHERIFFS OFFICE,STILLWATER TOWNSHIP,7/11/2026 9:59:38 AM,WC26034438,"Stonebridge Trl N / Dellwood Rd N, STILLWATER TOWNSHIP",ACCIDENT
WASHINGTON COUNTY SHERIFFS OFFICE,STILLWATER TOWNSHIP,7/11/2026 8:53:57 PM,WC26034575,"Myeron Rd N / 112th St N, STILLWATER TOWNSHIP",DRIVING COMPLAINT
WASHINGTON COUNTY SHERIFFS OFFICE,WEST LAKELAND TOWNSHIP,7/5/2026 12:24:50 AM,WC26033156,"12XXX  - 12699 12TH ST N, WEST LAKELAND TOWNSHIP",TRAFFIC STOP
WASHINGTON COUNTY SHERIFFS OFFICE,WEST LAKELAND TOWNSHIP,7/5/2026 9:51:40 AM,WC26033208,"15XXX  8th St N, WEST LAKELAND TOWNSHIP",FIREWORKS
WASHINGTON COUNTY SHERIFFS OFFICE,WEST LAKELAND TOWNSHIP,7/5/2026 12:36:56 PM,WC26033223,"14XXX  Interstate 94, WEST LAKELAND TOWNSHIP",MEDICAL
WASHINGTON COUNTY SHERIFFS OFFICE,WEST LAKELAND TOWNSHIP,7/5/2026 4:19:59 PM,WC26033261,"I94 Eb At Stagecoach Trl N, WEST LAKELAND TOWNSHIP",ASSIST OTHER AGENCY
WASHINGTON COUNTY SHERIFFS OFFICE,WEST LAKELAND TOWNSHIP,7/5/2026 9:16:30 PM,WC26033304,"Manning Ave N / 10th St N, WEST LAKELAND TOWNSHIP",TRAFFIC COMPLAINT
WASHINGTON COUNTY SHERIFFS OFFICE,WEST LAKELAND TOWNSHIP,7/5/2026 10:07:08 PM,WC26033318,"XXX Midwest Trl N, WEST LAKELAND TOWNSHIP",FIREWORKS
WASHINGTON COUNTY SHERIFFS OFFICE,WEST LAKELAND TOWNSHIP,7/6/2026 11:34:17 PM,WC26033521,"XXX Manning Ave N, WEST LAKELAND TOWNSHIP",REQUEST FOR EMERGENCY EXAM - 72 HR HOLD
WASHINGTON COUNTY SHERIFFS OFFICE,WEST LAKELAND TOWNSHIP,7/7/2026 7:09:00 PM,WC26033659,"1XXX  Omaha Ave N, WEST LAKELAND TOWNSHIP",COMMUNITY CONTACT
WASHINGTON COUNTY SHERIFFS OFFICE,WEST LAKELAND TOWNSHIP,7/8/2026 1:12:00 AM,WC26033688,"Manning Ave N / 18th St N, WEST LAKELAND TOWNSHIP",VEHICLE OFF ROAD
WASHINGTON COUNTY SHERIFFS OFFICE,WEST LAKELAND TOWNSHIP,7/8/2026 7:12:23 AM,WC26033709,"2XXX  NEAL AVE N, WEST LAKELAND TOWNSHIP",MEDICAL
WASHINGTON COUNTY SHERIFFS OFFICE,WEST LAKELAND TOWNSHIP,7/8/2026 10:39:49 AM,WC26033749,"2XXX  Overlook Ave N, WEST LAKELAND TOWNSHIP",MEDICAL
WASHINGTON COUNTY SHERIFFS OFFICE,WEST LAKELAND TOWNSHIP,7/9/2026 11:41:17 AM,WC26033974,"1XXX  MANNING AVE N, WEST LAKELAND TOWNSHIP",MOTORIST ASSIST
WASHINGTON COUNTY SHERIFFS OFFICE,WEST LAKELAND TOWNSHIP,7/9/2026 12:39:19 PM,WC26033984,"1XXX  Neal Avenue Ct N, WEST LAKELAND TOWNSHIP",911 ABANDONED/HANGUP/OPEN LINE
WASHINGTON COUNTY SHERIFFS OFFICE,WEST LAKELAND TOWNSHIP,7/10/2026 8:17:42 AM,WC26034164,"1XXX  Omaha Ave N, WEST LAKELAND TOWNSHIP",OFFICER INFORMATION
WASHINGTON COUNTY SHERIFFS OFFICE,WEST LAKELAND TOWNSHIP,7/10/2026 2:53:51 PM,WC26034253,"1XXX  Omaha Ave N, WEST LAKELAND TOWNSHIP",MEDICAL
WASHINGTON COUNTY SHERIFFS OFFICE,WEST LAKELAND TOWNSHIP,7/10/2026 3:46:00 PM,WC26034260,"10TH ST N / NOLAN AVE N, WEST LAKELAND TOWNSHIP",TRAFFIC STOP
WASHINGTON COUNTY SHERIFFS OFFICE,WEST LAKELAND TOWNSHIP,7/10/2026 4:18:00 PM,WC26034263,"XXX MANNING AVE N, WEST LAKELAND TOWNSHIP",TRAFFIC STOP
WASHINGTON COUNTY SHERIFFS OFFICE,WEST LAKELAND TOWNSHIP,7/10/2026 4:29:48 PM,WC26034267,"1XXX  Paris Alcove N, WEST LAKELAND TOWNSHIP",FIRE
WASHINGTON COUNTY SHERIFFS OFFICE,WEST LAKELAND TOWNSHIP,7/10/2026 8:34:11 PM,WC26034325,"2XXX  Northridge Ave N, WEST LAKELAND TOWNSHIP",ALARM-BUSINESS/RES/FIRE/MEDICAL/ETC
WASHINGTON COUNTY SHERIFFS OFFICE,WEST LAKELAND TOWNSHIP,7/10/2026 8:55:21 PM,WC26034334,"12XXX  20th St N, WEST LAKELAND TOWNSHIP",ALARM-BUSINESS/RES/FIRE/MEDICAL/ETC
WASHINGTON COUNTY SHERIFFS OFFICE,WEST LAKELAND TOWNSHIP,7/10/2026 9:11:01 PM,WC26034337,"12XXX  20th St N, WEST LAKELAND TOWNSHIP",ALARM-BUSINESS/RES/FIRE/MEDICAL/ETC
WASHINGTON COUNTY SHERIFFS OFFICE,WEST LAKELAND TOWNSHIP,7/11/2026 1:19:00 PM,WC26034471,"I94 WB & WEIGH STATION, WEST LAKELAND TOWNSHIP",TRAFFIC STOP
WASHINGTON COUNTY SHERIFFS OFFICE,WEST LAKELAND TOWNSHIP,7/11/2026 4:42:00 PM,WC26034524,"HUDSON RD N / STAGECOACH TRL N, WEST LAKELAND TOWNSHIP",TRAFFIC STOP
WASHINGTON COUNTY SHERIFFS OFFICE,WILLERNIE,7/6/2026 1:24:55 PM,WC26033444,"XXX Wildwood Rd, WILLERNIE",OFFICER INFORMATION
WASHINGTON COUNTY SHERIFFS OFFICE,WILLERNIE,7/9/2026 1:02:17 PM,WC26033989,"XXX Sargent Rd, WILLERNIE",FOLLOW UP
WASHINGTON COUNTY SHERIFFS OFFICE,WILLERNIE,7/11/2026 5:03:56 PM,WC26034531,"XXX Warner Ave S, WILLERNIE",MEDICAL
WASHINGTON COUNTY SHERIFFS OFFICE,WOODBURY,7/5/2026 12:03:49 AM,WC26033149,"Lake Rd / Kingsfield Ln, WOODBURY",ASSIST OTHER AGENCY
WASHINGTON COUNTY SHERIFFS OFFICE,WOODBURY,7/5/2026 12:14:00 AM,WC26033152,"I494 / Valley Creek Rd, WOODBURY",TRAFFIC STOP
WASHINGTON COUNTY SHERIFFS OFFICE,WOODBURY,7/5/2026 12:45:05 AM,WC26033161,"2XXX  - 2005 WOODBURY DR, WOODBURY",DWI
WASHINGTON COUNTY SHERIFFS OFFICE,WOODBURY,7/5/2026 1:39:51 AM,WC26033174,"I494 SB TO I94 EB RAMP, WOODBURY",ACCIDENT
WASHINGTON COUNTY SHERIFFS OFFICE,WOODBURY,7/8/2026 4:17:43 PM,WC26033814,"10XXX  Sunbird Cir, WOODBURY",ASSIST OTHER AGENCY
WASHINGTON COUNTY SHERIFFS OFFICE,WOODBURY,7/8/2026 7:15:00 PM,WC26033838,"Woodbury Dr. S. of I-94, WOODBURY",TRAFFIC STOP
WASHINGTON COUNTY SHERIFFS OFFICE,WOODBURY,7/9/2026 9:26:25 AM,WC26033923,"3XXX  Crestmoor Bay, WOODBURY",CITIZEN/PUBLIC ASSIST
WASHINGTON COUNTY SHERIFFS OFFICE,WOODBURY,7/9/2026 3:09:00 PM,WC26034014,"I494, WOODBURY",TRAFFIC STOP
WASHINGTON COUNTY SHERIFFS OFFICE,WOODBURY,7/9/2026 4:12:00 PM,WC26034028,"1XXX  WOODLANE DR, WOODBURY",PARKING VIOLATION
WASHINGTON COUNTY SHERIFFS OFFICE,WOODBURY,7/9/2026 5:14:02 PM,WC26034044,"MANNING AVE S / 8TH ST S, WOODBURY",MOTORIST ASSIST
WASHINGTON COUNTY SHERIFFS OFFICE,WOODBURY,7/10/2026 7:12:00 PM,WC26034306,"HUDSON RD S / MANNING AVE S, WOODBURY",TRAFFIC STOP
WASHINGTON COUNTY SHERIFFS OFFICE,WOODBURY,7/10/2026 8:15:00 PM,WC26034320,"I94 EB AT WOODBURY DR, WOODBURY",TRAFFIC STOP
WASHINGTON COUNTY SHERIFFS OFFICE,WOODBURY,7/10/2026 8:31:00 PM,WC26034322,"I94 EB AT WOODBURY DR, WOODBURY",TRAFFIC STOP
WASHINGTON COUNTY SHERIFFS OFFICE,WOODBURY,7/10/2026 8:47:00 PM,WC26034330,"I94 At Woodbury Dr, WOODBURY",TRAFFIC STOP
WASHINGTON COUNTY SHERIFFS OFFICE,WOODBURY,7/10/2026 11:35:00 PM,WC26034370,"I94 EB / WOODBURY DR, WOODBURY",TRAFFIC STOP
WASHINGTON COUNTY SHERIFFS OFFICE,WOODBURY,7/11/2026 1:00:00 PM,WC26034464,"I94 Eb At Woodbury Dr, WOODBURY",TRAFFIC STOP
WASHINGTON COUNTY SHERIFFS OFFICE,WOODBURY,7/11/2026 1:03:00 PM,WC26034465,"I94, WOODBURY",TRAFFIC STOP
WASHINGTON COUNTY SHERIFFS OFFICE,WOODBURY,7/11/2026 1:18:00 PM,WC26034470,"I94 EB AT WOODBURY DR, WOODBURY",TRAFFIC STOP
WASHINGTON COUNTY SHERIFFS OFFICE,WOODBURY,7/11/2026 1:21:00 PM,WC26034472,"I94 EB AT WOODBURY DR, WOODBURY",TRAFFIC STOP
WASHINGTON COUNTY SHERIFFS OFFICE,WOODBURY,7/11/2026 1:38:16 PM,WC26034475,"I94 EB JEO SETTLERS RIDGE PKWY, WOODBURY",TRAFFIC STOP
WASHINGTON COUNTY SHERIFFS OFFICE,WOODBURY,7/11/2026 1:56:00 PM,WC26034481,"I94 EB & WOODBURY DR, WOODBURY",TRAFFIC STOP
WASHINGTON COUNTY SHERIFFS OFFICE,WOODBURY,7/11/2026 2:34:00 PM,WC26034489,"I494 SB TO VALLEY CREEK RD RAMP, WOODBURY",TRAFFIC STOP
WASHINGTON COUNTY SHERIFFS OFFICE,WOODBURY,7/11/2026 2:52:00 PM,WC26034494,"I94 EB AT WOODBURY DR, WOODBURY",TRAFFIC STOP
WASHINGTON COUNTY SHERIFFS OFFICE,WOODBURY,7/11/2026 4:16:00 PM,WC26034515,"I94 EB / WOODBURY DR, WOODBURY",TRAFFIC STOP
WASHINGTON COUNTY SHERIFFS OFFICE,WOODBURY,7/11/2026 7:52:00 PM,WC26034564,"I94 WB and I494, WOODBURY",TRAFFIC STOP
WASHINGTON COUNTY SHERIFFS OFFICE,WOODBURY,7/11/2026 8:16:00 PM,WC26034568,"I94 EB / WOODBURY DR, WOODBURY",TRAFFIC STOP
WASHINGTON COUNTY SHERIFFS OFFICE,WOODBURY,7/11/2026 8:25:00 PM,WC26034571,"I94 EB AT WOODBURY DR, WOODBURY",TRAFFIC STOP
WASHINGTON COUNTY SHERIFFS OFFICE,WOODBURY,7/11/2026 8:49:00 PM,WC26034573,"I94 EB AT WOODBURY DR, WOODBURY",TRAFFIC STOP
WASHINGTON COUNTY SHERIFFS OFFICE,WOODBURY,7/11/2026 8:52:00 PM,WC26034574,"I94 EB / WOODBURY DR, WOODBURY",TRAFFIC STOP
WASHINGTON COUNTY SHERIFFS OFFICE,WOODBURY,7/11/2026 8:59:00 PM,WC26034576,"I94 EB AT WOODBURY DR, WOODBURY",TRAFFIC STOP
WOODBURY PUBLIC SAFETY,COTTAGE GROVE,7/5/2026 10:46:17 PM,WB26027479,"9XXX  Indian Blvd S, COTTAGE GROVE",ASSIST OTHER AGENCY
WOODBURY PUBLIC SAFETY,LAKE ELMO,7/6/2026 6:56:00 PM,WB26027630,"KEATS AVE N TO I94 WB RAMP, LAKE ELMO",DRUGS
WOODBURY PUBLIC SAFETY,WOODBURY,7/5/2026 12:03:49 AM,WB26027276,"Lake Rd / Kingsfield Ln, WOODBURY",ACCIDENT
WOODBURY PUBLIC SAFETY,WOODBURY,7/5/2026 12:56:48 AM,WB26027284,"4XXX  RADIO DR, WOODBURY",LOST PROPERTY/ITEM
WOODBURY PUBLIC SAFETY,WOODBURY,7/5/2026 1:31:54 AM,WB26027288,"SETTLERS RIDGE PKWY / VALLEY CREEK RD, WOODBURY",JUVENILE COMPLAINT
WOODBURY PUBLIC SAFETY,WOODBURY,7/5/2026 2:27:00 AM,WB26027294,"I494, WOODBURY",TRAFFIC STOP
WOODBURY PUBLIC SAFETY,WOODBURY,7/5/2026 2:41:00 AM,WB26027295,"I94 EB TO RADIO DR RAMP, WOODBURY",DWI
WOODBURY PUBLIC SAFETY,WOODBURY,7/5/2026 8:35:46 AM,WB26027313,"MANNING AVE / SCENIC LN, WOODBURY",TRAFFIC STOP
WOODBURY PUBLIC SAFETY,WOODBURY,7/5/2026 10:10:24 AM,WB26027320,"7XXX  Tamarack Rd, WOODBURY",ACCIDENT
WOODBURY PUBLIC SAFETY,WOODBURY,7/5/2026 11:01:46 AM,WB26027332,"6XXX  Rath Dr, WOODBURY",DEATH
WOODBURY PUBLIC SAFETY,WOODBURY,7/5/2026 11:02:15 AM,WB26027331,"1XXX  WEIR DR, WOODBURY",DWI
WOODBURY PUBLIC SAFETY,WOODBURY,7/5/2026 1:28:26 PM,WB26027364,"9XXX  Cambridge Alcove, WOODBURY",CIVIL MATTER/DISPUTE
WOODBURY PUBLIC SAFETY,WOODBURY,7/5/2026 2:03:00 PM,WB26027374,"XXX Moonlight Dr, WOODBURY",ACCIDENT
WOODBURY PUBLIC SAFETY,WOODBURY,7/5/2026 3:50:02 PM,WB26027404,"7XXX  VALLEY CREEK PLZ, WOODBURY",THEFT
WOODBURY PUBLIC SAFETY,WOODBURY,7/5/2026 4:38:03 PM,WB26027410,"2XXX  Cypress Dr, WOODBURY",PROPERTY DAMAGE
WOODBURY PUBLIC SAFETY,WOODBURY,7/5/2026 4:52:22 PM,WB26027414,"XXX Commerce Dr, WOODBURY",PROPERTY DAMAGE
WOODBURY PUBLIC SAFETY,WOODBURY,7/5/2026 4:52:43 PM,WB26027415,"XXX Lake Ridge Dr, WOODBURY",CIVIL MATTER/DISPUTE
WOODBURY PUBLIC SAFETY,WOODBURY,7/5/2026 5:10:12 PM,WB26027416,"9XXX  Erin Ct, WOODBURY",TRESPASSING
WOODBURY PUBLIC SAFETY,WOODBURY,7/5/2026 5:47:30 PM,WB26027421,"11XXX  Stonemill Farms Curv, WOODBURY",HARASSMENT
WOODBURY PUBLIC SAFETY,WOODBURY,7/5/2026 6:15:00 PM,WB26027427,"VALLEY CREEK RD & Interlachen, WOODBURY",WARRANT ARREST
WOODBURY PUBLIC SAFETY,WOODBURY,7/5/2026 7:26:22 PM,WB26027432,"1XXX  Cedarwood Dr, WOODBURY",PROPERTY DAMAGE
WOODBURY PUBLIC SAFETY,WOODBURY,7/5/2026 7:57:02 PM,WB26027438,"6XXX  Lake Road Ter, WOODBURY",ALARM-BUSINESS/RES/FIRE/MEDICAL/ETC
WOODBURY PUBLIC SAFETY,WOODBURY,7/5/2026 9:07:01 PM,WB26027449,"11XXX  Hudson Rd, WOODBURY",TRESPASSING
WOODBURY PUBLIC SAFETY,WOODBURY,7/5/2026 9:14:59 PM,WB26027450,"2XXX  Horseshoe Ln, WOODBURY",WELFARE CHECK
WOODBURY PUBLIC SAFETY,WOODBURY,7/5/2026 11:51:40 PM,WB26027470,"8XXX  Tamarack Rd, WOODBURY",DISTURBANCE
WOODBURY PUBLIC SAFETY,WOODBURY,7/6/2026 5:19:03 AM,WB26027490,"4XXX  Pioneer Dr, WOODBURY",TRESPASSING
WOODBURY PUBLIC SAFETY,WOODBURY,7/6/2026 7:51:01 AM,WB26027493,"7XXX  Guider Dr, WOODBURY",BURGLARY
WOODBURY PUBLIC SAFETY,WOODBURY,7/6/2026 8:58:00 AM,WB26027497,"6XXX  Valley Creek Rd, WOODBURY",ACCIDENT
WOODBURY PUBLIC SAFETY,WOODBURY,7/6/2026 12:27:21 PM,WB26027534,"Valley Creek Rd/Woodlane Dr, WOODBURY",TRAFFIC STOP
WOODBURY PUBLIC SAFETY,WOODBURY,7/6/2026 1:03:44 PM,WB26027544,"XXX Radio Dr, WOODBURY",MEDICAL
WOODBURY PUBLIC SAFETY,WOODBURY,7/6/2026 4:01:44 PM,WB26027584,"4XXX  Woodlane Dr, WOODBURY",THEFT FROM MOTOR VEHICLE
WOODBURY PUBLIC SAFETY,WOODBURY,7/6/2026 4:21:00 PM,WB26027592,"5XXX  Fair Haven Trl, WOODBURY",CITIZEN/PUBLIC ASSIST
WOODBURY PUBLIC SAFETY,WOODBURY,7/6/2026 4:31:30 PM,WB26027595,"6XXX  ASHWOOD RD, WOODBURY",FRAUD/SCAM
WOODBURY PUBLIC SAFETY,WOODBURY,7/6/2026 5:31:41 PM,WB26027610,"5XXX  Useppa Trl, WOODBURY",CIVIL MATTER/DISPUTE
WOODBURY PUBLIC SAFETY,WOODBURY,7/6/2026 5:37:39 PM,WB26027612,"3XXX  Juniper Cir, WOODBURY",BURGLARY
WOODBURY PUBLIC SAFETY,WOODBURY,7/6/2026 6:05:13 PM,WB26027619,"8XXX  Tamarack Vlg, WOODBURY",THEFT
WOODBURY PUBLIC SAFETY,WOODBURY,7/6/2026 7:18:45 PM,WB26027636,"10XXX  HUDSON RD, WOODBURY",SHOPLIFTING
WOODBURY PUBLIC SAFETY,WOODBURY,7/6/2026 7:27:17 PM,WB26027639,"Manning Ave S / I94, WOODBURY",ACCIDENT
WOODBURY PUBLIC SAFETY,WOODBURY,7/6/2026 7:54:10 PM,WB26027641,"8XXX  Tamarack Vlg, WOODBURY",SHOPLIFTING
WOODBURY PUBLIC SAFETY,WOODBURY,7/6/2026 8:20:19 PM,WB26027645,"10XXX  HUDSON RD, WOODBURY",TRESPASSING
WOODBURY PUBLIC SAFETY,WOODBURY,7/6/2026 8:26:30 PM,WB26027648,"1XXX  Clipper Way, WOODBURY",FOUND PROPERTY/ITEM
WOODBURY PUBLIC SAFETY,WOODBURY,7/6/2026 8:30:00 PM,WB26027679,"3XXX  Canterbury Dr, WOODBURY",HARASSMENT
WOODBURY PUBLIC SAFETY,WOODBURY,7/6/2026 8:40:56 PM,WB26027650,"3XXX  YORK CIR, WOODBURY",UNWANTED PERSON/VEHICLE
WOODBURY PUBLIC SAFETY,WOODBURY,7/6/2026 8:51:00 PM,WB26027651,"8XXX  Ashford Rd, WOODBURY",PROPERTY DAMAGE
WOODBURY PUBLIC SAFETY,WOODBURY,7/6/2026 10:21:43 PM,WB26027657,"1XXX  PARKWOOD DR, WOODBURY",DRUGS
WOODBURY PUBLIC SAFETY,WOODBURY,7/7/2026 12:07:41 AM,WB26027663,"14XXX -BLK WOODLANE DR, WOODBURY",DRUGS
WOODBURY PUBLIC SAFETY,WOODBURY,7/7/2026 12:56:09 AM,WB26027671,"XXX Mariner Way, WOODBURY",DISTURBANCE
WOODBURY PUBLIC SAFETY,WOODBURY,7/7/2026 2:29:01 AM,WB26027674,"8XXX  Meridian Trl, WOODBURY",HARASSMENT
WOODBURY PUBLIC SAFETY,WOODBURY,7/7/2026 4:55:16 AM,WB26027676,"7XXX  Dunmore Rd, WOODBURY",DISTURBANCE
WOODBURY PUBLIC SAFETY,WOODBURY,7/7/2026 8:43:37 AM,WB26027689,"9XXX  Hudson Pl, WOODBURY",FRAUD/SCAM
WOODBURY PUBLIC SAFETY,WOODBURY,7/7/2026 9:54:05 AM,WB26027699,"Valley Creek Rd./ Weir Dr. , WOODBURY",TRAFFIC STOP
WOODBURY PUBLIC SAFETY,WOODBURY,7/7/2026 10:18:49 AM,WB26027702,"9XXX  Lake Rd, WOODBURY",THEFT
WOODBURY PUBLIC SAFETY,WOODBURY,7/7/2026 10:26:58 AM,WB26027703,"6XXX  Hudson Rd, WOODBURY",PROPERTY DAMAGE
WOODBURY PUBLIC SAFETY,WOODBURY,7/7/2026 10:42:13 AM,WB26027708,"8XXX  Valley Creek Rd, WOODBURY",FRAUD/SCAM
WOODBURY PUBLIC SAFETY,WOODBURY,7/7/2026 10:57:35 AM,WB26027711,"7XXX  TAMARACK RD, WOODBURY",THREATS
WOODBURY PUBLIC SAFETY,WOODBURY,7/7/2026 11:15:23 AM,WB26027713,"1XXX  Century Cir, WOODBURY",BURGLARY
WOODBURY PUBLIC SAFETY,WOODBURY,7/7/2026 11:30:01 AM,WB26027717,"XXX Bielenberg Dr, WOODBURY",WELFARE CHECK
WOODBURY PUBLIC SAFETY,WOODBURY,7/7/2026 11:37:55 AM,WB26027721,"10XXX  Falling Water Ln, WOODBURY",HARASSMENT
WOODBURY PUBLIC SAFETY,WOODBURY,7/7/2026 11:56:03 AM,WB26027726,"9XXX  Tamarack Rd, WOODBURY",DISTURBANCE
WOODBURY PUBLIC SAFETY,WOODBURY,7/7/2026 12:44:30 PM,WB26027736,"8XXX  CENTRAL PARK PL, WOODBURY",FOUND PROPERTY/ITEM
WOODBURY PUBLIC SAFETY,WOODBURY,7/7/2026 1:06:57 PM,WB26027741,"8XXX  Boulder Ridge Rd, WOODBURY",PROPERTY DAMAGE
WOODBURY PUBLIC SAFETY,WOODBURY,7/7/2026 1:08:31 PM,WB26027740,"10XXX  Blackmoor Rd, WOODBURY",ACCIDENT
WOODBURY PUBLIC SAFETY,WOODBURY,7/7/2026 1:12:42 PM,WB26027743,"4XXX  PIONEER DR, WOODBURY",OFFICER INFORMATION
WOODBURY PUBLIC SAFETY,WOODBURY,7/7/2026 1:31:00 PM,WB26027744,"VALLEY CREEK PLZ, WOODBURY",TRAFFIC STOP
WOODBURY PUBLIC SAFETY,WOODBURY,7/7/2026 1:41:04 PM,WB26027745,"3XXX  York Dr, WOODBURY",HARASSMENT
WOODBURY PUBLIC SAFETY,WOODBURY,7/7/2026 1:49:41 PM,WB26027748,"Valley Creek Rd / Woodlane Dr, WOODBURY",ACCIDENT
WOODBURY PUBLIC SAFETY,WOODBURY,7/7/2026 3:19:49 PM,WB26027766,"10XXX  FOX RUN RD, WOODBURY",HARASSMENT
WOODBURY PUBLIC SAFETY,WOODBURY,7/7/2026 3:41:00 PM,WB26027769,"Bielenberg Dr / Hudson Rd, WOODBURY",ACCIDENT
WOODBURY PUBLIC SAFETY,WOODBURY,7/7/2026 4:10:45 PM,WB26027775,"9XXX  Lake Rd, WOODBURY",WELFARE CHECK
WOODBURY PUBLIC SAFETY,WOODBURY,7/7/2026 4:33:07 PM,WB26027781,"8XXX  SPRING VIEW WAY, WOODBURY",OFP VIOLATION
WOODBURY PUBLIC SAFETY,WOODBURY,7/7/2026 6:54:47 PM,WB26027807,"1XXX  Hillcrest Dr, WOODBURY",RUNAWAY
WOODBURY PUBLIC SAFETY,WOODBURY,7/7/2026 6:55:00 PM,WB26027806,"CENTURY AVE S / LAKE RD, WOODBURY",DWI
WOODBURY PUBLIC SAFETY,WOODBURY,7/7/2026 7:19:27 PM,WB26027810,"8XXX  TAMARACK VLG, WOODBURY",SHOPLIFTING
WOODBURY PUBLIC SAFETY,WOODBURY,7/7/2026 7:29:42 PM,WB26027812,"HUDSON RD / TURNBERRY ALCOVE, WOODBURY",ACCIDENT
WOODBURY PUBLIC SAFETY,WOODBURY,7/7/2026 7:42:33 PM,WB26027813,"4XXX  Radio Dr, WOODBURY",PARK INCIDENT-CITY/COUNTY
WOODBURY PUBLIC SAFETY,WOODBURY,7/7/2026 7:54:26 PM,WB26027816,"10XXX  Waterfront Dr, WOODBURY",CIVIL MATTER/DISPUTE
WOODBURY PUBLIC SAFETY,WOODBURY,7/7/2026 8:11:36 PM,WB26027817,"8XXX  VALLEY CREEK RD, WOODBURY",FRAUD/SCAM
WOODBURY PUBLIC SAFETY,WOODBURY,7/7/2026 8:16:55 PM,WB26027818,"Woodlane Dr/Valley Creek Rd, WOODBURY",TRAFFIC STOP
WOODBURY PUBLIC SAFETY,WOODBURY,7/7/2026 10:44:04 PM,WB26027840,"1XXX  Parkwood Dr, WOODBURY",WELFARE CHECK
WOODBURY PUBLIC SAFETY,Woodbury,7/8/2026 12:00:00 AM,WB26028117,"7XXX  Newbury Road, Woodbury",MAARC
WOODBURY PUBLIC SAFETY,WOODBURY,7/8/2026 12:00:08 AM,WB26027846,"1XXX  Donegal Dr, WOODBURY",ACCIDENT
WOODBURY PUBLIC SAFETY,WOODBURY,7/8/2026 6:33:47 AM,WB26027854,"Pinehurst Rd / Carriage Rd, WOODBURY",SUSPICIOUS PERSON/ACTIVITY
WOODBURY PUBLIC SAFETY,WOODBURY,7/8/2026 10:11:15 AM,WB26027879,"8XXX  Savanna Oaks Bay, WOODBURY",IDENTITY THEFT
WOODBURY PUBLIC SAFETY,WOODBURY,7/8/2026 10:12:54 AM,WB26027878,"XXX KAREN DR, WOODBURY",HARASSMENT
WOODBURY PUBLIC SAFETY,WOODBURY,7/8/2026 11:40:00 AM,WB26027897,"7XXX  RIMBLEY RD, WOODBURY",WARRANT ARREST
WOODBURY PUBLIC SAFETY,WOODBURY,7/8/2026 11:47:00 AM,WB26027898,"RADIO DR / HUDSON RD, WOODBURY",ACCIDENT
WOODBURY PUBLIC SAFETY,WOODBURY,7/8/2026 12:50:16 PM,WB26027909,"Oak Grove Blvd / Lilac Ln, WOODBURY",FOUND PROPERTY/ITEM
WOODBURY PUBLIC SAFETY,WOODBURY,7/8/2026 1:17:09 PM,WB26027913,"6XXX  Valley Creek Rd, WOODBURY",ACCIDENT
WOODBURY PUBLIC SAFETY,WOODBURY,7/8/2026 1:59:30 PM,WB26027920,"1XXX  Woodwinds Dr, WOODBURY",ACCIDENT
WOODBURY PUBLIC SAFETY,WOODBURY,7/8/2026 3:02:22 PM,WB26027935,"HUDSON RD, WOODBURY",TRAFFIC STOP
WOODBURY PUBLIC SAFETY,WOODBURY,7/8/2026 3:25:56 PM,WB26027939,"8XXX  CENTRAL PARK PL, WOODBURY",FOUND PROPERTY/ITEM
WOODBURY PUBLIC SAFETY,WOODBURY,7/8/2026 3:54:23 PM,WB26027948,"2XXX  Woodbridge Way, WOODBURY",MISSING PERSON
WOODBURY PUBLIC SAFETY,WOODBURY,7/8/2026 4:04:45 PM,WB26027950,"TOWER DR / VALLEY CREEK RD, WOODBURY",ACCIDENT
WOODBURY PUBLIC SAFETY,WOODBURY,7/8/2026 4:17:43 PM,WB26027952,"10XXX  Sunbird Cir, WOODBURY",SUICIDE ATTEMPT/THREATS OF
WOODBURY PUBLIC SAFETY,WOODBURY,7/8/2026 4:24:45 PM,WB26027953,"XXX Karen Dr, WOODBURY",ACCIDENT
WOODBURY PUBLIC SAFETY,WOODBURY,7/8/2026 4:56:04 PM,WB26027961,"2XXX  Cameron Dr, WOODBURY",SUSPICIOUS PERSON/ACTIVITY
WOODBURY PUBLIC SAFETY,WOODBURY,7/8/2026 5:43:00 PM,WB26027973,"3XXX  Copper Oaks Trl, WOODBURY",RUNAWAY
WOODBURY PUBLIC SAFETY,WOODBURY,7/8/2026 8:47:06 PM,WB26027998,"11XXX  Crestbury Echo, WOODBURY",CIVIL MATTER/DISPUTE
WOODBURY PUBLIC SAFETY,Woodbury,7/9/2026 12:00:00 AM,WB26028118,"6XXX  Collingwod Lane, Woodbury",MAARC
WOODBURY PUBLIC SAFETY,WOODBURY,7/9/2026 8:25:15 AM,WB26028045,"XXX Sutherland Dr, WOODBURY",DEATH INVESTIGATION
WOODBURY PUBLIC SAFETY,WOODBURY,7/9/2026 8:49:09 AM,WB26028048,"4XXX  Radio Dr, WOODBURY",ACCIDENT
WOODBURY PUBLIC SAFETY,WOODBURY,7/9/2026 9:42:46 AM,WB26028060,"Pioneer Dr / Acadia Rd, WOODBURY",HARASSMENT
WOODBURY PUBLIC SAFETY,WOODBURY,7/9/2026 9:55:28 AM,WB26028057,"9XXX  Hudson Place, WOODBURY",THEFT
WOODBURY PUBLIC SAFETY,WOODBURY,7/9/2026 11:07:45 AM,WB26028074,"10XXX  Raleigh Rd, WOODBURY",ANIMAL BITE
WOODBURY PUBLIC SAFETY,WOODBURY,7/9/2026 11:09:43 AM,WB26028077,"XXX Radio Dr, WOODBURY",ACCIDENT
WOODBURY PUBLIC SAFETY,WOODBURY,7/9/2026 11:10:19 AM,WB26028075,"Woodbury Dr / Tamarack Rd, WOODBURY",ACCIDENT
WOODBURY PUBLIC SAFETY,WOODBURY,7/9/2026 11:16:00 AM,WB26028078,"I494 SB TO TAMARACK RD RAMP, WOODBURY",ACCIDENT
WOODBURY PUBLIC SAFETY,WOODBURY,7/9/2026 12:59:00 PM,WB26028093,"Brookview Rd / Settlers Ridge Pkwy, WOODBURY",WELFARE CHECK
WOODBURY PUBLIC SAFETY,WOODBURY,7/9/2026 1:57:21 PM,WB26028104,"XXX Bielenberg Dr, WOODBURY",WELFARE CHECK
WOODBURY PUBLIC SAFETY,WOODBURY,7/9/2026 3:23:53 PM,WB26028121,"6XXX  COLLINGWOOD LN, WOODBURY",RUNAWAY
WOODBURY PUBLIC SAFETY,WOODBURY,7/9/2026 3:32:45 PM,WB26028125,"XXX PENDRYN HILL CURV, WOODBURY",CHILD CUSTODY
WOODBURY PUBLIC SAFETY,WOODBURY,7/9/2026 3:56:00 PM,WB26028128,"1XXX  - 1619 WOODLANE DR, WOODBURY",DRUGS
WOODBURY PUBLIC SAFETY,WOODBURY,7/9/2026 4:33:36 PM,WB26028136,"Tamarack Rd / Weir Dr, WOODBURY",ACCIDENT
WOODBURY PUBLIC SAFETY,WOODBURY,7/9/2026 5:34:51 PM,WB26028147,"3XXX  Wilderness Path, WOODBURY",RUNAWAY
WOODBURY PUBLIC SAFETY,WOODBURY,7/9/2026 5:53:52 PM,WB26028149,"XXX Elan Ct, WOODBURY",CIVIL MATTER/DISPUTE
WOODBURY PUBLIC SAFETY,WOODBURY,7/9/2026 6:34:48 PM,WB26028155,"3XXX  Legacy Ln, WOODBURY",CIVIL MATTER/DISPUTE
WOODBURY PUBLIC SAFETY,WOODBURY,7/9/2026 7:22:28 PM,WB26028164,"2XXX  Mallard Dr, WOODBURY",DISTURBANCE
WOODBURY PUBLIC SAFETY,WOODBURY,7/9/2026 7:24:39 PM,WB26028167,"Valley Creek Rd Over I494, WOODBURY",ACCIDENT
WOODBURY PUBLIC SAFETY,WOODBURY,7/9/2026 7:54:41 PM,WB26028170,"Radio Dr / Pioneer Rd, WOODBURY",ACCIDENT
WOODBURY PUBLIC SAFETY,WOODBURY,7/9/2026 8:42:32 PM,WB26028172,"7XXX  Cobblestone Rd, WOODBURY",FOUND PROPERTY/ITEM
WOODBURY PUBLIC SAFETY,WOODBURY,7/9/2026 9:20:03 PM,WB26028174,"8XXX  VALLEY CREEK RD, WOODBURY",CHILD CUSTODY
WOODBURY PUBLIC SAFETY,WOODBURY,7/9/2026 10:24:01 PM,WB26028180,"7XXX  Arthur Dr, WOODBURY",WELFARE CHECK
WOODBURY PUBLIC SAFETY,WOODBURY,7/9/2026 11:20:20 PM,WB26028187,"1XXX  - 1492 PARKWOOD DR, WOODBURY",TRAFFIC STOP
WOODBURY PUBLIC SAFETY,WOODBURY,7/10/2026 8:08:00 AM,WB26028201,"6XXX  HUDSON RD, WOODBURY",WARRANT ARREST
WOODBURY PUBLIC SAFETY,WOODBURY,7/10/2026 8:37:58 AM,WB26028207,"9XXX  - 9949 HUDSON PL, WOODBURY",WARRANT ARREST
WOODBURY PUBLIC SAFETY,WOODBURY,7/10/2026 8:42:20 AM,WB26028208,"TAMARACK RD/I494, WOODBURY",TRAFFIC STOP
WOODBURY PUBLIC SAFETY,WOODBURY,7/10/2026 10:54:11 AM,WB26028223,"Hudson Pl / Tamarack Rd, WOODBURY",ACCIDENT
WOODBURY PUBLIC SAFETY,WOODBURY,7/10/2026 12:10:21 PM,WB26028238,"6XXX  ASHWOOD RD , WOODBURY",THREATS
WOODBURY PUBLIC SAFETY,WOODBURY,7/10/2026 1:08:34 PM,WB26028249,"1XXX  Donegal Dr, WOODBURY",ACCIDENT
WOODBURY PUBLIC SAFETY,WOODBURY,7/10/2026 1:35:56 PM,WB26028255,"10XXX  HUDSON RD, WOODBURY",THEFT
WOODBURY PUBLIC SAFETY,WOODBURY,7/10/2026 1:40:29 PM,WB26028258,"7XXX  Hargis Pkwy, WOODBURY",DRIVING COMPLAINT
WOODBURY PUBLIC SAFETY,WOODBURY,7/10/2026 2:00:00 PM,WB26028262,"10XXX  HUDSON RD, WOODBURY",CIVIL MATTER/DISPUTE
WOODBURY PUBLIC SAFETY,WOODBURY,7/10/2026 2:11:23 PM,WB26028264,"10XXX  HUDSON RD, WOODBURY",CIVIL MATTER/DISPUTE
WOODBURY PUBLIC SAFETY,Woodbury,7/10/2026 3:48:47 PM,WB26028282,"Century Avenue/Upper Afton Road, Woodbury",TRAFFIC STOP
WOODBURY PUBLIC SAFETY,WOODBURY,7/10/2026 3:58:23 PM,WB26028284,"9XXX  Hudson Rd, WOODBURY",FIRE
WOODBURY PUBLIC SAFETY,WOODBURY,7/10/2026 5:50:27 PM,WB26028300,"7XXX  Guider Dr, WOODBURY",CIVIL MATTER/DISPUTE
WOODBURY PUBLIC SAFETY,WOODBURY,7/10/2026 5:52:36 PM,WB26028299,"9XXX  Tamarack Rd, WOODBURY",DRIVING COMPLAINT
WOODBURY PUBLIC SAFETY,WOODBURY,7/10/2026 6:24:48 PM,WB26028305,"3XXX  LEGACY LN, WOODBURY",CIVIL MATTER/DISPUTE
WOODBURY PUBLIC SAFETY,WOODBURY,7/10/2026 7:25:21 PM,WB26028315,"1XXX  WOODLANE DR, WOODBURY",ACCIDENT
WOODBURY PUBLIC SAFETY,WOODBURY,7/10/2026 8:17:11 PM,WB26028326,"9XXX  Plymouth Rd, WOODBURY",UNWANTED PERSON/VEHICLE
WOODBURY PUBLIC SAFETY,WOODBURY,7/10/2026 9:33:10 PM,WB26028335,"7XXX  Hargis Pkwy, WOODBURY",DWI
WOODBURY PUBLIC SAFETY,WOODBURY,7/10/2026 11:24:31 PM,WB26028360,"6XXX  Applewood Ct, WOODBURY",SUICIDE ATTEMPT/THREATS OF
WOODBURY PUBLIC SAFETY,WOODBURY,7/10/2026 11:53:05 PM,WB26028365,"XXX Pendryn Hill Curv, WOODBURY",CHILD CUSTODY
WOODBURY PUBLIC SAFETY,WOODBURY,7/11/2026 2:38:30 AM,WB26028383,"I494 WB TO TAMARACK RD RAMP, WOODBURY",DWI
WOODBURY PUBLIC SAFETY,WOODBURY,7/11/2026 8:03:21 AM,WB26028396,"1XXX  Woodlane Dr, WOODBURY",THEFT
WOODBURY PUBLIC SAFETY,WOODBURY,7/11/2026 10:00:00 AM,WB26028405,"RADIO DR / HUDSON RD, WOODBURY",ACCIDENT
WOODBURY PUBLIC SAFETY,WOODBURY,7/11/2026 10:02:56 AM,WB26028406,"8XXX  Central Park Pl, WOODBURY",ABANDONED VEHICLE
WOODBURY PUBLIC SAFETY,WOODBURY,7/11/2026 10:40:04 AM,WB26028409,"9XXX  Parkside Dr, WOODBURY",CIVIL MATTER/DISPUTE
WOODBURY PUBLIC SAFETY,WOODBURY,7/11/2026 10:46:58 AM,WB26028410,"FINLEY RD / Hope Rd, WOODBURY",DWI
WOODBURY PUBLIC SAFETY,Woodbury,7/11/2026 11:44:06 AM,WB26028415,"CENTURY AVE/Upper Afton Road, Woodbury",TRAFFIC STOP
WOODBURY PUBLIC SAFETY,WOODBURY,7/11/2026 12:17:51 PM,WB26028421,"7XXX  Valley Creek Plz, WOODBURY",SHOPLIFTING
WOODBURY PUBLIC SAFETY,WOODBURY,7/11/2026 12:49:23 PM,WB26028424,"Bailey Rd / Woodbury Dr, WOODBURY",ACCIDENT
WOODBURY PUBLIC SAFETY,WOODBURY,7/11/2026 1:01:02 PM,WB26028426,"3XXX  Avon Ct, WOODBURY",SUSPICIOUS PERSON/ACTIVITY
WOODBURY PUBLIC SAFETY,WOODBURY,7/11/2026 1:18:14 PM,WB26028430,"7XXX  Guider Dr, WOODBURY",SUSPICIOUS PERSON/ACTIVITY
WOODBURY PUBLIC SAFETY,WOODBURY,7/11/2026 1:23:55 PM,WB26028431,"9XXX  Norma Ln, WOODBURY",ACCIDENT
WOODBURY PUBLIC SAFETY,WOODBURY,7/11/2026 1:28:19 PM,WB26028434,"10XXX  Hudson Rd, WOODBURY",TRESPASSING
WOODBURY PUBLIC SAFETY,WOODBURY,7/11/2026 1:57:26 PM,WB26028438,"2XXX  - 2996 RADIO DR, WOODBURY",TRAFFIC STOP
WOODBURY PUBLIC SAFETY,WOODBURY,7/11/2026 2:27:48 PM,WB26028442,"Hudson Rd / Woodbury Dr, WOODBURY",DISTURBANCE
WOODBURY PUBLIC SAFETY,WOODBURY,7/11/2026 5:14:57 PM,WB26028460,"XXX Commerce Dr, WOODBURY",ACCIDENT
WOODBURY PUBLIC SAFETY,WOODBURY,7/11/2026 6:33:54 PM,WB26028475,"8XXX  LAKE RD, WOODBURY",MISSING PERSON
WOODBURY PUBLIC SAFETY,WOODBURY,7/11/2026 8:13:16 PM,WB26028482,"8XXX  Quarry Ridge Ln, WOODBURY",FOUND PROPERTY/ITEM
WOODBURY PUBLIC SAFETY,WOODBURY,7/11/2026 9:10:07 PM,WB26028488,"2XXX  Woodbridge Way, WOODBURY",MISSING PERSON
WOODBURY PUBLIC SAFETY,WOODBURY,7/11/2026 9:30:47 PM,WB26028492,"WOODBURY DR / DALE RD, WOODBURY",JUVENILE COMPLAINT
WOODBURY PUBLIC SAFETY,WOODBURY,7/11/2026 10:36:33 PM,WB26028503,"10XXX  MCGREGOR BLVD, WOODBURY",FIREWORKS
WOODBURY PUBLIC SAFETY,WOODBURY,7/11/2026 11:28:38 PM,WB26028512,"1XXX  Woodbury Dr, WOODBURY",PROPERTY DAMAGE

