AgencyName,Address_City_Description,CreatedOn1,CaseNum,Textbox28,EventDescription
BAYPORT POLICE DEPARTMENT,BAYPORT,7/19/2026 12:44:06 AM,BP26002341,"HWY 95 AT 4TH AVE N, BAYPORT",DWI
BAYPORT POLICE DEPARTMENT,BAYPORT,7/19/2026 8:46:32 AM,BP26002344,"XX CENTRAL AVE, BAYPORT",CITIZEN/PUBLIC ASSIST
BAYPORT POLICE DEPARTMENT,BAYPORT,7/19/2026 8:56:51 AM,BP26002345,"XXX - 972 MINNESOTA ST S, BAYPORT",TRAFFIC STOP
BAYPORT POLICE DEPARTMENT,BAYPORT,7/20/2026 4:00:28 AM,BP26002350,"XX CENTRAL AVE, BAYPORT",PARK CLOSED
BAYPORT POLICE DEPARTMENT,BAYPORT,7/20/2026 2:44:14 PM,BP26002352,"4TH AVE N, BAYPORT",TRAFFIC STOP
BAYPORT POLICE DEPARTMENT,BAYPORT,7/20/2026 4:44:50 PM,BP26002353,"XXX 3rd St N, BAYPORT",VEHICLE UNLOCK
BAYPORT POLICE DEPARTMENT,BAYPORT,7/20/2026 5:53:50 PM,BP26002354,"1XXX  - 1098 5TH AVE N, BAYPORT",MOTORIST ASSIST
BAYPORT POLICE DEPARTMENT,BAYPORT,7/20/2026 7:32:37 PM,BP26002355,"XXX 6th St N, BAYPORT",NEIGHBOR DISPUTE
BAYPORT POLICE DEPARTMENT,BAYPORT,7/21/2026 12:10:26 AM,BP26002356,"XX CENTRAL AVE, BAYPORT",Park Close
BAYPORT POLICE DEPARTMENT,BAYPORT,7/21/2026 4:00:35 PM,BP26002360,"XXX - 198 MINNESOTA ST S, BAYPORT",TRAFFIC STOP
BAYPORT POLICE DEPARTMENT,BAYPORT,7/21/2026 10:17:52 PM,BP26002362,"XXX Minnesota St S, BAYPORT",MEDICAL
BAYPORT POLICE DEPARTMENT,BAYPORT,7/22/2026 12:30:05 AM,BP26002363,"XX CENTRAL AVE, BAYPORT",Park Close
BAYPORT POLICE DEPARTMENT,BAYPORT,7/22/2026 1:24:44 AM,BP26002364,"XXX - 798 5TH AVE N, BAYPORT",SUSPICIOUS PERSON/ACTIVITY
BAYPORT POLICE DEPARTMENT,BAYPORT,7/22/2026 2:06:58 AM,BP26002365,"XXX 5TH AVE N, BAYPORT",ALARM-BUSINESS/RES/FIRE/MEDICAL/ETC
BAYPORT POLICE DEPARTMENT,BAYPORT,7/22/2026 6:14:26 AM,BP26002366,"HWY 95 / 10TH AVE N, BAYPORT",TRAFFIC STOP
BAYPORT POLICE DEPARTMENT,BAYPORT,7/22/2026 10:09:53 AM,BP26002367,"XXX Minnesota St S, BAYPORT",911 ABANDONED/HANGUP/OPEN LINE
BAYPORT POLICE DEPARTMENT,BAYPORT,7/22/2026 3:22:25 PM,BP26002370,"XXX - 398 MINNESOTA ST S, BAYPORT",TRAFFIC STOP
BAYPORT POLICE DEPARTMENT,BAYPORT,7/23/2026 12:13:27 AM,BP26002374,"XX CENTRAL AVE, BAYPORT",PARK CLOSED
BAYPORT POLICE DEPARTMENT,BAYPORT,7/23/2026 10:00:47 AM,BP26002376,"XXX 6TH ST S, BAYPORT",DISTURBANCE
BAYPORT POLICE DEPARTMENT,BAYPORT,7/23/2026 12:17:00 PM,BP26002377,"5XXX  - 5269 STAGECOACH TRL N, BAYPORT",SUSPICIOUS PERSON/ACTIVITY
BAYPORT POLICE DEPARTMENT,BAYPORT,7/23/2026 2:18:20 PM,BP26002378,"XXX 5TH AVE S, BAYPORT",SUSPICIOUS PERSON/ACTIVITY
BAYPORT POLICE DEPARTMENT,BAYPORT,7/24/2026 11:49:11 AM,BP26002385,"XXX 6th St N, BAYPORT",DRUNK/INTOXICATED 
BAYPORT POLICE DEPARTMENT,BAYPORT,7/24/2026 6:32:26 PM,BP26002387,"1XXX  - 1278 BAYTOWN LN N, BAYPORT",SUSPICIOUS PERSON/ACTIVITY
BAYPORT POLICE DEPARTMENT,BAYPORT,7/24/2026 9:51:14 PM,BP26002388,"XXX - 699 3RD ST N, BAYPORT",TRAFFIC STOP
BAYPORT POLICE DEPARTMENT,BAYPORT,7/24/2026 10:47:35 PM,BP26002391,"4th Ave N / Hwy 95, BAYPORT",TRAFFIC STOP
BAYPORT POLICE DEPARTMENT,BAYPORT,7/25/2026 12:00:00 AM,BP26002399,"XX CENTRAL AVE, BAYPORT",park close
BAYPORT POLICE DEPARTMENT,BAYPORT,7/25/2026 11:56:18 AM,BP26002400,"XXX 3rd St N, BAYPORT",SUSPICIOUS PERSON/ACTIVITY
BAYPORT POLICE DEPARTMENT,BAYPORT,7/25/2026 2:00:34 PM,BP26002402,"XXX Mariner Dr, BAYPORT",PROPERTY DAMAGE
BAYPORT POLICE DEPARTMENT,BAYPORT,7/25/2026 7:59:53 PM,BP26002403,"STAGECOACH TRL N / BAYTOWN LN N, BAYPORT",SUSPICIOUS PERSON/ACTIVITY
BAYPORT POLICE DEPARTMENT,BAYPORT,7/25/2026 11:00:28 PM,BP26002406,"Hwy 95 / 2nd Ave N, BAYPORT",TRAFFIC STOP
BAYPORT POLICE DEPARTMENT,LAKELAND,7/25/2026 8:10:57 PM,BP26002404,"XXX Quinnell Ave N, LAKELAND",ASSIST OTHER AGENCY
BAYPORT POLICE DEPARTMENT,OAK PARK HEIGHTS,7/19/2026 4:28:33 AM,BP26002343,"6XXX  Saint Croix Trl N, OAK PARK HEIGHTS",ASSIST OTHER AGENCY
BAYPORT POLICE DEPARTMENT,OAK PARK HEIGHTS,7/19/2026 5:26:10 PM,BP26002348,"14XXX  60TH ST N, OAK PARK HEIGHTS",ASSIST OTHER AGENCY
BAYPORT POLICE DEPARTMENT,OAK PARK HEIGHTS,7/19/2026 6:13:36 PM,BP26002349,"13XXX  Lower 59th St N, OAK PARK HEIGHTS",ASSIST OTHER AGENCY
BAYPORT POLICE DEPARTMENT,OAK PARK HEIGHTS,7/20/2026 8:30:27 AM,BP26002351,"Upper 55th St N / Ozark Ave N, OAK PARK HEIGHTS",AOA SUSPICIOUS
BAYPORT POLICE DEPARTMENT,OAK PARK HEIGHTS,7/23/2026 9:13:19 AM,BP26002375,"14XXX  58th St N, OAK PARK HEIGHTS",ASSIST OTHER AGENCY
BAYPORT POLICE DEPARTMENT,OAK PARK HEIGHTS,7/23/2026 2:33:34 PM,BP26002379,"14XXX  60th St N, OAK PARK HEIGHTS",ASSIST OTHER AGENCY
BAYPORT POLICE DEPARTMENT,OAK PARK HEIGHTS,7/24/2026 5:40:27 PM,BP26002386,"5XXX  Osgood Ave N, OAK PARK HEIGHTS",ASSIST OTHER AGENCY
BAYPORT POLICE DEPARTMENT,OAK PARK HEIGHTS,7/25/2026 12:06:23 AM,BP26002394,"14XXX  58th St N, OAK PARK HEIGHTS",ASSIST OTHER AGENCY
BAYPORT POLICE DEPARTMENT,OAK PARK HEIGHTS,7/25/2026 1:52:45 AM,BP26002398,"SAINT CROIX TRL N / 56TH ST N, OAK PARK HEIGHTS",ASSIST OTHER AGENCY
BAYPORT POLICE DEPARTMENT,OAK PARK HEIGHTS,7/25/2026 10:49:08 PM,BP26002405,"14XXX  60th St N, OAK PARK HEIGHTS",ASSIST OTHER AGENCY
BAYPORT POLICE DEPARTMENT,WEST LAKELAND TOWNSHIP,7/22/2026 4:18:44 PM,BP26002371,"2XXX  - 2398 STAGECOACH TRL N, WEST LAKELAND TOWNSHIP",DWI
COTTAGE GROVE POLICE DEPARTMENT,COTTAGE GROVE,7/19/2026 12:00:00 AM,CG26031362,"10XXX  Goodview Ave S, COTTAGE GROVE",DWI
COTTAGE GROVE POLICE DEPARTMENT,COTTAGE GROVE,7/19/2026 12:42:57 AM,CG26031255,"6XXX  91st Cv S, COTTAGE GROVE",SUSPICIOUS PERSON/ACTIVITY
COTTAGE GROVE POLICE DEPARTMENT,COTTAGE GROVE,7/19/2026 6:03:40 AM,CG26031270,"6XXX  80TH ST S, COTTAGE GROVE",MEDICAL
COTTAGE GROVE POLICE DEPARTMENT,COTTAGE GROVE,7/19/2026 9:07:39 AM,CG26031283,"6XXX  East Point Douglas Rd S, COTTAGE GROVE",MEDICAL
COTTAGE GROVE POLICE DEPARTMENT,COTTAGE GROVE,7/19/2026 9:21:22 AM,CG26031286,"9XXX  Jamaica Ave S, COTTAGE GROVE",MEDICAL
COTTAGE GROVE POLICE DEPARTMENT,COTTAGE GROVE,7/19/2026 9:52:23 AM,CG26031296,"6XXX  Highland Hills Ln S, COTTAGE GROVE",ANIMAL COMPLAINT
COTTAGE GROVE POLICE DEPARTMENT,COTTAGE GROVE,7/19/2026 10:26:14 AM,CG26031301,"6XXX  84th St S, COTTAGE GROVE",ANIMAL COMPLAINT
COTTAGE GROVE POLICE DEPARTMENT,COTTAGE GROVE,7/19/2026 11:38:38 AM,CG26031308,"9XXX  62nd St S, COTTAGE GROVE",MEDICAL
COTTAGE GROVE POLICE DEPARTMENT,COTTAGE GROVE,7/19/2026 12:32:08 PM,CG26031312,"HILLSIDE TRL S / JANERO AVE S, COTTAGE GROVE",TRAFFIC STOP
COTTAGE GROVE POLICE DEPARTMENT,COTTAGE GROVE,7/19/2026 4:33:47 PM,CG26031329,"8XXX  - 8399 HADLEY AVE S, COTTAGE GROVE",FLEEING
COTTAGE GROVE POLICE DEPARTMENT,COTTAGE GROVE,7/19/2026 6:23:11 PM,CG26031337,"8XXX  Jergen Ave S, COTTAGE GROVE",MEDICAL
COTTAGE GROVE POLICE DEPARTMENT,COTTAGE GROVE,7/19/2026 7:05:16 PM,CG26031338,"12XXX  Ravine Pkwy S, COTTAGE GROVE",CIVIL MATTER/DISPUTE
COTTAGE GROVE POLICE DEPARTMENT,COTTAGE GROVE,7/19/2026 10:44:33 PM,CG26031363,"7XXX  Jasmine Ave S, COTTAGE GROVE",VEHICLE UNLOCK
COTTAGE GROVE POLICE DEPARTMENT,COTTAGE GROVE,7/19/2026 11:08:38 PM,CG26031364,"8XXX  Jeffery Ave S, COTTAGE GROVE",ASSIST OTHER AGENCY
COTTAGE GROVE POLICE DEPARTMENT,COTTAGE GROVE,7/19/2026 11:23:57 PM,CG26031365,"6XXX  Meadow Grass Ln S, COTTAGE GROVE",CIVIL MATTER/DISPUTE
COTTAGE GROVE POLICE DEPARTMENT,COTTAGE GROVE,7/20/2026 6:58:40 AM,CG26031373,"7XXX  East Point Douglas Rd S, COTTAGE GROVE",ALARM-BUSINESS/RES/FIRE/MEDICAL/ETC
COTTAGE GROVE POLICE DEPARTMENT,COTTAGE GROVE,7/20/2026 9:55:00 AM,CG26031397,"6XXX  EAST POINT DOUGLAS RD S, COTTAGE GROVE",WARRANT ARREST
COTTAGE GROVE POLICE DEPARTMENT,COTTAGE GROVE,7/20/2026 10:19:29 AM,CG26031401,"7XXX  Hinton Park Ave S, COTTAGE GROVE",MEDICAL
COTTAGE GROVE POLICE DEPARTMENT,COTTAGE GROVE,7/20/2026 10:31:00 AM,CG26031405,"EAST POINT DOUGLAS RD S / 80TH ST S, COTTAGE GROVE",TRAFFIC STOP
COTTAGE GROVE POLICE DEPARTMENT,COTTAGE GROVE,7/20/2026 11:57:42 AM,CG26031410,"6XXX  Idsen Ln S, COTTAGE GROVE",MEDICAL
COTTAGE GROVE POLICE DEPARTMENT,COTTAGE GROVE,7/20/2026 12:00:32 PM,CG26031411,"9XXX  Islay Ave S, COTTAGE GROVE",HARASSMENT
COTTAGE GROVE POLICE DEPARTMENT,COTTAGE GROVE,7/20/2026 2:46:01 PM,CG26031457,"7XXX  Hyde Ave S, COTTAGE GROVE",FRAUD/SCAM
COTTAGE GROVE POLICE DEPARTMENT,COTTAGE GROVE,7/20/2026 3:05:06 PM,CG26031460,"7XXX  Hemingway Ave S, COTTAGE GROVE",PROPERTY DAMAGE
COTTAGE GROVE POLICE DEPARTMENT,COTTAGE GROVE,7/20/2026 3:47:52 PM,CG26031469,"7XXX  JORGENSEN LN S, COTTAGE GROVE",MEDICAL
COTTAGE GROVE POLICE DEPARTMENT,COTTAGE GROVE,7/20/2026 5:34:51 PM,CG26031482,"7XXX  East Point Douglas Rd S, COTTAGE GROVE",TRESPASSING
COTTAGE GROVE POLICE DEPARTMENT,COTTAGE GROVE,7/20/2026 5:58:59 PM,CG26031484,"8XXX  81st St S, COTTAGE GROVE",MEDICAL
COTTAGE GROVE POLICE DEPARTMENT,COTTAGE GROVE,7/20/2026 7:56:59 PM,CG26031503,"6XXX  Pine Crest Trl S, COTTAGE GROVE",VEHICLE UNLOCK
COTTAGE GROVE POLICE DEPARTMENT,COTTAGE GROVE,7/20/2026 8:47:48 PM,CG26031512,"HINTON AVE S / RADIO DR, COTTAGE GROVE",PROPERTY DAMAGE
COTTAGE GROVE POLICE DEPARTMENT,COTTAGE GROVE,7/20/2026 9:02:41 PM,CG26031514,"8XXX  East Point Douglas Rd S, COTTAGE GROVE",DISTURBANCE
COTTAGE GROVE POLICE DEPARTMENT,COTTAGE GROVE,7/20/2026 9:21:40 PM,CG26031516,"Hardwood Ave S / Harkness Ave S, COTTAGE GROVE",DRUNK/INTOXICATED 
COTTAGE GROVE POLICE DEPARTMENT,COTTAGE GROVE,7/20/2026 10:28:51 PM,CG26031524,"7XXX  Janero Ave S, COTTAGE GROVE",MEDICAL
COTTAGE GROVE POLICE DEPARTMENT,COTTAGE GROVE,7/20/2026 10:48:27 PM,CG26031527,"7XXX  Jasmine Ave S, COTTAGE GROVE",DISTURBANCE
COTTAGE GROVE POLICE DEPARTMENT,COTTAGE GROVE,7/21/2026 1:27:49 AM,CG26031537,"7XXX  Hinton Ave S, COTTAGE GROVE",INCIDENT
COTTAGE GROVE POLICE DEPARTMENT,COTTAGE GROVE,7/21/2026 2:02:22 AM,CG26031538,"8XXX  EAST POINT DOUGLAS RD S, COTTAGE GROVE",FRAUD/SCAM
COTTAGE GROVE POLICE DEPARTMENT,COTTAGE GROVE,7/21/2026 8:27:00 AM,CG26031544,"70TH ST S / MEADOW GRASS AVE S, COTTAGE GROVE",TRAFFIC STOP
COTTAGE GROVE POLICE DEPARTMENT,COTTAGE GROVE,7/21/2026 8:39:06 AM,CG26031546,"7XXX  Imperial Avenue Ct S, COTTAGE GROVE",MEDICAL
COTTAGE GROVE POLICE DEPARTMENT,COTTAGE GROVE,7/21/2026 9:42:07 AM,CG26031549,"8XXX  IDSEN AVE S, COTTAGE GROVE",WELFARE CHECK
COTTAGE GROVE POLICE DEPARTMENT,COTTAGE GROVE,7/21/2026 10:45:30 AM,CG26031555,"70th St S / Jamaica Ave S, COTTAGE GROVE",SUSPICIOUS PERSON/ACTIVITY
COTTAGE GROVE POLICE DEPARTMENT,COTTAGE GROVE,7/21/2026 11:14:19 AM,CG26031556,"8XXX  EAST POINT DOUGLAS RD S, COTTAGE GROVE",ACCIDENT
COTTAGE GROVE POLICE DEPARTMENT,COTTAGE GROVE,7/21/2026 11:26:50 AM,CG26031559,"9XXX  Dunes Ave S, COTTAGE GROVE",MEDICAL
COTTAGE GROVE POLICE DEPARTMENT,COTTAGE GROVE,7/21/2026 1:11:55 PM,CG26031581,"8XXX  East Point Douglas Rd S, COTTAGE GROVE",LOST PROPERTY/ITEM
COTTAGE GROVE POLICE DEPARTMENT,COTTAGE GROVE,7/21/2026 1:45:46 PM,CG26031585,"6XXX  Hearthstone Ave S, COTTAGE GROVE",MEDICAL
COTTAGE GROVE POLICE DEPARTMENT,COTTAGE GROVE,7/21/2026 1:48:00 PM,CG26031586,"7XXX  EAST POINT DOUGLAS RD S, COTTAGE GROVE",WARRANT ARREST
COTTAGE GROVE POLICE DEPARTMENT,COTTAGE GROVE,7/21/2026 2:15:00 PM,CG26031588,"JAMAICA AVE S / HILLSIDE TRL S, COTTAGE GROVE",TRAFFIC STOP
COTTAGE GROVE POLICE DEPARTMENT,COTTAGE GROVE,7/21/2026 3:37:14 PM,CG26031596,"90th St S / Islay Ave S, COTTAGE GROVE",ACCIDENT
COTTAGE GROVE POLICE DEPARTMENT,COTTAGE GROVE,7/21/2026 5:06:24 PM,CG26031609,"8XXX  69th St S, COTTAGE GROVE",HARASSMENT
COTTAGE GROVE POLICE DEPARTMENT,COTTAGE GROVE,7/21/2026 5:16:36 PM,CG26031610,"7XXX  West Point Douglas Rd S, COTTAGE GROVE",MEDICAL
COTTAGE GROVE POLICE DEPARTMENT,COTTAGE GROVE,7/21/2026 5:51:57 PM,CG26031621,"8XXX  Granada Ave S, COTTAGE GROVE",CIVIL MATTER/DISPUTE
COTTAGE GROVE POLICE DEPARTMENT,COTTAGE GROVE,7/21/2026 5:54:33 PM,CG26031620,"6XXX  Pine Arbor Dr S, COTTAGE GROVE",TRESPASS NOTICE
COTTAGE GROVE POLICE DEPARTMENT,COTTAGE GROVE,7/21/2026 7:23:55 PM,CG26031629,"6XXX  99th Street Ct S, COTTAGE GROVE",MEDICAL
COTTAGE GROVE POLICE DEPARTMENT,COTTAGE GROVE,7/21/2026 7:52:06 PM,CG26031631,"7XXX  Inskip Trl S, COTTAGE GROVE",MEDICAL
COTTAGE GROVE POLICE DEPARTMENT,COTTAGE GROVE,7/22/2026 7:30:14 AM,CG26031691,"95th St S / Jamaica Ave S, COTTAGE GROVE",ACCIDENT
COTTAGE GROVE POLICE DEPARTMENT,COTTAGE GROVE,7/22/2026 11:21:14 AM,CG26031727,"8XXX  61st St S, COTTAGE GROVE",MEDICAL
COTTAGE GROVE POLICE DEPARTMENT,COTTAGE GROVE,7/22/2026 2:57:33 PM,CG26031755,"7XXX  IRISH AVE S, COTTAGE GROVE",FRAUD/SCAM
COTTAGE GROVE POLICE DEPARTMENT,COTTAGE GROVE,7/22/2026 4:50:00 PM,CG26031779,"7XXX  80TH ST S, COTTAGE GROVE",MEDICAL
COTTAGE GROVE POLICE DEPARTMENT,COTTAGE GROVE,7/22/2026 4:57:38 PM,CG26031780,"9XXX  East Point Douglas Rd S, COTTAGE GROVE",SHOPLIFTING
COTTAGE GROVE POLICE DEPARTMENT,COTTAGE GROVE,7/22/2026 6:03:00 PM,CG26031788,"6XXX  GOODVIEW CT S, COTTAGE GROVE",WARRANT ARREST
COTTAGE GROVE POLICE DEPARTMENT,COTTAGE GROVE,7/22/2026 6:11:51 PM,CG26031790,"8XXX  Janero Ave S, COTTAGE GROVE",ACCIDENT
COTTAGE GROVE POLICE DEPARTMENT,COTTAGE GROVE,7/22/2026 6:32:00 PM,CG26031793,"8XXX  - 8599 EAST POINT DOUGLAS RD S, COTTAGE GROVE",TRAFFIC STOP
COTTAGE GROVE POLICE DEPARTMENT,COTTAGE GROVE,7/22/2026 6:39:42 PM,CG26031794,"6XXX  Idsen Ln S, COTTAGE GROVE",MEDICAL
COTTAGE GROVE POLICE DEPARTMENT,COTTAGE GROVE,7/22/2026 7:59:31 PM,CG26031798,"7XXX  98th St S, COTTAGE GROVE",UNWANTED PERSON/VEHICLE
COTTAGE GROVE POLICE DEPARTMENT,COTTAGE GROVE,7/22/2026 8:27:06 PM,CG26031800,"6XXX  80TH ST S, COTTAGE GROVE",MEDICAL
COTTAGE GROVE POLICE DEPARTMENT,COTTAGE GROVE,7/23/2026 12:48:34 AM,CG26031888,"7XXX  Ivystone Ave S, COTTAGE GROVE",PROPERTY DAMAGE
COTTAGE GROVE POLICE DEPARTMENT,COTTAGE GROVE,7/23/2026 4:58:00 AM,CG26031915,"6XXX  Hearthstone Ave S, COTTAGE GROVE",ACCIDENT
COTTAGE GROVE POLICE DEPARTMENT,COTTAGE GROVE,7/23/2026 5:06:06 AM,CG26031916,"8XXX  Innsdale Ave S, COTTAGE GROVE",MEDICAL
COTTAGE GROVE POLICE DEPARTMENT,COTTAGE GROVE,7/23/2026 5:20:05 AM,CG26031917,"7XXX  80th St S, COTTAGE GROVE",MEDICAL
COTTAGE GROVE POLICE DEPARTMENT,COTTAGE GROVE,7/23/2026 9:02:00 AM,CG26031925,"9XXX  EAST POINT DOUGLAS RD S, COTTAGE GROVE",TRAFFIC STOP
COTTAGE GROVE POLICE DEPARTMENT,COTTAGE GROVE,7/23/2026 1:31:50 PM,CG26031940,"7XXX  LANGLY AVE S, COTTAGE GROVE",FOUND PROPERTY/ITEM
COTTAGE GROVE POLICE DEPARTMENT,COTTAGE GROVE,7/23/2026 2:47:04 PM,CG26031950,"8XXX  IDEAL AVE S, COTTAGE GROVE",HARASSMENT
COTTAGE GROVE POLICE DEPARTMENT,COTTAGE GROVE,7/23/2026 5:03:23 PM,CG26031989,"9XXX  Kimbro Ave S, COTTAGE GROVE",MEDICAL
COTTAGE GROVE POLICE DEPARTMENT,COTTAGE GROVE,7/23/2026 6:05:51 PM,CG26032014,"10XXX  Mississippi Dunes Blvd S, COTTAGE GROVE",MISSING PERSON
COTTAGE GROVE POLICE DEPARTMENT,COTTAGE GROVE,7/23/2026 11:27:28 PM,CG26032077,"HWY 61 NB JNO 80TH ST S, COTTAGE GROVE",DWI
COTTAGE GROVE POLICE DEPARTMENT,COTTAGE GROVE,7/24/2026 12:45:51 AM,CG26032103,"7XXX  Hardwood Ave S, COTTAGE GROVE",DISTURBANCE
COTTAGE GROVE POLICE DEPARTMENT,COTTAGE GROVE,7/24/2026 1:11:00 AM,CG26032104,"7XXX  EAST POINT DOUGLAS RD S, COTTAGE GROVE",DWI
COTTAGE GROVE POLICE DEPARTMENT,COTTAGE GROVE,7/24/2026 3:59:00 AM,CG26032114,"7XXX  Hemingway Ave S, COTTAGE GROVE",DISTURBANCE
COTTAGE GROVE POLICE DEPARTMENT,COTTAGE GROVE,7/24/2026 7:27:00 AM,CG26032123,"76TH ST S / HYDE AVE S, COTTAGE GROVE",TRAFFIC STOP
COTTAGE GROVE POLICE DEPARTMENT,COTTAGE GROVE,7/24/2026 9:40:14 AM,CG26032131,"8XXX  - 9195 EAST POINT DOUGLAS RD S, COTTAGE GROVE",TRAFFIC STOP
COTTAGE GROVE POLICE DEPARTMENT,COTTAGE GROVE,7/24/2026 3:16:50 PM,CG26032168,"6XXX  Pine Arbor Alcove S, COTTAGE GROVE",MEDICAL
COTTAGE GROVE POLICE DEPARTMENT,COTTAGE GROVE,7/24/2026 4:04:50 PM,CG26032171,"6XXX  PINE ARBOR LN S, COTTAGE GROVE",MISSING PERSON
COTTAGE GROVE POLICE DEPARTMENT,COTTAGE GROVE,7/24/2026 5:47:31 PM,CG26032185,"6XXX  80th St S, COTTAGE GROVE",MEDICAL
COTTAGE GROVE POLICE DEPARTMENT,COTTAGE GROVE,7/24/2026 8:56:00 PM,CG26032203,"Highway 61, COTTAGE GROVE",TRAFFIC STOP
COTTAGE GROVE POLICE DEPARTMENT,COTTAGE GROVE,7/24/2026 9:42:00 PM,CG26032207,"70th St S, COTTAGE GROVE",DANCO VIOLATION
COTTAGE GROVE POLICE DEPARTMENT,COTTAGE GROVE,7/24/2026 10:21:08 PM,CG26032211,"7XXX  79th St S, COTTAGE GROVE",MEDICAL
COTTAGE GROVE POLICE DEPARTMENT,COTTAGE GROVE,7/25/2026 12:13:53 AM,CG26032231,"6XXX  80th St S, COTTAGE GROVE",MEDICAL
COTTAGE GROVE POLICE DEPARTMENT,COTTAGE GROVE,7/25/2026 12:31:00 AM,CG26032235,"92ND ST S / HADLEY AVE S, COTTAGE GROVE",TRAFFIC STOP
COTTAGE GROVE POLICE DEPARTMENT,COTTAGE GROVE,7/25/2026 1:18:28 AM,CG26032240,"7XXX  Hinton Ave S, COTTAGE GROVE",MISSING PERSON
COTTAGE GROVE POLICE DEPARTMENT,COTTAGE GROVE,7/25/2026 2:09:00 AM,CG26032252,"7XXX  - 7598 70TH ST S, COTTAGE GROVE",TRAFFIC STOP
COTTAGE GROVE POLICE DEPARTMENT,COTTAGE GROVE,7/25/2026 10:29:10 AM,CG26032281,"6XXX  EAST POINT DOUGLAS RD S, COTTAGE GROVE",MEDICAL
COTTAGE GROVE POLICE DEPARTMENT,COTTAGE GROVE,7/25/2026 1:07:57 PM,CG26032291,"6XXX  East Point Douglas Rd S, COTTAGE GROVE",MEDICAL
COTTAGE GROVE POLICE DEPARTMENT,COTTAGE GROVE,7/25/2026 1:26:21 PM,CG26032292,"7XXX  East Point Douglas Rd S, COTTAGE GROVE",MEDICAL
COTTAGE GROVE POLICE DEPARTMENT,COTTAGE GROVE,7/25/2026 2:08:37 PM,CG26032296,"6XXX  East Point Douglas Rd S, COTTAGE GROVE",TRESPASSING
COTTAGE GROVE POLICE DEPARTMENT,COTTAGE GROVE,7/25/2026 3:17:11 PM,CG26032298,"6XXX  East Point Douglas Rd S, COTTAGE GROVE",MEDICAL
COTTAGE GROVE POLICE DEPARTMENT,COTTAGE GROVE,7/25/2026 4:34:58 PM,CG26032302,"7XXX  Meadow Grass Ave S, COTTAGE GROVE",MEDICAL
COTTAGE GROVE POLICE DEPARTMENT,COTTAGE GROVE,7/25/2026 11:19:36 PM,CG26032359,"9XXX  Heath Ave S, COTTAGE GROVE",MEDICAL
COTTAGE GROVE POLICE DEPARTMENT,COTTAGE GROVE,7/25/2026 11:20:30 PM,CG26032360,"7XXX  Imperial Avenue Cir S, COTTAGE GROVE",WELFARE CHECK
COTTAGE GROVE POLICE DEPARTMENT,DENMARK TOWNSHIP,7/22/2026 4:20:15 PM,CG26031775,"HWY 61 SB JNO 120TH ST S, DENMARK TOWNSHIP",ACCIDENT
COTTAGE GROVE POLICE DEPARTMENT,OAKDALE,7/24/2026 8:46:00 PM,CG26032199,"I694 NB JNO 10TH ST N, OAKDALE",TRAFFIC STOP
COTTAGE GROVE POLICE DEPARTMENT,OAKDALE,7/25/2026 12:00:00 AM,CG26032249,"I694 SB JNO 15TH ST N, OAKDALE",DWI
COTTAGE GROVE POLICE DEPARTMENT,SAINT PAUL PARK,7/21/2026 7:08:00 AM,CG26031542,"HASTINGS AVE & 70TH ST S, SAINT PAUL PARK",WANTED PERSON-KOPS ALERT/ATL
COTTAGE GROVE POLICE DEPARTMENT,WOODBURY,7/21/2026 11:53:51 AM,CG26031570,"1XXX  Weir Dr, WOODBURY",ASSIST OTHER AGENCY
COTTAGE GROVE POLICE DEPARTMENT,WOODBURY,7/23/2026 12:20:45 AM,CG26031884,"10XXX  HUDSON RD, WOODBURY",ASSIST OTHER AGENCY
FOREST LAKE POLICE DEPARTMENT,FOREST LAKE,7/19/2026 7:18:33 AM,FL26009406,"1XXX  APARTMENT LN SW, FOREST LAKE",WARRANT ARREST
FOREST LAKE POLICE DEPARTMENT,FOREST LAKE,7/19/2026 4:22:25 PM,FL26009430,"22XXX  IDEN AVE N, FOREST LAKE",NEIGHBOR DISPUTE
FOREST LAKE POLICE DEPARTMENT,FOREST LAKE,7/20/2026 1:17:31 AM,FL26009442,"23XXX  FOREST BLVD N, FOREST LAKE",CITIZEN/PUBLIC ASSIST
FOREST LAKE POLICE DEPARTMENT,FOREST LAKE,7/20/2026 7:34:00 AM,FL26009446,"BROADWAY AVE W & CENTENNIAL DR NW, FOREST LAKE",TRAFFIC STOP
FOREST LAKE POLICE DEPARTMENT,FOREST LAKE,7/20/2026 10:54:20 AM,FL26009456,"XXX 12TH ST SW, FOREST LAKE",HARASSMENT
FOREST LAKE POLICE DEPARTMENT,FOREST LAKE,7/20/2026 7:17:35 PM,FL26009476,"1XXX  LAKE ST S, FOREST LAKE",SUSPICIOUS PERSON/ACTIVITY
FOREST LAKE POLICE DEPARTMENT,FOREST LAKE,7/20/2026 7:38:50 PM,FL26009477,"LAKE ST S & 11TH AVE SW, FOREST LAKE",FOUND PROPERTY/ITEM
FOREST LAKE POLICE DEPARTMENT,FOREST LAKE,7/20/2026 10:06:06 PM,FL26009481,"9XXX  JUNIPER CT N, FOREST LAKE",FOUND PROPERTY/ITEM
FOREST LAKE POLICE DEPARTMENT,FOREST LAKE,7/21/2026 10:11:24 AM,FL26009493,"1XXX  Lake St S, FOREST LAKE",TRAFFIC COMPLAINT
FOREST LAKE POLICE DEPARTMENT,FOREST LAKE,7/21/2026 2:14:27 PM,FL26009510,"1XXX  Broadway Ave W, FOREST LAKE",PARKING COMPLAINT
FOREST LAKE POLICE DEPARTMENT,FOREST LAKE,7/21/2026 3:02:36 PM,FL26009513,"BROADWAY AVE W & 12TH ST SW, FOREST LAKE",TRAFFIC STOP
FOREST LAKE POLICE DEPARTMENT,FOREST LAKE,7/21/2026 4:23:50 PM,FL26009519,"4XXX  208TH ST N, FOREST LAKE",VEHICLE UNLOCK
FOREST LAKE POLICE DEPARTMENT,FOREST LAKE,7/21/2026 9:10:19 PM,FL26009526,"6XXX  SCANDIA TRL N, FOREST LAKE",SUSPICIOUS PERSON/ACTIVITY
FOREST LAKE POLICE DEPARTMENT,FOREST LAKE,7/22/2026 11:04:46 AM,FL26009548,"1XXX  Lake St S, FOREST LAKE",CHILD CUSTODY
FOREST LAKE POLICE DEPARTMENT,FOREST LAKE,7/22/2026 5:48:22 PM,FL26009559,"7XXX  North Shore Cir N, FOREST LAKE",CIVIL MATTER/DISPUTE
FOREST LAKE POLICE DEPARTMENT,FOREST LAKE,7/22/2026 7:20:48 PM,FL26009562,"5XXX  207th St N, FOREST LAKE",DISTURBANCE
FOREST LAKE POLICE DEPARTMENT,FOREST LAKE,7/22/2026 9:25:43 PM,FL26009567,"XXX 5TH AVE SW, FOREST LAKE",SUICIDE ATTEMPT/THREATS OF
FOREST LAKE POLICE DEPARTMENT,FOREST LAKE,7/22/2026 9:47:59 PM,FL26009568,"6XXX  NORTH SHORE TRL N, FOREST LAKE",NOISE COMPLAINT/DISTURBANCE
FOREST LAKE POLICE DEPARTMENT,FOREST LAKE,7/22/2026 10:59:00 PM,FL26009570,"BROADWAY AVE W TO I 35 SB RAMP, FOREST LAKE",TRAFFIC STOP
FOREST LAKE POLICE DEPARTMENT,FOREST LAKE,7/23/2026 8:43:08 AM,FL26009581,"19XXX  HEADWATERS BLVD N, FOREST LAKE",PARKING COMPLAINT
FOREST LAKE POLICE DEPARTMENT,FOREST LAKE,7/23/2026 9:31:38 AM,FL26009583,"7XXX  NORTH SHORE TRL N, FOREST LAKE",DRUGS
FOREST LAKE POLICE DEPARTMENT,FOREST LAKE,7/23/2026 9:35:54 AM,FL26009584,"XXX 12TH ST SW, FOREST LAKE",SUSPICIOUS PERSON/ACTIVITY
FOREST LAKE POLICE DEPARTMENT,FOREST LAKE,7/23/2026 12:04:10 PM,FL26009590,"XXX 12TH ST SW, FOREST LAKE",TRESPASSING
FOREST LAKE POLICE DEPARTMENT,FOREST LAKE,7/23/2026 2:25:06 PM,FL26009594,"6XXX  238TH STREET CT N, FOREST LAKE",ACCIDENT
FOREST LAKE POLICE DEPARTMENT,FOREST LAKE,7/23/2026 4:39:00 PM,FL26009589,"19XXX  FOREST RD N, FOREST LAKE",FRAUD/SCAM
FOREST LAKE POLICE DEPARTMENT,FOREST LAKE,7/23/2026 6:48:17 PM,FL26009607,"XXX 12TH ST SW, FOREST LAKE",ASSIST OTHER AGENCY
FOREST LAKE POLICE DEPARTMENT,FOREST LAKE,7/24/2026 8:59:00 AM,FL26009629,"HEADWATERS PKWY & FOREST BLVD N, FOREST LAKE",TRAFFIC STOP
FOREST LAKE POLICE DEPARTMENT,FOREST LAKE,7/24/2026 11:17:16 AM,FL26009637,"XX LEE ST, FOREST LAKE",TRESPASSING
FOREST LAKE POLICE DEPARTMENT,FOREST LAKE,7/24/2026 12:53:23 PM,FL26009643,"1XXX  LAKE ST S, FOREST LAKE",CIVIL MATTER/DISPUTE
FOREST LAKE POLICE DEPARTMENT,FOREST LAKE,7/24/2026 1:57:36 PM,FL26009644,"9XXX  223RD STREET CT N, FOREST LAKE",SHOTS FIRED/SHOOTING COMPLAINT
FOREST LAKE POLICE DEPARTMENT,FOREST LAKE,7/24/2026 3:25:34 PM,FL26009647,"FOREST LAKE WILLOW POINT BOAT LANDING, FOREST LAKE",LOST PROPERTY/ITEM
FOREST LAKE POLICE DEPARTMENT,FOREST LAKE,7/24/2026 3:34:35 PM,FL26009649,"1XXX  10TH AVE SW, FOREST LAKE",HARASSMENT
FOREST LAKE POLICE DEPARTMENT,FOREST LAKE,7/24/2026 8:44:01 PM,FL26009662,"22XXX  ELSTON AVE, FOREST LAKE",ANIMAL COMPLAINT
FOREST LAKE POLICE DEPARTMENT,FOREST LAKE,7/24/2026 9:47:38 PM,FL26009665,"7XXX  NORTH SHORE TRL N, FOREST LAKE",RUNAWAY
FOREST LAKE POLICE DEPARTMENT,FOREST LAKE,7/25/2026 3:58:23 AM,FL26009672,"XXX LAKE ST S, FOREST LAKE",BURGLARY
FOREST LAKE POLICE DEPARTMENT,FOREST LAKE,7/25/2026 10:34:11 AM,FL26009675,"1XXX  Broadway Ave W, FOREST LAKE",ACCIDENT
FOREST LAKE POLICE DEPARTMENT,FOREST LAKE,7/25/2026 2:07:18 PM,FL26009687,"1XXX  4TH ST SE, FOREST LAKE",WELFARE CHECK
FOREST LAKE POLICE DEPARTMENT,FOREST LAKE,7/25/2026 2:11:53 PM,FL26009688,"2XXX  Broadway Ave W, FOREST LAKE",ACCIDENT
FOREST LAKE POLICE DEPARTMENT,FOREST LAKE,7/25/2026 7:19:54 PM,FL26009697,"XXX 4TH ST SW, FOREST LAKE",HARASSMENT
FOREST LAKE POLICE DEPARTMENT,FOREST LAKE,7/25/2026 8:01:45 PM,FL26009699,"20XXX  KEATS AVE N, FOREST LAKE",ANIMAL COMPLAINT
FOREST LAKE POLICE DEPARTMENT,FOREST LAKE,7/25/2026 9:39:00 PM,FL26009701,"BROADWAY AVE W & LAKE ST S, FOREST LAKE",TRAFFIC STOP
FOREST LAKE POLICE DEPARTMENT,FOREST LAKE,7/25/2026 11:43:00 PM,FL26009708,"11TH AVE SW & 12TH ST SW, FOREST LAKE",TRAFFIC STOP
FOREST LAKE POLICE DEPARTMENT,MAY TOWNSHIP,7/20/2026 5:31:18 PM,FL26009474,"11XXX  180TH ST N, MAY TOWNSHIP",WELFARE CHECK
OAKDALE POLICE DEPARTMENT,COTTAGE GROVE,7/23/2026 11:27:28 PM,OD26009354,"HWY 61 NB JNO 80TH ST S, COTTAGE GROVE",ASSIST OTHER AGENCY
OAKDALE POLICE DEPARTMENT,COTTAGE GROVE,7/24/2026 1:11:42 AM,OD26009355,"7XXX  EAST POINT DOUGLAS RD S, COTTAGE GROVE",ASSIST OTHER AGENCY
OAKDALE POLICE DEPARTMENT,LAKE ELMO,7/22/2026 10:09:43 AM,OD26009266,"7XXX  DEMONTREVILLE TRL N, LAKE ELMO",ASSIST OTHER AGENCY
OAKDALE POLICE DEPARTMENT,OAKDALE,7/19/2026 12:00:00 AM,OD26009102,"4TH ST N / INWOOD AVE N, OAKDALE",TRAFFIC STOP
OAKDALE POLICE DEPARTMENT,OAKDALE,7/19/2026 12:30:28 AM,OD26009099,"43XXX -BLK GENEVA AVE N, OAKDALE",TRAFFIC STOP
OAKDALE POLICE DEPARTMENT,OAKDALE,7/19/2026 12:34:18 AM,OD26009100,"10TH ST N / HADLEY AVE N, OAKDALE",TRAFFIC STOP
OAKDALE POLICE DEPARTMENT,OAKDALE,7/19/2026 12:43:26 AM,OD26009101,"1XXX  GENTRY AVE N, OAKDALE",TRAFFIC STOP
OAKDALE POLICE DEPARTMENT,OAKDALE,7/19/2026 12:45:27 AM,OD26009103,"3XXX  HAYWARD AVE N, OAKDALE",WELFARE CHECK
OAKDALE POLICE DEPARTMENT,OAKDALE,7/19/2026 1:35:03 AM,OD26009104,"10TH ST N TO I694 SB RAMP, OAKDALE",TRAFFIC STOP
OAKDALE POLICE DEPARTMENT,OAKDALE,7/19/2026 1:43:01 AM,OD26009105,"4XXX  Geneva Ave N, OAKDALE",ALARM-BUSINESS/RES/FIRE/MEDICAL/ETC
OAKDALE POLICE DEPARTMENT,OAKDALE,7/19/2026 2:06:59 AM,OD26009106,"6XXX  15TH ST N, OAKDALE",PROPERTY DAMAGE
OAKDALE POLICE DEPARTMENT,OAKDALE,7/19/2026 4:19:13 AM,OD26009107,"Hadley Ave N / Grospoint Ave N, OAKDALE",TRAFFIC STOP
OAKDALE POLICE DEPARTMENT,OAKDALE,7/19/2026 4:44:41 AM,OD26009108,"10TH ST N / GREENWAY AVE N, OAKDALE",SUSPICIOUS PERSON/ACTIVITY
OAKDALE POLICE DEPARTMENT,OAKDALE,7/19/2026 7:19:03 AM,OD26009109,"6XXX  Stillwater Blvd N, OAKDALE",CITIZEN/PUBLIC ASSIST
OAKDALE POLICE DEPARTMENT,OAKDALE,7/19/2026 7:23:37 AM,OD26009110,"2XXX  Holly Ave N, OAKDALE",MEDICAL
OAKDALE POLICE DEPARTMENT,OAKDALE,7/19/2026 8:06:01 AM,OD26009111,"6XXX  5th St N, OAKDALE",CITIZEN/PUBLIC ASSIST
OAKDALE POLICE DEPARTMENT,OAKDALE,7/19/2026 9:47:46 AM,OD26009113,"XXX GENTRY AVE N, OAKDALE",911 ABANDONED/HANGUP/OPEN LINE
OAKDALE POLICE DEPARTMENT,OAKDALE,7/19/2026 10:26:59 AM,OD26009114,"6XXX  15TH ST N, OAKDALE",FOUND PROPERTY/ITEM
OAKDALE POLICE DEPARTMENT,OAKDALE,7/19/2026 11:16:48 AM,OD26009117,"2XXX  HILLVALE CT N, OAKDALE",CIVIL MATTER/DISPUTE
OAKDALE POLICE DEPARTMENT,OAKDALE,7/19/2026 11:45:44 AM,OD26009118,"6XXX  49th St N, OAKDALE",ASSIGNED & CLEARED
OAKDALE POLICE DEPARTMENT,OAKDALE,7/19/2026 12:16:43 PM,OD26009120,"6XXX  Hudson Blvd N, OAKDALE",MEDICAL
OAKDALE POLICE DEPARTMENT,OAKDALE,7/19/2026 1:05:33 PM,OD26009121,"8XXX  9th St N, OAKDALE",CIVIL MATTER/DISPUTE
OAKDALE POLICE DEPARTMENT,OAKDALE,7/19/2026 1:40:27 PM,OD26009122,"6XXX  29th Street Cir N, OAKDALE",ANIMAL COMPLAINT
OAKDALE POLICE DEPARTMENT,OAKDALE,7/19/2026 2:58:23 PM,OD26009124,"1XXX  Gershwin Ave N, OAKDALE",ALARM-BUSINESS/RES/FIRE/MEDICAL/ETC
OAKDALE POLICE DEPARTMENT,OAKDALE,7/19/2026 2:58:37 PM,OD26009123,"6XXX  15TH ST N, OAKDALE",MEDICAL
OAKDALE POLICE DEPARTMENT,OAKDALE,7/19/2026 4:47:44 PM,OD26009126,"XXX Glenbrook Ave N, OAKDALE",NOISE COMPLAINT/DISTURBANCE
OAKDALE POLICE DEPARTMENT,OAKDALE,7/19/2026 6:24:04 PM,OD26009127,"6XXX  37th St N, OAKDALE",DISTURBANCE
OAKDALE POLICE DEPARTMENT,OAKDALE,7/19/2026 7:42:08 PM,OD26009130,"6XXX  Hudson Blvd N, OAKDALE",SUSPICIOUS PERSON/ACTIVITY
OAKDALE POLICE DEPARTMENT,OAKDALE,7/19/2026 8:36:50 PM,OD26009132,"4XXX  Grenwich Trl N, OAKDALE",BURGLARY
OAKDALE POLICE DEPARTMENT,OAKDALE,7/19/2026 9:19:02 PM,OD26009133,"1XXX  HADLEY AVE N, OAKDALE",VEHICLE UNLOCK
OAKDALE POLICE DEPARTMENT,OAKDALE,7/19/2026 9:35:23 PM,OD26009134,"7XXX  40th St N, OAKDALE",CIVIL MATTER/DISPUTE
OAKDALE POLICE DEPARTMENT,OAKDALE,7/19/2026 10:21:36 PM,OD26009136,"7XXX  2ND ST N, OAKDALE",NOISE COMPLAINT/DISTURBANCE
OAKDALE POLICE DEPARTMENT,OAKDALE,7/19/2026 10:29:35 PM,OD26009137," 4160 GERSHWIN AVE N, OAKDALE",NEIGHBOR DISPUTE
OAKDALE POLICE DEPARTMENT,OAKDALE,7/19/2026 11:12:29 PM,OD26009139,"1XXX  Hadley Ave N, OAKDALE",MEDICAL
OAKDALE POLICE DEPARTMENT,OAKDALE,7/19/2026 11:20:55 PM,OD26009141,"XXX Grange Ave N, OAKDALE",SUSPICIOUS PERSON/ACTIVITY
OAKDALE POLICE DEPARTMENT,OAKDALE,7/19/2026 11:23:44 PM,OD26009142,"Hadley Ave N / 11th St N, OAKDALE",ANIMAL COMPLAINT
OAKDALE POLICE DEPARTMENT,OAKDALE,7/19/2026 11:39:00 PM,OD26009143,"XXX GENEVA AVE N, OAKDALE",TRAFFIC STOP
OAKDALE POLICE DEPARTMENT,OAKDALE,7/20/2026 12:00:00 AM,OD26009194,"15TH ST N / GENEVA AVE N, OAKDALE",TRAFFIC STOP
OAKDALE POLICE DEPARTMENT,OAKDALE,7/20/2026 12:26:15 AM,OD26009144,"6XXX  10TH ST N, OAKDALE",WARRANT ARREST
OAKDALE POLICE DEPARTMENT,OAKDALE,7/20/2026 1:25:03 AM,OD26009146,"10TH ST N / GERSHWIN AVE N, OAKDALE",TRAFFIC STOP
OAKDALE POLICE DEPARTMENT,OAKDALE,7/20/2026 1:33:30 AM,OD26009148,"10TH ST N / HADLEY AVE N, OAKDALE",TRAFFIC STOP
OAKDALE POLICE DEPARTMENT,OAKDALE,7/20/2026 1:45:12 AM,OD26009149,"2XXX  Holly Ave N, OAKDALE",RUNAWAY
OAKDALE POLICE DEPARTMENT,OAKDALE,7/20/2026 2:11:00 AM,OD26009150,"10TH ST N / GERSHWIN AVE N, OAKDALE",TRAFFIC STOP
OAKDALE POLICE DEPARTMENT,OAKDALE,7/20/2026 3:13:00 AM,OD26009151,"6XXX  4th Street Pl N, OAKDALE",MEDICAL
OAKDALE POLICE DEPARTMENT,OAKDALE,7/20/2026 7:37:40 AM,OD26009154,"1XXX  Gentry Ave N, OAKDALE",SUSPICIOUS PERSON/ACTIVITY
OAKDALE POLICE DEPARTMENT,OAKDALE,7/20/2026 8:14:02 AM,OD26009155,"6XXX  Upper 13th St N, OAKDALE",MEDICAL
OAKDALE POLICE DEPARTMENT,OAKDALE,7/20/2026 10:21:38 AM,OD26009158,"6XXX  45th St N, OAKDALE",MEDICAL
OAKDALE POLICE DEPARTMENT,OAKDALE,7/20/2026 10:52:26 AM,OD26009160,"6XXX  15th St N, OAKDALE",ANIMAL COMPLAINT
OAKDALE POLICE DEPARTMENT,OAKDALE,7/20/2026 12:39:56 PM,OD26009162,"6XXX  8th St N, OAKDALE",THEFT FROM MOTOR VEHICLE
OAKDALE POLICE DEPARTMENT,OAKDALE,7/20/2026 12:48:06 PM,OD26009163,"1XXX  Greystone Ave N, OAKDALE",ANIMAL COMPLAINT
OAKDALE POLICE DEPARTMENT,OAKDALE,7/20/2026 12:51:05 PM,OD26009164,"7XXX  2ND ST N, OAKDALE",ASSIST OTHER AGENCY
OAKDALE POLICE DEPARTMENT,OAKDALE,7/20/2026 2:02:20 PM,OD26009167,"7XXX  3RD ST N, OAKDALE",911 ABANDONED/HANGUP/OPEN LINE
OAKDALE POLICE DEPARTMENT,OAKDALE,7/20/2026 2:10:07 PM,OD26009168,"7XXX  Stillwater Blvd N, OAKDALE",SUSPICIOUS PERSON/ACTIVITY
OAKDALE POLICE DEPARTMENT,OAKDALE,7/20/2026 2:50:01 PM,OD26009169,"XXX GRAFTON AVE N, OAKDALE",SUSPICIOUS PERSON/ACTIVITY
OAKDALE POLICE DEPARTMENT,OAKDALE,7/20/2026 3:01:22 PM,OD26009170,"5XXX  Hadley Ave N, OAKDALE",CITIZEN/PUBLIC ASSIST
OAKDALE POLICE DEPARTMENT,OAKDALE,7/20/2026 3:02:01 PM,OD26009171,"1XXX  Hadley Ave N, OAKDALE",SUSPICIOUS PERSON/ACTIVITY
OAKDALE POLICE DEPARTMENT,OAKDALE,7/20/2026 3:36:19 PM,OD26009173,"3XXX  HAYWARD AVE N, OAKDALE",WARRANT ARREST
OAKDALE POLICE DEPARTMENT,OAKDALE,7/20/2026 3:37:38 PM,OD26009174,"XXX Gershwin Ave N, OAKDALE",FOLLOW UP
OAKDALE POLICE DEPARTMENT,OAKDALE,7/20/2026 4:16:24 PM,OD26009175,"XXX GREENWAY AVE N, OAKDALE",SUSPICIOUS PERSON/ACTIVITY
OAKDALE POLICE DEPARTMENT,OAKDALE,7/20/2026 4:17:25 PM,OD26009176,"3XXX  Gershwin Ave N, OAKDALE",911 ABANDONED/HANGUP/OPEN LINE
OAKDALE POLICE DEPARTMENT,OAKDALE,7/20/2026 4:29:47 PM,OD26009178,"7XXX  Stillwater Blvd N, OAKDALE",CIVIL MATTER/DISPUTE
OAKDALE POLICE DEPARTMENT,OAKDALE,7/20/2026 6:07:35 PM,OD26009183,"7XXX  31st Street Pl N, OAKDALE",DISTURBANCE
OAKDALE POLICE DEPARTMENT,OAKDALE,7/20/2026 6:19:42 PM,OD26009184,"4TH ST N / IDEAL AVE N, OAKDALE",SUSPICIOUS PERSON/ACTIVITY
OAKDALE POLICE DEPARTMENT,OAKDALE,7/20/2026 6:38:24 PM,OD26009185,"1XXX  HADLEY AVE N, OAKDALE",PUBLIC WORKS CONCERN
OAKDALE POLICE DEPARTMENT,OAKDALE,7/20/2026 6:59:18 PM,OD26009187,"24XXX -BLK HADLEY AVE N, OAKDALE",TRAFFIC STOP
OAKDALE POLICE DEPARTMENT,OAKDALE,7/20/2026 7:25:55 PM,OD26009189,"4XXX  HELENA WAY N, OAKDALE",911 ABANDONED/HANGUP/OPEN LINE
OAKDALE POLICE DEPARTMENT,OAKDALE,7/20/2026 7:26:56 PM,OD26009188,"14XXX -BLK GENEVA AVE N, OAKDALE",TRAFFIC STOP
OAKDALE POLICE DEPARTMENT,OAKDALE,7/20/2026 9:53:39 PM,OD26009192,"6XXX  7TH ST N, OAKDALE",SUSPICIOUS PERSON/ACTIVITY
OAKDALE POLICE DEPARTMENT,OAKDALE,7/20/2026 9:56:41 PM,OD26009193,"10TH ST N / I694, OAKDALE",TRAFFIC STOP
OAKDALE POLICE DEPARTMENT,OAKDALE,7/20/2026 10:14:54 PM,OD26009195,"50TH ST N & I694, OAKDALE",TRAFFIC STOP
OAKDALE POLICE DEPARTMENT,OAKDALE,7/20/2026 10:20:29 PM,OD26009196,"I694 Nb Jno 34th St N, OAKDALE",TRAFFIC STOP
OAKDALE POLICE DEPARTMENT,OAKDALE,7/20/2026 10:27:49 PM,OD26009197,"HWY 36 W / HWY 120 , OAKDALE",TRAFFIC STOP
OAKDALE POLICE DEPARTMENT,OAKDALE,7/20/2026 10:29:19 PM,OD26009198,"Henslow Ave N / 26th St N, OAKDALE",SUSPICIOUS PERSON/ACTIVITY
OAKDALE POLICE DEPARTMENT,OAKDALE,7/20/2026 10:32:43 PM,OD26009199,"17XXX -BLK GENEVA AVE N, OAKDALE",TRAFFIC STOP
OAKDALE POLICE DEPARTMENT,OAKDALE,7/20/2026 10:35:23 PM,OD26009202,"Unknown, OAKDALE",CIVIL MATTER/DISPUTE
OAKDALE POLICE DEPARTMENT,OAKDALE,7/20/2026 10:36:37 PM,OD26009201,"1XXX  GRANADA AVE N, OAKDALE",MEDICAL
OAKDALE POLICE DEPARTMENT,OAKDALE,7/20/2026 10:38:39 PM,OD26009200,"XXX GENEVA AVE N, OAKDALE",TRAFFIC STOP
OAKDALE POLICE DEPARTMENT,OAKDALE,7/21/2026 12:40:10 AM,OD26009203,"4XXX  HADLEY AVE N, OAKDALE",SUSPICIOUS PERSON/ACTIVITY
OAKDALE POLICE DEPARTMENT,OAKDALE,7/21/2026 12:59:55 AM,OD26009204,"7XXX  3RD ST N, OAKDALE",SUSPICIOUS PERSON/ACTIVITY
OAKDALE POLICE DEPARTMENT,OAKDALE,7/21/2026 1:12:00 AM,OD26009205,"6XXX  10TH ST N, OAKDALE",TRAFFIC STOP
OAKDALE POLICE DEPARTMENT,OAKDALE,7/21/2026 1:17:50 AM,OD26009206,"XXX GENEVA AVE N, OAKDALE",SUSPICIOUS PERSON/ACTIVITY
OAKDALE POLICE DEPARTMENT,OAKDALE,7/21/2026 1:25:45 AM,OD26009207,"6XXX  10TH ST N, OAKDALE",TRAFFIC STOP
OAKDALE POLICE DEPARTMENT,OAKDALE,7/21/2026 3:03:51 AM,OD26009209,"5XXX  Hadley Ave N, OAKDALE",ALARM-BUSINESS/RES/FIRE/MEDICAL/ETC
OAKDALE POLICE DEPARTMENT,OAKDALE,7/21/2026 4:31:13 AM,OD26009210,"7XXX  10th St N, OAKDALE",ALARM-BUSINESS/RES/FIRE/MEDICAL/ETC
OAKDALE POLICE DEPARTMENT,OAKDALE,7/21/2026 7:26:34 AM,OD26009211,"6XXX  10th St N, OAKDALE",SUSPICIOUS PERSON/ACTIVITY
OAKDALE POLICE DEPARTMENT,OAKDALE,7/21/2026 7:46:18 AM,OD26009212,"3XXX  GENEVA AVE N, OAKDALE",TRAFFIC STOP
OAKDALE POLICE DEPARTMENT,OAKDALE,7/21/2026 8:36:06 AM,OD26009214,"6XXX  HUDSON BLVD N, OAKDALE",MEDICAL
OAKDALE POLICE DEPARTMENT,OAKDALE,7/21/2026 9:36:07 AM,OD26009217,"3XXX  Grenadier Trl N, OAKDALE",FOUND PROPERTY/ITEM
OAKDALE POLICE DEPARTMENT,OAKDALE,7/21/2026 10:05:26 AM,OD26009218,"4XXX  Grenwich Way N, OAKDALE",911 ABANDONED/HANGUP/OPEN LINE
OAKDALE POLICE DEPARTMENT,OAKDALE,7/21/2026 10:13:13 AM,OD26009219,"7XXX  15th St N, OAKDALE",MEDICAL
OAKDALE POLICE DEPARTMENT,OAKDALE,7/21/2026 10:22:49 AM,OD26009220,"6XXX  25th St N, OAKDALE",PARKING COMPLAINT
OAKDALE POLICE DEPARTMENT,OAKDALE,7/21/2026 10:59:50 AM,OD26009221,"7XXX  29TH ST N, OAKDALE",ANIMAL COMPLAINT
OAKDALE POLICE DEPARTMENT,OAKDALE,7/21/2026 12:18:56 PM,OD26009223,"3XXX  Genevieve Ave N, OAKDALE",RUNAWAY
OAKDALE POLICE DEPARTMENT,OAKDALE,7/21/2026 2:47:28 PM,OD26009228,"5XXX  Hadley Ave N, OAKDALE",LOST PROPERTY/ITEM
OAKDALE POLICE DEPARTMENT,OAKDALE,7/21/2026 3:46:39 PM,OD26009230,"3XXX  Granada Way N, OAKDALE",ANIMAL COMPLAINT
OAKDALE POLICE DEPARTMENT,OAKDALE,7/21/2026 4:00:02 PM,OD26009231,"5XXX  Hadley Ave N, OAKDALE",SHOPLIFTING
OAKDALE POLICE DEPARTMENT,OAKDALE,7/21/2026 4:11:52 PM,OD26009232,"3XXX  GRANADA WAY N, OAKDALE",SUSPICIOUS PERSON/ACTIVITY
OAKDALE POLICE DEPARTMENT,OAKDALE,7/21/2026 4:24:04 PM,OD26009233,"7XXX  32ND ST N, OAKDALE",DISTURBANCE
OAKDALE POLICE DEPARTMENT,OAKDALE,7/21/2026 4:45:20 PM,OD26009234," 7088 11th St N, OAKDALE",WELFARE CHECK
OAKDALE POLICE DEPARTMENT,OAKDALE,7/21/2026 6:11:00 PM,OD26009236,"1XXX  HALLMARK CIR N, OAKDALE",ASSIST OTHER AGENCY
OAKDALE POLICE DEPARTMENT,OAKDALE,7/21/2026 6:27:14 PM,OD26009237," 5635 Hadley Ave N, OAKDALE",SHOPLIFTING
OAKDALE POLICE DEPARTMENT,OAKDALE,7/21/2026 7:04:53 PM,OD26009238,"8XXX  4th St N, OAKDALE",WELFARE CHECK
OAKDALE POLICE DEPARTMENT,OAKDALE,7/21/2026 7:30:49 PM,OD26009239,"2XXX  Helena Ave N, OAKDALE",DISTURBANCE
OAKDALE POLICE DEPARTMENT,OAKDALE,7/21/2026 7:45:56 PM,OD26009240,"6XXX  Hudson Blvd N, OAKDALE",SUSPICIOUS PERSON/ACTIVITY
OAKDALE POLICE DEPARTMENT,OAKDALE,7/21/2026 9:06:51 PM,OD26009245,"4XXX  HADLEY AVE N, OAKDALE",DWI
OAKDALE POLICE DEPARTMENT,OAKDALE,7/21/2026 10:12:52 PM,OD26009247,"2XXX  Holly Ave N, OAKDALE",FOLLOW UP
OAKDALE POLICE DEPARTMENT,OAKDALE,7/22/2026 1:09:35 AM,OD26009248,"GENEVA/I94 WB RAMP, OAKDALE",TRAFFIC STOP
OAKDALE POLICE DEPARTMENT,OAKDALE,7/22/2026 2:09:36 AM,OD26009252,"3XXX  Granada Pl N, OAKDALE",MEDICAL
OAKDALE POLICE DEPARTMENT,OAKDALE,7/22/2026 3:38:26 AM,OD26009253,"I694 Sb Jno 10th St N, OAKDALE",MAIL THEFT
OAKDALE POLICE DEPARTMENT,OAKDALE,7/22/2026 5:08:01 AM,OD26009254,"I694 SB JNO 10TH ST N, OAKDALE",THEFT
OAKDALE POLICE DEPARTMENT,OAKDALE,7/22/2026 7:41:24 AM,OD26009256,"1XXX  Granada Ave N, OAKDALE",911 ABANDONED/HANGUP/OPEN LINE
OAKDALE POLICE DEPARTMENT,OAKDALE,7/22/2026 7:51:07 AM,OD26009257,"4XXX  GENEVA AVE N, OAKDALE",THREATS
OAKDALE POLICE DEPARTMENT,OAKDALE,7/22/2026 8:49:38 AM,OD26009260,"XXX HERON AVE N, OAKDALE",911 ABANDONED/HANGUP/OPEN LINE
OAKDALE POLICE DEPARTMENT,OAKDALE,7/22/2026 9:17:51 AM,OD26009262,"4XXX  Gershwin Ave N, OAKDALE",PARKING COMPLAINT
OAKDALE POLICE DEPARTMENT,OAKDALE,7/22/2026 10:22:28 AM,OD26009268,"1XXX  Helena Rd N, OAKDALE",MAIL THEFT
OAKDALE POLICE DEPARTMENT,OAKDALE,7/22/2026 10:34:29 AM,OD26009269,"3XXX  GERSHWIN AVE N, OAKDALE",JUVENILE COMPLAINT
OAKDALE POLICE DEPARTMENT,OAKDALE,7/22/2026 10:54:49 AM,OD26009270,"6XXX  15th St N, OAKDALE",FOLLOW UP
OAKDALE POLICE DEPARTMENT,OAKDALE,7/22/2026 11:46:39 AM,OD26009274,"15TH ST N/HADLEY AVE N, OAKDALE",SUSPICIOUS PERSON/ACTIVITY
OAKDALE POLICE DEPARTMENT,OAKDALE,7/22/2026 12:40:06 PM,OD26009276,"8XXX  4th St N, OAKDALE",MEDICAL
OAKDALE POLICE DEPARTMENT,OAKDALE,7/22/2026 4:32:38 PM,OD26009283,"1XXX  Gentry Ave N, OAKDALE",ACCIDENT
OAKDALE POLICE DEPARTMENT,OAKDALE,7/22/2026 4:49:45 PM,OD26009284,"5XXX  Hadley Ave N, OAKDALE",SHOPLIFTING
OAKDALE POLICE DEPARTMENT,OAKDALE,7/22/2026 4:52:02 PM,OD26009286,"4XXX  GERSHWIN AVE N, OAKDALE",THREATS
OAKDALE POLICE DEPARTMENT,OAKDALE,7/22/2026 5:28:11 PM,OD26009287,"1XXX  GRANADA AVE N, OAKDALE",WELFARE CHECK
OAKDALE POLICE DEPARTMENT,OAKDALE,7/22/2026 5:57:52 PM,OD26009290,"1XXX  GENEVA AVE N, OAKDALE",MEDICAL
OAKDALE POLICE DEPARTMENT,OAKDALE,7/22/2026 5:59:40 PM,OD26009292,"6XXX  UPPER 51ST ST N, OAKDALE",CITIZEN/PUBLIC ASSIST
OAKDALE POLICE DEPARTMENT,OAKDALE,7/22/2026 6:07:58 PM,OD26009291,"7XXX  41ST ST N, OAKDALE",DISTURBANCE
OAKDALE POLICE DEPARTMENT,OAKDALE,7/22/2026 6:24:10 PM,OD26009293,"8XXX  4TH ST N, OAKDALE",MEDICAL
OAKDALE POLICE DEPARTMENT,OAKDALE,7/22/2026 8:48:59 PM,OD26009296,"7XXX  41st St N, OAKDALE",WELFARE CHECK
OAKDALE POLICE DEPARTMENT,OAKDALE,7/22/2026 9:54:30 PM,OD26009297,"7XXX  55th St N, OAKDALE",ALARM-BUSINESS/RES/FIRE/MEDICAL/ETC
OAKDALE POLICE DEPARTMENT,OAKDALE,7/22/2026 11:05:44 PM,OD26009298,"7XXX  33rd St N, OAKDALE",HARASSMENT
OAKDALE POLICE DEPARTMENT,OAKDALE,7/23/2026 12:10:56 AM,OD26009300,"7XXX  32ND ST N, OAKDALE",WELFARE CHECK
OAKDALE POLICE DEPARTMENT,OAKDALE,7/23/2026 12:11:21 AM,OD26009299,"7XXX  32ND ST N, OAKDALE",THEFT
OAKDALE POLICE DEPARTMENT,OAKDALE,7/23/2026 1:10:00 AM,OD26009302,"XXX GENEVA AVE N, OAKDALE",TRAFFIC STOP
OAKDALE POLICE DEPARTMENT,OAKDALE,7/23/2026 2:49:31 AM,OD26009303,"6XXX  15th St N, OAKDALE",ASSIST OTHER AGENCY
OAKDALE POLICE DEPARTMENT,OAKDALE,7/23/2026 3:27:27 AM,OD26009304,"1XXX  HADLEY AVE N, OAKDALE",PARK INCIDENT-CITY/COUNTY
OAKDALE POLICE DEPARTMENT,OAKDALE,7/23/2026 3:46:50 AM,OD26009305,"6XXX  52ND ST N, OAKDALE",VEHICLE TAMPERING
OAKDALE POLICE DEPARTMENT,OAKDALE,7/23/2026 6:55:12 AM,OD26009308,"4XXX  Geneva Ave N, OAKDALE",ANIMAL BITE
OAKDALE POLICE DEPARTMENT,OAKDALE,7/23/2026 8:41:41 AM,OD26009314,"2XXX  Granada Ln N, OAKDALE",911 ABANDONED/HANGUP/OPEN LINE
OAKDALE POLICE DEPARTMENT,OAKDALE,7/23/2026 8:43:28 AM,OD26009312,"6XXX  8TH ST N, OAKDALE",SUICIDE ATTEMPT/THREATS OF
OAKDALE POLICE DEPARTMENT,OAKDALE,7/23/2026 9:05:07 AM,OD26009315,"6XXX  15th St N, OAKDALE",FOLLOW UP
OAKDALE POLICE DEPARTMENT,OAKDALE,7/23/2026 10:19:12 AM,OD26009316,"4XXX  GERSHWIN AVE N, OAKDALE",PARKING VIOLATION
OAKDALE POLICE DEPARTMENT,OAKDALE,7/23/2026 10:22:41 AM,OD26009317,"2XXX  GRENADIER AVE N, OAKDALE",CITIZEN/PUBLIC ASSIST
OAKDALE POLICE DEPARTMENT,OAKDALE,7/23/2026 12:36:20 PM,OD26009320,"8XXX  3RD ST N, OAKDALE",ASSIST OTHER AGENCY
OAKDALE POLICE DEPARTMENT,OAKDALE,7/23/2026 1:05:35 PM,OD26009323,"7XXX  17th St N, OAKDALE",INTERNET CRIMES
OAKDALE POLICE DEPARTMENT,OAKDALE,7/23/2026 1:10:59 PM,OD26009324,"8XXX  3RD ST N, OAKDALE",THEFT
OAKDALE POLICE DEPARTMENT,OAKDALE,7/23/2026 1:40:17 PM,OD26009326,"8XXX  3rd St N, OAKDALE",SHOPLIFTING
OAKDALE POLICE DEPARTMENT,OAKDALE,7/23/2026 2:16:04 PM,OD26009327,"15th St N / Hadley Ave N, OAKDALE",SUSPICIOUS PERSON/ACTIVITY
OAKDALE POLICE DEPARTMENT,OAKDALE,7/23/2026 2:27:47 PM,OD26009328,"1XXX  Hadley Ave N, OAKDALE",WELFARE CHECK
OAKDALE POLICE DEPARTMENT,OAKDALE,7/23/2026 2:40:27 PM,OD26009329,"6XXX  52nd St N, OAKDALE",ANIMAL COMPLAINT
OAKDALE POLICE DEPARTMENT,OAKDALE,7/23/2026 3:37:57 PM,OD26009332,"5XXX  Geneva Ave N, OAKDALE",CITIZEN/PUBLIC ASSIST
OAKDALE POLICE DEPARTMENT,OAKDALE,7/23/2026 3:45:08 PM,OD26009333,"7XXX  29TH ST N, OAKDALE",911 ABANDONED/HANGUP/OPEN LINE
OAKDALE POLICE DEPARTMENT,OAKDALE,7/23/2026 3:59:07 PM,OD26009334,"1XXX  Granada Ave N, OAKDALE",CITIZEN/PUBLIC ASSIST
OAKDALE POLICE DEPARTMENT,OAKDALE,7/23/2026 4:04:12 PM,OD26009335,"7XXX  10th St N, OAKDALE",CIVIL MATTER/DISPUTE
OAKDALE POLICE DEPARTMENT,OAKDALE,7/23/2026 4:24:12 PM,OD26009337,"5XXX  GOLFVIEW PL N, OAKDALE",THEFT FROM MOTOR VEHICLE
OAKDALE POLICE DEPARTMENT,OAKDALE,7/23/2026 5:30:29 PM,OD26009341,"7XXX  STILLWATER BLVD N, OAKDALE",TRAFFIC STOP
OAKDALE POLICE DEPARTMENT,OAKDALE,7/23/2026 5:56:13 PM,OD26009343,"7XXX  UPPER 26TH ST N, OAKDALE",ANIMAL COMPLAINT
OAKDALE POLICE DEPARTMENT,OAKDALE,7/23/2026 7:20:47 PM,OD26009344,"1XXX  HADLEY AVE N, OAKDALE",CITIZEN/PUBLIC ASSIST
OAKDALE POLICE DEPARTMENT,OAKDALE,7/23/2026 7:22:58 PM,OD26009346,"6XXX  45th St N, OAKDALE",ANIMAL COMPLAINT
OAKDALE POLICE DEPARTMENT,OAKDALE,7/23/2026 7:23:21 PM,OD26009345,"5XXX  Heath Ave N, OAKDALE",ACCIDENT
OAKDALE POLICE DEPARTMENT,OAKDALE,7/23/2026 8:23:20 PM,OD26009348,"50TH ST N & HADLEY AVE N, OAKDALE",TRAFFIC STOP
OAKDALE POLICE DEPARTMENT,OAKDALE,7/23/2026 8:26:59 PM,OD26009349,"8XXX  3RD ST N, OAKDALE",SHOPLIFTING
OAKDALE POLICE DEPARTMENT,OAKDALE,7/23/2026 8:29:04 PM,OD26009350,"7XXX  15TH STREET LN N, OAKDALE",JUVENILE COMPLAINT
OAKDALE POLICE DEPARTMENT,OAKDALE,7/23/2026 8:46:09 PM,OD26009351,"Hwy 120 Nb At Hwy 36, OAKDALE",DRUNK/INTOXICATED 
OAKDALE POLICE DEPARTMENT,OAKDALE,7/23/2026 9:11:36 PM,OD26009353,"7XXX  2ND ST N, OAKDALE",SUSPICIOUS PERSON/ACTIVITY
OAKDALE POLICE DEPARTMENT,OAKDALE,7/23/2026 9:11:57 PM,OD26009352,"1XXX  HELMO AVE N, OAKDALE",TRAFFIC STOP
OAKDALE POLICE DEPARTMENT,OAKDALE,7/24/2026 4:53:58 AM,OD26009357,"7XXX  38TH ST N, OAKDALE",911 ABANDONED/HANGUP/OPEN LINE
OAKDALE POLICE DEPARTMENT,OAKDALE,7/24/2026 7:03:17 AM,OD26009358,"XXX Immanuel Ave N, OAKDALE",SUSPICIOUS PERSON/ACTIVITY
OAKDALE POLICE DEPARTMENT,OAKDALE,7/24/2026 8:56:52 AM,OD26009359,"3XXX  GROVNER RD N, OAKDALE",MEDICAL
OAKDALE POLICE DEPARTMENT,OAKDALE,7/24/2026 10:17:52 AM,OD26009361,"Hadley Ave N / Stillwater Blvd N, OAKDALE",DISTURBANCE
OAKDALE POLICE DEPARTMENT,OAKDALE,7/24/2026 10:35:02 AM,OD26009362,"1XXX  HADLEY AVE N, OAKDALE",RUNAWAY
OAKDALE POLICE DEPARTMENT,OAKDALE,7/24/2026 12:17:13 PM,OD26009364,"7XXX  Upper 41st St N, OAKDALE",911 ABANDONED/HANGUP/OPEN LINE
OAKDALE POLICE DEPARTMENT,OAKDALE,7/24/2026 12:25:28 PM,OD26009366,"6XXX  33rd St N, OAKDALE",911 ABANDONED/HANGUP/OPEN LINE
OAKDALE POLICE DEPARTMENT,OAKDALE,7/24/2026 1:21:16 PM,OD26009371,"XXX GREENWAY AVE N, OAKDALE",VEHICLE TAMPERING
OAKDALE POLICE DEPARTMENT,OAKDALE,7/24/2026 1:26:20 PM,OD26009372,"30th St N / Granada Ln N, OAKDALE",JUVENILE COMPLAINT
OAKDALE POLICE DEPARTMENT,OAKDALE,7/24/2026 1:52:14 PM,OD26009373,"6XXX  15th St N, OAKDALE",HARASSMENT
OAKDALE POLICE DEPARTMENT,OAKDALE,7/24/2026 1:58:39 PM,OD26009374,"15TH ST N / GRANADA AVE N, OAKDALE",FOLLOW UP
OAKDALE POLICE DEPARTMENT,OAKDALE,7/24/2026 2:37:33 PM,OD26009375,"7XXX  2nd St N, OAKDALE",CITIZEN/PUBLIC ASSIST
OAKDALE POLICE DEPARTMENT,OAKDALE,7/24/2026 2:41:11 PM,OD26009376,"XXX Heron Ave N, OAKDALE",IDENTITY THEFT
OAKDALE POLICE DEPARTMENT,OAKDALE,7/24/2026 3:44:28 PM,OD26009377,"6XXX  22ND ST N, OAKDALE",SUSPICIOUS PERSON/ACTIVITY
OAKDALE POLICE DEPARTMENT,OAKDALE,7/24/2026 4:42:54 PM,OD26009379,"1XXX  GRANADA AVE N, OAKDALE",CIVIL MATTER/DISPUTE
OAKDALE POLICE DEPARTMENT,OAKDALE,7/24/2026 4:45:44 PM,OD26009380,"XX GREYSTONE AVE N, OAKDALE",ACCIDENT
OAKDALE POLICE DEPARTMENT,OAKDALE,7/24/2026 6:23:16 PM,OD26009381,"6XXX  10TH ST N, OAKDALE",ACCIDENT
OAKDALE POLICE DEPARTMENT,OAKDALE,7/24/2026 7:00:12 PM,OD26009383,"7XXX  32ND ST N, OAKDALE",SHOPLIFTING
OAKDALE POLICE DEPARTMENT,OAKDALE,7/24/2026 9:17:00 PM,OD26009391,"I694 Nb Jno 34th St N, OAKDALE",TRAFFIC STOP
OAKDALE POLICE DEPARTMENT,OAKDALE,7/24/2026 10:38:32 PM,OD26009397,"10TH ST N / GENEVA AVE N, OAKDALE",TRAFFIC STOP
OAKDALE POLICE DEPARTMENT,OAKDALE,7/24/2026 11:03:42 PM,OD26009398,"7XXX  11TH ST N, OAKDALE",ALARM-BUSINESS/RES/FIRE/MEDICAL/ETC
OAKDALE POLICE DEPARTMENT,OAKDALE,7/24/2026 11:10:12 PM,OD26009399,"7XXX  10th St N, OAKDALE",SUSPICIOUS PERSON/ACTIVITY
OAKDALE POLICE DEPARTMENT,OAKDALE,7/25/2026 12:33:45 AM,OD26009401,"1XXX  HADLEY AVE N, OAKDALE",MEDICAL
OAKDALE POLICE DEPARTMENT,OAKDALE,7/25/2026 12:57:44 AM,OD26009402,"34th St N To I694 Nb Ramp, OAKDALE",ACCIDENT
OAKDALE POLICE DEPARTMENT,OAKDALE,7/25/2026 1:28:39 AM,OD26009403,"3XXX  Hayward Ave N, OAKDALE",NOISE COMPLAINT/DISTURBANCE
OAKDALE POLICE DEPARTMENT,OAKDALE,7/25/2026 1:57:51 AM,OD26009404,"I694 SB JNO 15TH ST N, OAKDALE",ASSIST OTHER AGENCY
OAKDALE POLICE DEPARTMENT,OAKDALE,7/25/2026 2:23:31 AM,OD26009405,"3XXX  HADLEY AVE N, OAKDALE",WELFARE CHECK
OAKDALE POLICE DEPARTMENT,OAKDALE,7/25/2026 6:09:00 AM,OD26009406,"7XXX  10TH ST N, OAKDALE",WEAPON COMPLAINT/VIOLATION
OAKDALE POLICE DEPARTMENT,OAKDALE,7/25/2026 6:46:08 AM,OD26009407,"6XXX  Upper 51st St N, OAKDALE",MISSING PERSON
OAKDALE POLICE DEPARTMENT,OAKDALE,7/25/2026 10:36:09 AM,OD26009411,"7XXX  29TH ST N, OAKDALE",911 ABANDONED/HANGUP/OPEN LINE
OAKDALE POLICE DEPARTMENT,OAKDALE,7/25/2026 12:07:19 PM,OD26009413,"4XXX  Geneva Ave N, OAKDALE",SUSPICIOUS PERSON/ACTIVITY
OAKDALE POLICE DEPARTMENT,OAKDALE,7/25/2026 12:09:50 PM,OD26009414,"7XXX  10TH ST N, OAKDALE",DRIVING COMPLAINT
OAKDALE POLICE DEPARTMENT,OAKDALE,7/25/2026 12:55:15 PM,OD26009415,"XXX Inwood Ave N, OAKDALE",UNWANTED PERSON/VEHICLE
OAKDALE POLICE DEPARTMENT,OAKDALE,7/25/2026 3:33:02 PM,OD26009418,"6XXX  15th St N, OAKDALE",OFFICER COMPLAINT
OAKDALE POLICE DEPARTMENT,OAKDALE,7/25/2026 6:05:46 PM,OD26009422,"5XXX  Hadley Ave N, OAKDALE",LOST PROPERTY/ITEM
OAKDALE POLICE DEPARTMENT,OAKDALE,7/25/2026 7:01:54 PM,OD26009423,"XXX Greene Ave N, OAKDALE",911 ABANDONED/HANGUP/OPEN LINE
OAKDALE POLICE DEPARTMENT,OAKDALE,7/25/2026 7:13:23 PM,OD26009424,"3XXX  HADLEY AVE N, OAKDALE",DISTURBANCE
OAKDALE POLICE DEPARTMENT,OAKDALE,7/25/2026 7:24:04 PM,OD26009425,"7XXX  10th St N, OAKDALE",CITIZEN/PUBLIC ASSIST
OAKDALE POLICE DEPARTMENT,OAKDALE,7/25/2026 8:14:15 PM,OD26009426,"2XXX  Grenadier Ave N, OAKDALE",THREATS
OAKDALE POLICE DEPARTMENT,OAKDALE,7/25/2026 9:02:42 PM,OD26009428,"6XXX  15th St N, OAKDALE",TRAFFIC COMPLAINT
OAKDALE POLICE DEPARTMENT,OAKDALE,7/25/2026 10:38:13 PM,OD26009431,"3XXX  GARDEN CT N, OAKDALE",OVERDOSE
OAKDALE POLICE DEPARTMENT,OAKDALE,7/25/2026 10:39:08 PM,OD26009432,"6XXX  35th St N, OAKDALE",911 ABANDONED/HANGUP/OPEN LINE
OAKDALE POLICE DEPARTMENT,OAKDALE,7/25/2026 11:05:18 PM,OD26009434,"7XXX  10th St N, OAKDALE",CIVIL MATTER/DISPUTE
OAKDALE POLICE DEPARTMENT,OAKDALE,7/25/2026 11:05:37 PM,OD26009435,"6XXX  UPPER 35TH ST N, OAKDALE",MEDICAL
OAKDALE POLICE DEPARTMENT,WOODBURY,7/21/2026 11:59:42 AM,OD26009222,"6XXX  Hudson Rd, WOODBURY",ASSIST OTHER AGENCY
OAKDALE POLICE DEPARTMENT,WOODBURY,7/23/2026 12:20:45 AM,OD26009301,"10XXX  HUDSON RD, WOODBURY",ASSIST OTHER AGENCY
ST. PAUL PARK POLICE DEPARTMENT,NEWPORT,7/20/2026 12:07:25 AM,SP26006034,"GLEN RD TO HWY 61 NB RAMP, NEWPORT",ASSIST OTHER AGENCY
ST. PAUL PARK POLICE DEPARTMENT,NEWPORT,7/21/2026 5:20:27 AM,SP26006070,"XXX 6th St, NEWPORT",ASSIST OTHER AGENCY
ST. PAUL PARK POLICE DEPARTMENT,NEWPORT,7/25/2026 9:58:18 AM,SP26006222,"1XXX  10th Ave, NEWPORT",ASSIST OTHER AGENCY
ST. PAUL PARK POLICE DEPARTMENT,SAINT PAUL PARK,7/19/2026 12:00:00 AM,SP26005933,"XXX - 904 HASTINGS AVE, SAINT PAUL PARK",TRAFFIC STOP
ST. PAUL PARK POLICE DEPARTMENT,SAINT PAUL PARK,7/19/2026 12:00:00 PM,SP26006008,"XXX - 799 PULLMAN AVE, SAINT PAUL PARK",TRAFFIC STOP
ST. PAUL PARK POLICE DEPARTMENT,SAINT PAUL PARK,7/20/2026 5:19:37 PM,SP26006065,"XXX Summit Ave, SAINT PAUL PARK",ACCIDENT
ST. PAUL PARK POLICE DEPARTMENT,SAINT PAUL PARK,7/21/2026 12:00:00 AM,SP26006050,"XXX HASTINGS AVE, SAINT PAUL PARK",TRAFFIC STOP
ST. PAUL PARK POLICE DEPARTMENT,SAINT PAUL PARK,7/23/2026 10:15:17 PM,SP26006158,"PULLMAN AVE/LINCOLN AVE, SAINT PAUL PARK",TRAFFIC CRASH
ST. PAUL PARK POLICE DEPARTMENT,SAINT PAUL PARK,7/24/2026 11:24:13 AM,SP26006176,"XXX - 299 15TH AVE, SAINT PAUL PARK",TRAFFIC STOP
ST. PAUL PARK POLICE DEPARTMENT,SAINT PAUL PARK,7/24/2026 3:06:43 PM,SP26006185,"3rd St / 14th Ave, SAINT PAUL PARK",ACCIDENT
ST. PAUL PARK POLICE DEPARTMENT,SAINT PAUL PARK,7/25/2026 9:13:37 AM,SP26006220,"XXX Summit Ave, SAINT PAUL PARK",ACCIDENT
STILLWATER POLICE DEPARTMENT,OAK PARK HEIGHTS,7/20/2026 11:15:28 AM,SW26006619,"15XXX  Orleans St E, OAK PARK HEIGHTS",FRAUD/SCAM
STILLWATER POLICE DEPARTMENT,STILLWATER,7/19/2026 12:10:00 AM,SW26006576,"XXX MAIN ST S, STILLWATER",FRAUD/SCAM
STILLWATER POLICE DEPARTMENT,STILLWATER,7/19/2026 12:13:10 AM,SW26006577,"XXX MAIN ST S, STILLWATER",DRUNK/INTOXICATED 
STILLWATER POLICE DEPARTMENT,STILLWATER,7/19/2026 1:25:17 AM,SW26006578,"Olive St W / Holcombe St S, STILLWATER",MEDICAL
STILLWATER POLICE DEPARTMENT,STILLWATER,7/19/2026 1:36:31 AM,SW26006579,"XXX MAIN ST S, STILLWATER",DISTURBANCE
STILLWATER POLICE DEPARTMENT,STILLWATER,7/19/2026 1:55:02 AM,SW26006580,"Churchill St W / Holcombe St S, STILLWATER",FIREWORKS
STILLWATER POLICE DEPARTMENT,STILLWATER,7/19/2026 2:58:44 AM,SW26006581,"3XXX  white pine way, STILLWATER",HARASSMENT
STILLWATER POLICE DEPARTMENT,STILLWATER,7/19/2026 3:53:44 AM,SW26006582,"XXX MAIN ST S, STILLWATER",DRUNK/INTOXICATED 
STILLWATER POLICE DEPARTMENT,STILLWATER,7/19/2026 7:44:17 AM,SW26006583,"XXX LAUREL ST W, STILLWATER",PARKING VIOLATION
STILLWATER POLICE DEPARTMENT,STILLWATER,7/19/2026 9:16:09 AM,SW26006585,"XXX LAUREL ST W, STILLWATER",PARKING COMPLAINT
STILLWATER POLICE DEPARTMENT,STILLWATER,7/19/2026 10:15:48 AM,SW26006587,"Unknown, STILLWATER",CITIZEN/PUBLIC ASSIST
STILLWATER POLICE DEPARTMENT,STILLWATER,7/19/2026 11:01:55 AM,SW26006588,"XXX 3RD ST N, STILLWATER",ACCIDENT
STILLWATER POLICE DEPARTMENT,STILLWATER,7/19/2026 12:27:24 PM,SW26006589,"Highway 36 & GREELEY ST S, STILLWATER",TRAFFIC STOP
STILLWATER POLICE DEPARTMENT,STILLWATER,7/19/2026 12:35:22 PM,SW26006590,"2XXX  Market Dr, STILLWATER",911 ABANDONED/HANGUP/OPEN LINE
STILLWATER POLICE DEPARTMENT,STILLWATER,7/19/2026 2:33:52 PM,SW26006591,"XXX Chestnut St E, STILLWATER",911 ABANDONED/HANGUP/OPEN LINE
STILLWATER POLICE DEPARTMENT,STILLWATER,7/19/2026 3:01:33 PM,SW26006592,"XXX - 498 3RD ST S, STILLWATER",TRAFFIC STOP
STILLWATER POLICE DEPARTMENT,STILLWATER,7/19/2026 3:51:18 PM,SW26006593,"1XXX  Greeley St S, STILLWATER",WELFARE CHECK
STILLWATER POLICE DEPARTMENT,STILLWATER,7/19/2026 7:21:43 PM,SW26006595,"1XXX  Greeley St S, STILLWATER",OFFICER INFORMATION
STILLWATER POLICE DEPARTMENT,STILLWATER,7/19/2026 7:29:24 PM,SW26006596," 0 ADDRESS UNKNOWN   , STILLWATER",LOST PROPERTY/ITEM
STILLWATER POLICE DEPARTMENT,STILLWATER,7/19/2026 7:35:13 PM,SW26006597,"2XXX  Oakridge Rd, STILLWATER",MEDICAL
STILLWATER POLICE DEPARTMENT,STILLWATER,7/19/2026 7:56:14 PM,SW26006599,"1XXX  ORLEANS ST W, STILLWATER",FOUND PROPERTY/ITEM
STILLWATER POLICE DEPARTMENT,STILLWATER,7/19/2026 9:19:08 PM,SW26006600,"XXX Main St N, STILLWATER",VEHICLE UNLOCK
STILLWATER POLICE DEPARTMENT,STILLWATER,7/19/2026 10:59:17 PM,SW26006602,"2XXX  Orleans St W, STILLWATER",SUSPICIOUS PERSON/ACTIVITY
STILLWATER POLICE DEPARTMENT,STILLWATER,7/20/2026 3:33:34 AM,SW26006608,"XXX Greeley St S, STILLWATER",MEDICAL
STILLWATER POLICE DEPARTMENT,STILLWATER,7/20/2026 7:33:07 AM,SW26006611,"XXX Olive St W, STILLWATER",UNWANTED PERSON/VEHICLE
STILLWATER POLICE DEPARTMENT,STILLWATER,7/20/2026 7:57:59 AM,SW26006612,"XXX William St N, STILLWATER",CIVIL MATTER/DISPUTE
STILLWATER POLICE DEPARTMENT,STILLWATER,7/20/2026 8:33:25 AM,SW26006614,"XXX 4th St N, STILLWATER",CITIZEN/PUBLIC ASSIST
STILLWATER POLICE DEPARTMENT,STILLWATER,7/20/2026 8:45:03 AM,SW26006613,"2XXX  Dundee Pl, STILLWATER",MEDICAL
STILLWATER POLICE DEPARTMENT,STILLWATER,7/20/2026 10:35:38 AM,SW26006616,"1XXX  Willard St W, STILLWATER",SUSPICIOUS PERSON/ACTIVITY
STILLWATER POLICE DEPARTMENT,STILLWATER,7/20/2026 10:41:44 AM,SW26006617,"1XXX  GILBERT CT, STILLWATER",WELFARE CHECK
STILLWATER POLICE DEPARTMENT,STILLWATER,7/20/2026 11:11:21 AM,SW26006620,"XXX WATER ST S, STILLWATER",CITIZEN/PUBLIC ASSIST
STILLWATER POLICE DEPARTMENT,STILLWATER,7/20/2026 11:12:34 AM,SW26006618,"Unknown, STILLWATER",CITIZEN/PUBLIC ASSIST
STILLWATER POLICE DEPARTMENT,STILLWATER,7/20/2026 11:22:50 AM,SW26006621,"1XXX  Willard St W, STILLWATER",FRAUD/SCAM
STILLWATER POLICE DEPARTMENT,STILLWATER,7/20/2026 11:45:30 AM,SW26006622,"XXX Hickory St W, STILLWATER",CITIZEN/PUBLIC ASSIST
STILLWATER POLICE DEPARTMENT,STILLWATER,7/20/2026 11:56:52 AM,SW26006625,"Unknown, STILLWATER",CITIZEN/PUBLIC ASSIST
STILLWATER POLICE DEPARTMENT,STILLWATER,7/20/2026 11:57:10 AM,SW26006623,"1XXX  Macey Way, STILLWATER",SUSPICIOUS PERSON/ACTIVITY
STILLWATER POLICE DEPARTMENT,STILLWATER,7/20/2026 12:02:53 PM,SW26006624,"1XXX  Stillwater Blvd N, STILLWATER",ANIMAL COMPLAINT
STILLWATER POLICE DEPARTMENT,STILLWATER,7/20/2026 12:57:40 PM,SW26006627,"1XXX  1st St S, STILLWATER",WELFARE CHECK
STILLWATER POLICE DEPARTMENT,STILLWATER,7/20/2026 12:58:16 PM,SW26006626,"1XXX  TROTTER CT, STILLWATER",FRAUD/SCAM
STILLWATER POLICE DEPARTMENT,STILLWATER,7/20/2026 1:35:28 PM,SW26006628,"XXX Churchill St W, STILLWATER",WELFARE CHECK
STILLWATER POLICE DEPARTMENT,STILLWATER,7/20/2026 2:45:39 PM,SW26006630,"XXX 4th St N, STILLWATER",CITIZEN/PUBLIC ASSIST
STILLWATER POLICE DEPARTMENT,STILLWATER,7/20/2026 3:36:14 PM,SW26006631,"XXX 2nd St N, STILLWATER",SUSPICIOUS PERSON/ACTIVITY
STILLWATER POLICE DEPARTMENT,STILLWATER,7/20/2026 4:11:47 PM,SW26006632,"XXX 4th St N, STILLWATER",CITIZEN/PUBLIC ASSIST
STILLWATER POLICE DEPARTMENT,STILLWATER,7/20/2026 4:16:57 PM,SW26006633,"2XXX  Market Dr, STILLWATER",ANIMAL COMPLAINT
STILLWATER POLICE DEPARTMENT,STILLWATER,7/20/2026 5:31:55 PM,SW26006635,"1XXX  Market Dr, STILLWATER",MEDICAL
STILLWATER POLICE DEPARTMENT,STILLWATER,7/20/2026 6:16:01 PM,SW26006638,"1XXX  Broadway St N, STILLWATER",CIVIL MATTER/DISPUTE
STILLWATER POLICE DEPARTMENT,STILLWATER,7/20/2026 6:27:52 PM,SW26006639,"XXX BRICK ST S, STILLWATER",PARKING COMPLAINT
STILLWATER POLICE DEPARTMENT,STILLWATER,7/20/2026 6:33:47 PM,SW26006640,"Hwy 36 Wb At Greeley St S, STILLWATER",TRAFFIC COMPLAINT
STILLWATER POLICE DEPARTMENT,STILLWATER,7/20/2026 8:21:54 PM,SW26006644,"2XXX  Market Dr, STILLWATER",CITIZEN/PUBLIC ASSIST
STILLWATER POLICE DEPARTMENT,STILLWATER,7/20/2026 8:40:53 PM,SW26006645,"Stillwater Blvd N Over Hwy 36, STILLWATER",WELFARE CHECK
STILLWATER POLICE DEPARTMENT,STILLWATER,7/20/2026 9:12:00 PM,SW26006646,"1XXX  - 1119 OAK ST W, STILLWATER",TRAFFIC STOP
STILLWATER POLICE DEPARTMENT,STILLWATER,7/20/2026 10:04:17 PM,SW26006648,"1XXX  Delano Ct, STILLWATER",ALARM-BUSINESS/RES/FIRE/MEDICAL/ETC
STILLWATER POLICE DEPARTMENT,STILLWATER,7/20/2026 10:33:54 PM,SW26006650,"2XXX  WILLARD ST W, STILLWATER",ALARM-BUSINESS/RES/FIRE/MEDICAL/ETC
STILLWATER POLICE DEPARTMENT,STILLWATER,7/21/2026 1:59:20 AM,SW26006658,"13XXX  Mckusick Rd N, STILLWATER",ACCIDENT
STILLWATER POLICE DEPARTMENT,STILLWATER,7/21/2026 2:06:42 AM,SW26006659,"1XXX  Main St S, STILLWATER",MOTORIST ASSIST
STILLWATER POLICE DEPARTMENT,STILLWATER,7/21/2026 2:23:49 AM,SW26006660,"XXX Greeley St S, STILLWATER",Medical
STILLWATER POLICE DEPARTMENT,STILLWATER,7/21/2026 7:08:50 AM,SW26006662,"XXX Willard St W, STILLWATER",PARKING COMPLAINT
STILLWATER POLICE DEPARTMENT,STILLWATER,7/21/2026 7:59:52 AM,SW26006663,"2XXX  OAK GLEN DR, STILLWATER",ANIMAL COMPLAINT
STILLWATER POLICE DEPARTMENT,STILLWATER,7/21/2026 9:24:34 AM,SW26006666,"1XXX  Curve Crest Blvd, STILLWATER",MEDICAL
STILLWATER POLICE DEPARTMENT,STILLWATER,7/21/2026 9:52:38 AM,SW26006667,"1XXX  Greeley St S, STILLWATER",ALARM-BUSINESS/RES/FIRE/MEDICAL/ETC
STILLWATER POLICE DEPARTMENT,STILLWATER,7/21/2026 10:56:53 AM,SW26006668,"1XXX  Curve Crest Blvd W, STILLWATER",MEDICAL
STILLWATER POLICE DEPARTMENT,STILLWATER,7/21/2026 11:04:15 AM,SW26006669,"XXX Deer Path Ct, STILLWATER",911 ABANDONED/HANGUP/OPEN LINE
STILLWATER POLICE DEPARTMENT,STILLWATER,7/21/2026 11:30:44 AM,SW26006670,"1XXX  Curve Crest Blvd, STILLWATER",CITIZEN/PUBLIC ASSIST
STILLWATER POLICE DEPARTMENT,STILLWATER,7/21/2026 11:42:12 AM,SW26006671,"Unknown, STILLWATER",CIVIL MATTER/DISPUTE
STILLWATER POLICE DEPARTMENT,STILLWATER,7/21/2026 12:07:01 PM,SW26006672,"Marsh St W / 4th St S, STILLWATER",ACCIDENT
STILLWATER POLICE DEPARTMENT,STILLWATER,7/21/2026 12:09:53 PM,SW26006673,"1XXX  Curve Crest Blvd, STILLWATER",OFP VIOLATION
STILLWATER POLICE DEPARTMENT,STILLWATER,7/21/2026 12:22:22 PM,SW26006674,"14XXX  62nd St N, STILLWATER",HRO VIOLATION
STILLWATER POLICE DEPARTMENT,STILLWATER,7/21/2026 1:56:14 PM,SW26006680,"2XXX  Oak Glen Dr, STILLWATER",CIVIL MATTER/DISPUTE
STILLWATER POLICE DEPARTMENT,STILLWATER,7/21/2026 2:02:58 PM,SW26006676,"2XXX  Washington Ave, STILLWATER",UNWANTED PERSON/VEHICLE
STILLWATER POLICE DEPARTMENT,STILLWATER,7/21/2026 2:35:11 PM,SW26006678,"MYRTLE ST W / WILLIAM ST S, STILLWATER",SUSPICIOUS PERSON/ACTIVITY
STILLWATER POLICE DEPARTMENT,STILLWATER,7/21/2026 2:56:01 PM,SW26006682,"XXX William St N, STILLWATER",CIVIL MATTER/DISPUTE
STILLWATER POLICE DEPARTMENT,STILLWATER,7/21/2026 3:02:18 PM,SW26006681,"XXX Main St S, STILLWATER",ACCIDENT
STILLWATER POLICE DEPARTMENT,STILLWATER,7/21/2026 3:40:43 PM,SW26006684,"XXX Churchill St W, STILLWATER",ASSIST OTHER AGENCY
STILLWATER POLICE DEPARTMENT,STILLWATER,7/21/2026 3:43:57 PM,SW26006685,"Wilkins St W / Martha St N, STILLWATER",TRAFFIC COMPLAINT
STILLWATER POLICE DEPARTMENT,STILLWATER,7/21/2026 3:46:16 PM,SW26006686,"1XXX  Curve Crest Blvd, STILLWATER",OFP VIOLATION
STILLWATER POLICE DEPARTMENT,STILLWATER,7/21/2026 4:14:10 PM,SW26006687,"HWY 95 AT HWY 96, STILLWATER",PROPERTY DAMAGE
STILLWATER POLICE DEPARTMENT,STILLWATER,7/21/2026 5:05:57 PM,SW26006688,"XXX William St N, STILLWATER",CITIZEN/PUBLIC ASSIST
STILLWATER POLICE DEPARTMENT,STILLWATER,7/21/2026 8:30:37 PM,SW26006689,"3RD ST S / ORLEANS ST W, STILLWATER",TRAFFIC COMPLAINT
STILLWATER POLICE DEPARTMENT,STILLWATER,7/21/2026 9:00:51 PM,SW26006690,"XXX 4th St N, STILLWATER",FOUND PROPERTY/ITEM
STILLWATER POLICE DEPARTMENT,STILLWATER,7/21/2026 9:11:40 PM,SW26006691,"XXX Water St S, STILLWATER",LOITERING
STILLWATER POLICE DEPARTMENT,STILLWATER,7/21/2026 9:32:00 PM,SW26006692,"XXX Water St S, STILLWATER",Medical
STILLWATER POLICE DEPARTMENT,STILLWATER,7/21/2026 10:03:42 PM,SW26006693,"XXX William St N, STILLWATER",CIVIL MATTER/DISPUTE
STILLWATER POLICE DEPARTMENT,STILLWATER,7/22/2026 12:24:07 AM,SW26006695,"3XXX  Judd Trl, STILLWATER",SUSPICIOUS PERSON/ACTIVITY
STILLWATER POLICE DEPARTMENT,STILLWATER,7/22/2026 5:53:01 AM,SW26006696,"XXX Linden St W, STILLWATER",MEDICAL
STILLWATER POLICE DEPARTMENT,STILLWATER,7/22/2026 8:32:17 AM,SW26006697,"1XXX  Washington Ave, STILLWATER",WELFARE CHECK
STILLWATER POLICE DEPARTMENT,STILLWATER,7/22/2026 9:45:20 AM,SW26006699,"3XXX  Wright St, STILLWATER",HARASSMENT
STILLWATER POLICE DEPARTMENT,STILLWATER,7/22/2026 10:09:37 AM,SW26006700,"2XXX  Orleans St W, STILLWATER",OFP VIOLATION
STILLWATER POLICE DEPARTMENT,STILLWATER,7/22/2026 10:35:52 AM,SW26006702,"XXX Quarry Ln, STILLWATER",ALARM-BUSINESS/RES/FIRE/MEDICAL/ETC
STILLWATER POLICE DEPARTMENT,STILLWATER,7/22/2026 10:47:30 AM,SW26006703,"XXX 4th St N, STILLWATER",PARKING COMPLAINT
STILLWATER POLICE DEPARTMENT,STILLWATER,7/22/2026 11:01:27 AM,SW26006705,"1XXX  Market Dr, STILLWATER",DRIVING COMPLAINT
STILLWATER POLICE DEPARTMENT,STILLWATER,7/22/2026 12:38:32 PM,SW26006706,"1XXX  Owens St N, STILLWATER",MEDICAL
STILLWATER POLICE DEPARTMENT,STILLWATER,7/22/2026 1:24:41 PM,SW26006709,"XXX Water St S, STILLWATER",CITIZEN/PUBLIC ASSIST
STILLWATER POLICE DEPARTMENT,STILLWATER,7/22/2026 1:49:24 PM,SW26006710,"2XXX  Brewers Ln, STILLWATER",TRESPASSING
STILLWATER POLICE DEPARTMENT,STILLWATER,7/22/2026 2:17:48 PM,SW26006711,"Unknown, STILLWATER",CITIZEN/PUBLIC ASSIST
STILLWATER POLICE DEPARTMENT,STILLWATER,7/22/2026 2:21:06 PM,SW26006712,"1XXX  6TH ST S, STILLWATER",WARRANT ATTEMPT
STILLWATER POLICE DEPARTMENT,STILLWATER,7/22/2026 2:36:42 PM,SW26006713,"1XXX  Market Dr, STILLWATER",JUVENILE COMPLAINT
STILLWATER POLICE DEPARTMENT,STILLWATER,7/22/2026 2:48:26 PM,SW26006715,"1XXX  Pond View Ln, STILLWATER",CITIZEN/PUBLIC ASSIST
STILLWATER POLICE DEPARTMENT,STILLWATER,7/22/2026 3:10:23 PM,SW26006717,"XXX 2nd St N, STILLWATER",CITIZEN/PUBLIC ASSIST
STILLWATER POLICE DEPARTMENT,STILLWATER,7/22/2026 3:14:39 PM,SW26006718,"Unknown, STILLWATER",FOLLOW UP
STILLWATER POLICE DEPARTMENT,STILLWATER,7/22/2026 3:37:20 PM,SW26006719,"2XXX  Market Dr, STILLWATER",SHOPLIFTING
STILLWATER POLICE DEPARTMENT,STILLWATER,7/22/2026 3:37:39 PM,SW26006720,"Union Aly / Chestnut St E, STILLWATER",ACCIDENT
STILLWATER POLICE DEPARTMENT,STILLWATER,7/22/2026 3:43:50 PM,SW26006721,"XXX ORLEANS ST W, STILLWATER",ORDINANCE VIOLATION
STILLWATER POLICE DEPARTMENT,STILLWATER,7/22/2026 4:31:52 PM,SW26006724,"XXX 4th St N, STILLWATER",CITIZEN/PUBLIC ASSIST
STILLWATER POLICE DEPARTMENT,STILLWATER,7/22/2026 6:04:36 PM,SW26006725,"XXX Eagle Ridge Trl, STILLWATER",FAMILY ASSIST
STILLWATER POLICE DEPARTMENT,STILLWATER,7/22/2026 7:44:53 PM,SW26006726,"14XXX  62nd St N, STILLWATER",HARASSMENT
STILLWATER POLICE DEPARTMENT,STILLWATER,7/22/2026 7:59:29 PM,SW26006727,"XXX William St N, STILLWATER",THREATS
STILLWATER POLICE DEPARTMENT,STILLWATER,7/22/2026 8:20:04 PM,SW26006728,"2XXX  Saddle Ct, STILLWATER",CIVIL MATTER/DISPUTE
STILLWATER POLICE DEPARTMENT,STILLWATER,7/22/2026 9:09:00 PM,SW26006729,"1XXX  - 1118 PINE ST W, STILLWATER",TRAFFIC STOP
STILLWATER POLICE DEPARTMENT,STILLWATER,7/23/2026 1:48:48 AM,SW26006733,"Curve Crest Blvd / Stillwater Blvd N, STILLWATER",DISABLED VEHICLE
STILLWATER POLICE DEPARTMENT,STILLWATER,7/23/2026 5:03:09 AM,SW26006734,"1XXX  Mckusick Rd, STILLWATER",MEDICAL
STILLWATER POLICE DEPARTMENT,STILLWATER,7/23/2026 6:49:11 AM,SW26006735,"XXX Maple St W, STILLWATER",CITIZEN/PUBLIC ASSIST
STILLWATER POLICE DEPARTMENT,STILLWATER,7/23/2026 8:15:16 AM,SW26006737,"XXX Nightingale Blvd, STILLWATER",ANIMAL COMPLAINT
STILLWATER POLICE DEPARTMENT,STILLWATER,7/23/2026 8:42:13 AM,SW26006738,"1XXX  Cottage Dr, STILLWATER",MEDICAL
STILLWATER POLICE DEPARTMENT,STILLWATER,7/23/2026 9:48:30 AM,SW26006740,"XXX Everett St N, STILLWATER",ANIMAL COMPLAINT
STILLWATER POLICE DEPARTMENT,STILLWATER,7/23/2026 10:20:00 AM,SW26006741,"XXX 4th St N, STILLWATER",CITIZEN/PUBLIC ASSIST
STILLWATER POLICE DEPARTMENT,STILLWATER,7/23/2026 10:27:06 AM,SW26006748,"XXX Birchwood Dr N, STILLWATER",PARKING COMPLAINT
STILLWATER POLICE DEPARTMENT,STILLWATER,7/23/2026 10:33:35 AM,SW26006742,"XXX Bridgewater Way, STILLWATER",911 ABANDONED/HANGUP/OPEN LINE
STILLWATER POLICE DEPARTMENT,STILLWATER,7/23/2026 10:35:50 AM,SW26006743,"3XXX  Wright St, STILLWATER",FOLLOW UP
STILLWATER POLICE DEPARTMENT,STILLWATER,7/23/2026 10:49:31 AM,SW26006744,"XXX Shelton Dr, STILLWATER",medical
STILLWATER POLICE DEPARTMENT,STILLWATER,7/23/2026 11:10:28 AM,SW26006746,"XXX Everett St N, STILLWATER",HARASSMENT
STILLWATER POLICE DEPARTMENT,STILLWATER,7/23/2026 11:20:50 AM,SW26006751,"XXX Saint Croix Ave W, STILLWATER",ANIMAL COMPLAINT
STILLWATER POLICE DEPARTMENT,STILLWATER,7/23/2026 11:29:18 AM,SW26006749,"XXX Greeley St N, STILLWATER",PARKING COMPLAINT
STILLWATER POLICE DEPARTMENT,STILLWATER,7/23/2026 11:50:16 AM,SW26006750,"XXX 2nd St N, STILLWATER",MEDICAL
STILLWATER POLICE DEPARTMENT,STILLWATER,7/23/2026 1:05:59 PM,SW26006752,"1XXX  NORTHLAND AVE, STILLWATER",DISTURBANCE
STILLWATER POLICE DEPARTMENT,STILLWATER,7/23/2026 1:20:08 PM,SW26006753,"Unknown, STILLWATER",CITIZEN/PUBLIC ASSIST
STILLWATER POLICE DEPARTMENT,STILLWATER,7/23/2026 1:46:11 PM,SW26006755,"2nd St S / Burlington St E, STILLWATER",DISTURBANCE
STILLWATER POLICE DEPARTMENT,STILLWATER,7/23/2026 1:46:58 PM,SW26006756,"Manning Ave N / Settlers Way, STILLWATER",ACCIDENT
STILLWATER POLICE DEPARTMENT,STILLWATER,7/23/2026 2:18:48 PM,SW26006757,"1XXX  Johnson Dr, STILLWATER",SUSPICIOUS PERSON/ACTIVITY
STILLWATER POLICE DEPARTMENT,STILLWATER,7/23/2026 2:21:10 PM,SW26006758,"XXX 4th St N, STILLWATER",MEDICAL
STILLWATER POLICE DEPARTMENT,STILLWATER,7/23/2026 2:38:27 PM,SW26006761,"Seeley St S / Olive St W, STILLWATER",PARKING COMPLAINT
STILLWATER POLICE DEPARTMENT,STILLWATER,7/23/2026 3:21:54 PM,SW26006763,"1XXX  Olive St W, STILLWATER",PARKING COMPLAINT
STILLWATER POLICE DEPARTMENT,STILLWATER,7/23/2026 3:30:22 PM,SW26006764,"1XXX  Broadway St N, STILLWATER",CIVIL MATTER/DISPUTE
STILLWATER POLICE DEPARTMENT,STILLWATER,7/23/2026 3:31:13 PM,SW26006765,"2XXX  Curve Crest Blvd, STILLWATER",CITIZEN/PUBLIC ASSIST
STILLWATER POLICE DEPARTMENT,STILLWATER,7/23/2026 3:48:56 PM,SW26006766,"1XXX  Driving Park Rd, STILLWATER",ACCIDENT
STILLWATER POLICE DEPARTMENT,STILLWATER,7/23/2026 3:53:34 PM,SW26006767,"XXX Elm St W, STILLWATER",WELFARE CHECK
STILLWATER POLICE DEPARTMENT,STILLWATER,7/23/2026 4:18:30 PM,SW26006769,"Laurel St E / 2nd St N, STILLWATER",ANIMAL COMPLAINT
STILLWATER POLICE DEPARTMENT,STILLWATER,7/23/2026 4:33:09 PM,SW26006770,"XXX Greeley St S, STILLWATER",MEDICAL
STILLWATER POLICE DEPARTMENT,STILLWATER,7/23/2026 5:29:28 PM,SW26006771,"1XXX  Owens St N, STILLWATER",MEDICAL
STILLWATER POLICE DEPARTMENT,STILLWATER,7/23/2026 8:03:19 PM,SW26006774,"2XXX  White Pine Way, STILLWATER",ANIMAL COMPLAINT
STILLWATER POLICE DEPARTMENT,STILLWATER,7/23/2026 8:28:53 PM,SW26006775,"14XXX  62nd St N, STILLWATER",MEDICAL
STILLWATER POLICE DEPARTMENT,STILLWATER,7/23/2026 9:00:29 PM,SW26006776,"1XXX  Owens St N, STILLWATER",MEDICAL
STILLWATER POLICE DEPARTMENT,STILLWATER,7/23/2026 9:15:57 PM,SW26006777,"2ND ST N / LAUREL ST E, STILLWATER",CITIZEN/PUBLIC ASSIST
STILLWATER POLICE DEPARTMENT,STILLWATER,7/23/2026 11:58:10 PM,SW26006778,"Poplar St E / 4th St N, STILLWATER",PARKING COMPLAINT
STILLWATER POLICE DEPARTMENT,STILLWATER,7/24/2026 8:17:30 AM,SW26006781,"15XXX  62nd St N, STILLWATER",LOCKOUT
STILLWATER POLICE DEPARTMENT,STILLWATER,7/24/2026 8:48:32 AM,SW26006782,"XXX Greeley St S, STILLWATER",BURGLARY
STILLWATER POLICE DEPARTMENT,STILLWATER,7/24/2026 9:35:29 AM,SW26006783,"XXX Martha St S, STILLWATER",CIVIL MATTER/DISPUTE
STILLWATER POLICE DEPARTMENT,STILLWATER,7/24/2026 9:39:18 AM,SW26006784,"1XXX  Market Dr, STILLWATER",ALARM-BUSINESS/RES/FIRE/MEDICAL/ETC
STILLWATER POLICE DEPARTMENT,STILLWATER,7/24/2026 11:01:39 AM,SW26006786,"XXX Shelton Dr, STILLWATER",CITIZEN/PUBLIC ASSIST
STILLWATER POLICE DEPARTMENT,STILLWATER,7/24/2026 11:19:43 AM,SW26006787,"1XXX  Pine St W, STILLWATER",FRAUD/SCAM
STILLWATER POLICE DEPARTMENT,STILLWATER,7/24/2026 12:00:35 PM,SW26006789,"2XXX  Orleans St W, STILLWATER",ACCIDENT
STILLWATER POLICE DEPARTMENT,STILLWATER,7/24/2026 12:10:48 PM,SW26006790,"XXX 2nd St N, STILLWATER",CITIZEN/PUBLIC ASSIST
STILLWATER POLICE DEPARTMENT,STILLWATER,7/24/2026 12:31:51 PM,SW26006791,"2XXX  Frontage Rd W, STILLWATER",CITIZEN/PUBLIC ASSIST
STILLWATER POLICE DEPARTMENT,STILLWATER,7/24/2026 12:57:23 PM,SW26006792,"XXX Main St N, STILLWATER",911 ABANDONED/HANGUP/OPEN LINE
STILLWATER POLICE DEPARTMENT,STILLWATER,7/24/2026 1:01:05 PM,SW26006793,"XXX William St N, STILLWATER",CIVIL MATTER/DISPUTE
STILLWATER POLICE DEPARTMENT,STILLWATER,7/24/2026 1:20:45 PM,SW26006795,"XXX MAIN ST N, STILLWATER",JUVENILE COMPLAINT
STILLWATER POLICE DEPARTMENT,STILLWATER,7/24/2026 1:40:40 PM,SW26006797,"1XXX  Northwestern Ave, STILLWATER",WELFARE CHECK
STILLWATER POLICE DEPARTMENT,STILLWATER,7/24/2026 1:40:42 PM,SW26006796,"XXX Churchill St W, STILLWATER",THREATS
STILLWATER POLICE DEPARTMENT,STILLWATER,7/24/2026 2:26:27 PM,SW26006798,"XXX Maple St W, STILLWATER",PUBLIC WORKS CONCERN
STILLWATER POLICE DEPARTMENT,STILLWATER,7/24/2026 2:40:07 PM,SW26006799,"2XXX  Washington Ave, STILLWATER",ACCIDENT
STILLWATER POLICE DEPARTMENT,STILLWATER,7/24/2026 2:57:45 PM,SW26006800,"Unknown, STILLWATER",LOST PROPERTY/ITEM
STILLWATER POLICE DEPARTMENT,STILLWATER,7/24/2026 4:19:47 PM,SW26006804,"1XXX  GREELEY ST S, STILLWATER",ASSIST OTHER AGENCY
STILLWATER POLICE DEPARTMENT,STILLWATER,7/24/2026 4:27:40 PM,SW26006805,"1XXX  Linson Cir, STILLWATER",HARASSMENT
STILLWATER POLICE DEPARTMENT,STILLWATER,7/24/2026 5:45:06 PM,SW26006806,"XXX Boutwell Ct N, STILLWATER",911 ABANDONED/HANGUP/OPEN LINE
STILLWATER POLICE DEPARTMENT,STILLWATER,7/24/2026 5:58:00 PM,SW26006807,"1XXX  FRONTAGE RD W, STILLWATER",DANCO VIOLATION
STILLWATER POLICE DEPARTMENT,STILLWATER,7/24/2026 6:04:23 PM,SW26006808,"1XXX  Martha St N, STILLWATER",ACCIDENT
STILLWATER POLICE DEPARTMENT,STILLWATER,7/24/2026 6:17:40 PM,SW26006810,"6XXX  Osgood Ave N, STILLWATER",Theft
STILLWATER POLICE DEPARTMENT,STILLWATER,7/24/2026 6:33:08 PM,SW26006811,"XXX Bridgewater Way, STILLWATER",MEDICAL
STILLWATER POLICE DEPARTMENT,STILLWATER,7/24/2026 7:06:07 PM,SW26006812,"XXX Main St S, STILLWATER",CITIZEN/PUBLIC ASSIST
STILLWATER POLICE DEPARTMENT,STILLWATER,7/24/2026 7:22:02 PM,SW26006813,"1XXX  Market Dr, STILLWATER",ACCIDENT
STILLWATER POLICE DEPARTMENT,STILLWATER,7/24/2026 7:32:14 PM,SW26006814,"1XXX  1st St S, STILLWATER",LIFT ASSIST
STILLWATER POLICE DEPARTMENT,STILLWATER,7/24/2026 8:22:20 PM,SW26006816,"XXX 2nd St N, STILLWATER",CITIZEN/PUBLIC ASSIST
STILLWATER POLICE DEPARTMENT,STILLWATER,7/24/2026 9:27:00 PM,SW26006822,"XXX 2ND ST N, STILLWATER",TRAFFIC STOP
STILLWATER POLICE DEPARTMENT,STILLWATER,7/24/2026 9:51:41 PM,SW26006824,"12XXX  77th Street Ct N, STILLWATER",LIFT ASSIST
STILLWATER POLICE DEPARTMENT,STILLWATER,7/24/2026 10:13:11 PM,SW26006826,"XXX William St N, STILLWATER",SUSPICIOUS PERSON/ACTIVITY
STILLWATER POLICE DEPARTMENT,STILLWATER,7/24/2026 10:42:34 PM,SW26006827,"XXX Wilkins St E, STILLWATER",ALARM-BUSINESS/RES/FIRE/MEDICAL/ETC
STILLWATER POLICE DEPARTMENT,STILLWATER,7/25/2026 1:48:58 AM,SW26006831,"XXX - 199 OLIVE ST E, STILLWATER",DISORDERLY CONDUCT
STILLWATER POLICE DEPARTMENT,STILLWATER,7/25/2026 2:58:18 AM,SW26006833,"Unknown, STILLWATER",CITIZEN/PUBLIC ASSIST
STILLWATER POLICE DEPARTMENT,STILLWATER,7/25/2026 8:14:47 AM,SW26006834,"1XXX  Ramsey St W, STILLWATER",ALARM-BUSINESS/RES/FIRE/MEDICAL/ETC
STILLWATER POLICE DEPARTMENT,STILLWATER,7/25/2026 8:38:48 AM,SW26006835,"2XXX  Orleans St W, STILLWATER",THEFT
STILLWATER POLICE DEPARTMENT,STILLWATER,7/25/2026 8:50:33 AM,SW26006836,"1XXX  Market Dr, STILLWATER",FOUND PROPERTY/ITEM
STILLWATER POLICE DEPARTMENT,STILLWATER,7/25/2026 9:07:12 AM,SW26006838,"XXX Everett Dr, STILLWATER",MEDICAL
STILLWATER POLICE DEPARTMENT,STILLWATER,7/25/2026 9:43:06 AM,SW26006841,"XXX Autumn Way, STILLWATER",THEFT FROM MOTOR VEHICLE
STILLWATER POLICE DEPARTMENT,STILLWATER,7/25/2026 9:50:19 AM,SW26006842,"1XXX  MARKET DR, STILLWATER",TRESPASSING
STILLWATER POLICE DEPARTMENT,STILLWATER,7/25/2026 12:43:57 PM,SW26006844,"XXX 4th St N, STILLWATER",CITIZEN/PUBLIC ASSIST
STILLWATER POLICE DEPARTMENT,STILLWATER,7/25/2026 1:12:49 PM,SW26006845,"XXX Bridgewater Way, STILLWATER",MEDICAL
STILLWATER POLICE DEPARTMENT,STILLWATER,7/25/2026 2:04:06 PM,SW26006846,"2XXX  Orleans St W, STILLWATER",CITIZEN/PUBLIC ASSIST
STILLWATER POLICE DEPARTMENT,STILLWATER,7/25/2026 4:17:16 PM,SW26006848,"Interlachen Dr / Mid Oaks Ave N, STILLWATER",TRAFFIC STOP
STILLWATER POLICE DEPARTMENT,STILLWATER,7/25/2026 4:30:00 PM,SW26006849,"XXX - 298 MULBERRY ST E, STILLWATER",TRAFFIC STOP
STILLWATER POLICE DEPARTMENT,STILLWATER,7/25/2026 5:04:42 PM,SW26006851,"XXX Maryknoll Dr N, STILLWATER",CIVIL MATTER/DISPUTE
STILLWATER POLICE DEPARTMENT,STILLWATER,7/25/2026 7:25:55 PM,SW26006855,"1XXX  Mckusick Rd, STILLWATER",DISTURBANCE
STILLWATER POLICE DEPARTMENT,STILLWATER,7/25/2026 9:14:09 PM,SW26006857,"XXX New England Pl, STILLWATER",ALARM-BUSINESS/RES/FIRE/MEDICAL/ETC
STILLWATER POLICE DEPARTMENT,STILLWATER,7/25/2026 9:41:13 PM,SW26006860,"1XXX  Owens St N, STILLWATER",MEDICAL
STILLWATER POLICE DEPARTMENT,STILLWATER,7/25/2026 11:21:48 PM,SW26006865,"14XXX  62nd St N, STILLWATER",911 ABANDONED/HANGUP/OPEN LINE
STILLWATER POLICE DEPARTMENT,WOODBURY,7/21/2026 11:53:51 AM,SW26006675,"1XXX  Weir Dr, WOODBURY",ASSIST OTHER AGENCY
WASHINGTON COUNTY SHERIFFS OFFICE,AFTON,7/19/2026 3:28:11 PM,WC26036151,"3XXX  Saint Croix Trl S, AFTON",ORDINANCE VIOLATION
WASHINGTON COUNTY SHERIFFS OFFICE,AFTON,7/19/2026 6:17:28 PM,WC26036185,"3XXX  - 4498 SAINT CROIX TRL S, AFTON",ROAD HAZARD
WASHINGTON COUNTY SHERIFFS OFFICE,AFTON,7/20/2026 3:20:18 PM,WC26036348,"13XXX  TOMAHAWK DR S, AFTON",SUSPICIOUS PERSON/ACTIVITY
WASHINGTON COUNTY SHERIFFS OFFICE,AFTON,7/21/2026 4:46:16 PM,WC26036555,"14XXX  41st St S, AFTON",OFFICER INFORMATION
WASHINGTON COUNTY SHERIFFS OFFICE,AFTON,7/21/2026 7:13:03 PM,WC26036574,"15XXX  11th St S, AFTON",ALARM-BUSINESS/RES/FIRE/MEDICAL/ETC
WASHINGTON COUNTY SHERIFFS OFFICE,AFTON,7/23/2026 4:57:32 PM,WC26036982,"12XXX  Hudson Rd S, AFTON",THREATS
WASHINGTON COUNTY SHERIFFS OFFICE,AFTON,7/23/2026 8:05:26 PM,WC26037005,"12XXX  Hudson Rd S, AFTON",FOLLOW UP
WASHINGTON COUNTY SHERIFFS OFFICE,AFTON,7/24/2026 3:21:31 PM,WC26037200,"15XXX  - 15899 AFTON BLVD S, AFTON",DIRECTED PATROL
WASHINGTON COUNTY SHERIFFS OFFICE,AFTON,7/24/2026 4:38:10 PM,WC26037214,"I94 Eb At Manning Ave S, AFTON",ASSIST OTHER AGENCY
WASHINGTON COUNTY SHERIFFS OFFICE,AFTON,7/24/2026 5:29:17 PM,WC26037222,"15XXX  36th St S, AFTON",THREATS
WASHINGTON COUNTY SHERIFFS OFFICE,AFTON,7/25/2026 3:57:05 AM,WC26037318,"1XXX  Indian Trl S, AFTON",ALARM-BUSINESS/RES/FIRE/MEDICAL/ETC
WASHINGTON COUNTY SHERIFFS OFFICE,BAYTOWN TOWNSHIP,7/20/2026 9:36:47 AM,WC26036272,"Stillwater Blvd N / 53rd St N, BAYTOWN TOWNSHIP",ACCIDENT
WASHINGTON COUNTY SHERIFFS OFFICE,BAYTOWN TOWNSHIP,7/21/2026 3:04:47 PM,WC26036524,"4XXX  Stagecoach Trl N, BAYTOWN TOWNSHIP",RUNAWAY
WASHINGTON COUNTY SHERIFFS OFFICE,BAYTOWN TOWNSHIP,7/24/2026 6:01:07 PM,WC26037240,"14XXX  30th St N, BAYTOWN TOWNSHIP",FOUND PROPERTY/ITEM
WASHINGTON COUNTY SHERIFFS OFFICE,BAYTOWN TOWNSHIP,7/24/2026 10:10:00 PM,WC26037275,"13XXX  - 13499 40TH ST N, BAYTOWN TOWNSHIP",TRAFFIC STOP
WASHINGTON COUNTY SHERIFFS OFFICE,BAYTOWN TOWNSHIP,7/25/2026 1:02:40 PM,WC26037364,"4XXX  PARIS AVE N, BAYTOWN TOWNSHIP",FRAUD/SCAM
WASHINGTON COUNTY SHERIFFS OFFICE,BIRCHWOOD,7/19/2026 12:34:00 AM,WC26036072,"XXX - 599 WILDWOOD AVE, BIRCHWOOD",DWI
WASHINGTON COUNTY SHERIFFS OFFICE,BIRCHWOOD,7/21/2026 12:54:31 PM,WC26036505,"XX Birchwood Ln, BIRCHWOOD",ACCIDENT
WASHINGTON COUNTY SHERIFFS OFFICE,BIRCHWOOD,7/23/2026 5:17:34 PM,WC26036986,"XXX Wildwood Ave, BIRCHWOOD",WELFARE CHECK
WASHINGTON COUNTY SHERIFFS OFFICE,COTTAGE GROVE,7/19/2026 5:33:00 PM,WC26036176,"Highway 61 / 80th St s, COTTAGE GROVE",TRAFFIC STOP
WASHINGTON COUNTY SHERIFFS OFFICE,COTTAGE GROVE,7/23/2026 9:02:04 AM,WC26036897,"9XXX  EAST POINT DOUGLAS RD S, COTTAGE GROVE",ASSIST OTHER AGENCY
WASHINGTON COUNTY SHERIFFS OFFICE,COTTAGE GROVE,7/24/2026 9:42:18 AM,WC26037125,"6XXX  - 6998 MANNING AVE S, COTTAGE GROVE",DIRECTED PATROL
WASHINGTON COUNTY SHERIFFS OFFICE,COTTAGE GROVE,7/24/2026 4:15:00 PM,WC26037211,"HWY 61 NB JNO INNOVATION RD S, COTTAGE GROVE",WARRANT ARREST
WASHINGTON COUNTY SHERIFFS OFFICE,COTTAGE GROVE,7/25/2026 9:02:59 AM,WC26037333,"6XXX  - 6998 MANNING AVE S, COTTAGE GROVE",DIRECTED PATROL
WASHINGTON COUNTY SHERIFFS OFFICE,COTTAGE GROVE,7/25/2026 12:10:00 PM,WC26037231,"70th St S & Lamar Ave S, COTTAGE GROVE",TRAFFIC STOP
WASHINGTON COUNTY SHERIFFS OFFICE,DELLWOOD,7/21/2026 5:02:56 PM,WC26036563,"XX Dellwood Cv, DELLWOOD",MEDICAL
WASHINGTON COUNTY SHERIFFS OFFICE,DELLWOOD,7/22/2026 9:02:00 AM,WC26036654,"XX - 27 DELLWOOD AVE, DELLWOOD",TRAFFIC STOP
WASHINGTON COUNTY SHERIFFS OFFICE,DELLWOOD,7/23/2026 4:23:02 PM,WC26036976,"XX Peninsula Rd, DELLWOOD",WATER COMPLAINT
WASHINGTON COUNTY SHERIFFS OFFICE,DELLWOOD,7/24/2026 11:03:11 AM,WC26037156,"Dellwood Rd N / Dellwood Ave, DELLWOOD",CITIZEN/PUBLIC ASSIST
WASHINGTON COUNTY SHERIFFS OFFICE,DELLWOOD,7/24/2026 1:28:22 PM,WC26037169,"XX Peninsula Rd, DELLWOOD",MEDICAL
WASHINGTON COUNTY SHERIFFS OFFICE,DELLWOOD,7/24/2026 4:56:40 PM,WC26037219,"Unknown, DELLWOOD",CITIZEN/PUBLIC ASSIST
WASHINGTON COUNTY SHERIFFS OFFICE,DENMARK TOWNSHIP,7/19/2026 4:15:00 PM,WC26036158,"6XXX  PELLER AVE S, DENMARK TOWNSHIP",PARKING VIOLATION
WASHINGTON COUNTY SHERIFFS OFFICE,DENMARK TOWNSHIP,7/19/2026 4:49:14 PM,WC26036165,"15XXX  102ND ST S, DENMARK TOWNSHIP",PARKING VIOLATION
WASHINGTON COUNTY SHERIFFS OFFICE,DENMARK TOWNSHIP,7/19/2026 6:58:03 PM,WC26036192,"Hwy 10 Bridge (prescott): Hwy 10 Eb - Mn, DENMARK TOWNSHIP",ASSIST OTHER AGENCY
WASHINGTON COUNTY SHERIFFS OFFICE,DENMARK TOWNSHIP,7/20/2026 3:23:00 PM,WC26036350,"14XXX  Point Douglas Dr S, DENMARK TOWNSHIP",ASSAULT
WASHINGTON COUNTY SHERIFFS OFFICE,DENMARK TOWNSHIP,7/21/2026 12:39:37 PM,WC26036501,"12XXX  Point Douglas Dr S, DENMARK TOWNSHIP",CIVIL MATTER/DISPUTE
WASHINGTON COUNTY SHERIFFS OFFICE,DENMARK TOWNSHIP,7/21/2026 12:53:35 PM,WC26036503,"HWY 10 AT POINT DOUGLAS DR S, DENMARK TOWNSHIP",ASSIST OTHER AGENCY
WASHINGTON COUNTY SHERIFFS OFFICE,DENMARK TOWNSHIP,7/22/2026 9:13:51 AM,WC26036670,"14XXX  - 14438 Highway 10, DENMARK TOWNSHIP",TRAFFIC STOP
WASHINGTON COUNTY SHERIFFS OFFICE,DENMARK TOWNSHIP,7/22/2026 1:42:53 PM,WC26036743,"10XXX  Saint Croix Trl S, DENMARK TOWNSHIP",CIVIL MATTER/DISPUTE
WASHINGTON COUNTY SHERIFFS OFFICE,DENMARK TOWNSHIP,7/22/2026 4:20:15 PM,WC26036772,"HWY 61 SB JNO 120TH ST S, DENMARK TOWNSHIP",ASSIST OTHER AGENCY
WASHINGTON COUNTY SHERIFFS OFFICE,DENMARK TOWNSHIP,7/22/2026 5:03:29 PM,WC26036778,"Hwy 61 Nb At 122nd St S, DENMARK TOWNSHIP",TRAFFIC COMPLAINT
WASHINGTON COUNTY SHERIFFS OFFICE,DENMARK TOWNSHIP,7/22/2026 8:33:21 PM,WC26036815,"8XXX  Neal Ave S, DENMARK TOWNSHIP",CIVIL MATTER/DISPUTE
WASHINGTON COUNTY SHERIFFS OFFICE,DENMARK TOWNSHIP,7/22/2026 8:47:07 PM,WC26036818,"6XXX  Saint Croix Trl S, DENMARK TOWNSHIP",AIRCRAFT/DRONE/UFO COMPLAINT
WASHINGTON COUNTY SHERIFFS OFFICE,DENMARK TOWNSHIP,7/22/2026 10:15:03 PM,WC26036828,"14XXX  POINT DOUGLAS DR S, DENMARK TOWNSHIP",SUSPICIOUS PERSON/ACTIVITY
WASHINGTON COUNTY SHERIFFS OFFICE,DENMARK TOWNSHIP,7/23/2026 11:01:11 AM,WC26036913,"14XXX  110th St S, DENMARK TOWNSHIP",MEDICAL
WASHINGTON COUNTY SHERIFFS OFFICE,DENMARK TOWNSHIP,7/24/2026 12:31:39 PM,WC26037164,"Unknown, DENMARK TOWNSHIP",FOLLOW UP
WASHINGTON COUNTY SHERIFFS OFFICE,DENMARK TOWNSHIP,7/24/2026 3:20:04 PM,WC26037199,"Hwy 10 Jno Point Douglas Dr S, DENMARK TOWNSHIP",ASSIST OTHER AGENCY
WASHINGTON COUNTY SHERIFFS OFFICE,DENMARK TOWNSHIP,7/24/2026 5:44:31 PM,WC26037228,"Manning Ave S / 70th St S, DENMARK TOWNSHIP",DRIVING COMPLAINT
WASHINGTON COUNTY SHERIFFS OFFICE,DENMARK TOWNSHIP,7/25/2026 12:22:41 PM,WC26037361,"10XXX  - 10998 SAINT CROIX TRL S, DENMARK TOWNSHIP",ROAD HAZARD
WASHINGTON COUNTY SHERIFFS OFFICE,FOREST LAKE,7/19/2026 6:23:27 PM,WC26036186,"23XXX  EVERTON AVE N, FOREST LAKE",CIVIL MATTER/DISPUTE
WASHINGTON COUNTY SHERIFFS OFFICE,FOREST LAKE,7/20/2026 1:00:23 PM,WC26036317,"1XXX  Apartment Ln Sw, FOREST LAKE",OFFICER INFORMATION
WASHINGTON COUNTY SHERIFFS OFFICE,FOREST LAKE,7/22/2026 12:38:19 PM,WC26036720,"4XXX  206th Drive Ct N, FOREST LAKE",FAMILY ASSIST
WASHINGTON COUNTY SHERIFFS OFFICE,FOREST LAKE,7/22/2026 9:00:00 PM,WC26036819,"FOREST BLVD/HWY 8 , FOREST LAKE",TRAFFIC STOP
WASHINGTON COUNTY SHERIFFS OFFICE,FOREST LAKE,7/24/2026 4:08:41 PM,WC26037209,"20XXX  FITZGERALD TRL N, FOREST LAKE",CIVIL MATTER/DISPUTE
WASHINGTON COUNTY SHERIFFS OFFICE,FOREST LAKE,7/24/2026 5:41:00 PM,WC26037225,"SCANDIA TRL N/ JEWEL AVE N, FOREST LAKE",TRAFFIC STOP
WASHINGTON COUNTY SHERIFFS OFFICE,FOREST LAKE,7/24/2026 6:06:55 PM,WC26037229,"XXX LAKE ST N, FOREST LAKE",CIVIL MATTER/DISPUTE
WASHINGTON COUNTY SHERIFFS OFFICE,FOREST LAKE,7/24/2026 6:18:58 PM,WC26037232,"XXX 4TH AVE NE, FOREST LAKE",CIVIL MATTER/DISPUTE
WASHINGTON COUNTY SHERIFFS OFFICE,FOREST LAKE,7/25/2026 3:58:23 AM,WC26037319,"XXX Lake St S, FOREST LAKE",ASSIST OTHER AGENCY
WASHINGTON COUNTY SHERIFFS OFFICE,GRANT,7/19/2026 8:15:58 AM,WC26036106,"11XXX  Ironwood Ave N, GRANT",PUBLIC WORKS CONCERN
WASHINGTON COUNTY SHERIFFS OFFICE,GRANT,7/19/2026 11:22:02 AM,WC26036128,"11XXX  Julianne Ave N, GRANT",MEDICAL
WASHINGTON COUNTY SHERIFFS OFFICE,GRANT,7/19/2026 2:05:58 PM,WC26036141,"6XXX  Inwood Ct N, GRANT",CIVIL MATTER/DISPUTE
WASHINGTON COUNTY SHERIFFS OFFICE,GRANT,7/19/2026 4:26:56 PM,WC26036162,"9XXX  Dellwood Rd N, GRANT",911 ABANDONED/HANGUP/OPEN LINE
WASHINGTON COUNTY SHERIFFS OFFICE,GRANT,7/20/2026 11:12:19 AM,WC26036286,"8XXX  Lake Elmo Ave N, GRANT",FRAUD/SCAM
WASHINGTON COUNTY SHERIFFS OFFICE,GRANT,7/20/2026 3:55:51 PM,WC26036356,"9XXX  Dellwood Rd N, GRANT",911 ABANDONED/HANGUP/OPEN LINE
WASHINGTON COUNTY SHERIFFS OFFICE,GRANT,7/21/2026 6:26:18 AM,WC26036427,"7XXX  Lone Oak Trl N, GRANT",MEDICAL
WASHINGTON COUNTY SHERIFFS OFFICE,GRANT,7/21/2026 10:57:54 AM,WC26036484,"6XXX  Manning Ave N, GRANT",ALARM-BUSINESS/RES/FIRE/MEDICAL/ETC
WASHINGTON COUNTY SHERIFFS OFFICE,GRANT,7/21/2026 11:16:00 AM,WC26036487,"10XXX  Jody Ave N, GRANT",MEDICAL
WASHINGTON COUNTY SHERIFFS OFFICE,GRANT,7/22/2026 12:00:00 AM,WC26036817,"JAMACA AVE N / 80TH ST N, GRANT",TRAFFIC STOP
WASHINGTON COUNTY SHERIFFS OFFICE,GRANT,7/22/2026 2:13:52 PM,WC26036747,"11XXX  Ironwood Ave N, GRANT",CITIZEN/PUBLIC ASSIST
WASHINGTON COUNTY SHERIFFS OFFICE,GRANT,7/22/2026 6:51:17 PM,WC26036798,"11XXX  Julianne Ave N, GRANT",MEDICAL
WASHINGTON COUNTY SHERIFFS OFFICE,GRANT,7/23/2026 6:30:05 AM,WC26036874,"8XXX  Kimbro Ave N, GRANT",ANIMAL COMPLAINT
WASHINGTON COUNTY SHERIFFS OFFICE,GRANT,7/23/2026 11:01:25 AM,WC26036912,"10XXX  - 11498 MANNING TRL N, GRANT",DIRECTED PATROL
WASHINGTON COUNTY SHERIFFS OFFICE,GRANT,7/24/2026 9:04:13 PM,WC26037256,"7XXX  Kimbro Ave N, GRANT",DISTURBANCE
WASHINGTON COUNTY SHERIFFS OFFICE,GRANT,7/24/2026 9:27:24 PM,WC26037262,"7XXX  Kimbro Ave N, GRANT",FOLLOW UP
WASHINGTON COUNTY SHERIFFS OFFICE,GRANT,7/25/2026 1:46:14 AM,WC26037308,"7XXX  101st St N, GRANT",ALARM-BUSINESS/RES/FIRE/MEDICAL/ETC
WASHINGTON COUNTY SHERIFFS OFFICE,GRANT,7/25/2026 7:20:54 AM,WC26037326,"11XXX  Hillcrest Ct N, GRANT",ALARM-BUSINESS/RES/FIRE/MEDICAL/ETC
WASHINGTON COUNTY SHERIFFS OFFICE,GRANT,7/25/2026 10:46:35 AM,WC26037351,"Manning Ave N / 62nd St N, GRANT",911 ABANDONED/HANGUP/OPEN LINE
WASHINGTON COUNTY SHERIFFS OFFICE,GRANT,7/25/2026 1:41:22 PM,WC26037372,"7XXX  Manning Ave N, GRANT",COMMUNITY CONTACT
WASHINGTON COUNTY SHERIFFS OFFICE,GRANT,7/25/2026 4:08:47 PM,WC26037398,"75TH ST N / KEATS AVE N, GRANT",TRAFFIC STOP
WASHINGTON COUNTY SHERIFFS OFFICE,GRANT,7/25/2026 7:09:10 PM,WC26037439,"11XXX  80th St N, GRANT",911 ABANDONED/HANGUP/OPEN LINE
WASHINGTON COUNTY SHERIFFS OFFICE,GRANT,7/25/2026 9:49:49 PM,WC26037468,"11XXX  Keats Ave N, GRANT",ANIMAL COMPLAINT
WASHINGTON COUNTY SHERIFFS OFFICE,HUGO,7/19/2026 12:21:38 AM,WC26036071,"Victor Hugo Blvd N / Victor Path, HUGO",OFFICER INFORMATION
WASHINGTON COUNTY SHERIFFS OFFICE,HUGO,7/19/2026 4:08:13 AM,WC26036094,"13XXX  Geneva Ave N, HUGO",MEDICAL
WASHINGTON COUNTY SHERIFFS OFFICE,HUGO,7/19/2026 12:10:35 PM,WC26036133,"13XXX  Forest Blvd N, HUGO",ALARM-BUSINESS/RES/FIRE/MEDICAL/ETC
WASHINGTON COUNTY SHERIFFS OFFICE,HUGO,7/19/2026 2:06:50 PM,WC26036143,"4XXX  149th St N, HUGO",DRUGS
WASHINGTON COUNTY SHERIFFS OFFICE,HUGO,7/19/2026 3:06:54 PM,WC26036150,"13XXX  Fondant Trl N, HUGO",MEDICAL
WASHINGTON COUNTY SHERIFFS OFFICE,HUGO,7/19/2026 4:52:34 PM,WC26036166,"Unknown, HUGO",CIVIL MATTER/DISPUTE
WASHINGTON COUNTY SHERIFFS OFFICE,HUGO,7/19/2026 4:56:19 PM,WC26036167,"Unknown, HUGO",CIVIL MATTER/DISPUTE
WASHINGTON COUNTY SHERIFFS OFFICE,HUGO,7/19/2026 5:36:16 PM,WC26036177,"6XXX  147th St N, HUGO",MEDICAL
WASHINGTON COUNTY SHERIFFS OFFICE,HUGO,7/19/2026 5:36:20 PM,WC26036183,"15XXX  Goodview Ave N, HUGO",NOISE COMPLAINT/DISTURBANCE
WASHINGTON COUNTY SHERIFFS OFFICE,HUGO,7/19/2026 6:29:21 PM,WC26036189,"5XXX  Farnham Dr N, HUGO",ANIMAL BITE
WASHINGTON COUNTY SHERIFFS OFFICE,HUGO,7/19/2026 7:22:59 PM,WC26036197,"4XXX  149th St N, HUGO",FOLLOW UP
WASHINGTON COUNTY SHERIFFS OFFICE,HUGO,7/20/2026 12:42:30 AM,WC26036230,"14XXX  Everton Ave N, HUGO",MEDICAL
WASHINGTON COUNTY SHERIFFS OFFICE,HUGO,7/20/2026 8:28:45 AM,WC26036250,"13XXX  Flay Ave N, HUGO",ALARM-BUSINESS/RES/FIRE/MEDICAL/ETC
WASHINGTON COUNTY SHERIFFS OFFICE,HUGO,7/20/2026 11:04:42 AM,WC26036284,"4XXX  Heritage Pkwy N, HUGO",PROPERTY DAMAGE
WASHINGTON COUNTY SHERIFFS OFFICE,HUGO,7/20/2026 11:31:01 AM,WC26036292,"16XXX  Granada Ct N, HUGO",911 ABANDONED/HANGUP/OPEN LINE
WASHINGTON COUNTY SHERIFFS OFFICE,HUGO,7/20/2026 12:10:47 PM,WC26036301,"140th St N / Forest Blvd N, HUGO",DRIVING COMPLAINT
WASHINGTON COUNTY SHERIFFS OFFICE,HUGO,7/20/2026 2:09:52 PM,WC26036336,"5XXX  Fairpoint Dr N, HUGO",911 ABANDONED/HANGUP/OPEN LINE
WASHINGTON COUNTY SHERIFFS OFFICE,HUGO,7/20/2026 2:56:00 PM,WC26036343,"FOREST BLVD N/159TH ST N , HUGO",TRAFFIC STOP
WASHINGTON COUNTY SHERIFFS OFFICE,HUGO,7/20/2026 3:27:00 PM,WC26036349,"15XXX  FOREST BLVD N , HUGO",TRAFFIC STOP
WASHINGTON COUNTY SHERIFFS OFFICE,HUGO,7/20/2026 3:55:48 PM,WC26036355,"Unknown, HUGO",CIVIL MATTER/DISPUTE
WASHINGTON COUNTY SHERIFFS OFFICE,HUGO,7/21/2026 5:28:53 AM,WC26036426,"5XXX  170th St N, HUGO",CIVIL MATTER/DISPUTE
WASHINGTON COUNTY SHERIFFS OFFICE,HUGO,7/21/2026 6:57:00 AM,WC26036431,"170th St N / Jeffrey Ave N, HUGO",DRIVING COMPLAINT
WASHINGTON COUNTY SHERIFFS OFFICE,HUGO,7/21/2026 7:24:08 AM,WC26036432,"13XXX  Freeland Ave N, HUGO",MEDICAL
WASHINGTON COUNTY SHERIFFS OFFICE,HUGO,7/21/2026 8:32:50 AM,WC26036442,"141st St N / Fondant Ave N, HUGO",DISTURBANCE
WASHINGTON COUNTY SHERIFFS OFFICE,HUGO,7/21/2026 9:50:35 AM,WC26036477,"14XXX  Jardin Ave N, HUGO",ALARM-BUSINESS/RES/FIRE/MEDICAL/ETC
WASHINGTON COUNTY SHERIFFS OFFICE,HUGO,7/21/2026 1:31:20 PM,WC26036509,"13XXX  Homestead Ave N, HUGO",DRUGS
WASHINGTON COUNTY SHERIFFS OFFICE,HUGO,7/21/2026 4:50:00 PM,WC26036556,"FRENCHMAN RD / EVERTON AVE N, HUGO",TRAFFIC STOP
WASHINGTON COUNTY SHERIFFS OFFICE,HUGO,7/21/2026 7:36:20 PM,WC26036578,"6XXX  170th St N, HUGO",ANIMAL COMPLAINT
WASHINGTON COUNTY SHERIFFS OFFICE,HUGO,7/21/2026 8:24:47 PM,WC26036584,"4XXX  149th St N, HUGO",FOLLOW UP
WASHINGTON COUNTY SHERIFFS OFFICE,HUGO,7/21/2026 8:38:53 PM,WC26036587,"14XXX  Irish Ave N, HUGO",MEDICAL
WASHINGTON COUNTY SHERIFFS OFFICE,HUGO,7/22/2026 12:09:44 AM,WC26036610,"4XXX  Rosemary Way N, HUGO",JUVENILE COMPLAINT
WASHINGTON COUNTY SHERIFFS OFFICE,HUGO,7/22/2026 4:02:00 AM,WC26036635,"FOREST BLVD N / 140TH ST N, HUGO",TRAFFIC STOP
WASHINGTON COUNTY SHERIFFS OFFICE,HUGO,7/22/2026 4:06:15 AM,WC26036636,"13XXX  Flay Ave N, HUGO",MEDICAL
WASHINGTON COUNTY SHERIFFS OFFICE,HUGO,7/22/2026 6:24:59 AM,WC26036640,"15XXX  Forest Blvd N, HUGO",ALARM-BUSINESS/RES/FIRE/MEDICAL/ETC
WASHINGTON COUNTY SHERIFFS OFFICE,HUGO,7/22/2026 8:58:44 AM,WC26036652,"ONEKA LAKE BLVD N / GENEVA AVE N, HUGO",TRAFFIC STOP
WASHINGTON COUNTY SHERIFFS OFFICE,HUGO,7/22/2026 12:26:42 PM,WC26036715,"12XXX  Foxhill Ave N, HUGO",ANIMAL COMPLAINT
WASHINGTON COUNTY SHERIFFS OFFICE,HUGO,7/22/2026 3:24:19 PM,WC26036759,"13XXX  Europa Bay N, HUGO",MEDICAL
WASHINGTON COUNTY SHERIFFS OFFICE,HUGO,7/22/2026 5:41:51 PM,WC26036785,"14XXX  VICTOR HUGO BLVD N, HUGO",TRAFFIC STOP
WASHINGTON COUNTY SHERIFFS OFFICE,HUGO,7/22/2026 5:44:52 PM,WC26036786,"14XXX  Everton Ave N, HUGO",911 ABANDONED/HANGUP/OPEN LINE
WASHINGTON COUNTY SHERIFFS OFFICE,HUGO,7/22/2026 8:57:57 PM,WC26036820,"14XXX  Francesca Ave N, HUGO",JUVENILE COMPLAINT
WASHINGTON COUNTY SHERIFFS OFFICE,HUGO,7/23/2026 3:16:30 AM,WC26036868,"13XXX  Fenway Blvd N, HUGO",911 ABANDONED/HANGUP/OPEN LINE
WASHINGTON COUNTY SHERIFFS OFFICE,HUGO,7/23/2026 8:25:14 AM,WC26036883,"12XXX  Keller Ave N, HUGO",HRO VIOLATION
WASHINGTON COUNTY SHERIFFS OFFICE,HUGO,7/23/2026 9:35:43 AM,WC26036898,"5XXX  158th St N, HUGO",ALARM-BUSINESS/RES/FIRE/MEDICAL/ETC
WASHINGTON COUNTY SHERIFFS OFFICE,HUGO,7/23/2026 4:02:41 PM,WC26036969,"13XXX  Fenway Boulevard Cir N, HUGO",PARKING COMPLAINT
WASHINGTON COUNTY SHERIFFS OFFICE,HUGO,7/23/2026 4:57:12 PM,WC26036981,"140TH ST N / FINALE AVE N, HUGO",TRAFFIC STOP
WASHINGTON COUNTY SHERIFFS OFFICE,HUGO,7/23/2026 8:11:02 PM,WC26037006,"5XXX  150th St N, HUGO",MEDICAL
WASHINGTON COUNTY SHERIFFS OFFICE,HUGO,7/23/2026 8:26:00 PM,WC26037008,"170TH ST N / 24TH AVE, HUGO",TRAFFIC STOP
WASHINGTON COUNTY SHERIFFS OFFICE,HUGO,7/23/2026 8:44:12 PM,WC26037010,"6XXX  138th St N, HUGO",MEDICAL
WASHINGTON COUNTY SHERIFFS OFFICE,HUGO,7/23/2026 10:19:25 PM,WC26037023,"14XXX  Victor Hugo Blvd N, HUGO",DISTURBANCE
WASHINGTON COUNTY SHERIFFS OFFICE,HUGO,7/24/2026 1:20:56 AM,WC26037052,"4XXX  Rosemary Way N, HUGO",WELFARE CHECK
WASHINGTON COUNTY SHERIFFS OFFICE,HUGO,7/24/2026 10:04:00 AM,WC26037127,"5XXX  block of 140th st N , HUGO",TRAFFIC STOP
WASHINGTON COUNTY SHERIFFS OFFICE,HUGO,7/24/2026 10:12:38 AM,WC26037138,"15XXX  Enfield Ave N, HUGO",THEFT FROM MOTOR VEHICLE
WASHINGTON COUNTY SHERIFFS OFFICE,HUGO,7/24/2026 1:15:25 PM,WC26037167,"14XXX  Finale Ave N, HUGO",CIVIL MATTER/DISPUTE
WASHINGTON COUNTY SHERIFFS OFFICE,HUGO,7/24/2026 1:27:22 PM,WC26037172,"7XXX  137th St N, HUGO",911 ABANDONED/HANGUP/OPEN LINE
WASHINGTON COUNTY SHERIFFS OFFICE,HUGO,7/24/2026 1:51:00 PM,WC26037175,"7XXX  137th St N, HUGO",DISTURBANCE
WASHINGTON COUNTY SHERIFFS OFFICE,HUGO,7/24/2026 3:47:41 PM,WC26037205,"6XXX  170TH ST N, HUGO",ANIMAL COMPLAINT
WASHINGTON COUNTY SHERIFFS OFFICE,HUGO,7/24/2026 5:40:20 PM,WC26037224,"170TH ST N / KEYSTONE AVE N, HUGO",TRAFFIC STOP
WASHINGTON COUNTY SHERIFFS OFFICE,HUGO,7/24/2026 6:28:38 PM,WC26037236,"8XXX  140TH ST N, HUGO",FOUND PROPERTY/ITEM
WASHINGTON COUNTY SHERIFFS OFFICE,HUGO,7/24/2026 9:55:21 PM,WC26037269,"12XXX  Keller Ave N, HUGO",911 ABANDONED/HANGUP/OPEN LINE
WASHINGTON COUNTY SHERIFFS OFFICE,HUGO,7/25/2026 9:21:56 AM,WC26037336,"4XXX  Elm Dr N, HUGO",SUSPICIOUS PERSON/ACTIVITY
WASHINGTON COUNTY SHERIFFS OFFICE,HUGO,7/25/2026 9:52:00 AM,WC26037341,"FRENCHMAN RD & VICTOR HUGP BLVD , HUGO",TRAFFIC STOP
WASHINGTON COUNTY SHERIFFS OFFICE,HUGO,7/25/2026 3:02:05 PM,WC26037382,"14XXX  Generation Ave N, HUGO",CITIZEN/PUBLIC ASSIST
WASHINGTON COUNTY SHERIFFS OFFICE,HUGO,7/25/2026 3:41:00 PM,WC26037390,"FOXHILL AVE N / FONDANT TRL N, HUGO",TRAFFIC STOP
WASHINGTON COUNTY SHERIFFS OFFICE,HUGO,7/25/2026 4:28:50 PM,WC26037403,"14XXX  Victor Hugo Blvd N, HUGO",ALARM-BUSINESS/RES/FIRE/MEDICAL/ETC
WASHINGTON COUNTY SHERIFFS OFFICE,HUGO,7/25/2026 5:06:15 PM,WC26037413,"6XXX  170th St N, HUGO",MEDICAL
WASHINGTON COUNTY SHERIFFS OFFICE,HUGO,7/25/2026 8:46:06 PM,WC26037454,"13XXX  135TH CT N, HUGO",FIREWORKS
WASHINGTON COUNTY SHERIFFS OFFICE,HUGO,7/25/2026 9:25:24 PM,WC26037462,"13XXX  135th Ct N, HUGO",FOLLOW UP
WASHINGTON COUNTY SHERIFFS OFFICE,HUGO,7/25/2026 9:28:58 PM,WC26037463,"15XXX  Farnham Ave N, HUGO",JUVENILE COMPLAINT
WASHINGTON COUNTY SHERIFFS OFFICE,HUGO,7/25/2026 10:41:13 PM,WC26037473,"14XXX  Victor Hugo Blvd N, HUGO",ASSAULT
WASHINGTON COUNTY SHERIFFS OFFICE,HUGO,7/25/2026 11:15:00 PM,WC26037481,"FOREST BLVD N / 145TH ST N, HUGO",TRAFFIC STOP
WASHINGTON COUNTY SHERIFFS OFFICE,LAKE ELMO,7/19/2026 12:37:48 AM,WC26036073,"11XXX  - 11999 Highway 36, LAKE ELMO",TRAFFIC STOP
WASHINGTON COUNTY SHERIFFS OFFICE,LAKE ELMO,7/19/2026 2:51:39 AM,WC26036089,"XXX Juniper Ct N, LAKE ELMO",ALARM-BUSINESS/RES/FIRE/MEDICAL/ETC
WASHINGTON COUNTY SHERIFFS OFFICE,LAKE ELMO,7/19/2026 4:41:00 AM,WC26036096,"HWY 36 EB AT LAKE ELMO AVE N, LAKE ELMO",DWI
WASHINGTON COUNTY SHERIFFS OFFICE,LAKE ELMO,7/19/2026 11:37:45 AM,WC26036130,"11XXX  39th St N, LAKE ELMO",MEDICAL
WASHINGTON COUNTY SHERIFFS OFFICE,LAKE ELMO,7/19/2026 2:01:00 PM,WC26036140,"LAKE ELMO AVE N / 10TH ST N, LAKE ELMO",TRAFFIC STOP
WASHINGTON COUNTY SHERIFFS OFFICE,LAKE ELMO,7/19/2026 2:53:17 PM,WC26036148,"XXX Lake Elmo Ave N, LAKE ELMO",ALARM-BUSINESS/RES/FIRE/MEDICAL/ETC
WASHINGTON COUNTY SHERIFFS OFFICE,LAKE ELMO,7/19/2026 5:27:08 PM,WC26036175,"8XXX  22nd Ct N, LAKE ELMO",MEDICAL
WASHINGTON COUNTY SHERIFFS OFFICE,LAKE ELMO,7/19/2026 5:54:44 PM,WC26036184,"XXX Julia Ave N, LAKE ELMO",TRESPASSING
WASHINGTON COUNTY SHERIFFS OFFICE,LAKE ELMO,7/19/2026 7:05:18 PM,WC26036195,"XX Cimarron, LAKE ELMO",FRAUD/SCAM
WASHINGTON COUNTY SHERIFFS OFFICE,LAKE ELMO,7/19/2026 7:51:07 PM,WC26036202,"9XXX  6th St N, LAKE ELMO",CIVIL MATTER/DISPUTE
WASHINGTON COUNTY SHERIFFS OFFICE,LAKE ELMO,7/19/2026 8:52:00 PM,WC26036187,"KEATS AVE N, LAKE ELMO",TRAFFIC STOP
WASHINGTON COUNTY SHERIFFS OFFICE,LAKE ELMO,7/19/2026 9:12:59 PM,WC26036208,"10XXX  - 10751 STILLWATER BLVD N, LAKE ELMO",PROPERTY DAMAGE
WASHINGTON COUNTY SHERIFFS OFFICE,LAKE ELMO,7/19/2026 9:37:39 PM,WC26036214,"5XXX  Marquess Trl N, LAKE ELMO",DISTURBANCE
WASHINGTON COUNTY SHERIFFS OFFICE,LAKE ELMO,7/19/2026 10:09:13 PM,WC26036221,"8XXX  Hudson Blvd N, LAKE ELMO",VEHICLE UNLOCK
WASHINGTON COUNTY SHERIFFS OFFICE,LAKE ELMO,7/20/2026 12:49:00 AM,WC26036231,"Highway 36 & LAKE ELMO AVE N, LAKE ELMO",TRAFFIC STOP
WASHINGTON COUNTY SHERIFFS OFFICE,LAKE ELMO,7/20/2026 1:10:00 AM,WC26036222,"LAKE ELMO AVE N / HUDSON BLVD N, LAKE ELMO",TRAFFIC STOP
WASHINGTON COUNTY SHERIFFS OFFICE,LAKE ELMO,7/20/2026 3:20:23 AM,WC26036238,"HWY 36 EB JEO KEATS AVE N, LAKE ELMO",ASSIST OTHER AGENCY
WASHINGTON COUNTY SHERIFFS OFFICE,LAKE ELMO,7/20/2026 4:15:04 AM,WC26036240,"Unknown, LAKE ELMO",FOLLOW UP
WASHINGTON COUNTY SHERIFFS OFFICE,LAKE ELMO,7/20/2026 7:21:11 AM,WC26036245,"9XXX  53rd St N, LAKE ELMO",WELFARE CHECK
WASHINGTON COUNTY SHERIFFS OFFICE,LAKE ELMO,7/20/2026 8:43:08 AM,WC26036254,"XX Cimarron, LAKE ELMO",911 ABANDONED/HANGUP/OPEN LINE
WASHINGTON COUNTY SHERIFFS OFFICE,LAKE ELMO,7/20/2026 11:02:27 AM,WC26036281,"9XXX  31ST ST N, LAKE ELMO",FOLLOW UP
WASHINGTON COUNTY SHERIFFS OFFICE,LAKE ELMO,7/20/2026 4:11:40 PM,WC26036360,"9XXX  Whistling Valley Trl, LAKE ELMO",MEDICAL
WASHINGTON COUNTY SHERIFFS OFFICE,LAKE ELMO,7/20/2026 9:39:54 PM,WC26036397,"HUDSON BLVD N / JULIA AVE N, LAKE ELMO",TRAFFIC STOP
WASHINGTON COUNTY SHERIFFS OFFICE,LAKE ELMO,7/21/2026 9:18:00 AM,WC26036456,"LILAC LN N / LINDEN TRL N, LAKE ELMO",WARRANT ARREST
WASHINGTON COUNTY SHERIFFS OFFICE,LAKE ELMO,7/21/2026 9:20:39 AM,WC26036460,"10th St N / Inwood Ave N, LAKE ELMO",ACCIDENT
WASHINGTON COUNTY SHERIFFS OFFICE,LAKE ELMO,7/21/2026 11:22:42 AM,WC26036489,"Hwy 36 Wb Jwo Lake Elmo Ave N, LAKE ELMO",DISABLED VEHICLE
WASHINGTON COUNTY SHERIFFS OFFICE,LAKE ELMO,7/21/2026 11:48:25 AM,WC26036494,"5XXX  Kelvin Ave N, LAKE ELMO",MEDICAL
WASHINGTON COUNTY SHERIFFS OFFICE,LAKE ELMO,7/21/2026 11:49:10 AM,WC26036493,"9XXX  Jane Rd N, LAKE ELMO",MEDICAL
WASHINGTON COUNTY SHERIFFS OFFICE,LAKE ELMO,7/21/2026 12:15:46 PM,WC26036500,"4XXX  Lady Slipper Rd N, LAKE ELMO",PARKING COMPLAINT
WASHINGTON COUNTY SHERIFFS OFFICE,LAKE ELMO,7/21/2026 1:30:29 PM,WC26036508,"11XXX  Masters St N, LAKE ELMO",911 ABANDONED/HANGUP/OPEN LINE
WASHINGTON COUNTY SHERIFFS OFFICE,LAKE ELMO,7/21/2026 1:38:07 PM,WC26036511,"10XXX  10th St N, LAKE ELMO",ALARM-BUSINESS/RES/FIRE/MEDICAL/ETC
WASHINGTON COUNTY SHERIFFS OFFICE,LAKE ELMO,7/21/2026 3:47:07 PM,WC26036540,"3XXX  Kindred Way, LAKE ELMO",ALARM-BUSINESS/RES/FIRE/MEDICAL/ETC
WASHINGTON COUNTY SHERIFFS OFFICE,LAKE ELMO,7/21/2026 4:12:50 PM,WC26036550,"Stillwater Blvd N / 50th St N, LAKE ELMO",FOLLOW UP
WASHINGTON COUNTY SHERIFFS OFFICE,LAKE ELMO,7/21/2026 7:34:36 PM,WC26036577,"9XXX  HUDSON BLVD N, LAKE ELMO",SUSPICIOUS PERSON/ACTIVITY
WASHINGTON COUNTY SHERIFFS OFFICE,LAKE ELMO,7/21/2026 7:55:45 PM,WC26036581,"9XXX  Hudson Blvd N, LAKE ELMO",ANIMAL COMPLAINT
WASHINGTON COUNTY SHERIFFS OFFICE,LAKE ELMO,7/21/2026 7:58:00 PM,WC26036582,"INWOOD AVE N / 15TH ST N, LAKE ELMO",DRUGS
WASHINGTON COUNTY SHERIFFS OFFICE,LAKE ELMO,7/21/2026 10:40:27 PM,WC26036596,"3XXX  Lake Elmo Ave N, LAKE ELMO",NOISE COMPLAINT/DISTURBANCE
WASHINGTON COUNTY SHERIFFS OFFICE,LAKE ELMO,7/22/2026 12:00:00 AM,WC26036843,"HWY 36 EB AT DEMONTREVILLE TRL N, LAKE ELMO",TRAFFIC STOP
WASHINGTON COUNTY SHERIFFS OFFICE,LAKE ELMO,7/22/2026 8:12:00 AM,WC26036645,"XX Cimarron, LAKE ELMO",MEDICAL
WASHINGTON COUNTY SHERIFFS OFFICE,LAKE ELMO,7/22/2026 10:13:28 AM,WC26036683,"9XXX  55th St N, LAKE ELMO",911 ABANDONED/HANGUP/OPEN LINE
WASHINGTON COUNTY SHERIFFS OFFICE,LAKE ELMO,7/22/2026 2:25:06 PM,WC26036749,"8XXX  27th St N, LAKE ELMO",FIRE
WASHINGTON COUNTY SHERIFFS OFFICE,LAKE ELMO,7/22/2026 4:19:40 PM,WC26036769,"1XXX  Keats Ave N, LAKE ELMO",NOISE COMPLAINT/DISTURBANCE
WASHINGTON COUNTY SHERIFFS OFFICE,LAKE ELMO,7/22/2026 4:48:19 PM,WC26036774,"11XXX  32nd St N, LAKE ELMO",ALARM-BUSINESS/RES/FIRE/MEDICAL/ETC
WASHINGTON COUNTY SHERIFFS OFFICE,LAKE ELMO,7/22/2026 5:08:31 PM,WC26036779,"3XXX  Lake Elmo Ave N, LAKE ELMO",ALARM-BUSINESS/RES/FIRE/MEDICAL/ETC
WASHINGTON COUNTY SHERIFFS OFFICE,LAKE ELMO,7/22/2026 6:33:30 PM,WC26036795,"9XXX  5th Street Ln N, LAKE ELMO",ALARM-BUSINESS/RES/FIRE/MEDICAL/ETC
WASHINGTON COUNTY SHERIFFS OFFICE,LAKE ELMO,7/22/2026 9:31:26 PM,WC26036825,"8XXX  Lake Jane Trl N, LAKE ELMO",ORDINANCE VIOLATION
WASHINGTON COUNTY SHERIFFS OFFICE,LAKE ELMO,7/22/2026 10:05:00 PM,WC26036773,"XXX CIMARRON, LAKE ELMO",TRAFFIC STOP
WASHINGTON COUNTY SHERIFFS OFFICE,LAKE ELMO,7/23/2026 12:57:19 AM,WC26036860,"9XXX  4th St N, LAKE ELMO",SUSPICIOUS PERSON/ACTIVITY
WASHINGTON COUNTY SHERIFFS OFFICE,LAKE ELMO,7/23/2026 4:07:45 AM,WC26036871,"LAKE ELMO AVE N / HUDSON BLVD N, LAKE ELMO",TRAFFIC STOP
WASHINGTON COUNTY SHERIFFS OFFICE,LAKE ELMO,7/23/2026 4:40:42 AM,WC26036872,"4XXX  Stillwater Way N, LAKE ELMO",WELFARE CHECK
WASHINGTON COUNTY SHERIFFS OFFICE,LAKE ELMO,7/23/2026 8:16:35 AM,WC26036877,"34TH ST N, LAKE ELMO",TRAFFIC STOP
WASHINGTON COUNTY SHERIFFS OFFICE,LAKE ELMO,7/23/2026 8:47:07 AM,WC26036886,"XX Hwy 36 Eb At Manning Ave N, LAKE ELMO",DRIVING COMPLAINT
WASHINGTON COUNTY SHERIFFS OFFICE,LAKE ELMO,7/23/2026 11:14:15 AM,WC26036918,"8XXX  Eagle Point Blvd, LAKE ELMO",MEDICAL
WASHINGTON COUNTY SHERIFFS OFFICE,LAKE ELMO,7/23/2026 12:18:22 PM,WC26036927,"9XXX  Hudson Blvd N, LAKE ELMO",VEHICLE UNLOCK
WASHINGTON COUNTY SHERIFFS OFFICE,LAKE ELMO,7/23/2026 6:48:03 PM,WC26036995,"5TH ST N / LAVERNE AVE N, LAKE ELMO",PARKING COMPLAINT
WASHINGTON COUNTY SHERIFFS OFFICE,LAKE ELMO,7/23/2026 11:16:30 PM,WC26037037,"9XXX  Hudson Blvd N, LAKE ELMO",DRIVING COMPLAINT
WASHINGTON COUNTY SHERIFFS OFFICE,LAKE ELMO,7/23/2026 11:40:51 PM,WC26037039,"1XXX  KEATS AVE N, LAKE ELMO",CITIZEN/PUBLIC ASSIST
WASHINGTON COUNTY SHERIFFS OFFICE,LAKE ELMO,7/24/2026 12:07:54 AM,WC26037043,"11XXX  Upper 33rd St N, LAKE ELMO",OFFICER INFORMATION
WASHINGTON COUNTY SHERIFFS OFFICE,LAKE ELMO,7/24/2026 1:20:34 PM,WC26037168,"XXX Lake Elmo Ave N, LAKE ELMO",BURGLARY
WASHINGTON COUNTY SHERIFFS OFFICE,LAKE ELMO,7/24/2026 1:30:27 PM,WC26037177,"3XXX  Isle Ct N, LAKE ELMO",911 ABANDONED/HANGUP/OPEN LINE
WASHINGTON COUNTY SHERIFFS OFFICE,LAKE ELMO,7/24/2026 1:50:31 PM,WC26037176,"Kimbro Ave N / 47th St N, LAKE ELMO",DRIVING COMPLAINT
WASHINGTON COUNTY SHERIFFS OFFICE,LAKE ELMO,7/24/2026 2:19:04 PM,WC26037184,"Keats Ave N / Stillwater Blvd N, LAKE ELMO",DRIVING COMPLAINT
WASHINGTON COUNTY SHERIFFS OFFICE,LAKE ELMO,7/24/2026 2:28:25 PM,WC26037185,"HWY 36 JEO DEMOM, LAKE ELMO",TRAFFIC STOP
WASHINGTON COUNTY SHERIFFS OFFICE,LAKE ELMO,7/24/2026 3:31:33 PM,WC26037204,"3XXX  Lake Elmo Ave N, LAKE ELMO",FOLLOW UP
WASHINGTON COUNTY SHERIFFS OFFICE,LAKE ELMO,7/24/2026 4:56:03 PM,WC26037217,"9XXX  LAKE JANE TRL N, LAKE ELMO",FOLLOW UP
WASHINGTON COUNTY SHERIFFS OFFICE,LAKE ELMO,7/24/2026 6:40:14 PM,WC26037239,"9XXX  Hudson Blvd N, LAKE ELMO",WELFARE CHECK
WASHINGTON COUNTY SHERIFFS OFFICE,LAKE ELMO,7/24/2026 8:00:46 PM,WC26037245,"8XXX  Lake Jane Trl N, LAKE ELMO",NOISE COMPLAINT/DISTURBANCE
WASHINGTON COUNTY SHERIFFS OFFICE,LAKE ELMO,7/24/2026 8:00:54 PM,WC26037244,"Hwy 36 Eb Jeo Keats Ave N, LAKE ELMO",ASSIST OTHER AGENCY
WASHINGTON COUNTY SHERIFFS OFFICE,LAKE ELMO,7/24/2026 10:40:00 PM,WC26037281,"STILLWATER BLVD N & STILLWATER LN N, LAKE ELMO",TRAFFIC STOP
WASHINGTON COUNTY SHERIFFS OFFICE,LAKE ELMO,7/25/2026 7:32:42 AM,WC26037327,"3XXX  Laverne Ave N, LAKE ELMO",THREATS
WASHINGTON COUNTY SHERIFFS OFFICE,LAKE ELMO,7/25/2026 10:32:34 AM,WC26037349,"1XXX  Keats Ave N, LAKE ELMO",ANIMAL COMPLAINT
WASHINGTON COUNTY SHERIFFS OFFICE,LAKE ELMO,7/25/2026 12:23:33 PM,WC26037363,"30th St N / Manning Ave N, LAKE ELMO",FIGHT
WASHINGTON COUNTY SHERIFFS OFFICE,LAKE ELMO,7/25/2026 1:24:46 PM,WC26037369,"XXX Manning Ave N, LAKE ELMO",ACCIDENT
WASHINGTON COUNTY SHERIFFS OFFICE,LAKE ELMO,7/25/2026 5:48:43 PM,WC26037424,"2XXX  Keats Ave N, LAKE ELMO",PARKING COMPLAINT
WASHINGTON COUNTY SHERIFFS OFFICE,LAKE ELMO,7/25/2026 8:25:22 PM,WC26037452,"8XXX  Lake Jane Trl N, LAKE ELMO",NOISE COMPLAINT/DISTURBANCE
WASHINGTON COUNTY SHERIFFS OFFICE,LAKE ELMO,7/25/2026 9:48:17 PM,WC26037466,"KEATS AVE N / HUDSON BLVD N, LAKE ELMO",TRAFFIC STOP
WASHINGTON COUNTY SHERIFFS OFFICE,LAKE ELMO,7/25/2026 11:05:07 PM,WC26037479,"XX HWY 36 WB JWO MANNING AVE N, LAKE ELMO",ASSIST OTHER AGENCY
WASHINGTON COUNTY SHERIFFS OFFICE,LAKE ELMO,7/25/2026 11:20:49 PM,WC26037483,"8XXX  Hidden Bay Trl N, LAKE ELMO",MEDICAL
WASHINGTON COUNTY SHERIFFS OFFICE,LAKE SAINT CROIX BEACH,7/19/2026 6:22:14 PM,WC26036188,"Riviera Ave S / 19th St S, LAKE SAINT CROIX BEACH",DISTURBANCE
WASHINGTON COUNTY SHERIFFS OFFICE,LAKE SAINT CROIX BEACH,7/21/2026 4:20:00 PM,WC26036553,"Quentin Ave S / 19th St S, LAKE SAINT CROIX BEACH",PARKING COMPLAINT
WASHINGTON COUNTY SHERIFFS OFFICE,LAKE SAINT CROIX BEACH,7/24/2026 6:39:50 PM,WC26037238,"16XXX  Upper 22nd St S, LAKE SAINT CROIX BEACH",FRAUD/SCAM
WASHINGTON COUNTY SHERIFFS OFFICE,LAKE SAINT CROIX BEACH,7/25/2026 5:11:15 PM,WC26037415,"SAINT CROIX TRL S / UPPER 22ND ST S, LAKE SAINT CROIX BEACH",ACCIDENT
WASHINGTON COUNTY SHERIFFS OFFICE,LAKELAND,7/20/2026 3:32:32 PM,WC26036358,"XXX Quinlan Ave N, LAKELAND",FRAUD/SCAM
WASHINGTON COUNTY SHERIFFS OFFICE,LAKELAND,7/21/2026 2:34:08 PM,WC26036518,"Saint Croix River Jso I94 Bridge-ll, LAKELAND",WATER INCIDENT/VIOLATION
WASHINGTON COUNTY SHERIFFS OFFICE,LAKELAND,7/21/2026 9:42:05 PM,WC26036593,"XXX Saint Croix Trl S, LAKELAND",DRIVING COMPLAINT
WASHINGTON COUNTY SHERIFFS OFFICE,LAKELAND,7/23/2026 9:12:43 AM,WC26036894,"XXX Quixote Ave N, LAKELAND",FOUND PROPERTY/ITEM
WASHINGTON COUNTY SHERIFFS OFFICE,LAKELAND,7/23/2026 4:39:05 PM,WC26036979,"16XXX  3rd St S, LAKELAND",SUSPICIOUS PERSON/ACTIVITY
WASHINGTON COUNTY SHERIFFS OFFICE,LAKELAND,7/25/2026 8:22:11 AM,WC26037329,"1XXX  RIVERCREST RD N, LAKELAND",SUSPICIOUS PERSON/ACTIVITY
WASHINGTON COUNTY SHERIFFS OFFICE,LANDFALL,7/20/2026 6:02:39 PM,WC26036374,"XX - 52 ASPEN WAY, LANDFALL",COMMUNITY CONTACT
WASHINGTON COUNTY SHERIFFS OFFICE,LANDFALL,7/22/2026 12:50:00 AM,WC26036615,"IVY LN & LINDEN LN, LANDFALL",PARKING VIOLATION
WASHINGTON COUNTY SHERIFFS OFFICE,LANDFALL,7/22/2026 9:41:54 AM,WC26036676,"XX Aspen Way, LANDFALL",WELFARE CHECK
WASHINGTON COUNTY SHERIFFS OFFICE,LANDFALL,7/22/2026 10:13:25 AM,WC26036682,"XX GARDEN GLN, LANDFALL",WARRANT ARREST
WASHINGTON COUNTY SHERIFFS OFFICE,MAHTOMEDI,7/19/2026 1:13:13 AM,WC26036074,"STILLWATER RD / MAHTOMEDI AVE, MAHTOMEDI",TRAFFIC STOP
WASHINGTON COUNTY SHERIFFS OFFICE,MAHTOMEDI,7/19/2026 1:47:53 AM,WC26036082,"XXX Wildwood Rd, MAHTOMEDI",DEATH INVESTIGATION
WASHINGTON COUNTY SHERIFFS OFFICE,MAHTOMEDI,7/19/2026 2:10:26 AM,WC26036086,"XXX Wildwood Rd, MAHTOMEDI",MEDICAL
WASHINGTON COUNTY SHERIFFS OFFICE,MAHTOMEDI,7/19/2026 9:38:58 AM,WC26036115,"Unknown, MAHTOMEDI",CITIZEN/PUBLIC ASSIST
WASHINGTON COUNTY SHERIFFS OFFICE,MAHTOMEDI,7/19/2026 10:53:17 AM,WC26036124,"XXX Pineridge Ct, MAHTOMEDI",911 ABANDONED/HANGUP/OPEN LINE
WASHINGTON COUNTY SHERIFFS OFFICE,MAHTOMEDI,7/19/2026 12:24:00 PM,WC26036135,"XX MAHTOMEDI AVE, MAHTOMEDI",TRAFFIC STOP
WASHINGTON COUNTY SHERIFFS OFFICE,MAHTOMEDI,7/19/2026 12:33:11 PM,WC26036136,"XXX Ledgestone Dr, MAHTOMEDI",WELFARE CHECK
WASHINGTON COUNTY SHERIFFS OFFICE,MAHTOMEDI,7/19/2026 2:53:19 PM,WC26036149,"XXX Wildwood Rd, MAHTOMEDI",MEDICAL
WASHINGTON COUNTY SHERIFFS OFFICE,MAHTOMEDI,7/19/2026 5:36:57 PM,WC26036179,"Mcgregor Ave S / Stillwater Rd, MAHTOMEDI",ANIMAL COMPLAINT
WASHINGTON COUNTY SHERIFFS OFFICE,MAHTOMEDI,7/19/2026 8:20:02 PM,WC26036203,"XXX Quail St, MAHTOMEDI",ALARM-BUSINESS/RES/FIRE/MEDICAL/ETC
WASHINGTON COUNTY SHERIFFS OFFICE,MAHTOMEDI,7/19/2026 9:34:00 PM,WC26036213,"HWY 120 AT CENTURY COLLEGE, MAHTOMEDI",TRAFFIC STOP
WASHINGTON COUNTY SHERIFFS OFFICE,MAHTOMEDI,7/19/2026 10:06:16 PM,WC26036220,"XXX Woodland Dr, MAHTOMEDI",MEDICAL
WASHINGTON COUNTY SHERIFFS OFFICE,MAHTOMEDI,7/20/2026 3:20:59 PM,WC26036351,"XX Long Lake Rd, MAHTOMEDI",MEDICAL
WASHINGTON COUNTY SHERIFFS OFFICE,MAHTOMEDI,7/20/2026 4:13:10 PM,WC26036362,"XXX Edgecumbe Dr, MAHTOMEDI",SUSPICIOUS PERSON/ACTIVITY
WASHINGTON COUNTY SHERIFFS OFFICE,MAHTOMEDI,7/20/2026 5:01:04 PM,WC26036366,"XXX Forest Ave, MAHTOMEDI",MEDICAL
WASHINGTON COUNTY SHERIFFS OFFICE,MAHTOMEDI,7/20/2026 6:31:48 PM,WC26036379,"XXX East Ave, MAHTOMEDI",MEDICAL
WASHINGTON COUNTY SHERIFFS OFFICE,MAHTOMEDI,7/20/2026 9:14:27 PM,WC26036393,"XXX Edgecumbe Dr, MAHTOMEDI",ALARM-BUSINESS/RES/FIRE/MEDICAL/ETC
WASHINGTON COUNTY SHERIFFS OFFICE,MAHTOMEDI,7/21/2026 12:39:52 AM,WC26036415,"XX Long Lake Rd, MAHTOMEDI",911 ABANDONED/HANGUP/OPEN LINE
WASHINGTON COUNTY SHERIFFS OFFICE,MAHTOMEDI,7/21/2026 8:24:50 AM,WC26036439,"XX Long Lake Rd, MAHTOMEDI",911 ABANDONED/HANGUP/OPEN LINE
WASHINGTON COUNTY SHERIFFS OFFICE,MAHTOMEDI,7/21/2026 9:39:13 AM,WC26036472,"XXX East Ave, MAHTOMEDI",OFFICER INFORMATION
WASHINGTON COUNTY SHERIFFS OFFICE,MAHTOMEDI,7/21/2026 10:16:51 AM,WC26036479,"Quail St / Briarwood Ave, MAHTOMEDI",FOUND PROPERTY/ITEM
WASHINGTON COUNTY SHERIFFS OFFICE,MAHTOMEDI,7/21/2026 11:56:32 AM,WC26036497,"XXX Wedgewood Dr, MAHTOMEDI",FOLLOW UP
WASHINGTON COUNTY SHERIFFS OFFICE,MAHTOMEDI,7/21/2026 12:36:07 PM,WC26036504,"XXX Wildwood Rd, MAHTOMEDI",ALARM-BUSINESS/RES/FIRE/MEDICAL/ETC
WASHINGTON COUNTY SHERIFFS OFFICE,MAHTOMEDI,7/21/2026 3:20:03 PM,WC26036526,"XXX Glendale Ave, MAHTOMEDI",DANGEROUS/POTENTIALLY DANGEROUS DOG
WASHINGTON COUNTY SHERIFFS OFFICE,MAHTOMEDI,7/21/2026 3:42:09 PM,WC26036537,"Unknown, MAHTOMEDI",COUNTERFEIT/FORGERY
WASHINGTON COUNTY SHERIFFS OFFICE,MAHTOMEDI,7/21/2026 4:08:29 PM,WC26036547,"XXX Wildwood Rd, MAHTOMEDI",HARASSMENT
WASHINGTON COUNTY SHERIFFS OFFICE,MAHTOMEDI,7/21/2026 4:49:47 PM,WC26036559,"XXX Forest Ave, MAHTOMEDI",THREATS
WASHINGTON COUNTY SHERIFFS OFFICE,MAHTOMEDI,7/21/2026 7:05:38 PM,WC26036573,"XXX GLENDALE AVE, MAHTOMEDI",FOLLOW UP
WASHINGTON COUNTY SHERIFFS OFFICE,MAHTOMEDI,7/21/2026 9:41:00 PM,WC26036592,"XX LONG LAKE RD, MAHTOMEDI",PARKING VIOLATION
WASHINGTON COUNTY SHERIFFS OFFICE,MAHTOMEDI,7/22/2026 1:12:57 AM,WC26036618,"EAST COUNTY LINE RD, MAHTOMEDI",NOISE COMPLAINT/DISTURBANCE
WASHINGTON COUNTY SHERIFFS OFFICE,MAHTOMEDI,7/22/2026 1:58:00 AM,WC26036625,"EAST COUNTY LINE RD, MAHTOMEDI",TRAFFIC STOP
WASHINGTON COUNTY SHERIFFS OFFICE,MAHTOMEDI,7/22/2026 2:07:30 AM,WC26036627,"XXX Woodland Ct, MAHTOMEDI",MEDICAL
WASHINGTON COUNTY SHERIFFS OFFICE,MAHTOMEDI,7/22/2026 7:26:55 AM,WC26036641,"XX LONG LAKE RD, MAHTOMEDI",DISTURBANCE
WASHINGTON COUNTY SHERIFFS OFFICE,MAHTOMEDI,7/22/2026 8:13:39 AM,WC26036646,"Unknown, MAHTOMEDI",ASSIST OTHER AGENCY
WASHINGTON COUNTY SHERIFFS OFFICE,MAHTOMEDI,7/22/2026 9:29:36 AM,WC26036674,"XX Long Lake Rd, MAHTOMEDI",MEDICAL
WASHINGTON COUNTY SHERIFFS OFFICE,MAHTOMEDI,7/22/2026 10:15:38 AM,WC26036684,"XXX Wildwood Rd, MAHTOMEDI",DISTURBANCE
WASHINGTON COUNTY SHERIFFS OFFICE,MAHTOMEDI,7/22/2026 10:35:57 AM,WC26036688,"XXX Maple St, MAHTOMEDI",SUSPICIOUS PERSON/ACTIVITY
WASHINGTON COUNTY SHERIFFS OFFICE,MAHTOMEDI,7/22/2026 11:05:19 AM,WC26036700,"XXX MAPLE ST, MAHTOMEDI",ACCIDENT
WASHINGTON COUNTY SHERIFFS OFFICE,MAHTOMEDI,7/22/2026 1:44:38 PM,WC26036742,"XXX Florence Ave, MAHTOMEDI",ANIMAL COMPLAINT
WASHINGTON COUNTY SHERIFFS OFFICE,MAHTOMEDI,7/22/2026 2:59:59 PM,WC26036754,"XXX Sterling Ct, MAHTOMEDI",TRESPASSING
WASHINGTON COUNTY SHERIFFS OFFICE,MAHTOMEDI,7/22/2026 3:47:45 PM,WC26036762,"XX Long Lake Rd, MAHTOMEDI",ACCIDENT
WASHINGTON COUNTY SHERIFFS OFFICE,MAHTOMEDI,7/22/2026 5:52:00 PM,WC26036788,"XXX - 451 LINCOLNTOWN AVE, MAHTOMEDI",TRAFFIC STOP
WASHINGTON COUNTY SHERIFFS OFFICE,MAHTOMEDI,7/22/2026 6:36:39 PM,WC26036796,"XX Birch St, MAHTOMEDI",THREATS
WASHINGTON COUNTY SHERIFFS OFFICE,MAHTOMEDI,7/23/2026 7:02:34 AM,WC26036875,"XXX Wildwood Rd, MAHTOMEDI",ANIMAL COMPLAINT
WASHINGTON COUNTY SHERIFFS OFFICE,MAHTOMEDI,7/23/2026 8:16:29 AM,WC26036878,"XXX Spruce St, MAHTOMEDI",PARKING VIOLATION
WASHINGTON COUNTY SHERIFFS OFFICE,MAHTOMEDI,7/23/2026 8:17:50 AM,WC26036879,"XXX East Ave, MAHTOMEDI",WELFARE CHECK
WASHINGTON COUNTY SHERIFFS OFFICE,MAHTOMEDI,7/23/2026 8:36:38 AM,WC26036884,"XX Mahtomedi Ave, MAHTOMEDI",ALARM-BUSINESS/RES/FIRE/MEDICAL/ETC
WASHINGTON COUNTY SHERIFFS OFFICE,MAHTOMEDI,7/23/2026 10:16:39 AM,WC26036906,"XXX Dahlia St, MAHTOMEDI",SUSPICIOUS PERSON/ACTIVITY
WASHINGTON COUNTY SHERIFFS OFFICE,MAHTOMEDI,7/23/2026 12:07:41 PM,WC26036926,"XX - 98 KILBIRNIE WAY, MAHTOMEDI",FOLLOW UP
WASHINGTON COUNTY SHERIFFS OFFICE,MAHTOMEDI,7/23/2026 2:57:01 PM,WC26036953,"XX OLD WILDWOOD RD, MAHTOMEDI",COMMUNITY CONTACT
WASHINGTON COUNTY SHERIFFS OFFICE,MAHTOMEDI,7/23/2026 5:29:19 PM,WC26036990,"3XXX  Century Ave, MAHTOMEDI",FOLLOW UP
WASHINGTON COUNTY SHERIFFS OFFICE,MAHTOMEDI,7/23/2026 8:57:23 PM,WC26037015,"HICKORY ST / WARNER AVE N, MAHTOMEDI",ANIMAL COMPLAINT
WASHINGTON COUNTY SHERIFFS OFFICE,MAHTOMEDI,7/23/2026 11:26:51 PM,WC26037038,"XXX Wedgewood Dr, MAHTOMEDI",DISTURBANCE
WASHINGTON COUNTY SHERIFFS OFFICE,MAHTOMEDI,7/24/2026 3:53:27 AM,WC26037066,"XX Mahtomedi Ave, MAHTOMEDI",ALARM-BUSINESS/RES/FIRE/MEDICAL/ETC
WASHINGTON COUNTY SHERIFFS OFFICE,MAHTOMEDI,7/24/2026 9:46:17 AM,WC26037126,"Mahtomedi Ave / Maple St, MAHTOMEDI",ANIMAL COMPLAINT
WASHINGTON COUNTY SHERIFFS OFFICE,MAHTOMEDI,7/24/2026 10:20:37 AM,WC26037146,"XXX Woodland Ct, MAHTOMEDI",MEDICAL
WASHINGTON COUNTY SHERIFFS OFFICE,MAHTOMEDI,7/24/2026 10:45:13 AM,WC26037155,"XXX Stillwater Rd, MAHTOMEDI",PROPERTY DAMAGE
WASHINGTON COUNTY SHERIFFS OFFICE,MAHTOMEDI,7/24/2026 10:50:14 AM,WC26037151,"XXX Eastgate Pkwy, MAHTOMEDI",VEHICLE UNLOCK
WASHINGTON COUNTY SHERIFFS OFFICE,MAHTOMEDI,7/24/2026 3:22:48 PM,WC26037201,"XXX Woodland Court, MAHTOMEDI",FOUND PROPERTY/ITEM
WASHINGTON COUNTY SHERIFFS OFFICE,MAHTOMEDI,7/24/2026 3:35:03 PM,WC26037203,"XXX Wildwood Rd, MAHTOMEDI",FOLLOW UP
WASHINGTON COUNTY SHERIFFS OFFICE,MAHTOMEDI,7/24/2026 4:50:42 PM,WC26037215,"XX Long Lake Rd, MAHTOMEDI",911 ABANDONED/HANGUP/OPEN LINE
WASHINGTON COUNTY SHERIFFS OFFICE,MAHTOMEDI,7/24/2026 6:06:09 PM,WC26037230,"3XXX  CENTURY AVE, MAHTOMEDI",FOUND PROPERTY/ITEM
WASHINGTON COUNTY SHERIFFS OFFICE,MAHTOMEDI,7/24/2026 10:07:05 PM,WC26037274,"XXX Wedgewood Dr, MAHTOMEDI",ANIMAL COMPLAINT
WASHINGTON COUNTY SHERIFFS OFFICE,MAHTOMEDI,7/25/2026 11:43:46 AM,WC26037359,"1XXX  Park Ave, MAHTOMEDI",OFFICER INFORMATION
WASHINGTON COUNTY SHERIFFS OFFICE,MAHTOMEDI,7/25/2026 1:17:00 PM,WC26037367,"1XXX  Park Ave, MAHTOMEDI",PARKING VIOLATION
WASHINGTON COUNTY SHERIFFS OFFICE,MAHTOMEDI,7/25/2026 1:20:40 PM,WC26037368,"XXX Wildwood Rd, MAHTOMEDI",VEHICLE UNLOCK
WASHINGTON COUNTY SHERIFFS OFFICE,MAHTOMEDI,7/25/2026 3:56:36 PM,WC26037395,"XXX Wildwood Rd, MAHTOMEDI",NOISE COMPLAINT/DISTURBANCE
WASHINGTON COUNTY SHERIFFS OFFICE,MAHTOMEDI,7/25/2026 4:53:29 PM,WC26037409,"XXX Wildridge Ct, MAHTOMEDI",ALARM-BUSINESS/RES/FIRE/MEDICAL/ETC
WASHINGTON COUNTY SHERIFFS OFFICE,MAHTOMEDI,7/25/2026 11:40:32 PM,WC26037485,"3XXX  CENTURY AVE, MAHTOMEDI",SUSPICIOUS PERSON/ACTIVITY
WASHINGTON COUNTY SHERIFFS OFFICE,MARINE ON SAINT CROIX,7/20/2026 1:01:39 PM,WC26036310,"SAINT CROIX TRL N / CHESTNUT ST, MARINE ON SAINT CROIX",TRAFFIC STOP
WASHINGTON COUNTY SHERIFFS OFFICE,MARINE ON SAINT CROIX,7/21/2026 10:48:36 PM,WC26036597,"XXX Broadway St, MARINE ON SAINT CROIX",FOUND PROPERTY/ITEM
WASHINGTON COUNTY SHERIFFS OFFICE,MARINE ON SAINT CROIX,7/22/2026 7:58:29 AM,WC26036644,"XXX Nason Hill Rd, MARINE ON SAINT CROIX",ANIMAL COMPLAINT
WASHINGTON COUNTY SHERIFFS OFFICE,MARINE ON SAINT CROIX,7/22/2026 11:18:15 AM,WC26036708,"15XXX  Old Marine Trl N, MARINE ON SAINT CROIX",MEDICAL
WASHINGTON COUNTY SHERIFFS OFFICE,MARINE ON SAINT CROIX,7/23/2026 8:06:32 AM,WC26036876,"Saint Croix Trl N / Nason Hill Rd, MARINE ON SAINT CROIX",ACCIDENT
WASHINGTON COUNTY SHERIFFS OFFICE,MARINE ON SAINT CROIX,7/23/2026 8:07:31 PM,WC26037004,"XXX Chestnut St, MARINE ON SAINT CROIX",PUBLIC WORKS CONCERN
WASHINGTON COUNTY SHERIFFS OFFICE,MARINE ON SAINT CROIX,7/25/2026 6:52:35 AM,WC26037323,"XXX Broadway St, MARINE ON SAINT CROIX",MEDICAL
WASHINGTON COUNTY SHERIFFS OFFICE,MARINE ON SAINT CROIX,7/25/2026 6:37:32 PM,WC26037436,"XXX Judd St, MARINE ON SAINT CROIX",PARKING COMPLAINT
WASHINGTON COUNTY SHERIFFS OFFICE,MAY TOWNSHIP,7/20/2026 11:03:50 AM,WC26036283,"14XXX  Ozark Ave N, MAY TOWNSHIP",ANIMAL COMPLAINT
WASHINGTON COUNTY SHERIFFS OFFICE,MAY TOWNSHIP,7/20/2026 11:18:11 AM,WC26036291,"14XXX  Ostrum Trl N, MAY TOWNSHIP",MEDICAL
WASHINGTON COUNTY SHERIFFS OFFICE,MAY TOWNSHIP,7/20/2026 5:30:00 PM,WC26036371,"15XXX  SQUARE LAKE TRL N, MAY TOWNSHIP",TRAFFIC STOP
WASHINGTON COUNTY SHERIFFS OFFICE,MAY TOWNSHIP,7/20/2026 10:07:00 PM,WC26036403,"SQUARE LAKE TRL N / PARTRIDGE RD N, MAY TOWNSHIP",TRAFFIC STOP
WASHINGTON COUNTY SHERIFFS OFFICE,MAY TOWNSHIP,7/20/2026 11:16:30 PM,WC26036411,"11XXX  180th St N, MAY TOWNSHIP",CIVIL MATTER/DISPUTE
WASHINGTON COUNTY SHERIFFS OFFICE,MAY TOWNSHIP,7/21/2026 6:44:10 AM,WC26036429,"17XXX  Olinda Trl N, MAY TOWNSHIP",CIVIL MATTER/DISPUTE
WASHINGTON COUNTY SHERIFFS OFFICE,MAY TOWNSHIP,7/21/2026 3:43:30 PM,WC26036541,"11XXX  180th St N, MAY TOWNSHIP",CIVIL MATTER/DISPUTE
WASHINGTON COUNTY SHERIFFS OFFICE,MAY TOWNSHIP,7/22/2026 7:30:27 AM,WC26036642,"Norell Ave N / Square Lake Trl N, MAY TOWNSHIP",ANIMAL COMPLAINT
WASHINGTON COUNTY SHERIFFS OFFICE,MAY TOWNSHIP,7/22/2026 8:54:59 AM,WC26036651,"Manning Trl N / 142nd St N, MAY TOWNSHIP",TRAFFIC COMPLAINT
WASHINGTON COUNTY SHERIFFS OFFICE,MAY TOWNSHIP,7/22/2026 6:48:00 PM,WC26036797,"12XXX  Norell Avenue Ct N, MAY TOWNSHIP",CITIZEN/PUBLIC ASSIST
WASHINGTON COUNTY SHERIFFS OFFICE,MAY TOWNSHIP,7/22/2026 9:22:57 PM,WC26036824,"14XXX  Old Guslander Trl N, MAY TOWNSHIP",ALARM-BUSINESS/RES/FIRE/MEDICAL/ETC
WASHINGTON COUNTY SHERIFFS OFFICE,MAY TOWNSHIP,7/24/2026 3:06:36 PM,WC26037198,"Olinda Trl N / 170th St N, MAY TOWNSHIP",TRESPASSING
WASHINGTON COUNTY SHERIFFS OFFICE,MAY TOWNSHIP,7/25/2026 11:56:36 AM,WC26037360,"XX Moonlight Bay, MAY TOWNSHIP",FOLLOW UP
WASHINGTON COUNTY SHERIFFS OFFICE,MAY TOWNSHIP,7/25/2026 3:12:45 PM,WC26037384,"17XXX  Manning Trl N, MAY TOWNSHIP",911 ABANDONED/HANGUP/OPEN LINE
WASHINGTON COUNTY SHERIFFS OFFICE,MAY TOWNSHIP,7/25/2026 4:09:00 PM,WC26037399,"SQUARE LAKE TRL N / NORELL AVE N, MAY TOWNSHIP",TRAFFIC STOP
WASHINGTON COUNTY SHERIFFS OFFICE,MAY TOWNSHIP,7/25/2026 10:07:00 PM,WC26037448,"11XXX  SQUARE LAKE TRL N, MAY TOWNSHIP",TRAFFIC STOP
WASHINGTON COUNTY SHERIFFS OFFICE,NEWPORT,7/19/2026 1:56:33 AM,WC26036084,"1XXX  10th Ave, NEWPORT",CIVIL MATTER/DISPUTE
WASHINGTON COUNTY SHERIFFS OFFICE,NEWPORT,7/19/2026 3:35:39 AM,WC26036092,"XXX 10TH ST, NEWPORT",SUSPICIOUS PERSON/ACTIVITY
WASHINGTON COUNTY SHERIFFS OFFICE,NEWPORT,7/19/2026 4:16:23 AM,WC26036095,"XXX 18th St, NEWPORT",MEDICAL
WASHINGTON COUNTY SHERIFFS OFFICE,NEWPORT,7/19/2026 9:26:27 AM,WC26036113,"2XXX  Hastings Ave, NEWPORT",911 ABANDONED/HANGUP/OPEN LINE
WASHINGTON COUNTY SHERIFFS OFFICE,NEWPORT,7/19/2026 5:06:28 PM,WC26036170,"XXX 6th Ave, NEWPORT",CIVIL MATTER/DISPUTE
WASHINGTON COUNTY SHERIFFS OFFICE,NEWPORT,7/19/2026 6:43:57 PM,WC26036191,"XXX 6th Ave, NEWPORT",FIRE
WASHINGTON COUNTY SHERIFFS OFFICE,NEWPORT,7/19/2026 9:42:00 PM,WC26036215,"GLEN /11TH, NEWPORT",TRAFFIC STOP
WASHINGTON COUNTY SHERIFFS OFFICE,NEWPORT,7/19/2026 9:50:45 PM,WC26036218,"XXX Red Rock Xing, NEWPORT",UNWANTED PERSON/VEHICLE
WASHINGTON COUNTY SHERIFFS OFFICE,NEWPORT,7/19/2026 11:20:35 PM,WC26036224,"I494 EB JEO WAKOTA BRIDGE, NEWPORT",SUSPICIOUS PERSON/ACTIVITY
WASHINGTON COUNTY SHERIFFS OFFICE,NEWPORT,7/19/2026 11:36:00 PM,WC26036225,"Highway 61/ 70th st, NEWPORT",TRAFFIC STOP
WASHINGTON COUNTY SHERIFFS OFFICE,NEWPORT,7/20/2026 12:07:00 AM,WC26036229,"GLEN RD TO HWY 61 NB RAMP, NEWPORT",TRAFFIC STOP
WASHINGTON COUNTY SHERIFFS OFFICE,NEWPORT,7/20/2026 6:50:20 AM,WC26036242,"1XXX  Bailey Rd, NEWPORT",ALARM-BUSINESS/RES/FIRE/MEDICAL/ETC
WASHINGTON COUNTY SHERIFFS OFFICE,NEWPORT,7/20/2026 8:55:53 AM,WC26036255,"2XXX  2nd Ave, NEWPORT",MEDICAL
WASHINGTON COUNTY SHERIFFS OFFICE,NEWPORT,7/20/2026 11:08:01 AM,WC26036285,"1XXX  - 1199 7TH AVE, NEWPORT",DIRECTED PATROL
WASHINGTON COUNTY SHERIFFS OFFICE,NEWPORT,7/20/2026 11:16:00 AM,WC26036287,"POINT DOUGLAS RD / BAILEY RD, NEWPORT",TRAFFIC STOP
WASHINGTON COUNTY SHERIFFS OFFICE,NEWPORT,7/20/2026 11:20:00 AM,WC26036290,"7TH AVE / 12TH ST, NEWPORT",TRAFFIC STOP
WASHINGTON COUNTY SHERIFFS OFFICE,NEWPORT,7/20/2026 11:38:52 AM,WC26036293,"1XXX  Kolff Ct, NEWPORT",CITIZEN/PUBLIC ASSIST
WASHINGTON COUNTY SHERIFFS OFFICE,NEWPORT,7/20/2026 11:54:00 AM,WC26036296,"7TH AVE / 12TH ST, NEWPORT",TRAFFIC STOP
WASHINGTON COUNTY SHERIFFS OFFICE,NEWPORT,7/20/2026 2:00:51 PM,WC26036335,"1XXX  Hastings Ave, NEWPORT",ACCIDENT
WASHINGTON COUNTY SHERIFFS OFFICE,NEWPORT,7/20/2026 2:01:07 PM,WC26036333,"1XXX  11th Ave, NEWPORT",PUBLIC WORKS CONCERN
WASHINGTON COUNTY SHERIFFS OFFICE,NEWPORT,7/20/2026 2:30:17 PM,WC26036340,"1XXX  10th Ave, NEWPORT",FOLLOW UP
WASHINGTON COUNTY SHERIFFS OFFICE,NEWPORT,7/20/2026 2:44:28 PM,WC26036341,"1XXX  2nd Ave, NEWPORT",MISSING CHILD
WASHINGTON COUNTY SHERIFFS OFFICE,NEWPORT,7/20/2026 3:46:23 PM,WC26036354,"Unknown, NEWPORT",INCIDENT
WASHINGTON COUNTY SHERIFFS OFFICE,NEWPORT,7/20/2026 6:31:32 PM,WC26036378,"2XXX  Barry Dr, NEWPORT",911 ABANDONED/HANGUP/OPEN LINE
WASHINGTON COUNTY SHERIFFS OFFICE,NEWPORT,7/20/2026 6:45:17 PM,WC26036380,"Hastings Ave / Glen Rd, NEWPORT",SUSPICIOUS PERSON/ACTIVITY
WASHINGTON COUNTY SHERIFFS OFFICE,NEWPORT,7/20/2026 6:55:04 PM,WC26036381,"1XXX  4th Ave, NEWPORT",THREATS
WASHINGTON COUNTY SHERIFFS OFFICE,NEWPORT,7/20/2026 7:21:14 PM,WC26036383,"1XXX  10th Ave, NEWPORT",MEDICAL
WASHINGTON COUNTY SHERIFFS OFFICE,NEWPORT,7/20/2026 8:47:14 PM,WC26036391,"XXX Red Rock Rd, NEWPORT",FIRE
WASHINGTON COUNTY SHERIFFS OFFICE,NEWPORT,7/20/2026 9:54:23 PM,WC26036401,"XX Hwy 61 Sb To Glen Rd Ramp, NEWPORT",DRIVING COMPLAINT
WASHINGTON COUNTY SHERIFFS OFFICE,NEWPORT,7/20/2026 9:56:21 PM,WC26036402,"XXX Red Rock Xing, NEWPORT",ALARM-BUSINESS/RES/FIRE/MEDICAL/ETC
WASHINGTON COUNTY SHERIFFS OFFICE,NEWPORT,7/20/2026 11:01:24 PM,WC26036408,"2XXX  Maxwell Ave, NEWPORT",ALARM-BUSINESS/RES/FIRE/MEDICAL/ETC
WASHINGTON COUNTY SHERIFFS OFFICE,NEWPORT,7/20/2026 11:03:04 PM,WC26036410,"1XXX  10th Ave, NEWPORT",CONDITIONAL RELEASE VIOLATION
WASHINGTON COUNTY SHERIFFS OFFICE,NEWPORT,7/21/2026 1:23:00 AM,WC26036417,"BAILEY RD/  BAILEY CT, NEWPORT",TRAFFIC STOP
WASHINGTON COUNTY SHERIFFS OFFICE,NEWPORT,7/21/2026 5:20:27 AM,WC26036425,"XXX 6th St, NEWPORT",MEDICAL
WASHINGTON COUNTY SHERIFFS OFFICE,NEWPORT,7/21/2026 8:11:52 AM,WC26036436,"HWY 61 NB JNO GLEN RD, NEWPORT",MOTORIST ASSIST
WASHINGTON COUNTY SHERIFFS OFFICE,NEWPORT,7/21/2026 8:37:58 AM,WC26036443,"XXX Red Rock Xing, NEWPORT",MEDICAL
WASHINGTON COUNTY SHERIFFS OFFICE,NEWPORT,7/21/2026 9:36:42 AM,WC26036471,"XXX Hastings Ave, NEWPORT",PROPERTY DAMAGE
WASHINGTON COUNTY SHERIFFS OFFICE,NEWPORT,7/21/2026 9:40:40 AM,WC26036474,"1XXX  - 1199 7TH AVE, NEWPORT",DIRECTED PATROL
WASHINGTON COUNTY SHERIFFS OFFICE,NEWPORT,7/21/2026 9:46:00 AM,WC26036475,"7TH AVE / 12TH ST, NEWPORT",TRAFFIC STOP
WASHINGTON COUNTY SHERIFFS OFFICE,NEWPORT,7/21/2026 11:04:03 AM,WC26036486,"2XXX  Larry Ln, NEWPORT",MEDICAL
WASHINGTON COUNTY SHERIFFS OFFICE,NEWPORT,7/21/2026 2:42:05 PM,WC26036521,"1XXX  Mark Ct, NEWPORT",MEDICAL
WASHINGTON COUNTY SHERIFFS OFFICE,NEWPORT,7/21/2026 3:25:03 PM,WC26036531,"I494 Nb At Bailey Rd, NEWPORT",TRAFFIC COMPLAINT
WASHINGTON COUNTY SHERIFFS OFFICE,NEWPORT,7/21/2026 4:06:00 PM,WC26036545,"BAILEY RD / MILITARY RD, NEWPORT",TRAFFIC STOP
WASHINGTON COUNTY SHERIFFS OFFICE,NEWPORT,7/21/2026 4:19:53 PM,WC26036551,"XXX 14th St, NEWPORT",ALARM-BUSINESS/RES/FIRE/MEDICAL/ETC
WASHINGTON COUNTY SHERIFFS OFFICE,NEWPORT,7/21/2026 6:13:12 PM,WC26036570,"2XXX  1ST AVE, NEWPORT",VEHICLE TAMPERING
WASHINGTON COUNTY SHERIFFS OFFICE,NEWPORT,7/21/2026 6:29:17 PM,WC26036571,"Hwy 61 Sb Jso I494, NEWPORT",ASSIST OTHER AGENCY
WASHINGTON COUNTY SHERIFFS OFFICE,NEWPORT,7/21/2026 9:39:54 PM,WC26036591,"1XXX  WILD RIDGE TRL, NEWPORT",SUSPICIOUS PERSON/ACTIVITY
WASHINGTON COUNTY SHERIFFS OFFICE,NEWPORT,7/21/2026 9:44:00 PM,WC26036594,"High St/ 10th Ave, NEWPORT",SUSPICIOUS PERSON/ACTIVITY
WASHINGTON COUNTY SHERIFFS OFFICE,NEWPORT,7/21/2026 11:51:42 PM,WC26036606,"1XXX  3rd Ave, NEWPORT",CIVIL MATTER/DISPUTE
WASHINGTON COUNTY SHERIFFS OFFICE,NEWPORT,7/22/2026 12:42:25 AM,WC26036613,"1XXX  Hastings Ave, NEWPORT",VEHICLE TAMPERING
WASHINGTON COUNTY SHERIFFS OFFICE,NEWPORT,7/22/2026 2:08:46 AM,WC26036626,"2XXX  - 2099 HASTINGS AVE, NEWPORT",DIRECTED PATROL
WASHINGTON COUNTY SHERIFFS OFFICE,NEWPORT,7/22/2026 2:35:54 PM,WC26036763,"2XXX  CIRCLE DR, NEWPORT",FRAUD/SCAM
WASHINGTON COUNTY SHERIFFS OFFICE,NEWPORT,7/23/2026 1:02:28 AM,WC26036861,"XXX 4th St, NEWPORT",ANIMAL COMPLAINT
WASHINGTON COUNTY SHERIFFS OFFICE,NEWPORT,7/23/2026 9:39:00 AM,WC26036900,"HWY 61 NB JNO 70TH ST S, NEWPORT",TRAFFIC STOP
WASHINGTON COUNTY SHERIFFS OFFICE,NEWPORT,7/23/2026 11:25:32 AM,WC26036921,"2XXX  Circle Dr, NEWPORT",FRAUD/SCAM
WASHINGTON COUNTY SHERIFFS OFFICE,NEWPORT,7/23/2026 1:14:23 PM,WC26036935,"1XXX  Mark Ct, NEWPORT",ANIMAL COMPLAINT
WASHINGTON COUNTY SHERIFFS OFFICE,NEWPORT,7/23/2026 3:19:42 PM,WC26036963,"2XXX  Hastings Ave, NEWPORT",ANIMAL COMPLAINT
WASHINGTON COUNTY SHERIFFS OFFICE,NEWPORT,7/23/2026 5:08:50 PM,WC26036984,"4th St / 4th Ave, NEWPORT",ACCIDENT
WASHINGTON COUNTY SHERIFFS OFFICE,NEWPORT,7/23/2026 6:18:16 PM,WC26036992,"Mississippi River Jno Wakota Bridge-np, NEWPORT",911 ABANDONED/HANGUP/OPEN LINE
WASHINGTON COUNTY SHERIFFS OFFICE,NEWPORT,7/23/2026 7:08:16 PM,WC26036997,"1XXX  3rd Ave, NEWPORT",PUBLIC WORKS CONCERN
WASHINGTON COUNTY SHERIFFS OFFICE,NEWPORT,7/23/2026 8:12:25 PM,WC26037007,"XXX 21st St, NEWPORT",ANIMAL COMPLAINT
WASHINGTON COUNTY SHERIFFS OFFICE,NEWPORT,7/23/2026 8:32:57 PM,WC26037011,"XXX 15th St, NEWPORT",SUSPICIOUS PERSON/ACTIVITY
WASHINGTON COUNTY SHERIFFS OFFICE,NEWPORT,7/23/2026 10:04:30 PM,WC26037021,"1XXX  10th Ave, NEWPORT",FOLLOW UP
WASHINGTON COUNTY SHERIFFS OFFICE,NEWPORT,7/23/2026 10:28:32 PM,WC26037025,"1XXX  Mark Ct, NEWPORT",PARKING COMPLAINT
WASHINGTON COUNTY SHERIFFS OFFICE,NEWPORT,7/23/2026 10:30:59 PM,WC26037031,"1XXX  10th Ave, NEWPORT",SUSPICIOUS PERSON/ACTIVITY
WASHINGTON COUNTY SHERIFFS OFFICE,NEWPORT,7/24/2026 3:00:45 AM,WC26037065,"2XXX  Larry Ln, NEWPORT",MEDICAL
WASHINGTON COUNTY SHERIFFS OFFICE,NEWPORT,7/24/2026 7:35:18 AM,WC26037075,"Hastings Ave / 65th St, NEWPORT",THEFT
WASHINGTON COUNTY SHERIFFS OFFICE,NEWPORT,7/24/2026 7:40:08 AM,WC26037077,"Hwy 61 Sb Jso Bailey Rd, NEWPORT",TRAFFIC COMPLAINT
WASHINGTON COUNTY SHERIFFS OFFICE,NEWPORT,7/24/2026 9:21:57 AM,WC26037117,"Maxwell Ave / Bailey Rd, NEWPORT",CITIZEN/PUBLIC ASSIST
WASHINGTON COUNTY SHERIFFS OFFICE,NEWPORT,7/24/2026 9:36:00 AM,WC26037124,"XXX Red Rock Xing, NEWPORT",MEDICAL
WASHINGTON COUNTY SHERIFFS OFFICE,NEWPORT,7/24/2026 10:36:27 AM,WC26037149,"I494 EB TO HWY 61 SB RAMP, NEWPORT",TRAFFIC CRASH
WASHINGTON COUNTY SHERIFFS OFFICE,NEWPORT,7/24/2026 11:09:16 AM,WC26037157,"1XXX  10th Ave, NEWPORT",CIVIL MATTER/DISPUTE
WASHINGTON COUNTY SHERIFFS OFFICE,NEWPORT,7/24/2026 11:58:03 AM,WC26037160,"XXX TULARE TER, NEWPORT",911 ABANDONED/HANGUP/OPEN LINE
WASHINGTON COUNTY SHERIFFS OFFICE,NEWPORT,7/24/2026 5:18:49 PM,WC26037221,"1XXX  10th Ave, NEWPORT",THEFT FROM MOTOR VEHICLE
WASHINGTON COUNTY SHERIFFS OFFICE,NEWPORT,7/24/2026 6:22:17 PM,WC26037233,"I494 SB AT BAILEY RD, NEWPORT",ASSIST OTHER AGENCY
WASHINGTON COUNTY SHERIFFS OFFICE,NEWPORT,7/24/2026 7:35:10 PM,WC26037243,"1XXX  8th Ave, NEWPORT",ANIMAL COMPLAINT
WASHINGTON COUNTY SHERIFFS OFFICE,NEWPORT,7/24/2026 10:22:25 PM,WC26037278,"I494 Wb Jwo Maxwell Ave, NEWPORT",DRIVING COMPLAINT
WASHINGTON COUNTY SHERIFFS OFFICE,NEWPORT,7/24/2026 11:39:27 PM,WC26037292,"1XXX  10th Ave, NEWPORT",CITIZEN/PUBLIC ASSIST
WASHINGTON COUNTY SHERIFFS OFFICE,NEWPORT,7/25/2026 12:10:39 AM,WC26037296,"1XXX  3rd Ave, NEWPORT",FOLLOW UP
WASHINGTON COUNTY SHERIFFS OFFICE,NEWPORT,7/25/2026 1:51:00 AM,WC26037309,"HWY 61 SB JNO GLEN ROAD, NEWPORT",TRAFFIC STOP
WASHINGTON COUNTY SHERIFFS OFFICE,NEWPORT,7/25/2026 9:58:00 AM,WC26037343,"1XXX  10th Ave, NEWPORT",WARRANT ARREST
WASHINGTON COUNTY SHERIFFS OFFICE,NEWPORT,7/25/2026 10:16:58 AM,WC26037348,"2nd Ave / Cedar Ln, NEWPORT",PUBLIC WORKS CONCERN
WASHINGTON COUNTY SHERIFFS OFFICE,NEWPORT,7/25/2026 11:05:54 AM,WC26037355,"XXX High St, NEWPORT",MEDICAL
WASHINGTON COUNTY SHERIFFS OFFICE,NEWPORT,7/25/2026 1:07:12 PM,WC26037365,"1XXX  10th Ave, NEWPORT",CIVIL MATTER/DISPUTE
WASHINGTON COUNTY SHERIFFS OFFICE,NEWPORT,7/25/2026 2:02:01 PM,WC26037374,"1XXX  Hastings Ave, NEWPORT",FRAUD/SCAM
WASHINGTON COUNTY SHERIFFS OFFICE,NEWPORT,7/25/2026 3:10:33 PM,WC26037383,"1XXX  10th Ave, NEWPORT",ALARM-BUSINESS/RES/FIRE/MEDICAL/ETC
WASHINGTON COUNTY SHERIFFS OFFICE,NEWPORT,7/25/2026 3:14:50 PM,WC26037385,"1XXX  5th Ave, NEWPORT",911 ABANDONED/HANGUP/OPEN LINE
WASHINGTON COUNTY SHERIFFS OFFICE,NEWPORT,7/25/2026 4:11:02 PM,WC26037400,"1XXX  10TH AVE, NEWPORT",WARRANT ATTEMPT
WASHINGTON COUNTY SHERIFFS OFFICE,NEWPORT,7/25/2026 5:51:27 PM,WC26037425,"1XXX  10th Ave, NEWPORT",MEDICAL
WASHINGTON COUNTY SHERIFFS OFFICE,NEWPORT,7/25/2026 6:10:12 PM,WC26037428,"1XXX  3rd Ave, NEWPORT",CITIZEN/PUBLIC ASSIST
WASHINGTON COUNTY SHERIFFS OFFICE,NEWPORT,7/25/2026 9:46:32 PM,WC26037465,"2XXX  - 2098 HASTINGS AVE, NEWPORT",DIRECTED PATROL
WASHINGTON COUNTY SHERIFFS OFFICE,NEWPORT,7/25/2026 9:50:25 PM,WC26037467,"1XXX  - 1298 BAILEY RD, NEWPORT",DIRECTED PATROL
WASHINGTON COUNTY SHERIFFS OFFICE,OAK PARK HEIGHTS,7/19/2026 3:15:11 AM,WC26036091,"14XXX  58th St N, OAK PARK HEIGHTS",ASSIST OTHER AGENCY
WASHINGTON COUNTY SHERIFFS OFFICE,OAK PARK HEIGHTS,7/23/2026 9:13:19 AM,WC26036895,"14XXX  58th St N, OAK PARK HEIGHTS",ASSIST OTHER AGENCY
WASHINGTON COUNTY SHERIFFS OFFICE,OAK PARK HEIGHTS,7/24/2026 2:11:04 PM,WC26037182,"13XXX  60TH ST N, OAK PARK HEIGHTS",TRAFFIC STOP
WASHINGTON COUNTY SHERIFFS OFFICE,OAK PARK HEIGHTS,7/25/2026 4:37:00 PM,WC26037406,"OAKGREEN AVE N / 58TH ST N, OAK PARK HEIGHTS",TRAFFIC STOP
WASHINGTON COUNTY SHERIFFS OFFICE,OAK PARK HEIGHTS,7/25/2026 10:20:00 PM,WC26037471,"Hwy 36 WB At Norell Ave N, OAK PARK HEIGHTS",TRAFFIC STOP
WASHINGTON COUNTY SHERIFFS OFFICE,OAKDALE,7/19/2026 11:22:00 PM,WC26036223,"I494 NB JNO 50, OAKDALE",TRAFFIC STOP
WASHINGTON COUNTY SHERIFFS OFFICE,OAKDALE,7/21/2026 9:06:51 PM,WC26036590,"7XXX  48th St N, OAKDALE",ASSIST OTHER AGENCY
WASHINGTON COUNTY SHERIFFS OFFICE,OAKDALE,7/22/2026 9:44:00 AM,WC26036675,"4TH ST N/INWOOD AVE N, OAKDALE",TRAFFIC STOP
WASHINGTON COUNTY SHERIFFS OFFICE,OAKDALE,7/22/2026 4:49:45 PM,WC26036777,"5XXX  Hadley Ave N, OAKDALE",ASSIST OTHER AGENCY
WASHINGTON COUNTY SHERIFFS OFFICE,OAKDALE,7/22/2026 11:23:45 PM,WC26036852,"1XXX  Hallmark Cir N, OAKDALE",CIVIL MATTER/DISPUTE
WASHINGTON COUNTY SHERIFFS OFFICE,OAKDALE,7/23/2026 9:11:36 PM,WC26037019,"7XXX  2nd St N, OAKDALE",ASSIST OTHER AGENCY
WASHINGTON COUNTY SHERIFFS OFFICE,OAKDALE,7/24/2026 10:21:00 AM,WC26037140,"8XXX  - 8272 4TH ST N, OAKDALE",TRAFFIC STOP
WASHINGTON COUNTY SHERIFFS OFFICE,OAKDALE,7/24/2026 9:40:00 PM,WC26037265,"I694 Nb Jno 34th St N, OAKDALE",TRAFFIC STOP
WASHINGTON COUNTY SHERIFFS OFFICE,OAKDALE,7/24/2026 10:24:55 PM,WC26037277,"10TH ST N / HALLMARK AVE N, OAKDALE",DWI
WASHINGTON COUNTY SHERIFFS OFFICE,OAKDALE,7/25/2026 10:17:15 AM,WC26037345,"3XXX  Garden Blvd N, OAKDALE",CIVIL MATTER/DISPUTE
WASHINGTON COUNTY SHERIFFS OFFICE,PINE SPRINGS,7/19/2026 4:18:00 PM,WC26036159,"HILTON TRL N / HILTON CT N, PINE SPRINGS",TRAFFIC STOP
WASHINGTON COUNTY SHERIFFS OFFICE,PINE SPRINGS,7/20/2026 12:10:36 PM,WC26036300,"6XXX  Hytrail Ct N, PINE SPRINGS",MEDICAL
WASHINGTON COUNTY SHERIFFS OFFICE,PINE SPRINGS,7/21/2026 9:12:49 AM,WC26036450,"5XXX  Henna Ct, PINE SPRINGS",ANIMAL COMPLAINT
WASHINGTON COUNTY SHERIFFS OFFICE,PINE SPRINGS,7/21/2026 8:38:16 PM,WC26036586,"Hwy 36 Wb Over Hilton Trl N, PINE SPRINGS",PURSUIT
WASHINGTON COUNTY SHERIFFS OFFICE,PINE SPRINGS,7/22/2026 12:00:00 AM,WC26036826,"Highway 36 & HILTON TRL N, PINE SPRINGS",TRAFFIC STOP
WASHINGTON COUNTY SHERIFFS OFFICE,PINE SPRINGS,7/23/2026 11:30:42 AM,WC26036923,"60th St N / Hilton Trl N, PINE SPRINGS",TRAFFIC COMPLAINT
WASHINGTON COUNTY SHERIFFS OFFICE,PINE SPRINGS,7/24/2026 7:13:10 AM,WC26037072,"I694 SB TO HWY 36 EB RAMP, PINE SPRINGS",ACCIDENT
WASHINGTON COUNTY SHERIFFS OFFICE,PINE SPRINGS,7/25/2026 9:12:00 PM,WC26037458,"HILTON TRL N / 62ND ST N, PINE SPRINGS",TRAFFIC STOP
WASHINGTON COUNTY SHERIFFS OFFICE,SAINT MARYS POINT,7/25/2026 4:50:43 PM,WC26037410,"Saint Croix River-smp, SAINT MARYS POINT",911 ABANDONED/HANGUP/OPEN LINE
WASHINGTON COUNTY SHERIFFS OFFICE,Saint Paul,7/21/2026 3:58:36 PM,WC26036543,"MAXWELL AVE OVER HWY 61, Saint Paul",DEBRIS IN ROADWAY
WASHINGTON COUNTY SHERIFFS OFFICE,SAINT PAUL PARK,7/19/2026 7:10:00 PM,WC26036196,"Hwy 61 / Glen Rd , SAINT PAUL PARK",TRAFFIC STOP
WASHINGTON COUNTY SHERIFFS OFFICE,SAINT PAUL PARK,7/19/2026 9:30:00 PM,WC26036212,"SUMMIT AVE / SAINT PAUL PARK RD TO HWY 61 SB RAMP, SAINT PAUL PARK",TRAFFIC COMPLAINT
WASHINGTON COUNTY SHERIFFS OFFICE,SAINT PAUL PARK,7/22/2026 2:48:44 PM,WC26036753,"HWY 61 SB AT 70TH ST S, SAINT PAUL PARK",TRAFFIC STOP
WASHINGTON COUNTY SHERIFFS OFFICE,SAINT PAUL PARK,7/22/2026 10:21:37 PM,WC26036832,"1XXX  6th St, SAINT PAUL PARK",CIVIL MATTER/DISPUTE
WASHINGTON COUNTY SHERIFFS OFFICE,SAINT PAUL PARK,7/22/2026 11:26:21 PM,WC26036853,"XXX 4th St, SAINT PAUL PARK",ASSIST OTHER AGENCY
WASHINGTON COUNTY SHERIFFS OFFICE,SAINT PAUL PARK,7/23/2026 11:25:07 AM,WC26036922,"70th St S / Hastings Ave, SAINT PAUL PARK",ASSIST OTHER AGENCY
WASHINGTON COUNTY SHERIFFS OFFICE,SAINT PAUL PARK,7/25/2026 3:34:18 PM,WC26037391,"XXX River Woods Dr W, SAINT PAUL PARK",ASSIST OTHER AGENCY
WASHINGTON COUNTY SHERIFFS OFFICE,SCANDIA,7/19/2026 12:17:35 AM,WC26036069,"11XXX  218th St N, SCANDIA",ASSIST OTHER AGENCY
WASHINGTON COUNTY SHERIFFS OFFICE,SCANDIA,7/19/2026 8:55:00 AM,WC26036110,"10XXX  block of Scandia Tr. N., SCANDIA",TRAFFIC STOP
WASHINGTON COUNTY SHERIFFS OFFICE,SCANDIA,7/19/2026 9:25:11 AM,WC26036112,"20XXX  Oxboro Ln N, SCANDIA",MEDICAL
WASHINGTON COUNTY SHERIFFS OFFICE,SCANDIA,7/19/2026 11:34:30 AM,WC26036129,"21XXX  Meadowbrook Cir N, SCANDIA",CIVIL MATTER/DISPUTE
WASHINGTON COUNTY SHERIFFS OFFICE,SCANDIA,7/19/2026 12:08:00 PM,WC26036134,"21XXX  Newberry Ct N, SCANDIA",SUSPICIOUS PERSON/ACTIVITY
WASHINGTON COUNTY SHERIFFS OFFICE,SCANDIA,7/19/2026 7:00:58 PM,WC26036193,"15XXX  Pilar Rd N, SCANDIA",SUSPICIOUS PERSON/ACTIVITY
WASHINGTON COUNTY SHERIFFS OFFICE,SCANDIA,7/20/2026 4:16:00 AM,WC26036239,"20XXX  Olinda Trl N, SCANDIA",ALARM-BUSINESS/RES/FIRE/MEDICAL/ETC
WASHINGTON COUNTY SHERIFFS OFFICE,SCANDIA,7/20/2026 6:58:39 AM,WC26036243,"11XXX  MAYBERRY TRL N, SCANDIA",ROAD HAZARD
WASHINGTON COUNTY SHERIFFS OFFICE,SCANDIA,7/20/2026 10:25:04 AM,WC26036276,"15XXX  Quality Trl N, SCANDIA",ANIMAL COMPLAINT
WASHINGTON COUNTY SHERIFFS OFFICE,SCANDIA,7/20/2026 11:15:01 AM,WC26036288,"Lofton Ave N / Scandia Trl N, SCANDIA",MEDICAL
WASHINGTON COUNTY SHERIFFS OFFICE,SCANDIA,7/20/2026 12:24:40 PM,WC26036303,"Unknown, SCANDIA",OFFICER INFORMATION
WASHINGTON COUNTY SHERIFFS OFFICE,SCANDIA,7/20/2026 1:16:12 PM,WC26036315,"14XXX  Oakhill Rd N, SCANDIA",OFFICER INFORMATION
WASHINGTON COUNTY SHERIFFS OFFICE,SCANDIA,7/20/2026 2:58:53 PM,WC26036345,"Bone Lake, SCANDIA",OFFICER INFORMATION
WASHINGTON COUNTY SHERIFFS OFFICE,SCANDIA,7/21/2026 8:17:39 AM,WC26036437,"Hwy 97 At Manning Trl N, SCANDIA",LOST PROPERTY/ITEM
WASHINGTON COUNTY SHERIFFS OFFICE,SCANDIA,7/21/2026 11:48:51 AM,WC26036495,"19XXX  Quinnell Ave N, SCANDIA",WELFARE CHECK
WASHINGTON COUNTY SHERIFFS OFFICE,SCANDIA,7/22/2026 11:42:22 AM,WC26036711,"23XXX  Melanie Trl N, SCANDIA",FOUND PROPERTY/ITEM
WASHINGTON COUNTY SHERIFFS OFFICE,SCANDIA,7/22/2026 11:45:34 AM,WC26036713,"MANNING TRL N / SCANDIA TRL N, SCANDIA",LOST PROPERTY/ITEM
WASHINGTON COUNTY SHERIFFS OFFICE,SCANDIA,7/22/2026 3:21:30 PM,WC26036756,"14XXX  209TH ST N, SCANDIA",FOUND PROPERTY/ITEM
WASHINGTON COUNTY SHERIFFS OFFICE,SCANDIA,7/23/2026 12:00:00 AM,WC26036915,"21XXX  - 21981 OLINDA TRL N, SCANDIA",TRAFFIC STOP
WASHINGTON COUNTY SHERIFFS OFFICE,SCANDIA,7/23/2026 9:03:36 AM,WC26036891,"19XXX  Parkview Ave N, SCANDIA",ANIMAL COMPLAINT
WASHINGTON COUNTY SHERIFFS OFFICE,SCANDIA,7/23/2026 5:05:53 PM,WC26036985,"20XXX  Oxboro Ln N, SCANDIA",CITIZEN/PUBLIC ASSIST
WASHINGTON COUNTY SHERIFFS OFFICE,SCANDIA,7/23/2026 8:35:12 PM,WC26037009,"10XXX  192nd St N, SCANDIA",NOISE COMPLAINT/DISTURBANCE
WASHINGTON COUNTY SHERIFFS OFFICE,SCANDIA,7/24/2026 12:03:31 PM,WC26037161,"20XXX  Olinda Trl N, SCANDIA",THEFT
WASHINGTON COUNTY SHERIFFS OFFICE,SCANDIA,7/24/2026 1:32:06 PM,WC26037170,"14XXX  Old Marine Trl N, SCANDIA",MEDICAL
WASHINGTON COUNTY SHERIFFS OFFICE,SCANDIA,7/24/2026 4:48:12 PM,WC26037218,"20XXX  Olinda Trl N, SCANDIA",FOLLOW UP
WASHINGTON COUNTY SHERIFFS OFFICE,SCANDIA,7/24/2026 8:35:34 PM,WC26037252,"192nd St N / Manning Trl N, SCANDIA",DRIVING COMPLAINT
WASHINGTON COUNTY SHERIFFS OFFICE,SCANDIA,7/24/2026 11:00:00 PM,WC26037285,"MANNING TRL N / SCANDIA TRL N, SCANDIA",TRAFFIC STOP
WASHINGTON COUNTY SHERIFFS OFFICE,SCANDIA,7/24/2026 11:03:01 PM,WC26037287,"Unknown, SCANDIA",FOLLOW UP
WASHINGTON COUNTY SHERIFFS OFFICE,STILLWATER,7/19/2026 8:54:06 PM,WC26036205,"HWY 36 WB JWO STILLWATER BLVD N, STILLWATER",MOTORIST ASSIST
WASHINGTON COUNTY SHERIFFS OFFICE,STILLWATER,7/20/2026 6:03:25 AM,WC26036241,"15XXX  62ND ST N, STILLWATER",FOLLOW UP
WASHINGTON COUNTY SHERIFFS OFFICE,STILLWATER,7/20/2026 9:44:22 AM,WC26036273,"15XXX  62nd St N, STILLWATER",ASSIST OTHER AGENCY
WASHINGTON COUNTY SHERIFFS OFFICE,STILLWATER,7/20/2026 9:19:00 PM,WC26036394,"HWY 36 WB AT GREELEY ST S, STILLWATER",TRAFFIC STOP
WASHINGTON COUNTY SHERIFFS OFFICE,STILLWATER,7/21/2026 8:57:43 AM,WC26036445,"15XXX  62nd St N, STILLWATER",FRAUD/SCAM
WASHINGTON COUNTY SHERIFFS OFFICE,STILLWATER,7/21/2026 4:37:51 PM,WC26036554,"15XXX  62nd St N, STILLWATER",FOLLOW UP
WASHINGTON COUNTY SHERIFFS OFFICE,STILLWATER,7/22/2026 8:13:18 AM,WC26036647,"15XXX  62nd St N, STILLWATER",ASSIST OTHER AGENCY
WASHINGTON COUNTY SHERIFFS OFFICE,STILLWATER,7/22/2026 8:39:46 AM,WC26036648,"15XXX  62nd St N, STILLWATER",MEDICAL
WASHINGTON COUNTY SHERIFFS OFFICE,STILLWATER,7/22/2026 12:40:23 PM,WC26036719,"14XXX  62ND ST N, STILLWATER",LOST PROPERTY/ITEM
WASHINGTON COUNTY SHERIFFS OFFICE,STILLWATER,7/23/2026 11:00:00 AM,WC26036911,"14XXX  62nd St N, STILLWATER",WARRANT ARREST
WASHINGTON COUNTY SHERIFFS OFFICE,STILLWATER,7/23/2026 2:40:27 PM,WC26036947,"15XXX  62nd St N, STILLWATER",FUGITIVE FROM JUSTICE
WASHINGTON COUNTY SHERIFFS OFFICE,STILLWATER,7/23/2026 10:28:58 PM,WC26037024,"15XXX  62nd St N, STILLWATER",WANTED PERSON-KOPS ALERT/ATL
WASHINGTON COUNTY SHERIFFS OFFICE,STILLWATER,7/23/2026 10:34:51 PM,WC26037028,"15XXX  62nd St N, STILLWATER",OFFICER INFORMATION
WASHINGTON COUNTY SHERIFFS OFFICE,STILLWATER,7/24/2026 11:15:56 PM,WC26037288,"XXX 3RD ST N, STILLWATER",CITIZEN/PUBLIC ASSIST
WASHINGTON COUNTY SHERIFFS OFFICE,STILLWATER,7/25/2026 9:39:54 AM,WC26037339,"15XXX  62nd St N, STILLWATER",ASSIST OTHER AGENCY
WASHINGTON COUNTY SHERIFFS OFFICE,STILLWATER,7/25/2026 10:19:07 AM,WC26037346,"XXX Saint Croix Ave W, STILLWATER",CITIZEN/PUBLIC ASSIST
WASHINGTON COUNTY SHERIFFS OFFICE,STILLWATER,7/25/2026 6:48:54 PM,WC26037437,"OXBORO AVE N / 62ND ST N, STILLWATER",WELFARE CHECK
WASHINGTON COUNTY SHERIFFS OFFICE,STILLWATER,7/25/2026 7:43:58 PM,WC26037445,"MANNING AVE N / 62ND ST N, STILLWATER",MOTORIST ASSIST
WASHINGTON COUNTY SHERIFFS OFFICE,STILLWATER TOWNSHIP,7/21/2026 11:33:06 AM,WC26036491,"13XXX  90th St N, STILLWATER TOWNSHIP",ABANDONED VEHICLE
WASHINGTON COUNTY SHERIFFS OFFICE,STILLWATER TOWNSHIP,7/22/2026 3:15:11 PM,WC26036760,"11XXX  Mayfield Ave N, STILLWATER TOWNSHIP",CITIZEN/PUBLIC ASSIST
WASHINGTON COUNTY SHERIFFS OFFICE,STILLWATER TOWNSHIP,7/22/2026 3:58:07 PM,WC26036765,"15XXX  100th St N, STILLWATER TOWNSHIP",CITIZEN/PUBLIC ASSIST
WASHINGTON COUNTY SHERIFFS OFFICE,STILLWATER TOWNSHIP,7/22/2026 5:47:58 PM,WC26036787,"MENDEL RD N / DELLWOOD RD N, STILLWATER TOWNSHIP",CITIZEN/PUBLIC ASSIST
WASHINGTON COUNTY SHERIFFS OFFICE,STILLWATER TOWNSHIP,7/22/2026 8:59:00 PM,WC26036822,"Saint Croix Trl N / 110th St N, STILLWATER TOWNSHIP",MISSING PERSON
WASHINGTON COUNTY SHERIFFS OFFICE,STILLWATER TOWNSHIP,7/23/2026 10:11:37 AM,WC26036905,"10XXX  Myeron Rd N, STILLWATER TOWNSHIP",MEDICAL
WASHINGTON COUNTY SHERIFFS OFFICE,STILLWATER TOWNSHIP,7/23/2026 6:47:18 PM,WC26036994,"11XXX  Penfield Ave N, STILLWATER TOWNSHIP",ANIMAL COMPLAINT
WASHINGTON COUNTY SHERIFFS OFFICE,STILLWATER TOWNSHIP,7/25/2026 11:33:18 AM,WC26037358,"Hwy 95 At Arcola Trl N, STILLWATER TOWNSHIP",ROAD HAZARD
WASHINGTON COUNTY SHERIFFS OFFICE,STILLWATER TOWNSHIP,7/25/2026 5:44:56 PM,WC26037426,"Boom Site Landing, STILLWATER TOWNSHIP",CITIZEN/PUBLIC ASSIST
WASHINGTON COUNTY SHERIFFS OFFICE,STILLWATER TOWNSHIP,7/25/2026 9:53:00 PM,WC26037405,"Boom Site Landing, STILLWATER TOWNSHIP",ACCIDENT
WASHINGTON COUNTY SHERIFFS OFFICE,WEST LAKELAND TOWNSHIP,7/19/2026 1:51:00 PM,WC26035977,"MANNING TRL N / 18TH ST N, WEST LAKELAND TOWNSHIP",TRAFFIC STOP
WASHINGTON COUNTY SHERIFFS OFFICE,WEST LAKELAND TOWNSHIP,7/19/2026 7:30:02 PM,WC26036198,"I94 Eb Jwo Stagecoach Trl N, WEST LAKELAND TOWNSHIP",ASSIST OTHER AGENCY
WASHINGTON COUNTY SHERIFFS OFFICE,WEST LAKELAND TOWNSHIP,7/19/2026 7:49:40 PM,WC26036199,"Manning Ave N / 10th St N, WEST LAKELAND TOWNSHIP",ROAD HAZARD
WASHINGTON COUNTY SHERIFFS OFFICE,WEST LAKELAND TOWNSHIP,7/19/2026 7:54:51 PM,WC26036201,"Saint Croix River Jno Swing Bridge-wlt, WEST LAKELAND TOWNSHIP",MOTORIST ASSIST
WASHINGTON COUNTY SHERIFFS OFFICE,WEST LAKELAND TOWNSHIP,7/19/2026 9:26:30 PM,WC26036211,"Unknown, WEST LAKELAND TOWNSHIP",FOLLOW UP
WASHINGTON COUNTY SHERIFFS OFFICE,WEST LAKELAND TOWNSHIP,7/20/2026 4:49:31 PM,WC26036364,"15XXX  Hudson Rd N, WEST LAKELAND TOWNSHIP",ALARM-BUSINESS/RES/FIRE/MEDICAL/ETC
WASHINGTON COUNTY SHERIFFS OFFICE,WEST LAKELAND TOWNSHIP,7/20/2026 5:12:47 PM,WC26036369,"1XXX  Manning Trl N, WEST LAKELAND TOWNSHIP",CITIZEN/PUBLIC ASSIST
WASHINGTON COUNTY SHERIFFS OFFICE,WEST LAKELAND TOWNSHIP,7/21/2026 6:58:10 PM,WC26036572,"2XXX  OAKGREEN AVE N, WEST LAKELAND TOWNSHIP",FIRE
WASHINGTON COUNTY SHERIFFS OFFICE,WEST LAKELAND TOWNSHIP,7/23/2026 11:12:45 AM,WC26036917,"XXX Manning Ave N, WEST LAKELAND TOWNSHIP",DRIVING COMPLAINT
WASHINGTON COUNTY SHERIFFS OFFICE,WEST LAKELAND TOWNSHIP,7/23/2026 1:41:36 PM,WC26036940,"I94 Wb Jwo Stagecoach Trl N, WEST LAKELAND TOWNSHIP",MOTORIST ASSIST
WASHINGTON COUNTY SHERIFFS OFFICE,WEST LAKELAND TOWNSHIP,7/23/2026 3:03:02 PM,WC26036955,"13XXX  4th St N, WEST LAKELAND TOWNSHIP",FAMILY ASSIST
WASHINGTON COUNTY SHERIFFS OFFICE,WEST LAKELAND TOWNSHIP,7/23/2026 4:06:09 PM,WC26036968,"15XXX  8TH ST N, WEST LAKELAND TOWNSHIP",COMPLIANCE CHECK VIOLATIONS
WASHINGTON COUNTY SHERIFFS OFFICE,WEST LAKELAND TOWNSHIP,7/23/2026 4:12:57 PM,WC26036977,"XXX Norell Ave N, WEST LAKELAND TOWNSHIP",ANIMAL BITE
WASHINGTON COUNTY SHERIFFS OFFICE,WEST LAKELAND TOWNSHIP,7/24/2026 8:42:24 AM,WC26037095,"1XXX  Neal Ave N, WEST LAKELAND TOWNSHIP",ALARM-BUSINESS/RES/FIRE/MEDICAL/ETC
WASHINGTON COUNTY SHERIFFS OFFICE,WEST LAKELAND TOWNSHIP,7/24/2026 1:00:54 PM,WC26037165,"Unknown, WEST LAKELAND TOWNSHIP",FOUND PROPERTY/ITEM
WASHINGTON COUNTY SHERIFFS OFFICE,WEST LAKELAND TOWNSHIP,7/24/2026 2:39:05 PM,WC26037191,"1XXX  Oryan Trl N, WEST LAKELAND TOWNSHIP",CITIZEN/PUBLIC ASSIST
WASHINGTON COUNTY SHERIFFS OFFICE,WEST LAKELAND TOWNSHIP,7/25/2026 3:47:03 PM,WC26037393,"10th St N / Manning Ave N, WEST LAKELAND TOWNSHIP",ACCIDENT
WASHINGTON COUNTY SHERIFFS OFFICE,WILLERNIE,7/19/2026 7:06:00 PM,WC26036194,"STILLWATER RD / WILDWOOD RD, WILLERNIE",PARKING VIOLATION
WASHINGTON COUNTY SHERIFFS OFFICE,WILLERNIE,7/21/2026 11:42:12 AM,WC26036496,"XXX PADDINGTON RD, WILLERNIE",WEAPON COMPLAINT/VIOLATION
WASHINGTON COUNTY SHERIFFS OFFICE,WOODBURY,7/19/2026 12:07:00 AM,WC26036068,"I494 and I94, WOODBURY",TRAFFIC STOP
WASHINGTON COUNTY SHERIFFS OFFICE,WOODBURY,7/19/2026 1:29:00 AM,WC26036076,"6XXX  - 7089 VALLEY CREEK RD, WOODBURY",TRAFFIC STOP
WASHINGTON COUNTY SHERIFFS OFFICE,WOODBURY,7/19/2026 2:43:03 AM,WC26036088,"XXX BIELENBERG DR, WOODBURY",DWI
WASHINGTON COUNTY SHERIFFS OFFICE,WOODBURY,7/19/2026 11:12:40 AM,WC26036125,"I94 EB AT SETTLERS RIDGE PKWY, WOODBURY",TRAFFIC STOP
WASHINGTON COUNTY SHERIFFS OFFICE,WOODBURY,7/21/2026 11:53:51 AM,WC26036499,"1XXX  Weir Dr, WOODBURY",ASSIST OTHER AGENCY
WASHINGTON COUNTY SHERIFFS OFFICE,WOODBURY,7/21/2026 6:16:22 PM,WC26036569,"WOODBURY DR OVER I94, WOODBURY",CITIZEN/PUBLIC ASSIST
WASHINGTON COUNTY SHERIFFS OFFICE,WOODBURY,7/23/2026 12:20:45 AM,WC26036856,"10XXX  HUDSON RD, WOODBURY",ASSIST OTHER AGENCY
WASHINGTON COUNTY SHERIFFS OFFICE,WOODBURY,7/24/2026 4:55:25 PM,WC26037216,"9XXX  HILLINGDON RD, WOODBURY",FOLLOW UP
WASHINGTON COUNTY SHERIFFS OFFICE,WOODBURY,7/24/2026 7:27:00 PM,WC26037242,"9XXX  HUDSON BLVD N, WOODBURY",FOLLOW UP
WASHINGTON COUNTY SHERIFFS OFFICE,WOODBURY,7/24/2026 8:15:25 PM,WC26037247,"I94 EB AT I494, WOODBURY",ASSIST OTHER AGENCY
WASHINGTON COUNTY SHERIFFS OFFICE,WOODBURY,7/24/2026 9:21:57 PM,WC26037260,"Manning Ave S / 50th St S, WOODBURY",ASSIST OTHER AGENCY
WOODBURY PUBLIC SAFETY,LAKE ELMO,7/25/2026 11:05:07 PM,WB26030619,"XX HWY 36 WB JWO MANNING AVE N, LAKE ELMO",DWI
WOODBURY PUBLIC SAFETY,WOODBURY,7/19/2026 1:47:00 AM,WB26029652,"XXX - 342 RADIO DR, WOODBURY",UNDERAGE DRINKING
WOODBURY PUBLIC SAFETY,WOODBURY,7/19/2026 1:47:00 AM,WB26029653,"8XXX  SPRING VIEW WAY, WOODBURY",DWI
WOODBURY PUBLIC SAFETY,WOODBURY,7/19/2026 8:23:00 AM,WB26029669,"BIELENBERG DR / STEPHENS WAY, WOODBURY",DWI
WOODBURY PUBLIC SAFETY,WOODBURY,7/19/2026 8:42:29 AM,WB26029670,"11XXX  Brookview Rd, WOODBURY",TRESPASSING
WOODBURY PUBLIC SAFETY,WOODBURY,7/19/2026 9:13:26 AM,WB26029671,"11XXX  BROOKVIEW RD, WOODBURY",TRESPASSING
WOODBURY PUBLIC SAFETY,WOODBURY,7/19/2026 9:29:11 AM,WB26029673,"1XXX  Regatta Alcove, WOODBURY",CIVIL MATTER/DISPUTE
WOODBURY PUBLIC SAFETY,WOODBURY,7/19/2026 11:47:05 AM,WB26029684,"10XXX  CITY WALK DR, WOODBURY",UNWANTED PERSON/VEHICLE
WOODBURY PUBLIC SAFETY,WOODBURY,7/19/2026 12:27:57 PM,WB26029688,"1XXX  Regatta Dr, WOODBURY",DEATH INVESTIGATION
WOODBURY PUBLIC SAFETY,WOODBURY,7/19/2026 12:57:55 PM,WB26029691,"11XXX  Brookview Rd, WOODBURY",OFFICER INFORMATION
WOODBURY PUBLIC SAFETY,WOODBURY,7/19/2026 2:39:10 PM,WB26029700,"1XXX  Siesta Dr, WOODBURY",CIVIL MATTER/DISPUTE
WOODBURY PUBLIC SAFETY,WOODBURY,7/19/2026 2:41:32 PM,WB26029701,"11XXX  Brookview Rd, WOODBURY",CIVIL MATTER/DISPUTE
WOODBURY PUBLIC SAFETY,WOODBURY,7/19/2026 5:55:00 PM,WB26029721,"7XXX  VALLEY CREEK PLZ, WOODBURY",TRAFFIC STOP
WOODBURY PUBLIC SAFETY,WOODBURY,7/19/2026 8:16:43 PM,WB26029740,"6XXX  Ashwood Rd, WOODBURY",ACCIDENT
WOODBURY PUBLIC SAFETY,WOODBURY,7/19/2026 9:38:54 PM,WB26029747,"6XXX  Tahoe Cir, WOODBURY",PROPERTY DAMAGE
WOODBURY PUBLIC SAFETY,WOODBURY,7/19/2026 10:00:51 PM,WB26029750,"1XXX  Queens Dr, WOODBURY",TRESPASS NOTICE
WOODBURY PUBLIC SAFETY,WOODBURY,7/20/2026 8:30:47 AM,WB26029785,"2XXX  Woodlane Dr, WOODBURY",THEFT
WOODBURY PUBLIC SAFETY,WOODBURY,7/20/2026 8:49:16 AM,WB26029787,"9XXX  PARKSIDE DR, WOODBURY",CIVIL MATTER/DISPUTE
WOODBURY PUBLIC SAFETY,WOODBURY,7/20/2026 10:56:58 AM,WB26029805,"1XXX  - 1758 WEIR DR, WOODBURY",TRAFFIC STOP
WOODBURY PUBLIC SAFETY,WOODBURY,7/20/2026 1:21:35 PM,WB26029831,"1XXX  Tower Dr, WOODBURY",THEFT FROM MOTOR VEHICLE
WOODBURY PUBLIC SAFETY,WOODBURY,7/20/2026 2:38:20 PM,WB26029839,"6XXX  Stratford Rd, WOODBURY",UNWANTED PERSON/VEHICLE
WOODBURY PUBLIC SAFETY,WOODBURY,7/20/2026 3:47:16 PM,WB26029850,"7XXX  Foxboro Ln, WOODBURY",ACCIDENT
WOODBURY PUBLIC SAFETY,WOODBURY,7/20/2026 4:49:22 PM,WB26029862,"4XXX  RADIO DR, WOODBURY",THEFT
WOODBURY PUBLIC SAFETY,WOODBURY,7/20/2026 5:14:42 PM,WB26029864,"Tower Dr / Afton Rd, WOODBURY",ACCIDENT
WOODBURY PUBLIC SAFETY,WOODBURY,7/20/2026 7:52:02 PM,WB26029884,"XXX Commerce Dr, WOODBURY",SHOPLIFTING
WOODBURY PUBLIC SAFETY,WOODBURY,7/20/2026 8:06:40 PM,WB26029885,"Radio Dr / Valley Creek Rd, WOODBURY",ACCIDENT
WOODBURY PUBLIC SAFETY,WOODBURY,7/20/2026 9:23:16 PM,WB26029892,"XXX Commerce Dr, WOODBURY",SHOPLIFTING
WOODBURY PUBLIC SAFETY,WOODBURY,7/20/2026 9:42:19 PM,WB26029894,"XXX COMMERCE DR, WOODBURY",SHOPLIFTING
WOODBURY PUBLIC SAFETY,WOODBURY,7/20/2026 9:58:07 PM,WB26029895,"Tamarack Rd / Seasons Pkwy, WOODBURY",PROPERTY DAMAGE
WOODBURY PUBLIC SAFETY,WOODBURY,7/20/2026 10:07:29 PM,WB26029896,"Hudson Rd / City Walk Dr, WOODBURY",PROPERTY DAMAGE
WOODBURY PUBLIC SAFETY,WOODBURY,7/20/2026 10:56:55 PM,WB26029898,"3XXX  White Oaks Ln, WOODBURY",CITIZEN/PUBLIC ASSIST
WOODBURY PUBLIC SAFETY,WOODBURY,7/21/2026 2:44:00 AM,WB26029914,"1XXX  Woodlane Dr, WOODBURY",DWI
WOODBURY PUBLIC SAFETY,WOODBURY,7/21/2026 7:37:04 AM,WB26029917,"CENTURY AVE N TO I94 EB RAMP, WOODBURY",TRAFFIC STOP
WOODBURY PUBLIC SAFETY,WOODBURY,7/21/2026 10:42:59 AM,WB26029929,"7XXX  Forest Blvd, WOODBURY",CIVIL MATTER/DISPUTE
WOODBURY PUBLIC SAFETY,WOODBURY,7/21/2026 10:50:56 AM,WB26029931,"1XXX  HILLCREST DR, WOODBURY",FAMILY ASSIST
WOODBURY PUBLIC SAFETY,WOODBURY,7/21/2026 11:25:50 AM,WB26029936,"XXX Commerce Dr, WOODBURY",SHOPLIFTING
WOODBURY PUBLIC SAFETY,WOODBURY,7/21/2026 11:46:17 AM,WB26029939,"XXX WEIR DR, WOODBURY",PROPERTY DAMAGE
WOODBURY PUBLIC SAFETY,WOODBURY,7/21/2026 12:37:51 PM,WB26029944,"XXX Weir Dr, WOODBURY",ACCIDENT
WOODBURY PUBLIC SAFETY,WOODBURY,7/21/2026 1:10:25 PM,WB26029950,"Radio Dr / Afton Rd, WOODBURY",ACCIDENT
WOODBURY PUBLIC SAFETY,WOODBURY,7/21/2026 1:38:03 PM,WB26029954,"XXX Radio Dr, WOODBURY",ACCIDENT
WOODBURY PUBLIC SAFETY,WOODBURY,7/21/2026 1:48:44 PM,WB26029959,"10XXX  Hudson Rd, WOODBURY",SUSPICIOUS PERSON/ACTIVITY
WOODBURY PUBLIC SAFETY,WOODBURY,7/21/2026 1:50:27 PM,WB26029958,"LAKE RD / WOODDALE DR, WOODBURY",PROPERTY DAMAGE
WOODBURY PUBLIC SAFETY,WOODBURY,7/21/2026 3:05:18 PM,WB26029978,"Hudson Rd / Lake View Dr, WOODBURY",ACCIDENT
WOODBURY PUBLIC SAFETY,WOODBURY,7/21/2026 4:22:39 PM,WB26029993,"1XXX  WOODHILL CT, WOODBURY",WELFARE CHECK
WOODBURY PUBLIC SAFETY,WOODBURY,7/21/2026 4:28:42 PM,WB26029994,"4XXX  Arbor Bay, WOODBURY",IDENTITY THEFT
WOODBURY PUBLIC SAFETY,WOODBURY,7/21/2026 4:35:36 PM,WB26029995,"QUEENS DR / VALLEY CREEK RD, WOODBURY",PROPERTY DAMAGE
WOODBURY PUBLIC SAFETY,WOODBURY,7/21/2026 5:00:26 PM,WB26029999,"8XXX  TAMARACK VLG, WOODBURY",COMPLIANCE CHECK VIOLATIONS
WOODBURY PUBLIC SAFETY,WOODBURY,7/21/2026 5:21:00 PM,WB26030001,"XXX Commerce Dr, WOODBURY",THEFT
WOODBURY PUBLIC SAFETY,WOODBURY,7/21/2026 5:24:11 PM,WB26030003,"10XXX  Brookview Rd, WOODBURY",FOUND PROPERTY/ITEM
WOODBURY PUBLIC SAFETY,WOODBURY,7/21/2026 5:43:21 PM,WB26030013,"2XXX  Vining Dr, WOODBURY",JUVENILE COMPLAINT
WOODBURY PUBLIC SAFETY,WOODBURY,7/21/2026 5:50:48 PM,WB26030014,"1XXX  BRIDLE PATH CT, WOODBURY",RUNAWAY
WOODBURY PUBLIC SAFETY,WOODBURY,7/21/2026 6:16:26 PM,WB26030008,"XXX RADIO DR, WOODBURY",COMPLIANCE CHECK VIOLATIONS
WOODBURY PUBLIC SAFETY,WOODBURY,7/21/2026 6:31:06 PM,WB26030015,"7XXX  Robinwood Trl, WOODBURY",DISTURBANCE
WOODBURY PUBLIC SAFETY,WOODBURY,7/21/2026 6:45:48 PM,WB26030018,"XXX Radio Dr, WOODBURY",WELFARE CHECK
WOODBURY PUBLIC SAFETY,WOODBURY,7/21/2026 7:55:10 PM,WB26030023,"CHERRY LN & MAPLE BLVD, WOODBURY",DISORDERLY CONDUCT
WOODBURY PUBLIC SAFETY,WOODBURY,7/21/2026 7:55:51 PM,WB26030022,"11XXX  SUNDANCE WAY, WOODBURY",SUSPICIOUS PERSON/ACTIVITY
WOODBURY PUBLIC SAFETY,WOODBURY,7/21/2026 8:24:28 PM,WB26030026,"8XXX  Tamarack Vlg, WOODBURY",SHOPLIFTING
WOODBURY PUBLIC SAFETY,WOODBURY,7/21/2026 8:41:53 PM,WB26030027,"9XXX  Hudson Rd, WOODBURY",THEFT
WOODBURY PUBLIC SAFETY,WOODBURY,7/21/2026 9:21:39 PM,WB26030032,"8XXX  Tamarack Vlg, WOODBURY",ACCIDENT
WOODBURY PUBLIC SAFETY,WOODBURY,7/22/2026 12:00:00 AM,WB26030088,"XXX Commerce Dr, WOODBURY",SHOPLIFTING
WOODBURY PUBLIC SAFETY,WOODBURY,7/22/2026 7:27:55 AM,WB26030064,"I94/Century Ave, WOODBURY",WARRANT ARREST
WOODBURY PUBLIC SAFETY,WOODBURY,7/22/2026 9:15:29 AM,WB26030069,"BIELENBERG DR / STEPHENS WAY, WOODBURY",PROPERTY DAMAGE
WOODBURY PUBLIC SAFETY,WOODBURY,7/22/2026 11:06:06 AM,WB26030089,"10XXX  Hudson Rd, WOODBURY",FRAUD/SCAM
WOODBURY PUBLIC SAFETY,WOODBURY,7/22/2026 11:56:02 AM,WB26030094,"XXX Radio Dr, WOODBURY",ACCIDENT
WOODBURY PUBLIC SAFETY,WOODBURY,7/22/2026 12:52:08 PM,WB26030099,"10XXX  Newport Path, WOODBURY",UNWANTED PERSON/VEHICLE
WOODBURY PUBLIC SAFETY,WOODBURY,7/22/2026 1:56:51 PM,WB26030110,"4XXX  Stable View Dr, WOODBURY",CIVIL MATTER/DISPUTE
WOODBURY PUBLIC SAFETY,WOODBURY,7/22/2026 1:57:00 PM,WB26030117,"XXX EAGLE RIDGE ALCOVE, WOODBURY",FRAUD/SCAM
WOODBURY PUBLIC SAFETY,WOODBURY,7/22/2026 2:17:58 PM,WB26030115,"3XXX  Cherry Ln, WOODBURY",CIVIL MATTER/DISPUTE
WOODBURY PUBLIC SAFETY,WOODBURY,7/22/2026 3:20:06 PM,WB26030126,"2XXX  Wimbledon Dr, WOODBURY",DISTURBANCE
WOODBURY PUBLIC SAFETY,WOODBURY,7/22/2026 3:40:11 PM,WB26030130,"8XXX  Valley Creek Rd, WOODBURY",HARASSMENT
WOODBURY PUBLIC SAFETY,WOODBURY,7/22/2026 4:16:01 PM,WB26030138,"6XXX  COURTLY RD, WOODBURY",BURGLARY
WOODBURY PUBLIC SAFETY,WOODBURY,7/22/2026 4:29:21 PM,WB26030141,"8XXX  City Centre Dr, WOODBURY",SUICIDE ATTEMPT/THREATS OF
WOODBURY PUBLIC SAFETY,WOODBURY,7/22/2026 4:50:50 PM,WB26030144,"6XXX  Military Rd, WOODBURY",ACCIDENT
WOODBURY PUBLIC SAFETY,WOODBURY,7/22/2026 5:38:13 PM,WB26030151,"9XXX  Hudson Rd, WOODBURY",SHOPLIFTING
WOODBURY PUBLIC SAFETY,WOODBURY,7/22/2026 6:11:52 PM,WB26030154,"2XXX  Cobble Hill Dr, WOODBURY",CIVIL MATTER/DISPUTE
WOODBURY PUBLIC SAFETY,WOODBURY,7/22/2026 7:20:00 PM,WB26030162,"3XXX  Hazel Trl, WOODBURY",HARASSMENT
WOODBURY PUBLIC SAFETY,WOODBURY,7/22/2026 8:35:00 PM,WB26030170,"6XXX  Stratford Rd, WOODBURY",UNWANTED PERSON/VEHICLE
WOODBURY PUBLIC SAFETY,WOODBURY,7/22/2026 11:43:12 PM,WB26030193,"1XXX  Regency Dr, WOODBURY",THREATS
WOODBURY PUBLIC SAFETY,WOODBURY,7/23/2026 12:00:00 AM,WB26030273,"Eastview Rd / Settlers Ridge Pkwy, WOODBURY",ACCIDENT
WOODBURY PUBLIC SAFETY,WOODBURY,7/23/2026 12:20:45 AM,WB26030195,"10XXX  HUDSON RD, WOODBURY",FLEEING
WOODBURY PUBLIC SAFETY,WOODBURY,7/23/2026 9:04:03 AM,WB26030212,"XXX Spancil Hill Dr, WOODBURY",WELFARE CHECK
WOODBURY PUBLIC SAFETY,WOODBURY,7/23/2026 10:28:23 AM,WB26030221,"9XXX  Moonbeam Rd, WOODBURY",IDENTITY THEFT
WOODBURY PUBLIC SAFETY,WOODBURY,7/23/2026 11:36:59 AM,WB26030233,"4XXX  Radio Dr, WOODBURY",WELFARE CHECK
WOODBURY PUBLIC SAFETY,WOODBURY,7/23/2026 11:37:00 AM,WB26030232,"9XXX  BAILEY RD, WOODBURY",FOUND PROPERTY/ITEM
WOODBURY PUBLIC SAFETY,WOODBURY,7/23/2026 12:20:52 PM,WB26030241,"6XXX  - 6099 HUDSON RD, WOODBURY",WARRANT ARREST
WOODBURY PUBLIC SAFETY,WOODBURY,7/23/2026 12:24:11 PM,WB26030243,"4XXX  Copper Circle, WOODBURY",FRAUD/SCAM
WOODBURY PUBLIC SAFETY,WOODBURY,7/23/2026 12:30:41 PM,WB26030245,"XXX Weir Dr, WOODBURY",BURGLARY
WOODBURY PUBLIC SAFETY,WOODBURY,7/23/2026 12:46:12 PM,WB26030246,"7XXX  CURRELL BLVD, WOODBURY",ACCIDENT
WOODBURY PUBLIC SAFETY,WOODBURY,7/23/2026 2:00:08 PM,WB26030251,"3XXX  Copper Oaks Alcove, WOODBURY",ACCIDENT
WOODBURY PUBLIC SAFETY,WOODBURY,7/23/2026 2:25:04 PM,WB26030256,"7XXX  - 7398 GUIDER DR, WOODBURY",WARRANT ARREST
WOODBURY PUBLIC SAFETY,WOODBURY,7/23/2026 2:42:34 PM,WB26030260,"4XXX  Ashton Curve, WOODBURY",CIVIL MATTER/DISPUTE
WOODBURY PUBLIC SAFETY,WOODBURY,7/23/2026 3:50:31 PM,WB26030271,"Woodlane Dr / Valley Creek Rd, WOODBURY",TRAFFIC COMPLAINT
WOODBURY PUBLIC SAFETY,WOODBURY,7/23/2026 4:41:30 PM,WB26030274,"1XXX  Weir Dr, WOODBURY",ACCIDENT
WOODBURY PUBLIC SAFETY,WOODBURY,7/23/2026 4:42:46 PM,WB26030275,"Valley Creek Rd / Weir Dr, WOODBURY",ACCIDENT
WOODBURY PUBLIC SAFETY,WOODBURY,7/23/2026 5:31:34 PM,WB26030280,"4XXX  RADIO DR, WOODBURY",SUSPICIOUS PERSON/ACTIVITY
WOODBURY PUBLIC SAFETY,WOODBURY,7/23/2026 8:27:44 PM,WB26030296,"1XXX  Hillcrest Dr, WOODBURY",RUNAWAY
WOODBURY PUBLIC SAFETY,WOODBURY,7/23/2026 8:28:41 PM,WB26030294,"2XXX  OJIBWAY DR, WOODBURY",DISORDERLY CONDUCT
WOODBURY PUBLIC SAFETY,WOODBURY,7/23/2026 9:32:15 PM,WB26030300,"11XXX  Crestbury Dr, WOODBURY",MISSING PERSON
WOODBURY PUBLIC SAFETY,WOODBURY,7/24/2026 8:06:13 AM,WB26030322,"2XXX  SUMAC WAY, WOODBURY",HARASSMENT
WOODBURY PUBLIC SAFETY,WOODBURY,7/24/2026 10:13:32 AM,WB26030336,"XXX COMMONS DR, WOODBURY",LOST PROPERTY/ITEM
WOODBURY PUBLIC SAFETY,WOODBURY,7/24/2026 11:12:39 AM,WB26030341,"10XXX  POWERS LAKE PT, WOODBURY",FRAUD/SCAM
WOODBURY PUBLIC SAFETY,WOODBURY,7/24/2026 1:18:07 PM,WB26030349,"3XXX  Oxford Bay, WOODBURY",THREATS
WOODBURY PUBLIC SAFETY,WOODBURY,7/24/2026 1:23:06 PM,WB26030352,"9XXX  Tamarack Rd, WOODBURY",ACCIDENT
WOODBURY PUBLIC SAFETY,WOODBURY,7/24/2026 2:25:14 PM,WB26030360,"8XXX  - 8336 TAMARACK VLG, WOODBURY",WARRANT ARREST
WOODBURY PUBLIC SAFETY,WOODBURY,7/24/2026 4:31:47 PM,WB26030380,"9XXX  HUDSON RD, WOODBURY",TRAFFIC STOP
WOODBURY PUBLIC SAFETY,WOODBURY,7/24/2026 4:46:03 PM,WB26030381,"1XXX  School Dr, WOODBURY",TRESPASSING
WOODBURY PUBLIC SAFETY,WOODBURY,7/24/2026 5:04:36 PM,WB26030383,"8XXX  Quarry Ridge Ln, WOODBURY",DEATH INVESTIGATION
WOODBURY PUBLIC SAFETY,WOODBURY,7/24/2026 6:17:49 PM,WB26030393,"8XXX  TAMARACK VLG, WOODBURY",THEFT
WOODBURY PUBLIC SAFETY,WOODBURY,7/24/2026 7:22:34 PM,WB26030409,"1XXX  Queens Dr, WOODBURY",WARRANT ARREST
WOODBURY PUBLIC SAFETY,WOODBURY,7/24/2026 7:24:51 PM,WB26030408,"QUEENS DR / CURRELL BLVD, WOODBURY",WARRANT ARREST
WOODBURY PUBLIC SAFETY,WOODBURY,7/24/2026 9:36:18 PM,WB26030430,"1XXX  WOODLANE DR, WOODBURY",WARRANT ARREST
WOODBURY PUBLIC SAFETY,WOODBURY,7/24/2026 11:47:28 PM,WB26030466,"XXX - 298 KAREN DR, WOODBURY",DWI
WOODBURY PUBLIC SAFETY,WOODBURY,7/25/2026 3:56:17 AM,WB26030487,"XXX Lake View Dr, WOODBURY",ANIMAL BITE
WOODBURY PUBLIC SAFETY,WOODBURY,7/25/2026 8:16:28 AM,WB26030491,"8XXX  Valley Creek Rd, WOODBURY",CHILD CUSTODY
WOODBURY PUBLIC SAFETY,WOODBURY,7/25/2026 9:17:26 AM,WB26030494,"8XXX  Valley Creek Rd, WOODBURY",ACCIDENT
WOODBURY PUBLIC SAFETY,WOODBURY,7/25/2026 10:53:57 AM,WB26030498,"XXX Weir Dr, WOODBURY",SUICIDE ATTEMPT/THREATS OF
WOODBURY PUBLIC SAFETY,WOODBURY,7/25/2026 11:15:00 AM,WB26030536,"Hudson Rd / Radio Dr, WOODBURY",ACCIDENT
WOODBURY PUBLIC SAFETY,WOODBURY,7/25/2026 12:01:05 PM,WB26030510,"2XXX  Kings Dr, WOODBURY",CIVIL MATTER/DISPUTE
WOODBURY PUBLIC SAFETY,WOODBURY,7/25/2026 12:28:12 PM,WB26030514,"7XXX  Hargis Pkwy, WOODBURY",SHOPLIFTING
WOODBURY PUBLIC SAFETY,WOODBURY,7/25/2026 12:52:52 PM,WB26030517,"2XXX  Kings Dr, WOODBURY",WELFARE CHECK
WOODBURY PUBLIC SAFETY,WOODBURY,7/25/2026 1:42:44 PM,WB26030521,"9XXX  Cortland Alcove, WOODBURY",SUICIDE
WOODBURY PUBLIC SAFETY,WOODBURY,7/25/2026 2:03:00 PM,WB26030524,"Tamarack Rd / Seasons Pkwy, WOODBURY",ACCIDENT
WOODBURY PUBLIC SAFETY,WOODBURY,7/25/2026 2:44:32 PM,WB26030526,"10XXX  Pond Curv, WOODBURY",DISTURBANCE
WOODBURY PUBLIC SAFETY,WOODBURY,7/25/2026 3:06:14 PM,WB26030532,"1XXX  Wooddale Dr, WOODBURY",THREATS
WOODBURY PUBLIC SAFETY,WOODBURY,7/25/2026 3:59:25 PM,WB26030540,"3XXX  CENTURY AVE, WOODBURY",THEFT FROM MOTOR VEHICLE
WOODBURY PUBLIC SAFETY,WOODBURY,7/25/2026 4:55:33 PM,WB26030549,"10XXX  Oak Grove Cir, WOODBURY",WELFARE CHECK
WOODBURY PUBLIC SAFETY,WOODBURY,7/25/2026 5:16:47 PM,WB26030550,"7XXX  Hargis Pkwy, WOODBURY",ACCIDENT
WOODBURY PUBLIC SAFETY,WOODBURY,7/25/2026 6:11:00 PM,WB26030555,"1XXX  - 1614 QUEENS DR, WOODBURY",DANCO VIOLATION
WOODBURY PUBLIC SAFETY,WOODBURY,7/25/2026 6:15:24 PM,WB26030557,"10XXX  Country Club Alcove, WOODBURY",MAIL THEFT
WOODBURY PUBLIC SAFETY,WOODBURY,7/25/2026 7:09:22 PM,WB26030564,"1XXX  - 1429 WOODLANE DR, WOODBURY",TRAFFIC STOP
WOODBURY PUBLIC SAFETY,WOODBURY,7/25/2026 9:56:40 PM,WB26030605,"Pioneer Dr / Lake Rd, WOODBURY",ACCIDENT
WOODBURY PUBLIC SAFETY,WOODBURY,7/25/2026 10:11:10 PM,WB26030607,"Hudson Rd/Century Ave, WOODBURY",WARRANT ARREST
WOODBURY PUBLIC SAFETY,WOODBURY,7/25/2026 11:15:00 PM,WB26030621,"VALLEY CREEK RD / SAINT JOHNS DR, WOODBURY",WEAPON COMPLAINT/VIOLATION
WOODBURY PUBLIC SAFETY,WOODBURY,7/25/2026 11:42:59 PM,WB26030627,"I94 EB AT CENTURY AVE, WOODBURY",TRAFFIC STOP

