AgencyName,Address_City_Description,CreatedOn1,CaseNum,Textbox28,EventDescription
BAYPORT POLICE DEPARTMENT,BAYPORT,8/16/2026 12:28:58 AM,BP26002713,"XXX - 999 Highway 95 N, BAYPORT",TRAFFIC STOP
BAYPORT POLICE DEPARTMENT,BAYPORT,8/16/2026 7:49:42 AM,BP26002716,"XXX - 698 MINNESOTA ST S, BAYPORT",TRAFFIC STOP
BAYPORT POLICE DEPARTMENT,BAYPORT,8/16/2026 2:15:39 PM,BP26002719,"XXX - 498 MINNESOTA ST S, BAYPORT",TRAFFIC STOP
BAYPORT POLICE DEPARTMENT,BAYPORT,8/16/2026 3:50:44 PM,BP26002722,"XXX 8th St N, BAYPORT",NOISE COMPLAINT/DISTURBANCE
BAYPORT POLICE DEPARTMENT,BAYPORT,8/16/2026 5:07:00 PM,BP26002724,"5TH ST N / 3RD AVE N, BAYPORT",TRAFFIC STOP
BAYPORT POLICE DEPARTMENT,BAYPORT,8/16/2026 6:56:04 PM,BP26002725,"HIGHWAY 95 N/8TH AVE N, BAYPORT",ACCIDENT
BAYPORT POLICE DEPARTMENT,BAYPORT,8/16/2026 9:40:00 PM,BP26002732,"XX CENTRAL AVE, BAYPORT",PARK CLOSED
BAYPORT POLICE DEPARTMENT,BAYPORT,8/17/2026 7:30:00 AM,BP26002734,"XXX PICKETT ST N, BAYPORT",TRESPASSING
BAYPORT POLICE DEPARTMENT,BAYPORT,8/17/2026 7:45:19 PM,BP26002738,"XXX 3rd St N, BAYPORT",CIVIL MATTER/DISPUTE
BAYPORT POLICE DEPARTMENT,BAYPORT,8/17/2026 11:28:41 PM,BP26002739,"XX Central Ave, BAYPORT",Park Close
BAYPORT POLICE DEPARTMENT,BAYPORT,8/18/2026 9:18:31 AM,BP26002740,"XXX 5TH AVE S, BAYPORT",ACCIDENT
BAYPORT POLICE DEPARTMENT,BAYPORT,8/18/2026 3:17:11 PM,BP26002742,"XXX 4th Ave N, BAYPORT",HIT AND RUN
BAYPORT POLICE DEPARTMENT,BAYPORT,8/18/2026 8:50:51 PM,BP26002744,"XXX 3RD ST N, BAYPORT",SUSPICIOUS PERSON/ACTIVITY
BAYPORT POLICE DEPARTMENT,BAYPORT,8/19/2026 1:00:00 AM,BP26002746,"XX Central Ave, BAYPORT",Park Close
BAYPORT POLICE DEPARTMENT,BAYPORT,8/19/2026 3:16:16 AM,BP26002745,"XXX 4th Ave N, BAYPORT",ACCIDENT
BAYPORT POLICE DEPARTMENT,BAYPORT,8/19/2026 12:02:57 PM,BP26002748,"XXX 3rd St N, BAYPORT",CITIZEN/PUBLIC ASSIST
BAYPORT POLICE DEPARTMENT,BAYPORT,8/20/2026 1:14:00 AM,BP26002751,"XX CENTRAL AVE, BAYPORT",PARK CLOSED
BAYPORT POLICE DEPARTMENT,BAYPORT,8/20/2026 12:26:13 PM,BP26002754,"XXX 3RD ST N, BAYPORT",HRO VIOLATION
BAYPORT POLICE DEPARTMENT,BAYPORT,8/20/2026 2:24:10 PM,BP26002755,"5th St S / 2nd Ave S, BAYPORT",SUSPICIOUS PERSON/ACTIVITY
BAYPORT POLICE DEPARTMENT,BAYPORT,8/20/2026 2:43:56 PM,BP26002756,"XXX - 799 3RD ST N, BAYPORT",TRAFFIC STOP
BAYPORT POLICE DEPARTMENT,BAYPORT,8/20/2026 3:22:22 PM,BP26002758,"XXX 4th Ave N, BAYPORT",911 ABANDONED/HANGUP/OPEN LINE
BAYPORT POLICE DEPARTMENT,BAYPORT,8/20/2026 5:32:48 PM,BP26002760,"XXX 4TH AVE N, BAYPORT",911 ABANDONED/HANGUP/OPEN LINE
BAYPORT POLICE DEPARTMENT,BAYPORT,8/20/2026 7:30:45 PM,BP26002762,"XXX 5th Ave N, BAYPORT",VEHICLE UNLOCK
BAYPORT POLICE DEPARTMENT,BAYPORT,8/20/2026 9:42:18 PM,BP26002764,"XXX 4TH AVE N, BAYPORT",911 ABANDONED/HANGUP/OPEN LINE
BAYPORT POLICE DEPARTMENT,BAYPORT,8/20/2026 11:47:45 PM,BP26002766,"XX CENTRAL AVE, BAYPORT",PARK CLOSED
BAYPORT POLICE DEPARTMENT,BAYPORT,8/20/2026 11:53:41 PM,BP26002767,"XXX LAKE ST S, BAYPORT",TRAFFIC STOP
BAYPORT POLICE DEPARTMENT,BAYPORT,8/21/2026 1:39:18 AM,BP26002768,"10TH AVE N/HWY 95, BAYPORT",TRAFFIC STOP
BAYPORT POLICE DEPARTMENT,BAYPORT,8/21/2026 11:00:29 AM,BP26002771,"Saint Croix River-bp, BAYPORT",CITIZEN/PUBLIC ASSIST
BAYPORT POLICE DEPARTMENT,BAYPORT,8/21/2026 3:15:20 PM,BP26002774,"XXX 3rd St N, BAYPORT",FOLLOW UP
BAYPORT POLICE DEPARTMENT,BAYPORT,8/22/2026 12:03:25 AM,BP26002775,"XX CENTRAL AVE, BAYPORT",Park Close
BAYPORT POLICE DEPARTMENT,BAYPORT,8/22/2026 12:26:02 AM,BP26002776,"Hwy 95 / 1st Ave S, BAYPORT",DWI
BAYPORT POLICE DEPARTMENT,BAYPORT,8/22/2026 7:55:00 AM,BP26002778,"Minnesota St S / Osprey Blvd, BAYPORT",TRAFFIC STOP
BAYPORT POLICE DEPARTMENT,BAYPORT,8/22/2026 9:49:42 AM,BP26002780,"XXX - 998 Highway 95 N, BAYPORT",TRAFFIC STOP
BAYPORT POLICE DEPARTMENT,BAYTOWN TOWNSHIP,8/16/2026 2:48:48 PM,BP26002721,"STAGECOACH TRL N / 47TH ST N, BAYTOWN TOWNSHIP",TRAFFIC STOP
BAYPORT POLICE DEPARTMENT,LAKELAND,8/22/2026 5:56:08 PM,BP26002784,"Unknown, LAKELAND",CITIZEN/PUBLIC ASSIST
BAYPORT POLICE DEPARTMENT,OAK PARK HEIGHTS,8/16/2026 6:58:42 AM,BP26002714,"SAINT CROIX RIVER SUNNYSIDE MARINA-OPH, OAK PARK HEIGHTS",ASSIST OTHER AGENCY
BAYPORT POLICE DEPARTMENT,OAK PARK HEIGHTS,8/16/2026 12:39:06 PM,BP26002718,"14XXX  58TH ST N, OAK PARK HEIGHTS",WARRANT ATTEMPT
BAYPORT POLICE DEPARTMENT,OAK PARK HEIGHTS,8/16/2026 4:30:33 PM,BP26002723,"5XXX  Norell Ave N, OAK PARK HEIGHTS",ASSIST OTHER AGENCY
BAYPORT POLICE DEPARTMENT,OAK PARK HEIGHTS,8/20/2026 3:19:02 PM,BP26002757,"XX HWY 36 WB TO SAINT CROIX TRL N RAMP, OAK PARK HEIGHTS",TRAFFIC STOP
BAYPORT POLICE DEPARTMENT,OAK PARK HEIGHTS,8/20/2026 6:00:10 PM,BP26002761,"5XXX  Osgood Ave N, OAK PARK HEIGHTS",ASSIST OTHER AGENCY
BAYPORT POLICE DEPARTMENT,OAK PARK HEIGHTS,8/21/2026 10:58:26 AM,BP26002770,"5XXX  OAKGREEN PL N, OAK PARK HEIGHTS",WARRANT ATTEMPT
BAYPORT POLICE DEPARTMENT,OAK PARK HEIGHTS,8/22/2026 8:36:40 AM,BP26002779,"5XXX  OAKGREEN PL N, OAK PARK HEIGHTS",ASSIST OTHER AGENCY
BAYPORT POLICE DEPARTMENT,OAK PARK HEIGHTS,8/22/2026 8:43:06 PM,BP26002785,"14XXX  58th St N, OAK PARK HEIGHTS",ASSIST OTHER AGENCY
BAYPORT POLICE DEPARTMENT,OAK PARK HEIGHTS,8/22/2026 11:43:15 PM,BP26002787,"14XXX  57th St N, OAK PARK HEIGHTS",ASSIST OTHER AGENCY
BAYPORT POLICE DEPARTMENT,STILLWATER,8/18/2026 5:48:09 PM,BP26002743,"XXX RAINBOW CT, STILLWATER",ASSIST OTHER AGENCY
BAYPORT POLICE DEPARTMENT,STILLWATER,8/22/2026 9:39:31 PM,BP26002786,"Highway 36, STILLWATER",ASSIST OTHER AGENCY
COTTAGE GROVE POLICE DEPARTMENT,COTTAGE GROVE,8/16/2026 1:07:18 AM,CG26035549,"6XXX  Hearthstone Ave S, COTTAGE GROVE",MEDICAL
COTTAGE GROVE POLICE DEPARTMENT,COTTAGE GROVE,8/16/2026 2:36:00 AM,CG26035558,"Hinton Ave S / 74th St S, COTTAGE GROVE",DISTURBANCE
COTTAGE GROVE POLICE DEPARTMENT,COTTAGE GROVE,8/16/2026 8:05:37 AM,CG26035567,"6XXX  Hinterland Trl S, COTTAGE GROVE",CIVIL MATTER/DISPUTE
COTTAGE GROVE POLICE DEPARTMENT,COTTAGE GROVE,8/16/2026 8:07:58 AM,CG26035568,"9XXX  93rd St S, COTTAGE GROVE",MEDICAL
COTTAGE GROVE POLICE DEPARTMENT,COTTAGE GROVE,8/16/2026 9:35:41 AM,CG26035572,"6XXX  Harkness Ave S, COTTAGE GROVE",MEDICAL
COTTAGE GROVE POLICE DEPARTMENT,COTTAGE GROVE,8/16/2026 9:40:32 AM,CG26035573,"JAMAICA AVE S TO HWY 61 NB RAMP, COTTAGE GROVE",TRAFFIC STOP
COTTAGE GROVE POLICE DEPARTMENT,COTTAGE GROVE,8/16/2026 2:54:07 PM,CG26035607,"10XXX  Grey Cloud Trl S, COTTAGE GROVE",DRIVING COMPLAINT
COTTAGE GROVE POLICE DEPARTMENT,COTTAGE GROVE,8/16/2026 3:16:10 PM,CG26035609,"8XXX  Grafton Ave S, COTTAGE GROVE",SUSPICIOUS PERSON/ACTIVITY
COTTAGE GROVE POLICE DEPARTMENT,COTTAGE GROVE,8/16/2026 4:13:45 PM,CG26035615,"6XXX  Jocelyn Ave S, COTTAGE GROVE",MEDICAL
COTTAGE GROVE POLICE DEPARTMENT,COTTAGE GROVE,8/16/2026 4:20:18 PM,CG26035619,"6XXX  Hedgecroft Ave S, COTTAGE GROVE",CIVIL MATTER/DISPUTE
COTTAGE GROVE POLICE DEPARTMENT,COTTAGE GROVE,8/16/2026 5:17:45 PM,CG26035637,"6XXX  Innsdale Ave S, COTTAGE GROVE",MISSING PERSON
COTTAGE GROVE POLICE DEPARTMENT,COTTAGE GROVE,8/16/2026 5:19:30 PM,CG26035636,"8XXX  - 8799 72ND ST S, COTTAGE GROVE",TRAFFIC STOP
COTTAGE GROVE POLICE DEPARTMENT,COTTAGE GROVE,8/16/2026 6:22:16 PM,CG26035648,"8XXX  EAST POINT DOUGLAS RD S, COTTAGE GROVE",VEHICLE UNLOCK
COTTAGE GROVE POLICE DEPARTMENT,COTTAGE GROVE,8/16/2026 9:19:41 PM,CG26035662,"7XXX  79TH ST S, COTTAGE GROVE",WARRANT ARREST
COTTAGE GROVE POLICE DEPARTMENT,COTTAGE GROVE,8/16/2026 9:43:42 PM,CG26035668,"7XXX  80th St S, COTTAGE GROVE",ACCIDENT
COTTAGE GROVE POLICE DEPARTMENT,COTTAGE GROVE,8/16/2026 11:55:38 PM,CG26035690,"6XXX  Pine Arbor Dr S, COTTAGE GROVE",TRAFFIC COMPLAINT
COTTAGE GROVE POLICE DEPARTMENT,COTTAGE GROVE,8/17/2026 1:55:23 AM,CG26035693,"70th St S / Meadow Grass Ave S, COTTAGE GROVE",INCIDENT
COTTAGE GROVE POLICE DEPARTMENT,COTTAGE GROVE,8/17/2026 8:51:18 AM,CG26035707,"8XXX  88th St S, COTTAGE GROVE",ANIMAL COMPLAINT
COTTAGE GROVE POLICE DEPARTMENT,COTTAGE GROVE,8/17/2026 9:00:25 AM,CG26035708,"7XXX  98TH ST S, COTTAGE GROVE",PROPERTY DAMAGE
COTTAGE GROVE POLICE DEPARTMENT,COTTAGE GROVE,8/17/2026 10:41:56 AM,CG26035719,"8XXX  81st St S, COTTAGE GROVE",MEDICAL
COTTAGE GROVE POLICE DEPARTMENT,COTTAGE GROVE,8/17/2026 10:52:36 AM,CG26035721,"8XXX  Ironwood Ave S, COTTAGE GROVE",WELFARE CHECK
COTTAGE GROVE POLICE DEPARTMENT,COTTAGE GROVE,8/17/2026 11:02:56 AM,CG26035723,"8XXX  97th St S, COTTAGE GROVE",VEHICLE UNLOCK
COTTAGE GROVE POLICE DEPARTMENT,COTTAGE GROVE,8/17/2026 11:57:38 AM,CG26035727,"7XXX  Meadow Grass Ave S, COTTAGE GROVE",DWI
COTTAGE GROVE POLICE DEPARTMENT,COTTAGE GROVE,8/17/2026 12:10:52 PM,CG26035728,"7XXX  Jorgensen Ln S, COTTAGE GROVE",ACCIDENT
COTTAGE GROVE POLICE DEPARTMENT,COTTAGE GROVE,8/17/2026 2:36:23 PM,CG26035747,"9XXX  EAST POINT DOUGLAS RD S, COTTAGE GROVE",FRAUD/SCAM
COTTAGE GROVE POLICE DEPARTMENT,COTTAGE GROVE,8/17/2026 3:29:35 PM,CG26035758,"9XXX  JAMAICA AVE S, COTTAGE GROVE",LOST PROPERTY/ITEM
COTTAGE GROVE POLICE DEPARTMENT,COTTAGE GROVE,8/17/2026 3:49:16 PM,CG26035759,"HWY 61 WB TO 80TH ST S RAMP, COTTAGE GROVE",DISABLED VEHICLE
COTTAGE GROVE POLICE DEPARTMENT,COTTAGE GROVE,8/17/2026 4:02:53 PM,CG26035767,"6XXX  East Point Douglas Rd S, COTTAGE GROVE",MEDICAL
COTTAGE GROVE POLICE DEPARTMENT,COTTAGE GROVE,8/17/2026 5:14:11 PM,CG26035779,"7XXX  Hardwood Ct S, COTTAGE GROVE",SHOPLIFTING
COTTAGE GROVE POLICE DEPARTMENT,COTTAGE GROVE,8/17/2026 6:42:12 PM,CG26035808,"9XXX  Hamlet Ave S, COTTAGE GROVE",MEDICAL
COTTAGE GROVE POLICE DEPARTMENT,COTTAGE GROVE,8/17/2026 8:30:40 PM,CG26035820,"HWY 61 SB TO INNOVATION RD RAMP, COTTAGE GROVE",TRAFFIC STOP
COTTAGE GROVE POLICE DEPARTMENT,COTTAGE GROVE,8/17/2026 9:33:02 PM,CG26035849,"6XXX  Pine Arbor Dr S, COTTAGE GROVE",CITIZEN/PUBLIC ASSIST
COTTAGE GROVE POLICE DEPARTMENT,COTTAGE GROVE,8/17/2026 11:49:37 PM,CG26035889,"HWY 61/70th St S, COTTAGE GROVE",TRAFFIC STOP
COTTAGE GROVE POLICE DEPARTMENT,COTTAGE GROVE,8/18/2026 1:37:40 AM,CG26035892,"8XXX  River Acres Rd S, COTTAGE GROVE",MEDICAL
COTTAGE GROVE POLICE DEPARTMENT,COTTAGE GROVE,8/18/2026 6:16:20 AM,CG26035912,"8XXX  Iden Ave S, COTTAGE GROVE",MEDICAL
COTTAGE GROVE POLICE DEPARTMENT,COTTAGE GROVE,8/18/2026 11:25:37 AM,CG26035942,"9XXX  Jensen Ave S, COTTAGE GROVE",CIVIL MATTER/DISPUTE
COTTAGE GROVE POLICE DEPARTMENT,COTTAGE GROVE,8/18/2026 11:54:55 AM,CG26035944,"10XXX  Lehigh Ave S, COTTAGE GROVE",IDENTITY THEFT
COTTAGE GROVE POLICE DEPARTMENT,COTTAGE GROVE,8/18/2026 11:59:26 AM,CG26035945,"8XXX  Ivywood Ave S, COTTAGE GROVE",CITIZEN/PUBLIC ASSIST
COTTAGE GROVE POLICE DEPARTMENT,COTTAGE GROVE,8/18/2026 12:05:25 PM,CG26035946,"6XXX  80th St S, COTTAGE GROVE",MEDICAL
COTTAGE GROVE POLICE DEPARTMENT,COTTAGE GROVE,8/18/2026 12:07:15 PM,CG26035947,"8XXX  Homestead Ave S, COTTAGE GROVE",MEDICAL
COTTAGE GROVE POLICE DEPARTMENT,COTTAGE GROVE,8/18/2026 1:24:29 PM,CG26035953,"80th St S Over Hwy 61, COTTAGE GROVE",ACCIDENT
COTTAGE GROVE POLICE DEPARTMENT,COTTAGE GROVE,8/18/2026 1:25:28 PM,CG26035954,"7XXX  Jocelyn Ct S, COTTAGE GROVE",FRAUD/SCAM
COTTAGE GROVE POLICE DEPARTMENT,COTTAGE GROVE,8/18/2026 1:25:44 PM,CG26035955,"7XXX  Hinton Ave S, COTTAGE GROVE",ANIMAL BITE
COTTAGE GROVE POLICE DEPARTMENT,COTTAGE GROVE,8/18/2026 1:34:10 PM,CG26035957,"7XXX  80th St S, COTTAGE GROVE",FRAUD/SCAM
COTTAGE GROVE POLICE DEPARTMENT,COTTAGE GROVE,8/18/2026 2:19:46 PM,CG26035964,"7XXX  Hardwood Ct S, COTTAGE GROVE",PURSUIT
COTTAGE GROVE POLICE DEPARTMENT,COTTAGE GROVE,8/18/2026 2:29:34 PM,CG26035965,"9XXX  Islay Ave S, COTTAGE GROVE",DANCO VIOLATION
COTTAGE GROVE POLICE DEPARTMENT,COTTAGE GROVE,8/18/2026 4:56:34 PM,CG26035985,"7XXX  East Point Douglas Rd S, COTTAGE GROVE",ACCIDENT
COTTAGE GROVE POLICE DEPARTMENT,COTTAGE GROVE,8/18/2026 5:37:59 PM,CG26035989,"8XXX  East Point Douglas Rd S, COTTAGE GROVE",WELFARE CHECK
COTTAGE GROVE POLICE DEPARTMENT,COTTAGE GROVE,8/18/2026 9:04:20 PM,CG26036011,"7XXX  96th St S, COTTAGE GROVE",MEDICAL
COTTAGE GROVE POLICE DEPARTMENT,COTTAGE GROVE,8/18/2026 9:11:22 PM,CG26036012,"10XXX  Mississippi Dunes Trl S, COTTAGE GROVE",SUSPICIOUS PERSON/ACTIVITY
COTTAGE GROVE POLICE DEPARTMENT,COTTAGE GROVE,8/18/2026 10:00:50 PM,CG26036024,"6XXX  Hedgecroft Ave S, COTTAGE GROVE",MEDICAL
COTTAGE GROVE POLICE DEPARTMENT,COTTAGE GROVE,8/18/2026 11:32:26 PM,CG26036054,"HWY 61 SB TO 80TH ST S RAMP, COTTAGE GROVE",DWI
COTTAGE GROVE POLICE DEPARTMENT,COTTAGE GROVE,8/19/2026 1:51:29 AM,CG26036055,"7XXX  Hinton Ave S, COTTAGE GROVE",MEDICAL
COTTAGE GROVE POLICE DEPARTMENT,COTTAGE GROVE,8/19/2026 10:08:31 AM,CG26036068,"8XXX  BELDEN BLVD S, COTTAGE GROVE",DISTURBANCE
COTTAGE GROVE POLICE DEPARTMENT,COTTAGE GROVE,8/19/2026 11:26:54 AM,CG26036078,"9XXX  Hamlet Ave S, COTTAGE GROVE",MEDICAL
COTTAGE GROVE POLICE DEPARTMENT,COTTAGE GROVE,8/19/2026 11:49:10 AM,CG26036082,"8XXX  East Point Douglas Rd S, COTTAGE GROVE",MEDICAL
COTTAGE GROVE POLICE DEPARTMENT,COTTAGE GROVE,8/19/2026 1:11:39 PM,CG26036088,"Jamaica Ave S / 90th St S, COTTAGE GROVE",ACCIDENT
COTTAGE GROVE POLICE DEPARTMENT,COTTAGE GROVE,8/19/2026 1:16:18 PM,CG26036090,"7XXX  Iverson Ave S, COTTAGE GROVE",FRAUD/SCAM
COTTAGE GROVE POLICE DEPARTMENT,COTTAGE GROVE,8/19/2026 1:20:11 PM,CG26036091,"EAST POINT DOUGLAS RD S / JAMAICA AVE S, COTTAGE GROVE",ACCIDENT
COTTAGE GROVE POLICE DEPARTMENT,COTTAGE GROVE,8/19/2026 2:08:21 PM,CG26036100,"8XXX  East Point Douglas Rd S, COTTAGE GROVE",SHOPLIFTING
COTTAGE GROVE POLICE DEPARTMENT,COTTAGE GROVE,8/19/2026 4:13:17 PM,CG26036117,"7XXX  HIDDEN VALLEY TRL S, COTTAGE GROVE",MEDICAL
COTTAGE GROVE POLICE DEPARTMENT,COTTAGE GROVE,8/19/2026 5:20:14 PM,CG26036136,"JANERO CT S / JANERO AV S, COTTAGE GROVE",DWI
COTTAGE GROVE POLICE DEPARTMENT,COTTAGE GROVE,8/19/2026 8:06:25 PM,CG26036149,"9XXX  Indian Blvd S, COTTAGE GROVE",CITIZEN/PUBLIC ASSIST
COTTAGE GROVE POLICE DEPARTMENT,COTTAGE GROVE,8/19/2026 8:51:02 PM,CG26036153,"8XXX  INGLESIDE AVE S, COTTAGE GROVE",WARRANT ARREST
COTTAGE GROVE POLICE DEPARTMENT,COTTAGE GROVE,8/19/2026 9:46:46 PM,CG26036166,"7XXX  Hearthside Ave S, COTTAGE GROVE",WELFARE CHECK
COTTAGE GROVE POLICE DEPARTMENT,COTTAGE GROVE,8/19/2026 9:50:55 PM,CG26036167,"6XXX  92nd Bay S, COTTAGE GROVE",MEDICAL
COTTAGE GROVE POLICE DEPARTMENT,COTTAGE GROVE,8/19/2026 10:08:53 PM,CG26036170,"HADLEY AVE S / 102ND ST S, COTTAGE GROVE",WANTED PERSON-KOPS ALERT/ATL
COTTAGE GROVE POLICE DEPARTMENT,COTTAGE GROVE,8/19/2026 11:30:13 PM,CG26036180,"8XXX  60TH ST S, COTTAGE GROVE",CITIZEN/PUBLIC ASSIST
COTTAGE GROVE POLICE DEPARTMENT,COTTAGE GROVE,8/19/2026 11:33:02 PM,CG26036181,"7XXX  Hearthside Ave S, COTTAGE GROVE",MEDICAL
COTTAGE GROVE POLICE DEPARTMENT,COTTAGE GROVE,8/20/2026 12:01:13 AM,CG26036184,"8XXX  89TH STREET CIR S, COTTAGE GROVE",DISTURBANCE
COTTAGE GROVE POLICE DEPARTMENT,COTTAGE GROVE,8/20/2026 12:09:04 AM,CG26036185,"6XXX  Pine Crest Trl S, COTTAGE GROVE",SUSPICIOUS PERSON/ACTIVITY
COTTAGE GROVE POLICE DEPARTMENT,COTTAGE GROVE,8/20/2026 2:31:00 AM,CG26036189,"70TH ST S / HINTON AVE S, COTTAGE GROVE",TRAFFIC STOP
COTTAGE GROVE POLICE DEPARTMENT,COTTAGE GROVE,8/20/2026 4:49:03 AM,CG26036191,"8XXX  77th St S, COTTAGE GROVE",MEDICAL
COTTAGE GROVE POLICE DEPARTMENT,COTTAGE GROVE,8/20/2026 9:03:52 AM,CG26036199,"8XXX  Greystone Ave S, COTTAGE GROVE",DEATH
COTTAGE GROVE POLICE DEPARTMENT,COTTAGE GROVE,8/20/2026 12:10:18 PM,CG26036230,"80TH ST S / JOLIET AVE S, COTTAGE GROVE",E-MOTO STOP
COTTAGE GROVE POLICE DEPARTMENT,COTTAGE GROVE,8/20/2026 1:02:12 PM,CG26036235,"7XXX  Immanuel Ave S, COTTAGE GROVE",MEDICAL
COTTAGE GROVE POLICE DEPARTMENT,COTTAGE GROVE,8/20/2026 1:11:54 PM,CG26036237,"10XXX  Grey Cloud Trl S, COTTAGE GROVE",ABANDONED VEHICLE
COTTAGE GROVE POLICE DEPARTMENT,COTTAGE GROVE,8/20/2026 3:56:51 PM,CG26036257,"8XXX  East Point Douglas Rd S, COTTAGE GROVE",VEHICLE UNLOCK
COTTAGE GROVE POLICE DEPARTMENT,COTTAGE GROVE,8/20/2026 4:01:23 PM,CG26036258,"6XXX  Meadow Grass Ln S, COTTAGE GROVE",CITIZEN/PUBLIC ASSIST
COTTAGE GROVE POLICE DEPARTMENT,COTTAGE GROVE,8/20/2026 4:19:06 PM,CG26036261,"9XXX  Indian Blvd S, COTTAGE GROVE",INTERNET CRIMES
COTTAGE GROVE POLICE DEPARTMENT,COTTAGE GROVE,8/20/2026 5:27:25 PM,CG26036269,"6XXX  Idsen Ave S, COTTAGE GROVE",MEDICAL
COTTAGE GROVE POLICE DEPARTMENT,COTTAGE GROVE,8/20/2026 6:02:34 PM,CG26036277,"6XXX  91st Cv S, COTTAGE GROVE",CIVIL MATTER/DISPUTE
COTTAGE GROVE POLICE DEPARTMENT,COTTAGE GROVE,8/20/2026 6:45:33 PM,CG26036285,"9XXX  Indian Blvd S, COTTAGE GROVE",MEDICAL
COTTAGE GROVE POLICE DEPARTMENT,COTTAGE GROVE,8/20/2026 7:51:44 PM,CG26036287,"8XXX  Hyde Ln S, COTTAGE GROVE",THEFT
COTTAGE GROVE POLICE DEPARTMENT,COTTAGE GROVE,8/20/2026 9:38:16 PM,CG26036291,"9XXX  RAVINE PKWY S, COTTAGE GROVE",SUSPICIOUS PERSON/ACTIVITY
COTTAGE GROVE POLICE DEPARTMENT,COTTAGE GROVE,8/20/2026 11:50:19 PM,CG26036311,"9XXX  75TH ST S, COTTAGE GROVE",PARK INCIDENT-CITY/COUNTY
COTTAGE GROVE POLICE DEPARTMENT,COTTAGE GROVE,8/21/2026 2:27:26 AM,CG26036344,"7XXX  73rd St S, COTTAGE GROVE",ALARM-BUSINESS/RES/FIRE/MEDICAL/ETC
COTTAGE GROVE POLICE DEPARTMENT,COTTAGE GROVE,8/21/2026 4:29:34 AM,CG26036349,"7XXX  Hardwood Ave S, COTTAGE GROVE",THEFT
COTTAGE GROVE POLICE DEPARTMENT,COTTAGE GROVE,8/21/2026 4:50:32 AM,CG26036350,"6XXX  91ST CV S, COTTAGE GROVE",LOST PROPERTY/ITEM
COTTAGE GROVE POLICE DEPARTMENT,COTTAGE GROVE,8/21/2026 8:04:02 AM,CG26036354,"103RD ST S / GRIFFIN AVE S, COTTAGE GROVE",WELFARE CHECK
COTTAGE GROVE POLICE DEPARTMENT,COTTAGE GROVE,8/21/2026 8:04:40 AM,CG26036356,"11XXX  Highway 61 S, COTTAGE GROVE",VEHICLE UNLOCK
COTTAGE GROVE POLICE DEPARTMENT,COTTAGE GROVE,8/21/2026 9:30:46 AM,CG26036359,"8XXX  92nd St S, COTTAGE GROVE",OFP VIOLATION
COTTAGE GROVE POLICE DEPARTMENT,COTTAGE GROVE,8/21/2026 9:33:08 AM,CG26036360,"8XXX  East Point Douglas Rd S, COTTAGE GROVE",ACCIDENT
COTTAGE GROVE POLICE DEPARTMENT,COTTAGE GROVE,8/21/2026 10:47:20 AM,CG26036372,"80TH ST S TO HWY 61 NB RAMP, COTTAGE GROVE",TRAFFIC STOP
COTTAGE GROVE POLICE DEPARTMENT,COTTAGE GROVE,8/21/2026 10:49:51 AM,CG26036373,"8XXX  INWOOD AVE S, COTTAGE GROVE",FOUND PROPERTY/ITEM
COTTAGE GROVE POLICE DEPARTMENT,COTTAGE GROVE,8/21/2026 11:28:05 AM,CG26036384,"Timber Crest Dr S / Pine Crest Trl S, COTTAGE GROVE",PARKING COMPLAINT
COTTAGE GROVE POLICE DEPARTMENT,COTTAGE GROVE,8/21/2026 11:35:32 AM,CG26036385,"63rd St S / Iden Ave S, COTTAGE GROVE",ACCIDENT
COTTAGE GROVE POLICE DEPARTMENT,COTTAGE GROVE,8/21/2026 12:55:39 PM,CG26036395,"6XXX  East Point Douglas Rd S, COTTAGE GROVE",MEDICAL
COTTAGE GROVE POLICE DEPARTMENT,COTTAGE GROVE,8/21/2026 1:13:09 PM,CG26036398,"6XXX  Pine Crest Trl S, COTTAGE GROVE",MEDICAL
COTTAGE GROVE POLICE DEPARTMENT,COTTAGE GROVE,8/21/2026 2:01:23 PM,CG26036411,"8XXX  East Point Douglas Rd S, COTTAGE GROVE",MEDICAL
COTTAGE GROVE POLICE DEPARTMENT,COTTAGE GROVE,8/21/2026 2:05:50 PM,CG26036415,"6XXX  MEADOW GRASS LN S, COTTAGE GROVE",CIVIL MATTER/DISPUTE
COTTAGE GROVE POLICE DEPARTMENT,COTTAGE GROVE,8/21/2026 2:08:13 PM,CG26036418,"7XXX  80th St S, COTTAGE GROVE",OFFICER INFORMATION
COTTAGE GROVE POLICE DEPARTMENT,COTTAGE GROVE,8/21/2026 2:32:06 PM,CG26036422,"80TH ST S/HADLEY AVE S, COTTAGE GROVE",E-MOTO STOP
COTTAGE GROVE POLICE DEPARTMENT,COTTAGE GROVE,8/21/2026 2:41:36 PM,CG26036423,"8XXX  80th St S, COTTAGE GROVE",MEDICAL
COTTAGE GROVE POLICE DEPARTMENT,COTTAGE GROVE,8/21/2026 3:29:20 PM,CG26036437,"8XXX  Indahl Ave S, COTTAGE GROVE",CIVIL MATTER/DISPUTE
COTTAGE GROVE POLICE DEPARTMENT,COTTAGE GROVE,8/21/2026 3:44:31 PM,CG26036442,"6XXX  Pine Crest Trl S, COTTAGE GROVE",MEDICAL
COTTAGE GROVE POLICE DEPARTMENT,COTTAGE GROVE,8/21/2026 3:49:47 PM,CG26036443,"HWY 61 SB JSO SUMMIT AVE, COTTAGE GROVE",MOTORIST ASSIST
COTTAGE GROVE POLICE DEPARTMENT,COTTAGE GROVE,8/21/2026 5:34:41 PM,CG26036472,"12XXX  Ravine Pkwy S, COTTAGE GROVE",CIVIL MATTER/DISPUTE
COTTAGE GROVE POLICE DEPARTMENT,COTTAGE GROVE,8/21/2026 6:01:36 PM,CG26036476,"7XXX  Hardwood Ct S, COTTAGE GROVE",SUSPICIOUS PERSON/ACTIVITY
COTTAGE GROVE POLICE DEPARTMENT,COTTAGE GROVE,8/21/2026 9:27:35 PM,CG26036499,"9XXX  Hamlet Ct S, COTTAGE GROVE",FIRE
COTTAGE GROVE POLICE DEPARTMENT,COTTAGE GROVE,8/21/2026 10:00:01 PM,CG26036504,"8XXX  GREENE AVE S, COTTAGE GROVE",CITIZEN/PUBLIC ASSIST
COTTAGE GROVE POLICE DEPARTMENT,COTTAGE GROVE,8/21/2026 10:45:29 PM,CG26036513,"7XXX  EAST POINT DOUGLAS RD S, COTTAGE GROVE",FLEEING
COTTAGE GROVE POLICE DEPARTMENT,COTTAGE GROVE,8/21/2026 11:19:35 PM,CG26036518,"7XXX  East Point Douglas Rd S, COTTAGE GROVE",TRESPASSING
COTTAGE GROVE POLICE DEPARTMENT,COTTAGE GROVE,8/21/2026 11:35:29 PM,CG26036519,"6XXX  INSPIRE CIR S, COTTAGE GROVE",MEDICAL
COTTAGE GROVE POLICE DEPARTMENT,COTTAGE GROVE,8/22/2026 12:10:00 AM,CG26036521,"6XXX  - 6618 70TH ST S, COTTAGE GROVE",DWI
COTTAGE GROVE POLICE DEPARTMENT,COTTAGE GROVE,8/22/2026 1:07:38 AM,CG26036527,"8XXX  East Point Douglas Rd S, COTTAGE GROVE",SUSPICIOUS PERSON/ACTIVITY
COTTAGE GROVE POLICE DEPARTMENT,COTTAGE GROVE,8/22/2026 2:04:39 AM,CG26036534,"6XXX  80TH ST S, COTTAGE GROVE",MEDICAL
COTTAGE GROVE POLICE DEPARTMENT,COTTAGE GROVE,8/22/2026 3:22:08 AM,CG26036539,"HWY 61 NB JSO INNOVATION RD, COTTAGE GROVE",DWI
COTTAGE GROVE POLICE DEPARTMENT,COTTAGE GROVE,8/22/2026 3:41:32 AM,CG26036540,"7XXX  Harkness Ave S, COTTAGE GROVE",MEDICAL
COTTAGE GROVE POLICE DEPARTMENT,COTTAGE GROVE,8/22/2026 11:19:02 AM,CG26036554,"6XXX  Jensen Alcove S, COTTAGE GROVE",MEDICAL
COTTAGE GROVE POLICE DEPARTMENT,COTTAGE GROVE,8/22/2026 2:11:49 PM,CG26036560,"7XXX  Goodview Ave S, COTTAGE GROVE",MEDICAL
COTTAGE GROVE POLICE DEPARTMENT,COTTAGE GROVE,8/22/2026 2:27:00 PM,CG26036561,"70TH ST S / HINTON AVE S, COTTAGE GROVE",WARRANT ARREST
COTTAGE GROVE POLICE DEPARTMENT,COTTAGE GROVE,8/22/2026 5:28:00 PM,CG26036569,"7XXX  Jeffery Ln S, COTTAGE GROVE",SUSPICIOUS PERSON/ACTIVITY
COTTAGE GROVE POLICE DEPARTMENT,COTTAGE GROVE,8/22/2026 8:05:26 PM,CG26036583,"8XXX  81st St S, COTTAGE GROVE",MEDICAL
COTTAGE GROVE POLICE DEPARTMENT,COTTAGE GROVE,8/22/2026 9:20:30 PM,CG26036590,"7XXX  East Point Douglas Rd S, COTTAGE GROVE",MEDICAL
COTTAGE GROVE POLICE DEPARTMENT,DENMARK TOWNSHIP,8/21/2026 5:31:00 PM,CG26036470,"Highway 10 / Point Douglas Dr S, DENMARK TOWNSHIP",DWI
COTTAGE GROVE POLICE DEPARTMENT,DENMARK TOWNSHIP,8/22/2026 8:16:00 PM,CG26036585,"HWY 61 NB AT 120TH ST S, DENMARK TOWNSHIP",TRAFFIC STOP
COTTAGE GROVE POLICE DEPARTMENT,NEWPORT,8/16/2026 10:56:50 AM,CG26035585,"XXX Red Rock Xing, NEWPORT",MEDICAL
COTTAGE GROVE POLICE DEPARTMENT,NEWPORT,8/21/2026 4:49:55 PM,CG26036456,"HWY 61 NB JNO 70TH ST S, NEWPORT",TRAFFIC STOP
FOREST LAKE POLICE DEPARTMENT,FOREST LAKE,8/16/2026 12:59:30 AM,FL26010684,"Highway 8 & I35, FOREST LAKE",ASSIST OTHER AGENCY
FOREST LAKE POLICE DEPARTMENT,FOREST LAKE,8/16/2026 10:18:25 AM,FL26010696,"22XXX  HILO AVE N, FOREST LAKE",RUNAWAY
FOREST LAKE POLICE DEPARTMENT,FOREST LAKE,8/16/2026 11:17:00 AM,FL26010695,"SCANDIA TRL N & EVERTON AVE N, FOREST LAKE",TRAFFIC STOP
FOREST LAKE POLICE DEPARTMENT,FOREST LAKE,8/16/2026 12:09:49 PM,FL26010700,"5XXX  206TH ST N, FOREST LAKE",ANIMAL BITE
FOREST LAKE POLICE DEPARTMENT,FOREST LAKE,8/16/2026 12:32:38 PM,FL26010702,"XXX 8TH AVE NW, FOREST LAKE",ANIMAL COMPLAINT
FOREST LAKE POLICE DEPARTMENT,FOREST LAKE,8/16/2026 3:08:06 PM,FL26010706,"1XXX  BROADWAY AVE W, FOREST LAKE",ACCIDENT
FOREST LAKE POLICE DEPARTMENT,FOREST LAKE,8/17/2026 3:26:21 PM,FL26010762,"NORTH SHORE DR & 8TH AVE NE, FOREST LAKE",TRAFFIC STOP
FOREST LAKE POLICE DEPARTMENT,FOREST LAKE,8/17/2026 4:10:00 PM,FL26010765,"FOREST BLVD N & SCANDIA TRL N, FOREST LAKE",TRAFFIC STOP
FOREST LAKE POLICE DEPARTMENT,FOREST LAKE,8/17/2026 4:53:19 PM,FL26010766,"NORTH SHORE TRL N & 236TH STREET CIR N, FOREST LAKE",TRAFFIC STOP
FOREST LAKE POLICE DEPARTMENT,FOREST LAKE,8/17/2026 5:17:38 PM,FL26010768,"NORTH SHORE TRL N & 236TH STREET CIR N, FOREST LAKE",TRAFFIC STOP
FOREST LAKE POLICE DEPARTMENT,FOREST LAKE,8/17/2026 5:36:55 PM,FL26010770,"NORTH SHORE DR & 6TH AVE NE, FOREST LAKE",TRAFFIC STOP
FOREST LAKE POLICE DEPARTMENT,FOREST LAKE,8/17/2026 6:16:45 PM,FL26010772,"XXX LAKE ST N, FOREST LAKE",DISTURBANCE
FOREST LAKE POLICE DEPARTMENT,FOREST LAKE,8/17/2026 8:47:58 PM,FL26010781,"1XXX  Baypoint Dr, FOREST LAKE",NEIGHBOR DISPUTE
FOREST LAKE POLICE DEPARTMENT,FOREST LAKE,8/17/2026 11:08:14 PM,FL26010782,"1XXX  LAKE ST S, FOREST LAKE",TRAFFIC STOP
FOREST LAKE POLICE DEPARTMENT,FOREST LAKE,8/18/2026 11:15:12 AM,FL26010794,"FOREST BLVD N & HEADWATERS PKWY, FOREST LAKE",ACCIDENT
FOREST LAKE POLICE DEPARTMENT,FOREST LAKE,8/18/2026 2:36:55 PM,FL26010799,"NORTH SHORE TRL N & 236TH STREET CIR N, FOREST LAKE",TRAFFIC STOP
FOREST LAKE POLICE DEPARTMENT,FOREST LAKE,8/18/2026 3:11:24 PM,FL26010803,"NORTH SHORE TRL N & 236TH STREET CIR N, FOREST LAKE",TRAFFIC STOP
FOREST LAKE POLICE DEPARTMENT,FOREST LAKE,8/18/2026 4:22:00 PM,FL26010809,"XX BROADWAY AVE E, FOREST LAKE",TRESPASSING
FOREST LAKE POLICE DEPARTMENT,FOREST LAKE,8/18/2026 4:36:00 PM,FL26010810,"NORTH SHORE DR & 8TH AVE NE, FOREST LAKE",TRAFFIC STOP
FOREST LAKE POLICE DEPARTMENT,FOREST LAKE,8/18/2026 5:47:05 PM,FL26010817,"XXX BROADWAY AVE W, FOREST LAKE",ACCIDENT
FOREST LAKE POLICE DEPARTMENT,FOREST LAKE,8/18/2026 6:10:17 PM,FL26010818,"11TH AVE SW & 8TH ST SW, FOREST LAKE",TRAFFIC STOP
FOREST LAKE POLICE DEPARTMENT,FOREST LAKE,8/18/2026 7:47:10 PM,FL26010820,"XXX 16TH AVE SE, FOREST LAKE",SUSPICIOUS PERSON/ACTIVITY
FOREST LAKE POLICE DEPARTMENT,FOREST LAKE,8/19/2026 12:25:52 PM,FL26010839,"1XXX  BROADWAY AVE W, FOREST LAKE",UNWANTED PERSON/VEHICLE
FOREST LAKE POLICE DEPARTMENT,FOREST LAKE,8/19/2026 12:43:13 PM,FL26010840,"XXX LAKE ST S, FOREST LAKE",CIVIL MATTER/DISPUTE
FOREST LAKE POLICE DEPARTMENT,FOREST LAKE,8/19/2026 12:54:08 PM,FL26010841,"1XXX  APARTMENT LN SW, FOREST LAKE",DISTURBANCE
FOREST LAKE POLICE DEPARTMENT,FOREST LAKE,8/19/2026 1:10:04 PM,FL26010845,"1XXX  LAKE ST S, FOREST LAKE",THEFT
FOREST LAKE POLICE DEPARTMENT,FOREST LAKE,8/19/2026 1:54:59 PM,FL26010849,"19XXX  FOREST RD N, FOREST LAKE",FRAUD/SCAM
FOREST LAKE POLICE DEPARTMENT,FOREST LAKE,8/19/2026 3:34:49 PM,FL26010852,"1XXX  ISLAND DR, FOREST LAKE",FRAUD/SCAM
FOREST LAKE POLICE DEPARTMENT,FOREST LAKE,8/19/2026 3:36:53 PM,FL26010853,"20XXX  JULY AVE N, FOREST LAKE",ACCIDENT
FOREST LAKE POLICE DEPARTMENT,FOREST LAKE,8/19/2026 4:27:56 PM,FL26010854,"22XXX  IMPERIAL AVE N, FOREST LAKE",HARASSMENT
FOREST LAKE POLICE DEPARTMENT,FOREST LAKE,8/19/2026 4:37:30 PM,FL26010855,"XXX 12TH ST SW, FOREST LAKE",LOCKOUT
FOREST LAKE POLICE DEPARTMENT,FOREST LAKE,8/19/2026 6:13:00 PM,FL26010859,"6XXX  Appaloosa Ave N, FOREST LAKE",DANCO VIOLATION
FOREST LAKE POLICE DEPARTMENT,FOREST LAKE,8/19/2026 6:23:19 PM,FL26010863,"XX LEE ST, FOREST LAKE",WELFARE CHECK
FOREST LAKE POLICE DEPARTMENT,FOREST LAKE,8/19/2026 6:45:03 PM,FL26010867,"1XXX  BROADWAY AVE W, FOREST LAKE",LOST PROPERTY/ITEM
FOREST LAKE POLICE DEPARTMENT,FOREST LAKE,8/19/2026 6:57:10 PM,FL26010862,"7XXX  214TH ST N, FOREST LAKE",HARASSMENT
FOREST LAKE POLICE DEPARTMENT,FOREST LAKE,8/19/2026 10:47:43 PM,FL26010876,"19XXX  HEADWATERS BLVD N, FOREST LAKE",SUICIDE ATTEMPT/THREATS OF
FOREST LAKE POLICE DEPARTMENT,FOREST LAKE,8/20/2026 1:30:00 AM,FL26010870,"BROADWAY AVE W & 19TH ST SW, FOREST LAKE",TRAFFIC STOP
FOREST LAKE POLICE DEPARTMENT,FOREST LAKE,8/20/2026 9:45:31 AM,FL26010886,"1XXX  APARTMENT LN SW, FOREST LAKE",CIVIL MATTER/DISPUTE
FOREST LAKE POLICE DEPARTMENT,FOREST LAKE,8/20/2026 11:16:36 AM,FL26010888,"1XXX  BROADWAY AVE W, FOREST LAKE",DRUGS
FOREST LAKE POLICE DEPARTMENT,FOREST LAKE,8/20/2026 4:59:22 PM,FL26010896,"1XXX  BROADWAY AVE W, FOREST LAKE",FRAUD/SCAM
FOREST LAKE POLICE DEPARTMENT,FOREST LAKE,8/20/2026 8:49:41 PM,FL26010908,"XXX 12th St Sw, FOREST LAKE",ACCIDENT
FOREST LAKE POLICE DEPARTMENT,FOREST LAKE,8/21/2026 12:07:47 AM,FL26010911,"XXX BROADWAY AVE W, FOREST LAKE",DISORDERLY CONDUCT
FOREST LAKE POLICE DEPARTMENT,FOREST LAKE,8/21/2026 7:36:18 PM,FL26010942,"XXX 15TH ST SW, FOREST LAKE",HARASSMENT
FOREST LAKE POLICE DEPARTMENT,FOREST LAKE,8/21/2026 8:09:48 PM,FL26010943,"1XXX  9th St Se, FOREST LAKE",CHILD CUSTODY
FOREST LAKE POLICE DEPARTMENT,FOREST LAKE,8/21/2026 10:02:51 PM,FL26010949,"XXX 3RD ST NW, FOREST LAKE",MEDICAL
FOREST LAKE POLICE DEPARTMENT,FOREST LAKE,8/22/2026 12:42:47 AM,FL26010955,"1XXX  5TH AVE SW, FOREST LAKE",ANIMAL COMPLAINT
FOREST LAKE POLICE DEPARTMENT,FOREST LAKE,8/22/2026 1:47:27 AM,FL26010956,"XXX Broadway Ave W, FOREST LAKE",CIVIL MATTER/DISPUTE
FOREST LAKE POLICE DEPARTMENT,FOREST LAKE,8/22/2026 11:13:52 AM,FL26010959,"22XXX  LILAC WAY, FOREST LAKE",PROPERTY DAMAGE
FOREST LAKE POLICE DEPARTMENT,FOREST LAKE,8/22/2026 6:39:34 PM,FL26010970,"BROADWAY AVE W TO I 35 SB RAMP / I35, FOREST LAKE",ACCIDENT
FOREST LAKE POLICE DEPARTMENT,FOREST LAKE,8/22/2026 7:15:00 PM,FL26010971,"LAKE ST S & 11TH AVE SW, FOREST LAKE",TRAFFIC STOP
OAKDALE POLICE DEPARTMENT,COTTAGE GROVE,8/22/2026 12:10:10 AM,OD26010838,"6XXX  - 6618 70TH ST S, COTTAGE GROVE",ASSIST OTHER AGENCY
OAKDALE POLICE DEPARTMENT,LAKE ELMO,8/16/2026 12:46:59 AM,OD26010527,"10TH ST N & INWOOD AVE N, LAKE ELMO",TRAFFIC STOP
OAKDALE POLICE DEPARTMENT,LAKE ELMO,8/22/2026 1:39:14 AM,OD26010843,"9XXX  5TH STREET LN N, LAKE ELMO",ASSIST OTHER AGENCY
OAKDALE POLICE DEPARTMENT,LANDFALL,8/20/2026 11:09:34 AM,OD26010765,"2XXX  Hudson Blvd N, LANDFALL",ANIMAL COMPLAINT
OAKDALE POLICE DEPARTMENT,MAHTOMEDI,8/21/2026 2:30:48 PM,OD26010824,"XXX 72nd St N, MAHTOMEDI",ASSIST OTHER AGENCY
OAKDALE POLICE DEPARTMENT,OAKDALE,8/16/2026 12:19:48 AM,OD26010525,"2XXX  Helena Ave N, OAKDALE",ALARM-BUSINESS/RES/FIRE/MEDICAL/ETC
OAKDALE POLICE DEPARTMENT,OAKDALE,8/16/2026 12:27:40 AM,OD26010526,"XXX GREENWAY AVE N, OAKDALE",NOISE COMPLAINT/DISTURBANCE
OAKDALE POLICE DEPARTMENT,OAKDALE,8/16/2026 1:38:29 AM,OD26010530,"4XXX  Hamlet Ave N, OAKDALE",CIVIL MATTER/DISPUTE
OAKDALE POLICE DEPARTMENT,OAKDALE,8/16/2026 2:52:51 AM,OD26010531,"4XXX  Hamlet Ave N, OAKDALE",THEFT FROM MOTOR VEHICLE
OAKDALE POLICE DEPARTMENT,OAKDALE,8/16/2026 7:41:00 AM,OD26010534,"4XXX  HELMO AVE N, OAKDALE",TRAFFIC STOP
OAKDALE POLICE DEPARTMENT,OAKDALE,8/16/2026 8:57:17 AM,OD26010535,"1XXX  Goodwin Ave N, OAKDALE",WELFARE CHECK
OAKDALE POLICE DEPARTMENT,OAKDALE,8/16/2026 9:58:49 AM,OD26010536,"6XXX  Hudson Blvd N, OAKDALE",MEDICAL
OAKDALE POLICE DEPARTMENT,OAKDALE,8/16/2026 10:14:28 AM,OD26010538,"1XXX  Granada Ave N, OAKDALE",CITIZEN/PUBLIC ASSIST
OAKDALE POLICE DEPARTMENT,OAKDALE,8/16/2026 11:42:06 AM,OD26010541,"1XXX  Hillvale Ave N, OAKDALE",ASSIST OTHER AGENCY
OAKDALE POLICE DEPARTMENT,OAKDALE,8/16/2026 12:12:10 PM,OD26010542,"6XXX  15th St N, OAKDALE",CITIZEN/PUBLIC ASSIST
OAKDALE POLICE DEPARTMENT,OAKDALE,8/16/2026 12:27:12 PM,OD26010543,"34th St N / Hadley Ave N, OAKDALE",MOTORIST ASSIST
OAKDALE POLICE DEPARTMENT,OAKDALE,8/16/2026 12:47:22 PM,OD26010544,"1XXX  Hilo Ave N, OAKDALE",MEDICAL
OAKDALE POLICE DEPARTMENT,OAKDALE,8/16/2026 1:04:00 PM,OD26010545,"Unknown, OAKDALE",CITIZEN/PUBLIC ASSIST
OAKDALE POLICE DEPARTMENT,OAKDALE,8/16/2026 2:04:42 PM,OD26010546,"2XXX  Gentry Ave N, OAKDALE",911 ABANDONED/HANGUP/OPEN LINE
OAKDALE POLICE DEPARTMENT,OAKDALE,8/16/2026 2:21:36 PM,OD26010547,"2XXX  Hillvale Ct N, OAKDALE",SUSPICIOUS PERSON/ACTIVITY
OAKDALE POLICE DEPARTMENT,OAKDALE,8/16/2026 3:43:33 PM,OD26010548,"XXX Hickory Ln N, OAKDALE",WELFARE CHECK
OAKDALE POLICE DEPARTMENT,OAKDALE,8/16/2026 4:47:28 PM,OD26010550,"1XXX  GENEVA AVE N, OAKDALE",TRAFFIC STOP
OAKDALE POLICE DEPARTMENT,OAKDALE,8/16/2026 5:42:35 PM,OD26010551,"4XXX  GENEVA AVE N, OAKDALE",ACCIDENT
OAKDALE POLICE DEPARTMENT,OAKDALE,8/16/2026 5:51:15 PM,OD26010552,"XXX INWOOD AVE N, OAKDALE",UNWANTED PERSON/VEHICLE
OAKDALE POLICE DEPARTMENT,OAKDALE,8/16/2026 6:19:31 PM,OD26010553,"8XXX  4TH ST N, OAKDALE",MEDICAL
OAKDALE POLICE DEPARTMENT,OAKDALE,8/16/2026 6:22:03 PM,OD26010554,"6XXX  Stillwater Blvd N, OAKDALE",ANIMAL COMPLAINT
OAKDALE POLICE DEPARTMENT,OAKDALE,8/16/2026 6:35:10 PM,OD26010555,"XXX INWOOD AVE N, OAKDALE",ALARM-BUSINESS/RES/FIRE/MEDICAL/ETC
OAKDALE POLICE DEPARTMENT,OAKDALE,8/16/2026 6:36:28 PM,OD26010556,"1XXX  HERON AVE N, OAKDALE",DISTURBANCE
OAKDALE POLICE DEPARTMENT,OAKDALE,8/16/2026 7:18:17 PM,OD26010558,"XXX INWOOD AVE N, OAKDALE",911 ABANDONED/HANGUP/OPEN LINE
OAKDALE POLICE DEPARTMENT,OAKDALE,8/16/2026 7:44:09 PM,OD26010559,"2XXX  HOLLY AVE N, OAKDALE",DISTURBANCE
OAKDALE POLICE DEPARTMENT,OAKDALE,8/16/2026 7:51:40 PM,OD26010560,"1XXX  HADLEY AVE N, OAKDALE",DISTURBANCE
OAKDALE POLICE DEPARTMENT,OAKDALE,8/16/2026 9:29:23 PM,OD26010563,"7XXX  10TH ST N, OAKDALE",ALARM-BUSINESS/RES/FIRE/MEDICAL/ETC
OAKDALE POLICE DEPARTMENT,OAKDALE,8/16/2026 9:52:13 PM,OD26010564,"6XXX  Stillwater Blvd N, OAKDALE",TRAFFIC STOP
OAKDALE POLICE DEPARTMENT,OAKDALE,8/16/2026 10:08:00 PM,OD26010565,"1XXX  GENEVA AVE N, OAKDALE",TRAFFIC STOP
OAKDALE POLICE DEPARTMENT,OAKDALE,8/16/2026 10:40:57 PM,OD26010566,"34TH ST N / I694, OAKDALE",ACCIDENT
OAKDALE POLICE DEPARTMENT,OAKDALE,8/16/2026 10:48:41 PM,OD26010567,"7XXX  10TH ST N, OAKDALE",TRESPASS NOTICE
OAKDALE POLICE DEPARTMENT,OAKDALE,8/16/2026 10:59:38 PM,OD26010568,"1XXX  Helena Rd N, OAKDALE",NOISE COMPLAINT/DISTURBANCE
OAKDALE POLICE DEPARTMENT,OAKDALE,8/17/2026 2:23:09 AM,OD26010570,"1XXX  Grospoint Ave N, OAKDALE",MEDICAL
OAKDALE POLICE DEPARTMENT,OAKDALE,8/17/2026 4:15:39 AM,OD26010571,"1XXX  HADLEY AVE N, OAKDALE",SUSPICIOUS PERSON/ACTIVITY
OAKDALE POLICE DEPARTMENT,OAKDALE,8/17/2026 5:35:05 AM,OD26010573,"6XXX  Upper 28th St N, OAKDALE",SUSPICIOUS PERSON/ACTIVITY
OAKDALE POLICE DEPARTMENT,OAKDALE,8/17/2026 6:05:12 AM,OD26010574,"6XXX  11TH ST N, OAKDALE",BURNING COMPLAINT
OAKDALE POLICE DEPARTMENT,OAKDALE,8/17/2026 6:37:31 AM,OD26010575,"3XXX  Hamlet Ave N, OAKDALE",ALARM-BUSINESS/RES/FIRE/MEDICAL/ETC
OAKDALE POLICE DEPARTMENT,OAKDALE,8/17/2026 7:26:24 AM,OD26010576,"1XXX  Gentry Ave N, OAKDALE",SUSPICIOUS PERSON/ACTIVITY
OAKDALE POLICE DEPARTMENT,OAKDALE,8/17/2026 8:05:13 AM,OD26010577,"7XXX  15th Street Ln N, OAKDALE",ALARM-BUSINESS/RES/FIRE/MEDICAL/ETC
OAKDALE POLICE DEPARTMENT,OAKDALE,8/17/2026 8:13:52 AM,OD26010580,"1XXX  Granada Ave N, OAKDALE",ANIMAL COMPLAINT
OAKDALE POLICE DEPARTMENT,OAKDALE,8/17/2026 9:44:09 AM,OD26010584,"1XXX  Helmo Ave N, OAKDALE",ANIMAL BITE
OAKDALE POLICE DEPARTMENT,OAKDALE,8/17/2026 10:28:41 AM,OD26010587,"Hudson Blvd N / Greenway Ave N, OAKDALE",ACCIDENT
OAKDALE POLICE DEPARTMENT,OAKDALE,8/17/2026 10:38:43 AM,OD26010588,"7XXX  10TH ST N, OAKDALE",PARKING COMPLAINT
OAKDALE POLICE DEPARTMENT,OAKDALE,8/17/2026 10:45:09 AM,OD26010589,"2XXX  Hale Ave N, OAKDALE",SUICIDE ATTEMPT/THREATS OF
OAKDALE POLICE DEPARTMENT,OAKDALE,8/17/2026 11:01:36 AM,OD26010593,"6XXX  15th St N, OAKDALE",CITIZEN/PUBLIC ASSIST
OAKDALE POLICE DEPARTMENT,OAKDALE,8/17/2026 11:05:37 AM,OD26010592,"5XXX  Helena Rd N, OAKDALE",OFFICER INFORMATION
OAKDALE POLICE DEPARTMENT,OAKDALE,8/17/2026 11:46:34 AM,OD26010594,"6XXX  13th Street Cir N, OAKDALE",FOLLOW UP
OAKDALE POLICE DEPARTMENT,OAKDALE,8/17/2026 11:56:53 AM,OD26010596,"XXX HELMO AVE N, OAKDALE",ACCIDENT
OAKDALE POLICE DEPARTMENT,OAKDALE,8/17/2026 12:26:02 PM,OD26010597,"2XXX  Helena Ave N, OAKDALE",OFFICER INFORMATION
OAKDALE POLICE DEPARTMENT,OAKDALE,8/17/2026 12:30:22 PM,OD26010598,"6XXX  21st St N, OAKDALE",ANIMAL COMPLAINT
OAKDALE POLICE DEPARTMENT,OAKDALE,8/17/2026 12:44:40 PM,OD26010599,"7XXX  15th Street Ln N, OAKDALE",MEDICAL
OAKDALE POLICE DEPARTMENT,OAKDALE,8/17/2026 12:59:50 PM,OD26010600,"XXX Greenway Ave N, OAKDALE",MEDICAL
OAKDALE POLICE DEPARTMENT,OAKDALE,8/17/2026 1:27:51 PM,OD26010601,"4XXX  HAMLET AVE N, OAKDALE",911 ABANDONED/HANGUP/OPEN LINE
OAKDALE POLICE DEPARTMENT,OAKDALE,8/17/2026 1:57:12 PM,OD26010602,"3XXX  GRANADA WAY N, OAKDALE",WARRANT ATTEMPT
OAKDALE POLICE DEPARTMENT,OAKDALE,8/17/2026 2:03:49 PM,OD26010603,"6XXX  15th St N, OAKDALE",FRAUD/SCAM
OAKDALE POLICE DEPARTMENT,OAKDALE,8/17/2026 2:07:07 PM,OD26010604,"3XXX  Granada Way N, OAKDALE",SUSPICIOUS PERSON/ACTIVITY
OAKDALE POLICE DEPARTMENT,OAKDALE,8/17/2026 2:15:23 PM,OD26010605,"6XXX  40TH ST N, OAKDALE",MEDICAL
OAKDALE POLICE DEPARTMENT,OAKDALE,8/17/2026 2:38:38 PM,OD26010606,"XXX Inwood Ave N, OAKDALE",911 ABANDONED/HANGUP/OPEN LINE
OAKDALE POLICE DEPARTMENT,OAKDALE,8/17/2026 2:52:58 PM,OD26010607,"7XXX  31ST ST N, OAKDALE",PARKING VIOLATION
OAKDALE POLICE DEPARTMENT,OAKDALE,8/17/2026 3:36:39 PM,OD26010608,"1XXX  Hallmark Cir N, OAKDALE",MEDICAL
OAKDALE POLICE DEPARTMENT,OAKDALE,8/17/2026 3:42:36 PM,OD26010610,"7XXX  10th St N, OAKDALE",THEFT
OAKDALE POLICE DEPARTMENT,OAKDALE,8/17/2026 4:31:10 PM,OD26010612,"5XXX  GENEVA AVE N, OAKDALE",HARASSMENT
OAKDALE POLICE DEPARTMENT,OAKDALE,8/17/2026 4:50:13 PM,OD26010613,"1XXX  Gentry Ave N, OAKDALE",MEDICAL
OAKDALE POLICE DEPARTMENT,OAKDALE,8/17/2026 5:29:14 PM,OD26010614,"6XXX  56th St N, OAKDALE",911 ABANDONED/HANGUP/OPEN LINE
OAKDALE POLICE DEPARTMENT,OAKDALE,8/17/2026 7:30:55 PM,OD26010616,"6XXX  46TH ST N, OAKDALE",THEFT
OAKDALE POLICE DEPARTMENT,OAKDALE,8/17/2026 8:49:29 PM,OD26010619,"7XXX  38th St N, OAKDALE",ANIMAL COMPLAINT
OAKDALE POLICE DEPARTMENT,OAKDALE,8/17/2026 9:02:09 PM,OD26010621,"1XXX  HELENA RD N, OAKDALE",FOLLOW UP
OAKDALE POLICE DEPARTMENT,OAKDALE,8/17/2026 9:12:41 PM,OD26010623,"2XXX  GENEVA AVE N, OAKDALE",PROPERTY DAMAGE
OAKDALE POLICE DEPARTMENT,OAKDALE,8/17/2026 11:06:37 PM,OD26010626,"7XXX  10th St N, OAKDALE",ALARM-BUSINESS/RES/FIRE/MEDICAL/ETC
OAKDALE POLICE DEPARTMENT,OAKDALE,8/17/2026 11:11:48 PM,OD26010627,"6XXX  10TH ST N, OAKDALE",DWI
OAKDALE POLICE DEPARTMENT,OAKDALE,8/17/2026 11:48:17 PM,OD26010631,"6XXX  48TH ST N, OAKDALE",FOLLOW UP
OAKDALE POLICE DEPARTMENT,OAKDALE,8/17/2026 11:49:39 PM,OD26010630,"1XXX  HADLEY AVE N, OAKDALE",DRIVING COMPLAINT
OAKDALE POLICE DEPARTMENT,OAKDALE,8/18/2026 12:05:12 AM,OD26010632,"6XXX  8th Street Ln N, OAKDALE",911 ABANDONED/HANGUP/OPEN LINE
OAKDALE POLICE DEPARTMENT,OAKDALE,8/18/2026 12:48:59 AM,OD26010635,"4XXX  GENEVA AVE N, OAKDALE",SUSPICIOUS PERSON/ACTIVITY
OAKDALE POLICE DEPARTMENT,OAKDALE,8/18/2026 1:02:32 AM,OD26010636,"1XXX  HELMO AVE N, OAKDALE",SUSPICIOUS PERSON/ACTIVITY
OAKDALE POLICE DEPARTMENT,OAKDALE,8/18/2026 1:43:56 AM,OD26010638,"XXX Greenway Ave N, OAKDALE",MEDICAL
OAKDALE POLICE DEPARTMENT,OAKDALE,8/18/2026 3:51:06 AM,OD26010640,"1XXX  Hale Ave N, OAKDALE",OVERDOSE
OAKDALE POLICE DEPARTMENT,OAKDALE,8/18/2026 7:36:07 AM,OD26010642,"7XXX  11th St N, OAKDALE",MEDICAL
OAKDALE POLICE DEPARTMENT,OAKDALE,8/18/2026 9:26:41 AM,OD26010646,"XXX GRANADA AVE N, OAKDALE",PARKING COMPLAINT
OAKDALE POLICE DEPARTMENT,OAKDALE,8/18/2026 9:41:33 AM,OD26010647,"7XXX  5th St N, OAKDALE",WELFARE CHECK
OAKDALE POLICE DEPARTMENT,OAKDALE,8/18/2026 10:45:10 AM,OD26010648,"4XXX  GERSHWIN AVE N, OAKDALE",PARKING COMPLAINT
OAKDALE POLICE DEPARTMENT,OAKDALE,8/18/2026 11:15:12 AM,OD26010651,"7XXX  23rd St N, OAKDALE",THREATS
OAKDALE POLICE DEPARTMENT,OAKDALE,8/18/2026 11:57:02 AM,OD26010653,"XXX Goodview Ave N, OAKDALE",ANIMAL COMPLAINT
OAKDALE POLICE DEPARTMENT,OAKDALE,8/18/2026 12:26:48 PM,OD26010654,"6XXX  15th St N, OAKDALE",CITIZEN/PUBLIC ASSIST
OAKDALE POLICE DEPARTMENT,OAKDALE,8/18/2026 1:36:08 PM,OD26010657,"XXX Granada Ave N, OAKDALE",MEDICAL
OAKDALE POLICE DEPARTMENT,OAKDALE,8/18/2026 1:40:57 PM,OD26010658,"7XXX  55th St N, OAKDALE",CIVIL MATTER/DISPUTE
OAKDALE POLICE DEPARTMENT,OAKDALE,8/18/2026 1:55:13 PM,OD26010659,"7XXX  2nd St N, OAKDALE",ACCIDENT
OAKDALE POLICE DEPARTMENT,OAKDALE,8/18/2026 2:31:55 PM,OD26010660,"2XXX  Helena Ave N, OAKDALE",CITIZEN/PUBLIC ASSIST
OAKDALE POLICE DEPARTMENT,OAKDALE,8/18/2026 2:50:09 PM,OD26010661,"1XXX  GRANITE AVE N, OAKDALE",ASSIST OTHER AGENCY
OAKDALE POLICE DEPARTMENT,OAKDALE,8/18/2026 3:36:09 PM,OD26010668,"XXX GOODVIEW AVE N, OAKDALE",SUSPICIOUS PERSON/ACTIVITY
OAKDALE POLICE DEPARTMENT,OAKDALE,8/18/2026 4:15:34 PM,OD26010670,"3XXX  HADLEY AVE N, OAKDALE",THEFT
OAKDALE POLICE DEPARTMENT,OAKDALE,8/18/2026 5:04:47 PM,OD26010672,"6XXX  25TH ST N, OAKDALE",WELFARE CHECK
OAKDALE POLICE DEPARTMENT,OAKDALE,8/18/2026 5:15:36 PM,OD26010673,"1XXX  Geneva Ave N, OAKDALE",UNWANTED PERSON/VEHICLE
OAKDALE POLICE DEPARTMENT,OAKDALE,8/18/2026 5:35:19 PM,OD26010674,"1XXX  Granada Ave N, OAKDALE",RUNAWAY
OAKDALE POLICE DEPARTMENT,OAKDALE,8/18/2026 5:39:31 PM,OD26010675,"3XXX  GERSHWIN AVE N, OAKDALE",RUNAWAY
OAKDALE POLICE DEPARTMENT,OAKDALE,8/18/2026 6:49:01 PM,OD26010677,"2XXX  HELMO CT N, OAKDALE",911 ABANDONED/HANGUP/OPEN LINE
OAKDALE POLICE DEPARTMENT,OAKDALE,8/18/2026 7:34:36 PM,OD26010678,"2XXX  HENNA AVE N, OAKDALE",FOLLOW UP
OAKDALE POLICE DEPARTMENT,OAKDALE,8/18/2026 8:04:24 PM,OD26010679,"7XXX  2nd St N, OAKDALE",ALARM-BUSINESS/RES/FIRE/MEDICAL/ETC
OAKDALE POLICE DEPARTMENT,OAKDALE,8/18/2026 10:10:44 PM,OD26010684,"1XXX  HALLMARK CIR N, OAKDALE",911 ABANDONED/HANGUP/OPEN LINE
OAKDALE POLICE DEPARTMENT,OAKDALE,8/18/2026 10:35:29 PM,OD26010686,"7XXX  22ND ST N, OAKDALE",MEDICAL
OAKDALE POLICE DEPARTMENT,OAKDALE,8/19/2026 12:49:54 AM,OD26010688,"GENEVA AVE N / 7TH ST N, OAKDALE",WELFARE CHECK
OAKDALE POLICE DEPARTMENT,OAKDALE,8/19/2026 4:31:40 AM,OD26010694,"3XXX  Hamlet Ave N, OAKDALE",ALARM-BUSINESS/RES/FIRE/MEDICAL/ETC
OAKDALE POLICE DEPARTMENT,OAKDALE,8/19/2026 8:03:55 AM,OD26010697,"3XXX  Hamlet Ave N, OAKDALE",ALARM-BUSINESS/RES/FIRE/MEDICAL/ETC
OAKDALE POLICE DEPARTMENT,OAKDALE,8/19/2026 8:34:59 AM,OD26010698,"7XXX  24th St N, OAKDALE",MEDICAL
OAKDALE POLICE DEPARTMENT,OAKDALE,8/19/2026 9:07:56 AM,OD26010699,"1XXX  GUTHRIE AVE N, OAKDALE",911 ABANDONED/HANGUP/OPEN LINE
OAKDALE POLICE DEPARTMENT,OAKDALE,8/19/2026 9:18:22 AM,OD26010700,"XXX GRAFTON AVE N, OAKDALE",SUSPICIOUS PERSON/ACTIVITY
OAKDALE POLICE DEPARTMENT,OAKDALE,8/19/2026 10:00:14 AM,OD26010701,"XXX GRANITE AVE N, OAKDALE",Confidential Investigation
OAKDALE POLICE DEPARTMENT,OAKDALE,8/19/2026 12:35:35 PM,OD26010708,"2XXX  Geneva Ave N, OAKDALE",PROPERTY DAMAGE
OAKDALE POLICE DEPARTMENT,OAKDALE,8/19/2026 1:42:49 PM,OD26010710,"6XXX  10TH ST N, OAKDALE",THEFT
OAKDALE POLICE DEPARTMENT,OAKDALE,8/19/2026 1:58:39 PM,OD26010713,"4XXX  Hamlet Ave N, OAKDALE",SUSPICIOUS PERSON/ACTIVITY
OAKDALE POLICE DEPARTMENT,OAKDALE,8/19/2026 3:18:35 PM,OD26010717,"6XXX  15th St N, OAKDALE",CITIZEN/PUBLIC ASSIST
OAKDALE POLICE DEPARTMENT,OAKDALE,8/19/2026 3:20:21 PM,OD26010716,"6XXX  33RD ST N, OAKDALE",ACCIDENT
OAKDALE POLICE DEPARTMENT,OAKDALE,8/19/2026 4:06:24 PM,OD26010719,"1XXX  Gershwin Ave N, OAKDALE",DEATH
OAKDALE POLICE DEPARTMENT,OAKDALE,8/19/2026 4:21:47 PM,OD26010720,"1XXX  GREYSTONE AVE N, OAKDALE",WARRANT ATTEMPT
OAKDALE POLICE DEPARTMENT,OAKDALE,8/19/2026 6:51:20 PM,OD26010727,"3XXX  GERSHWIN AVE N, OAKDALE",WARRANT ATTEMPT
OAKDALE POLICE DEPARTMENT,OAKDALE,8/19/2026 6:59:21 PM,OD26010728,"1XXX  Gresham Ave N, OAKDALE",FRAUD/SCAM
OAKDALE POLICE DEPARTMENT,OAKDALE,8/19/2026 7:12:31 PM,OD26010729,"1XXX  GRANADA AVE N, OAKDALE",UNWANTED PERSON/VEHICLE
OAKDALE POLICE DEPARTMENT,OAKDALE,8/19/2026 7:28:04 PM,OD26010730,"1XXX  Geneva Ave N, OAKDALE",MEDICAL
OAKDALE POLICE DEPARTMENT,OAKDALE,8/19/2026 7:29:23 PM,OD26010733,"2XXX  Helmo Ct N, OAKDALE",911 ABANDONED/HANGUP/OPEN LINE
OAKDALE POLICE DEPARTMENT,OAKDALE,8/19/2026 7:34:46 PM,OD26010732,"6XXX  40th St N, OAKDALE",WELFARE CHECK
OAKDALE POLICE DEPARTMENT,OAKDALE,8/19/2026 7:35:16 PM,OD26010731,"4XXX  GENEVA AVE N, OAKDALE",FOUND PERSON
OAKDALE POLICE DEPARTMENT,OAKDALE,8/19/2026 7:51:02 PM,OD26010734,"1XXX  Greystone Ave N, OAKDALE",FOLLOW UP
OAKDALE POLICE DEPARTMENT,OAKDALE,8/19/2026 8:09:40 PM,OD26010735,"2XXX  HENSLOW CT N, OAKDALE",911 ABANDONED/HANGUP/OPEN LINE
OAKDALE POLICE DEPARTMENT,OAKDALE,8/19/2026 8:10:40 PM,OD26010736,"6XXX  7TH ST N, OAKDALE",ANIMAL COMPLAINT
OAKDALE POLICE DEPARTMENT,OAKDALE,8/19/2026 9:51:09 PM,OD26010739,"1XXX  HELMO AVE N, OAKDALE",ANIMAL COMPLAINT
OAKDALE POLICE DEPARTMENT,OAKDALE,8/19/2026 10:26:08 PM,OD26010740,"7XXX  23RD ST N, OAKDALE",SUSPICIOUS PERSON/ACTIVITY
OAKDALE POLICE DEPARTMENT,OAKDALE,8/19/2026 10:52:00 PM,OD26010742,"4XXX  GENEVA AVE N, OAKDALE",TRAFFIC STOP
OAKDALE POLICE DEPARTMENT,OAKDALE,8/19/2026 11:50:57 PM,OD26010743,"7XXX  10TH ST N, OAKDALE",SUSPICIOUS PERSON/ACTIVITY
OAKDALE POLICE DEPARTMENT,OAKDALE,8/20/2026 12:00:00 AM,OD26010745,"8XXX  4TH ST N, OAKDALE",TRAFFIC STOP
OAKDALE POLICE DEPARTMENT,OAKDALE,8/20/2026 12:14:33 AM,OD26010744,"2XXX  GENEVA AVE N, OAKDALE",TRAFFIC STOP
OAKDALE POLICE DEPARTMENT,OAKDALE,8/20/2026 1:18:27 AM,OD26010746,"7XXX  10TH ST N, OAKDALE",SUSPICIOUS PERSON/ACTIVITY
OAKDALE POLICE DEPARTMENT,OAKDALE,8/20/2026 1:31:08 AM,OD26010747,"6XXX  15th St N, OAKDALE",CITIZEN/PUBLIC ASSIST
OAKDALE POLICE DEPARTMENT,OAKDALE,8/20/2026 1:50:28 AM,OD26010748,"3XXX  Henna Ave N, OAKDALE",PARK INCIDENT-CITY/COUNTY
OAKDALE POLICE DEPARTMENT,OAKDALE,8/20/2026 4:06:41 AM,OD26010749,"3XXX  Gershwin Ave N, OAKDALE",WANTED PERSON-KOPS ALERT/ATL
OAKDALE POLICE DEPARTMENT,OAKDALE,8/20/2026 4:33:37 AM,OD26010750,"6XXX  UPPER 46TH ST N, OAKDALE",ANIMAL COMPLAINT
OAKDALE POLICE DEPARTMENT,OAKDALE,8/20/2026 4:56:19 AM,OD26010751,"3XXX  Hamlet Ave N, OAKDALE",ALARM-BUSINESS/RES/FIRE/MEDICAL/ETC
OAKDALE POLICE DEPARTMENT,OAKDALE,8/20/2026 6:29:55 AM,OD26010752,"4XXX  HEATH AVE N, OAKDALE",ALARM-BUSINESS/RES/FIRE/MEDICAL/ETC
OAKDALE POLICE DEPARTMENT,OAKDALE,8/20/2026 8:25:47 AM,OD26010753,"7XXX  23rd St N, OAKDALE",LOST PROPERTY/ITEM
OAKDALE POLICE DEPARTMENT,OAKDALE,8/20/2026 8:40:25 AM,OD26010754,"1XXX  HADLEY AVE N, OAKDALE",MEDICAL
OAKDALE POLICE DEPARTMENT,OAKDALE,8/20/2026 8:42:17 AM,OD26010755,"7XXX  16th St N, OAKDALE",MEDICAL
OAKDALE POLICE DEPARTMENT,OAKDALE,8/20/2026 10:01:53 AM,OD26010756,"2XXX  Hillvale Ct N, OAKDALE",HARASSMENT
OAKDALE POLICE DEPARTMENT,OAKDALE,8/20/2026 10:18:33 AM,OD26010757,"3XXX  Gershwin Ave N, OAKDALE",CITIZEN/PUBLIC ASSIST
OAKDALE POLICE DEPARTMENT,OAKDALE,8/20/2026 10:21:38 AM,OD26010761,"1XXX  Gresham Ave N, OAKDALE",CITIZEN/PUBLIC ASSIST
OAKDALE POLICE DEPARTMENT,OAKDALE,8/20/2026 10:26:33 AM,OD26010758,"7XXX  UPPER 20TH ST N, OAKDALE",TRAFFIC COMPLAINT
OAKDALE POLICE DEPARTMENT,OAKDALE,8/20/2026 11:05:35 AM,OD26010760,"6XXX  15th St N, OAKDALE",CITIZEN/PUBLIC ASSIST
OAKDALE POLICE DEPARTMENT,OAKDALE,8/20/2026 12:47:09 PM,OD26010766,"10th St N / Helmo Ave N, OAKDALE",MOTORIST ASSIST
OAKDALE POLICE DEPARTMENT,OAKDALE,8/20/2026 12:59:00 PM,OD26010767,"7XXX  32ND ST N, OAKDALE",SHOPLIFTING
OAKDALE POLICE DEPARTMENT,OAKDALE,8/20/2026 1:28:37 PM,OD26010770,"10th St N / Helmo Ave N, OAKDALE",MOTORIST ASSIST
OAKDALE POLICE DEPARTMENT,OAKDALE,8/20/2026 2:31:32 PM,OD26010776,"6XXX  2ND ST N, OAKDALE",MISSING PERSON
OAKDALE POLICE DEPARTMENT,OAKDALE,8/20/2026 4:27:52 PM,OD26010778,"6XXX  15th St N, OAKDALE",FOUND PROPERTY/ITEM
OAKDALE POLICE DEPARTMENT,OAKDALE,8/20/2026 4:51:46 PM,OD26010779,"7XXX  44th St N, OAKDALE",CITIZEN/PUBLIC ASSIST
OAKDALE POLICE DEPARTMENT,OAKDALE,8/20/2026 5:10:47 PM,OD26010780,"7XXX  50th St N, OAKDALE",911 ABANDONED/HANGUP/OPEN LINE
OAKDALE POLICE DEPARTMENT,OAKDALE,8/20/2026 5:12:15 PM,OD26010781,"1XXX  Helena Rd N, OAKDALE",MEDICAL
OAKDALE POLICE DEPARTMENT,OAKDALE,8/20/2026 5:13:35 PM,OD26010783,"7XXX  29th St N, OAKDALE",911 ABANDONED/HANGUP/OPEN LINE
OAKDALE POLICE DEPARTMENT,OAKDALE,8/20/2026 6:10:24 PM,OD26010784,"6XXX  29th St N, OAKDALE",JUVENILE COMPLAINT
OAKDALE POLICE DEPARTMENT,OAKDALE,8/20/2026 6:17:31 PM,OD26010785,"4XXX  Geneva Ave N, OAKDALE",MEDICAL
OAKDALE POLICE DEPARTMENT,OAKDALE,8/20/2026 7:53:52 PM,OD26010787,"6XXX  10th St N, OAKDALE",FOLLOW UP
OAKDALE POLICE DEPARTMENT,OAKDALE,8/20/2026 8:18:59 PM,OD26010789,"1XXX  GLENBROOK AVE N, OAKDALE",WELFARE CHECK
OAKDALE POLICE DEPARTMENT,OAKDALE,8/20/2026 8:59:52 PM,OD26010790,"6XXX  12TH ST N, OAKDALE",WELFARE CHECK
OAKDALE POLICE DEPARTMENT,OAKDALE,8/20/2026 9:11:38 PM,OD26010791,"Helmo Ave N / 10th St N, OAKDALE",ACCIDENT
OAKDALE POLICE DEPARTMENT,OAKDALE,8/20/2026 9:43:39 PM,OD26010792,"2XXX  HADLEY AVE N, OAKDALE",TRAFFIC STOP
OAKDALE POLICE DEPARTMENT,OAKDALE,8/20/2026 10:28:07 PM,OD26010793,"1XXX  GLENBROOK AVE N, OAKDALE",WELFARE CHECK
OAKDALE POLICE DEPARTMENT,OAKDALE,8/20/2026 10:32:35 PM,OD26010794,"6XXX  40TH ST N, OAKDALE",MEDICAL
OAKDALE POLICE DEPARTMENT,OAKDALE,8/20/2026 10:47:26 PM,OD26010795,"7XXX  10TH ST N, OAKDALE",ALARM-BUSINESS/RES/FIRE/MEDICAL/ETC
OAKDALE POLICE DEPARTMENT,OAKDALE,8/20/2026 11:31:59 PM,OD26010796,"7XXX  23RD ST N, OAKDALE",SUSPICIOUS PERSON/ACTIVITY
OAKDALE POLICE DEPARTMENT,OAKDALE,8/21/2026 12:00:00 AM,OD26010828,"5XXX  Hadley Ave N, OAKDALE",TRAFFIC COMPLAINT
OAKDALE POLICE DEPARTMENT,OAKDALE,8/21/2026 2:32:23 AM,OD26010797,"3XXX  HADLEY AVE N, OAKDALE",ASSIST OTHER AGENCY
OAKDALE POLICE DEPARTMENT,OAKDALE,8/21/2026 4:25:43 AM,OD26010798,"3XXX  Hadley Ave N, OAKDALE",ALARM-BUSINESS/RES/FIRE/MEDICAL/ETC
OAKDALE POLICE DEPARTMENT,OAKDALE,8/21/2026 8:43:03 AM,OD26010801,"1XXX  Granada Ave N, OAKDALE",RUNAWAY
OAKDALE POLICE DEPARTMENT,OAKDALE,8/21/2026 9:54:55 AM,OD26010803,"7XXX  10th St N, OAKDALE",911 ABANDONED/HANGUP/OPEN LINE
OAKDALE POLICE DEPARTMENT,OAKDALE,8/21/2026 11:13:03 AM,OD26010806,"7XXX  46TH STREET WAY N, OAKDALE",CIVIL MATTER/DISPUTE
OAKDALE POLICE DEPARTMENT,OAKDALE,8/21/2026 11:25:20 AM,OD26010807,"6XXX  15th St N, OAKDALE",FOLLOW UP
OAKDALE POLICE DEPARTMENT,OAKDALE,8/21/2026 11:43:06 AM,OD26010805,"4XXX  HILLVALE CIR N, OAKDALE",MEDICAL
OAKDALE POLICE DEPARTMENT,OAKDALE,8/21/2026 11:45:12 AM,OD26010808,"3XXX  HAYWARD AVE N, OAKDALE",IDENTITY THEFT
OAKDALE POLICE DEPARTMENT,OAKDALE,8/21/2026 12:21:59 PM,OD26010812,"2XXX  GENEVA AVE N, OAKDALE",CIVIL MATTER/DISPUTE
OAKDALE POLICE DEPARTMENT,OAKDALE,8/21/2026 1:42:18 PM,OD26010817,"3XXX  HAYWARD AVE N, OAKDALE",ASSIST OTHER AGENCY
OAKDALE POLICE DEPARTMENT,OAKDALE,8/21/2026 1:43:56 PM,OD26010815,"6XXX  15TH ST N, OAKDALE",FOUND PROPERTY/ITEM
OAKDALE POLICE DEPARTMENT,OAKDALE,8/21/2026 2:50:54 PM,OD26010819,"7XXX  3rd St N, OAKDALE",911 ABANDONED/HANGUP/OPEN LINE
OAKDALE POLICE DEPARTMENT,OAKDALE,8/21/2026 2:57:42 PM,OD26010821,"1XXX  GRANADA AVE N, OAKDALE",SUSPICIOUS PERSON/ACTIVITY
OAKDALE POLICE DEPARTMENT,OAKDALE,8/21/2026 4:37:43 PM,OD26010825,"6XXX  43rd St N, OAKDALE",911 ABANDONED/HANGUP/OPEN LINE
OAKDALE POLICE DEPARTMENT,OAKDALE,8/21/2026 6:06:00 PM,OD26010826,"1XXX  GENTRY AVE N, OAKDALE",WELFARE CHECK
OAKDALE POLICE DEPARTMENT,OAKDALE,8/21/2026 6:59:52 PM,OD26010827,"6XXX  46th St N, OAKDALE",DISTURBANCE
OAKDALE POLICE DEPARTMENT,OAKDALE,8/21/2026 7:54:03 PM,OD26010829,"6XXX  Upper 13th St N, OAKDALE",RUNAWAY
OAKDALE POLICE DEPARTMENT,OAKDALE,8/21/2026 10:54:49 PM,OD26010831,"XXX Glenbrook Ct N, OAKDALE",CITIZEN/PUBLIC ASSIST
OAKDALE POLICE DEPARTMENT,OAKDALE,8/21/2026 11:13:00 PM,OD26010833,"1XXX  HELENA RD N, OAKDALE",911 ABANDONED/HANGUP/OPEN LINE
OAKDALE POLICE DEPARTMENT,OAKDALE,8/21/2026 11:33:24 PM,OD26010834,"1XXX  GENEVA AVE N, OAKDALE",TRAFFIC STOP
OAKDALE POLICE DEPARTMENT,OAKDALE,8/22/2026 12:00:00 AM,OD26010891,"1XXX  Glenbrook Ave N, OAKDALE",ASSAULT
OAKDALE POLICE DEPARTMENT,OAKDALE,8/22/2026 1:26:02 AM,OD26010841,"7XXX  19TH ST N, OAKDALE",911 ABANDONED/HANGUP/OPEN LINE
OAKDALE POLICE DEPARTMENT,OAKDALE,8/22/2026 1:48:05 AM,OD26010842,"7XXX  32nd St N, OAKDALE",ALARM-BUSINESS/RES/FIRE/MEDICAL/ETC
OAKDALE POLICE DEPARTMENT,OAKDALE,8/22/2026 2:10:38 AM,OD26010844,"2XXX  Geneva Ave N , OAKDALE",DWI
OAKDALE POLICE DEPARTMENT,OAKDALE,8/22/2026 2:20:00 AM,OD26010845,"15TH ST N & GENEVA AVE N, OAKDALE",MOTORIST ASSIST
OAKDALE POLICE DEPARTMENT,OAKDALE,8/22/2026 3:06:17 AM,OD26010846,"6XXX  10th St N, OAKDALE",MEDICAL
OAKDALE POLICE DEPARTMENT,OAKDALE,8/22/2026 3:36:15 AM,OD26010847,"7XXX  11th St N, OAKDALE",SUSPICIOUS PERSON/ACTIVITY
OAKDALE POLICE DEPARTMENT,OAKDALE,8/22/2026 3:49:28 AM,OD26010848,"4XXX  Geneva Ave N, OAKDALE",WELFARE CHECK
OAKDALE POLICE DEPARTMENT,OAKDALE,8/22/2026 4:16:18 AM,OD26010850,"7XXX  10TH ST N, OAKDALE",FIRE
OAKDALE POLICE DEPARTMENT,OAKDALE,8/22/2026 5:11:21 AM,OD26010852,"1XXX  HELMO AVE N, OAKDALE",ANIMAL COMPLAINT
OAKDALE POLICE DEPARTMENT,OAKDALE,8/22/2026 6:26:15 AM,OD26010853,"7XXX  10TH ST N, OAKDALE",SHOPLIFTING
OAKDALE POLICE DEPARTMENT,OAKDALE,8/22/2026 7:57:55 AM,OD26010854,"1XXX  Helmo Ave N, OAKDALE",CITIZEN/PUBLIC ASSIST
OAKDALE POLICE DEPARTMENT,OAKDALE,8/22/2026 7:59:53 AM,OD26010855,"7XXX  10th St N, OAKDALE",BURGLARY
OAKDALE POLICE DEPARTMENT,OAKDALE,8/22/2026 10:40:31 AM,OD26010859,"4XXX  GERSHWIN AVE N, OAKDALE",PARKING COMPLAINT
OAKDALE POLICE DEPARTMENT,OAKDALE,8/22/2026 10:54:04 AM,OD26010862,"XXX GRAFTON AVE N, OAKDALE",PARKING COMPLAINT
OAKDALE POLICE DEPARTMENT,OAKDALE,8/22/2026 10:58:54 AM,OD26010860,"3XXX  Granada Way N, OAKDALE",911 ABANDONED/HANGUP/OPEN LINE
OAKDALE POLICE DEPARTMENT,OAKDALE,8/22/2026 11:06:12 AM,OD26010861,"7XXX  19th St N, OAKDALE",TRESPASSING
OAKDALE POLICE DEPARTMENT,OAKDALE,8/22/2026 11:07:52 AM,OD26010865,"1XXX  Hadley Ave N, OAKDALE",CITIZEN/PUBLIC ASSIST
OAKDALE POLICE DEPARTMENT,OAKDALE,8/22/2026 12:42:28 PM,OD26010867,"7XXX  36th St N, OAKDALE",CIVIL MATTER/DISPUTE
OAKDALE POLICE DEPARTMENT,OAKDALE,8/22/2026 1:08:52 PM,OD26010871,"1XXX  Hadley Ave N, OAKDALE",CITIZEN/PUBLIC ASSIST
OAKDALE POLICE DEPARTMENT,OAKDALE,8/22/2026 1:15:05 PM,OD26010873,"Hadley Ave N / 50th St N, OAKDALE",ANIMAL COMPLAINT
OAKDALE POLICE DEPARTMENT,OAKDALE,8/22/2026 2:18:56 PM,OD26010875,"1XXX  GENEVA AVE N, OAKDALE",ACCIDENT
OAKDALE POLICE DEPARTMENT,OAKDALE,8/22/2026 2:52:23 PM,OD26010876,"5XXX  Hadley Ave N, OAKDALE",CIVIL MATTER/DISPUTE
OAKDALE POLICE DEPARTMENT,OAKDALE,8/22/2026 3:28:05 PM,OD26010877,"4XXX  Geneva Ave N, OAKDALE",DISORDERLY CONDUCT
OAKDALE POLICE DEPARTMENT,OAKDALE,8/22/2026 4:20:05 PM,OD26010880,"6XXX  15th Street Ct N, OAKDALE",911 ABANDONED/HANGUP/OPEN LINE
OAKDALE POLICE DEPARTMENT,OAKDALE,8/22/2026 5:33:03 PM,OD26010882,"8XXX  3rd St N, OAKDALE",ASSIST OTHER AGENCY
OAKDALE POLICE DEPARTMENT,OAKDALE,8/22/2026 6:49:42 PM,OD26010883,"7XXX  2nd St N, OAKDALE",ANIMAL COMPLAINT
OAKDALE POLICE DEPARTMENT,OAKDALE,8/22/2026 8:02:13 PM,OD26010884,"1XXX  HADLEY AVE N, OAKDALE",NOISE COMPLAINT/DISTURBANCE
OAKDALE POLICE DEPARTMENT,OAKDALE,8/22/2026 8:15:33 PM,OD26010885,"4XXX  GENEVA AVE N, OAKDALE",THEFT
OAKDALE POLICE DEPARTMENT,OAKDALE,8/22/2026 8:47:27 PM,OD26010886,"6XXX  5TH ST N, OAKDALE",CITIZEN/PUBLIC ASSIST
OAKDALE POLICE DEPARTMENT,OAKDALE,8/22/2026 9:54:06 PM,OD26010888,"5XXX  Helena Rd N, OAKDALE",911 ABANDONED/HANGUP/OPEN LINE
OAKDALE POLICE DEPARTMENT,OAKDALE,8/22/2026 10:00:27 PM,OD26010889,"XXX Inwood Ave N, OAKDALE",911 ABANDONED/HANGUP/OPEN LINE
OAKDALE POLICE DEPARTMENT,OAKDALE,8/22/2026 10:07:28 PM,OD26010890,"7XXX  Stillwater Blvd N, OAKDALE",CIVIL MATTER/DISPUTE
OAKDALE POLICE DEPARTMENT,OAKDALE,8/22/2026 10:55:58 PM,OD26010892,"1XXX  GENEVA AVE N, OAKDALE",TRAFFIC STOP
OAKDALE POLICE DEPARTMENT,OAKDALE,8/22/2026 11:12:29 PM,OD26010894,"4XXX  HAMLET AVE N, OAKDALE",MISSING PERSON
OAKDALE POLICE DEPARTMENT,OAKDALE,8/22/2026 11:14:18 PM,OD26010893,"1XXX  GENEVA AVE N, OAKDALE",TRAFFIC STOP
OAKDALE POLICE DEPARTMENT,OAKDALE,8/22/2026 11:14:44 PM,OD26010895,"1XXX  Granada Rd N, OAKDALE",NOISE COMPLAINT/DISTURBANCE
OAKDALE POLICE DEPARTMENT,OAKDALE,8/22/2026 11:21:36 PM,OD26010896,"6XXX  UPPER 35TH ST N, OAKDALE",MEDICAL
OAKDALE POLICE DEPARTMENT,OAKDALE,8/22/2026 11:28:40 PM,OD26010897,"STILLWATER BLVD N & GENEVA AVE N, OAKDALE",FOLLOW UP
OAKDALE POLICE DEPARTMENT,OAKDALE,8/22/2026 11:59:03 PM,OD26010899,"4XXX  Hamlet Ave N, OAKDALE",MEDICAL
ST. PAUL PARK POLICE DEPARTMENT,NEWPORT,8/16/2026 10:56:50 AM,SP26007043,"XXX Red Rock Xing, NEWPORT",ASSIST OTHER AGENCY
ST. PAUL PARK POLICE DEPARTMENT,NEWPORT,8/17/2026 11:51:08 PM,SP26007099,"1XXX  10th Ave, NEWPORT",ASSIST OTHER AGENCY
ST. PAUL PARK POLICE DEPARTMENT,NEWPORT,8/18/2026 12:06:49 PM,SP26007113,"1XXX  10th Ave, NEWPORT",ASSIST OTHER AGENCY
ST. PAUL PARK POLICE DEPARTMENT,SAINT PAUL PARK,8/16/2026 1:27:55 PM,SP26007047,"1XXX  2nd St, SAINT PAUL PARK",DANCO VIOLATION
ST. PAUL PARK POLICE DEPARTMENT,SAINT PAUL PARK,8/17/2026 1:38:00 PM,SP26007083,"1XXX  PORTLAND AVE, SAINT PAUL PARK",TRAFFIC STOP
ST. PAUL PARK POLICE DEPARTMENT,SAINT PAUL PARK,8/17/2026 5:59:10 PM,SP26007091,"XXX HASTINGS AVE, SAINT PAUL PARK",ANIMAL COMPLAINT
ST. PAUL PARK POLICE DEPARTMENT,SAINT PAUL PARK,8/18/2026 4:50:45 PM,SP26007119,"XXX River Woods Dr W, SAINT PAUL PARK",CHILD CUSTODY
ST. PAUL PARK POLICE DEPARTMENT,SAINT PAUL PARK,8/18/2026 7:41:09 PM,SP26007123,"XXX SUMMIT AVE, SAINT PAUL PARK",ACCIDENT
ST. PAUL PARK POLICE DEPARTMENT,SAINT PAUL PARK,8/20/2026 1:12:06 AM,SP26007154,"XXX Pullman Ave, SAINT PAUL PARK",911 Swatting Call
ST. PAUL PARK POLICE DEPARTMENT,SAINT PAUL PARK,8/20/2026 8:04:36 PM,SP26007178,"XXX Pullman Ave, SAINT PAUL PARK",RUNAWAY
ST. PAUL PARK POLICE DEPARTMENT,SAINT PAUL PARK,8/20/2026 9:25:23 PM,SP26007181,"XXX SUMMIT AVE, SAINT PAUL PARK",Verbal Domestic Dispute
ST. PAUL PARK POLICE DEPARTMENT,SAINT PAUL PARK,8/21/2026 12:16:37 AM,SP26007186,"XXX Hastings Ave, SAINT PAUL PARK",Motor vehicle Tampering
STILLWATER POLICE DEPARTMENT,GRANT,8/20/2026 9:43:15 AM,SW26007830,"Manning Ave N / 80th St N, GRANT",DRIVING COMPLAINT
STILLWATER POLICE DEPARTMENT,LAKE ELMO,8/16/2026 11:12:00 PM,sw26007727,"XX Highway 36 / MANNING AVE N, LAKE ELMO",FLEEING
STILLWATER POLICE DEPARTMENT,OAK PARK HEIGHTS,8/22/2026 12:00:00 AM,SW26007904,"SAINT CROIX TRL N, OAK PARK HEIGHTS",TRAFFIC STOP
STILLWATER POLICE DEPARTMENT,STILLWATER,8/16/2026 2:43:54 AM,SW26007699,"1XXX  Frontage Rd W, STILLWATER",MEDICAL
STILLWATER POLICE DEPARTMENT,STILLWATER,8/16/2026 3:01:43 AM,SW26007700,"XXX Linden St W, STILLWATER",MEDICAL
STILLWATER POLICE DEPARTMENT,STILLWATER,8/16/2026 5:16:02 AM,SW26007702,"Maryknoll Dr / Interlachen Dr, STILLWATER",SUSPICIOUS PERSON/ACTIVITY
STILLWATER POLICE DEPARTMENT,STILLWATER,8/16/2026 6:46:46 AM,SW26007704,"Boom Rd / Dellwood Rd N, STILLWATER",WELFARE CHECK
STILLWATER POLICE DEPARTMENT,STILLWATER,8/16/2026 8:53:03 AM,SW26007707,"XXX Main St N, STILLWATER",ANIMAL COMPLAINT
STILLWATER POLICE DEPARTMENT,STILLWATER,8/16/2026 9:48:10 AM,SW26007708,"Unknown, STILLWATER",OFFICER INFORMATION
STILLWATER POLICE DEPARTMENT,STILLWATER,8/16/2026 11:10:15 AM,SW26007709,"1XXX  Market Dr, STILLWATER",DISTURBANCE
STILLWATER POLICE DEPARTMENT,STILLWATER,8/16/2026 1:04:08 PM,SW26007710,"XXX Pine St W, STILLWATER",PROPERTY DAMAGE
STILLWATER POLICE DEPARTMENT,STILLWATER,8/16/2026 1:13:58 PM,SW26007711,"XXX 2nd St N, STILLWATER",CITIZEN/PUBLIC ASSIST
STILLWATER POLICE DEPARTMENT,STILLWATER,8/16/2026 3:55:12 PM,SW26007715,"XXX Chestnut St E, STILLWATER",PARKING COMPLAINT
STILLWATER POLICE DEPARTMENT,STILLWATER,8/16/2026 4:49:58 PM,SW26007718,"1XXX  Frontage Rd W, STILLWATER",WELFARE CHECK
STILLWATER POLICE DEPARTMENT,STILLWATER,8/16/2026 5:19:15 PM,SW26007719,"2XXX  3rd St N, STILLWATER",SUSPICIOUS PERSON/ACTIVITY
STILLWATER POLICE DEPARTMENT,STILLWATER,8/16/2026 6:56:41 PM,SW26007720,"2XXX  Driftwood Ln, STILLWATER",MEDICAL
STILLWATER POLICE DEPARTMENT,STILLWATER,8/16/2026 7:05:10 PM,SW26007721,"XXX Liberty Pkwy, STILLWATER",MEDICAL
STILLWATER POLICE DEPARTMENT,STILLWATER,8/16/2026 8:37:18 PM,SW26007723,"1XXX  Martha St N, STILLWATER",MEDICAL
STILLWATER POLICE DEPARTMENT,STILLWATER,8/17/2026 2:55:53 AM,SW26007728,"XXX Main St S, STILLWATER",ALARM-BUSINESS/RES/FIRE/MEDICAL/ETC
STILLWATER POLICE DEPARTMENT,STILLWATER,8/17/2026 4:56:59 AM,SW26007729,"2XXX  Orleans St W, STILLWATER",WELFARE CHECK
STILLWATER POLICE DEPARTMENT,STILLWATER,8/17/2026 6:00:25 AM,SW26007730,"XXX Rutherford Rd, STILLWATER",PARKING COMPLAINT
STILLWATER POLICE DEPARTMENT,STILLWATER,8/17/2026 8:21:06 AM,SW26007731,"2XXX  TOWER DR, STILLWATER",911 ABANDONED/HANGUP/OPEN LINE
STILLWATER POLICE DEPARTMENT,STILLWATER,8/17/2026 10:08:48 AM,SW26007733,"XXX Elm St W, STILLWATER",MEDICAL
STILLWATER POLICE DEPARTMENT,STILLWATER,8/17/2026 10:10:04 AM,SW26007734,"Unknown, STILLWATER",CITIZEN/PUBLIC ASSIST
STILLWATER POLICE DEPARTMENT,STILLWATER,8/17/2026 11:44:34 AM,SW26007736,"2XXX  White Pine Way, STILLWATER",ANIMAL COMPLAINT
STILLWATER POLICE DEPARTMENT,STILLWATER,8/17/2026 11:51:28 AM,SW26007737,"12XXX  MCKUSICK RD N, STILLWATER",SUSPICIOUS PERSON/ACTIVITY
STILLWATER POLICE DEPARTMENT,STILLWATER,8/17/2026 12:06:02 PM,SW26007738,"2XXX  Frontage Rd W, STILLWATER",CIVIL MATTER/DISPUTE
STILLWATER POLICE DEPARTMENT,STILLWATER,8/17/2026 12:21:45 PM,SW26007739,"3XXX  Abercrombie Ln, STILLWATER",PARKING COMPLAINT
STILLWATER POLICE DEPARTMENT,STILLWATER,8/17/2026 12:49:26 PM,SW26007740,"2XXX  Washington Ave, STILLWATER",911 ABANDONED/HANGUP/OPEN LINE
STILLWATER POLICE DEPARTMENT,STILLWATER,8/17/2026 3:16:26 PM,SW26007745,"1XXX  3rd Ave S, STILLWATER",SUSPICIOUS PERSON/ACTIVITY
STILLWATER POLICE DEPARTMENT,STILLWATER,8/17/2026 5:04:08 PM,SW26007746,"XXX Main St N, STILLWATER",FOUND PROPERTY/ITEM
STILLWATER POLICE DEPARTMENT,STILLWATER,8/17/2026 5:09:22 PM,SW26007747,"3XXX  Abercrombie Ln, STILLWATER",MEDICAL
STILLWATER POLICE DEPARTMENT,STILLWATER,8/17/2026 5:10:14 PM,SW26007748,"1XXX  Myrtle St W, STILLWATER",911 ABANDONED/HANGUP/OPEN LINE
STILLWATER POLICE DEPARTMENT,STILLWATER,8/17/2026 5:53:32 PM,SW26007749,"1XXX  3rd St S, STILLWATER",MISSING PERSON
STILLWATER POLICE DEPARTMENT,STILLWATER,8/17/2026 6:21:53 PM,SW26007750,"1XXX  Nightingale Blvd, STILLWATER",911 ABANDONED/HANGUP/OPEN LINE
STILLWATER POLICE DEPARTMENT,STILLWATER,8/17/2026 6:29:03 PM,SW26007751,"12XXX  75th St N, STILLWATER",PUBLIC WORKS CONCERN
STILLWATER POLICE DEPARTMENT,STILLWATER,8/17/2026 7:29:53 PM,SW26007753,"1XXX  Lecuyer Dr, STILLWATER",MISSING PERSON
STILLWATER POLICE DEPARTMENT,STILLWATER,8/17/2026 7:56:39 PM,SW26007754,"3XXX  Maureen Ln, STILLWATER",HARASSMENT
STILLWATER POLICE DEPARTMENT,STILLWATER,8/17/2026 10:01:20 PM,SW26007757,"XXX Harriet St S, STILLWATER",BURGLARY
STILLWATER POLICE DEPARTMENT,STILLWATER,8/17/2026 11:19:00 PM,SW26007761,"XXX Main St S, STILLWATER",UNWANTED PERSON/VEHICLE
STILLWATER POLICE DEPARTMENT,STILLWATER,8/18/2026 12:03:27 AM,SW26007762,"XXX Bridgewater Way, STILLWATER",MEDICAL
STILLWATER POLICE DEPARTMENT,STILLWATER,8/18/2026 1:24:51 AM,SW26007763,"1XXX  OWENS ST N, STILLWATER",INTERNET CRIMES
STILLWATER POLICE DEPARTMENT,STILLWATER,8/18/2026 2:34:45 AM,SW26007764,"14XXX  62nd St N, STILLWATER",MEDICAL
STILLWATER POLICE DEPARTMENT,STILLWATER,8/18/2026 5:33:19 AM,SW26007765,"1XXX  Frontage Rd W, STILLWATER",911 ABANDONED/HANGUP/OPEN LINE
STILLWATER POLICE DEPARTMENT,STILLWATER,8/18/2026 8:40:52 AM,SW26007767,"62nd St N / Timber Way, STILLWATER",ACCIDENT
STILLWATER POLICE DEPARTMENT,STILLWATER,8/18/2026 8:48:10 AM,SW26007768,"XXX Main St N, STILLWATER",ALARM-BUSINESS/RES/FIRE/MEDICAL/ETC
STILLWATER POLICE DEPARTMENT,STILLWATER,8/18/2026 8:53:14 AM,SW26007769,"Wildwood Ln / Eagle Ridge Trl, STILLWATER",DRIVING COMPLAINT
STILLWATER POLICE DEPARTMENT,STILLWATER,8/18/2026 9:33:23 AM,SW26007770,"1XXX  Bergmann Dr, STILLWATER",MEDICAL
STILLWATER POLICE DEPARTMENT,STILLWATER,8/18/2026 9:50:01 AM,SW26007771,"1XXX  Market Dr, STILLWATER",NOISE COMPLAINT/DISTURBANCE
STILLWATER POLICE DEPARTMENT,STILLWATER,8/18/2026 11:22:29 AM,SW26007772,"Unknown, STILLWATER",CITIZEN/PUBLIC ASSIST
STILLWATER POLICE DEPARTMENT,STILLWATER,8/18/2026 11:58:27 AM,SW26007773,"Unknown, STILLWATER",CITIZEN/PUBLIC ASSIST
STILLWATER POLICE DEPARTMENT,STILLWATER,8/18/2026 12:17:42 PM,SW26007774,"XXX 3rd St S, STILLWATER",WELFARE CHECK
STILLWATER POLICE DEPARTMENT,STILLWATER,8/18/2026 1:48:02 PM,SW26007775,"XXX 2ND ST N, STILLWATER",CITIZEN/PUBLIC ASSIST
STILLWATER POLICE DEPARTMENT,STILLWATER,8/18/2026 3:13:47 PM,SW26007777,"2XXX  Market Dr, STILLWATER",SUSPICIOUS PERSON/ACTIVITY
STILLWATER POLICE DEPARTMENT,STILLWATER,8/18/2026 4:21:48 PM,SW26007779,"XXX 4TH ST N, STILLWATER",FOUND PROPERTY/ITEM
STILLWATER POLICE DEPARTMENT,STILLWATER,8/18/2026 4:47:45 PM,SW26007781,"1XXX  Oak St W, STILLWATER",DISTURBANCE
STILLWATER POLICE DEPARTMENT,STILLWATER,8/18/2026 5:08:38 PM,SW26007782,"15XXX  62ND ST N, STILLWATER",ASSIST OTHER AGENCY
STILLWATER POLICE DEPARTMENT,STILLWATER,8/18/2026 5:17:04 PM,SW26007783,"Stillwater Blvd N / Curve Crest Blvd, STILLWATER",PUBLIC WORKS CONCERN
STILLWATER POLICE DEPARTMENT,STILLWATER,8/18/2026 5:21:24 PM,SW26007784,"1XXX  Cottage Dr, STILLWATER",LIFT ASSIST
STILLWATER POLICE DEPARTMENT,STILLWATER,8/18/2026 5:31:37 PM,SW26007786,"1XXX  Curve Crest Blvd, STILLWATER",MEDICAL
STILLWATER POLICE DEPARTMENT,STILLWATER,8/18/2026 5:48:09 PM,SW26007787,"XXX RAINBOW CT, STILLWATER",WARRANT ATTEMPT
STILLWATER POLICE DEPARTMENT,STILLWATER,8/18/2026 6:40:41 PM,SW26007789,"2XXX  Market Dr, STILLWATER",SHOPLIFTING
STILLWATER POLICE DEPARTMENT,STILLWATER,8/18/2026 7:23:43 PM,SW26007788,"2XXX  Orleans St W, STILLWATER",MEDICAL
STILLWATER POLICE DEPARTMENT,STILLWATER,8/18/2026 8:32:28 PM,SW26007791,"1XXX  Greeley St S, STILLWATER",SUSPICIOUS PERSON/ACTIVITY
STILLWATER POLICE DEPARTMENT,STILLWATER,8/18/2026 8:41:01 PM,SW26007792,"XXX William St N, STILLWATER",FIRE
STILLWATER POLICE DEPARTMENT,STILLWATER,8/18/2026 8:43:38 PM,SW26007793,"1XXX  Cottage Dr, STILLWATER",Welfare Check
STILLWATER POLICE DEPARTMENT,STILLWATER,8/18/2026 11:35:26 PM,SW26007795,"XXX Chestnut St E, STILLWATER",SUSPICIOUS PERSON/ACTIVITY
STILLWATER POLICE DEPARTMENT,STILLWATER,8/19/2026 9:41:36 AM,SW26007797,"XXX 4th St N, STILLWATER",ACCIDENT
STILLWATER POLICE DEPARTMENT,STILLWATER,8/19/2026 10:17:03 AM,SW26007798,"2XXX  Market Dr, STILLWATER",WELFARE CHECK
STILLWATER POLICE DEPARTMENT,STILLWATER,8/19/2026 11:25:22 AM,SW26007799,"2XXX  Market Dr, STILLWATER",ACCIDENT
STILLWATER POLICE DEPARTMENT,STILLWATER,8/19/2026 11:36:41 AM,SW26007800,"3XXX  White Pine Way, STILLWATER",WELFARE CHECK
STILLWATER POLICE DEPARTMENT,STILLWATER,8/19/2026 12:23:17 PM,SW26007801,"Unknown, STILLWATER",CITIZEN/PUBLIC ASSIST
STILLWATER POLICE DEPARTMENT,STILLWATER,8/19/2026 1:14:56 PM,SW26007805,"XXX 4th St N, STILLWATER",ANIMAL COMPLAINT
STILLWATER POLICE DEPARTMENT,STILLWATER,8/19/2026 1:15:08 PM,SW26007804,"Unknown, STILLWATER",CITIZEN/PUBLIC ASSIST
STILLWATER POLICE DEPARTMENT,STILLWATER,8/19/2026 1:19:21 PM,SW26007806,"1XXX  Frontage Rd W, STILLWATER",ALARM-BUSINESS/RES/FIRE/MEDICAL/ETC
STILLWATER POLICE DEPARTMENT,STILLWATER,8/19/2026 1:31:33 PM,SW26007807,"OWENS ST N / RICE ST W, STILLWATER",WELFARE CHECK
STILLWATER POLICE DEPARTMENT,STILLWATER,8/19/2026 1:32:55 PM,SW26007808,"XXX Churchill St W, STILLWATER",WELFARE CHECK
STILLWATER POLICE DEPARTMENT,STILLWATER,8/19/2026 2:38:17 PM,SW26007809,"GREELEY ST S & CURVE CREST BLVD, STILLWATER",CITIZEN/PUBLIC ASSIST
STILLWATER POLICE DEPARTMENT,STILLWATER,8/19/2026 2:50:05 PM,SW26007810,"1XXX  Greeley St S, STILLWATER",CITIZEN/PUBLIC ASSIST
STILLWATER POLICE DEPARTMENT,STILLWATER,8/19/2026 5:00:35 PM,SW26007811,"XXX Main St N, STILLWATER",PARKING COMPLAINT
STILLWATER POLICE DEPARTMENT,STILLWATER,8/19/2026 5:06:51 PM,SW26007812,"2XXX  Orleans St W, STILLWATER",MEDICAL
STILLWATER POLICE DEPARTMENT,STILLWATER,8/19/2026 5:57:21 PM,SW26007813,"XXX 2nd St N, STILLWATER",ASSAULT
STILLWATER POLICE DEPARTMENT,STILLWATER,8/19/2026 6:34:59 PM,SW26007814,"XXX 2nd St N, STILLWATER",FOLLOW UP
STILLWATER POLICE DEPARTMENT,STILLWATER,8/19/2026 11:10:00 PM,SW26007817,"BOUTWELL RD N / MARYKNOLL DR N, STILLWATER",DWI
STILLWATER POLICE DEPARTMENT,STILLWATER,8/19/2026 11:36:26 PM,SW26007818,"STILLWATER BLVD / HIGHWAY 36, STILLWATER",MOTORIST ASSIST
STILLWATER POLICE DEPARTMENT,STILLWATER,8/20/2026 5:05:24 AM,SW26007820,"1XXX  Owens St N, STILLWATER",MEDICAL
STILLWATER POLICE DEPARTMENT,STILLWATER,8/20/2026 6:08:37 AM,SW26007822,"1XXX  2nd St S, STILLWATER",FOUND PERSON
STILLWATER POLICE DEPARTMENT,STILLWATER,8/20/2026 9:04:42 AM,SW26007829,"1XXX  Market Dr, STILLWATER",ACCIDENT
STILLWATER POLICE DEPARTMENT,STILLWATER,8/20/2026 11:28:52 AM,SW26007832,"XXX 2nd St N, STILLWATER",UNWANTED PERSON/VEHICLE
STILLWATER POLICE DEPARTMENT,STILLWATER,8/20/2026 12:36:05 PM,SW26007833,"Main St S / Nelson St, STILLWATER",DRIVING COMPLAINT
STILLWATER POLICE DEPARTMENT,STILLWATER,8/20/2026 2:25:46 PM,SW26007834,"14XXX  62ND ST N, STILLWATER",COMMUNITY CONTACT
STILLWATER POLICE DEPARTMENT,STILLWATER,8/20/2026 2:33:59 PM,SW26007835,"XXX Northland Ave, STILLWATER",CITIZEN/PUBLIC ASSIST
STILLWATER POLICE DEPARTMENT,STILLWATER,8/20/2026 3:12:23 PM,SW26007837,"XXX MARSH ST W, STILLWATER",DISTURBANCE
STILLWATER POLICE DEPARTMENT,STILLWATER,8/20/2026 4:10:45 PM,SW26007840,"3XXX  Summer Fields Grn, STILLWATER",VEHICLE UNLOCK
STILLWATER POLICE DEPARTMENT,STILLWATER,8/20/2026 4:15:43 PM,SW26007841,"1XXX  Frontage Rd W, STILLWATER",LOST PROPERTY/ITEM
STILLWATER POLICE DEPARTMENT,STILLWATER,8/20/2026 4:44:32 PM,SW26007842,"Unknown, STILLWATER",CITIZEN/PUBLIC ASSIST
STILLWATER POLICE DEPARTMENT,STILLWATER,8/20/2026 4:47:22 PM,SW26007843,"Greeley St S / Curve Crest Blvd, STILLWATER",OFFICER INFORMATION
STILLWATER POLICE DEPARTMENT,STILLWATER,8/20/2026 4:55:46 PM,SW26007844,"2XXX  Driftwood Ln, STILLWATER",MEDICAL
STILLWATER POLICE DEPARTMENT,STILLWATER,8/20/2026 5:31:38 PM,SW26007845,"XXX Main St S, STILLWATER",911 ABANDONED/HANGUP/OPEN LINE
STILLWATER POLICE DEPARTMENT,STILLWATER,8/20/2026 5:43:47 PM,SW26007846,"XXX 4th St N, STILLWATER",CITIZEN/PUBLIC ASSIST
STILLWATER POLICE DEPARTMENT,STILLWATER,8/20/2026 6:06:46 PM,SW26007847,"XXX 4TH ST N, STILLWATER",VEHICLE UNLOCK
STILLWATER POLICE DEPARTMENT,STILLWATER,8/20/2026 6:09:30 PM,SW26007848,"Unknown, STILLWATER",LOST PROPERTY/ITEM
STILLWATER POLICE DEPARTMENT,STILLWATER,8/20/2026 7:41:08 PM,SW26007850,"2XXX  HIDDEN VALLEY LN, STILLWATER",MEDICAL
STILLWATER POLICE DEPARTMENT,STILLWATER,8/20/2026 8:16:07 PM,SW26007852,"XXX 3rd St S, STILLWATER",MEDICAL
STILLWATER POLICE DEPARTMENT,STILLWATER,8/20/2026 10:35:46 PM,SW26007854,"1XXX  Carnelian St N, STILLWATER",LIFT ASSIST
STILLWATER POLICE DEPARTMENT,STILLWATER,8/20/2026 11:29:45 PM,SW26007856,"14XXX  62ND ST N, STILLWATER",911 ABANDONED/HANGUP/OPEN LINE
STILLWATER POLICE DEPARTMENT,STILLWATER,8/21/2026 3:04:34 AM,SW26007859,"1XXX  Olive St W, STILLWATER",MEDICAL
STILLWATER POLICE DEPARTMENT,STILLWATER,8/21/2026 7:24:50 AM,SW26007862,"BENSON BLVD W / GILBERT CT, STILLWATER",DIRECTED PATROL
STILLWATER POLICE DEPARTMENT,STILLWATER,8/21/2026 8:50:45 AM,SW26007863,"1XXX  3rd St S, STILLWATER",WELFARE CHECK
STILLWATER POLICE DEPARTMENT,STILLWATER,8/21/2026 9:27:00 AM,SW26007864,"Unknown, STILLWATER",ANIMAL COMPLAINT
STILLWATER POLICE DEPARTMENT,STILLWATER,8/21/2026 9:49:13 AM,SW26007865,"1XXX  Holcombe St S, STILLWATER",ALARM-BUSINESS/RES/FIRE/MEDICAL/ETC
STILLWATER POLICE DEPARTMENT,STILLWATER,8/21/2026 10:31:09 AM,SW26007866,"XXX Burlington St E, STILLWATER",SUSPICIOUS PERSON/ACTIVITY
STILLWATER POLICE DEPARTMENT,STILLWATER,8/21/2026 11:05:57 AM,SW26007868,"XXX MARSH ST W, STILLWATER",ALARM-BUSINESS/RES/FIRE/MEDICAL/ETC
STILLWATER POLICE DEPARTMENT,STILLWATER,8/21/2026 11:09:32 AM,SW26007869,"XXX 4th St N, STILLWATER",CITIZEN/PUBLIC ASSIST
STILLWATER POLICE DEPARTMENT,STILLWATER,8/21/2026 11:11:29 AM,SW26007870,"XXX 4th St N, STILLWATER",CITIZEN/PUBLIC ASSIST
STILLWATER POLICE DEPARTMENT,STILLWATER,8/21/2026 11:38:58 AM,SW26007871,"2XXX  Willard St W, STILLWATER",ALARM-BUSINESS/RES/FIRE/MEDICAL/ETC
STILLWATER POLICE DEPARTMENT,STILLWATER,8/21/2026 1:52:56 PM,SW26007874,"65th St N / Osgood Ave N, STILLWATER",CITIZEN/PUBLIC ASSIST
STILLWATER POLICE DEPARTMENT,STILLWATER,8/21/2026 2:32:14 PM,SW26007875,"Center St S / Pine St W, STILLWATER",TRAFFIC COMPLAINT
STILLWATER POLICE DEPARTMENT,STILLWATER,8/21/2026 3:06:16 PM,SW26007879,"1XXX  ORLEANS ST W, STILLWATER",DRIVING COMPLAINT
STILLWATER POLICE DEPARTMENT,STILLWATER,8/21/2026 3:46:36 PM,SW26007882,"OLIVE ST W / 5TH ST S, STILLWATER",PARKING COMPLAINT
STILLWATER POLICE DEPARTMENT,STILLWATER,8/21/2026 4:28:43 PM,SW26007884," 6373 OSGOOD AVE N, STILLWATER",THEFT
STILLWATER POLICE DEPARTMENT,STILLWATER,8/21/2026 5:11:25 PM,SW26007885,"1XXX  Atwood Ln, STILLWATER",OFFICER INFORMATION
STILLWATER POLICE DEPARTMENT,STILLWATER,8/21/2026 5:11:31 PM,SW26007886,"XXX Main St N, STILLWATER",CIVIL MATTER/DISPUTE
STILLWATER POLICE DEPARTMENT,STILLWATER,8/21/2026 5:58:50 PM,SW26007887,"Unknown, STILLWATER",CITIZEN/PUBLIC ASSIST
STILLWATER POLICE DEPARTMENT,STILLWATER,8/21/2026 6:00:36 PM,SW26007888,"15XXX  62ND ST N, STILLWATER",WELFARE CHECK
STILLWATER POLICE DEPARTMENT,STILLWATER,8/21/2026 7:30:54 PM,SW26007889,"XXX Water St S, STILLWATER",CITIZEN/PUBLIC ASSIST
STILLWATER POLICE DEPARTMENT,STILLWATER,8/21/2026 8:25:54 PM,SW26007891,"Eagle Ridge Trl / Myrtle St W, STILLWATER",DISABLED VEHICLE
STILLWATER POLICE DEPARTMENT,STILLWATER,8/21/2026 8:29:20 PM,SW26007892,"2XXX  Oakridge Rd, STILLWATER",HARASSMENT
STILLWATER POLICE DEPARTMENT,STILLWATER,8/21/2026 8:42:21 PM,SW26007893,"75th St N / Maryknoll Dr, STILLWATER",PUBLIC WORKS CONCERN
STILLWATER POLICE DEPARTMENT,STILLWATER,8/21/2026 9:33:17 PM,SW26007894,"XXX Chestnut St E, STILLWATER",DISTURBANCE
STILLWATER POLICE DEPARTMENT,STILLWATER,8/21/2026 9:46:16 PM,SW26007895,"XXX Chestnut St E, STILLWATER",DISTURBANCE
STILLWATER POLICE DEPARTMENT,STILLWATER,8/21/2026 10:13:59 PM,SW26007899,"XXX Main St S, STILLWATER",911 ABANDONED/HANGUP/OPEN LINE
STILLWATER POLICE DEPARTMENT,STILLWATER,8/21/2026 10:37:00 PM,SW26007900,"XXX - 828 ANDERSON ST W, STILLWATER",TRAFFIC STOP
STILLWATER POLICE DEPARTMENT,STILLWATER,8/21/2026 11:03:30 PM,SW26007902,"XXX Main St N, STILLWATER",CIVIL MATTER/DISPUTE
STILLWATER POLICE DEPARTMENT,STILLWATER,8/21/2026 11:43:13 PM,SW26007903,"1XXX  2nd St N, STILLWATER",NEIGHBOR DISPUTE
STILLWATER POLICE DEPARTMENT,STILLWATER,8/22/2026 12:29:21 AM,SW26007906,"XXX Main St S, STILLWATER",FIGHT
STILLWATER POLICE DEPARTMENT,STILLWATER,8/22/2026 12:32:48 AM,SW26007907,"XXX Water St S, STILLWATER",UNWANTED PERSON/VEHICLE
STILLWATER POLICE DEPARTMENT,STILLWATER,8/22/2026 12:55:08 AM,SW26007908,"XXX Chestnut St E, STILLWATER",DISTURBANCE
STILLWATER POLICE DEPARTMENT,STILLWATER,8/22/2026 2:42:50 AM,SW26007909,"XXX Main St S, STILLWATER",ALARM-BUSINESS/RES/FIRE/MEDICAL/ETC
STILLWATER POLICE DEPARTMENT,STILLWATER,8/22/2026 6:29:07 AM,SW26007911,"2XXX  Orleans St W, STILLWATER",RUNAWAY
STILLWATER POLICE DEPARTMENT,STILLWATER,8/22/2026 8:19:20 AM,SW26007912,"Stillwater Blvd N / Croixwood Blvd, STILLWATER",ANIMAL COMPLAINT
STILLWATER POLICE DEPARTMENT,STILLWATER,8/22/2026 9:11:06 AM,SW26007913,"XXX Churchill St W, STILLWATER",ASSIST OTHER AGENCY
STILLWATER POLICE DEPARTMENT,STILLWATER,8/22/2026 9:23:05 AM,SW26007914,"XXX Greeley St S, STILLWATER",MEDICAL
STILLWATER POLICE DEPARTMENT,STILLWATER,8/22/2026 10:32:45 AM,SW26007915,"XXX 4th St N, STILLWATER",FOUND PROPERTY/ITEM
STILLWATER POLICE DEPARTMENT,STILLWATER,8/22/2026 11:22:39 AM,SW26007916,"XXX Greeley St N, STILLWATER",PARKING COMPLAINT
STILLWATER POLICE DEPARTMENT,STILLWATER,8/22/2026 11:54:31 AM,SW26007917,"XXX Liberty Pkwy, STILLWATER",ALARM-BUSINESS/RES/FIRE/MEDICAL/ETC
STILLWATER POLICE DEPARTMENT,STILLWATER,8/22/2026 11:55:38 AM,SW26007918,"1XXX  Market Dr, STILLWATER",ACCIDENT
STILLWATER POLICE DEPARTMENT,STILLWATER,8/22/2026 12:13:12 PM,SW26007919,"XXX CHURCHILL ST W, STILLWATER",ASSIST OTHER AGENCY
STILLWATER POLICE DEPARTMENT,STILLWATER,8/22/2026 1:14:53 PM,SW26007921,"XXX Abbott St W, STILLWATER",ANIMAL COMPLAINT
STILLWATER POLICE DEPARTMENT,STILLWATER,8/22/2026 1:55:01 PM,SW26007922,"1XXX  3rd St S, STILLWATER",CIVIL MATTER/DISPUTE
STILLWATER POLICE DEPARTMENT,STILLWATER,8/22/2026 2:39:44 PM,SW26007923,"Hwy 36 Wb Jeo Washington Ave N, STILLWATER",WELFARE CHECK
STILLWATER POLICE DEPARTMENT,STILLWATER,8/22/2026 2:58:23 PM,SW26007924,"1XXX  1st St S, STILLWATER",911 ABANDONED/HANGUP/OPEN LINE
STILLWATER POLICE DEPARTMENT,STILLWATER,8/22/2026 3:25:00 PM,SW26007925,"Owens St S / Owens St N, STILLWATER",SUSPICIOUS PERSON/ACTIVITY
STILLWATER POLICE DEPARTMENT,STILLWATER,8/22/2026 4:07:59 PM,SW26007926,"XXX Main St S, STILLWATER",WELFARE CHECK
STILLWATER POLICE DEPARTMENT,STILLWATER,8/22/2026 4:30:15 PM,SW26007927,"Main St S / Nelson St, STILLWATER",ACCIDENT
STILLWATER POLICE DEPARTMENT,STILLWATER,8/22/2026 4:49:24 PM,SW26007928,"1XXX  Pond View Ln, STILLWATER",WELFARE CHECK
STILLWATER POLICE DEPARTMENT,STILLWATER,8/22/2026 5:26:08 PM,SW26007929,"XXX Everett St N, STILLWATER",DISTURBANCE
STILLWATER POLICE DEPARTMENT,STILLWATER,8/22/2026 5:37:44 PM,SW26007930,"XXX Bridgewater Way, STILLWATER",MEDICAL
STILLWATER POLICE DEPARTMENT,STILLWATER,8/22/2026 5:59:32 PM,SW26007932,"2nd St S / Myrtle St E, STILLWATER",SUSPICIOUS PERSON/ACTIVITY
STILLWATER POLICE DEPARTMENT,STILLWATER,8/22/2026 7:28:05 PM,SW26007934,"15XXX  62nd St N, STILLWATER",TRESPASSING
STILLWATER POLICE DEPARTMENT,STILLWATER,8/22/2026 7:50:31 PM,SW26007935,"MAIN ST S / NELSON ST, STILLWATER",FOUND PROPERTY/ITEM
STILLWATER POLICE DEPARTMENT,STILLWATER,8/22/2026 8:04:39 PM,SW26007936,"1XXX  Johnson Dr, STILLWATER",PROPERTY DAMAGE
STILLWATER POLICE DEPARTMENT,STILLWATER,8/22/2026 8:21:51 PM,SW26007937,"XXX Main St S, STILLWATER",MEDICAL
STILLWATER POLICE DEPARTMENT,STILLWATER,8/22/2026 8:40:23 PM,SW26007938,"1XXX  Owens St N, STILLWATER",MEDICAL
STILLWATER POLICE DEPARTMENT,STILLWATER,8/22/2026 9:39:00 PM,SW26007939,"XXX Main St S, STILLWATER",DISTURBANCE
STILLWATER POLICE DEPARTMENT,STILLWATER,8/22/2026 10:30:59 PM,SW26007941,"XXX Water St S, STILLWATER",TRESPASSING
STILLWATER POLICE DEPARTMENT,STILLWATER TOWNSHIP,8/16/2026 9:26:24 PM,SW26007725,"8XXX  Oakhill Ave N, STILLWATER TOWNSHIP",ASSIST OTHER AGENCY
STILLWATER POLICE DEPARTMENT,STILLWATER TOWNSHIP,8/18/2026 4:38:20 PM,SW26007780,"Hwy 36 Eb Manning Ave N, STILLWATER TOWNSHIP",DRIVING COMPLAINT
WASHINGTON COUNTY SHERIFFS OFFICE,AFTON,8/16/2026 3:09:19 PM,WC26041748,"XXX Indian Trl S, AFTON",911 ABANDONED/HANGUP/OPEN LINE
WASHINGTON COUNTY SHERIFFS OFFICE,AFTON,8/16/2026 4:35:00 PM,WC26041764,"13XXX  - 14699 HUDSON RD S, AFTON",TRAFFIC STOP
WASHINGTON COUNTY SHERIFFS OFFICE,AFTON,8/16/2026 4:49:00 PM,WC26041766,"13XXX  - 14698 HUDSON RD S, AFTON",TRAFFIC STOP
WASHINGTON COUNTY SHERIFFS OFFICE,AFTON,8/16/2026 5:21:00 PM,WC26041768,"13XXX  - 14699 HUDSON RD S, AFTON",TRAFFIC STOP
WASHINGTON COUNTY SHERIFFS OFFICE,AFTON,8/16/2026 5:43:01 PM,WC26041774,"SAINT CROIX RIVER-A, AFTON",BOAT STOP
WASHINGTON COUNTY SHERIFFS OFFICE,AFTON,8/16/2026 6:20:00 PM,WC26041779,"13XXX  - 14699 HUDSON RD S, AFTON",TRAFFIC STOP
WASHINGTON COUNTY SHERIFFS OFFICE,AFTON,8/16/2026 6:20:54 PM,WC26041780,"STAGECOACH TRL S / 11TH ST S, AFTON",ANIMAL COMPLAINT
WASHINGTON COUNTY SHERIFFS OFFICE,AFTON,8/16/2026 6:54:00 PM,WC26041790,"13XXX  - 14699 HUDSON RD S, AFTON",TRAFFIC STOP
WASHINGTON COUNTY SHERIFFS OFFICE,AFTON,8/17/2026 1:30:30 PM,WC26041918,"12XXX  3rd St S, AFTON",DEATH
WASHINGTON COUNTY SHERIFFS OFFICE,AFTON,8/17/2026 9:46:49 PM,WC26041996,"15XXX  DIVISION ST, AFTON",SUSPICIOUS PERSON/ACTIVITY
WASHINGTON COUNTY SHERIFFS OFFICE,AFTON,8/18/2026 8:44:46 AM,WC26042045,"SAINT CROIX TRL S / 45TH ST S, AFTON",ROAD HAZARD
WASHINGTON COUNTY SHERIFFS OFFICE,AFTON,8/18/2026 12:25:04 PM,WC26042093,"42nd St S / Trading Post Trl S, AFTON",ABANDONED VEHICLE
WASHINGTON COUNTY SHERIFFS OFFICE,AFTON,8/18/2026 1:10:15 PM,WC26042100,"5XXX  Osgood Avenue Ct S, AFTON",CITIZEN/PUBLIC ASSIST
WASHINGTON COUNTY SHERIFFS OFFICE,AFTON,8/18/2026 5:15:25 PM,WC26042143,"Manning Ave S / I94, AFTON",OFFICER INFORMATION
WASHINGTON COUNTY SHERIFFS OFFICE,AFTON,8/19/2026 10:03:18 AM,WC26042251,"1XXX  Manning Ave S, AFTON",FIRE
WASHINGTON COUNTY SHERIFFS OFFICE,AFTON,8/19/2026 9:25:00 PM,WC26042356,"I94 WB JWO NEAL AVE N, AFTON",TRAFFIC STOP
WASHINGTON COUNTY SHERIFFS OFFICE,AFTON,8/20/2026 3:26:00 PM,WC26042484,"14XXX  Hudson Rd S, AFTON",TRAFFIC STOP
WASHINGTON COUNTY SHERIFFS OFFICE,AFTON,8/21/2026 3:24:41 PM,WC26042636,"15XXX  - 15899 AFTON BLVD S, AFTON",DIRECTED PATROL
WASHINGTON COUNTY SHERIFFS OFFICE,AFTON,8/21/2026 8:41:48 PM,WC26042696,"14XXX  HUDSON RD S, AFTON",SUSPICIOUS PERSON/ACTIVITY
WASHINGTON COUNTY SHERIFFS OFFICE,AFTON,8/22/2026 6:46:48 PM,WC26042851,"2XXX  NEAL AVE S, AFTON",ANIMAL BITE
WASHINGTON COUNTY SHERIFFS OFFICE,AFTON,8/22/2026 7:33:47 PM,WC26042857,"16XXX  32nd St S, AFTON",DRIVING COMPLAINT
WASHINGTON COUNTY SHERIFFS OFFICE,BAYPORT,8/16/2026 6:56:04 PM,WC26041792,"Highway 95 N / 8th Ave N, BAYPORT",ASSIST OTHER AGENCY
WASHINGTON COUNTY SHERIFFS OFFICE,BAYPORT,8/22/2026 12:26:02 AM,WC26042731,"XXX STATE ST S, BAYPORT",TRAFFIC STOP
WASHINGTON COUNTY SHERIFFS OFFICE,BAYTOWN TOWNSHIP,8/17/2026 11:35:14 AM,WC26041898,"5XXX  Monarda Ave N, BAYTOWN TOWNSHIP",911 ABANDONED/HANGUP/OPEN LINE
WASHINGTON COUNTY SHERIFFS OFFICE,BAYTOWN TOWNSHIP,8/19/2026 7:12:01 AM,WC26042216,"4XXX  Omaha Ave N, BAYTOWN TOWNSHIP",MOTOR VEHICLE THEFT
WASHINGTON COUNTY SHERIFFS OFFICE,BAYTOWN TOWNSHIP,8/19/2026 8:21:36 AM,WC26042224,"Stillwater Blvd N / Stillwater Way N, BAYTOWN TOWNSHIP",ACCIDENT
WASHINGTON COUNTY SHERIFFS OFFICE,BAYTOWN TOWNSHIP,8/19/2026 12:55:53 PM,WC26042283,"12XXX  40TH ST N, BAYTOWN TOWNSHIP",CITIZEN/PUBLIC ASSIST
WASHINGTON COUNTY SHERIFFS OFFICE,BAYTOWN TOWNSHIP,8/19/2026 9:21:39 PM,WC26042355,"12XXX  40th St N, BAYTOWN TOWNSHIP",911 ABANDONED/HANGUP/OPEN LINE
WASHINGTON COUNTY SHERIFFS OFFICE,BAYTOWN TOWNSHIP,8/22/2026 10:48:52 AM,WC26042774,"12XXX  40th St N, BAYTOWN TOWNSHIP",MEDICAL
WASHINGTON COUNTY SHERIFFS OFFICE,BAYTOWN TOWNSHIP,8/22/2026 11:46:45 PM,WC26042899,"4XXX  Paris Ave N, BAYTOWN TOWNSHIP",NOISE COMPLAINT/DISTURBANCE
WASHINGTON COUNTY SHERIFFS OFFICE,BIRCHWOOD,8/21/2026 8:31:37 AM,WC26042575,"XXX Wildwood Ave, BIRCHWOOD",SUSPICIOUS PERSON/ACTIVITY
WASHINGTON COUNTY SHERIFFS OFFICE,COTTAGE GROVE,8/16/2026 2:02:00 PM,WC26041738,"HWY 61 NB JSO JAMAICA AVE S, COTTAGE GROVE",CITIZEN/PUBLIC ASSIST
WASHINGTON COUNTY SHERIFFS OFFICE,COTTAGE GROVE,8/18/2026 2:19:46 PM,WC26042116,"7XXX  Hardwood Ct S, COTTAGE GROVE",ASSIST OTHER AGENCY
WASHINGTON COUNTY SHERIFFS OFFICE,COTTAGE GROVE,8/21/2026 8:15:43 AM,WC26042573,"9XXX  79th St S, COTTAGE GROVE",FOLLOW UP
WASHINGTON COUNTY SHERIFFS OFFICE,COTTAGE GROVE,8/21/2026 11:35:29 PM,WC26042723,"6XXX  INSPIRE CIR S, COTTAGE GROVE",ASSIST OTHER AGENCY
WASHINGTON COUNTY SHERIFFS OFFICE,COTTAGE GROVE,8/22/2026 12:10:10 AM,WC26042729,"6XXX  - 6618 70TH ST S, COTTAGE GROVE",ASSIST OTHER AGENCY
WASHINGTON COUNTY SHERIFFS OFFICE,COTTAGE GROVE,8/22/2026 8:22:19 AM,WC26042757,"6XXX  Highland Hills Ln S, COTTAGE GROVE",ASSIST OTHER AGENCY
WASHINGTON COUNTY SHERIFFS OFFICE,COTTAGE GROVE,8/22/2026 2:27:15 PM,WC26042799,"70TH ST S / HINTON AVE S, COTTAGE GROVE",ASSIST OTHER AGENCY
WASHINGTON COUNTY SHERIFFS OFFICE,DELLWOOD,8/16/2026 8:23:55 AM,WC26041719,"XXX APPLE ORCHARD RD, DELLWOOD",TRESPASSING
WASHINGTON COUNTY SHERIFFS OFFICE,DELLWOOD,8/16/2026 9:40:00 AM,WC26041724,"HWY 96 AT HWY 244, DELLWOOD",PROPERTY DAMAGE
WASHINGTON COUNTY SHERIFFS OFFICE,DELLWOOD,8/17/2026 2:23:35 PM,WC26041928,"Unknown, DELLWOOD",FOLLOW UP
WASHINGTON COUNTY SHERIFFS OFFICE,DELLWOOD,8/19/2026 8:50:30 PM,WC26042348,"XX Spyglass Pl, DELLWOOD",CITIZEN/PUBLIC ASSIST
WASHINGTON COUNTY SHERIFFS OFFICE,DELLWOOD,8/20/2026 8:56:02 PM,WC26042528,"XX Glen Edge Rd, DELLWOOD",MEDICAL
WASHINGTON COUNTY SHERIFFS OFFICE,DENMARK TOWNSHIP,8/16/2026 10:24:44 AM,WC26041726,"8XXX  Pleasant Ave S, DENMARK TOWNSHIP",ANIMAL COMPLAINT
WASHINGTON COUNTY SHERIFFS OFFICE,DENMARK TOWNSHIP,8/16/2026 3:58:56 PM,WC26041756,"SAINT CROIX RIVER KINNI CHANNEL-DT, DENMARK TOWNSHIP",BOAT STOP
WASHINGTON COUNTY SHERIFFS OFFICE,DENMARK TOWNSHIP,8/16/2026 4:17:59 PM,WC26041762,"8XXX  Pleasant Ave S, DENMARK TOWNSHIP",CITIZEN/PUBLIC ASSIST
WASHINGTON COUNTY SHERIFFS OFFICE,DENMARK TOWNSHIP,8/16/2026 4:27:17 PM,WC26041763,"MISSISSIPPI RIVER PRESCOTT CHANNEL-DT, DENMARK TOWNSHIP",BOAT STOP
WASHINGTON COUNTY SHERIFFS OFFICE,DENMARK TOWNSHIP,8/17/2026 7:08:10 AM,WC26041850,"6XXX  Saint Croix Trl S, DENMARK TOWNSHIP",MEDICAL
WASHINGTON COUNTY SHERIFFS OFFICE,DENMARK TOWNSHIP,8/17/2026 11:34:56 AM,WC26041899,"8XXX  PLEASANT AVE S, DENMARK TOWNSHIP",ANIMAL COMPLAINT
WASHINGTON COUNTY SHERIFFS OFFICE,DENMARK TOWNSHIP,8/17/2026 7:12:29 PM,WC26041968,"12XXX  Point Douglas Dr S, DENMARK TOWNSHIP",DISTURBANCE
WASHINGTON COUNTY SHERIFFS OFFICE,DENMARK TOWNSHIP,8/18/2026 9:22:18 AM,WC26042066,"MANNING AVE S / 110TH ST S, DENMARK TOWNSHIP",ABANDONED VEHICLE
WASHINGTON COUNTY SHERIFFS OFFICE,DENMARK TOWNSHIP,8/18/2026 1:46:05 PM,WC26042105,"6XXX  Peller Ave S, DENMARK TOWNSHIP",FOUND PROPERTY/ITEM
WASHINGTON COUNTY SHERIFFS OFFICE,DENMARK TOWNSHIP,8/18/2026 8:57:14 PM,WC26042175,"7XXX  - 7898 SAINT CROIX TRL S, DENMARK TOWNSHIP",ACCIDENT
WASHINGTON COUNTY SHERIFFS OFFICE,DENMARK TOWNSHIP,8/19/2026 12:09:11 PM,WC26042274,"6XXX  PELLER AVE S, DENMARK TOWNSHIP",DANGEROUS/POTENTIALLY DANGEROUS DOG
WASHINGTON COUNTY SHERIFFS OFFICE,DENMARK TOWNSHIP,8/19/2026 5:20:14 PM,WC26042323,"Neal Ave S / 70th St S, DENMARK TOWNSHIP",TRAFFIC COMPLAINT
WASHINGTON COUNTY SHERIFFS OFFICE,DENMARK TOWNSHIP,8/19/2026 8:24:40 PM,WC26042341,"70th St S / Neal Ave S, DENMARK TOWNSHIP",FIREWORKS
WASHINGTON COUNTY SHERIFFS OFFICE,DENMARK TOWNSHIP,8/21/2026 5:31:04 PM,WC26042659,"Highway 10 / Point Douglas Dr S, DENMARK TOWNSHIP",ASSIST OTHER AGENCY
WASHINGTON COUNTY SHERIFFS OFFICE,DENMARK TOWNSHIP,8/21/2026 10:31:45 PM,WC26042709,"12XXX  POINT DOUGLAS DR S, DENMARK TOWNSHIP",ASSIST OTHER AGENCY
WASHINGTON COUNTY SHERIFFS OFFICE,DENMARK TOWNSHIP,8/22/2026 10:35:00 AM,WC26042772,"14XXX  Point Douglas Dr S, DENMARK TOWNSHIP",NOISE COMPLAINT/DISTURBANCE
WASHINGTON COUNTY SHERIFFS OFFICE,DENMARK TOWNSHIP,8/22/2026 2:24:09 PM,WC26042798,"15XXX  102nd Street Ln S, DENMARK TOWNSHIP",911 ABANDONED/HANGUP/OPEN LINE
WASHINGTON COUNTY SHERIFFS OFFICE,DENMARK TOWNSHIP,8/22/2026 4:06:21 PM,WC26042817,"12XXX  Neal Ave S, DENMARK TOWNSHIP",911 ABANDONED/HANGUP/OPEN LINE
WASHINGTON COUNTY SHERIFFS OFFICE,DENMARK TOWNSHIP,8/22/2026 6:00:00 PM,WC26042842,"Saint Croix Trl S / 122nd St S, DENMARK TOWNSHIP",ROAD HAZARD
WASHINGTON COUNTY SHERIFFS OFFICE,DENMARK TOWNSHIP,8/22/2026 8:17:24 PM,WC26042861,"Saint Croix Trl S / 122nd St S, DENMARK TOWNSHIP",ROAD HAZARD
WASHINGTON COUNTY SHERIFFS OFFICE,FOREST LAKE,8/16/2026 6:32:05 PM,WC26041783,"Forest Lake, FOREST LAKE",WATER INCIDENT/VIOLATION
WASHINGTON COUNTY SHERIFFS OFFICE,FOREST LAKE,8/19/2026 10:53:07 AM,WC26042265,"Unknown, FOREST LAKE",ASSIST OTHER AGENCY
WASHINGTON COUNTY SHERIFFS OFFICE,FOREST LAKE,8/19/2026 1:10:37 PM,WC26042281,"10XXX  199th St N, FOREST LAKE",ASSIST OTHER AGENCY
WASHINGTON COUNTY SHERIFFS OFFICE,FOREST LAKE,8/19/2026 6:13:02 PM,WC26042333,"6XXX  Appaloosa Ave N, FOREST LAKE",ASSIST OTHER AGENCY
WASHINGTON COUNTY SHERIFFS OFFICE,GRANT,8/17/2026 1:36:00 AM,WC26041840,"11XXX  Julianne Ave N, GRANT",ASSAULT
WASHINGTON COUNTY SHERIFFS OFFICE,GRANT,8/17/2026 10:23:04 AM,WC26041890,"9XXX  60th St N, GRANT",FRAUD/SCAM
WASHINGTON COUNTY SHERIFFS OFFICE,GRANT,8/17/2026 11:00:55 AM,WC26041895,"10XXX  60th Street Ln N, GRANT",911 ABANDONED/HANGUP/OPEN LINE
WASHINGTON COUNTY SHERIFFS OFFICE,GRANT,8/17/2026 4:08:59 PM,WC26041940,"11XXX  - 11998 DELLWOOD RD N, GRANT",DEER TAG
WASHINGTON COUNTY SHERIFFS OFFICE,GRANT,8/17/2026 5:49:10 PM,WC26041952,"Inwood Way N / 75th St N, GRANT",CITIZEN/PUBLIC ASSIST
WASHINGTON COUNTY SHERIFFS OFFICE,GRANT,8/17/2026 8:22:37 PM,WC26041983,"Dellwood Rd N / Keswick Ave N, GRANT",ACCIDENT
WASHINGTON COUNTY SHERIFFS OFFICE,GRANT,8/17/2026 9:19:41 PM,WC26041990,"MANNING TRL N / 110TH ST N, GRANT",CITIZEN/PUBLIC ASSIST
WASHINGTON COUNTY SHERIFFS OFFICE,GRANT,8/18/2026 12:19:33 AM,WC26042021,"8XXX  75th St N, GRANT",ALARM-BUSINESS/RES/FIRE/MEDICAL/ETC
WASHINGTON COUNTY SHERIFFS OFFICE,GRANT,8/18/2026 7:26:39 PM,WC26042160,"11XXX  60TH ST N, GRANT",911 ABANDONED/HANGUP/OPEN LINE
WASHINGTON COUNTY SHERIFFS OFFICE,GRANT,8/18/2026 7:43:23 PM,WC26042163,"7XXX  Jocelyn Rd N, GRANT",911 ABANDONED/HANGUP/OPEN LINE
WASHINGTON COUNTY SHERIFFS OFFICE,GRANT,8/18/2026 8:57:41 PM,WC26042176,"10XXX  Dellwood Rd N, GRANT",MEDICAL
WASHINGTON COUNTY SHERIFFS OFFICE,GRANT,8/19/2026 6:17:40 AM,WC26042215,"Jeffrey Blvd N / Jamaca Ave N, GRANT",FIRE
WASHINGTON COUNTY SHERIFFS OFFICE,GRANT,8/19/2026 11:45:46 AM,WC26042272,"8XXX  75th St N, GRANT",FIRE
WASHINGTON COUNTY SHERIFFS OFFICE,GRANT,8/19/2026 1:15:41 PM,WC26042282,"8XXX  Lofton Ave N, GRANT",FRAUD/SCAM
WASHINGTON COUNTY SHERIFFS OFFICE,GRANT,8/19/2026 1:21:14 PM,WC26042284,"11XXX  Julianne Ave N, GRANT",WARRANT ARREST
WASHINGTON COUNTY SHERIFFS OFFICE,GRANT,8/19/2026 1:38:24 PM,WC26042285,"10XXX  75th St N, GRANT",MEDICAL
WASHINGTON COUNTY SHERIFFS OFFICE,GRANT,8/19/2026 2:35:57 PM,WC26042296,"9XXX  Manning Ave N, GRANT",DUMPING COMPLAINT
WASHINGTON COUNTY SHERIFFS OFFICE,GRANT,8/19/2026 3:24:31 PM,WC26042301,"MANNING TRL N / 115TH ST N, GRANT",FOUND PROPERTY/ITEM
WASHINGTON COUNTY SHERIFFS OFFICE,GRANT,8/19/2026 8:33:49 PM,WC26042344,"9XXX  Keswick Ave N, GRANT",FOUND PROPERTY/ITEM
WASHINGTON COUNTY SHERIFFS OFFICE,GRANT,8/20/2026 8:10:09 AM,WC26042404,"6XXX  JAMACA AVE N, GRANT",PROPERTY DAMAGE
WASHINGTON COUNTY SHERIFFS OFFICE,GRANT,8/20/2026 8:50:14 AM,WC26042409,"11XXX  Hillcrest Ct N, GRANT",ALARM-BUSINESS/RES/FIRE/MEDICAL/ETC
WASHINGTON COUNTY SHERIFFS OFFICE,GRANT,8/20/2026 9:43:15 AM,WC26042428,"Manning Ave N / 80th St N, GRANT",TRAFFIC COMPLAINT
WASHINGTON COUNTY SHERIFFS OFFICE,GRANT,8/21/2026 2:02:58 AM,WC26042554,"Lake Elmo Ave N / Lone Oak Trl N, GRANT",ACCIDENT
WASHINGTON COUNTY SHERIFFS OFFICE,GRANT,8/21/2026 11:01:45 AM,WC26042601,"6XXX  117th St N, GRANT",SUSPICIOUS PERSON/ACTIVITY
WASHINGTON COUNTY SHERIFFS OFFICE,GRANT,8/21/2026 11:26:14 AM,WC26042605,"8XXX  80th St N, GRANT",FRAUD/SCAM
WASHINGTON COUNTY SHERIFFS OFFICE,GRANT,8/22/2026 12:22:36 AM,WC26042730,"11XXX  60th St N, GRANT",ALARM-BUSINESS/RES/FIRE/MEDICAL/ETC
WASHINGTON COUNTY SHERIFFS OFFICE,GRANT,8/22/2026 2:08:00 AM,WC26042744,"10XXX  60TH ST N, GRANT",DWI
WASHINGTON COUNTY SHERIFFS OFFICE,GRANT,8/22/2026 10:15:42 AM,WC26042768,"11XXX  Manning Trl N, GRANT",911 ABANDONED/HANGUP/OPEN LINE
WASHINGTON COUNTY SHERIFFS OFFICE,HUGO,8/16/2026 12:38:24 AM,WC26041691,"6XXX  145th Cir N, HUGO",OFFICER INFORMATION
WASHINGTON COUNTY SHERIFFS OFFICE,HUGO,8/16/2026 5:44:39 AM,WC26041711,"4XXX  Victor Path N, HUGO",MEDICAL
WASHINGTON COUNTY SHERIFFS OFFICE,HUGO,8/16/2026 8:23:26 AM,WC26041720,"9XXX  122nd St N, HUGO",911 ABANDONED/HANGUP/OPEN LINE
WASHINGTON COUNTY SHERIFFS OFFICE,HUGO,8/16/2026 2:21:54 PM,WC26041742,"4XXX  ROSEMARY WAY N, HUGO",911 ABANDONED/HANGUP/OPEN LINE
WASHINGTON COUNTY SHERIFFS OFFICE,HUGO,8/16/2026 5:40:12 PM,WC26041775,"12XXX  Ethan Ave N, HUGO",CITIZEN/PUBLIC ASSIST
WASHINGTON COUNTY SHERIFFS OFFICE,HUGO,8/16/2026 9:11:00 PM,WC26041813,"VICTOR HUGO BLVD N, HUGO",TRAFFIC STOP
WASHINGTON COUNTY SHERIFFS OFFICE,HUGO,8/17/2026 9:13:47 AM,WC26041869,"16XXX  Ethan Trl N, HUGO",SUSPICIOUS PERSON/ACTIVITY
WASHINGTON COUNTY SHERIFFS OFFICE,HUGO,8/17/2026 11:10:28 AM,WC26041896,"12XXX  Irish Ave N, HUGO",SUSPICIOUS PERSON/ACTIVITY
WASHINGTON COUNTY SHERIFFS OFFICE,HUGO,8/17/2026 1:28:54 PM,WC26041917,"4XXX  Prairie Trl N, HUGO",PROPERTY DAMAGE
WASHINGTON COUNTY SHERIFFS OFFICE,HUGO,8/17/2026 1:44:00 PM,WC26041920,"EGG LAKE RD N / GENEVA AVE N, HUGO",TRAFFIC STOP
WASHINGTON COUNTY SHERIFFS OFFICE,HUGO,8/17/2026 3:08:28 PM,WC26041932,"16XXX  Ethan Trl N, HUGO",FOLLOW UP
WASHINGTON COUNTY SHERIFFS OFFICE,HUGO,8/17/2026 3:38:00 PM,WC26041937,"4XXX  Ethan Trl N, HUGO",ANIMAL COMPLAINT
WASHINGTON COUNTY SHERIFFS OFFICE,HUGO,8/17/2026 7:24:00 PM,WC26041969,"FLAY RD N / 130TH ST N, HUGO",TRAFFIC STOP
WASHINGTON COUNTY SHERIFFS OFFICE,HUGO,8/17/2026 8:53:43 PM,WC26041986,"5XXX  Upper 146th St N, HUGO",FIGHT
WASHINGTON COUNTY SHERIFFS OFFICE,HUGO,8/17/2026 11:47:03 PM,WC26042016,"5XXX  140th St N, HUGO",ALARM-BUSINESS/RES/FIRE/MEDICAL/ETC
WASHINGTON COUNTY SHERIFFS OFFICE,HUGO,8/18/2026 4:34:40 AM,WC26042029,"12XXX  Fenway Ave N, HUGO",MEDICAL
WASHINGTON COUNTY SHERIFFS OFFICE,HUGO,8/18/2026 11:05:00 AM,WC26042080,"6XXX  157th St N, HUGO",PROPERTY DAMAGE
WASHINGTON COUNTY SHERIFFS OFFICE,HUGO,8/18/2026 11:43:48 AM,WC26042084,"5XXX  Evergreen Dr N, HUGO",DISTURBANCE
WASHINGTON COUNTY SHERIFFS OFFICE,HUGO,8/18/2026 12:04:27 PM,WC26042086,"FARNHAM AVE N & ONEKA PKWY N, HUGO",TRAFFIC STOP
WASHINGTON COUNTY SHERIFFS OFFICE,HUGO,8/18/2026 12:22:53 PM,WC26042091,"14XXX  ARBRE LN N, HUGO",911 ABANDONED/HANGUP/OPEN LINE
WASHINGTON COUNTY SHERIFFS OFFICE,HUGO,8/18/2026 2:16:10 PM,WC26042115,"15XXX  Goodview Trl N, HUGO",CITIZEN/PUBLIC ASSIST
WASHINGTON COUNTY SHERIFFS OFFICE,HUGO,8/18/2026 2:45:47 PM,WC26042121,"14XXX  Finale Ave N, HUGO",DING DONG DITCHING COMPLAINT
WASHINGTON COUNTY SHERIFFS OFFICE,HUGO,8/18/2026 2:52:00 PM,WC26042123,"FOREST BLVD N / FRENCHMAN RD, HUGO",TRAFFIC STOP
WASHINGTON COUNTY SHERIFFS OFFICE,HUGO,8/18/2026 4:57:10 PM,WC26042140,"5XXX  Upper 146th St N, HUGO",INCIDENT
WASHINGTON COUNTY SHERIFFS OFFICE,HUGO,8/18/2026 8:09:34 PM,WC26042167,"14XXX  FRANCESCA AVE N, HUGO",DISTURBANCE
WASHINGTON COUNTY SHERIFFS OFFICE,HUGO,8/18/2026 8:47:08 PM,WC26042171,"5XXX  141st St N, HUGO",MEDICAL
WASHINGTON COUNTY SHERIFFS OFFICE,HUGO,8/19/2026 12:13:25 AM,WC26042191,"Private Road / FRENCHMAN RD, HUGO",DISTURBANCE
WASHINGTON COUNTY SHERIFFS OFFICE,HUGO,8/19/2026 1:10:30 AM,WC26042196,"12XXX  Flay Rd N, HUGO",SHOTS FIRED/SHOOTING COMPLAINT
WASHINGTON COUNTY SHERIFFS OFFICE,HUGO,8/19/2026 1:43:52 AM,WC26042198,"13XXX  FONDANT TRL N, HUGO",CURFEW VIOLATION
WASHINGTON COUNTY SHERIFFS OFFICE,HUGO,8/19/2026 7:40:00 AM,WC26042219,"7XXX  BLOCK OF 125TH ST N, HUGO",TRAFFIC STOP
WASHINGTON COUNTY SHERIFFS OFFICE,HUGO,8/19/2026 8:07:00 AM,WC26042221,"7XXX  BLOCK OF 125TH ST N, HUGO",TRAFFIC STOP
WASHINGTON COUNTY SHERIFFS OFFICE,HUGO,8/19/2026 10:42:32 AM,WC26042258,"15XXX  French Dr N, HUGO",THEFT
WASHINGTON COUNTY SHERIFFS OFFICE,HUGO,8/19/2026 10:45:16 AM,WC26042259,"Forest Blvd N / 125th St N, HUGO",ACCIDENT
WASHINGTON COUNTY SHERIFFS OFFICE,HUGO,8/19/2026 10:53:46 AM,WC26042263,"12XXX  Everton Ave N, HUGO",ANIMAL BITE
WASHINGTON COUNTY SHERIFFS OFFICE,HUGO,8/19/2026 12:50:00 PM,WC26042277,"FOREST BLVD N / 134TH ST N, HUGO",TRAFFIC STOP
WASHINGTON COUNTY SHERIFFS OFFICE,HUGO,8/19/2026 1:41:22 PM,WC26042286,"14XXX  Victor Hugo Blvd N, HUGO",FRAUD/SCAM
WASHINGTON COUNTY SHERIFFS OFFICE,HUGO,8/19/2026 2:12:26 PM,WC26042290,"4XXX  165th St N, HUGO",CIVIL MATTER/DISPUTE
WASHINGTON COUNTY SHERIFFS OFFICE,HUGO,8/19/2026 2:48:30 PM,WC26042297,"4XXX  126th St N, HUGO",ALARM-BUSINESS/RES/FIRE/MEDICAL/ETC
WASHINGTON COUNTY SHERIFFS OFFICE,HUGO,8/19/2026 3:00:44 PM,WC26042298,"13XXX  Europa Ct N, HUGO",PARKING COMPLAINT
WASHINGTON COUNTY SHERIFFS OFFICE,HUGO,8/19/2026 4:42:00 PM,WC26042317,"170TH ST N / INGERSOLL AVE N, HUGO",TRAFFIC STOP
WASHINGTON COUNTY SHERIFFS OFFICE,HUGO,8/19/2026 5:06:56 PM,WC26042322,"165TH ST N / FOREST BLVD N, HUGO",PARK INCIDENT-CITY/COUNTY
WASHINGTON COUNTY SHERIFFS OFFICE,HUGO,8/19/2026 5:33:20 PM,WC26042325,"159TH ST N / FOREST BLVD N, HUGO",TRAFFIC STOP
WASHINGTON COUNTY SHERIFFS OFFICE,HUGO,8/19/2026 5:46:51 PM,WC26042328,"14XXX  Evergreen Ave N, HUGO",MEDICAL
WASHINGTON COUNTY SHERIFFS OFFICE,HUGO,8/19/2026 8:56:03 PM,WC26042349,"15XXX  Falk Dr N, HUGO",VEHICLE UNLOCK
WASHINGTON COUNTY SHERIFFS OFFICE,HUGO,8/20/2026 12:48:23 AM,WC26042377,"14XXX  VICTOR HUGO BLVD N, HUGO",JUVENILE COMPLAINT
WASHINGTON COUNTY SHERIFFS OFFICE,HUGO,8/20/2026 1:36:38 AM,WC26042380,"15XXX  Jeffrey Ave N, HUGO",911 ABANDONED/HANGUP/OPEN LINE
WASHINGTON COUNTY SHERIFFS OFFICE,HUGO,8/20/2026 10:50:29 AM,WC26042444,"4XXX  Empress Way N, HUGO",MEDICAL
WASHINGTON COUNTY SHERIFFS OFFICE,HUGO,8/20/2026 11:26:27 AM,WC26042450,"5XXX  157th St N, HUGO",MEDICAL
WASHINGTON COUNTY SHERIFFS OFFICE,HUGO,8/20/2026 12:03:50 PM,WC26042452,"13XXX  Fiona Ave N, HUGO",FRAUD/SCAM
WASHINGTON COUNTY SHERIFFS OFFICE,HUGO,8/20/2026 12:41:00 PM,WC26042457,"170th St N / Jeffrey Ave N, HUGO",TRAFFIC STOP
WASHINGTON COUNTY SHERIFFS OFFICE,HUGO,8/20/2026 1:24:25 PM,WC26042465,"5XXX  149th St N, HUGO",FRAUD/SCAM
WASHINGTON COUNTY SHERIFFS OFFICE,HUGO,8/20/2026 3:14:55 PM,WC26042483,"14XXX  Finale Ave N, HUGO",MEDICAL
WASHINGTON COUNTY SHERIFFS OFFICE,HUGO,8/20/2026 3:38:10 PM,WC26042486,"6XXX  145TH ST N, HUGO",ALARM-BUSINESS/RES/FIRE/MEDICAL/ETC
WASHINGTON COUNTY SHERIFFS OFFICE,HUGO,8/20/2026 9:09:27 PM,WC26042531,"Jeffrey Ave N / 170th St N, HUGO",ANIMAL COMPLAINT
WASHINGTON COUNTY SHERIFFS OFFICE,HUGO,8/20/2026 10:25:00 PM,WC26042541,"FOREST RD N / 175TH ST N, HUGO",TRAFFIC STOP
WASHINGTON COUNTY SHERIFFS OFFICE,HUGO,8/21/2026 4:21:03 AM,WC26042563,"5XXX  150TH ST N, HUGO",MEDICAL
WASHINGTON COUNTY SHERIFFS OFFICE,HUGO,8/21/2026 8:42:33 AM,WC26042576,"6XXX  GOODVIEW TRAIL CIR N, HUGO",WARRANT ARREST
WASHINGTON COUNTY SHERIFFS OFFICE,HUGO,8/21/2026 1:24:11 PM,WC26042613,"12XXX  Everton Ave N, HUGO",CIVIL MATTER/DISPUTE
WASHINGTON COUNTY SHERIFFS OFFICE,HUGO,8/21/2026 4:08:54 PM,WC26042644,"12XXX  Everton Ave N, HUGO",HARASSMENT
WASHINGTON COUNTY SHERIFFS OFFICE,HUGO,8/21/2026 4:47:15 PM,WC26042653,"5XXX  140th St N, HUGO",HARASSMENT
WASHINGTON COUNTY SHERIFFS OFFICE,HUGO,8/21/2026 6:45:00 PM,WC26042672,"FRENCHMAN RD / EVERTON AVE N, HUGO",TRAFFIC STOP
WASHINGTON COUNTY SHERIFFS OFFICE,HUGO,8/21/2026 7:06:05 PM,WC26042675,"Frenchman Rd / Everton Ave N, HUGO",HARASSMENT
WASHINGTON COUNTY SHERIFFS OFFICE,HUGO,8/21/2026 7:31:45 PM,WC26042682,"15XXX  Farnham Ave N, HUGO",TRESPASSING
WASHINGTON COUNTY SHERIFFS OFFICE,HUGO,8/21/2026 9:37:25 PM,WC26042698,"15XXX  Glenbrook Ave N, HUGO",NEIGHBOR DISPUTE
WASHINGTON COUNTY SHERIFFS OFFICE,HUGO,8/21/2026 9:55:00 PM,WC26042703,"14XXX  VICTOR HUGO BLVD N, HUGO",TRAFFIC STOP
WASHINGTON COUNTY SHERIFFS OFFICE,HUGO,8/22/2026 4:16:12 AM,WC26042749,"13XXX  Elmcrest Ave N, HUGO",MEDICAL
WASHINGTON COUNTY SHERIFFS OFFICE,HUGO,8/22/2026 9:03:00 AM,WC26042758,"8000BLK 170TH ST N , HUGO",TRAFFIC STOP
WASHINGTON COUNTY SHERIFFS OFFICE,HUGO,8/22/2026 12:47:56 PM,WC26042787,"15XXX  Freedom Dr N, HUGO",THEFT
WASHINGTON COUNTY SHERIFFS OFFICE,HUGO,8/22/2026 12:59:23 PM,WC26042789,"5XXX  Upper 146th St N, HUGO",PARKING COMPLAINT
WASHINGTON COUNTY SHERIFFS OFFICE,HUGO,8/22/2026 1:06:17 PM,WC26042792,"5XXX  Upper 146th St N, HUGO",DISTURBANCE
WASHINGTON COUNTY SHERIFFS OFFICE,HUGO,8/22/2026 2:15:43 PM,WC26042797,"4XXX  Victor Path N, HUGO",VEHICLE UNLOCK
WASHINGTON COUNTY SHERIFFS OFFICE,HUGO,8/22/2026 2:50:00 PM,WC26042801,"ONEKA PKWY/FRENCHMAN RD , HUGO",ABANDONED VEHICLE
WASHINGTON COUNTY SHERIFFS OFFICE,HUGO,8/22/2026 3:25:00 PM,WC26042806,"FOREST BLVD N / 140TH ST N, HUGO",TRAFFIC STOP
WASHINGTON COUNTY SHERIFFS OFFICE,HUGO,8/22/2026 3:44:31 PM,WC26042812,"Hwy 61 At 170th St N, HUGO",ROAD HAZARD
WASHINGTON COUNTY SHERIFFS OFFICE,HUGO,8/22/2026 5:04:29 PM,WC26042833,"4XXX  Rosemary Way N, HUGO",FOUND PROPERTY/ITEM
WASHINGTON COUNTY SHERIFFS OFFICE,HUGO,8/22/2026 7:56:45 PM,WC26042858,"13XXX  GENEVA AVE N, HUGO",MEDICAL
WASHINGTON COUNTY SHERIFFS OFFICE,HUGO,8/22/2026 8:15:50 PM,WC26042862,"14XXX  Victor Hugo Blvd N, HUGO",DISTURBANCE
WASHINGTON COUNTY SHERIFFS OFFICE,HUGO,8/22/2026 8:20:24 PM,WC26042863,"4XXX  Education Dr N, HUGO",MEDICAL
WASHINGTON COUNTY SHERIFFS OFFICE,HUGO,8/22/2026 8:53:00 PM,WC26042869,"4XXX  Rosemary Way N, HUGO",ASSAULT
WASHINGTON COUNTY SHERIFFS OFFICE,HUGO,8/22/2026 11:47:20 PM,WC26042895,"5XXX  130th Ln N, HUGO",MEDICAL
WASHINGTON COUNTY SHERIFFS OFFICE,LAKE ELMO,8/16/2026 1:26:00 AM,WC26041696,"HWY 36 WB AT DEMONTREVILLE TRL N, LAKE ELMO",TRAFFIC STOP
WASHINGTON COUNTY SHERIFFS OFFICE,LAKE ELMO,8/16/2026 2:50:00 AM,WC26041671,"10TH ST N / KEATS AVE N, LAKE ELMO",TRAFFIC STOP
WASHINGTON COUNTY SHERIFFS OFFICE,LAKE ELMO,8/16/2026 6:26:54 AM,WC26041713,"1XXX  Keats Ave N, LAKE ELMO",ALARM-BUSINESS/RES/FIRE/MEDICAL/ETC
WASHINGTON COUNTY SHERIFFS OFFICE,LAKE ELMO,8/16/2026 9:55:31 AM,WC26041725,"Julia Ave N / 5th St N, LAKE ELMO",MEDICAL
WASHINGTON COUNTY SHERIFFS OFFICE,LAKE ELMO,8/16/2026 2:37:32 PM,WC26041743,"11XXX  11th St N, LAKE ELMO",NOISE COMPLAINT/DISTURBANCE
WASHINGTON COUNTY SHERIFFS OFFICE,LAKE ELMO,8/16/2026 2:46:33 PM,WC26041746,"11XXX  20th St N, LAKE ELMO",911 ABANDONED/HANGUP/OPEN LINE
WASHINGTON COUNTY SHERIFFS OFFICE,LAKE ELMO,8/16/2026 3:19:26 PM,WC26041749,"LAKE JANE, LAKE ELMO",911 ABANDONED/HANGUP/OPEN LINE
WASHINGTON COUNTY SHERIFFS OFFICE,LAKE ELMO,8/16/2026 5:57:56 PM,WC26041776,"XX Hwy 36 Wb Jeo Keats Ave N, LAKE ELMO",DRIVING COMPLAINT
WASHINGTON COUNTY SHERIFFS OFFICE,LAKE ELMO,8/16/2026 6:26:20 PM,WC26041781,"XXX Julia Ave N, LAKE ELMO",SUSPICIOUS PERSON/ACTIVITY
WASHINGTON COUNTY SHERIFFS OFFICE,LAKE ELMO,8/16/2026 7:33:35 PM,WC26041798,"XXX Jade Trl N, LAKE ELMO",MEDICAL
WASHINGTON COUNTY SHERIFFS OFFICE,LAKE ELMO,8/16/2026 7:39:57 PM,WC26041801,"8XXX  Lake Jane Trl N, LAKE ELMO",PARK COMPLAINT
WASHINGTON COUNTY SHERIFFS OFFICE,LAKE ELMO,8/16/2026 7:53:00 PM,WC26041803,"XXX Julianne Ave N, LAKE ELMO",911 ABANDONED/HANGUP/OPEN LINE
WASHINGTON COUNTY SHERIFFS OFFICE,LAKE ELMO,8/16/2026 9:30:00 PM,WC26041817,"HWY 36 WB AT LAKE ELMO AVE N, LAKE ELMO",DWI
WASHINGTON COUNTY SHERIFFS OFFICE,LAKE ELMO,8/16/2026 10:20:55 PM,WC26041821,"4XXX  Lilac Pl N, LAKE ELMO",SUSPICIOUS PERSON/ACTIVITY
WASHINGTON COUNTY SHERIFFS OFFICE,LAKE ELMO,8/16/2026 11:32:29 PM,WC26041831,"1XXX  Keats Ave N, LAKE ELMO",CITIZEN/PUBLIC ASSIST
WASHINGTON COUNTY SHERIFFS OFFICE,LAKE ELMO,8/17/2026 9:05:29 AM,WC26041859,"11XXX  Stillwater Blvd N, LAKE ELMO",PARKING COMPLAINT
WASHINGTON COUNTY SHERIFFS OFFICE,LAKE ELMO,8/17/2026 12:47:41 PM,WC26041909,"3XXX  Inwood Ave N, LAKE ELMO",FRAUD/SCAM
WASHINGTON COUNTY SHERIFFS OFFICE,LAKE ELMO,8/17/2026 2:53:03 PM,WC26041930,"XXX Cimarron, LAKE ELMO",CITIZEN/PUBLIC ASSIST
WASHINGTON COUNTY SHERIFFS OFFICE,LAKE ELMO,8/17/2026 7:40:03 PM,WC26041974,"1XXX  KEATS AVE N, LAKE ELMO",PARKING VIOLATION
WASHINGTON COUNTY SHERIFFS OFFICE,LAKE ELMO,8/17/2026 8:04:16 PM,WC26041977,"1XXX  KEATS AVE N, LAKE ELMO",PARKING VIOLATION
WASHINGTON COUNTY SHERIFFS OFFICE,LAKE ELMO,8/17/2026 9:08:19 PM,WC26041988,"11XXX  39th St N, LAKE ELMO",WELFARE CHECK
WASHINGTON COUNTY SHERIFFS OFFICE,LAKE ELMO,8/17/2026 9:29:18 PM,WC26041992,"2XXX  - 2850 KEATS AVE N, LAKE ELMO",PARK INCIDENT-CITY/COUNTY
WASHINGTON COUNTY SHERIFFS OFFICE,LAKE ELMO,8/17/2026 10:03:48 PM,WC26041999,"XXX CIMARRON, LAKE ELMO",MEDICAL
WASHINGTON COUNTY SHERIFFS OFFICE,LAKE ELMO,8/17/2026 10:50:30 PM,WC26042011,"8XXX  Upper 7th Pl N, LAKE ELMO",MEDICAL
WASHINGTON COUNTY SHERIFFS OFFICE,LAKE ELMO,8/18/2026 12:00:00 AM,WC26038752,"11XXX  - 11899 Highway 36, LAKE ELMO",TRAFFIC STOP
WASHINGTON COUNTY SHERIFFS OFFICE,LAKE ELMO,8/18/2026 2:17:59 AM,WC26042025,"4XXX  Lady Slipper Rd N, LAKE ELMO",ALARM-BUSINESS/RES/FIRE/MEDICAL/ETC
WASHINGTON COUNTY SHERIFFS OFFICE,LAKE ELMO,8/18/2026 7:51:51 AM,WC26042039,"XXX Cimarron, LAKE ELMO",RUNAWAY
WASHINGTON COUNTY SHERIFFS OFFICE,LAKE ELMO,8/18/2026 9:36:51 AM,WC26042064,"XXX Julep Ave N, LAKE ELMO",PROPERTY DAMAGE
WASHINGTON COUNTY SHERIFFS OFFICE,LAKE ELMO,8/18/2026 10:17:01 AM,WC26042067,"8XXX  55TH ST N, LAKE ELMO",DUMPING COMPLAINT
WASHINGTON COUNTY SHERIFFS OFFICE,LAKE ELMO,8/18/2026 10:42:51 AM,WC26042074,"Lake Demontreville Boat Landing, LAKE ELMO",THEFT
WASHINGTON COUNTY SHERIFFS OFFICE,LAKE ELMO,8/18/2026 11:59:21 AM,WC26042085,"8XXX  Hudson Blvd N, LAKE ELMO",911 ABANDONED/HANGUP/OPEN LINE
WASHINGTON COUNTY SHERIFFS OFFICE,LAKE ELMO,8/18/2026 12:16:09 PM,WC26042090,"2XXX  Keats Ave N, LAKE ELMO",MEDICAL
WASHINGTON COUNTY SHERIFFS OFFICE,LAKE ELMO,8/18/2026 2:39:57 PM,WC26042118,"KLONDIKE AVE N / Railroad Tracks, LAKE ELMO",TRAFFIC STOP
WASHINGTON COUNTY SHERIFFS OFFICE,LAKE ELMO,8/18/2026 3:56:49 PM,WC26042134,"2XXX  Lake Elmo Ave N, LAKE ELMO",FRAUD/SCAM
WASHINGTON COUNTY SHERIFFS OFFICE,LAKE ELMO,8/18/2026 4:06:22 PM,WC26042136,"8XXX  Stillwater Blvd N, LAKE ELMO",MEDICAL
WASHINGTON COUNTY SHERIFFS OFFICE,LAKE ELMO,8/18/2026 5:20:10 PM,WC26042146,"XX Manning Ave N Over Hwy 36, LAKE ELMO",PUBLIC WORKS CONCERN
WASHINGTON COUNTY SHERIFFS OFFICE,LAKE ELMO,8/18/2026 5:52:41 PM,WC26042148,"XXX James Ave N, LAKE ELMO",DISTURBANCE
WASHINGTON COUNTY SHERIFFS OFFICE,LAKE ELMO,8/18/2026 6:28:00 PM,WC26042153,"3XXX  Laverne Ave N, LAKE ELMO",WARRANT ARREST
WASHINGTON COUNTY SHERIFFS OFFICE,LAKE ELMO,8/18/2026 6:51:50 PM,WC26042157,"9XXX  Jade Ct N, LAKE ELMO",SUSPICIOUS PERSON/ACTIVITY
WASHINGTON COUNTY SHERIFFS OFFICE,LAKE ELMO,8/18/2026 7:06:17 PM,WC26042159,"11XXX  50th St N, LAKE ELMO",VEHICLE UNLOCK
WASHINGTON COUNTY SHERIFFS OFFICE,LAKE ELMO,8/18/2026 10:33:00 PM,WC26042181,"Keats Ave N To I94 Wb Ramp, LAKE ELMO",ACCIDENT
WASHINGTON COUNTY SHERIFFS OFFICE,LAKE ELMO,8/18/2026 11:36:24 PM,WC26042188,"5XXX  Jamaca Blvd N, LAKE ELMO",HARASSMENT
WASHINGTON COUNTY SHERIFFS OFFICE,LAKE ELMO,8/19/2026 8:42:23 AM,WC26042230,"9XXX  31st St N, LAKE ELMO",CITIZEN/PUBLIC ASSIST
WASHINGTON COUNTY SHERIFFS OFFICE,LAKE ELMO,8/19/2026 10:09:06 AM,WC26042253,"Hwy 36 Eb At Lake Elmo Ave N, LAKE ELMO",911 ABANDONED/HANGUP/OPEN LINE
WASHINGTON COUNTY SHERIFFS OFFICE,LAKE ELMO,8/19/2026 1:07:25 PM,WC26042279,"8XXX  5th St N, LAKE ELMO",OVERDOSE
WASHINGTON COUNTY SHERIFFS OFFICE,LAKE ELMO,8/19/2026 2:19:20 PM,WC26042292,"8XXX  5th St N, LAKE ELMO",WARRANT ARREST
WASHINGTON COUNTY SHERIFFS OFFICE,LAKE ELMO,8/19/2026 3:30:18 PM,WC26042304,"XXX James Ave N, LAKE ELMO",DISTURBANCE
WASHINGTON COUNTY SHERIFFS OFFICE,LAKE ELMO,8/19/2026 3:45:00 PM,WC26042308,"10TH ST N / LAKE ELMO AVE N, LAKE ELMO",TRAFFIC STOP
WASHINGTON COUNTY SHERIFFS OFFICE,LAKE ELMO,8/19/2026 4:21:03 PM,WC26042314,"9XXX  Hudson Blvd N, LAKE ELMO",MEDICAL
WASHINGTON COUNTY SHERIFFS OFFICE,LAKE ELMO,8/19/2026 4:43:15 PM,WC26042319,"11XXX  34th St N, LAKE ELMO",OFFICER INFORMATION
WASHINGTON COUNTY SHERIFFS OFFICE,LAKE ELMO,8/19/2026 6:12:00 PM,WC26042332,"2XXX  KEATS AVE N, LAKE ELMO",PARKING COMPLAINT
WASHINGTON COUNTY SHERIFFS OFFICE,LAKE ELMO,8/19/2026 7:14:26 PM,WC26042337,"8XXX  Lake Jane Trl N, LAKE ELMO",NOISE COMPLAINT/DISTURBANCE
WASHINGTON COUNTY SHERIFFS OFFICE,LAKE ELMO,8/19/2026 9:05:49 PM,WC26042352,"11XXX  Stillwater Blvd N, LAKE ELMO",ALARM-BUSINESS/RES/FIRE/MEDICAL/ETC
WASHINGTON COUNTY SHERIFFS OFFICE,LAKE ELMO,8/19/2026 9:38:51 PM,WC26042357,"8XXX  LAKE JANE TRL N, LAKE ELMO",SUSPICIOUS PERSON/ACTIVITY
WASHINGTON COUNTY SHERIFFS OFFICE,LAKE ELMO,8/19/2026 11:39:35 PM,WC26042372,"11XXX  Stillwater Blvd N, LAKE ELMO",ALARM-BUSINESS/RES/FIRE/MEDICAL/ETC
WASHINGTON COUNTY SHERIFFS OFFICE,LAKE ELMO,8/20/2026 6:43:49 AM,WC26042398,"9XXX  5th Street Ln N, LAKE ELMO",MEDICAL
WASHINGTON COUNTY SHERIFFS OFFICE,LAKE ELMO,8/20/2026 9:10:08 AM,WC26042412,"1XXX  ANNIKA DR N, LAKE ELMO",TRESPASSING
WASHINGTON COUNTY SHERIFFS OFFICE,LAKE ELMO,8/20/2026 9:21:25 AM,WC26042423,"8XXX  Hidden Bay Trl N, LAKE ELMO",DISTURBANCE
WASHINGTON COUNTY SHERIFFS OFFICE,LAKE ELMO,8/20/2026 1:06:17 PM,WC26042461,"3rd St N / Inwood Ave N, LAKE ELMO",MOTORIST ASSIST
WASHINGTON COUNTY SHERIFFS OFFICE,LAKE ELMO,8/20/2026 1:17:06 PM,WC26042464,"11XXX  39th St N, LAKE ELMO",DUMPING COMPLAINT
WASHINGTON COUNTY SHERIFFS OFFICE,LAKE ELMO,8/20/2026 2:06:16 PM,WC26042471,"8XXX  Demontreville Trl N, LAKE ELMO",MEDICAL
WASHINGTON COUNTY SHERIFFS OFFICE,LAKE ELMO,8/20/2026 3:07:27 PM,WC26042480,"5XXX  Highlands Trl N, LAKE ELMO",FRAUD/SCAM
WASHINGTON COUNTY SHERIFFS OFFICE,LAKE ELMO,8/20/2026 3:13:08 PM,WC26042482,"11XXX  Stillwater Blvd N, LAKE ELMO",FAMILY ASSIST
WASHINGTON COUNTY SHERIFFS OFFICE,LAKE ELMO,8/20/2026 4:22:24 PM,WC26042495,"Wildflower Dr N / 39th St N, LAKE ELMO",DRIVING COMPLAINT
WASHINGTON COUNTY SHERIFFS OFFICE,LAKE ELMO,8/20/2026 7:04:00 PM,WC26042513,"1XXX  KEATS AVE N, LAKE ELMO",TRAFFIC STOP
WASHINGTON COUNTY SHERIFFS OFFICE,LAKE ELMO,8/20/2026 11:47:27 PM,WC26042547,"8XXX  Eagle Point Blvd, LAKE ELMO",ALARM-BUSINESS/RES/FIRE/MEDICAL/ETC
WASHINGTON COUNTY SHERIFFS OFFICE,LAKE ELMO,8/21/2026 12:38:21 AM,WC26042551,"8XXX  50th St N, LAKE ELMO",MEDICAL
WASHINGTON COUNTY SHERIFFS OFFICE,LAKE ELMO,8/21/2026 7:56:24 AM,WC26042572,"11XXX  Blazingstar Ln N, LAKE ELMO",ALARM-BUSINESS/RES/FIRE/MEDICAL/ETC
WASHINGTON COUNTY SHERIFFS OFFICE,LAKE ELMO,8/21/2026 8:30:34 AM,WC26042574,"10XXX  32nd St N, LAKE ELMO",ANIMAL COMPLAINT
WASHINGTON COUNTY SHERIFFS OFFICE,LAKE ELMO,8/21/2026 9:47:13 AM,WC26042591,"4XXX  Swallowtail Ln N, LAKE ELMO",ALARM-BUSINESS/RES/FIRE/MEDICAL/ETC
WASHINGTON COUNTY SHERIFFS OFFICE,LAKE ELMO,8/21/2026 11:56:50 AM,WC26042610,"7XXX  Hill Trl N, LAKE ELMO",MEDICAL
WASHINGTON COUNTY SHERIFFS OFFICE,LAKE ELMO,8/21/2026 4:12:58 PM,WC26042645,"11XXX  56th St N, LAKE ELMO",COUNTERFEIT/FORGERY
WASHINGTON COUNTY SHERIFFS OFFICE,LAKE ELMO,8/21/2026 6:13:18 PM,WC26042666,"XXX CIMARRON, LAKE ELMO",DISTURBANCE
WASHINGTON COUNTY SHERIFFS OFFICE,LAKE ELMO,8/21/2026 6:51:01 PM,WC26042674,"7XXX  Demontreville Trl N, LAKE ELMO",ALARM-BUSINESS/RES/FIRE/MEDICAL/ETC
WASHINGTON COUNTY SHERIFFS OFFICE,LAKE ELMO,8/21/2026 7:45:07 PM,WC26042685,"4XXX  Stillwater Way N, LAKE ELMO",COUNTERFEIT/FORGERY
WASHINGTON COUNTY SHERIFFS OFFICE,LAKE ELMO,8/21/2026 11:33:48 PM,WC26042722,"XXX Jade Trl N, LAKE ELMO",MEDICAL
WASHINGTON COUNTY SHERIFFS OFFICE,LAKE ELMO,8/22/2026 1:37:27 AM,WC26042742,"10XXX  - 10641 10TH ST N, LAKE ELMO",TRAFFIC STOP
WASHINGTON COUNTY SHERIFFS OFFICE,LAKE ELMO,8/22/2026 1:39:14 AM,WC26042743,"9XXX  5th Street Ln N, LAKE ELMO",SHOTS FIRED/SHOOTING COMPLAINT
WASHINGTON COUNTY SHERIFFS OFFICE,LAKE ELMO,8/22/2026 3:14:48 AM,WC26042746,"XXX Julep Ct N, LAKE ELMO",SUSPICIOUS PERSON/ACTIVITY
WASHINGTON COUNTY SHERIFFS OFFICE,LAKE ELMO,8/22/2026 9:15:07 AM,WC26042760,"INWOOD AVE N / 5TH ST N, LAKE ELMO",CITIZEN/PUBLIC ASSIST
WASHINGTON COUNTY SHERIFFS OFFICE,LAKE ELMO,8/22/2026 10:28:27 AM,WC26042771,"8XXX  Hidden Bay Trl N, LAKE ELMO",MEDICAL
WASHINGTON COUNTY SHERIFFS OFFICE,LAKE ELMO,8/22/2026 11:50:29 AM,WC26042780,"XXX Julep Ct N, LAKE ELMO",FOLLOW UP
WASHINGTON COUNTY SHERIFFS OFFICE,LAKE ELMO,8/22/2026 2:57:27 PM,WC26042802,"11XXX  32nd St N, LAKE ELMO",PROPERTY DAMAGE
WASHINGTON COUNTY SHERIFFS OFFICE,LAKE ELMO,8/22/2026 6:38:23 PM,WC26042850,"Lower 31st St N / Village Pkwy N, LAKE ELMO",DRIVING COMPLAINT
WASHINGTON COUNTY SHERIFFS OFFICE,LAKE ELMO,8/22/2026 6:54:50 PM,WC26042852,"11XXX  STILLWATER BLVD N, LAKE ELMO",SUSPICIOUS PERSON/ACTIVITY
WASHINGTON COUNTY SHERIFFS OFFICE,LAKE ELMO,8/22/2026 7:16:03 PM,WC26042855,"8XXX  LAKE JANE TRL N, LAKE ELMO",NOISE COMPLAINT/DISTURBANCE
WASHINGTON COUNTY SHERIFFS OFFICE,LAKE ELMO,8/22/2026 9:24:54 PM,WC26042873,"11XXX  32nd St N, LAKE ELMO",DISTURBANCE
WASHINGTON COUNTY SHERIFFS OFFICE,LAKE ELMO,8/22/2026 10:34:00 PM,WC26042884,"89XXX -8640, LAKE ELMO",TRAFFIC STOP
WASHINGTON COUNTY SHERIFFS OFFICE,LAKE SAINT CROIX BEACH,8/17/2026 8:49:40 AM,WC26041857,"1XXX  Quasar Ct S, LAKE SAINT CROIX BEACH",FRAUD/SCAM
WASHINGTON COUNTY SHERIFFS OFFICE,LAKE SAINT CROIX BEACH,8/18/2026 4:35:17 AM,WC26042030,"1XXX  Ramada Ave S, LAKE SAINT CROIX BEACH",MEDICAL
WASHINGTON COUNTY SHERIFFS OFFICE,LAKE SAINT CROIX BEACH,8/18/2026 6:18:24 PM,WC26042154,"1XXX  Quinlan Avenue Ct S, LAKE SAINT CROIX BEACH",FOUND PROPERTY/ITEM
WASHINGTON COUNTY SHERIFFS OFFICE,LAKE SAINT CROIX BEACH,8/18/2026 9:42:39 PM,WC26042178,"2XXX  Saint Croix Trl S, LAKE SAINT CROIX BEACH",ALARM-BUSINESS/RES/FIRE/MEDICAL/ETC
WASHINGTON COUNTY SHERIFFS OFFICE,LAKE SAINT CROIX BEACH,8/19/2026 6:03:20 PM,WC26042330,"16XXX  Upper 12th St S, LAKE SAINT CROIX BEACH",CITIZEN/PUBLIC ASSIST
WASHINGTON COUNTY SHERIFFS OFFICE,LAKE SAINT CROIX BEACH,8/21/2026 5:20:44 PM,WC26042657,"16XXX  18th St S, LAKE SAINT CROIX BEACH",DISTURBANCE
WASHINGTON COUNTY SHERIFFS OFFICE,LAKE SAINT CROIX BEACH,8/22/2026 10:20:01 AM,WC26042769,"1XXX  Quasar Ct S, LAKE SAINT CROIX BEACH",MEDICAL
WASHINGTON COUNTY SHERIFFS OFFICE,LAKELAND,8/17/2026 10:37:00 PM,WC26042004,"1XXX  RIVERCREST RD N, LAKELAND",TRAFFIC STOP
WASHINGTON COUNTY SHERIFFS OFFICE,LAKELAND,8/18/2026 10:12:08 PM,WC26042179,"XXX Quinmore Ave N, LAKELAND",SUSPICIOUS PERSON/ACTIVITY
WASHINGTON COUNTY SHERIFFS OFFICE,LAKELAND,8/19/2026 9:06:23 AM,WC26042233,"16XXX  8th St N, LAKELAND",FOUND PROPERTY/ITEM
WASHINGTON COUNTY SHERIFFS OFFICE,LAKELAND,8/19/2026 11:12:17 PM,WC26042369,"XXX Queenan Ave S, LAKELAND",WELFARE CHECK
WASHINGTON COUNTY SHERIFFS OFFICE,LAKELAND,8/21/2026 6:11:16 PM,WC26042664,"16XXX  7th St N, LAKELAND",WATERCRAFT ASSIST/RESCUE
WASHINGTON COUNTY SHERIFFS OFFICE,LAKELAND,8/22/2026 3:17:04 PM,WC26042805,"XXX Quehl Ave N, LAKELAND",MEDICAL
WASHINGTON COUNTY SHERIFFS OFFICE,LAKELAND,8/22/2026 5:56:08 PM,WC26042845,"Unknown, LAKELAND",THREATS
WASHINGTON COUNTY SHERIFFS OFFICE,LANDFALL,8/16/2026 1:06:00 AM,WC26041680,"2XXX  HUDSON BLVD N, LANDFALL",WARRANT ARREST
WASHINGTON COUNTY SHERIFFS OFFICE,LANDFALL,8/17/2026 6:24:25 PM,WC26041960,"XX - 52 ASPEN WAY, LANDFALL",COMMUNITY CONTACT
WASHINGTON COUNTY SHERIFFS OFFICE,LANDFALL,8/17/2026 7:34:31 PM,WC26041973,"XXX Dellwood Sq S, LANDFALL",MEDICAL
WASHINGTON COUNTY SHERIFFS OFFICE,LANDFALL,8/19/2026 11:07:42 PM,WC26042368,"2XXX  Hudson Blvd N, LANDFALL",ACCIDENT
WASHINGTON COUNTY SHERIFFS OFFICE,LANDFALL,8/20/2026 3:07:31 PM,WC26042481,"XX EVERGREEN DR, LANDFALL",DISTURBANCE
WASHINGTON COUNTY SHERIFFS OFFICE,LANDFALL,8/20/2026 4:42:13 PM,WC26042499,"XX Forest Hts, LANDFALL",CIVIL MATTER/DISPUTE
WASHINGTON COUNTY SHERIFFS OFFICE,MAHTOMEDI,8/16/2026 4:19:00 AM,WC26041708,"WARNER AVE N / IRIS ST, MAHTOMEDI",TRAFFIC STOP
WASHINGTON COUNTY SHERIFFS OFFICE,MAHTOMEDI,8/16/2026 11:44:39 AM,WC26041734,"1XXX  Hallam Ave N, MAHTOMEDI",SUSPICIOUS PERSON/ACTIVITY
WASHINGTON COUNTY SHERIFFS OFFICE,MAHTOMEDI,8/16/2026 2:41:33 PM,WC26041744,"XXX East Ave, MAHTOMEDI",MEDICAL
WASHINGTON COUNTY SHERIFFS OFFICE,MAHTOMEDI,8/16/2026 3:54:14 PM,WC26041755,"Tamarack St / Mahtomedi Ave, MAHTOMEDI",ROAD HAZARD
WASHINGTON COUNTY SHERIFFS OFFICE,MAHTOMEDI,8/16/2026 6:33:35 PM,WC26041784,"XXX East Ave, MAHTOMEDI",MEDICAL
WASHINGTON COUNTY SHERIFFS OFFICE,MAHTOMEDI,8/16/2026 6:37:27 PM,WC26041785,"XXX East Ave, MAHTOMEDI",MEDICAL
WASHINGTON COUNTY SHERIFFS OFFICE,MAHTOMEDI,8/16/2026 6:37:40 PM,WC26041786,"XXX East Ave, MAHTOMEDI",MEDICAL
WASHINGTON COUNTY SHERIFFS OFFICE,MAHTOMEDI,8/16/2026 6:46:41 PM,WC26041793,"Dahlia St / East Ave, MAHTOMEDI",CITIZEN/PUBLIC ASSIST
WASHINGTON COUNTY SHERIFFS OFFICE,MAHTOMEDI,8/16/2026 9:34:15 PM,WC26041818,"XXX Mahtomedi Ave, MAHTOMEDI",MEDICAL
WASHINGTON COUNTY SHERIFFS OFFICE,MAHTOMEDI,8/16/2026 10:53:14 PM,WC26041825,"XXX Rose St, MAHTOMEDI",MEDICAL
WASHINGTON COUNTY SHERIFFS OFFICE,MAHTOMEDI,8/17/2026 2:54:15 AM,WC26041845,"XXX Bichner Ln, MAHTOMEDI",INTERNET CRIMES
WASHINGTON COUNTY SHERIFFS OFFICE,MAHTOMEDI,8/17/2026 5:32:00 AM,WC26041846,"1XXX  Mahtomedi Ave, MAHTOMEDI",MEDICAL
WASHINGTON COUNTY SHERIFFS OFFICE,MAHTOMEDI,8/17/2026 10:07:52 AM,WC26041889,"XX Long Lake Rd, MAHTOMEDI",NOISE COMPLAINT/DISTURBANCE
WASHINGTON COUNTY SHERIFFS OFFICE,MAHTOMEDI,8/17/2026 10:40:06 AM,WC26041891,"3XXX  Century Ave, MAHTOMEDI",HARASSMENT
WASHINGTON COUNTY SHERIFFS OFFICE,MAHTOMEDI,8/17/2026 11:02:46 AM,WC26041893,"1XXX  Mahtomedi Ave, MAHTOMEDI",ALARM-BUSINESS/RES/FIRE/MEDICAL/ETC
WASHINGTON COUNTY SHERIFFS OFFICE,MAHTOMEDI,8/17/2026 12:27:51 PM,WC26041906,"XXX Dunbar Way, MAHTOMEDI",911 ABANDONED/HANGUP/OPEN LINE
WASHINGTON COUNTY SHERIFFS OFFICE,MAHTOMEDI,8/17/2026 4:48:31 PM,WC26041944,"XXX Bevins Ln, MAHTOMEDI",911 ABANDONED/HANGUP/OPEN LINE
WASHINGTON COUNTY SHERIFFS OFFICE,MAHTOMEDI,8/17/2026 5:28:10 PM,WC26041949,"Unknown, MAHTOMEDI",FOLLOW UP
WASHINGTON COUNTY SHERIFFS OFFICE,MAHTOMEDI,8/17/2026 6:08:10 PM,WC26041956,"1XXX  Summit Ave, MAHTOMEDI",FOLLOW UP
WASHINGTON COUNTY SHERIFFS OFFICE,MAHTOMEDI,8/17/2026 10:25:33 PM,WC26042002,"XXX WEDGEWOOD DR, MAHTOMEDI",SUSPICIOUS PERSON/ACTIVITY
WASHINGTON COUNTY SHERIFFS OFFICE,MAHTOMEDI,8/18/2026 7:50:07 AM,WC26042037,"XXX East Ave, MAHTOMEDI",LIFT ASSIST
WASHINGTON COUNTY SHERIFFS OFFICE,MAHTOMEDI,8/18/2026 1:35:15 PM,WC26042103,"WARNER AVE, MAHTOMEDI",DIRECTED PATROL
WASHINGTON COUNTY SHERIFFS OFFICE,MAHTOMEDI,8/18/2026 1:51:34 PM,WC26042108,"XXX Hallam Ave S, MAHTOMEDI",MEDICAL
WASHINGTON COUNTY SHERIFFS OFFICE,MAHTOMEDI,8/18/2026 2:10:00 PM,WC26042113,"CENTURY AVE N / SHAMROCK WAY, MAHTOMEDI",TRAFFIC STOP
WASHINGTON COUNTY SHERIFFS OFFICE,MAHTOMEDI,8/18/2026 3:46:24 PM,WC26042132,"XXX Locust St, MAHTOMEDI",WELFARE CHECK
WASHINGTON COUNTY SHERIFFS OFFICE,MAHTOMEDI,8/18/2026 8:53:00 PM,WC26042173,"WARNER AVE N / STILLWATER RD, MAHTOMEDI",TRAFFIC STOP
WASHINGTON COUNTY SHERIFFS OFFICE,MAHTOMEDI,8/18/2026 10:21:16 PM,WC26042180,"XXX Park Ave, MAHTOMEDI",ALARM-BUSINESS/RES/FIRE/MEDICAL/ETC
WASHINGTON COUNTY SHERIFFS OFFICE,MAHTOMEDI,8/18/2026 11:13:18 PM,WC26042184,"XXX Stillwater Rd, MAHTOMEDI",NOISE COMPLAINT/DISTURBANCE
WASHINGTON COUNTY SHERIFFS OFFICE,MAHTOMEDI,8/19/2026 2:23:19 AM,WC26042202,"XXX Bichner Ln, MAHTOMEDI",MEDICAL
WASHINGTON COUNTY SHERIFFS OFFICE,MAHTOMEDI,8/19/2026 11:47:10 AM,WC26042271,"XXX East Ave, MAHTOMEDI",CITIZEN/PUBLIC ASSIST
WASHINGTON COUNTY SHERIFFS OFFICE,MAHTOMEDI,8/19/2026 3:50:56 PM,WC26042311,"XXX Park Ave, MAHTOMEDI",911 ABANDONED/HANGUP/OPEN LINE
WASHINGTON COUNTY SHERIFFS OFFICE,MAHTOMEDI,8/19/2026 8:45:30 PM,WC26042346,"XXX 69th St N, MAHTOMEDI",ALARM-BUSINESS/RES/FIRE/MEDICAL/ETC
WASHINGTON COUNTY SHERIFFS OFFICE,MAHTOMEDI,8/19/2026 9:11:36 PM,WC26042354,"XXX Wildwood Rd, MAHTOMEDI",911 ABANDONED/HANGUP/OPEN LINE
WASHINGTON COUNTY SHERIFFS OFFICE,MAHTOMEDI,8/20/2026 2:15:19 AM,WC26042389,"XXX Wildwood Rd, MAHTOMEDI",CIVIL MATTER/DISPUTE
WASHINGTON COUNTY SHERIFFS OFFICE,MAHTOMEDI,8/20/2026 11:20:22 AM,WC26042449,"Unknown, MAHTOMEDI",CITIZEN/PUBLIC ASSIST
WASHINGTON COUNTY SHERIFFS OFFICE,MAHTOMEDI,8/20/2026 1:50:04 PM,WC26042470,"XXX Shamrock Dr, MAHTOMEDI",MEDICAL
WASHINGTON COUNTY SHERIFFS OFFICE,MAHTOMEDI,8/20/2026 2:20:00 PM,WC26042474,"ELM ST & MAHTOMEDI AVE, MAHTOMEDI",TRAFFIC STOP
WASHINGTON COUNTY SHERIFFS OFFICE,MAHTOMEDI,8/20/2026 3:44:42 PM,WC26042488,"XX Long Lake Rd, MAHTOMEDI",ALARM-BUSINESS/RES/FIRE/MEDICAL/ETC
WASHINGTON COUNTY SHERIFFS OFFICE,MAHTOMEDI,8/20/2026 4:34:20 PM,WC26042497,"XXX Mahtomedi Ave, MAHTOMEDI",MEDICAL
WASHINGTON COUNTY SHERIFFS OFFICE,MAHTOMEDI,8/20/2026 5:38:31 PM,WC26042503,"XXX East Ave, MAHTOMEDI",CITIZEN/PUBLIC ASSIST
WASHINGTON COUNTY SHERIFFS OFFICE,MAHTOMEDI,8/20/2026 7:34:37 PM,WC26042519,"XX Long Lake Rd, MAHTOMEDI",LOCKOUT
WASHINGTON COUNTY SHERIFFS OFFICE,MAHTOMEDI,8/20/2026 7:40:44 PM,WC26042520,"XXX Stillwater Rd, MAHTOMEDI",MEDICAL
WASHINGTON COUNTY SHERIFFS OFFICE,MAHTOMEDI,8/20/2026 10:00:00 PM,WC26042538,"XXX Locust St, MAHTOMEDI",UNWANTED PERSON/VEHICLE
WASHINGTON COUNTY SHERIFFS OFFICE,MAHTOMEDI,8/21/2026 12:26:19 AM,WC26042550,"XX Long Lake Rd, MAHTOMEDI",FIRE
WASHINGTON COUNTY SHERIFFS OFFICE,MAHTOMEDI,8/21/2026 2:30:48 PM,WC26042624,"XXX 72nd St N, MAHTOMEDI",ASSAULT
WASHINGTON COUNTY SHERIFFS OFFICE,MAHTOMEDI,8/21/2026 3:18:36 PM,WC26042635,"Summit Ave / Locust St, MAHTOMEDI",ANIMAL COMPLAINT
WASHINGTON COUNTY SHERIFFS OFFICE,MAHTOMEDI,8/21/2026 4:05:27 PM,WC26042643,"Unknown, MAHTOMEDI",CITIZEN/PUBLIC ASSIST
WASHINGTON COUNTY SHERIFFS OFFICE,MAHTOMEDI,8/22/2026 12:00:00 AM,WC26042721,"WARNER AVE N / WILDWOOD CT, MAHTOMEDI",TRAFFIC STOP
WASHINGTON COUNTY SHERIFFS OFFICE,MAHTOMEDI,8/22/2026 9:01:44 AM,WC26042759,"XXX BRIARWOOD AVE, MAHTOMEDI",911 ABANDONED/HANGUP/OPEN LINE
WASHINGTON COUNTY SHERIFFS OFFICE,MAHTOMEDI,8/22/2026 9:18:49 AM,WC26042761,"XXX Loretta Ln, MAHTOMEDI",CITIZEN/PUBLIC ASSIST
WASHINGTON COUNTY SHERIFFS OFFICE,MAHTOMEDI,8/22/2026 9:42:18 AM,WC26042763,"Unknown, MAHTOMEDI",CITIZEN/PUBLIC ASSIST
WASHINGTON COUNTY SHERIFFS OFFICE,MAHTOMEDI,8/22/2026 11:46:52 AM,WC26042778,"XXX Wildwood Rd, MAHTOMEDI",911 ABANDONED/HANGUP/OPEN LINE
WASHINGTON COUNTY SHERIFFS OFFICE,MAHTOMEDI,8/22/2026 12:45:52 PM,WC26042786,"XX Long Lake Rd, MAHTOMEDI",911 ABANDONED/HANGUP/OPEN LINE
WASHINGTON COUNTY SHERIFFS OFFICE,MAHTOMEDI,8/22/2026 12:48:18 PM,WC26042788,"XXX Wildwood Rd, MAHTOMEDI",THEFT FROM MOTOR VEHICLE
WASHINGTON COUNTY SHERIFFS OFFICE,MAHTOMEDI,8/22/2026 3:55:43 PM,WC26042815,"XX Mahtomedi Ave, MAHTOMEDI",MEDICAL
WASHINGTON COUNTY SHERIFFS OFFICE,MAHTOMEDI,8/22/2026 6:29:48 PM,WC26042847,"XXX Quail St, MAHTOMEDI",HARASSMENT
WASHINGTON COUNTY SHERIFFS OFFICE,MAHTOMEDI,8/22/2026 9:04:51 PM,WC26042870,"XXX Griffin Ct, MAHTOMEDI",MEDICAL
WASHINGTON COUNTY SHERIFFS OFFICE,MAHTOMEDI,8/22/2026 9:16:55 PM,WC26042874,"Warner Ave N / Stillwater Rd, MAHTOMEDI",NOISE COMPLAINT/DISTURBANCE
WASHINGTON COUNTY SHERIFFS OFFICE,MARINE ON SAINT CROIX,8/19/2026 11:43:50 AM,WC26042270,"15XXX  Saint Croix Trl N, MARINE ON SAINT CROIX",911 ABANDONED/HANGUP/OPEN LINE
WASHINGTON COUNTY SHERIFFS OFFICE,MARINE ON SAINT CROIX,8/19/2026 8:05:38 PM,WC26042338,"18XXX  Saint Croix Trl N, MARINE ON SAINT CROIX",ALARM-BUSINESS/RES/FIRE/MEDICAL/ETC
WASHINGTON COUNTY SHERIFFS OFFICE,MARINE ON SAINT CROIX,8/19/2026 8:10:18 PM,WC26042339,"XXX Pine St, MARINE ON SAINT CROIX",MISSING PERSON
WASHINGTON COUNTY SHERIFFS OFFICE,MARINE ON SAINT CROIX,8/22/2026 3:15:00 PM,WC26042804,"16XXX  - 17128 SAINT CROIX TRL N, MARINE ON SAINT CROIX",TRAFFIC STOP
WASHINGTON COUNTY SHERIFFS OFFICE,MARINE ON SAINT CROIX,8/22/2026 4:00:57 PM,WC26042816,"XXX - 830 JUDD ST, MARINE ON SAINT CROIX",DIRECTED PATROL
WASHINGTON COUNTY SHERIFFS OFFICE,MARINE ON SAINT CROIX,8/22/2026 4:38:20 PM,WC26042827,"17XXX  - 17249 SAINT CROIX TRL N, MARINE ON SAINT CROIX",TRAFFIC STOP
WASHINGTON COUNTY SHERIFFS OFFICE,MARINE ON SAINT CROIX,8/22/2026 6:02:54 PM,WC26042843,"Hwy 95 At Chestnut St, MARINE ON SAINT CROIX",TRAFFIC COMPLAINT
WASHINGTON COUNTY SHERIFFS OFFICE,MAY TOWNSHIP,8/16/2026 4:31:00 AM,WC26041709,"MANNING TRL N / 170TH ST N, MAY TOWNSHIP",TRAFFIC STOP
WASHINGTON COUNTY SHERIFFS OFFICE,MAY TOWNSHIP,8/16/2026 9:14:18 AM,WC26041722,"12XXX  OZARK TRL N, MAY TOWNSHIP",SUSPICIOUS PERSON/ACTIVITY
WASHINGTON COUNTY SHERIFFS OFFICE,MAY TOWNSHIP,8/16/2026 5:33:59 PM,WC26041771,"15XXX  Norell Ave N, MAY TOWNSHIP",VEHICLE UNLOCK
WASHINGTON COUNTY SHERIFFS OFFICE,MAY TOWNSHIP,8/17/2026 12:43:30 PM,WC26041908,"11XXX  Norell Ave N, MAY TOWNSHIP",MEDICAL
WASHINGTON COUNTY SHERIFFS OFFICE,MAY TOWNSHIP,8/18/2026 9:18:36 PM,WC26042177,"11XXX  Norell Ave N, MAY TOWNSHIP",OFFICER INFORMATION
WASHINGTON COUNTY SHERIFFS OFFICE,MAY TOWNSHIP,8/19/2026 3:21:00 PM,WC26042300,"15XXX  SQUARE LAKE TRL N, MAY TOWNSHIP",PARK INCIDENT-CITY/COUNTY
WASHINGTON COUNTY SHERIFFS OFFICE,MAY TOWNSHIP,8/19/2026 3:31:00 PM,WC26042305,"15XXX  Square Lake Trail, MAY TOWNSHIP",PARKING VIOLATION
WASHINGTON COUNTY SHERIFFS OFFICE,MAY TOWNSHIP,8/19/2026 4:14:15 PM,WC26042312,"BIG MARINE PARK ENTRANCE RD, MAY TOWNSHIP",PARK INCIDENT-CITY/COUNTY
WASHINGTON COUNTY SHERIFFS OFFICE,MAY TOWNSHIP,8/19/2026 5:59:00 PM,WC26042329,"15XXX  SQUARE LAKE TRL N, MAY TOWNSHIP",PARKING COMPLAINT
WASHINGTON COUNTY SHERIFFS OFFICE,MAY TOWNSHIP,8/19/2026 6:06:00 PM,WC26042331,"15XXX  SQUARE LAKE TRL N, MAY TOWNSHIP",PARKING COMPLAINT
WASHINGTON COUNTY SHERIFFS OFFICE,MAY TOWNSHIP,8/20/2026 5:35:00 AM,WC26042965,"15XXX  - 15750 SAINT CROIX TRL N, MAY TOWNSHIP",ACCIDENT
WASHINGTON COUNTY SHERIFFS OFFICE,MAY TOWNSHIP,8/20/2026 2:05:27 PM,WC26042472,"16XXX  May Ave N, MAY TOWNSHIP",ANIMAL COMPLAINT
WASHINGTON COUNTY SHERIFFS OFFICE,MAY TOWNSHIP,8/20/2026 2:41:34 PM,WC26042478,"11XXX  180th St N, MAY TOWNSHIP",ANIMAL COMPLAINT
WASHINGTON COUNTY SHERIFFS OFFICE,MAY TOWNSHIP,8/21/2026 6:48:53 PM,WC26042673,"10XXX  169th St N, MAY TOWNSHIP",ATV/OHV COMPLAINT
WASHINGTON COUNTY SHERIFFS OFFICE,MAY TOWNSHIP,8/21/2026 7:16:49 PM,WC26042679,"10XXX  169th St N, MAY TOWNSHIP",FOLLOW UP
WASHINGTON COUNTY SHERIFFS OFFICE,MAY TOWNSHIP,8/22/2026 1:21:08 PM,WC26042791,"15XXX  Manning Trl N, MAY TOWNSHIP",CITIZEN/PUBLIC ASSIST
WASHINGTON COUNTY SHERIFFS OFFICE,MAY TOWNSHIP,8/22/2026 2:33:30 PM,WC26042800,"14XXX  Ostrum Trl N, MAY TOWNSHIP",OFFICER INFORMATION
WASHINGTON COUNTY SHERIFFS OFFICE,MAY TOWNSHIP,8/22/2026 11:12:14 PM,WC26042890,"13XXX  Ozark Trl N, MAY TOWNSHIP",ALARM-BUSINESS/RES/FIRE/MEDICAL/ETC
WASHINGTON COUNTY SHERIFFS OFFICE,NEWPORT,8/16/2026 12:00:00 AM,WC26041797,"2XXX  Hastings Ave, NEWPORT",SUICIDE ATTEMPT/THREATS OF
WASHINGTON COUNTY SHERIFFS OFFICE,NEWPORT,8/16/2026 12:00:00 AM,WC26041806,"1XXX  10th Ave, NEWPORT",WELFARE CHECK
WASHINGTON COUNTY SHERIFFS OFFICE,NEWPORT,8/16/2026 10:56:50 AM,WC26041730,"XXX Red Rock Xing, NEWPORT",DEATH
WASHINGTON COUNTY SHERIFFS OFFICE,NEWPORT,8/16/2026 2:11:41 PM,WC26041741,"1XXX  10th Ave, NEWPORT",WELFARE CHECK
WASHINGTON COUNTY SHERIFFS OFFICE,NEWPORT,8/16/2026 3:25:02 PM,WC26041750,"1XXX  Hastings Ave, NEWPORT",LOCKOUT
WASHINGTON COUNTY SHERIFFS OFFICE,NEWPORT,8/16/2026 7:39:59 PM,WC26041807,"1XXX  Hastings Ave, NEWPORT",CIVIL MATTER/DISPUTE
WASHINGTON COUNTY SHERIFFS OFFICE,NEWPORT,8/16/2026 10:05:49 PM,WC26041820,"1XXX  2nd Ave, NEWPORT",MEDICAL
WASHINGTON COUNTY SHERIFFS OFFICE,NEWPORT,8/17/2026 8:48:32 AM,WC26041856,"XXX 16th St, NEWPORT",MEDICAL
WASHINGTON COUNTY SHERIFFS OFFICE,NEWPORT,8/17/2026 10:59:42 AM,WC26041892,"XXX FORD RD, NEWPORT",CITIZEN/PUBLIC ASSIST
WASHINGTON COUNTY SHERIFFS OFFICE,NEWPORT,8/17/2026 11:48:02 AM,WC26041900,"2XXX  Hastings Ave, NEWPORT",MEDICAL
WASHINGTON COUNTY SHERIFFS OFFICE,NEWPORT,8/17/2026 12:54:18 PM,WC26041912,"2XXX  Hastings Ave, NEWPORT",FOLLOW UP
WASHINGTON COUNTY SHERIFFS OFFICE,NEWPORT,8/17/2026 1:52:00 PM,WC26041922,"HWY 61 NB / 494, NEWPORT",TRAFFIC STOP
WASHINGTON COUNTY SHERIFFS OFFICE,NEWPORT,8/17/2026 1:55:00 PM,WC26041924,"2XXX  - 2199 HASTINGS AVE, NEWPORT",DIRECTED PATROL
WASHINGTON COUNTY SHERIFFS OFFICE,NEWPORT,8/17/2026 2:16:54 PM,WC26041925,"1XXX  11th Ave, NEWPORT",PARKING COMPLAINT
WASHINGTON COUNTY SHERIFFS OFFICE,NEWPORT,8/17/2026 3:18:00 PM,WC26041933,"GLEN RD / WOODBURY RD, NEWPORT",TRAFFIC STOP
WASHINGTON COUNTY SHERIFFS OFFICE,NEWPORT,8/17/2026 4:15:35 PM,WC26041941,"XXX 21st St, NEWPORT",CIVIL MATTER/DISPUTE
WASHINGTON COUNTY SHERIFFS OFFICE,NEWPORT,8/17/2026 4:49:56 PM,WC26041945,"XXX Park Pl, NEWPORT",PROPERTY DAMAGE
WASHINGTON COUNTY SHERIFFS OFFICE,NEWPORT,8/17/2026 5:22:05 PM,WC26041948,"1XXX  Hastings Ave, NEWPORT",ASSAULT
WASHINGTON COUNTY SHERIFFS OFFICE,NEWPORT,8/17/2026 6:22:19 PM,WC26041958,"65th St / Hastings Ave, NEWPORT",911 ABANDONED/HANGUP/OPEN LINE
WASHINGTON COUNTY SHERIFFS OFFICE,NEWPORT,8/17/2026 7:29:40 PM,WC26041972,"1XXX  Hastings Ave, NEWPORT",FOLLOW UP
WASHINGTON COUNTY SHERIFFS OFFICE,NEWPORT,8/17/2026 7:56:01 PM,WC26041975,"2XXX  - 2099 HASTINGS AVE, NEWPORT",DIRECTED PATROL
WASHINGTON COUNTY SHERIFFS OFFICE,NEWPORT,8/17/2026 8:07:28 PM,WC26041979,"1XXX  10th Ave, NEWPORT",FOUND PROPERTY/ITEM
WASHINGTON COUNTY SHERIFFS OFFICE,NEWPORT,8/17/2026 8:26:28 PM,WC26041982,"1XXX  10TH AVE, NEWPORT",INCIDENT
WASHINGTON COUNTY SHERIFFS OFFICE,NEWPORT,8/17/2026 8:47:17 PM,WC26041984,"1XXX  - 1198 7TH AVE, NEWPORT",DIRECTED PATROL
WASHINGTON COUNTY SHERIFFS OFFICE,NEWPORT,8/17/2026 9:43:10 PM,WC26041995,"XXX Park Pl, NEWPORT",PROPERTY DAMAGE
WASHINGTON COUNTY SHERIFFS OFFICE,NEWPORT,8/17/2026 11:51:08 PM,WC26042018,"1XXX  10th Ave, NEWPORT",DRUGS
WASHINGTON COUNTY SHERIFFS OFFICE,NEWPORT,8/18/2026 6:23:30 AM,WC26042033,"1XXX  Bailey Rd, NEWPORT",ALARM-BUSINESS/RES/FIRE/MEDICAL/ETC
WASHINGTON COUNTY SHERIFFS OFFICE,NEWPORT,8/18/2026 7:49:34 AM,WC26042038,"1XXX  GLEN RD, NEWPORT",DIRECTED PATROL
WASHINGTON COUNTY SHERIFFS OFFICE,NEWPORT,8/18/2026 7:55:00 AM,WC26042040,"GLEN RD / WOODBURY RD, NEWPORT",TRAFFIC STOP
WASHINGTON COUNTY SHERIFFS OFFICE,NEWPORT,8/18/2026 8:35:00 AM,WC26042042,"GLEN RD / WOODBURY RD, NEWPORT",TRAFFIC STOP
WASHINGTON COUNTY SHERIFFS OFFICE,NEWPORT,8/18/2026 8:38:52 AM,WC26042043,"1XXX  Hastings Ave, NEWPORT",CITIZEN/PUBLIC ASSIST
WASHINGTON COUNTY SHERIFFS OFFICE,NEWPORT,8/18/2026 9:07:42 AM,WC26042054,"XXX Red Rock Xing, NEWPORT",FOUND PERSON
WASHINGTON COUNTY SHERIFFS OFFICE,NEWPORT,8/18/2026 10:20:37 AM,WC26042069,"Unknown, NEWPORT",FOLLOW UP
WASHINGTON COUNTY SHERIFFS OFFICE,NEWPORT,8/18/2026 10:39:58 AM,WC26042077,"1XXX  10th Ave, NEWPORT",THREATS
WASHINGTON COUNTY SHERIFFS OFFICE,NEWPORT,8/18/2026 12:06:49 PM,WC26042088,"1XXX  10th Ave, NEWPORT",WEAPON COMPLAINT/VIOLATION
WASHINGTON COUNTY SHERIFFS OFFICE,NEWPORT,8/18/2026 1:41:02 PM,WC26042106,"2XXX  1st Ave, NEWPORT",CIVIL MATTER/DISPUTE
WASHINGTON COUNTY SHERIFFS OFFICE,NEWPORT,8/18/2026 2:34:35 PM,WC26042117,"XXX Red Rock Xing, NEWPORT",CIVIL MATTER/DISPUTE
WASHINGTON COUNTY SHERIFFS OFFICE,NEWPORT,8/18/2026 2:44:31 PM,WC26042120,"1XXX  10th Ave, NEWPORT",FOLLOW UP
WASHINGTON COUNTY SHERIFFS OFFICE,NEWPORT,8/18/2026 3:16:03 PM,WC26042129,"RED ROCK RD / MAXWELL AVE, NEWPORT",ACCIDENT
WASHINGTON COUNTY SHERIFFS OFFICE,NEWPORT,8/18/2026 3:46:49 PM,WC26042133,"Unknown, NEWPORT",FOLLOW UP
WASHINGTON COUNTY SHERIFFS OFFICE,NEWPORT,8/18/2026 8:01:08 PM,WC26042165,"1XXX  2nd Ave, NEWPORT",SUSPICIOUS PERSON/ACTIVITY
WASHINGTON COUNTY SHERIFFS OFFICE,NEWPORT,8/18/2026 8:10:23 PM,WC26042166,"1XXX  HASTINGS AVE, NEWPORT",WELFARE CHECK
WASHINGTON COUNTY SHERIFFS OFFICE,NEWPORT,8/18/2026 10:52:40 PM,WC26042182,"Bailey Rd / Military Rd, NEWPORT",DRIVING COMPLAINT
WASHINGTON COUNTY SHERIFFS OFFICE,NEWPORT,8/18/2026 11:46:17 PM,WC26042189,"1XXX  Hastings Ave, NEWPORT",FOUND PROPERTY/ITEM
WASHINGTON COUNTY SHERIFFS OFFICE,NEWPORT,8/19/2026 1:08:09 AM,WC26042195,"2XXX  Hastings Ave, NEWPORT",CIVIL MATTER/DISPUTE
WASHINGTON COUNTY SHERIFFS OFFICE,NEWPORT,8/19/2026 1:44:00 AM,WC26042199,"HWY 61 SB JNO 70TH ST S, NEWPORT",TRAFFIC STOP
WASHINGTON COUNTY SHERIFFS OFFICE,NEWPORT,8/19/2026 5:40:15 AM,WC26042213,"XXX Ellen Ct, NEWPORT",ABANDONED VEHICLE
WASHINGTON COUNTY SHERIFFS OFFICE,NEWPORT,8/19/2026 8:22:39 AM,WC26042225,"1XXX  10th Ave, NEWPORT",MEDICAL
WASHINGTON COUNTY SHERIFFS OFFICE,NEWPORT,8/19/2026 9:19:21 AM,WC26042234,"XXX 11TH ST, NEWPORT",NEIGHBOR DISPUTE
WASHINGTON COUNTY SHERIFFS OFFICE,NEWPORT,8/19/2026 10:50:20 AM,WC26042261,"XXX Ford Rd, NEWPORT",ANIMAL BITE
WASHINGTON COUNTY SHERIFFS OFFICE,NEWPORT,8/19/2026 11:23:32 AM,WC26042275,"XXX Ellen Ct, NEWPORT",FOLLOW UP
WASHINGTON COUNTY SHERIFFS OFFICE,NEWPORT,8/19/2026 1:53:52 PM,WC26042287,"XXX Ford Rd, NEWPORT",FOLLOW UP
WASHINGTON COUNTY SHERIFFS OFFICE,NEWPORT,8/19/2026 3:40:30 PM,WC26042306,"Unknown, NEWPORT",FOLLOW UP
WASHINGTON COUNTY SHERIFFS OFFICE,NEWPORT,8/19/2026 4:39:22 PM,WC26042318,"MAXWELL AVE / RED ROCK XING, NEWPORT",SUSPICIOUS PERSON/ACTIVITY
WASHINGTON COUNTY SHERIFFS OFFICE,NEWPORT,8/19/2026 5:33:09 PM,WC26042327,"1XXX  10th Ave, NEWPORT",SUSPICIOUS PERSON/ACTIVITY
WASHINGTON COUNTY SHERIFFS OFFICE,NEWPORT,8/19/2026 9:09:52 PM,WC26042353,"1XXX  Glen Rd, NEWPORT",CITIZEN/PUBLIC ASSIST
WASHINGTON COUNTY SHERIFFS OFFICE,NEWPORT,8/20/2026 12:01:57 AM,WC26042373,"Unknown, NEWPORT",CIVIL MATTER/DISPUTE
WASHINGTON COUNTY SHERIFFS OFFICE,NEWPORT,8/20/2026 1:00:28 AM,WC26042378,"XXX Red Rock Xing, NEWPORT",911 ABANDONED/HANGUP/OPEN LINE
WASHINGTON COUNTY SHERIFFS OFFICE,NEWPORT,8/21/2026 10:52:17 AM,WC26042599,"2XXX  Hastings Ave, NEWPORT",MEDICAL
WASHINGTON COUNTY SHERIFFS OFFICE,NEWPORT,8/21/2026 11:48:22 AM,WC26042608,"XXX 10th St, NEWPORT",911 ABANDONED/HANGUP/OPEN LINE
WASHINGTON COUNTY SHERIFFS OFFICE,NEWPORT,8/21/2026 12:51:58 PM,WC26042612,"7th Ave / 17th St, NEWPORT",911 ABANDONED/HANGUP/OPEN LINE
WASHINGTON COUNTY SHERIFFS OFFICE,NEWPORT,8/21/2026 1:25:46 PM,WC26042614,"XXX Glen Ter, NEWPORT",MEDICAL
WASHINGTON COUNTY SHERIFFS OFFICE,NEWPORT,8/21/2026 2:00:00 PM,WC26042617,"1XXX  HASTINGS AVE, NEWPORT",TRAFFIC STOP
WASHINGTON COUNTY SHERIFFS OFFICE,NEWPORT,8/21/2026 2:14:00 PM,WC26042619,"GLEN RD / WOODBURY RD, NEWPORT",TRAFFIC STOP
WASHINGTON COUNTY SHERIFFS OFFICE,NEWPORT,8/21/2026 3:10:36 PM,WC26042633,"2XXX  Hastings Ave, NEWPORT",MEDICAL
WASHINGTON COUNTY SHERIFFS OFFICE,NEWPORT,8/21/2026 3:30:28 PM,WC26042637,"XXX Ford Rd, NEWPORT",FOLLOW UP
WASHINGTON COUNTY SHERIFFS OFFICE,NEWPORT,8/21/2026 10:25:00 PM,WC26042706,"Highway 61 SB / Glen Rd, NEWPORT",TRAFFIC STOP
WASHINGTON COUNTY SHERIFFS OFFICE,NEWPORT,8/21/2026 11:08:33 PM,WC26042715,"1XXX  GLEN RD, NEWPORT",INCIDENT
WASHINGTON COUNTY SHERIFFS OFFICE,NEWPORT,8/21/2026 11:56:31 PM,WC26042727,"2XXX  1st Ave, NEWPORT",FIREWORKS
WASHINGTON COUNTY SHERIFFS OFFICE,NEWPORT,8/22/2026 6:47:55 AM,WC26042752,"1XXX  10th Ave, NEWPORT",MEDICAL
WASHINGTON COUNTY SHERIFFS OFFICE,NEWPORT,8/22/2026 10:07:00 AM,WC26042765,"Highway 61 at Bailey Rd, NEWPORT",TRAFFIC STOP
WASHINGTON COUNTY SHERIFFS OFFICE,NEWPORT,8/22/2026 1:52:25 PM,WC26042794,"2XXX  2nd Ave, NEWPORT",CITIZEN/PUBLIC ASSIST
WASHINGTON COUNTY SHERIFFS OFFICE,NEWPORT,8/22/2026 3:41:49 PM,WC26042811,"XXX Spruce St, NEWPORT",CITIZEN/PUBLIC ASSIST
WASHINGTON COUNTY SHERIFFS OFFICE,NEWPORT,8/22/2026 4:15:00 PM,WC26042822,"GLEN RD & WOODBURY RD, NEWPORT",TRAFFIC STOP
WASHINGTON COUNTY SHERIFFS OFFICE,NEWPORT,8/22/2026 4:26:00 PM,WC26042825,"XXX - 1149 HASTINGS AVE, NEWPORT",TRAFFIC STOP
WASHINGTON COUNTY SHERIFFS OFFICE,NEWPORT,8/22/2026 5:42:00 PM,WC26042831,"XXX Red Rock Xing, NEWPORT",WARRANT ARREST
WASHINGTON COUNTY SHERIFFS OFFICE,NEWPORT,8/22/2026 10:52:33 PM,WC26042888,"Bailey Rd / Bailey Ct, NEWPORT",ASSIST OTHER AGENCY
WASHINGTON COUNTY SHERIFFS OFFICE,OAK PARK HEIGHTS,8/17/2026 6:25:34 PM,WC26041959,"14XXX  58TH ST N, OAK PARK HEIGHTS",CIVIL MATTER/DISPUTE
WASHINGTON COUNTY SHERIFFS OFFICE,OAK PARK HEIGHTS,8/21/2026 11:13:00 PM,WC26042716,"HWY 36 EB JEO OSGOOD AVE N, OAK PARK HEIGHTS",WARRANT ARREST
WASHINGTON COUNTY SHERIFFS OFFICE,OAK PARK HEIGHTS,8/22/2026 1:25:00 AM,WC26042741,"SAINT CROIX TRL N AT HWY 36, OAK PARK HEIGHTS",DWI
WASHINGTON COUNTY SHERIFFS OFFICE,OAK PARK HEIGHTS,8/22/2026 8:43:06 PM,WC26042880,"14XXX  58th St N, OAK PARK HEIGHTS",ASSIST OTHER AGENCY
WASHINGTON COUNTY SHERIFFS OFFICE,OAK PARK HEIGHTS,8/22/2026 9:49:44 PM,WC26042882,"Saint Croix Crossing Bridge: Hwy 36 Wb - Mn, OAK PARK HEIGHTS",DRIVING COMPLAINT
WASHINGTON COUNTY SHERIFFS OFFICE,OAKDALE,8/16/2026 2:52:51 AM,WC26041704,"4XXX  Hamlet Ave N, OAKDALE",ASSIST OTHER AGENCY
WASHINGTON COUNTY SHERIFFS OFFICE,OAKDALE,8/16/2026 6:12:00 PM,WC26041778,"10TH ST / HADLEY AVE N, OAKDALE",TRAFFIC STOP
WASHINGTON COUNTY SHERIFFS OFFICE,OAKDALE,8/18/2026 12:00:00 AM,WC26042020,"XX Hwy 36 Wb At Hadley Ave N, OAKDALE",TRAFFIC STOP
WASHINGTON COUNTY SHERIFFS OFFICE,OAKDALE,8/18/2026 12:04:01 PM,WC26042089,"2XXX  HALLMARK AVE N, OAKDALE",FOLLOW UP
WASHINGTON COUNTY SHERIFFS OFFICE,OAKDALE,8/18/2026 1:39:53 PM,WC26042107,"7XXX  38th St N, OAKDALE",911 ABANDONED/HANGUP/OPEN LINE
WASHINGTON COUNTY SHERIFFS OFFICE,OAKDALE,8/19/2026 3:42:44 AM,WC26042205,"5XXX  Hadley Ave N, OAKDALE",ASSIST OTHER AGENCY
WASHINGTON COUNTY SHERIFFS OFFICE,OAKDALE,8/19/2026 5:02:24 AM,WC26042211,"7XXX  36th St N, OAKDALE",ASSIST OTHER AGENCY
WASHINGTON COUNTY SHERIFFS OFFICE,OAKDALE,8/22/2026 12:29:48 PM,WC26042782,"5XXX  Hadley Ave N, OAKDALE",WARRANT ARREST
WASHINGTON COUNTY SHERIFFS OFFICE,PINE SPRINGS,8/16/2026 11:28:17 AM,WC26041732,"HILTON TRL N / 60TH ST N, PINE SPRINGS",MOTORIST ASSIST
WASHINGTON COUNTY SHERIFFS OFFICE,PINE SPRINGS,8/17/2026 1:53:24 PM,WC26041923,"7XXX  Pinehurst Ct, PINE SPRINGS",CITIZEN/PUBLIC ASSIST
WASHINGTON COUNTY SHERIFFS OFFICE,SAINT MARYS POINT,8/18/2026 7:53:25 PM,WC26042164,"16XXX  Saint Marys Dr S, SAINT MARYS POINT",PARKING COMPLAINT
WASHINGTON COUNTY SHERIFFS OFFICE,Saint Paul,8/16/2026 10:30:18 PM,WC26041823,"Hwy 61 Sb At Maxwell Ave, Saint Paul",DRIVING COMPLAINT
WASHINGTON COUNTY SHERIFFS OFFICE,Saint Paul,8/22/2026 10:41:30 PM,WC26042887,"2XXX  OLD HUDSON RD, Saint Paul",WANTED PERSON-KOPS ALERT/ATL
WASHINGTON COUNTY SHERIFFS OFFICE,SAINT PAUL PARK,8/17/2026 7:30:09 PM,WC26041970,"1XXX  LINCOLN AVE, SAINT PAUL PARK",CIVIL MATTER/DISPUTE
WASHINGTON COUNTY SHERIFFS OFFICE,SAINT PAUL PARK,8/21/2026 3:37:00 PM,WC26042638,"70TH ST S / HASTINGS AVE, SAINT PAUL PARK",TRAFFIC STOP
WASHINGTON COUNTY SHERIFFS OFFICE,SCANDIA,8/16/2026 6:15:40 PM,WC26041782,"14XXX  202nd St N, SCANDIA",MEDICAL
WASHINGTON COUNTY SHERIFFS OFFICE,SCANDIA,8/16/2026 7:37:26 PM,WC26041800,"Saint Croix Trl N / Scandia Trl N, SCANDIA",DRIVING COMPLAINT
WASHINGTON COUNTY SHERIFFS OFFICE,SCANDIA,8/16/2026 8:54:20 PM,WC26041809,"Olinda Ln N / Olinda Trl N, SCANDIA",MEDICAL
WASHINGTON COUNTY SHERIFFS OFFICE,SCANDIA,8/17/2026 8:31:01 AM,WC26041852,"11XXX  228th St N, SCANDIA",CITIZEN/PUBLIC ASSIST
WASHINGTON COUNTY SHERIFFS OFFICE,SCANDIA,8/17/2026 12:21:29 PM,WC26041904,"21XXX  Oland Ave N, SCANDIA",ASSIST OTHER AGENCY
WASHINGTON COUNTY SHERIFFS OFFICE,SCANDIA,8/19/2026 12:43:02 AM,WC26042194,"16XXX  Obrien Trl N, SCANDIA",NOISE COMPLAINT/DISTURBANCE
WASHINGTON COUNTY SHERIFFS OFFICE,SCANDIA,8/19/2026 8:28:40 AM,WC26042227,"Big Marine Lake, SCANDIA",CITIZEN/PUBLIC ASSIST
WASHINGTON COUNTY SHERIFFS OFFICE,SCANDIA,8/19/2026 11:28:08 AM,WC26042268,"15XXX  215th St N, SCANDIA",SUSPICIOUS PERSON/ACTIVITY
WASHINGTON COUNTY SHERIFFS OFFICE,SCANDIA,8/20/2026 6:41:10 AM,WC26042397,"Perkins Ave N / Pilar Rd N, SCANDIA",VEHICLE UNLOCK
WASHINGTON COUNTY SHERIFFS OFFICE,SCANDIA,8/20/2026 8:08:49 AM,WC26042403,"Manning Trl N / Scandia Trl N, SCANDIA",MOTORIST ASSIST
WASHINGTON COUNTY SHERIFFS OFFICE,SCANDIA,8/20/2026 8:11:09 AM,WC26042402,"18XXX  Layton Ave N, SCANDIA",NOISE COMPLAINT/DISTURBANCE
WASHINGTON COUNTY SHERIFFS OFFICE,SCANDIA,8/20/2026 9:17:41 AM,WC26042422,"14XXX  Oakhill Rd N, SCANDIA",ALARM-BUSINESS/RES/FIRE/MEDICAL/ETC
WASHINGTON COUNTY SHERIFFS OFFICE,SCANDIA,8/20/2026 1:10:35 PM,WC26042463,"19XXX  Manning Trl N, SCANDIA",WELFARE CHECK
WASHINGTON COUNTY SHERIFFS OFFICE,SCANDIA,8/20/2026 3:54:40 PM,WC26042490,"Unknown, SCANDIA",WELFARE CHECK
WASHINGTON COUNTY SHERIFFS OFFICE,SCANDIA,8/21/2026 8:21:11 PM,WC26042689,"15XXX  Pilar Rd N, SCANDIA",LOST PROPERTY/ITEM
WASHINGTON COUNTY SHERIFFS OFFICE,SCANDIA,8/21/2026 10:01:28 PM,WC26042704,"22XXX  Lofton Ave N, SCANDIA",FIRE
WASHINGTON COUNTY SHERIFFS OFFICE,SCANDIA,8/22/2026 9:22:00 AM,WC26042762,"Hwy 97 At Oakhill Rd N, SCANDIA",ACCIDENT
WASHINGTON COUNTY SHERIFFS OFFICE,SCANDIA,8/22/2026 12:12:16 PM,WC26042781,"16XXX  209th St N, SCANDIA",FOLLOW UP
WASHINGTON COUNTY SHERIFFS OFFICE,SCANDIA,8/22/2026 2:10:28 PM,WC26042796,"20XXX  Olinda Trl N, SCANDIA",THEFT
WASHINGTON COUNTY SHERIFFS OFFICE,SCANDIA,8/22/2026 8:44:19 PM,WC26042866,"HWY 95 AT HWY 97, SCANDIA",PURSUIT
WASHINGTON COUNTY SHERIFFS OFFICE,SCANDIA,8/22/2026 11:31:16 PM,WC26042893,"19XXX  Quinnell Ave N, SCANDIA",HARASSMENT
WASHINGTON COUNTY SHERIFFS OFFICE,STILLWATER,8/16/2026 12:58:39 AM,WC26041694,"HWY 36 WB JWO WASHINGTON AVE N, STILLWATER",TRAFFIC STOP
WASHINGTON COUNTY SHERIFFS OFFICE,STILLWATER,8/16/2026 8:08:21 AM,WC26041718,"14XXX  62nd St N, STILLWATER",DIRECTED PATROL
WASHINGTON COUNTY SHERIFFS OFFICE,STILLWATER,8/17/2026 7:10:22 PM,WC26041967,"15XXX  62nd St N, STILLWATER",WARRANT ARREST
WASHINGTON COUNTY SHERIFFS OFFICE,STILLWATER,8/17/2026 9:20:27 PM,WC26041991,"15XXX  62nd St N, STILLWATER",FUGITIVE FROM JUSTICE
WASHINGTON COUNTY SHERIFFS OFFICE,STILLWATER,8/18/2026 6:06:57 AM,WC26042031,"15XXX  62nd St N, STILLWATER",FOLLOW UP
WASHINGTON COUNTY SHERIFFS OFFICE,STILLWATER,8/18/2026 12:23:58 PM,WC26042094,"15XXX  62nd St N, STILLWATER",OFFICER INFORMATION
WASHINGTON COUNTY SHERIFFS OFFICE,STILLWATER,8/18/2026 12:25:53 PM,WC26042092,"14XXX  62nd St. N, STILLWATER",TRESPASSING
WASHINGTON COUNTY SHERIFFS OFFICE,STILLWATER,8/18/2026 3:41:43 PM,WC26042131,"15XXX  62nd St N, STILLWATER",CITIZEN/PUBLIC ASSIST
WASHINGTON COUNTY SHERIFFS OFFICE,STILLWATER,8/18/2026 5:08:38 PM,WC26042141,"15XXX  62ND ST N, STILLWATER",WARRANT ATTEMPT
WASHINGTON COUNTY SHERIFFS OFFICE,STILLWATER,8/19/2026 10:15:55 AM,WC26042254,"14XXX  62ND ST N, STILLWATER",OFFICER INFORMATION
WASHINGTON COUNTY SHERIFFS OFFICE,STILLWATER,8/19/2026 8:26:40 PM,WC26042342,"15XXX  62ND ST N, STILLWATER",FUGITIVE FROM JUSTICE
WASHINGTON COUNTY SHERIFFS OFFICE,STILLWATER,8/20/2026 8:41:20 AM,WC26042407,"14XXX  62nd St N, STILLWATER",INCIDENT
WASHINGTON COUNTY SHERIFFS OFFICE,STILLWATER,8/20/2026 10:39:31 AM,WC26042440,"14XXX  62nd St N, STILLWATER",MEDICAL
WASHINGTON COUNTY SHERIFFS OFFICE,STILLWATER,8/20/2026 12:13:01 PM,WC26042453,"15XXX  62ND ST N, STILLWATER",ASSIST OTHER AGENCY
WASHINGTON COUNTY SHERIFFS OFFICE,STILLWATER,8/20/2026 12:13:48 PM,WC26042454,"15XXX  62ND ST N, STILLWATER",ASSIST OTHER AGENCY
WASHINGTON COUNTY SHERIFFS OFFICE,STILLWATER,8/20/2026 2:33:00 PM,WC26042476,"4TH ST S / HANCOCK ST W, STILLWATER",TRAFFIC STOP
WASHINGTON COUNTY SHERIFFS OFFICE,STILLWATER,8/20/2026 3:57:45 PM,WC26042492,"15XXX  62nd St N, STILLWATER",CITIZEN/PUBLIC ASSIST
WASHINGTON COUNTY SHERIFFS OFFICE,STILLWATER,8/20/2026 6:01:10 PM,WC26042508,"15XXX  62nd St N, STILLWATER",CITIZEN/PUBLIC ASSIST
WASHINGTON COUNTY SHERIFFS OFFICE,STILLWATER,8/20/2026 7:54:07 PM,WC26042521,"15XXX  62nd St N, STILLWATER",FUGITIVE FROM JUSTICE
WASHINGTON COUNTY SHERIFFS OFFICE,STILLWATER,8/20/2026 7:56:12 PM,WC26042522,"15XXX  62ND ST N, STILLWATER",FUGITIVE FROM JUSTICE
WASHINGTON COUNTY SHERIFFS OFFICE,STILLWATER,8/21/2026 2:35:53 PM,WC26042626,"1XXX  Curve Crest Blvd, STILLWATER",CITIZEN/PUBLIC ASSIST
WASHINGTON COUNTY SHERIFFS OFFICE,STILLWATER,8/22/2026 8:00:00 PM,WC26042856,"15XXX  62ND ST N, STILLWATER",TRESPASSING
WASHINGTON COUNTY SHERIFFS OFFICE,STILLWATER TOWNSHIP,8/16/2026 9:26:24 PM,WC26041815,"8XXX  Oakhill Ave N, STILLWATER TOWNSHIP",SUSPICIOUS PERSON/ACTIVITY
WASHINGTON COUNTY SHERIFFS OFFICE,STILLWATER TOWNSHIP,8/18/2026 11:08:10 AM,WC26042081,"Manning Ave N / Dellwood Rd N, STILLWATER TOWNSHIP",MEDICAL
WASHINGTON COUNTY SHERIFFS OFFICE,STILLWATER TOWNSHIP,8/20/2026 7:05:10 PM,WC26042514,"15XXX  100th St N, STILLWATER TOWNSHIP",MEDICAL
WASHINGTON COUNTY SHERIFFS OFFICE,STILLWATER TOWNSHIP,8/21/2026 7:45:58 AM,WC26042571,"Boom Site Landing, STILLWATER TOWNSHIP",SUSPICIOUS PERSON/ACTIVITY
WASHINGTON COUNTY SHERIFFS OFFICE,STILLWATER TOWNSHIP,8/21/2026 11:10:11 AM,WC26042602,"14XXX  109th St N, STILLWATER TOWNSHIP",ALARM-BUSINESS/RES/FIRE/MEDICAL/ETC
WASHINGTON COUNTY SHERIFFS OFFICE,STILLWATER TOWNSHIP,8/21/2026 4:39:24 PM,WC26042651,"11XXX  Partridge Rd N, STILLWATER TOWNSHIP",ANIMAL COMPLAINT
WASHINGTON COUNTY SHERIFFS OFFICE,STILLWATER TOWNSHIP,8/21/2026 10:21:26 PM,WC26042705,"Hwy 36 Eb At Manning Ave N, STILLWATER TOWNSHIP",DRIVING COMPLAINT
WASHINGTON COUNTY SHERIFFS OFFICE,STILLWATER TOWNSHIP,8/21/2026 11:40:03 PM,WC26042725,"9XXX  Stonebridge Trl N, STILLWATER TOWNSHIP",ANIMAL COMPLAINT
WASHINGTON COUNTY SHERIFFS OFFICE,STILLWATER TOWNSHIP,8/22/2026 10:26:51 AM,WC26042773,"14XXX  109th St N, STILLWATER TOWNSHIP",ANIMAL BITE
WASHINGTON COUNTY SHERIFFS OFFICE,STILLWATER TOWNSHIP,8/22/2026 10:34:43 PM,WC26042886,"9XXX  Stonebridge Trl N, STILLWATER TOWNSHIP",NOISE COMPLAINT/DISTURBANCE
WASHINGTON COUNTY SHERIFFS OFFICE,STILLWATER TOWNSHIP,8/22/2026 11:15:56 PM,WC26042892,"Boom Site, STILLWATER TOWNSHIP",UNDERAGE DRINKING
WASHINGTON COUNTY SHERIFFS OFFICE,WEST LAKELAND TOWNSHIP,8/16/2026 3:28:39 PM,WC26041752,"15XXX  Hudson Blvd N, WEST LAKELAND TOWNSHIP",SUSPICIOUS PERSON/ACTIVITY
WASHINGTON COUNTY SHERIFFS OFFICE,WEST LAKELAND TOWNSHIP,8/16/2026 4:49:10 PM,WC26041767,"15XXX  Hudson Rd N, WEST LAKELAND TOWNSHIP",911 ABANDONED/HANGUP/OPEN LINE
WASHINGTON COUNTY SHERIFFS OFFICE,WEST LAKELAND TOWNSHIP,8/16/2026 7:36:25 PM,WC26041799,"Saint Croix Trl N / Quant Ave N, WEST LAKELAND TOWNSHIP",DRIVING COMPLAINT
WASHINGTON COUNTY SHERIFFS OFFICE,WEST LAKELAND TOWNSHIP,8/17/2026 4:21:54 PM,WC26041942,"I94 Eb Jeo Stagecoach Trl N, WEST LAKELAND TOWNSHIP",ANIMAL COMPLAINT
WASHINGTON COUNTY SHERIFFS OFFICE,WEST LAKELAND TOWNSHIP,8/18/2026 1:58:11 PM,WC26042112,"XX I94 WB TO MANNING AVE N RAMP, WEST LAKELAND TOWNSHIP",DISABLED VEHICLE
WASHINGTON COUNTY SHERIFFS OFFICE,WEST LAKELAND TOWNSHIP,8/19/2026 12:02:01 PM,WC26042273,"2XXX  Neal Ave N, WEST LAKELAND TOWNSHIP",ROAD HAZARD
WASHINGTON COUNTY SHERIFFS OFFICE,WEST LAKELAND TOWNSHIP,8/19/2026 4:31:08 PM,WC26042316,"Manning Ave N / 30th St N, WEST LAKELAND TOWNSHIP",TRAFFIC COMPLAINT
WASHINGTON COUNTY SHERIFFS OFFICE,WEST LAKELAND TOWNSHIP,8/20/2026 12:27:28 AM,WC26042375,"XXX Manning Ave N, WEST LAKELAND TOWNSHIP",ALARM-BUSINESS/RES/FIRE/MEDICAL/ETC
WASHINGTON COUNTY SHERIFFS OFFICE,WEST LAKELAND TOWNSHIP,8/20/2026 8:21:06 AM,WC26042406,"Manning Ave N / 27th St N, WEST LAKELAND TOWNSHIP",ACCIDENT
WASHINGTON COUNTY SHERIFFS OFFICE,WEST LAKELAND TOWNSHIP,8/20/2026 12:21:39 PM,WC26042456,"13XXX  26th St N, WEST LAKELAND TOWNSHIP",MEDICAL
WASHINGTON COUNTY SHERIFFS OFFICE,WEST LAKELAND TOWNSHIP,8/20/2026 2:40:36 PM,WC26042477,"Manning Ave N / Manning Trl N, WEST LAKELAND TOWNSHIP",ANIMAL COMPLAINT
WASHINGTON COUNTY SHERIFFS OFFICE,WEST LAKELAND TOWNSHIP,8/20/2026 5:06:57 PM,WC26042501,"10TH ST N / MIDWEST TRL N, WEST LAKELAND TOWNSHIP",TRAFFIC STOP
WASHINGTON COUNTY SHERIFFS OFFICE,WEST LAKELAND TOWNSHIP,8/22/2026 1:52:55 PM,WC26042793,"14XXX  7th St N, WEST LAKELAND TOWNSHIP",ALARM-BUSINESS/RES/FIRE/MEDICAL/ETC
WASHINGTON COUNTY SHERIFFS OFFICE,WEST LAKELAND TOWNSHIP,8/22/2026 11:45:05 PM,WC26042900,"8th St N / 8th Street Cir N, WEST LAKELAND TOWNSHIP",ANIMAL COMPLAINT
WASHINGTON COUNTY SHERIFFS OFFICE,WILLERNIE,8/16/2026 1:11:00 AM,WC26041695,"XXX - 399 CHARING LN, WILLERNIE",PARKING VIOLATION
WASHINGTON COUNTY SHERIFFS OFFICE,WILLERNIE,8/17/2026 12:15:56 PM,WC26041903,"XXX Kindross Rd, WILLERNIE",FRAUD/SCAM
WASHINGTON COUNTY SHERIFFS OFFICE,WILLERNIE,8/18/2026 7:01:12 PM,WC26042158,"XXX CHATHAM RD, WILLERNIE",FOLLOW UP
WASHINGTON COUNTY SHERIFFS OFFICE,WILLERNIE,8/19/2026 9:43:00 PM,WC26042359,"XXX - 319 WILDWOOD RD, WILLERNIE",PARKING VIOLATION
WASHINGTON COUNTY SHERIFFS OFFICE,WILLERNIE,8/19/2026 9:48:00 PM,WC26042360,"XXX - 319 WILDWOOD RD, WILLERNIE",PARKING VIOLATION
WASHINGTON COUNTY SHERIFFS OFFICE,WILLERNIE,8/20/2026 4:04:32 PM,WC26042493,"XXX Wildwood Rd, WILLERNIE",FOLLOW UP
WASHINGTON COUNTY SHERIFFS OFFICE,WOODBURY,8/16/2026 7:44:29 PM,WC26041802,"XXX - 1103 WEIR DR, WOODBURY",K9 ASSIST
WASHINGTON COUNTY SHERIFFS OFFICE,WOODBURY,8/17/2026 1:02:27 PM,WC26041915,"2XXX  Kings Dr, WOODBURY",CIVIL MATTER/DISPUTE
WASHINGTON COUNTY SHERIFFS OFFICE,WOODBURY,8/17/2026 4:01:57 PM,WC26041950,"1XXX  Hillcrest Dr, WOODBURY",ASSIST OTHER AGENCY
WASHINGTON COUNTY SHERIFFS OFFICE,WOODBURY,8/17/2026 8:05:49 PM,WC26041978,"3XXX  COMMONWEALTH RD, WOODBURY",CIVIL MATTER/DISPUTE
WASHINGTON COUNTY SHERIFFS OFFICE,WOODBURY,8/20/2026 7:00:00 PM,WC26042485,"I94 WB JEO CENTURY AVE, WOODBURY",TRAFFIC STOP
WASHINGTON COUNTY SHERIFFS OFFICE,WOODBURY,8/21/2026 7:27:00 AM,WC26042569,"6XXX  - 6758 BAILEY RD, WOODBURY",TRAFFIC STOP
WASHINGTON COUNTY SHERIFFS OFFICE,WOODBURY,8/21/2026 6:25:00 PM,WC26042667,"MANNING AVE S / HUDSON RD S, WOODBURY",TRAFFIC STOP
WASHINGTON COUNTY SHERIFFS OFFICE,WOODBURY,8/21/2026 8:00:00 PM,WC26042688,"8XXX  Tamarack Vlg, WOODBURY",ASSIST OTHER AGENCY
WOODBURY PUBLIC SAFETY,WOODBURY,8/16/2026 12:53:09 AM,WB26033784,"7XXX  VALLEY CREEK PLZ, WOODBURY",NUISANCE
WOODBURY PUBLIC SAFETY,WOODBURY,8/16/2026 4:59:29 AM,WB26033792,"XXX Weir Dr, WOODBURY",REQUEST FOR EMERGENCY EXAM - 72 HR HOLD
WOODBURY PUBLIC SAFETY,WOODBURY,8/16/2026 10:00:29 AM,WB26033804,"8XXX  Spring Ln, WOODBURY",HARASSMENT
WOODBURY PUBLIC SAFETY,WOODBURY,8/16/2026 10:45:47 AM,WB26033808,"WOODBURY DR / TAMARACK RD, WOODBURY",ACCIDENT
WOODBURY PUBLIC SAFETY,WOODBURY,8/16/2026 10:48:54 AM,WB26033809,"4XXX  SUNFLOWER DR, WOODBURY",WELFARE CHECK
WOODBURY PUBLIC SAFETY,WOODBURY,8/16/2026 11:46:11 AM,WB26033815,"3XXX  COMMONWEALTH DR, WOODBURY",FOUND PROPERTY/ITEM
WOODBURY PUBLIC SAFETY,WOODBURY,8/16/2026 3:20:44 PM,WB26033844,"XX I494 SB TO VALLEY CREEK RD RAMP, WOODBURY",ACCIDENT
WOODBURY PUBLIC SAFETY,WOODBURY,8/16/2026 4:04:13 PM,WB26033852,"XXX Radio Dr, WOODBURY",CIVIL MATTER/DISPUTE
WOODBURY PUBLIC SAFETY,WOODBURY,8/16/2026 4:53:00 PM,WB26033855,"7XXX  - 7399 GUIDER DR, WOODBURY",WARRANT ARREST
WOODBURY PUBLIC SAFETY,WOODBURY,8/16/2026 6:16:31 PM,WB26033870,"11XXX  Cresthaven Trl, WOODBURY",CIVIL MATTER/DISPUTE
WOODBURY PUBLIC SAFETY,WOODBURY,8/16/2026 6:30:40 PM,WB26033871,"6XXX  Hudson Rd, WOODBURY",ACCIDENT
WOODBURY PUBLIC SAFETY,WOODBURY,8/16/2026 6:59:54 PM,WB26033876,"Tamarack Rd / Interlachen Pkwy, WOODBURY",TRAFFIC COMPLAINT
WOODBURY PUBLIC SAFETY,WOODBURY,8/16/2026 7:44:29 PM,WB26033881,"XXX - 1103 WEIR DR, WOODBURY",WARRANT ARREST
WOODBURY PUBLIC SAFETY,WOODBURY,8/16/2026 7:55:34 PM,WB26033882,"9XXX  Lake Rd, WOODBURY",DISTURBANCE
WOODBURY PUBLIC SAFETY,WOODBURY,8/16/2026 9:24:08 PM,WB26033888,"10XXX  Hudson Rd, WOODBURY",PROPERTY DAMAGE
WOODBURY PUBLIC SAFETY,WOODBURY,8/16/2026 9:28:42 PM,WB26033889,"7XXX  Glenross Rd, WOODBURY",DISTURBANCE
WOODBURY PUBLIC SAFETY,WOODBURY,8/16/2026 10:03:19 PM,WB26033890,"VALLEY CREEK RD / WOODBURY DR, WOODBURY",ACCIDENT
WOODBURY PUBLIC SAFETY,WOODBURY,8/17/2026 12:20:03 AM,WB26033900,"6XXX  ASHWOOD RD, WOODBURY",THEFT
WOODBURY PUBLIC SAFETY,WOODBURY,8/17/2026 7:26:29 AM,WB26033911,"9XXX  Red Oak Trl, WOODBURY",SUICIDE ATTEMPT/THREATS OF
WOODBURY PUBLIC SAFETY,WOODBURY,8/17/2026 8:56:36 AM,WB26033919,"3XXX  Hazel Trl, WOODBURY",SUICIDE ATTEMPT/THREATS OF
WOODBURY PUBLIC SAFETY,WOODBURY,8/17/2026 9:47:43 AM,WB26033924,"VALLEY CREEK RD / WOODLANE DR, WOODBURY",TRAFFIC STOP
WOODBURY PUBLIC SAFETY,WOODBURY,8/17/2026 10:02:23 AM,WB26033927,"XXX Lake Ridge Dr, WOODBURY",CIVIL MATTER/DISPUTE
WOODBURY PUBLIC SAFETY,WOODBURY,8/17/2026 10:42:26 AM,WB26033934,"Carver Park Cir / Carver Park Dr, WOODBURY",THEFT FROM MOTOR VEHICLE
WOODBURY PUBLIC SAFETY,WOODBURY,8/17/2026 10:58:48 AM,WB26033937,"2XXX  Vining Dr, WOODBURY",THREATS
WOODBURY PUBLIC SAFETY,WOODBURY,8/17/2026 1:18:17 PM,WB26033951,"10XXX  Hudson Rd, WOODBURY",ACCIDENT
WOODBURY PUBLIC SAFETY,WOODBURY,8/17/2026 2:57:30 PM,WB26033962,"10XXX  GRAND ISLE PL, WOODBURY",CIVIL MATTER/DISPUTE
WOODBURY PUBLIC SAFETY,WOODBURY,8/17/2026 3:00:00 PM,WB26033957,"7XXX  PINEHURST RD, WOODBURY",WARRANT ARREST
WOODBURY PUBLIC SAFETY,WOODBURY,8/17/2026 3:02:18 PM,WB26033967,"8XXX  Central Park Pl, WOODBURY",SUSPICIOUS PERSON/ACTIVITY
WOODBURY PUBLIC SAFETY,WOODBURY,8/17/2026 3:02:35 PM,WB26033965,"VALLEY CREEK PLZ, WOODBURY",DANCO VIOLATION
WOODBURY PUBLIC SAFETY,WOODBURY,8/17/2026 3:08:02 PM,WB26033968,"Hudson Rd / Belle Dr, WOODBURY",PROPERTY DAMAGE
WOODBURY PUBLIC SAFETY,WOODBURY,8/17/2026 3:38:37 PM,WB26033972,"4XXX  Bailey Lake Dr, WOODBURY",SUSPICIOUS PERSON/ACTIVITY
WOODBURY PUBLIC SAFETY,WOODBURY,8/17/2026 5:04:39 PM,WB26033982,"1XXX  Queens Dr, WOODBURY",THEFT
WOODBURY PUBLIC SAFETY,WOODBURY,8/17/2026 5:07:32 PM,WB26033983,"XXX Lake Ridge Dr, WOODBURY",TRESPASSING
WOODBURY PUBLIC SAFETY,WOODBURY,8/17/2026 5:28:03 PM,WB26033986,"Tamarack Vlg / Hudson Rd, WOODBURY",ACCIDENT
WOODBURY PUBLIC SAFETY,WOODBURY,8/17/2026 6:24:32 PM,WB26033988,"XXX Commerce Dr, WOODBURY",FRAUD/SCAM
WOODBURY PUBLIC SAFETY,WOODBURY,8/17/2026 6:47:55 PM,WB26033994,"1XXX  QUEENS DR, WOODBURY",COMPLIANCE CHECK VIOLATIONS
WOODBURY PUBLIC SAFETY,WOODBURY,8/17/2026 7:20:33 PM,WB26033997,"2XXX  Leyland Cir, WOODBURY",BURGLARY
WOODBURY PUBLIC SAFETY,WOODBURY,8/17/2026 7:42:31 PM,WB26034002,"6XXX  LAKE ROAD TER, WOODBURY",FRAUD/SCAM
WOODBURY PUBLIC SAFETY,WOODBURY,8/17/2026 8:04:41 PM,WB26034005,"XXX Bielenberg Dr, WOODBURY",WELFARE CHECK
WOODBURY PUBLIC SAFETY,WOODBURY,8/17/2026 8:10:37 PM,WB26034007,"Lake Rd / Cherry Ln, WOODBURY",JUVENILE COMPLAINT
WOODBURY PUBLIC SAFETY,WOODBURY,8/17/2026 8:42:38 PM,WB26034012,"1XXX  Spinaker Dr, WOODBURY",WELFARE CHECK
WOODBURY PUBLIC SAFETY,WOODBURY,8/17/2026 8:54:18 PM,WB26034015,"XXX Radio Dr, WOODBURY",SUSPICIOUS PERSON/ACTIVITY
WOODBURY PUBLIC SAFETY,WOODBURY,8/17/2026 9:02:00 PM,WB26034017,"XXX Commerce Dr, WOODBURY",SHOPLIFTING
WOODBURY PUBLIC SAFETY,WOODBURY,8/17/2026 9:04:04 PM,WB26034018,"4XXX  Radio Dr, WOODBURY",JUVENILE COMPLAINT
WOODBURY PUBLIC SAFETY,WOODBURY,8/17/2026 9:12:39 PM,WB26034019,"9XXX  Hudson Pl, WOODBURY",DISORDERLY CONDUCT
WOODBURY PUBLIC SAFETY,WOODBURY,8/17/2026 9:32:59 PM,WB26034021,"1XXX  Lamplight Ct, WOODBURY",FOUND PROPERTY/ITEM
WOODBURY PUBLIC SAFETY,WOODBURY,8/17/2026 9:49:46 PM,WB26034024,"11XXX  Crestbury Dr, WOODBURY",RUNAWAY
WOODBURY PUBLIC SAFETY,WOODBURY,8/18/2026 12:25:42 AM,WB26034034,"Woodbury Dr / Commerce Dr, WOODBURY",ACCIDENT
WOODBURY PUBLIC SAFETY,WOODBURY,8/18/2026 3:42:39 AM,WB26034040,"4XXX  Airlake Dr, WOODBURY",RUNAWAY
WOODBURY PUBLIC SAFETY,WOODBURY,8/18/2026 6:21:43 AM,WB26034043,"4XXX  Radio Dr, WOODBURY",WELFARE CHECK
WOODBURY PUBLIC SAFETY,WOODBURY,8/18/2026 9:18:21 AM,WB26034056,"XXX Blue Heron Ln, WOODBURY",FOUND PROPERTY/ITEM
WOODBURY PUBLIC SAFETY,WOODBURY,8/18/2026 10:23:21 AM,WB26034065,"2XXX  Eagle Creek Ln, WOODBURY",THEFT
WOODBURY PUBLIC SAFETY,Woodbury,8/18/2026 11:03:47 AM,WB26034074,"XX - 199 CENTURY AVE S, Woodbury",TRAFFIC STOP
WOODBURY PUBLIC SAFETY,WOODBURY,8/18/2026 12:02:54 PM,WB26034083,"1XXX  Belmont Dr, WOODBURY",THEFT
WOODBURY PUBLIC SAFETY,WOODBURY,8/18/2026 12:07:05 PM,WB26034081,"1XXX  Woodlane Dr, WOODBURY",SHOPLIFTING
WOODBURY PUBLIC SAFETY,WOODBURY,8/18/2026 12:49:49 PM,WB26034093,"8XXX  TAMARACK VLG, WOODBURY",WARRANT ARREST
WOODBURY PUBLIC SAFETY,WOODBURY,8/18/2026 1:18:28 PM,WB26034101,"9XXX  Hudson Rd, WOODBURY",THEFT
WOODBURY PUBLIC SAFETY,WOODBURY,8/18/2026 1:36:53 PM,WB26034104,"1XXX  Kenilworth Ct, WOODBURY",THEFT FROM MOTOR VEHICLE
WOODBURY PUBLIC SAFETY,WOODBURY,8/18/2026 2:06:12 PM,WB26034108,"8XXX  PLATINUM DR, WOODBURY",CITIZEN/PUBLIC ASSIST
WOODBURY PUBLIC SAFETY,WOODBURY,8/18/2026 2:29:40 PM,WB26034112,"2XXX  Woodlane Dr, WOODBURY",SUSPICIOUS PERSON/ACTIVITY
WOODBURY PUBLIC SAFETY,WOODBURY,8/18/2026 3:14:37 PM,WB26034121,"8XXX  Tamarack Vlg, WOODBURY",SHOPLIFTING
WOODBURY PUBLIC SAFETY,WOODBURY,8/18/2026 3:19:59 PM,WB26034123,"5XXX  Stable View Dr, WOODBURY",THEFT
WOODBURY PUBLIC SAFETY,WOODBURY,8/18/2026 3:20:06 PM,WB26034122,"1XXX  Woodlane Dr, WOODBURY",SHOPLIFTING
WOODBURY PUBLIC SAFETY,WOODBURY,8/18/2026 3:31:02 PM,WB26034124,"XXX KAREN DR, WOODBURY",ACCIDENT
WOODBURY PUBLIC SAFETY,WOODBURY,8/18/2026 4:26:39 PM,WB26034134,"7XXX  CURRELL BLVD, WOODBURY",THEFT
WOODBURY PUBLIC SAFETY,WOODBURY,8/18/2026 4:39:21 PM,WB26034137,"8XXX  Rainier Bay, WOODBURY",DISTURBANCE
WOODBURY PUBLIC SAFETY,WOODBURY,8/18/2026 5:13:00 PM,WB26034139,"10XXX  ARROWWOOD TRL, WOODBURY",FOUND PROPERTY/ITEM
WOODBURY PUBLIC SAFETY,WOODBURY,8/18/2026 5:40:09 PM,WB26034142,"XXX Lake Ridge Dr, WOODBURY",WELFARE CHECK
WOODBURY PUBLIC SAFETY,WOODBURY,8/18/2026 6:05:00 PM,WB26034145,"1XXX  Hillcrest Dr, WOODBURY",WARRANT ARREST
WOODBURY PUBLIC SAFETY,WOODBURY,8/18/2026 7:05:00 PM,WB26034149,"9XXX  TROTTERS LN, WOODBURY",ANIMAL BITE
WOODBURY PUBLIC SAFETY,WOODBURY,8/18/2026 7:31:23 PM,WB26034153,"1XXX  Queens Dr, WOODBURY",SHOPLIFTING
WOODBURY PUBLIC SAFETY,WOODBURY,8/18/2026 8:15:00 PM,WB26034156,"8XXX  HUDSON BAY, WOODBURY",ANIMAL COMPLAINT
WOODBURY PUBLIC SAFETY,WOODBURY,8/18/2026 9:35:55 PM,WB26034164,"11XXX  Middleton Trl, WOODBURY",CIVIL MATTER/DISPUTE
WOODBURY PUBLIC SAFETY,WOODBURY,8/18/2026 9:42:56 PM,WB26034165,"XXX Commerce Dr, WOODBURY",SHOPLIFTING
WOODBURY PUBLIC SAFETY,WOODBURY,8/19/2026 7:39:35 AM,WB26034198,"8XXX  Valley Creek Rd, WOODBURY",FOLLOW UP
WOODBURY PUBLIC SAFETY,WOODBURY,8/19/2026 9:22:07 AM,WB26034205,"XXX Lake View Dr, WOODBURY",TRESPASSING
WOODBURY PUBLIC SAFETY,WOODBURY,8/19/2026 10:17:56 AM,WB26034212,"1XXX  Woodwinds Dr, WOODBURY",ACCIDENT
WOODBURY PUBLIC SAFETY,WOODBURY,8/19/2026 10:41:46 AM,WB26034215,"Lake Rd / Blue Ridge Dr, WOODBURY",ACCIDENT
WOODBURY PUBLIC SAFETY,WOODBURY,8/19/2026 10:51:59 AM,WB26034216,"10XXX  Powers Lake Circle, WOODBURY",FRAUD/SCAM
WOODBURY PUBLIC SAFETY,WOODBURY,8/19/2026 11:01:14 AM,WB26034218,"I-94, WOODBURY",MISSING PERSON
WOODBURY PUBLIC SAFETY,WOODBURY,8/19/2026 11:22:47 AM,WB26034223,"1XXX  Cedarwood Cir, WOODBURY",THEFT
WOODBURY PUBLIC SAFETY,WOODBURY,8/19/2026 12:09:49 PM,WB26034229,"Valley Creek Rd / Woodlane Dr, WOODBURY",ACCIDENT
WOODBURY PUBLIC SAFETY,WOODBURY,8/19/2026 12:38:24 PM,WB26034233,"Valley Creek Rd / Radio Dr, WOODBURY",ACCIDENT
WOODBURY PUBLIC SAFETY,WOODBURY,8/19/2026 1:56:43 PM,WB26034251,"7XXX  VALLEY CREEK PLZ, WOODBURY",SHOPLIFTING
WOODBURY PUBLIC SAFETY,WOODBURY,8/19/2026 3:45:20 PM,WB26034265,"1XXX  WEIR DR, WOODBURY",ASSIST OTHER AGENCY
WOODBURY PUBLIC SAFETY,WOODBURY,8/19/2026 4:10:06 PM,WB26034268,"Woodbury Dr / Dale Rd, WOODBURY",DWI
WOODBURY PUBLIC SAFETY,WOODBURY,8/19/2026 4:11:52 PM,WB26034271,"11XXX  Middleton Trl, WOODBURY",CIVIL MATTER/DISPUTE
WOODBURY PUBLIC SAFETY,WOODBURY,8/19/2026 4:19:00 PM,WB26034273,"1XXX  WOODLANE DR, WOODBURY",ACCIDENT
WOODBURY PUBLIC SAFETY,WOODBURY,8/19/2026 4:34:21 PM,WB26034276,"2XXX  Century Ave, WOODBURY",DISTURBANCE
WOODBURY PUBLIC SAFETY,WOODBURY,8/19/2026 4:55:00 PM,WB26034278,"7XXX  Afton Rd, WOODBURY",DISTURBANCE
WOODBURY PUBLIC SAFETY,WOODBURY,8/19/2026 6:22:36 PM,WB26034294,"2XXX  Vining Dr, WOODBURY",THREATS
WOODBURY PUBLIC SAFETY,WOODBURY,8/19/2026 6:45:22 PM,WB26034301,"6XXX  Ashwood Rd, WOODBURY",SUSPICIOUS PERSON/ACTIVITY
WOODBURY PUBLIC SAFETY,WOODBURY,8/19/2026 7:24:46 PM,WB26034304,"3XXX  Williamsburg Bay, WOODBURY",DISORDERLY CONDUCT
WOODBURY PUBLIC SAFETY,WOODBURY,8/19/2026 8:03:24 PM,WB26034307,"7XXX  Hargis Pkwy, WOODBURY",JUVENILE COMPLAINT
WOODBURY PUBLIC SAFETY,WOODBURY,8/19/2026 8:07:47 PM,WB26034309,"4XXX  Benjamin Dr, WOODBURY",THREATS
WOODBURY PUBLIC SAFETY,WOODBURY,8/20/2026 12:00:00 AM,WB26034426,"2XXX  VINING DR, WOODBURY",THREATS
WOODBURY PUBLIC SAFETY,WOODBURY,8/20/2026 3:48:43 AM,WB26034335,"11XXX  Sand Castle Dr, WOODBURY",SUSPICIOUS PERSON/ACTIVITY
WOODBURY PUBLIC SAFETY,WOODBURY,8/20/2026 8:14:31 AM,WB26034342,"2XXX  Vining Dr, WOODBURY",DISTURBANCE
WOODBURY PUBLIC SAFETY,WOODBURY,8/20/2026 8:47:58 AM,WB26034345,"5XXX  Century Rdg, WOODBURY",THEFT
WOODBURY PUBLIC SAFETY,WOODBURY,8/20/2026 8:50:01 AM,WB26034346,"10XXX  City Walk Dr, WOODBURY",ACCIDENT
WOODBURY PUBLIC SAFETY,WOODBURY,8/20/2026 10:16:44 AM,WB26034357,"2XXX  Vining Dr, WOODBURY",THREATS
WOODBURY PUBLIC SAFETY,WOODBURY,8/20/2026 11:59:24 AM,WB26034364,"9XXX  Antrim Rd, WOODBURY",MOTOR VEHICLE THEFT
WOODBURY PUBLIC SAFETY,WOODBURY,8/20/2026 12:26:36 PM,WB26034365,"1XXX  Donegal Dr, WOODBURY",SUSPICIOUS PERSON/ACTIVITY
WOODBURY PUBLIC SAFETY,WOODBURY,8/20/2026 2:29:35 PM,WB26034384,"7XXX  Military Rd, WOODBURY",ANIMAL COMPLAINT
WOODBURY PUBLIC SAFETY,WOODBURY,8/20/2026 2:36:20 PM,WB26034388,"7XXX  Valley Creek Plz, WOODBURY",SHOPLIFTING
WOODBURY PUBLIC SAFETY,WOODBURY,8/20/2026 2:54:38 PM,WB26034391,"6XXX  Hudson Rd, WOODBURY",ACCIDENT
WOODBURY PUBLIC SAFETY,WOODBURY,8/20/2026 3:36:47 PM,WB26034404,"MARSH CREEK RD / RADIO DR, WOODBURY",ACCIDENT
WOODBURY PUBLIC SAFETY,WOODBURY,8/20/2026 3:48:54 PM,WB26034405,"CENTURY AVE S / OAKWOOD RD, WOODBURY",ACCIDENT
WOODBURY PUBLIC SAFETY,WOODBURY,8/20/2026 5:20:00 PM,WB26034416,"XXX BIELENBERG DR, WOODBURY",ACCIDENT
WOODBURY PUBLIC SAFETY,WOODBURY,8/20/2026 5:23:03 PM,WB26034417,"10XXX  Oak Grove Cir, WOODBURY",CIVIL MATTER/DISPUTE
WOODBURY PUBLIC SAFETY,WOODBURY,8/20/2026 9:29:25 PM,WB26034438,"4XXX  Equine Trl, WOODBURY",HARASSMENT
WOODBURY PUBLIC SAFETY,WOODBURY,8/20/2026 10:12:05 PM,WB26034441,"1XXX  Woodlane Dr, WOODBURY",THEFT
WOODBURY PUBLIC SAFETY,WOODBURY,8/20/2026 10:25:31 PM,WB26034443,"7XXX  Guider Dr, WOODBURY",WELFARE CHECK
WOODBURY PUBLIC SAFETY,WOODBURY,8/20/2026 11:01:25 PM,WB26034446,"2XXX  OJIBWAY DR, WOODBURY",JUVENILE COMPLAINT
WOODBURY PUBLIC SAFETY,WOODBURY,8/21/2026 12:00:00 AM,WB26034511,"Valley Creek Rd / Radio Dr, WOODBURY",ACCIDENT
WOODBURY PUBLIC SAFETY,WOODBURY,8/21/2026 12:06:42 AM,WB26034457,"2XXX  CORNELIA TRL, WOODBURY",MEDICAL
WOODBURY PUBLIC SAFETY,WOODBURY,8/21/2026 8:26:52 AM,WB26034475,"2XXX  Lamplight Cir, WOODBURY",DISTURBANCE
WOODBURY PUBLIC SAFETY,WOODBURY,8/21/2026 9:40:54 AM,WB26034486,"XXX Radio Dr, WOODBURY",LOST PROPERTY/ITEM
WOODBURY PUBLIC SAFETY,WOODBURY,8/21/2026 11:33:23 AM,WB26034500,"I94 EB TO RADIO DR RAMP, WOODBURY",ACCIDENT
WOODBURY PUBLIC SAFETY,WOODBURY,8/21/2026 12:14:14 PM,WB26034501,"I94 EB TO RADIO DR RAMP, WOODBURY",ACCIDENT
WOODBURY PUBLIC SAFETY,WOODBURY,8/21/2026 12:59:00 PM,WB26034504,"Valley Creek Rd / Woodlane Dr, WOODBURY",ACCIDENT
WOODBURY PUBLIC SAFETY,WOODBURY,8/21/2026 1:06:34 PM,WB26034506,"Woodbury Dr / Park Xing, WOODBURY",ACCIDENT
WOODBURY PUBLIC SAFETY,WOODBURY,8/21/2026 1:12:17 PM,WB26034507,"COURTLY RD / LAKE RD, WOODBURY",DWI
WOODBURY PUBLIC SAFETY,WOODBURY,8/21/2026 1:19:41 PM,WB26034509,"6XXX  Valley Creek Rd, WOODBURY",FRAUD/SCAM
WOODBURY PUBLIC SAFETY,WOODBURY,8/21/2026 1:42:18 PM,WB26034513,"XXX Karen Dr, WOODBURY",CITIZEN/PUBLIC ASSIST
WOODBURY PUBLIC SAFETY,WOODBURY,8/21/2026 2:36:50 PM,WB26034521,"7XXX  Valley Creek Plz, WOODBURY",THEFT
WOODBURY PUBLIC SAFETY,WOODBURY,8/21/2026 3:05:23 PM,WB26034524,"City Place Blvd / City Place Blvd, WOODBURY",ACCIDENT
WOODBURY PUBLIC SAFETY,WOODBURY,8/21/2026 3:41:06 PM,WB26034526,"7XXX  Valley Creek Plz, WOODBURY",SUSPICIOUS PERSON/ACTIVITY
WOODBURY PUBLIC SAFETY,WOODBURY,8/21/2026 3:57:00 PM,WB26034529,"8XXX  Tamarack Bay, WOODBURY",ACCIDENT
WOODBURY PUBLIC SAFETY,WOODBURY,8/21/2026 4:22:44 PM,WB26034532,"XXX Weir Dr, WOODBURY",DISTURBANCE
WOODBURY PUBLIC SAFETY,WOODBURY,8/21/2026 5:02:46 PM,WB26034536,"9XXX  Parkside Dr, WOODBURY",OFFICER INFORMATION
WOODBURY PUBLIC SAFETY,WOODBURY,8/21/2026 5:10:58 PM,WB26034538,"6XXX  Ashwood Rd, WOODBURY",DISTURBANCE
WOODBURY PUBLIC SAFETY,WOODBURY,8/21/2026 6:27:27 PM,WB26034547,"Woodbury Dr / Raleigh Rd, WOODBURY",ACCIDENT
WOODBURY PUBLIC SAFETY,WOODBURY,8/21/2026 7:45:17 PM,WB26034559,"11XXX  Stonemill Farms Curv, WOODBURY",HARASSMENT
WOODBURY PUBLIC SAFETY,WOODBURY,8/21/2026 8:01:42 PM,WB26034561,"8XXX  Tamarack Vlg, WOODBURY",SHOPLIFTING
WOODBURY PUBLIC SAFETY,WOODBURY,8/21/2026 9:14:00 PM,WB26034567,"XXX ELAN CT, WOODBURY",TRESPASSING
WOODBURY PUBLIC SAFETY,WOODBURY,8/21/2026 9:20:01 PM,WB26034569,"Saint Johns Dr / Valley Creek Rd, WOODBURY",ACCIDENT
WOODBURY PUBLIC SAFETY,WOODBURY,8/21/2026 11:06:20 PM,WB26034584,"1XXX  Century Cir, WOODBURY",NOISE COMPLAINT/DISTURBANCE
WOODBURY PUBLIC SAFETY,WOODBURY,8/22/2026 8:02:00 AM,WB26034611,"6XXX  COURTLY PL, WOODBURY",WARRANT ARREST
WOODBURY PUBLIC SAFETY,WOODBURY,8/22/2026 9:40:10 AM,WB26034627,"7XXX  Hargis Pkwy, WOODBURY",ACCIDENT
WOODBURY PUBLIC SAFETY,WOODBURY,8/22/2026 12:23:00 PM,WB26034637,"3XXX  BLK York Dr, WOODBURY",ACCIDENT
WOODBURY PUBLIC SAFETY,WOODBURY,8/22/2026 2:13:27 PM,WB26034681,"3XXX  Cherry Ln, WOODBURY",CIVIL MATTER/DISPUTE
WOODBURY PUBLIC SAFETY,WOODBURY,8/22/2026 3:07:39 PM,WB26034692,"5XXX  Suntide Pass, WOODBURY",MAIL THEFT
WOODBURY PUBLIC SAFETY,WOODBURY,8/22/2026 5:39:48 PM,WB26034713,"9XXX  Hudson Pl, WOODBURY",FOUND PROPERTY/ITEM
WOODBURY PUBLIC SAFETY,WOODBURY,8/22/2026 6:02:54 PM,WB26034715,"XXX Bielenberg Dr, WOODBURY",ASSAULT
WOODBURY PUBLIC SAFETY,WOODBURY,8/22/2026 7:51:56 PM,WB26034728,"2XXX  Shadow Creek Trl, WOODBURY",HARASSMENT
WOODBURY PUBLIC SAFETY,WOODBURY,8/22/2026 9:15:04 PM,WB26034742,"XXX Bielenberg Dr, WOODBURY",CIVIL MATTER/DISPUTE
WOODBURY PUBLIC SAFETY,WOODBURY,8/22/2026 10:30:14 PM,WB26034753,"6XXX  HUDSON RD, WOODBURY",WARRANT ARREST
WOODBURY PUBLIC SAFETY,WOODBURY,8/22/2026 10:54:00 PM,WB26034757,"3XXX  ARDEN DR, WOODBURY",DWI

