AgencyName,Address_City_Description,CreatedOn1,CaseNum,Textbox28,EventDescription
BAYPORT POLICE DEPARTMENT,BAYPORT,8/2/2026 8:17:21 AM,BP26002494,"5TH AVE N / MAINE ST N, BAYPORT",TRAFFIC STOP
BAYPORT POLICE DEPARTMENT,BAYPORT,8/2/2026 9:20:53 AM,BP26002496,"XXX - 299 5TH AVE N, BAYPORT",TRAFFIC STOP
BAYPORT POLICE DEPARTMENT,BAYPORT,8/2/2026 9:49:31 AM,BP26002497,"XXX - 598 MINNESOTA ST S, BAYPORT",TRAFFIC STOP
BAYPORT POLICE DEPARTMENT,BAYPORT,8/2/2026 11:36:14 AM,BP26002500,"XXX - 499 3RD ST N, BAYPORT",TRAFFIC STOP
BAYPORT POLICE DEPARTMENT,BAYPORT,8/2/2026 12:37:58 PM,BP26002501,"XXX Highway 95 N, BAYPORT",MEDICAL
BAYPORT POLICE DEPARTMENT,BAYPORT,8/2/2026 1:28:58 PM,BP26002502,"XXX 5th Ave N, BAYPORT",DISTURBANCE
BAYPORT POLICE DEPARTMENT,BAYPORT,8/2/2026 3:50:42 PM,BP26002503,"XXX 3RD ST N, BAYPORT",NOISE COMPLAINT/DISTURBANCE
BAYPORT POLICE DEPARTMENT,BAYPORT,8/3/2026 5:13:40 AM,BP26002505,"XX CENTRAL AVE, BAYPORT",PARK CLOSED
BAYPORT POLICE DEPARTMENT,BAYPORT,8/3/2026 5:31:42 AM,BP26002506,"XXX - 849 INSPIRATION PKWY S, BAYPORT",TRAFFIC STOP
BAYPORT POLICE DEPARTMENT,BAYPORT,8/3/2026 8:02:42 AM,BP26002507,"XXX 3rd St N, BAYPORT",911 ABANDONED/HANGUP/OPEN LINE
BAYPORT POLICE DEPARTMENT,BAYPORT,8/3/2026 8:32:04 AM,BP26002509,"XXX PRIMROSE PATH N, BAYPORT",SUSPICIOUS VEHICLE
BAYPORT POLICE DEPARTMENT,BAYPORT,8/3/2026 5:54:07 PM,BP26002511,"XXX 6th St N, BAYPORT",FALL
BAYPORT POLICE DEPARTMENT,BAYPORT,8/3/2026 6:52:23 PM,BP26002512,"XXX 6th St N, BAYPORT",MEDICAL
BAYPORT POLICE DEPARTMENT,BAYPORT,8/3/2026 9:03:19 PM,BP26002518,"XXX 4th St N, BAYPORT",WELFARE CHECK
BAYPORT POLICE DEPARTMENT,BAYPORT,8/3/2026 11:10:39 PM,BP26002520,"XX CENTRAL AVE, BAYPORT",Park Close
BAYPORT POLICE DEPARTMENT,BAYPORT,8/4/2026 11:31:19 AM,BP26002522,"XXX Highway 95 N, BAYPORT",MEDICAL
BAYPORT POLICE DEPARTMENT,BAYPORT,8/4/2026 6:42:53 PM,BP26002523,"XX CENTRAL AVE, BAYPORT",COMMUNITY CONTACT
BAYPORT POLICE DEPARTMENT,BAYPORT,8/4/2026 8:54:28 PM,BP26002524,"XX CENTRAL AVE, BAYPORT",COMMUNITY CONTACT
BAYPORT POLICE DEPARTMENT,BAYPORT,8/4/2026 9:16:17 PM,BP26002525,"XX CENTRAL AVE, BAYPORT",COMMUNITY CONTACT - K9 DEMO
BAYPORT POLICE DEPARTMENT,BAYPORT,8/4/2026 11:16:41 PM,BP26002526,"XXX Highway 95 N, BAYPORT",MEDICAL
BAYPORT POLICE DEPARTMENT,BAYPORT,8/4/2026 11:53:44 PM,BP26002527,"XX CENTRAL AVE, BAYPORT",Park Close
BAYPORT POLICE DEPARTMENT,BAYPORT,8/5/2026 2:36:00 AM,BP26002529,"XXX 2nd St N, BAYPORT",911 ABANDONED/HANGUP/OPEN LINE
BAYPORT POLICE DEPARTMENT,BAYPORT,8/5/2026 3:52:42 AM,BP26002530,"Minnesota St S / Osprey Blvd, BAYPORT",ASSIST OTHER AGENCY
BAYPORT POLICE DEPARTMENT,BAYPORT,8/5/2026 2:54:11 PM,BP26002535,"XXX - 374 3RD AVE S, BAYPORT",TRAFFIC STOP
BAYPORT POLICE DEPARTMENT,BAYPORT,8/5/2026 8:08:07 PM,BP26002538,"XXX - 498 3RD ST N, BAYPORT",TRAFFIC STOP
BAYPORT POLICE DEPARTMENT,BAYPORT,8/5/2026 10:16:11 PM,BP26002540,"XXX - 598 MINNESOTA ST S, BAYPORT",TRAFFIC STOP
BAYPORT POLICE DEPARTMENT,BAYPORT,8/5/2026 10:24:30 PM,BP26002541,"3RD AVE S / MINNESOTA ST S, BAYPORT",TRAFFIC STOP
BAYPORT POLICE DEPARTMENT,BAYPORT,8/5/2026 10:34:21 PM,BP26002542,"XX CENTRAL AVE, BAYPORT",PARK CLOSED
BAYPORT POLICE DEPARTMENT,BAYPORT,8/6/2026 12:42:21 PM,BP26002549,"XXX 5TH ST N, BAYPORT",DRUGS
BAYPORT POLICE DEPARTMENT,BAYPORT,8/6/2026 3:09:00 PM,BP26002551,"XX Point Rd, BAYPORT",MEDICAL
BAYPORT POLICE DEPARTMENT,BAYPORT,8/6/2026 5:57:53 PM,BP26002552,"XXX 3rd St N, BAYPORT",ASSAULT
BAYPORT POLICE DEPARTMENT,BAYPORT,8/7/2026 11:36:33 AM,BP26002561,"XXX 3rd St N, BAYPORT",ALARM-BUSINESS/RES/FIRE/MEDICAL/ETC
BAYPORT POLICE DEPARTMENT,BAYPORT,8/7/2026 9:08:16 PM,BP26002567,"3rd St N / 5th Ave N, BAYPORT",ANIMAL COMPLAINT
BAYPORT POLICE DEPARTMENT,BAYPORT,8/7/2026 9:13:51 PM,BP26002566,"XX CENTRAL AVE, BAYPORT",CITIZEN/PUBLIC ASSIST
BAYPORT POLICE DEPARTMENT,BAYPORT,8/8/2026 12:02:49 AM,BP26002574,"XXX 2nd St N, BAYPORT",911 ABANDONED/HANGUP/OPEN LINE
BAYPORT POLICE DEPARTMENT,BAYPORT,8/8/2026 1:10:00 AM,BP26002575,"XXX Minnesota St S, BAYPORT",911 ABANDONED/HANGUP/OPEN LINE
BAYPORT POLICE DEPARTMENT,BAYPORT,8/8/2026 2:41:55 AM,BP26002578,"XXX Maine St S, BAYPORT",MEDICAL
BAYPORT POLICE DEPARTMENT,BAYPORT,8/8/2026 12:15:37 PM,BP26002586,"XXX 3rd St N, BAYPORT",CITIZEN/PUBLIC ASSIST
BAYPORT POLICE DEPARTMENT,BAYPORT,8/8/2026 1:38:23 PM,BP26002588,"XXX 4th St N, BAYPORT",WELFARE CHECK
BAYPORT POLICE DEPARTMENT,BAYPORT,8/8/2026 4:46:38 PM,BP26002589,"XXX 3rd St N, BAYPORT",ACCIDENT
BAYPORT POLICE DEPARTMENT,BAYPORT,8/8/2026 5:34:41 PM,BP26002594,"Unknown, BAYPORT",OFFICER QUESTIONS
BAYPORT POLICE DEPARTMENT,BAYPORT,8/8/2026 7:07:43 PM,BP26002599,"MINNESOTA ST S / 5TH AVE S, BAYPORT",TRAFFIC STOP
BAYPORT POLICE DEPARTMENT,BAYPORT,8/8/2026 7:20:58 PM,BP26002600,"3RD ST N / 4TH AVE N, BAYPORT",TRAFFIC STOP
BAYPORT POLICE DEPARTMENT,BAYPORT,8/8/2026 11:26:59 PM,BP26002616,"Hwy 95 / 1st Ave S, BAYPORT",DWI
BAYPORT POLICE DEPARTMENT,BAYTOWN TOWNSHIP,8/7/2026 5:14:59 PM,BP26002562,"STAGECOACH TRL N / INSPIRATION PKWY S, BAYTOWN TOWNSHIP",CITIZEN/PUBLIC ASSIST
BAYPORT POLICE DEPARTMENT,BAYTOWN TOWNSHIP,8/7/2026 5:33:54 PM,BP26002563,"STAGECOACH TRL N / 47TH ST N, BAYTOWN TOWNSHIP",CITIZEN/PUBLIC ASSIST
BAYPORT POLICE DEPARTMENT,OAK PARK HEIGHTS,8/2/2026 10:57:36 AM,BP26002499,"14XXX  58TH ST N, OAK PARK HEIGHTS",ASSIST OTHER AGENCY
BAYPORT POLICE DEPARTMENT,OAK PARK HEIGHTS,8/3/2026 11:14:28 AM,BP26002510,"14XXX  60th St N, OAK PARK HEIGHTS",ASSIST OTHER AGENCY
BAYPORT POLICE DEPARTMENT,OAK PARK HEIGHTS,8/3/2026 8:45:22 PM,BP26002517,"5XXX  Osgood Ave N, OAK PARK HEIGHTS",ASSIST OTHER AGENCY
BAYPORT POLICE DEPARTMENT,OAK PARK HEIGHTS,8/3/2026 10:32:09 PM,BP26002519,"14XXX  60th St N, OAK PARK HEIGHTS",ASSIST OTHER AGENCY
BAYPORT POLICE DEPARTMENT,OAK PARK HEIGHTS,8/5/2026 1:05:57 AM,BP26002528,"15XXX  60th St N, OAK PARK HEIGHTS",ASSIST OTHER AGENCY
BAYPORT POLICE DEPARTMENT,OAK PARK HEIGHTS,8/5/2026 2:37:55 PM,BP26002534,"HWY 36 EB AT OSGOOD AVE N, OAK PARK HEIGHTS",ASSIST OTHER AGENCY
BAYPORT POLICE DEPARTMENT,OAK PARK HEIGHTS,8/6/2026 10:20:04 AM,BP26002548,"PRIVATE RD, OAK PARK HEIGHTS",TRAFFIC STOP
BAYPORT POLICE DEPARTMENT,OAK PARK HEIGHTS,8/6/2026 11:29:57 PM,BP26002558,"HWY 36 WB AT OSGOOD AVE N, OAK PARK HEIGHTS",ASSIST OTHER AGENCY
BAYPORT POLICE DEPARTMENT,OAK PARK HEIGHTS,8/7/2026 12:32:52 AM,BP26002560,"Beach Rd N Over Hwy 36, OAK PARK HEIGHTS",ASSIST OTHER AGENCY
BAYPORT POLICE DEPARTMENT,OAK PARK HEIGHTS,8/8/2026 2:43:08 AM,BP26002579,"SAINT CROIX TRL N, OAK PARK HEIGHTS",ASSIST OTHER AGENCY
BAYPORT POLICE DEPARTMENT,STILLWATER,8/5/2026 11:23:31 PM,BP26002543,"2XXX  Hidden Valley Ln, STILLWATER",ASSIST OTHER AGENCY
BAYPORT POLICE DEPARTMENT,STILLWATER,8/6/2026 12:56:05 AM,BP26002544,"1XXX  Washington Ave, STILLWATER",ASSIST OTHER AGENCY
BAYPORT POLICE DEPARTMENT,STILLWATER,8/7/2026 9:01:44 PM,BP26002565,"2XXX  FRONTAGE RD W, STILLWATER",ASSIST OTHER AGENCY
BAYPORT POLICE DEPARTMENT,STILLWATER,8/8/2026 1:13:26 AM,BP26002577,"Highway 36, STILLWATER",ASSIST OTHER AGENCY
COTTAGE GROVE POLICE DEPARTMENT,COTTAGE GROVE,8/2/2026 1:50:56 AM,CG26033391,"6XXX  80TH ST S, COTTAGE GROVE",MEDICAL
COTTAGE GROVE POLICE DEPARTMENT,COTTAGE GROVE,8/2/2026 10:53:02 AM,CG26033412,"7XXX  Hardwood Ave S, COTTAGE GROVE",CIVIL MATTER/DISPUTE
COTTAGE GROVE POLICE DEPARTMENT,COTTAGE GROVE,8/2/2026 12:00:00 PM,CG26033562,"6XXX  KEATS AVE S, COTTAGE GROVE",THEFT
COTTAGE GROVE POLICE DEPARTMENT,COTTAGE GROVE,8/2/2026 4:32:15 PM,CG26033467,"7XXX  Hidden Valley Ln S, COTTAGE GROVE",MEDICAL
COTTAGE GROVE POLICE DEPARTMENT,COTTAGE GROVE,8/2/2026 4:37:07 PM,CG26033468,"8XXX  JEFFERY LN S, COTTAGE GROVE",WARRANT ARREST
COTTAGE GROVE POLICE DEPARTMENT,COTTAGE GROVE,8/3/2026 2:35:37 AM,CG26033517,"6XXX  102nd St S, COTTAGE GROVE",ASSIST OTHER AGENCY
COTTAGE GROVE POLICE DEPARTMENT,COTTAGE GROVE,8/3/2026 4:57:53 AM,CG26033518,"6XXX  Timber Ridge Trl S, COTTAGE GROVE",MEDICAL
COTTAGE GROVE POLICE DEPARTMENT,COTTAGE GROVE,8/3/2026 9:02:00 AM,CG26033546,"12XXX  RAVINE PKWY S, COTTAGE GROVE",OFFICER INFORMATION
COTTAGE GROVE POLICE DEPARTMENT,COTTAGE GROVE,8/3/2026 11:38:09 AM,CG26033551,"7XXX  Irvin Ave S, COTTAGE GROVE",MEDICAL
COTTAGE GROVE POLICE DEPARTMENT,COTTAGE GROVE,8/3/2026 12:07:06 PM,CG26033556,"7XXX  80th St S, COTTAGE GROVE",MEDICAL
COTTAGE GROVE POLICE DEPARTMENT,COTTAGE GROVE,8/3/2026 12:31:01 PM,CG26033558,"6XXX  93rd Alcove S, COTTAGE GROVE",THEFT
COTTAGE GROVE POLICE DEPARTMENT,COTTAGE GROVE,8/3/2026 12:41:36 PM,CG26033559,"JAMAICA AVE S / 80TH ST S, COTTAGE GROVE",MOTORIST ASSIST
COTTAGE GROVE POLICE DEPARTMENT,COTTAGE GROVE,8/3/2026 1:24:29 PM,CG26033565,"7XXX  Goodview Ave S, COTTAGE GROVE",MEDICAL
COTTAGE GROVE POLICE DEPARTMENT,COTTAGE GROVE,8/3/2026 1:54:20 PM,CG26033568,"8XXX  Indian Blvd S, COTTAGE GROVE",MEDICAL
COTTAGE GROVE POLICE DEPARTMENT,COTTAGE GROVE,8/3/2026 2:22:09 PM,CG26033574,"8XXX  Johansen Ave S, COTTAGE GROVE",FRAUD/SCAM
COTTAGE GROVE POLICE DEPARTMENT,COTTAGE GROVE,8/3/2026 4:01:00 PM,CG26033595,"10XXX  Kingsborough Ct S, COTTAGE GROVE",HARASSMENT
COTTAGE GROVE POLICE DEPARTMENT,COTTAGE GROVE,8/3/2026 4:15:03 PM,CG26033598,"6XXX  Hedgecroft Ave S, COTTAGE GROVE",FRAUD/SCAM
COTTAGE GROVE POLICE DEPARTMENT,COTTAGE GROVE,8/3/2026 6:42:13 PM,CG26033617,"9XXX  East Point Douglas Rd S, COTTAGE GROVE",BURGLARY
COTTAGE GROVE POLICE DEPARTMENT,COTTAGE GROVE,8/3/2026 6:56:59 PM,CG26033618,"7XXX  Lamar Ave S, COTTAGE GROVE",MEDICAL
COTTAGE GROVE POLICE DEPARTMENT,COTTAGE GROVE,8/3/2026 9:30:02 PM,CG26033629,"8XXX  90TH ST S, COTTAGE GROVE",UNWANTED PERSON/VEHICLE
COTTAGE GROVE POLICE DEPARTMENT,COTTAGE GROVE,8/3/2026 10:59:00 PM,CG26033638,"8XXX  East Point Douglas Rd S, COTTAGE GROVE",MEDICAL
COTTAGE GROVE POLICE DEPARTMENT,COTTAGE GROVE,8/4/2026 1:26:14 AM,CG26033649,"10XXX  - 10899 HENSLOWE AVE S, COTTAGE GROVE",TRAFFIC STOP
COTTAGE GROVE POLICE DEPARTMENT,COTTAGE GROVE,8/4/2026 2:43:22 AM,CG26033651,"8XXX  IVYSTONE CT S, COTTAGE GROVE",NOISE COMPLAINT/DISTURBANCE
COTTAGE GROVE POLICE DEPARTMENT,COTTAGE GROVE,8/4/2026 5:06:02 AM,CG26033652,"8XXX  72nd St S, COTTAGE GROVE",MEDICAL
COTTAGE GROVE POLICE DEPARTMENT,COTTAGE GROVE,8/4/2026 5:38:53 AM,CG26033653,"8XXX  Hearthside Rd S, COTTAGE GROVE",MEDICAL
COTTAGE GROVE POLICE DEPARTMENT,COTTAGE GROVE,8/4/2026 9:21:13 AM,CG26033677,"7XXX  Irvin Ave S, COTTAGE GROVE",DEATH
COTTAGE GROVE POLICE DEPARTMENT,COTTAGE GROVE,8/4/2026 10:17:54 AM,CG26033683,"6XXX  Pine Arbor Dr S, COTTAGE GROVE",MEDICAL
COTTAGE GROVE POLICE DEPARTMENT,COTTAGE GROVE,8/4/2026 10:48:13 AM,CG26033685,"6XXX  Joliet Ave S, COTTAGE GROVE",CIVIL MATTER/DISPUTE
COTTAGE GROVE POLICE DEPARTMENT,COTTAGE GROVE,8/4/2026 12:03:07 PM,CG26033694,"Unknown, COTTAGE GROVE",CITIZEN/PUBLIC ASSIST
COTTAGE GROVE POLICE DEPARTMENT,COTTAGE GROVE,8/4/2026 1:11:12 PM,CG26033702,"6XXX  81st St S, COTTAGE GROVE",CIVIL MATTER/DISPUTE
COTTAGE GROVE POLICE DEPARTMENT,COTTAGE GROVE,8/4/2026 1:14:26 PM,CG26033703,"7XXX  79th St S, COTTAGE GROVE",MEDICAL
COTTAGE GROVE POLICE DEPARTMENT,COTTAGE GROVE,8/4/2026 1:28:12 PM,CG26033705,"8XXX  Jeffery Ave S, COTTAGE GROVE",WELFARE CHECK
COTTAGE GROVE POLICE DEPARTMENT,COTTAGE GROVE,8/4/2026 1:31:05 PM,CG26033706,"8XXX  Inwood Ave S, COTTAGE GROVE",MEDICAL
COTTAGE GROVE POLICE DEPARTMENT,COTTAGE GROVE,8/4/2026 2:41:47 PM,CG26033711,"Unknown, COTTAGE GROVE",THREATS
COTTAGE GROVE POLICE DEPARTMENT,COTTAGE GROVE,8/4/2026 4:13:40 PM,CG26033718,"9XXX  Jergen Ave S, COTTAGE GROVE",FRAUD/SCAM
COTTAGE GROVE POLICE DEPARTMENT,COTTAGE GROVE,8/4/2026 4:53:05 PM,CG26033720,"9XXX  EAST POINT DOUGLAS RD S, COTTAGE GROVE",THEFT
COTTAGE GROVE POLICE DEPARTMENT,COTTAGE GROVE,8/4/2026 9:07:14 PM,CG26033742,"10XXX  Manning Ave S, COTTAGE GROVE",MEDICAL
COTTAGE GROVE POLICE DEPARTMENT,COTTAGE GROVE,8/4/2026 9:08:05 PM,CG26033741,"70TH ST S / KEATS AVE S, COTTAGE GROVE",FOUND PROPERTY/ITEM
COTTAGE GROVE POLICE DEPARTMENT,COTTAGE GROVE,8/4/2026 9:23:33 PM,CG26033743,"6XXX  Genevieve Trl S, COTTAGE GROVE",THREATS
COTTAGE GROVE POLICE DEPARTMENT,COTTAGE GROVE,8/4/2026 10:06:01 PM,CG26033747,"10XXX  Heron Ave S, COTTAGE GROVE",REQUEST FOR EMERGENCY EXAM - 72 HR HOLD
COTTAGE GROVE POLICE DEPARTMENT,COTTAGE GROVE,8/5/2026 1:42:14 AM,CG26033762,"7XXX  Homestead Ct S, COTTAGE GROVE",MEDICAL
COTTAGE GROVE POLICE DEPARTMENT,COTTAGE GROVE,8/5/2026 8:47:23 AM,CG26033778,"6XXX  80th St S, COTTAGE GROVE",MEDICAL
COTTAGE GROVE POLICE DEPARTMENT,COTTAGE GROVE,8/5/2026 8:57:11 AM,CG26033779,"6XXX  80th St S, COTTAGE GROVE",MEDICAL
COTTAGE GROVE POLICE DEPARTMENT,COTTAGE GROVE,8/5/2026 9:05:02 AM,CG26033780,"8XXX  East Point Douglas Rd S, COTTAGE GROVE",THEFT FROM MOTOR VEHICLE
COTTAGE GROVE POLICE DEPARTMENT,COTTAGE GROVE,8/5/2026 11:22:02 AM,CG26033792,"8XXX  West Point Douglas Rd S, COTTAGE GROVE",MEDICAL
COTTAGE GROVE POLICE DEPARTMENT,COTTAGE GROVE,8/5/2026 1:10:39 PM,CG26033805,"7XXX  Hinton Park Ave S, COTTAGE GROVE",MEDICAL
COTTAGE GROVE POLICE DEPARTMENT,COTTAGE GROVE,8/5/2026 2:35:57 PM,CG26033820,"8XXX  EAST POINT DOUGLAS RD S, COTTAGE GROVE",TRAFFIC STOP
COTTAGE GROVE POLICE DEPARTMENT,COTTAGE GROVE,8/5/2026 4:35:11 PM,CG26033835,"8XXX  Ingersoll Ave S, COTTAGE GROVE",MEDICAL
COTTAGE GROVE POLICE DEPARTMENT,COTTAGE GROVE,8/5/2026 6:12:00 PM,CG26033847,"IRONWOOD AVE S / 90TH ST S, COTTAGE GROVE",TRAFFIC STOP
COTTAGE GROVE POLICE DEPARTMENT,COTTAGE GROVE,8/5/2026 6:41:27 PM,CG26033849,"12XXX  Ravine Pkwy S, COTTAGE GROVE",CIVIL MATTER/DISPUTE
COTTAGE GROVE POLICE DEPARTMENT,COTTAGE GROVE,8/5/2026 8:47:02 PM,CG26033866,"8XXX  Grenadier Ave S, COTTAGE GROVE",HARASSMENT
COTTAGE GROVE POLICE DEPARTMENT,COTTAGE GROVE,8/5/2026 10:04:02 PM,CG26033903,"7XXX  99th St S, COTTAGE GROVE",MEDICAL
COTTAGE GROVE POLICE DEPARTMENT,COTTAGE GROVE,8/5/2026 11:04:00 PM,CG26033925,"7XXX  - 7098 GOODVIEW AVE S, COTTAGE GROVE",PARKING VIOLATION
COTTAGE GROVE POLICE DEPARTMENT,COTTAGE GROVE,8/6/2026 1:03:29 AM,CG26033947,"9XXX  JAMAICA AVE S, COTTAGE GROVE",DISTURBANCE
COTTAGE GROVE POLICE DEPARTMENT,COTTAGE GROVE,8/6/2026 10:17:10 AM,CG26033979,"7XXX  Burr Oak Cove S, COTTAGE GROVE",PROPERTY DAMAGE
COTTAGE GROVE POLICE DEPARTMENT,COTTAGE GROVE,8/6/2026 10:48:36 AM,CG26033981,"6XXX  JOCELYN AVENUE BAY S, COTTAGE GROVE",SUSPICIOUS PERSON/ACTIVITY
COTTAGE GROVE POLICE DEPARTMENT,COTTAGE GROVE,8/6/2026 10:54:50 AM,CG26033983,"12XXX  Ravine Pkwy S, COTTAGE GROVE",IDENTITY THEFT
COTTAGE GROVE POLICE DEPARTMENT,COTTAGE GROVE,8/6/2026 1:31:43 PM,CG26033993,"6XXX  80th St S, COTTAGE GROVE",MEDICAL
COTTAGE GROVE POLICE DEPARTMENT,COTTAGE GROVE,8/6/2026 6:32:00 PM,CG26034045,"JAMAICA AVE S / 75TH ST S, COTTAGE GROVE",TRAFFIC STOP
COTTAGE GROVE POLICE DEPARTMENT,COTTAGE GROVE,8/6/2026 10:13:58 PM,CG26034062,"9XXX  90TH ST S, COTTAGE GROVE",DRUNK/INTOXICATED 
COTTAGE GROVE POLICE DEPARTMENT,COTTAGE GROVE,8/7/2026 12:00:00 AM,CG26034077,"80TH ST S / EAST POINT DOUGLAS RD S, COTTAGE GROVE",DWI
COTTAGE GROVE POLICE DEPARTMENT,COTTAGE GROVE,8/7/2026 2:33:40 AM,CG26034110,"6XXX  91st Cv S, COTTAGE GROVE",MEDICAL
COTTAGE GROVE POLICE DEPARTMENT,COTTAGE GROVE,8/7/2026 7:15:46 AM,CG26034119,"6XXX  80th St S, COTTAGE GROVE",MEDICAL
COTTAGE GROVE POLICE DEPARTMENT,COTTAGE GROVE,8/7/2026 8:32:43 AM,CG26034124,"6XXX  East Point Douglas Rd S, COTTAGE GROVE",MEDICAL
COTTAGE GROVE POLICE DEPARTMENT,COTTAGE GROVE,8/7/2026 9:31:56 AM,CG26034131,"8XXX  Hamlet Ave S, COTTAGE GROVE",MEDICAL
COTTAGE GROVE POLICE DEPARTMENT,COTTAGE GROVE,8/7/2026 11:19:16 AM,CG26034153,"9XXX  East Point Douglas Rd S, COTTAGE GROVE",MEDICAL
COTTAGE GROVE POLICE DEPARTMENT,COTTAGE GROVE,8/7/2026 12:06:08 PM,CG26034162,"Unknown, COTTAGE GROVE",FRAUD/SCAM
COTTAGE GROVE POLICE DEPARTMENT,COTTAGE GROVE,8/7/2026 12:16:20 PM,CG26034163,"Hardwood Ave S / Harkness Ave S, COTTAGE GROVE",WELFARE CHECK
COTTAGE GROVE POLICE DEPARTMENT,COTTAGE GROVE,8/7/2026 12:23:45 PM,CG26034164,"6XXX  East Point Douglas Rd S, COTTAGE GROVE",MEDICAL
COTTAGE GROVE POLICE DEPARTMENT,COTTAGE GROVE,8/7/2026 12:34:29 PM,CG26034166,"9XXX  Islay Ave S, COTTAGE GROVE",MEDICAL
COTTAGE GROVE POLICE DEPARTMENT,COTTAGE GROVE,8/7/2026 1:49:32 PM,CG26034176,"9XXX  East Point Douglas Rd S, COTTAGE GROVE",WELFARE CHECK
COTTAGE GROVE POLICE DEPARTMENT,COTTAGE GROVE,8/7/2026 2:02:26 PM,CG26034178,"8XXX  Grange Blvd S, COTTAGE GROVE",VEHICLE UNLOCK
COTTAGE GROVE POLICE DEPARTMENT,COTTAGE GROVE,8/7/2026 2:50:27 PM,CG26034185,"9XXX  East Point Douglas Rd S, COTTAGE GROVE",TRESPASSING
COTTAGE GROVE POLICE DEPARTMENT,COTTAGE GROVE,8/7/2026 3:49:09 PM,CG26034198,"8XXX  Jeffery Ln S, COTTAGE GROVE",MEDICAL
COTTAGE GROVE POLICE DEPARTMENT,COTTAGE GROVE,8/7/2026 8:56:59 PM,CG26034251,"8XXX  - 8620 EAST POINT DOUGLAS RD S, COTTAGE GROVE",FOUND PROPERTY/ITEM
COTTAGE GROVE POLICE DEPARTMENT,COTTAGE GROVE,8/7/2026 10:49:20 PM,CG26034280,"7XXX  99th St S, COTTAGE GROVE",MEDICAL
COTTAGE GROVE POLICE DEPARTMENT,COTTAGE GROVE,8/8/2026 1:19:31 AM,CG26034300,"11XXX  - 11300 Highway 61, COTTAGE GROVE",DWI
COTTAGE GROVE POLICE DEPARTMENT,COTTAGE GROVE,8/8/2026 1:21:00 AM,CG26034295,"6XXX  97th Ct S, COTTAGE GROVE",DWI
COTTAGE GROVE POLICE DEPARTMENT,COTTAGE GROVE,8/8/2026 2:04:00 AM,CG26034305,"9XXX  - 9001 JAMAICA AVE S, COTTAGE GROVE",DWI
COTTAGE GROVE POLICE DEPARTMENT,COTTAGE GROVE,8/8/2026 2:44:05 AM,CG26034309,"8XXX  Indian Blvd S, COTTAGE GROVE",MEDICAL
COTTAGE GROVE POLICE DEPARTMENT,COTTAGE GROVE,8/8/2026 5:49:36 AM,CG26034320,"7XXX  Ideal Ave S, COTTAGE GROVE",MEDICAL
COTTAGE GROVE POLICE DEPARTMENT,COTTAGE GROVE,8/8/2026 9:04:20 AM,CG26034327,"7XXX  Irish Avenue Ct S, COTTAGE GROVE",MEDICAL
COTTAGE GROVE POLICE DEPARTMENT,COTTAGE GROVE,8/8/2026 11:11:02 AM,CG26034339,"7XXX  Hyde Ave S, COTTAGE GROVE",MEDICAL
COTTAGE GROVE POLICE DEPARTMENT,COTTAGE GROVE,8/8/2026 12:43:36 PM,CG26034348,"9XXX  East Point Douglas Rd S, COTTAGE GROVE",VEHICLE UNLOCK
COTTAGE GROVE POLICE DEPARTMENT,COTTAGE GROVE,8/8/2026 3:31:27 PM,CG26034369,"7XXX  Hemingway Ave S, COTTAGE GROVE",MEDICAL
COTTAGE GROVE POLICE DEPARTMENT,COTTAGE GROVE,8/8/2026 4:27:48 PM,CG26034381,"7XXX  East Point Douglas Rd S, COTTAGE GROVE",MEDICAL
COTTAGE GROVE POLICE DEPARTMENT,COTTAGE GROVE,8/8/2026 5:20:00 PM,CG26034386,"9XXX  East Point Douglas Rd S, COTTAGE GROVE",TRAFFIC COMPLAINT
COTTAGE GROVE POLICE DEPARTMENT,COTTAGE GROVE,8/8/2026 8:22:02 PM,CG26034397,"8XXX  81st St S, COTTAGE GROVE",MEDICAL
COTTAGE GROVE POLICE DEPARTMENT,COTTAGE GROVE,8/8/2026 9:05:52 PM,CG26034407,"9XXX  HARROW CT S, COTTAGE GROVE",WARRANT ARREST
COTTAGE GROVE POLICE DEPARTMENT,COTTAGE GROVE,8/8/2026 10:20:58 PM,CG26034424,"8XXX  Jasmine Ln S, COTTAGE GROVE",MEDICAL
COTTAGE GROVE POLICE DEPARTMENT,COTTAGE GROVE,8/8/2026 10:45:55 PM,CG26034437,"7XXX  Jonathan Ave S, COTTAGE GROVE",MEDICAL
COTTAGE GROVE POLICE DEPARTMENT,NEWPORT,8/5/2026 10:47:50 AM,CG26033788,"HWY 61 NB TO I494 EB RAMP, NEWPORT",TRAFFIC STOP
COTTAGE GROVE POLICE DEPARTMENT,Saint Paul,8/3/2026 4:05:21 PM,CG26033593,"1XXX  - 1788 LOWER AFTON RD, Saint Paul",TRAFFIC STOP
FOREST LAKE POLICE DEPARTMENT,FOREST LAKE,8/2/2026 12:24:14 PM,FL26010051,"19XXX  HEADWATERS BLVD N, FOREST LAKE",HRO VIOLATION
FOREST LAKE POLICE DEPARTMENT,FOREST LAKE,8/2/2026 5:35:08 PM,FL26010068,"XX I35 NB AT 220TH ST N, FOREST LAKE",ACCIDENT
FOREST LAKE POLICE DEPARTMENT,FOREST LAKE,8/2/2026 6:01:03 PM,FL26010069,"XXX BROADWAY AVE W, FOREST LAKE",VEHICLE UNLOCK
FOREST LAKE POLICE DEPARTMENT,FOREST LAKE,8/2/2026 8:48:18 PM,FL26010074,"XXX 12TH ST SW, FOREST LAKE",BURGLARY
FOREST LAKE POLICE DEPARTMENT,FOREST LAKE,8/3/2026 1:18:52 AM,FL26010081,"22XXX  JASON AVE N, FOREST LAKE",PROPERTY DAMAGE
FOREST LAKE POLICE DEPARTMENT,FOREST LAKE,8/3/2026 7:07:08 AM,FL26010083,"XXX 12TH ST SW, FOREST LAKE",CITIZEN/PUBLIC ASSIST
FOREST LAKE POLICE DEPARTMENT,FOREST LAKE,8/3/2026 1:28:47 PM,FL26010090,"1XXX  8TH ST SE, FOREST LAKE",INCIDENT
FOREST LAKE POLICE DEPARTMENT,FOREST LAKE,8/3/2026 1:38:24 PM,FL26010091,"20XXX  GRAFTON AVE N, FOREST LAKE",JUVENILE COMPLAINT
FOREST LAKE POLICE DEPARTMENT,FOREST LAKE,8/3/2026 2:47:01 PM,FL26010092,"XXX 12TH ST SW, FOREST LAKE",ACCIDENT
FOREST LAKE POLICE DEPARTMENT,FOREST LAKE,8/3/2026 3:09:43 PM,FL26010095,"1XXX  LAKE ST S, FOREST LAKE",PARKING COMPLAINT
FOREST LAKE POLICE DEPARTMENT,FOREST LAKE,8/3/2026 5:25:41 PM,FL26010107,"20XXX  ENFIELD AVE N, FOREST LAKE",CHILD CUSTODY
FOREST LAKE POLICE DEPARTMENT,FOREST LAKE,8/3/2026 5:28:19 PM,FL26010108,"7XXX  NORTH SHORE TRL N, FOREST LAKE",RUNAWAY
FOREST LAKE POLICE DEPARTMENT,FOREST LAKE,8/3/2026 7:04:24 PM,FL26010111,"XXX LAKE ST S, FOREST LAKE",ACCIDENT
FOREST LAKE POLICE DEPARTMENT,FOREST LAKE,8/3/2026 10:32:35 PM,FL26010113,"5XXX  207TH ST N, FOREST LAKE",PARKING VIOLATION
FOREST LAKE POLICE DEPARTMENT,FOREST LAKE,8/4/2026 11:32:11 AM,FL26010124,"7XXX  NORTH SHORE TRL N, FOREST LAKE",RUNAWAY
FOREST LAKE POLICE DEPARTMENT,FOREST LAKE,8/4/2026 3:00:40 PM,FL26010135,"XXX NORTH SHORE DR, FOREST LAKE",PROPERTY DAMAGE
FOREST LAKE POLICE DEPARTMENT,FOREST LAKE,8/4/2026 5:03:59 PM,FL26010145,"XX BROADWAY AVE E, FOREST LAKE",DISORDERLY CONDUCT
FOREST LAKE POLICE DEPARTMENT,FOREST LAKE,8/4/2026 7:44:49 PM,FL26010152,"XX BROADWAY AVE E, FOREST LAKE",JUVENILE COMPLAINT
FOREST LAKE POLICE DEPARTMENT,FOREST LAKE,8/4/2026 9:26:25 PM,FL26010154,"1XXX  BROADWAY AVE W, FOREST LAKE",HARASSMENT
FOREST LAKE POLICE DEPARTMENT,FOREST LAKE,8/5/2026 8:10:00 AM,FL26010163,"18XXX  ENFIELD AVE N, FOREST LAKE",THEFT
FOREST LAKE POLICE DEPARTMENT,FOREST LAKE,8/5/2026 3:40:38 PM,FL26010176,"1XXX  4TH ST SE, FOREST LAKE",ASSAULT
FOREST LAKE POLICE DEPARTMENT,FOREST LAKE,8/5/2026 5:56:00 PM,FL26010183,"Broadway Ave W & I35 Nb Ramp, FOREST LAKE",TRAFFIC STOP
FOREST LAKE POLICE DEPARTMENT,FOREST LAKE,8/5/2026 6:17:54 PM,FL26010184,"8TH ST SW & APARTMENT LN SW, FOREST LAKE",ROBBERY
FOREST LAKE POLICE DEPARTMENT,FOREST LAKE,8/5/2026 10:29:37 PM,FL26010196,"1XXX  BROADWAY AVE W, FOREST LAKE",DISORDERLY CONDUCT
FOREST LAKE POLICE DEPARTMENT,FOREST LAKE,8/6/2026 1:02:00 AM,FL26010202,"1XXX  NORTH SHORE DR, FOREST LAKE",DISORDERLY CONDUCT
FOREST LAKE POLICE DEPARTMENT,FOREST LAKE,8/6/2026 2:03:59 AM,FL26010203,"EVERTON AVE N & 210TH ST N, FOREST LAKE",NOISE COMPLAINT/DISTURBANCE
FOREST LAKE POLICE DEPARTMENT,FOREST LAKE,8/6/2026 2:03:59 AM,FL26010274,"EVERTON AVE N & 210TH ST N, FOREST LAKE",NOISE COMPLAINT/DISTURBANCE
FOREST LAKE POLICE DEPARTMENT,FOREST LAKE,8/6/2026 2:03:59 AM,FL26010275,"EVERTON AVE N & 210TH ST N, FOREST LAKE",NOISE COMPLAINT/DISTURBANCE
FOREST LAKE POLICE DEPARTMENT,FOREST LAKE,8/6/2026 2:03:59 AM,FL26010276,"EVERTON AVE N & 210TH ST N, FOREST LAKE",NOISE COMPLAINT/DISTURBANCE
FOREST LAKE POLICE DEPARTMENT,FOREST LAKE,8/6/2026 8:53:00 AM,FL26010214,"4TH ST SW & 4TH AVE SW, FOREST LAKE",TRAFFIC STOP
FOREST LAKE POLICE DEPARTMENT,FOREST LAKE,8/6/2026 10:53:02 AM,FL26010217,"1XXX  LAKE ST S, FOREST LAKE",FRAUD/SCAM
FOREST LAKE POLICE DEPARTMENT,FOREST LAKE,8/6/2026 8:16:01 PM,FL26010238,"XXX 10TH AVE SE, FOREST LAKE",THEFT FROM MOTOR VEHICLE
FOREST LAKE POLICE DEPARTMENT,FOREST LAKE,8/6/2026 9:40:49 PM,FL26010241,"11TH AVE SW & EUREKA AVE N, FOREST LAKE",TRAFFIC STOP
FOREST LAKE POLICE DEPARTMENT,FOREST LAKE,8/7/2026 3:10:43 AM,FL26010251,"XXX 12TH ST SW, FOREST LAKE",JUVENILE COMPLAINT
FOREST LAKE POLICE DEPARTMENT,FOREST LAKE,8/7/2026 3:10:43 AM,FL26010273,"XXX 12TH ST SW, FOREST LAKE",JUVENILE COMPLAINT
FOREST LAKE POLICE DEPARTMENT,FOREST LAKE,8/7/2026 5:22:11 AM,FL26010252,"23XXX  HEATH AVE N, FOREST LAKE",PROBATION VIOLATION
FOREST LAKE POLICE DEPARTMENT,FOREST LAKE,8/7/2026 12:28:11 PM,FL26010272,"19XXX  FOREST RD N, FOREST LAKE",FOUND PROPERTY/ITEM
FOREST LAKE POLICE DEPARTMENT,FOREST LAKE,8/7/2026 2:28:40 PM,FL26010281,"XX 5TH ST NW, FOREST LAKE",THEFT FROM MOTOR VEHICLE
FOREST LAKE POLICE DEPARTMENT,FOREST LAKE,8/7/2026 8:59:55 PM,FL26010293,"1XXX  4TH ST SE, FOREST LAKE",HARASSMENT
FOREST LAKE POLICE DEPARTMENT,FOREST LAKE,8/8/2026 3:59:10 AM,FL26010306,"XXX 12TH ST SW, FOREST LAKE",TRAFFIC STOP
FOREST LAKE POLICE DEPARTMENT,FOREST LAKE,8/8/2026 12:21:00 PM,FL26010321,"XXX LAKE ST S, FOREST LAKE",ACCIDENT
FOREST LAKE POLICE DEPARTMENT,FOREST LAKE,8/8/2026 2:39:30 PM,FL26010324,"XXX 9TH AVE SW, FOREST LAKE",TRESPASSING
FOREST LAKE POLICE DEPARTMENT,FOREST LAKE,8/8/2026 7:18:35 PM,FL26010339,"XXX 12TH ST SW, FOREST LAKE",ACCIDENT
FOREST LAKE POLICE DEPARTMENT,FOREST LAKE,8/8/2026 7:22:12 PM,FL26010340,"XXX 12TH ST SW, FOREST LAKE",ANIMAL COMPLAINT
FOREST LAKE POLICE DEPARTMENT,FOREST LAKE,8/8/2026 11:41:23 PM,FL26010348,"8TH AVE SW & LAKE ST S, FOREST LAKE",TRAFFIC STOP
OAKDALE POLICE DEPARTMENT,LAKE ELMO,8/3/2026 12:40:13 AM,OD26009902,"10TH ST N / INWOOD AVE N, LAKE ELMO",TRAFFIC STOP
OAKDALE POLICE DEPARTMENT,LAKE ELMO,8/5/2026 1:50:32 PM,OD26010033,"3XXX  IDEAL AVE N, LAKE ELMO",ACCIDENT
OAKDALE POLICE DEPARTMENT,LAKE ELMO,8/5/2026 11:41:54 PM,OD26010064,"HWY 36 WB JWO MANNING AVE N, LAKE ELMO",TRAFFIC STOP
OAKDALE POLICE DEPARTMENT,LAKE ELMO,8/6/2026 4:54:03 PM,OD26010098,"10TH ST N & INWOOD AVE N, LAKE ELMO",ACCIDENT
OAKDALE POLICE DEPARTMENT,OAKDALE,8/2/2026 12:01:34 AM,OD26009802,"10TH ST N TO I694 SB RAMP, OAKDALE",TRAFFIC STOP
OAKDALE POLICE DEPARTMENT,OAKDALE,8/2/2026 12:06:22 AM,OD26009803,"6XXX  6th St N, OAKDALE",MEDICAL
OAKDALE POLICE DEPARTMENT,OAKDALE,8/2/2026 12:14:24 AM,OD26009804,"1XXX  GRESHAM AVE N, OAKDALE",MEDICAL
OAKDALE POLICE DEPARTMENT,OAKDALE,8/2/2026 12:23:26 AM,OD26009805,"10TH ST N / GERSHWIN AVE N, OAKDALE",TRAFFIC STOP
OAKDALE POLICE DEPARTMENT,OAKDALE,8/2/2026 12:40:48 AM,OD26009806,"6XXX  10TH ST N , OAKDALE",TRAFFIC STOP
OAKDALE POLICE DEPARTMENT,OAKDALE,8/2/2026 12:57:49 AM,OD26009808,"6XXX  10TH ST N , OAKDALE",TRAFFIC STOP
OAKDALE POLICE DEPARTMENT,OAKDALE,8/2/2026 12:58:09 AM,OD26009809,"1XXX  Gentry Ave N, OAKDALE",911 ABANDONED/HANGUP/OPEN LINE
OAKDALE POLICE DEPARTMENT,OAKDALE,8/2/2026 1:03:08 AM,OD26009810,"XXX GENEVA AVE N, OAKDALE",TRAFFIC STOP
OAKDALE POLICE DEPARTMENT,OAKDALE,8/2/2026 1:23:02 AM,OD26009811,"I694 / 10th St N, OAKDALE",TRAFFIC STOP
OAKDALE POLICE DEPARTMENT,OAKDALE,8/2/2026 4:21:09 AM,OD26009813,"1XXX  Hadley Ave N, OAKDALE",MEDICAL
OAKDALE POLICE DEPARTMENT,OAKDALE,8/2/2026 8:25:15 AM,OD26009815,"4XXX  Gershwin Ave N, OAKDALE",MEDICAL
OAKDALE POLICE DEPARTMENT,OAKDALE,8/2/2026 8:54:40 AM,OD26009816,"6XXX  Upper 46th St N, OAKDALE",MEDICAL
OAKDALE POLICE DEPARTMENT,OAKDALE,8/2/2026 10:04:20 AM,OD26009817,"2XXX  GENEVA AVE N, OAKDALE",TRAFFIC STOP
OAKDALE POLICE DEPARTMENT,OAKDALE,8/2/2026 10:16:39 AM,OD26009818,"2XXX  HADLEY AVE N, OAKDALE",CITIZEN/PUBLIC ASSIST
OAKDALE POLICE DEPARTMENT,OAKDALE,8/2/2026 11:16:29 AM,OD26009819,"1XXX  Granada Ave N, OAKDALE",LIFT ASSIST
OAKDALE POLICE DEPARTMENT,OAKDALE,8/2/2026 11:53:15 AM,OD26009820,"8XXX  3rd St N, OAKDALE",ANIMAL COMPLAINT
OAKDALE POLICE DEPARTMENT,OAKDALE,8/2/2026 11:59:38 AM,OD26009821,"2XXX  Heath Ave N, OAKDALE",WELFARE CHECK
OAKDALE POLICE DEPARTMENT,OAKDALE,8/2/2026 12:56:53 PM,OD26009823,"6XXX  Hudson Blvd N, OAKDALE",SUSPICIOUS PERSON/ACTIVITY
OAKDALE POLICE DEPARTMENT,OAKDALE,8/2/2026 1:37:46 PM,OD26009824,"6XXX  10th St N, OAKDALE",ASSAULT
OAKDALE POLICE DEPARTMENT,OAKDALE,8/2/2026 2:03:13 PM,OD26009826,"1XXX  Hilo Ave N, OAKDALE",SUSPICIOUS PERSON/ACTIVITY
OAKDALE POLICE DEPARTMENT,OAKDALE,8/2/2026 2:04:01 PM,OD26009825,"6XXX  52nd St N, OAKDALE",NEIGHBOR DISPUTE
OAKDALE POLICE DEPARTMENT,OAKDALE,8/2/2026 2:26:53 PM,OD26009827,"1XXX  Granada Ave N, OAKDALE",WELFARE CHECK
OAKDALE POLICE DEPARTMENT,OAKDALE,8/2/2026 2:41:09 PM,OD26009828,"1XXX  Hale Ave N, OAKDALE",911 ABANDONED/HANGUP/OPEN LINE
OAKDALE POLICE DEPARTMENT,OAKDALE,8/2/2026 2:47:32 PM,OD26009829,"3XXX  Hadley Ave N, OAKDALE",CIVIL MATTER/DISPUTE
OAKDALE POLICE DEPARTMENT,OAKDALE,8/2/2026 2:57:21 PM,OD26009830,"5XXX  Hadley Ave N, OAKDALE",FOLLOW UP
OAKDALE POLICE DEPARTMENT,OAKDALE,8/2/2026 2:59:10 PM,OD26009831,"1XXX  Helmo Ave N, OAKDALE",SUSPICIOUS PERSON/ACTIVITY
OAKDALE POLICE DEPARTMENT,OAKDALE,8/2/2026 5:30:34 PM,OD26009834,"27TH ST N / GENEVA AVE N, OAKDALE",TRAFFIC STOP
OAKDALE POLICE DEPARTMENT,OAKDALE,8/2/2026 5:33:23 PM,OD26009835,"4XXX  Goodwin Ave N, OAKDALE",MEDICAL
OAKDALE POLICE DEPARTMENT,OAKDALE,8/2/2026 5:49:59 PM,OD26009837,"3XXX  Hadley Ave N, OAKDALE",DISTURBANCE
OAKDALE POLICE DEPARTMENT,OAKDALE,8/2/2026 6:16:07 PM,OD26009838,"2XXX  GRANADA AVE N, OAKDALE",911 ABANDONED/HANGUP/OPEN LINE
OAKDALE POLICE DEPARTMENT,OAKDALE,8/2/2026 6:29:46 PM,OD26009839,"2XXX  HADLEY AVE N, OAKDALE",TRAFFIC STOP
OAKDALE POLICE DEPARTMENT,OAKDALE,8/2/2026 6:50:23 PM,OD26009840,"7XXX  STILLWATER BLVD N, OAKDALE",TRAFFIC STOP
OAKDALE POLICE DEPARTMENT,OAKDALE,8/2/2026 7:51:34 PM,OD26009841,"HOLLY LN N / 4TH ST N, OAKDALE",TRAFFIC STOP
OAKDALE POLICE DEPARTMENT,OAKDALE,8/2/2026 8:18:14 PM,OD26009842,"7XXX  15th Street Ln N, OAKDALE",DISTURBANCE
OAKDALE POLICE DEPARTMENT,OAKDALE,8/2/2026 8:19:15 PM,OD26009843,"I694 NB AT 10TH ST N, OAKDALE",TRAFFIC COMPLAINT
OAKDALE POLICE DEPARTMENT,OAKDALE,8/2/2026 8:48:35 PM,OD26009844,"15TH ST N / HALLMARK AVE N, OAKDALE",TRAFFIC STOP
OAKDALE POLICE DEPARTMENT,OAKDALE,8/2/2026 8:50:10 PM,OD26009845,"15TH ST N / GENEVA AVE N, OAKDALE",TRAFFIC STOP
OAKDALE POLICE DEPARTMENT,OAKDALE,8/2/2026 8:53:08 PM,OD26009846,"1XXX  HADLEY AVE N, OAKDALE",TRAFFIC STOP
OAKDALE POLICE DEPARTMENT,OAKDALE,8/2/2026 8:53:14 PM,OD26009847,"INWOOD AVE N / 10TH ST N, OAKDALE",TRAFFIC STOP
OAKDALE POLICE DEPARTMENT,OAKDALE,8/2/2026 8:56:01 PM,OD26009849,"6XXX  10TH ST N, OAKDALE",TRAFFIC STOP
OAKDALE POLICE DEPARTMENT,OAKDALE,8/2/2026 8:56:02 PM,OD26009848,"6XXX  10TH ST N, OAKDALE",TRAFFIC STOP
OAKDALE POLICE DEPARTMENT,OAKDALE,8/2/2026 8:56:51 PM,OD26009850,"1XXX  HADLEY AVE N, OAKDALE",TRAFFIC STOP
OAKDALE POLICE DEPARTMENT,OAKDALE,8/2/2026 8:59:18 PM,OD26009851,"4XXX  GENEVA AVE N, OAKDALE",TRAFFIC STOP
OAKDALE POLICE DEPARTMENT,OAKDALE,8/2/2026 8:59:47 PM,OD26009852,"INWOOD AVE N, OAKDALE",TRAFFIC STOP
OAKDALE POLICE DEPARTMENT,OAKDALE,8/2/2026 9:00:40 PM,OD26009853,"1XXX  GERSHWIN AVE N, OAKDALE",TRAFFIC STOP
OAKDALE POLICE DEPARTMENT,OAKDALE,8/2/2026 9:04:06 PM,OD26009854,"43XXX -BLK GENEVA AVE N, OAKDALE",TRAFFIC STOP
OAKDALE POLICE DEPARTMENT,OAKDALE,8/2/2026 9:06:40 PM,OD26009855,"70XXX -BLK STILLWATER BLVD N, OAKDALE",TRAFFIC STOP
OAKDALE POLICE DEPARTMENT,OAKDALE,8/2/2026 9:15:12 PM,OD26009856,"2XXX  GENEVA AVE N, OAKDALE",TRAFFIC STOP
OAKDALE POLICE DEPARTMENT,OAKDALE,8/2/2026 9:15:38 PM,OD26009857,"HADLEY AVE N / 34TH ST N, OAKDALE",TRAFFIC STOP
OAKDALE POLICE DEPARTMENT,OAKDALE,8/2/2026 9:21:59 PM,OD26009858,"10TH ST N / GENEVA AVE N, OAKDALE",TRAFFIC STOP
OAKDALE POLICE DEPARTMENT,OAKDALE,8/2/2026 9:22:17 PM,OD26009859,"4XXX  GENEVA AVE N, OAKDALE",TRAFFIC STOP
OAKDALE POLICE DEPARTMENT,OAKDALE,8/2/2026 9:24:08 PM,OD26009860,"4XXX  Helmo Ave N, OAKDALE",TRAFFIC STOP
OAKDALE POLICE DEPARTMENT,OAKDALE,8/2/2026 9:30:00 PM,OD26009861,"6XXX  40TH ST N, OAKDALE",TRAFFIC STOP
OAKDALE POLICE DEPARTMENT,OAKDALE,8/2/2026 9:32:58 PM,OD26009863,"6XXX  10th St N, OAKDALE",TRAFFIC STOP
OAKDALE POLICE DEPARTMENT,OAKDALE,8/2/2026 9:35:49 PM,OD26009864,"1XXX  HADLEY AVE N, OAKDALE",TRAFFIC STOP
OAKDALE POLICE DEPARTMENT,OAKDALE,8/2/2026 9:38:03 PM,OD26009865,"HWY 120 AT 50TH ST N, OAKDALE",TRAFFIC STOP
OAKDALE POLICE DEPARTMENT,OAKDALE,8/2/2026 9:39:49 PM,OD26009866,"1XXX  GENEVA AVE N, OAKDALE",TRAFFIC STOP
OAKDALE POLICE DEPARTMENT,OAKDALE,8/2/2026 9:40:41 PM,OD26009867,"1XXX  HADLEY AVE N, OAKDALE",TRAFFIC STOP
OAKDALE POLICE DEPARTMENT,OAKDALE,8/2/2026 9:46:51 PM,OD26009868,"3XXX  GENEVA AVE N, OAKDALE",TRAFFIC STOP
OAKDALE POLICE DEPARTMENT,OAKDALE,8/2/2026 9:48:26 PM,OD26009869,"6XXX  34TH ST N, OAKDALE",TRAFFIC STOP
OAKDALE POLICE DEPARTMENT,OAKDALE,8/2/2026 9:48:55 PM,OD26009870,"7XXX  10TH ST N, OAKDALE",TRAFFIC STOP
OAKDALE POLICE DEPARTMENT,OAKDALE,8/2/2026 9:52:19 PM,OD26009871,"4XXX  GENEVA AVE N, OAKDALE",TRAFFIC STOP
OAKDALE POLICE DEPARTMENT,OAKDALE,8/2/2026 9:54:32 PM,OD26009872,"34TH ST N & 34TH ST N TO I694 NB RAMP, OAKDALE",TRAFFIC STOP
OAKDALE POLICE DEPARTMENT,OAKDALE,8/2/2026 9:56:24 PM,OD26009873,"5XXX  GENEVA AVE N, OAKDALE",TRAFFIC STOP
OAKDALE POLICE DEPARTMENT,OAKDALE,8/2/2026 10:15:58 PM,OD26009874,"1XXX  GRANADA AVE N, OAKDALE",WARRANT ATTEMPT
OAKDALE POLICE DEPARTMENT,OAKDALE,8/2/2026 10:18:04 PM,OD26009876,"7XXX  10TH ST N, OAKDALE",ALARM-BUSINESS/RES/FIRE/MEDICAL/ETC
OAKDALE POLICE DEPARTMENT,OAKDALE,8/2/2026 10:18:52 PM,OD26009875,"6XXX  10TH ST N, OAKDALE",TRAFFIC STOP
OAKDALE POLICE DEPARTMENT,OAKDALE,8/2/2026 10:30:19 PM,OD26009877,"XXX GREENWAY AVE N, OAKDALE",CITIZEN/PUBLIC ASSIST
OAKDALE POLICE DEPARTMENT,OAKDALE,8/2/2026 10:37:03 PM,OD26009878,"29XXX -BLK GRANADA AVE N, OAKDALE",TRAFFIC STOP
OAKDALE POLICE DEPARTMENT,OAKDALE,8/2/2026 10:37:52 PM,OD26009879,"22XXX -BLK GENEVA AVE N, OAKDALE",TRAFFIC STOP
OAKDALE POLICE DEPARTMENT,OAKDALE,8/2/2026 10:50:49 PM,OD26009880,"10TH ST N / GLENBROOK AVE N, OAKDALE",TRAFFIC STOP
OAKDALE POLICE DEPARTMENT,OAKDALE,8/2/2026 10:51:30 PM,OD26009881,"Geneva Ave N / Ivy Ave E, OAKDALE",TRAFFIC STOP
OAKDALE POLICE DEPARTMENT,OAKDALE,8/2/2026 10:57:43 PM,OD26009882,"4XXX  GENEVA AVE N, OAKDALE",TRAFFIC STOP
OAKDALE POLICE DEPARTMENT,OAKDALE,8/2/2026 11:01:41 PM,OD26009883,"1XXX  GENEVA AVE N, OAKDALE",TRAFFIC STOP
OAKDALE POLICE DEPARTMENT,OAKDALE,8/2/2026 11:11:49 PM,OD26009884,"3XXX  GRANADA AVE N, OAKDALE",TRAFFIC STOP
OAKDALE POLICE DEPARTMENT,OAKDALE,8/2/2026 11:13:45 PM,OD26009885,"15TH ST N / GENEVA AVE N, OAKDALE",TRAFFIC STOP
OAKDALE POLICE DEPARTMENT,OAKDALE,8/2/2026 11:27:45 PM,OD26009886,"1XXX  GENEVA AVE N, OAKDALE",TRAFFIC STOP
OAKDALE POLICE DEPARTMENT,OAKDALE,8/2/2026 11:36:51 PM,OD26009889,"3XXX  Gershwin Ln N, OAKDALE",SUSPICIOUS PERSON/ACTIVITY
OAKDALE POLICE DEPARTMENT,OAKDALE,8/2/2026 11:36:57 PM,OD26009887,"6XXX  STILLWATER BLVD N, OAKDALE",TRAFFIC STOP
OAKDALE POLICE DEPARTMENT,OAKDALE,8/2/2026 11:37:29 PM,OD26009888,"7XXX  4TH ST N, OAKDALE",TRAFFIC STOP
OAKDALE POLICE DEPARTMENT,OAKDALE,8/2/2026 11:51:52 PM,OD26009890,"2XXX  HADLEY AVE N, OAKDALE",TRAFFIC STOP
OAKDALE POLICE DEPARTMENT,OAKDALE,8/2/2026 11:52:36 PM,OD26009891,"7XXX  10TH ST N, OAKDALE",TRAFFIC STOP
OAKDALE POLICE DEPARTMENT,OAKDALE,8/2/2026 11:53:50 PM,OD26009892,"5XXX  GENEVA AVE N, OAKDALE",TRAFFIC STOP
OAKDALE POLICE DEPARTMENT,OAKDALE,8/2/2026 11:56:32 PM,OD26009893,"6XXX  15TH ST N, OAKDALE",TRAFFIC STOP
OAKDALE POLICE DEPARTMENT,OAKDALE,8/2/2026 11:58:32 PM,OD26009894,"2XXX  HADLEY AVE N, OAKDALE",TRAFFIC STOP
OAKDALE POLICE DEPARTMENT,OAKDALE,8/3/2026 12:00:00 AM,OD26009930,"6XXX  GOPHER BLVD N, OAKDALE",ANIMAL COMPLAINT
OAKDALE POLICE DEPARTMENT,OAKDALE,8/3/2026 12:13:12 AM,OD26009895,"XXX HADLEY AVE N, OAKDALE",TRAFFIC STOP
OAKDALE POLICE DEPARTMENT,OAKDALE,8/3/2026 12:27:24 AM,OD26009896,"XXX HADLEY AVE N, OAKDALE",TRAFFIC STOP
OAKDALE POLICE DEPARTMENT,OAKDALE,8/3/2026 12:29:03 AM,OD26009897,"1XXX  GRANADA AVE N, OAKDALE",TRAFFIC STOP
OAKDALE POLICE DEPARTMENT,OAKDALE,8/3/2026 12:31:17 AM,OD26009898,"6XXX  10TH ST N, OAKDALE",TRAFFIC STOP
OAKDALE POLICE DEPARTMENT,OAKDALE,8/3/2026 12:33:04 AM,OD26009899,"1XXX  GRANADA AVE N, OAKDALE",TRAFFIC STOP
OAKDALE POLICE DEPARTMENT,OAKDALE,8/3/2026 12:35:54 AM,OD26009900,"34TH ST N / GENEVA AVE N, OAKDALE",TRAFFIC STOP
OAKDALE POLICE DEPARTMENT,OAKDALE,8/3/2026 12:39:55 AM,OD26009901,"1XXX  HADLEY AVE N, OAKDALE",TRAFFIC STOP
OAKDALE POLICE DEPARTMENT,OAKDALE,8/3/2026 12:48:29 AM,OD26009903,"4XXX  GENEVA AVE N, OAKDALE",TRAFFIC STOP
OAKDALE POLICE DEPARTMENT,OAKDALE,8/3/2026 12:50:12 AM,OD26009904,"7TH ST N / GENEVA AVE N, OAKDALE",TRAFFIC STOP
OAKDALE POLICE DEPARTMENT,OAKDALE,8/3/2026 12:51:12 AM,OD26009905,"7XXX  10TH ST N, OAKDALE",TRAFFIC STOP
OAKDALE POLICE DEPARTMENT,OAKDALE,8/3/2026 12:54:06 AM,OD26009906,"7XXX  10TH ST N, OAKDALE",TRAFFIC STOP
OAKDALE POLICE DEPARTMENT,OAKDALE,8/3/2026 12:55:40 AM,OD26009907,"3XXX  IDEAL AVE N, OAKDALE",TRAFFIC STOP
OAKDALE POLICE DEPARTMENT,OAKDALE,8/3/2026 6:47:27 AM,OD26009911,"1XXX  Hadley Ave N, OAKDALE",MEDICAL
OAKDALE POLICE DEPARTMENT,OAKDALE,8/3/2026 9:54:23 AM,OD26009916,"4XXX  Hayward Ave N, OAKDALE",CITIZEN/PUBLIC ASSIST
OAKDALE POLICE DEPARTMENT,OAKDALE,8/3/2026 10:02:50 AM,OD26009917,"1XXX  Hadley Ave N, OAKDALE",ACCIDENT
OAKDALE POLICE DEPARTMENT,OAKDALE,8/3/2026 10:39:56 AM,OD26009921,"7XXX  36TH ST N, OAKDALE",IDENTITY THEFT
OAKDALE POLICE DEPARTMENT,OAKDALE,8/3/2026 10:43:51 AM,OD26009922,"6XXX  15th St N, OAKDALE",FOLLOW UP
OAKDALE POLICE DEPARTMENT,OAKDALE,8/3/2026 10:51:49 AM,OD26009925,"6XXX  35th St N, OAKDALE",WELFARE CHECK
OAKDALE POLICE DEPARTMENT,OAKDALE,8/3/2026 10:59:40 AM,OD26009926,"7XXX  2ND ST N, OAKDALE",911 ABANDONED/HANGUP/OPEN LINE
OAKDALE POLICE DEPARTMENT,OAKDALE,8/3/2026 11:26:43 AM,OD26009929,"1XXX  Geneva Ave N, OAKDALE",SUSPICIOUS PERSON/ACTIVITY
OAKDALE POLICE DEPARTMENT,OAKDALE,8/3/2026 11:50:35 AM,OD26009932,"8XXX  4th St N, OAKDALE",MEDICAL
OAKDALE POLICE DEPARTMENT,OAKDALE,8/3/2026 11:58:06 AM,OD26009933,"1XXX  HELMO AVE N, OAKDALE",911 ABANDONED/HANGUP/OPEN LINE
OAKDALE POLICE DEPARTMENT,OAKDALE,8/3/2026 12:01:17 PM,OD26009934,"7XXX  38TH ST N, OAKDALE",FOUND PROPERTY/ITEM
OAKDALE POLICE DEPARTMENT,OAKDALE,8/3/2026 12:20:59 PM,OD26009935,"5XXX  HADLEY AVE N, OAKDALE",LOST PROPERTY/ITEM
OAKDALE POLICE DEPARTMENT,OAKDALE,8/3/2026 12:25:43 PM,OD26009936,"3XXX  Gresham Way N, OAKDALE",911 ABANDONED/HANGUP/OPEN LINE
OAKDALE POLICE DEPARTMENT,OAKDALE,8/3/2026 12:43:00 PM,OD26009937,"5XXX  Hadley Ave N, OAKDALE",SHOPLIFTING
OAKDALE POLICE DEPARTMENT,OAKDALE,8/3/2026 1:07:12 PM,OD26009939,"34th St N / Hemingway Ave N, OAKDALE",CITIZEN/PUBLIC ASSIST
OAKDALE POLICE DEPARTMENT,OAKDALE,8/3/2026 1:53:03 PM,OD26009941,"4XXX  Heath Ave N, OAKDALE",FOUND PROPERTY/ITEM
OAKDALE POLICE DEPARTMENT,OAKDALE,8/3/2026 2:16:34 PM,OD26009943,"6XXX  15th St N, OAKDALE",CIVIL MATTER/DISPUTE
OAKDALE POLICE DEPARTMENT,OAKDALE,8/3/2026 3:01:53 PM,OD26009944,"1XXX  Hadley Ave N, OAKDALE",LOST PROPERTY/ITEM
OAKDALE POLICE DEPARTMENT,OAKDALE,8/3/2026 4:02:34 PM,OD26009947,"4XXX  HAYWARD RD N, OAKDALE",911 ABANDONED/HANGUP/OPEN LINE
OAKDALE POLICE DEPARTMENT,OAKDALE,8/3/2026 6:08:35 PM,OD26009950,"5XXX  GENEVA AVE N, OAKDALE",TRAFFIC STOP
OAKDALE POLICE DEPARTMENT,OAKDALE,8/3/2026 6:30:00 PM,OD26009952,"6XXX  GOPHER BLVD N, OAKDALE",NEIGHBOR DISPUTE
OAKDALE POLICE DEPARTMENT,OAKDALE,8/3/2026 6:51:01 PM,OD26009953,"6XXX  40TH ST N, OAKDALE",WARRANT ATTEMPT
OAKDALE POLICE DEPARTMENT,OAKDALE,8/3/2026 7:24:31 PM,OD26009954,"5XXX  Hadley Ave N, OAKDALE",DISTURBANCE
OAKDALE POLICE DEPARTMENT,OAKDALE,8/3/2026 7:40:24 PM,OD26009955,"6XXX  HIGHWAY 36 BLVD N, OAKDALE",SUSPICIOUS PERSON/ACTIVITY
OAKDALE POLICE DEPARTMENT,OAKDALE,8/3/2026 7:51:29 PM,OD26009956,"Stillwater Blvd N / Granada Ave N, OAKDALE",TRAFFIC COMPLAINT
OAKDALE POLICE DEPARTMENT,OAKDALE,8/3/2026 7:59:08 PM,OD26009957,"6XXX  21st St N, OAKDALE",CHILD CUSTODY
OAKDALE POLICE DEPARTMENT,OAKDALE,8/3/2026 8:29:53 PM,OD26009958,"1XXX  Granada Ave N, OAKDALE",911 ABANDONED/HANGUP/OPEN LINE
OAKDALE POLICE DEPARTMENT,OAKDALE,8/3/2026 9:22:53 PM,OD26009960,"5XXX  Hadley Ave N, OAKDALE",ACCIDENT
OAKDALE POLICE DEPARTMENT,OAKDALE,8/3/2026 10:07:42 PM,OD26009961,"2XXX  GENEVA AVE N, OAKDALE",TRAFFIC STOP
OAKDALE POLICE DEPARTMENT,OAKDALE,8/3/2026 10:33:37 PM,OD26009962,"40TH ST N / HADLEY AVE N, OAKDALE",TRAFFIC STOP
OAKDALE POLICE DEPARTMENT,OAKDALE,8/3/2026 10:50:04 PM,OD26009963,"6XXX  34TH ST N, OAKDALE",TRAFFIC STOP
OAKDALE POLICE DEPARTMENT,OAKDALE,8/3/2026 10:52:37 PM,OD26009964,"2XXX  Granite Ave N, OAKDALE",NOISE COMPLAINT/DISTURBANCE
OAKDALE POLICE DEPARTMENT,OAKDALE,8/3/2026 11:34:26 PM,OD26009966,"40TH ST N / GENEVA AVE N, OAKDALE",TRAFFIC STOP
OAKDALE POLICE DEPARTMENT,OAKDALE,8/3/2026 11:46:55 PM,OD26009968,"34TH ST N / GENEVA AVE N, OAKDALE",TRAFFIC STOP
OAKDALE POLICE DEPARTMENT,OAKDALE,8/3/2026 11:53:21 PM,OD26009969,"6XXX  21st St N, OAKDALE",MISSING PERSON
OAKDALE POLICE DEPARTMENT,OAKDALE,8/4/2026 12:24:05 AM,OD26009970,"HADLEY AVE N / GENEVA AVE N, OAKDALE",TRAFFIC STOP
OAKDALE POLICE DEPARTMENT,OAKDALE,8/4/2026 12:39:48 AM,OD26009971,"1XXX  GENEVA AVE N, OAKDALE",TRAFFIC STOP
OAKDALE POLICE DEPARTMENT,OAKDALE,8/4/2026 6:13:32 AM,OD26009972,"XXX Hickory Ln N, OAKDALE",MEDICAL
OAKDALE POLICE DEPARTMENT,OAKDALE,8/4/2026 6:30:11 AM,OD26009973,"6XXX  Upper 46th St N, OAKDALE",ANIMAL COMPLAINT
OAKDALE POLICE DEPARTMENT,OAKDALE,8/4/2026 7:08:05 AM,OD26009975,"3XXX  Granada Ln N, OAKDALE",UNWANTED PERSON/VEHICLE
OAKDALE POLICE DEPARTMENT,OAKDALE,8/4/2026 7:50:36 AM,OD26009976,"2XXX  Hayward Ave N, OAKDALE",MEDICAL
OAKDALE POLICE DEPARTMENT,OAKDALE,8/4/2026 7:59:15 AM,OD26009977,"7XXX  10th St N, OAKDALE",DISTURBANCE
OAKDALE POLICE DEPARTMENT,OAKDALE,8/4/2026 8:14:00 AM,OD26009978,"6XXX  15th St N, OAKDALE",LOST PROPERTY/ITEM
OAKDALE POLICE DEPARTMENT,OAKDALE,8/4/2026 8:54:41 AM,OD26009979,"6XXX  40TH ST N, OAKDALE",ANIMAL COMPLAINT
OAKDALE POLICE DEPARTMENT,OAKDALE,8/4/2026 9:30:15 AM,OD26009980,"XXX Granada Ave N, OAKDALE",CITIZEN/PUBLIC ASSIST
OAKDALE POLICE DEPARTMENT,OAKDALE,8/4/2026 12:08:14 PM,OD26009983,"6XXX  Upper 51st St N, OAKDALE",CIVIL MATTER/DISPUTE
OAKDALE POLICE DEPARTMENT,OAKDALE,8/4/2026 12:56:39 PM,OD26009984,"7XXX  36TH ST N, OAKDALE",ALARM-BUSINESS/RES/FIRE/MEDICAL/ETC
OAKDALE POLICE DEPARTMENT,OAKDALE,8/4/2026 2:08:14 PM,OD26009987,"4XXX  GRANADA AVE N, OAKDALE",PARKING VIOLATION
OAKDALE POLICE DEPARTMENT,OAKDALE,8/4/2026 3:47:23 PM,OD26009994,"6XXX  21st St N, OAKDALE",FOLLOW UP
OAKDALE POLICE DEPARTMENT,OAKDALE,8/4/2026 4:28:12 PM,OD26009995,"6XXX  Upper 51st St N, OAKDALE",SUSPICIOUS PERSON/ACTIVITY
OAKDALE POLICE DEPARTMENT,OAKDALE,8/4/2026 5:38:42 PM,OD26009997,"6XXX  Upper 35th St N, OAKDALE",911 ABANDONED/HANGUP/OPEN LINE
OAKDALE POLICE DEPARTMENT,OAKDALE,8/4/2026 6:49:33 PM,OD26009998,"XXX GENEVA AVE N, OAKDALE",SHOPLIFTING
OAKDALE POLICE DEPARTMENT,OAKDALE,8/4/2026 8:01:03 PM,OD26009999,"7XXX  10th St N, OAKDALE",WELFARE CHECK
OAKDALE POLICE DEPARTMENT,OAKDALE,8/4/2026 8:07:00 PM,OD26010000,"6XXX  29TH ST N, OAKDALE",JUVENILE COMPLAINT
OAKDALE POLICE DEPARTMENT,OAKDALE,8/4/2026 8:33:56 PM,OD26010001,"1XXX  GENEVA AVE N, OAKDALE",ASSIST OTHER AGENCY
OAKDALE POLICE DEPARTMENT,OAKDALE,8/4/2026 9:26:57 PM,OD26010002,"6XXX  2nd St N, OAKDALE",RUNAWAY
OAKDALE POLICE DEPARTMENT,OAKDALE,8/4/2026 10:51:58 PM,OD26010003,"1XXX  HADLEY AVE N, OAKDALE",INTERNET CRIMES
OAKDALE POLICE DEPARTMENT,OAKDALE,8/5/2026 12:00:00 AM,OD26010066,"10TH ST N & GENEVA AVE N, OAKDALE",TRAFFIC STOP
OAKDALE POLICE DEPARTMENT,OAKDALE,8/5/2026 12:22:04 AM,OD26010004,"HADLEY AVE N / 7TH ST N, OAKDALE",SUSPICIOUS PERSON/ACTIVITY
OAKDALE POLICE DEPARTMENT,OAKDALE,8/5/2026 1:43:46 AM,OD26010006,"4TH ST N / INWOOD AVE N, OAKDALE",TRAFFIC STOP
OAKDALE POLICE DEPARTMENT,OAKDALE,8/5/2026 6:33:40 AM,OD26010007,"6XXX  15TH ST N, OAKDALE",SUSPICIOUS PERSON/ACTIVITY
OAKDALE POLICE DEPARTMENT,OAKDALE,8/5/2026 7:39:22 AM,OD26010008,"GRANADA AVE N / GRANADA WAY N, OAKDALE",PARKING VIOLATION
OAKDALE POLICE DEPARTMENT,OAKDALE,8/5/2026 8:03:04 AM,OD26010009,"6XXX  HIGHWAY 36 BLVD N, OAKDALE",THEFT FROM MOTOR VEHICLE
OAKDALE POLICE DEPARTMENT,OAKDALE,8/5/2026 8:31:28 AM,OD26010011,"6XXX  15th St N, OAKDALE",CITIZEN/PUBLIC ASSIST
OAKDALE POLICE DEPARTMENT,OAKDALE,8/5/2026 9:18:40 AM,OD26010013,"4XXX  GRAFTON AVE N, OAKDALE",FOUND PROPERTY/ITEM
OAKDALE POLICE DEPARTMENT,OAKDALE,8/5/2026 9:29:41 AM,OD26010014,"7XXX  10TH ST N, OAKDALE",DISTURBANCE
OAKDALE POLICE DEPARTMENT,OAKDALE,8/5/2026 12:37:13 PM,OD26010022,"HUDSON BLVD N, OAKDALE",ACCIDENT
OAKDALE POLICE DEPARTMENT,OAKDALE,8/5/2026 12:44:35 PM,OD26010026,"4XXX  HILLVALE AVE N, OAKDALE",SUSPICIOUS PERSON/ACTIVITY
OAKDALE POLICE DEPARTMENT,OAKDALE,8/5/2026 12:52:53 PM,OD26010023,"5XXX  HADLEY AVE N, OAKDALE",DISTURBANCE
OAKDALE POLICE DEPARTMENT,OAKDALE,8/5/2026 1:07:08 PM,OD26010027,"6XXX  15th St N, OAKDALE",FOUND PROPERTY/ITEM
OAKDALE POLICE DEPARTMENT,OAKDALE,8/5/2026 1:08:47 PM,OD26010032,"4XXX  Hadley Ave N, OAKDALE",NOISE COMPLAINT/DISTURBANCE
OAKDALE POLICE DEPARTMENT,OAKDALE,8/5/2026 1:09:33 PM,OD26010025,"4XXX  Gershwin Ave N, OAKDALE",MEDICAL
OAKDALE POLICE DEPARTMENT,OAKDALE,8/5/2026 1:16:28 PM,OD26010030,"6XXX  12TH ST N, OAKDALE",PROPERTY DAMAGE
OAKDALE POLICE DEPARTMENT,OAKDALE,8/5/2026 1:56:31 PM,OD26010036,"6XXX  7th St N, OAKDALE",ANIMAL COMPLAINT
OAKDALE POLICE DEPARTMENT,OAKDALE,8/5/2026 2:23:09 PM,OD26010035,"7XXX  STILLWATER WAY N, OAKDALE",CITIZEN/PUBLIC ASSIST
OAKDALE POLICE DEPARTMENT,OAKDALE,8/5/2026 2:56:09 PM,OD26010038,"2XXX  Granite Ave N, OAKDALE",911 ABANDONED/HANGUP/OPEN LINE
OAKDALE POLICE DEPARTMENT,OAKDALE,8/5/2026 2:56:51 PM,OD26010037,"7XXX  32ND ST N, OAKDALE",SHOPLIFTING
OAKDALE POLICE DEPARTMENT,OAKDALE,8/5/2026 3:58:48 PM,OD26010042,"6XXX  15th St N, OAKDALE",SUSPICIOUS PERSON/ACTIVITY
OAKDALE POLICE DEPARTMENT,OAKDALE,8/5/2026 3:59:07 PM,OD26010043,"Stillwater Blvd N / Stillwater Way N, OAKDALE",TRAFFIC COMPLAINT
OAKDALE POLICE DEPARTMENT,OAKDALE,8/5/2026 4:50:56 PM,OD26010045,"2XXX  HOMESTEAD AVE N, OAKDALE",MEDICAL
OAKDALE POLICE DEPARTMENT,OAKDALE,8/5/2026 5:28:18 PM,OD26010046,"2XXX  GRANGE AVE N, OAKDALE",911 ABANDONED/HANGUP/OPEN LINE
OAKDALE POLICE DEPARTMENT,OAKDALE,8/5/2026 6:01:02 PM,OD26010047,"4XXX  Gershwin Ave N, OAKDALE",911 ABANDONED/HANGUP/OPEN LINE
OAKDALE POLICE DEPARTMENT,OAKDALE,8/5/2026 7:39:36 PM,OD26010049,"6XXX  15th St N, OAKDALE",PARKING COMPLAINT
OAKDALE POLICE DEPARTMENT,OAKDALE,8/5/2026 8:22:00 PM,OD26010051,"6XXX  10TH ST N, OAKDALE",TRAFFIC STOP
OAKDALE POLICE DEPARTMENT,OAKDALE,8/5/2026 8:38:57 PM,OD26010052,"GENEVA AVE N & 40TH ST N, OAKDALE",TRAFFIC STOP
OAKDALE POLICE DEPARTMENT,OAKDALE,8/5/2026 8:43:49 PM,OD26010053,"10TH ST N & GERSHWIN AVE N, OAKDALE",TRAFFIC STOP
OAKDALE POLICE DEPARTMENT,OAKDALE,8/5/2026 8:54:30 PM,OD26010054,"7XXX  10TH ST N, OAKDALE",TRAFFIC STOP
OAKDALE POLICE DEPARTMENT,OAKDALE,8/5/2026 9:02:25 PM,OD26010056,"2XXX  GRESHAM AVE N, OAKDALE",SUSPICIOUS PERSON/ACTIVITY
OAKDALE POLICE DEPARTMENT,OAKDALE,8/5/2026 9:02:49 PM,OD26010055,"HADLEY AVE N & 29TH ST N, OAKDALE",TRAFFIC STOP
OAKDALE POLICE DEPARTMENT,OAKDALE,8/5/2026 9:25:29 PM,OD26010057,"GENEVA AVE N / 15TH ST N, OAKDALE",TRAFFIC STOP
OAKDALE POLICE DEPARTMENT,OAKDALE,8/5/2026 9:25:52 PM,OD26010058,"7XXX  4TH ST N, OAKDALE",TRAFFIC STOP
OAKDALE POLICE DEPARTMENT,OAKDALE,8/5/2026 9:43:04 PM,OD26010059,"7XXX  4TH ST N, OAKDALE",TRAFFIC STOP
OAKDALE POLICE DEPARTMENT,OAKDALE,8/5/2026 9:53:00 PM,OD26010060,"7XXX  4TH ST N, OAKDALE",TRAFFIC STOP
OAKDALE POLICE DEPARTMENT,OAKDALE,8/5/2026 10:08:00 PM,OD26010061,"2XXX  GENEVA AVE N, OAKDALE",TRAFFIC STOP
OAKDALE POLICE DEPARTMENT,OAKDALE,8/5/2026 11:15:24 PM,OD26010062,"6XXX  Upper 35th St N, OAKDALE",HARASSMENT
OAKDALE POLICE DEPARTMENT,OAKDALE,8/5/2026 11:30:48 PM,OD26010063,"GENEVA AVE N & 10TH ST N, OAKDALE",TRAFFIC STOP
OAKDALE POLICE DEPARTMENT,OAKDALE,8/5/2026 11:43:11 PM,OD26010065,"3XXX  HADLEY AVE N, OAKDALE",PARK INCIDENT-CITY/COUNTY
OAKDALE POLICE DEPARTMENT,OAKDALE,8/5/2026 11:55:05 PM,OD26010067,"6XXX  36TH ST N, OAKDALE",SUSPICIOUS PERSON/ACTIVITY
OAKDALE POLICE DEPARTMENT,OAKDALE,8/6/2026 12:35:17 AM,OD26010068,"3XXX  HADLEY AVE N, OAKDALE",TRAFFIC STOP
OAKDALE POLICE DEPARTMENT,OAKDALE,8/6/2026 1:11:00 AM,OD26010069,"3XXX  HADLEY AVE N, OAKDALE",TRAFFIC STOP
OAKDALE POLICE DEPARTMENT,OAKDALE,8/6/2026 1:15:35 AM,OD26010070,"7XXX  27TH STREET CIR N, OAKDALE",MEDICAL
OAKDALE POLICE DEPARTMENT,OAKDALE,8/6/2026 2:19:32 AM,OD26010071,"5XXX  Hadley Ave N, OAKDALE",SUSPICIOUS PERSON/ACTIVITY
OAKDALE POLICE DEPARTMENT,OAKDALE,8/6/2026 7:30:32 AM,OD26010072,"8XXX  4th St N, OAKDALE",PARKING COMPLAINT
OAKDALE POLICE DEPARTMENT,OAKDALE,8/6/2026 9:39:16 AM,OD26010075,"Helmo Ave N / 10th St N, OAKDALE",ACCIDENT
OAKDALE POLICE DEPARTMENT,OAKDALE,8/6/2026 9:56:04 AM,OD26010076,"2XXX  GRENADIER AVE N, OAKDALE",SUSPICIOUS PERSON/ACTIVITY
OAKDALE POLICE DEPARTMENT,OAKDALE,8/6/2026 9:56:31 AM,OD26010077,"6XXX  3RD ST N, OAKDALE",ACCIDENT
OAKDALE POLICE DEPARTMENT,OAKDALE,8/6/2026 10:10:42 AM,OD26010078,"7XXX  10TH ST N, OAKDALE",TRAFFIC STOP
OAKDALE POLICE DEPARTMENT,OAKDALE,8/6/2026 10:24:05 AM,OD26010079,"6XXX  50th St N, OAKDALE",FOUND PROPERTY/ITEM
OAKDALE POLICE DEPARTMENT,OAKDALE,8/6/2026 11:10:31 AM,OD26010080,"Hallmark Ave N / 10th St N, OAKDALE",ACCIDENT
OAKDALE POLICE DEPARTMENT,OAKDALE,8/6/2026 11:29:11 AM,OD26010081,"XXX Imperial Ave N, OAKDALE",UNWANTED PERSON/VEHICLE
OAKDALE POLICE DEPARTMENT,OAKDALE,8/6/2026 12:30:17 PM,OD26010082,"1XXX  Glenbrook Ave N, OAKDALE",WELFARE CHECK
OAKDALE POLICE DEPARTMENT,OAKDALE,8/6/2026 2:18:35 PM,OD26010088,"1XXX  HILLVALE AVE N, OAKDALE",ANIMAL COMPLAINT
OAKDALE POLICE DEPARTMENT,OAKDALE,8/6/2026 2:37:23 PM,OD26010089,"6XXX  27TH ST N, OAKDALE",SUSPICIOUS PERSON/ACTIVITY
OAKDALE POLICE DEPARTMENT,OAKDALE,8/6/2026 2:48:50 PM,OD26010090,"7XXX  10th St N, OAKDALE",WELFARE CHECK
OAKDALE POLICE DEPARTMENT,OAKDALE,8/6/2026 2:54:28 PM,OD26010091,"4XXX  Geneva Ave N, OAKDALE",NOISE COMPLAINT/DISTURBANCE
OAKDALE POLICE DEPARTMENT,OAKDALE,8/6/2026 4:22:28 PM,OD26010093,"1XXX  HERON AVE N, OAKDALE",911 ABANDONED/HANGUP/OPEN LINE
OAKDALE POLICE DEPARTMENT,OAKDALE,8/6/2026 4:33:58 PM,OD26010096,"6XXX  43RD ST N, OAKDALE",LOST PROPERTY/ITEM
OAKDALE POLICE DEPARTMENT,OAKDALE,8/6/2026 4:34:22 PM,OD26010095,"6XXX  5th Street Ct N, OAKDALE",WELFARE CHECK
OAKDALE POLICE DEPARTMENT,OAKDALE,8/6/2026 4:51:24 PM,OD26010097,"6XXX  15th St N, OAKDALE",LOST PROPERTY/ITEM
OAKDALE POLICE DEPARTMENT,OAKDALE,8/6/2026 5:08:35 PM,OD26010101,"8XXX  4th St N, OAKDALE",ANIMAL COMPLAINT
OAKDALE POLICE DEPARTMENT,OAKDALE,8/6/2026 5:09:25 PM,OD26010099,"Hadley Ave N / 15th St N, OAKDALE",ACCIDENT
OAKDALE POLICE DEPARTMENT,OAKDALE,8/6/2026 5:22:38 PM,OD26010100,"7XXX  3rd St N, OAKDALE",ALARM-BUSINESS/RES/FIRE/MEDICAL/ETC
OAKDALE POLICE DEPARTMENT,OAKDALE,8/6/2026 6:07:43 PM,OD26010102,"6XXX  33rd St N, OAKDALE",911 ABANDONED/HANGUP/OPEN LINE
OAKDALE POLICE DEPARTMENT,OAKDALE,8/6/2026 6:18:26 PM,OD26010103,"HADLEY AVE N & 40TH ST N, OAKDALE",TRAFFIC STOP
OAKDALE POLICE DEPARTMENT,OAKDALE,8/6/2026 6:44:18 PM,OD26010104,"6XXX  15TH ST N, OAKDALE",OFFICER COMPLAINT/ALLEGATION
OAKDALE POLICE DEPARTMENT,OAKDALE,8/6/2026 6:58:50 PM,OD26010106,"XXX HERON AVE N, OAKDALE",911 ABANDONED/HANGUP/OPEN LINE
OAKDALE POLICE DEPARTMENT,OAKDALE,8/6/2026 7:31:53 PM,OD26010108,"4XXX  GERSHWIN AVE N, OAKDALE",DISTURBANCE
OAKDALE POLICE DEPARTMENT,OAKDALE,8/6/2026 7:57:41 PM,OD26010110,"5XXX  Geneva Ave N, OAKDALE",OFFICER INFORMATION
OAKDALE POLICE DEPARTMENT,OAKDALE,8/6/2026 8:00:26 PM,OD26010109,"6XXX  Upper 46th St N, OAKDALE",MEDICAL
OAKDALE POLICE DEPARTMENT,OAKDALE,8/6/2026 9:24:16 PM,OD26010111,"4XXX  Geneva Ave N, OAKDALE",ANIMAL COMPLAINT
OAKDALE POLICE DEPARTMENT,OAKDALE,8/6/2026 9:49:38 PM,OD26010112,"10th St N Over I694, OAKDALE",ACCIDENT
OAKDALE POLICE DEPARTMENT,OAKDALE,8/6/2026 9:52:16 PM,OD26010113,"1XXX  GENEVA AVE N, OAKDALE",ALARM-BUSINESS/RES/FIRE/MEDICAL/ETC
OAKDALE POLICE DEPARTMENT,OAKDALE,8/6/2026 11:49:00 PM,OD26010117,"3XXX  GOODWIN CT N, OAKDALE",PARKING COMPLAINT
OAKDALE POLICE DEPARTMENT,OAKDALE,8/7/2026 12:56:59 AM,OD26010118,"10TH ST N TO I694 SB RAMP, OAKDALE",TRAFFIC STOP
OAKDALE POLICE DEPARTMENT,OAKDALE,8/7/2026 1:49:15 AM,OD26010120,"5XXX  GENEVA AVE N, OAKDALE",TRAFFIC STOP
OAKDALE POLICE DEPARTMENT,OAKDALE,8/7/2026 8:12:49 AM,OD26010122,"1XXX  Granada Cir N, OAKDALE",BURNING COMPLAINT
OAKDALE POLICE DEPARTMENT,OAKDALE,8/7/2026 8:44:32 AM,OD26010123,"6XXX  47TH ST N, OAKDALE",SUSPICIOUS PERSON/ACTIVITY
OAKDALE POLICE DEPARTMENT,OAKDALE,8/7/2026 11:11:22 AM,OD26010126,"7XXX  34TH ST N, OAKDALE",MOTORIST ASSIST
OAKDALE POLICE DEPARTMENT,OAKDALE,8/7/2026 12:03:20 PM,OD26010128,"XXX Inwood Ave N, OAKDALE",UNWANTED PERSON/VEHICLE
OAKDALE POLICE DEPARTMENT,OAKDALE,8/7/2026 1:21:42 PM,OD26010130,"1XXX  HOLLY AVE N, OAKDALE",ANIMAL COMPLAINT
OAKDALE POLICE DEPARTMENT,OAKDALE,8/7/2026 1:59:07 PM,OD26010133,"1XXX  Guthrie Ave N, OAKDALE",WELFARE CHECK
OAKDALE POLICE DEPARTMENT,OAKDALE,8/7/2026 3:05:26 PM,OD26010135,"1XXX  Hallmark Cir N, OAKDALE",WELFARE CHECK
OAKDALE POLICE DEPARTMENT,OAKDALE,8/7/2026 3:11:33 PM,OD26010136,"6XXX  15th St N, OAKDALE",CITIZEN/PUBLIC ASSIST
OAKDALE POLICE DEPARTMENT,OAKDALE,8/7/2026 3:16:56 PM,OD26010137,"7XXX  46TH STREET WAY N, OAKDALE",CITIZEN/PUBLIC ASSIST
OAKDALE POLICE DEPARTMENT,OAKDALE,8/7/2026 3:54:47 PM,OD26010139,"1XXX  GENEVA AVE N, OAKDALE",911 ABANDONED/HANGUP/OPEN LINE
OAKDALE POLICE DEPARTMENT,OAKDALE,8/7/2026 4:13:07 PM,OD26010140,"XXX Heron Ave N, OAKDALE",FRAUD/SCAM
OAKDALE POLICE DEPARTMENT,OAKDALE,8/7/2026 4:27:03 PM,OD26010141,"2XXX  GENEVA AVE N, OAKDALE",DISTURBANCE
OAKDALE POLICE DEPARTMENT,OAKDALE,8/7/2026 4:45:00 PM,OD26010142,"6XXX  15TH ST N, OAKDALE",TRAFFIC STOP
OAKDALE POLICE DEPARTMENT,OAKDALE,8/7/2026 5:59:11 PM,OD26010145,"1XXX  GENTRY AVE N, OAKDALE",911 ABANDONED/HANGUP/OPEN LINE
OAKDALE POLICE DEPARTMENT,OAKDALE,8/7/2026 6:05:16 PM,OD26010146,"7XXX  32nd St N, OAKDALE",DISTURBANCE
OAKDALE POLICE DEPARTMENT,OAKDALE,8/7/2026 6:52:15 PM,OD26010147,"HELMO AVE N & HENSLOW AVE N, OAKDALE",TRAFFIC STOP
OAKDALE POLICE DEPARTMENT,OAKDALE,8/7/2026 6:54:35 PM,OD26010148,"Helmo Ave N / Upper 26th St N, OAKDALE",TRAFFIC STOP
OAKDALE POLICE DEPARTMENT,OAKDALE,8/7/2026 6:59:57 PM,OD26010149,"HELMO AVE N & HENSLOW AVE N, OAKDALE",TRAFFIC STOP
OAKDALE POLICE DEPARTMENT,OAKDALE,8/7/2026 7:01:26 PM,OD26010150,"40TH ST N & HADLEY AVE N, OAKDALE",TRAFFIC STOP
OAKDALE POLICE DEPARTMENT,OAKDALE,8/7/2026 7:51:49 PM,OD26010151,"HELMO AVE N & HENSLOW AVE N, OAKDALE",TRAFFIC STOP
OAKDALE POLICE DEPARTMENT,OAKDALE,8/7/2026 7:57:40 PM,OD26010152,"XXX GENEVA AVE N, OAKDALE",MEDICAL
OAKDALE POLICE DEPARTMENT,OAKDALE,8/7/2026 8:34:08 PM,OD26010153,"4XXX  GENEVA AVE N, OAKDALE",ANIMAL COMPLAINT
OAKDALE POLICE DEPARTMENT,OAKDALE,8/7/2026 10:15:14 PM,OD26010155,"3XXX  GERSHWIN LN N, OAKDALE",911 ABANDONED/HANGUP/OPEN LINE
OAKDALE POLICE DEPARTMENT,OAKDALE,8/7/2026 10:44:29 PM,OD26010156,"7XXX  2ND ST N, OAKDALE",911 ABANDONED/HANGUP/OPEN LINE
OAKDALE POLICE DEPARTMENT,OAKDALE,8/7/2026 10:46:36 PM,OD26010157,"1XXX  GRANITE LN N, OAKDALE",MEDICAL
OAKDALE POLICE DEPARTMENT,OAKDALE,8/7/2026 10:57:00 PM,OD26010158,"GRANADA AVE N / UPPER 46TH ST N, OAKDALE",MAIL THEFT
OAKDALE POLICE DEPARTMENT,OAKDALE,8/7/2026 11:08:43 PM,OD26010159,"7XXX  36TH ST N, OAKDALE",911 ABANDONED/HANGUP/OPEN LINE
OAKDALE POLICE DEPARTMENT,OAKDALE,8/8/2026 12:03:01 AM,OD26010161,"3XXX  Goodwin Ct N, OAKDALE",WELFARE CHECK
OAKDALE POLICE DEPARTMENT,OAKDALE,8/8/2026 1:05:21 AM,OD26010162,"1XXX  GENEVA AVE N, OAKDALE",TRAFFIC STOP
OAKDALE POLICE DEPARTMENT,OAKDALE,8/8/2026 1:06:14 AM,OD26010163,"XXX GENTRY AVE N, OAKDALE",NOISE COMPLAINT/DISTURBANCE
OAKDALE POLICE DEPARTMENT,OAKDALE,8/8/2026 1:38:32 AM,OD26010164,"1XXX  HADLEY AVE N, OAKDALE",SUSPICIOUS PERSON/ACTIVITY
OAKDALE POLICE DEPARTMENT,OAKDALE,8/8/2026 6:45:44 AM,OD26010167,"7XXX  36th St N, OAKDALE",911 ABANDONED/HANGUP/OPEN LINE
OAKDALE POLICE DEPARTMENT,OAKDALE,8/8/2026 10:41:24 AM,OD26010172,"6XXX  27th St N, OAKDALE",WELFARE CHECK
OAKDALE POLICE DEPARTMENT,OAKDALE,8/8/2026 11:28:53 AM,OD26010174,"2XXX  HADLEY AVE N, OAKDALE",TRAFFIC STOP
OAKDALE POLICE DEPARTMENT,OAKDALE,8/8/2026 11:57:56 AM,OD26010178,"XXX GREENWAY AVE N, OAKDALE",THREATS
OAKDALE POLICE DEPARTMENT,OAKDALE,8/8/2026 12:17:44 PM,OD26010177,"Helmo Ave N / 4th St N, OAKDALE",MEDICAL
OAKDALE POLICE DEPARTMENT,OAKDALE,8/8/2026 12:25:25 PM,OD26010179,"7XXX  10TH ST N, OAKDALE",SUSPICIOUS PERSON/ACTIVITY
OAKDALE POLICE DEPARTMENT,OAKDALE,8/8/2026 12:43:44 PM,OD26010180,"1XXX  Hadley Ave N, OAKDALE",NOISE COMPLAINT/DISTURBANCE
OAKDALE POLICE DEPARTMENT,OAKDALE,8/8/2026 12:44:32 PM,OD26010181,"Helmo Ave N / 6th St N, OAKDALE",WELFARE CHECK
OAKDALE POLICE DEPARTMENT,OAKDALE,8/8/2026 1:43:52 PM,OD26010182,"2XXX  GENEVA AVE N, OAKDALE",CITIZEN/PUBLIC ASSIST
OAKDALE POLICE DEPARTMENT,OAKDALE,8/8/2026 2:07:12 PM,OD26010185,"7XXX  32ND ST N, OAKDALE",MEDICAL
OAKDALE POLICE DEPARTMENT,OAKDALE,8/8/2026 3:15:18 PM,OD26010188,"3XXX  GROVNER RD N, OAKDALE",911 ABANDONED/HANGUP/OPEN LINE
OAKDALE POLICE DEPARTMENT,OAKDALE,8/8/2026 3:27:14 PM,OD26010189,"1XXX  Geneva Ave N, OAKDALE",VEHICLE UNLOCK
OAKDALE POLICE DEPARTMENT,OAKDALE,8/8/2026 3:56:00 PM,OD26010138,"7XXX  38TH ST N, OAKDALE",PARKING VIOLATION
OAKDALE POLICE DEPARTMENT,OAKDALE,8/8/2026 5:13:58 PM,OD26010192,"6XXX  50th St N, OAKDALE",NOISE COMPLAINT/DISTURBANCE
OAKDALE POLICE DEPARTMENT,OAKDALE,8/8/2026 5:20:00 PM,OD26010193,"2XXX  Hemingway Ave N, OAKDALE",911 ABANDONED/HANGUP/OPEN LINE
OAKDALE POLICE DEPARTMENT,OAKDALE,8/8/2026 7:02:53 PM,OD26010195,"1XXX  Geneva Ave N, OAKDALE",CITIZEN/PUBLIC ASSIST
OAKDALE POLICE DEPARTMENT,OAKDALE,8/8/2026 7:06:23 PM,OD26010196,"6XXX  GOPHER BLVD N, OAKDALE",TRAFFIC COMPLAINT
OAKDALE POLICE DEPARTMENT,OAKDALE,8/8/2026 7:16:26 PM,OD26010197,"4XXX  HELMO AVE N, OAKDALE",WELFARE CHECK
OAKDALE POLICE DEPARTMENT,OAKDALE,8/8/2026 7:27:00 PM,OD26010198,"3XXX  HEATH AVE N, OAKDALE",NOISE COMPLAINT/DISTURBANCE
OAKDALE POLICE DEPARTMENT,OAKDALE,8/8/2026 7:52:57 PM,OD26010200,"6XXX  15TH ST N, OAKDALE",FOUND PROPERTY/ITEM
OAKDALE POLICE DEPARTMENT,OAKDALE,8/8/2026 8:00:05 PM,OD26010201,"4XXX  Heather Ridge Rd N, OAKDALE",WELFARE CHECK
OAKDALE POLICE DEPARTMENT,OAKDALE,8/8/2026 8:23:42 PM,OD26010202,"3XXX  Heath Ave N, OAKDALE",NOISE COMPLAINT/DISTURBANCE
OAKDALE POLICE DEPARTMENT,OAKDALE,8/8/2026 9:32:30 PM,OD26010204,"GENEVA AVE N & 46TH ST N, OAKDALE",TRAFFIC COMPLAINT
OAKDALE POLICE DEPARTMENT,OAKDALE,8/8/2026 9:55:42 PM,OD26010205,"GENEVA AVE N / 27TH ST N, OAKDALE",ASSIST OTHER AGENCY
OAKDALE POLICE DEPARTMENT,OAKDALE,8/8/2026 10:18:40 PM,OD26010206,"6XXX  56th St N, OAKDALE",SUSPICIOUS PERSON/ACTIVITY
OAKDALE POLICE DEPARTMENT,WOODBURY,8/2/2026 5:42:34 PM,OD26009836,"XX I94 Wb To Century Ave Ramp, WOODBURY",ACCIDENT
OAKDALE POLICE DEPARTMENT,WOODBURY,8/7/2026 2:55:38 AM,OD26010121,"6XXX  Collingwood Ln, WOODBURY",ASSIST OTHER AGENCY
OAKDALE POLICE DEPARTMENT,WOODBURY,8/7/2026 8:49:21 PM,OD26010154,"I94 Wb At Keats Ave N, WOODBURY",ASSIST OTHER AGENCY
ST. PAUL PARK POLICE DEPARTMENT,SAINT PAUL PARK,8/2/2026 10:10:00 AM,SP26006516,"1XXX  - 1798 LINCOLN AVE, SAINT PAUL PARK",TRAFFIC STOP
STILLWATER POLICE DEPARTMENT,LAKE ELMO,8/5/2026 10:44:00 PM,SW26007344,"HWY 36 WB JWO MANNING AVE N, LAKE ELMO",TRAFFIC STOP
STILLWATER POLICE DEPARTMENT,OAK PARK HEIGHTS,8/8/2026 1:59:47 AM,SW26007420,"60th St N / Beach Rd N, OAK PARK HEIGHTS",WELFARE CHECK
STILLWATER POLICE DEPARTMENT,STILLWATER,8/2/2026 12:11:21 AM,SW26007210,"XXX Main St S, STILLWATER",WELFARE CHECK
STILLWATER POLICE DEPARTMENT,STILLWATER,8/2/2026 12:18:27 AM,SW26007211,"1XXX  BROADWAY ST N, STILLWATER",ALARM-BUSINESS/RES/FIRE/MEDICAL/ETC
STILLWATER POLICE DEPARTMENT,STILLWATER,8/2/2026 1:59:32 AM,SW26007216,"XXX Main St S, STILLWATER",DISTURBANCE
STILLWATER POLICE DEPARTMENT,STILLWATER,8/2/2026 2:41:24 AM,SW26007218,"2XXX  Hidden Valley Ln, STILLWATER",911 ABANDONED/HANGUP/OPEN LINE
STILLWATER POLICE DEPARTMENT,STILLWATER,8/2/2026 3:32:42 AM,SW26007219,"XXX Main St S, STILLWATER",CITIZEN/PUBLIC ASSIST
STILLWATER POLICE DEPARTMENT,STILLWATER,8/2/2026 4:07:29 AM,SW26007220,"XXX Martha St S, STILLWATER",ANIMAL COMPLAINT
STILLWATER POLICE DEPARTMENT,STILLWATER,8/2/2026 10:27:05 AM,SW26007227,"Broadway St S / Pine St E, STILLWATER",SUSPICIOUS PERSON/ACTIVITY
STILLWATER POLICE DEPARTMENT,STILLWATER,8/2/2026 11:05:52 AM,SW26007228,"1XXX  Tower Dr, STILLWATER",ALARM-BUSINESS/RES/FIRE/MEDICAL/ETC
STILLWATER POLICE DEPARTMENT,STILLWATER,8/2/2026 12:05:42 PM,SW26007229,"XXX 2ND ST N, STILLWATER",911 ABANDONED/HANGUP/OPEN LINE
STILLWATER POLICE DEPARTMENT,STILLWATER,8/2/2026 12:26:16 PM,SW26007230,"Burlington St E / 5th Ave S, STILLWATER",ANIMAL COMPLAINT
STILLWATER POLICE DEPARTMENT,STILLWATER,8/2/2026 3:38:31 PM,SW26007233,"XXX Greeley St S, STILLWATER",ANIMAL BITE
STILLWATER POLICE DEPARTMENT,STILLWATER,8/2/2026 4:34:19 PM,SW26007234,"XXX Main St N, STILLWATER",MEDICAL
STILLWATER POLICE DEPARTMENT,STILLWATER,8/2/2026 8:06:48 PM,SW26007236,"1XXX  Northwestern Ave, STILLWATER",OFFICER INFORMATION
STILLWATER POLICE DEPARTMENT,STILLWATER,8/2/2026 11:54:46 PM,SW26007243,"Water St S / Chestnut St E, STILLWATER",911 ABANDONED/HANGUP/OPEN LINE
STILLWATER POLICE DEPARTMENT,STILLWATER,8/3/2026 12:51:52 AM,SW26007245,"1XXX  Cottage Dr, STILLWATER",MEDICAL
STILLWATER POLICE DEPARTMENT,STILLWATER,8/3/2026 1:11:40 AM,SW26007246,"STILLWATER LIFT BRIDGE (PEDESTRIAN) - MN, STILLWATER",WELFARE CHECK
STILLWATER POLICE DEPARTMENT,STILLWATER,8/3/2026 1:58:42 AM,SW26007247,"14XXX  62ND ST N, STILLWATER",MEDICAL
STILLWATER POLICE DEPARTMENT,STILLWATER,8/3/2026 9:10:43 AM,SW26007249,"XXX Olive St W, STILLWATER",THEFT
STILLWATER POLICE DEPARTMENT,STILLWATER,8/3/2026 10:25:44 AM,SW26007251,"XXX Evergreen Ct, STILLWATER",ANIMAL COMPLAINT
STILLWATER POLICE DEPARTMENT,STILLWATER,8/3/2026 2:28:53 PM,SW26007254,"XXX 4th St N, STILLWATER",TRAFFIC COMPLAINT
STILLWATER POLICE DEPARTMENT,STILLWATER,8/3/2026 2:29:19 PM,SW26007255,"XXX Main St S, STILLWATER",ANIMAL COMPLAINT
STILLWATER POLICE DEPARTMENT,STILLWATER,8/3/2026 3:23:04 PM,SW26007258,"1XXX  1st St S, STILLWATER",CIVIL MATTER/DISPUTE
STILLWATER POLICE DEPARTMENT,STILLWATER,8/3/2026 3:23:14 PM,SW26007256,"ORLEANS ST W / GREELEY ST S, STILLWATER",ACCIDENT
STILLWATER POLICE DEPARTMENT,STILLWATER,8/3/2026 3:45:44 PM,SW26007259,"Washington Ave / Frontage Rd W, STILLWATER",ACCIDENT
STILLWATER POLICE DEPARTMENT,STILLWATER,8/3/2026 5:31:22 PM,SW26007260,"XXX 3rd St S, STILLWATER",ALARM-BUSINESS/RES/FIRE/MEDICAL/ETC
STILLWATER POLICE DEPARTMENT,STILLWATER,8/3/2026 5:47:03 PM,SW26007261,"1XXX  1ST ST N, STILLWATER",ANIMAL COMPLAINT
STILLWATER POLICE DEPARTMENT,STILLWATER,8/3/2026 6:34:00 PM,SW26007262,"1XXX  Cottage Dr, STILLWATER",FRAUD/SCAM
STILLWATER POLICE DEPARTMENT,STILLWATER,8/3/2026 6:45:23 PM,SW26007263,"1XXX  Frontage Rd W, STILLWATER",CIVIL MATTER/DISPUTE
STILLWATER POLICE DEPARTMENT,STILLWATER,8/3/2026 7:23:47 PM,SW26007265,"XXX MAIN ST S, STILLWATER",CITIZEN/PUBLIC ASSIST
STILLWATER POLICE DEPARTMENT,STILLWATER,8/3/2026 7:48:46 PM,SW26007266,"XXX Holcombe St S, STILLWATER",MEDICAL
STILLWATER POLICE DEPARTMENT,STILLWATER,8/3/2026 8:59:27 PM,SW26007267,"BOUTWELL RD N / MORGAN AVE N, STILLWATER",WELFARE CHECK
STILLWATER POLICE DEPARTMENT,STILLWATER,8/3/2026 9:16:39 PM,SW26007268,"Manning Ave N / Linden Ave N, STILLWATER",ACCIDENT
STILLWATER POLICE DEPARTMENT,STILLWATER,8/3/2026 10:29:33 PM,SW26007272,"Unknown, STILLWATER",WELFARE CHECK
STILLWATER POLICE DEPARTMENT,STILLWATER,8/3/2026 10:36:36 PM,SW26007273,"XXX - 626 3RD ST S, STILLWATER",TRAFFIC STOP
STILLWATER POLICE DEPARTMENT,STILLWATER,8/4/2026 12:00:00 AM,SW26007285,"1XXX  Olive St W, STILLWATER",WARRANT ARREST
STILLWATER POLICE DEPARTMENT,STILLWATER,8/4/2026 12:00:11 AM,SW26007274,"XXX Main St S, STILLWATER",LOST PROPERTY/ITEM
STILLWATER POLICE DEPARTMENT,STILLWATER,8/4/2026 4:39:16 AM,SW26007277,"2XXX  Brewers Ln, STILLWATER",MEDICAL
STILLWATER POLICE DEPARTMENT,STILLWATER,8/4/2026 6:12:37 AM,SW26007278,"1XXX  William St N, STILLWATER",ANIMAL COMPLAINT
STILLWATER POLICE DEPARTMENT,STILLWATER,8/4/2026 8:19:58 AM,SW26007279,"1XXX  Curve Crest Blvd, STILLWATER",DRUGS
STILLWATER POLICE DEPARTMENT,STILLWATER,8/4/2026 8:36:53 AM,SW26007280,"80th St N / Manning Ave N, STILLWATER",FIRE
STILLWATER POLICE DEPARTMENT,STILLWATER,8/4/2026 8:58:41 AM,SW26007281,"XXX CHURCHILL ST W, STILLWATER",WELFARE CHECK
STILLWATER POLICE DEPARTMENT,STILLWATER,8/4/2026 9:04:49 AM,SW26007282,"2XXX  Long Lake Dr, STILLWATER",MEDICAL
STILLWATER POLICE DEPARTMENT,STILLWATER,8/4/2026 9:08:16 AM,SW26007283,"1XXX  WILLIAM ST N, STILLWATER",CIVIL MATTER/DISPUTE
STILLWATER POLICE DEPARTMENT,STILLWATER,8/4/2026 9:20:06 AM,SW26007284,"Greeley St S / Myrtle St W, STILLWATER",WELFARE CHECK
STILLWATER POLICE DEPARTMENT,STILLWATER,8/4/2026 10:44:03 AM,SW26007286,"XXX Greeley St S, STILLWATER",MEDICAL
STILLWATER POLICE DEPARTMENT,STILLWATER,8/4/2026 10:54:22 AM,SW26007288,"6XXX  Stillwater Blvd N, STILLWATER",CITIZEN/PUBLIC ASSIST
STILLWATER POLICE DEPARTMENT,STILLWATER,8/4/2026 2:04:08 PM,SW26007291,"3XXX  Abercrombie Ln, STILLWATER",WARRANT ATTEMPT
STILLWATER POLICE DEPARTMENT,STILLWATER,8/4/2026 4:13:17 PM,SW26007296,"3XXX  Abercrombie Ln, STILLWATER",CITIZEN/PUBLIC ASSIST
STILLWATER POLICE DEPARTMENT,STILLWATER,8/4/2026 4:28:24 PM,SW26007297,"Grove St S / Pine St W, STILLWATER",TRAFFIC COMPLAINT
STILLWATER POLICE DEPARTMENT,STILLWATER,8/4/2026 4:36:19 PM,SW26007298,"XXX Main St N, STILLWATER",WARRANT ARREST
STILLWATER POLICE DEPARTMENT,STILLWATER,8/4/2026 6:31:20 PM,SW26007299,"3XXX  SETTLERS WAY, STILLWATER",DWI
STILLWATER POLICE DEPARTMENT,STILLWATER,8/4/2026 7:35:39 PM,SW26007301,"1XXX  Curve Crest Blvd, STILLWATER",ALARM-BUSINESS/RES/FIRE/MEDICAL/ETC
STILLWATER POLICE DEPARTMENT,STILLWATER,8/4/2026 8:17:57 PM,SW26007302,"1XXX  Pine St W, STILLWATER",ALARM-BUSINESS/RES/FIRE/MEDICAL/ETC
STILLWATER POLICE DEPARTMENT,STILLWATER,8/4/2026 9:37:10 PM,SW26007307,"Water St N / Myrtle St E, STILLWATER",CITIZEN/PUBLIC ASSIST
STILLWATER POLICE DEPARTMENT,STILLWATER,8/4/2026 9:41:31 PM,SW26007308,"XXX Myrtle St W, STILLWATER",DRIVING COMPLAINT
STILLWATER POLICE DEPARTMENT,STILLWATER,8/4/2026 10:43:34 PM,SW26007310,"3XXX  Maureen Ln, STILLWATER",UNWANTED PERSON/VEHICLE
STILLWATER POLICE DEPARTMENT,STILLWATER,8/5/2026 12:11:54 AM,SW26007312,"3XXX  Maureen Ln, STILLWATER",ALARM-BUSINESS/RES/FIRE/MEDICAL/ETC
STILLWATER POLICE DEPARTMENT,STILLWATER,8/5/2026 12:18:12 AM,SW26007313,"1XXX  Cottage Dr, STILLWATER",WELFARE CHECK
STILLWATER POLICE DEPARTMENT,STILLWATER,8/5/2026 8:28:29 AM,SW26007315,"XXX 2nd St N, STILLWATER",911 ABANDONED/HANGUP/OPEN LINE
STILLWATER POLICE DEPARTMENT,STILLWATER,8/5/2026 9:16:13 AM,SW26007316,"XXX 3rd St S, STILLWATER",FOUND PROPERTY/ITEM
STILLWATER POLICE DEPARTMENT,STILLWATER,8/5/2026 9:31:39 AM,SW26007318,"14XXX  62nd St N, STILLWATER",MEDICAL
STILLWATER POLICE DEPARTMENT,STILLWATER,8/5/2026 9:39:27 AM,SW26007319,"Harriet St S / Anderson St W, STILLWATER",ANIMAL COMPLAINT
STILLWATER POLICE DEPARTMENT,STILLWATER,8/5/2026 10:19:44 AM,SW26007320,"1XXX  Market Dr, STILLWATER",ALARM-BUSINESS/RES/FIRE/MEDICAL/ETC
STILLWATER POLICE DEPARTMENT,STILLWATER,8/5/2026 10:23:45 AM,SW26007321,"XXX Main St N, STILLWATER",ANIMAL COMPLAINT
STILLWATER POLICE DEPARTMENT,STILLWATER,8/5/2026 11:30:10 AM,SW26007322,"XXX 2nd St N, STILLWATER",ACCIDENT
STILLWATER POLICE DEPARTMENT,STILLWATER,8/5/2026 11:37:04 AM,SW26007323,"14XXX  62nd St N, STILLWATER",FOUND PROPERTY/ITEM
STILLWATER POLICE DEPARTMENT,STILLWATER,8/5/2026 11:58:53 AM,SW26007325,"XXX 2nd St N, STILLWATER",MEDICAL
STILLWATER POLICE DEPARTMENT,STILLWATER,8/5/2026 12:05:08 PM,SW26007326,"XXX Pine St W, STILLWATER",LOCKOUT
STILLWATER POLICE DEPARTMENT,STILLWATER,8/5/2026 12:32:12 PM,SW26007327,"XXX 4th St N, STILLWATER",THREATS
STILLWATER POLICE DEPARTMENT,STILLWATER,8/5/2026 12:57:00 PM,SW26007328,"XXX Greeley St S, STILLWATER",MEDICAL
STILLWATER POLICE DEPARTMENT,STILLWATER,8/5/2026 1:42:09 PM,SW26007330,"1XXX  Frontage Rd W, STILLWATER",MEDICAL
STILLWATER POLICE DEPARTMENT,STILLWATER,8/5/2026 2:05:53 PM,SW26007331,"Unknown, STILLWATER",CITIZEN/PUBLIC ASSIST
STILLWATER POLICE DEPARTMENT,STILLWATER,8/5/2026 2:08:56 PM,SW26007332,"XXX BRICK ST S, STILLWATER",DISTURBANCE
STILLWATER POLICE DEPARTMENT,STILLWATER,8/5/2026 5:12:29 PM,SW26007333,"XXX MAIN ST S, STILLWATER",FOUND PROPERTY/ITEM
STILLWATER POLICE DEPARTMENT,STILLWATER,8/5/2026 5:38:50 PM,SW26007335,"4th St S / Churchill St W, STILLWATER",ACCIDENT
STILLWATER POLICE DEPARTMENT,STILLWATER,8/5/2026 6:24:42 PM,SW26007337,"Creekside Xing / Boutwell Rd N, STILLWATER",NOISE COMPLAINT/DISTURBANCE
STILLWATER POLICE DEPARTMENT,STILLWATER,8/5/2026 8:56:28 PM,SW26007341,"1XXX  Frontage Rd W, STILLWATER",CITIZEN/PUBLIC ASSIST
STILLWATER POLICE DEPARTMENT,STILLWATER,8/5/2026 9:07:06 PM,SW26007342,"2XXX  Saddle Ct, STILLWATER",PROPERTY DAMAGE
STILLWATER POLICE DEPARTMENT,STILLWATER,8/5/2026 9:13:21 PM,SW26007343,"XXX 4th St N, STILLWATER",CITIZEN/PUBLIC ASSIST
STILLWATER POLICE DEPARTMENT,STILLWATER,8/5/2026 11:23:31 PM,SW26007345,"2XXX  Hidden Valley Ln, STILLWATER",SUSPICIOUS PERSON/ACTIVITY
STILLWATER POLICE DEPARTMENT,STILLWATER,8/6/2026 12:14:48 AM,SW26007346,"XXX Hidden Valley Ct, STILLWATER",REQUEST FOR EMERGENCY EXAM - 72 HR HOLD
STILLWATER POLICE DEPARTMENT,STILLWATER,8/6/2026 3:26:39 AM,SW26007348,"13XXX  Dellwood Rd N, STILLWATER",ALARM-BUSINESS/RES/FIRE/MEDICAL/ETC
STILLWATER POLICE DEPARTMENT,STILLWATER,8/6/2026 9:10:20 AM,SW26007350,"3XXX  Maureen Ln, STILLWATER",CITIZEN/PUBLIC ASSIST
STILLWATER POLICE DEPARTMENT,STILLWATER,8/6/2026 9:52:19 AM,SW26007352,"XXX Interlachen Way, STILLWATER",911 ABANDONED/HANGUP/OPEN LINE
STILLWATER POLICE DEPARTMENT,STILLWATER,8/6/2026 10:47:53 AM,SW26007353,"3XXX  Pioneer Pl, STILLWATER",911 ABANDONED/HANGUP/OPEN LINE
STILLWATER POLICE DEPARTMENT,STILLWATER,8/6/2026 10:58:40 AM,SW26007355,"1XXX  Mckusick Road Ln N, STILLWATER",MEDICAL
STILLWATER POLICE DEPARTMENT,STILLWATER,8/6/2026 11:05:16 AM,SW26007357,"1XXX  Greeley St S, STILLWATER",DISTURBANCE
STILLWATER POLICE DEPARTMENT,STILLWATER,8/6/2026 11:05:39 AM,SW26007356,"2XXX  Orwell Ct N, STILLWATER",SHOTS FIRED/SHOOTING COMPLAINT
STILLWATER POLICE DEPARTMENT,STILLWATER,8/6/2026 12:04:35 PM,SW26007359,"1XXX  Macey Way, STILLWATER",ACCIDENT
STILLWATER POLICE DEPARTMENT,STILLWATER,8/6/2026 12:08:45 PM,SW26007361,"Hwy 36 Wb At Washington Ave N, STILLWATER",ACCIDENT
STILLWATER POLICE DEPARTMENT,STILLWATER,8/6/2026 1:12:35 PM,SW26007363,"2XXX  Orleans St W, STILLWATER",CIVIL MATTER/DISPUTE
STILLWATER POLICE DEPARTMENT,STILLWATER,8/6/2026 1:20:11 PM,SW26007364,"XXX William St N, STILLWATER",DRIVING COMPLAINT
STILLWATER POLICE DEPARTMENT,STILLWATER,8/6/2026 2:12:59 PM,SW26007365,"3XXX  Pioneer Pl, STILLWATER",911 ABANDONED/HANGUP/OPEN LINE
STILLWATER POLICE DEPARTMENT,STILLWATER,8/6/2026 2:43:59 PM,SW26007366,"XXX Main St S, STILLWATER",MEDICAL
STILLWATER POLICE DEPARTMENT,STILLWATER,8/6/2026 3:06:17 PM,SW26007367,"1XXX  MYRTLE ST W, STILLWATER",CITIZEN/PUBLIC ASSIST
STILLWATER POLICE DEPARTMENT,STILLWATER,8/6/2026 3:54:54 PM,SW26007370,"XXX Maryknoll Dr N, STILLWATER",911 ABANDONED/HANGUP/OPEN LINE
STILLWATER POLICE DEPARTMENT,STILLWATER,8/6/2026 4:01:52 PM,SW26007371,"2XXX  Market Dr, STILLWATER",WELFARE CHECK
STILLWATER POLICE DEPARTMENT,STILLWATER,8/6/2026 4:13:11 PM,SW26007373,"1XXX  Myrtle St W, STILLWATER",CITIZEN/PUBLIC ASSIST
STILLWATER POLICE DEPARTMENT,STILLWATER,8/6/2026 4:14:50 PM,SW26007372,"XXX 4th St N, STILLWATER",FRAUD/SCAM
STILLWATER POLICE DEPARTMENT,STILLWATER,8/6/2026 4:16:07 PM,SW26007374,"2XXX  Washington Ave, STILLWATER",CIVIL MATTER/DISPUTE
STILLWATER POLICE DEPARTMENT,STILLWATER,8/6/2026 4:36:31 PM,SW26007375,"75th St N / Bridgewater Way, STILLWATER",CITIZEN/PUBLIC ASSIST
STILLWATER POLICE DEPARTMENT,STILLWATER,8/6/2026 5:33:56 PM,SW26007377,"1XXX  Owens St N, STILLWATER",CITIZEN/PUBLIC ASSIST
STILLWATER POLICE DEPARTMENT,STILLWATER,8/6/2026 7:11:07 PM,SW26007379,"1XXX  WILLIAM ST N, STILLWATER",CIVIL MATTER/DISPUTE
STILLWATER POLICE DEPARTMENT,STILLWATER,8/6/2026 7:14:48 PM,SW26007380,"XXX Main St S, STILLWATER",DISTURBANCE
STILLWATER POLICE DEPARTMENT,STILLWATER,8/7/2026 8:55:18 AM,SW26007385,"3XXX  CURVE CREST BLVD, STILLWATER",911 ABANDONED/HANGUP/OPEN LINE
STILLWATER POLICE DEPARTMENT,STILLWATER,8/7/2026 9:12:09 AM,SW26007387,"1XXX  Owens St N, STILLWATER",MEDICAL
STILLWATER POLICE DEPARTMENT,STILLWATER,8/7/2026 10:00:08 AM,SW26007388,"Nelson St / 2nd St S, STILLWATER",CITIZEN/PUBLIC ASSIST
STILLWATER POLICE DEPARTMENT,STILLWATER,8/7/2026 10:55:06 AM,SW26007390,"XXX Greeley St S, STILLWATER",MEDICAL
STILLWATER POLICE DEPARTMENT,STILLWATER,8/7/2026 11:46:29 AM,SW26007391,"XXX Orleans St E, STILLWATER",ANIMAL COMPLAINT
STILLWATER POLICE DEPARTMENT,STILLWATER,8/7/2026 2:00:23 PM,SW26007396,"XXX Maryknoll Dr N, STILLWATER",CITIZEN/PUBLIC ASSIST
STILLWATER POLICE DEPARTMENT,STILLWATER,8/7/2026 3:57:37 PM,SW26007397,"2XXX  Washington Ave, STILLWATER",LOST PROPERTY/ITEM
STILLWATER POLICE DEPARTMENT,STILLWATER,8/7/2026 5:31:49 PM,SW26007401,"1XXX  Curve Crest Blvd, STILLWATER",MEDICAL
STILLWATER POLICE DEPARTMENT,STILLWATER,8/7/2026 5:37:49 PM,SW26007402,"XXX Lakeside Dr, STILLWATER",MEDICAL
STILLWATER POLICE DEPARTMENT,STILLWATER,8/7/2026 6:23:39 PM,SW26007406,"XXX Churchill St W, STILLWATER",CIVIL MATTER/DISPUTE
STILLWATER POLICE DEPARTMENT,STILLWATER,8/7/2026 6:54:48 PM,SW26007407,"XXX 2nd St N, STILLWATER",WELFARE CHECK
STILLWATER POLICE DEPARTMENT,STILLWATER,8/7/2026 7:13:15 PM,SW26007408,"XXX Myrtle St W, STILLWATER",SUSPICIOUS PERSON/ACTIVITY
STILLWATER POLICE DEPARTMENT,STILLWATER,8/7/2026 8:15:18 PM,SW26007409,"1XXX  Orleans St W, STILLWATER",SUSPICIOUS PERSON/ACTIVITY
STILLWATER POLICE DEPARTMENT,STILLWATER,8/7/2026 8:20:11 PM,SW26007410,"1XXX  Frontage Rd W, STILLWATER",ALARM-BUSINESS/RES/FIRE/MEDICAL/ETC
STILLWATER POLICE DEPARTMENT,STILLWATER,8/7/2026 10:17:24 PM,SW26007414,"1XXX  2nd St N, STILLWATER",ANIMAL COMPLAINT
STILLWATER POLICE DEPARTMENT,STILLWATER,8/7/2026 11:50:15 PM,SW26007415,"XXX Willard St W, STILLWATER",911 ABANDONED/HANGUP/OPEN LINE
STILLWATER POLICE DEPARTMENT,STILLWATER,8/8/2026 12:31:00 AM,SW26007412,"2XXX  FRONTAGE RD W, STILLWATER",ACCIDENT
STILLWATER POLICE DEPARTMENT,STILLWATER,8/8/2026 12:38:01 AM,SW26007417,"XXX Main St S, STILLWATER",DRUNK/INTOXICATED 
STILLWATER POLICE DEPARTMENT,STILLWATER,8/8/2026 1:10:49 AM,SW26007419,"MULBERRY ST E / MAIN ST N, STILLWATER",WELFARE CHECK
STILLWATER POLICE DEPARTMENT,STILLWATER,8/8/2026 5:38:54 AM,SW26007421,"Maryknoll Dr / Interlachen Dr, STILLWATER",WELFARE CHECK
STILLWATER POLICE DEPARTMENT,STILLWATER,8/8/2026 6:10:21 AM,SW26007422,"2XXX  Cottage Dr, STILLWATER",MEDICAL
STILLWATER POLICE DEPARTMENT,STILLWATER,8/8/2026 1:53:51 PM,SW26007428,"1XXX  Driving Park Rd, STILLWATER",CIVIL MATTER/DISPUTE
STILLWATER POLICE DEPARTMENT,STILLWATER,8/8/2026 2:41:51 PM,SW26007429,"1XXX  Mckusick Rd, STILLWATER",MEDICAL
STILLWATER POLICE DEPARTMENT,STILLWATER,8/8/2026 2:45:32 PM,SW26007430,"XXX LAUREL ST W, STILLWATER",911 ABANDONED/HANGUP/OPEN LINE
STILLWATER POLICE DEPARTMENT,STILLWATER,8/8/2026 3:37:14 PM,SW26007431,"XXX Olive St W, STILLWATER",THEFT
STILLWATER POLICE DEPARTMENT,STILLWATER,8/8/2026 5:47:24 PM,SW26007435,"XXX Harriet Dr, STILLWATER",ALARM-BUSINESS/RES/FIRE/MEDICAL/ETC
STILLWATER POLICE DEPARTMENT,STILLWATER,8/8/2026 6:16:10 PM,SW26007436,"XXX Harriet Dr, STILLWATER",WELFARE CHECK
STILLWATER POLICE DEPARTMENT,STILLWATER,8/8/2026 7:14:15 PM,SW26007437,"XXX Bridgewater Way, STILLWATER",MEDICAL
STILLWATER POLICE DEPARTMENT,STILLWATER,8/8/2026 7:26:50 PM,SW26007438,"1XXX  Owens St N, STILLWATER",MEDICAL
STILLWATER POLICE DEPARTMENT,STILLWATER,8/8/2026 7:52:50 PM,SW26007439,"Mckusick Rd N / Neal Ave N, STILLWATER",CITIZEN/PUBLIC ASSIST
STILLWATER POLICE DEPARTMENT,STILLWATER,8/8/2026 8:38:55 PM,SW26007442,"2XXX  Hidden Valley Ln, STILLWATER",WELFARE CHECK
STILLWATER POLICE DEPARTMENT,STILLWATER,8/8/2026 10:11:44 PM,SW26007444,"XXX Water St S, STILLWATER",911 ABANDONED/HANGUP/OPEN LINE
STILLWATER POLICE DEPARTMENT,STILLWATER,8/8/2026 10:38:05 PM,SW26007447,"XXX Rainbow Ct, STILLWATER",MEDICAL
STILLWATER POLICE DEPARTMENT,STILLWATER,8/8/2026 11:37:28 PM,SW26007450,"XXX Main St S, STILLWATER",WELFARE CHECK
WASHINGTON COUNTY SHERIFFS OFFICE,AFTON,8/2/2026 12:48:49 AM,WC26038923,"16XXX  32nd St S, AFTON",WELFARE CHECK
WASHINGTON COUNTY SHERIFFS OFFICE,AFTON,8/2/2026 11:04:00 AM,WC26038969,"SAINT CROIX TRL S / 30TH STREET SOUTH , AFTON",TRAFFIC STOP
WASHINGTON COUNTY SHERIFFS OFFICE,AFTON,8/2/2026 12:41:04 PM,WC26038980,"Stagecoach Trl S / Valley Creek Trl S, AFTON",TRAFFIC COMPLAINT
WASHINGTON COUNTY SHERIFFS OFFICE,AFTON,8/2/2026 12:54:51 PM,WC26038982,"XX Afton State Park Campsite Of0, AFTON",911 ABANDONED/HANGUP/OPEN LINE
WASHINGTON COUNTY SHERIFFS OFFICE,AFTON,8/2/2026 2:59:13 PM,WC26038997,"15XXX  - 15899 AFTON BLVD S, AFTON",DIRECTED PATROL
WASHINGTON COUNTY SHERIFFS OFFICE,AFTON,8/2/2026 4:10:00 PM,WC26039007,"13XXX  - 14699 HUDSON RD S, AFTON",TRAFFIC STOP
WASHINGTON COUNTY SHERIFFS OFFICE,AFTON,8/2/2026 4:46:00 PM,WC26039011,"12XXX  50th St S, AFTON",ACCIDENT
WASHINGTON COUNTY SHERIFFS OFFICE,AFTON,8/2/2026 5:26:00 PM,WC26039019,"1XXX  - 2099 STAGECOACH TRL S, AFTON",TRAFFIC STOP
WASHINGTON COUNTY SHERIFFS OFFICE,AFTON,8/2/2026 10:38:39 PM,WC26039059,"15XXX  DIVISION ST, AFTON",SUSPICIOUS PERSON/ACTIVITY
WASHINGTON COUNTY SHERIFFS OFFICE,AFTON,8/3/2026 2:00:00 PM,WC26039176,"13XXX  - 14698 HUDSON RD S, AFTON",TRAFFIC STOP
WASHINGTON COUNTY SHERIFFS OFFICE,AFTON,8/3/2026 2:15:00 PM,WC26039182,"SAINT CROIX TRL S & 30TH STREET S, AFTON",TRAFFIC STOP
WASHINGTON COUNTY SHERIFFS OFFICE,AFTON,8/4/2026 8:23:26 AM,WC26039353,"Unknown, AFTON",LITTERING
WASHINGTON COUNTY SHERIFFS OFFICE,AFTON,8/4/2026 5:44:18 PM,WC26039492,"12XXX  Hudson Rd S, AFTON",ALARM-BUSINESS/RES/FIRE/MEDICAL/ETC
WASHINGTON COUNTY SHERIFFS OFFICE,AFTON,8/5/2026 10:36:10 AM,WC26039617,"13XXX  40th St S, AFTON",MEDICAL
WASHINGTON COUNTY SHERIFFS OFFICE,AFTON,8/5/2026 4:17:56 PM,WC26039684,"12XXX  2nd St S, AFTON",THREATS
WASHINGTON COUNTY SHERIFFS OFFICE,AFTON,8/5/2026 6:18:57 PM,WC26039706,"I94 Wb Jeo Manning Ave N, AFTON",TRAFFIC COMPLAINT
WASHINGTON COUNTY SHERIFFS OFFICE,AFTON,8/6/2026 6:34:13 AM,WC26039794,"12XXX  2nd St S, AFTON",ANIMAL COMPLAINT
WASHINGTON COUNTY SHERIFFS OFFICE,AFTON,8/6/2026 12:27:47 PM,WC26039850,"14XXX  Afton Blvd S, AFTON",MEDICAL
WASHINGTON COUNTY SHERIFFS OFFICE,AFTON,8/6/2026 9:48:37 PM,WC26039950,"XX I94 EB JEO NEAL AVE N, AFTON",ASSIST OTHER AGENCY
WASHINGTON COUNTY SHERIFFS OFFICE,AFTON,8/6/2026 9:53:20 PM,WC26039952,"16XXX  32nd St S, AFTON",WELFARE CHECK
WASHINGTON COUNTY SHERIFFS OFFICE,AFTON,8/7/2026 2:54:03 PM,WC26040063,"15XXX  - 15899 AFTON BLVD S, AFTON",DIRECTED PATROL
WASHINGTON COUNTY SHERIFFS OFFICE,AFTON,8/7/2026 5:48:00 PM,WC26040094,"13XXX  - 14699 HUDSON RD S, AFTON",TRAFFIC STOP
WASHINGTON COUNTY SHERIFFS OFFICE,AFTON,8/7/2026 10:18:30 PM,WC26040165,"15XXX  50th St S, AFTON",MEDICAL
WASHINGTON COUNTY SHERIFFS OFFICE,AFTON,8/8/2026 12:36:23 AM,WC26040189,"12XXX  4th St S, AFTON",LIFT ASSIST
WASHINGTON COUNTY SHERIFFS OFFICE,AFTON,8/8/2026 9:29:53 AM,WC26040223,"16XXX  31st St S, AFTON",DISTURBANCE
WASHINGTON COUNTY SHERIFFS OFFICE,AFTON,8/8/2026 1:48:22 PM,WC26040251,"40th St S / Neal Ave S, AFTON",PUBLIC WORKS CONCERN
WASHINGTON COUNTY SHERIFFS OFFICE,AFTON,8/8/2026 2:18:30 PM,WC26040254,"13XXX  WEST OAKGREEN CIR S, AFTON",911 ABANDONED/HANGUP/OPEN LINE
WASHINGTON COUNTY SHERIFFS OFFICE,AFTON,8/8/2026 2:23:07 PM,WC26040261,"14XXX  59th St S, AFTON",NOISE COMPLAINT/DISTURBANCE
WASHINGTON COUNTY SHERIFFS OFFICE,AFTON,8/8/2026 4:22:18 PM,WC26040274,"XX Afton State Park Campsite 1, AFTON",911 ABANDONED/HANGUP/OPEN LINE
WASHINGTON COUNTY SHERIFFS OFFICE,AFTON,8/8/2026 4:58:00 PM,WC26040280,"3XXX  - 3498 SAINT CROIX TRL S, AFTON",TRAFFIC STOP
WASHINGTON COUNTY SHERIFFS OFFICE,AFTON,8/8/2026 5:18:00 PM,WC26040284,"2XXX  - 2549 STAGECOACH TRL S, AFTON",TRAFFIC STOP
WASHINGTON COUNTY SHERIFFS OFFICE,BAYTOWN TOWNSHIP,8/2/2026 3:09:55 AM,WC26038942,"12XXX  40th st n, BAYTOWN TOWNSHIP",FOUND PROPERTY/ITEM
WASHINGTON COUNTY SHERIFFS OFFICE,BAYTOWN TOWNSHIP,8/2/2026 10:36:45 AM,WC26038966,"12XXX  40TH ST N, BAYTOWN TOWNSHIP",CITIZEN/PUBLIC ASSIST
WASHINGTON COUNTY SHERIFFS OFFICE,BAYTOWN TOWNSHIP,8/2/2026 5:22:49 PM,WC26039018,"12XXX  40th St N, BAYTOWN TOWNSHIP",MEDICAL
WASHINGTON COUNTY SHERIFFS OFFICE,BAYTOWN TOWNSHIP,8/2/2026 7:01:57 PM,WC26039028,"12XXX  40th St N, BAYTOWN TOWNSHIP",SUSPICIOUS PERSON/ACTIVITY
WASHINGTON COUNTY SHERIFFS OFFICE,BAYTOWN TOWNSHIP,8/2/2026 7:28:42 PM,WC26039030,"XX Stillwater Blvd N / 53rd St N, BAYTOWN TOWNSHIP",ACCIDENT
WASHINGTON COUNTY SHERIFFS OFFICE,BAYTOWN TOWNSHIP,8/2/2026 8:02:08 PM,WC26039033,"12XXX  40th St N, BAYTOWN TOWNSHIP",FOUND PROPERTY/ITEM
WASHINGTON COUNTY SHERIFFS OFFICE,BAYTOWN TOWNSHIP,8/2/2026 9:17:23 PM,WC26039038,"12XXX  40TH ST N, BAYTOWN TOWNSHIP",VEHICLE UNLOCK
WASHINGTON COUNTY SHERIFFS OFFICE,BAYTOWN TOWNSHIP,8/2/2026 9:35:15 PM,WC26039043,"12XXX  40TH ST N, BAYTOWN TOWNSHIP",CITIZEN/PUBLIC ASSIST
WASHINGTON COUNTY SHERIFFS OFFICE,BAYTOWN TOWNSHIP,8/3/2026 3:45:05 PM,WC26039206,"Manning Ave N / 40th St N, BAYTOWN TOWNSHIP",SUSPICIOUS PERSON/ACTIVITY
WASHINGTON COUNTY SHERIFFS OFFICE,BAYTOWN TOWNSHIP,8/3/2026 4:49:27 PM,WC26039217,"4XXX  Mcdonald Dr N, BAYTOWN TOWNSHIP",MEDICAL
WASHINGTON COUNTY SHERIFFS OFFICE,BAYTOWN TOWNSHIP,8/3/2026 5:52:40 PM,WC26039237,"Olinda Blvd N / Osgood Ave N, BAYTOWN TOWNSHIP",DRIVING COMPLAINT
WASHINGTON COUNTY SHERIFFS OFFICE,BAYTOWN TOWNSHIP,8/3/2026 6:20:00 PM,WC26039242,"STILLWATER BLVD N / MCDONALD DR N, BAYTOWN TOWNSHIP",TRAFFIC STOP
WASHINGTON COUNTY SHERIFFS OFFICE,BAYTOWN TOWNSHIP,8/4/2026 5:37:32 PM,WC26039489,"4XXX  Mcdonald Dr N, BAYTOWN TOWNSHIP",911 ABANDONED/HANGUP/OPEN LINE
WASHINGTON COUNTY SHERIFFS OFFICE,BAYTOWN TOWNSHIP,8/8/2026 8:47:04 AM,WC26040219,"40TH ST N / MCFAIR AVE N, BAYTOWN TOWNSHIP",MEDICAL
WASHINGTON COUNTY SHERIFFS OFFICE,BAYTOWN TOWNSHIP,8/8/2026 8:55:35 AM,WC26040222,"40TH ST N / MORNING DOVE AVE N, BAYTOWN TOWNSHIP",MEDICAL
WASHINGTON COUNTY SHERIFFS OFFICE,BAYTOWN TOWNSHIP,8/8/2026 9:38:10 AM,WC26040224,"12XXX  40TH ST N, BAYTOWN TOWNSHIP",MEDICAL
WASHINGTON COUNTY SHERIFFS OFFICE,BAYTOWN TOWNSHIP,8/8/2026 10:25:19 AM,WC26040231,"Stagecoach Trl N / Inspiration Pkwy S, BAYTOWN TOWNSHIP",DRIVING COMPLAINT
WASHINGTON COUNTY SHERIFFS OFFICE,BAYTOWN TOWNSHIP,8/8/2026 10:25:13 PM,WC26040341,"53rd St N / Monarda Ave N, BAYTOWN TOWNSHIP",ACCIDENT
WASHINGTON COUNTY SHERIFFS OFFICE,BIRCHWOOD,8/4/2026 6:48:54 PM,WC26039525,"XXX Birchwood Ave, BIRCHWOOD",PUBLIC WORKS CONCERN
WASHINGTON COUNTY SHERIFFS OFFICE,BIRCHWOOD,8/5/2026 10:40:27 AM,WC26039618,"XX Birchwood Ln, BIRCHWOOD",ANIMAL COMPLAINT
WASHINGTON COUNTY SHERIFFS OFFICE,BIRCHWOOD,8/5/2026 3:34:29 PM,WC26039677,"XXX WILDWOOD AVE, BIRCHWOOD",911 ABANDONED/HANGUP/OPEN LINE
WASHINGTON COUNTY SHERIFFS OFFICE,BIRCHWOOD,8/7/2026 9:53:40 PM,WC26040153,"XXX JAY ST, BIRCHWOOD",911 ABANDONED/HANGUP/OPEN LINE
WASHINGTON COUNTY SHERIFFS OFFICE,COTTAGE GROVE,8/2/2026 10:06:47 AM,WC26038965,"6XXX  - 6998 MANNING AVE S, COTTAGE GROVE",DIRECTED PATROL
WASHINGTON COUNTY SHERIFFS OFFICE,COTTAGE GROVE,8/2/2026 9:25:57 PM,WC26039040,"7XXX  IVERSON AVE S, COTTAGE GROVE",CIVIL MATTER/DISPUTE
WASHINGTON COUNTY SHERIFFS OFFICE,COTTAGE GROVE,8/2/2026 9:44:42 PM,WC26039045,"7XXX  HINTON AVE S, COTTAGE GROVE",CIVIL MATTER/DISPUTE
WASHINGTON COUNTY SHERIFFS OFFICE,COTTAGE GROVE,8/3/2026 1:24:29 PM,WC26039171,"7XXX  Goodview Ave S, COTTAGE GROVE",MEDICAL
WASHINGTON COUNTY SHERIFFS OFFICE,COTTAGE GROVE,8/3/2026 5:00:18 PM,WC26039219,"8XXX  IMPERIAL AVE S, COTTAGE GROVE",CIVIL MATTER/DISPUTE
WASHINGTON COUNTY SHERIFFS OFFICE,COTTAGE GROVE,8/3/2026 5:23:08 PM,WC26039226,"7XXX  HINTON AVE S, COTTAGE GROVE",CIVIL MATTER/DISPUTE
WASHINGTON COUNTY SHERIFFS OFFICE,COTTAGE GROVE,8/4/2026 6:11:00 PM,WC26039498,"XX Hwy 61 Nb At Kimbro Ave S, COTTAGE GROVE",TRAFFIC STOP
WASHINGTON COUNTY SHERIFFS OFFICE,COTTAGE GROVE,8/5/2026 2:13:59 AM,WC26039569,"HWY 61 SB AT 80TH ST S, COTTAGE GROVE",TRAFFIC STOP
WASHINGTON COUNTY SHERIFFS OFFICE,COTTAGE GROVE,8/6/2026 5:55:08 PM,WC26039905,"8XXX  92ND ST S, COTTAGE GROVE",CIVIL MATTER/DISPUTE
WASHINGTON COUNTY SHERIFFS OFFICE,COTTAGE GROVE,8/7/2026 9:31:43 AM,WC26040014,"HWY 61 SB AT JAMAICA AVE S, COTTAGE GROVE",TRAFFIC STOP
WASHINGTON COUNTY SHERIFFS OFFICE,COTTAGE GROVE,8/7/2026 9:31:56 AM,WC26040030,"8XXX  Hamlet Ave S, COTTAGE GROVE",ASSIST OTHER AGENCY
WASHINGTON COUNTY SHERIFFS OFFICE,COTTAGE GROVE,8/7/2026 9:23:00 PM,WC26040145,"HWY 61 SB JNO 80TH ST, COTTAGE GROVE",TRAFFIC STOP
WASHINGTON COUNTY SHERIFFS OFFICE,DELLWOOD,8/3/2026 12:51:54 AM,WC26039075,"XXX Dellwood Ave, DELLWOOD",INTERNET CRIMES
WASHINGTON COUNTY SHERIFFS OFFICE,DELLWOOD,8/3/2026 6:41:31 PM,WC26039251,"XX Dellwood Cv, DELLWOOD",THREATS
WASHINGTON COUNTY SHERIFFS OFFICE,DELLWOOD,8/5/2026 4:49:44 PM,WC26039688,"XX Dellwood Cv, DELLWOOD",HARASSMENT
WASHINGTON COUNTY SHERIFFS OFFICE,DELLWOOD,8/6/2026 9:33:12 PM,WC26039947,"XXX Dellwood Ave, DELLWOOD",MEDICAL
WASHINGTON COUNTY SHERIFFS OFFICE,DENMARK TOWNSHIP,8/2/2026 11:24:41 AM,WC26038972,"SAINT CROIX RIVER KINNI CHANNEL-DT, DENMARK TOWNSHIP",BOAT STOP
WASHINGTON COUNTY SHERIFFS OFFICE,DENMARK TOWNSHIP,8/2/2026 12:15:24 PM,WC26038977,"14XXX  POINT DOUGLAS DR S, DENMARK TOWNSHIP",ANIMAL COMPLAINT
WASHINGTON COUNTY SHERIFFS OFFICE,DENMARK TOWNSHIP,8/2/2026 2:25:26 PM,WC26038995,"6XXX  Peller Ave S, DENMARK TOWNSHIP",911 ABANDONED/HANGUP/OPEN LINE
WASHINGTON COUNTY SHERIFFS OFFICE,DENMARK TOWNSHIP,8/2/2026 3:07:00 PM,WC26038998,"MANNING AVE S / 70TH ST S, DENMARK TOWNSHIP",TRAFFIC STOP
WASHINGTON COUNTY SHERIFFS OFFICE,DENMARK TOWNSHIP,8/2/2026 3:22:00 PM,WC26039001,"15XXX  102nd St S, DENMARK TOWNSHIP",PARK COMPLAINT
WASHINGTON COUNTY SHERIFFS OFFICE,DENMARK TOWNSHIP,8/2/2026 4:09:15 PM,WC26039005,"SAINT CROIX RIVER MILE 4 - MN, DENMARK TOWNSHIP",BOAT STOP
WASHINGTON COUNTY SHERIFFS OFFICE,DENMARK TOWNSHIP,8/2/2026 4:27:00 PM,WC26039008,"15XXX  102nd, DENMARK TOWNSHIP",PARKING VIOLATION
WASHINGTON COUNTY SHERIFFS OFFICE,DENMARK TOWNSHIP,8/2/2026 6:53:58 PM,WC26039027,"15XXX  102nd St S, DENMARK TOWNSHIP",CITIZEN/PUBLIC ASSIST
WASHINGTON COUNTY SHERIFFS OFFICE,DENMARK TOWNSHIP,8/2/2026 8:00:00 PM,WC26039032,"14XXX  102ND ST S, DENMARK TOWNSHIP",PARKING VIOLATION
WASHINGTON COUNTY SHERIFFS OFFICE,DENMARK TOWNSHIP,8/4/2026 3:06:28 PM,WC26039463,"8XXX  Pleasant Ave S, DENMARK TOWNSHIP",ASSAULT
WASHINGTON COUNTY SHERIFFS OFFICE,DENMARK TOWNSHIP,8/4/2026 5:22:00 PM,WC26039486,"9XXX  - 9999 MANNING AVE S, DENMARK TOWNSHIP",TRAFFIC STOP
WASHINGTON COUNTY SHERIFFS OFFICE,DENMARK TOWNSHIP,8/4/2026 5:42:00 PM,WC26039490,"12XXX  - 12199 Highway 61, DENMARK TOWNSHIP",TRAFFIC STOP
WASHINGTON COUNTY SHERIFFS OFFICE,DENMARK TOWNSHIP,8/4/2026 7:01:15 PM,WC26039523,"12XXX  Point Douglas Dr S, DENMARK TOWNSHIP",ASSIST OTHER AGENCY
WASHINGTON COUNTY SHERIFFS OFFICE,DENMARK TOWNSHIP,8/5/2026 8:37:09 AM,WC26039582,"14XXX  113th St S, DENMARK TOWNSHIP",THEFT
WASHINGTON COUNTY SHERIFFS OFFICE,DENMARK TOWNSHIP,8/5/2026 2:12:20 PM,WC26039661,"15XXX  70th St S, DENMARK TOWNSHIP",LOCKOUT
WASHINGTON COUNTY SHERIFFS OFFICE,DENMARK TOWNSHIP,8/5/2026 5:18:31 PM,WC26039692,"14XXX  113th St S, DENMARK TOWNSHIP",THEFT
WASHINGTON COUNTY SHERIFFS OFFICE,DENMARK TOWNSHIP,8/5/2026 7:29:05 PM,WC26039716,"6XXX  Peller Ave S, DENMARK TOWNSHIP",MEDICAL
WASHINGTON COUNTY SHERIFFS OFFICE,DENMARK TOWNSHIP,8/8/2026 10:26:21 AM,WC26040232,"15XXX  102nd St S, DENMARK TOWNSHIP",911 ABANDONED/HANGUP/OPEN LINE
WASHINGTON COUNTY SHERIFFS OFFICE,DENMARK TOWNSHIP,8/8/2026 11:57:47 PM,WC26040362,"Hwy 10 Bridge (prescott): Hwy 10 Wb - Mn, DENMARK TOWNSHIP",DRIVING COMPLAINT
WASHINGTON COUNTY SHERIFFS OFFICE,FOREST LAKE,8/3/2026 1:18:52 AM,WC26039077,"22XXX  Jason Ave N, FOREST LAKE",ASSIST OTHER AGENCY
WASHINGTON COUNTY SHERIFFS OFFICE,FOREST LAKE,8/4/2026 6:34:51 PM,WC26039506,"1XXX  APARTMENT LN SW, FOREST LAKE",CIVIL MATTER/DISPUTE
WASHINGTON COUNTY SHERIFFS OFFICE,FOREST LAKE,8/5/2026 2:17:07 PM,WC26039665,"XXX 4th St Nw, FOREST LAKE",ASSIST OTHER AGENCY
WASHINGTON COUNTY SHERIFFS OFFICE,FOREST LAKE,8/5/2026 3:49:43 PM,WC26039680,"I35 Nb At Broadway Ave W, FOREST LAKE",ASSIST OTHER AGENCY
WASHINGTON COUNTY SHERIFFS OFFICE,FOREST LAKE,8/5/2026 9:23:00 PM,WC26039733,"FOREST BLVD N / 184TH ST N, FOREST LAKE",TRAFFIC STOP
WASHINGTON COUNTY SHERIFFS OFFICE,FOREST LAKE,8/7/2026 5:55:22 PM,WC26040095,"1XXX  ISLAND DR, FOREST LAKE",CIVIL MATTER/DISPUTE
WASHINGTON COUNTY SHERIFFS OFFICE,FOREST LAKE,8/7/2026 6:05:24 PM,WC26040100,"1XXX  12TH ST SW, FOREST LAKE",CIVIL MATTER/DISPUTE
WASHINGTON COUNTY SHERIFFS OFFICE,FOREST LAKE,8/7/2026 6:18:56 PM,WC26040103,"XXX 12TH ST SW, FOREST LAKE",CIVIL MATTER/DISPUTE
WASHINGTON COUNTY SHERIFFS OFFICE,GRANT,8/2/2026 7:28:19 AM,WC26038952,"75th St N / Jamaca Ave N, GRANT",PROPERTY DAMAGE
WASHINGTON COUNTY SHERIFFS OFFICE,GRANT,8/2/2026 11:58:02 AM,WC26038975,"10XXX  Indigo Trl N, GRANT",MEDICAL
WASHINGTON COUNTY SHERIFFS OFFICE,GRANT,8/2/2026 12:40:40 PM,WC26038979,"8XXX  - 8998 75TH ST N, GRANT",PARKING VIOLATION
WASHINGTON COUNTY SHERIFFS OFFICE,GRANT,8/2/2026 1:42:18 PM,WC26038990,"Unknown, GRANT",CITIZEN/PUBLIC ASSIST
WASHINGTON COUNTY SHERIFFS OFFICE,GRANT,8/2/2026 5:12:45 PM,WC26039017,"11XXX  DELLWOOD RD N, GRANT",CIVIL MATTER/DISPUTE
WASHINGTON COUNTY SHERIFFS OFFICE,GRANT,8/2/2026 5:40:01 PM,WC26039023,"9XXX  75th St N, GRANT",CIVIL MATTER/DISPUTE
WASHINGTON COUNTY SHERIFFS OFFICE,GRANT,8/2/2026 8:34:49 PM,WC26039035,"Manning Ave N / Mckusick Rd N, GRANT",FRAUD/SCAM
WASHINGTON COUNTY SHERIFFS OFFICE,GRANT,8/3/2026 8:30:10 AM,WC26039109,"75th St N / Keswick Ct N, GRANT",SUSPICIOUS PERSON/ACTIVITY
WASHINGTON COUNTY SHERIFFS OFFICE,GRANT,8/3/2026 12:52:19 PM,WC26039164,"Unknown, GRANT",FOLLOW UP
WASHINGTON COUNTY SHERIFFS OFFICE,GRANT,8/3/2026 4:24:01 PM,WC26039211,"8XXX  75TH ST N, GRANT",FOUND PROPERTY/ITEM
WASHINGTON COUNTY SHERIFFS OFFICE,GRANT,8/3/2026 9:09:06 PM,WC26039281,"11XXX  Manning Trl N, GRANT",ACCIDENT
WASHINGTON COUNTY SHERIFFS OFFICE,GRANT,8/3/2026 10:25:36 PM,WC26039297,"10XXX  Dellwood Rd N, GRANT",MEDICAL
WASHINGTON COUNTY SHERIFFS OFFICE,GRANT,8/4/2026 12:48:45 AM,WC26039322,"11XXX  Dellwood Rd N, GRANT",MEDICAL
WASHINGTON COUNTY SHERIFFS OFFICE,GRANT,8/4/2026 6:41:46 AM,WC26039345,"8XXX  75th St N, GRANT",MEDICAL
WASHINGTON COUNTY SHERIFFS OFFICE,GRANT,8/4/2026 1:24:53 PM,WC26039436,"8XXX  75TH ST N, GRANT",THEFT
WASHINGTON COUNTY SHERIFFS OFFICE,GRANT,8/4/2026 2:50:05 PM,WC26039459,"10XXX  Jody Avenue Ct N, GRANT",DEATH
WASHINGTON COUNTY SHERIFFS OFFICE,GRANT,8/5/2026 6:46:17 PM,WC26039709,"6XXX  Lake Elmo Ave N, GRANT",ALARM-BUSINESS/RES/FIRE/MEDICAL/ETC
WASHINGTON COUNTY SHERIFFS OFFICE,GRANT,8/5/2026 10:33:07 PM,WC26039749,"Dellwood Rd N / Jamaca Ave N, GRANT",ACCIDENT
WASHINGTON COUNTY SHERIFFS OFFICE,GRANT,8/6/2026 10:46:50 AM,WC26039827,"11XXX  Julianne Ave N, GRANT",MEDICAL
WASHINGTON COUNTY SHERIFFS OFFICE,GRANT,8/6/2026 2:23:05 PM,WC26039873,"10XXX  Dellwood Rd N, GRANT",IDENTITY THEFT
WASHINGTON COUNTY SHERIFFS OFFICE,GRANT,8/6/2026 8:36:55 PM,WC26039934,"Lake Elmo Ave N / 75th St N, GRANT",JUVENILE COMPLAINT
WASHINGTON COUNTY SHERIFFS OFFICE,GRANT,8/7/2026 2:31:51 AM,WC26039979,"11XXX  Irish Ave N, GRANT",SHOTS FIRED/SHOOTING COMPLAINT
WASHINGTON COUNTY SHERIFFS OFFICE,GRANT,8/7/2026 9:08:31 AM,WC26040006,"10XXX  Jody Avenue Ct N, GRANT",CITIZEN/PUBLIC ASSIST
WASHINGTON COUNTY SHERIFFS OFFICE,GRANT,8/7/2026 11:32:40 AM,WC26040044,"DELLWOOD RD N / KIMBRO AVE N, GRANT",LOST PROPERTY/ITEM
WASHINGTON COUNTY SHERIFFS OFFICE,GRANT,8/7/2026 10:04:49 PM,WC26040160,"7XXX  Kimbro Ave N, GRANT",THEFT
WASHINGTON COUNTY SHERIFFS OFFICE,GRANT,8/8/2026 12:46:37 AM,WC26040190,"8XXX  - 8999 75TH ST N, GRANT",ROAD HAZARD
WASHINGTON COUNTY SHERIFFS OFFICE,GRANT,8/8/2026 10:33:48 AM,WC26040233,"10XXX  Dellwood Rd N, GRANT",CIVIL MATTER/DISPUTE
WASHINGTON COUNTY SHERIFFS OFFICE,GRANT,8/8/2026 6:53:05 PM,WC26040303,"75TH ST N / JOCELYN RD N, GRANT",TRAFFIC STOP
WASHINGTON COUNTY SHERIFFS OFFICE,HUGO,8/2/2026 2:39:06 AM,WC26038937,"4XXX  Fable Hill Pkwy N, HUGO",ALARM-BUSINESS/RES/FIRE/MEDICAL/ETC
WASHINGTON COUNTY SHERIFFS OFFICE,HUGO,8/2/2026 8:20:59 AM,WC26038958,"5XXX  147th St N, HUGO",PROPERTY DAMAGE
WASHINGTON COUNTY SHERIFFS OFFICE,HUGO,8/2/2026 8:50:49 AM,WC26038960,"6XXX  125th St N, HUGO",ANIMAL COMPLAINT
WASHINGTON COUNTY SHERIFFS OFFICE,HUGO,8/2/2026 9:51:27 AM,WC26038963,"6XXX  145th Cir N, HUGO",PROPERTY DAMAGE
WASHINGTON COUNTY SHERIFFS OFFICE,HUGO,8/2/2026 6:50:48 PM,WC26039026,"147TH ST N / FOXHILL AVE N, HUGO",FOUND PROPERTY/ITEM
WASHINGTON COUNTY SHERIFFS OFFICE,HUGO,8/3/2026 12:00:00 AM,WC26039216,"6XXX  175th St N, HUGO",911 ABANDONED/HANGUP/OPEN LINE
WASHINGTON COUNTY SHERIFFS OFFICE,HUGO,8/3/2026 12:00:00 AM,WC26039220,"Forest Blvd N / Frenchman Rd, HUGO",FOLLOW UP
WASHINGTON COUNTY SHERIFFS OFFICE,HUGO,8/3/2026 12:00:00 AM,WC26039227,"5XXX  159th St N, HUGO",CITIZEN/PUBLIC ASSIST
WASHINGTON COUNTY SHERIFFS OFFICE,HUGO,8/3/2026 12:44:38 AM,WC26039070,"4XXX  Victor Path N, HUGO",MEDICAL
WASHINGTON COUNTY SHERIFFS OFFICE,HUGO,8/3/2026 3:16:50 AM,WC26039087,"10XXX  122nd St N, HUGO",ACCIDENT
WASHINGTON COUNTY SHERIFFS OFFICE,HUGO,8/3/2026 4:53:32 AM,WC26039095,"5XXX  150th St N, HUGO",MEDICAL
WASHINGTON COUNTY SHERIFFS OFFICE,HUGO,8/3/2026 7:06:35 AM,WC26039100,"FOREST BLVD N / 159TH ST N, HUGO",TRAFFIC STOP
WASHINGTON COUNTY SHERIFFS OFFICE,HUGO,8/3/2026 8:37:43 AM,WC26039112,"5XXX  157th Cir N, HUGO",MEDICAL
WASHINGTON COUNTY SHERIFFS OFFICE,HUGO,8/3/2026 10:03:35 AM,WC26039143,"4XXX  Victor Path N, HUGO",ALARM-BUSINESS/RES/FIRE/MEDICAL/ETC
WASHINGTON COUNTY SHERIFFS OFFICE,HUGO,8/3/2026 10:42:58 AM,WC26039148,"12XXX  Ethan Ave N, HUGO",PROPERTY DAMAGE
WASHINGTON COUNTY SHERIFFS OFFICE,HUGO,8/3/2026 2:32:35 PM,WC26039191,"14XXX  Geneva Ave N, HUGO",PARKING COMPLAINT
WASHINGTON COUNTY SHERIFFS OFFICE,HUGO,8/3/2026 3:10:10 PM,WC26039201,"13XXX  Goodview Ave N, HUGO",SUSPICIOUS PERSON/ACTIVITY
WASHINGTON COUNTY SHERIFFS OFFICE,HUGO,8/3/2026 5:39:25 PM,WC26039239,"Unknown, HUGO",OFFICER INFORMATION
WASHINGTON COUNTY SHERIFFS OFFICE,HUGO,8/3/2026 6:22:39 PM,WC26039244,"6XXX  Goodview Trail Cir N, HUGO",SHOTS FIRED/SHOOTING COMPLAINT
WASHINGTON COUNTY SHERIFFS OFFICE,HUGO,8/3/2026 6:40:19 PM,WC26039250,"5XXX  157th St N, HUGO",MEDICAL
WASHINGTON COUNTY SHERIFFS OFFICE,HUGO,8/3/2026 6:44:52 PM,WC26039253,"6XXX  147th St N, HUGO",SUSPICIOUS PERSON/ACTIVITY
WASHINGTON COUNTY SHERIFFS OFFICE,HUGO,8/3/2026 7:28:04 PM,WC26039264,"6XXX  145TH ST N, HUGO",DISTURBANCE
WASHINGTON COUNTY SHERIFFS OFFICE,HUGO,8/3/2026 8:34:48 PM,WC26039273,"5XXX  165th St N, HUGO",SUSPICIOUS PERSON/ACTIVITY
WASHINGTON COUNTY SHERIFFS OFFICE,HUGO,8/3/2026 10:40:08 PM,WC26039301,"6XXX  Goodview Trl N, HUGO",DISTURBANCE
WASHINGTON COUNTY SHERIFFS OFFICE,HUGO,8/3/2026 11:25:31 PM,WC26039304,"15XXX  GOODVIEW AVE N, HUGO",DISTURBANCE
WASHINGTON COUNTY SHERIFFS OFFICE,HUGO,8/4/2026 12:52:59 AM,WC26039324,"4XXX  Rosemary Way N, HUGO",DISTURBANCE
WASHINGTON COUNTY SHERIFFS OFFICE,HUGO,8/4/2026 7:26:27 AM,WC26039349,"6XXX  150th St N, HUGO",MEDICAL
WASHINGTON COUNTY SHERIFFS OFFICE,HUGO,8/4/2026 9:30:17 AM,WC26039366,"10XXX  122nd St N, HUGO",MEDICAL
WASHINGTON COUNTY SHERIFFS OFFICE,HUGO,8/4/2026 9:42:59 AM,WC26039388,"12XXX  Isleton Ave N, HUGO",CITIZEN/PUBLIC ASSIST
WASHINGTON COUNTY SHERIFFS OFFICE,HUGO,8/4/2026 11:10:49 AM,WC26039404,"17XXX  Forest Rd N, HUGO",FRAUD/SCAM
WASHINGTON COUNTY SHERIFFS OFFICE,HUGO,8/4/2026 1:49:13 PM,WC26039450,"8XXX  132ND ST N, HUGO",FRAUD/SCAM
WASHINGTON COUNTY SHERIFFS OFFICE,HUGO,8/4/2026 3:33:44 PM,WC26039467,"4XXX  Heritage Pkwy N, HUGO",JUVENILE COMPLAINT
WASHINGTON COUNTY SHERIFFS OFFICE,HUGO,8/4/2026 4:07:14 PM,WC26039471,"14XXX  Victor Hugo Blvd N, HUGO",MEDICAL
WASHINGTON COUNTY SHERIFFS OFFICE,HUGO,8/4/2026 4:24:55 PM,WC26039474,"6XXX  138th St N, HUGO",CHECK GAS
WASHINGTON COUNTY SHERIFFS OFFICE,HUGO,8/4/2026 5:34:46 PM,WC26039491,"10XXX  122nd St N, HUGO",TRAFFIC COMPLAINT
WASHINGTON COUNTY SHERIFFS OFFICE,HUGO,8/4/2026 6:02:39 PM,WC26039496,"14XXX  Victor Hugo Blvd N, HUGO",MEDICAL
WASHINGTON COUNTY SHERIFFS OFFICE,HUGO,8/4/2026 7:50:17 PM,WC26039530,"15XXX  Farnham Ave N, HUGO",CIVIL MATTER/DISPUTE
WASHINGTON COUNTY SHERIFFS OFFICE,HUGO,8/4/2026 8:50:40 PM,WC26039537,"10XXX  122nd St N, HUGO",SUSPICIOUS PERSON/ACTIVITY
WASHINGTON COUNTY SHERIFFS OFFICE,HUGO,8/5/2026 12:58:45 AM,WC26039564,"5XXX  Finley Bay N, HUGO",FOLLOW UP
WASHINGTON COUNTY SHERIFFS OFFICE,HUGO,8/5/2026 3:21:02 AM,WC26039571,"12XXX  Keller Ave N, HUGO",MEDICAL
WASHINGTON COUNTY SHERIFFS OFFICE,HUGO,8/5/2026 12:27:14 PM,WC26039633,"14XXX  Victor Hugo Blvd N, HUGO",MEDICAL
WASHINGTON COUNTY SHERIFFS OFFICE,HUGO,8/5/2026 1:01:34 PM,WC26039640,"5XXX  Freeland Ct N, HUGO",MEDICAL
WASHINGTON COUNTY SHERIFFS OFFICE,HUGO,8/5/2026 2:16:18 PM,WC26039664,"5XXX  129th Dr N, HUGO",MEDICAL
WASHINGTON COUNTY SHERIFFS OFFICE,HUGO,8/5/2026 2:39:28 PM,WC26039668,"6XXX  165th St N, HUGO",GAS LEAK
WASHINGTON COUNTY SHERIFFS OFFICE,HUGO,8/5/2026 3:13:59 PM,WC26039673,"14XXX  Oneka Pkwy N, HUGO",911 ABANDONED/HANGUP/OPEN LINE
WASHINGTON COUNTY SHERIFFS OFFICE,HUGO,8/5/2026 5:56:49 PM,WC26039700,"5XXX  150th St N, HUGO",ASSIST OTHER AGENCY
WASHINGTON COUNTY SHERIFFS OFFICE,HUGO,8/5/2026 7:18:00 PM,WC26039714,"6XXX  - 6260 145TH ST N, HUGO",TRAFFIC STOP
WASHINGTON COUNTY SHERIFFS OFFICE,HUGO,8/6/2026 12:00:00 AM,WC26039758,"4XXX  - 4448 FRENCHMAN RD, HUGO",TRAFFIC STOP
WASHINGTON COUNTY SHERIFFS OFFICE,HUGO,8/6/2026 12:20:00 AM,WC26039765,"5XXX  152ND ST N, HUGO",SUSPICIOUS PERSON/ACTIVITY
WASHINGTON COUNTY SHERIFFS OFFICE,HUGO,8/6/2026 8:46:20 AM,WC26039801,"7XXX  147th St N, HUGO",ANIMAL BITE
WASHINGTON COUNTY SHERIFFS OFFICE,HUGO,8/6/2026 9:52:36 AM,WC26039816,"15XXX  Forest Blvd N, HUGO",MEDICAL
WASHINGTON COUNTY SHERIFFS OFFICE,HUGO,8/6/2026 11:27:29 AM,WC26039833,"FRENCHMAN RD / VICTOR HUGO BLVD N, HUGO",MEDICAL
WASHINGTON COUNTY SHERIFFS OFFICE,HUGO,8/6/2026 12:57:50 PM,WC26039858,"4XXX  Empress Dr N, HUGO",MISSING PERSON
WASHINGTON COUNTY SHERIFFS OFFICE,HUGO,8/6/2026 2:23:35 PM,WC26039874,"15XXX  Greene Ave N, HUGO",AIRCRAFT/DRONE/UFO COMPLAINT
WASHINGTON COUNTY SHERIFFS OFFICE,HUGO,8/6/2026 2:54:21 PM,WC26039879,"5XXX  Evergreen Dr N, HUGO",INCIDENT
WASHINGTON COUNTY SHERIFFS OFFICE,HUGO,8/6/2026 3:21:01 PM,WC26039883,"15XXX  Ethan Trl N, HUGO",ALARM-BUSINESS/RES/FIRE/MEDICAL/ETC
WASHINGTON COUNTY SHERIFFS OFFICE,HUGO,8/6/2026 7:50:59 PM,WC26039930,"5XXX  159th St N, HUGO",CIVIL MATTER/DISPUTE
WASHINGTON COUNTY SHERIFFS OFFICE,HUGO,8/6/2026 8:18:47 PM,WC26039932,"Enfield Ave N / Europa Ave N, HUGO",JUVENILE COMPLAINT
WASHINGTON COUNTY SHERIFFS OFFICE,HUGO,8/6/2026 9:28:00 PM,WC26039945,"VICTOR HUGO BLVD N / POETS GRN N, HUGO",TRAFFIC STOP
WASHINGTON COUNTY SHERIFFS OFFICE,HUGO,8/6/2026 10:46:31 PM,WC26039957,"Unknown, HUGO",CITIZEN/PUBLIC ASSIST
WASHINGTON COUNTY SHERIFFS OFFICE,HUGO,8/7/2026 12:04:23 AM,WC26039970,"4XXX  Gallivan Ct N, HUGO",911 ABANDONED/HANGUP/OPEN LINE
WASHINGTON COUNTY SHERIFFS OFFICE,HUGO,8/7/2026 12:33:14 AM,WC26039973,"6XXX  137th St N, HUGO",DEATH
WASHINGTON COUNTY SHERIFFS OFFICE,HUGO,8/7/2026 3:57:39 AM,WC26039987,"Unknown, HUGO",ASSIST OTHER AGENCY
WASHINGTON COUNTY SHERIFFS OFFICE,HUGO,8/7/2026 6:23:03 AM,WC26039993,"FOREST BLVD N / FRENCHMAN RD, HUGO",OFFICER INFORMATION
WASHINGTON COUNTY SHERIFFS OFFICE,HUGO,8/7/2026 7:34:50 AM,WC26039996,"14XXX  Victor Hugo Blvd N, HUGO",ALARM-BUSINESS/RES/FIRE/MEDICAL/ETC
WASHINGTON COUNTY SHERIFFS OFFICE,HUGO,8/7/2026 7:45:47 AM,WC26039999,"4XXX  126th St N, HUGO",MEDICAL
WASHINGTON COUNTY SHERIFFS OFFICE,HUGO,8/7/2026 7:58:25 AM,WC26040001,"15XXX  Enfield Ave N, HUGO",PROPERTY DAMAGE
WASHINGTON COUNTY SHERIFFS OFFICE,HUGO,8/7/2026 11:01:29 AM,WC26040048,"10XXX  122nd St N, HUGO",FOLLOW UP
WASHINGTON COUNTY SHERIFFS OFFICE,HUGO,8/7/2026 12:08:38 PM,WC26040050,"5XXX  165th St N, HUGO",ACCIDENT
WASHINGTON COUNTY SHERIFFS OFFICE,HUGO,8/7/2026 3:09:36 PM,WC26040064,"8XXX  147th St N, HUGO",UNWANTED PERSON/VEHICLE
WASHINGTON COUNTY SHERIFFS OFFICE,HUGO,8/7/2026 5:48:00 PM,WC26040093,"170TH ST N / INGERSOLL AVE N, HUGO",TRAFFIC STOP
WASHINGTON COUNTY SHERIFFS OFFICE,HUGO,8/7/2026 6:33:27 PM,WC26040106,"Unknown, HUGO",CITIZEN/PUBLIC ASSIST
WASHINGTON COUNTY SHERIFFS OFFICE,HUGO,8/7/2026 6:38:23 PM,WC26040109,"4XXX  Victor Path N, HUGO",DEATH
WASHINGTON COUNTY SHERIFFS OFFICE,HUGO,8/7/2026 7:10:39 PM,WC26040120,"ETHAN AVE N / EUROPA TRL N, HUGO",CITIZEN/PUBLIC ASSIST
WASHINGTON COUNTY SHERIFFS OFFICE,HUGO,8/7/2026 7:23:50 PM,WC26040130,"6XXX  GOODVIEW TRAIL CIR N, HUGO",DANCO VIOLATION
WASHINGTON COUNTY SHERIFFS OFFICE,HUGO,8/7/2026 7:31:36 PM,WC26040125,"5XXX  159TH ST N, HUGO",CIVIL MATTER/DISPUTE
WASHINGTON COUNTY SHERIFFS OFFICE,HUGO,8/7/2026 7:54:50 PM,WC26040131,"Unknown, HUGO",FOLLOW UP
WASHINGTON COUNTY SHERIFFS OFFICE,HUGO,8/8/2026 7:20:29 AM,WC26040214,"13XXX  Homestead Ave N, HUGO",VEHICLE UNLOCK
WASHINGTON COUNTY SHERIFFS OFFICE,HUGO,8/8/2026 8:23:17 AM,WC26040216,"13XXX  Geneva Ave N, HUGO",CITIZEN/PUBLIC ASSIST
WASHINGTON COUNTY SHERIFFS OFFICE,HUGO,8/8/2026 10:05:39 AM,WC26040228,"15XXX  Farnham Ave N, HUGO",PROPERTY DAMAGE
WASHINGTON COUNTY SHERIFFS OFFICE,HUGO,8/8/2026 10:08:35 AM,WC26040229,"5XXX  Upper 146th St N, HUGO",MEDICAL
WASHINGTON COUNTY SHERIFFS OFFICE,HUGO,8/8/2026 10:34:42 AM,WC26040234,"4XXX  Frenchman Rd, HUGO",ANIMAL COMPLAINT
WASHINGTON COUNTY SHERIFFS OFFICE,HUGO,8/8/2026 11:52:08 AM,WC26040239,"6XXX  145th Cir N, HUGO",911 ABANDONED/HANGUP/OPEN LINE
WASHINGTON COUNTY SHERIFFS OFFICE,HUGO,8/8/2026 1:22:57 PM,WC26040248,"5XXX  141st Ct N, HUGO",VEHICLE UNLOCK
WASHINGTON COUNTY SHERIFFS OFFICE,HUGO,8/8/2026 3:36:01 PM,WC26040267,"16XXX  Empress Ave N, HUGO",NEIGHBOR DISPUTE
WASHINGTON COUNTY SHERIFFS OFFICE,HUGO,8/8/2026 4:49:27 PM,WC26040278,"5XXX  157TH ST N, HUGO",ALARM-BUSINESS/RES/FIRE/MEDICAL/ETC
WASHINGTON COUNTY SHERIFFS OFFICE,HUGO,8/8/2026 4:53:19 PM,WC26040286,"165th St N / Ingersoll Ave N, HUGO",DUMPING COMPLAINT
WASHINGTON COUNTY SHERIFFS OFFICE,HUGO,8/8/2026 4:53:53 PM,WC26040279,"5XXX  135th St N, HUGO",NEIGHBOR DISPUTE
WASHINGTON COUNTY SHERIFFS OFFICE,HUGO,8/8/2026 6:31:19 PM,WC26040298,"4XXX  Victor Path N, HUGO",WELFARE CHECK
WASHINGTON COUNTY SHERIFFS OFFICE,HUGO,8/8/2026 8:04:16 PM,WC26040314,"14XXX  Valjean Blvd N, HUGO",911 ABANDONED/HANGUP/OPEN LINE
WASHINGTON COUNTY SHERIFFS OFFICE,HUGO,8/8/2026 10:27:07 PM,WC26040342,"14XXX  Victor Hugo Blvd N, HUGO",DISTURBANCE
WASHINGTON COUNTY SHERIFFS OFFICE,HUGO,8/8/2026 10:55:16 PM,WC26040347,"4XXX  FABLE RD N, HUGO",DISTURBANCE
WASHINGTON COUNTY SHERIFFS OFFICE,LAKE ELMO,8/2/2026 1:36:59 AM,WC26038926,"XXX Cimarron, LAKE ELMO",MEDICAL
WASHINGTON COUNTY SHERIFFS OFFICE,LAKE ELMO,8/2/2026 2:50:00 AM,WC26038939,"HWY 36 EB AT HIGHLANDS TRL N, LAKE ELMO",TRAFFIC STOP
WASHINGTON COUNTY SHERIFFS OFFICE,LAKE ELMO,8/2/2026 7:16:03 AM,WC26038949,"11XXX  39th St N, LAKE ELMO",MEDICAL
WASHINGTON COUNTY SHERIFFS OFFICE,LAKE ELMO,8/2/2026 7:18:05 AM,WC26038950,"8XXX  Demontreville Trl N, LAKE ELMO",ALARM-BUSINESS/RES/FIRE/MEDICAL/ETC
WASHINGTON COUNTY SHERIFFS OFFICE,LAKE ELMO,8/2/2026 8:01:38 AM,WC26038954,"Lake Elmo Ave N / Stillwater Blvd N, LAKE ELMO",TRAFFIC STOP
WASHINGTON COUNTY SHERIFFS OFFICE,LAKE ELMO,8/2/2026 11:26:07 AM,WC26038973,"9XXX  8th St N, LAKE ELMO",MEDICAL
WASHINGTON COUNTY SHERIFFS OFFICE,LAKE ELMO,8/2/2026 12:08:28 PM,WC26038976,"1XXX  Keats Ave N, LAKE ELMO",OFFICER INFORMATION
WASHINGTON COUNTY SHERIFFS OFFICE,LAKE ELMO,8/2/2026 12:41:50 PM,WC26038983,"9XXX  4th St N, LAKE ELMO",ANIMAL COMPLAINT
WASHINGTON COUNTY SHERIFFS OFFICE,LAKE ELMO,8/2/2026 1:15:25 PM,WC26038986,"9XXX  5th Street Ln N, LAKE ELMO",MEDICAL
WASHINGTON COUNTY SHERIFFS OFFICE,LAKE ELMO,8/2/2026 3:31:25 PM,WC26039002,"XXX CIMARRON, LAKE ELMO",FLEEING
WASHINGTON COUNTY SHERIFFS OFFICE,LAKE ELMO,8/2/2026 4:07:59 PM,WC26039006,"11XXX  39th St N, LAKE ELMO",MEDICAL
WASHINGTON COUNTY SHERIFFS OFFICE,LAKE ELMO,8/2/2026 4:30:55 PM,WC26039009,"XXX Cimarron, LAKE ELMO",MEDICAL
WASHINGTON COUNTY SHERIFFS OFFICE,LAKE ELMO,8/2/2026 4:46:16 PM,WC26039012,"9XXX  4th St N, LAKE ELMO",FOLLOW UP
WASHINGTON COUNTY SHERIFFS OFFICE,LAKE ELMO,8/2/2026 7:14:06 PM,WC26039029,"XXX Julia Ave N, LAKE ELMO",TRESPASSING
WASHINGTON COUNTY SHERIFFS OFFICE,LAKE ELMO,8/2/2026 8:05:57 PM,WC26039034,"8XXX  Lake Jane Trl N, LAKE ELMO",NOISE COMPLAINT/DISTURBANCE
WASHINGTON COUNTY SHERIFFS OFFICE,LAKE ELMO,8/2/2026 9:24:01 PM,WC26039041,"Stillwater Blvd N / 53rd St N, LAKE ELMO",FOLLOW UP
WASHINGTON COUNTY SHERIFFS OFFICE,LAKE ELMO,8/2/2026 9:50:48 PM,WC26039047,"XXX CIMARRON, LAKE ELMO",WANTED PERSON-KOPS ALERT/ATL
WASHINGTON COUNTY SHERIFFS OFFICE,LAKE ELMO,8/2/2026 10:09:00 PM,WC26039051,"KEATS AVE N / HUDSON BLVD N, LAKE ELMO",ACCIDENT
WASHINGTON COUNTY SHERIFFS OFFICE,LAKE ELMO,8/3/2026 1:59:32 AM,WC26039079,"11XXX  30th St N, LAKE ELMO",MEDICAL
WASHINGTON COUNTY SHERIFFS OFFICE,LAKE ELMO,8/3/2026 2:31:41 AM,WC26039082,"10th St N / Jasmine Ave N, LAKE ELMO",ACCIDENT
WASHINGTON COUNTY SHERIFFS OFFICE,LAKE ELMO,8/3/2026 1:09:25 PM,WC26039168,"9XXX  31st St N, LAKE ELMO",HARASSMENT
WASHINGTON COUNTY SHERIFFS OFFICE,LAKE ELMO,8/3/2026 3:10:05 PM,WC26039202,"1XXX  Keats Ave N, LAKE ELMO",WELFARE CHECK
WASHINGTON COUNTY SHERIFFS OFFICE,LAKE ELMO,8/3/2026 3:59:13 PM,WC26039208,"8XXX  Deer Pond Trl N, LAKE ELMO",ALARM-BUSINESS/RES/FIRE/MEDICAL/ETC
WASHINGTON COUNTY SHERIFFS OFFICE,LAKE ELMO,8/3/2026 4:10:00 PM,WC26039209,"2XXX  KEATS AVE N, LAKE ELMO",PARKING VIOLATION
WASHINGTON COUNTY SHERIFFS OFFICE,LAKE ELMO,8/3/2026 7:30:08 PM,WC26039265,"8XXX  Lake Jane Trl N, LAKE ELMO",NOISE COMPLAINT/DISTURBANCE
WASHINGTON COUNTY SHERIFFS OFFICE,LAKE ELMO,8/4/2026 9:26:59 AM,WC26039360,"Unknown, LAKE ELMO",ASSIST OTHER AGENCY
WASHINGTON COUNTY SHERIFFS OFFICE,LAKE ELMO,8/4/2026 1:20:56 PM,WC26039435,"3XXX  Lake Elmo Ave N, LAKE ELMO",WELFARE CHECK
WASHINGTON COUNTY SHERIFFS OFFICE,LAKE ELMO,8/4/2026 2:14:31 PM,WC26039456,"8XXX  Irving Blvd N, LAKE ELMO",911 ABANDONED/HANGUP/OPEN LINE
WASHINGTON COUNTY SHERIFFS OFFICE,LAKE ELMO,8/4/2026 2:41:02 PM,WC26039458,"11XXX  Upper 33rd St N, LAKE ELMO",911 ABANDONED/HANGUP/OPEN LINE
WASHINGTON COUNTY SHERIFFS OFFICE,LAKE ELMO,8/4/2026 3:36:25 PM,WC26039466,"11XXX  39th St N, LAKE ELMO",ALARM-BUSINESS/RES/FIRE/MEDICAL/ETC
WASHINGTON COUNTY SHERIFFS OFFICE,LAKE ELMO,8/4/2026 5:04:14 PM,WC26039481,"8XXX  HUDSON BLVD N, LAKE ELMO",911 ABANDONED/HANGUP/OPEN LINE
WASHINGTON COUNTY SHERIFFS OFFICE,LAKE ELMO,8/4/2026 6:04:21 PM,WC26039497,"9XXX  51st St N, LAKE ELMO",SUSPICIOUS PERSON/ACTIVITY
WASHINGTON COUNTY SHERIFFS OFFICE,LAKE ELMO,8/4/2026 6:12:37 PM,WC26039500,"Hwy 36 Eb At Lake Elmo Ave N, LAKE ELMO",WELFARE CHECK
WASHINGTON COUNTY SHERIFFS OFFICE,LAKE ELMO,8/4/2026 6:29:57 PM,WC26039504,"5XXX  57th Street Cv N, LAKE ELMO",SUSPICIOUS PERSON/ACTIVITY
WASHINGTON COUNTY SHERIFFS OFFICE,LAKE ELMO,8/4/2026 9:16:31 PM,WC26039541,"17XXX -175 Cimarron, LAKE ELMO",DISTURBANCE
WASHINGTON COUNTY SHERIFFS OFFICE,LAKE ELMO,8/4/2026 11:20:42 PM,WC26039550,"XXX Juniper Ct N, LAKE ELMO",ALARM-BUSINESS/RES/FIRE/MEDICAL/ETC
WASHINGTON COUNTY SHERIFFS OFFICE,LAKE ELMO,8/5/2026 12:04:26 AM,WC26039557,"XXX MANNING AVE N, LAKE ELMO",SUSPICIOUS PERSON/ACTIVITY
WASHINGTON COUNTY SHERIFFS OFFICE,LAKE ELMO,8/5/2026 2:59:00 AM,WC26039570,"XXX - 168 KEATS AVE N, LAKE ELMO",TRAFFIC STOP
WASHINGTON COUNTY SHERIFFS OFFICE,LAKE ELMO,8/5/2026 8:28:34 AM,WC26039580,"XX Hwy 36 Eb Jeo Lake Elmo Ave N, LAKE ELMO",DRIVING COMPLAINT
WASHINGTON COUNTY SHERIFFS OFFICE,LAKE ELMO,8/5/2026 8:36:29 AM,WC26039581,"5XXX  Highlands Trl N, LAKE ELMO",OTHER
WASHINGTON COUNTY SHERIFFS OFFICE,LAKE ELMO,8/5/2026 9:00:07 AM,WC26039585,"Wildflower Dr N / 39th St N, LAKE ELMO",ACCIDENT
WASHINGTON COUNTY SHERIFFS OFFICE,LAKE ELMO,8/5/2026 10:13:10 AM,WC26039614,"9XXX  Hudson Blvd N, LAKE ELMO",MEDICAL
WASHINGTON COUNTY SHERIFFS OFFICE,LAKE ELMO,8/5/2026 11:20:42 AM,WC26039624,"8XXX  Lower 8th Pl N, LAKE ELMO",SUSPICIOUS PERSON/ACTIVITY
WASHINGTON COUNTY SHERIFFS OFFICE,LAKE ELMO,8/5/2026 11:43:56 AM,WC26039625,"XXX Ivywood Cir N, LAKE ELMO",ALARM-BUSINESS/RES/FIRE/MEDICAL/ETC
WASHINGTON COUNTY SHERIFFS OFFICE,LAKE ELMO,8/5/2026 12:18:17 PM,WC26039630,"39th St N / Laverne Ave N, LAKE ELMO",911 ABANDONED/HANGUP/OPEN LINE
WASHINGTON COUNTY SHERIFFS OFFICE,LAKE ELMO,8/5/2026 2:06:22 PM,WC26039659,"4XXX  Lily Ave N, LAKE ELMO",ALARM-BUSINESS/RES/FIRE/MEDICAL/ETC
WASHINGTON COUNTY SHERIFFS OFFICE,LAKE ELMO,8/5/2026 2:15:10 PM,WC26039663,"8XXX  42nd St N, LAKE ELMO",CIVIL MATTER/DISPUTE
WASHINGTON COUNTY SHERIFFS OFFICE,LAKE ELMO,8/5/2026 5:23:12 PM,WC26039693,"Inwood Ave N / 5th St N, LAKE ELMO",MOTORIST ASSIST
WASHINGTON COUNTY SHERIFFS OFFICE,LAKE ELMO,8/5/2026 5:26:03 PM,WC26039694,"9XXX  Junco Rd N, LAKE ELMO",TRESPASS NOTICE
WASHINGTON COUNTY SHERIFFS OFFICE,LAKE ELMO,8/5/2026 6:30:23 PM,WC26039707,"9XXX  31st St N, LAKE ELMO",CIVIL MATTER/DISPUTE
WASHINGTON COUNTY SHERIFFS OFFICE,LAKE ELMO,8/5/2026 7:14:20 PM,WC26039713,"8XXX  LAKE JANE TRL N, LAKE ELMO",NOISE COMPLAINT/DISTURBANCE
WASHINGTON COUNTY SHERIFFS OFFICE,LAKE ELMO,8/5/2026 7:32:50 PM,WC26039717,"Hudson Blvd N / Julia Ave N, LAKE ELMO",UNWANTED PERSON/VEHICLE
WASHINGTON COUNTY SHERIFFS OFFICE,LAKE ELMO,8/5/2026 7:58:39 PM,WC26039720,"Kimbro Ave N / 47th St N, LAKE ELMO",DRIVING COMPLAINT
WASHINGTON COUNTY SHERIFFS OFFICE,LAKE ELMO,8/5/2026 8:15:57 PM,WC26039721,"9XXX  31ST ST N, LAKE ELMO",FOLLOW UP
WASHINGTON COUNTY SHERIFFS OFFICE,LAKE ELMO,8/5/2026 8:51:19 PM,WC26039726,"3XXX  LAKE ELMO AVE N, LAKE ELMO",WARRANT ATTEMPT
WASHINGTON COUNTY SHERIFFS OFFICE,LAKE ELMO,8/5/2026 9:11:00 PM,WC26039732,"9XXX  JANE RD N, LAKE ELMO",WARRANT ARREST
WASHINGTON COUNTY SHERIFFS OFFICE,LAKE ELMO,8/5/2026 9:31:11 PM,WC26039734,"XX Cimarron, LAKE ELMO",MEDICAL
WASHINGTON COUNTY SHERIFFS OFFICE,LAKE ELMO,8/5/2026 10:20:00 PM,WC26039744,"STILLWATER BLVD N / JAMACA AVE N, LAKE ELMO",TRAFFIC STOP
WASHINGTON COUNTY SHERIFFS OFFICE,LAKE ELMO,8/5/2026 10:59:00 PM,WC26039727,"8XXX  Lake Jane Trl N, LAKE ELMO",ORDINANCE VIOLATION
WASHINGTON COUNTY SHERIFFS OFFICE,LAKE ELMO,8/6/2026 12:40:00 AM,WC26039769,"10XXX  - 10999 Highway 36, LAKE ELMO",TRAFFIC STOP
WASHINGTON COUNTY SHERIFFS OFFICE,LAKE ELMO,8/6/2026 3:34:29 AM,WC26039790,"2XXX  Janero Ave N, LAKE ELMO",911 ABANDONED/HANGUP/OPEN LINE
WASHINGTON COUNTY SHERIFFS OFFICE,LAKE ELMO,8/6/2026 10:25:32 AM,WC26039821,"2XXX  Keats Ave N, LAKE ELMO",911 ABANDONED/HANGUP/OPEN LINE
WASHINGTON COUNTY SHERIFFS OFFICE,LAKE ELMO,8/6/2026 11:38:20 AM,WC26039839,"10XXX  32nd St N, LAKE ELMO",LIFT ASSIST
WASHINGTON COUNTY SHERIFFS OFFICE,LAKE ELMO,8/6/2026 12:01:40 PM,WC26039843,"XXX Ivywood Cir N, LAKE ELMO",911 ABANDONED/HANGUP/OPEN LINE
WASHINGTON COUNTY SHERIFFS OFFICE,LAKE ELMO,8/6/2026 12:05:49 PM,WC26039844,"XXX Jade Trl N, LAKE ELMO",MEDICAL
WASHINGTON COUNTY SHERIFFS OFFICE,LAKE ELMO,8/6/2026 12:29:33 PM,WC26039851,"5XXX  Highlands Trl N, LAKE ELMO",VEHICLE UNLOCK
WASHINGTON COUNTY SHERIFFS OFFICE,LAKE ELMO,8/6/2026 1:42:43 PM,WC26039865,"9XXX  Jane Rd N, LAKE ELMO",MEDICAL
WASHINGTON COUNTY SHERIFFS OFFICE,LAKE ELMO,8/6/2026 1:49:31 PM,WC26039867,"8XXX  Eagle Point Blvd, LAKE ELMO",WELFARE CHECK
WASHINGTON COUNTY SHERIFFS OFFICE,LAKE ELMO,8/6/2026 2:19:37 PM,WC26039872,"9XXX  7th St N, LAKE ELMO",PARKING COMPLAINT
WASHINGTON COUNTY SHERIFFS OFFICE,LAKE ELMO,8/6/2026 3:35:03 PM,WC26039887,"XXX Cimarron, LAKE ELMO",WELFARE CHECK
WASHINGTON COUNTY SHERIFFS OFFICE,LAKE ELMO,8/6/2026 3:43:06 PM,WC26039895,"9XXX  31st St N, LAKE ELMO",FOLLOW UP
WASHINGTON COUNTY SHERIFFS OFFICE,LAKE ELMO,8/6/2026 6:24:33 PM,WC26039911,"1XXX  Palmer Dr N, LAKE ELMO",ALARM-BUSINESS/RES/FIRE/MEDICAL/ETC
WASHINGTON COUNTY SHERIFFS OFFICE,LAKE ELMO,8/6/2026 7:06:10 PM,WC26039920,"8XXX  LAKE JANE TRL N, LAKE ELMO",DIRECTED PATROL
WASHINGTON COUNTY SHERIFFS OFFICE,LAKE ELMO,8/6/2026 8:38:50 PM,WC26039935,"8XXX  Lake Jane Trl N, LAKE ELMO",NOISE COMPLAINT/DISTURBANCE
WASHINGTON COUNTY SHERIFFS OFFICE,LAKE ELMO,8/6/2026 8:57:49 PM,WC26039938,"XXX CIMARRON, LAKE ELMO",FOLLOW UP
WASHINGTON COUNTY SHERIFFS OFFICE,LAKE ELMO,8/7/2026 6:57:26 AM,WC26039995,"XXX Manning Ave N, LAKE ELMO",ROAD HAZARD
WASHINGTON COUNTY SHERIFFS OFFICE,LAKE ELMO,8/7/2026 11:54:13 AM,WC26040047,"10XXX  Stillwater Ln N, LAKE ELMO",LOST PROPERTY/ITEM
WASHINGTON COUNTY SHERIFFS OFFICE,LAKE ELMO,8/7/2026 12:14:46 PM,WC26040049,"11XXX  Stillwater Blvd N, LAKE ELMO",ALARM-BUSINESS/RES/FIRE/MEDICAL/ETC
WASHINGTON COUNTY SHERIFFS OFFICE,LAKE ELMO,8/7/2026 2:09:58 PM,WC26040062,"Hwy 36 Eb Jwo Lake Elmo Ave N, LAKE ELMO",DRIVING COMPLAINT
WASHINGTON COUNTY SHERIFFS OFFICE,LAKE ELMO,8/7/2026 4:46:32 PM,WC26040078,"Inwood Ave N / 15th St N, LAKE ELMO",DRIVING COMPLAINT
WASHINGTON COUNTY SHERIFFS OFFICE,LAKE ELMO,8/7/2026 4:55:10 PM,WC26040082,"3XXX  Knightsbridge Ln N, LAKE ELMO",THEFT FROM MOTOR VEHICLE
WASHINGTON COUNTY SHERIFFS OFFICE,LAKE ELMO,8/7/2026 5:11:08 PM,WC26040086,"8XXX  Hudson Blvd N, LAKE ELMO",WELFARE CHECK
WASHINGTON COUNTY SHERIFFS OFFICE,LAKE ELMO,8/7/2026 8:49:00 PM,WC26040140,"HUDSON BLVD N & KEATS AVE N, LAKE ELMO",DWI
WASHINGTON COUNTY SHERIFFS OFFICE,LAKE ELMO,8/7/2026 9:00:37 PM,WC26040141,"32nd St N / Lake Elmo Ave N, LAKE ELMO",DISTURBANCE
WASHINGTON COUNTY SHERIFFS OFFICE,LAKE ELMO,8/7/2026 10:05:00 PM,WC26040158,"INWOOD AVE N / 15TH ST N, LAKE ELMO",TRAFFIC STOP
WASHINGTON COUNTY SHERIFFS OFFICE,LAKE ELMO,8/8/2026 3:09:54 AM,WC26040204,"XXX Cimarron, LAKE ELMO",WELFARE CHECK
WASHINGTON COUNTY SHERIFFS OFFICE,LAKE ELMO,8/8/2026 7:00:53 AM,WC26040212,"Stillwater Blvd N / Jamaca Ave N, LAKE ELMO",DWI
WASHINGTON COUNTY SHERIFFS OFFICE,LAKE ELMO,8/8/2026 7:58:58 AM,WC26040215,"9XXX  9TH ST N, LAKE ELMO",MEDICAL
WASHINGTON COUNTY SHERIFFS OFFICE,LAKE ELMO,8/8/2026 6:57:29 PM,WC26040304,"Island Trl / 5th St N, LAKE ELMO",TRAFFIC COMPLAINT
WASHINGTON COUNTY SHERIFFS OFFICE,LAKE ELMO,8/8/2026 9:43:01 PM,WC26040333,"11XXX  50th St N, LAKE ELMO",NOISE COMPLAINT/DISTURBANCE
WASHINGTON COUNTY SHERIFFS OFFICE,LAKE ELMO,8/8/2026 11:02:56 PM,WC26040352,"1XXX  Keats Ave N, LAKE ELMO",CITIZEN/PUBLIC ASSIST
WASHINGTON COUNTY SHERIFFS OFFICE,LAKE ELMO,8/8/2026 11:35:00 PM,WC26040360,"XX HWY 36 EB AT MANNING AVE N, LAKE ELMO",TRAFFIC STOP
WASHINGTON COUNTY SHERIFFS OFFICE,LAKE SAINT CROIX BEACH,8/2/2026 3:53:50 PM,WC26039003,"Beach At Lake St Croix Beach Park, LAKE SAINT CROIX BEACH",NOISE COMPLAINT/DISTURBANCE
WASHINGTON COUNTY SHERIFFS OFFICE,LAKE SAINT CROIX BEACH,8/2/2026 6:25:07 PM,WC26039025,"Riviera Ave S / 19th St S, LAKE SAINT CROIX BEACH",NOISE COMPLAINT/DISTURBANCE
WASHINGTON COUNTY SHERIFFS OFFICE,LAKELAND,8/2/2026 1:19:42 PM,WC26038988,"XXX Quentin Ave S, LAKELAND",911 ABANDONED/HANGUP/OPEN LINE
WASHINGTON COUNTY SHERIFFS OFFICE,LAKELAND,8/2/2026 8:37:37 PM,WC26039036,"Hwy 95 Sb Jno I94, LAKELAND",DRIVING COMPLAINT
WASHINGTON COUNTY SHERIFFS OFFICE,LAKELAND,8/3/2026 5:21:31 PM,WC26039228,"XXX Rivercrest Rd N, LAKELAND",DRUGS
WASHINGTON COUNTY SHERIFFS OFFICE,LAKELAND,8/4/2026 8:51:33 PM,WC26039538,"XXX Queenan Ave S, LAKELAND",FIRE
WASHINGTON COUNTY SHERIFFS OFFICE,LAKELAND,8/5/2026 3:40:58 PM,WC26039679,"XX Saint Croix Trail North To I94 Eb Ramp, LAKELAND",ASSIST OTHER AGENCY
WASHINGTON COUNTY SHERIFFS OFFICE,LAKELAND,8/6/2026 11:26:53 AM,WC26039835,"16XXX  6th St N, LAKELAND",WELFARE CHECK
WASHINGTON COUNTY SHERIFFS OFFICE,LAKELAND,8/6/2026 2:58:41 PM,WC26039881,"16XXX  Hudson Blvd N, LAKELAND",911 ABANDONED/HANGUP/OPEN LINE
WASHINGTON COUNTY SHERIFFS OFFICE,LAKELAND,8/6/2026 3:51:49 PM,WC26039891,"XXX Saint Croix Trl S, LAKELAND",DISTURBANCE
WASHINGTON COUNTY SHERIFFS OFFICE,LAKELAND,8/6/2026 6:33:51 PM,WC26039915,"XXX Quehl Avenue Ct N, LAKELAND",MEDICAL
WASHINGTON COUNTY SHERIFFS OFFICE,LAKELAND,8/7/2026 5:02:55 PM,WC26040083,"16XXX  5th St N, LAKELAND",FRAUD/SCAM
WASHINGTON COUNTY SHERIFFS OFFICE,LAKELAND,8/8/2026 11:05:29 PM,WC26040354,"16XXX  1st St N, LAKELAND",MEDICAL
WASHINGTON COUNTY SHERIFFS OFFICE,LAKELAND SHORES,8/7/2026 7:36:07 PM,WC26040127,"XX Quinlan Ave S, LAKELAND SHORES",MEDICAL
WASHINGTON COUNTY SHERIFFS OFFICE,LANDFALL,8/3/2026 7:22:51 PM,WC26039262,"XX 2ND AVE, LANDFALL",ACCIDENT
WASHINGTON COUNTY SHERIFFS OFFICE,LANDFALL,8/5/2026 4:33:42 PM,WC26039686,"XX Aspen Way, LANDFALL",THEFT
WASHINGTON COUNTY SHERIFFS OFFICE,LANDFALL,8/6/2026 12:53:44 AM,WC26039771,"XXX Dellwood Sq N, LANDFALL",911 ABANDONED/HANGUP/OPEN LINE
WASHINGTON COUNTY SHERIFFS OFFICE,LANDFALL,8/6/2026 5:40:20 AM,WC26039793,"XXX Dellwood Sq S, LANDFALL",MEDICAL
WASHINGTON COUNTY SHERIFFS OFFICE,LANDFALL,8/6/2026 6:54:33 PM,WC26039917,"XX ASPEN WAY, LANDFALL",FOLLOW UP
WASHINGTON COUNTY SHERIFFS OFFICE,LANDFALL,8/6/2026 9:12:47 PM,WC26039942,"XX Birch Ln, LANDFALL",THEFT
WASHINGTON COUNTY SHERIFFS OFFICE,LANDFALL,8/8/2026 2:55:40 AM,WC26040202,"XX Ivy Ln, LANDFALL",DISTURBANCE
WASHINGTON COUNTY SHERIFFS OFFICE,MAHTOMEDI,8/2/2026 1:15:20 AM,WC26038938,"XXX Woodland Dr, MAHTOMEDI",FOLLOW UP
WASHINGTON COUNTY SHERIFFS OFFICE,MAHTOMEDI,8/2/2026 2:48:56 AM,WC26038940,"XXX Wildwood Rd, MAHTOMEDI",CITIZEN/PUBLIC ASSIST
WASHINGTON COUNTY SHERIFFS OFFICE,MAHTOMEDI,8/2/2026 5:14:29 AM,WC26038948,"1XXX  Echo Lake Ct, MAHTOMEDI",CIVIL MATTER/DISPUTE
WASHINGTON COUNTY SHERIFFS OFFICE,MAHTOMEDI,8/2/2026 8:09:13 AM,WC26038955,"XXX Lincolntown Ave, MAHTOMEDI",PARK COMPLAINT
WASHINGTON COUNTY SHERIFFS OFFICE,MAHTOMEDI,8/2/2026 11:48:32 AM,WC26038974,"XXX Wildwood Rd, MAHTOMEDI",SUICIDE ATTEMPT/THREATS OF
WASHINGTON COUNTY SHERIFFS OFFICE,MAHTOMEDI,8/2/2026 1:03:24 PM,WC26038984,"1XXX  Griffin Ave, MAHTOMEDI",THREATS
WASHINGTON COUNTY SHERIFFS OFFICE,MAHTOMEDI,8/2/2026 6:02:19 PM,WC26039024,"1XXX  Harmony Dr, MAHTOMEDI",MEDICAL
WASHINGTON COUNTY SHERIFFS OFFICE,MAHTOMEDI,8/2/2026 10:54:39 PM,WC26039062,"XX Mahtomedi Ave, MAHTOMEDI",ALARM-BUSINESS/RES/FIRE/MEDICAL/ETC
WASHINGTON COUNTY SHERIFFS OFFICE,MAHTOMEDI,8/3/2026 12:48:40 AM,WC26039071,"1XXX  Echo Lake Ct, MAHTOMEDI",CIVIL MATTER/DISPUTE
WASHINGTON COUNTY SHERIFFS OFFICE,MAHTOMEDI,8/3/2026 5:05:29 AM,WC26039096,"XXX Cedarleaf Pt, MAHTOMEDI",ALARM-BUSINESS/RES/FIRE/MEDICAL/ETC
WASHINGTON COUNTY SHERIFFS OFFICE,MAHTOMEDI,8/3/2026 6:59:35 AM,WC26039099,"XXX Wildwood Rd, MAHTOMEDI",MEDICAL
WASHINGTON COUNTY SHERIFFS OFFICE,MAHTOMEDI,8/3/2026 9:18:20 AM,WC26039131,"XXX Wildwood Rd, MAHTOMEDI",MEDICAL
WASHINGTON COUNTY SHERIFFS OFFICE,MAHTOMEDI,8/3/2026 9:53:14 AM,WC26039136,"XXX Hickory St, MAHTOMEDI",CITIZEN/PUBLIC ASSIST
WASHINGTON COUNTY SHERIFFS OFFICE,MAHTOMEDI,8/3/2026 10:01:39 AM,WC26039144,"XXX Mahtomedi Ave, MAHTOMEDI",DUMPING COMPLAINT
WASHINGTON COUNTY SHERIFFS OFFICE,MAHTOMEDI,8/3/2026 1:32:01 PM,WC26039173,"XX Long Lake Rd, MAHTOMEDI",FRAUD/SCAM
WASHINGTON COUNTY SHERIFFS OFFICE,MAHTOMEDI,8/3/2026 2:23:05 PM,WC26039188,"XXX Stillwater Rd, MAHTOMEDI",FRAUD/SCAM
WASHINGTON COUNTY SHERIFFS OFFICE,MAHTOMEDI,8/3/2026 2:36:02 PM,WC26039193,"Stillwater Rd / Hilton Trl N, MAHTOMEDI",DRIVING COMPLAINT
WASHINGTON COUNTY SHERIFFS OFFICE,MAHTOMEDI,8/3/2026 6:33:56 PM,WC26039248,"XXX Hickory St, MAHTOMEDI",PROPERTY DAMAGE
WASHINGTON COUNTY SHERIFFS OFFICE,MAHTOMEDI,8/3/2026 7:05:54 PM,WC26039258,"1XXX  Park Ave, MAHTOMEDI",SUSPICIOUS PERSON/ACTIVITY
WASHINGTON COUNTY SHERIFFS OFFICE,MAHTOMEDI,8/3/2026 9:34:02 PM,WC26039289,"XXX Wildwood Rd, MAHTOMEDI",911 ABANDONED/HANGUP/OPEN LINE
WASHINGTON COUNTY SHERIFFS OFFICE,MAHTOMEDI,8/4/2026 12:00:00 AM,WC26039461,"XXX Wildwood Rd, MAHTOMEDI",NOISE COMPLAINT/DISTURBANCE
WASHINGTON COUNTY SHERIFFS OFFICE,MAHTOMEDI,8/4/2026 12:00:00 AM,WC26039465,"Unknown, MAHTOMEDI",FOLLOW UP
WASHINGTON COUNTY SHERIFFS OFFICE,MAHTOMEDI,8/4/2026 4:25:41 AM,WC26039340,"XXX Salem Pl, MAHTOMEDI",MEDICAL
WASHINGTON COUNTY SHERIFFS OFFICE,MAHTOMEDI,8/4/2026 6:59:38 AM,WC26039347,"1XXX  Mahtomedi Ave, MAHTOMEDI",NOISE COMPLAINT/DISTURBANCE
WASHINGTON COUNTY SHERIFFS OFFICE,MAHTOMEDI,8/4/2026 11:06:07 AM,WC26039403,"Hwy 244 At Old Wildwood Rd, MAHTOMEDI",ANIMAL COMPLAINT
WASHINGTON COUNTY SHERIFFS OFFICE,MAHTOMEDI,8/4/2026 11:50:10 AM,WC26039416,"XXX East Ave, MAHTOMEDI",MEDICAL
WASHINGTON COUNTY SHERIFFS OFFICE,MAHTOMEDI,8/4/2026 4:17:26 PM,WC26039473,"XXX East Ave, MAHTOMEDI",ALARM-BUSINESS/RES/FIRE/MEDICAL/ETC
WASHINGTON COUNTY SHERIFFS OFFICE,MAHTOMEDI,8/4/2026 9:19:12 PM,WC26039542,"XXX Wildwood Rd, MAHTOMEDI",ASSIST OTHER AGENCY
WASHINGTON COUNTY SHERIFFS OFFICE,MAHTOMEDI,8/4/2026 10:18:18 PM,WC26039546,"XXX East Ave, MAHTOMEDI",MEDICAL
WASHINGTON COUNTY SHERIFFS OFFICE,MAHTOMEDI,8/4/2026 11:25:09 PM,WC26039551,"1XXX  Griffin Ave, MAHTOMEDI",SUSPICIOUS PERSON/ACTIVITY
WASHINGTON COUNTY SHERIFFS OFFICE,MAHTOMEDI,8/5/2026 12:12:40 AM,WC26039560,"XXX Stillwater Rd, MAHTOMEDI",ALARM-BUSINESS/RES/FIRE/MEDICAL/ETC
WASHINGTON COUNTY SHERIFFS OFFICE,MAHTOMEDI,8/5/2026 12:21:39 AM,WC26039561,"Wildwood Rd / Wedgewood Dr, MAHTOMEDI",911 ABANDONED/HANGUP/OPEN LINE
WASHINGTON COUNTY SHERIFFS OFFICE,MAHTOMEDI,8/5/2026 1:09:09 AM,WC26039565,"XXX WILDWOOD RD, MAHTOMEDI",911 ABANDONED/HANGUP/OPEN LINE
WASHINGTON COUNTY SHERIFFS OFFICE,MAHTOMEDI,8/5/2026 1:57:05 AM,WC26039567,"XX Crocus St, MAHTOMEDI",MEDICAL
WASHINGTON COUNTY SHERIFFS OFFICE,MAHTOMEDI,8/5/2026 1:59:58 AM,WC26039568,"XXX Wildwood Rd, MAHTOMEDI",MEDICAL
WASHINGTON COUNTY SHERIFFS OFFICE,MAHTOMEDI,8/5/2026 7:23:47 AM,WC26039576,"XXX Wildwood Rd, MAHTOMEDI",911 ABANDONED/HANGUP/OPEN LINE
WASHINGTON COUNTY SHERIFFS OFFICE,MAHTOMEDI,8/5/2026 10:56:36 AM,WC26039621,"XXX Warner Ave N, MAHTOMEDI",MEDICAL
WASHINGTON COUNTY SHERIFFS OFFICE,MAHTOMEDI,8/5/2026 12:21:55 PM,WC26039631,"XXX Shamrock Way, MAHTOMEDI",THEFT
WASHINGTON COUNTY SHERIFFS OFFICE,MAHTOMEDI,8/5/2026 1:21:21 PM,WC26039645,"XXX STILLWATER RD, MAHTOMEDI",VEHICLE UNLOCK
WASHINGTON COUNTY SHERIFFS OFFICE,MAHTOMEDI,8/5/2026 2:13:09 PM,WC26039662,"XXX Iris St, MAHTOMEDI",MEDICAL
WASHINGTON COUNTY SHERIFFS OFFICE,MAHTOMEDI,8/5/2026 3:03:52 PM,WC26039671,"XXX East Ave, MAHTOMEDI",VEHICLE UNLOCK
WASHINGTON COUNTY SHERIFFS OFFICE,MAHTOMEDI,8/5/2026 4:55:41 PM,WC26039689,"XXX WILDWOOD RD, MAHTOMEDI",PARKING VIOLATION
WASHINGTON COUNTY SHERIFFS OFFICE,MAHTOMEDI,8/5/2026 8:24:08 PM,WC26039723,"XXX Stillwater Rd, MAHTOMEDI",DISTURBANCE
WASHINGTON COUNTY SHERIFFS OFFICE,MAHTOMEDI,8/5/2026 9:34:56 PM,WC26039736,"XX Mahtomedi Ave, MAHTOMEDI",WELFARE CHECK
WASHINGTON COUNTY SHERIFFS OFFICE,MAHTOMEDI,8/5/2026 10:19:36 PM,WC26039745,"XX Long Lake Rd, MAHTOMEDI",911 ABANDONED/HANGUP/OPEN LINE
WASHINGTON COUNTY SHERIFFS OFFICE,MAHTOMEDI,8/6/2026 12:01:39 AM,WC26039760,"XXX Dahlia St, MAHTOMEDI",FIGHT
WASHINGTON COUNTY SHERIFFS OFFICE,MAHTOMEDI,8/6/2026 6:58:34 AM,WC26039795,"XX Long Lake Rd, MAHTOMEDI",911 ABANDONED/HANGUP/OPEN LINE
WASHINGTON COUNTY SHERIFFS OFFICE,MAHTOMEDI,8/6/2026 9:27:09 AM,WC26039808,"XX Long Lake Rd, MAHTOMEDI",MEDICAL
WASHINGTON COUNTY SHERIFFS OFFICE,MAHTOMEDI,8/6/2026 9:30:30 AM,WC26039809,"XXX Wildwood Rd, MAHTOMEDI",CITIZEN/PUBLIC ASSIST
WASHINGTON COUNTY SHERIFFS OFFICE,MAHTOMEDI,8/6/2026 10:13:57 AM,WC26039820,"XX Old Wildwood Rd, MAHTOMEDI",ALARM-BUSINESS/RES/FIRE/MEDICAL/ETC
WASHINGTON COUNTY SHERIFFS OFFICE,MAHTOMEDI,8/6/2026 11:07:03 AM,WC26039831,"XXX Hyde Ave N, MAHTOMEDI",FRAUD/SCAM
WASHINGTON COUNTY SHERIFFS OFFICE,MAHTOMEDI,8/6/2026 6:07:21 PM,WC26039908,"XXX HIDDEN OAKS CT, MAHTOMEDI",ALARM-BUSINESS/RES/FIRE/MEDICAL/ETC
WASHINGTON COUNTY SHERIFFS OFFICE,MAHTOMEDI,8/6/2026 6:26:04 PM,WC26039912,"XXX Wildwood Rd, MAHTOMEDI",ANIMAL COMPLAINT
WASHINGTON COUNTY SHERIFFS OFFICE,MAHTOMEDI,8/6/2026 7:23:17 PM,WC26039923,"STILLWATER RD / WILDWOOD RD, MAHTOMEDI",WELFARE CHECK
WASHINGTON COUNTY SHERIFFS OFFICE,MAHTOMEDI,8/6/2026 7:38:06 PM,WC26039924,"XXX Wedgewood Dr, MAHTOMEDI",MISSING PERSON
WASHINGTON COUNTY SHERIFFS OFFICE,MAHTOMEDI,8/6/2026 8:46:45 PM,WC26039936,"XXX Dahlia St, MAHTOMEDI",MEDICAL
WASHINGTON COUNTY SHERIFFS OFFICE,MAHTOMEDI,8/6/2026 9:35:45 PM,WC26039949,"1XXX  Dunbar Way, MAHTOMEDI",ALARM-BUSINESS/RES/FIRE/MEDICAL/ETC
WASHINGTON COUNTY SHERIFFS OFFICE,MAHTOMEDI,8/6/2026 11:23:06 PM,WC26039963,"XXX Wildwood Rd, MAHTOMEDI",FAMILY ASSIST
WASHINGTON COUNTY SHERIFFS OFFICE,MAHTOMEDI,8/7/2026 2:31:06 AM,WC26039978,"XXX Wildwood Rd, MAHTOMEDI",DISTURBANCE
WASHINGTON COUNTY SHERIFFS OFFICE,MAHTOMEDI,8/7/2026 4:06:00 PM,WC26040071,"HILTON TRAIL / 70TH STREET , MAHTOMEDI",TRAFFIC STOP
WASHINGTON COUNTY SHERIFFS OFFICE,MAHTOMEDI,8/7/2026 6:37:19 PM,WC26040110,"XXX East Ave, MAHTOMEDI",MEDICAL
WASHINGTON COUNTY SHERIFFS OFFICE,MAHTOMEDI,8/7/2026 6:56:51 PM,WC26040115,"XX Long Lake Rd, MAHTOMEDI",911 ABANDONED/HANGUP/OPEN LINE
WASHINGTON COUNTY SHERIFFS OFFICE,MAHTOMEDI,8/7/2026 7:22:26 PM,WC26040123,"XXX WILDWOOD RD, MAHTOMEDI",SUSPICIOUS PERSON/ACTIVITY
WASHINGTON COUNTY SHERIFFS OFFICE,MAHTOMEDI,8/7/2026 7:39:35 PM,WC26040128,"XXX Eastgate Pkwy, MAHTOMEDI",WELFARE CHECK
WASHINGTON COUNTY SHERIFFS OFFICE,MAHTOMEDI,8/7/2026 8:36:21 PM,WC26040135,"Unknown, MAHTOMEDI",WELFARE CHECK
WASHINGTON COUNTY SHERIFFS OFFICE,MAHTOMEDI,8/7/2026 9:32:09 PM,WC26040149,"XXX Mahtomedi Ave, MAHTOMEDI",WELFARE CHECK
WASHINGTON COUNTY SHERIFFS OFFICE,MAHTOMEDI,8/8/2026 3:33:45 AM,WC26040206,"XX Mahtomedi Ave, MAHTOMEDI",ALARM-BUSINESS/RES/FIRE/MEDICAL/ETC
WASHINGTON COUNTY SHERIFFS OFFICE,MAHTOMEDI,8/8/2026 6:33:00 AM,WC26040209,"XX Mahtomedi Ave, MAHTOMEDI",PARKING COMPLAINT
WASHINGTON COUNTY SHERIFFS OFFICE,MAHTOMEDI,8/8/2026 8:54:45 AM,WC26040220,"XXX East Ave, MAHTOMEDI",MEDICAL
WASHINGTON COUNTY SHERIFFS OFFICE,MAHTOMEDI,8/8/2026 9:27:52 AM,WC26040221,"XXX WILDWOOD RD, MAHTOMEDI",WELFARE CHECK
WASHINGTON COUNTY SHERIFFS OFFICE,MAHTOMEDI,8/8/2026 12:51:11 PM,WC26040246,"XXX Woodland Ct, MAHTOMEDI",MEDICAL
WASHINGTON COUNTY SHERIFFS OFFICE,MAHTOMEDI,8/8/2026 2:58:15 PM,WC26040260,"WARNER AVE N / STILLWATER RD, MAHTOMEDI",TRAFFIC STOP
WASHINGTON COUNTY SHERIFFS OFFICE,MAHTOMEDI,8/8/2026 3:51:28 PM,WC26040270,"XX Mahtomedi Ave, MAHTOMEDI",MEDICAL
WASHINGTON COUNTY SHERIFFS OFFICE,MAHTOMEDI,8/8/2026 5:22:36 PM,WC26040285,"XX Mahtomedi Ave, MAHTOMEDI",ACCIDENT
WASHINGTON COUNTY SHERIFFS OFFICE,MAHTOMEDI,8/8/2026 7:41:23 PM,WC26040313,"XXX Wildwood Rd, MAHTOMEDI",SUSPICIOUS PERSON/ACTIVITY
WASHINGTON COUNTY SHERIFFS OFFICE,MAHTOMEDI,8/8/2026 9:14:11 PM,WC26040323,"XXX WILDWOOD RD, MAHTOMEDI",TRAFFIC STOP
WASHINGTON COUNTY SHERIFFS OFFICE,MAHTOMEDI,8/8/2026 9:36:14 PM,WC26040329,"1XXX  Park Ave, MAHTOMEDI",PARK COMPLAINT
WASHINGTON COUNTY SHERIFFS OFFICE,MARINE ON SAINT CROIX,8/4/2026 10:18:00 PM,WC26039513,"1XXX  Quant Ave N, MARINE ON SAINT CROIX",THREATS
WASHINGTON COUNTY SHERIFFS OFFICE,MARINE ON SAINT CROIX,8/5/2026 3:16:39 PM,WC26039674,"XXX Judd St, MARINE ON SAINT CROIX",ACCIDENT
WASHINGTON COUNTY SHERIFFS OFFICE,MARINE ON SAINT CROIX,8/6/2026 4:32:21 PM,WC26039893,"Unknown, MARINE ON SAINT CROIX",FOLLOW UP
WASHINGTON COUNTY SHERIFFS OFFICE,MARINE ON SAINT CROIX,8/8/2026 1:19:06 PM,WC26040247,"XXX Oak Knoll Dr, MARINE ON SAINT CROIX",ALARM-BUSINESS/RES/FIRE/MEDICAL/ETC
WASHINGTON COUNTY SHERIFFS OFFICE,MAY TOWNSHIP,8/2/2026 7:18:54 AM,WC26038951,"13XXX  Lynch Rd N, MAY TOWNSHIP",ACCIDENT
WASHINGTON COUNTY SHERIFFS OFFICE,MAY TOWNSHIP,8/2/2026 11:17:22 AM,WC26038970,"14XXX  130th St N, MAY TOWNSHIP",ANIMAL COMPLAINT
WASHINGTON COUNTY SHERIFFS OFFICE,MAY TOWNSHIP,8/2/2026 5:31:57 PM,WC26039020,"15XXX  MAY AVE N, MAY TOWNSHIP",CIVIL MATTER/DISPUTE
WASHINGTON COUNTY SHERIFFS OFFICE,MAY TOWNSHIP,8/3/2026 1:05:38 PM,WC26039167,"11XXX  180th St N, MAY TOWNSHIP",FRAUD/SCAM
WASHINGTON COUNTY SHERIFFS OFFICE,MAY TOWNSHIP,8/3/2026 1:06:32 PM,WC26039170,"14XXX  Manning Trl N, MAY TOWNSHIP",ANIMAL COMPLAINT
WASHINGTON COUNTY SHERIFFS OFFICE,MAY TOWNSHIP,8/4/2026 10:36:41 AM,WC26039395,"14XXX  Norell Ave N, MAY TOWNSHIP",FIRE
WASHINGTON COUNTY SHERIFFS OFFICE,MAY TOWNSHIP,8/4/2026 11:14:11 AM,WC26039405,"16XXX  May Ave N, MAY TOWNSHIP",ALARM-BUSINESS/RES/FIRE/MEDICAL/ETC
WASHINGTON COUNTY SHERIFFS OFFICE,MAY TOWNSHIP,8/6/2026 3:17:40 PM,WC26039882,"15XXX  Square Lake Trl N, MAY TOWNSHIP",MEDICAL
WASHINGTON COUNTY SHERIFFS OFFICE,MAY TOWNSHIP,8/7/2026 10:30:10 AM,WC26040031,"15XXX  SQUARE LAKE TRL N, MAY TOWNSHIP",DIRECTED PATROL
WASHINGTON COUNTY SHERIFFS OFFICE,MAY TOWNSHIP,8/7/2026 10:34:52 AM,WC26040032,"XX Big Carnelian Lake Boat Landing, MAY TOWNSHIP",DIRECTED PATROL
WASHINGTON COUNTY SHERIFFS OFFICE,MAY TOWNSHIP,8/7/2026 4:56:07 PM,WC26040081,"11XXX  180th St N, MAY TOWNSHIP",MEDICAL
WASHINGTON COUNTY SHERIFFS OFFICE,MAY TOWNSHIP,8/8/2026 8:42:24 AM,WC26040218,"14XXX  Riverside Ave N, MAY TOWNSHIP",911 ABANDONED/HANGUP/OPEN LINE
WASHINGTON COUNTY SHERIFFS OFFICE,MAY TOWNSHIP,8/8/2026 12:35:41 PM,WC26040244,"15XXX  - 15510 SQUARE LAKE TRL N, MAY TOWNSHIP",PARKING VIOLATION
WASHINGTON COUNTY SHERIFFS OFFICE,MAY TOWNSHIP,8/8/2026 12:45:58 PM,WC26040245,"15XXX  Square Lake Trl N, MAY TOWNSHIP",911 ABANDONED/HANGUP/OPEN LINE
WASHINGTON COUNTY SHERIFFS OFFICE,MAY TOWNSHIP,8/8/2026 3:51:21 PM,WC26040271,"12XXX  177th St N, MAY TOWNSHIP",CITIZEN/PUBLIC ASSIST
WASHINGTON COUNTY SHERIFFS OFFICE,MAY TOWNSHIP,8/8/2026 6:04:00 PM,WC26040291,"15XXX  SQUARE LAKE TRL N, MAY TOWNSHIP",PARKING VIOLATION
WASHINGTON COUNTY SHERIFFS OFFICE,MAY TOWNSHIP,8/8/2026 9:41:08 PM,WC26040330,"170TH ST N / KEYSTONE AVE N, MAY TOWNSHIP",ROAD HAZARD
WASHINGTON COUNTY SHERIFFS OFFICE,NEWPORT,8/2/2026 4:41:00 AM,WC26038945,"Highway 61, NEWPORT",DWI
WASHINGTON COUNTY SHERIFFS OFFICE,NEWPORT,8/2/2026 8:15:15 AM,WC26038957,"21st St / Hastings Ave, NEWPORT",WELFARE CHECK
WASHINGTON COUNTY SHERIFFS OFFICE,NEWPORT,8/2/2026 1:07:42 PM,WC26038985,"1XXX  2nd Ave, NEWPORT",911 ABANDONED/HANGUP/OPEN LINE
WASHINGTON COUNTY SHERIFFS OFFICE,NEWPORT,8/2/2026 1:47:34 PM,WC26038992,"1XXX  3rd Ave, NEWPORT",ANIMAL COMPLAINT
WASHINGTON COUNTY SHERIFFS OFFICE,NEWPORT,8/2/2026 3:07:39 PM,WC26038999,"1XXX  3rd Ave, NEWPORT",ANIMAL BITE
WASHINGTON COUNTY SHERIFFS OFFICE,NEWPORT,8/2/2026 4:54:02 PM,WC26039015,"1XXX  10th Ave, NEWPORT",THEFT
WASHINGTON COUNTY SHERIFFS OFFICE,NEWPORT,8/2/2026 5:28:13 PM,WC26039021,"XXX 4th Ave, NEWPORT",WELFARE CHECK
WASHINGTON COUNTY SHERIFFS OFFICE,NEWPORT,8/2/2026 7:27:54 PM,WC26039031,"XXX High St, NEWPORT",ALARM-BUSINESS/RES/FIRE/MEDICAL/ETC
WASHINGTON COUNTY SHERIFFS OFFICE,NEWPORT,8/2/2026 10:08:00 PM,WC26039049,"HWY 61 SB/ Bailey Rd, NEWPORT",TRAFFIC STOP
WASHINGTON COUNTY SHERIFFS OFFICE,NEWPORT,8/3/2026 7:37:50 AM,WC26039102,"XXX RED ROCK XING, NEWPORT",MEDICAL
WASHINGTON COUNTY SHERIFFS OFFICE,NEWPORT,8/3/2026 8:34:00 AM,WC26039110,"Hwy 61 Nb At Bailey, NEWPORT",TRAFFIC STOP
WASHINGTON COUNTY SHERIFFS OFFICE,NEWPORT,8/3/2026 8:34:50 AM,WC26039116,"2XXX  1st Ave, NEWPORT",CITIZEN/PUBLIC ASSIST
WASHINGTON COUNTY SHERIFFS OFFICE,NEWPORT,8/3/2026 9:02:00 AM,WC26039119,"XX HWY 61 NB TO BAILEY RD RAMP, NEWPORT",TRAFFIC STOP
WASHINGTON COUNTY SHERIFFS OFFICE,NEWPORT,8/3/2026 10:24:00 AM,WC26039147,"XXX Red Rock Rd, NEWPORT",ACCIDENT
WASHINGTON COUNTY SHERIFFS OFFICE,NEWPORT,8/3/2026 10:56:15 AM,WC26039150,"XXX 15th St, NEWPORT",MEDICAL
WASHINGTON COUNTY SHERIFFS OFFICE,NEWPORT,8/3/2026 11:28:00 AM,WC26039157,"1XXX  GLEN RD, NEWPORT",TRAFFIC STOP
WASHINGTON COUNTY SHERIFFS OFFICE,NEWPORT,8/3/2026 2:08:08 PM,WC26039178,"2XXX  - 2099 HASTINGS AVE, NEWPORT",DIRECTED PATROL
WASHINGTON COUNTY SHERIFFS OFFICE,NEWPORT,8/3/2026 2:15:00 PM,WC26039180,"GLEN RD / WOODBURY RD, NEWPORT",TRAFFIC STOP
WASHINGTON COUNTY SHERIFFS OFFICE,NEWPORT,8/3/2026 2:18:43 PM,WC26039185,"1XXX  10th Ave, NEWPORT",CITIZEN/PUBLIC ASSIST
WASHINGTON COUNTY SHERIFFS OFFICE,NEWPORT,8/3/2026 2:23:44 PM,WC26039187,"XXX Red Rock Xing, NEWPORT",MEDICAL
WASHINGTON COUNTY SHERIFFS OFFICE,NEWPORT,8/3/2026 2:38:57 PM,WC26039195,"Glen Rd / Hastings Ave, NEWPORT",ACCIDENT
WASHINGTON COUNTY SHERIFFS OFFICE,NEWPORT,8/3/2026 3:06:00 PM,WC26039199,"BAILEY RD / POINT DOUGLAS RD, NEWPORT",TRAFFIC STOP
WASHINGTON COUNTY SHERIFFS OFFICE,NEWPORT,8/3/2026 6:29:24 PM,WC26039246,"1XXX  10th Ave, NEWPORT",CIVIL MATTER/DISPUTE
WASHINGTON COUNTY SHERIFFS OFFICE,NEWPORT,8/3/2026 7:21:38 PM,WC26039263,"1XXX  Hastings Ave, NEWPORT",SUSPICIOUS PERSON/ACTIVITY
WASHINGTON COUNTY SHERIFFS OFFICE,NEWPORT,8/3/2026 8:25:33 PM,WC26039269,"2XXX  Hastings Ave, NEWPORT",MEDICAL
WASHINGTON COUNTY SHERIFFS OFFICE,NEWPORT,8/3/2026 9:18:00 PM,WC26039282,"I494 SB JNO BAILEY RD, NEWPORT",TRAFFIC STOP
WASHINGTON COUNTY SHERIFFS OFFICE,NEWPORT,8/4/2026 3:16:52 AM,WC26039338,"XXX Red Rock Xing, NEWPORT",MEDICAL
WASHINGTON COUNTY SHERIFFS OFFICE,NEWPORT,8/4/2026 6:42:01 AM,WC26039344,"I494 NB JNO BAILEY RD, NEWPORT",MOTORIST ASSIST
WASHINGTON COUNTY SHERIFFS OFFICE,NEWPORT,8/4/2026 9:37:56 AM,WC26039382,"XXX 2nd Ave, NEWPORT",BURNING COMPLAINT
WASHINGTON COUNTY SHERIFFS OFFICE,NEWPORT,8/4/2026 11:04:00 AM,WC26039400,"1XXX  10th Ave, NEWPORT",TRESPASSING
WASHINGTON COUNTY SHERIFFS OFFICE,NEWPORT,8/4/2026 5:20:06 PM,WC26039485,"Hwy 61 Sb Jno 70th St S, NEWPORT",ASSIST OTHER AGENCY
WASHINGTON COUNTY SHERIFFS OFFICE,NEWPORT,8/4/2026 11:55:00 PM,WC26039554,"MILITARY RD / CENTURY AVE, NEWPORT",DWI
WASHINGTON COUNTY SHERIFFS OFFICE,NEWPORT,8/5/2026 9:38:27 AM,WC26039599,"1XXX  - 1619 7TH AVE, NEWPORT",DIRECTED PATROL
WASHINGTON COUNTY SHERIFFS OFFICE,NEWPORT,8/5/2026 1:44:26 PM,WC26039652,"XXX 21ST ST, NEWPORT",911 ABANDONED/HANGUP/OPEN LINE
WASHINGTON COUNTY SHERIFFS OFFICE,NEWPORT,8/5/2026 2:00:53 PM,WC26039656,"XXX 7TH AVE, NEWPORT",ASSIST OTHER AGENCY
WASHINGTON COUNTY SHERIFFS OFFICE,NEWPORT,8/5/2026 3:10:31 PM,WC26039672,"1XXX  10th Ave, NEWPORT",DISTURBANCE
WASHINGTON COUNTY SHERIFFS OFFICE,NEWPORT,8/5/2026 6:12:34 PM,WC26039705,"XXX 18th St, NEWPORT",DISTURBANCE
WASHINGTON COUNTY SHERIFFS OFFICE,NEWPORT,8/5/2026 9:35:00 PM,WC26039735,"MAXWELL AVE TO I494 WB RAMP, NEWPORT",TRAFFIC STOP
WASHINGTON COUNTY SHERIFFS OFFICE,NEWPORT,8/6/2026 12:00:00 AM,WC26039961,"1XXX  1st Ave, NEWPORT",DISTURBANCE
WASHINGTON COUNTY SHERIFFS OFFICE,NEWPORT,8/6/2026 1:30:38 PM,WC26039862,"1XXX  4th Ave, NEWPORT",THEFT
WASHINGTON COUNTY SHERIFFS OFFICE,NEWPORT,8/6/2026 2:06:35 PM,WC26039870,"1XXX  Hastings Ave, NEWPORT",THEFT
WASHINGTON COUNTY SHERIFFS OFFICE,NEWPORT,8/6/2026 3:39:00 PM,WC26039886,"HWY 61 NB / 494, NEWPORT",TRAFFIC STOP
WASHINGTON COUNTY SHERIFFS OFFICE,NEWPORT,8/6/2026 5:54:25 PM,WC26039909,"3rd Ave / 17th St, NEWPORT",LOCKOUT
WASHINGTON COUNTY SHERIFFS OFFICE,NEWPORT,8/6/2026 5:56:00 PM,WC26039906,"Hwy 61 SB @ Maxwell Ave, NEWPORT",TRAFFIC STOP
WASHINGTON COUNTY SHERIFFS OFFICE,NEWPORT,8/6/2026 6:35:00 PM,WC26039914,"Hwy 61 SB @ Maxwell Ave, NEWPORT",TRAFFIC STOP
WASHINGTON COUNTY SHERIFFS OFFICE,NEWPORT,8/6/2026 8:13:00 PM,WC26039931,"Hwy 61 SB @ Maxwell Ave, NEWPORT",TRAFFIC STOP
WASHINGTON COUNTY SHERIFFS OFFICE,NEWPORT,8/6/2026 8:55:00 PM,WC26039937,"Hwy 61 SB @ Maxwell Ave, NEWPORT",TRAFFIC STOP
WASHINGTON COUNTY SHERIFFS OFFICE,NEWPORT,8/6/2026 9:08:00 PM,WC26039940,"Hwy 61 SB @ Maxwell Ave, NEWPORT",TRAFFIC STOP
WASHINGTON COUNTY SHERIFFS OFFICE,NEWPORT,8/7/2026 12:02:00 AM,WC26039968,"1XXX  GLEN RD, NEWPORT",SUSPICIOUS PERSON/ACTIVITY
WASHINGTON COUNTY SHERIFFS OFFICE,NEWPORT,8/7/2026 8:44:00 AM,WC26040005,"Hwy 61 Nb At Bailey, NEWPORT",TRAFFIC STOP
WASHINGTON COUNTY SHERIFFS OFFICE,NEWPORT,8/7/2026 9:16:46 AM,WC26040009,"1XXX  - 1699 GLEN RD, NEWPORT",DIRECTED PATROL
WASHINGTON COUNTY SHERIFFS OFFICE,NEWPORT,8/7/2026 9:42:26 AM,WC26040024,"2XXX  Hastings Ave, NEWPORT",THREATS
WASHINGTON COUNTY SHERIFFS OFFICE,NEWPORT,8/7/2026 9:45:00 AM,WC26040023,"GLEN RD / WOODBURY  RD, NEWPORT",TRAFFIC STOP
WASHINGTON COUNTY SHERIFFS OFFICE,NEWPORT,8/7/2026 1:19:29 PM,WC26040056,"1XXX  10th Ave, NEWPORT",MEDICAL
WASHINGTON COUNTY SHERIFFS OFFICE,NEWPORT,8/7/2026 2:02:37 PM,WC26040060,"1XXX  10th Ave, NEWPORT",FOLLOW UP
WASHINGTON COUNTY SHERIFFS OFFICE,NEWPORT,8/7/2026 3:15:18 PM,WC26040065,"XXX Red Rock Xing, NEWPORT",PROPERTY DAMAGE
WASHINGTON COUNTY SHERIFFS OFFICE,NEWPORT,8/7/2026 3:22:22 PM,WC26040066,"1XXX  7th Ave, NEWPORT",WELFARE CHECK
WASHINGTON COUNTY SHERIFFS OFFICE,NEWPORT,8/7/2026 3:31:24 PM,WC26040067,"1XXX  4th Ave, NEWPORT",PROPERTY DAMAGE
WASHINGTON COUNTY SHERIFFS OFFICE,NEWPORT,8/7/2026 4:45:11 PM,WC26040077,"1XXX  Hastings Ave, NEWPORT",FRAUD/SCAM
WASHINGTON COUNTY SHERIFFS OFFICE,NEWPORT,8/7/2026 5:14:00 PM,WC26040087,"Hwy 61 SB @ Maxwell Ave, NEWPORT",TRAFFIC STOP
WASHINGTON COUNTY SHERIFFS OFFICE,NEWPORT,8/7/2026 5:45:00 PM,WC26040091,"Hwy 61 SB @ Maxwell Ave, NEWPORT",TRAFFIC STOP
WASHINGTON COUNTY SHERIFFS OFFICE,NEWPORT,8/7/2026 7:16:00 PM,WC26040121,"Hwy 61 SB @ Maxwell Ave, NEWPORT",TRAFFIC STOP
WASHINGTON COUNTY SHERIFFS OFFICE,NEWPORT,8/7/2026 7:34:31 PM,WC26040126,"1XXX  - 1420 MILITARY RD, NEWPORT",MOTORIST ASSIST
WASHINGTON COUNTY SHERIFFS OFFICE,NEWPORT,8/7/2026 9:14:00 PM,WC26040142,"HWY 61 SB AT GLEN RD, NEWPORT",TRAFFIC STOP
WASHINGTON COUNTY SHERIFFS OFFICE,NEWPORT,8/7/2026 10:51:28 PM,WC26040170,"I494 EB JEO HWY 61, NEWPORT",DRIVING COMPLAINT
WASHINGTON COUNTY SHERIFFS OFFICE,NEWPORT,8/7/2026 11:34:00 PM,WC26040177,"HWY 61 SB AT GLEN RD, NEWPORT",TRAFFIC STOP
WASHINGTON COUNTY SHERIFFS OFFICE,NEWPORT,8/7/2026 11:53:00 PM,WC26040180,"HWY 61 SB AT MAXWELL AVE, NEWPORT",TRAFFIC STOP
WASHINGTON COUNTY SHERIFFS OFFICE,NEWPORT,8/8/2026 12:27:00 AM,WC26040187,"HWY 61 SB JSO BAILEY RD, NEWPORT",TRAFFIC STOP
WASHINGTON COUNTY SHERIFFS OFFICE,NEWPORT,8/8/2026 12:59:00 AM,WC26040192,"1XXX  10th Ave, NEWPORT",DRUGS
WASHINGTON COUNTY SHERIFFS OFFICE,NEWPORT,8/8/2026 5:25:40 AM,WC26040208,"Unknown, NEWPORT",FOLLOW UP
WASHINGTON COUNTY SHERIFFS OFFICE,NEWPORT,8/8/2026 6:47:24 AM,WC26040211,"12TH ST / HASTINGS AVE, NEWPORT",CITIZEN/PUBLIC ASSIST
WASHINGTON COUNTY SHERIFFS OFFICE,NEWPORT,8/8/2026 9:44:32 AM,WC26040226,"2XXX  Hastings Ave, NEWPORT",PROPERTY DAMAGE
WASHINGTON COUNTY SHERIFFS OFFICE,NEWPORT,8/8/2026 10:23:32 AM,WC26040230,"1XXX  10th Ave, NEWPORT",FOLLOW UP
WASHINGTON COUNTY SHERIFFS OFFICE,NEWPORT,8/8/2026 11:28:00 AM,WC26040238,"2ND AVE / 17TH ST, NEWPORT",TRAFFIC STOP
WASHINGTON COUNTY SHERIFFS OFFICE,NEWPORT,8/8/2026 7:04:20 PM,WC26040306,"1XXX  2nd Ave, NEWPORT",FOLLOW UP
WASHINGTON COUNTY SHERIFFS OFFICE,NEWPORT,8/8/2026 7:28:01 PM,WC26040308,"2XXX  - 2099 HASTINGS AVE, NEWPORT",DIRECTED PATROL
WASHINGTON COUNTY SHERIFFS OFFICE,NEWPORT,8/8/2026 7:32:37 PM,WC26040309,"1XXX  Hastings Ave, NEWPORT",SHOPLIFTING
WASHINGTON COUNTY SHERIFFS OFFICE,NEWPORT,8/8/2026 9:43:42 PM,WC26040332,"1XXX  10th Ave, NEWPORT",SUSPICIOUS PERSON/ACTIVITY
WASHINGTON COUNTY SHERIFFS OFFICE,NEWPORT,8/8/2026 10:00:06 PM,WC26040336,"1XXX  Bluestem Ln, NEWPORT",SUSPICIOUS PERSON/ACTIVITY
WASHINGTON COUNTY SHERIFFS OFFICE,NEWPORT,8/8/2026 10:04:00 PM,WC26040338,"1XXX  11th Ave, NEWPORT",RUNAWAY
WASHINGTON COUNTY SHERIFFS OFFICE,NEWPORT,8/8/2026 10:13:16 PM,WC26040349,"1XXX  10th Ave, NEWPORT",FOUND PERSON
WASHINGTON COUNTY SHERIFFS OFFICE,OAK PARK HEIGHTS,8/3/2026 9:55:00 PM,WC26039292,"OSGOOD AVE N / Hwy 36, OAK PARK HEIGHTS",TRAFFIC STOP
WASHINGTON COUNTY SHERIFFS OFFICE,OAK PARK HEIGHTS,8/4/2026 6:35:41 AM,WC26039343,"14XXX  OAK PARK BLVD N, OAK PARK HEIGHTS",ASSIST OTHER AGENCY
WASHINGTON COUNTY SHERIFFS OFFICE,OAK PARK HEIGHTS,8/6/2026 11:29:00 PM,WC26039964,"HWY 36 WB AT OSGOOD AVE N, OAK PARK HEIGHTS",TRAFFIC STOP
WASHINGTON COUNTY SHERIFFS OFFICE,OAKDALE,8/2/2026 12:36:06 PM,WC26038981,"5XXX  Hadley Ave N, OAKDALE",ASSIST OTHER AGENCY
WASHINGTON COUNTY SHERIFFS OFFICE,OAKDALE,8/3/2026 7:53:45 PM,WC26039267,"1XXX  HALE AVE N, OAKDALE",CIVIL MATTER/DISPUTE
WASHINGTON COUNTY SHERIFFS OFFICE,OAKDALE,8/3/2026 8:29:42 PM,WC26039271,"6XXX  UPPER 51ST ST N, OAKDALE",CIVIL MATTER/DISPUTE
WASHINGTON COUNTY SHERIFFS OFFICE,OAKDALE,8/3/2026 9:30:00 PM,WC26039287,"6XXX  - 6071 50TH ST N, OAKDALE",TRAFFIC STOP
WASHINGTON COUNTY SHERIFFS OFFICE,OAKDALE,8/3/2026 10:58:00 PM,WC26039303,"GENEVA AVE N / CONWAY AVE E, OAKDALE",TRAFFIC STOP
WASHINGTON COUNTY SHERIFFS OFFICE,OAKDALE,8/5/2026 8:26:33 AM,WC26039579,"1XXX  HALE AVE N, OAKDALE",JUDGES ORDER
WASHINGTON COUNTY SHERIFFS OFFICE,OAKDALE,8/7/2026 6:48:00 PM,WC26040112,"6XXX  - 6099 43RD ST N, OAKDALE",TRAFFIC STOP
WASHINGTON COUNTY SHERIFFS OFFICE,OAKDALE,8/7/2026 10:31:00 PM,WC26040166,"NB I694 JNO 10th St N, OAKDALE",TRAFFIC STOP
WASHINGTON COUNTY SHERIFFS OFFICE,OAKDALE,8/8/2026 9:55:00 PM,WC26040334,"GENEVA AVE N / 27TH ST N, OAKDALE",WARRANT ARREST
WASHINGTON COUNTY SHERIFFS OFFICE,PINE SPRINGS,8/2/2026 1:47:00 AM,WC26038922,"HILTON TRL N / 60TH ST N, PINE SPRINGS",TRAFFIC STOP
WASHINGTON COUNTY SHERIFFS OFFICE,PINE SPRINGS,8/5/2026 10:03:00 PM,WC26039740,"6XXX  - 6598 HILTON TRL N, PINE SPRINGS",TRAFFIC STOP
WASHINGTON COUNTY SHERIFFS OFFICE,PINE SPRINGS,8/7/2026 12:31:00 AM,WC26039972,"Hwy 36 Eb Jeo Hilton Trl N, PINE SPRINGS",DWI
WASHINGTON COUNTY SHERIFFS OFFICE,PINE SPRINGS,8/7/2026 11:22:33 AM,WC26040040,"XXX Warner Rd S, PINE SPRINGS",911 ABANDONED/HANGUP/OPEN LINE
WASHINGTON COUNTY SHERIFFS OFFICE,SAINT MARYS POINT,8/3/2026 7:11:33 PM,WC26039259,"2XXX  Itasca Ave S, SAINT MARYS POINT",911 ABANDONED/HANGUP/OPEN LINE
WASHINGTON COUNTY SHERIFFS OFFICE,Saint Paul,8/6/2026 3:48:00 AM,WC26039791,"2XXX  Old Hudson Rd, Saint Paul",WARRANT ARREST
WASHINGTON COUNTY SHERIFFS OFFICE,SAINT PAUL PARK,8/4/2026 3:57:21 PM,WC26039470,"XXX Pleasant Ave, SAINT PAUL PARK",ASSIST OTHER AGENCY
WASHINGTON COUNTY SHERIFFS OFFICE,SAINT PAUL PARK,8/4/2026 6:57:00 PM,WC26039517,"70TH ST S / HASTINGS AVE, SAINT PAUL PARK",DRUGS
WASHINGTON COUNTY SHERIFFS OFFICE,SAINT PAUL PARK,8/5/2026 12:21:06 PM,WC26039636,"1XXX  3rd St, SAINT PAUL PARK",ASSIST OTHER AGENCY
WASHINGTON COUNTY SHERIFFS OFFICE,SAINT PAUL PARK,8/5/2026 1:24:38 PM,WC26039647,"1XXX  Laurel Ave, SAINT PAUL PARK",ASSIST OTHER AGENCY
WASHINGTON COUNTY SHERIFFS OFFICE,SCANDIA,8/2/2026 12:19:00 AM,WC26038916,"16XXX  Obrien Trl N, SCANDIA",UNWANTED PERSON/VEHICLE
WASHINGTON COUNTY SHERIFFS OFFICE,SCANDIA,8/2/2026 9:54:52 PM,WC26039048,"16XXX  209th St N, SCANDIA",SUSPICIOUS PERSON/ACTIVITY
WASHINGTON COUNTY SHERIFFS OFFICE,SCANDIA,8/3/2026 8:55:29 AM,WC26039118,"21XXX  OLINDA TRL N, SCANDIA",ALARM-BUSINESS/RES/FIRE/MEDICAL/ETC
WASHINGTON COUNTY SHERIFFS OFFICE,SCANDIA,8/3/2026 11:14:52 AM,WC26039155,"15XXX -blk Oakhill Rd N, SCANDIA",911 ABANDONED/HANGUP/OPEN LINE
WASHINGTON COUNTY SHERIFFS OFFICE,SCANDIA,8/3/2026 2:46:20 PM,WC26039197,"Unknown, SCANDIA",CITIZEN/PUBLIC ASSIST
WASHINGTON COUNTY SHERIFFS OFFICE,SCANDIA,8/3/2026 11:50:34 PM,WC26039308,"12XXX  Lakamaga Trl N, SCANDIA",CITIZEN/PUBLIC ASSIST
WASHINGTON COUNTY SHERIFFS OFFICE,SCANDIA,8/4/2026 4:56:02 AM,WC26039341,"14XXX  209th St N, SCANDIA",MEDICAL
WASHINGTON COUNTY SHERIFFS OFFICE,SCANDIA,8/4/2026 5:11:24 AM,WC26039342,"12XXX  182nd St N, SCANDIA",MEDICAL
WASHINGTON COUNTY SHERIFFS OFFICE,SCANDIA,8/4/2026 4:35:14 PM,WC26039475,"19XXX  QUINNELL AVE N, SCANDIA",MEDICAL
WASHINGTON COUNTY SHERIFFS OFFICE,SCANDIA,8/5/2026 5:59:20 PM,WC26039701,"23XXX  Lofton Ct N, SCANDIA",ACCIDENT
WASHINGTON COUNTY SHERIFFS OFFICE,SCANDIA,8/5/2026 10:02:46 PM,WC26039741,"23XXX  Lofton Ct N, SCANDIA",FOUND PROPERTY/ITEM
WASHINGTON COUNTY SHERIFFS OFFICE,SCANDIA,8/6/2026 1:39:27 AM,WC26039777,"18XXX  - 18498 OLINDA TRL N, SCANDIA",TRAFFIC STOP
WASHINGTON COUNTY SHERIFFS OFFICE,SCANDIA,8/6/2026 8:11:47 AM,WC26039798,"Manning Trl N / Scandia Trl N, SCANDIA",ACCIDENT
WASHINGTON COUNTY SHERIFFS OFFICE,SCANDIA,8/6/2026 2:54:00 PM,WC26039880,"18XXX  Layton Ave N, SCANDIA",CIVIL MATTER/DISPUTE
WASHINGTON COUNTY SHERIFFS OFFICE,SCANDIA,8/6/2026 6:14:14 PM,WC26039910,"21XXX  Oldfield Ave N, SCANDIA",CIVIL MATTER/DISPUTE
WASHINGTON COUNTY SHERIFFS OFFICE,SCANDIA,8/7/2026 8:39:54 AM,WC26040002,"12XXX  Lakamaga Trl N, SCANDIA",MEDICAL
WASHINGTON COUNTY SHERIFFS OFFICE,SCANDIA,8/7/2026 9:53:46 AM,WC26040026,"14XXX  SCANDIA TRL N, SCANDIA",FAMILY ASSIST
WASHINGTON COUNTY SHERIFFS OFFICE,SCANDIA,8/7/2026 4:29:21 PM,WC26040075,"Unknown, SCANDIA",ANIMAL COMPLAINT
WASHINGTON COUNTY SHERIFFS OFFICE,SCANDIA,8/7/2026 6:51:16 PM,WC26040113,"Lofton Ave N / 218th St N, SCANDIA",ROAD HAZARD
WASHINGTON COUNTY SHERIFFS OFFICE,SCANDIA,8/8/2026 12:01:47 AM,WC26040182,"21XXX  Oland Ave N, SCANDIA",ASSIST OTHER AGENCY
WASHINGTON COUNTY SHERIFFS OFFICE,SCANDIA,8/8/2026 2:57:57 PM,WC26040259,"12XXX  - 13099 SCANDIA TRL N, SCANDIA",DIRECTED PATROL
WASHINGTON COUNTY SHERIFFS OFFICE,SCANDIA,8/8/2026 3:15:26 PM,WC26040262,"21XXX  Oland Ave N, SCANDIA",ASSIST OTHER AGENCY
WASHINGTON COUNTY SHERIFFS OFFICE,SCANDIA,8/8/2026 8:49:47 PM,WC26040319,"14XXX  202nd St N, SCANDIA",CITIZEN/PUBLIC ASSIST
WASHINGTON COUNTY SHERIFFS OFFICE,STILLWATER,8/2/2026 2:19:57 AM,WC26038933,"HWY 95 JSO POPLAR ST E, STILLWATER",CITIZEN/PUBLIC ASSIST
WASHINGTON COUNTY SHERIFFS OFFICE,STILLWATER,8/3/2026 1:58:42 AM,WC26039078,"14XXX  62nd St N, STILLWATER",ASSIST OTHER AGENCY
WASHINGTON COUNTY SHERIFFS OFFICE,STILLWATER,8/3/2026 9:24:32 AM,WC26039133,"15XXX  62ND ST N, STILLWATER",OFFICER COMPLAINT/ALLEGATION
WASHINGTON COUNTY SHERIFFS OFFICE,STILLWATER,8/3/2026 11:08:34 AM,WC26039152,"15XXX  62nd St N, STILLWATER",CITIZEN/PUBLIC ASSIST
WASHINGTON COUNTY SHERIFFS OFFICE,STILLWATER,8/3/2026 12:03:45 PM,WC26039160,"14XXX  62ND ST N, STILLWATER",DISTURBANCE
WASHINGTON COUNTY SHERIFFS OFFICE,STILLWATER,8/5/2026 9:31:39 AM,WC26039602,"14XXX  62nd St N, STILLWATER",MEDICAL
WASHINGTON COUNTY SHERIFFS OFFICE,STILLWATER,8/5/2026 6:45:00 PM,WC26039708,"HWY 36 EB JEO OAKGREEN AVE N, STILLWATER",TRAFFIC STOP
WASHINGTON COUNTY SHERIFFS OFFICE,STILLWATER,8/6/2026 5:01:05 PM,WC26039898,"15XXX  62ND ST N, STILLWATER",ASSIST OTHER AGENCY
WASHINGTON COUNTY SHERIFFS OFFICE,STILLWATER,8/6/2026 11:00:35 PM,WC26039959,"15XXX  62ND ST N, STILLWATER",FUGITIVE FROM JUSTICE
WASHINGTON COUNTY SHERIFFS OFFICE,STILLWATER,8/7/2026 11:17:52 AM,WC26040039,"15XXX  62ND ST N, STILLWATER",ASSIST OTHER AGENCY
WASHINGTON COUNTY SHERIFFS OFFICE,STILLWATER,8/7/2026 1:24:21 PM,WC26040057,"15XXX  62nd St N, STILLWATER",CIVIL MATTER/DISPUTE
WASHINGTON COUNTY SHERIFFS OFFICE,STILLWATER,8/7/2026 1:44:25 PM,WC26040058,"15XXX  62nd St N, STILLWATER",CITIZEN/PUBLIC ASSIST
WASHINGTON COUNTY SHERIFFS OFFICE,STILLWATER,8/7/2026 4:04:18 PM,WC26040070,"15XXX  62ND ST N, STILLWATER",FUGITIVE FROM JUSTICE
WASHINGTON COUNTY SHERIFFS OFFICE,STILLWATER,8/7/2026 4:50:38 PM,WC26040080,"15XXX  62nd St N, STILLWATER",CITIZEN/PUBLIC ASSIST
WASHINGTON COUNTY SHERIFFS OFFICE,STILLWATER,8/7/2026 8:31:00 PM,WC26040134,"MARKET DR / ORLEANS ST W, STILLWATER",TRAFFIC STOP
WASHINGTON COUNTY SHERIFFS OFFICE,STILLWATER,8/8/2026 11:30:01 AM,WC26040241,"15XXX  62nd St N, STILLWATER",CITIZEN/PUBLIC ASSIST
WASHINGTON COUNTY SHERIFFS OFFICE,STILLWATER,8/8/2026 1:28:35 PM,WC26040249,"15XXX  62nd St N, STILLWATER",CIVIL MATTER/DISPUTE
WASHINGTON COUNTY SHERIFFS OFFICE,STILLWATER,8/8/2026 6:41:00 PM,WC26040301,"HWY 36 WB JEO MANNING AVE N, STILLWATER",TRAFFIC STOP
WASHINGTON COUNTY SHERIFFS OFFICE,STILLWATER TOWNSHIP,8/2/2026 2:08:28 AM,WC26038928,"BOOM SITE, STILLWATER TOWNSHIP",TRAFFIC STOP
WASHINGTON COUNTY SHERIFFS OFFICE,STILLWATER TOWNSHIP,8/3/2026 4:12:51 AM,WC26039093,"9XXX  Stonebridge Trl N, STILLWATER TOWNSHIP",ALARM-BUSINESS/RES/FIRE/MEDICAL/ETC
WASHINGTON COUNTY SHERIFFS OFFICE,STILLWATER TOWNSHIP,8/3/2026 6:43:03 AM,WC26039097,"13XXX  105th St N, STILLWATER TOWNSHIP",911 ABANDONED/HANGUP/OPEN LINE
WASHINGTON COUNTY SHERIFFS OFFICE,STILLWATER TOWNSHIP,8/3/2026 3:12:32 PM,WC26039204,"14XXX  114th St N, STILLWATER TOWNSHIP",LOST PROPERTY/ITEM
WASHINGTON COUNTY SHERIFFS OFFICE,STILLWATER TOWNSHIP,8/6/2026 11:43:08 AM,WC26039840,"11XXX  Myeron Rd N, STILLWATER TOWNSHIP",PROPERTY DAMAGE
WASHINGTON COUNTY SHERIFFS OFFICE,STILLWATER TOWNSHIP,8/6/2026 3:50:31 PM,WC26039890,"9XXX  - 9153 SAINT CROIX TRL N, STILLWATER TOWNSHIP",PARKING VIOLATION
WASHINGTON COUNTY SHERIFFS OFFICE,STILLWATER TOWNSHIP,8/6/2026 9:32:00 PM,WC26039948,"STONEBRIDGE TRL N & DELLWOOD RD N, STILLWATER TOWNSHIP",ACCIDENT
WASHINGTON COUNTY SHERIFFS OFFICE,STILLWATER TOWNSHIP,8/6/2026 11:51:13 PM,WC26039966,"BOOM SITE HISTORICAL MARKER, STILLWATER TOWNSHIP",SUSPICIOUS PERSON/ACTIVITY
WASHINGTON COUNTY SHERIFFS OFFICE,STILLWATER TOWNSHIP,8/8/2026 3:40:35 PM,WC26040268,"10XXX  Stonebridge Trl N, STILLWATER TOWNSHIP",911 ABANDONED/HANGUP/OPEN LINE
WASHINGTON COUNTY SHERIFFS OFFICE,STILLWATER TOWNSHIP,8/8/2026 7:29:12 PM,WC26040312,"Saint Croix Trl N / 110th St N, STILLWATER TOWNSHIP",ANIMAL COMPLAINT
WASHINGTON COUNTY SHERIFFS OFFICE,STILLWATER TOWNSHIP,8/8/2026 7:32:07 PM,WC26040311,"NEWGATE AVE N / DELLWOOD RD N, STILLWATER TOWNSHIP",TRAFFIC COMPLAINT
WASHINGTON COUNTY SHERIFFS OFFICE,WEST LAKELAND TOWNSHIP,8/2/2026 9:44:21 AM,WC26038961,"15XXX  Hudson Blvd N, WEST LAKELAND TOWNSHIP",MEDICAL
WASHINGTON COUNTY SHERIFFS OFFICE,WEST LAKELAND TOWNSHIP,8/2/2026 10:23:34 PM,WC26039056,"2XXX  Neal Ave N, WEST LAKELAND TOWNSHIP",CITIZEN/PUBLIC ASSIST
WASHINGTON COUNTY SHERIFFS OFFICE,WEST LAKELAND TOWNSHIP,8/2/2026 10:38:16 PM,WC26039060,"2XXX  Neal Ave N, WEST LAKELAND TOWNSHIP",OFFICER INFORMATION
WASHINGTON COUNTY SHERIFFS OFFICE,WEST LAKELAND TOWNSHIP,8/3/2026 6:53:18 AM,WC26039098,"1XXX  Neal Ave N, WEST LAKELAND TOWNSHIP",911 ABANDONED/HANGUP/OPEN LINE
WASHINGTON COUNTY SHERIFFS OFFICE,WEST LAKELAND TOWNSHIP,8/4/2026 12:40:36 PM,WC26039421,"XXX Manning Ave N, WEST LAKELAND TOWNSHIP",VEHICLE UNLOCK
WASHINGTON COUNTY SHERIFFS OFFICE,WEST LAKELAND TOWNSHIP,8/4/2026 4:57:17 PM,WC26039478,"14XXX  Interstate 94, WEST LAKELAND TOWNSHIP",911 ABANDONED/HANGUP/OPEN LINE
WASHINGTON COUNTY SHERIFFS OFFICE,WEST LAKELAND TOWNSHIP,8/5/2026 11:05:29 AM,WC26039623,"1XXX  Paris Trl N, WEST LAKELAND TOWNSHIP",CIVIL MATTER/DISPUTE
WASHINGTON COUNTY SHERIFFS OFFICE,WEST LAKELAND TOWNSHIP,8/5/2026 1:57:26 PM,WC26039657,"XXX Manning Ave N, WEST LAKELAND TOWNSHIP",DRIVING COMPLAINT
WASHINGTON COUNTY SHERIFFS OFFICE,WEST LAKELAND TOWNSHIP,8/5/2026 8:30:53 PM,WC26039724,"14XXX  21st St N, WEST LAKELAND TOWNSHIP",MEDICAL
WASHINGTON COUNTY SHERIFFS OFFICE,WEST LAKELAND TOWNSHIP,8/6/2026 12:41:13 AM,WC26039770,"I94 / Stagecoach Trl N, WEST LAKELAND TOWNSHIP",ASSIST OTHER AGENCY
WASHINGTON COUNTY SHERIFFS OFFICE,WEST LAKELAND TOWNSHIP,8/6/2026 9:15:15 AM,WC26039802,"13XXX  17th St N, WEST LAKELAND TOWNSHIP",MEDICAL
WASHINGTON COUNTY SHERIFFS OFFICE,WEST LAKELAND TOWNSHIP,8/6/2026 10:45:59 AM,WC26039826,"14XXX  21st St N, WEST LAKELAND TOWNSHIP",911 ABANDONED/HANGUP/OPEN LINE
WASHINGTON COUNTY SHERIFFS OFFICE,WEST LAKELAND TOWNSHIP,8/6/2026 5:10:23 PM,WC26039899,"12XXX  22nd St N, WEST LAKELAND TOWNSHIP",SUSPICIOUS PERSON/ACTIVITY
WASHINGTON COUNTY SHERIFFS OFFICE,WEST LAKELAND TOWNSHIP,8/6/2026 9:49:34 PM,WC26039951,"1XXX  Neal Ave N, WEST LAKELAND TOWNSHIP",MEDICAL
WASHINGTON COUNTY SHERIFFS OFFICE,WEST LAKELAND TOWNSHIP,8/8/2026 12:08:36 AM,WC26040183,"1XXX  Oakgreen Ave N, WEST LAKELAND TOWNSHIP",911 ABANDONED/HANGUP/OPEN LINE
WASHINGTON COUNTY SHERIFFS OFFICE,WEST LAKELAND TOWNSHIP,8/8/2026 5:01:58 AM,WC26040207,"XXX Neal Ave N, WEST LAKELAND TOWNSHIP",DRUNK/INTOXICATED 
WASHINGTON COUNTY SHERIFFS OFFICE,WEST LAKELAND TOWNSHIP,8/8/2026 1:39:59 PM,WC26040250,"1XXX  OLENE AVE N, WEST LAKELAND TOWNSHIP",CIVIL MATTER/DISPUTE
WASHINGTON COUNTY SHERIFFS OFFICE,WEST LAKELAND TOWNSHIP,8/8/2026 8:12:01 PM,WC26040315,"1XXX  Oryan Trl N, WEST LAKELAND TOWNSHIP",ALARM-BUSINESS/RES/FIRE/MEDICAL/ETC
WASHINGTON COUNTY SHERIFFS OFFICE,WEST LAKELAND TOWNSHIP,8/8/2026 9:03:48 PM,WC26040321,"I94 WB AT STAGECOACH TRL N, WEST LAKELAND TOWNSHIP",DRIVING COMPLAINT
WASHINGTON COUNTY SHERIFFS OFFICE,WEST LAKELAND TOWNSHIP,8/8/2026 9:24:49 PM,WC26040326,"10TH ST N / STAGECOACH TRL N, WEST LAKELAND TOWNSHIP",NOISE COMPLAINT/DISTURBANCE
WASHINGTON COUNTY SHERIFFS OFFICE,WILLERNIE,8/5/2026 5:54:55 PM,WC26039699,"XXX STEWART RD, WILLERNIE",WARRANT ATTEMPT
WASHINGTON COUNTY SHERIFFS OFFICE,WILLERNIE,8/7/2026 4:22:00 AM,WC26039989,"XXX - 298 STEWART RD, WILLERNIE",TRAFFIC STOP
WASHINGTON COUNTY SHERIFFS OFFICE,WOODBURY,8/3/2026 5:49:09 PM,WC26039234,"1XXX  DONEGAL DR, WOODBURY",CIVIL MATTER/DISPUTE
WASHINGTON COUNTY SHERIFFS OFFICE,WOODBURY,8/3/2026 6:11:03 PM,WC26039240,"7XXX  WOODPARK BLVD, WOODBURY",CIVIL MATTER/DISPUTE
WASHINGTON COUNTY SHERIFFS OFFICE,WOODBURY,8/3/2026 9:03:20 PM,WC26039277,"7XXX  WOODPARK BLVD, WOODBURY",CIVIL MATTER/DISPUTE
WASHINGTON COUNTY SHERIFFS OFFICE,WOODBURY,8/4/2026 8:51:04 AM,WC26039356,"Afton Rd / Steepleview Rd, WOODBURY",ACCIDENT
WASHINGTON COUNTY SHERIFFS OFFICE,WOODBURY,8/4/2026 10:56:00 AM,WC26039398,"XX I94 Wb At Radio Dr, WOODBURY",TRAFFIC STOP
WASHINGTON COUNTY SHERIFFS OFFICE,WOODBURY,8/4/2026 11:35:00 AM,WC26039412,"I94 Eb at Hwy 120, WOODBURY",TRAFFIC STOP
WASHINGTON COUNTY SHERIFFS OFFICE,WOODBURY,8/4/2026 11:50:00 AM,WC26039415,"I94 Eb at Hwy 120, WOODBURY",TRAFFIC STOP
WASHINGTON COUNTY SHERIFFS OFFICE,WOODBURY,8/4/2026 12:39:00 PM,WC26039420,"I94 EB JWO WOODBURY DR, WOODBURY",TRAFFIC STOP
WASHINGTON COUNTY SHERIFFS OFFICE,WOODBURY,8/4/2026 1:26:00 PM,WC26039439,"I494 / TAMARACK RD, WOODBURY",TRAFFIC STOP
WASHINGTON COUNTY SHERIFFS OFFICE,WOODBURY,8/4/2026 1:48:00 PM,WC26039448,"I494 / TAMARACK RD, WOODBURY",TRAFFIC STOP
WASHINGTON COUNTY SHERIFFS OFFICE,WOODBURY,8/5/2026 8:51:40 AM,WC26039587,"1XXX  Donegal Dr, WOODBURY",CITIZEN/PUBLIC ASSIST
WASHINGTON COUNTY SHERIFFS OFFICE,WOODBURY,8/5/2026 4:29:46 PM,WC26039685,"10XXX  Hudson Rd, WOODBURY",ASSIST OTHER AGENCY
WASHINGTON COUNTY SHERIFFS OFFICE,WOODBURY,8/5/2026 9:56:00 PM,WC26039738,"I94, WOODBURY",TRAFFIC STOP
WASHINGTON COUNTY SHERIFFS OFFICE,WOODBURY,8/6/2026 12:30:00 AM,WC26039767,"MANNING AVE S / HUDSON RD S, WOODBURY",TRAFFIC STOP
WASHINGTON COUNTY SHERIFFS OFFICE,WOODBURY,8/6/2026 11:30:00 AM,WC26039834,"I94 EB / CENTURY AVE, WOODBURY",TRAFFIC STOP
WASHINGTON COUNTY SHERIFFS OFFICE,WOODBURY,8/6/2026 11:52:00 AM,WC26039841,"I94 EB / Century Ave, WOODBURY",TRAFFIC STOP
WASHINGTON COUNTY SHERIFFS OFFICE,WOODBURY,8/6/2026 12:21:00 PM,WC26039847,"I94 WB / I494, WOODBURY",TRAFFIC STOP
WASHINGTON COUNTY SHERIFFS OFFICE,WOODBURY,8/6/2026 1:04:05 PM,WC26039859,"2XXX  BROOKVIEW DR E, WOODBURY",WARRANT ARREST
WASHINGTON COUNTY SHERIFFS OFFICE,WOODBURY,8/7/2026 2:45:00 AM,WC26039981,"WOODLANE DR / GLEN RD, WOODBURY",WARRANT ARREST
WASHINGTON COUNTY SHERIFFS OFFICE,WOODBURY,8/7/2026 7:00:00 AM,wc26039994,"bailey / woodlane, WOODBURY",TRAFFIC STOP
WASHINGTON COUNTY SHERIFFS OFFICE,WOODBURY,8/7/2026 10:30:45 AM,WC26040033,"6XXX  Orchard Ridge Trl, WOODBURY",ASSIST OTHER AGENCY
WASHINGTON COUNTY SHERIFFS OFFICE,WOODBURY,8/7/2026 12:43:45 PM,WC26040053,"2XXX  Wooddale Dr, WOODBURY",ASSIST OTHER AGENCY
WASHINGTON COUNTY SHERIFFS OFFICE,WOODBURY,8/7/2026 9:19:00 PM,WC26040144,"I94 Eb at Hwy 120, WOODBURY",TRAFFIC STOP
WASHINGTON COUNTY SHERIFFS OFFICE,WOODBURY,8/8/2026 8:43:21 PM,WC26040317,"5XXX  SUNTIDE PASS, WOODBURY",FOLLOW UP
WASHINGTON COUNTY SHERIFFS OFFICE,WOODBURY,8/8/2026 11:03:28 PM,WC26040350,"MANNING AVE S / 50TH ST S, WOODBURY",VEHICLE OFF ROAD
WOODBURY PUBLIC SAFETY,LAKE ELMO,8/3/2026 6:52:00 PM,WB26031923,"9XXX  - 9999 HUDSON BLVD N, LAKE ELMO",TRAFFIC STOP
WOODBURY PUBLIC SAFETY,WOODBURY,8/2/2026 12:00:00 AM,WB26031634,"TAMARACK RD & RADIO DR, WOODBURY",JUVENILE COMPLAINT
WOODBURY PUBLIC SAFETY,WOODBURY,8/2/2026 12:21:00 AM,WB26031632,"RADIO DR / TAMARACK RD, WOODBURY",TRAFFIC STOP
WOODBURY PUBLIC SAFETY,WOODBURY,8/2/2026 12:46:42 AM,WB26031637,"8XXX  Promenade Ln, WOODBURY",FOUND PERSON
WOODBURY PUBLIC SAFETY,WOODBURY,8/2/2026 12:56:00 AM,WB26031639,"I94 EB TO RADIO DR RAMP, WOODBURY",WARRANT ARREST
WOODBURY PUBLIC SAFETY,WOODBURY,8/2/2026 2:25:25 AM,WB26031647,"11XXX  EASTVIEW RD, WOODBURY",JUVENILE COMPLAINT
WOODBURY PUBLIC SAFETY,WOODBURY,8/2/2026 7:27:13 AM,WB26031658,"Lake Rd / Wooddale Dr, WOODBURY",DWI
WOODBURY PUBLIC SAFETY,WOODBURY,8/2/2026 7:47:46 AM,WB26031660,"7XXX  Glenross Rd, WOODBURY",DISTURBANCE
WOODBURY PUBLIC SAFETY,WOODBURY,8/2/2026 7:53:07 AM,WB26031661,"6XXX  HUDSON RD, WOODBURY",HARASSMENT
WOODBURY PUBLIC SAFETY,WOODBURY,8/2/2026 9:43:07 AM,WB26031667,"Radio Dr / Central Park Pl, WOODBURY",ACCIDENT
WOODBURY PUBLIC SAFETY,WOODBURY,8/2/2026 10:05:13 AM,WB26031669,"XXX Avignon Ct, WOODBURY",VEHICLE TAMPERING
WOODBURY PUBLIC SAFETY,WOODBURY,8/2/2026 12:52:00 PM,WB26031692,"XXX Commerce Dr, WOODBURY",SHOPLIFTING
WOODBURY PUBLIC SAFETY,WOODBURY,8/2/2026 1:06:29 PM,WB26031696,"XXX Bielenberg Dr, WOODBURY",MISSING PERSON
WOODBURY PUBLIC SAFETY,WOODBURY,8/2/2026 1:11:54 PM,WB26031701,"7XXX  Tamarack Rd, WOODBURY",ACCIDENT
WOODBURY PUBLIC SAFETY,WOODBURY,8/2/2026 1:42:49 PM,WB26031707,"7XXX  Tamarack Rd, WOODBURY",CRASH
WOODBURY PUBLIC SAFETY,WOODBURY,8/2/2026 1:56:52 PM,WB26031709,"10XXX  FOX RUN RD, WOODBURY",DEATH INVESTIGATION
WOODBURY PUBLIC SAFETY,WOODBURY,8/2/2026 2:57:13 PM,WB26031722,"8XXX  Hudson Rd, WOODBURY",ACCIDENT
WOODBURY PUBLIC SAFETY,WOODBURY,8/2/2026 3:39:06 PM,WB26031727,"10XXX  HUDSON RD, WOODBURY",TRAFFIC STOP
WOODBURY PUBLIC SAFETY,WOODBURY,8/2/2026 7:34:08 PM,WB26031754,"10XXX  City Walk Dr, WOODBURY",WELFARE CHECK
WOODBURY PUBLIC SAFETY,WOODBURY,8/3/2026 12:00:00 AM,WB26028644,"8XXX  TAMARACK VILLAGE, WOODBURY",PARKING VIOLATION
WOODBURY PUBLIC SAFETY,WOODBURY,8/3/2026 1:24:28 AM,WB26031794,"XXX Lake View Dr, WOODBURY",THREATS
WOODBURY PUBLIC SAFETY,WOODBURY,8/3/2026 7:13:36 AM,WB26031803,"Valley Creek Rd / 7500 Blk, WOODBURY",ACCIDENT
WOODBURY PUBLIC SAFETY,WOODBURY,8/3/2026 8:15:51 AM,WB26031808,"8XXX  Periwinkle Blvd, WOODBURY",THEFT
WOODBURY PUBLIC SAFETY,WOODBURY,8/3/2026 10:01:20 AM,WB26031824,"4XXX  Blake Way, WOODBURY",THEFT
WOODBURY PUBLIC SAFETY,WOODBURY,8/3/2026 10:21:20 AM,WB26031828,"2XXX  WOODCREST DR, WOODBURY",FRAUD/SCAM
WOODBURY PUBLIC SAFETY,WOODBURY,8/3/2026 10:23:18 AM,WB26031825,"XXX Commerce Dr, WOODBURY",ACCIDENT
WOODBURY PUBLIC SAFETY,WOODBURY,8/3/2026 11:03:35 AM,WB26031831,"8XXX  Enclave Rd, WOODBURY",FRAUD/SCAM
WOODBURY PUBLIC SAFETY,WOODBURY,8/3/2026 12:06:58 PM,WB26031846,"7XXX  VALLEY CREEK PLZ, WOODBURY",SHOPLIFTING
WOODBURY PUBLIC SAFETY,WOODBURY,8/3/2026 12:08:44 PM,WB26031847,"7XXX  VALLEY CREEK PLZ, WOODBURY",SHOPLIFTING
WOODBURY PUBLIC SAFETY,WOODBURY,8/3/2026 12:21:23 PM,WB26031849,"7XXX  VALLEY CREEK PLZ, WOODBURY",SHOPLIFTING
WOODBURY PUBLIC SAFETY,WOODBURY,8/3/2026 12:25:56 PM,WB26031851,"2XXX  LEYLAND CIR, WOODBURY",WARRANT ARREST
WOODBURY PUBLIC SAFETY,WOODBURY,8/3/2026 1:19:00 PM,WB26031860,"PRIVATE RD, WOODBURY",TRAFFIC STOP
WOODBURY PUBLIC SAFETY,WOODBURY,8/3/2026 1:35:24 PM,WB26031863,"1XXX  SCHOOL DR, WOODBURY",ACCIDENT
WOODBURY PUBLIC SAFETY,WOODBURY,8/3/2026 2:28:39 PM,WB26031873,"8XXX  Valley Creek Rd, WOODBURY",ACCIDENT
WOODBURY PUBLIC SAFETY,WOODBURY,8/3/2026 2:40:37 PM,WB26031874,"6XXX  SANDLEWOOD RD, WOODBURY",FRAUD/SCAM
WOODBURY PUBLIC SAFETY,WOODBURY,8/3/2026 3:36:08 PM,WB26031884,"9XXX  Hudson Pl, WOODBURY",TRESPASS NOTICE
WOODBURY PUBLIC SAFETY,WOODBURY,8/3/2026 3:46:00 PM,WB26031885,"GUIDER DR / BIELENBERG DR, WOODBURY",TRAFFIC STOP
WOODBURY PUBLIC SAFETY,WOODBURY,8/3/2026 3:46:23 PM,WB26031886,"10XXX  City Walk Dr, WOODBURY",THEFT
WOODBURY PUBLIC SAFETY,WOODBURY,8/3/2026 4:00:54 PM,WB26031887,"6XXX  GLEN RD, WOODBURY",FRAUD/SCAM
WOODBURY PUBLIC SAFETY,WOODBURY,8/3/2026 4:38:00 PM,WB26031897,"1XXX  - 1758 WEIR DR, WOODBURY",TRAFFIC STOP
WOODBURY PUBLIC SAFETY,WOODBURY,8/3/2026 4:58:49 PM,WB26031905,"10XXX  Hudson Rd, WOODBURY",DISORDERLY CONDUCT
WOODBURY PUBLIC SAFETY,WOODBURY,8/3/2026 4:59:46 PM,WB26031904,"4XXX  Radio Dr, WOODBURY",THEFT
WOODBURY PUBLIC SAFETY,WOODBURY,8/3/2026 5:47:07 PM,WB26031914,"6XXX  Garbe Ave, WOODBURY",FRAUD/SCAM
WOODBURY PUBLIC SAFETY,WOODBURY,8/3/2026 6:03:34 PM,WB26031916,"3XXX  Williamsburg Bay, WOODBURY",BURGLARY
WOODBURY PUBLIC SAFETY,WOODBURY,8/3/2026 6:46:04 PM,WB26031921,"XXX Bielenberg Dr, WOODBURY",ACCIDENT
WOODBURY PUBLIC SAFETY,WOODBURY,8/3/2026 7:38:10 PM,WB26031932,"8XXX  Military Rd, WOODBURY",DUMPING COMPLAINT
WOODBURY PUBLIC SAFETY,WOODBURY,8/3/2026 7:48:32 PM,WB26031934,"XXX Bielenberg Dr, WOODBURY",DISORDERLY CONDUCT
WOODBURY PUBLIC SAFETY,WOODBURY,8/3/2026 8:15:54 PM,WB26031939,"8XXX  Seasons Pkwy, WOODBURY",ACCIDENT
WOODBURY PUBLIC SAFETY,WOODBURY,8/3/2026 8:30:03 PM,WB26031943,"7XXX  Steepleview Rd, WOODBURY",NEIGHBOR DISPUTE
WOODBURY PUBLIC SAFETY,WOODBURY,8/3/2026 9:12:00 PM,WB26031946,"Hudson Rd / Tamarack Vlg, WOODBURY",ACCIDENT
WOODBURY PUBLIC SAFETY,WOODBURY,8/3/2026 10:26:13 PM,WB26031952,"7XXX  Valley Creek Plz, WOODBURY",UNWANTED PERSON/VEHICLE
WOODBURY PUBLIC SAFETY,WOODBURY,8/3/2026 10:42:00 PM,WB26031953,"7XXX  VALLEY CREEK PLZ, WOODBURY",DWI
WOODBURY PUBLIC SAFETY,WOODBURY,8/3/2026 10:46:01 PM,WB26031954,"9XXX  Hudson Pl, WOODBURY",ACCIDENT
WOODBURY PUBLIC SAFETY,WOODBURY,8/4/2026 12:13:13 AM,WB26031966,"BIELENBERG DR / TAMARACK HILLS, WOODBURY",DRUGS
WOODBURY PUBLIC SAFETY,WOODBURY,8/4/2026 7:49:22 AM,WB26031977,"1XXX  Hillcrest Dr, WOODBURY",DISTURBANCE
WOODBURY PUBLIC SAFETY,WOODBURY,8/4/2026 10:56:53 AM,WB26031985,"8XXX  ASHFORD RD, WOODBURY",SUSPICIOUS PERSON/ACTIVITY
WOODBURY PUBLIC SAFETY,WOODBURY,8/4/2026 11:00:00 AM,WB26031987,"7XXX  Tamarack Rd, WOODBURY",ACCIDENT
WOODBURY PUBLIC SAFETY,WOODBURY,8/4/2026 11:44:45 AM,WB26031996,"7XXX  Currell Blvd, WOODBURY",ACCIDENT
WOODBURY PUBLIC SAFETY,WOODBURY,8/4/2026 12:59:51 PM,WB26032000,"7XXX  Valley Creek Plz, WOODBURY",ACCIDENT
WOODBURY PUBLIC SAFETY,WOODBURY,8/4/2026 1:16:00 PM,WB26032002,"COMMERCE DR / WOODBURY DR, WOODBURY",ACCIDENT
WOODBURY PUBLIC SAFETY,WOODBURY,8/4/2026 1:27:48 PM,WB26032003,"10XXX  GRAND ISLE PL, WOODBURY",SUSPICIOUS PERSON/ACTIVITY
WOODBURY PUBLIC SAFETY,WOODBURY,8/4/2026 2:18:29 PM,WB26032009,"8XXX  Quarry Ridge Ln, WOODBURY",VEHICLE TAMPERING
WOODBURY PUBLIC SAFETY,WOODBURY,8/4/2026 2:49:00 PM,WB26032018,"7XXX  Tamarack Rd, WOODBURY",ACCIDENT
WOODBURY PUBLIC SAFETY,WOODBURY,8/4/2026 3:02:00 PM,WB26032022,"Tamarack Rd / I494, WOODBURY",ACCIDENT
WOODBURY PUBLIC SAFETY,WOODBURY,8/4/2026 3:07:14 PM,WB26032024,"8XXX  Quarry Ridge Ln, WOODBURY",VEHICLE TAMPERING
WOODBURY PUBLIC SAFETY,WOODBURY,8/4/2026 3:35:51 PM,WB26032027,"10XXX  HUDSON RD, WOODBURY",SHOPLIFTING
WOODBURY PUBLIC SAFETY,WOODBURY,8/4/2026 4:05:00 PM,WB26032030,"XXX DEJON CT, WOODBURY",RECOVERED STOLEN
WOODBURY PUBLIC SAFETY,WOODBURY,8/4/2026 4:13:33 PM,WB26032031,"9XXX  NORMA LN, WOODBURY",DISTURBANCE
WOODBURY PUBLIC SAFETY,WOODBURY,8/4/2026 4:33:55 PM,WB26032035,"6XXX  Hudson Rd, WOODBURY",WELFARE CHECK
WOODBURY PUBLIC SAFETY,WOODBURY,8/4/2026 5:22:03 PM,WB26032047,"11XXX  MIDDLETON TRL, WOODBURY",WELFARE CHECK
WOODBURY PUBLIC SAFETY,WOODBURY,8/4/2026 5:51:14 PM,WB26032050,"4XXX  Radio Dr, WOODBURY",SHOPLIFTING
WOODBURY PUBLIC SAFETY,WOODBURY,8/4/2026 6:16:40 PM,WB26032054,"7XXX  VALLEY CREEK PLZ, WOODBURY",THEFT FROM MOTOR VEHICLE
WOODBURY PUBLIC SAFETY,WOODBURY,8/4/2026 6:28:52 PM,WB26032056,"11XXX  Crestbury Dr, WOODBURY",DISTURBANCE
WOODBURY PUBLIC SAFETY,WOODBURY,8/4/2026 7:43:18 PM,WB26032075,"4XXX  GABLE CT, WOODBURY",PROPERTY DAMAGE
WOODBURY PUBLIC SAFETY,WOODBURY,8/4/2026 7:54:34 PM,WB26032078,"8XXX  Tamarack Vlg, WOODBURY",THEFT FROM MOTOR VEHICLE
WOODBURY PUBLIC SAFETY,WOODBURY,8/4/2026 8:07:44 PM,WB26032079,"Lake Rd/Wooddale Rd, WOODBURY",ACCIDENT
WOODBURY PUBLIC SAFETY,WOODBURY,8/4/2026 9:16:55 PM,WB26032085,"3XXX  Windmill Curv, WOODBURY",JUVENILE COMPLAINT
WOODBURY PUBLIC SAFETY,WOODBURY,8/4/2026 10:13:39 PM,WB26032093,"2XXX  QUEENS DR, WOODBURY",NOISE COMPLAINT/DISTURBANCE
WOODBURY PUBLIC SAFETY,WOODBURY,8/5/2026 2:21:00 AM,WB26032109,"2XXX  Radio Dr, WOODBURY",WARRANT ARREST
WOODBURY PUBLIC SAFETY,WOODBURY,8/5/2026 10:34:00 AM,WB26032146,"Tamarack Rd / Radio Dr, WOODBURY",ACCIDENT
WOODBURY PUBLIC SAFETY,WOODBURY,8/5/2026 10:41:43 AM,WB26032147,"Brookview Rd / Schooner Way, WOODBURY",SUSPICIOUS PERSON/ACTIVITY
WOODBURY PUBLIC SAFETY,WOODBURY,8/5/2026 11:02:25 AM,WB26032154,"XXX Radio Dr, WOODBURY",ACCIDENT
WOODBURY PUBLIC SAFETY,WOODBURY,8/5/2026 11:44:20 AM,WB26032159,"10XXX  HUDSON RD, WOODBURY",SHOPLIFTING
WOODBURY PUBLIC SAFETY,WOODBURY,8/5/2026 11:47:15 AM,WB26032160,"10XXX  HUDSON RD, WOODBURY",SHOPLIFTING
WOODBURY PUBLIC SAFETY,WOODBURY,8/5/2026 12:30:50 PM,WB26032163,"XXX Sherrie Ln, WOODBURY",WELFARE CHECK
WOODBURY PUBLIC SAFETY,WOODBURY,8/5/2026 12:35:00 PM,WB26032165,"11XXX  EAGLE VIEW BLVD, WOODBURY",MISSING PERSON
WOODBURY PUBLIC SAFETY,WOODBURY,8/5/2026 1:05:01 PM,WB26032170,"4XXX  OAK POINT LN, WOODBURY",TRESPASSING
WOODBURY PUBLIC SAFETY,WOODBURY,8/5/2026 1:34:48 PM,WB26032175,"BIELENBERG DR / TAMARACK RD, WOODBURY",ACCIDENT
WOODBURY PUBLIC SAFETY,WOODBURY,8/5/2026 2:02:42 PM,WB26032179,"XXX Lake View Dr, WOODBURY",CIVIL MATTER/DISPUTE
WOODBURY PUBLIC SAFETY,WOODBURY,8/5/2026 2:22:00 PM,WB26032184,"10XXX  Kingsfield Ln, WOODBURY",THEFT
WOODBURY PUBLIC SAFETY,WOODBURY,8/5/2026 2:46:00 PM,WB26032186,"10XXX  Hudson Rd, WOODBURY",DWI
WOODBURY PUBLIC SAFETY,WOODBURY,8/5/2026 4:11:41 PM,WB26032197,"8XXX  Coller Way, WOODBURY",SUICIDE ATTEMPT/THREATS OF
WOODBURY PUBLIC SAFETY,WOODBURY,8/5/2026 4:22:17 PM,WB26032205,"XXX Gateway Pl, WOODBURY",ANIMAL BITE
WOODBURY PUBLIC SAFETY,WOODBURY,8/5/2026 4:57:00 PM,WB26032207,"XXX Commons Dr, WOODBURY",ACCIDENT
WOODBURY PUBLIC SAFETY,WOODBURY,8/5/2026 5:43:20 PM,WB26032218,"3XXX  Pioneer Dr, WOODBURY",THREATS
WOODBURY PUBLIC SAFETY,WOODBURY,8/5/2026 5:48:50 PM,WB26032222,"10XXX  City Walk Dr, WOODBURY",CIVIL MATTER/DISPUTE
WOODBURY PUBLIC SAFETY,WOODBURY,8/5/2026 7:40:42 PM,WB26032244,"XXX Bielenberg Dr, WOODBURY",HARASSMENT
WOODBURY PUBLIC SAFETY,WOODBURY,8/5/2026 8:21:28 PM,WB26032249,"1XXX  Dawn Ln, WOODBURY",ASSIST OTHER AGENCY
WOODBURY PUBLIC SAFETY,WOODBURY,8/5/2026 8:32:00 PM,WB26032251,"10XXX  ASHLEY LN, WOODBURY",ANIMAL BITE
WOODBURY PUBLIC SAFETY,WOODBURY,8/5/2026 10:09:27 PM,WB26032261,"1XXX  Deephaven Dr, WOODBURY",JUVENILE COMPLAINT
WOODBURY PUBLIC SAFETY,WOODBURY,8/5/2026 11:18:57 PM,WB26032272,"2XXX  Tower Ct, WOODBURY",SUSPICIOUS PERSON/ACTIVITY
WOODBURY PUBLIC SAFETY,WOODBURY,8/6/2026 8:49:00 AM,WB26032298,"7XXX  WINDGATE RD, WOODBURY",WARRANT ARREST
WOODBURY PUBLIC SAFETY,WOODBURY,8/6/2026 10:23:55 AM,WB26032306,"7XXX  VALLEY CREEK PLZ, WOODBURY",DISORDERLY CONDUCT
WOODBURY PUBLIC SAFETY,WOODBURY,8/6/2026 10:33:06 AM,WB26032308,"1XXX  Hillcrest Dr, WOODBURY",RUNAWAY
WOODBURY PUBLIC SAFETY,WOODBURY,8/6/2026 11:11:09 AM,WB26032317,"WEIR DR / UPPER AFTON RD, WOODBURY",TRAFFIC STOP
WOODBURY PUBLIC SAFETY,WOODBURY,8/6/2026 11:17:40 AM,WB26032320,"3XXX  Oxford Dr, WOODBURY",DISTURBANCE
WOODBURY PUBLIC SAFETY,WOODBURY,8/6/2026 1:27:20 PM,WB26032344,"7XXX  Valley Creek Plz, WOODBURY",DISTURBANCE
WOODBURY PUBLIC SAFETY,WOODBURY,8/6/2026 1:47:11 PM,WB26032347,"XXX Weir Dr, WOODBURY",CIVIL MATTER/DISPUTE
WOODBURY PUBLIC SAFETY,WOODBURY,8/6/2026 3:20:17 PM,WB26032359,"8XXX  BAILEY LAKE RD, WOODBURY",LOST PROPERTY/ITEM
WOODBURY PUBLIC SAFETY,WOODBURY,8/6/2026 3:25:55 PM,WB26032360,"XXX Commerce Dr, WOODBURY",SHOPLIFTING
WOODBURY PUBLIC SAFETY,WOODBURY,8/6/2026 3:36:10 PM,WB26032362,"8XXX  CITY CENTRE DR, WOODBURY",THEFT
WOODBURY PUBLIC SAFETY,WOODBURY,8/6/2026 3:52:59 PM,WB26032366,"9XXX  Norma Ln, WOODBURY",TRESPASSING
WOODBURY PUBLIC SAFETY,WOODBURY,8/6/2026 4:19:11 PM,WB26032369,"8XXX  TAMARACK RD, WOODBURY",TRAFFIC STOP
WOODBURY PUBLIC SAFETY,WOODBURY,8/6/2026 7:01:37 PM,WB26032399,"HUDSON RD, WOODBURY",WARRANT ARREST
WOODBURY PUBLIC SAFETY,WOODBURY,8/6/2026 7:08:02 PM,WB26032400,"7XXX  Valley Creek Plz, WOODBURY",DISORDERLY CONDUCT
WOODBURY PUBLIC SAFETY,WOODBURY,8/6/2026 8:10:58 PM,WB26032410,"8XXX  Meridian Way, WOODBURY",JUVENILE COMPLAINT
WOODBURY PUBLIC SAFETY,WOODBURY,8/6/2026 8:20:48 PM,WB26032411,"6XXX  Upper Afton Rd, WOODBURY",REQUEST FOR EMERGENCY EXAM - 72 HR HOLD
WOODBURY PUBLIC SAFETY,WOODBURY,8/6/2026 9:18:07 PM,WB26032416,"2XXX  OJIBWAY DR, WOODBURY",DISTURBANCE
WOODBURY PUBLIC SAFETY,WOODBURY,8/6/2026 10:28:58 PM,WB26032421,"7XXX  Sherwood Rd, WOODBURY",SUSPICIOUS PERSON/ACTIVITY
WOODBURY PUBLIC SAFETY,WOODBURY,8/6/2026 10:54:17 PM,WB26032425,"1XXX  Regency Dr, WOODBURY",HARASSMENT
WOODBURY PUBLIC SAFETY,WOODBURY,8/7/2026 10:13:44 AM,WB26032455,"2XXX  - 2169 TOWER DR, WOODBURY",TRAFFIC STOP
WOODBURY PUBLIC SAFETY,WOODBURY,8/7/2026 10:31:42 AM,WB26032457,"10XXX  Grand Forest Ln, WOODBURY",CIVIL MATTER/DISPUTE
WOODBURY PUBLIC SAFETY,WOODBURY,8/7/2026 11:35:30 AM,WB26032461,"2XXX  LIBERTY PL, WOODBURY",THREATS
WOODBURY PUBLIC SAFETY,WOODBURY,8/7/2026 12:17:06 PM,WB26032470,"1XXX  Regency Dr, WOODBURY",PROPERTY DAMAGE
WOODBURY PUBLIC SAFETY,WOODBURY,8/7/2026 12:43:45 PM,WB26032478,"2XXX  Wooddale Dr, WOODBURY",ACCIDENT
WOODBURY PUBLIC SAFETY,WOODBURY,8/7/2026 1:30:30 PM,WB26032482,"10XXX  City Walk Dr, WOODBURY",ACCIDENT
WOODBURY PUBLIC SAFETY,WOODBURY,8/7/2026 2:41:15 PM,WB26032496,"10XXX  ARROWWOOD TRL, WOODBURY",CIVIL MATTER/DISPUTE
WOODBURY PUBLIC SAFETY,WOODBURY,8/7/2026 2:53:14 PM,WB26032498,"7XXX  Valley Creek Plz, WOODBURY",SHOPLIFTING
WOODBURY PUBLIC SAFETY,WOODBURY,8/7/2026 2:59:47 PM,WB26032500,"6XXX  Hudson Rd, WOODBURY",WELFARE CHECK
WOODBURY PUBLIC SAFETY,WOODBURY,8/7/2026 3:18:57 PM,WB26032505,"7XXX  Valley Creek Plz, WOODBURY",THEFT
WOODBURY PUBLIC SAFETY,WOODBURY,8/7/2026 3:19:24 PM,WB26032504,"10XXX  Ashley Ln, WOODBURY",WELFARE CHECK
WOODBURY PUBLIC SAFETY,WOODBURY,8/7/2026 3:23:34 PM,WB26032506,"8XXX  Hudson Rd, WOODBURY",SHOPLIFTING
WOODBURY PUBLIC SAFETY,WOODBURY,8/7/2026 3:51:28 PM,WB26032507,"8XXX  Tamarack Vlg, WOODBURY",SHOPLIFTING
WOODBURY PUBLIC SAFETY,WOODBURY,8/7/2026 6:16:15 PM,WB26032522,"Valley Creek Rd / Weir Dr, WOODBURY",ACCIDENT
WOODBURY PUBLIC SAFETY,WOODBURY,8/7/2026 8:01:08 PM,WB26032543,"9XXX  Hillingdon Rd, WOODBURY",UNWANTED PERSON/VEHICLE
WOODBURY PUBLIC SAFETY,WOODBURY,8/7/2026 8:26:11 PM,WB26032546,"10XXX  Falling Water Ln, WOODBURY",DISTURBANCE
WOODBURY PUBLIC SAFETY,WOODBURY,8/7/2026 10:28:23 PM,WB26032566,"1XXX  Fallbrook Ln, WOODBURY",CIVIL MATTER/DISPUTE
WOODBURY PUBLIC SAFETY,WOODBURY,8/8/2026 12:00:00 AM,WB26032589,"WEIR DR / VALLEY CREEK RD, WOODBURY",WANTED PERSON-KOPS ALERT/ATL
WOODBURY PUBLIC SAFETY,WOODBURY,8/8/2026 12:54:45 AM,WB26032585,"1XXX  Woodwinds Dr, WOODBURY",FOUND PROPERTY/ITEM
WOODBURY PUBLIC SAFETY,WOODBURY,8/8/2026 1:37:27 AM,WB26032588,"BAILEY RD / LYDIA LN, WOODBURY",ACCIDENT
WOODBURY PUBLIC SAFETY,WOODBURY,8/8/2026 6:11:52 AM,WB26032597,"3XXX  Copper Oaks Trl, WOODBURY",RUNAWAY
WOODBURY PUBLIC SAFETY,WOODBURY,8/8/2026 7:18:36 AM,WB26032602,"1XXX  Century Cir, WOODBURY",MOTOR VEHICLE THEFT
WOODBURY PUBLIC SAFETY,WOODBURY,8/8/2026 8:20:31 AM,WB26032605,"8XXX  Globe Dr, WOODBURY",FOUND PROPERTY/ITEM
WOODBURY PUBLIC SAFETY,WOODBURY,8/8/2026 9:30:22 AM,WB26032612,"11XXX  Dogwood Rd, WOODBURY",CHILD CUSTODY
WOODBURY PUBLIC SAFETY,WOODBURY,8/8/2026 11:03:00 AM,WB26032617,"7XXX  Tamarack Rd, WOODBURY",ACCIDENT
WOODBURY PUBLIC SAFETY,WOODBURY,8/8/2026 11:53:01 AM,WB26032626,"1XXX  Hillcrest Dr, WOODBURY",MISSING PERSON
WOODBURY PUBLIC SAFETY,WOODBURY,8/8/2026 12:08:00 PM,WB26032628,"8XXX  Valley Creek Rd, WOODBURY",WARRANT ARREST
WOODBURY PUBLIC SAFETY,WOODBURY,8/8/2026 2:57:04 PM,WB26032650,"1XXX  - 1548 PARKWOOD DR, WOODBURY",TRAFFIC STOP
WOODBURY PUBLIC SAFETY,WOODBURY,8/8/2026 3:02:00 PM,WB26032653,"7XXX  Tamarack Rd, WOODBURY",ACCIDENT
WOODBURY PUBLIC SAFETY,WOODBURY,8/8/2026 3:43:37 PM,WB26032662,"WOODBURY DR OVER I94, WOODBURY",ACCIDENT
WOODBURY PUBLIC SAFETY,WOODBURY,8/8/2026 5:13:50 PM,WB26032675,"Lake Rd / Ivywood Trl, WOODBURY",ACCIDENT
WOODBURY PUBLIC SAFETY,WOODBURY,8/8/2026 6:16:07 PM,WB26032680,"4XXX  Blake Way, WOODBURY",CIVIL MATTER/DISPUTE
WOODBURY PUBLIC SAFETY,WOODBURY,8/8/2026 7:07:35 PM,WB26032691,"6XXX  Lake Ter W, WOODBURY",ACCIDENT
WOODBURY PUBLIC SAFETY,WOODBURY,8/8/2026 8:20:18 PM,WB26032708,"1XXX  Woodlane Dr, WOODBURY",ACCIDENT
WOODBURY PUBLIC SAFETY,WOODBURY,8/8/2026 8:54:54 PM,WB26032718,"1XXX  Briar Glen Ln, WOODBURY",PROPERTY DAMAGE
WOODBURY PUBLIC SAFETY,WOODBURY,8/8/2026 9:57:34 PM,WB26032729,"Pioneer Dr / Acadia Rd, WOODBURY",ACCIDENT

