AgencyName,Address_City_Description,CreatedOn1,CaseNum,Textbox28,EventDescription
BAYPORT POLICE DEPARTMENT,BAYPORT,5/24/2026 12:31:07 AM,BP26001579,"XXX 6th St N, BAYPORT",ALARM-BUSINESS/RES/FIRE/MEDICAL/ETC
BAYPORT POLICE DEPARTMENT,BAYPORT,5/24/2026 12:48:44 AM,BP26001580,"XX CENTRAL AVE, BAYPORT",PARK CLOSED
BAYPORT POLICE DEPARTMENT,BAYPORT,5/24/2026 1:46:03 AM,BP26001581,"XXX Highway 95 N, BAYPORT",WELFARE CHECK
BAYPORT POLICE DEPARTMENT,BAYPORT,5/24/2026 4:09:34 AM,BP26001582,"XXX 1st Ave N, BAYPORT",MEDICAL
BAYPORT POLICE DEPARTMENT,BAYPORT,5/24/2026 4:53:52 AM,BP26001583,"XXX - 499 3RD ST N, BAYPORT",TRAFFIC STOP
BAYPORT POLICE DEPARTMENT,BAYPORT,5/24/2026 10:48:32 AM,BP26001589,"XXX - 399 MINNESOTA ST S, BAYPORT",TRAFFIC STOP
BAYPORT POLICE DEPARTMENT,BAYPORT,5/24/2026 12:10:49 PM,BP26001590,"XXX - 499 3RD ST N, BAYPORT",TRAFFIC STOP
BAYPORT POLICE DEPARTMENT,BAYPORT,5/24/2026 2:00:00 PM,BP26001592,"XXX - 972 MINNESOTA ST S, BAYPORT",TRAFFIC STOP
BAYPORT POLICE DEPARTMENT,BAYPORT,5/24/2026 4:27:53 PM,BP26001593,"XXX 5th Ave N, BAYPORT",ALARM-BUSINESS/RES/FIRE/MEDICAL/ETC
BAYPORT POLICE DEPARTMENT,BAYPORT,5/24/2026 4:59:10 PM,BP26001594,"MINNESOTA ST S / 2ND AVE S, BAYPORT",TRAFFIC STOP
BAYPORT POLICE DEPARTMENT,BAYPORT,5/24/2026 6:53:33 PM,BP26001596,"XX POINT RD, BAYPORT",FIRE
BAYPORT POLICE DEPARTMENT,BAYPORT,5/24/2026 6:53:54 PM,BP26001597,"XXX 3RD ST S, BAYPORT",ALARM-BUSINESS/RES/FIRE/MEDICAL/ETC
BAYPORT POLICE DEPARTMENT,BAYPORT,5/24/2026 7:59:52 PM,BP26001598,"XXX 4TH AVE N, BAYPORT",SUSPICIOUS PERSON/ACTIVITY
BAYPORT POLICE DEPARTMENT,BAYPORT,5/24/2026 9:30:00 PM,BP26001602,"5TH ST N/1ST AVE S, BAYPORT",DRIVING COMPLAINT
BAYPORT POLICE DEPARTMENT,BAYPORT,5/24/2026 11:20:16 PM,BP26001600,"XX CENTRAL AVE, BAYPORT",PARK CLOSED
BAYPORT POLICE DEPARTMENT,BAYPORT,5/24/2026 11:51:40 PM,BP26001601,"XXX 5TH ST S, BAYPORT",DRIVING COMPLAINT
BAYPORT POLICE DEPARTMENT,BAYPORT,5/25/2026 5:12:02 AM,BP26001603,"XXX - 398 3RD ST N, BAYPORT",TRAFFIC STOP
BAYPORT POLICE DEPARTMENT,BAYPORT,5/25/2026 5:19:49 AM,BP26001604,"XXX Highway 95 N, BAYPORT",MEDICAL
BAYPORT POLICE DEPARTMENT,BAYPORT,5/25/2026 6:20:42 AM,BP26001605,"XXX 2ND ST N, BAYPORT",PARKING VIOLATION
BAYPORT POLICE DEPARTMENT,BAYPORT,5/25/2026 8:01:15 AM,BP26001606,"XXX 3rd St S, BAYPORT",DISTURBANCE
BAYPORT POLICE DEPARTMENT,BAYPORT,5/25/2026 8:46:05 AM,BP26001607,"1st Ave N / 2nd St N, BAYPORT",ACCIDENT
BAYPORT POLICE DEPARTMENT,BAYPORT,5/25/2026 9:43:29 AM,BP26001608,"5TH AVE N / 5TH ST N, BAYPORT",LIFT ASSIST
BAYPORT POLICE DEPARTMENT,BAYPORT,5/25/2026 11:51:45 AM,BP26001610,"1XXX  INSPIRATION PKWY N, BAYPORT",ANIMAL COMPLAINT
BAYPORT POLICE DEPARTMENT,BAYPORT,5/26/2026 8:04:59 AM,BP26001623,"XXX CENTRAL AVE, BAYPORT",NOISE COMPLAINT/DISTURBANCE
BAYPORT POLICE DEPARTMENT,BAYPORT,5/26/2026 11:29:42 AM,BP26001627,"XXX - 972 MINNESOTA ST S, BAYPORT",TRAFFIC STOP
BAYPORT POLICE DEPARTMENT,BAYPORT,5/26/2026 11:43:59 AM,BP26001628,"XXX - 399 MINNESOTA ST S, BAYPORT",TRAFFIC STOP
BAYPORT POLICE DEPARTMENT,BAYPORT,5/26/2026 11:52:48 AM,BP26001629,"XXX Mariner Way, BAYPORT",FRAUD/SCAM
BAYPORT POLICE DEPARTMENT,BAYPORT,5/26/2026 12:02:36 PM,BP26001630,"XXX - 573 3RD ST N, BAYPORT",TRAFFIC STOP
BAYPORT POLICE DEPARTMENT,BAYPORT,5/26/2026 12:22:55 PM,BP26001631,"XXX - 999 Highway 95 N, BAYPORT",TRAFFIC STOP
BAYPORT POLICE DEPARTMENT,BAYPORT,5/26/2026 12:33:12 PM,BP26001632,"XXX - 574 3RD ST N, BAYPORT",TRAFFIC STOP
BAYPORT POLICE DEPARTMENT,BAYPORT,5/26/2026 12:58:55 PM,BP26001633,"XXX - 999 Highway 95 N, BAYPORT",TRAFFIC STOP
BAYPORT POLICE DEPARTMENT,BAYPORT,5/26/2026 8:27:04 PM,BP26001642,"XXX 8th St N, BAYPORT",ANIMAL COMPLAINT
BAYPORT POLICE DEPARTMENT,BAYPORT,5/26/2026 10:13:35 PM,BP26001643,"XX CENTRAL AVE, BAYPORT",Park Close
BAYPORT POLICE DEPARTMENT,BAYPORT,5/26/2026 10:14:53 PM,BP26001644,"XXX 8TH ST N, BAYPORT",SUSPICIOUS PERSON/ACTIVITY
BAYPORT POLICE DEPARTMENT,BAYPORT,5/27/2026 6:35:38 AM,BP26001647,"XXX 4th Ave N, BAYPORT",911 ABANDONED/HANGUP/OPEN LINE
BAYPORT POLICE DEPARTMENT,BAYPORT,5/27/2026 11:58:19 AM,BP26001652,"XXX Minnesota St S, BAYPORT",911 ABANDONED/HANGUP/OPEN LINE
BAYPORT POLICE DEPARTMENT,BAYPORT,5/27/2026 12:18:10 PM,BP26001653,"XXX Highway 95 N, BAYPORT",MEDICAL
BAYPORT POLICE DEPARTMENT,BAYPORT,5/27/2026 5:24:09 PM,BP26001655,"Unknown, BAYPORT",FOLLOW UP
BAYPORT POLICE DEPARTMENT,BAYPORT,5/28/2026 6:12:35 AM,BP26001656,"XX CENTRAL AVE, BAYPORT",PARK CLOSED
BAYPORT POLICE DEPARTMENT,BAYPORT,5/28/2026 1:54:33 PM,BP26001658,"5XXX  - 5599 STAGECOACH TRL N, BAYPORT",TRAFFIC STOP
BAYPORT POLICE DEPARTMENT,BAYPORT,5/28/2026 2:07:25 PM,BP26001659,"1XXX  Inspiration Pkwy N, BAYPORT",911 ABANDONED/HANGUP/OPEN LINE
BAYPORT POLICE DEPARTMENT,BAYPORT,5/28/2026 5:30:15 PM,BP26001662,"XXX Inspiration Pkwy S, BAYPORT",911 ABANDONED/HANGUP/OPEN LINE
BAYPORT POLICE DEPARTMENT,BAYPORT,5/28/2026 5:50:46 PM,BP26001663,"XXX 3RD ST S, BAYPORT",ANIMAL COMPLAINT
BAYPORT POLICE DEPARTMENT,BAYPORT,5/28/2026 11:20:12 PM,BP26001667,"XX CENTRAL AVE, BAYPORT",PARK CLOSED
BAYPORT POLICE DEPARTMENT,BAYPORT,5/29/2026 10:15:33 AM,BP26001675,"XXX Central Ave, BAYPORT",CITIZEN/PUBLIC ASSIST
BAYPORT POLICE DEPARTMENT,BAYPORT,5/29/2026 11:15:48 AM,BP26001676,"1XXX  Pioneer Trl, BAYPORT",MISSING PERSON
BAYPORT POLICE DEPARTMENT,BAYPORT,5/29/2026 12:06:33 PM,BP26001677,"XXX 1st Ave S, BAYPORT",CITIZEN/PUBLIC ASSIST
BAYPORT POLICE DEPARTMENT,BAYPORT,5/29/2026 12:48:40 PM,BP26001678,"XXX 3RD ST S, BAYPORT",CITIZEN/PUBLIC ASSIST
BAYPORT POLICE DEPARTMENT,BAYPORT,5/29/2026 6:29:05 PM,BP26001679,"XXX Primrose Path N, BAYPORT",FIRE
BAYPORT POLICE DEPARTMENT,BAYPORT,5/29/2026 11:14:24 PM,BP26001687,"XX CENTRAL AVE, BAYPORT",Park Close
BAYPORT POLICE DEPARTMENT,BAYPORT,5/30/2026 1:12:17 AM,BP26001694,"XXX - 998 Highway 95 N, BAYPORT",ASSIST OTHER AGENCY
BAYPORT POLICE DEPARTMENT,BAYPORT,5/30/2026 10:26:19 AM,BP26001699,"XXX 1st Ave N, BAYPORT",FIRE
BAYPORT POLICE DEPARTMENT,BAYPORT,5/30/2026 11:43:05 AM,BP26001700,"XXX Inspiration Pkwy S, BAYPORT",ANIMAL COMPLAINT
BAYPORT POLICE DEPARTMENT,BAYPORT,5/30/2026 12:14:54 PM,BP26001701,"XXX Highway 95 N, BAYPORT",VEHICLE UNLOCK
BAYPORT POLICE DEPARTMENT,BAYPORT,5/30/2026 4:47:36 PM,BP26001703,"1XXX  INSPIRATION PKWY N, BAYPORT",PARKING VIOLATION
BAYPORT POLICE DEPARTMENT,BAYPORT,5/30/2026 4:52:29 PM,BP26001704,"1XXX  INSPIRATION PKWY N, BAYPORT",PARKING VIOLATION
BAYPORT POLICE DEPARTMENT,BAYPORT,5/30/2026 5:07:33 PM,BP26001705,"XXX 4TH ST N, BAYPORT",OFFICER INFORMATION
BAYPORT POLICE DEPARTMENT,BAYPORT,5/30/2026 6:16:00 PM,BP26001706,"XXX 4th St S, BAYPORT",HIT AND RUN / SPEED
BAYPORT POLICE DEPARTMENT,BAYPORT,5/30/2026 9:27:21 PM,BP26001708,"XXX 5th Ave N, BAYPORT",WELFARE CHECK
BAYPORT POLICE DEPARTMENT,OAK PARK HEIGHTS,5/24/2026 6:12:14 AM,BP26001584,"5XXX  Nova Scotia Ave N, OAK PARK HEIGHTS",ASSIST OTHER AGENCY
BAYPORT POLICE DEPARTMENT,OAK PARK HEIGHTS,5/24/2026 5:51:35 PM,BP26001595,"5XXX  Norell Ave N, OAK PARK HEIGHTS",ASSIST OTHER AGENCY
BAYPORT POLICE DEPARTMENT,OAK PARK HEIGHTS,5/24/2026 8:35:52 PM,BP26001599,"5XXX  OREN AVE N, OAK PARK HEIGHTS",ASSIST OTHER AGENCY
BAYPORT POLICE DEPARTMENT,OAK PARK HEIGHTS,5/25/2026 7:19:20 PM,BP26001613,"5XXX  Krueger Ln N, OAK PARK HEIGHTS",ASSIST OTHER AGENCY
BAYPORT POLICE DEPARTMENT,OAK PARK HEIGHTS,5/25/2026 7:30:20 PM,BP26001614,"14XXX  58th St N, OAK PARK HEIGHTS",ASSIST OTHER AGENCY
BAYPORT POLICE DEPARTMENT,OAK PARK HEIGHTS,5/25/2026 7:55:11 PM,BP26001615,"5XXX  Novak Ave N, OAK PARK HEIGHTS",ASSIST OTHER AGENCY
BAYPORT POLICE DEPARTMENT,OAK PARK HEIGHTS,5/25/2026 10:43:58 PM,BP26001621,"6XXX  SAINT CROIX TRL N, OAK PARK HEIGHTS",ASSIST OTHER AGENCY
BAYPORT POLICE DEPARTMENT,OAK PARK HEIGHTS,5/26/2026 1:17:48 PM,BP26001634,"6XXX  Paris Ave N, OAK PARK HEIGHTS",ASSIST OTHER AGENCY
BAYPORT POLICE DEPARTMENT,OAK PARK HEIGHTS,5/26/2026 4:38:10 PM,BP26001639,"Highway 36, OAK PARK HEIGHTS",TRAFFIC STOP
BAYPORT POLICE DEPARTMENT,OAK PARK HEIGHTS,5/26/2026 5:53:33 PM,BP26001641,"57TH ST N / OMAHA AVE N, OAK PARK HEIGHTS",ASSIST OTHER AGENCY
BAYPORT POLICE DEPARTMENT,OAK PARK HEIGHTS,5/26/2026 10:49:57 PM,BP26001645,"14XXX  58th St N, OAK PARK HEIGHTS",ASSIST OTHER AGENCY
BAYPORT POLICE DEPARTMENT,OAK PARK HEIGHTS,5/27/2026 2:15:02 AM,BP26001646,"5XXX  Oren Ave N, OAK PARK HEIGHTS",ASSIST OTHER AGENCY
BAYPORT POLICE DEPARTMENT,OAK PARK HEIGHTS,5/27/2026 9:34:00 AM,BP26001651,"Highway 36 / OSGOOD AVE N, OAK PARK HEIGHTS",TRAFFIC STOP
BAYPORT POLICE DEPARTMENT,OAK PARK HEIGHTS,5/28/2026 4:51:46 PM,BP26001661,"5XXX  - 5899 SAINT CROIX TRL N, OAK PARK HEIGHTS",TRAFFIC STOP
BAYPORT POLICE DEPARTMENT,OAK PARK HEIGHTS,5/29/2026 7:46:22 PM,BP26001686,"6XXX  Paris Ave N, OAK PARK HEIGHTS",ASSIST OTHER AGENCY
BAYPORT POLICE DEPARTMENT,OAK PARK HEIGHTS,5/30/2026 12:15:04 AM,BP26001690,"Highway 95 TO HWY 36 WB RAMP, OAK PARK HEIGHTS",ASSIST OTHER AGENCY
BAYPORT POLICE DEPARTMENT,OAK PARK HEIGHTS,5/30/2026 1:56:15 AM,BP26001696,"Highway 95 TO HWY 36 WB RAMP, OAK PARK HEIGHTS",ASSIST OTHER AGENCY
BAYPORT POLICE DEPARTMENT,OAK PARK HEIGHTS,5/30/2026 8:51:43 PM,BP26001707,"5XXX  Osgood Ave N, OAK PARK HEIGHTS",ASSIST OTHER AGENCY
BAYPORT POLICE DEPARTMENT,OAK PARK HEIGHTS,5/30/2026 11:56:47 PM,BP26001711,"SAINT CROIX TRL N, OAK PARK HEIGHTS",ASSIST OTHER AGENCY
BAYPORT POLICE DEPARTMENT,STILLWATER,5/26/2026 1:09:33 AM,BP26001622,"XXX Main St S, STILLWATER",ASSIST OTHER AGENCY
BAYPORT POLICE DEPARTMENT,STILLWATER,5/28/2026 4:13:07 PM,BP26001660,"XXX Hidden Valley Ct, STILLWATER",ASSIST OTHER AGENCY
BAYPORT POLICE DEPARTMENT,STILLWATER,5/30/2026 12:27:10 AM,BP26001691,"Highway 36, STILLWATER",ASSIST OTHER AGENCY
BAYPORT POLICE DEPARTMENT,STILLWATER,5/30/2026 3:09:58 AM,BP26001697,"1XXX  - 1031 MAIN ST S, STILLWATER",ASSIST OTHER AGENCY
BAYPORT POLICE DEPARTMENT,STILLWATER,5/30/2026 11:24:30 PM,BP26001709,"Myrtle St E / Main St N, STILLWATER",ASSIST OTHER AGENCY
BAYPORT POLICE DEPARTMENT,WEST LAKELAND TOWNSHIP,5/27/2026 9:07:18 AM,BP26001650,"2XXX  - 2398 STAGECOACH TRL N, WEST LAKELAND TOWNSHIP",TRAFFIC STOP
BAYPORT POLICE DEPARTMENT,WEST LAKELAND TOWNSHIP,5/27/2026 1:48:08 PM,BP26001654,"14XXX  INTERSTATE 94, WEST LAKELAND TOWNSHIP",ASSIST OTHER AGENCY
COTTAGE GROVE POLICE DEPARTMENT,COTTAGE GROVE,5/24/2026 7:48:40 AM,CG26022573,"8XXX  Jasmine Ln S, COTTAGE GROVE",MEDICAL
COTTAGE GROVE POLICE DEPARTMENT,COTTAGE GROVE,5/24/2026 8:40:32 AM,CG26022582,"9XXX  75TH ST S, COTTAGE GROVE",THREATS
COTTAGE GROVE POLICE DEPARTMENT,COTTAGE GROVE,5/24/2026 12:48:50 PM,CG26022615,"9XXX  Keats Ave S, COTTAGE GROVE",ANIMAL COMPLAINT
COTTAGE GROVE POLICE DEPARTMENT,COTTAGE GROVE,5/24/2026 1:05:28 PM,CG26022618,"9XXX  East Point Douglas Rd S, COTTAGE GROVE",SHOPLIFTING
COTTAGE GROVE POLICE DEPARTMENT,COTTAGE GROVE,5/24/2026 4:23:05 PM,CG26022638,"80th St S / Hadley Ave S, COTTAGE GROVE",ACCIDENT
COTTAGE GROVE POLICE DEPARTMENT,COTTAGE GROVE,5/24/2026 5:05:56 PM,CG26022652,"7XXX  Timber Trail Ln S, COTTAGE GROVE",FOUND PERSON
COTTAGE GROVE POLICE DEPARTMENT,COTTAGE GROVE,5/24/2026 5:32:03 PM,CG26022656,"8XXX  Jorgensen Ave S, COTTAGE GROVE",MEDICAL
COTTAGE GROVE POLICE DEPARTMENT,COTTAGE GROVE,5/24/2026 5:48:14 PM,CG26022660,"8XXX  Imperial Ave S, COTTAGE GROVE",SUICIDE ATTEMPT/THREATS OF
COTTAGE GROVE POLICE DEPARTMENT,COTTAGE GROVE,5/24/2026 6:30:04 PM,CG26022665,"9XXX  East Point Douglas Rd S, COTTAGE GROVE",THEFT
COTTAGE GROVE POLICE DEPARTMENT,COTTAGE GROVE,5/24/2026 6:37:18 PM,CG26022666,"7XXX  Hinton Ave S, COTTAGE GROVE",THEFT
COTTAGE GROVE POLICE DEPARTMENT,COTTAGE GROVE,5/24/2026 6:45:21 PM,CG26022667,"8XXX  Hale Ave S, COTTAGE GROVE",ACCIDENT
COTTAGE GROVE POLICE DEPARTMENT,COTTAGE GROVE,5/24/2026 7:26:16 PM,CG26022669,"7XXX  East Point Douglas Rd S, COTTAGE GROVE",HARASSMENT
COTTAGE GROVE POLICE DEPARTMENT,COTTAGE GROVE,5/25/2026 2:03:44 AM,CG26022716,"7XXX  Hemingway Ave S, COTTAGE GROVE",DISTURBANCE
COTTAGE GROVE POLICE DEPARTMENT,COTTAGE GROVE,5/25/2026 3:13:14 AM,CG26022717,"8XXX  HORNELL AVE S, COTTAGE GROVE",DISTURBANCE
COTTAGE GROVE POLICE DEPARTMENT,COTTAGE GROVE,5/25/2026 4:22:00 AM,CG26022714,"8XXX  - 8398 HADLEY AVE S, COTTAGE GROVE",TRAFFIC STOP
COTTAGE GROVE POLICE DEPARTMENT,COTTAGE GROVE,5/25/2026 8:23:02 AM,CG26022720,"8XXX  Jasmine Ln S, COTTAGE GROVE",DISTURBANCE
COTTAGE GROVE POLICE DEPARTMENT,COTTAGE GROVE,5/25/2026 9:38:52 AM,CG26022723,"6XXX  Hyde Ave S, COTTAGE GROVE",MEDICAL
COTTAGE GROVE POLICE DEPARTMENT,COTTAGE GROVE,5/25/2026 10:08:23 AM,CG26022725,"8XXX  Ingleside Ave S, COTTAGE GROVE",MEDICAL
COTTAGE GROVE POLICE DEPARTMENT,COTTAGE GROVE,5/25/2026 10:09:57 AM,CG26022726,"7XXX  East Point Douglas Rd S, COTTAGE GROVE",DISTURBANCE
COTTAGE GROVE POLICE DEPARTMENT,COTTAGE GROVE,5/25/2026 11:47:19 AM,CG26022732,"6XXX  Summit Curv S, COTTAGE GROVE",MEDICAL
COTTAGE GROVE POLICE DEPARTMENT,COTTAGE GROVE,5/25/2026 11:49:16 AM,CG26022733,"7XXX  Timber Crest Dr S, COTTAGE GROVE",MEDICAL
COTTAGE GROVE POLICE DEPARTMENT,COTTAGE GROVE,5/25/2026 2:03:15 PM,CG26022749,"6XXX  East Point Douglas Rd S, COTTAGE GROVE",MEDICAL
COTTAGE GROVE POLICE DEPARTMENT,COTTAGE GROVE,5/25/2026 2:14:27 PM,CG26022754,"8XXX  Foothill Rd S, COTTAGE GROVE",MEDICAL
COTTAGE GROVE POLICE DEPARTMENT,COTTAGE GROVE,5/25/2026 2:39:28 PM,CG26022756,"7XXX  100th St S, COTTAGE GROVE",ALARM-BUSINESS/RES/FIRE/MEDICAL/ETC
COTTAGE GROVE POLICE DEPARTMENT,COTTAGE GROVE,5/25/2026 5:49:09 PM,CG26022779,"7XXX  - 7398 HINTON AVE S, COTTAGE GROVE",TRAFFIC STOP
COTTAGE GROVE POLICE DEPARTMENT,COTTAGE GROVE,5/25/2026 7:46:14 PM,CG26022791,"8XXX  63rd St S, COTTAGE GROVE",MEDICAL
COTTAGE GROVE POLICE DEPARTMENT,COTTAGE GROVE,5/26/2026 12:31:29 AM,CG26022844,"7XXX  Hinton Ave S, COTTAGE GROVE",MEDICAL
COTTAGE GROVE POLICE DEPARTMENT,COTTAGE GROVE,5/26/2026 7:21:57 AM,CG26022850,"70th St S / Hardwood Ave S, COTTAGE GROVE",ACCIDENT
COTTAGE GROVE POLICE DEPARTMENT,COTTAGE GROVE,5/26/2026 7:28:19 AM,CG26022851,"9XXX  Glendenning Rd S, COTTAGE GROVE",MEDICAL
COTTAGE GROVE POLICE DEPARTMENT,COTTAGE GROVE,5/26/2026 8:31:41 AM,CG26022853,"Hadley Ave S / 90th St S, COTTAGE GROVE",FOUND PERSON
COTTAGE GROVE POLICE DEPARTMENT,COTTAGE GROVE,5/26/2026 8:34:13 AM,CG26022854,"6XXX  80th St S, COTTAGE GROVE",MEDICAL
COTTAGE GROVE POLICE DEPARTMENT,COTTAGE GROVE,5/26/2026 8:55:47 AM,CG26022855,"7XXX  Jasmine Ave S, COTTAGE GROVE",PARKING COMPLAINT
COTTAGE GROVE POLICE DEPARTMENT,COTTAGE GROVE,5/26/2026 10:14:13 AM,CG26022866,"6XXX  Lamar Ave S, COTTAGE GROVE",MEDICAL
COTTAGE GROVE POLICE DEPARTMENT,COTTAGE GROVE,5/26/2026 10:56:44 AM,CG26022884,"9XXX  Indian Boulevard Ct S, COTTAGE GROVE",MEDICAL
COTTAGE GROVE POLICE DEPARTMENT,COTTAGE GROVE,5/26/2026 11:11:08 AM,CG26022888,"9XXX  Indian Blvd S, COTTAGE GROVE",RUNAWAY
COTTAGE GROVE POLICE DEPARTMENT,COTTAGE GROVE,5/26/2026 11:35:27 AM,CG26022891,"7XXX  Timber Crest Dr S, COTTAGE GROVE",MEDICAL
COTTAGE GROVE POLICE DEPARTMENT,COTTAGE GROVE,5/26/2026 11:41:22 AM,CG26022894,"63RD ST S / JENSEN AVE S, COTTAGE GROVE",THEFT
COTTAGE GROVE POLICE DEPARTMENT,COTTAGE GROVE,5/26/2026 11:56:22 AM,CG26022898,"8XXX  67th St S, COTTAGE GROVE",THEFT
COTTAGE GROVE POLICE DEPARTMENT,COTTAGE GROVE,5/26/2026 12:18:24 PM,CG26022900,"9XXX  - 9548 105TH STREET CT S, COTTAGE GROVE",PARKING VIOLATION
COTTAGE GROVE POLICE DEPARTMENT,COTTAGE GROVE,5/26/2026 1:46:03 PM,CG26022932,"7XXX  Jorgensen Ln S, COTTAGE GROVE",VEHICLE UNLOCK
COTTAGE GROVE POLICE DEPARTMENT,COTTAGE GROVE,5/26/2026 2:27:42 PM,CG26022944,"7XXX  98th St S, COTTAGE GROVE",DEATH
COTTAGE GROVE POLICE DEPARTMENT,COTTAGE GROVE,5/26/2026 2:54:38 PM,CG26022949,"8XXX  GRANADA AVE S, COTTAGE GROVE",SHOTS FIRED/SHOOTING COMPLAINT
COTTAGE GROVE POLICE DEPARTMENT,COTTAGE GROVE,5/26/2026 3:31:21 PM,CG26022960,"8XXX  East Point Douglas Rd S, COTTAGE GROVE",SUSPICIOUS PERSON/ACTIVITY
COTTAGE GROVE POLICE DEPARTMENT,COTTAGE GROVE,5/26/2026 4:10:25 PM,CG26022953,"8XXX  KEATS AVE S, COTTAGE GROVE",CIVIL MATTER/DISPUTE
COTTAGE GROVE POLICE DEPARTMENT,COTTAGE GROVE,5/26/2026 4:37:45 PM,CG26022963,"8XXX  76th St S, COTTAGE GROVE",PROPERTY DAMAGE
COTTAGE GROVE POLICE DEPARTMENT,COTTAGE GROVE,5/26/2026 4:57:14 PM,CG26022962,"8XXX  West Point Douglas Rd S, COTTAGE GROVE",MEDICAL
COTTAGE GROVE POLICE DEPARTMENT,COTTAGE GROVE,5/26/2026 5:15:38 PM,CG26022966,"7XXX  LAMAR AVE S, COTTAGE GROVE",CIVIL MATTER/DISPUTE
COTTAGE GROVE POLICE DEPARTMENT,COTTAGE GROVE,5/26/2026 5:16:59 PM,CG26022965,"9XXX  Harkness Ave S, COTTAGE GROVE",MEDICAL
COTTAGE GROVE POLICE DEPARTMENT,COTTAGE GROVE,5/26/2026 6:27:19 PM,CG26022971,"8XXX  Grafton Ave S, COTTAGE GROVE",THREATS
COTTAGE GROVE POLICE DEPARTMENT,COTTAGE GROVE,5/26/2026 7:17:12 PM,CG26022975,"80TH ST S / HARDWOOD AVE S, COTTAGE GROVE",ACCIDENT
COTTAGE GROVE POLICE DEPARTMENT,COTTAGE GROVE,5/26/2026 7:26:17 PM,CG26022976,"8XXX  81st St S, COTTAGE GROVE",MEDICAL
COTTAGE GROVE POLICE DEPARTMENT,COTTAGE GROVE,5/26/2026 10:29:21 PM,CG26022992,"80TH ST S, COTTAGE GROVE",TRAFFIC STOP
COTTAGE GROVE POLICE DEPARTMENT,COTTAGE GROVE,5/26/2026 11:52:00 PM,CG26022999,"8XXX  Heron Ave S, COTTAGE GROVE",MEDICAL
COTTAGE GROVE POLICE DEPARTMENT,COTTAGE GROVE,5/27/2026 7:25:49 AM,CG26023016,"7XXX  Irish Ave S, COTTAGE GROVE",MEDICAL
COTTAGE GROVE POLICE DEPARTMENT,COTTAGE GROVE,5/27/2026 9:20:38 AM,CG26023022,"GRENADIER AVE S / 84TH ST S, COTTAGE GROVE",STOP ARM VIOLATION
COTTAGE GROVE POLICE DEPARTMENT,COTTAGE GROVE,5/27/2026 11:33:26 AM,CG26023054,"7XXX  HARKNESS AVE S, COTTAGE GROVE",FLEEING
COTTAGE GROVE POLICE DEPARTMENT,COTTAGE GROVE,5/27/2026 11:59:49 AM,CG26023060,"7XXX  Lamar Ave S, COTTAGE GROVE",CIVIL MATTER/DISPUTE
COTTAGE GROVE POLICE DEPARTMENT,COTTAGE GROVE,5/27/2026 12:22:40 PM,CG26023064,"8XXX  80TH ST S, COTTAGE GROVE",ACCIDENT
COTTAGE GROVE POLICE DEPARTMENT,COTTAGE GROVE,5/27/2026 12:23:02 PM,CG26023065,"9XXX  Jergen Ave S, COTTAGE GROVE",MEDICAL
COTTAGE GROVE POLICE DEPARTMENT,COTTAGE GROVE,5/27/2026 3:55:52 PM,CG26023109,"6XXX  East Point Douglas Rd S, COTTAGE GROVE",MEDICAL
COTTAGE GROVE POLICE DEPARTMENT,COTTAGE GROVE,5/27/2026 4:31:20 PM,CG26023120,"HADLEY AVE S / HALE AVE S, COTTAGE GROVE",TRAFFIC COMPLAINT
COTTAGE GROVE POLICE DEPARTMENT,COTTAGE GROVE,5/27/2026 5:18:07 PM,CG26023152,"6XXX  80TH ST S, COTTAGE GROVE",COMPLIANCE CHECK VIOLATIONS
COTTAGE GROVE POLICE DEPARTMENT,COTTAGE GROVE,5/27/2026 5:21:00 PM,CG26023155,"HINTON AVE S / 70TH ST S, COTTAGE GROVE",TRAFFIC STOP
COTTAGE GROVE POLICE DEPARTMENT,COTTAGE GROVE,5/27/2026 5:44:07 PM,CG26023164,"6XXX  92nd St S, COTTAGE GROVE",MEDICAL
COTTAGE GROVE POLICE DEPARTMENT,COTTAGE GROVE,5/27/2026 5:51:10 PM,CG26023165,"7XXX  98th St S, COTTAGE GROVE",ACCIDENT
COTTAGE GROVE POLICE DEPARTMENT,COTTAGE GROVE,5/27/2026 6:05:28 PM,CG26023171,"8XXX  EAST POINT DOUGLAS RD S, COTTAGE GROVE",COMPLIANCE CHECK VIOLATIONS
COTTAGE GROVE POLICE DEPARTMENT,COTTAGE GROVE,5/27/2026 6:27:55 PM,CG26023177,"9XXX  Hames Ave S, COTTAGE GROVE",MEDICAL
COTTAGE GROVE POLICE DEPARTMENT,COTTAGE GROVE,5/27/2026 6:31:00 PM,CG26023178,"7XXX  80th St S, COTTAGE GROVE",ACCIDENT
COTTAGE GROVE POLICE DEPARTMENT,COTTAGE GROVE,5/27/2026 6:50:57 PM,CG26023181,"9XXX  Harkness Ave S, COTTAGE GROVE",FIRE
COTTAGE GROVE POLICE DEPARTMENT,COTTAGE GROVE,5/27/2026 7:15:07 PM,CG26023188,"7XXX  Irish Ave S, COTTAGE GROVE",SUSPICIOUS PERSON/ACTIVITY
COTTAGE GROVE POLICE DEPARTMENT,COTTAGE GROVE,5/27/2026 7:45:28 PM,CG26023191,"East Point Douglas Rd S / 80th St S, COTTAGE GROVE",ACCIDENT
COTTAGE GROVE POLICE DEPARTMENT,COTTAGE GROVE,5/27/2026 8:01:50 PM,CG26023192,"6XXX  80th St S, COTTAGE GROVE",911 ABANDONED/HANGUP/OPEN LINE
COTTAGE GROVE POLICE DEPARTMENT,COTTAGE GROVE,5/27/2026 10:38:11 PM,CG26023254,"7XXX  BURR OAK CV S, COTTAGE GROVE",PARK COMPLAINT
COTTAGE GROVE POLICE DEPARTMENT,COTTAGE GROVE,5/27/2026 11:07:23 PM,CG26023262,"8XXX  Grafton Ave S, COTTAGE GROVE",THREATS
COTTAGE GROVE POLICE DEPARTMENT,COTTAGE GROVE,5/28/2026 12:03:32 AM,CG26023271,"Hwy 61/70th St, COTTAGE GROVE",TRAFFIC STOP
COTTAGE GROVE POLICE DEPARTMENT,COTTAGE GROVE,5/28/2026 8:54:19 AM,CG26023298,"6XXX  74th St S, COTTAGE GROVE",MAIL THEFT
COTTAGE GROVE POLICE DEPARTMENT,COTTAGE GROVE,5/28/2026 8:58:03 AM,CG26023299,"6XXX  Goodview Ave S, COTTAGE GROVE",INTERNET CRIMES
COTTAGE GROVE POLICE DEPARTMENT,COTTAGE GROVE,5/28/2026 10:16:19 AM,CG26023306,"9XXX  89TH ST S, COTTAGE GROVE",FRAUD/SCAM
COTTAGE GROVE POLICE DEPARTMENT,COTTAGE GROVE,5/28/2026 10:41:32 AM,CG26023310,"8XXX  East Point Douglas Rd S, COTTAGE GROVE",ANIMAL COMPLAINT
COTTAGE GROVE POLICE DEPARTMENT,COTTAGE GROVE,5/28/2026 11:32:58 AM,CG26023321,"6XXX  102nd St S, COTTAGE GROVE",MEDICAL
COTTAGE GROVE POLICE DEPARTMENT,COTTAGE GROVE,5/28/2026 2:58:31 PM,CG26023355,"8XXX  67th St S, COTTAGE GROVE",ANIMAL COMPLAINT
COTTAGE GROVE POLICE DEPARTMENT,COTTAGE GROVE,5/28/2026 3:46:52 PM,CG26023366,"8XXX  East Point Douglas Rd S, COTTAGE GROVE",ALARM-BUSINESS/RES/FIRE/MEDICAL/ETC
COTTAGE GROVE POLICE DEPARTMENT,COTTAGE GROVE,5/28/2026 4:59:00 PM,CG26023385,"8XXX  - 8600 EAST POINT DOUGLAS RD S, COTTAGE GROVE",TRAFFIC STOP
COTTAGE GROVE POLICE DEPARTMENT,COTTAGE GROVE,5/28/2026 5:38:34 PM,CG26023393,"HILLSIDE TRL S / JEFFERY AVE S, COTTAGE GROVE",FOUND PROPERTY/ITEM
COTTAGE GROVE POLICE DEPARTMENT,COTTAGE GROVE,5/28/2026 6:23:17 PM,CG26023401,"7XXX  Innsdale Ave S, COTTAGE GROVE",THREATS
COTTAGE GROVE POLICE DEPARTMENT,COTTAGE GROVE,5/28/2026 6:36:23 PM,CG26023403,"6XXX  East Point Douglas Rd S, COTTAGE GROVE",TRESPASSING
COTTAGE GROVE POLICE DEPARTMENT,COTTAGE GROVE,5/28/2026 6:55:14 PM,CG26023405,"9XXX  73rd St S, COTTAGE GROVE",MEDICAL
COTTAGE GROVE POLICE DEPARTMENT,COTTAGE GROVE,5/28/2026 7:55:56 PM,CG26023408,"6XXX  Hinterland Trl S, COTTAGE GROVE",MEDICAL
COTTAGE GROVE POLICE DEPARTMENT,COTTAGE GROVE,5/28/2026 10:54:48 PM,CG26023440,"7XXX  East Point Douglas Rd S, COTTAGE GROVE",ALARM-BUSINESS/RES/FIRE/MEDICAL/ETC
COTTAGE GROVE POLICE DEPARTMENT,COTTAGE GROVE,5/28/2026 11:17:17 PM,CG26023448,"8XXX  77th St S, COTTAGE GROVE",MEDICAL
COTTAGE GROVE POLICE DEPARTMENT,COTTAGE GROVE,5/29/2026 3:49:20 AM,CG26023491,"8XXX  EAST POINT DOUGLAS RD S, COTTAGE GROVE",LOST PROPERTY/ITEM
COTTAGE GROVE POLICE DEPARTMENT,COTTAGE GROVE,5/29/2026 4:42:39 AM,CG26023493,"8XXX  Hamlet Ave S, COTTAGE GROVE",SUSPICIOUS PERSON/ACTIVITY
COTTAGE GROVE POLICE DEPARTMENT,COTTAGE GROVE,5/29/2026 4:56:38 AM,CG26023494,"9XXX  Jamaica Ave S, COTTAGE GROVE",MEDICAL
COTTAGE GROVE POLICE DEPARTMENT,COTTAGE GROVE,5/29/2026 5:46:21 AM,CG26023495,"6XXX  92nd St S, COTTAGE GROVE",MEDICAL
COTTAGE GROVE POLICE DEPARTMENT,COTTAGE GROVE,5/29/2026 7:48:07 AM,CG26023500,"12XXX  Ravine Pkwy S, COTTAGE GROVE",ASSIST OTHER AGENCY
COTTAGE GROVE POLICE DEPARTMENT,COTTAGE GROVE,5/29/2026 8:22:33 AM,CG26023504,"7XXX  79TH ST S, COTTAGE GROVE",WELFARE CHECK
COTTAGE GROVE POLICE DEPARTMENT,COTTAGE GROVE,5/29/2026 9:38:46 AM,CG26023509,"9XXX  62nd St S, COTTAGE GROVE",MEDICAL
COTTAGE GROVE POLICE DEPARTMENT,COTTAGE GROVE,5/29/2026 11:25:38 AM,CG26023520,"7XXX  Hinton Ave S, COTTAGE GROVE",MEDICAL
COTTAGE GROVE POLICE DEPARTMENT,COTTAGE GROVE,5/29/2026 11:26:59 AM,CG26023521,"80th St S / 79th St S, COTTAGE GROVE",MEDICAL
COTTAGE GROVE POLICE DEPARTMENT,COTTAGE GROVE,5/29/2026 11:36:34 AM,CG26023523,"10XXX  Hinton Ave S, COTTAGE GROVE",ACCIDENT
COTTAGE GROVE POLICE DEPARTMENT,COTTAGE GROVE,5/29/2026 2:20:25 PM,CG26023543,"7XXX  Laverne Ave S, COTTAGE GROVE",MEDICAL
COTTAGE GROVE POLICE DEPARTMENT,COTTAGE GROVE,5/29/2026 2:33:27 PM,CG26023545,"8XXX  Homestead Ave S, COTTAGE GROVE",FRAUD/SCAM
COTTAGE GROVE POLICE DEPARTMENT,COTTAGE GROVE,5/29/2026 3:22:51 PM,CG26023558,"80th St S / Hyde Ave S, COTTAGE GROVE",ACCIDENT
COTTAGE GROVE POLICE DEPARTMENT,COTTAGE GROVE,5/29/2026 5:44:15 PM,CG26023595,"EAST POINT DOUGLAS RD S, COTTAGE GROVE",FOUND PROPERTY/ITEM
COTTAGE GROVE POLICE DEPARTMENT,COTTAGE GROVE,5/29/2026 6:22:00 PM,CG26023605,"7XXX  TIMBER TRAIL LN S, COTTAGE GROVE",WARRANT ARREST
COTTAGE GROVE POLICE DEPARTMENT,COTTAGE GROVE,5/29/2026 7:26:06 PM,CG26023611,"12XXX  RAVINE PKWY S, COTTAGE GROVE",Ride Along
COTTAGE GROVE POLICE DEPARTMENT,COTTAGE GROVE,5/30/2026 3:50:18 AM,CG26023700,"7XXX  79th St S, COTTAGE GROVE",CITIZEN/PUBLIC ASSIST
COTTAGE GROVE POLICE DEPARTMENT,COTTAGE GROVE,5/30/2026 7:29:34 AM,CG26023704,"8XXX  Jasmine Ln S, COTTAGE GROVE",DISTURBANCE
COTTAGE GROVE POLICE DEPARTMENT,COTTAGE GROVE,5/30/2026 8:55:01 AM,CG26023707,"7XXX  80th St S, COTTAGE GROVE",CIVIL MATTER/DISPUTE
COTTAGE GROVE POLICE DEPARTMENT,COTTAGE GROVE,5/30/2026 10:10:13 AM,CG26023710,"8XXX  Glenbrook Ave S, COTTAGE GROVE",UNWANTED PERSON/VEHICLE
COTTAGE GROVE POLICE DEPARTMENT,COTTAGE GROVE,5/30/2026 10:18:08 AM,CG26023711,"8XXX  76th Street Ct S, COTTAGE GROVE",MEDICAL
COTTAGE GROVE POLICE DEPARTMENT,COTTAGE GROVE,5/30/2026 3:01:30 PM,CG26023768,"6XXX  East Point Douglas Rd S, COTTAGE GROVE",MEDICAL
COTTAGE GROVE POLICE DEPARTMENT,COTTAGE GROVE,5/30/2026 4:22:14 PM,CG26023773,"9XXX  Jasmine Ave S, COTTAGE GROVE",VEHICLE UNLOCK
COTTAGE GROVE POLICE DEPARTMENT,COTTAGE GROVE,5/30/2026 4:33:33 PM,CG26023774,"8XXX  East Point Douglas Rd S, COTTAGE GROVE",ACCIDENT
COTTAGE GROVE POLICE DEPARTMENT,COTTAGE GROVE,5/30/2026 6:03:04 PM,CG26023801,"8XXX  Janero Ave S, COTTAGE GROVE",VEHICLE UNLOCK
COTTAGE GROVE POLICE DEPARTMENT,COTTAGE GROVE,5/30/2026 7:07:50 PM,CG26023808,"8XXX  68TH ST S, COTTAGE GROVE",DWI
COTTAGE GROVE POLICE DEPARTMENT,COTTAGE GROVE,5/30/2026 7:20:39 PM,CG26023810,"8XXX  Jensen Ave S, COTTAGE GROVE",ACCIDENT
COTTAGE GROVE POLICE DEPARTMENT,COTTAGE GROVE,5/30/2026 7:36:37 PM,CG26023812,"7XXX  Hinton Ave S, COTTAGE GROVE",JUVENILE COMPLAINT
COTTAGE GROVE POLICE DEPARTMENT,COTTAGE GROVE,5/30/2026 11:14:10 PM,CG26023823,"8XXX  East Point Douglas Rd S, COTTAGE GROVE",ALARM-BUSINESS/RES/FIRE/MEDICAL/ETC
COTTAGE GROVE POLICE DEPARTMENT,COTTAGE GROVE,5/30/2026 11:27:44 PM,CG26023828,"7XXX  Homestead Ct S, COTTAGE GROVE",DRUNK/INTOXICATED 
COTTAGE GROVE POLICE DEPARTMENT,NEWPORT,5/27/2026 1:11:36 AM,CG26023012,"2XXX  HASTINGS AVE, NEWPORT",PURSUIT
COTTAGE GROVE POLICE DEPARTMENT,Saint Paul,5/29/2026 12:21:00 AM,CG26023458,"HWY 61 NB JNO BAILEY RD, Saint Paul",TRAFFIC STOP
COTTAGE GROVE POLICE DEPARTMENT,SAINT PAUL PARK,5/24/2026 12:14:33 AM,CG26022549,"XXX SUMMIT AVE, SAINT PAUL PARK",FOUND PERSON
FOREST LAKE POLICE DEPARTMENT,FOREST LAKE,5/24/2026 12:09:40 AM,FL26006632,"LAKE ST S & 3RD AVE SW, FOREST LAKE",TRAFFIC STOP
FOREST LAKE POLICE DEPARTMENT,FOREST LAKE,5/24/2026 12:18:00 AM,FL26006633,"BROADWAY AVE W & 4TH ST SW, FOREST LAKE",DWI
FOREST LAKE POLICE DEPARTMENT,FOREST LAKE,5/24/2026 1:22:00 AM,FL26006622,"12TH ST SW & 3RD AVE SW, FOREST LAKE",TRAFFIC STOP
FOREST LAKE POLICE DEPARTMENT,FOREST LAKE,5/24/2026 1:29:35 AM,FL26006635,"1XXX  BROADWAY AVE W, FOREST LAKE",DISTURBANCE
FOREST LAKE POLICE DEPARTMENT,FOREST LAKE,5/24/2026 3:27:53 AM,FL26006637,"23XXX  JAMAICA AVE N, FOREST LAKE",WELFARE CHECK
FOREST LAKE POLICE DEPARTMENT,FOREST LAKE,5/24/2026 4:08:56 AM,FL26006638,"Fenway Ave N / 200th St N, FOREST LAKE",ACCIDENT
FOREST LAKE POLICE DEPARTMENT,FOREST LAKE,5/24/2026 5:49:55 AM,FL26006640,"1XXX  Broadway Ave W, FOREST LAKE",RUNAWAY
FOREST LAKE POLICE DEPARTMENT,FOREST LAKE,5/24/2026 7:20:42 AM,FL26006643,"1XXX  BROADWAY AVE W, FOREST LAKE",RUNAWAY
FOREST LAKE POLICE DEPARTMENT,FOREST LAKE,5/24/2026 11:04:00 AM,FL26006651,"SCANDIA TRL N & IDEN AVE N, FOREST LAKE",TRAFFIC STOP
FOREST LAKE POLICE DEPARTMENT,FOREST LAKE,5/24/2026 3:07:05 PM,FL26006663,"XXX 9TH AVE SW, FOREST LAKE",VEHICLE TAMPERING
FOREST LAKE POLICE DEPARTMENT,FOREST LAKE,5/24/2026 4:07:13 PM,FL26006665,"I35 NB JNO BROADWAY AVE W, FOREST LAKE",TRAFFIC STOP
FOREST LAKE POLICE DEPARTMENT,FOREST LAKE,5/24/2026 7:55:25 PM,FL26006674,"12TH ST SW & 11TH AVE SW, FOREST LAKE",TRAFFIC STOP
FOREST LAKE POLICE DEPARTMENT,FOREST LAKE,5/24/2026 8:08:00 PM,FL26006676,"220TH ST N & EVERTON AVE N, FOREST LAKE",TRAFFIC STOP
FOREST LAKE POLICE DEPARTMENT,FOREST LAKE,5/24/2026 8:08:25 PM,FL26006677,"1XXX  7TH AVE SW, FOREST LAKE",CIVIL MATTER/DISPUTE
FOREST LAKE POLICE DEPARTMENT,FOREST LAKE,5/24/2026 10:29:00 PM,FL26006687,"BROADWAY AVE W & 12TH ST SW, FOREST LAKE",TRAFFIC STOP
FOREST LAKE POLICE DEPARTMENT,FOREST LAKE,5/25/2026 12:10:00 AM,FL26006690,"12TH ST SW & 7TH AVE SW, FOREST LAKE",TRAFFIC STOP
FOREST LAKE POLICE DEPARTMENT,FOREST LAKE,5/25/2026 12:29:36 AM,FL26006691,"23XXX  FOREST BLVD N, FOREST LAKE",DISTURBANCE
FOREST LAKE POLICE DEPARTMENT,FOREST LAKE,5/25/2026 1:35:00 AM,FL26006694,"XXX BROADWAY AVE W, FOREST LAKE",DISTURBANCE
FOREST LAKE POLICE DEPARTMENT,FOREST LAKE,5/25/2026 10:34:50 AM,FL26006701,"XXX 13th Ave Se, FOREST LAKE",UNWANTED PERSON/VEHICLE
FOREST LAKE POLICE DEPARTMENT,FOREST LAKE,5/25/2026 3:14:48 PM,FL26006710,"1XXX  BLK NORTH SHORE DR, FOREST LAKE",TRAFFIC STOP
FOREST LAKE POLICE DEPARTMENT,FOREST LAKE,5/25/2026 3:28:34 PM,FL26006711,"LAKE ST S & SOUTH SHORE DR, FOREST LAKE",TRAFFIC STOP
FOREST LAKE POLICE DEPARTMENT,FOREST LAKE,5/25/2026 3:32:43 PM,FL26006712,"XXX 10TH AVE SE, FOREST LAKE",THEFT FROM MOTOR VEHICLE
FOREST LAKE POLICE DEPARTMENT,FOREST LAKE,5/25/2026 4:25:33 PM,FL26006714,"NORTH SHORE TRL N & GRANADA AVE N, FOREST LAKE",TRAFFIC STOP
FOREST LAKE POLICE DEPARTMENT,FOREST LAKE,5/25/2026 5:01:44 PM,FL26006716,"NORTH SHORE DR & 8TH AVE NE, FOREST LAKE",TRAFFIC STOP
FOREST LAKE POLICE DEPARTMENT,FOREST LAKE,5/25/2026 5:06:12 PM,FL26006717,"11TH AVE SW & 15TH ST SW, FOREST LAKE",TRAFFIC STOP
FOREST LAKE POLICE DEPARTMENT,FOREST LAKE,5/25/2026 6:48:08 PM,FL26006721,"XXX 12TH ST SW, FOREST LAKE",VEHICLE UNLOCK
FOREST LAKE POLICE DEPARTMENT,FOREST LAKE,5/25/2026 11:16:03 PM,FL26006729,"7XXX  214TH ST N, FOREST LAKE",CIVIL MATTER/DISPUTE
FOREST LAKE POLICE DEPARTMENT,FOREST LAKE,5/26/2026 6:19:30 AM,FL26006737,"1XXX  NORTH SHORE DR, FOREST LAKE",PROPERTY DAMAGE
FOREST LAKE POLICE DEPARTMENT,FOREST LAKE,5/26/2026 6:32:26 AM,FL26006738,"23XXX  FLAY AVE N, FOREST LAKE",THEFT
FOREST LAKE POLICE DEPARTMENT,FOREST LAKE,5/26/2026 10:36:00 AM,FL26007002,"21XXX  GOODVIEW AVE N, FOREST LAKE",FIGHT
FOREST LAKE POLICE DEPARTMENT,FOREST LAKE,5/26/2026 1:37:14 PM,FL26006745,"XXX Highway 97, FOREST LAKE",HARASSMENT
FOREST LAKE POLICE DEPARTMENT,FOREST LAKE,5/26/2026 2:27:25 PM,FL26006749,"LAKE ST N & BROADWAY AVE E, FOREST LAKE",TRAFFIC STOP
FOREST LAKE POLICE DEPARTMENT,FOREST LAKE,5/26/2026 2:55:05 PM,FL26006750,"LAKE ST S & 8TH AVE SW, FOREST LAKE",TRAFFIC STOP
FOREST LAKE POLICE DEPARTMENT,FOREST LAKE,5/26/2026 3:18:19 PM,FL26006752,"BROADWAY AVE W & 3RD ST NW, FOREST LAKE",TRAFFIC STOP
FOREST LAKE POLICE DEPARTMENT,FOREST LAKE,5/26/2026 4:12:29 PM,FL26006754,"11TH AVE SW & CENTENNIAL DR SW, FOREST LAKE",TRAFFIC STOP
FOREST LAKE POLICE DEPARTMENT,FOREST LAKE,5/26/2026 4:59:37 PM,FL26006757,"BROADWAY AVE W & 12TH ST SW, FOREST LAKE",TRAFFIC STOP
FOREST LAKE POLICE DEPARTMENT,FOREST LAKE,5/26/2026 5:31:17 PM,FL26006760,"BROADWAY AVE W & LAKE ST N, FOREST LAKE",TRAFFIC STOP
FOREST LAKE POLICE DEPARTMENT,FOREST LAKE,5/26/2026 7:37:14 PM,FL26006763,"7XXX  NORTH SHORE TRL N, FOREST LAKE",RUNAWAY
FOREST LAKE POLICE DEPARTMENT,FOREST LAKE,5/26/2026 8:08:55 PM,FL26006764,"BROADWAY AVE W TO I35 NB RAMP, FOREST LAKE",TRAFFIC STOP
FOREST LAKE POLICE DEPARTMENT,FOREST LAKE,5/26/2026 9:35:54 PM,FL26006765,"XXX SOUTH SHORE DR, FOREST LAKE",RUNAWAY
FOREST LAKE POLICE DEPARTMENT,FOREST LAKE,5/27/2026 9:06:42 AM,FL26006775,"11TH AVE SW & 12TH ST SW, FOREST LAKE",MEDICAL
FOREST LAKE POLICE DEPARTMENT,FOREST LAKE,5/27/2026 9:31:01 AM,FL26006776,"XXX 1ST ST NE, FOREST LAKE",THEFT
FOREST LAKE POLICE DEPARTMENT,FOREST LAKE,5/27/2026 9:52:31 AM,FL26006778,"19XXX  Forest Rd N, FOREST LAKE",MEDICAL
FOREST LAKE POLICE DEPARTMENT,FOREST LAKE,5/27/2026 11:31:56 AM,FL26006782,"XXX 12TH ST SW, FOREST LAKE",SUSPICIOUS PERSON/ACTIVITY
FOREST LAKE POLICE DEPARTMENT,FOREST LAKE,5/27/2026 12:33:50 PM,FL26006784,"NORTH SHORE DR & 4TH AVE NE, FOREST LAKE",FOUND PROPERTY/ITEM
FOREST LAKE POLICE DEPARTMENT,FOREST LAKE,5/27/2026 5:32:11 PM,FL26006800,"20XXX  HARDWOOD RD N, FOREST LAKE",WELFARE CHECK
FOREST LAKE POLICE DEPARTMENT,FOREST LAKE,5/27/2026 5:35:32 PM,FL26006801,"6XXX  SCANDIA TRL N, FOREST LAKE",INCIDENT
FOREST LAKE POLICE DEPARTMENT,FOREST LAKE,5/27/2026 8:09:28 PM,FL26006809,"XXX 12TH ST SW, FOREST LAKE",THREATS
FOREST LAKE POLICE DEPARTMENT,FOREST LAKE,5/27/2026 11:54:40 PM,FL26006812,"2XXX  Broadway Ave W, FOREST LAKE",THEFT
FOREST LAKE POLICE DEPARTMENT,FOREST LAKE,5/28/2026 12:50:10 AM,FL26006815,"5XXX  207TH ST N, FOREST LAKE",LOST PROPERTY/ITEM
FOREST LAKE POLICE DEPARTMENT,FOREST LAKE,5/28/2026 7:39:49 AM,FL26006821,"XXX LAKE ST N, FOREST LAKE",ASSIST OTHER AGENCY
FOREST LAKE POLICE DEPARTMENT,FOREST LAKE,5/28/2026 11:33:20 AM,FL26006830,"1XXX  LAKE ST S, FOREST LAKE",JUVENILE COMPLAINT
FOREST LAKE POLICE DEPARTMENT,FOREST LAKE,5/28/2026 1:25:07 PM,FL26006834,"1XXX  BROADWAY AVE W, FOREST LAKE",HARASSMENT
FOREST LAKE POLICE DEPARTMENT,FOREST LAKE,5/28/2026 2:17:05 PM,FL26006840,"XXX 12th St Sw, FOREST LAKE",ANIMAL BITE
FOREST LAKE POLICE DEPARTMENT,FOREST LAKE,5/28/2026 6:00:45 PM,FL26006851,"XXX 12TH ST SW, FOREST LAKE",SHOPLIFTING
FOREST LAKE POLICE DEPARTMENT,FOREST LAKE,5/28/2026 6:41:13 PM,FL26006852,"XXX 12TH ST SW, FOREST LAKE",TRESPASS NOTICE
FOREST LAKE POLICE DEPARTMENT,FOREST LAKE,5/29/2026 10:59:56 AM,FL26006870,"1XXX  BROADWAY AVE W, FOREST LAKE",ACCIDENT
FOREST LAKE POLICE DEPARTMENT,FOREST LAKE,5/29/2026 11:27:24 AM,FL26006871,"BROADWAY AVE W & EVERTON AVE N, FOREST LAKE",ACCIDENT
FOREST LAKE POLICE DEPARTMENT,FOREST LAKE,5/29/2026 11:51:28 AM,FL26006872,"9XXX  Jewel Ln N, FOREST LAKE",HARASSMENT
FOREST LAKE POLICE DEPARTMENT,FOREST LAKE,5/29/2026 2:22:00 PM,FL26006877,"6XXX  SCANDIA TRL N, FOREST LAKE",DWI
FOREST LAKE POLICE DEPARTMENT,FOREST LAKE,5/29/2026 9:22:38 PM,FL26006892,"XXX BROADWAY AVE W, FOREST LAKE",TRESPASSING
FOREST LAKE POLICE DEPARTMENT,FOREST LAKE,5/30/2026 6:22:22 AM,FL26006903,"1XXX  LAKE ST S, FOREST LAKE",DISORDERLY CONDUCT
FOREST LAKE POLICE DEPARTMENT,FOREST LAKE,5/30/2026 9:51:13 AM,FL26006906,"11TH AVE SW & EUREKA AVE N, FOREST LAKE",TRAFFIC STOP
FOREST LAKE POLICE DEPARTMENT,FOREST LAKE,5/30/2026 4:41:09 PM,FL26006930,"6XXX  SCANDIA TRL N, FOREST LAKE",PARKING VIOLATION
FOREST LAKE POLICE DEPARTMENT,FOREST LAKE,5/30/2026 6:40:18 PM,FL26006939,"7XXX  NORTH SHORE TRL N, FOREST LAKE",ANIMAL COMPLAINT
OAKDALE POLICE DEPARTMENT,LAKE ELMO,5/25/2026 11:59:54 PM,OD26006230,"INWOOD AVE N / 10TH ST N, LAKE ELMO",TRAFFIC STOP
OAKDALE POLICE DEPARTMENT,LAKE ELMO,5/29/2026 10:29:10 PM,OD26006439,"INWOOD AVE N / 15TH ST N, LAKE ELMO",TRAFFIC STOP
OAKDALE POLICE DEPARTMENT,MAHTOMEDI,5/28/2026 3:31:53 PM,OD26006361,"XX Mahtomedi Ave, MAHTOMEDI",ASSIST OTHER AGENCY
OAKDALE POLICE DEPARTMENT,OAKDALE,5/24/2026 12:06:14 AM,OD26006116,"10TH ST N / HALLMARK AVE N, OAKDALE",TRAFFIC STOP
OAKDALE POLICE DEPARTMENT,OAKDALE,5/24/2026 12:27:51 AM,OD26006117,"1XXX  HADLEY AVE N, OAKDALE",DIRECTED PATROL
OAKDALE POLICE DEPARTMENT,OAKDALE,5/24/2026 2:18:49 AM,OD26006118,"1XXX  Geneva Ave N, OAKDALE",TRAFFIC STOP
OAKDALE POLICE DEPARTMENT,OAKDALE,5/24/2026 2:23:49 AM,OD26006119,"6XXX  Upper 51st St N, OAKDALE",DISTURBANCE
OAKDALE POLICE DEPARTMENT,OAKDALE,5/24/2026 3:12:00 AM,OD26006120,"I694 / 50th St N, OAKDALE",TRAFFIC STOP
OAKDALE POLICE DEPARTMENT,OAKDALE,5/24/2026 8:50:48 AM,OD26006124,"5XXX  Granada Ave N, OAKDALE",WELFARE CHECK
OAKDALE POLICE DEPARTMENT,OAKDALE,5/24/2026 10:29:18 AM,OD26006125,"XXX GLENBROOK AVE N, OAKDALE",ANIMAL COMPLAINT
OAKDALE POLICE DEPARTMENT,OAKDALE,5/24/2026 10:37:48 AM,OD26006126,"XXX GREENWAY AVE N, OAKDALE",MEDICAL
OAKDALE POLICE DEPARTMENT,OAKDALE,5/24/2026 11:35:22 AM,OD26006129,"4XXX  GENEVA AVE N, OAKDALE",NOISE COMPLAINT/DISTURBANCE
OAKDALE POLICE DEPARTMENT,OAKDALE,5/24/2026 12:01:41 PM,OD26006130,"7XXX  11th St N, OAKDALE",MEDICAL
OAKDALE POLICE DEPARTMENT,OAKDALE,5/24/2026 12:19:17 PM,OD26006131,"1XXX  HERON AVE N, OAKDALE",WELFARE CHECK
OAKDALE POLICE DEPARTMENT,OAKDALE,5/24/2026 1:46:55 PM,OD26006133,"5XXX  HADLEY AVE N, OAKDALE",DISTURBANCE
OAKDALE POLICE DEPARTMENT,OAKDALE,5/24/2026 2:15:52 PM,OD26006134,"7XXX  47th St N, OAKDALE",MEDICAL
OAKDALE POLICE DEPARTMENT,OAKDALE,5/24/2026 2:28:14 PM,OD26006135,"7XXX  32nd St N, OAKDALE",MEDICAL
OAKDALE POLICE DEPARTMENT,OAKDALE,5/24/2026 2:57:22 PM,OD26006136,"6XXX  46th St N, OAKDALE",SUSPICIOUS PERSON/ACTIVITY
OAKDALE POLICE DEPARTMENT,OAKDALE,5/24/2026 3:34:43 PM,OD26006141,"1XXX  GENEVA AVE N, OAKDALE",911 ABANDONED/HANGUP/OPEN LINE
OAKDALE POLICE DEPARTMENT,OAKDALE,5/24/2026 3:55:50 PM,OD26006143,"XXX Hale Ave N, OAKDALE",MEDICAL
OAKDALE POLICE DEPARTMENT,OAKDALE,5/24/2026 4:07:45 PM,OD26006145,"7XXX  4TH ST N, OAKDALE",TRAFFIC STOP
OAKDALE POLICE DEPARTMENT,OAKDALE,5/24/2026 6:01:45 PM,OD26006154,"6XXX  52nd St N, OAKDALE",DISTURBANCE
OAKDALE POLICE DEPARTMENT,OAKDALE,5/24/2026 6:03:00 PM,OD26006157,"XXX GENEVA AVE N, OAKDALE",TRAFFIC STOP
OAKDALE POLICE DEPARTMENT,OAKDALE,5/24/2026 6:31:21 PM,OD26006156,"37TH ST N / HADLEY AVE N, OAKDALE",TRAFFIC STOP
OAKDALE POLICE DEPARTMENT,OAKDALE,5/24/2026 6:45:04 PM,OD26006158,"3XXX  HAYWARD AVE N, OAKDALE",WELFARE CHECK
OAKDALE POLICE DEPARTMENT,OAKDALE,5/24/2026 6:48:28 PM,OD26006159,"1XXX  GROSPOINT AVE N, OAKDALE",WELFARE CHECK
OAKDALE POLICE DEPARTMENT,OAKDALE,5/24/2026 9:19:59 PM,OD26006161,"2XXX  Hynes Ave N, OAKDALE",ALARM-BUSINESS/RES/FIRE/MEDICAL/ETC
OAKDALE POLICE DEPARTMENT,OAKDALE,5/24/2026 9:34:04 PM,OD26006162,"4XXX  GENEVA AVE N, OAKDALE",911 ABANDONED/HANGUP/OPEN LINE
OAKDALE POLICE DEPARTMENT,OAKDALE,5/24/2026 10:02:43 PM,OD26006164,"1XXX  Granada Ave N, OAKDALE",FIREWORKS
OAKDALE POLICE DEPARTMENT,OAKDALE,5/24/2026 10:04:00 PM,OD26006163,"HADLEY AVE N / 11TH ST N, OAKDALE",TRAFFIC STOP
OAKDALE POLICE DEPARTMENT,OAKDALE,5/24/2026 10:26:36 PM,OD26006166,"7XXX  3RD ST N, OAKDALE",ALARM-BUSINESS/RES/FIRE/MEDICAL/ETC
OAKDALE POLICE DEPARTMENT,OAKDALE,5/24/2026 10:27:37 PM,OD26006165,"7TH ST N / HADLEY AVE N, OAKDALE",TRAFFIC STOP
OAKDALE POLICE DEPARTMENT,OAKDALE,5/24/2026 10:44:33 PM,OD26006167,"7XXX  17TH ST N, OAKDALE",ALARM-BUSINESS/RES/FIRE/MEDICAL/ETC
OAKDALE POLICE DEPARTMENT,OAKDALE,5/24/2026 10:51:00 PM,OD26006168,"GENEVA AVE N / 10TH ST N, OAKDALE",TRAFFIC STOP
OAKDALE POLICE DEPARTMENT,OAKDALE,5/24/2026 10:55:22 PM,OD26006169,"6XXX  GEORGIA BLVD N, OAKDALE",TRAFFIC STOP
OAKDALE POLICE DEPARTMENT,OAKDALE,5/24/2026 11:15:12 PM,OD26006170,"6XXX  43rd St N, OAKDALE",SUICIDE ATTEMPT/THREATS OF
OAKDALE POLICE DEPARTMENT,OAKDALE,5/24/2026 11:22:00 PM,OD26006171,"STILLWATER BLVD N / GENEVA AVE N, OAKDALE",TRAFFIC STOP
OAKDALE POLICE DEPARTMENT,OAKDALE,5/24/2026 11:40:24 PM,OD26006173,"1XXX  GRANADA AVE N, OAKDALE",CIVIL MATTER/DISPUTE
OAKDALE POLICE DEPARTMENT,OAKDALE,5/24/2026 11:44:30 PM,OD26006174,"2XXX  HOLLY AVE N, OAKDALE",RUNAWAY
OAKDALE POLICE DEPARTMENT,OAKDALE,5/25/2026 12:00:00 AM,OD26006185,"3XXX  Hadley Ave N, OAKDALE",DWI
OAKDALE POLICE DEPARTMENT,OAKDALE,5/25/2026 1:05:05 AM,OD26006175,"2XXX  Gershwin Ave N, OAKDALE",ODOR OF GAS
OAKDALE POLICE DEPARTMENT,OAKDALE,5/25/2026 1:08:36 AM,OD26006176,"1XXX  Gentry Ave N, OAKDALE",SUSPICIOUS PERSON/ACTIVITY
OAKDALE POLICE DEPARTMENT,OAKDALE,5/25/2026 1:25:36 AM,OD26006177,"6XXX  10TH ST N, OAKDALE",TRAFFIC STOP
OAKDALE POLICE DEPARTMENT,OAKDALE,5/25/2026 1:30:00 AM,OD26006178,"HADLEY AVE N / 10TH ST N, OAKDALE",TRAFFIC STOP
OAKDALE POLICE DEPARTMENT,OAKDALE,5/25/2026 2:34:57 AM,OD26006179,"5XXX  Granada Ave N, OAKDALE",911 ABANDONED/HANGUP/OPEN LINE
OAKDALE POLICE DEPARTMENT,OAKDALE,5/25/2026 2:53:13 AM,OD26006182,"7XXX  11th St N, OAKDALE",MEDICAL
OAKDALE POLICE DEPARTMENT,OAKDALE,5/25/2026 2:53:14 AM,OD26006181,"4XXX  HADLEY AVE N, OAKDALE",TRAFFIC STOP
OAKDALE POLICE DEPARTMENT,OAKDALE,5/25/2026 7:50:38 AM,OD26006187,"8XXX  3rd St N, OAKDALE",ALARM-BUSINESS/RES/FIRE/MEDICAL/ETC
OAKDALE POLICE DEPARTMENT,OAKDALE,5/25/2026 7:57:43 AM,OD26006188,"6XXX  Upper 35th St N, OAKDALE",ACCIDENT
OAKDALE POLICE DEPARTMENT,OAKDALE,5/25/2026 8:20:42 AM,OD26006189,"3XXX  HAYWARD AVE N, OAKDALE",911 ABANDONED/HANGUP/OPEN LINE
OAKDALE POLICE DEPARTMENT,OAKDALE,5/25/2026 10:03:56 AM,OD26006192,"2XXX  HENSLOW AVE N, OAKDALE",CITIZEN/PUBLIC ASSIST
OAKDALE POLICE DEPARTMENT,OAKDALE,5/25/2026 10:34:12 AM,OD26006193,"7XXX  UPPER 24TH ST N, OAKDALE",ANIMAL COMPLAINT
OAKDALE POLICE DEPARTMENT,OAKDALE,5/25/2026 10:50:35 AM,OD26006194,"7XXX  38TH ST N, OAKDALE",MEDICAL
OAKDALE POLICE DEPARTMENT,OAKDALE,5/25/2026 12:16:25 PM,OD26006196,"1XXX  BLOCK HADLEY AVE N, OAKDALE",TRAFFIC STOP
OAKDALE POLICE DEPARTMENT,OAKDALE,5/25/2026 12:18:09 PM,OD26006197,"6XXX  Gopher Blvd N, OAKDALE",MEDICAL
OAKDALE POLICE DEPARTMENT,OAKDALE,5/25/2026 1:07:31 PM,OD26006201,"XXX HOLLY LN N, OAKDALE",ACCIDENT
OAKDALE POLICE DEPARTMENT,OAKDALE,5/25/2026 3:22:55 PM,OD26006204,"6XXX  7TH ST N, OAKDALE",SUSPICIOUS PERSON/ACTIVITY
OAKDALE POLICE DEPARTMENT,OAKDALE,5/25/2026 4:29:04 PM,OD26006205,"XXX GLENBROOK AVE N, OAKDALE",PARKING COMPLAINT
OAKDALE POLICE DEPARTMENT,OAKDALE,5/25/2026 5:22:57 PM,OD26006207,"Glenbrook Ave N / 12th St N, OAKDALE",JUVENILE COMPLAINT
OAKDALE POLICE DEPARTMENT,OAKDALE,5/25/2026 6:06:27 PM,OD26006208,"6XXX  Highway 36 Blvd N, OAKDALE",ANIMAL COMPLAINT
OAKDALE POLICE DEPARTMENT,OAKDALE,5/25/2026 6:23:26 PM,OD26006209,"1XXX  GERSHWIN AVE N, OAKDALE",MEDICAL
OAKDALE POLICE DEPARTMENT,OAKDALE,5/25/2026 7:07:00 PM,OD26006210,"6XXX  HUDSON BLVD N, OAKDALE",TRAFFIC STOP
OAKDALE POLICE DEPARTMENT,OAKDALE,5/25/2026 7:26:19 PM,OD26006212,"5XXX  GRAFTON AVE N, OAKDALE",RUNAWAY
OAKDALE POLICE DEPARTMENT,OAKDALE,5/25/2026 8:40:40 PM,OD26006215,"1XXX  GRANADA AVE N, OAKDALE",LIFT ASSIST
OAKDALE POLICE DEPARTMENT,OAKDALE,5/25/2026 8:53:25 PM,OD26006216,"XXX GREENE AVE N, OAKDALE",911 ABANDONED/HANGUP/OPEN LINE
OAKDALE POLICE DEPARTMENT,OAKDALE,5/25/2026 8:59:40 PM,OD26006217,"7XXX  46TH ST N, OAKDALE",FRAUD/SCAM
OAKDALE POLICE DEPARTMENT,OAKDALE,5/25/2026 9:12:17 PM,OD26006218,"6XXX  10TH ST N, OAKDALE",TRAFFIC STOP
OAKDALE POLICE DEPARTMENT,OAKDALE,5/25/2026 9:30:43 PM,OD26006220,"7XXX  10th St N, OAKDALE",ALARM-BUSINESS/RES/FIRE/MEDICAL/ETC
OAKDALE POLICE DEPARTMENT,OAKDALE,5/25/2026 9:33:56 PM,OD26006221,"5XXX  GRAFTON AVE N, OAKDALE",FOLLOW UP
OAKDALE POLICE DEPARTMENT,OAKDALE,5/25/2026 9:54:44 PM,OD26006224,"Helmo Ave N / 10th St N, OAKDALE",TRAFFIC STOP
OAKDALE POLICE DEPARTMENT,OAKDALE,5/25/2026 10:49:00 PM,OD26006226,"7XXX  10TH ST N, OAKDALE",TRAFFIC STOP
OAKDALE POLICE DEPARTMENT,OAKDALE,5/25/2026 11:08:08 PM,OD26006227,"1XXX  GOODWIN AVE N, OAKDALE",911 ABANDONED/HANGUP/OPEN LINE
OAKDALE POLICE DEPARTMENT,OAKDALE,5/25/2026 11:35:57 PM,OD26006228,"6XXX  HUDSON BLVD N, OAKDALE",TRAFFIC STOP
OAKDALE POLICE DEPARTMENT,OAKDALE,5/26/2026 12:00:00 AM,OD26006231,"GENTRY AVE N / 7TH ST N, OAKDALE",TRAFFIC STOP
OAKDALE POLICE DEPARTMENT,OAKDALE,5/26/2026 12:32:49 AM,OD26006232,"6XXX  10TH ST N, OAKDALE",TRAFFIC STOP
OAKDALE POLICE DEPARTMENT,OAKDALE,5/26/2026 3:38:08 AM,OD26006236,"1XXX  Hadley Ave N, OAKDALE",LIFT ASSIST
OAKDALE POLICE DEPARTMENT,OAKDALE,5/26/2026 8:03:12 AM,OD26006239,"1XXX  Helmo Rd N, OAKDALE",MEDICAL
OAKDALE POLICE DEPARTMENT,OAKDALE,5/26/2026 8:23:59 AM,OD26006240,"XXX Glenbrook Ave N, OAKDALE",FOUND PROPERTY/ITEM
OAKDALE POLICE DEPARTMENT,OAKDALE,5/26/2026 8:53:43 AM,OD26006241,"2XXX  Homestead Ave N, OAKDALE",MEDICAL
OAKDALE POLICE DEPARTMENT,OAKDALE,5/26/2026 9:02:35 AM,OD26006242,"1XXX  HADLEY AVE N, OAKDALE",WELFARE CHECK
OAKDALE POLICE DEPARTMENT,OAKDALE,5/26/2026 9:30:08 AM,OD26006245,"3XXX  Hamlet Ave N, OAKDALE",PARKING COMPLAINT
OAKDALE POLICE DEPARTMENT,OAKDALE,5/26/2026 9:40:25 AM,OD26006246,"6XXX  52nd St N, OAKDALE",ASSIST OTHER AGENCY
OAKDALE POLICE DEPARTMENT,OAKDALE,5/26/2026 10:13:46 AM,OD26006247,"1XXX  Granada Cir N, OAKDALE",CITIZEN/PUBLIC ASSIST
OAKDALE POLICE DEPARTMENT,OAKDALE,5/26/2026 10:38:55 AM,OD26006248,"XXX GLENBROOK AVE N, OAKDALE",OFFICER INFORMATION
OAKDALE POLICE DEPARTMENT,OAKDALE,5/26/2026 10:54:20 AM,OD26006249,"5XXX  HELENA RD N, OAKDALE",SUSPICIOUS PERSON/ACTIVITY
OAKDALE POLICE DEPARTMENT,OAKDALE,5/26/2026 12:11:11 PM,OD26006255,"5XXX  GENEVA AVE N, OAKDALE",MEDICAL
OAKDALE POLICE DEPARTMENT,OAKDALE,5/26/2026 12:19:38 PM,OD26006256,"7XXX  10TH ST N, OAKDALE",OFFICER INFORMATION
OAKDALE POLICE DEPARTMENT,OAKDALE,5/26/2026 12:43:15 PM,OD26006258,"7XXX  34TH ST N, OAKDALE",SUSPICIOUS PERSON/ACTIVITY
OAKDALE POLICE DEPARTMENT,OAKDALE,5/26/2026 2:30:54 PM,OD26006259,"8XXX  4th St N, OAKDALE",ANIMAL COMPLAINT
OAKDALE POLICE DEPARTMENT,OAKDALE,5/26/2026 2:56:44 PM,OD26006260,"6XXX  10TH ST N, OAKDALE",ACCIDENT
OAKDALE POLICE DEPARTMENT,OAKDALE,5/26/2026 3:31:46 PM,OD26006262,"Helmo Ave N / 6th St N, OAKDALE",ANIMAL COMPLAINT
OAKDALE POLICE DEPARTMENT,OAKDALE,5/26/2026 5:30:26 PM,OD26006265,"XXX GLENBROOK AVE, OAKDALE",CITIZEN/PUBLIC ASSIST
OAKDALE POLICE DEPARTMENT,OAKDALE,5/26/2026 5:32:26 PM,OD26006266,"6XXX  5TH STREET CT N, OAKDALE",DISTURBANCE
OAKDALE POLICE DEPARTMENT,OAKDALE,5/26/2026 6:35:37 PM,OD26006267,"6XXX  52nd St N, OAKDALE",ASSIST OTHER AGENCY
OAKDALE POLICE DEPARTMENT,OAKDALE,5/26/2026 7:13:24 PM,OD26006269,"4XXX  GRENWICH WAY N, OAKDALE",WELFARE CHECK
OAKDALE POLICE DEPARTMENT,OAKDALE,5/26/2026 7:20:01 PM,OD26006270,"6XXX  52ND ST N, OAKDALE",WANTED PERSON-KOPS ALERT/ATL
OAKDALE POLICE DEPARTMENT,OAKDALE,5/26/2026 7:48:10 PM,OD26006271,"6XXX  52ND ST N, OAKDALE",WARRANT ARREST
OAKDALE POLICE DEPARTMENT,OAKDALE,5/26/2026 9:40:17 PM,OD26006273,"34th St N / Hadley Ave N, OAKDALE",ACCIDENT
OAKDALE POLICE DEPARTMENT,OAKDALE,5/26/2026 10:56:26 PM,OD26006274,"6XXX  52ND ST N, OAKDALE",WANTED PERSON-KOPS ALERT/ATL
OAKDALE POLICE DEPARTMENT,OAKDALE,5/27/2026 1:45:55 AM,OD26006276,"6XXX  52nd St N, OAKDALE",FOUND PERSON
OAKDALE POLICE DEPARTMENT,OAKDALE,5/27/2026 4:48:08 AM,OD26006277,"6XXX  UPPER 51ST ST N, OAKDALE",THEFT
OAKDALE POLICE DEPARTMENT,OAKDALE,5/27/2026 6:52:06 AM,OD26006278,"3XXX  GARDEN BLVD N, OAKDALE",SUSPICIOUS PERSON/ACTIVITY
OAKDALE POLICE DEPARTMENT,OAKDALE,5/27/2026 7:15:42 AM,OD26006279,"6XXX  UPPER 54TH ST N, OAKDALE",911 ABANDONED/HANGUP/OPEN LINE
OAKDALE POLICE DEPARTMENT,OAKDALE,5/27/2026 8:09:21 AM,OD26006281,"4XXX  Helena Ln N, OAKDALE",PARKING COMPLAINT
OAKDALE POLICE DEPARTMENT,OAKDALE,5/27/2026 8:14:25 AM,OD26006282,"XXX GREENWAY AVE N, OAKDALE",DISTURBANCE
OAKDALE POLICE DEPARTMENT,OAKDALE,5/27/2026 8:34:25 AM,OD26006283,"1XXX  Helmo Ave N, OAKDALE",UNWANTED PERSON/VEHICLE
OAKDALE POLICE DEPARTMENT,OAKDALE,5/27/2026 8:43:35 AM,OD26006284,"1XXX  Goodwin Ave N, OAKDALE",CITIZEN/PUBLIC ASSIST
OAKDALE POLICE DEPARTMENT,OAKDALE,5/27/2026 9:10:53 AM,OD26006285,"6XXX  15TH ST N, OAKDALE",IDENTITY THEFT
OAKDALE POLICE DEPARTMENT,OAKDALE,5/27/2026 9:12:32 AM,OD26006286,"6XXX  Upper 22nd St N, OAKDALE",WELFARE CHECK
OAKDALE POLICE DEPARTMENT,OAKDALE,5/27/2026 10:09:42 AM,OD26006291,"1XXX  HADLEY AVE N, OAKDALE",CIVIL MATTER/DISPUTE
OAKDALE POLICE DEPARTMENT,OAKDALE,5/27/2026 10:14:29 AM,OD26006292,"XXX HELMO AVE N, OAKDALE",TRAFFIC STOP
OAKDALE POLICE DEPARTMENT,OAKDALE,5/27/2026 10:28:32 AM,OD26006294,"7XXX  36TH ST N, OAKDALE",CIVIL MATTER/DISPUTE
OAKDALE POLICE DEPARTMENT,OAKDALE,5/27/2026 11:08:26 AM,OD26006295,"7XXX  10TH ST N, OAKDALE",ASSAULT
OAKDALE POLICE DEPARTMENT,OAKDALE,5/27/2026 12:24:35 PM,OD26006296,"6XXX  Upper 20th St N, OAKDALE",CIVIL MATTER/DISPUTE
OAKDALE POLICE DEPARTMENT,OAKDALE,5/27/2026 12:38:13 PM,OD26006298,"7XXX  10th St N, OAKDALE",ANIMAL COMPLAINT
OAKDALE POLICE DEPARTMENT,OAKDALE,5/27/2026 12:39:38 PM,OD26006297,"6XXX  UPPER 51ST ST N, OAKDALE",ACCIDENT
OAKDALE POLICE DEPARTMENT,OAKDALE,5/27/2026 12:56:47 PM,OD26006300,"XXX GREENWAY AVE N, OAKDALE",VEHICLE UNLOCK
OAKDALE POLICE DEPARTMENT,OAKDALE,5/27/2026 1:10:42 PM,OD26006301,"1XXX  GENTRY AVE N, OAKDALE",WELFARE CHECK
OAKDALE POLICE DEPARTMENT,OAKDALE,5/27/2026 1:21:40 PM,OD26006302,"3XXX  HAMLET AVE N, OAKDALE",ALARM-BUSINESS/RES/FIRE/MEDICAL/ETC
OAKDALE POLICE DEPARTMENT,OAKDALE,5/27/2026 1:40:10 PM,OD26006305,"6XXX  7TH ST N, OAKDALE",TRAFFIC STOP
OAKDALE POLICE DEPARTMENT,OAKDALE,5/27/2026 1:42:15 PM,OD26006306,"7XXX  9th St N, OAKDALE",ANIMAL COMPLAINT
OAKDALE POLICE DEPARTMENT,OAKDALE,5/27/2026 1:52:42 PM,OD26006307,"6XXX  7TH ST N, OAKDALE",TRAFFIC COMPLAINT
OAKDALE POLICE DEPARTMENT,OAKDALE,5/27/2026 2:12:06 PM,OD26006308,"6XXX  - 6118 7TH ST N, OAKDALE",TRAFFIC STOP
OAKDALE POLICE DEPARTMENT,OAKDALE,5/27/2026 2:18:33 PM,OD26006309,"8XXX  3rd St N, OAKDALE",WELFARE CHECK
OAKDALE POLICE DEPARTMENT,OAKDALE,5/27/2026 3:06:54 PM,OD26006311,"7XXX  10th St N, OAKDALE",SHOPLIFTING
OAKDALE POLICE DEPARTMENT,OAKDALE,5/27/2026 3:09:29 PM,OD26006312,"XXX GERSHWIN AVE N, OAKDALE",911 ABANDONED/HANGUP/OPEN LINE
OAKDALE POLICE DEPARTMENT,OAKDALE,5/27/2026 3:20:10 PM,OD26006313,"6XXX  GRETCHEN CT N, OAKDALE",DEATH INVESTIGATION
OAKDALE POLICE DEPARTMENT,OAKDALE,5/27/2026 4:02:51 PM,OD26006315,"7XXX  2nd St N, OAKDALE",MEDICAL
OAKDALE POLICE DEPARTMENT,OAKDALE,5/27/2026 4:50:50 PM,OD26006316,"7XXX  32ND ST N, OAKDALE",SHOPLIFTING
OAKDALE POLICE DEPARTMENT,OAKDALE,5/27/2026 5:29:52 PM,OD26006318,"1XXX  HADLEY AVE N, OAKDALE",DRUGS
OAKDALE POLICE DEPARTMENT,OAKDALE,5/27/2026 5:58:36 PM,OD26006319,"3XXX  Garden Blvd N, OAKDALE",HARASSMENT
OAKDALE POLICE DEPARTMENT,OAKDALE,5/27/2026 6:09:32 PM,OD26006320,"Goodview Ave N / 7th St N, OAKDALE",DRIVING COMPLAINT
OAKDALE POLICE DEPARTMENT,OAKDALE,5/27/2026 6:49:00 PM,OD26006321,"6XXX  HUDSON BLVD N, OAKDALE",TRAFFIC STOP
OAKDALE POLICE DEPARTMENT,OAKDALE,5/27/2026 6:49:59 PM,OD26006322,"2XXX  Holly Ave N, OAKDALE",FOLLOW UP
OAKDALE POLICE DEPARTMENT,OAKDALE,5/27/2026 6:58:45 PM,OD26006323,"Helmo Ave N / 9th St N, OAKDALE",TRAFFIC STOP
OAKDALE POLICE DEPARTMENT,OAKDALE,5/27/2026 7:46:18 PM,OD26006324,"6XXX  15th St N, OAKDALE",HARASSMENT
OAKDALE POLICE DEPARTMENT,OAKDALE,5/27/2026 8:14:29 PM,OD26006325,"XXX GENEVA AVE N, OAKDALE",ACCIDENT
OAKDALE POLICE DEPARTMENT,OAKDALE,5/27/2026 8:19:23 PM,OD26006326,"1XXX  HADLEY AVE N, OAKDALE",TRAFFIC COMPLAINT
OAKDALE POLICE DEPARTMENT,OAKDALE,5/27/2026 8:35:28 PM,OD26006328,"7XXX  Upper 26th St N, OAKDALE",HARASSMENT
OAKDALE POLICE DEPARTMENT,OAKDALE,5/27/2026 8:42:32 PM,OD26006329,"4XXX  Hamlet Ave N, OAKDALE",CIVIL MATTER/DISPUTE
OAKDALE POLICE DEPARTMENT,OAKDALE,5/27/2026 9:32:17 PM,OD26006331,"2XXX  Henslow Ave N, OAKDALE",BURNING COMPLAINT
OAKDALE POLICE DEPARTMENT,OAKDALE,5/27/2026 10:07:00 PM,OD26006332,"GENEVA AVE N / 34TH ST N, OAKDALE",TRAFFIC STOP
OAKDALE POLICE DEPARTMENT,OAKDALE,5/27/2026 10:19:40 PM,OD26006333,"1XXX  Hadley Ave N, OAKDALE",MEDICAL
OAKDALE POLICE DEPARTMENT,OAKDALE,5/28/2026 7:33:15 AM,OD26006336,"7XXX  UPPER 15TH ST N, OAKDALE",911 ABANDONED/HANGUP/OPEN LINE
OAKDALE POLICE DEPARTMENT,OAKDALE,5/28/2026 9:01:47 AM,OD26006338,"3rd St N / Ideal Ave N, OAKDALE",PARKING COMPLAINT
OAKDALE POLICE DEPARTMENT,OAKDALE,5/28/2026 9:31:11 AM,OD26006341,"10TH ST N / I694, OAKDALE",MOTORIST ASSIST
OAKDALE POLICE DEPARTMENT,OAKDALE,5/28/2026 9:41:45 AM,OD26006342,"6XXX  52nd st n, OAKDALE",ASSIST OTHER AGENCY
OAKDALE POLICE DEPARTMENT,OAKDALE,5/28/2026 10:23:55 AM,OD26006344,"7XXX  Upper 22nd St N, OAKDALE",911 ABANDONED/HANGUP/OPEN LINE
OAKDALE POLICE DEPARTMENT,OAKDALE,5/28/2026 10:28:20 AM,OD26006345,"7XXX  10th St N, OAKDALE",SHOPLIFTING
OAKDALE POLICE DEPARTMENT,OAKDALE,5/28/2026 11:23:37 AM,OD26006347,"2XXX  HOLLY AVE N, OAKDALE",MISSING PERSON
OAKDALE POLICE DEPARTMENT,OAKDALE,5/28/2026 12:27:16 PM,OD26006350,"6XXX  GRENWICH LN N, OAKDALE",CIVIL MATTER/DISPUTE
OAKDALE POLICE DEPARTMENT,OAKDALE,5/28/2026 12:43:39 PM,OD26006351,"3XXX  Geneva Ave N, OAKDALE",ASSIST OTHER AGENCY
OAKDALE POLICE DEPARTMENT,OAKDALE,5/28/2026 1:12:04 PM,OD26006352," 5635 Hadley Ave N, OAKDALE",SHOPLIFTING
OAKDALE POLICE DEPARTMENT,OAKDALE,5/28/2026 2:24:40 PM,OD26006357,"7XXX  10TH ST N, OAKDALE",JUVENILE COMPLAINT
OAKDALE POLICE DEPARTMENT,OAKDALE,5/28/2026 2:33:59 PM,OD26006358,"1XXX  Glenbrook Ave N, OAKDALE",DISTURBANCE
OAKDALE POLICE DEPARTMENT,OAKDALE,5/28/2026 3:38:20 PM,OD26006363,"1XXX  Gershwin Ave N, OAKDALE",VEHICLE UNLOCK
OAKDALE POLICE DEPARTMENT,OAKDALE,5/28/2026 3:42:52 PM,OD26006364,"HWY 36 WB JEO GENEVA AVE N, OAKDALE",ASSIST OTHER AGENCY
OAKDALE POLICE DEPARTMENT,OAKDALE,5/28/2026 4:27:20 PM,OD26006365,"7XXX  STILLWATER BLVD N, OAKDALE",911 ABANDONED/HANGUP/OPEN LINE
OAKDALE POLICE DEPARTMENT,OAKDALE,5/28/2026 4:44:16 PM,OD26006366,"7XXX  10th St N, OAKDALE",SHOPLIFTING
OAKDALE POLICE DEPARTMENT,OAKDALE,5/28/2026 4:46:59 PM,OD26006367,"Grenadier Trl N / Upper 35th St N, OAKDALE",SUSPICIOUS PERSON/ACTIVITY
OAKDALE POLICE DEPARTMENT,OAKDALE,5/28/2026 5:07:58 PM,OD26006368,"1XXX  HELMO AVE N, OAKDALE",CIVIL MATTER/DISPUTE
OAKDALE POLICE DEPARTMENT,OAKDALE,5/28/2026 5:24:04 PM,OD26006371,"11TH ST N / HELMO AVE N, OAKDALE",TRAFFIC STOP
OAKDALE POLICE DEPARTMENT,OAKDALE,5/28/2026 6:34:08 PM,OD26006375,"7XXX  10th St N, OAKDALE",ANIMAL COMPLAINT
OAKDALE POLICE DEPARTMENT,OAKDALE,5/28/2026 10:30:21 PM,OD26006377,"6XXX  UPPER 22ND ST N, OAKDALE",WARRANT ATTEMPT
OAKDALE POLICE DEPARTMENT,OAKDALE,5/28/2026 11:09:14 PM,OD26006378,"HADLEY AVE N / 50TH ST N, OAKDALE",TRAFFIC STOP
OAKDALE POLICE DEPARTMENT,OAKDALE,5/28/2026 11:20:37 PM,OD26006379,"7XXX  STILLWATER BLVD N, OAKDALE",SUSPICIOUS PERSON/ACTIVITY
OAKDALE POLICE DEPARTMENT,OAKDALE,5/28/2026 11:30:30 PM,OD26006380,"7XXX  38TH ST N, OAKDALE",SUSPICIOUS PERSON/ACTIVITY
OAKDALE POLICE DEPARTMENT,OAKDALE,5/28/2026 11:46:35 PM,OD26006381,"HADLEY AVE N / 10TH ST N, OAKDALE",TRAFFIC STOP
OAKDALE POLICE DEPARTMENT,OAKDALE,5/28/2026 11:47:50 PM,OD26006382,"HADLEY AVE N & GENEVA AVE N, OAKDALE",ASSIST OTHER AGENCY
OAKDALE POLICE DEPARTMENT,OAKDALE,5/29/2026 12:30:04 AM,OD26006383,"XXX GENEVA AVE N, OAKDALE",CITIZEN/PUBLIC ASSIST
OAKDALE POLICE DEPARTMENT,OAKDALE,5/29/2026 3:09:33 AM,OD26006385,"6XXX  37TH ST N, OAKDALE",MEDICAL
OAKDALE POLICE DEPARTMENT,OAKDALE,5/29/2026 8:09:46 AM,OD26006387,"6XXX  UPPER 51ST ST N, OAKDALE",DISTURBANCE
OAKDALE POLICE DEPARTMENT,OAKDALE,5/29/2026 9:17:53 AM,OD26006390,"XXX GRAFTON AVE N, OAKDALE",CIVIL MATTER/DISPUTE
OAKDALE POLICE DEPARTMENT,OAKDALE,5/29/2026 10:02:51 AM,OD26006391,"Tanners Lake, OAKDALE",WELFARE CHECK
OAKDALE POLICE DEPARTMENT,OAKDALE,5/29/2026 11:16:11 AM,OD26006395,"7XXX  46th Street Way N, OAKDALE",CIVIL MATTER/DISPUTE
OAKDALE POLICE DEPARTMENT,OAKDALE,5/29/2026 11:21:10 AM,OD26006396,"4XXX  Helena Rd N, OAKDALE",RUNAWAY
OAKDALE POLICE DEPARTMENT,OAKDALE,5/29/2026 11:49:57 AM,OD26006397,"21ST ST N / HADLEY AVE N, OAKDALE",CITIZEN/PUBLIC ASSIST
OAKDALE POLICE DEPARTMENT,OAKDALE,5/29/2026 12:27:50 PM,OD26006400,"7XXX  38th St N, OAKDALE",NOISE COMPLAINT/DISTURBANCE
OAKDALE POLICE DEPARTMENT,OAKDALE,5/29/2026 12:32:31 PM,OD26006401,"Hallmark Ave N / Hadley Ave N, OAKDALE",WELFARE CHECK
OAKDALE POLICE DEPARTMENT,OAKDALE,5/29/2026 2:05:04 PM,OD26006404,"7XXX  38th St N, OAKDALE",FOLLOW UP
OAKDALE POLICE DEPARTMENT,OAKDALE,5/29/2026 2:05:37 PM,OD26006403,"5XXX  Hadley Ave N, OAKDALE",TRESPASSING
OAKDALE POLICE DEPARTMENT,OAKDALE,5/29/2026 2:39:32 PM,OD26006405,"6XXX  35TH ST N, OAKDALE",JUVENILE COMPLAINT
OAKDALE POLICE DEPARTMENT,OAKDALE,5/29/2026 2:53:48 PM,OD26006406,"Helmo Ave N / Helena Rd N, OAKDALE",ACCIDENT
OAKDALE POLICE DEPARTMENT,OAKDALE,5/29/2026 3:01:48 PM,OD26006407,"1XXX  HADLEY AVE N, OAKDALE",JUVENILE COMPLAINT
OAKDALE POLICE DEPARTMENT,OAKDALE,5/29/2026 3:31:00 PM,OD26006410,"7XXX  32ND ST N, OAKDALE",SHOPLIFTING
OAKDALE POLICE DEPARTMENT,OAKDALE,5/29/2026 3:52:37 PM,OD26006412,"2XXX  HOLLY AVE N, OAKDALE",JUVENILE COMPLAINT
OAKDALE POLICE DEPARTMENT,OAKDALE,5/29/2026 3:58:50 PM,OD26006413,"4XXX  Grenwich Ave N, OAKDALE",ANIMAL COMPLAINT
OAKDALE POLICE DEPARTMENT,OAKDALE,5/29/2026 4:09:07 PM,OD26006414,"6XXX  15TH ST N, OAKDALE",IDENTITY THEFT
OAKDALE POLICE DEPARTMENT,OAKDALE,5/29/2026 4:47:00 PM,OD26006415,"XXX Glenbrook Ave N, OAKDALE",DISORDERLY CONDUCT
OAKDALE POLICE DEPARTMENT,OAKDALE,5/29/2026 5:48:19 PM,OD26006418,"7XXX  10th St N, OAKDALE",TRESPASSING
OAKDALE POLICE DEPARTMENT,OAKDALE,5/29/2026 6:06:10 PM,OD26006419,"7XXX  3RD ST N, OAKDALE",ALARM-BUSINESS/RES/FIRE/MEDICAL/ETC
OAKDALE POLICE DEPARTMENT,OAKDALE,5/29/2026 6:27:58 PM,OD26006420,"2XXX  HELENA RD N, OAKDALE",911 ABANDONED/HANGUP/OPEN LINE
OAKDALE POLICE DEPARTMENT,OAKDALE,5/29/2026 6:33:00 PM,OD26006421,"6XXX  10TH ST N, OAKDALE",TRAFFIC STOP
OAKDALE POLICE DEPARTMENT,OAKDALE,5/29/2026 7:01:46 PM,OD26006425,"XXX GLENBROOK AVE N, OAKDALE",PARKING VIOLATION
OAKDALE POLICE DEPARTMENT,OAKDALE,5/29/2026 9:07:28 PM,OD26006432,"1XXX  GENTRY AVE N, OAKDALE",TRESPASSING
OAKDALE POLICE DEPARTMENT,OAKDALE,5/29/2026 10:01:33 PM,OD26006436,"6XXX  54TH ST N, OAKDALE",THEFT
OAKDALE POLICE DEPARTMENT,OAKDALE,5/29/2026 10:21:35 PM,OD26006438,"10TH ST N / GRANADA AVE N, OAKDALE",TRAFFIC STOP
OAKDALE POLICE DEPARTMENT,OAKDALE,5/29/2026 10:31:00 PM,OD26006440,"GENEVA AVE N / UPPER 46TH ST N, OAKDALE",TRAFFIC STOP
OAKDALE POLICE DEPARTMENT,OAKDALE,5/29/2026 10:50:00 PM,OD26006441,"GENEVA AVE N / 34TH ST N, OAKDALE",TRAFFIC STOP
OAKDALE POLICE DEPARTMENT,OAKDALE,5/29/2026 11:39:52 PM,OD26006446,"7XXX  2nd St N, OAKDALE",WELFARE CHECK
OAKDALE POLICE DEPARTMENT,OAKDALE,5/29/2026 11:40:45 PM,OD26006445,"XXX GENEVA AVE N, OAKDALE",TRAFFIC STOP
OAKDALE POLICE DEPARTMENT,OAKDALE,5/30/2026 12:33:38 AM,OD26006448,"XXX Glenbrook Ave N, OAKDALE",SUSPICIOUS PERSON/ACTIVITY
OAKDALE POLICE DEPARTMENT,OAKDALE,5/30/2026 1:20:52 AM,OD26006449,"5XXX  GENEVA AVE N, OAKDALE",TRAFFIC STOP
OAKDALE POLICE DEPARTMENT,OAKDALE,5/30/2026 1:30:30 AM,OD26006451," 5501 Hadley Ave N, OAKDALE",SUSPICIOUS PERSON/ACTIVITY
OAKDALE POLICE DEPARTMENT,OAKDALE,5/30/2026 2:28:44 AM,OD26006453,"8XXX  1st St N, OAKDALE",HARASSMENT
OAKDALE POLICE DEPARTMENT,OAKDALE,5/30/2026 3:04:56 AM,OD26006454,"6XXX  40TH ST N, OAKDALE",SUSPICIOUS PERSON/ACTIVITY
OAKDALE POLICE DEPARTMENT,OAKDALE,5/30/2026 4:52:48 AM,OD26006455,"8XXX  3rd St N, OAKDALE",ALARM-BUSINESS/RES/FIRE/MEDICAL/ETC
OAKDALE POLICE DEPARTMENT,OAKDALE,5/30/2026 7:34:18 AM,OD26006456,"6XXX  UPPER 35TH ST N, OAKDALE",THEFT
OAKDALE POLICE DEPARTMENT,OAKDALE,5/30/2026 7:58:06 AM,OD26006457,"36TH ST N / UPPER 38TH ST N, OAKDALE",ACCIDENT
OAKDALE POLICE DEPARTMENT,OAKDALE,5/30/2026 9:05:15 AM,OD26006459,"6XXX  STILLWATER BLVD N, OAKDALE",ANIMAL COMPLAINT
OAKDALE POLICE DEPARTMENT,OAKDALE,5/30/2026 10:52:15 AM,OD26006462,"3rd St N / Inwood Ave N, OAKDALE",TRAFFIC COMPLAINT
OAKDALE POLICE DEPARTMENT,OAKDALE,5/30/2026 11:08:24 AM,OD26006463,"7XXX  38th St N, OAKDALE",NEIGHBOR DISPUTE
OAKDALE POLICE DEPARTMENT,OAKDALE,5/30/2026 11:12:11 AM,OD26006464,"1XXX  HADLEY AVE N, OAKDALE",WELFARE CHECK
OAKDALE POLICE DEPARTMENT,OAKDALE,5/30/2026 11:51:56 AM,OD26006466,"2XXX  HADLEY AVE N, OAKDALE",FLEEING
OAKDALE POLICE DEPARTMENT,OAKDALE,5/30/2026 1:51:54 PM,OD26006467,"7TH ST N / GENEVA AVE N, OAKDALE",TRAFFIC STOP
OAKDALE POLICE DEPARTMENT,OAKDALE,5/30/2026 2:28:00 PM,OD26006468,"6TH ST N / GRAFTON AVE N, OAKDALE",TRAFFIC STOP
OAKDALE POLICE DEPARTMENT,OAKDALE,5/30/2026 2:48:10 PM,OD26006469,"6XXX  GRENWICH LN N, OAKDALE",THEFT FROM MOTOR VEHICLE
OAKDALE POLICE DEPARTMENT,OAKDALE,5/30/2026 2:50:02 PM,OD26006470,"7XXX  32ND ST N, OAKDALE",ACCIDENT
OAKDALE POLICE DEPARTMENT,OAKDALE,5/30/2026 3:23:11 PM,OD26006471,"7XXX  STILLWATER BLVD N, OAKDALE",TRAFFIC STOP
OAKDALE POLICE DEPARTMENT,OAKDALE,5/30/2026 3:27:01 PM,OD26006472,"6XXX  UPPER 53RD ST N, OAKDALE",CIVIL MATTER/DISPUTE
OAKDALE POLICE DEPARTMENT,OAKDALE,5/30/2026 3:40:53 PM,OD26006473,"6XXX  2ND ST N, OAKDALE",911 ABANDONED/HANGUP/OPEN LINE
OAKDALE POLICE DEPARTMENT,OAKDALE,5/30/2026 4:02:09 PM,OD26006474,"3XXX  GRANADA WAY N, OAKDALE",DISTURBANCE
OAKDALE POLICE DEPARTMENT,OAKDALE,5/30/2026 4:20:53 PM,OD26006475,"6XXX  Highway 36, OAKDALE",SHOPLIFTING
OAKDALE POLICE DEPARTMENT,OAKDALE,5/30/2026 4:30:20 PM,OD26006476,"6XXX  HIGHWAY 36 BLVD N, OAKDALE",SUSPICIOUS PERSON/ACTIVITY
OAKDALE POLICE DEPARTMENT,OAKDALE,5/30/2026 4:42:35 PM,OD26006478,"1XXX  Granada Ave N, OAKDALE",DISTURBANCE
OAKDALE POLICE DEPARTMENT,OAKDALE,5/30/2026 5:11:24 PM,OD26006479,"3XXX  High Point Dr N, OAKDALE",ANIMAL COMPLAINT
OAKDALE POLICE DEPARTMENT,OAKDALE,5/30/2026 5:15:23 PM,OD26006480,"4XXX  HELENA RD N, OAKDALE",911 ABANDONED/HANGUP/OPEN LINE
OAKDALE POLICE DEPARTMENT,OAKDALE,5/30/2026 5:21:20 PM,OD26006481,"1XXX  Gershwin Ave N, OAKDALE",MEDICAL
OAKDALE POLICE DEPARTMENT,OAKDALE,5/30/2026 5:49:35 PM,OD26006482,"1XXX  GENTRY AVE N, OAKDALE",CIVIL MATTER/DISPUTE
OAKDALE POLICE DEPARTMENT,OAKDALE,5/30/2026 6:11:53 PM,OD26006483,"1XXX  HELMO AVE N, OAKDALE",TRAFFIC STOP
OAKDALE POLICE DEPARTMENT,OAKDALE,5/30/2026 6:30:04 PM,OD26006486,"6XXX  50TH ST N, OAKDALE",CITIZEN/PUBLIC ASSIST
OAKDALE POLICE DEPARTMENT,OAKDALE,5/30/2026 6:34:49 PM,OD26006487,"7XXX  16th St N, OAKDALE",DISTURBANCE
OAKDALE POLICE DEPARTMENT,OAKDALE,5/30/2026 7:18:06 PM,OD26006490,"7XXX  10th St N, OAKDALE",REQUEST FOR EMERGENCY EXAM - 72 HR HOLD
OAKDALE POLICE DEPARTMENT,OAKDALE,5/30/2026 7:26:24 PM,OD26006491,"10th St N / Hadley Ave N, OAKDALE",FLEEING
OAKDALE POLICE DEPARTMENT,OAKDALE,5/30/2026 7:36:33 PM,OD26006492,"3XXX  Henna Ave N, OAKDALE",DISTURBANCE
OAKDALE POLICE DEPARTMENT,OAKDALE,5/30/2026 9:26:36 PM,OD26006495,"7XXX  44th St N, OAKDALE",DISTURBANCE
OAKDALE POLICE DEPARTMENT,OAKDALE,5/30/2026 9:52:55 PM,OD26006496,"1XXX  GRANADA AVE N, OAKDALE",ALARM-BUSINESS/RES/FIRE/MEDICAL/ETC
OAKDALE POLICE DEPARTMENT,OAKDALE,5/30/2026 10:35:29 PM,OD26006497,"1XXX  GENEVA AVE N, OAKDALE",DISTURBANCE
OAKDALE POLICE DEPARTMENT,OAKDALE,5/30/2026 10:49:07 PM,OD26006498,"7XXX  15th Street Ln N, OAKDALE",MEDICAL
OAKDALE POLICE DEPARTMENT,OAKDALE,5/30/2026 11:00:23 PM,OD26006500,"7XXX  15TH ST N, OAKDALE",TRAFFIC STOP
OAKDALE POLICE DEPARTMENT,OAKDALE,5/30/2026 11:04:23 PM,OD26006501,"6XXX  7TH ST N, OAKDALE",PARK INCIDENT-CITY/COUNTY
OAKDALE POLICE DEPARTMENT,OAKDALE,5/30/2026 11:05:40 PM,OD26006502,"GENEVA AVE N / 10TH ST N, OAKDALE",TRAFFIC STOP
ST. PAUL PARK POLICE DEPARTMENT,COTTAGE GROVE,5/25/2026 2:03:37 AM,SP26004093,"8XXX  - 8398 HADLEY AVE S, COTTAGE GROVE",ASSIST OTHER AGENCY
ST. PAUL PARK POLICE DEPARTMENT,COTTAGE GROVE,5/25/2026 2:03:44 AM,SP26004092,"7XXX  Hemingway Ave S, COTTAGE GROVE",ASSIST OTHER AGENCY
ST. PAUL PARK POLICE DEPARTMENT,NEWPORT,5/25/2026 3:37:24 PM,SP26004104,"1XXX  BAILEY RD, NEWPORT",ASSIST OTHER AGENCY
ST. PAUL PARK POLICE DEPARTMENT,NEWPORT,5/26/2026 3:09:14 AM,SP26004140,"1XXX  10th Ave, NEWPORT",ASSIST OTHER AGENCY
ST. PAUL PARK POLICE DEPARTMENT,SAINT PAUL PARK,5/24/2026 12:39:00 AM,SP26004065,"Lincoln Ave / 10th Ave, SAINT PAUL PARK",TRAFFIC STOP
ST. PAUL PARK POLICE DEPARTMENT,SAINT PAUL PARK,5/26/2026 3:47:10 PM,SP26004154,"XXX 2ND ST, SAINT PAUL PARK",PROPERTY DAMAGE
ST. PAUL PARK POLICE DEPARTMENT,SAINT PAUL PARK,5/26/2026 5:00:00 PM,SP26004155,"1XXX  - 1199 2ND ST, SAINT PAUL PARK",TRAFFIC COMPLAINT
ST. PAUL PARK POLICE DEPARTMENT,SAINT PAUL PARK,5/28/2026 5:33:53 PM,SP26004238,"Pullman Ave / Summit Ave, SAINT PAUL PARK",ACCIDENT
ST. PAUL PARK POLICE DEPARTMENT,SAINT PAUL PARK,5/30/2026 8:54:41 AM,SP26004293,"10th Ave / Lincoln Ave, SAINT PAUL PARK",FOUND PROPERTY/ITEM
STILLWATER POLICE DEPARTMENT,FOREST LAKE,5/30/2026 6:04:10 AM,SW26004628,"XXX 11th Ave Sw, FOREST LAKE",ASSIST OTHER AGENCY
STILLWATER POLICE DEPARTMENT,OAK PARK HEIGHTS,5/25/2026 3:04:33 PM,SW26004436,"5XXX  Osgood Ave N, OAK PARK HEIGHTS",DRIVING COMPLAINT
STILLWATER POLICE DEPARTMENT,OAK PARK HEIGHTS,5/25/2026 10:43:58 PM,SW26004459,"6XXX  SAINT CROIX TRL N, OAK PARK HEIGHTS",SUICIDE ATTEMPT/THREATS OF
STILLWATER POLICE DEPARTMENT,OAK PARK HEIGHTS,5/26/2026 10:05:56 PM,SW26004494,"15XXX  - 15248 UPPER 61ST ST N, OAK PARK HEIGHTS",TRAFFIC STOP
STILLWATER POLICE DEPARTMENT,OAK PARK HEIGHTS,5/27/2026 4:01:51 PM,SW26004521,"13XXX  60th St N, OAK PARK HEIGHTS",ASSIST OTHER AGENCY
STILLWATER POLICE DEPARTMENT,OAK PARK HEIGHTS,5/27/2026 11:00:00 PM,SW26004528,"OSGOOD AVE N/HWY 36 , OAK PARK HEIGHTS",ACCIDENT
STILLWATER POLICE DEPARTMENT,OAK PARK HEIGHTS,5/30/2026 2:59:01 PM,SW26004636,"3RD ST S / CHESTNUT ST E, OAK PARK HEIGHTS",DRUGS
STILLWATER POLICE DEPARTMENT,OAKDALE,5/27/2026 2:18:33 PM,SW26004515,"8XXX  3rd St N, OAKDALE",ASSIST OTHER AGENCY
STILLWATER POLICE DEPARTMENT,STILLWATER,5/24/2026 12:26:32 AM,SW26004358,"XXX Eagle Ridge Trl, STILLWATER",MISSING PERSON
STILLWATER POLICE DEPARTMENT,STILLWATER,5/24/2026 12:27:18 AM,SW26004359,"2XXX  Frontage Rd W, STILLWATER",CITIZEN/PUBLIC ASSIST
STILLWATER POLICE DEPARTMENT,STILLWATER,5/24/2026 1:32:01 AM,SW26004360,"XXX Moore St W, STILLWATER",MEDICAL
STILLWATER POLICE DEPARTMENT,STILLWATER,5/24/2026 1:47:58 AM,SW26004362,"2XXX  Washington Ave, STILLWATER",CITIZEN/PUBLIC ASSIST
STILLWATER POLICE DEPARTMENT,STILLWATER,5/24/2026 1:54:27 AM,SW26004363,"Churchill St W / Everett St S, STILLWATER",MEDICAL
STILLWATER POLICE DEPARTMENT,STILLWATER,5/24/2026 3:43:07 AM,SW26004366,"3XXX  EBEN WAY, STILLWATER",CITIZEN/PUBLIC ASSIST
STILLWATER POLICE DEPARTMENT,STILLWATER,5/24/2026 6:07:58 AM,SW26004367,"2XXX  Orleans St W, STILLWATER",ALARM-BUSINESS/RES/FIRE/MEDICAL/ETC
STILLWATER POLICE DEPARTMENT,STILLWATER,5/24/2026 6:30:36 AM,SW26004368,"1XXX  Amundson Ln, STILLWATER",ALARM-BUSINESS/RES/FIRE/MEDICAL/ETC
STILLWATER POLICE DEPARTMENT,STILLWATER,5/24/2026 7:52:26 AM,SW26004369,"1XXX  Linson Cir, STILLWATER",MEDICAL
STILLWATER POLICE DEPARTMENT,STILLWATER,5/24/2026 9:47:41 AM,SW26004370,"2XXX  Willard St W, STILLWATER",PROPERTY DAMAGE
STILLWATER POLICE DEPARTMENT,STILLWATER,5/24/2026 10:00:22 AM,SW26004371,"XXX Northland Ter, STILLWATER",ANIMAL COMPLAINT
STILLWATER POLICE DEPARTMENT,STILLWATER,5/24/2026 10:38:36 AM,SW26004372,"XXX Chestnut St E, STILLWATER",ANIMAL COMPLAINT
STILLWATER POLICE DEPARTMENT,STILLWATER,5/24/2026 11:02:10 AM,SW26004373,"XXX 4TH ST N, STILLWATER",CITIZEN/PUBLIC ASSIST
STILLWATER POLICE DEPARTMENT,STILLWATER,5/24/2026 12:06:55 PM,SW26004375,"1XXX  2nd St N, STILLWATER",ANIMAL COMPLAINT
STILLWATER POLICE DEPARTMENT,STILLWATER,5/24/2026 12:32:47 PM,SW26004376,"XXX 3rd St S, STILLWATER",UNWANTED PERSON/VEHICLE
STILLWATER POLICE DEPARTMENT,STILLWATER,5/24/2026 1:00:49 PM,SW26004377,"XXX 3RD ST S, STILLWATER",TRESPASSING
STILLWATER POLICE DEPARTMENT,STILLWATER,5/24/2026 1:02:51 PM,SW26004378,"Unknown, STILLWATER",OFFICER INFORMATION
STILLWATER POLICE DEPARTMENT,STILLWATER,5/24/2026 1:16:45 PM,SW26004379,"XXX Olive St W, STILLWATER",MEDICAL
STILLWATER POLICE DEPARTMENT,STILLWATER,5/24/2026 1:24:57 PM,SW26004380,"2XXX  Oak Glen Trl , STILLWATER",SUSPICIOUS PERSON/ACTIVITY
STILLWATER POLICE DEPARTMENT,STILLWATER,5/24/2026 1:31:53 PM,SW26004381,"XXX Greeley St S, STILLWATER",FAMILY ASSIST
STILLWATER POLICE DEPARTMENT,STILLWATER,5/24/2026 1:39:13 PM,SW26004382,"XXX Autumn Way, STILLWATER",WELFARE CHECK
STILLWATER POLICE DEPARTMENT,STILLWATER,5/24/2026 1:43:31 PM,SW26004383,"XXX Water St S, STILLWATER",911 ABANDONED/HANGUP/OPEN LINE
STILLWATER POLICE DEPARTMENT,STILLWATER,5/24/2026 1:54:01 PM,SW26004384,"XXX Water St S, STILLWATER",911 ABANDONED/HANGUP/OPEN LINE
STILLWATER POLICE DEPARTMENT,STILLWATER,5/24/2026 2:00:04 PM,SW26004386,"2XXX  DRIFTWOOD LN, STILLWATER",911 ABANDONED/HANGUP/OPEN LINE
STILLWATER POLICE DEPARTMENT,STILLWATER,5/24/2026 2:32:21 PM,SW26004387,"XXX Mulberry St E, STILLWATER",PARKING COMPLAINT
STILLWATER POLICE DEPARTMENT,STILLWATER,5/24/2026 3:43:16 PM,SW26004388,"XX River Heights Dr, STILLWATER",NOISE COMPLAINT/DISTURBANCE
STILLWATER POLICE DEPARTMENT,STILLWATER,5/24/2026 3:56:58 PM,SW26004389,"XXX Water St S, STILLWATER",NOISE COMPLAINT/DISTURBANCE
STILLWATER POLICE DEPARTMENT,STILLWATER,5/24/2026 4:01:24 PM,SW26004390,"XXX 2nd St N, STILLWATER",ALARM-BUSINESS/RES/FIRE/MEDICAL/ETC
STILLWATER POLICE DEPARTMENT,STILLWATER,5/24/2026 4:38:25 PM,SW26004391,"XXX 2nd St N, STILLWATER",ALARM-BUSINESS/RES/FIRE/MEDICAL/ETC
STILLWATER POLICE DEPARTMENT,STILLWATER,5/24/2026 5:28:25 PM,SW26004392,"XXX Cherry St E, STILLWATER",CITIZEN/PUBLIC ASSIST
STILLWATER POLICE DEPARTMENT,STILLWATER,5/24/2026 6:52:00 PM,SW26004393,"XXX William St S, STILLWATER",NOISE COMPLAINT/DISTURBANCE
STILLWATER POLICE DEPARTMENT,STILLWATER,5/24/2026 7:00:59 PM,SW26004395,"1XXX  Cottage Dr, STILLWATER",MEDICAL
STILLWATER POLICE DEPARTMENT,STILLWATER,5/24/2026 7:55:22 PM,SW26004398,"XXX WILLIAM ST S, STILLWATER",NOISE COMPLAINT/DISTURBANCE
STILLWATER POLICE DEPARTMENT,STILLWATER,5/24/2026 8:09:45 PM,SW26004399,"XXX Main St S, STILLWATER",MEDICAL
STILLWATER POLICE DEPARTMENT,STILLWATER,5/24/2026 8:16:32 PM,SW26004400,"XXX William St S, STILLWATER",NOISE COMPLAINT/DISTURBANCE
STILLWATER POLICE DEPARTMENT,STILLWATER,5/24/2026 8:30:47 PM,SW26004401,"6XXX  Stillwater Blvd N, STILLWATER",SUSPICIOUS PERSON/ACTIVITY
STILLWATER POLICE DEPARTMENT,STILLWATER,5/24/2026 8:38:52 PM,SW26004402,"15XXX  62nd St N, STILLWATER",MEDICAL
STILLWATER POLICE DEPARTMENT,STILLWATER,5/24/2026 8:43:10 PM,SW26004403,"XXX Stillwater Ave W, STILLWATER",911 ABANDONED/HANGUP/OPEN LINE
STILLWATER POLICE DEPARTMENT,STILLWATER,5/24/2026 8:46:42 PM,SW26004404,"1XXX  ORLEANS ST W, STILLWATER",DISTURBANCE
STILLWATER POLICE DEPARTMENT,STILLWATER,5/24/2026 9:03:43 PM,SW26004405,"XXX WILLIAM ST S, STILLWATER",NOISE COMPLAINT/DISTURBANCE
STILLWATER POLICE DEPARTMENT,STILLWATER,5/24/2026 9:25:19 PM,SW26004406,"XXX MAIN ST S, STILLWATER",SUSPICIOUS PERSON/ACTIVITY
STILLWATER POLICE DEPARTMENT,STILLWATER,5/24/2026 10:33:19 PM,SW26004408,"XXX 2nd St N, STILLWATER",NOISE COMPLAINT/DISTURBANCE
STILLWATER POLICE DEPARTMENT,STILLWATER,5/24/2026 10:43:08 PM,SW26004409,"XXX MAIN ST S, STILLWATER",CITIZEN/PUBLIC ASSIST
STILLWATER POLICE DEPARTMENT,STILLWATER,5/24/2026 10:54:04 PM,SW26004410,"XXX - 250 2ND ST N, STILLWATER",DWI
STILLWATER POLICE DEPARTMENT,STILLWATER,5/25/2026 12:24:13 AM,SW26004413,"XXX Myrtle St E, STILLWATER",DISTURBANCE
STILLWATER POLICE DEPARTMENT,STILLWATER,5/25/2026 2:15:49 AM,SW26004415,"OWENS ST N / MYRTLE ST W, STILLWATER",CITIZEN/PUBLIC ASSIST
STILLWATER POLICE DEPARTMENT,STILLWATER,5/25/2026 4:10:08 AM,SW26004417,"1XXX  Everett St S, STILLWATER",MEDICAL
STILLWATER POLICE DEPARTMENT,STILLWATER,5/25/2026 10:45:18 AM,SW26004423,"XXX Water St S, STILLWATER",CIVIL MATTER/DISPUTE
STILLWATER POLICE DEPARTMENT,STILLWATER,5/25/2026 11:23:43 AM,SW26004424,"2XXX  Willard St W, STILLWATER",ALARM-BUSINESS/RES/FIRE/MEDICAL/ETC
STILLWATER POLICE DEPARTMENT,STILLWATER,5/25/2026 11:46:29 AM,SW26004425,"3XXX  WEBSTER CT, STILLWATER",911 ABANDONED/HANGUP/OPEN LINE
STILLWATER POLICE DEPARTMENT,STILLWATER,5/25/2026 11:47:31 AM,SW26004426,"XXX SYCAMORE ST W, STILLWATER",911 ABANDONED/HANGUP/OPEN LINE
STILLWATER POLICE DEPARTMENT,STILLWATER,5/25/2026 11:48:29 AM,SW26004427,"XXX Alder St E, STILLWATER",911 ABANDONED/HANGUP/OPEN LINE
STILLWATER POLICE DEPARTMENT,STILLWATER,5/25/2026 12:55:57 PM,SW26004429,"XXX 3RD ST S, STILLWATER",ACCIDENT
STILLWATER POLICE DEPARTMENT,STILLWATER,5/25/2026 12:56:51 PM,SW26004430,"XXX Seeley St S, STILLWATER",DISTURBANCE
STILLWATER POLICE DEPARTMENT,STILLWATER,5/25/2026 12:57:34 PM,SW26004432,"XXX Main St S, STILLWATER",WELFARE CHECK
STILLWATER POLICE DEPARTMENT,STILLWATER,5/25/2026 12:58:15 PM,SW26004431,"XXX Pine Tree Trl, STILLWATER",911 ABANDONED/HANGUP/OPEN LINE
STILLWATER POLICE DEPARTMENT,STILLWATER,5/25/2026 2:04:28 PM,SW26004434,"2XXX  Willard St W, STILLWATER",ALARM-BUSINESS/RES/FIRE/MEDICAL/ETC
STILLWATER POLICE DEPARTMENT,STILLWATER,5/25/2026 3:21:29 PM,SW26004437,"XXX Main St N, STILLWATER",LOST PROPERTY/ITEM
STILLWATER POLICE DEPARTMENT,STILLWATER,5/25/2026 5:46:26 PM,SW26004442,"XXX 4TH ST N, STILLWATER",FOLLOW UP
STILLWATER POLICE DEPARTMENT,STILLWATER,5/25/2026 6:05:19 PM,SW26004443,"XXX Bridgewater Way, STILLWATER",MEDICAL
STILLWATER POLICE DEPARTMENT,STILLWATER,5/25/2026 6:20:02 PM,SW26004444,"XXX Mulberry St E, STILLWATER",DRIVING COMPLAINT
STILLWATER POLICE DEPARTMENT,STILLWATER,5/25/2026 6:33:29 PM,SW26004445,"XXX Mulberry St E, STILLWATER",MEDICAL
STILLWATER POLICE DEPARTMENT,STILLWATER,5/25/2026 6:52:10 PM,SW26004446,"XXX MULBERRY ST E, STILLWATER",DISTURBANCE
STILLWATER POLICE DEPARTMENT,STILLWATER,5/25/2026 7:41:40 PM,SW26004448,"XXX MAIN ST N, STILLWATER",ASSAULT
STILLWATER POLICE DEPARTMENT,STILLWATER,5/25/2026 8:08:41 PM,SW26004449,"1XXX  4th St N, STILLWATER",ALARM-BUSINESS/RES/FIRE/MEDICAL/ETC
STILLWATER POLICE DEPARTMENT,STILLWATER,5/25/2026 8:47:13 PM,SW26004451,"1XXX  Market Dr, STILLWATER",ALARM-BUSINESS/RES/FIRE/MEDICAL/ETC
STILLWATER POLICE DEPARTMENT,STILLWATER,5/25/2026 9:35:00 PM,SW26004454,"2XXX  MARKET DR, STILLWATER",THEFT
STILLWATER POLICE DEPARTMENT,STILLWATER,5/25/2026 9:43:27 PM,SW26004455,"1XXX  Owens St N, STILLWATER",MEDICAL
STILLWATER POLICE DEPARTMENT,STILLWATER,5/25/2026 9:59:13 PM,SW26004456,"Washington Ave / Orleans St W, STILLWATER",MEDICAL
STILLWATER POLICE DEPARTMENT,STILLWATER,5/25/2026 10:20:21 PM,SW26004457,"Stillwater Lift Bridge (pedestrian) - Mn, STILLWATER",NOISE COMPLAINT/DISTURBANCE
STILLWATER POLICE DEPARTMENT,STILLWATER,5/25/2026 10:38:44 PM,SW26004458,"Greeley St S / Orleans St W, STILLWATER",WELFARE CHECK
STILLWATER POLICE DEPARTMENT,STILLWATER,5/26/2026 2:42:48 AM,SW26004462,"2XXX  Saddle Ct, STILLWATER",MEDICAL
STILLWATER POLICE DEPARTMENT,STILLWATER,5/26/2026 2:56:11 AM,SW26004464,"1XXX  MARKET DR, STILLWATER",SUSPICIOUS PERSON/ACTIVITY
STILLWATER POLICE DEPARTMENT,STILLWATER,5/26/2026 2:58:34 AM,SW26004465,"1XXX  Owens St N, STILLWATER",MEDICAL
STILLWATER POLICE DEPARTMENT,STILLWATER,5/26/2026 3:06:04 AM,SW26004467,"1XXX  Market Dr, STILLWATER",ALARM-BUSINESS/RES/FIRE/MEDICAL/ETC
STILLWATER POLICE DEPARTMENT,STILLWATER,5/26/2026 9:25:07 AM,SW26004471,"1XXX  Northwestern Ave, STILLWATER",ALARM-BUSINESS/RES/FIRE/MEDICAL/ETC
STILLWATER POLICE DEPARTMENT,STILLWATER,5/26/2026 9:52:22 AM,SW26004473,"XXX 2nd St N, STILLWATER",MEDICAL
STILLWATER POLICE DEPARTMENT,STILLWATER,5/26/2026 10:16:35 AM,SW26004474,"XXX 5th St S, STILLWATER",THEFT
STILLWATER POLICE DEPARTMENT,STILLWATER,5/26/2026 11:46:20 AM,SW26004475,"XXX Owens St N, STILLWATER",CITIZEN/PUBLIC ASSIST
STILLWATER POLICE DEPARTMENT,STILLWATER,5/26/2026 12:11:03 PM,SW26004476,"1XXX  OWENS ST N, STILLWATER",MEDICAL
STILLWATER POLICE DEPARTMENT,STILLWATER,5/26/2026 1:00:29 PM,SW26004477,"1XXX  COTTAGE DR, STILLWATER",WELFARE CHECK
STILLWATER POLICE DEPARTMENT,STILLWATER,5/26/2026 1:22:56 PM,SW26004478,"XXX 4TH ST N, STILLWATER",CITIZEN/PUBLIC ASSIST
STILLWATER POLICE DEPARTMENT,STILLWATER,5/26/2026 1:26:43 PM,SW26004479,"Unknown, STILLWATER",ASSIST OTHER AGENCY
STILLWATER POLICE DEPARTMENT,STILLWATER,5/26/2026 2:49:02 PM,SW26004482,"Lily Lake, STILLWATER",CITIZEN/PUBLIC ASSIST
STILLWATER POLICE DEPARTMENT,STILLWATER,5/26/2026 3:07:31 PM,SW26004484,"14XXX  65TH ST N, STILLWATER",ANIMAL COMPLAINT
STILLWATER POLICE DEPARTMENT,STILLWATER,5/26/2026 3:08:35 PM,SW26004485,"1XXX  Market Dr, STILLWATER",THEFT
STILLWATER POLICE DEPARTMENT,STILLWATER,5/26/2026 4:03:30 PM,SW26004486,"1XXX  Bergmann Dr, STILLWATER",MEDICAL
STILLWATER POLICE DEPARTMENT,STILLWATER,5/26/2026 4:10:59 PM,SW26004487,"Unknown, STILLWATER",CITIZEN/PUBLIC ASSIST
STILLWATER POLICE DEPARTMENT,STILLWATER,5/26/2026 4:39:51 PM,SW26004489,"Unknown, STILLWATER",ASSIST OTHER AGENCY
STILLWATER POLICE DEPARTMENT,STILLWATER,5/26/2026 4:46:22 PM,SW26004490,"2XXX  Willard St W, STILLWATER",ALARM-BUSINESS/RES/FIRE/MEDICAL/ETC
STILLWATER POLICE DEPARTMENT,STILLWATER,5/26/2026 5:09:50 PM,SW26004491,"Greeley St S / 60th St N, STILLWATER",CITIZEN/PUBLIC ASSIST
STILLWATER POLICE DEPARTMENT,STILLWATER,5/26/2026 7:26:04 PM,SW26004492,"XXX Croixwood Pl, STILLWATER",CIVIL MATTER/DISPUTE
STILLWATER POLICE DEPARTMENT,STILLWATER,5/26/2026 8:05:11 PM,SW26004493,"XXX 2nd St N, STILLWATER",ALARM-BUSINESS/RES/FIRE/MEDICAL/ETC
STILLWATER POLICE DEPARTMENT,STILLWATER,5/26/2026 10:30:42 PM,SW26004495,"1XXX  3rd St S, STILLWATER",OVERDOSE
STILLWATER POLICE DEPARTMENT,STILLWATER,5/27/2026 1:11:07 AM,SW26004500,"Orleans St W / Greeley St S, STILLWATER",SUSPICIOUS PERSON/ACTIVITY
STILLWATER POLICE DEPARTMENT,STILLWATER,5/27/2026 9:18:29 AM,SW26004502,"2XXX  Oak Glen Dr, STILLWATER",WELFARE CHECK
STILLWATER POLICE DEPARTMENT,STILLWATER,5/27/2026 9:50:15 AM,SW26004503,"1XXX  Market Dr, STILLWATER",FOLLOW UP
STILLWATER POLICE DEPARTMENT,STILLWATER,5/27/2026 10:14:23 AM,SW26004505,"Sherburne St S / Oak St W, STILLWATER",ANIMAL COMPLAINT
STILLWATER POLICE DEPARTMENT,STILLWATER,5/27/2026 11:52:34 AM,SW26004507,"1XXX  Northwestern Ave, STILLWATER",THEFT
STILLWATER POLICE DEPARTMENT,STILLWATER,5/27/2026 12:00:10 PM,SW26004508,"1XXX  Market Dr, STILLWATER",ANIMAL COMPLAINT
STILLWATER POLICE DEPARTMENT,STILLWATER,5/27/2026 12:50:51 PM,SW26004509,"XXX 4th St N, STILLWATER",CITIZEN/PUBLIC ASSIST
STILLWATER POLICE DEPARTMENT,STILLWATER,5/27/2026 1:52:17 PM,SW26004511,"14XXX  62nd St N, STILLWATER",MEDICAL
STILLWATER POLICE DEPARTMENT,STILLWATER,5/27/2026 2:31:46 PM,SW26004512,"12XXX  77th St N, STILLWATER",MEDICAL
STILLWATER POLICE DEPARTMENT,STILLWATER,5/27/2026 2:39:40 PM,SW26004513,"XXX 3rd St S, STILLWATER",PARKING COMPLAINT
STILLWATER POLICE DEPARTMENT,STILLWATER,5/27/2026 2:47:47 PM,SW26004514,"1XXX  CURVE CREST BLVD, STILLWATER",911 ABANDONED/HANGUP/OPEN LINE
STILLWATER POLICE DEPARTMENT,STILLWATER,5/27/2026 5:38:21 PM,SW26004522,"XXX 3rd St N, STILLWATER",911 ABANDONED/HANGUP/OPEN LINE
STILLWATER POLICE DEPARTMENT,STILLWATER,5/27/2026 5:42:24 PM,SW26004523,"1XXX  Orleans St W, STILLWATER",SUSPICIOUS PERSON/ACTIVITY
STILLWATER POLICE DEPARTMENT,STILLWATER,5/27/2026 5:45:00 PM,SW26004524,"FRONTAGE RD/WASHINGTON AVE, STILLWATER",ACCIDENT
STILLWATER POLICE DEPARTMENT,STILLWATER,5/27/2026 6:57:53 PM,SW26004525,"75th St N / Minar Ave N, STILLWATER",FOUND PROPERTY/ITEM
STILLWATER POLICE DEPARTMENT,STILLWATER,5/27/2026 9:07:35 PM,SW26004527,"XXX Chestnut St E, STILLWATER",JUVENILE COMPLAINT
STILLWATER POLICE DEPARTMENT,STILLWATER,5/27/2026 11:11:21 PM,SW26004529,"1XXX  Market Dr, STILLWATER",ALARM-BUSINESS/RES/FIRE/MEDICAL/ETC
STILLWATER POLICE DEPARTMENT,STILLWATER,5/27/2026 11:24:04 PM,SW26004530,"2XXX  Orleans St W, STILLWATER",ALARM-BUSINESS/RES/FIRE/MEDICAL/ETC
STILLWATER POLICE DEPARTMENT,STILLWATER,5/28/2026 12:09:12 AM,SW26004531,"XXX Owens St N, STILLWATER",FIGHT
STILLWATER POLICE DEPARTMENT,STILLWATER,5/28/2026 1:49:03 AM,SW26004532,"XXX Anderson St W, STILLWATER",ALARM-BUSINESS/RES/FIRE/MEDICAL/ETC
STILLWATER POLICE DEPARTMENT,STILLWATER,5/28/2026 2:54:59 AM,SW26004533,"1XXX  Cottage Dr, STILLWATER",VEHICLE UNLOCK
STILLWATER POLICE DEPARTMENT,STILLWATER,5/28/2026 5:32:54 AM,SW26004534,"XXX Maryknoll Dr N, STILLWATER",911 ABANDONED/HANGUP/OPEN LINE
STILLWATER POLICE DEPARTMENT,STILLWATER,5/28/2026 5:48:19 AM,SW26004535,"XX Myrtle St W / Everett St N, STILLWATER",WELFARE CHECK
STILLWATER POLICE DEPARTMENT,STILLWATER,5/28/2026 7:00:37 AM,SW26004536,"1XXX  Cottage Dr, STILLWATER",LOCKOUT
STILLWATER POLICE DEPARTMENT,STILLWATER,5/28/2026 7:47:40 AM,SW26004537,"Saint Croix Trl N / Dellwood Rd N, STILLWATER",ANIMAL COMPLAINT
STILLWATER POLICE DEPARTMENT,STILLWATER,5/28/2026 8:10:56 AM,SW26004539,"1XXX  Greeley St S, STILLWATER",SUSPICIOUS PERSON/ACTIVITY
STILLWATER POLICE DEPARTMENT,STILLWATER,5/28/2026 8:25:00 AM,SW26004540,"STILLWATER BLVD N & CURVE CREST BLVD, STILLWATER",ACCIDENT
STILLWATER POLICE DEPARTMENT,STILLWATER,5/28/2026 8:54:10 AM,SW26004541,"XXX 5th St N, STILLWATER",DISTURBANCE
STILLWATER POLICE DEPARTMENT,STILLWATER,5/28/2026 10:04:34 AM,SW26004542,"2XXX  Hidden Valley Ln, STILLWATER",MEDICAL
STILLWATER POLICE DEPARTMENT,STILLWATER,5/28/2026 10:52:16 AM,SW26004544,"XXX Saint Croix Ave W, STILLWATER",CITIZEN/PUBLIC ASSIST
STILLWATER POLICE DEPARTMENT,STILLWATER,5/28/2026 1:04:00 PM,SW26004546,"XXX Water St S, STILLWATER",CITIZEN/PUBLIC ASSIST
STILLWATER POLICE DEPARTMENT,STILLWATER,5/28/2026 1:08:22 PM,SW26004547,"72nd St N / Mid Oaks Ave N, STILLWATER",ROAD HAZARD
STILLWATER POLICE DEPARTMENT,STILLWATER,5/28/2026 2:03:10 PM,SW26004548,"Olive St W / Seeley St S, STILLWATER",CITIZEN/PUBLIC ASSIST
STILLWATER POLICE DEPARTMENT,STILLWATER,5/28/2026 2:28:49 PM,SW26004550,"1XXX  Tower Dr, STILLWATER",TRESPASSING
STILLWATER POLICE DEPARTMENT,STILLWATER,5/28/2026 2:41:11 PM,SW26004551,"12XXX -12249 75TH ST N, STILLWATER",WELFARE CHECK
STILLWATER POLICE DEPARTMENT,STILLWATER,5/28/2026 2:55:08 PM,SW26004553,"XXX Saint Croix Ave W, STILLWATER",CIVIL MATTER/DISPUTE
STILLWATER POLICE DEPARTMENT,STILLWATER,5/28/2026 3:18:10 PM,SW26004555,"1XXX  PINE ST W, STILLWATER",ANIMAL COMPLAINT
STILLWATER POLICE DEPARTMENT,STILLWATER,5/28/2026 3:35:05 PM,SW26004557,"XXX 4th St N, STILLWATER",PROPERTY DAMAGE
STILLWATER POLICE DEPARTMENT,STILLWATER,5/28/2026 4:31:07 PM,SW26004559,"Unknown, STILLWATER",WELFARE CHECK
STILLWATER POLICE DEPARTMENT,STILLWATER,5/28/2026 4:59:00 PM,SW26004560,"4th St N/ Laurel St W, STILLWATER",ACCIDENT
STILLWATER POLICE DEPARTMENT,STILLWATER,5/28/2026 6:24:00 PM,SW26004563,"XXX Hidden Valley Ct, STILLWATER",CITIZEN/PUBLIC ASSIST
STILLWATER POLICE DEPARTMENT,STILLWATER,5/28/2026 6:46:32 PM,SW26004564,"1XXX  Owens St N, STILLWATER",MEDICAL
STILLWATER POLICE DEPARTMENT,STILLWATER,5/28/2026 7:10:16 PM,SW26004565,"2XXX  Orleans St W, STILLWATER",DRIVING COMPLAINT
STILLWATER POLICE DEPARTMENT,STILLWATER,5/28/2026 7:13:31 PM,SW26004566,"XXX 2nd St S, STILLWATER",VEHICLE UNLOCK
STILLWATER POLICE DEPARTMENT,STILLWATER,5/28/2026 7:45:12 PM,SW26004567,"XXX Hidden Valley Ct, STILLWATER",CITIZEN/PUBLIC ASSIST
STILLWATER POLICE DEPARTMENT,STILLWATER,5/28/2026 8:27:22 PM,SW26004571,"2XXX  Market Dr, STILLWATER",ANIMAL COMPLAINT
STILLWATER POLICE DEPARTMENT,STILLWATER,5/28/2026 9:06:39 PM,SW26004573,"Myrtle St E / Main St N, STILLWATER",JUVENILE COMPLAINT
STILLWATER POLICE DEPARTMENT,STILLWATER,5/29/2026 1:09:21 AM,SW26004578,"XXX Main St N, STILLWATER",ALARM-BUSINESS/RES/FIRE/MEDICAL/ETC
STILLWATER POLICE DEPARTMENT,STILLWATER,5/29/2026 4:32:11 AM,SW26004579,"2XXX  Orleans St W, STILLWATER",ALARM-BUSINESS/RES/FIRE/MEDICAL/ETC
STILLWATER POLICE DEPARTMENT,STILLWATER,5/29/2026 4:45:48 AM,SW26004580,"1XXX  Pine St W, STILLWATER",MEDICAL
STILLWATER POLICE DEPARTMENT,STILLWATER,5/29/2026 5:25:25 AM,SW26004581,"DEER PATH / MYRTLE ST W, STILLWATER",ACCIDENT
STILLWATER POLICE DEPARTMENT,STILLWATER,5/29/2026 9:31:33 AM,SW26004583,"XXX Saint Croix Ave W, STILLWATER",FAMILY ASSIST
STILLWATER POLICE DEPARTMENT,STILLWATER,5/29/2026 9:58:35 AM,SW26004584,"XXX 2nd St S, STILLWATER",PARKING COMPLAINT
STILLWATER POLICE DEPARTMENT,STILLWATER,5/29/2026 10:13:58 AM,SW26004587,"Unknown, STILLWATER",CITIZEN/PUBLIC ASSIST
STILLWATER POLICE DEPARTMENT,STILLWATER,5/29/2026 10:45:18 AM,SW26004588,"1XXX  ORLEANS ST W, STILLWATER",DRUGS
STILLWATER POLICE DEPARTMENT,STILLWATER,5/29/2026 2:19:32 PM,SW26004593,"2XXX  Curve Crest Blvd, STILLWATER",TRESPASSING
STILLWATER POLICE DEPARTMENT,STILLWATER,5/29/2026 2:58:09 PM,SW26004595,"1XXX  Owens St N, STILLWATER",MOTORIST ASSIST
STILLWATER POLICE DEPARTMENT,STILLWATER,5/29/2026 3:21:45 PM,SW26004596,"MYRTLE ST W / GROVE ST S, STILLWATER",DRIVING COMPLAINT
STILLWATER POLICE DEPARTMENT,STILLWATER,5/29/2026 4:07:42 PM,SW26004597,"XXX Sunrise Ave, STILLWATER",THEFT
STILLWATER POLICE DEPARTMENT,STILLWATER,5/29/2026 5:14:00 PM,SW26004600,"2XXX  Market Dr, STILLWATER",SHOPLIFTING
STILLWATER POLICE DEPARTMENT,STILLWATER,5/29/2026 5:41:57 PM,SW26004601,"XX Maryknoll Dr, STILLWATER",MEDICAL
STILLWATER POLICE DEPARTMENT,STILLWATER,5/29/2026 6:59:18 PM,SW26004602,"XXX NEW ENGLAND PL, STILLWATER",CIVIL MATTER/DISPUTE
STILLWATER POLICE DEPARTMENT,STILLWATER,5/29/2026 7:01:29 PM,SW26004603,"XXX Bridgewater Way, STILLWATER",WELFARE CHECK
STILLWATER POLICE DEPARTMENT,STILLWATER,5/29/2026 7:04:00 PM,SW26004604,"1XXX  - 1698 ORLEANS ST W, STILLWATER",TRAFFIC STOP
STILLWATER POLICE DEPARTMENT,STILLWATER,5/29/2026 7:52:59 PM,SW26004607,"XXX WATER ST S, STILLWATER",FOUND PROPERTY/ITEM
STILLWATER POLICE DEPARTMENT,STILLWATER,5/29/2026 9:21:00 PM,SW26004608,"2XXX  - 2698 CURVE CREST BLVD, STILLWATER",TRAFFIC STOP
STILLWATER POLICE DEPARTMENT,STILLWATER,5/29/2026 10:30:33 PM,SW26004610,"XXX 2ND ST S, STILLWATER",FIREWORKS
STILLWATER POLICE DEPARTMENT,STILLWATER,5/29/2026 10:58:58 PM,SW26004611,"Hazel St E / 2nd St N, STILLWATER",NOISE COMPLAINT/DISTURBANCE
STILLWATER POLICE DEPARTMENT,STILLWATER,5/29/2026 11:32:42 PM,SW26004612,"XXX Churchill St W, STILLWATER",CIVIL MATTER/DISPUTE
STILLWATER POLICE DEPARTMENT,STILLWATER,5/30/2026 1:42:07 AM,SW26004620,"XXX 2nd St S, STILLWATER",FIREWORKS
STILLWATER POLICE DEPARTMENT,STILLWATER,5/30/2026 1:56:53 AM,SW26004619,"Hwy 36 Eb At Stillwater Blvd N, STILLWATER",ASSIST OTHER AGENCY
STILLWATER POLICE DEPARTMENT,STILLWATER,5/30/2026 2:35:56 AM,SW26004621,"NELSON ST / WATER ST S, STILLWATER",MEDICAL
STILLWATER POLICE DEPARTMENT,STILLWATER,5/30/2026 3:52:21 AM,SW26004622,"2XXX  Orleans St W, STILLWATER",MEDICAL
STILLWATER POLICE DEPARTMENT,STILLWATER,5/30/2026 8:13:09 AM,SW26004624,"1XXX  Cottage Dr, STILLWATER",MEDICAL
STILLWATER POLICE DEPARTMENT,STILLWATER,5/30/2026 10:23:05 AM,SW26004626,"1XXX  Curve Crest Blvd, STILLWATER",911 ABANDONED/HANGUP/OPEN LINE
STILLWATER POLICE DEPARTMENT,STILLWATER,5/30/2026 11:24:14 AM,SW26004629,"14XXX  60th St N, STILLWATER",ANIMAL COMPLAINT
STILLWATER POLICE DEPARTMENT,STILLWATER,5/30/2026 12:43:11 PM,SW26004633,"1XXX  Holcombe St S, STILLWATER",ALARM-BUSINESS/RES/FIRE/MEDICAL/ETC
STILLWATER POLICE DEPARTMENT,STILLWATER,5/30/2026 1:25:46 PM,SW26004634,"XXX Main St N, STILLWATER",ANIMAL COMPLAINT
STILLWATER POLICE DEPARTMENT,STILLWATER,5/30/2026 2:57:25 PM,SW26004638,"XXX Chestnut St E, STILLWATER",SUSPICIOUS PERSON/ACTIVITY
STILLWATER POLICE DEPARTMENT,STILLWATER,5/30/2026 3:00:40 PM,SW26004637,"2XXX  Schulenburg Aly, STILLWATER",MEDICAL
STILLWATER POLICE DEPARTMENT,STILLWATER,5/30/2026 3:27:22 PM,SW26004639,"1XXX  Orleans St W, STILLWATER",WELFARE CHECK
STILLWATER POLICE DEPARTMENT,STILLWATER,5/30/2026 4:15:08 PM,SW26004640,"2XXX  Lake St N, STILLWATER",MEDICAL
STILLWATER POLICE DEPARTMENT,STILLWATER,5/30/2026 4:40:19 PM,SW26004641,"XXX 4th St N, STILLWATER",CITIZEN/PUBLIC ASSIST
STILLWATER POLICE DEPARTMENT,STILLWATER,5/30/2026 5:44:34 PM,SW26004644,"XXX Olive St W, STILLWATER",ANIMAL COMPLAINT
STILLWATER POLICE DEPARTMENT,STILLWATER,5/30/2026 7:44:00 PM,SW26004645,"XXX - 222 CHESTNUT ST E, STILLWATER",TRAFFIC STOP
STILLWATER POLICE DEPARTMENT,STILLWATER,5/30/2026 7:56:30 PM,SW26004646,"Myrtle St W / 6th St S, STILLWATER",ANIMAL COMPLAINT
STILLWATER POLICE DEPARTMENT,STILLWATER,5/30/2026 9:20:45 PM,SW26004648,"XXX Nelson St, STILLWATER",ALARM-BUSINESS/RES/FIRE/MEDICAL/ETC
STILLWATER POLICE DEPARTMENT,STILLWATER,5/30/2026 9:33:55 PM,SW26004649,"1XXX  GREELEY ST S, STILLWATER",OFFICER INFORMATION
STILLWATER POLICE DEPARTMENT,STILLWATER,5/30/2026 9:47:34 PM,SW26004650,"WATER ST S / CHESTNUT ST E, STILLWATER",DISTURBANCE
STILLWATER POLICE DEPARTMENT,STILLWATER,5/30/2026 9:49:34 PM,SW26004651,"XXX Pine St W, STILLWATER",CITIZEN/PUBLIC ASSIST
STILLWATER POLICE DEPARTMENT,STILLWATER,5/30/2026 11:24:30 PM,SW26004654,"XXX Main St N, STILLWATER",DISTURBANCE
STILLWATER POLICE DEPARTMENT,STILLWATER,5/30/2026 11:54:24 PM,SW26004655,"XXX 3RD ST N, STILLWATER",PARKING COMPLAINT
STILLWATER POLICE DEPARTMENT,STILLWATER TOWNSHIP,5/25/2026 8:44:30 PM,SW26004450,"9XXX  Saint Croix Trl N, STILLWATER TOWNSHIP",SUSPICIOUS PERSON/ACTIVITY
WASHINGTON COUNTY SHERIFFS OFFICE,AFTON,5/24/2026 11:23:38 AM,WC26024591,"2XXX  NEAL AVE S, AFTON",ACCIDENT
WASHINGTON COUNTY SHERIFFS OFFICE,AFTON,5/24/2026 12:26:00 PM,WC26024604,"MANNING AVE S, AFTON",TRAFFIC STOP
WASHINGTON COUNTY SHERIFFS OFFICE,AFTON,5/24/2026 12:50:41 PM,WC26024607,"SAINT CROIX RIVER-A, AFTON",boat stop
WASHINGTON COUNTY SHERIFFS OFFICE,AFTON,5/24/2026 1:44:00 PM,WC26024619,"13XXX  - 14699 HUDSON RD S, AFTON",TRAFFIC STOP
WASHINGTON COUNTY SHERIFFS OFFICE,AFTON,5/24/2026 2:02:00 PM,WC26024621,"13XXX  - 14698 HUDSON RD S, AFTON",TRAFFIC STOP
WASHINGTON COUNTY SHERIFFS OFFICE,AFTON,5/24/2026 3:39:00 PM,WC26024638,"13XXX  - 14699 HUDSON RD S, AFTON",TRAFFIC STOP
WASHINGTON COUNTY SHERIFFS OFFICE,AFTON,5/24/2026 4:28:04 PM,WC26024650,"3XXX  Trading Post Trl S, AFTON",ALARM-BUSINESS/RES/FIRE/MEDICAL/ETC
WASHINGTON COUNTY SHERIFFS OFFICE,AFTON,5/24/2026 5:13:09 PM,WC26024655,"SAINT CROIX TRL S / 45TH ST S, AFTON",TRAFFIC STOP
WASHINGTON COUNTY SHERIFFS OFFICE,AFTON,5/24/2026 7:40:00 PM,WC26024687,"MANNING AVE S, AFTON",TRAFFIC STOP
WASHINGTON COUNTY SHERIFFS OFFICE,AFTON,5/25/2026 9:08:52 AM,WC26024756,"XXX Stagecoach Trl S, AFTON",VEHICLE OFF ROAD
WASHINGTON COUNTY SHERIFFS OFFICE,AFTON,5/25/2026 10:35:19 AM,WC26024773,"15XXX  - 15899 AFTON BLVD S, AFTON",DIRECTED PATROL
WASHINGTON COUNTY SHERIFFS OFFICE,AFTON,5/25/2026 1:21:21 PM,WC26024800,"1XXX  Stagecoach Trl S, AFTON",CIVIL MATTER/DISPUTE
WASHINGTON COUNTY SHERIFFS OFFICE,AFTON,5/25/2026 3:04:00 PM,WC26024841,"13XXX  - 13398 HUDSON RD S, AFTON",TRAFFIC STOP
WASHINGTON COUNTY SHERIFFS OFFICE,AFTON,5/25/2026 6:01:00 PM,WC26024877,"3XXX  - 3720 SAINT CROIX TRL S, AFTON",TRAFFIC STOP
WASHINGTON COUNTY SHERIFFS OFFICE,AFTON,5/26/2026 2:05:40 PM,WC26025025,"XXX Fahlstrom Pl, AFTON",ALARM-BUSINESS/RES/FIRE/MEDICAL/ETC
WASHINGTON COUNTY SHERIFFS OFFICE,AFTON,5/28/2026 7:36:59 AM,WC26025367,"2XXX  Neal Ave S, AFTON",ALARM-BUSINESS/RES/FIRE/MEDICAL/ETC
WASHINGTON COUNTY SHERIFFS OFFICE,AFTON,5/28/2026 1:14:03 PM,WC26025448,"14XXX  50TH ST S, AFTON",DUMPING COMPLAINT
WASHINGTON COUNTY SHERIFFS OFFICE,AFTON,5/28/2026 4:23:48 PM,WC26025494,"3XXX  Trading Post Trl S, AFTON",ALARM-BUSINESS/RES/FIRE/MEDICAL/ETC
WASHINGTON COUNTY SHERIFFS OFFICE,AFTON,5/29/2026 7:24:38 AM,WC26025604,"13XXX  Hudson Rd S, AFTON",MEDICAL
WASHINGTON COUNTY SHERIFFS OFFICE,AFTON,5/29/2026 10:23:20 AM,WC26025658,"50th St S / Pheasant Ct S, AFTON",INCIDENT
WASHINGTON COUNTY SHERIFFS OFFICE,AFTON,5/29/2026 2:45:36 PM,WC26025709,"SAINT CROIX TRL S / STAGECOACH TRL S, AFTON",PARKING VIOLATION
WASHINGTON COUNTY SHERIFFS OFFICE,AFTON,5/29/2026 3:25:00 PM,WC26025714,"XX I94 Eb At Neal Ave S, AFTON",TRAFFIC STOP
WASHINGTON COUNTY SHERIFFS OFFICE,AFTON,5/29/2026 3:26:46 PM,WC26025716,"15XXX  - 15899 AFTON BLVD S, AFTON",DIRECTED PATROL
WASHINGTON COUNTY SHERIFFS OFFICE,AFTON,5/29/2026 4:38:00 PM,WC26025737,"2XXX  - 2998 SAINT CROIX TRL S, AFTON",TRAFFIC STOP
WASHINGTON COUNTY SHERIFFS OFFICE,AFTON,5/29/2026 5:02:00 PM,WC26025746,"13XXX  - 14699 HUDSON RD S, AFTON",TRAFFIC STOP
WASHINGTON COUNTY SHERIFFS OFFICE,AFTON,5/29/2026 5:40:00 PM,WC26025755,"3XXX  - 4499 SAINT CROIX TRL S, AFTON",TRAFFIC STOP
WASHINGTON COUNTY SHERIFFS OFFICE,BAYPORT,5/30/2026 1:12:17 AM,WC26025830,"XXX - 998 Highway 95 N, BAYPORT",ASSIST OTHER AGENCY
WASHINGTON COUNTY SHERIFFS OFFICE,BAYTOWN TOWNSHIP,5/26/2026 12:00:00 AM,WC26025144,"Osgood Ave N / 47th St N, BAYTOWN TOWNSHIP",ACCIDENT
WASHINGTON COUNTY SHERIFFS OFFICE,BAYTOWN TOWNSHIP,5/26/2026 8:39:58 AM,WC26024956,"4XXX  Northbrook Ct N, BAYTOWN TOWNSHIP",PROPERTY DAMAGE
WASHINGTON COUNTY SHERIFFS OFFICE,BAYTOWN TOWNSHIP,5/26/2026 10:10:54 AM,WC26024977,"12XXX  40th St N, BAYTOWN TOWNSHIP",ANIMAL COMPLAINT
WASHINGTON COUNTY SHERIFFS OFFICE,BAYTOWN TOWNSHIP,5/27/2026 1:51:05 PM,WC26025257,"13XXX  30th St N, BAYTOWN TOWNSHIP",911 ABANDONED/HANGUP/OPEN LINE
WASHINGTON COUNTY SHERIFFS OFFICE,BAYTOWN TOWNSHIP,5/28/2026 8:13:01 PM,WC26025535,"4XXX  Stagecoach Trl N, BAYTOWN TOWNSHIP",CIVIL MATTER/DISPUTE
WASHINGTON COUNTY SHERIFFS OFFICE,BIRCHWOOD VILLAGE,5/24/2026 11:47:24 AM,WC26024595,"Unknown, BIRCHWOOD VILLAGE",DRIVING COMPLAINT
WASHINGTON COUNTY SHERIFFS OFFICE,BIRCHWOOD VILLAGE,5/24/2026 1:21:10 PM,WC26024614,"XXX Birchwood Ave, BIRCHWOOD VILLAGE",911 ABANDONED/HANGUP/OPEN LINE
WASHINGTON COUNTY SHERIFFS OFFICE,BIRCHWOOD VILLAGE,5/26/2026 8:42:47 AM,WC26024957,"3XXX  East County Line Rd, BIRCHWOOD VILLAGE",WELFARE CHECK
WASHINGTON COUNTY SHERIFFS OFFICE,BIRCHWOOD VILLAGE,5/28/2026 11:37:04 AM,WC26025431,"XXX Jay St, BIRCHWOOD VILLAGE",DISTURBANCE
WASHINGTON COUNTY SHERIFFS OFFICE,COTTAGE GROVE,5/24/2026 5:18:00 AM,WC26024562,"KEATS AVE S / 77TH ST S, COTTAGE GROVE",TRAFFIC STOP
WASHINGTON COUNTY SHERIFFS OFFICE,COTTAGE GROVE,5/26/2026 11:25:03 PM,WC26025153,"POINT DOUGLAS DR NB TO MANNING AVE RAMP / MANNING AVE S, COTTAGE GROVE",MOTORIST ASSIST
WASHINGTON COUNTY SHERIFFS OFFICE,COTTAGE GROVE,5/28/2026 2:56:00 PM,WC26025466,"HIGHWAY 61 JSO 70TH ST S, COTTAGE GROVE",TRAFFIC STOP
WASHINGTON COUNTY SHERIFFS OFFICE,COTTAGE GROVE,5/28/2026 8:49:52 PM,WC26025542,"HWY 61 NB JSO 70TH ST S, COTTAGE GROVE",MOTORIST ASSIST
WASHINGTON COUNTY SHERIFFS OFFICE,COTTAGE GROVE,5/29/2026 8:42:27 AM,WC26025624,"Manning Ave S / 70th St S, COTTAGE GROVE",ACCIDENT
WASHINGTON COUNTY SHERIFFS OFFICE,COTTAGE GROVE,5/30/2026 4:33:33 PM,WC26025930,"8XXX  East Point Douglas Rd S, COTTAGE GROVE",ACCIDENT
WASHINGTON COUNTY SHERIFFS OFFICE,DELLWOOD,5/25/2026 6:06:34 PM,WC26024878,"DELLWOOD RD N / HIDDEN GLADE AVE N, DELLWOOD",ACCIDENT
WASHINGTON COUNTY SHERIFFS OFFICE,DELLWOOD,5/25/2026 6:55:00 PM,WC26024887,"DELLWOOD RD N / HADLEY AVE N, DELLWOOD",TRAFFIC STOP
WASHINGTON COUNTY SHERIFFS OFFICE,DELLWOOD,5/26/2026 4:35:00 PM,WC26025058,"DELLWOOD ROAD N & DELLWOOD Ave N, DELLWOOD",TRAFFIC STOP
WASHINGTON COUNTY SHERIFFS OFFICE,DELLWOOD,5/28/2026 8:52:27 AM,WC26025381,"XXX Apple Orchard Rd, DELLWOOD",TRESPASSING
WASHINGTON COUNTY SHERIFFS OFFICE,DENMARK TOWNSHIP,5/24/2026 12:00:00 AM,WC26024635,"10XXX  SAINT CROIX TRL S, DENMARK TOWNSHIP",PARKING VIOLATION
WASHINGTON COUNTY SHERIFFS OFFICE,DENMARK TOWNSHIP,5/24/2026 4:24:03 PM,WC26024648,"10XXX  SAINT CROIX TRL S, DENMARK TOWNSHIP",VEHICLE UNLOCK
WASHINGTON COUNTY SHERIFFS OFFICE,DENMARK TOWNSHIP,5/25/2026 1:39:38 PM,WC26024802,"14XXX  Point Douglas Dr S, DENMARK TOWNSHIP",PARKING COMPLAINT
WASHINGTON COUNTY SHERIFFS OFFICE,DENMARK TOWNSHIP,5/25/2026 2:50:11 PM,WC26024835,"HWY 10 BRIDGE (PRESCOTT): HWY 10 EB - MN, DENMARK TOWNSHIP",ASSIST OTHER AGENCY
WASHINGTON COUNTY SHERIFFS OFFICE,DENMARK TOWNSHIP,5/25/2026 4:01:26 PM,WC26024863,"Mississippi River Mile 812 - Wc, DENMARK TOWNSHIP",WATERCRAFT ASSIST/RESCUE
WASHINGTON COUNTY SHERIFFS OFFICE,DENMARK TOWNSHIP,5/25/2026 5:19:45 PM,WC26024876,"12XXX  Norell Rd S, DENMARK TOWNSHIP",WELFARE CHECK
WASHINGTON COUNTY SHERIFFS OFFICE,DENMARK TOWNSHIP,5/25/2026 7:38:55 PM,WC26024894,"10XXX  Saint Croix Trl S, DENMARK TOWNSHIP",ALARM-BUSINESS/RES/FIRE/MEDICAL/ETC
WASHINGTON COUNTY SHERIFFS OFFICE,DENMARK TOWNSHIP,5/26/2026 7:33:51 AM,WC26024948,"12XXX  Point Douglas Dr S, DENMARK TOWNSHIP",VEHICLE UNLOCK
WASHINGTON COUNTY SHERIFFS OFFICE,DENMARK TOWNSHIP,5/26/2026 2:42:43 PM,WC26025038,"XX Afton State Park Campsite Wall Tent, DENMARK TOWNSHIP",911 ABANDONED/HANGUP/OPEN LINE
WASHINGTON COUNTY SHERIFFS OFFICE,DENMARK TOWNSHIP,5/27/2026 3:31:39 AM,WC26025174,"Hwy 10 At Hwy 61, DENMARK TOWNSHIP",ASSIST OTHER AGENCY
WASHINGTON COUNTY SHERIFFS OFFICE,DENMARK TOWNSHIP,5/28/2026 7:42:16 AM,WC26025369,"14XXX  70th St S, DENMARK TOWNSHIP",FIRE
WASHINGTON COUNTY SHERIFFS OFFICE,DENMARK TOWNSHIP,5/28/2026 8:58:50 AM,WC26025383,"10XXX  Saint Croix Trl S, DENMARK TOWNSHIP",LOST PROPERTY/ITEM
WASHINGTON COUNTY SHERIFFS OFFICE,DENMARK TOWNSHIP,5/28/2026 7:08:00 PM,WC26025527,"Hwy 61 Nb At 120th St S, DENMARK TOWNSHIP",TRAFFIC STOP
WASHINGTON COUNTY SHERIFFS OFFICE,DENMARK TOWNSHIP,5/29/2026 3:52:24 PM,WC26025725,"10XXX  Neal Ave S, DENMARK TOWNSHIP",911 ABANDONED/HANGUP/OPEN LINE
WASHINGTON COUNTY SHERIFFS OFFICE,DENMARK TOWNSHIP,5/30/2026 6:12:06 AM,WC26025847,"14XXX  113th St S, DENMARK TOWNSHIP",ALARM-BUSINESS/RES/FIRE/MEDICAL/ETC
WASHINGTON COUNTY SHERIFFS OFFICE,DENMARK TOWNSHIP,5/30/2026 8:08:28 AM,WC26025858,"12XXX  Point Douglas Dr S, DENMARK TOWNSHIP",911 ABANDONED/HANGUP/OPEN LINE
WASHINGTON COUNTY SHERIFFS OFFICE,DENMARK TOWNSHIP,5/30/2026 5:15:47 PM,WC26025937,"12XXX  Saint Croix Trl S, DENMARK TOWNSHIP",THEFT FROM MOTOR VEHICLE
WASHINGTON COUNTY SHERIFFS OFFICE,FOREST LAKE,5/24/2026 12:08:24 PM,WC26024600,"FOREST LAKE, FOREST LAKE",WATER INCIDENT/VIOLATION
WASHINGTON COUNTY SHERIFFS OFFICE,FOREST LAKE,5/24/2026 3:57:52 PM,WC26024643,"FOREST LAKE, FOREST LAKE",BOAT STOP
WASHINGTON COUNTY SHERIFFS OFFICE,FOREST LAKE,5/24/2026 5:21:22 PM,WC26024658,"FOREST LAKE, FOREST LAKE",BOAT STOP
WASHINGTON COUNTY SHERIFFS OFFICE,FOREST LAKE,5/25/2026 10:39:08 AM,WC26024775,"FOREST LAKE, FOREST LAKE",BOAT STOP
WASHINGTON COUNTY SHERIFFS OFFICE,FOREST LAKE,5/30/2026 2:31:30 PM,WC26025907,"Forest Lake, FOREST LAKE",WATERCRAFT COMPLAINT
WASHINGTON COUNTY SHERIFFS OFFICE,GRANT,5/24/2026 10:59:46 AM,WC26024585,"11XXX  Lansing Ave N, GRANT",ANIMAL COMPLAINT
WASHINGTON COUNTY SHERIFFS OFFICE,GRANT,5/24/2026 11:06:18 AM,WC26024587,"11XXX  Lansing Ave N, GRANT",ANIMAL COMPLAINT
WASHINGTON COUNTY SHERIFFS OFFICE,GRANT,5/24/2026 11:32:17 AM,WC26024593,"10XXX  60TH ST N, GRANT",SUSPICIOUS PERSON/ACTIVITY
WASHINGTON COUNTY SHERIFFS OFFICE,GRANT,5/24/2026 3:40:55 PM,WC26024644,"8XXX  60th St N, GRANT",ANIMAL COMPLAINT
WASHINGTON COUNTY SHERIFFS OFFICE,GRANT,5/25/2026 7:06:35 PM,WC26024889,"11XXX  60th St N, GRANT",ACCIDENT
WASHINGTON COUNTY SHERIFFS OFFICE,GRANT,5/26/2026 9:18:21 AM,WC26024969,"7XXX  73rd Ct N, GRANT",LOST PROPERTY/ITEM
WASHINGTON COUNTY SHERIFFS OFFICE,GRANT,5/26/2026 11:01:55 AM,WC26024987,"11XXX  Julianne Ave N, GRANT",MEDICAL
WASHINGTON COUNTY SHERIFFS OFFICE,GRANT,5/26/2026 2:56:32 PM,WC26025040,"6XXX  Keats Ave N, GRANT",MEDICAL
WASHINGTON COUNTY SHERIFFS OFFICE,GRANT,5/26/2026 3:12:34 PM,WC26025046,"8XXX  75TH ST N, GRANT",ACCIDENT
WASHINGTON COUNTY SHERIFFS OFFICE,GRANT,5/26/2026 3:28:03 PM,WC26025049,"8XXX  75th St N, GRANT",ANIMAL COMPLAINT
WASHINGTON COUNTY SHERIFFS OFFICE,GRANT,5/26/2026 4:55:28 PM,WC26025062,"Jasmine Trl N / 110th St N, GRANT",CITIZEN/PUBLIC ASSIST
WASHINGTON COUNTY SHERIFFS OFFICE,GRANT,5/26/2026 6:10:19 PM,WC26025074,"9XXX  Joliet Ave N, GRANT",FOUND PROPERTY/ITEM
WASHINGTON COUNTY SHERIFFS OFFICE,GRANT,5/26/2026 9:52:28 PM,WC26025125,"8XXX  89th St N, GRANT",ALARM-BUSINESS/RES/FIRE/MEDICAL/ETC
WASHINGTON COUNTY SHERIFFS OFFICE,GRANT,5/26/2026 10:40:45 PM,WC26025143,"75TH ST N / KIMBRO AVE N, GRANT",ACCIDENT
WASHINGTON COUNTY SHERIFFS OFFICE,GRANT,5/27/2026 10:39:35 AM,WC26025231,"10XXX  60th Street Ln N, GRANT",ALARM-BUSINESS/RES/FIRE/MEDICAL/ETC
WASHINGTON COUNTY SHERIFFS OFFICE,GRANT,5/27/2026 3:30:00 PM,WC26025277,"JAMACA AVE N / 105TH ST N, GRANT",TRAFFIC STOP
WASHINGTON COUNTY SHERIFFS OFFICE,GRANT,5/27/2026 7:20:44 PM,WC26025316,"Dellwood Rd N / Keswick Ave N, GRANT",ACCIDENT
WASHINGTON COUNTY SHERIFFS OFFICE,GRANT,5/28/2026 10:27:48 AM,WC26025417,"9XXX  96th St N, GRANT",911 ABANDONED/HANGUP/OPEN LINE
WASHINGTON COUNTY SHERIFFS OFFICE,GRANT,5/28/2026 12:01:08 PM,WC26025433,"75TH ST N / KIMBRO AVE N, GRANT",TRAFFIC STOP
WASHINGTON COUNTY SHERIFFS OFFICE,GRANT,5/28/2026 3:10:07 PM,WC26025470,"11XXX  Isleton Ave N, GRANT",ANIMAL BITE
WASHINGTON COUNTY SHERIFFS OFFICE,GRANT,5/29/2026 8:15:00 AM,WC26025613,"MANNING TR N & 115TH ST N, GRANT",TRAFFIC STOP
WASHINGTON COUNTY SHERIFFS OFFICE,GRANT,5/29/2026 9:48:21 AM,WC26025640,"Highway 36 / Keats Ave N, GRANT",911 ABANDONED/HANGUP/OPEN LINE
WASHINGTON COUNTY SHERIFFS OFFICE,GRANT,5/29/2026 3:25:35 PM,WC26025717,"9XXX  Ideal Ave N, GRANT",FOLLOW UP
WASHINGTON COUNTY SHERIFFS OFFICE,GRANT,5/29/2026 6:35:58 PM,WC26025766,"Manning Ave N / Dellwood Rd N, GRANT",ROAD HAZARD
WASHINGTON COUNTY SHERIFFS OFFICE,GRANT,5/30/2026 4:26:35 PM,WC26025927,"9XXX  75th St N, GRANT",ANIMAL COMPLAINT
WASHINGTON COUNTY SHERIFFS OFFICE,GRANT,5/30/2026 8:25:33 PM,WC26025969,"7XXX  101st St N, GRANT",ALARM-BUSINESS/RES/FIRE/MEDICAL/ETC
WASHINGTON COUNTY SHERIFFS OFFICE,GREY CLOUD ISLAND TOWNSHIP,5/24/2026 5:48:39 AM,WC26024564,"5XXX  Pioneer Rd S, GREY CLOUD ISLAND TOWNSHIP",MEDICAL
WASHINGTON COUNTY SHERIFFS OFFICE,GREY CLOUD ISLAND TOWNSHIP,5/26/2026 8:46:04 AM,WC26024967,"9XXX  Grey Cloud Island Dr S, GREY CLOUD ISLAND TOWNSHIP",DRIVING COMPLAINT
WASHINGTON COUNTY SHERIFFS OFFICE,GREY CLOUD ISLAND TOWNSHIP,5/26/2026 8:42:43 PM,WC26025106,"10XXX  Grey Cloud Island Dr S, GREY CLOUD ISLAND TOWNSHIP",DISTURBANCE
WASHINGTON COUNTY SHERIFFS OFFICE,HUGO,5/24/2026 12:00:00 AM,WC26024678,"5XXX  Upper 146th St N, HUGO",DISTURBANCE
WASHINGTON COUNTY SHERIFFS OFFICE,HUGO,5/24/2026 12:00:39 AM,WC26024535,"14XXX  VICTOR HUGO BLVD N, HUGO",SUSPICIOUS PERSON/ACTIVITY
WASHINGTON COUNTY SHERIFFS OFFICE,HUGO,5/24/2026 4:45:22 AM,WC26024559,"13XXX  Europa Ct N, HUGO",SUSPICIOUS PERSON/ACTIVITY
WASHINGTON COUNTY SHERIFFS OFFICE,HUGO,5/24/2026 6:24:38 AM,WC26024565,"13XXX  Europa Ct N, HUGO",CITIZEN/PUBLIC ASSIST
WASHINGTON COUNTY SHERIFFS OFFICE,HUGO,5/24/2026 9:41:12 AM,WC26024577,"Unknown, HUGO",CITIZEN/PUBLIC ASSIST
WASHINGTON COUNTY SHERIFFS OFFICE,HUGO,5/24/2026 11:18:57 AM,WC26024590,"5XXX  159th St N, HUGO",PARKING COMPLAINT
WASHINGTON COUNTY SHERIFFS OFFICE,HUGO,5/24/2026 1:12:05 PM,WC26024611,"Frenchman Rd / Main St, HUGO",DRIVING COMPLAINT
WASHINGTON COUNTY SHERIFFS OFFICE,HUGO,5/25/2026 10:19:08 AM,WC26024769,"15XXX  Greene Ave N, HUGO",MEDICAL
WASHINGTON COUNTY SHERIFFS OFFICE,HUGO,5/25/2026 11:11:00 AM,WC26024785,"137TH ST N, HUGO",ACCIDENT
WASHINGTON COUNTY SHERIFFS OFFICE,HUGO,5/25/2026 1:32:57 PM,WC26024801,"14XXX  Finale Ave N, HUGO",NOISE COMPLAINT/DISTURBANCE
WASHINGTON COUNTY SHERIFFS OFFICE,HUGO,5/25/2026 1:59:51 PM,WC26024807,"5XXX  159th St N, HUGO",FOLLOW UP
WASHINGTON COUNTY SHERIFFS OFFICE,HUGO,5/25/2026 2:34:27 PM,WC26024823,"6XXX  152nd St N, HUGO",FRAUD/SCAM
WASHINGTON COUNTY SHERIFFS OFFICE,HUGO,5/25/2026 2:44:26 PM,WC26024830,"13XXX  Keystone Ave N, HUGO",MEDICAL
WASHINGTON COUNTY SHERIFFS OFFICE,HUGO,5/25/2026 3:04:46 PM,WC26024844,"Unknown, HUGO",CITIZEN/PUBLIC ASSIST
WASHINGTON COUNTY SHERIFFS OFFICE,HUGO,5/25/2026 3:55:00 PM,WC26024861,"5XXX  147TH ST N, HUGO",TRAFFIC STOP
WASHINGTON COUNTY SHERIFFS OFFICE,HUGO,5/25/2026 4:06:42 PM,WC26024865,"5XXX  Upper 146th St N, HUGO",THEFT
WASHINGTON COUNTY SHERIFFS OFFICE,HUGO,5/25/2026 4:59:20 PM,WC26024868,"5XXX  UPPER 146TH ST N, HUGO",JUVENILE COMPLAINT
WASHINGTON COUNTY SHERIFFS OFFICE,HUGO,5/25/2026 5:48:00 PM,WC26024872,"EMMIT DR N / Education Dr N, HUGO",TRAFFIC STOP
WASHINGTON COUNTY SHERIFFS OFFICE,HUGO,5/25/2026 5:55:24 PM,WC26024875,"14XXX  Forest Blvd N, HUGO",MEDICAL
WASHINGTON COUNTY SHERIFFS OFFICE,HUGO,5/25/2026 7:18:37 PM,WC26024891,"5XXX  Farnham Dr N, HUGO",CIVIL MATTER/DISPUTE
WASHINGTON COUNTY SHERIFFS OFFICE,HUGO,5/25/2026 7:59:04 PM,WC26024898,"5XXX  Farnham Dr N, HUGO",CIVIL MATTER/DISPUTE
WASHINGTON COUNTY SHERIFFS OFFICE,HUGO,5/25/2026 8:25:32 PM,WC26024904,"5XXX  UPPER 146TH ST N, HUGO",JUVENILE COMPLAINT
WASHINGTON COUNTY SHERIFFS OFFICE,HUGO,5/25/2026 10:22:50 PM,WC26024924,"4XXX  Rosemary Way N, HUGO",ALARM-BUSINESS/RES/FIRE/MEDICAL/ETC
WASHINGTON COUNTY SHERIFFS OFFICE,HUGO,5/25/2026 11:16:00 PM,WC26024930,"17XXX  - 17499 FOREST BLVD N, HUGO",DWI
WASHINGTON COUNTY SHERIFFS OFFICE,HUGO,5/26/2026 7:53:45 AM,WC26024952,"4XXX  Empire Dr N, HUGO",MEDICAL
WASHINGTON COUNTY SHERIFFS OFFICE,HUGO,5/26/2026 11:57:33 AM,WC26024993,"10XXX  122nd St N, HUGO",DISTURBANCE
WASHINGTON COUNTY SHERIFFS OFFICE,HUGO,5/26/2026 1:57:16 PM,WC26025024,"5XXX  159th St N, HUGO",TRAFFIC COMPLAINT
WASHINGTON COUNTY SHERIFFS OFFICE,HUGO,5/26/2026 3:09:32 PM,WC26025048,"12XXX  Fondant Trl N, HUGO",NEIGHBOR DISPUTE
WASHINGTON COUNTY SHERIFFS OFFICE,HUGO,5/26/2026 5:02:48 PM,WC26025063,"5XXX  Upper 146th St N, HUGO",FOLLOW UP
WASHINGTON COUNTY SHERIFFS OFFICE,HUGO,5/26/2026 5:35:01 PM,WC26025069,"4XXX  Victor Path N, HUGO",MEDICAL
WASHINGTON COUNTY SHERIFFS OFFICE,HUGO,5/26/2026 6:36:23 PM,WC26025079,"15XXX  Farnham Ave N, HUGO",THEFT
WASHINGTON COUNTY SHERIFFS OFFICE,HUGO,5/26/2026 7:59:00 PM,WC26025090,"4XXX  149th St N, HUGO",ACCIDENT
WASHINGTON COUNTY SHERIFFS OFFICE,HUGO,5/26/2026 8:22:29 PM,WC26025095,"14XXX  Victor Hugo Blvd N, HUGO",VEHICLE UNLOCK
WASHINGTON COUNTY SHERIFFS OFFICE,HUGO,5/26/2026 8:27:02 PM,WC26025100,"4XXX  141st St N, HUGO",WILD ANIMAL COMPLAINT
WASHINGTON COUNTY SHERIFFS OFFICE,HUGO,5/26/2026 8:29:30 PM,WC26025099,"15XXX  Farnham Ave N, HUGO",JUVENILE COMPLAINT
WASHINGTON COUNTY SHERIFFS OFFICE,HUGO,5/26/2026 8:59:15 PM,WC26025109,"4XXX  EVERGREEN DR N, HUGO",FOLLOW UP
WASHINGTON COUNTY SHERIFFS OFFICE,HUGO,5/27/2026 12:00:00 AM,WC26025251,"ONEKA LAKE BLVD N / FREELAND AVE N, HUGO",TRAFFIC STOP
WASHINGTON COUNTY SHERIFFS OFFICE,HUGO,5/27/2026 12:00:00 AM,WC26025336,"FOREST BLVD N / 159TH ST N, HUGO",TRAFFIC STOP
WASHINGTON COUNTY SHERIFFS OFFICE,HUGO,5/27/2026 3:33:43 AM,WC26025175,"4XXX  Empress Way N, HUGO",MEDICAL
WASHINGTON COUNTY SHERIFFS OFFICE,HUGO,5/27/2026 3:18:06 PM,WC26025276,"12XXX  Keller Ave N, HUGO",HARASSMENT
WASHINGTON COUNTY SHERIFFS OFFICE,HUGO,5/27/2026 5:40:00 PM,WC26025300,"5XXX  145TH ST N, HUGO",INCIDENT
WASHINGTON COUNTY SHERIFFS OFFICE,HUGO,5/27/2026 5:47:07 PM,WC26025304,"14XXX  Victor Hugo Blvd N, HUGO",PROPERTY DAMAGE
WASHINGTON COUNTY SHERIFFS OFFICE,HUGO,5/28/2026 9:06:20 AM,WC26025386,"6XXX  177th St N, HUGO",MEDICAL
WASHINGTON COUNTY SHERIFFS OFFICE,HUGO,5/28/2026 9:11:16 AM,WC26025388,"14XXX  Flay Ave N, HUGO",MEDICAL
WASHINGTON COUNTY SHERIFFS OFFICE,HUGO,5/28/2026 9:40:00 AM,WC26025407,"VICTOR PATH N / LEOPOLD LN N, HUGO",INCIDENT
WASHINGTON COUNTY SHERIFFS OFFICE,HUGO,5/28/2026 2:59:27 PM,WC26025467,"12XXX  Fenway Ave N, HUGO",911 ABANDONED/HANGUP/OPEN LINE
WASHINGTON COUNTY SHERIFFS OFFICE,HUGO,5/28/2026 3:48:43 PM,WC26025483,"170th St N / Farnham Ave N, HUGO",REQUEST FOR EMERGENCY EXAM - 72 HR HOLD
WASHINGTON COUNTY SHERIFFS OFFICE,HUGO,5/28/2026 4:09:06 PM,WC26025491,"12XXX  Exhall Ave N, HUGO",SUSPICIOUS PERSON/ACTIVITY
WASHINGTON COUNTY SHERIFFS OFFICE,HUGO,5/28/2026 5:24:54 PM,WC26025503,"14XXX  VICTOR HUGO BLVD N, HUGO",DISTURBANCE
WASHINGTON COUNTY SHERIFFS OFFICE,HUGO,5/28/2026 10:41:00 PM,WC26025559,"14XXX  - 14324 GARDEN WAY N, HUGO",PARKING VIOLATION
WASHINGTON COUNTY SHERIFFS OFFICE,HUGO,5/29/2026 3:19:29 AM,WC26025589,"5XXX  - 5798 159TH ST N, HUGO",PARKING VIOLATION
WASHINGTON COUNTY SHERIFFS OFFICE,HUGO,5/29/2026 8:26:23 AM,WC26025618,"12XXX  Keller Ave N, HUGO",HRO VIOLATION
WASHINGTON COUNTY SHERIFFS OFFICE,HUGO,5/29/2026 8:37:10 AM,WC26025619,"Freeland Ave N / 138th St N, HUGO",SUSPICIOUS PERSON/ACTIVITY
WASHINGTON COUNTY SHERIFFS OFFICE,HUGO,5/29/2026 9:41:56 AM,WC26025641,"14XXX  Forest Blvd N, HUGO",WELFARE CHECK
WASHINGTON COUNTY SHERIFFS OFFICE,HUGO,5/29/2026 9:56:15 AM,WC26025643,"8XXX  136th Street Ct N, HUGO",911 ABANDONED/HANGUP/OPEN LINE
WASHINGTON COUNTY SHERIFFS OFFICE,HUGO,5/29/2026 9:56:32 AM,WC26025653,"Evergreen Dr N / Elm Dr N, HUGO",ANIMAL COMPLAINT
WASHINGTON COUNTY SHERIFFS OFFICE,HUGO,5/29/2026 10:20:00 AM,WC26025657,"FOREST BLVD N / 147TH ST N, HUGO",TRAFFIC STOP
WASHINGTON COUNTY SHERIFFS OFFICE,HUGO,5/29/2026 11:03:20 AM,WC26025663,"4XXX  Empire Dr N, HUGO",MEDICAL
WASHINGTON COUNTY SHERIFFS OFFICE,HUGO,5/29/2026 3:03:28 PM,WC26025712,"4XXX  Evergreen Dr N, HUGO",CITIZEN/PUBLIC ASSIST
WASHINGTON COUNTY SHERIFFS OFFICE,HUGO,5/29/2026 4:37:03 PM,WC26025736,"5XXX  127th St N, HUGO",LIFT ASSIST
WASHINGTON COUNTY SHERIFFS OFFICE,HUGO,5/29/2026 7:26:18 PM,WC26025776,"4XXX  126TH ST N, HUGO",CIVIL MATTER/DISPUTE
WASHINGTON COUNTY SHERIFFS OFFICE,HUGO,5/29/2026 8:02:27 PM,WC26025779,"15XXX  Forest Blvd N, HUGO",DISTURBANCE
WASHINGTON COUNTY SHERIFFS OFFICE,HUGO,5/29/2026 9:45:55 PM,WC26025799,"Hwy 61 Jno 165th St N, HUGO",DRIVING COMPLAINT
WASHINGTON COUNTY SHERIFFS OFFICE,HUGO,5/30/2026 12:50:00 AM,WC26025823,"14XXX  FOREST BLVD N, HUGO",TRAFFIC STOP
WASHINGTON COUNTY SHERIFFS OFFICE,HUGO,5/30/2026 3:38:05 AM,WC26025843,"ONEKA LAKE BLVD N / GENEVA AVE N, HUGO",CITIZEN/PUBLIC ASSIST
WASHINGTON COUNTY SHERIFFS OFFICE,HUGO,5/30/2026 3:54:00 AM,WC26025845,"HWY 61 AT 142ND ST N, HUGO",TRAFFIC STOP
WASHINGTON COUNTY SHERIFFS OFFICE,HUGO,5/30/2026 4:17:29 AM,WC26025846,"15XXX  Goodview Ave N, HUGO",ANIMAL COMPLAINT
WASHINGTON COUNTY SHERIFFS OFFICE,HUGO,5/30/2026 8:19:30 AM,WC26025861,"Fondant Trl N / 131st St N, HUGO",PARKING COMPLAINT
WASHINGTON COUNTY SHERIFFS OFFICE,HUGO,5/30/2026 8:42:33 AM,WC26025864,"5XXX  Ferrara Ave N, HUGO",CITIZEN/PUBLIC ASSIST
WASHINGTON COUNTY SHERIFFS OFFICE,HUGO,5/30/2026 9:26:55 AM,WC26025868,"5XXX  127TH ST N, HUGO",TRAFFIC STOP
WASHINGTON COUNTY SHERIFFS OFFICE,HUGO,5/30/2026 11:06:40 AM,WC26025884,"5XXX  141st St N, HUGO",LIFT ASSIST
WASHINGTON COUNTY SHERIFFS OFFICE,HUGO,5/30/2026 1:19:01 PM,WC26025899,"15XXX  Foster Dr N, HUGO",MEDICAL
WASHINGTON COUNTY SHERIFFS OFFICE,HUGO,5/30/2026 8:37:55 PM,WC26025973,"130th St N / Fenway Blvd N, HUGO",TRAFFIC COMPLAINT
WASHINGTON COUNTY SHERIFFS OFFICE,HUGO,5/30/2026 9:34:24 PM,WC26025984,"14XXX  FLAY AVE N, HUGO",FIREWORKS
WASHINGTON COUNTY SHERIFFS OFFICE,HUGO,5/30/2026 10:10:00 PM,WC26025988,"6XXX  - 7598 170TH ST N, HUGO",DWI
WASHINGTON COUNTY SHERIFFS OFFICE,HUGO,5/30/2026 11:11:16 PM,WC26026000,"12XXX  Henna Ave N, HUGO",MEDICAL
WASHINGTON COUNTY SHERIFFS OFFICE,LAKE ELMO,5/24/2026 4:52:00 AM,WC26024556,"HWY 36 EB AT DEMONTREVILLE TRL N, LAKE ELMO",DWI
WASHINGTON COUNTY SHERIFFS OFFICE,LAKE ELMO,5/24/2026 10:21:51 AM,WC26024580,"8XXX  37th St N, LAKE ELMO",ANIMAL COMPLAINT
WASHINGTON COUNTY SHERIFFS OFFICE,LAKE ELMO,5/24/2026 2:16:27 PM,WC26024623,"8XXX  59th St N, LAKE ELMO",THEFT
WASHINGTON COUNTY SHERIFFS OFFICE,LAKE ELMO,5/24/2026 3:23:52 PM,WC26024633,"5XXX  Marquess Trail Ct N, LAKE ELMO",911 ABANDONED/HANGUP/OPEN LINE
WASHINGTON COUNTY SHERIFFS OFFICE,LAKE ELMO,5/24/2026 6:35:17 PM,WC26024671,"Lake Elmo Ave N / 24th St N, LAKE ELMO",OFFICER INFORMATION
WASHINGTON COUNTY SHERIFFS OFFICE,LAKE ELMO,5/24/2026 7:19:28 PM,WC26024681,"8XXX  LAKE JANE TRL N, LAKE ELMO",NOISE COMPLAINT/DISTURBANCE
WASHINGTON COUNTY SHERIFFS OFFICE,LAKE ELMO,5/24/2026 7:35:21 PM,WC26024684,"Lake Elmo Ave N / 43rd St N, LAKE ELMO",ACCIDENT
WASHINGTON COUNTY SHERIFFS OFFICE,LAKE ELMO,5/24/2026 10:28:31 PM,WC26024719,"XXX Julep Ave N, LAKE ELMO",SUSPICIOUS PERSON/ACTIVITY
WASHINGTON COUNTY SHERIFFS OFFICE,LAKE ELMO,5/25/2026 6:54:22 AM,WC26024747,"9XXX  Stillwater Blvd N, LAKE ELMO",MEDICAL
WASHINGTON COUNTY SHERIFFS OFFICE,LAKE ELMO,5/25/2026 9:51:27 AM,WC26024760,"1XXX  KEATS AVE N, LAKE ELMO",OTHER
WASHINGTON COUNTY SHERIFFS OFFICE,LAKE ELMO,5/25/2026 1:43:00 PM,WC26024803,"34TH ST N / IRIS AVE N, LAKE ELMO",TRAFFIC STOP
WASHINGTON COUNTY SHERIFFS OFFICE,LAKE ELMO,5/25/2026 3:11:00 PM,WC26024843,"XXX - 168 KEATS AVE N, LAKE ELMO",TRAFFIC STOP
WASHINGTON COUNTY SHERIFFS OFFICE,LAKE ELMO,5/25/2026 3:30:28 PM,WC26024855,"XX CIMARRON, LAKE ELMO",MEDICAL
WASHINGTON COUNTY SHERIFFS OFFICE,LAKE ELMO,5/25/2026 4:01:49 PM,WC26024864,"Lake Elmo, LAKE ELMO",BOAT STOP
WASHINGTON COUNTY SHERIFFS OFFICE,LAKE ELMO,5/25/2026 4:20:23 PM,WC26024867,"4XXX  Olson Lake Trl N, LAKE ELMO",MEDICAL
WASHINGTON COUNTY SHERIFFS OFFICE,LAKE ELMO,5/25/2026 6:44:49 PM,WC26024885,"1XXX  KEATS AVE N, LAKE ELMO",CITIZEN/PUBLIC ASSIST
WASHINGTON COUNTY SHERIFFS OFFICE,LAKE ELMO,5/25/2026 7:46:00 PM,WC26024895,"Julia Ave N / 5th St N, LAKE ELMO",DRIVING COMPLAINT
WASHINGTON COUNTY SHERIFFS OFFICE,LAKE ELMO,5/25/2026 7:47:25 PM,WC26024897,"9XXX  7th St N, LAKE ELMO",THREATS
WASHINGTON COUNTY SHERIFFS OFFICE,LAKE ELMO,5/25/2026 8:47:03 PM,WC26024907,"8XXX  Lake Jane Trl N, LAKE ELMO",PARK COMPLAINT
WASHINGTON COUNTY SHERIFFS OFFICE,LAKE ELMO,5/25/2026 8:55:08 PM,WC26024911,"XX Manning Ave N Over Hwy 36, LAKE ELMO",ANIMAL COMPLAINT
WASHINGTON COUNTY SHERIFFS OFFICE,LAKE ELMO,5/25/2026 9:48:02 PM,WC26024918,"XX Cimarron, LAKE ELMO",MEDICAL
WASHINGTON COUNTY SHERIFFS OFFICE,LAKE ELMO,5/25/2026 10:26:00 PM,WC26024923,"HWY 36 EB JWO LAKE ELMO AVE N, LAKE ELMO",TRAFFIC STOP
WASHINGTON COUNTY SHERIFFS OFFICE,LAKE ELMO,5/25/2026 11:55:26 PM,WC26024933,"9XXX  6th St N, LAKE ELMO",VEHICLE UNLOCK
WASHINGTON COUNTY SHERIFFS OFFICE,LAKE ELMO,5/26/2026 12:00:00 AM,WC26024985,"INWOOD AVE N & 15TH ST N, LAKE ELMO",CARJACKING RETENTION CASE FROM ALERTS #103018424
WASHINGTON COUNTY SHERIFFS OFFICE,LAKE ELMO,5/26/2026 9:09:37 AM,WC26024968,"Lake Elmo Ave N / 60th St N, LAKE ELMO",ACCIDENT
WASHINGTON COUNTY SHERIFFS OFFICE,LAKE ELMO,5/26/2026 10:03:23 AM,WC26024973,"11XXX  Stillwater Blvd N, LAKE ELMO",FOUND PROPERTY/ITEM
WASHINGTON COUNTY SHERIFFS OFFICE,LAKE ELMO,5/26/2026 10:34:29 AM,WC26024981,"11XXX  Queens Ct N, LAKE ELMO",ANIMAL COMPLAINT
WASHINGTON COUNTY SHERIFFS OFFICE,LAKE ELMO,5/26/2026 10:36:17 AM,WC26024982,"Sunflower Ln N / Monarch Ln N, LAKE ELMO",SUSPICIOUS PERSON/ACTIVITY
WASHINGTON COUNTY SHERIFFS OFFICE,LAKE ELMO,5/26/2026 11:02:20 AM,WC26024986,"Manning Ave N / 27th St N, LAKE ELMO",ACCIDENT
WASHINGTON COUNTY SHERIFFS OFFICE,LAKE ELMO,5/26/2026 2:20:48 PM,WC26025029,"11XXX  Upper 31st St N, LAKE ELMO",IDENTITY THEFT
WASHINGTON COUNTY SHERIFFS OFFICE,LAKE ELMO,5/26/2026 2:29:40 PM,WC26025032,"4XXX  Stillwater Way N, LAKE ELMO",INCIDENT
WASHINGTON COUNTY SHERIFFS OFFICE,LAKE ELMO,5/26/2026 2:49:28 PM,WC26025036,"PALMER DR N / 10TH ST N, LAKE ELMO",FOUND PROPERTY/ITEM
WASHINGTON COUNTY SHERIFFS OFFICE,LAKE ELMO,5/26/2026 3:02:11 PM,WC26025044,"XXX Manning Ave N, LAKE ELMO",ASSIST OTHER AGENCY
WASHINGTON COUNTY SHERIFFS OFFICE,LAKE ELMO,5/26/2026 5:47:09 PM,WC26025070,"XX Cimarron, LAKE ELMO",MEDICAL
WASHINGTON COUNTY SHERIFFS OFFICE,LAKE ELMO,5/26/2026 6:36:38 PM,WC26025078,"XXX James Ave N, LAKE ELMO",MEDICAL
WASHINGTON COUNTY SHERIFFS OFFICE,LAKE ELMO,5/26/2026 9:06:19 PM,WC26025112,"9XXX  Hudson Blvd N, LAKE ELMO",ANIMAL COMPLAINT
WASHINGTON COUNTY SHERIFFS OFFICE,LAKE ELMO,5/26/2026 10:57:00 PM,WC26025148,"STILLWATER BLVD N / STILLWATER LN N, LAKE ELMO",TRAFFIC STOP
WASHINGTON COUNTY SHERIFFS OFFICE,LAKE ELMO,5/26/2026 11:22:43 PM,WC26025154,"10XXX  33rd Street Ln N, LAKE ELMO",ALARM-BUSINESS/RES/FIRE/MEDICAL/ETC
WASHINGTON COUNTY SHERIFFS OFFICE,LAKE ELMO,5/26/2026 11:49:50 PM,WC26025159,"Hwy 36 Eb At Keats Ave N, LAKE ELMO",ACCIDENT
WASHINGTON COUNTY SHERIFFS OFFICE,LAKE ELMO,5/27/2026 3:56:54 AM,WC26025177,"KEATS AVE N, LAKE ELMO",INCIDENT
WASHINGTON COUNTY SHERIFFS OFFICE,LAKE ELMO,5/27/2026 6:25:57 AM,WC26025184,"11XXX  Blazingstar Ln N, LAKE ELMO",MEDICAL
WASHINGTON COUNTY SHERIFFS OFFICE,LAKE ELMO,5/27/2026 9:12:52 AM,WC26025211,"10XXX  10th St N, LAKE ELMO",911 ABANDONED/HANGUP/OPEN LINE
WASHINGTON COUNTY SHERIFFS OFFICE,LAKE ELMO,5/27/2026 9:57:13 AM,WC26025221,"HWY 36 EB JWO MANNING AVE N, LAKE ELMO",TRAFFIC COMPLAINT
WASHINGTON COUNTY SHERIFFS OFFICE,LAKE ELMO,5/27/2026 3:38:45 PM,WC26025281,"9XXX  Jane Rd N, LAKE ELMO",THEFT
WASHINGTON COUNTY SHERIFFS OFFICE,LAKE ELMO,5/27/2026 8:01:21 PM,WC26025317,"8th St N / Juniper Ave N, LAKE ELMO",DISTURBANCE
WASHINGTON COUNTY SHERIFFS OFFICE,LAKE ELMO,5/27/2026 8:27:39 PM,WC26025321,"8XXX  Lake Jane Trl N, LAKE ELMO",ORDINANCE VIOLATION
WASHINGTON COUNTY SHERIFFS OFFICE,LAKE ELMO,5/27/2026 8:51:35 PM,WC26025325,"XXX Jasmine Ave N, LAKE ELMO",DISTURBANCE
WASHINGTON COUNTY SHERIFFS OFFICE,LAKE ELMO,5/28/2026 6:32:48 AM,WC26025362,"8XXX  Deer Pond Trl N, LAKE ELMO",ALARM-BUSINESS/RES/FIRE/MEDICAL/ETC
WASHINGTON COUNTY SHERIFFS OFFICE,LAKE ELMO,5/28/2026 7:29:14 AM,WC26025366,"9XXX  4th Street Ln N, LAKE ELMO",911 ABANDONED/HANGUP/OPEN LINE
WASHINGTON COUNTY SHERIFFS OFFICE,LAKE ELMO,5/28/2026 7:57:40 AM,WC26025372,"XX Hwy 36 Wb Jeo Lake Elmo Ave N, LAKE ELMO",DRIVING COMPLAINT
WASHINGTON COUNTY SHERIFFS OFFICE,LAKE ELMO,5/28/2026 8:23:50 AM,WC26025378,"1XXX  Keats Ave N, LAKE ELMO",SUSPICIOUS PERSON/ACTIVITY
WASHINGTON COUNTY SHERIFFS OFFICE,LAKE ELMO,5/28/2026 11:32:49 AM,WC26025430,"XXX Jade Trl N, LAKE ELMO",MEDICAL
WASHINGTON COUNTY SHERIFFS OFFICE,LAKE ELMO,5/28/2026 11:47:12 AM,WC26025432,"8XXX  Eagle Point Blvd, LAKE ELMO",FRAUD/SCAM
WASHINGTON COUNTY SHERIFFS OFFICE,LAKE ELMO,5/28/2026 12:53:55 PM,WC26025443,"Manning Ave N / 30th St N, LAKE ELMO",ACCIDENT
WASHINGTON COUNTY SHERIFFS OFFICE,LAKE ELMO,5/28/2026 1:51:32 PM,WC26025455,"8XXX  IRVING BLVD N, LAKE ELMO",IDENTITY THEFT
WASHINGTON COUNTY SHERIFFS OFFICE,LAKE ELMO,5/28/2026 3:36:00 PM,WC26025475,"9XXX  - 9998 HUDSON BLVD N, LAKE ELMO",TRAFFIC STOP
WASHINGTON COUNTY SHERIFFS OFFICE,LAKE ELMO,5/28/2026 6:44:02 PM,WC26025522,"2XXX  KEATS AVE N, LAKE ELMO",DISTURBANCE
WASHINGTON COUNTY SHERIFFS OFFICE,LAKE ELMO,5/28/2026 8:19:43 PM,WC26025536,"XXX CIMARRON, LAKE ELMO",911 ABANDONED/HANGUP/OPEN LINE
WASHINGTON COUNTY SHERIFFS OFFICE,LAKE ELMO,5/28/2026 8:44:17 PM,WC26025540,"4XXX  Block of LAKE ELMO AVE N, LAKE ELMO",TRAFFIC STOP
WASHINGTON COUNTY SHERIFFS OFFICE,LAKE ELMO,5/28/2026 9:26:23 PM,WC26025551,"Hwy 36 Eb Jeo Lake Elmo Ave N, LAKE ELMO",OTHER
WASHINGTON COUNTY SHERIFFS OFFICE,LAKE ELMO,5/29/2026 8:53:44 AM,WC26025623,"8XXX  59th St N, LAKE ELMO",MEDICAL
WASHINGTON COUNTY SHERIFFS OFFICE,LAKE ELMO,5/29/2026 9:06:17 AM,WC26025629,"10XXX  Tapestry Rd, LAKE ELMO",ALARM-BUSINESS/RES/FIRE/MEDICAL/ETC
WASHINGTON COUNTY SHERIFFS OFFICE,LAKE ELMO,5/29/2026 12:18:35 PM,WC26025678,"11XXX  Prairieview Trl N, LAKE ELMO",SHOTS FIRED/SHOOTING COMPLAINT
WASHINGTON COUNTY SHERIFFS OFFICE,LAKE ELMO,5/29/2026 1:23:54 PM,WC26025692,"XXX Ivywood Cir N, LAKE ELMO",ANIMAL COMPLAINT
WASHINGTON COUNTY SHERIFFS OFFICE,LAKE ELMO,5/29/2026 4:24:32 PM,WC26025731,"8XXX  Hidden Bay Trl N, LAKE ELMO",ALARM-BUSINESS/RES/FIRE/MEDICAL/ETC
WASHINGTON COUNTY SHERIFFS OFFICE,LAKE ELMO,5/29/2026 6:01:47 PM,WC26025761,"9XXX  Hudson Blvd N, LAKE ELMO",MEDICAL
WASHINGTON COUNTY SHERIFFS OFFICE,LAKE ELMO,5/29/2026 6:16:16 PM,WC26025763,"9XXX  4th St N, LAKE ELMO",PARKING COMPLAINT
WASHINGTON COUNTY SHERIFFS OFFICE,LAKE ELMO,5/29/2026 6:49:50 PM,WC26025770,"2XXX  Lake Elmo Ave N, LAKE ELMO",TRESPASS NOTICE
WASHINGTON COUNTY SHERIFFS OFFICE,LAKE ELMO,5/29/2026 7:28:55 PM,WC26025775,"8XXX  Lake Jane Trl N, LAKE ELMO",NOISE COMPLAINT/DISTURBANCE
WASHINGTON COUNTY SHERIFFS OFFICE,LAKE ELMO,5/29/2026 9:27:12 PM,WC26025797,"34th St N / Iris Ave N, LAKE ELMO",ACCIDENT
WASHINGTON COUNTY SHERIFFS OFFICE,LAKE ELMO,5/30/2026 2:27:12 AM,WC26025838,"XXX Cimarron, LAKE ELMO",SUSPICIOUS PERSON/ACTIVITY
WASHINGTON COUNTY SHERIFFS OFFICE,LAKE ELMO,5/30/2026 8:18:13 AM,WC26025859,"Hwy 36 Eb At Lake Elmo Ave N, LAKE ELMO",DRIVING COMPLAINT
WASHINGTON COUNTY SHERIFFS OFFICE,LAKE ELMO,5/30/2026 9:55:48 AM,WC26025874,"10XXX  Lower 37th Street Ct N, LAKE ELMO",911 ABANDONED/HANGUP/OPEN LINE
WASHINGTON COUNTY SHERIFFS OFFICE,LAKE ELMO,5/30/2026 10:52:15 AM,WC26025883,"3rd St N / Inwood Ave N, LAKE ELMO",ASSIST OTHER AGENCY
WASHINGTON COUNTY SHERIFFS OFFICE,LAKE ELMO,5/30/2026 12:26:38 PM,WC26025892,"8XXX  59th St N, LAKE ELMO",MEDICAL
WASHINGTON COUNTY SHERIFFS OFFICE,LAKE ELMO,5/30/2026 2:34:00 PM,WC26025908,"XXX - 800 KEATS AVE N, LAKE ELMO",TRAFFIC STOP
WASHINGTON COUNTY SHERIFFS OFFICE,LAKE ELMO,5/30/2026 2:52:09 PM,WC26025913,"XXX Cimarron, LAKE ELMO",ANIMAL COMPLAINT
WASHINGTON COUNTY SHERIFFS OFFICE,LAKE ELMO,5/30/2026 4:30:03 PM,WC26025928,"1XXX  KEATS AVE N, LAKE ELMO",PARKING VIOLATION
WASHINGTON COUNTY SHERIFFS OFFICE,LAKE ELMO,5/30/2026 4:53:12 PM,WC26025932,"1XXX  KEATS AVE N, LAKE ELMO",PARKING VIOLATION
WASHINGTON COUNTY SHERIFFS OFFICE,LAKE ELMO,5/30/2026 5:14:10 PM,WC26025936,"1XXX  KEATS AVE N, LAKE ELMO",PARKING VIOLATION
WASHINGTON COUNTY SHERIFFS OFFICE,LAKE ELMO,5/30/2026 5:22:31 PM,WC26025938,"60th St N / Demontreville Trl N, LAKE ELMO",FIRE
WASHINGTON COUNTY SHERIFFS OFFICE,LAKE ELMO,5/30/2026 5:43:11 PM,WC26025940,"Hwy 36 Eb At Lake Elmo Ave N, LAKE ELMO",ASSIST OTHER AGENCY
WASHINGTON COUNTY SHERIFFS OFFICE,LAKE ELMO,5/30/2026 7:23:34 PM,WC26025958,"XX Hwy 36 Eb At Lake Elmo Ave N, LAKE ELMO",ANIMAL COMPLAINT
WASHINGTON COUNTY SHERIFFS OFFICE,LAKE ELMO,5/30/2026 7:23:52 PM,WC26025957,"11XXX  32nd St N, LAKE ELMO",NOISE COMPLAINT/DISTURBANCE
WASHINGTON COUNTY SHERIFFS OFFICE,LAKE ELMO,5/30/2026 8:32:13 PM,WC26025972,"8XXX  Lake Jane Trl N, LAKE ELMO",NOISE COMPLAINT/DISTURBANCE
WASHINGTON COUNTY SHERIFFS OFFICE,LAKE ELMO,5/30/2026 9:27:17 PM,WC26025983,"30th St N / Lisbon Ave N, LAKE ELMO",TRAFFIC COMPLAINT
WASHINGTON COUNTY SHERIFFS OFFICE,LAKE SAINT CROIX BEACH,5/24/2026 11:08:00 AM,WC26024586,"16XXX  - 16749 19TH ST S, LAKE SAINT CROIX BEACH",TRAFFIC STOP
WASHINGTON COUNTY SHERIFFS OFFICE,LAKE SAINT CROIX BEACH,5/24/2026 11:31:00 AM,WC26024592,"19th St S / Quinlan Ave S, LAKE SAINT CROIX BEACH",TRAFFIC STOP
WASHINGTON COUNTY SHERIFFS OFFICE,LAKE SAINT CROIX BEACH,5/24/2026 1:16:00 PM,WC26024612,"21st St S / Racine Ave S, LAKE SAINT CROIX BEACH",PARKING VIOLATION
WASHINGTON COUNTY SHERIFFS OFFICE,LAKE SAINT CROIX BEACH,5/24/2026 2:31:00 PM,WC26024625,"19th St S / Quinlan Ave S, LAKE SAINT CROIX BEACH",TRAFFIC STOP
WASHINGTON COUNTY SHERIFFS OFFICE,LAKE SAINT CROIX BEACH,5/24/2026 3:04:00 PM,WC26024629,"1XXX  - 1948 RIVIERA AVE S, LAKE SAINT CROIX BEACH",TRAFFIC STOP
WASHINGTON COUNTY SHERIFFS OFFICE,LAKE SAINT CROIX BEACH,5/24/2026 7:00:00 PM,WC26024677,"19th St S / Quinlan Ave S, LAKE SAINT CROIX BEACH",TRAFFIC STOP
WASHINGTON COUNTY SHERIFFS OFFICE,LAKE SAINT CROIX BEACH,5/25/2026 9:19:50 AM,WC26024758,"1XXX  Riviera Ave S, LAKE SAINT CROIX BEACH",MEDICAL
WASHINGTON COUNTY SHERIFFS OFFICE,LAKE SAINT CROIX BEACH,5/25/2026 1:54:42 PM,WC26024805,"16XXX  - 16648 21ST ST S, LAKE SAINT CROIX BEACH",PARKING VIOLATION
WASHINGTON COUNTY SHERIFFS OFFICE,LAKE SAINT CROIX BEACH,5/25/2026 2:57:00 PM,WC26024838,"2XXX  - 2098 RAMADA AVE S, LAKE SAINT CROIX BEACH",PARKING VIOLATION
WASHINGTON COUNTY SHERIFFS OFFICE,LAKE SAINT CROIX BEACH,5/25/2026 3:08:00 PM,WC26024845,"2XXX  - 2098 RAMADA AVE S, LAKE SAINT CROIX BEACH",PARKING VIOLATION
WASHINGTON COUNTY SHERIFFS OFFICE,LAKE SAINT CROIX BEACH,5/25/2026 3:15:00 PM,WC26024848,"2XXX  - 2099 RAMADA AVE S, LAKE SAINT CROIX BEACH",PARKING VIOLATION
WASHINGTON COUNTY SHERIFFS OFFICE,LAKE SAINT CROIX BEACH,5/25/2026 5:35:00 PM,WC26024871,"1XXX  Racine Ave S, LAKE SAINT CROIX BEACH",WELFARE CHECK
WASHINGTON COUNTY SHERIFFS OFFICE,LAKE SAINT CROIX BEACH,5/25/2026 8:16:44 PM,WC26024902,"1XXX  Riviera Ave S, LAKE SAINT CROIX BEACH",DISTURBANCE
WASHINGTON COUNTY SHERIFFS OFFICE,LAKE SAINT CROIX BEACH,5/26/2026 1:25:00 PM,WC26025014,"16XXX  - 16874 19TH ST S, LAKE SAINT CROIX BEACH",PARKING VIOLATION
WASHINGTON COUNTY SHERIFFS OFFICE,LAKE SAINT CROIX BEACH,5/26/2026 1:52:00 PM,WC26025018,"16XXX  - 16873 19TH ST S, LAKE SAINT CROIX BEACH",PARKING VIOLATION
WASHINGTON COUNTY SHERIFFS OFFICE,LAKE SAINT CROIX BEACH,5/26/2026 2:01:00 PM,WC26025022,"16XXX  - 16873 19TH ST S, LAKE SAINT CROIX BEACH",PARKING VIOLATION
WASHINGTON COUNTY SHERIFFS OFFICE,LAKE SAINT CROIX BEACH,5/26/2026 2:35:19 PM,WC26025034,"16XXX  18th St S, LAKE SAINT CROIX BEACH",ANIMAL COMPLAINT
WASHINGTON COUNTY SHERIFFS OFFICE,LAKE SAINT CROIX BEACH,5/26/2026 3:48:03 PM,WC26025055,"16XXX  18th St S, LAKE SAINT CROIX BEACH",ANIMAL COMPLAINT
WASHINGTON COUNTY SHERIFFS OFFICE,LAKE SAINT CROIX BEACH,5/26/2026 8:09:02 PM,WC26025094,"1XXX  Riviera Ave S, LAKE SAINT CROIX BEACH",PARKING COMPLAINT
WASHINGTON COUNTY SHERIFFS OFFICE,LAKE SAINT CROIX BEACH,5/26/2026 8:30:57 PM,WC26025101,"16XXX  18th St S, LAKE SAINT CROIX BEACH",FOLLOW UP
WASHINGTON COUNTY SHERIFFS OFFICE,LAKE SAINT CROIX BEACH,5/27/2026 7:23:46 PM,WC26025315,"16XXX  23rd St S, LAKE SAINT CROIX BEACH",MEDICAL
WASHINGTON COUNTY SHERIFFS OFFICE,LAKE SAINT CROIX BEACH,5/27/2026 10:16:58 PM,WC26025334,"16XXX  18TH ST S, LAKE SAINT CROIX BEACH",FOLLOW UP
WASHINGTON COUNTY SHERIFFS OFFICE,LAKE SAINT CROIX BEACH,5/28/2026 3:05:47 PM,WC26025469,"2XXX  Quebec Ave S, LAKE SAINT CROIX BEACH",LOST PROPERTY/ITEM
WASHINGTON COUNTY SHERIFFS OFFICE,LAKE SAINT CROIX BEACH,5/28/2026 3:50:39 PM,WC26025482,"16XXX  20th st S, LAKE SAINT CROIX BEACH",CITIZEN/PUBLIC ASSIST
WASHINGTON COUNTY SHERIFFS OFFICE,LAKE SAINT CROIX BEACH,5/28/2026 5:45:20 PM,WC26025511,"16XXX  18th St S, LAKE SAINT CROIX BEACH",ANIMAL COMPLAINT
WASHINGTON COUNTY SHERIFFS OFFICE,LAKE SAINT CROIX BEACH,5/28/2026 11:26:41 PM,WC26025564,"20th St S / Riviera Ave S, LAKE SAINT CROIX BEACH",SUSPICIOUS PERSON/ACTIVITY
WASHINGTON COUNTY SHERIFFS OFFICE,LAKE SAINT CROIX BEACH,5/29/2026 12:00:00 AM,WC26025705,"16XXX  - 16874 19TH ST S, LAKE SAINT CROIX BEACH",PARKING VIOLATION
WASHINGTON COUNTY SHERIFFS OFFICE,LAKE SAINT CROIX BEACH,5/29/2026 6:45:15 PM,WC26025768,"16XXX  18th St S, LAKE SAINT CROIX BEACH",ANIMAL COMPLAINT
WASHINGTON COUNTY SHERIFFS OFFICE,LAKE SAINT CROIX BEACH,5/29/2026 7:39:22 PM,WC26025778,"16XXX  18th St S, LAKE SAINT CROIX BEACH",ANIMAL COMPLAINT
WASHINGTON COUNTY SHERIFFS OFFICE,LAKE SAINT CROIX BEACH,5/30/2026 12:52:13 PM,WC26025894,"2XXX  Quentin Ave S, LAKE SAINT CROIX BEACH",MEDICAL
WASHINGTON COUNTY SHERIFFS OFFICE,LAKELAND,5/24/2026 1:08:42 PM,WC26024610,"Saint Croix River Jso I94 Bridge-ll, LAKELAND",WATERCRAFT ASSIST/RESCUE
WASHINGTON COUNTY SHERIFFS OFFICE,LAKELAND,5/24/2026 3:40:00 PM,WC26024639,"XXX SAINT CROIX TRL S, LAKELAND",TRAFFIC STOP
WASHINGTON COUNTY SHERIFFS OFFICE,LAKELAND,5/24/2026 3:51:40 PM,WC26024642,"SAINT CROIX RIVER JSO I94 BRIDGE-LL, LAKELAND",WATERCRAFT ASSIST/RESCUE
WASHINGTON COUNTY SHERIFFS OFFICE,LAKELAND,5/24/2026 6:33:05 PM,WC26024669,"SAINT CROIX TRL S / 5TH ST S, LAKELAND",TRAFFIC STOP
WASHINGTON COUNTY SHERIFFS OFFICE,LAKELAND,5/25/2026 7:18:39 PM,WC26024890,"SAINT CROIX RIVER JNO I94 BRIDGE-LL, LAKELAND",WATERCRAFT ASSIST/RESCUE
WASHINGTON COUNTY SHERIFFS OFFICE,LAKELAND,5/26/2026 3:46:56 PM,WC26025053,"Quality Ct S / Quality Ave N, LAKELAND",ALARM-BUSINESS/RES/FIRE/MEDICAL/ETC
WASHINGTON COUNTY SHERIFFS OFFICE,LAKELAND,5/27/2026 2:40:22 PM,WC26025268,"Saint Croix River Jso I94 Bridge-ll, LAKELAND",WATERCRAFT ASSIST/RESCUE
WASHINGTON COUNTY SHERIFFS OFFICE,LAKELAND,5/28/2026 3:59:32 PM,WC26025484,"I94 Wb At Saint Croix Trl N, LAKELAND",ACCIDENT
WASHINGTON COUNTY SHERIFFS OFFICE,LAKELAND,5/30/2026 9:35:52 AM,WC26025870,"XXX Quant Ave N, LAKELAND",MEDICAL
WASHINGTON COUNTY SHERIFFS OFFICE,LAKELAND,5/30/2026 11:03:27 AM,WC26025881,"8TH ST N / QUALITY AVE N, LAKELAND",TRAFFIC STOP
WASHINGTON COUNTY SHERIFFS OFFICE,LAKELAND,5/30/2026 11:50:21 PM,WC26026006,"XXX Quentin Ave S, LAKELAND",CIVIL MATTER/DISPUTE
WASHINGTON COUNTY SHERIFFS OFFICE,LANDFALL,5/27/2026 3:37:36 PM,WC26025285,"XX GARDEN GLN, LANDFALL",WELFARE CHECK
WASHINGTON COUNTY SHERIFFS OFFICE,LANDFALL,5/29/2026 5:57:00 PM,WC26025757,"DELLWOOD LN / DELLWOOD SQ S, LANDFALL",TRAFFIC STOP
WASHINGTON COUNTY SHERIFFS OFFICE,LANDFALL,5/30/2026 7:38:25 PM,WC26025961,"XX KOVE ST, LANDFALL",911 ABANDONED/HANGUP/OPEN LINE
WASHINGTON COUNTY SHERIFFS OFFICE,MAHTOMEDI,5/24/2026 2:07:49 AM,WC26024552,"XX Fir St, MAHTOMEDI",MEDICAL
WASHINGTON COUNTY SHERIFFS OFFICE,MAHTOMEDI,5/24/2026 3:50:06 AM,WC26024557,"XXX Stillwater Rd, MAHTOMEDI",FOLLOW UP
WASHINGTON COUNTY SHERIFFS OFFICE,MAHTOMEDI,5/24/2026 9:35:32 AM,WC26024575,"XXX Warner Ave N, MAHTOMEDI",MEDICAL
WASHINGTON COUNTY SHERIFFS OFFICE,MAHTOMEDI,5/24/2026 11:48:17 AM,WC26024596,"XXX 72nd St N, MAHTOMEDI",911 ABANDONED/HANGUP/OPEN LINE
WASHINGTON COUNTY SHERIFFS OFFICE,MAHTOMEDI,5/24/2026 4:54:37 PM,WC26024653,"XX GROVE ST, MAHTOMEDI",WELFARE CHECK
WASHINGTON COUNTY SHERIFFS OFFICE,MAHTOMEDI,5/24/2026 5:24:52 PM,WC26024661,"XXX Ridge Way, MAHTOMEDI",ALARM-BUSINESS/RES/FIRE/MEDICAL/ETC
WASHINGTON COUNTY SHERIFFS OFFICE,MAHTOMEDI,5/24/2026 5:39:04 PM,WC26024663,"XXX Locust St, MAHTOMEDI",ALARM-BUSINESS/RES/FIRE/MEDICAL/ETC
WASHINGTON COUNTY SHERIFFS OFFICE,MAHTOMEDI,5/24/2026 6:48:37 PM,WC26024673,"XXX Wildwood Rd, MAHTOMEDI",INCIDENT
WASHINGTON COUNTY SHERIFFS OFFICE,MAHTOMEDI,5/24/2026 7:01:59 PM,WC26024679,"XXX Maple St, MAHTOMEDI",CITIZEN/PUBLIC ASSIST
WASHINGTON COUNTY SHERIFFS OFFICE,MAHTOMEDI,5/24/2026 7:24:13 PM,WC26024683,"XXX Ledgestone Dr, MAHTOMEDI",CITIZEN/PUBLIC ASSIST
WASHINGTON COUNTY SHERIFFS OFFICE,MAHTOMEDI,5/25/2026 12:40:10 AM,WC26024726,"XXX Wildwood Bay Dr, MAHTOMEDI",NOISE COMPLAINT/DISTURBANCE
WASHINGTON COUNTY SHERIFFS OFFICE,MAHTOMEDI,5/25/2026 10:17:39 AM,WC26024768,"XX - 192 HALLAM AVE S, MAHTOMEDI",COMMUNITY CONTACT
WASHINGTON COUNTY SHERIFFS OFFICE,MAHTOMEDI,5/25/2026 10:24:46 AM,WC26024771,"3XXX  CENTURY AVE, MAHTOMEDI",911 ABANDONED/HANGUP/OPEN LINE
WASHINGTON COUNTY SHERIFFS OFFICE,MAHTOMEDI,5/25/2026 2:01:28 PM,WC26024806,"1XXX  Lincolntown Ave, MAHTOMEDI",ALARM-BUSINESS/RES/FIRE/MEDICAL/ETC
WASHINGTON COUNTY SHERIFFS OFFICE,MAHTOMEDI,5/25/2026 6:07:06 PM,WC26024881,"Unknown, MAHTOMEDI",THEFT
WASHINGTON COUNTY SHERIFFS OFFICE,MAHTOMEDI,5/25/2026 9:00:00 PM,WC26024909,"MAHTOMEDI AVE / JUNIPER ST, MAHTOMEDI",TRAFFIC STOP
WASHINGTON COUNTY SHERIFFS OFFICE,MAHTOMEDI,5/26/2026 9:26:00 AM,WC26024971,"3XXX  Century Ave, MAHTOMEDI",ASSIST OTHER AGENCY
WASHINGTON COUNTY SHERIFFS OFFICE,MAHTOMEDI,5/26/2026 9:31:44 AM,WC26024972,"XXX East Ave, MAHTOMEDI",Medical
WASHINGTON COUNTY SHERIFFS OFFICE,MAHTOMEDI,5/26/2026 12:36:32 PM,WC26024999,"3XXX  CENTURY AVE, MAHTOMEDI",911 ABANDONED/HANGUP/OPEN LINE
WASHINGTON COUNTY SHERIFFS OFFICE,MAHTOMEDI,5/26/2026 1:00:34 PM,WC26025005,"XX LONG LAKE RD, MAHTOMEDI",ANIMAL COMPLAINT
WASHINGTON COUNTY SHERIFFS OFFICE,MAHTOMEDI,5/26/2026 1:06:30 PM,WC26025008,"XXX STILLWATER RD, MAHTOMEDI",CITIZEN/PUBLIC ASSIST
WASHINGTON COUNTY SHERIFFS OFFICE,MAHTOMEDI,5/26/2026 1:15:54 PM,WC26025009,"XXX Mahtomedi Ave, MAHTOMEDI",DISTURBANCE
WASHINGTON COUNTY SHERIFFS OFFICE,MAHTOMEDI,5/26/2026 2:57:49 PM,WC26025042,"XXX Iris St, MAHTOMEDI",MEDICAL
WASHINGTON COUNTY SHERIFFS OFFICE,MAHTOMEDI,5/26/2026 5:11:32 PM,WC26025066,"XXX Warner Ave S, MAHTOMEDI",DISORDERLY CONDUCT
WASHINGTON COUNTY SHERIFFS OFFICE,MAHTOMEDI,5/26/2026 8:26:00 PM,WC26025098,"WARNER RD / Wildwood Ct, MAHTOMEDI",TRAFFIC STOP
WASHINGTON COUNTY SHERIFFS OFFICE,MAHTOMEDI,5/26/2026 8:29:19 PM,WC26025102,"XX Echo Lake Blvd, MAHTOMEDI",911 ABANDONED/HANGUP/OPEN LINE
WASHINGTON COUNTY SHERIFFS OFFICE,MAHTOMEDI,5/26/2026 8:47:00 PM,WC26025104,"XXX - 148 HICKORY ST, MAHTOMEDI",TRAFFIC STOP
WASHINGTON COUNTY SHERIFFS OFFICE,MAHTOMEDI,5/26/2026 9:06:00 PM,WC26025115,"WARNER AVE / WILDWOOD CT, MAHTOMEDI",TRAFFIC STOP
WASHINGTON COUNTY SHERIFFS OFFICE,MAHTOMEDI,5/26/2026 9:56:00 PM,WC26025127,"CENTURY AVE / WOODLAND DR, MAHTOMEDI",TRAFFIC COMPLAINT
WASHINGTON COUNTY SHERIFFS OFFICE,MAHTOMEDI,5/26/2026 10:23:09 PM,WC26025135,"3XXX  CENTURY AVE, MAHTOMEDI",SUSPICIOUS PERSON/ACTIVITY
WASHINGTON COUNTY SHERIFFS OFFICE,MAHTOMEDI,5/26/2026 11:38:00 PM,WC26025157,"STILLWATER RD / KINDROSS RD, MAHTOMEDI",TRAFFIC STOP
WASHINGTON COUNTY SHERIFFS OFFICE,MAHTOMEDI,5/27/2026 4:36:33 AM,WC26025179,"XXX James Ct, MAHTOMEDI",MEDICAL
WASHINGTON COUNTY SHERIFFS OFFICE,MAHTOMEDI,5/27/2026 9:16:01 AM,WC26025212,"XXX Ledgestone Dr, MAHTOMEDI",CITIZEN/PUBLIC ASSIST
WASHINGTON COUNTY SHERIFFS OFFICE,MAHTOMEDI,5/27/2026 9:33:19 AM,WC26025214,"XXX East Ave, MAHTOMEDI",MEDICAL
WASHINGTON COUNTY SHERIFFS OFFICE,MAHTOMEDI,5/27/2026 12:10:28 PM,WC26025240,"3XXX  Century Ave, MAHTOMEDI",CITIZEN/PUBLIC ASSIST
WASHINGTON COUNTY SHERIFFS OFFICE,MAHTOMEDI,5/27/2026 2:04:17 PM,WC26025259,"XXX STILLWATER RD, MAHTOMEDI",COMMUNITY CONTACT
WASHINGTON COUNTY SHERIFFS OFFICE,MAHTOMEDI,5/27/2026 2:22:49 PM,WC26025265,"XX Long Lake Rd, MAHTOMEDI",MEDICAL
WASHINGTON COUNTY SHERIFFS OFFICE,MAHTOMEDI,5/27/2026 3:36:26 PM,WC26025279,"XXX Mahtomedi Ave, MAHTOMEDI",MEDICAL
WASHINGTON COUNTY SHERIFFS OFFICE,MAHTOMEDI,5/27/2026 3:42:14 PM,WC26025283,"XXX Woodland Dr, MAHTOMEDI",DRUGS
WASHINGTON COUNTY SHERIFFS OFFICE,MAHTOMEDI,5/27/2026 4:09:41 PM,WC26025287,"XXX Stillwater Rd, MAHTOMEDI",LOST PROPERTY/ITEM
WASHINGTON COUNTY SHERIFFS OFFICE,MAHTOMEDI,5/27/2026 4:31:07 PM,WC26025290,"XXX Wildwood Rd, MAHTOMEDI",MEDICAL
WASHINGTON COUNTY SHERIFFS OFFICE,MAHTOMEDI,5/27/2026 6:39:59 PM,WC26025310,"XXX Wildwood Rd, MAHTOMEDI",CITIZEN/PUBLIC ASSIST
WASHINGTON COUNTY SHERIFFS OFFICE,MAHTOMEDI,5/27/2026 6:47:57 PM,WC26025311,"1XXX  Park Ave, MAHTOMEDI",CITIZEN/PUBLIC ASSIST
WASHINGTON COUNTY SHERIFFS OFFICE,MAHTOMEDI,5/27/2026 8:05:19 PM,WC26025319,"XXX Quail St, MAHTOMEDI",MEDICAL
WASHINGTON COUNTY SHERIFFS OFFICE,MAHTOMEDI,5/27/2026 8:54:39 PM,WC26025327,"XX Mahtomedi Ave, MAHTOMEDI",CIVIL MATTER/DISPUTE
WASHINGTON COUNTY SHERIFFS OFFICE,MAHTOMEDI,5/28/2026 1:26:42 AM,WC26025348,"XX Hickory St, MAHTOMEDI",MEDICAL
WASHINGTON COUNTY SHERIFFS OFFICE,MAHTOMEDI,5/28/2026 8:05:20 AM,WC26025374,"XXX East Ave, MAHTOMEDI",MEDICAL
WASHINGTON COUNTY SHERIFFS OFFICE,MAHTOMEDI,5/28/2026 9:26:39 AM,WC26025400,"XXX 72nd St N, MAHTOMEDI",NEIGHBOR DISPUTE
WASHINGTON COUNTY SHERIFFS OFFICE,MAHTOMEDI,5/28/2026 12:47:36 PM,WC26025440,"3XXX  CENTURY AVE, MAHTOMEDI",MEDICAL
WASHINGTON COUNTY SHERIFFS OFFICE,MAHTOMEDI,5/28/2026 2:45:15 PM,WC26025464,"1XXX  Park Ave, MAHTOMEDI",OFFICER INFORMATION
WASHINGTON COUNTY SHERIFFS OFFICE,MAHTOMEDI,5/28/2026 3:31:53 PM,WC26025474,"XX Mahtomedi Ave, MAHTOMEDI",WEAPON COMPLAINT/VIOLATION
WASHINGTON COUNTY SHERIFFS OFFICE,MAHTOMEDI,5/28/2026 4:03:30 PM,WC26025489,"1XXX  Park Ave, MAHTOMEDI",LOST PROPERTY/ITEM
WASHINGTON COUNTY SHERIFFS OFFICE,MAHTOMEDI,5/28/2026 4:32:37 PM,WC26025495,"XXX QUAIL ST, MAHTOMEDI",SUICIDE ATTEMPT/THREATS OF
WASHINGTON COUNTY SHERIFFS OFFICE,MAHTOMEDI,5/28/2026 4:38:56 PM,WC26025499,"XXX Quail St, MAHTOMEDI",MEDICAL
WASHINGTON COUNTY SHERIFFS OFFICE,MAHTOMEDI,5/28/2026 4:42:23 PM,WC26025498,"1XXX  Warner Ave N, MAHTOMEDI",ALARM-BUSINESS/RES/FIRE/MEDICAL/ETC
WASHINGTON COUNTY SHERIFFS OFFICE,MAHTOMEDI,5/28/2026 5:14:56 PM,WC26025502,"XX Long Lake Rd, MAHTOMEDI",911 ABANDONED/HANGUP/OPEN LINE
WASHINGTON COUNTY SHERIFFS OFFICE,MAHTOMEDI,5/28/2026 5:24:02 PM,WC26025505,"XX Wildwood Beach Rd, MAHTOMEDI",ALARM-BUSINESS/RES/FIRE/MEDICAL/ETC
WASHINGTON COUNTY SHERIFFS OFFICE,MAHTOMEDI,5/28/2026 7:57:44 PM,WC26025534,"XXX Wildwood Beach Rd, MAHTOMEDI",CIVIL MATTER/DISPUTE
WASHINGTON COUNTY SHERIFFS OFFICE,MAHTOMEDI,5/28/2026 8:29:47 PM,WC26025538,"XXX Stillwater Rd, MAHTOMEDI",DISTURBANCE
WASHINGTON COUNTY SHERIFFS OFFICE,MAHTOMEDI,5/28/2026 9:43:03 PM,WC26025555,"XXX Woodland Ct, MAHTOMEDI",SUSPICIOUS PERSON/ACTIVITY
WASHINGTON COUNTY SHERIFFS OFFICE,MAHTOMEDI,5/28/2026 10:23:05 PM,WC26025558,"XXX East Ave, MAHTOMEDI",ALARM-BUSINESS/RES/FIRE/MEDICAL/ETC
WASHINGTON COUNTY SHERIFFS OFFICE,MAHTOMEDI,5/29/2026 2:55:10 AM,WC26025588,"XX Long Lake Rd, MAHTOMEDI",911 ABANDONED/HANGUP/OPEN LINE
WASHINGTON COUNTY SHERIFFS OFFICE,MAHTOMEDI,5/29/2026 4:32:27 AM,WC26025597,"XXX Edgecumbe Dr, MAHTOMEDI",SUSPICIOUS PERSON/ACTIVITY
WASHINGTON COUNTY SHERIFFS OFFICE,MAHTOMEDI,5/29/2026 8:27:15 AM,WC26025617,"XXX Wedgewood Dr, MAHTOMEDI",FRAUD/SCAM
WASHINGTON COUNTY SHERIFFS OFFICE,MAHTOMEDI,5/29/2026 9:02:33 AM,WC26025628,"XXX East Ave, MAHTOMEDI",ALARM-BUSINESS/RES/FIRE/MEDICAL/ETC
WASHINGTON COUNTY SHERIFFS OFFICE,MAHTOMEDI,5/29/2026 11:44:00 AM,WC26025670,"WILDWOOD RD & CENTURY AV N, MAHTOMEDI",TRAFFIC STOP
WASHINGTON COUNTY SHERIFFS OFFICE,MAHTOMEDI,5/29/2026 2:05:39 PM,WC26025700,"XXX Wildwood Rd, MAHTOMEDI",ANIMAL COMPLAINT
WASHINGTON COUNTY SHERIFFS OFFICE,MAHTOMEDI,5/29/2026 3:43:57 PM,WC26025718,"XX Forest Trl, MAHTOMEDI",MEDICAL
WASHINGTON COUNTY SHERIFFS OFFICE,MAHTOMEDI,5/29/2026 3:48:47 PM,WC26025721,"XXX Warner Ave S, MAHTOMEDI",CHILD CUSTODY
WASHINGTON COUNTY SHERIFFS OFFICE,MAHTOMEDI,5/29/2026 3:49:24 PM,WC26025723,"XX Mahtomedi Ave, MAHTOMEDI",WELFARE CHECK
WASHINGTON COUNTY SHERIFFS OFFICE,MAHTOMEDI,5/30/2026 12:17:44 AM,WC26025816,"1XXX  Park Ave, MAHTOMEDI",NOISE COMPLAINT/DISTURBANCE
WASHINGTON COUNTY SHERIFFS OFFICE,MAHTOMEDI,5/30/2026 1:59:39 AM,WC26025834,"XXX Quail St, MAHTOMEDI",MEDICAL
WASHINGTON COUNTY SHERIFFS OFFICE,MAHTOMEDI,5/30/2026 11:18:39 AM,WC26025886,"XXX EAST AVE, MAHTOMEDI",ASSAULT
WASHINGTON COUNTY SHERIFFS OFFICE,MAHTOMEDI,5/30/2026 2:53:00 PM,WC26025912,"WILDWOOD RD / OLD WILDWOOD RD, MAHTOMEDI",TRAFFIC STOP
WASHINGTON COUNTY SHERIFFS OFFICE,MAHTOMEDI,5/30/2026 3:26:47 PM,WC26025918,"XXX EAST AVE, MAHTOMEDI",FOLLOW UP
WASHINGTON COUNTY SHERIFFS OFFICE,MAHTOMEDI,5/30/2026 9:58:43 PM,WC26025987,"Wildwood Rd / Century Ave N, MAHTOMEDI",TRAFFIC COMPLAINT
WASHINGTON COUNTY SHERIFFS OFFICE,MARINE ON SAINT CROIX,5/24/2026 2:48:37 PM,WC26024626,"XXX Chestnut St, MARINE ON SAINT CROIX",LIFT ASSIST
WASHINGTON COUNTY SHERIFFS OFFICE,MARINE ON SAINT CROIX,5/26/2026 7:01:10 AM,WC26024947,"XXX Judd St, MARINE ON SAINT CROIX",ALARM-BUSINESS/RES/FIRE/MEDICAL/ETC
WASHINGTON COUNTY SHERIFFS OFFICE,MARINE ON SAINT CROIX,5/26/2026 5:26:41 PM,WC26025067,"Saint Croix Trl N / Nason Hill Rd, MARINE ON SAINT CROIX",WELFARE CHECK
WASHINGTON COUNTY SHERIFFS OFFICE,MARINE ON SAINT CROIX,5/29/2026 8:50:37 PM,WC26025788,"15XXX  Old Marine Trl N, MARINE ON SAINT CROIX",911 ABANDONED/HANGUP/OPEN LINE
WASHINGTON COUNTY SHERIFFS OFFICE,MAY TOWNSHIP,5/24/2026 6:37:00 PM,WC26024670,"15XXX  SQUARE LAKE TRL N, MAY TOWNSHIP",PARKING VIOLATION
WASHINGTON COUNTY SHERIFFS OFFICE,MAY TOWNSHIP,5/24/2026 6:45:53 PM,WC26024672,"15XXX  SQUARE LAKE TRL N, MAY TOWNSHIP",PARKING VIOLATION
WASHINGTON COUNTY SHERIFFS OFFICE,MAY TOWNSHIP,5/24/2026 10:28:14 PM,WC26024720,"11XXX  Norell Ave N, MAY TOWNSHIP",PARK INCIDENT-CITY/COUNTY
WASHINGTON COUNTY SHERIFFS OFFICE,MAY TOWNSHIP,5/25/2026 12:11:39 PM,WC26024791,"15XXX  Square Lake Trl N, MAY TOWNSHIP",911 ABANDONED/HANGUP/OPEN LINE
WASHINGTON COUNTY SHERIFFS OFFICE,MAY TOWNSHIP,5/25/2026 1:43:00 PM,WC26024804,"15XXX  - 15510 SQUARE LAKE TRL N, MAY TOWNSHIP",PARKING VIOLATION
WASHINGTON COUNTY SHERIFFS OFFICE,MAY TOWNSHIP,5/25/2026 2:18:00 PM,WC26024814,"15XXX  - 15510 SQUARE LAKE TRL N, MAY TOWNSHIP",PARKING VIOLATION
WASHINGTON COUNTY SHERIFFS OFFICE,MAY TOWNSHIP,5/25/2026 5:06:00 PM,WC26024869,"NASON HILL RD N / PAUL AVE N, MAY TOWNSHIP",TRAFFIC STOP
WASHINGTON COUNTY SHERIFFS OFFICE,MAY TOWNSHIP,5/26/2026 12:00:00 AM,WC26024949,"15XXX  SQUARE LAKE TRL N, MAY TOWNSHIP",INCIDENT
WASHINGTON COUNTY SHERIFFS OFFICE,MAY TOWNSHIP,5/26/2026 12:00:00 AM,WC26024951,"15XXX  SQUARE LAKE TRL N, MAY TOWNSHIP",INCIDENT
WASHINGTON COUNTY SHERIFFS OFFICE,MAY TOWNSHIP,5/26/2026 9:39:38 PM,WC26025122,"15XXX  May Ave N, MAY TOWNSHIP",MEDICAL
WASHINGTON COUNTY SHERIFFS OFFICE,MAY TOWNSHIP,5/27/2026 12:08:11 AM,WC26025162,"XX Sheffield Ln, MAY TOWNSHIP",MEDICAL
WASHINGTON COUNTY SHERIFFS OFFICE,MAY TOWNSHIP,5/28/2026 10:41:34 AM,WC26025420,"12XXX  Otchipwe Ave N, MAY TOWNSHIP",OFFICER INFORMATION
WASHINGTON COUNTY SHERIFFS OFFICE,MAY TOWNSHIP,5/28/2026 11:12:13 AM,WC26025423,"15XXX  - 16999 MANNING TRL N, MAY TOWNSHIP",DIRECTED PATROL
WASHINGTON COUNTY SHERIFFS OFFICE,MAY TOWNSHIP,5/28/2026 1:26:36 PM,WC26025452,"15XXX  Square Lake Trl N, MAY TOWNSHIP",MOTOR VEHICLE THEFT
WASHINGTON COUNTY SHERIFFS OFFICE,MAY TOWNSHIP,5/28/2026 2:40:52 PM,WC26025462,"15XXX  SQUARE LAKE TRL N, MAY TOWNSHIP",SUSPICIOUS PERSON/ACTIVITY
WASHINGTON COUNTY SHERIFFS OFFICE,MAY TOWNSHIP,5/28/2026 2:49:26 PM,WC26025465,"11XXX  180th St N, MAY TOWNSHIP",LOST PROPERTY/ITEM
WASHINGTON COUNTY SHERIFFS OFFICE,MAY TOWNSHIP,5/29/2026 8:50:21 AM,WC26025621,"BIG MARINE PARK ENTRANCE RD, MAY TOWNSHIP",INCIDENT
WASHINGTON COUNTY SHERIFFS OFFICE,MAY TOWNSHIP,5/29/2026 10:19:09 AM,WC26025656,"11XXX  Norell Ave N, MAY TOWNSHIP",ANIMAL COMPLAINT
WASHINGTON COUNTY SHERIFFS OFFICE,MAY TOWNSHIP,5/29/2026 12:18:14 PM,WC26025677,"Norell Ave N / Norell Avenue Ct N, MAY TOWNSHIP",ANIMAL COMPLAINT
WASHINGTON COUNTY SHERIFFS OFFICE,MAY TOWNSHIP,5/29/2026 1:23:52 PM,WC26025693,"Hwy 95 Jno 154th St N, MAY TOWNSHIP",ASSIST OTHER AGENCY
WASHINGTON COUNTY SHERIFFS OFFICE,MAY TOWNSHIP,5/30/2026 8:46:00 AM,WC26025863,"170TH ST N / MANNING TRL N, MAY TOWNSHIP",TRAFFIC STOP
WASHINGTON COUNTY SHERIFFS OFFICE,MAY TOWNSHIP,5/30/2026 12:20:25 PM,WC26025891,"Otchipwe Ave N / 127th St N, MAY TOWNSHIP",PARKING VIOLATION
WASHINGTON COUNTY SHERIFFS OFFICE,MAY TOWNSHIP,5/30/2026 3:57:49 PM,WC26025922,"170th St N / Northridge Ave N, MAY TOWNSHIP",911 ABANDONED/HANGUP/OPEN LINE
WASHINGTON COUNTY SHERIFFS OFFICE,NEWPORT,5/24/2026 4:13:39 AM,WC26024558,"1XXX  10TH AVE, NEWPORT",CIVIL MATTER/DISPUTE
WASHINGTON COUNTY SHERIFFS OFFICE,NEWPORT,5/24/2026 3:32:24 PM,WC26024637,"1XXX  Hastings Ave, NEWPORT",911 ABANDONED/HANGUP/OPEN LINE
WASHINGTON COUNTY SHERIFFS OFFICE,NEWPORT,5/24/2026 5:21:06 PM,WC26024659,"XXX Red Rock Xing, NEWPORT",911 ABANDONED/HANGUP/OPEN LINE
WASHINGTON COUNTY SHERIFFS OFFICE,NEWPORT,5/24/2026 5:28:37 PM,WC26024662,"1XXX  Hastings Ave, NEWPORT",911 ABANDONED/HANGUP/OPEN LINE
WASHINGTON COUNTY SHERIFFS OFFICE,NEWPORT,5/24/2026 7:54:50 PM,WC26024688,"1XXX  Bailey Rd, NEWPORT",ORDINANCE VIOLATION
WASHINGTON COUNTY SHERIFFS OFFICE,NEWPORT,5/24/2026 10:23:16 PM,WC26024718,"1XXX  Bailey Rd, NEWPORT",FOLLOW UP
WASHINGTON COUNTY SHERIFFS OFFICE,NEWPORT,5/24/2026 11:42:12 PM,WC26024724,"1XXX  10th Ave, NEWPORT",DANCO VIOLATION
WASHINGTON COUNTY SHERIFFS OFFICE,NEWPORT,5/25/2026 12:18:00 AM,WC26024725,"Bailey Rd / Military Rd, NEWPORT",ACCIDENT
WASHINGTON COUNTY SHERIFFS OFFICE,NEWPORT,5/25/2026 7:01:25 AM,WC26024748,"XXX 7th Ave, NEWPORT",FOLLOW UP
WASHINGTON COUNTY SHERIFFS OFFICE,NEWPORT,5/25/2026 8:36:02 AM,WC26024753,"XXX RED ROCK XING, NEWPORT",PARKING VIOLATION
WASHINGTON COUNTY SHERIFFS OFFICE,NEWPORT,5/25/2026 10:15:00 AM,WC26024767,"1XXX  - 1698 2ND AVE, NEWPORT",TRAFFIC STOP
WASHINGTON COUNTY SHERIFFS OFFICE,NEWPORT,5/25/2026 11:33:00 AM,WC26024788,"Bailey Rd / Military Rd, NEWPORT",TRAFFIC STOP
WASHINGTON COUNTY SHERIFFS OFFICE,NEWPORT,5/25/2026 11:52:00 AM,WC26024790,"MAXWELL RD/RED ROCK RD, NEWPORT",TRAFFIC STOP
WASHINGTON COUNTY SHERIFFS OFFICE,NEWPORT,5/25/2026 2:21:40 PM,WC26024818,"1XXX  - 1699 GLEN RD, NEWPORT",DIRECTED PATROL
WASHINGTON COUNTY SHERIFFS OFFICE,NEWPORT,5/25/2026 2:27:00 PM,WC26024819,"GLEN RD / WOODBURY RD, NEWPORT",TRAFFIC STOP
WASHINGTON COUNTY SHERIFFS OFFICE,NEWPORT,5/25/2026 2:43:00 PM,WC26024827,"GLEN RD / WOODBURY RD, NEWPORT",TRAFFIC STOP
WASHINGTON COUNTY SHERIFFS OFFICE,NEWPORT,5/25/2026 3:06:55 PM,WC26024842,"HASTINGS AVE / 19TH ST, NEWPORT",WELFARE CHECK
WASHINGTON COUNTY SHERIFFS OFFICE,NEWPORT,5/25/2026 3:37:00 PM,WC26024856,"1XXX  BAILEY RD, NEWPORT",SUSPICIOUS PERSON/ACTIVITY
WASHINGTON COUNTY SHERIFFS OFFICE,NEWPORT,5/25/2026 10:05:51 PM,WC26024920,"Bailey Rd / I494, NEWPORT",SUSPICIOUS PERSON/ACTIVITY
WASHINGTON COUNTY SHERIFFS OFFICE,NEWPORT,5/25/2026 11:42:12 PM,WC26024932,"1XXX  10th Ave, NEWPORT",MEDICAL
WASHINGTON COUNTY SHERIFFS OFFICE,NEWPORT,5/26/2026 12:26:50 AM,WC26024935,"BAILEY RD / BAILEY CT, NEWPORT",DWI
WASHINGTON COUNTY SHERIFFS OFFICE,NEWPORT,5/26/2026 3:09:14 AM,WC26024942,"1XXX  10th Ave, NEWPORT",WELFARE CHECK
WASHINGTON COUNTY SHERIFFS OFFICE,NEWPORT,5/26/2026 7:47:51 AM,WC26024950,"XXX RED ROCK XING, NEWPORT",FOLLOW UP
WASHINGTON COUNTY SHERIFFS OFFICE,NEWPORT,5/26/2026 11:37:02 AM,WC26024991,"1XXX  Woodbury Rd, NEWPORT",MEDICAL
WASHINGTON COUNTY SHERIFFS OFFICE,NEWPORT,5/26/2026 2:15:00 PM,WC26025027,"BAILEY RD / BAILEY CT, NEWPORT",TRAFFIC STOP
WASHINGTON COUNTY SHERIFFS OFFICE,NEWPORT,5/26/2026 2:31:00 PM,WC26025031,"BAILEY RD / POINT DOUGLAS RD, NEWPORT",TRAFFIC STOP
WASHINGTON COUNTY SHERIFFS OFFICE,NEWPORT,5/26/2026 3:11:00 PM,WC26025045,"XXX 18TH ST, NEWPORT",TRAFFIC STOP
WASHINGTON COUNTY SHERIFFS OFFICE,NEWPORT,5/26/2026 6:04:15 PM,WC26025073,"1XXX  Hastings Ave, NEWPORT",WELFARE CHECK
WASHINGTON COUNTY SHERIFFS OFFICE,NEWPORT,5/26/2026 7:35:11 PM,WC26025087,"1XXX  Bailey Rd, NEWPORT",ALARM-BUSINESS/RES/FIRE/MEDICAL/ETC
WASHINGTON COUNTY SHERIFFS OFFICE,NEWPORT,5/26/2026 9:33:26 PM,WC26025119,"19TH ST / HASTINGS AVE, NEWPORT",WELFARE CHECK
WASHINGTON COUNTY SHERIFFS OFFICE,NEWPORT,5/26/2026 9:55:31 PM,WC26025128,"XXX 7th Ave, NEWPORT",PARKING COMPLAINT
WASHINGTON COUNTY SHERIFFS OFFICE,NEWPORT,5/26/2026 10:02:47 PM,WC26025130,"1XXX  Hastings Ave, NEWPORT",ALARM-BUSINESS/RES/FIRE/MEDICAL/ETC
WASHINGTON COUNTY SHERIFFS OFFICE,NEWPORT,5/26/2026 11:52:17 PM,WC26025161,"XXX Red Rock Xing, NEWPORT",911 ABANDONED/HANGUP/OPEN LINE
WASHINGTON COUNTY SHERIFFS OFFICE,NEWPORT,5/27/2026 12:28:00 AM,WC26025165,"MAXWELL AVE / I494, NEWPORT",TRAFFIC STOP
WASHINGTON COUNTY SHERIFFS OFFICE,NEWPORT,5/27/2026 1:11:36 AM,WC26025170,"2XXX  HASTINGS AVE, NEWPORT",ASSIST OTHER AGENCY
WASHINGTON COUNTY SHERIFFS OFFICE,NEWPORT,5/27/2026 5:41:00 AM,WC26025182,"Maxwell & Red Rock Road, NEWPORT",TRAFFIC STOP
WASHINGTON COUNTY SHERIFFS OFFICE,NEWPORT,5/27/2026 10:35:00 AM,WC26025228,"BAILEY RD / STERLING AVE, NEWPORT",TRAFFIC STOP
WASHINGTON COUNTY SHERIFFS OFFICE,NEWPORT,5/27/2026 11:28:00 AM,WC26025234,"BAILEY RD / POINT DOUGLAS RD, NEWPORT",TRAFFIC STOP
WASHINGTON COUNTY SHERIFFS OFFICE,NEWPORT,5/27/2026 11:42:17 AM,WC26025236,"1XXX  Barry Dr, NEWPORT",CITIZEN/PUBLIC ASSIST
WASHINGTON COUNTY SHERIFFS OFFICE,NEWPORT,5/27/2026 3:37:22 PM,WC26025280,"1XXX  10th Ave, NEWPORT",MISSING PERSON
WASHINGTON COUNTY SHERIFFS OFFICE,NEWPORT,5/27/2026 4:35:56 PM,WC26025291,"Park Pl / 4th Ave, NEWPORT",TRAFFIC COMPLAINT
WASHINGTON COUNTY SHERIFFS OFFICE,NEWPORT,5/27/2026 5:41:45 PM,WC26025302,"1XXX  10th Ave, NEWPORT",ASSAULT
WASHINGTON COUNTY SHERIFFS OFFICE,NEWPORT,5/27/2026 5:53:21 PM,WC26025305,"XX HWY 61 SB JNO 70TH ST S, NEWPORT",ACCIDENT
WASHINGTON COUNTY SHERIFFS OFFICE,NEWPORT,5/27/2026 8:03:28 PM,WC26025318,"Wakota Bridge: I494 Eb - Washington, NEWPORT",OFFICER INFORMATION
WASHINGTON COUNTY SHERIFFS OFFICE,NEWPORT,5/27/2026 10:01:00 PM,WC26025329,"HWY 61 SB TO GLEN RD RAMP, NEWPORT",TRAFFIC STOP
WASHINGTON COUNTY SHERIFFS OFFICE,NEWPORT,5/28/2026 8:29:00 AM,WC26025379,"I494 NB RAMP AT BAILEY, NEWPORT",TRAFFIC STOP
WASHINGTON COUNTY SHERIFFS OFFICE,NEWPORT,5/28/2026 12:40:20 PM,WC26025437,"2XXX  Hastings Ave, NEWPORT",THREATS
WASHINGTON COUNTY SHERIFFS OFFICE,NEWPORT,5/28/2026 12:42:12 PM,WC26025439,"1XXX  Hastings Ave, NEWPORT",ANIMAL COMPLAINT
WASHINGTON COUNTY SHERIFFS OFFICE,NEWPORT,5/28/2026 1:48:52 PM,WC26025456,"1XXX  Hastings Ave, NEWPORT",WELFARE CHECK
WASHINGTON COUNTY SHERIFFS OFFICE,NEWPORT,5/28/2026 3:15:49 PM,WC26025471,"XX Military Rd, NEWPORT",ALARM-BUSINESS/RES/FIRE/MEDICAL/ETC
WASHINGTON COUNTY SHERIFFS OFFICE,NEWPORT,5/28/2026 3:40:00 PM,WC26025477,"HWY 61 SB at I494, NEWPORT",TRAFFIC STOP
WASHINGTON COUNTY SHERIFFS OFFICE,NEWPORT,5/28/2026 3:42:00 PM,WC26025478,"Hwy 61 SB at 70th St S, NEWPORT",TRAFFIC STOP
WASHINGTON COUNTY SHERIFFS OFFICE,NEWPORT,5/28/2026 3:46:16 PM,WC26025480,"1XXX  Maple Hill Rd, NEWPORT",MEDICAL
WASHINGTON COUNTY SHERIFFS OFFICE,NEWPORT,5/28/2026 3:47:25 PM,WC26025481,"1XXX  10th Ave, NEWPORT",MEDICAL
WASHINGTON COUNTY SHERIFFS OFFICE,NEWPORT,5/28/2026 4:00:00 PM,WC26025485,"Hwy 61 SB AT I494, NEWPORT",TRAFFIC STOP
WASHINGTON COUNTY SHERIFFS OFFICE,NEWPORT,5/28/2026 4:02:00 PM,WC26025486,"1XXX  - 1298 BAILEY RD, NEWPORT",TRAFFIC STOP
WASHINGTON COUNTY SHERIFFS OFFICE,NEWPORT,5/28/2026 4:17:00 PM,WC26025492,"2ND AVE / 16TH ST, NEWPORT",TRAFFIC STOP
WASHINGTON COUNTY SHERIFFS OFFICE,NEWPORT,5/28/2026 4:59:00 PM,WC26025501,"HWY 61 NB JSO GLEN RD, NEWPORT",TRAFFIC STOP
WASHINGTON COUNTY SHERIFFS OFFICE,NEWPORT,5/28/2026 5:40:14 PM,WC26025508,"1XXX  10th Ave, NEWPORT",SUSPICIOUS PERSON/ACTIVITY
WASHINGTON COUNTY SHERIFFS OFFICE,NEWPORT,5/28/2026 9:58:00 PM,WC26025547,"HASTINGS AVE / CEMETERY RD, NEWPORT",TRAFFIC STOP
WASHINGTON COUNTY SHERIFFS OFFICE,NEWPORT,5/28/2026 10:14:00 PM,WC26025504,"HWY 61 NB TO I494 EB RAMP, NEWPORT",TRAFFIC STOP
WASHINGTON COUNTY SHERIFFS OFFICE,NEWPORT,5/28/2026 10:44:00 PM,WC26025561,"MAXWELL AVE & RED ROCK RD, NEWPORT",TRAFFIC STOP
WASHINGTON COUNTY SHERIFFS OFFICE,NEWPORT,5/29/2026 7:43:58 AM,WC26025607,"I494 WB TO BAILEY RD RAMP, NEWPORT",DISABLED VEHICLE
WASHINGTON COUNTY SHERIFFS OFFICE,NEWPORT,5/29/2026 9:29:31 AM,WC26025639,"XX I494 Eb To Hwy 61 Sb Ramp, NEWPORT",ROAD HAZARD
WASHINGTON COUNTY SHERIFFS OFFICE,NEWPORT,5/29/2026 2:18:34 PM,WC26025706,"2XXX  1st Ave, NEWPORT",CITIZEN/PUBLIC ASSIST
WASHINGTON COUNTY SHERIFFS OFFICE,NEWPORT,5/29/2026 4:06:53 PM,WC26025729,"1XXX  10th Ave, NEWPORT",911 ABANDONED/HANGUP/OPEN LINE
WASHINGTON COUNTY SHERIFFS OFFICE,NEWPORT,5/29/2026 4:45:51 PM,WC26025743,"Bailey Rd Over I494, NEWPORT",WELFARE CHECK
WASHINGTON COUNTY SHERIFFS OFFICE,NEWPORT,5/29/2026 5:22:00 PM,WC26025750,"Hwy 61 SB @ Maxwell Ave, NEWPORT",TRAFFIC STOP
WASHINGTON COUNTY SHERIFFS OFFICE,NEWPORT,5/29/2026 5:27:03 PM,WC26025753,"Point Douglas Rd / Bailey Rd, NEWPORT",ASSIST OTHER AGENCY
WASHINGTON COUNTY SHERIFFS OFFICE,NEWPORT,5/29/2026 5:41:00 PM,WC26025754,"Hwy 61 SB @ Maxwell Ave, NEWPORT",TRAFFIC STOP
WASHINGTON COUNTY SHERIFFS OFFICE,NEWPORT,5/29/2026 6:28:00 PM,WC26025764,"Hwy 61 SB @ Maxwell Ave, NEWPORT",TRAFFIC STOP
WASHINGTON COUNTY SHERIFFS OFFICE,NEWPORT,5/29/2026 6:42:19 PM,WC26025767,"Hwy 61 SB @ Maxwell Ave, NEWPORT",TRAFFIC STOP
WASHINGTON COUNTY SHERIFFS OFFICE,NEWPORT,5/29/2026 7:28:00 PM,WC26025774,"Hwy 61 SB @ Maxwell Ave, NEWPORT",TRAFFIC STOP
WASHINGTON COUNTY SHERIFFS OFFICE,NEWPORT,5/29/2026 8:10:39 PM,WC26025782,"Hastings Ave / 15th St, NEWPORT",ANIMAL COMPLAINT
WASHINGTON COUNTY SHERIFFS OFFICE,NEWPORT,5/29/2026 8:14:42 PM,WC26025783,"Maxwell Ave / Red Rock Rd, NEWPORT",SUSPICIOUS PERSON/ACTIVITY
WASHINGTON COUNTY SHERIFFS OFFICE,NEWPORT,5/29/2026 8:26:39 PM,WC26025785,"1XXX  Military Rd, NEWPORT",FIRE
WASHINGTON COUNTY SHERIFFS OFFICE,NEWPORT,5/29/2026 8:51:00 PM,WC26025787,"Hwy 61 SB @ Maxwell Ave, NEWPORT",DWI
WASHINGTON COUNTY SHERIFFS OFFICE,NEWPORT,5/29/2026 9:12:17 PM,WC26025794,"Maxwell Ave / Red Rock Rd, NEWPORT",SUSPICIOUS PERSON/ACTIVITY
WASHINGTON COUNTY SHERIFFS OFFICE,NEWPORT,5/29/2026 9:15:07 PM,WC26025791,"I494 Wb To Hwy 61 Sb Ramp, NEWPORT",DRIVING COMPLAINT
WASHINGTON COUNTY SHERIFFS OFFICE,NEWPORT,5/30/2026 6:20:08 AM,WC26025848,"1XXX  10th Ave, NEWPORT",HARASSMENT
WASHINGTON COUNTY SHERIFFS OFFICE,NEWPORT,5/30/2026 9:45:00 AM,WC26025871,"1XXX  - 1299 BAILEY RD, NEWPORT",TRAFFIC STOP
WASHINGTON COUNTY SHERIFFS OFFICE,NEWPORT,5/30/2026 10:51:47 AM,WC26025879,"2XXX  Maxwell Ave, NEWPORT",911 ABANDONED/HANGUP/OPEN LINE
WASHINGTON COUNTY SHERIFFS OFFICE,NEWPORT,5/30/2026 12:02:21 PM,WC26025890,"15th St / 7th Ave, NEWPORT",ANIMAL COMPLAINT
WASHINGTON COUNTY SHERIFFS OFFICE,NEWPORT,5/30/2026 1:01:29 PM,WC26025897,"XX HWY 61 NB TO I494 RAMP, NEWPORT",DRIVING COMPLAINT
WASHINGTON COUNTY SHERIFFS OFFICE,NEWPORT,5/30/2026 8:12:34 PM,WC26025966,"1XXX  10th Ave, NEWPORT",LOST PROPERTY/ITEM
WASHINGTON COUNTY SHERIFFS OFFICE,NEWPORT,5/30/2026 9:08:26 PM,WC26025978,"1XXX  Hastings Ave, NEWPORT",FRAUD/SCAM
WASHINGTON COUNTY SHERIFFS OFFICE,NEWPORT,5/30/2026 9:47:08 PM,WC26025986,"1XXX  4th Ave, NEWPORT",MEDICAL
WASHINGTON COUNTY SHERIFFS OFFICE,OAK PARK HEIGHTS,5/25/2026 10:43:58 PM,WC26024927,"6XXX  SAINT CROIX TRL N, OAK PARK HEIGHTS",ASSIST OTHER AGENCY
WASHINGTON COUNTY SHERIFFS OFFICE,OAK PARK HEIGHTS,5/28/2026 9:54:18 PM,WC26025556,"6XXX  Osgood Ave N, OAK PARK HEIGHTS",TRAFFIC STOP
WASHINGTON COUNTY SHERIFFS OFFICE,OAK PARK HEIGHTS,5/29/2026 12:52:00 PM,WC26025684,"HWY 36 EB AT OSGOOD AVE N, OAK PARK HEIGHTS",TRAFFIC STOP
WASHINGTON COUNTY SHERIFFS OFFICE,OAK PARK HEIGHTS,5/29/2026 11:45:00 PM,WC26025810,"Highway 36 & OSGOOD AVE N, OAK PARK HEIGHTS",TRAFFIC STOP
WASHINGTON COUNTY SHERIFFS OFFICE,OAKDALE,5/26/2026 12:36:17 AM,WC26024936,"6XXX  Grenwich Ln N, OAKDALE",ASSIST OTHER AGENCY
WASHINGTON COUNTY SHERIFFS OFFICE,OAKDALE,5/26/2026 8:26:48 PM,WC26025097,"7XXX  2ND ST N, OAKDALE",CIVIL MATTER/DISPUTE
WASHINGTON COUNTY SHERIFFS OFFICE,OAKDALE,5/28/2026 12:42:00 AM,WC26025343,"5XXX  Hadley Ave N, OAKDALE",WARRANT ARREST
WASHINGTON COUNTY SHERIFFS OFFICE,OAKDALE,5/28/2026 7:13:00 PM,WC26025528,"10TH ST N at I694, OAKDALE",TRAFFIC STOP
WASHINGTON COUNTY SHERIFFS OFFICE,OAKDALE,5/28/2026 11:47:00 PM,WC26025568,"CENTURY AVE N / HADLEY AVE N, OAKDALE",TRAFFIC STOP
WASHINGTON COUNTY SHERIFFS OFFICE,OAKDALE,5/29/2026 12:20:00 PM,WC26025679,"6XXX  - 6511 10TH ST N, OAKDALE",TRAFFIC STOP
WASHINGTON COUNTY SHERIFFS OFFICE,OAKDALE,5/29/2026 12:41:00 PM,WC26025681,"34TH ST N, OAKDALE",TRAFFIC STOP
WASHINGTON COUNTY SHERIFFS OFFICE,OAKDALE,5/29/2026 2:51:00 PM,WC26025710,"Hadley Ave N / 4th St N, OAKDALE",TRAFFIC STOP
WASHINGTON COUNTY SHERIFFS OFFICE,OAKDALE,5/29/2026 4:33:07 PM,WC26025741,"5XXX  Hadley Ave N, OAKDALE",WARRANT ARREST
WASHINGTON COUNTY SHERIFFS OFFICE,OAKDALE,5/30/2026 7:58:06 AM,WC26025856,"36TH ST N / UPPER 38TH ST N, OAKDALE",ASSIST OTHER AGENCY
WASHINGTON COUNTY SHERIFFS OFFICE,OAKDALE,5/30/2026 9:58:23 AM,WC26025873,"6XXX  4TH ST N, OAKDALE",CIVIL MATTER/DISPUTE
WASHINGTON COUNTY SHERIFFS OFFICE,OAKDALE,5/30/2026 10:26:22 AM,WC26025876,"3XXX  GARDEN BLVD N, OAKDALE",CIVIL MATTER/DISPUTE
WASHINGTON COUNTY SHERIFFS OFFICE,PINE SPRINGS,5/25/2026 3:17:31 PM,WC26024850,"6XXX  Warner Rd S, PINE SPRINGS",CITIZEN/PUBLIC ASSIST
WASHINGTON COUNTY SHERIFFS OFFICE,PINE SPRINGS,5/26/2026 11:53:34 PM,WC26025158,"HWY 36 EB JWO HILTON TRL N, PINE SPRINGS",ACCIDENT
WASHINGTON COUNTY SHERIFFS OFFICE,SAINT MARYS POINT,5/25/2026 2:04:06 PM,WC26024809,"16XXX  - 16649 21ST ST S, SAINT MARYS POINT",PARKING VIOLATION
WASHINGTON COUNTY SHERIFFS OFFICE,SAINT MARYS POINT,5/28/2026 7:27:43 PM,WC26025532,"2XXX  Quello Ave S, SAINT MARYS POINT",ANIMAL COMPLAINT
WASHINGTON COUNTY SHERIFFS OFFICE,SAINT MARYS POINT,5/30/2026 10:49:22 AM,WC26025882,"2XXX  Itasca Ave S, SAINT MARYS POINT",TRAFFIC COMPLAINT
WASHINGTON COUNTY SHERIFFS OFFICE,Saint Paul,5/29/2026 2:38:00 AM,WC26025566,"2XXX  Old Hudson Rd, Saint Paul",WARRANT ARREST
WASHINGTON COUNTY SHERIFFS OFFICE,SAINT PAUL PARK,5/24/2026 5:00:00 AM,WC26024560,"70TH ST S / SUMMIT AVE, SAINT PAUL PARK",TRAFFIC STOP
WASHINGTON COUNTY SHERIFFS OFFICE,SAINT PAUL PARK,5/28/2026 8:26:51 PM,WC26025537,"XXX 4th St, SAINT PAUL PARK",ASSIST OTHER AGENCY
WASHINGTON COUNTY SHERIFFS OFFICE,SAINT PAUL PARK,5/28/2026 10:33:00 PM,WC26025520,"XXX - 799 HASTINGS AVE, SAINT PAUL PARK",TRAFFIC STOP
WASHINGTON COUNTY SHERIFFS OFFICE,SAINT PAUL PARK,5/30/2026 11:19:04 AM,WC26025887,"Summit Ave Over Hwy 61, SAINT PAUL PARK",ASSIST OTHER AGENCY
WASHINGTON COUNTY SHERIFFS OFFICE,SCANDIA,5/24/2026 9:44:21 AM,WC26024578,"SCANDIA TRL N / POMROY AVE N, SCANDIA",ACCIDENT
WASHINGTON COUNTY SHERIFFS OFFICE,SCANDIA,5/24/2026 3:42:17 PM,WC26024641,"20XXX  SAINT CROIX TRL N, SCANDIA",911 ABANDONED/HANGUP/OPEN LINE
WASHINGTON COUNTY SHERIFFS OFFICE,SCANDIA,5/24/2026 4:12:38 PM,WC26024647,"12XXX  LAKAMAGA TRL N, SCANDIA",NEIGHBOR DISPUTE
WASHINGTON COUNTY SHERIFFS OFFICE,SCANDIA,5/24/2026 9:59:28 PM,WC26024712,"19XXX  MANNING TRL. N., SCANDIA",NOISE COMPLAINT/DISTURBANCE
WASHINGTON COUNTY SHERIFFS OFFICE,SCANDIA,5/25/2026 3:20:31 PM,WC26024852,"19XXX  Parkview Ave N, SCANDIA",VEHICLE UNLOCK
WASHINGTON COUNTY SHERIFFS OFFICE,SCANDIA,5/26/2026 8:06:54 AM,WC26024954,"21XXX  Odell Ave N, SCANDIA",PARKING COMPLAINT
WASHINGTON COUNTY SHERIFFS OFFICE,SCANDIA,5/27/2026 5:28:09 AM,WC26025181,"Saint Croix Trl N / Pilar Rd N, SCANDIA",ANIMAL COMPLAINT
WASHINGTON COUNTY SHERIFFS OFFICE,SCANDIA,5/27/2026 2:28:49 PM,WC26025267,"21XXX  Meadowbrook Cir N, SCANDIA",CIVIL MATTER/DISPUTE
WASHINGTON COUNTY SHERIFFS OFFICE,SCANDIA,5/27/2026 5:45:02 PM,WC26025303,"21XXX  Meadowbrook Cir N, SCANDIA",CIVIL MATTER/DISPUTE
WASHINGTON COUNTY SHERIFFS OFFICE,SCANDIA,5/27/2026 6:50:54 PM,WC26025312,"13XXX  205th St N, SCANDIA",911 ABANDONED/HANGUP/OPEN LINE
WASHINGTON COUNTY SHERIFFS OFFICE,SCANDIA,5/28/2026 8:24:42 AM,WC26025377,"18XXX  - 19098 MANNING TRL N, SCANDIA",DIRECTED PATROL
WASHINGTON COUNTY SHERIFFS OFFICE,SCANDIA,5/28/2026 11:22:24 AM,WC26025425,"21XXX  OREN AVE N, SCANDIA",DISTURBANCE
WASHINGTON COUNTY SHERIFFS OFFICE,SCANDIA,5/28/2026 1:29:00 PM,WC26025451,"19XXX  - 19798 MANNING TRL N, SCANDIA",TRAFFIC STOP
WASHINGTON COUNTY SHERIFFS OFFICE,SCANDIA,5/28/2026 2:59:04 PM,WC26025468,"22XXX  Kirk Ave N, SCANDIA",MEDICAL
WASHINGTON COUNTY SHERIFFS OFFICE,SCANDIA,5/28/2026 8:55:51 PM,WC26025544,"18XXX  Manning Trl N, SCANDIA",ACCIDENT
WASHINGTON COUNTY SHERIFFS OFFICE,SCANDIA,5/29/2026 5:58:03 PM,WC26025758,"20XXX  Quint Ave N, SCANDIA",ALARM-BUSINESS/RES/FIRE/MEDICAL/ETC
WASHINGTON COUNTY SHERIFFS OFFICE,SCANDIA,5/29/2026 7:22:36 PM,WC26025773,"22XXX  Nolan Ave N, SCANDIA",FIRE
WASHINGTON COUNTY SHERIFFS OFFICE,SCANDIA,5/30/2026 12:44:42 PM,WC26025898,"Manning Trl N / 220th St N, SCANDIA",NOISE COMPLAINT/DISTURBANCE
WASHINGTON COUNTY SHERIFFS OFFICE,SCANDIA,5/30/2026 2:34:17 PM,WC26025910,"22XXX  Peabody Trl N, SCANDIA",VEHICLE UNLOCK
WASHINGTON COUNTY SHERIFFS OFFICE,SCANDIA,5/30/2026 3:47:23 PM,WC26025919,"19XXX  Orwell Ct N, SCANDIA",MEDICAL
WASHINGTON COUNTY SHERIFFS OFFICE,SCANDIA,5/30/2026 8:03:00 PM,WC26025965,"Manning Trl N / Scandia Trl N, SCANDIA",TRAFFIC STOP
WASHINGTON COUNTY SHERIFFS OFFICE,STILLWATER,5/24/2026 1:54:27 AM,WC26024551,"Churchill St W / Everett St S, STILLWATER",ASSIST OTHER AGENCY
WASHINGTON COUNTY SHERIFFS OFFICE,STILLWATER,5/24/2026 11:40:21 AM,WC26024598,"15XXX  62nd St N, STILLWATER",DRUGS
WASHINGTON COUNTY SHERIFFS OFFICE,STILLWATER,5/24/2026 2:57:10 PM,WC26024628,"Manning Ave N / Settlers Way, STILLWATER",ROAD HAZARD
WASHINGTON COUNTY SHERIFFS OFFICE,STILLWATER,5/26/2026 1:05:00 AM,WC26024939,"15XXX  62nd St N, STILLWATER",WARRANT ARREST
WASHINGTON COUNTY SHERIFFS OFFICE,STILLWATER,5/26/2026 11:08:37 AM,WC26024988,"15XXX  62nd St N, STILLWATER",FRAUD/SCAM
WASHINGTON COUNTY SHERIFFS OFFICE,STILLWATER,5/27/2026 8:14:00 AM,WC26025191,"1XXX  - 1999 BROADWAY ST N, STILLWATER",TRAFFIC STOP
WASHINGTON COUNTY SHERIFFS OFFICE,STILLWATER,5/28/2026 2:41:11 PM,WC26025463,"12XXX -12249 75TH ST N, STILLWATER",ASSIST OTHER AGENCY
WASHINGTON COUNTY SHERIFFS OFFICE,STILLWATER,5/29/2026 12:05:00 AM,WC26025571,"HWY 36 WB JEO MANNING AVE N, STILLWATER",TRAFFIC STOP
WASHINGTON COUNTY SHERIFFS OFFICE,STILLWATER,5/29/2026 12:49:28 AM,WC26025577,"14XXX  62nd St N, STILLWATER",ASSIST OTHER AGENCY
WASHINGTON COUNTY SHERIFFS OFFICE,STILLWATER,5/29/2026 10:40:20 AM,WC26025662,"14XXX  62nd St N, STILLWATER",FOLLOW UP
WASHINGTON COUNTY SHERIFFS OFFICE,STILLWATER,5/29/2026 11:16:00 AM,WC26025667,"HWY 36 WB JWO GREELEY ST S, STILLWATER",TRAFFIC STOP
WASHINGTON COUNTY SHERIFFS OFFICE,STILLWATER,5/29/2026 3:21:45 PM,WC26025715,"MYRTLE ST W / GROVE ST S, STILLWATER",ASSIST OTHER AGENCY
WASHINGTON COUNTY SHERIFFS OFFICE,STILLWATER,5/29/2026 5:00:56 PM,WC26025749,"15XXX  62nd St N, STILLWATER",CITIZEN/PUBLIC ASSIST
WASHINGTON COUNTY SHERIFFS OFFICE,STILLWATER,5/29/2026 6:02:49 PM,WC26025760,"15XXX  62ND ST N, STILLWATER",FUGITIVE FROM JUSTICE
WASHINGTON COUNTY SHERIFFS OFFICE,STILLWATER,5/29/2026 7:10:01 PM,WC26025771,"Mckusick Rd / Amundson Dr, STILLWATER",WATER INCIDENT/VIOLATION
WASHINGTON COUNTY SHERIFFS OFFICE,STILLWATER,5/29/2026 9:10:12 PM,WC26025789,"15XXX  62nd St N, STILLWATER",ASSIST OTHER AGENCY
WASHINGTON COUNTY SHERIFFS OFFICE,STILLWATER,5/30/2026 1:56:53 AM,WC26025835,"Hwy 36 Eb At Stillwater Blvd N, STILLWATER",ASSIST OTHER AGENCY
WASHINGTON COUNTY SHERIFFS OFFICE,STILLWATER,5/30/2026 11:00:00 PM,WC26025996,"Highway 36, STILLWATER",TRAFFIC STOP
WASHINGTON COUNTY SHERIFFS OFFICE,STILLWATER,5/30/2026 11:59:00 PM,WC26025813,"Highway 36, STILLWATER",TRAFFIC STOP
WASHINGTON COUNTY SHERIFFS OFFICE,STILLWATER TOWNSHIP,5/24/2026 5:20:00 PM,WC26024657,"11XXX  SAINT CROIX TRL N, STILLWATER TOWNSHIP",TRAFFIC STOP
WASHINGTON COUNTY SHERIFFS OFFICE,STILLWATER TOWNSHIP,5/25/2026 12:51:19 PM,WC26024793,"14XXX  97th St N, STILLWATER TOWNSHIP",CITIZEN/PUBLIC ASSIST
WASHINGTON COUNTY SHERIFFS OFFICE,STILLWATER TOWNSHIP,5/25/2026 3:39:55 PM,WC26024859,"11XXX  Penfield Ave N, STILLWATER TOWNSHIP",PARKING COMPLAINT
WASHINGTON COUNTY SHERIFFS OFFICE,STILLWATER TOWNSHIP,5/25/2026 6:24:55 PM,WC26024883,"9XXX  Pawnee Ave N, STILLWATER TOWNSHIP",MEDICAL
WASHINGTON COUNTY SHERIFFS OFFICE,STILLWATER TOWNSHIP,5/25/2026 6:49:00 PM,WC26024886,"9XXX  Blk of St. Croix Trail N, STILLWATER TOWNSHIP",PARKING VIOLATION
WASHINGTON COUNTY SHERIFFS OFFICE,STILLWATER TOWNSHIP,5/26/2026 3:40:06 PM,WC26025051,"100th St N / Otchipwe Ave N, STILLWATER TOWNSHIP",FOUND PROPERTY/ITEM
WASHINGTON COUNTY SHERIFFS OFFICE,STILLWATER TOWNSHIP,5/27/2026 7:32:00 AM,WC26025189,"14XXX  - 15269 100TH ST N, STILLWATER TOWNSHIP",TRAFFIC STOP
WASHINGTON COUNTY SHERIFFS OFFICE,STILLWATER TOWNSHIP,5/28/2026 3:28:28 PM,WC26025473,"Dellwood Rd N / Stonebridge Trl N, STILLWATER TOWNSHIP",ACCIDENT
WASHINGTON COUNTY SHERIFFS OFFICE,STILLWATER TOWNSHIP,5/28/2026 4:34:49 PM,WC26025496,"11XXX  Palisade Ave N, STILLWATER TOWNSHIP",ALARM-BUSINESS/RES/FIRE/MEDICAL/ETC
WASHINGTON COUNTY SHERIFFS OFFICE,STILLWATER TOWNSHIP,5/29/2026 3:44:07 PM,WC26025720,"9XXX  Saint Croix Trl N, STILLWATER TOWNSHIP",DRIVING COMPLAINT
WASHINGTON COUNTY SHERIFFS OFFICE,STILLWATER TOWNSHIP,5/29/2026 4:28:33 PM,WC26025734,"11XXX  Norell Ave N, STILLWATER TOWNSHIP",911 ABANDONED/HANGUP/OPEN LINE
WASHINGTON COUNTY SHERIFFS OFFICE,STILLWATER TOWNSHIP,5/30/2026 7:54:20 AM,WC26025855,"9XXX  - 9153 SAINT CROIX TRL N, STILLWATER TOWNSHIP",PARKING VIOLATION
WASHINGTON COUNTY SHERIFFS OFFICE,STILLWATER TOWNSHIP,5/30/2026 10:07:47 AM,WC26025875,"14XXX  109th Street Ct N, STILLWATER TOWNSHIP",MISSING PERSON
WASHINGTON COUNTY SHERIFFS OFFICE,STILLWATER TOWNSHIP,5/30/2026 11:23:13 AM,WC26025888,"9XXX  - 9153 SAINT CROIX TRL N, STILLWATER TOWNSHIP",PARKING VIOLATION
WASHINGTON COUNTY SHERIFFS OFFICE,STILLWATER TOWNSHIP,5/30/2026 10:12:35 PM,WC26025990,"15XXX  113th St N, STILLWATER TOWNSHIP",ALARM-BUSINESS/RES/FIRE/MEDICAL/ETC
WASHINGTON COUNTY SHERIFFS OFFICE,WEST LAKELAND TOWNSHIP,5/24/2026 8:22:52 PM,WC26024692,"SAINT CROIX RIVER - MNR8, WEST LAKELAND TOWNSHIP",WATER COMPLAINT
WASHINGTON COUNTY SHERIFFS OFFICE,WEST LAKELAND TOWNSHIP,5/25/2026 12:54:40 PM,WC26024796,"15XXX  Hudson Blvd N, WEST LAKELAND TOWNSHIP",ACCIDENT
WASHINGTON COUNTY SHERIFFS OFFICE,WEST LAKELAND TOWNSHIP,5/25/2026 2:45:21 PM,WC26024832,"2XXX  Overlook Ave N, WEST LAKELAND TOWNSHIP",MEDICAL
WASHINGTON COUNTY SHERIFFS OFFICE,WEST LAKELAND TOWNSHIP,5/25/2026 7:26:24 PM,WC26024892,"MANNING AVE N / 2ND ST N, WEST LAKELAND TOWNSHIP",DWI
WASHINGTON COUNTY SHERIFFS OFFICE,WEST LAKELAND TOWNSHIP,5/25/2026 8:29:46 PM,WC26024905,"10th St N / Oakgreen Ave N, WEST LAKELAND TOWNSHIP",ANIMAL COMPLAINT
WASHINGTON COUNTY SHERIFFS OFFICE,WEST LAKELAND TOWNSHIP,5/25/2026 11:35:57 PM,WC26024931,"XXX Manning Ave N, WEST LAKELAND TOWNSHIP",CIVIL MATTER/DISPUTE
WASHINGTON COUNTY SHERIFFS OFFICE,WEST LAKELAND TOWNSHIP,5/26/2026 11:12:33 AM,WC26024990,"1XXX  Neal Avenue Ct N, WEST LAKELAND TOWNSHIP",ANIMAL COMPLAINT
WASHINGTON COUNTY SHERIFFS OFFICE,WEST LAKELAND TOWNSHIP,5/26/2026 1:06:08 PM,WC26025004,"XXX MANNING AVE N, WEST LAKELAND TOWNSHIP",MEDICAL
WASHINGTON COUNTY SHERIFFS OFFICE,WEST LAKELAND TOWNSHIP,5/27/2026 1:48:08 PM,WC26025256,"14XXX  INTERSTATE 94, WEST LAKELAND TOWNSHIP",ASSIST OTHER AGENCY
WASHINGTON COUNTY SHERIFFS OFFICE,WEST LAKELAND TOWNSHIP,5/28/2026 2:19:48 AM,WC26025355,"8TH ST N / STAGECOACH TRL N, WEST LAKELAND TOWNSHIP",SUSPICIOUS PERSON/ACTIVITY
WASHINGTON COUNTY SHERIFFS OFFICE,WEST LAKELAND TOWNSHIP,5/28/2026 7:06:47 AM,WC26025365,"XXX Manning Ave N, WEST LAKELAND TOWNSHIP",CITIZEN/PUBLIC ASSIST
WASHINGTON COUNTY SHERIFFS OFFICE,WEST LAKELAND TOWNSHIP,5/29/2026 8:41:00 AM,WC26025620,"OAKGREEN AVE N / 26TH ST N, WEST LAKELAND TOWNSHIP",TRAFFIC STOP
WASHINGTON COUNTY SHERIFFS OFFICE,WEST LAKELAND TOWNSHIP,5/29/2026 4:03:08 PM,WC26025727,"12XXX  - 12498 10TH ST N, WEST LAKELAND TOWNSHIP",DIRECTED PATROL
WASHINGTON COUNTY SHERIFFS OFFICE,WEST LAKELAND TOWNSHIP,5/29/2026 4:44:00 PM,WC26025740,"14XXX  - 14799 HUDSON RD N, WEST LAKELAND TOWNSHIP",TRAFFIC STOP
WASHINGTON COUNTY SHERIFFS OFFICE,WEST LAKELAND TOWNSHIP,5/30/2026 7:47:54 AM,WC26025854,"1XXX  Saint Croix Trl N, WEST LAKELAND TOWNSHIP",911 ABANDONED/HANGUP/OPEN LINE
WASHINGTON COUNTY SHERIFFS OFFICE,WEST LAKELAND TOWNSHIP,5/30/2026 10:57:10 AM,WC26025880,"10TH ST N / OAKGREEN AVE N, WEST LAKELAND TOWNSHIP",MOTORIST ASSIST
WASHINGTON COUNTY SHERIFFS OFFICE,WEST LAKELAND TOWNSHIP,5/30/2026 12:54:13 PM,WC26025896,"13XXX  28th St N, WEST LAKELAND TOWNSHIP",MEDICAL
WASHINGTON COUNTY SHERIFFS OFFICE,WEST LAKELAND TOWNSHIP,5/30/2026 3:35:30 PM,WC26025917,"XXX Oakgreen Ave N, WEST LAKELAND TOWNSHIP",ANIMAL COMPLAINT
WASHINGTON COUNTY SHERIFFS OFFICE,WEST LAKELAND TOWNSHIP,5/30/2026 8:50:47 PM,WC26025981,"1XXX  Oakgreen Ave N, WEST LAKELAND TOWNSHIP",ANIMAL COMPLAINT
WASHINGTON COUNTY SHERIFFS OFFICE,WEST LAKELAND TOWNSHIP,5/30/2026 11:04:36 PM,WC26025998,"1XXX  Nolan Ave N, WEST LAKELAND TOWNSHIP",SUSPICIOUS PERSON/ACTIVITY
WASHINGTON COUNTY SHERIFFS OFFICE,WILLERNIE,5/24/2026 5:25:37 AM,WC26024563,"XXX Warner Ave S, WILLERNIE",MEDICAL
WASHINGTON COUNTY SHERIFFS OFFICE,WILLERNIE,5/26/2026 1:34:07 AM,WC26024941,"XXX Kimberly Rd, WILLERNIE",SUICIDE ATTEMPT/THREATS OF
WASHINGTON COUNTY SHERIFFS OFFICE,WOODBURY,5/24/2026 12:22:00 AM,WC26024538,"MANNING AVE S / 40TH ST S, WOODBURY",TRAFFIC STOP
WASHINGTON COUNTY SHERIFFS OFFICE,WOODBURY,5/27/2026 11:54:00 PM,WC26025338,"I94 WB AT KEATS AVE N, WOODBURY",TRAFFIC STOP
WASHINGTON COUNTY SHERIFFS OFFICE,WOODBURY,5/28/2026 2:14:07 PM,WC26025461,"6XXX  Hudson Rd, WOODBURY",CITIZEN/PUBLIC ASSIST
WASHINGTON COUNTY SHERIFFS OFFICE,WOODBURY,5/29/2026 4:24:27 PM,WC26025733,"5XXX  - 5129 CENTURY AVE, WOODBURY",DIRECTED PATROL
WASHINGTON COUNTY SHERIFFS OFFICE,WOODBURY,5/29/2026 4:47:50 PM,WC26025742,"Woodbury Dr / Bridgewater Pkwy, WOODBURY",ACCIDENT
WASHINGTON COUNTY SHERIFFS OFFICE,WOODBURY,5/29/2026 5:01:00 PM,WC26025745,"I94 WB AT INWOOD AVE N, WOODBURY",TRAFFIC STOP
WASHINGTON COUNTY SHERIFFS OFFICE,WOODBURY,5/29/2026 5:15:00 PM,WC26025747,"RADIO DR / VALLEY CREEK RD, WOODBURY",TRAFFIC STOP
WASHINGTON COUNTY SHERIFFS OFFICE,WOODBURY,5/30/2026 12:32:00 AM,WC26025820,"CROWN LN / MILITARY RD, WOODBURY",TRAFFIC STOP
WASHINGTON COUNTY SHERIFFS OFFICE,WOODBURY,5/30/2026 1:03:36 AM,WC26025829,"RADIO DR / HUDSON RD, WOODBURY",DWI
WASHINGTON COUNTY SHERIFFS OFFICE,WOODBURY,5/30/2026 1:57:28 AM,WC26025832,"4XXX  - 4475 CENTURY AVE, WOODBURY",DIRECTED PATROL
WOODBURY PUBLIC SAFETY,COTTAGE GROVE,5/26/2026 2:54:38 PM,WB26021049,"8XXX  GRANADA AVE S, COTTAGE GROVE",ASSIST OTHER AGENCY
WOODBURY PUBLIC SAFETY,NEWPORT,5/27/2026 1:11:36 AM,WB26021124,"2XXX  HASTINGS AVE, NEWPORT",ASSIST OTHER AGENCY
WOODBURY PUBLIC SAFETY,OAKDALE,5/24/2026 11:24:06 AM,WB26020633,"HUDSON BLVD N, OAKDALE",WARRANT ARREST
WOODBURY PUBLIC SAFETY,OAKDALE,5/30/2026 4:42:00 PM,WB26021746,"7XXX  2ND ST N, OAKDALE",WARRANT ARREST
WOODBURY PUBLIC SAFETY,WOODBURY,5/24/2026 12:35:24 AM,WB26020596,"6XXX  - 6199 UPPER AFTON RD, WOODBURY",TRAFFIC STOP
WOODBURY PUBLIC SAFETY,WOODBURY,5/24/2026 12:37:31 AM,WB26020597,"VALLEY CREEK RD, WOODBURY",SUSPICIOUS PERSON/ACTIVITY
WOODBURY PUBLIC SAFETY,WOODBURY,5/24/2026 1:00:53 AM,WB26020602,"XXX Commons Dr, WOODBURY",FIGHT
WOODBURY PUBLIC SAFETY,WOODBURY,5/24/2026 1:35:58 AM,WB26020605,"1XXX  COLBY LAKE DR, WOODBURY",PARK COMPLAINT
WOODBURY PUBLIC SAFETY,WOODBURY,5/24/2026 8:29:22 AM,WB26020620,"8XXX  Tamarack Vlg, WOODBURY",SHOPLIFTING
WOODBURY PUBLIC SAFETY,WOODBURY,5/24/2026 8:32:14 AM,WB26020625,"2XXX  Timberlea Dr, WOODBURY",SUSPICIOUS PERSON/ACTIVITY
WOODBURY PUBLIC SAFETY,WOODBURY,5/24/2026 11:25:25 AM,WB26020634,"VALLEY CREEK RD / VALLEY CREEK PLZ, WOODBURY",ACCIDENT
WOODBURY PUBLIC SAFETY,WOODBURY,5/24/2026 4:32:57 PM,WB26020691,"3XXX  Lakewood Trl, WOODBURY",FIRE
WOODBURY PUBLIC SAFETY,WOODBURY,5/24/2026 5:15:00 PM,WB26020699,"1XXX  - 1428 WOODLANE DR, WOODBURY",WARRANT ARREST
WOODBURY PUBLIC SAFETY,WOODBURY,5/24/2026 5:46:00 PM,WB26020704,"6XXX  - 6000 VALLEY CREEK RD, WOODBURY",WARRANT ARREST
WOODBURY PUBLIC SAFETY,WOODBURY,5/24/2026 5:58:34 PM,WB26020710,"3XXX  York Dr, WOODBURY",WELFARE CHECK
WOODBURY PUBLIC SAFETY,WOODBURY,5/24/2026 6:30:30 PM,WB26020717,"5XXX  Long Pointe Pass, WOODBURY",ACCIDENT
WOODBURY PUBLIC SAFETY,WOODBURY,5/24/2026 7:04:41 PM,WB26020721,"7XXX  - 7399 GUIDER DR, WOODBURY",TRAFFIC STOP
WOODBURY PUBLIC SAFETY,WOODBURY,5/24/2026 8:03:18 PM,WB26020730,"4XXX  Radio Dr, WOODBURY",DISTURBANCE
WOODBURY PUBLIC SAFETY,WOODBURY,5/24/2026 8:19:21 PM,WB26020732,"10XXX  HUDSON RD, WOODBURY",DEATH INVESTIGATION
WOODBURY PUBLIC SAFETY,WOODBURY,5/24/2026 8:44:39 PM,WB26020735,"XXX Commerce Dr, WOODBURY",FIGHT
WOODBURY PUBLIC SAFETY,WOODBURY,5/25/2026 12:31:50 AM,WB26020760,"VALLEY CREEK RD / VALLEY CREEK PLZ, WOODBURY",FLEEING
WOODBURY PUBLIC SAFETY,WOODBURY,5/25/2026 10:37:53 AM,WB26020795,"11XXX  Stonemill Farms Curv, WOODBURY",DISTURBANCE
WOODBURY PUBLIC SAFETY,WOODBURY,5/25/2026 11:12:21 AM,WB26020804,"Unknown, WOODBURY",THEFT
WOODBURY PUBLIC SAFETY,WOODBURY,5/25/2026 12:10:29 PM,WB26020812,"Richmond Bay / Richmond Pkwy, WOODBURY",ACCIDENT
WOODBURY PUBLIC SAFETY,WOODBURY,5/25/2026 12:24:57 PM,WB26020816,"10XXX  HUDSON RD, WOODBURY",WANTED PERSON-KOPS ALERT/ATL
WOODBURY PUBLIC SAFETY,WOODBURY,5/25/2026 1:33:00 PM,WB26020823,"9XXX  Hudson Pl, WOODBURY",ACCIDENT
WOODBURY PUBLIC SAFETY,WOODBURY,5/25/2026 2:13:00 PM,WB26020831,"Seasons Pkwy/Radio Dr, WOODBURY",TRAFFIC STOP
WOODBURY PUBLIC SAFETY,WOODBURY,5/25/2026 2:21:36 PM,WB26020837,"6XXX  Tahoe Cir, WOODBURY",THEFT FROM MOTOR VEHICLE
WOODBURY PUBLIC SAFETY,WOODBURY,5/25/2026 2:57:53 PM,WB26020841,"7XXX  GUIDER DR, WOODBURY",FIGHT
WOODBURY PUBLIC SAFETY,WOODBURY,5/25/2026 3:19:04 PM,WB26020845,"2XXX  Double Eagle Ln, WOODBURY",DISTURBANCE
WOODBURY PUBLIC SAFETY,WOODBURY,5/25/2026 3:38:33 PM,WB26020849,"XX I94 Eb To Radio Dr Ramp, WOODBURY",ACCIDENT
WOODBURY PUBLIC SAFETY,WOODBURY,5/25/2026 3:42:17 PM,WB26020850,"XXX Karen Trl, WOODBURY",ACCIDENT
WOODBURY PUBLIC SAFETY,WOODBURY,5/25/2026 4:51:00 PM,WB26020858,"8XXX  Tamarack Vlg, WOODBURY",DWI
WOODBURY PUBLIC SAFETY,WOODBURY,5/25/2026 6:00:00 PM,WB26020869,"XXX Commerce Dr, WOODBURY",THEFT
WOODBURY PUBLIC SAFETY,WOODBURY,5/25/2026 6:21:05 PM,WB26020873,"HUDSON RD / WOODBURY DR, WOODBURY",ACCIDENT
WOODBURY PUBLIC SAFETY,WOODBURY,5/25/2026 7:39:05 PM,WB26020880,"11XXX  CRESTHAVEN TRL, WOODBURY",JUVENILE COMPLAINT
WOODBURY PUBLIC SAFETY,WOODBURY,5/25/2026 7:49:06 PM,WB26020883,"2XXX  Lamplight Dr, WOODBURY",DISTURBANCE
WOODBURY PUBLIC SAFETY,WOODBURY,5/25/2026 8:37:33 PM,WB26020892,"6XXX  Ashwood Rd, WOODBURY",CIVIL MATTER/DISPUTE
WOODBURY PUBLIC SAFETY,WOODBURY,5/25/2026 9:40:24 PM,WB26020902,"3XXX  YORK DR, WOODBURY",TRAFFIC STOP
WOODBURY PUBLIC SAFETY,WOODBURY,5/25/2026 10:03:02 PM,WB26020908,"1XXX  Corral Alcove, WOODBURY",MISSING PERSON
WOODBURY PUBLIC SAFETY,WOODBURY,5/25/2026 11:11:28 PM,WB26020920,"2XXX  WOODCREST DR, WOODBURY",DISTURBANCE
WOODBURY PUBLIC SAFETY,WOODBURY,5/26/2026 1:06:15 AM,WB26020931,"LAKE RD / WOODLANE DR, WOODBURY",DRUGS
WOODBURY PUBLIC SAFETY,WOODBURY,5/26/2026 3:47:21 AM,WB26020933,"XXX Radio Dr, WOODBURY",FIGHT
WOODBURY PUBLIC SAFETY,WOODBURY,5/26/2026 7:28:14 AM,WB26020943,"8XXX  WOODBURY XING, WOODBURY",HARASSMENT
WOODBURY PUBLIC SAFETY,WOODBURY,5/26/2026 8:10:29 AM,WB26020948,"11XXX  Sand Castle Dr, WOODBURY",THEFT
WOODBURY PUBLIC SAFETY,WOODBURY,5/26/2026 9:33:26 AM,WB26020960,"2XXX  PRAIRIE OAK TRL, WOODBURY",DEATH INVESTIGATION
WOODBURY PUBLIC SAFETY,WOODBURY,5/26/2026 9:42:06 AM,WB26020962,"8XXX  Globe Dr, WOODBURY",DISTURBANCE
WOODBURY PUBLIC SAFETY,WOODBURY,5/26/2026 9:45:32 AM,WB26020963,"8XXX  Tamarack Rd, WOODBURY",PROPERTY DAMAGE
WOODBURY PUBLIC SAFETY,WOODBURY,5/26/2026 10:02:15 AM,WB26020968,"8XXX  Tamarack Vlg, WOODBURY",LOST PROPERTY/ITEM
WOODBURY PUBLIC SAFETY,WOODBURY,5/26/2026 10:56:39 AM,WB26020982,"1XXX  Century Cir, WOODBURY",ACCIDENT
WOODBURY PUBLIC SAFETY,WOODBURY,5/26/2026 11:59:25 AM,WB26020996,"1XXX  - 1803 WOODLANE DR, WOODBURY",TRAFFIC STOP
WOODBURY PUBLIC SAFETY,WOODBURY,5/26/2026 12:02:00 PM,WB26020998,"Woodbury Dr / Hudson Rd, WOODBURY",ACCIDENT
WOODBURY PUBLIC SAFETY,WOODBURY,5/26/2026 12:31:06 PM,WB26021003,"9XXX  HILLINGDON RD, WOODBURY",PROPERTY DAMAGE
WOODBURY PUBLIC SAFETY,WOODBURY,5/26/2026 12:44:49 PM,WB26021004,"4XXX  COBALT DR, WOODBURY",THEFT
WOODBURY PUBLIC SAFETY,WOODBURY,5/26/2026 1:24:49 PM,WB26021011,"XXX WINTERBERRY DR, WOODBURY",THREATS
WOODBURY PUBLIC SAFETY,WOODBURY,5/26/2026 2:35:06 PM,WB26021026,"6XXX  Upper Afton Cir, WOODBURY",FRAUD/SCAM
WOODBURY PUBLIC SAFETY,WOODBURY,5/26/2026 2:51:12 PM,WB26021030,"1XXX  TAMBERWOOD TRL, WOODBURY",INTERNET CRIMES
WOODBURY PUBLIC SAFETY,WOODBURY,5/26/2026 3:58:00 PM,WB26021043,"8XXX  Tamarack Rd, WOODBURY",PROPERTY DAMAGE
WOODBURY PUBLIC SAFETY,WOODBURY,5/26/2026 4:28:31 PM,WB26021054,"10XXX  MCGREGOR BLVD, WOODBURY",HARASSMENT
WOODBURY PUBLIC SAFETY,WOODBURY,5/26/2026 4:45:06 PM,WB26021058,"6XXX  Crackleberry Trl, WOODBURY",IDENTITY THEFT
WOODBURY PUBLIC SAFETY,WOODBURY,5/26/2026 5:39:34 PM,WB26021063,"XXX Woodduck Dr, WOODBURY",FOUND PROPERTY/ITEM
WOODBURY PUBLIC SAFETY,WOODBURY,5/26/2026 6:02:50 PM,WB26021068,"6XXX  Falstaff Ter, WOODBURY",DISTURBANCE
WOODBURY PUBLIC SAFETY,WOODBURY,5/26/2026 6:30:00 PM,WB26021021,"2XXX  COCHRANE DR, WOODBURY",ASSIST OTHER AGENCY
WOODBURY PUBLIC SAFETY,WOODBURY,5/26/2026 6:31:02 PM,WB26021071,"10XXX  Burnt Rock Rd, WOODBURY",WELFARE CHECK
WOODBURY PUBLIC SAFETY,WOODBURY,5/26/2026 6:56:34 PM,WB26021075,"XXX RADIO DR, WOODBURY",SUICIDE ATTEMPT/THREATS OF
WOODBURY PUBLIC SAFETY,WOODBURY,5/26/2026 7:44:16 PM,WB26021079,"11XXX  Sand Castle Dr, WOODBURY",RUNAWAY
WOODBURY PUBLIC SAFETY,WOODBURY,5/26/2026 8:28:59 PM,WB26021084,"1XXX  Queens Dr, WOODBURY",SHOPLIFTING
WOODBURY PUBLIC SAFETY,WOODBURY,5/26/2026 8:37:33 PM,WB26021087,"2XXX  Vining Dr, WOODBURY",WELFARE CHECK
WOODBURY PUBLIC SAFETY,WOODBURY,5/26/2026 8:40:25 PM,WB26021088,"Radio Dr / Tamarack Rd, WOODBURY",WELFARE CHECK
WOODBURY PUBLIC SAFETY,WOODBURY,5/26/2026 8:41:03 PM,WB26021089,"WOODLANE DR/THAMES RD, WOODBURY",LOST PROPERTY/ITEM
WOODBURY PUBLIC SAFETY,WOODBURY,5/27/2026 12:00:00 AM,WB26021106,"2XXX  WOODCREST DR, WOODBURY",DWI
WOODBURY PUBLIC SAFETY,WOODBURY,5/27/2026 12:53:51 AM,WB26021123,"I94 / JEO CENTURY, WOODBURY",UNDERAGE DRINKING
WOODBURY PUBLIC SAFETY,WOODBURY,5/27/2026 7:16:00 AM,WB26021571,"Carver Park Dr/Mallard Dr, WOODBURY",STOP ARM VIOLATION
WOODBURY PUBLIC SAFETY,WOODBURY,5/27/2026 7:35:17 AM,WB26021149,"Tamarack Rd / Bielenberg Dr, WOODBURY",ACCIDENT
WOODBURY PUBLIC SAFETY,WOODBURY,5/27/2026 10:51:08 AM,WB26021190,"1XXX  Thornhill Ln, WOODBURY",FOUND PROPERTY/ITEM
WOODBURY PUBLIC SAFETY,WOODBURY,5/27/2026 10:53:52 AM,WB26021191,"Valley Creek Rd./Woodlane Dr., WOODBURY",TRAFFIC STOP
WOODBURY PUBLIC SAFETY,WOODBURY,5/27/2026 11:01:49 AM,WB26021195,"Valley Creek Rd / Century Ave S, WOODBURY",ACCIDENT
WOODBURY PUBLIC SAFETY,WOODBURY,5/27/2026 11:42:02 AM,WB26021203,"4XXX  Pioneer Dr, WOODBURY",ACCIDENT
WOODBURY PUBLIC SAFETY,WOODBURY,5/27/2026 1:17:08 PM,WB26021215,"Interlachen Pkwy / Leyland Trl, WOODBURY",FOUND PROPERTY/ITEM
WOODBURY PUBLIC SAFETY,WOODBURY,5/27/2026 1:31:44 PM,WB26021216,"8XXX  Promenade Ln, WOODBURY",HRO VIOLATION
WOODBURY PUBLIC SAFETY,WOODBURY,5/27/2026 1:52:00 PM,WB26021218,"4XXX  Radio Dr, WOODBURY",OFP VIOLATION
WOODBURY PUBLIC SAFETY,WOODBURY,5/27/2026 3:26:27 PM,WB26021231,"8XXX  Valley Creek Rd, WOODBURY",ACCIDENT
WOODBURY PUBLIC SAFETY,WOODBURY,5/27/2026 4:11:27 PM,WB26021242,"9XXX  Preserve Trl, WOODBURY",CHILD CUSTODY
WOODBURY PUBLIC SAFETY,WOODBURY,5/27/2026 5:14:48 PM,WB26021249,"6XXX  HUDSON RD, WOODBURY",WARRANT ARREST
WOODBURY PUBLIC SAFETY,WOODBURY,5/27/2026 5:45:15 PM,WB26021252,"7XXX  VALLEY CREEK PLZ, WOODBURY",SHOPLIFTING
WOODBURY PUBLIC SAFETY,WOODBURY,5/27/2026 6:06:54 PM,WB26021253,"9XXX  VALLEY CREEK RD, WOODBURY",SUICIDE ATTEMPT/THREATS OF
WOODBURY PUBLIC SAFETY,WOODBURY,5/27/2026 6:37:26 PM,WB26021263,"Bonnieview Cir / Bonnieview Dr, WOODBURY",PARKING COMPLAINT
WOODBURY PUBLIC SAFETY,WOODBURY,5/27/2026 7:19:48 PM,WB26021265,"XXX KAREN WAY, WOODBURY",MISSING PERSON
WOODBURY PUBLIC SAFETY,WOODBURY,5/27/2026 8:22:09 PM,WB26021271,"2XXX  WIMBLEDON DR, WOODBURY",ARSON
WOODBURY PUBLIC SAFETY,WOODBURY,5/27/2026 11:04:18 PM,WB26021291,"8XXX  BLOCK SAINT CROIX RD, WOODBURY",PROPERTY DAMAGE
WOODBURY PUBLIC SAFETY,WOODBURY,5/27/2026 11:26:00 PM,WB26021297,"8XXX  - 8601 TAMARACK RD, WOODBURY",TRAFFIC STOP
WOODBURY PUBLIC SAFETY,WOODBURY,5/28/2026 12:03:00 AM,WB26021305,"XXX WEIR DR, WOODBURY",WARRANT ARREST
WOODBURY PUBLIC SAFETY,WOODBURY,5/28/2026 7:13:28 AM,WB26021326,"8XXX  Quarry Ridge Ln, WOODBURY",SUSPICIOUS PERSON/ACTIVITY
WOODBURY PUBLIC SAFETY,WOODBURY,5/28/2026 8:09:50 AM,WB26021332,"1XXX  Bluewater Ln, WOODBURY",CIVIL MATTER/DISPUTE
WOODBURY PUBLIC SAFETY,WOODBURY,5/28/2026 9:59:23 AM,WB26021348,"Woodbury Dr / Commerce Dr, WOODBURY",ACCIDENT
WOODBURY PUBLIC SAFETY,WOODBURY,5/28/2026 10:28:01 AM,WB26021353,"1XXX  WOODLANE DR, WOODBURY",DWI
WOODBURY PUBLIC SAFETY,WOODBURY,5/28/2026 10:28:44 AM,WB26021356,"7XXX  CURRELL BLVD, WOODBURY",DISTURBANCE
WOODBURY PUBLIC SAFETY,WOODBURY,5/28/2026 10:56:09 AM,WB26021360,"XXX Woodbury Dr, WOODBURY",ACCIDENT
WOODBURY PUBLIC SAFETY,WOODBURY,5/28/2026 12:47:59 PM,WB26021385,"10XXX  - 10190 HUDSON RD, WOODBURY",TRAFFIC STOP
WOODBURY PUBLIC SAFETY,WOODBURY,5/28/2026 2:08:23 PM,WB26021399,"2XXX  Vining Dr, WOODBURY",THEFT
WOODBURY PUBLIC SAFETY,WOODBURY,5/28/2026 2:11:00 PM,WB26021401,"8XXX  TAMARACK VLG, WOODBURY",SHOPLIFTING
WOODBURY PUBLIC SAFETY,WOODBURY,5/28/2026 2:18:40 PM,WB26021404,"Military Rd / Woodlane Dr, WOODBURY",ACCIDENT
WOODBURY PUBLIC SAFETY,WOODBURY,5/28/2026 3:06:20 PM,WB26021412,"7XXX  Newbury Rd, WOODBURY",ACCIDENT
WOODBURY PUBLIC SAFETY,WOODBURY,5/28/2026 4:07:34 PM,WB26021419,"XXX Commons Dr, WOODBURY",PROPERTY DAMAGE
WOODBURY PUBLIC SAFETY,WOODBURY,5/28/2026 4:11:54 PM,WB26021420,"1XXX  WOODLANE DR, WOODBURY",WARRANT ARREST
WOODBURY PUBLIC SAFETY,WOODBURY,5/28/2026 4:17:20 PM,WB26021421,"Woodbury Dr / Commerce Dr, WOODBURY",ACCIDENT
WOODBURY PUBLIC SAFETY,WOODBURY,5/28/2026 4:22:45 PM,WB26021422,"Pioneer Dr / Lake Rd, WOODBURY",ACCIDENT
WOODBURY PUBLIC SAFETY,WOODBURY,5/28/2026 5:03:11 PM,WB26021432,"2XXX  Cottage Grove Alcove, WOODBURY",ACCIDENT
WOODBURY PUBLIC SAFETY,WOODBURY,5/28/2026 7:33:56 PM,WB26021453,"INTERLACHEN PKWY / DUCKWOOD TRL, WOODBURY",TRAFFIC STOP
WOODBURY PUBLIC SAFETY,WOODBURY,5/28/2026 8:34:06 PM,WB26021460,"1XXX  Silverwood Rd, WOODBURY",JUVENILE COMPLAINT
WOODBURY PUBLIC SAFETY,WOODBURY,5/28/2026 8:40:31 PM,WB26021461,"Tamarack Rd / Seasons Pkwy, WOODBURY",ACCIDENT
WOODBURY PUBLIC SAFETY,WOODBURY,5/28/2026 8:44:29 PM,WB26021463,"Central Park Pl / Radio Dr, WOODBURY",ACCIDENT
WOODBURY PUBLIC SAFETY,WOODBURY,5/28/2026 9:12:22 PM,WB26021465,"1XXX  Woodwinds Dr, WOODBURY",WELFARE CHECK
WOODBURY PUBLIC SAFETY,WOODBURY,5/28/2026 9:32:51 PM,WB26021469,"11XXX  Sand Castle Dr, WOODBURY",RUNAWAY
WOODBURY PUBLIC SAFETY,WOODBURY,5/28/2026 10:46:21 PM,WB26021476,"6XXX  HUDSON RD, WOODBURY",DWI
WOODBURY PUBLIC SAFETY,WOODBURY,5/29/2026 7:41:54 AM,WB26021491,"2XXX  Vining Dr, WOODBURY",SUSPICIOUS PERSON/ACTIVITY
WOODBURY PUBLIC SAFETY,WOODBURY,5/29/2026 9:55:00 AM,WB26021558,"7XXX  GUIDER DR, WOODBURY",MAARC
WOODBURY PUBLIC SAFETY,WOODBURY,5/29/2026 10:19:46 AM,WB26021508,"10XXX  Hudson Rd, WOODBURY",DISTURBANCE
WOODBURY PUBLIC SAFETY,WOODBURY,5/29/2026 10:26:14 AM,WB26021509,"6XXX  Tahoe Ct, WOODBURY",THEFT FROM MOTOR VEHICLE
WOODBURY PUBLIC SAFETY,WOODBURY,5/29/2026 12:04:05 PM,WB26021522,"9XXX  Hudson Pl, WOODBURY",ACCIDENT
WOODBURY PUBLIC SAFETY,WOODBURY,5/29/2026 12:56:50 PM,WB26021529,"Woodlane Dr / Hargis Pkwy, WOODBURY",ACCIDENT
WOODBURY PUBLIC SAFETY,WOODBURY,5/29/2026 1:28:23 PM,WB26021533,"XXX Commerce Dr, WOODBURY",SHOPLIFTING
WOODBURY PUBLIC SAFETY,WOODBURY,5/29/2026 1:35:39 PM,WB26021534,"8XXX  Valley Creek Rd, WOODBURY",LOST PROPERTY/ITEM
WOODBURY PUBLIC SAFETY,WOODBURY,5/29/2026 2:03:17 PM,WB26021538,"XXX Commons Dr, WOODBURY",THEFT
WOODBURY PUBLIC SAFETY,WOODBURY,5/29/2026 2:21:40 PM,WB26021545,"1XXX  Woodlane Dr, WOODBURY",ACCIDENT
WOODBURY PUBLIC SAFETY,WOODBURY,5/29/2026 2:23:00 PM,WB26021564,"2XXX  HIDDEN LAKE DR, WOODBURY",CPS REFERRAL
WOODBURY PUBLIC SAFETY,WOODBURY,5/29/2026 3:08:36 PM,WB26021550,"XXX Bielenberg Dr, WOODBURY",REQUEST FOR EMERGENCY EXAM - 72 HR HOLD
WOODBURY PUBLIC SAFETY,WOODBURY,5/29/2026 4:19:38 PM,WB26021560,"City Place Blvd / Meridian Way, WOODBURY",ACCIDENT
WOODBURY PUBLIC SAFETY,WOODBURY,5/29/2026 4:21:57 PM,WB26021559,"XXX Settlers Ridge Pkwy, WOODBURY",FOUND PROPERTY/ITEM
WOODBURY PUBLIC SAFETY,WOODBURY,5/29/2026 6:01:23 PM,WB26021577,"SUTHERLAND DR / KAREN TRL, WOODBURY",THEFT FROM MOTOR VEHICLE
WOODBURY PUBLIC SAFETY,WOODBURY,5/29/2026 6:14:13 PM,WB26021581,"RADIO DR / CITY CENTRE DR, WOODBURY",TRAFFIC STOP
WOODBURY PUBLIC SAFETY,WOODBURY,5/29/2026 7:12:41 PM,WB26021595,"8XXX  TAMARACK VLG, WOODBURY",TRAFFIC STOP
WOODBURY PUBLIC SAFETY,WOODBURY,5/29/2026 7:41:55 PM,WB26021600,"CHAMBERLAIN RD / AVON DR, WOODBURY",FOUND PERSON
WOODBURY PUBLIC SAFETY,WOODBURY,5/29/2026 8:35:20 PM,WB26021612,"8XXX  Tamarack Vlg, WOODBURY",SHOPLIFTING
WOODBURY PUBLIC SAFETY,WOODBURY,5/29/2026 9:19:05 PM,WB26021620,"9XXX  Norma Ln, WOODBURY",CITIZEN/PUBLIC ASSIST
WOODBURY PUBLIC SAFETY,WOODBURY,5/29/2026 10:32:20 PM,WB26021633,"3XXX  Dakota Ave, WOODBURY",RUNAWAY
WOODBURY PUBLIC SAFETY,WOODBURY,5/29/2026 11:35:03 PM,WB26021652,"1XXX  WOODLANE DR, WOODBURY",TRAFFIC STOP
WOODBURY PUBLIC SAFETY,WOODBURY,5/30/2026 12:12:47 AM,WB26021657,"XXX Radio Dr, WOODBURY",DISTURBANCE
WOODBURY PUBLIC SAFETY,WOODBURY,5/30/2026 2:01:06 AM,WB26021675,"2XXX  Robinwood Way, WOODBURY",REQUEST FOR EMERGENCY EXAM - 72 HR HOLD
WOODBURY PUBLIC SAFETY,WOODBURY,5/30/2026 2:12:15 AM,WB26021676,"VALLEY CREEK RD / CENTURY AVE, WOODBURY",FLEEING
WOODBURY PUBLIC SAFETY,WOODBURY,5/30/2026 4:50:05 AM,WB26021682,"1XXX  Regency Dr, WOODBURY",BURGLARY
WOODBURY PUBLIC SAFETY,WOODBURY,5/30/2026 6:51:11 AM,WB26021687,"1XXX  Weir Dr, WOODBURY",WARRANT ARREST
WOODBURY PUBLIC SAFETY,WOODBURY,5/30/2026 9:16:08 AM,WB26021696,"1XXX  Bridle Path Ct, WOODBURY",RUNAWAY
WOODBURY PUBLIC SAFETY,WOODBURY,5/30/2026 9:26:00 AM,WB26021699,"1XXX  Century Cir, WOODBURY",WARRANT ARREST
WOODBURY PUBLIC SAFETY,WOODBURY,5/30/2026 10:15:51 AM,WB26021705,"XXX Bielenberg Dr, WOODBURY",DRUGS
WOODBURY PUBLIC SAFETY,WOODBURY,5/30/2026 10:46:21 AM,WB26021710,"1XXX  Queens Dr, WOODBURY",DISTURBANCE
WOODBURY PUBLIC SAFETY,WOODBURY,5/30/2026 11:14:32 AM,WB26021711,"8XXX  Inverness Rd, WOODBURY",CIVIL MATTER/DISPUTE
WOODBURY PUBLIC SAFETY,WOODBURY,5/30/2026 11:45:57 AM,WB26021715,"2XXX  Woodcrest Dr, WOODBURY",RUNAWAY
WOODBURY PUBLIC SAFETY,WOODBURY,5/30/2026 12:17:09 PM,WB26021719,"10XXX  Hudson Rd, WOODBURY",TRESPASSING
WOODBURY PUBLIC SAFETY,WOODBURY,5/30/2026 1:56:08 PM,WB26021730,"8XXX  Valley Creek Rd, WOODBURY",ASSIST OTHER AGENCY
WOODBURY PUBLIC SAFETY,WOODBURY,5/30/2026 2:15:03 PM,WB26021732,"XXX Commerce Dr, WOODBURY",COUNTERFEIT/FORGERY
WOODBURY PUBLIC SAFETY,WOODBURY,5/30/2026 4:40:55 PM,WB26021747,"7XXX  VALLEY CREEK PLZ, WOODBURY",SHOPLIFTING
WOODBURY PUBLIC SAFETY,WOODBURY,5/30/2026 5:38:09 PM,WB26021759,"7XXX  Valley Creek Plz, WOODBURY",THEFT
WOODBURY PUBLIC SAFETY,WOODBURY,5/30/2026 7:37:31 PM,WB26021769,"XX LANDAU ALCOVE, WOODBURY",PROPERTY DAMAGE
WOODBURY PUBLIC SAFETY,WOODBURY,5/30/2026 8:16:00 PM,WB26021773,"XXX - 289 CENTURY AVE N, WOODBURY",TRAFFIC STOP
WOODBURY PUBLIC SAFETY,WOODBURY,5/30/2026 8:54:22 PM,WB26021776,"7XXX  Hargis Pkwy, WOODBURY",DISORDERLY CONDUCT
WOODBURY PUBLIC SAFETY,WOODBURY,5/30/2026 10:38:26 PM,WB26021798,"4XXX  Sunflower Ct, WOODBURY",NOISE COMPLAINT/DISTURBANCE
WOODBURY PUBLIC SAFETY,WOODBURY,5/30/2026 11:09:25 PM,WB26021810,"4XXX  Cobalt Dr, WOODBURY",SUSPICIOUS PERSON/ACTIVITY
WOODBURY PUBLIC SAFETY,WOODBURY,5/30/2026 11:28:06 PM,WB26021820,"I94/Century Ave, WOODBURY",TRAFFIC STOP

