AgencyName,Address_City_Description,CreatedOn1,CaseNum,Textbox28,EventDescription
BAYPORT POLICE DEPARTMENT,BAYPORT,7/12/2026 12:35:44 AM,BP26002252,"XX CENTRAL AVE, BAYPORT",Park Close
BAYPORT POLICE DEPARTMENT,BAYPORT,7/12/2026 1:16:51 AM,BP26002253,"Hwy 95 / 5th Ave N, BAYPORT",TRAFFIC STOP
BAYPORT POLICE DEPARTMENT,BAYPORT,7/12/2026 10:14:19 AM,BP26002257,"XXX 3rd St N, BAYPORT",ACCIDENT
BAYPORT POLICE DEPARTMENT,BAYPORT,7/12/2026 12:49:39 PM,BP26002259,"XX CENTRAL AVE, BAYPORT",CITIZEN/PUBLIC ASSIST
BAYPORT POLICE DEPARTMENT,BAYPORT,7/13/2026 12:14:34 AM,BP26002264,"XX CENTRAL AVE, BAYPORT",PARK CLOSED
BAYPORT POLICE DEPARTMENT,BAYPORT,7/13/2026 8:09:27 AM,BP26002268,"XXX 4th Ave N, BAYPORT",911 ABANDONED/HANGUP/OPEN LINE
BAYPORT POLICE DEPARTMENT,BAYPORT,7/13/2026 1:18:32 PM,BP26002270,"XX CENTRAL AVE, BAYPORT",COMMUNITY CONTACT
BAYPORT POLICE DEPARTMENT,BAYPORT,7/13/2026 3:15:43 PM,BP26002271,"XXX 2nd St N, BAYPORT",911 ABANDONED/HANGUP/OPEN LINE
BAYPORT POLICE DEPARTMENT,BAYPORT,7/14/2026 1:08:13 AM,BP26002276,"XX CENTRAL AVE, BAYPORT",PARK CLOSED
BAYPORT POLICE DEPARTMENT,BAYPORT,7/14/2026 6:44:40 AM,BP26002277,"XXX 4th Ave N, BAYPORT",911 ABANDONED/HANGUP/OPEN LINE
BAYPORT POLICE DEPARTMENT,BAYPORT,7/14/2026 12:56:07 PM,BP26002279,"XXX Inspiration Pkwy S, BAYPORT",CIVIL MATTER/DISPUTE
BAYPORT POLICE DEPARTMENT,BAYPORT,7/14/2026 1:01:40 PM,BP26002280,"XXX 4th Ave N, BAYPORT",911 ABANDONED/HANGUP/OPEN LINE
BAYPORT POLICE DEPARTMENT,BAYPORT,7/14/2026 1:31:52 PM,BP26002282,"XX CENTRAL AVE, BAYPORT",CITIZEN/PUBLIC ASSIST
BAYPORT POLICE DEPARTMENT,BAYPORT,7/14/2026 4:04:10 PM,BP26002283,"Minnesota St S / 4th Ave S, BAYPORT",DRIVING COMPLAINT
BAYPORT POLICE DEPARTMENT,BAYPORT,7/14/2026 7:37:26 PM,BP26002284,"XXX 4TH AVE N, BAYPORT",911 ABANDONED/HANGUP/OPEN LINE
BAYPORT POLICE DEPARTMENT,BAYPORT,7/15/2026 5:21:00 PM,BP26002292,"XXX - 398 7TH AVE N, BAYPORT",PARKING VIOLATION
BAYPORT POLICE DEPARTMENT,BAYPORT,7/15/2026 5:22:52 PM,BP26002293,"XXX 5th Ave N, BAYPORT",911 ABANDONED/HANGUP/OPEN LINE
BAYPORT POLICE DEPARTMENT,BAYPORT,7/15/2026 5:23:37 PM,BP26002294,"XXX Highway 95 N, BAYPORT",ALARM-BUSINESS/RES/FIRE/MEDICAL/ETC
BAYPORT POLICE DEPARTMENT,BAYPORT,7/15/2026 5:30:39 PM,BP26002295,"1XXX  Pioneer Trl, BAYPORT",911 ABANDONED/HANGUP/OPEN LINE
BAYPORT POLICE DEPARTMENT,BAYPORT,7/15/2026 5:39:02 PM,BP26002296,"XXX Highway 95 N, BAYPORT",911 ABANDONED/HANGUP/OPEN LINE
BAYPORT POLICE DEPARTMENT,BAYPORT,7/15/2026 10:29:00 PM,BP26002297,"XX Central Ave, BAYPORT",Park Close
BAYPORT POLICE DEPARTMENT,BAYPORT,7/16/2026 2:52:50 AM,BP26002298,"XXX 5TH AVE N, BAYPORT",WARRANT ARREST
BAYPORT POLICE DEPARTMENT,BAYPORT,7/16/2026 7:04:46 AM,BP26002299,"XXX Pickett St N, BAYPORT",VEHICLE UNLOCK
BAYPORT POLICE DEPARTMENT,BAYPORT,7/16/2026 11:27:18 AM,BP26002301,"XXX 3rd St N, BAYPORT",911 ABANDONED/HANGUP/OPEN LINE
BAYPORT POLICE DEPARTMENT,BAYPORT,7/16/2026 8:33:57 PM,BP26002304,"XXX 3rd Ave N, BAYPORT",911 ABANDONED/HANGUP/OPEN LINE
BAYPORT POLICE DEPARTMENT,BAYPORT,7/17/2026 12:52:14 AM,BP26002305,"XX CENTRAL AVE, BAYPORT",Park Close
BAYPORT POLICE DEPARTMENT,BAYPORT,7/17/2026 2:43:36 PM,BP26002313,"Unknown, BAYPORT",CITIZEN/PUBLIC ASSIST
BAYPORT POLICE DEPARTMENT,BAYPORT,7/17/2026 3:50:51 PM,BP26002314,"XXX 3rd St N, BAYPORT",911 ABANDONED/HANGUP/OPEN LINE
BAYPORT POLICE DEPARTMENT,BAYPORT,7/17/2026 6:39:46 PM,BP26002315,"XXX Inspiration Pkwy N, BAYPORT",OFFICER INFORMATION
BAYPORT POLICE DEPARTMENT,BAYPORT,7/18/2026 2:41:36 AM,BP26002322,"XXX 4th St N, BAYPORT",911 ABANDONED/HANGUP/OPEN LINE
BAYPORT POLICE DEPARTMENT,BAYPORT,7/18/2026 10:48:52 AM,BP26002326,"XXX Pickett St N, BAYPORT",MEDICAL
BAYPORT POLICE DEPARTMENT,BAYPORT,7/18/2026 12:06:33 PM,BP26002327,"XXX 5th St N, BAYPORT",CITIZEN/PUBLIC ASSIST
BAYPORT POLICE DEPARTMENT,BAYPORT,7/18/2026 2:41:18 PM,BP26002330,"XXX 3rd St N, BAYPORT",CITIZEN/PUBLIC ASSIST
BAYPORT POLICE DEPARTMENT,BAYPORT,7/18/2026 4:44:35 PM,BP26002332,"XXX Oakwood St S, BAYPORT",911 ABANDONED/HANGUP/OPEN LINE
BAYPORT POLICE DEPARTMENT,BAYPORT,7/18/2026 4:52:01 PM,BP26002334,"XX Point Rd, BAYPORT",ORDINANCE VIOLATION
BAYPORT POLICE DEPARTMENT,BAYPORT,7/18/2026 4:52:45 PM,BP26002333,"XXX 3RD AVE S, BAYPORT",PUBLIC WORKS CONCERN
BAYPORT POLICE DEPARTMENT,BAYPORT,7/18/2026 5:43:30 PM,BP26002335,"XXX 5th St N, BAYPORT",ANIMAL COMPLAINT
BAYPORT POLICE DEPARTMENT,BAYPORT,7/18/2026 6:02:46 PM,BP26002336,"XXX Prairie Way S, BAYPORT",PARKING COMPLAINT
BAYPORT POLICE DEPARTMENT,BAYPORT,7/18/2026 10:49:13 PM,BP26002339,"SAINT CROIX TRL S/3RD AVE S, BAYPORT",TRAFFIC STOP
BAYPORT POLICE DEPARTMENT,BAYTOWN TOWNSHIP,7/12/2026 4:51:41 AM,BP26002255,"3XXX  Oakgreen Ave N, BAYTOWN TOWNSHIP",ASSIST OTHER AGENCY
BAYPORT POLICE DEPARTMENT,BAYTOWN TOWNSHIP,7/14/2026 12:05:11 AM,BP26002275,"3XXX  - 3498 SAINT CROIX TRL N, BAYTOWN TOWNSHIP",TRAFFIC STOP
BAYPORT POLICE DEPARTMENT,LAKE ELMO,7/18/2026 11:41:18 PM,BP26002340,"60TH ST N, LAKE ELMO",ASSIST OTHER AGENCY
BAYPORT POLICE DEPARTMENT,OAK PARK HEIGHTS,7/12/2026 3:14:32 AM,BP26002254,"5XXX  Oren Ave N, OAK PARK HEIGHTS",ASSIST OTHER AGENCY
BAYPORT POLICE DEPARTMENT,OAK PARK HEIGHTS,7/12/2026 4:55:37 AM,BP26002256,"5XXX  Oren Ave N, OAK PARK HEIGHTS",ASSIST OTHER AGENCY
BAYPORT POLICE DEPARTMENT,OAK PARK HEIGHTS,7/12/2026 11:16:01 AM,BP26002258,"13XXX  60th St N, OAK PARK HEIGHTS",ASSIST OTHER AGENCY
BAYPORT POLICE DEPARTMENT,OAK PARK HEIGHTS,7/12/2026 6:29:18 PM,BP26002260,"Hwy 36 Eb At Norell Ave N, OAK PARK HEIGHTS",ASSIST OTHER AGENCY
BAYPORT POLICE DEPARTMENT,OAK PARK HEIGHTS,7/13/2026 1:50:54 AM,BP26002266,"Saint Croix Crossing Bridge: Hwy 36 Wb - Mn, OAK PARK HEIGHTS",ASSIST OTHER AGENCY
BAYPORT POLICE DEPARTMENT,OAK PARK HEIGHTS,7/13/2026 8:26:08 AM,BP26002269,"Oakgreen Ave N / 58th St N, OAK PARK HEIGHTS",ASSIST OTHER AGENCY
BAYPORT POLICE DEPARTMENT,OAK PARK HEIGHTS,7/13/2026 5:34:23 PM,BP26002272,"6XXX  Osgood Ave N, OAK PARK HEIGHTS",ASSIST OTHER AGENCY
BAYPORT POLICE DEPARTMENT,OAK PARK HEIGHTS,7/13/2026 9:08:07 PM,BP26002273,"5XXX  Osgood Ave N, OAK PARK HEIGHTS",ASSIST OTHER AGENCY
BAYPORT POLICE DEPARTMENT,OAK PARK HEIGHTS,7/15/2026 1:36:31 PM,BP26002291,"14XXX  56TH ST N, OAK PARK HEIGHTS",ASSIST OTHER AGENCY
BAYPORT POLICE DEPARTMENT,OAK PARK HEIGHTS,7/17/2026 1:12:34 AM,BP26002306,"14XXX  58th St N, OAK PARK HEIGHTS",ASSIST OTHER AGENCY
BAYPORT POLICE DEPARTMENT,OAK PARK HEIGHTS,7/18/2026 9:20:32 AM,BP26002325,"5XXX  - 5799 STAGECOACH TRL N, OAK PARK HEIGHTS",TRAFFIC STOP
BAYPORT POLICE DEPARTMENT,STILLWATER,7/15/2026 8:42:02 AM,BP26002288,"1XXX  CURVE CREST BLVD, STILLWATER",ASSIST OTHER AGENCY
BAYPORT POLICE DEPARTMENT,STILLWATER,7/15/2026 12:26:16 PM,BP26002290,"XXX Main St S, STILLWATER",ASSIST OTHER AGENCY
BAYPORT POLICE DEPARTMENT,STILLWATER,7/16/2026 8:25:11 PM,BP26002303,"MARKET DR / CURVE CREST BLVD, STILLWATER",ASSIST OTHER AGENCY
COTTAGE GROVE POLICE DEPARTMENT,COTTAGE GROVE,7/12/2026 12:00:00 AM,CG26030161,"6XXX  - 6740 HIGHLAND HILLS LN S, COTTAGE GROVE",TRAFFIC STOP
COTTAGE GROVE POLICE DEPARTMENT,COTTAGE GROVE,7/12/2026 2:16:57 AM,CG26030021,"7XXX  Hardwood Ave S, COTTAGE GROVE",NOISE COMPLAINT/DISTURBANCE
COTTAGE GROVE POLICE DEPARTMENT,COTTAGE GROVE,7/12/2026 2:23:19 AM,CG26030022,"8XXX  91st St S, COTTAGE GROVE",MEDICAL
COTTAGE GROVE POLICE DEPARTMENT,COTTAGE GROVE,7/12/2026 3:20:04 AM,CG26030026,"8XXX  - 8599 EAST POINT DOUGLAS RD S, COTTAGE GROVE",DWI
COTTAGE GROVE POLICE DEPARTMENT,COTTAGE GROVE,7/12/2026 7:56:46 AM,CG26030036,"6XXX  101st St S, COTTAGE GROVE",MEDICAL
COTTAGE GROVE POLICE DEPARTMENT,COTTAGE GROVE,7/12/2026 9:14:11 AM,CG26030048,"Unknown, COTTAGE GROVE",ASSIST OTHER AGENCY
COTTAGE GROVE POLICE DEPARTMENT,COTTAGE GROVE,7/12/2026 9:54:25 AM,CG26030058,"6XXX  80th St S, COTTAGE GROVE",MEDICAL
COTTAGE GROVE POLICE DEPARTMENT,COTTAGE GROVE,7/12/2026 10:09:01 AM,CG26030061,"8XXX  Jody Cir S, COTTAGE GROVE",SUSPICIOUS PERSON/ACTIVITY
COTTAGE GROVE POLICE DEPARTMENT,COTTAGE GROVE,7/12/2026 12:21:52 PM,CG26030094,"6XXX  Meadow Grass Ln S, COTTAGE GROVE",SUSPICIOUS PERSON/ACTIVITY
COTTAGE GROVE POLICE DEPARTMENT,COTTAGE GROVE,7/12/2026 12:27:11 PM,CG26030095,"9XXX  78th St S, COTTAGE GROVE",WELFARE CHECK
COTTAGE GROVE POLICE DEPARTMENT,COTTAGE GROVE,7/12/2026 12:40:25 PM,CG26030097,"9XXX  Indian Blvd S, COTTAGE GROVE",WELFARE CHECK
COTTAGE GROVE POLICE DEPARTMENT,COTTAGE GROVE,7/12/2026 1:15:08 PM,CG26030103,"7XXX  Hinton Ave S, COTTAGE GROVE",MEDICAL
COTTAGE GROVE POLICE DEPARTMENT,COTTAGE GROVE,7/12/2026 1:33:11 PM,CG26030111,"6XXX  Foxtail Ct S, COTTAGE GROVE",ALARM-BUSINESS/RES/FIRE/MEDICAL/ETC
COTTAGE GROVE POLICE DEPARTMENT,COTTAGE GROVE,7/12/2026 3:03:10 PM,CG26030124,"7XXX  Jeffery Ave S, COTTAGE GROVE",MEDICAL
COTTAGE GROVE POLICE DEPARTMENT,COTTAGE GROVE,7/12/2026 3:16:23 PM,CG26030126,"85TH ST S / GROSPOINT AVE S, COTTAGE GROVE",PARKING VIOLATION
COTTAGE GROVE POLICE DEPARTMENT,COTTAGE GROVE,7/12/2026 4:55:43 PM,CG26030136,"8XXX  East Point Douglas Rd S, COTTAGE GROVE",DRUGS
COTTAGE GROVE POLICE DEPARTMENT,COTTAGE GROVE,7/12/2026 7:05:36 PM,CG26030140,"8XXX  Jergen Ave S, COTTAGE GROVE",MEDICAL
COTTAGE GROVE POLICE DEPARTMENT,COTTAGE GROVE,7/13/2026 12:10:44 AM,CG26030167,"9XXX  82ND ST S, COTTAGE GROVE",DISTURBANCE
COTTAGE GROVE POLICE DEPARTMENT,COTTAGE GROVE,7/13/2026 2:13:51 AM,CG26030170,"7XXX  Jasmine Ave S, COTTAGE GROVE",MEDICAL
COTTAGE GROVE POLICE DEPARTMENT,COTTAGE GROVE,7/13/2026 5:06:43 AM,CG26030174,"7XXX  Langly Ave S, COTTAGE GROVE",MEDICAL
COTTAGE GROVE POLICE DEPARTMENT,COTTAGE GROVE,7/13/2026 6:52:40 AM,CG26030176,"9XXX  Hames Ave S, COTTAGE GROVE",ASSIST OTHER AGENCY
COTTAGE GROVE POLICE DEPARTMENT,COTTAGE GROVE,7/13/2026 9:14:39 AM,CG26030182,"8XXX  East Point Douglas Rd S, COTTAGE GROVE",UNWANTED PERSON/VEHICLE
COTTAGE GROVE POLICE DEPARTMENT,COTTAGE GROVE,7/13/2026 9:58:02 AM,CG26030184,"7XXX  Timber Crest Dr S, COTTAGE GROVE",LIFT ASSIST
COTTAGE GROVE POLICE DEPARTMENT,COTTAGE GROVE,7/13/2026 9:59:01 AM,CG26030185,"6XXX  East Point Douglas Rd S, COTTAGE GROVE",MEDICAL
COTTAGE GROVE POLICE DEPARTMENT,COTTAGE GROVE,7/13/2026 11:38:35 AM,CG26030214,"7XXX  Timber Crest Dr S, COTTAGE GROVE",MEDICAL
COTTAGE GROVE POLICE DEPARTMENT,COTTAGE GROVE,7/13/2026 11:46:52 AM,CG26030216,"7XXX  INMAN AVE S, COTTAGE GROVE",HARASSMENT
COTTAGE GROVE POLICE DEPARTMENT,COTTAGE GROVE,7/13/2026 12:45:26 PM,CG26030222,"Unknown, COTTAGE GROVE",SUSPICIOUS PERSON/ACTIVITY
COTTAGE GROVE POLICE DEPARTMENT,COTTAGE GROVE,7/13/2026 12:52:07 PM,CG26030225,"9XXX  Islay Ave S, COTTAGE GROVE",LOST PROPERTY/ITEM
COTTAGE GROVE POLICE DEPARTMENT,COTTAGE GROVE,7/13/2026 12:52:36 PM,CG26030223,"6XXX  - 6688 INSKIP AVE S, COTTAGE GROVE",PARKING VIOLATION
COTTAGE GROVE POLICE DEPARTMENT,COTTAGE GROVE,7/13/2026 12:56:23 PM,CG26030226,"9XXX  Jeffery Ave S, COTTAGE GROVE",OVERDOSE
COTTAGE GROVE POLICE DEPARTMENT,COTTAGE GROVE,7/13/2026 3:05:15 PM,CG26030249,"8XXX  Hadley Ave S, COTTAGE GROVE",MEDICAL
COTTAGE GROVE POLICE DEPARTMENT,COTTAGE GROVE,7/13/2026 5:07:27 PM,CG26030275,"8XXX  East Point Douglas Rd S, COTTAGE GROVE",ACCIDENT
COTTAGE GROVE POLICE DEPARTMENT,COTTAGE GROVE,7/13/2026 5:31:28 PM,CG26030284,"9XXX  73RD ST S, COTTAGE GROVE",ASSIST OTHER AGENCY
COTTAGE GROVE POLICE DEPARTMENT,COTTAGE GROVE,7/13/2026 8:05:06 PM,CG26030312,"70TH ST S / KEATS AVE S, COTTAGE GROVE",MEDICAL
COTTAGE GROVE POLICE DEPARTMENT,COTTAGE GROVE,7/13/2026 8:45:19 PM,CG26030317,"MEADOW GRASS AVE S, COTTAGE GROVE",TRAFFIC STOP
COTTAGE GROVE POLICE DEPARTMENT,COTTAGE GROVE,7/14/2026 1:07:57 AM,CG26030346,"7XXX  Hemingway Ave S, COTTAGE GROVE",MEDICAL
COTTAGE GROVE POLICE DEPARTMENT,COTTAGE GROVE,7/14/2026 2:23:22 AM,CG26030363,"6XXX  91st St S, COTTAGE GROVE",MEDICAL
COTTAGE GROVE POLICE DEPARTMENT,COTTAGE GROVE,7/14/2026 7:52:17 AM,CG26030371,"8XXX  Inwood Ave S, COTTAGE GROVE",MEDICAL
COTTAGE GROVE POLICE DEPARTMENT,COTTAGE GROVE,7/14/2026 8:41:50 AM,CG26030375,"Highland Hills Blvd S / Highland Hills Ln S, COTTAGE GROVE",SUSPICIOUS PERSON/ACTIVITY
COTTAGE GROVE POLICE DEPARTMENT,COTTAGE GROVE,7/14/2026 9:32:41 AM,CG26030376,"80th St S / Grange Blvd S, COTTAGE GROVE",PROPERTY DAMAGE
COTTAGE GROVE POLICE DEPARTMENT,COTTAGE GROVE,7/14/2026 9:38:43 AM,CG26030377,"JAMAICA AVE S, COTTAGE GROVE",ACCIDENT
COTTAGE GROVE POLICE DEPARTMENT,COTTAGE GROVE,7/14/2026 10:02:18 AM,CG26030380,"7XXX  Timber Crest Dr S, COTTAGE GROVE",ALARM-BUSINESS/RES/FIRE/MEDICAL/ETC
COTTAGE GROVE POLICE DEPARTMENT,COTTAGE GROVE,7/14/2026 11:10:35 AM,CG26030401,"9XXX  Harrow Ct S, COTTAGE GROVE",WELFARE CHECK
COTTAGE GROVE POLICE DEPARTMENT,COTTAGE GROVE,7/14/2026 12:14:25 PM,CG26030406,"8XXX  Greene Ave S, COTTAGE GROVE",PARKING VIOLATION
COTTAGE GROVE POLICE DEPARTMENT,COTTAGE GROVE,7/14/2026 1:02:18 PM,CG26030409,"6XXX  92nd Bay S, COTTAGE GROVE",IDENTITY THEFT
COTTAGE GROVE POLICE DEPARTMENT,COTTAGE GROVE,7/14/2026 1:37:24 PM,CG26030415,"7XXX  East Point Douglas Rd S, COTTAGE GROVE",WELFARE CHECK
COTTAGE GROVE POLICE DEPARTMENT,COTTAGE GROVE,7/14/2026 1:48:58 PM,CG26030416,"8XXX  Hamlet Ave S, COTTAGE GROVE",DWI
COTTAGE GROVE POLICE DEPARTMENT,COTTAGE GROVE,7/14/2026 1:57:23 PM,CG26030421,"12XXX  Ravine Pkwy S, COTTAGE GROVE",CITIZEN/PUBLIC ASSIST
COTTAGE GROVE POLICE DEPARTMENT,COTTAGE GROVE,7/14/2026 1:57:57 PM,CG26030420,"6XXX  92nd Bay S, COTTAGE GROVE",MEDICAL
COTTAGE GROVE POLICE DEPARTMENT,COTTAGE GROVE,7/14/2026 2:40:15 PM,CG26030423,"6XXX  Jasmine Ave S, COTTAGE GROVE",HARASSMENT
COTTAGE GROVE POLICE DEPARTMENT,COTTAGE GROVE,7/14/2026 3:50:48 PM,CG26030428,"7XXX  East Point Douglas Rd S, COTTAGE GROVE",SHOPLIFTING
COTTAGE GROVE POLICE DEPARTMENT,COTTAGE GROVE,7/14/2026 10:09:27 PM,CG26030474,"6XXX  99th St S, COTTAGE GROVE",CITIZEN/PUBLIC ASSIST
COTTAGE GROVE POLICE DEPARTMENT,COTTAGE GROVE,7/14/2026 10:16:31 PM,CG26030475,"8XXX  Jensen Ave S, COTTAGE GROVE",MEDICAL
COTTAGE GROVE POLICE DEPARTMENT,COTTAGE GROVE,7/14/2026 10:46:13 PM,CG26030478,"8XXX  Lamar Ave S, COTTAGE GROVE",RUNAWAY
COTTAGE GROVE POLICE DEPARTMENT,COTTAGE GROVE,7/15/2026 11:42:53 AM,CG26030522,"7XXX  JEFFERY AVE S, COTTAGE GROVE",MEDICAL
COTTAGE GROVE POLICE DEPARTMENT,COTTAGE GROVE,7/15/2026 1:58:55 PM,CG26030543,"12XXX  Ravine Pkwy S, COTTAGE GROVE",THREATS
COTTAGE GROVE POLICE DEPARTMENT,COTTAGE GROVE,7/15/2026 3:46:44 PM,CG26030562,"7XXX  East Point Douglas Rd S, COTTAGE GROVE",ACCIDENT
COTTAGE GROVE POLICE DEPARTMENT,COTTAGE GROVE,7/15/2026 3:56:39 PM,CG26030566,"8XXX  East Point Douglas Rd S, COTTAGE GROVE",ACCIDENT
COTTAGE GROVE POLICE DEPARTMENT,COTTAGE GROVE,7/15/2026 4:45:08 PM,CG26030583,"6XXX  80th St S, COTTAGE GROVE",MEDICAL
COTTAGE GROVE POLICE DEPARTMENT,COTTAGE GROVE,7/15/2026 6:53:57 PM,CG26030618,"7XXX  74th Street Ct S, COTTAGE GROVE",MEDICAL
COTTAGE GROVE POLICE DEPARTMENT,COTTAGE GROVE,7/15/2026 10:37:28 PM,CG26030670,"6XXX  Janero Ave S, COTTAGE GROVE",MEDICAL
COTTAGE GROVE POLICE DEPARTMENT,COTTAGE GROVE,7/16/2026 5:05:29 AM,CG26030679,"7XXX  East Point Douglas Rd S, COTTAGE GROVE",MEDICAL
COTTAGE GROVE POLICE DEPARTMENT,COTTAGE GROVE,7/16/2026 8:00:21 AM,CG26030698,"7XXX  River Acres Rd S, COTTAGE GROVE",MEDICAL
COTTAGE GROVE POLICE DEPARTMENT,COTTAGE GROVE,7/16/2026 8:07:19 AM,CG26030699,"INNOVATION RD S, COTTAGE GROVE",TRAFFIC STOP
COTTAGE GROVE POLICE DEPARTMENT,COTTAGE GROVE,7/16/2026 11:02:01 AM,CG26030714,"8XXX  92nd St S, COTTAGE GROVE",MEDICAL
COTTAGE GROVE POLICE DEPARTMENT,COTTAGE GROVE,7/16/2026 12:10:02 PM,CG26030735,"7XXX  Jocelyn Ave S, COTTAGE GROVE",MEDICAL
COTTAGE GROVE POLICE DEPARTMENT,COTTAGE GROVE,7/16/2026 1:24:43 PM,CG26030746,"6XXX  East Point Douglas Rd S, COTTAGE GROVE",MEDICAL
COTTAGE GROVE POLICE DEPARTMENT,COTTAGE GROVE,7/16/2026 2:58:00 PM,CG26030768,"7XXX  EAST POINT DOUGLAS RD S, COTTAGE GROVE",SHOPLIFTING
COTTAGE GROVE POLICE DEPARTMENT,COTTAGE GROVE,7/16/2026 6:10:16 PM,CG26030786,"10XXX  Hemingway Ave S, COTTAGE GROVE",MISSING PERSON
COTTAGE GROVE POLICE DEPARTMENT,COTTAGE GROVE,7/16/2026 7:10:26 PM,CG26030805,"Harkness Ave S / Harkness Way S, COTTAGE GROVE",MEDICAL
COTTAGE GROVE POLICE DEPARTMENT,COTTAGE GROVE,7/16/2026 8:04:15 PM,CG26030808,"8XXX  Innsdale Ave S, COTTAGE GROVE",MEDICAL
COTTAGE GROVE POLICE DEPARTMENT,COTTAGE GROVE,7/17/2026 8:59:13 AM,CG26030878,"8XXX  Greenway Ave S, COTTAGE GROVE",MEDICAL
COTTAGE GROVE POLICE DEPARTMENT,COTTAGE GROVE,7/17/2026 11:12:54 AM,CG26030894,"65th St S / Geneva Ave S, COTTAGE GROVE",MEDICAL
COTTAGE GROVE POLICE DEPARTMENT,COTTAGE GROVE,7/17/2026 12:18:02 PM,CG26030908,"8XXX  EAST POINT DOUGLAS RD S, COTTAGE GROVE",TRAFFIC STOP
COTTAGE GROVE POLICE DEPARTMENT,COTTAGE GROVE,7/17/2026 4:11:45 PM,CG26030943,"8XXX  79th St S, COTTAGE GROVE",MEDICAL
COTTAGE GROVE POLICE DEPARTMENT,COTTAGE GROVE,7/17/2026 5:36:00 PM,CG26030969,"8XXX  Johansen Ave S, COTTAGE GROVE",MEDICAL
COTTAGE GROVE POLICE DEPARTMENT,COTTAGE GROVE,7/17/2026 5:52:01 PM,CG26030974,"11XXX  Kingsborough Trl S, COTTAGE GROVE",MEDICAL
COTTAGE GROVE POLICE DEPARTMENT,COTTAGE GROVE,7/17/2026 7:03:51 PM,CG26030990,"8XXX  81st St S, COTTAGE GROVE",MEDICAL
COTTAGE GROVE POLICE DEPARTMENT,COTTAGE GROVE,7/17/2026 10:20:17 PM,CG26031027,"8XXX  Jody Ave S, COTTAGE GROVE",MEDICAL
COTTAGE GROVE POLICE DEPARTMENT,COTTAGE GROVE,7/18/2026 9:21:36 AM,CG26031091,"7XXX  98th St S, COTTAGE GROVE",MEDICAL
COTTAGE GROVE POLICE DEPARTMENT,COTTAGE GROVE,7/18/2026 11:01:42 AM,CG26031111,"7XXX  EAST POINT DOUGLAS RD S, COTTAGE GROVE",TRAFFIC STOP
COTTAGE GROVE POLICE DEPARTMENT,COTTAGE GROVE,7/18/2026 12:45:53 PM,CG26031122,"7XXX  Harkness Ave S, COTTAGE GROVE",MEDICAL
COTTAGE GROVE POLICE DEPARTMENT,COTTAGE GROVE,7/18/2026 3:56:52 PM,CG26031138,"6XXX  80th St S, COTTAGE GROVE",MEDICAL
COTTAGE GROVE POLICE DEPARTMENT,COTTAGE GROVE,7/18/2026 6:02:57 PM,CG26031166,"6XXX  Janero Ave S, COTTAGE GROVE",WELFARE CHECK
COTTAGE GROVE POLICE DEPARTMENT,COTTAGE GROVE,7/18/2026 6:17:39 PM,CG26031173,"8XXX  90th St S, COTTAGE GROVE",WELFARE CHECK
COTTAGE GROVE POLICE DEPARTMENT,COTTAGE GROVE,7/18/2026 9:15:27 PM,CG26031209,"10XXX  Lehigh Rd S, COTTAGE GROVE",MEDICAL
FOREST LAKE POLICE DEPARTMENT,FOREST LAKE,7/12/2026 1:52:09 PM,FL26009095,"XXX 12TH ST SW, FOREST LAKE",THEFT
FOREST LAKE POLICE DEPARTMENT,FOREST LAKE,7/12/2026 5:07:10 PM,FL26009102,"XXX LAKE ST N, FOREST LAKE",LOST PROPERTY/ITEM
FOREST LAKE POLICE DEPARTMENT,FOREST LAKE,7/12/2026 7:20:58 PM,FL26009107,"11TH AVE SW & 12TH ST SW, FOREST LAKE",TRAFFIC STOP
FOREST LAKE POLICE DEPARTMENT,FOREST LAKE,7/12/2026 7:23:26 PM,FL26009108,"4XXX  202ND ST N, FOREST LAKE",DROWNING
FOREST LAKE POLICE DEPARTMENT,FOREST LAKE,7/12/2026 8:23:13 PM,FL26009110,"Forest Lake Hagberg Boat Landing, FOREST LAKE",LOCKOUT
FOREST LAKE POLICE DEPARTMENT,FOREST LAKE,7/12/2026 9:28:31 PM,FL26009114,"6XXX  NORTH SHORE TRL N, FOREST LAKE",TRESPASSING
FOREST LAKE POLICE DEPARTMENT,FOREST LAKE,7/12/2026 10:36:00 PM,FL26009119,"20XXX  FENSTON AVE N, FOREST LAKE",RUNAWAY
FOREST LAKE POLICE DEPARTMENT,FOREST LAKE,7/13/2026 7:12:08 AM,FL26009125,"22XXX  EVERTON AVE N, FOREST LAKE",FOUND PROPERTY/ITEM
FOREST LAKE POLICE DEPARTMENT,FOREST LAKE,7/13/2026 10:21:31 AM,FL26009128,"XXX APARTMENT LN SW, FOREST LAKE",HRO VIOLATION
FOREST LAKE POLICE DEPARTMENT,FOREST LAKE,7/13/2026 10:49:25 AM,FL26009130,"2XXX  Broadway Ave W, FOREST LAKE",ACCIDENT
FOREST LAKE POLICE DEPARTMENT,FOREST LAKE,7/13/2026 12:01:23 PM,FL26009135,"23XXX  HEATH AVE N, FOREST LAKE",RUNAWAY
FOREST LAKE POLICE DEPARTMENT,FOREST LAKE,7/13/2026 12:18:48 PM,FL26009136,"XXX 11TH AVE SW, FOREST LAKE",CITIZEN/PUBLIC ASSIST
FOREST LAKE POLICE DEPARTMENT,FOREST LAKE,7/13/2026 2:11:33 PM,FL26009142,"19XXX  FOREST RD N, FOREST LAKE",ACCIDENT
FOREST LAKE POLICE DEPARTMENT,FOREST LAKE,7/13/2026 2:50:20 PM,FL26009146,"1XXX  7th Ave Sw, FOREST LAKE",FOUND PROPERTY/ITEM
FOREST LAKE POLICE DEPARTMENT,FOREST LAKE,7/14/2026 4:19:44 AM,FL26009169,"NORTH SHORE TRL N & GREENWAY LN N, FOREST LAKE",TRAFFIC STOP
FOREST LAKE POLICE DEPARTMENT,FOREST LAKE,7/14/2026 4:30:24 AM,FL26009170,"NORTH SHORE TRL N & HAWTHORN AVE N, FOREST LAKE",TRAFFIC STOP
FOREST LAKE POLICE DEPARTMENT,FOREST LAKE,7/14/2026 8:12:17 AM,FL26009176,"1XXX  BROADWAY AVE W, FOREST LAKE",PROPERTY DAMAGE
FOREST LAKE POLICE DEPARTMENT,FOREST LAKE,7/14/2026 8:39:44 AM,FL26009178,"11TH AVE SW & LAKE ST S, FOREST LAKE",TRAFFIC STOP
FOREST LAKE POLICE DEPARTMENT,FOREST LAKE,7/14/2026 9:13:00 AM,FL26009180,"BROADWAY AVE W TO I35 NB RAMP, FOREST LAKE",ACCIDENT
FOREST LAKE POLICE DEPARTMENT,FOREST LAKE,7/14/2026 1:06:26 PM,FL26009189,"XX LEE ST, FOREST LAKE",THEFT
FOREST LAKE POLICE DEPARTMENT,FOREST LAKE,7/14/2026 1:29:14 PM,FL26009190,"19XXX  FOREST RD N, FOREST LAKE",THEFT
FOREST LAKE POLICE DEPARTMENT,FOREST LAKE,7/14/2026 5:29:18 PM,FL26009207,"20XXX  KEATS AVE N, FOREST LAKE",ANIMAL COMPLAINT
FOREST LAKE POLICE DEPARTMENT,FOREST LAKE,7/14/2026 6:50:52 PM,FL26009214,"NORTH SHORE TRL N & 236TH STREET CIR N, FOREST LAKE",TRAFFIC STOP
FOREST LAKE POLICE DEPARTMENT,FOREST LAKE,7/14/2026 8:10:14 PM,FL26009222,"XXX 12TH ST SW, FOREST LAKE",THEFT
FOREST LAKE POLICE DEPARTMENT,FOREST LAKE,7/15/2026 4:59:36 AM,FL26009238,"EVERTON AVE N & 206TH ST N, FOREST LAKE",TRAFFIC STOP
FOREST LAKE POLICE DEPARTMENT,FOREST LAKE,7/15/2026 10:37:31 AM,FL26009244,"XXX 1ST ST NE, FOREST LAKE",DEATH INVESTIGATION
FOREST LAKE POLICE DEPARTMENT,FOREST LAKE,7/15/2026 12:43:03 PM,FL26009251,"12TH ST SW & 11TH AVE SW, FOREST LAKE",ACCIDENT
FOREST LAKE POLICE DEPARTMENT,FOREST LAKE,7/15/2026 3:49:27 PM,FL26009257,"XXX 12th St Sw, FOREST LAKE",DISTURBANCE
FOREST LAKE POLICE DEPARTMENT,FOREST LAKE,7/15/2026 4:05:55 PM,FL26009259,"XXX LAKE ST S, FOREST LAKE",SUSPICIOUS PERSON/ACTIVITY
FOREST LAKE POLICE DEPARTMENT,FOREST LAKE,7/15/2026 7:45:43 PM,FL26009265,"XXX LAKE ST S, FOREST LAKE",ACCIDENT
FOREST LAKE POLICE DEPARTMENT,FOREST LAKE,7/15/2026 8:17:11 PM,FL26009267,"XXX 12th St Sw, FOREST LAKE",SHOPLIFTING
FOREST LAKE POLICE DEPARTMENT,FOREST LAKE,7/15/2026 10:28:29 PM,FL26009272,"1XXX  APARTMENT LN SW, FOREST LAKE",911 ABANDONED/HANGUP/OPEN LINE
FOREST LAKE POLICE DEPARTMENT,FOREST LAKE,7/16/2026 7:17:17 AM,FL26009276,"22XXX  EVERGREEN CIR, FOREST LAKE",MEDICAL
FOREST LAKE POLICE DEPARTMENT,FOREST LAKE,7/16/2026 9:21:26 AM,FL26009280,"1XXX  Lake St S, FOREST LAKE",FOUND PROPERTY/ITEM
FOREST LAKE POLICE DEPARTMENT,FOREST LAKE,7/16/2026 12:18:40 PM,FL26009285,"XXX 1ST AVE SW, FOREST LAKE",VEHICLE UNLOCK
FOREST LAKE POLICE DEPARTMENT,FOREST LAKE,7/16/2026 3:20:17 PM,FL26009290,"XXX 4TH AVE NW, FOREST LAKE",MISSING PERSON
FOREST LAKE POLICE DEPARTMENT,FOREST LAKE,7/16/2026 5:25:17 PM,FL26009297,"XXX 12TH ST SW, FOREST LAKE",VEHICLE UNLOCK
FOREST LAKE POLICE DEPARTMENT,FOREST LAKE,7/16/2026 7:37:07 PM,FL26009304,"XXX APARTMENT LN SW, FOREST LAKE",SUICIDE ATTEMPT/THREATS OF
FOREST LAKE POLICE DEPARTMENT,FOREST LAKE,7/16/2026 9:04:54 PM,FL26009308,"XXX 12TH ST SW, FOREST LAKE",CIVIL MATTER/DISPUTE
FOREST LAKE POLICE DEPARTMENT,FOREST LAKE,7/16/2026 10:13:43 PM,FL26009311,"CENTENNIAL DR SW & 11TH AVE SW, FOREST LAKE",FLEEING
FOREST LAKE POLICE DEPARTMENT,FOREST LAKE,7/17/2026 8:29:15 AM,FL26009320,"XXX 9TH AVE SW, FOREST LAKE",JUVENILE COMPLAINT
FOREST LAKE POLICE DEPARTMENT,FOREST LAKE,7/17/2026 11:04:19 AM,FL26009329,"9XXX  227TH STREET CT N, FOREST LAKE",MEDICAL
FOREST LAKE POLICE DEPARTMENT,FOREST LAKE,7/17/2026 11:05:47 AM,FL26009330,"22XXX  ELSTON AVE, FOREST LAKE",FOUND PROPERTY/ITEM
FOREST LAKE POLICE DEPARTMENT,FOREST LAKE,7/17/2026 2:39:39 PM,FL26009334,"1XXX  11TH AVE SW, FOREST LAKE",DISTURBANCE
FOREST LAKE POLICE DEPARTMENT,FOREST LAKE,7/17/2026 6:59:57 PM,FL26009344,"11TH AVE SW & EUREKA AVE N, FOREST LAKE",TRAFFIC STOP
FOREST LAKE POLICE DEPARTMENT,FOREST LAKE,7/17/2026 7:40:42 PM,FL26009348,"XXX 12TH ST SW, FOREST LAKE",LOST PROPERTY/ITEM
FOREST LAKE POLICE DEPARTMENT,FOREST LAKE,7/17/2026 9:00:16 PM,FL26009351,"19XXX  English Ln N, FOREST LAKE",PROPERTY DAMAGE
FOREST LAKE POLICE DEPARTMENT,FOREST LAKE,7/17/2026 9:25:22 PM,FL26009354,"1XXX  4TH ST SE, FOREST LAKE",WELFARE CHECK
FOREST LAKE POLICE DEPARTMENT,FOREST LAKE,7/18/2026 1:22:00 AM,FL26009346,"LAKE ST S & 11TH AVE SE, FOREST LAKE",TRAFFIC STOP
FOREST LAKE POLICE DEPARTMENT,FOREST LAKE,7/18/2026 3:34:00 AM,FL26009358,"XXX 12TH ST SW, FOREST LAKE",THREATS
FOREST LAKE POLICE DEPARTMENT,FOREST LAKE,7/18/2026 2:43:01 PM,FL26009377,"XXX 1ST AVE SW, FOREST LAKE",LOCKOUT
FOREST LAKE POLICE DEPARTMENT,FOREST LAKE,7/18/2026 3:44:58 PM,FL26009379,"XXX 2ND AVE NW, FOREST LAKE",WILD ANIMAL
FOREST LAKE POLICE DEPARTMENT,FOREST LAKE,7/18/2026 9:26:41 PM,FL26009398,"XX 1ST ST NE, FOREST LAKE",THEFT FROM MOTOR VEHICLE
OAKDALE POLICE DEPARTMENT,MAHTOMEDI,7/13/2026 11:54:00 PM,OD26008856,"XXX WILDWOOD RD, MAHTOMEDI",ASSIST OTHER AGENCY
OAKDALE POLICE DEPARTMENT,OAKDALE,7/12/2026 12:00:00 AM,OD26008765,"10TH ST N & GENEVA AVE N, OAKDALE",TRAFFIC STOP
OAKDALE POLICE DEPARTMENT,OAKDALE,7/12/2026 12:00:00 AM,OD26008797,"10th St N / Greystone Ave N, OAKDALE",ACCIDENT
OAKDALE POLICE DEPARTMENT,OAKDALE,7/12/2026 12:04:33 AM,OD26008761,"1XXX  Granada Cir N, OAKDALE",FIREWORKS
OAKDALE POLICE DEPARTMENT,OAKDALE,7/12/2026 12:18:20 AM,OD26008762,"7XXX  10TH ST N, OAKDALE",SUSPICIOUS PERSON/ACTIVITY
OAKDALE POLICE DEPARTMENT,OAKDALE,7/12/2026 12:35:30 AM,OD26008763,"10TH ST N / HADLEY AVE N, OAKDALE",TRAFFIC STOP
OAKDALE POLICE DEPARTMENT,OAKDALE,7/12/2026 12:46:03 AM,OD26008764,"XXX GLENBROOK AVE N, OAKDALE",PARK INCIDENT-CITY/COUNTY
OAKDALE POLICE DEPARTMENT,OAKDALE,7/12/2026 1:05:13 AM,OD26008766,"1XXX  GENEVA AVE N, OAKDALE",WARRANT ARREST
OAKDALE POLICE DEPARTMENT,OAKDALE,7/12/2026 1:24:33 AM,OD26008767,"7XXX  2nd ST N, OAKDALE",DRUNK/INTOXICATED 
OAKDALE POLICE DEPARTMENT,OAKDALE,7/12/2026 8:54:32 AM,OD26008770,"5XXX  HEATH AVE N, OAKDALE",911 ABANDONED/HANGUP/OPEN LINE
OAKDALE POLICE DEPARTMENT,OAKDALE,7/12/2026 9:14:49 AM,OD26008771,"7XXX  31ST ST N, OAKDALE",ANIMAL COMPLAINT
OAKDALE POLICE DEPARTMENT,OAKDALE,7/12/2026 9:56:55 AM,OD26008772,"7XXX  2ND ST N, OAKDALE",FIRE
OAKDALE POLICE DEPARTMENT,OAKDALE,7/12/2026 10:05:41 AM,OD26008773,"Geneva Ave N / Larpenteur Ave E, OAKDALE",WELFARE CHECK
OAKDALE POLICE DEPARTMENT,OAKDALE,7/12/2026 10:39:57 AM,OD26008774,"4XXX  Geneva Ave N, OAKDALE",WELFARE CHECK
OAKDALE POLICE DEPARTMENT,OAKDALE,7/12/2026 11:12:36 AM,OD26008776,"6XXX  47th St N, OAKDALE",911 ABANDONED/HANGUP/OPEN LINE
OAKDALE POLICE DEPARTMENT,OAKDALE,7/12/2026 11:13:14 AM,OD26008775,"5XXX  HADLEY AVE N, OAKDALE",SHOPLIFTING
OAKDALE POLICE DEPARTMENT,OAKDALE,7/12/2026 1:20:33 PM,OD26008778,"1XXX  HELMO AVE N, OAKDALE",CITIZEN/PUBLIC ASSIST
OAKDALE POLICE DEPARTMENT,OAKDALE,7/12/2026 2:10:23 PM,OD26008780,"1ST ST N & GREENWAY AVE N, OAKDALE",PUBLIC WORKS CONCERN
OAKDALE POLICE DEPARTMENT,OAKDALE,7/12/2026 2:13:45 PM,OD26008781,"4XXX  GENEVA AVE N, OAKDALE",MEDICAL
OAKDALE POLICE DEPARTMENT,OAKDALE,7/12/2026 2:58:54 PM,OD26008783,"7XXX  10TH ST N, OAKDALE",CITIZEN/PUBLIC ASSIST
OAKDALE POLICE DEPARTMENT,OAKDALE,7/12/2026 3:23:51 PM,OD26008785,"Granada Ave N / 26th St N, OAKDALE",FOUND PROPERTY/ITEM
OAKDALE POLICE DEPARTMENT,OAKDALE,7/12/2026 3:31:51 PM,OD26008786,"7XXX  10TH ST N, OAKDALE",SHOPLIFTING
OAKDALE POLICE DEPARTMENT,OAKDALE,7/12/2026 5:42:22 PM,OD26008788,"1XXX  Helmo Ave N, OAKDALE",ANIMAL COMPLAINT
OAKDALE POLICE DEPARTMENT,OAKDALE,7/12/2026 6:45:22 PM,OD26008789,"XXX GLENBROOK AVE N, OAKDALE",NOISE COMPLAINT/DISTURBANCE
OAKDALE POLICE DEPARTMENT,OAKDALE,7/12/2026 7:40:00 PM,OD26008790,"3XXX  Geneva Ave N, OAKDALE",TRAFFIC STOP
OAKDALE POLICE DEPARTMENT,OAKDALE,7/12/2026 7:44:15 PM,OD26008791,"4XXX  Heather Way N, OAKDALE",DISTURBANCE
OAKDALE POLICE DEPARTMENT,OAKDALE,7/12/2026 7:51:43 PM,OD26008793,"7XXX  15TH STREET LN N, OAKDALE",911 ABANDONED/HANGUP/OPEN LINE
OAKDALE POLICE DEPARTMENT,OAKDALE,7/12/2026 8:14:00 PM,OD26008794,"3XXX  GRANADA LN N, OAKDALE",FOLLOW UP
OAKDALE POLICE DEPARTMENT,OAKDALE,7/12/2026 8:15:29 PM,OD26008796,"1XXX  Goodwin Ave N, OAKDALE",911 ABANDONED/HANGUP/OPEN LINE
OAKDALE POLICE DEPARTMENT,OAKDALE,7/12/2026 8:40:00 PM,OD26008798,"6XXX  46TH ST N, OAKDALE",CITIZEN/PUBLIC ASSIST
OAKDALE POLICE DEPARTMENT,OAKDALE,7/12/2026 9:16:57 PM,OD26008800,"34TH ST N & HADLEY AVE N, OAKDALE",ACCIDENT
OAKDALE POLICE DEPARTMENT,OAKDALE,7/12/2026 11:15:11 PM,OD26008802,"XXX GLENBROOK AVE N, OAKDALE",SUSPICIOUS PERSON/ACTIVITY
OAKDALE POLICE DEPARTMENT,OAKDALE,7/12/2026 11:57:56 PM,OD26008803,"7XXX  38TH ST N, OAKDALE",NOISE COMPLAINT/DISTURBANCE
OAKDALE POLICE DEPARTMENT,OAKDALE,7/13/2026 12:25:27 AM,OD26008804,"1XXX  GENEVA AVE N, OAKDALE",DISTURBANCE
OAKDALE POLICE DEPARTMENT,OAKDALE,7/13/2026 4:41:57 AM,OD26008808,"XXX INWOOD AVE N, OAKDALE",UNWANTED PERSON/VEHICLE
OAKDALE POLICE DEPARTMENT,OAKDALE,7/13/2026 4:49:29 AM,OD26008809,"Stillwater Blvd N / Hilo Ave N, OAKDALE",WELFARE CHECK
OAKDALE POLICE DEPARTMENT,OAKDALE,7/13/2026 7:56:20 AM,OD26008813,"6XXX  25th Street Cir N, OAKDALE",CITIZEN/PUBLIC ASSIST
OAKDALE POLICE DEPARTMENT,OAKDALE,7/13/2026 8:36:27 AM,OD26008814,"XXX Imperial Ave N, OAKDALE",UNWANTED PERSON/VEHICLE
OAKDALE POLICE DEPARTMENT,OAKDALE,7/13/2026 9:35:47 AM,OD26008820,"XXX Greenway Ave N, OAKDALE",CITIZEN/PUBLIC ASSIST
OAKDALE POLICE DEPARTMENT,OAKDALE,7/13/2026 9:41:25 AM,OD26008821,"6XXX  Upper 46th St N, OAKDALE",ALARM-BUSINESS/RES/FIRE/MEDICAL/ETC
OAKDALE POLICE DEPARTMENT,OAKDALE,7/13/2026 10:01:59 AM,OD26008822,"1XXX  Hadley Ave N, OAKDALE",CIVIL MATTER/DISPUTE
OAKDALE POLICE DEPARTMENT,OAKDALE,7/13/2026 10:11:52 AM,OD26008823,"6XXX  Upper 54th St N, OAKDALE",MEDICAL
OAKDALE POLICE DEPARTMENT,OAKDALE,7/13/2026 11:44:00 AM,OD26008825,"6XXX  12TH ST N, OAKDALE",PARKING VIOLATION
OAKDALE POLICE DEPARTMENT,OAKDALE,7/13/2026 12:04:25 PM,OD26008828,"7XXX  10th St N, OAKDALE",SHOPLIFTING
OAKDALE POLICE DEPARTMENT,OAKDALE,7/13/2026 12:45:31 PM,OD26008830,"5XXX  Hadley Ave N, OAKDALE",ANIMAL COMPLAINT
OAKDALE POLICE DEPARTMENT,OAKDALE,7/13/2026 2:32:11 PM,OD26008835,"3XXX  Hadley Ave N, OAKDALE",VEHICLE UNLOCK
OAKDALE POLICE DEPARTMENT,OAKDALE,7/13/2026 3:10:09 PM,OD26008838,"3XXX  HADLEY AVE N, OAKDALE",ACCIDENT
OAKDALE POLICE DEPARTMENT,OAKDALE,7/13/2026 3:13:03 PM,OD26008839,"6XXX  15th St N, OAKDALE",SUSPICIOUS PERSON/ACTIVITY
OAKDALE POLICE DEPARTMENT,OAKDALE,7/13/2026 3:16:31 PM,OD26008840,"1XXX  Helmo Ave N, OAKDALE",ANIMAL COMPLAINT
OAKDALE POLICE DEPARTMENT,OAKDALE,7/13/2026 3:58:44 PM,OD26008841,"7XXX  19TH ST N, OAKDALE",MEDICAL
OAKDALE POLICE DEPARTMENT,OAKDALE,7/13/2026 5:03:09 PM,OD26008842,"1XXX  Geneva Ave N, OAKDALE",CITIZEN/PUBLIC ASSIST
OAKDALE POLICE DEPARTMENT,OAKDALE,7/13/2026 5:18:24 PM,OD26008844,"1XXX  Gentry Ave N, OAKDALE",ACCIDENT
OAKDALE POLICE DEPARTMENT,OAKDALE,7/13/2026 5:26:55 PM,OD26008845,"7XXX  Upper 19th St N, OAKDALE",ACCIDENT
OAKDALE POLICE DEPARTMENT,OAKDALE,7/13/2026 8:25:21 PM,OD26008850,"2XXX  HEATH AVE N, OAKDALE",911 ABANDONED/HANGUP/OPEN LINE
OAKDALE POLICE DEPARTMENT,OAKDALE,7/13/2026 10:49:18 PM,OD26008851,"1XXX  GENEVA AVE N, OAKDALE",TRAFFIC STOP
OAKDALE POLICE DEPARTMENT,OAKDALE,7/13/2026 10:59:45 PM,OD26008852,"1XXX  GENEVA AVE N, OAKDALE",TRAFFIC STOP
OAKDALE POLICE DEPARTMENT,OAKDALE,7/13/2026 11:12:02 PM,OD26008853,"XXX - 454 GROVNER AVE N, OAKDALE",TRAFFIC STOP
OAKDALE POLICE DEPARTMENT,OAKDALE,7/13/2026 11:15:32 PM,OD26008854,"6XXX  10TH ST N, OAKDALE",TRAFFIC STOP
OAKDALE POLICE DEPARTMENT,OAKDALE,7/14/2026 12:11:14 AM,OD26008858,"XXX Greenway Ave N, OAKDALE",MEDICAL
OAKDALE POLICE DEPARTMENT,OAKDALE,7/14/2026 12:15:12 AM,OD26008857," 10TH ST N / Greenway Ave n, OAKDALE",TRAFFIC STOP
OAKDALE POLICE DEPARTMENT,OAKDALE,7/14/2026 12:32:08 AM,OD26008859,"2XXX  Geneva Ave N, OAKDALE",TRAFFIC STOP
OAKDALE POLICE DEPARTMENT,OAKDALE,7/14/2026 12:58:53 AM,OD26008860,"5XXX  Hadley Ave N, OAKDALE",FIRE
OAKDALE POLICE DEPARTMENT,OAKDALE,7/14/2026 1:45:19 AM,OD26008862,"HWY 36 WB AT HADLEY AVE N, OAKDALE",TRAFFIC STOP
OAKDALE POLICE DEPARTMENT,OAKDALE,7/14/2026 9:30:33 AM,OD26008864,"1XXX  Granada Ave N, OAKDALE",WELFARE CHECK
OAKDALE POLICE DEPARTMENT,OAKDALE,7/14/2026 9:40:06 AM,OD26008865,"Unknown, OAKDALE",CITIZEN/PUBLIC ASSIST
OAKDALE POLICE DEPARTMENT,OAKDALE,7/14/2026 12:48:13 PM,OD26008868,"6XXX  42ND ST N, OAKDALE",PARKING VIOLATION
OAKDALE POLICE DEPARTMENT,OAKDALE,7/14/2026 2:22:32 PM,OD26008872,"8XXX  3rd St N, OAKDALE",PROPERTY DAMAGE
OAKDALE POLICE DEPARTMENT,OAKDALE,7/14/2026 2:23:46 PM,OD26008870,"7XXX  19th St N, OAKDALE",MEDICAL
OAKDALE POLICE DEPARTMENT,OAKDALE,7/14/2026 3:30:11 PM,OD26008874,"1XXX  Hadley Ave N, OAKDALE",MEDICAL
OAKDALE POLICE DEPARTMENT,OAKDALE,7/14/2026 3:56:08 PM,OD26008876,"7XXX  10th St N, OAKDALE",JUVENILE COMPLAINT
OAKDALE POLICE DEPARTMENT,OAKDALE,7/14/2026 4:01:56 PM,OD26008877,"1XXX  Hadley Ave N, OAKDALE",911 ABANDONED/HANGUP/OPEN LINE
OAKDALE POLICE DEPARTMENT,OAKDALE,7/14/2026 4:11:12 PM,OD26008879,"XXX Glenbrook Ave N, OAKDALE",PROPERTY DAMAGE
OAKDALE POLICE DEPARTMENT,OAKDALE,7/14/2026 4:12:20 PM,OD26008878,"MARKET PL N / 34TH ST N, OAKDALE",MOTORIST ASSIST
OAKDALE POLICE DEPARTMENT,OAKDALE,7/14/2026 4:15:31 PM,OD26008880,"XXX Greenway Ave N, OAKDALE",MEDICAL
OAKDALE POLICE DEPARTMENT,OAKDALE,7/14/2026 5:15:47 PM,OD26008882,"7XXX  38TH ST N, OAKDALE",DISTURBANCE
OAKDALE POLICE DEPARTMENT,OAKDALE,7/14/2026 5:16:26 PM,OD26008881,"8XXX  3rd St N, OAKDALE",CIVIL MATTER/DISPUTE
OAKDALE POLICE DEPARTMENT,OAKDALE,7/14/2026 5:30:24 PM,OD26008883,"1XXX  Helmo Ave N, OAKDALE",ANIMAL COMPLAINT
OAKDALE POLICE DEPARTMENT,OAKDALE,7/14/2026 5:35:01 PM,OD26008884,"6XXX  10TH ST N, OAKDALE",WELFARE CHECK
OAKDALE POLICE DEPARTMENT,OAKDALE,7/14/2026 6:59:25 PM,OD26008887,"7XXX  13th St N, OAKDALE",WELFARE CHECK
OAKDALE POLICE DEPARTMENT,OAKDALE,7/14/2026 7:16:44 PM,OD26008888,"XXX GREENWAY AVE N, OAKDALE",CITIZEN/PUBLIC ASSIST
OAKDALE POLICE DEPARTMENT,OAKDALE,7/14/2026 8:10:02 PM,OD26008889,"7XXX  11TH ST N, OAKDALE",911 ABANDONED/HANGUP/OPEN LINE
OAKDALE POLICE DEPARTMENT,OAKDALE,7/14/2026 9:14:38 PM,OD26008890,"I694 / 4th St N, OAKDALE",TRAFFIC STOP
OAKDALE POLICE DEPARTMENT,OAKDALE,7/14/2026 9:20:46 PM,OD26008891,"1XXX  GENEVA AVE N, OAKDALE",TRAFFIC STOP
OAKDALE POLICE DEPARTMENT,OAKDALE,7/14/2026 9:27:38 PM,OD26008892,"Holly Ln N / 4th St N, OAKDALE",DISTURBANCE
OAKDALE POLICE DEPARTMENT,OAKDALE,7/14/2026 10:02:36 PM,OD26008894,"6XXX  37TH ST N, OAKDALE",PROPERTY DAMAGE
OAKDALE POLICE DEPARTMENT,OAKDALE,7/14/2026 10:22:09 PM,OD26008896,"1XXX  GENEVA AVE N, OAKDALE",TRAFFIC STOP
OAKDALE POLICE DEPARTMENT,OAKDALE,7/14/2026 11:35:07 PM,OD26008897,"I694 NB JNO 15TH ST N, OAKDALE",TRAFFIC STOP
OAKDALE POLICE DEPARTMENT,OAKDALE,7/14/2026 11:46:00 PM,OD26008898,"2XXX  HADLEY AVE N, OAKDALE",TRAFFIC STOP
OAKDALE POLICE DEPARTMENT,OAKDALE,7/15/2026 12:00:00 AM,OD26008946,"7TH ST N & GENEVA AVE N, OAKDALE",TRAFFIC STOP
OAKDALE POLICE DEPARTMENT,OAKDALE,7/15/2026 12:04:45 AM,OD26008899,"1XXX  HADLEY AVE N, OAKDALE",WELFARE CHECK
OAKDALE POLICE DEPARTMENT,OAKDALE,7/15/2026 1:16:03 AM,OD26008901,"7XXX  10TH ST N, OAKDALE",TRAFFIC STOP
OAKDALE POLICE DEPARTMENT,OAKDALE,7/15/2026 1:29:14 AM,OD26008902,"1XXX  Geneva Ave N, OAKDALE",TRAFFIC STOP
OAKDALE POLICE DEPARTMENT,OAKDALE,7/15/2026 1:48:52 AM,OD26008903,"3XXX  IDEAL AVE N, OAKDALE",TRAFFIC STOP
OAKDALE POLICE DEPARTMENT,OAKDALE,7/15/2026 1:59:00 AM,OD26008904,"5XXX  GENEVA AVE N, OAKDALE",FLEEING
OAKDALE POLICE DEPARTMENT,OAKDALE,7/15/2026 5:20:47 AM,OD26008905,"7XXX  15TH ST N, OAKDALE",MEDICAL
OAKDALE POLICE DEPARTMENT,OAKDALE,7/15/2026 9:00:04 AM,OD26008909,"7XXX  19TH ST N, OAKDALE",PARKING VIOLATION
OAKDALE POLICE DEPARTMENT,OAKDALE,7/15/2026 9:08:32 AM,OD26008910,"XX Hadley Ave N, OAKDALE",FOUND PROPERTY/ITEM
OAKDALE POLICE DEPARTMENT,OAKDALE,7/15/2026 9:17:51 AM,OD26008911,"1XXX  Granada Ave N, OAKDALE",911 ABANDONED/HANGUP/OPEN LINE
OAKDALE POLICE DEPARTMENT,OAKDALE,7/15/2026 9:22:24 AM,OD26008912,"7XXX  10th St N, OAKDALE",911 ABANDONED/HANGUP/OPEN LINE
OAKDALE POLICE DEPARTMENT,OAKDALE,7/15/2026 10:33:22 AM,OD26008913,"8XXX  3rd St N, OAKDALE",MEDICAL
OAKDALE POLICE DEPARTMENT,OAKDALE,7/15/2026 10:57:23 AM,OD26008915,"6XXX  52nd St N, OAKDALE",DISTURBANCE
OAKDALE POLICE DEPARTMENT,OAKDALE,7/15/2026 10:58:16 AM,OD26008916,"6XXX  37th St N, OAKDALE",UNWANTED PERSON/VEHICLE
OAKDALE POLICE DEPARTMENT,OAKDALE,7/15/2026 11:10:28 AM,OD26008917,"1XXX  Hallmark Cir N, OAKDALE",911 ABANDONED/HANGUP/OPEN LINE
OAKDALE POLICE DEPARTMENT,OAKDALE,7/15/2026 12:21:41 PM,OD26008922,"2XXX  GRENADIER AVE N, OAKDALE",WELFARE CHECK
OAKDALE POLICE DEPARTMENT,OAKDALE,7/15/2026 2:08:21 PM,OD26008926,"1XXX  HALLMARK CIR N, OAKDALE",UNWANTED PERSON/VEHICLE
OAKDALE POLICE DEPARTMENT,OAKDALE,7/15/2026 2:21:55 PM,OD26008927,"Hadley Ave N / 30th St N, OAKDALE",CIVIL MATTER/DISPUTE
OAKDALE POLICE DEPARTMENT,OAKDALE,7/15/2026 2:29:36 PM,OD26008929,"49th St N / Goodwin Ave N, OAKDALE",TRAFFIC COMPLAINT
OAKDALE POLICE DEPARTMENT,OAKDALE,7/15/2026 2:30:41 PM,OD26008928,"6XXX  15th St N, OAKDALE",FOLLOW UP
OAKDALE POLICE DEPARTMENT,OAKDALE,7/15/2026 3:57:02 PM,OD26008933,"Hadley Ave N / 30th St N, OAKDALE",FOLLOW UP
OAKDALE POLICE DEPARTMENT,OAKDALE,7/15/2026 4:21:34 PM,OD26008934,"XXX INWOOD AVE N, OAKDALE",JUVENILE COMPLAINT
OAKDALE POLICE DEPARTMENT,OAKDALE,7/15/2026 4:47:49 PM,OD26008935,"XXX IMPERIAL AVE N, OAKDALE",SUSPICIOUS PERSON/ACTIVITY
OAKDALE POLICE DEPARTMENT,OAKDALE,7/15/2026 5:58:04 PM,OD26008937,"10th St N Over I694, OAKDALE",MOTORIST ASSIST
OAKDALE POLICE DEPARTMENT,OAKDALE,7/15/2026 6:07:57 PM,OD26008938,"3XXX  HADLEY AVE N, OAKDALE",ACCIDENT
OAKDALE POLICE DEPARTMENT,OAKDALE,7/15/2026 6:27:12 PM,OD26008939,"6XXX  15th St N, OAKDALE",CITIZEN/PUBLIC ASSIST
OAKDALE POLICE DEPARTMENT,OAKDALE,7/15/2026 6:47:08 PM,OD26008940,"7XXX  16th St N, OAKDALE",DISTURBANCE
OAKDALE POLICE DEPARTMENT,OAKDALE,7/15/2026 6:51:36 PM,OD26008941,"1XXX  GOODWIN AVE N, OAKDALE",DISTURBANCE
OAKDALE POLICE DEPARTMENT,OAKDALE,7/15/2026 7:38:53 PM,OD26008942,"1XXX  GOODWIN AVE N, OAKDALE",DISTURBANCE
OAKDALE POLICE DEPARTMENT,OAKDALE,7/15/2026 10:11:45 PM,OD26008944,"4XXX  GRENWICH WAY N, OAKDALE",MEDICAL
OAKDALE POLICE DEPARTMENT,OAKDALE,7/15/2026 10:30:15 PM,OD26008945,"7XXX  10TH ST N, OAKDALE",ALARM-BUSINESS/RES/FIRE/MEDICAL/ETC
OAKDALE POLICE DEPARTMENT,OAKDALE,7/15/2026 11:13:45 PM,OD26008947,"7XXX  55TH ST N, OAKDALE",SUSPICIOUS PERSON/ACTIVITY
OAKDALE POLICE DEPARTMENT,OAKDALE,7/15/2026 11:42:59 PM,OD26008949,"1XXX  Granada Ave N, OAKDALE",SUSPICIOUS PERSON/ACTIVITY
OAKDALE POLICE DEPARTMENT,OAKDALE,7/15/2026 11:45:34 PM,OD26008950,"Inwood Ave N / 3rd St N, OAKDALE",MOTORIST ASSIST
OAKDALE POLICE DEPARTMENT,OAKDALE,7/15/2026 11:47:36 PM,OD26008951,"4XXX  GERSHWIN AVE N, OAKDALE",DISTURBANCE
OAKDALE POLICE DEPARTMENT,OAKDALE,7/16/2026 12:00:00 AM,OD26008955,"40TH ST N / GERSHWIN AVE N, OAKDALE",TRAFFIC STOP
OAKDALE POLICE DEPARTMENT,OAKDALE,7/16/2026 12:11:59 AM,OD26008952,"I694 SB JSO 50TH ST N, OAKDALE",TRAFFIC STOP
OAKDALE POLICE DEPARTMENT,OAKDALE,7/16/2026 12:13:45 AM,OD26008953,"7XXX  27TH ST N, OAKDALE",911 ABANDONED/HANGUP/OPEN LINE
OAKDALE POLICE DEPARTMENT,OAKDALE,7/16/2026 1:22:31 AM,OD26008954,"7XXX  21ST ST N, OAKDALE",PARKING COMPLAINT
OAKDALE POLICE DEPARTMENT,OAKDALE,7/16/2026 2:35:15 AM,OD26008956,"4XXX  Geneva Ave N, OAKDALE",SUSPICIOUS PERSON/ACTIVITY
OAKDALE POLICE DEPARTMENT,OAKDALE,7/16/2026 6:23:01 AM,OD26008957,"XXX IMPERIAL AVE N, OAKDALE",TRESPASS NOTICE
OAKDALE POLICE DEPARTMENT,OAKDALE,7/16/2026 7:41:37 AM,OD26008959,"XXX GREYSTONE AVE N, OAKDALE",ACCIDENT
OAKDALE POLICE DEPARTMENT,OAKDALE,7/16/2026 7:51:58 AM,OD26008960,"XXX Helena Ave N, OAKDALE",WELFARE CHECK
OAKDALE POLICE DEPARTMENT,OAKDALE,7/16/2026 8:17:48 AM,OD26008962,"4XXX  Geneva Ave N, OAKDALE",NEIGHBOR DISPUTE
OAKDALE POLICE DEPARTMENT,OAKDALE,7/16/2026 8:20:26 AM,OD26008961,"7XXX  9TH STREET CT N, OAKDALE",MEDICAL
OAKDALE POLICE DEPARTMENT,OAKDALE,7/16/2026 8:31:56 AM,OD26008963,"6XXX  UPPER 46TH ST N, OAKDALE",NEIGHBOR DISPUTE
OAKDALE POLICE DEPARTMENT,OAKDALE,7/16/2026 8:40:55 AM,OD26008965,"1XXX  Granada Ave N, OAKDALE",CHILD CUSTODY
OAKDALE POLICE DEPARTMENT,OAKDALE,7/16/2026 9:14:34 AM,OD26008966,"XXX Helena Ave N, OAKDALE",FOLLOW UP
OAKDALE POLICE DEPARTMENT,OAKDALE,7/16/2026 10:09:33 AM,OD26008971,"12th St N / Granite Ave N, OAKDALE",DRIVING COMPLAINT
OAKDALE POLICE DEPARTMENT,OAKDALE,7/16/2026 10:46:18 AM,OD26008972,"1XXX  Glenbrook Ave N, OAKDALE",PRODUCTION OF CSAM
OAKDALE POLICE DEPARTMENT,OAKDALE,7/16/2026 11:41:28 AM,OD26008974,"40TH ST N / HAYWARD AVE N, OAKDALE",DISABLED VEHICLE
OAKDALE POLICE DEPARTMENT,OAKDALE,7/16/2026 12:49:43 PM,OD26008977,"XXX Greenway Ave N, OAKDALE",ACCIDENT
OAKDALE POLICE DEPARTMENT,OAKDALE,7/16/2026 1:01:25 PM,OD26008979,"Unknown, OAKDALE",CITIZEN/PUBLIC ASSIST
OAKDALE POLICE DEPARTMENT,OAKDALE,7/16/2026 1:01:49 PM,OD26008978,"6XXX  15th St N, OAKDALE",OFFICER INFORMATION
OAKDALE POLICE DEPARTMENT,OAKDALE,7/16/2026 1:30:17 PM,OD26008981,"8XXX  9th St N, OAKDALE",911 ABANDONED/HANGUP/OPEN LINE
OAKDALE POLICE DEPARTMENT,OAKDALE,7/16/2026 5:17:44 PM,OD26008985,"6XXX  52nd St N, OAKDALE",PARKING COMPLAINT
OAKDALE POLICE DEPARTMENT,OAKDALE,7/16/2026 5:40:21 PM,OD26008986,"1XXX  HERON AVE N, OAKDALE",CIVIL MATTER/DISPUTE
OAKDALE POLICE DEPARTMENT,OAKDALE,7/16/2026 7:36:17 PM,OD26008989,"STILLWATER BLVD N & GRANADA AVE N, OAKDALE",TRAFFIC STOP
OAKDALE POLICE DEPARTMENT,OAKDALE,7/16/2026 8:14:21 PM,OD26008991,"7XXX  31ST ST N, OAKDALE",ALARM-BUSINESS/RES/FIRE/MEDICAL/ETC
OAKDALE POLICE DEPARTMENT,OAKDALE,7/16/2026 8:29:08 PM,OD26008992,"I694 NB JSO 50TH ST N, OAKDALE",MOTORIST ASSIST
OAKDALE POLICE DEPARTMENT,OAKDALE,7/16/2026 8:48:16 PM,OD26008993,"Hadley Ave N / 4th St N, OAKDALE",TRAFFIC STOP
OAKDALE POLICE DEPARTMENT,OAKDALE,7/16/2026 11:15:51 PM,OD26008995,"6XXX  HIGHWAY 36, OAKDALE",SUSPICIOUS PERSON/ACTIVITY
OAKDALE POLICE DEPARTMENT,OAKDALE,7/16/2026 11:18:05 PM,OD26008996,"4XXX  Grenwich Trl N, OAKDALE",SUSPICIOUS PERSON/ACTIVITY
OAKDALE POLICE DEPARTMENT,OAKDALE,7/17/2026 12:23:48 AM,OD26008997,"3XXX  GENEVA AVE N, OAKDALE",TRAFFIC STOP
OAKDALE POLICE DEPARTMENT,OAKDALE,7/17/2026 5:03:10 AM,OD26009001,"4XXX  Grenwich Trl N, OAKDALE",ARSON
OAKDALE POLICE DEPARTMENT,OAKDALE,7/17/2026 5:51:46 AM,OD26009002,"3XXX  Hadley Ave N, OAKDALE",ACCIDENT
OAKDALE POLICE DEPARTMENT,OAKDALE,7/17/2026 6:48:18 AM,OD26009003,"6XXX  27th St N, OAKDALE",911 ABANDONED/HANGUP/OPEN LINE
OAKDALE POLICE DEPARTMENT,OAKDALE,7/17/2026 8:52:06 AM,OD26009004,"1XXX  Granada Ave N, OAKDALE",LIFT ASSIST
OAKDALE POLICE DEPARTMENT,OAKDALE,7/17/2026 9:05:16 AM,OD26009005,"6XXX  15th St N, OAKDALE",CITIZEN/PUBLIC ASSIST
OAKDALE POLICE DEPARTMENT,OAKDALE,7/17/2026 9:13:41 AM,OD26009006,"6XXX  40th St N, OAKDALE",THEFT FROM MOTOR VEHICLE
OAKDALE POLICE DEPARTMENT,OAKDALE,7/17/2026 9:35:30 AM,OD26009007,"5XXX  Hadley Ave N, OAKDALE",SHOPLIFTING
OAKDALE POLICE DEPARTMENT,OAKDALE,7/17/2026 10:20:38 AM,OD26009008,"3XXX  Granada Way N, OAKDALE",CIVIL MATTER/DISPUTE
OAKDALE POLICE DEPARTMENT,OAKDALE,7/17/2026 10:40:16 AM,OD26009009,"2XXX  Grange Ave N, OAKDALE",WELFARE CHECK
OAKDALE POLICE DEPARTMENT,OAKDALE,7/17/2026 12:18:32 PM,OD26009012,"6XXX  15th St N, OAKDALE",CITIZEN/PUBLIC ASSIST
OAKDALE POLICE DEPARTMENT,OAKDALE,7/17/2026 12:51:16 PM,OD26009014,"XXX Inwood Ave N, OAKDALE",DISTURBANCE
OAKDALE POLICE DEPARTMENT,OAKDALE,7/17/2026 12:52:05 PM,OD26009015,"2XXX  Granada Ln N, OAKDALE",CIVIL MATTER/DISPUTE
OAKDALE POLICE DEPARTMENT,OAKDALE,7/17/2026 12:57:11 PM,OD26009016,"6XXX  45th St N, OAKDALE",DRIVING COMPLAINT
OAKDALE POLICE DEPARTMENT,OAKDALE,7/17/2026 1:48:54 PM,OD26009018,"6XXX  15th St N, OAKDALE",CITIZEN/PUBLIC ASSIST
OAKDALE POLICE DEPARTMENT,OAKDALE,7/17/2026 2:28:45 PM,OD26009020,"8XXX  4th St N, OAKDALE",MEDICAL
OAKDALE POLICE DEPARTMENT,OAKDALE,7/17/2026 3:41:51 PM,OD26009021,"7XXX  32ND ST N, OAKDALE",SHOPLIFTING
OAKDALE POLICE DEPARTMENT,OAKDALE,7/17/2026 4:27:44 PM,OD26009022,"3XXX  Gresham Way N, OAKDALE",ANIMAL COMPLAINT
OAKDALE POLICE DEPARTMENT,OAKDALE,7/17/2026 7:42:00 PM,OD26009027,"4XXX  HELMO AVE N, OAKDALE",TRAFFIC STOP
OAKDALE POLICE DEPARTMENT,OAKDALE,7/17/2026 8:26:13 PM,OD26009031,"7XXX  10TH ST N, OAKDALE",THEFT
OAKDALE POLICE DEPARTMENT,OAKDALE,7/17/2026 10:18:30 PM,OD26009032,"XXX HALE AVE N, OAKDALE",ALARM-BUSINESS/RES/FIRE/MEDICAL/ETC
OAKDALE POLICE DEPARTMENT,OAKDALE,7/17/2026 11:34:55 PM,OD26009038,"3XXX  GRANADA LN N, OAKDALE",ALARM-BUSINESS/RES/FIRE/MEDICAL/ETC
OAKDALE POLICE DEPARTMENT,OAKDALE,7/17/2026 11:46:54 PM,OD26009039,"8XXX  3rd St N, OAKDALE",ALARM-BUSINESS/RES/FIRE/MEDICAL/ETC
OAKDALE POLICE DEPARTMENT,OAKDALE,7/18/2026 12:00:00 AM,OD26009071,"7XXX  10th St N, OAKDALE",TRAFFIC COMPLAINT
OAKDALE POLICE DEPARTMENT,OAKDALE,7/18/2026 12:19:03 AM,OD26009041,"HWY 36 EB / I694 , OAKDALE",TRAFFIC STOP
OAKDALE POLICE DEPARTMENT,OAKDALE,7/18/2026 12:32:12 AM,OD26009043,"3XXX  GENEVA AVE N, OAKDALE",TRAFFIC STOP
OAKDALE POLICE DEPARTMENT,OAKDALE,7/18/2026 12:59:49 AM,OD26009045,"INWOOD AVE N / 4TH ST N, OAKDALE",TRAFFIC STOP
OAKDALE POLICE DEPARTMENT,OAKDALE,7/18/2026 3:31:51 AM,OD26009047,"7XXX  5th St N, OAKDALE",MEDICAL
OAKDALE POLICE DEPARTMENT,OAKDALE,7/18/2026 4:25:31 AM,OD26009048,"6XXX  52nd St N, OAKDALE",NOISE COMPLAINT/DISTURBANCE
OAKDALE POLICE DEPARTMENT,OAKDALE,7/18/2026 8:00:57 AM,OD26009049,"8XXX  3rd St N, OAKDALE",ALARM-BUSINESS/RES/FIRE/MEDICAL/ETC
OAKDALE POLICE DEPARTMENT,OAKDALE,7/18/2026 8:51:40 AM,OD26009050,"8XXX  3rd St N, OAKDALE",ALARM-BUSINESS/RES/FIRE/MEDICAL/ETC
OAKDALE POLICE DEPARTMENT,OAKDALE,7/18/2026 9:40:29 AM,OD26009051,"8XXX  4th St N, OAKDALE",911 ABANDONED/HANGUP/OPEN LINE
OAKDALE POLICE DEPARTMENT,OAKDALE,7/18/2026 10:39:18 AM,OD26009054,"7XXX  2ND ST N, OAKDALE",ASSIST OTHER AGENCY
OAKDALE POLICE DEPARTMENT,OAKDALE,7/18/2026 11:57:29 AM,OD26009060,"1XXX  GRANADA AVE N, OAKDALE",WELFARE CHECK
OAKDALE POLICE DEPARTMENT,OAKDALE,7/18/2026 12:21:23 PM,OD26009062,"XXX Heron Ave N, OAKDALE",MEDICAL
OAKDALE POLICE DEPARTMENT,OAKDALE,7/18/2026 1:09:14 PM,OD26009065,"6XXX  Upper 54th St N, OAKDALE",CHILD CUSTODY
OAKDALE POLICE DEPARTMENT,OAKDALE,7/18/2026 2:04:46 PM,OD26009066,"2XXX  Geneva Ave N, OAKDALE",THEFT
OAKDALE POLICE DEPARTMENT,OAKDALE,7/18/2026 2:45:03 PM,OD26009068,"3XXX  Granada Ln N, OAKDALE",911 ABANDONED/HANGUP/OPEN LINE
OAKDALE POLICE DEPARTMENT,OAKDALE,7/18/2026 2:45:45 PM,OD26009067,"7XXX  Upper 41st St N, OAKDALE",911 ABANDONED/HANGUP/OPEN LINE
OAKDALE POLICE DEPARTMENT,OAKDALE,7/18/2026 4:52:26 PM,OD26009070,"1XXX  HADLEY AVE N, OAKDALE",911 ABANDONED/HANGUP/OPEN LINE
OAKDALE POLICE DEPARTMENT,OAKDALE,7/18/2026 6:13:47 PM,OD26009073,"6XXX  Stillwater Blvd N, OAKDALE",ACCIDENT
OAKDALE POLICE DEPARTMENT,OAKDALE,7/18/2026 6:21:19 PM,OD26009076,"1XXX  Hadley Ave N, OAKDALE",NOISE COMPLAINT/DISTURBANCE
OAKDALE POLICE DEPARTMENT,OAKDALE,7/18/2026 6:32:39 PM,OD26009077,"2XXX  Geneva Ave N, OAKDALE",FOLLOW UP
OAKDALE POLICE DEPARTMENT,OAKDALE,7/18/2026 6:39:05 PM,OD26009075,"2XXX  Hillvale Ct N, OAKDALE",HRO VIOLATION
OAKDALE POLICE DEPARTMENT,OAKDALE,7/18/2026 8:25:02 PM,OD26009079,"4XXX  Heather Cir N, OAKDALE",WELFARE CHECK
OAKDALE POLICE DEPARTMENT,OAKDALE,7/18/2026 8:26:13 PM,OD26009078,"7XXX  24th St N, OAKDALE",MEDICAL
OAKDALE POLICE DEPARTMENT,OAKDALE,7/18/2026 8:42:31 PM,OD26009080,"1XXX  Gresham Ave N, OAKDALE",CIVIL MATTER/DISPUTE
OAKDALE POLICE DEPARTMENT,OAKDALE,7/18/2026 9:05:54 PM,OD26009081,"4XXX  Helena Rd N, OAKDALE",DISTURBANCE
OAKDALE POLICE DEPARTMENT,OAKDALE,7/18/2026 9:25:38 PM,OD26009084,"4XXX  Gershwin Ave N, OAKDALE",FOLLOW UP
OAKDALE POLICE DEPARTMENT,OAKDALE,7/18/2026 10:35:13 PM,OD26009088,"11XXX -BLK HADLEY AVE N, OAKDALE",TRAFFIC STOP
OAKDALE POLICE DEPARTMENT,OAKDALE,7/18/2026 10:56:16 PM,OD26009089,"7XXX  10TH ST N, OAKDALE",TRAFFIC STOP
OAKDALE POLICE DEPARTMENT,OAKDALE,7/18/2026 11:20:18 PM,OD26009091,"7XXX  34TH ST N, OAKDALE",MOTORIST ASSIST
OAKDALE POLICE DEPARTMENT,OAKDALE,7/18/2026 11:32:16 PM,OD26009092,"10TH ST N TO I694 SB RAMP, OAKDALE",TRAFFIC STOP
OAKDALE POLICE DEPARTMENT,OAKDALE,7/18/2026 11:39:09 PM,OD26009093,"HADLEY AVE N / GENEVA AVE N, OAKDALE",TRAFFIC STOP
OAKDALE POLICE DEPARTMENT,OAKDALE,7/18/2026 11:43:37 PM,OD26009095,"GENEVA AVE N / 34TH ST N, OAKDALE",TRAFFIC STOP
OAKDALE POLICE DEPARTMENT,OAKDALE,7/18/2026 11:50:29 PM,OD26009096,"2XXX  Granite Ave N, OAKDALE",NOISE COMPLAINT/DISTURBANCE
OAKDALE POLICE DEPARTMENT,OAKDALE,7/18/2026 11:53:12 PM,OD26009097,"7XXX  10th St N, OAKDALE",CITIZEN/PUBLIC ASSIST
OAKDALE POLICE DEPARTMENT,WOODBURY,7/18/2026 1:20:19 AM,OD26009046,"I94 / I694, WOODBURY",TRAFFIC STOP
ST. PAUL PARK POLICE DEPARTMENT,NEWPORT,7/14/2026 3:31:03 AM,SP26005776,"17th St / 10th Ave, NEWPORT",ASSIST OTHER AGENCY
ST. PAUL PARK POLICE DEPARTMENT,SAINT PAUL PARK,7/12/2026 1:54:52 AM,SP26005681,"XXX 3rd St, SAINT PAUL PARK",DISORDERLY CONDUCT
ST. PAUL PARK POLICE DEPARTMENT,SAINT PAUL PARK,7/12/2026 2:34:19 AM,SP26005682,"XXX Hastings Ave, SAINT PAUL PARK",RUNAWAY
ST. PAUL PARK POLICE DEPARTMENT,SAINT PAUL PARK,7/12/2026 10:23:47 AM,SP26005685,"1XXX  1st St, SAINT PAUL PARK",ANIMAL BITE
ST. PAUL PARK POLICE DEPARTMENT,SAINT PAUL PARK,7/12/2026 11:56:30 AM,SP26005686,"1XXX  1ST ST, SAINT PAUL PARK",ANIMAL COMPLAINT
ST. PAUL PARK POLICE DEPARTMENT,SAINT PAUL PARK,7/12/2026 1:37:00 PM,SP26005689,"Summit Ave / 9th Ave, SAINT PAUL PARK",WARRANT ARREST
ST. PAUL PARK POLICE DEPARTMENT,SAINT PAUL PARK,7/13/2026 12:49:10 PM,SP26005735,"1XXX  LAUREL AVE, SAINT PAUL PARK",ORDINANCE VIOLATION
ST. PAUL PARK POLICE DEPARTMENT,SAINT PAUL PARK,7/13/2026 3:12:07 PM,SP26005749,"1XXX  DIXON DR, SAINT PAUL PARK",THEFT
ST. PAUL PARK POLICE DEPARTMENT,SAINT PAUL PARK,7/13/2026 10:04:03 PM,SP26005767,"XXX 11TH AVE, SAINT PAUL PARK",PARKING VIOLATION
ST. PAUL PARK POLICE DEPARTMENT,SAINT PAUL PARK,7/13/2026 11:53:50 PM,SP26005770,"XXX Broadway Ave, SAINT PAUL PARK",ASSAULT
ST. PAUL PARK POLICE DEPARTMENT,SAINT PAUL PARK,7/14/2026 1:40:30 PM,SP26005795,"XXX - 398 11TH AVE, SAINT PAUL PARK",PARKING VIOLATION
ST. PAUL PARK POLICE DEPARTMENT,SAINT PAUL PARK,7/14/2026 1:54:24 PM,SP26005796,"1XXX  3rd St, SAINT PAUL PARK",THREATS
ST. PAUL PARK POLICE DEPARTMENT,SAINT PAUL PARK,7/16/2026 6:32:42 PM,SP26005904,"1XXX  Dayton Ave, SAINT PAUL PARK",Verbal Dispute
ST. PAUL PARK POLICE DEPARTMENT,SAINT PAUL PARK,7/17/2026 11:40:35 PM,SP26005958,"XXX Selby Ave, SAINT PAUL PARK",ASSAULT
ST. PAUL PARK POLICE DEPARTMENT,SAINT PAUL PARK,7/18/2026 5:35:05 PM,SP26005983,"LIONS LEVEE PARK BOAT LANDING, SAINT PAUL PARK",JUVENILE COMPLAINT
ST. PAUL PARK POLICE DEPARTMENT,SAINT PAUL PARK,7/18/2026 11:47:54 PM,SP26006001,"3RD ST / BROADWAY AVE, SAINT PAUL PARK",ASSIST OTHER AGENCY
STILLWATER POLICE DEPARTMENT,GRANT,7/14/2026 12:38:38 AM,SW26006378,"11XXX  75th St N, GRANT",ASSIST OTHER AGENCY
STILLWATER POLICE DEPARTMENT,OAK PARK HEIGHTS,7/12/2026 6:29:18 PM,SW26006321,"Hwy 36 Eb At Norell Ave N, OAK PARK HEIGHTS",ASSIST OTHER AGENCY
STILLWATER POLICE DEPARTMENT,OAK PARK HEIGHTS,7/13/2026 1:50:54 AM,SW26006333,"Saint Croix Crossing Bridge: Hwy 36 Wb - Mn, OAK PARK HEIGHTS",ASSIST OTHER AGENCY
STILLWATER POLICE DEPARTMENT,OAK PARK HEIGHTS,7/13/2026 11:16:09 PM,SW26006375,"Saint Croix Crossing Bridge: Hwy 36 Wb - Mn, OAK PARK HEIGHTS",ASSIST OTHER AGENCY
STILLWATER POLICE DEPARTMENT,STILLWATER,7/12/2026 12:03:56 AM,SW26006299,"XXX Greeley St S, STILLWATER",MEDICAL
STILLWATER POLICE DEPARTMENT,STILLWATER,7/12/2026 2:14:35 AM,SW26006300,"XXX Linden St W, STILLWATER",MEDICAL
STILLWATER POLICE DEPARTMENT,STILLWATER,7/12/2026 2:47:18 AM,SW26006302,"MAIN ST S / NELSON ST, STILLWATER",CITIZEN/PUBLIC ASSIST
STILLWATER POLICE DEPARTMENT,STILLWATER,7/12/2026 2:50:01 AM,SW26006303,"2XXX  Cottage Dr, STILLWATER",WELFARE CHECK
STILLWATER POLICE DEPARTMENT,STILLWATER,7/12/2026 3:12:34 AM,SW26006304,"2ND ST S / MYRTLE ST E, STILLWATER",CITIZEN/PUBLIC ASSIST
STILLWATER POLICE DEPARTMENT,STILLWATER,7/12/2026 5:36:07 AM,SW26006305,"2XXX  Curve Crest Blvd, STILLWATER",ALARM-BUSINESS/RES/FIRE/MEDICAL/ETC
STILLWATER POLICE DEPARTMENT,STILLWATER,7/12/2026 7:07:41 AM,SW26006307,"Laurel St W / Everett St N, STILLWATER",FOUND PROPERTY/ITEM
STILLWATER POLICE DEPARTMENT,STILLWATER,7/12/2026 10:37:02 AM,SW26006310,"XXX Eagle Ridge Trl, STILLWATER",MEDICAL
STILLWATER POLICE DEPARTMENT,STILLWATER,7/12/2026 12:13:20 PM,SW26006311,"Unknown, STILLWATER",WELFARE CHECK
STILLWATER POLICE DEPARTMENT,STILLWATER,7/12/2026 12:23:45 PM,SW26006312,"1XXX  Benson Blvd W, STILLWATER",OFFICER INFORMATION
STILLWATER POLICE DEPARTMENT,STILLWATER,7/12/2026 12:33:58 PM,SW26006314,"1XXX  Cottage Dr, STILLWATER",MEDICAL
STILLWATER POLICE DEPARTMENT,STILLWATER,7/12/2026 5:06:00 PM,SW26006319,"XXX MAIN ST N, STILLWATER",TRAFFIC STOP
STILLWATER POLICE DEPARTMENT,STILLWATER,7/12/2026 8:53:40 PM,SW26006324,"XXX Olive St W, STILLWATER",MEDICAL
STILLWATER POLICE DEPARTMENT,STILLWATER,7/12/2026 9:02:10 PM,SW26006325,"1XXX  Market Dr, STILLWATER",THEFT
STILLWATER POLICE DEPARTMENT,STILLWATER,7/12/2026 10:12:29 PM,SW26006329,"1XXX  Curve Crest Blvd, STILLWATER",HARASSMENT
STILLWATER POLICE DEPARTMENT,STILLWATER,7/12/2026 10:52:24 PM,SW26006328,"Greeley St S / Churchill St W, STILLWATER",DRIVING COMPLAINT
STILLWATER POLICE DEPARTMENT,STILLWATER,7/12/2026 11:19:28 PM,SW26006330,"1XXX  Frontage Rd W, STILLWATER",CITIZEN/PUBLIC ASSIST
STILLWATER POLICE DEPARTMENT,STILLWATER,7/12/2026 11:52:32 PM,SW26006331,"1XXX  MARKET DR, STILLWATER",CITIZEN/PUBLIC ASSIST
STILLWATER POLICE DEPARTMENT,STILLWATER,7/13/2026 2:23:27 AM,SW26006334,"1XXX  Cottage Dr, STILLWATER",OFFICER INFORMATION
STILLWATER POLICE DEPARTMENT,STILLWATER,7/13/2026 6:19:46 AM,SW26006337,"XXX Nightingale Blvd, STILLWATER",ALARM-BUSINESS/RES/FIRE/MEDICAL/ETC
STILLWATER POLICE DEPARTMENT,STILLWATER,7/13/2026 7:45:47 AM,SW26006338,"XXX Evergreen Ct, STILLWATER",FRAUD/SCAM
STILLWATER POLICE DEPARTMENT,STILLWATER,7/13/2026 8:09:52 AM,SW26006339,"1XXX  Lydia Cir, STILLWATER",911 ABANDONED/HANGUP/OPEN LINE
STILLWATER POLICE DEPARTMENT,STILLWATER,7/13/2026 8:15:19 AM,SW26006340,"1XXX  2nd St N, STILLWATER",FRAUD/SCAM
STILLWATER POLICE DEPARTMENT,STILLWATER,7/13/2026 8:57:36 AM,SW26006341,"1XXX  Northwestern Ave, STILLWATER",911 ABANDONED/HANGUP/OPEN LINE
STILLWATER POLICE DEPARTMENT,STILLWATER,7/13/2026 10:23:08 AM,SW26006343,"XXX Victoria Ct, STILLWATER",911 ABANDONED/HANGUP/OPEN LINE
STILLWATER POLICE DEPARTMENT,STILLWATER,7/13/2026 10:43:29 AM,SW26006346,"XXX 4th St S, STILLWATER",PARKING COMPLAINT
STILLWATER POLICE DEPARTMENT,STILLWATER,7/13/2026 11:44:10 AM,SW26006349,"XXX Linden St W, STILLWATER",911 ABANDONED/HANGUP/OPEN LINE
STILLWATER POLICE DEPARTMENT,STILLWATER,7/13/2026 1:41:54 PM,SW26006350,"Unknown, STILLWATER",CITIZEN/PUBLIC ASSIST
STILLWATER POLICE DEPARTMENT,STILLWATER,7/13/2026 2:04:24 PM,SW26006351,"XXX 2nd St N, STILLWATER",PROPERTY DAMAGE
STILLWATER POLICE DEPARTMENT,STILLWATER,7/13/2026 2:10:47 PM,SW26006352,"Unknown, STILLWATER",FOLLOW UP
STILLWATER POLICE DEPARTMENT,STILLWATER,7/13/2026 2:51:49 PM,SW26006354,"XXX Sunrise Ct, STILLWATER",911 ABANDONED/HANGUP/OPEN LINE
STILLWATER POLICE DEPARTMENT,STILLWATER,7/13/2026 3:06:35 PM,SW26006355,"MAIN ST S / CHESTNUT ST E, STILLWATER",DWI
STILLWATER POLICE DEPARTMENT,STILLWATER,7/13/2026 3:32:10 PM,SW26006356,"XXX Water St S, STILLWATER",DISTURBANCE
STILLWATER POLICE DEPARTMENT,STILLWATER,7/13/2026 3:34:45 PM,SW26006357,"2XXX  Tower Dr, STILLWATER",CIVIL MATTER/DISPUTE
STILLWATER POLICE DEPARTMENT,STILLWATER,7/13/2026 5:00:00 PM,SW26006363,"1XXX  Greeley St S, STILLWATER",ASSAULT
STILLWATER POLICE DEPARTMENT,STILLWATER,7/13/2026 5:09:45 PM,SW26006360,"2XXX  Willard St W, STILLWATER",ALARM-BUSINESS/RES/FIRE/MEDICAL/ETC
STILLWATER POLICE DEPARTMENT,STILLWATER,7/13/2026 5:38:06 PM,SW26006364,"14XXX  62nd St N, STILLWATER",ANIMAL COMPLAINT
STILLWATER POLICE DEPARTMENT,STILLWATER,7/13/2026 6:49:45 PM,SW26006366,"XXX Greeley St S, STILLWATER",MEDICAL
STILLWATER POLICE DEPARTMENT,STILLWATER,7/13/2026 8:48:07 PM,SW26006370,"Mulberry St E / 2nd St N, STILLWATER",MEDICAL
STILLWATER POLICE DEPARTMENT,STILLWATER,7/13/2026 9:42:53 PM,SW26006371,"1XXX  Curve Crest Blvd, STILLWATER",SUSPICIOUS PERSON/ACTIVITY
STILLWATER POLICE DEPARTMENT,STILLWATER,7/13/2026 10:36:00 PM,SW26006373,"XXX 2ND ST N, STILLWATER",NEIGHBOR DISPUTE
STILLWATER POLICE DEPARTMENT,STILLWATER,7/14/2026 12:45:21 AM,SW26006379,"XXX 2nd St N, STILLWATER",CITIZEN/PUBLIC ASSIST
STILLWATER POLICE DEPARTMENT,STILLWATER,7/14/2026 2:01:00 AM,SW26006381,"Highway 36 & STILLWATER BLVD N TO HWY 36 WB RAMP, STILLWATER",TRAFFIC STOP
STILLWATER POLICE DEPARTMENT,STILLWATER,7/14/2026 3:03:39 AM,SW26006382,"14XXX  60th St N, STILLWATER",ALARM-BUSINESS/RES/FIRE/MEDICAL/ETC
STILLWATER POLICE DEPARTMENT,STILLWATER,7/14/2026 3:39:18 AM,SW26006383,"2XXX  Orleans St W, STILLWATER",DISTURBANCE
STILLWATER POLICE DEPARTMENT,STILLWATER,7/14/2026 6:34:00 AM,SW26006384,"XXX Chestnut St W, STILLWATER",ANIMAL COMPLAINT
STILLWATER POLICE DEPARTMENT,STILLWATER,7/14/2026 7:37:00 AM,SW26006385,"XXX Churchill St W, STILLWATER",WELFARE CHECK
STILLWATER POLICE DEPARTMENT,STILLWATER,7/14/2026 9:15:32 AM,SW26006386,"XXX 5th St N, STILLWATER",DISTURBANCE
STILLWATER POLICE DEPARTMENT,STILLWATER,7/14/2026 9:36:13 AM,SW26006387,"XXX Main St S, STILLWATER",MEDICAL
STILLWATER POLICE DEPARTMENT,STILLWATER,7/14/2026 10:47:28 AM,SW26006389,"XX Hwy 36 Wb At Greeley St S, STILLWATER",ASSIST OTHER AGENCY
STILLWATER POLICE DEPARTMENT,STILLWATER,7/14/2026 10:50:57 AM,SW26006391,"XXX Deer Path Ct, STILLWATER",PROPERTY DAMAGE
STILLWATER POLICE DEPARTMENT,STILLWATER,7/14/2026 12:00:06 PM,SW26006392,"XXX 2nd St N, STILLWATER",MEDICAL
STILLWATER POLICE DEPARTMENT,STILLWATER,7/14/2026 1:00:00 PM,SW26006393,"14XXX  62ND ST N, STILLWATER",CIVIL MATTER/DISPUTE
STILLWATER POLICE DEPARTMENT,STILLWATER,7/14/2026 1:29:59 PM,SW26006395,"XXX Main St S, STILLWATER",UNWANTED PERSON/VEHICLE
STILLWATER POLICE DEPARTMENT,STILLWATER,7/14/2026 1:34:18 PM,SW26006394,"XXX 2nd St N #317, STILLWATER",WELFARE CHECK
STILLWATER POLICE DEPARTMENT,STILLWATER,7/14/2026 3:10:40 PM,SW26006399,"Stillwater Blvd N / Hwy 36 Wb To Stillwater Blvd N Ramp, STILLWATER",ACCIDENT
STILLWATER POLICE DEPARTMENT,STILLWATER,7/14/2026 3:16:16 PM,SW26006401,"14XXX  62nd St N, STILLWATER",PARKING COMPLAINT
STILLWATER POLICE DEPARTMENT,STILLWATER,7/14/2026 3:27:40 PM,SW26006400,"XXX Main St S, STILLWATER",MEDICAL
STILLWATER POLICE DEPARTMENT,STILLWATER,7/14/2026 3:55:51 PM,SW26006402,"15XXX  62nd St N, STILLWATER",WELFARE CHECK
STILLWATER POLICE DEPARTMENT,STILLWATER,7/14/2026 4:08:19 PM,SW26006403,"1XXX  Parkwood Ln, STILLWATER",ALARM-BUSINESS/RES/FIRE/MEDICAL/ETC
STILLWATER POLICE DEPARTMENT,STILLWATER,7/14/2026 4:54:15 PM,SW26006404,"Brick St S / Ramsey St W, STILLWATER",ACCIDENT
STILLWATER POLICE DEPARTMENT,STILLWATER,7/14/2026 5:15:56 PM,SW26006405,"Chestnut St E / Main St S, STILLWATER",CITIZEN/PUBLIC ASSIST
STILLWATER POLICE DEPARTMENT,STILLWATER,7/14/2026 5:35:44 PM,SW26006406,"XXX Anderson St W, STILLWATER",FIRE
STILLWATER POLICE DEPARTMENT,STILLWATER,7/14/2026 6:42:40 PM,SW26006407,"1XXX  PINE ST W, STILLWATER",CITIZEN/PUBLIC ASSIST
STILLWATER POLICE DEPARTMENT,STILLWATER,7/14/2026 6:47:15 PM,SW26006408,"2XXX  Oakridge Rd, STILLWATER",CIVIL MATTER/DISPUTE
STILLWATER POLICE DEPARTMENT,STILLWATER,7/14/2026 8:41:37 PM,SW26006411,"XXX Brick St S, STILLWATER",MEDICAL
STILLWATER POLICE DEPARTMENT,STILLWATER,7/14/2026 8:53:39 PM,SW26006412,"XXX Main St S, STILLWATER",DISTURBANCE
STILLWATER POLICE DEPARTMENT,STILLWATER,7/14/2026 10:56:58 PM,SW26006414,"XXX 5th St N, STILLWATER",ASSAULT
STILLWATER POLICE DEPARTMENT,STILLWATER,7/14/2026 10:59:50 PM,SW26006415,"1XXX  Cottage Dr, STILLWATER",NOISE COMPLAINT/DISTURBANCE
STILLWATER POLICE DEPARTMENT,STILLWATER,7/14/2026 11:26:30 PM,SW26006416,"LAUREL ST W / OWENS ST N, STILLWATER",WARRANT ARREST
STILLWATER POLICE DEPARTMENT,STILLWATER,7/15/2026 12:23:39 AM,SW26006417,"2XXX  Long Lake Dr, STILLWATER",LIFT ASSIST
STILLWATER POLICE DEPARTMENT,STILLWATER,7/15/2026 12:31:56 AM,SW26006418,"1XXX  Owens St N, STILLWATER",CIVIL MATTER/DISPUTE
STILLWATER POLICE DEPARTMENT,STILLWATER,7/15/2026 2:27:32 AM,SW26006420," 0 ADDRESS UNKNOWN   , STILLWATER",OFFICER INFORMATION
STILLWATER POLICE DEPARTMENT,STILLWATER,7/15/2026 7:54:50 AM,SW26006422,"XXX Chestnut St W, STILLWATER",ANIMAL COMPLAINT
STILLWATER POLICE DEPARTMENT,STILLWATER,7/15/2026 8:42:02 AM,SW26006423,"1XXX  CURVE CREST BLVD, STILLWATER",OFP VIOLATION
STILLWATER POLICE DEPARTMENT,STILLWATER,7/15/2026 9:51:30 AM,SW26006424,"2XXX  Market Dr, STILLWATER",ACCIDENT
STILLWATER POLICE DEPARTMENT,STILLWATER,7/15/2026 10:17:20 AM,SW26006425,"1XXX  FRONTAGE RD W, STILLWATER",WARRANT ARREST
STILLWATER POLICE DEPARTMENT,STILLWATER,7/15/2026 10:55:00 AM,SW26006426,"XXX 4th St N, STILLWATER",ASSIST OTHER AGENCY
STILLWATER POLICE DEPARTMENT,STILLWATER,7/15/2026 11:17:10 AM,SW26006427,"1XXX  Market Dr, STILLWATER",CIVIL MATTER/DISPUTE
STILLWATER POLICE DEPARTMENT,STILLWATER,7/15/2026 11:38:10 AM,SW26006428,"XXX 4th St N, STILLWATER",SUSPICIOUS PERSON/ACTIVITY
STILLWATER POLICE DEPARTMENT,STILLWATER,7/15/2026 12:06:29 PM,SW26006429,"15XXX  60th St N, STILLWATER",HARASSMENT
STILLWATER POLICE DEPARTMENT,STILLWATER,7/15/2026 12:13:01 PM,SW26006430,"Unknown, STILLWATER",FOLLOW UP
STILLWATER POLICE DEPARTMENT,STILLWATER,7/15/2026 12:26:16 PM,SW26006431,"XXX Main St S, STILLWATER",MEDICAL
STILLWATER POLICE DEPARTMENT,STILLWATER,7/15/2026 12:28:40 PM,SW26006432,"2XXX  Market Dr, STILLWATER",CITIZEN/PUBLIC ASSIST
STILLWATER POLICE DEPARTMENT,STILLWATER,7/15/2026 12:40:06 PM,SW26006433,"XXX 4th St N, STILLWATER",FOUND PROPERTY/ITEM
STILLWATER POLICE DEPARTMENT,STILLWATER,7/15/2026 12:50:15 PM,SW26006434,"1XXX  Frontage Rd W, STILLWATER",UNWANTED PERSON/VEHICLE
STILLWATER POLICE DEPARTMENT,STILLWATER,7/15/2026 1:12:30 PM,SW26006435,"XXX 4th St N, STILLWATER",ASSIST OTHER AGENCY
STILLWATER POLICE DEPARTMENT,STILLWATER,7/15/2026 1:20:44 PM,SW26006436,"1XXX  Washington Ave, STILLWATER",911 ABANDONED/HANGUP/OPEN LINE
STILLWATER POLICE DEPARTMENT,STILLWATER,7/15/2026 1:29:11 PM,SW26006437,"Unknown, STILLWATER",CITIZEN/PUBLIC ASSIST
STILLWATER POLICE DEPARTMENT,STILLWATER,7/15/2026 2:19:27 PM,SW26006438,"Stillwater Blvd N / Cottage Dr, STILLWATER",ACCIDENT
STILLWATER POLICE DEPARTMENT,STILLWATER,7/15/2026 2:31:28 PM,SW26006439,"2XXX  Orleans St W, STILLWATER",ACCIDENT
STILLWATER POLICE DEPARTMENT,STILLWATER,7/15/2026 3:33:35 PM,SW26006440,"2XXX  Industrial Blvd, STILLWATER",911 ABANDONED/HANGUP/OPEN LINE
STILLWATER POLICE DEPARTMENT,STILLWATER,7/15/2026 3:45:47 PM,SW26006442,"2XXX  Frontage Rd W, STILLWATER",UNWANTED PERSON/VEHICLE
STILLWATER POLICE DEPARTMENT,STILLWATER,7/15/2026 6:53:04 PM,SW26006446,"XXX Mulberry St W, STILLWATER",911 ABANDONED/HANGUP/OPEN LINE
STILLWATER POLICE DEPARTMENT,STILLWATER,7/15/2026 6:57:00 PM,SW26006447,"2XXX  Oakridge Rd, STILLWATER",ASSAULT
STILLWATER POLICE DEPARTMENT,STILLWATER,7/15/2026 9:02:44 PM,SW26006448,"1XXX  Main St S, STILLWATER",SUSPICIOUS PERSON/ACTIVITY
STILLWATER POLICE DEPARTMENT,STILLWATER,7/15/2026 9:40:52 PM,SW26006450,"XXX Water St S, STILLWATER",SUSPICIOUS PERSON/ACTIVITY
STILLWATER POLICE DEPARTMENT,STILLWATER,7/15/2026 10:06:38 PM,SW26006451,"2XXX  Cottage Dr, STILLWATER",MEDICAL
STILLWATER POLICE DEPARTMENT,STILLWATER,7/15/2026 10:59:21 PM,SW26006452,"XXX Chestnut St E, STILLWATER",MEDICAL
STILLWATER POLICE DEPARTMENT,STILLWATER,7/16/2026 9:03:21 AM,SW26006453,"XXX WATER ST S, STILLWATER",CITIZEN/PUBLIC ASSIST
STILLWATER POLICE DEPARTMENT,STILLWATER,7/16/2026 10:11:24 AM,SW26006454,"Olive St W / William St S, STILLWATER",ANIMAL COMPLAINT
STILLWATER POLICE DEPARTMENT,STILLWATER,7/16/2026 10:26:31 AM,SW26006455,"4th St N / Hickory St W, STILLWATER",CITIZEN/PUBLIC ASSIST
STILLWATER POLICE DEPARTMENT,STILLWATER,7/16/2026 11:32:09 AM,SW26006456,"Main St S / Nelson St, STILLWATER",DRIVING COMPLAINT
STILLWATER POLICE DEPARTMENT,STILLWATER,7/16/2026 11:55:13 AM,SW26006457,"XXX WATER ST S, STILLWATER",CITIZEN/PUBLIC ASSIST
STILLWATER POLICE DEPARTMENT,STILLWATER,7/16/2026 11:58:46 AM,SW26006458,"XXX 2nd St N, STILLWATER",ALARM-BUSINESS/RES/FIRE/MEDICAL/ETC
STILLWATER POLICE DEPARTMENT,STILLWATER,7/16/2026 12:04:22 PM,SW26006459,"Unknown, STILLWATER",CITIZEN/PUBLIC ASSIST
STILLWATER POLICE DEPARTMENT,STILLWATER,7/16/2026 12:39:30 PM,SW26006460,"XXX Churchill St W, STILLWATER",LOCKOUT
STILLWATER POLICE DEPARTMENT,STILLWATER,7/16/2026 2:12:30 PM,SW26006462,"Stillwater Blvd N / Curve Crest Blvd, STILLWATER",DRIVING COMPLAINT
STILLWATER POLICE DEPARTMENT,STILLWATER,7/16/2026 2:22:39 PM,SW26006463,"3XXX  Maureen Ln, STILLWATER",CITIZEN/PUBLIC ASSIST
STILLWATER POLICE DEPARTMENT,STILLWATER,7/16/2026 3:02:26 PM,SW26006467,"XXX 3RD ST S, STILLWATER",FRAUD/SCAM
STILLWATER POLICE DEPARTMENT,STILLWATER,7/16/2026 3:02:35 PM,SW26006466,"XXX 3rd St S, STILLWATER",MEDICAL
STILLWATER POLICE DEPARTMENT,STILLWATER,7/16/2026 3:33:00 PM,SW26006468,"2XXX  ORLEANS ST W, STILLWATER",ASSIST OTHER AGENCY
STILLWATER POLICE DEPARTMENT,STILLWATER,7/16/2026 4:29:32 PM,SW26006470,"GREELEY ST S / 60TH ST N, STILLWATER",ACCIDENT
STILLWATER POLICE DEPARTMENT,STILLWATER,7/16/2026 4:49:19 PM,SW26006472,"XXX Brick St S, STILLWATER",CITIZEN/PUBLIC ASSIST
STILLWATER POLICE DEPARTMENT,STILLWATER,7/16/2026 7:20:11 PM,SW26006474,"1XXX  Owens St N, STILLWATER",MEDICAL
STILLWATER POLICE DEPARTMENT,STILLWATER,7/16/2026 8:25:11 PM,SW26006476,"MARKET DR / CURVE CREST BLVD, STILLWATER",PURSUIT
STILLWATER POLICE DEPARTMENT,STILLWATER,7/16/2026 9:20:41 PM,SW26006477,"3XXX  Kinship Grn, STILLWATER",NOISE COMPLAINT/DISTURBANCE
STILLWATER POLICE DEPARTMENT,STILLWATER,7/16/2026 10:02:00 PM,SW26006478,"2XXX  Market Dr, STILLWATER",THEFT
STILLWATER POLICE DEPARTMENT,STILLWATER,7/16/2026 10:21:40 PM,SW26006479,"5th St S / Olive St W, STILLWATER",WELFARE CHECK
STILLWATER POLICE DEPARTMENT,STILLWATER,7/16/2026 11:14:29 PM,SW26006480,"3XXX  Millbrook Cir, STILLWATER",PARKING COMPLAINT
STILLWATER POLICE DEPARTMENT,STILLWATER,7/17/2026 12:21:24 AM,SW26006481,"XXX Bridgewater Way, STILLWATER",MEDICAL
STILLWATER POLICE DEPARTMENT,STILLWATER,7/17/2026 4:35:21 AM,SW26006484,"2XXX  Orleans St W, STILLWATER",ALARM-BUSINESS/RES/FIRE/MEDICAL/ETC
STILLWATER POLICE DEPARTMENT,STILLWATER,7/17/2026 4:46:57 AM,SW26006485,"XX Maryknoll Dr, STILLWATER",MEDICAL
STILLWATER POLICE DEPARTMENT,STILLWATER,7/17/2026 5:03:26 AM,SW26006486,"XXX - 399 WATER ST S, STILLWATER",PARKING COMPLAINT
STILLWATER POLICE DEPARTMENT,STILLWATER,7/17/2026 7:12:53 AM,SW26006487,"Oak St W / Owens St S, STILLWATER",ACCIDENT
STILLWATER POLICE DEPARTMENT,STILLWATER,7/17/2026 7:25:29 AM,SW26006488,"XXX Main St S, STILLWATER",DISTURBANCE
STILLWATER POLICE DEPARTMENT,STILLWATER,7/17/2026 9:30:42 AM,SW26006490,"XXX WATER ST S, STILLWATER",COMMUNITY CONTACT
STILLWATER POLICE DEPARTMENT,STILLWATER,7/17/2026 9:44:30 AM,SW26006492,"XXX WATER ST S, STILLWATER",COMMUNITY CONTACT
STILLWATER POLICE DEPARTMENT,STILLWATER,7/17/2026 9:51:40 AM,SW26006493,"XXX Main St S, STILLWATER",ALARM-BUSINESS/RES/FIRE/MEDICAL/ETC
STILLWATER POLICE DEPARTMENT,STILLWATER,7/17/2026 10:01:36 AM,SW26006496,"1XXX  Gilbert Ct, STILLWATER",ASSIST OTHER AGENCY
STILLWATER POLICE DEPARTMENT,STILLWATER,7/17/2026 10:15:13 AM,SW26006497,"XXX 4th St N, STILLWATER",FRAUD/SCAM
STILLWATER POLICE DEPARTMENT,STILLWATER,7/17/2026 12:06:38 PM,SW26006500,"1XXX  Northwestern Ave, STILLWATER",LOCKOUT
STILLWATER POLICE DEPARTMENT,STILLWATER,7/17/2026 1:22:31 PM,SW26006502,"2XXX  Market Dr, STILLWATER",SHOPLIFTING
STILLWATER POLICE DEPARTMENT,STILLWATER,7/17/2026 1:51:50 PM,SW26006503,"Nelson St / Water St S, STILLWATER",FOUND PERSON
STILLWATER POLICE DEPARTMENT,STILLWATER,7/17/2026 3:00:34 PM,SW26006506,"1XXX  Northwestern Ave, STILLWATER",VEHICLE UNLOCK
STILLWATER POLICE DEPARTMENT,STILLWATER,7/17/2026 3:29:15 PM,SW26006507,"Olive St E / Main St S, STILLWATER",911 ABANDONED/HANGUP/OPEN LINE
STILLWATER POLICE DEPARTMENT,STILLWATER,7/17/2026 4:35:20 PM,SW26006509,"Osgood Ave N / 63rd St N, STILLWATER",MEDICAL
STILLWATER POLICE DEPARTMENT,STILLWATER,7/17/2026 4:52:42 PM,SW26006511,"2ND ST N / LINDEN ST E, STILLWATER",ROAD HAZARD
STILLWATER POLICE DEPARTMENT,STILLWATER,7/17/2026 5:08:48 PM,SW26006512,"XXX Nelson St, STILLWATER",MEDICAL
STILLWATER POLICE DEPARTMENT,STILLWATER,7/17/2026 5:32:59 PM,SW26006513,"2XXX  Croixwood Blvd, STILLWATER",MEDICAL
STILLWATER POLICE DEPARTMENT,STILLWATER,7/17/2026 7:10:13 PM,SW26006517,"XXX 2nd St S, STILLWATER",911 ABANDONED/HANGUP/OPEN LINE
STILLWATER POLICE DEPARTMENT,STILLWATER,7/17/2026 10:25:16 PM,SW26006519,"XXX Water St S, STILLWATER",THEFT
STILLWATER POLICE DEPARTMENT,STILLWATER,7/18/2026 12:57:51 AM,SW26006522,"XXX MAIN ST S, STILLWATER",UNWANTED PERSON/VEHICLE
STILLWATER POLICE DEPARTMENT,STILLWATER,7/18/2026 5:21:45 AM,SW26006525,"2XXX  Woodridge Ln, STILLWATER",MEDICAL
STILLWATER POLICE DEPARTMENT,STILLWATER,7/18/2026 8:56:55 AM,SW26006526,"XXX 2nd St N, STILLWATER",MEDICAL
STILLWATER POLICE DEPARTMENT,STILLWATER,7/18/2026 10:14:49 AM,SW26006529,"XXX Hazel St E, STILLWATER",911 ABANDONED/HANGUP/OPEN LINE
STILLWATER POLICE DEPARTMENT,STILLWATER,7/18/2026 10:38:52 AM,SW26006533,"Unknown, STILLWATER",FOLLOW UP
STILLWATER POLICE DEPARTMENT,STILLWATER,7/18/2026 10:57:11 AM,SW26006534,"2XXX  Oak Glen Dr, STILLWATER",FAMILY ASSIST
STILLWATER POLICE DEPARTMENT,STILLWATER,7/18/2026 11:13:48 AM,SW26006535,"XXX Sherburne St N, STILLWATER",SUICIDE ATTEMPT/THREATS OF
STILLWATER POLICE DEPARTMENT,STILLWATER,7/18/2026 12:10:07 PM,SW26006536,"1XXX  Frontage Rd W, STILLWATER",MEDICAL
STILLWATER POLICE DEPARTMENT,STILLWATER,7/18/2026 12:35:48 PM,SW26006537,"XXX Pine St W, STILLWATER",CITIZEN/PUBLIC ASSIST
STILLWATER POLICE DEPARTMENT,STILLWATER,7/18/2026 1:05:49 PM,SW26006539,"XXX Alder St E, STILLWATER",VEHICLE UNLOCK
STILLWATER POLICE DEPARTMENT,STILLWATER,7/18/2026 1:08:50 PM,SW26006540,"XXX 4th St N, STILLWATER",FOUND PROPERTY/ITEM
STILLWATER POLICE DEPARTMENT,STILLWATER,7/18/2026 1:21:08 PM,SW26006542,"1XXX  Abbott St W, STILLWATER",ANIMAL COMPLAINT
STILLWATER POLICE DEPARTMENT,STILLWATER,7/18/2026 1:21:31 PM,SW26006541,"2XXX  Pinehurst St, STILLWATER",911 ABANDONED/HANGUP/OPEN LINE
STILLWATER POLICE DEPARTMENT,STILLWATER,7/18/2026 1:45:04 PM,SW26006543,"XXX WATER ST S, STILLWATER",MEDICAL
STILLWATER POLICE DEPARTMENT,STILLWATER,7/18/2026 3:51:40 PM,SW26006552,"2XXX  Boom Rd, STILLWATER",CIVIL MATTER/DISPUTE
STILLWATER POLICE DEPARTMENT,STILLWATER,7/18/2026 4:44:04 PM,SW26006553,"XXX Olive St W, STILLWATER",CITIZEN/PUBLIC ASSIST
STILLWATER POLICE DEPARTMENT,STILLWATER,7/18/2026 5:32:46 PM,SW26006554,"XXX Eagle Ridge Trl, STILLWATER",MEDICAL
STILLWATER POLICE DEPARTMENT,STILLWATER,7/18/2026 5:42:02 PM,SW26006555,"XXX WATER ST S, STILLWATER",MISSING PERSON
STILLWATER POLICE DEPARTMENT,STILLWATER,7/18/2026 6:19:27 PM,SW26006556,"Brown's Creek Trail Mile 1, STILLWATER",PUBLIC WORKS CONCERN
STILLWATER POLICE DEPARTMENT,STILLWATER,7/18/2026 6:40:20 PM,SW26006557,"XXX 3rd St N, STILLWATER",PARKING VIOLATION
STILLWATER POLICE DEPARTMENT,STILLWATER,7/18/2026 8:16:41 PM,SW26006559,"14XXX  62ND ST N    , STILLWATER",MISSING PERSON
STILLWATER POLICE DEPARTMENT,STILLWATER,7/18/2026 8:25:40 PM,SW26006561,"XXX Main St N, STILLWATER",911 ABANDONED/HANGUP/OPEN LINE
STILLWATER POLICE DEPARTMENT,STILLWATER,7/18/2026 8:39:20 PM,SW26006563,"1XXX  COTTAGE DR, STILLWATER",ALARM-BUSINESS/RES/FIRE/MEDICAL/ETC
STILLWATER POLICE DEPARTMENT,STILLWATER,7/18/2026 8:52:00 PM,SW26006564,"XXX WATER ST S, STILLWATER",WARRANT ARREST
STILLWATER POLICE DEPARTMENT,STILLWATER,7/18/2026 9:32:33 PM,SW26006565,"2XXX  Pinehurst St, STILLWATER",VEHICLE UNLOCK
STILLWATER POLICE DEPARTMENT,STILLWATER,7/18/2026 10:02:24 PM,SW26006566,"WATER ST N / MULBERRY ST E, STILLWATER",LOST PROPERTY/ITEM
STILLWATER POLICE DEPARTMENT,STILLWATER,7/18/2026 10:06:15 PM,SW26006567,"XXX Main St N, STILLWATER",CIVIL MATTER/DISPUTE
STILLWATER POLICE DEPARTMENT,STILLWATER,7/18/2026 10:11:51 PM,SW26006569,"14XXX  62nd St N, STILLWATER",CHILD CUSTODY
STILLWATER POLICE DEPARTMENT,STILLWATER,7/18/2026 10:41:43 PM,SW26006570,"1XXX  Owens St N, STILLWATER",MEDICAL
STILLWATER POLICE DEPARTMENT,STILLWATER,7/18/2026 10:54:58 PM,SW26006572,"1XXX  Olive St W, STILLWATER",MEDICAL
STILLWATER POLICE DEPARTMENT,STILLWATER,7/18/2026 11:13:07 PM,SW26006573,"XXX WILLIAM ST N, STILLWATER",THREATS
STILLWATER POLICE DEPARTMENT,STILLWATER,7/18/2026 11:24:03 PM,SW26006574,"XXX Main St N, STILLWATER",DRIVING COMPLAINT
STILLWATER POLICE DEPARTMENT,STILLWATER,7/18/2026 11:58:11 PM,SW26006575,"Main St N / Mulberry St E, STILLWATER",SUSPICIOUS PERSON/ACTIVITY
STILLWATER POLICE DEPARTMENT,STILLWATER TOWNSHIP,7/12/2026 3:24:24 PM,SW26006316,"9XXX  - 9999 SAINT CROIX TRL N, STILLWATER TOWNSHIP",SUSPICIOUS PERSON/ACTIVITY
STILLWATER POLICE DEPARTMENT,STILLWATER TOWNSHIP,7/18/2026 10:32:34 AM,SW26006531,"XX Hwy 36 Wb Jeo Manning Ave N, STILLWATER TOWNSHIP",ASSIST OTHER AGENCY
STILLWATER POLICE DEPARTMENT,STILLWATER TOWNSHIP,7/18/2026 10:34:30 AM,SW26006532,"13XXX  90th St N, STILLWATER TOWNSHIP",ASSIST OTHER AGENCY
WASHINGTON COUNTY SHERIFFS OFFICE,AFTON,7/12/2026 7:49:13 AM,WC26034691,"12XXX  HUDSON RD S, AFTON",911 ABANDONED/HANGUP/OPEN LINE
WASHINGTON COUNTY SHERIFFS OFFICE,AFTON,7/12/2026 11:00:22 AM,WC26034716,"15XXX  AFTON BLVD S, AFTON",ANIMAL COMPLAINT
WASHINGTON COUNTY SHERIFFS OFFICE,AFTON,7/12/2026 3:28:51 PM,WC26034775,"15XXX  - 15899 AFTON BLVD S, AFTON",DIRECTED PATROL
WASHINGTON COUNTY SHERIFFS OFFICE,AFTON,7/12/2026 3:34:25 PM,WC26034777,"4XXX  Pasture Ridge Rd S, AFTON",FIRE
WASHINGTON COUNTY SHERIFFS OFFICE,AFTON,7/12/2026 5:40:00 PM,WC26034794,"13XXX  - 14699 HUDSON RD S, AFTON",TRAFFIC STOP
WASHINGTON COUNTY SHERIFFS OFFICE,AFTON,7/12/2026 7:01:00 PM,WC26034806,"13XXX  - 14698 HUDSON RD S, AFTON",TRAFFIC STOP
WASHINGTON COUNTY SHERIFFS OFFICE,AFTON,7/13/2026 2:19:40 PM,WC26034942,"32nd St S / Neal Ave S, AFTON",ACCIDENT
WASHINGTON COUNTY SHERIFFS OFFICE,AFTON,7/13/2026 5:38:22 PM,WC26034975,"15XXX  Upper 34th St S, AFTON",911 ABANDONED/HANGUP/OPEN LINE
WASHINGTON COUNTY SHERIFFS OFFICE,AFTON,7/14/2026 2:05:09 AM,WC26035040,"14XXX  Afton Blvd S, AFTON",ASSIST OTHER AGENCY
WASHINGTON COUNTY SHERIFFS OFFICE,AFTON,7/15/2026 3:08:59 PM,WC26035306,"Unknown, AFTON",FOLLOW UP
WASHINGTON COUNTY SHERIFFS OFFICE,AFTON,7/15/2026 7:49:05 PM,WC26035352,"12XXX  8th St S, AFTON",911 ABANDONED/HANGUP/OPEN LINE
WASHINGTON COUNTY SHERIFFS OFFICE,AFTON,7/15/2026 8:48:25 PM,WC26035355,"12XXX  22nd St S, AFTON",911 ABANDONED/HANGUP/OPEN LINE
WASHINGTON COUNTY SHERIFFS OFFICE,AFTON,7/16/2026 5:08:51 PM,WC26035553,"5XXX  Saint Croix Trl S, AFTON",MEDICAL
WASHINGTON COUNTY SHERIFFS OFFICE,AFTON,7/16/2026 5:17:08 PM,WC26035559,"5XXX  Saint Croix Trl S, AFTON",911 ABANDONED/HANGUP/OPEN LINE
WASHINGTON COUNTY SHERIFFS OFFICE,AFTON,7/16/2026 6:49:50 PM,WC26035565,"SAINT CROIX RIVER-A, AFTON",DROWNING
WASHINGTON COUNTY SHERIFFS OFFICE,AFTON,7/17/2026 3:14:41 PM,WC26035711,"15XXX  - 15899 AFTON BLVD S, AFTON",DIRECTED PATROL
WASHINGTON COUNTY SHERIFFS OFFICE,AFTON,7/17/2026 4:36:53 PM,WC26035725,"1XXX  Majestic Pines Trl, AFTON",911 ABANDONED/HANGUP/OPEN LINE
WASHINGTON COUNTY SHERIFFS OFFICE,BAYTOWN TOWNSHIP,7/12/2026 4:51:41 AM,WC26034682,"3XXX  Oakgreen Ave N, BAYTOWN TOWNSHIP",ACCIDENT
WASHINGTON COUNTY SHERIFFS OFFICE,BAYTOWN TOWNSHIP,7/15/2026 12:52:06 PM,WC26035285,"4XXX  Stagecoach Trl N, BAYTOWN TOWNSHIP",FOLLOW UP
WASHINGTON COUNTY SHERIFFS OFFICE,BAYTOWN TOWNSHIP,7/16/2026 8:06:43 AM,WC26035426,"3XXX  Oakgreen Ave N, BAYTOWN TOWNSHIP",MEDICAL
WASHINGTON COUNTY SHERIFFS OFFICE,BAYTOWN TOWNSHIP,7/17/2026 7:33:45 PM,WC26035764,"3XXX  Oakgreen Ave N, BAYTOWN TOWNSHIP",MEDICAL
WASHINGTON COUNTY SHERIFFS OFFICE,BIRCHWOOD,7/13/2026 10:43:28 AM,WC26034914,"XXX Cedar St, BIRCHWOOD",OFFICER INFORMATION
WASHINGTON COUNTY SHERIFFS OFFICE,BIRCHWOOD,7/14/2026 11:27:23 AM,WC26035110,"XXX Wildwood Ave, BIRCHWOOD",CIVIL MATTER/DISPUTE
WASHINGTON COUNTY SHERIFFS OFFICE,BIRCHWOOD,7/17/2026 3:46:37 AM,WC26035613,"XXX Wildwood Ave, BIRCHWOOD",MEDICAL
WASHINGTON COUNTY SHERIFFS OFFICE,BIRCHWOOD VILLAGE,7/15/2026 4:37:48 PM,WC26035330,"WILDWOOD AVE/EAST COUNTY LINE RD, BIRCHWOOD VILLAGE",FOUND PROPERTY/ITEM
WASHINGTON COUNTY SHERIFFS OFFICE,BIRCHWOOD VILLAGE,7/15/2026 9:09:00 PM,WC26035357,"EAST COUNTY LINE RD & CEDAR AVE, BIRCHWOOD VILLAGE",TRAFFIC STOP
WASHINGTON COUNTY SHERIFFS OFFICE,COTTAGE GROVE,7/12/2026 12:45:58 AM,WC26034653,"Hwy 61 Nb At Jamaica Ave S, COTTAGE GROVE",ASSIST OTHER AGENCY
WASHINGTON COUNTY SHERIFFS OFFICE,COTTAGE GROVE,7/15/2026 3:53:04 PM,WC26035316,"8XXX  76th St S, COTTAGE GROVE",FOLLOW UP
WASHINGTON COUNTY SHERIFFS OFFICE,COTTAGE GROVE,7/17/2026 12:27:46 AM,WC26035602,"8XXX  Hadley Ave S, COTTAGE GROVE",ASSIST OTHER AGENCY
WASHINGTON COUNTY SHERIFFS OFFICE,DELLWOOD,7/12/2026 8:49:03 PM,WC26034822,"XX Peninsula Rd, DELLWOOD",ALARM-BUSINESS/RES/FIRE/MEDICAL/ETC
WASHINGTON COUNTY SHERIFFS OFFICE,DELLWOOD,7/13/2026 10:26:18 AM,WC26034911,"5XXX  EAST COUNTY LINE RD, DELLWOOD",911 ABANDONED/HANGUP/OPEN LINE
WASHINGTON COUNTY SHERIFFS OFFICE,DELLWOOD,7/13/2026 8:30:05 PM,WC26034999,"XX Tamarisk Rd, DELLWOOD",DRIVING COMPLAINT
WASHINGTON COUNTY SHERIFFS OFFICE,DELLWOOD,7/13/2026 11:16:12 PM,WC26035023,"XX Doral Rd, DELLWOOD",ALARM-BUSINESS/RES/FIRE/MEDICAL/ETC
WASHINGTON COUNTY SHERIFFS OFFICE,DELLWOOD,7/14/2026 7:29:00 AM,WC26035057,"HWY 96 / DELLWOOD AVE, DELLWOOD",TRAFFIC STOP
WASHINGTON COUNTY SHERIFFS OFFICE,DELLWOOD,7/14/2026 8:21:16 AM,WC26035063,"XX Many Levels Rd, DELLWOOD",MEDICAL
WASHINGTON COUNTY SHERIFFS OFFICE,DELLWOOD,7/14/2026 9:07:50 AM,WC26035069,"XX DELLWOOD AVE, DELLWOOD",911 ABANDONED/HANGUP/OPEN LINE
WASHINGTON COUNTY SHERIFFS OFFICE,DELLWOOD,7/17/2026 4:47:05 PM,WC26035726,"Dellwood Rd N / Quail Rd, DELLWOOD",FIRE
WASHINGTON COUNTY SHERIFFS OFFICE,DELLWOOD,7/18/2026 11:58:08 PM,WC26036067,"XX Doral Rd, DELLWOOD",MEDICAL
WASHINGTON COUNTY SHERIFFS OFFICE,DENMARK TOWNSHIP,7/12/2026 11:38:57 AM,WC26034722,"10XXX  SAINT CROIX TRL S, DENMARK TOWNSHIP",PARK INCIDENT-CITY/COUNTY
WASHINGTON COUNTY SHERIFFS OFFICE,DENMARK TOWNSHIP,7/12/2026 12:33:00 PM,WC26034730,"Highway 10 / Point Douglas Park Access Road, DENMARK TOWNSHIP",PARKING VIOLATION
WASHINGTON COUNTY SHERIFFS OFFICE,DENMARK TOWNSHIP,7/12/2026 12:59:00 PM,WC26034734,"POINT DOUGLAS PARK ACCESS ROAD, DENMARK TOWNSHIP",PARKING VIOLATION
WASHINGTON COUNTY SHERIFFS OFFICE,DENMARK TOWNSHIP,7/12/2026 1:14:10 PM,WC26034736,"14XXX  POINT DOUGLAS DR S, DENMARK TOWNSHIP",PARK COMPLAINT
WASHINGTON COUNTY SHERIFFS OFFICE,DENMARK TOWNSHIP,7/13/2026 6:22:30 AM,WC26034875,"MANNING AVE S / 70TH ST S, DENMARK TOWNSHIP",DISABLED VEHICLE
WASHINGTON COUNTY SHERIFFS OFFICE,DENMARK TOWNSHIP,7/13/2026 2:45:14 PM,WC26034946,"15XXX  68th St S, DENMARK TOWNSHIP",CIVIL MATTER/DISPUTE
WASHINGTON COUNTY SHERIFFS OFFICE,DENMARK TOWNSHIP,7/14/2026 11:32:51 AM,WC26035111,"8XXX  Manning Ave S, DENMARK TOWNSHIP",MEDICAL
WASHINGTON COUNTY SHERIFFS OFFICE,DENMARK TOWNSHIP,7/14/2026 1:07:55 PM,WC26035119,"10XXX  Saint Croix Trl S, DENMARK TOWNSHIP",DISTURBANCE
WASHINGTON COUNTY SHERIFFS OFFICE,DENMARK TOWNSHIP,7/15/2026 1:23:09 PM,WC26035299,"10XXX  Saint Croix Trl S, DENMARK TOWNSHIP",ASSAULT
WASHINGTON COUNTY SHERIFFS OFFICE,DENMARK TOWNSHIP,7/15/2026 4:29:00 PM,WC26035321,"15XXX  - 16000 102ND ST S, DENMARK TOWNSHIP",PARKING VIOLATION
WASHINGTON COUNTY SHERIFFS OFFICE,DENMARK TOWNSHIP,7/15/2026 4:43:00 PM,WC26035327,"15XXX  - 16000 102ND ST S, DENMARK TOWNSHIP",PARKING VIOLATION
WASHINGTON COUNTY SHERIFFS OFFICE,DENMARK TOWNSHIP,7/15/2026 4:54:00 PM,WC26035333,"15XXX  - 16000 102ND ST S, DENMARK TOWNSHIP",PARKING VIOLATION
WASHINGTON COUNTY SHERIFFS OFFICE,DENMARK TOWNSHIP,7/16/2026 8:27:58 AM,WC26035429,"70TH ST S / NEAL AVE S, DENMARK TOWNSHIP",TRAFFIC STOP
WASHINGTON COUNTY SHERIFFS OFFICE,DENMARK TOWNSHIP,7/16/2026 8:59:45 AM,WC26035436,"MANNING AVE S / 70TH ST S, DENMARK TOWNSHIP",TRAFFIC STOP
WASHINGTON COUNTY SHERIFFS OFFICE,DENMARK TOWNSHIP,7/17/2026 5:22:56 PM,WC26035731,"SAINT CROIX RIVER*, DENMARK TOWNSHIP",BOAT STOP
WASHINGTON COUNTY SHERIFFS OFFICE,DENMARK TOWNSHIP,7/18/2026 4:31:18 PM,WC26035957,"SAINT CROIX RIVER KINNI CHANNEL-DT, DENMARK TOWNSHIP",BOAT STOP
WASHINGTON COUNTY SHERIFFS OFFICE,DENMARK TOWNSHIP,7/18/2026 5:48:24 PM,WC26035980,"14XXX  POINT DOUGLAS DR S, DENMARK TOWNSHIP",MEDICAL
WASHINGTON COUNTY SHERIFFS OFFICE,DENMARK TOWNSHIP,7/18/2026 6:23:21 PM,WC26035986,"14XXX  POINT DOUGLAS DR S, DENMARK TOWNSHIP",MISSING PERSON
WASHINGTON COUNTY SHERIFFS OFFICE,DENMARK TOWNSHIP,7/18/2026 7:35:48 PM,WC26035999,"14XXX  Point Douglas Dr S, DENMARK TOWNSHIP",PARK INCIDENT-CITY/COUNTY
WASHINGTON COUNTY SHERIFFS OFFICE,DENMARK TOWNSHIP,7/18/2026 11:31:00 PM,WC26036061,"Highway 10 East of St. Croix Trl S, DENMARK TOWNSHIP",TRAFFIC STOP
WASHINGTON COUNTY SHERIFFS OFFICE,FOREST LAKE,7/12/2026 6:03:30 PM,WC26034798,"FOREST LAKE, FOREST LAKE",BOAT STOP
WASHINGTON COUNTY SHERIFFS OFFICE,FOREST LAKE,7/12/2026 7:23:26 PM,WC26034808,"4XXX  202nd St N, FOREST LAKE",WATER INCIDENT/VIOLATION
WASHINGTON COUNTY SHERIFFS OFFICE,FOREST LAKE,7/12/2026 9:40:35 PM,WC26034833,"4XXX  207TH ST N, FOREST LAKE",ASSIST OTHER AGENCY
WASHINGTON COUNTY SHERIFFS OFFICE,FOREST LAKE,7/18/2026 3:14:35 PM,WC26035940,"FOREST LAKE, FOREST LAKE",BOAT STOP
WASHINGTON COUNTY SHERIFFS OFFICE,FOREST LAKE,7/18/2026 5:10:01 PM,WC26035969,"23XXX  EVERTON AVE N, FOREST LAKE",CIVIL MATTER/DISPUTE
WASHINGTON COUNTY SHERIFFS OFFICE,GRANT,7/12/2026 3:42:47 PM,WC26034781,"11XXX  Ironwood Ave N, GRANT",WELFARE CHECK
WASHINGTON COUNTY SHERIFFS OFFICE,GRANT,7/12/2026 9:54:36 PM,WC26034839,"75th St N / Jamaca Ave N, GRANT",DRIVING COMPLAINT
WASHINGTON COUNTY SHERIFFS OFFICE,GRANT,7/13/2026 7:36:42 AM,WC26034879,"11XXX  Honeye Ave N, GRANT",ALARM-BUSINESS/RES/FIRE/MEDICAL/ETC
WASHINGTON COUNTY SHERIFFS OFFICE,GRANT,7/14/2026 12:38:38 AM,WC26035034,"11XXX  75th St N, GRANT",OFFICER INFORMATION
WASHINGTON COUNTY SHERIFFS OFFICE,GRANT,7/14/2026 6:30:37 AM,WC26035053,"11XXX  60th St N, GRANT",ALARM-BUSINESS/RES/FIRE/MEDICAL/ETC
WASHINGTON COUNTY SHERIFFS OFFICE,GRANT,7/14/2026 5:29:25 PM,WC26035158,"8XXX  105th St N, GRANT",ALARM-BUSINESS/RES/FIRE/MEDICAL/ETC
WASHINGTON COUNTY SHERIFFS OFFICE,GRANT,7/14/2026 11:41:57 PM,WC26035195,"75TH ST N / KEATS AVE N, GRANT",MEDICAL
WASHINGTON COUNTY SHERIFFS OFFICE,GRANT,7/15/2026 11:29:03 AM,WC26035274,"11XXX  80th St N, GRANT",911 ABANDONED/HANGUP/OPEN LINE
WASHINGTON COUNTY SHERIFFS OFFICE,GRANT,7/15/2026 3:55:36 PM,WC26035317,"11XXX  80th St N, GRANT",ACCIDENT
WASHINGTON COUNTY SHERIFFS OFFICE,GRANT,7/15/2026 5:19:26 PM,WC26035337,"8XXX  JEWEL AVE N, GRANT",CIVIL MATTER/DISPUTE
WASHINGTON COUNTY SHERIFFS OFFICE,GRANT,7/15/2026 9:58:57 PM,WC26035367,"6XXX  Lake Elmo Ave N, GRANT",ALARM-BUSINESS/RES/FIRE/MEDICAL/ETC
WASHINGTON COUNTY SHERIFFS OFFICE,GRANT,7/15/2026 10:38:04 PM,WC26035370,"11XXX  Julianne Ave N, GRANT",OFFICER INFORMATION
WASHINGTON COUNTY SHERIFFS OFFICE,GRANT,7/16/2026 12:23:44 PM,WC26035499,"9XXX  60th St N, GRANT",MEDICAL
WASHINGTON COUNTY SHERIFFS OFFICE,GRANT,7/16/2026 2:46:31 PM,WC26035530,"7XXX  Jamaca Ln N, GRANT",TRESPASSING
WASHINGTON COUNTY SHERIFFS OFFICE,GRANT,7/16/2026 2:49:02 PM,WC26035534,"10XXX  MANNING AVENUE CT N, GRANT",FRAUD/SCAM
WASHINGTON COUNTY SHERIFFS OFFICE,GRANT,7/16/2026 3:32:17 PM,WC26035536,"11XXX  60th St N, GRANT",911 ABANDONED/HANGUP/OPEN LINE
WASHINGTON COUNTY SHERIFFS OFFICE,GRANT,7/17/2026 5:11:06 AM,WC26035616,"8XXX  75th St N, GRANT",ACCIDENT
WASHINGTON COUNTY SHERIFFS OFFICE,GRANT,7/17/2026 10:35:56 AM,WC26035668,"11XXX  60th St N, GRANT",911 ABANDONED/HANGUP/OPEN LINE
WASHINGTON COUNTY SHERIFFS OFFICE,GRANT,7/17/2026 2:27:18 PM,WC26035703,"9XXX  Joliet Ave N, GRANT",ACCIDENT
WASHINGTON COUNTY SHERIFFS OFFICE,GRANT,7/17/2026 4:59:58 PM,WC26035727,"11XXX  Keystone Ave N, GRANT",FOLLOW UP
WASHINGTON COUNTY SHERIFFS OFFICE,GRANT,7/18/2026 12:50:57 PM,WC26035915,"Brown's Creek Trail Mile 5.8 (Duluth Junction), GRANT",INDECENT EXPOSURE
WASHINGTON COUNTY SHERIFFS OFFICE,GRANT,7/18/2026 2:51:09 PM,WC26035936,"10XXX  Jody Avenue Ct N, GRANT",ANIMAL COMPLAINT
WASHINGTON COUNTY SHERIFFS OFFICE,GRANT,7/18/2026 11:00:00 PM,WC26036051,"Highway 36, GRANT",TRAFFIC STOP
WASHINGTON COUNTY SHERIFFS OFFICE,HUGO,7/12/2026 1:22:42 AM,WC26034666,"4XXX  Victor Path N, HUGO",MEDICAL
WASHINGTON COUNTY SHERIFFS OFFICE,HUGO,7/12/2026 3:33:12 AM,WC26034679,"13XXX  Flay Ave N, HUGO",SUICIDE ATTEMPT/THREATS OF
WASHINGTON COUNTY SHERIFFS OFFICE,HUGO,7/12/2026 8:06:00 AM,WC26034693,"140TH ST N/FOREST BLVD , HUGO",TRAFFIC STOP
WASHINGTON COUNTY SHERIFFS OFFICE,HUGO,7/12/2026 8:45:00 AM,WC26034694,"FRENCHMAND RD/ELMCREST AVE N, HUGO",TRAFFIC STOP
WASHINGTON COUNTY SHERIFFS OFFICE,HUGO,7/12/2026 8:56:13 AM,WC26034697,"5XXX  127th St N, HUGO",911 ABANDONED/HANGUP/OPEN LINE
WASHINGTON COUNTY SHERIFFS OFFICE,HUGO,7/12/2026 11:54:51 AM,WC26034725,"14XXX  Victor Hugo Blvd N, HUGO",MEDICAL
WASHINGTON COUNTY SHERIFFS OFFICE,HUGO,7/12/2026 2:30:00 PM,WC26034754,"FOREST BLVD/170TH ST NORTH , HUGO",TRAFFIC STOP
WASHINGTON COUNTY SHERIFFS OFFICE,HUGO,7/12/2026 3:09:48 PM,WC26034773,"5XXX  134th St N, HUGO",WELFARE CHECK
WASHINGTON COUNTY SHERIFFS OFFICE,HUGO,7/12/2026 3:39:00 PM,WC26034778,"EGG LAKE RD N/FOXHILL AVE N, HUGO",TRAFFIC STOP
WASHINGTON COUNTY SHERIFFS OFFICE,HUGO,7/12/2026 5:28:31 PM,WC26034792,"5XXX  134th St N, HUGO",WELFARE CHECK
WASHINGTON COUNTY SHERIFFS OFFICE,HUGO,7/12/2026 9:22:51 PM,WC26034832,"15XXX  French Dr N, HUGO",DISTURBANCE
WASHINGTON COUNTY SHERIFFS OFFICE,HUGO,7/12/2026 10:41:15 PM,WC26034841,"14XXX  Finale Ave N, HUGO",911 ABANDONED/HANGUP/OPEN LINE
WASHINGTON COUNTY SHERIFFS OFFICE,HUGO,7/13/2026 12:57:46 AM,WC26034854,"15XXX  Forest Blvd N, HUGO",ALARM-BUSINESS/RES/FIRE/MEDICAL/ETC
WASHINGTON COUNTY SHERIFFS OFFICE,HUGO,7/13/2026 7:19:24 AM,WC26034877,"15XXX  Eminence Ave N, HUGO",MEDICAL
WASHINGTON COUNTY SHERIFFS OFFICE,HUGO,7/13/2026 2:51:34 PM,WC26034949,"14XXX  Foxhill Ave N, HUGO",WELFARE CHECK
WASHINGTON COUNTY SHERIFFS OFFICE,HUGO,7/13/2026 6:54:00 PM,WC26034983,"Unknown, HUGO",FOLLOW UP
WASHINGTON COUNTY SHERIFFS OFFICE,HUGO,7/13/2026 7:35:08 PM,WC26034986,"6XXX  Goodview Trail Cir N, HUGO",911 ABANDONED/HANGUP/OPEN LINE
WASHINGTON COUNTY SHERIFFS OFFICE,HUGO,7/13/2026 8:05:40 PM,WC26034996,"14XXX  Mercantile Dr N, HUGO",ACCIDENT
WASHINGTON COUNTY SHERIFFS OFFICE,HUGO,7/13/2026 9:05:32 PM,WC26035006,"13XXX  - 13511 FONDANT TRL N, HUGO",DIRECTED PATROL
WASHINGTON COUNTY SHERIFFS OFFICE,HUGO,7/13/2026 9:33:59 PM,WC26035013,"4XXX  Heritage Pkwy N, HUGO",DISTURBANCE
WASHINGTON COUNTY SHERIFFS OFFICE,HUGO,7/13/2026 10:19:10 PM,WC26035019,"6XXX  145th Cir N, HUGO",WELFARE CHECK
WASHINGTON COUNTY SHERIFFS OFFICE,HUGO,7/14/2026 12:24:59 AM,WC26035032,"14XXX  Victor Hugo Blvd N, HUGO",SUSPICIOUS PERSON/ACTIVITY
WASHINGTON COUNTY SHERIFFS OFFICE,HUGO,7/14/2026 7:42:48 AM,WC26035059,"Private Road / Elmcrest Ave N, HUGO",ACCIDENT
WASHINGTON COUNTY SHERIFFS OFFICE,HUGO,7/14/2026 9:46:40 AM,WC26035087,"14XXX  Victor Hugo Blvd N, HUGO",911 ABANDONED/HANGUP/OPEN LINE
WASHINGTON COUNTY SHERIFFS OFFICE,HUGO,7/14/2026 10:18:39 AM,WC26035094,"15XXX  Falcon Cir N, HUGO",911 ABANDONED/HANGUP/OPEN LINE
WASHINGTON COUNTY SHERIFFS OFFICE,HUGO,7/14/2026 11:57:29 AM,WC26035112,"12XXX  Irish Ave N, HUGO",WELFARE CHECK
WASHINGTON COUNTY SHERIFFS OFFICE,HUGO,7/14/2026 12:31:04 PM,WC26035113,"5XXX  157th St N, HUGO",FOLLOW UP
WASHINGTON COUNTY SHERIFFS OFFICE,HUGO,7/14/2026 12:59:00 PM,WC26033671,"EVERGREEN AVE N/FRENCHMAN RD, HUGO",CITIZEN/PUBLIC ASSIST
WASHINGTON COUNTY SHERIFFS OFFICE,HUGO,7/14/2026 2:10:39 PM,WC26035132,"Unknown, HUGO",FOLLOW UP
WASHINGTON COUNTY SHERIFFS OFFICE,HUGO,7/14/2026 6:59:09 PM,WC26035165,"14XXX  Geneva Ave N, HUGO",911 ABANDONED/HANGUP/OPEN LINE
WASHINGTON COUNTY SHERIFFS OFFICE,HUGO,7/14/2026 9:32:33 PM,WC26035179,"FRENCHMAN RD / ONEKA PKWY N, HUGO",DWI
WASHINGTON COUNTY SHERIFFS OFFICE,HUGO,7/15/2026 2:45:25 AM,WC26035208,"13XXX  Europa Trail Way N, HUGO",CIVIL MATTER/DISPUTE
WASHINGTON COUNTY SHERIFFS OFFICE,HUGO,7/15/2026 7:53:00 AM,WC26035224,"134TH ST N / EUROPA CT N, HUGO",TRAFFIC STOP
WASHINGTON COUNTY SHERIFFS OFFICE,HUGO,7/15/2026 8:11:00 AM,WC26035225,"159TH ST N / FARNHAM AVE N, HUGO",TRAFFIC STOP
WASHINGTON COUNTY SHERIFFS OFFICE,HUGO,7/15/2026 8:36:38 AM,WC26035231,"5XXX  Fairpoint Dr N, HUGO",INCIDENT
WASHINGTON COUNTY SHERIFFS OFFICE,HUGO,7/15/2026 9:41:34 AM,WC26035253,"5XXX  149th St N, HUGO",MEDICAL
WASHINGTON COUNTY SHERIFFS OFFICE,HUGO,7/15/2026 9:57:48 AM,WC26035255,"15XXX  HOMESTEAD AVE N, HUGO",LOST PROPERTY/ITEM
WASHINGTON COUNTY SHERIFFS OFFICE,HUGO,7/15/2026 11:00:00 AM,WC26035261,"15XXX  ETHAN AVE N, HUGO",THREATS
WASHINGTON COUNTY SHERIFFS OFFICE,HUGO,7/15/2026 2:07:41 PM,WC26035298,"13XXX  Fiona Ave N, HUGO",DOG BITE
WASHINGTON COUNTY SHERIFFS OFFICE,HUGO,7/15/2026 3:39:38 PM,WC26035311,"14XXX  Forest Blvd N, HUGO",MEDICAL
WASHINGTON COUNTY SHERIFFS OFFICE,HUGO,7/16/2026 12:00:00 AM,WC26035478,"FRENCHMAN RD / FOREST BLVD N, HUGO",TRAFFIC STOP
WASHINGTON COUNTY SHERIFFS OFFICE,HUGO,7/16/2026 6:36:09 AM,WC26035415,"17XXX  Forest Blvd N, HUGO",ANIMAL COMPLAINT
WASHINGTON COUNTY SHERIFFS OFFICE,HUGO,7/16/2026 12:27:21 PM,WC26035504,"14XXX  Forest Blvd N, HUGO",THEFT
WASHINGTON COUNTY SHERIFFS OFFICE,HUGO,7/16/2026 2:27:06 PM,WC26035526,"13XXX  Fenway Blvd N, HUGO",ANIMAL COMPLAINT
WASHINGTON COUNTY SHERIFFS OFFICE,HUGO,7/16/2026 2:55:09 PM,WC26035531,"4XXX  Fable Hill Way N, HUGO",CITIZEN/PUBLIC ASSIST
WASHINGTON COUNTY SHERIFFS OFFICE,HUGO,7/16/2026 4:15:05 PM,WC26035544,"15XXX  Francesca Ave N, HUGO",VEHICLE UNLOCK
WASHINGTON COUNTY SHERIFFS OFFICE,HUGO,7/16/2026 4:51:30 PM,WC26035552,"12XXX  Janero Ave N, HUGO",INDECENT EXPOSURE
WASHINGTON COUNTY SHERIFFS OFFICE,HUGO,7/16/2026 9:48:18 PM,WC26035579,"5XXX  140th St N, HUGO",NOISE COMPLAINT/DISTURBANCE
WASHINGTON COUNTY SHERIFFS OFFICE,HUGO,7/16/2026 9:58:00 PM,WC26035580,"FOREST BLVD N / 140TH ST N, HUGO",TRAFFIC STOP
WASHINGTON COUNTY SHERIFFS OFFICE,HUGO,7/16/2026 11:06:00 PM,WC26035589,"FRENCHMAN RD / FOREST BLVD N, HUGO",TRAFFIC STOP
WASHINGTON COUNTY SHERIFFS OFFICE,HUGO,7/17/2026 5:03:10 AM,WC26035615,"16XXX  Europa Ave N, HUGO",ALARM-BUSINESS/RES/FIRE/MEDICAL/ETC
WASHINGTON COUNTY SHERIFFS OFFICE,HUGO,7/17/2026 6:39:58 AM,WC26035619,"5XXX  140th St N, HUGO",NOISE COMPLAINT/DISTURBANCE
WASHINGTON COUNTY SHERIFFS OFFICE,HUGO,7/17/2026 1:21:32 PM,WC26035690,"14XXX  Victor Hugo Blvd N, HUGO",MEDICAL
WASHINGTON COUNTY SHERIFFS OFFICE,HUGO,7/17/2026 2:44:02 PM,WC26035706,"7XXX  147th St N, HUGO",FOLLOW UP
WASHINGTON COUNTY SHERIFFS OFFICE,HUGO,7/17/2026 6:52:43 PM,WC26035753,"170th St N / Forest Blvd N, HUGO",ANIMAL COMPLAINT
WASHINGTON COUNTY SHERIFFS OFFICE,HUGO,7/17/2026 9:12:49 PM,WC26035786,"4XXX  Evergreen Dr N, HUGO",NOISE COMPLAINT/DISTURBANCE
WASHINGTON COUNTY SHERIFFS OFFICE,HUGO,7/17/2026 11:53:04 PM,WC26035839,"15XXX  - 15741 FOREST BLVD N, HUGO",ROAD HAZARD
WASHINGTON COUNTY SHERIFFS OFFICE,HUGO,7/18/2026 11:01:24 PM,WC26036052,"4XXX  149th St N, HUGO",MEDICAL
WASHINGTON COUNTY SHERIFFS OFFICE,LAKE ELMO,7/12/2026 12:33:18 AM,WC26034649,"32nd St N / Lake Elmo Ave N, LAKE ELMO",NOISE COMPLAINT/DISTURBANCE
WASHINGTON COUNTY SHERIFFS OFFICE,LAKE ELMO,7/12/2026 12:59:00 AM,WC26034658,"Highway 36 & LAKE ELMO AVE N, LAKE ELMO",TRAFFIC STOP
WASHINGTON COUNTY SHERIFFS OFFICE,LAKE ELMO,7/12/2026 1:00:49 AM,WC26034659,"7th St N / James Ave N, LAKE ELMO",DRIVING COMPLAINT
WASHINGTON COUNTY SHERIFFS OFFICE,LAKE ELMO,7/12/2026 2:22:00 AM,WC26034671,"Highway 36 & LAKE ELMO AVE N, LAKE ELMO",TRAFFIC STOP
WASHINGTON COUNTY SHERIFFS OFFICE,LAKE ELMO,7/12/2026 6:38:47 AM,WC26034685,"4XXX  Jamaca Ave N, LAKE ELMO",SUSPICIOUS PERSON/ACTIVITY
WASHINGTON COUNTY SHERIFFS OFFICE,LAKE ELMO,7/12/2026 7:16:58 AM,WC26034688,"11XXX  40th St N, LAKE ELMO",ANIMAL COMPLAINT
WASHINGTON COUNTY SHERIFFS OFFICE,LAKE ELMO,7/12/2026 9:45:38 AM,WC26034702,"5XXX  Stillwater Blvd N, LAKE ELMO",CITIZEN/PUBLIC ASSIST
WASHINGTON COUNTY SHERIFFS OFFICE,LAKE ELMO,7/12/2026 11:07:01 AM,WC26034717,"2XXX  Keats Ave N, LAKE ELMO",911 ABANDONED/HANGUP/OPEN LINE
WASHINGTON COUNTY SHERIFFS OFFICE,LAKE ELMO,7/12/2026 11:23:52 AM,WC26034721,"Manning Ave N / Hudson Blvd N, LAKE ELMO",INCIDENT
WASHINGTON COUNTY SHERIFFS OFFICE,LAKE ELMO,7/12/2026 12:49:53 PM,WC26034733,"12XXX  Marquess Ln N, LAKE ELMO",WELFARE CHECK
WASHINGTON COUNTY SHERIFFS OFFICE,LAKE ELMO,7/12/2026 3:34:58 PM,WC26034779,"8XXX  37th St N, LAKE ELMO",MEDICAL
WASHINGTON COUNTY SHERIFFS OFFICE,LAKE ELMO,7/12/2026 3:47:22 PM,WC26034782,"2XXX  Keats Ave N, LAKE ELMO",ALARM-BUSINESS/RES/FIRE/MEDICAL/ETC
WASHINGTON COUNTY SHERIFFS OFFICE,LAKE ELMO,7/12/2026 4:01:00 PM,WC26034784,"1XXX  Keats Ave N, LAKE ELMO",PARKING COMPLAINT
WASHINGTON COUNTY SHERIFFS OFFICE,LAKE ELMO,7/12/2026 4:40:13 PM,WC26034786,"3XXX  Laverne Ave N, LAKE ELMO",VEHICLE UNLOCK
WASHINGTON COUNTY SHERIFFS OFFICE,LAKE ELMO,7/12/2026 5:29:18 PM,WC26034797,"9XXX  HUDSON BLVD N, LAKE ELMO",CIVIL MATTER/DISPUTE
WASHINGTON COUNTY SHERIFFS OFFICE,LAKE ELMO,7/12/2026 6:27:00 PM,WC26034803,"10TH ST N / LEEWARD AVE N, LAKE ELMO",TRAFFIC STOP
WASHINGTON COUNTY SHERIFFS OFFICE,LAKE ELMO,7/12/2026 7:42:38 PM,WC26034812,"8XXX  Hidden Bay Trl N, LAKE ELMO",MEDICAL
WASHINGTON COUNTY SHERIFFS OFFICE,LAKE ELMO,7/12/2026 7:43:06 PM,WC26034811,"2XXX  Keats Ave N, LAKE ELMO",911 ABANDONED/HANGUP/OPEN LINE
WASHINGTON COUNTY SHERIFFS OFFICE,LAKE ELMO,7/12/2026 8:17:00 PM,WC26034817,"1XXX  KEATS AVE N, LAKE ELMO",TRAFFIC STOP
WASHINGTON COUNTY SHERIFFS OFFICE,LAKE ELMO,7/12/2026 9:08:43 PM,WC26034824,"8XXX  Lake Jane Trl N, LAKE ELMO",NOISE COMPLAINT/DISTURBANCE
WASHINGTON COUNTY SHERIFFS OFFICE,LAKE ELMO,7/13/2026 7:46:46 AM,WC26034881,"Lake Elmo Ave N / Highway 36, LAKE ELMO",DIRECTED PATROL
WASHINGTON COUNTY SHERIFFS OFFICE,LAKE ELMO,7/13/2026 8:45:46 AM,WC26034887,"Ivory Ave N / Inwood Ave N, LAKE ELMO",PARKING COMPLAINT
WASHINGTON COUNTY SHERIFFS OFFICE,LAKE ELMO,7/13/2026 11:55:39 AM,WC26034919,"3XXX  Lake Elmo Ave N, LAKE ELMO",THEFT
WASHINGTON COUNTY SHERIFFS OFFICE,LAKE ELMO,7/13/2026 12:08:39 PM,WC26034920,"2XXX  Keats Ave N, LAKE ELMO",TRAFFIC COMPLAINT
WASHINGTON COUNTY SHERIFFS OFFICE,LAKE ELMO,7/13/2026 2:02:09 PM,WC26034939,"11XXX  39th St N, LAKE ELMO",MEDICAL
WASHINGTON COUNTY SHERIFFS OFFICE,LAKE ELMO,7/13/2026 3:17:44 PM,WC26034954,"9XXX  Hudson Blvd N, LAKE ELMO",CITIZEN/PUBLIC ASSIST
WASHINGTON COUNTY SHERIFFS OFFICE,LAKE ELMO,7/13/2026 3:34:57 PM,WC26034960,"Lake Elmo, LAKE ELMO",WATERCRAFT COMPLAINT
WASHINGTON COUNTY SHERIFFS OFFICE,LAKE ELMO,7/13/2026 3:34:59 PM,WC26034957,"3XXX  Knightsbridge Ln N, LAKE ELMO",SUSPICIOUS PERSON/ACTIVITY
WASHINGTON COUNTY SHERIFFS OFFICE,LAKE ELMO,7/13/2026 4:02:58 PM,WC26034965,"11XXX  Upper 31st St N, LAKE ELMO",ALARM-BUSINESS/RES/FIRE/MEDICAL/ETC
WASHINGTON COUNTY SHERIFFS OFFICE,LAKE ELMO,7/13/2026 4:23:55 PM,WC26034966,"2XXX  KEATS AVE N, LAKE ELMO",SUSPICIOUS PERSON/ACTIVITY
WASHINGTON COUNTY SHERIFFS OFFICE,LAKE ELMO,7/13/2026 5:02:06 PM,WC26034972,"XXX Julianne Ave N, LAKE ELMO",911 ABANDONED/HANGUP/OPEN LINE
WASHINGTON COUNTY SHERIFFS OFFICE,LAKE ELMO,7/13/2026 8:02:55 PM,WC26034994,"XXX Ivywood Cir N, LAKE ELMO",NOISE COMPLAINT/DISTURBANCE
WASHINGTON COUNTY SHERIFFS OFFICE,LAKE ELMO,7/13/2026 8:46:44 PM,WC26035001,"XX Hwy 36 Wb Jwo Keats Ave N, LAKE ELMO",ACCIDENT
WASHINGTON COUNTY SHERIFFS OFFICE,LAKE ELMO,7/13/2026 9:32:29 PM,WC26035012,"10TH ST N / JEWEL AVE N, LAKE ELMO",warning
WASHINGTON COUNTY SHERIFFS OFFICE,LAKE ELMO,7/14/2026 12:26:00 AM,WC26035030,"XXX LAKE ELMO AVE N, LAKE ELMO",TRAFFIC STOP
WASHINGTON COUNTY SHERIFFS OFFICE,LAKE ELMO,7/14/2026 1:24:43 AM,WC26035036,"Lake Elmo Ave N / 57th St N, LAKE ELMO",ASSIST OTHER AGENCY
WASHINGTON COUNTY SHERIFFS OFFICE,LAKE ELMO,7/14/2026 4:56:22 AM,WC26035050,"11XXX  39th St N, LAKE ELMO",MEDICAL
WASHINGTON COUNTY SHERIFFS OFFICE,LAKE ELMO,7/14/2026 6:35:21 AM,WC26035054,"11XXX  Stillwater Blvd N, LAKE ELMO",ALARM-BUSINESS/RES/FIRE/MEDICAL/ETC
WASHINGTON COUNTY SHERIFFS OFFICE,LAKE ELMO,7/14/2026 12:33:54 PM,WC26035114,"XX Hwy 36 Wb Jeo Lake Elmo Ave N, LAKE ELMO",ROAD HAZARD
WASHINGTON COUNTY SHERIFFS OFFICE,LAKE ELMO,7/14/2026 1:57:58 PM,WC26035129,"Unknown, LAKE ELMO",CITIZEN/PUBLIC ASSIST
WASHINGTON COUNTY SHERIFFS OFFICE,LAKE ELMO,7/14/2026 4:05:07 PM,WC26035143,"Village Pkwy N / 32nd St N, LAKE ELMO",JUVENILE COMPLAINT
WASHINGTON COUNTY SHERIFFS OFFICE,LAKE ELMO,7/14/2026 4:09:17 PM,WC26035144,"11XXX  Block of 33rd St N, LAKE ELMO",TRAFFIC STOP
WASHINGTON COUNTY SHERIFFS OFFICE,LAKE ELMO,7/14/2026 7:36:20 PM,WC26035169,"Lake Elmo, LAKE ELMO",CITIZEN/PUBLIC ASSIST
WASHINGTON COUNTY SHERIFFS OFFICE,LAKE ELMO,7/14/2026 9:48:46 PM,WC26035182,"XXX Julianne Ave N, LAKE ELMO",911 ABANDONED/HANGUP/OPEN LINE
WASHINGTON COUNTY SHERIFFS OFFICE,LAKE ELMO,7/15/2026 9:06:18 AM,WC26035249,"8XXX  Lake Jane Trl N, LAKE ELMO",911 ABANDONED/HANGUP/OPEN LINE
WASHINGTON COUNTY SHERIFFS OFFICE,LAKE ELMO,7/15/2026 9:17:52 AM,WC26035252,"11XXX  39th St N, LAKE ELMO",MEDICAL
WASHINGTON COUNTY SHERIFFS OFFICE,LAKE ELMO,7/15/2026 10:19:21 AM,WC26035260,"8XXX  22nd St N, LAKE ELMO",FRAUD/SCAM
WASHINGTON COUNTY SHERIFFS OFFICE,LAKE ELMO,7/15/2026 11:34:56 AM,WC26035276,"Unknown, LAKE ELMO",CITIZEN/PUBLIC ASSIST
WASHINGTON COUNTY SHERIFFS OFFICE,LAKE ELMO,7/15/2026 2:15:40 PM,WC26035300,"8XXX  Eagle Point Blvd, LAKE ELMO",MEDICAL
WASHINGTON COUNTY SHERIFFS OFFICE,LAKE ELMO,7/15/2026 3:47:23 PM,WC26035314,"XXX Jade Trl N, LAKE ELMO",MEDICAL
WASHINGTON COUNTY SHERIFFS OFFICE,LAKE ELMO,7/15/2026 4:02:03 PM,WC26035318,"10XXX  57th St N, LAKE ELMO",911 ABANDONED/HANGUP/OPEN LINE
WASHINGTON COUNTY SHERIFFS OFFICE,LAKE ELMO,7/15/2026 4:32:09 PM,WC26035322,"10XXX  57th St N, LAKE ELMO",911 ABANDONED/HANGUP/OPEN LINE
WASHINGTON COUNTY SHERIFFS OFFICE,LAKE ELMO,7/15/2026 4:44:26 PM,WC26035335,"8XXX  22nd St N, LAKE ELMO",FRAUD/SCAM
WASHINGTON COUNTY SHERIFFS OFFICE,LAKE ELMO,7/15/2026 5:14:00 PM,WC26035320,"KEATS AVE N / 10TH ST N, LAKE ELMO",TRAFFIC STOP
WASHINGTON COUNTY SHERIFFS OFFICE,LAKE ELMO,7/15/2026 6:37:47 PM,WC26035342,"3XXX  Keats Ave N, LAKE ELMO",ALARM-BUSINESS/RES/FIRE/MEDICAL/ETC
WASHINGTON COUNTY SHERIFFS OFFICE,LAKE ELMO,7/15/2026 6:46:40 PM,WC26035344,"XX Hwy 36 Eb At Manning Ave N, LAKE ELMO",DRIVING COMPLAINT
WASHINGTON COUNTY SHERIFFS OFFICE,LAKE ELMO,7/15/2026 11:10:00 PM,WC26035371,"STILLWATER BLVD N / STILLWATER LN N, LAKE ELMO",TRAFFIC STOP
WASHINGTON COUNTY SHERIFFS OFFICE,LAKE ELMO,7/15/2026 11:24:58 PM,WC26035377,"XX Hwy 36 Wb Jeo Demontreville Trl N, LAKE ELMO",OFFICER INFORMATION
WASHINGTON COUNTY SHERIFFS OFFICE,LAKE ELMO,7/16/2026 7:47:34 AM,WC26035422,"4XXX  Stillwater Blvd N, LAKE ELMO",ACCIDENT
WASHINGTON COUNTY SHERIFFS OFFICE,LAKE ELMO,7/16/2026 8:02:49 AM,WC26035425,"XXX Jade Trl N, LAKE ELMO",MEDICAL
WASHINGTON COUNTY SHERIFFS OFFICE,LAKE ELMO,7/16/2026 8:41:59 AM,WC26035430,"XX Stillwater Blvd N / Stillwater Way N, LAKE ELMO",TRAFFIC STOP
WASHINGTON COUNTY SHERIFFS OFFICE,LAKE ELMO,7/16/2026 9:50:43 AM,WC26035473,"9XXX  Hudson Blvd N, LAKE ELMO",CITIZEN/PUBLIC ASSIST
WASHINGTON COUNTY SHERIFFS OFFICE,LAKE ELMO,7/16/2026 10:57:48 AM,WC26035482,"XXX CIMARRON, LAKE ELMO",WARRANT ARREST
WASHINGTON COUNTY SHERIFFS OFFICE,LAKE ELMO,7/16/2026 11:34:59 AM,WC26035489,"Klondike Av N / Railroad Tracks, LAKE ELMO",TRAFFIC STOP
WASHINGTON COUNTY SHERIFFS OFFICE,LAKE ELMO,7/16/2026 11:36:34 AM,WC26035491,"2XXX  Innsdale Ave N, LAKE ELMO",MEDICAL
WASHINGTON COUNTY SHERIFFS OFFICE,LAKE ELMO,7/16/2026 12:30:41 PM,WC26035502,"4XXX  Isle Ave N, LAKE ELMO",CIVIL MATTER/DISPUTE
WASHINGTON COUNTY SHERIFFS OFFICE,LAKE ELMO,7/16/2026 1:19:12 PM,WC26035509,"11XXX  39th St N, LAKE ELMO",MEDICAL
WASHINGTON COUNTY SHERIFFS OFFICE,LAKE ELMO,7/16/2026 1:48:25 PM,WC26035514,"3XXX  Knightsbridge Ln N, LAKE ELMO",SUSPICIOUS PERSON/ACTIVITY
WASHINGTON COUNTY SHERIFFS OFFICE,LAKE ELMO,7/16/2026 4:17:56 PM,WC26035547,"XXX Cimarron, LAKE ELMO",FRAUD/SCAM
WASHINGTON COUNTY SHERIFFS OFFICE,LAKE ELMO,7/16/2026 4:27:23 PM,WC26035549,"XXX Ivywood Cir N, LAKE ELMO",ALARM-BUSINESS/RES/FIRE/MEDICAL/ETC
WASHINGTON COUNTY SHERIFFS OFFICE,LAKE ELMO,7/16/2026 6:40:00 PM,WC26035564,"Stillwater Blvd/Stillwater Way, LAKE ELMO",TRAFFIC STOP
WASHINGTON COUNTY SHERIFFS OFFICE,LAKE ELMO,7/16/2026 7:58:59 PM,WC26035567,"9XXX  - 9709 45TH ST N, LAKE ELMO",DIRECTED PATROL
WASHINGTON COUNTY SHERIFFS OFFICE,LAKE ELMO,7/16/2026 10:24:14 PM,WC26035588,"3XXX  Linden Ave N, LAKE ELMO",FOUND PROPERTY/ITEM
WASHINGTON COUNTY SHERIFFS OFFICE,LAKE ELMO,7/17/2026 12:00:00 AM,WC26035594,"10TH ST / KEATS AVE N, LAKE ELMO",TRAFFIC STOP
WASHINGTON COUNTY SHERIFFS OFFICE,LAKE ELMO,7/17/2026 12:44:35 PM,WC26035683,"10XXX  39th St N, LAKE ELMO",MEDICAL
WASHINGTON COUNTY SHERIFFS OFFICE,LAKE ELMO,7/17/2026 1:34:30 PM,WC26035691,"10th St N / Leeward Ave N, LAKE ELMO",SUSPICIOUS PERSON/ACTIVITY
WASHINGTON COUNTY SHERIFFS OFFICE,LAKE ELMO,7/17/2026 2:01:41 PM,WC26035699,"9XXX  59th Street Ct N, LAKE ELMO",911 ABANDONED/HANGUP/OPEN LINE
WASHINGTON COUNTY SHERIFFS OFFICE,LAKE ELMO,7/17/2026 2:56:43 PM,WC26035707,"1XXX  Royal Blvd N, LAKE ELMO",MEDICAL
WASHINGTON COUNTY SHERIFFS OFFICE,LAKE ELMO,7/17/2026 7:12:00 PM,WC26035757,"HWY 36 WB AT DEMONTREVILLE TRL N, LAKE ELMO",TRAFFIC STOP
WASHINGTON COUNTY SHERIFFS OFFICE,LAKE ELMO,7/17/2026 7:53:33 PM,WC26035771,"2XXX  Legion Ave N, LAKE ELMO",WELFARE CHECK
WASHINGTON COUNTY SHERIFFS OFFICE,LAKE ELMO,7/17/2026 9:52:30 PM,WC26035801,"10th St N / Whistling Valley Rd, LAKE ELMO",JUVENILE COMPLAINT
WASHINGTON COUNTY SHERIFFS OFFICE,LAKE ELMO,7/18/2026 1:25:57 AM,WC26035864,"XXX Lake Elmo Ave N, LAKE ELMO",FIRE
WASHINGTON COUNTY SHERIFFS OFFICE,LAKE ELMO,7/18/2026 10:03:39 AM,WC26035895,"9XXX  31st St N, LAKE ELMO",CIVIL MATTER/DISPUTE
WASHINGTON COUNTY SHERIFFS OFFICE,LAKE ELMO,7/18/2026 11:42:15 AM,WC26035905,"XX Stillwater Blvd N / Stillwater Way N, LAKE ELMO",TRAFFIC STOP
WASHINGTON COUNTY SHERIFFS OFFICE,LAKE ELMO,7/18/2026 1:02:38 PM,WC26035916,"2XXX  Keats Ave N, LAKE ELMO",PARKING COMPLAINT
WASHINGTON COUNTY SHERIFFS OFFICE,LAKE ELMO,7/18/2026 4:33:05 PM,WC26035958,"LAKE ELMO, LAKE ELMO",BOAT STOP
WASHINGTON COUNTY SHERIFFS OFFICE,LAKE ELMO,7/18/2026 4:41:24 PM,WC26035963,"LAKE ELMO, LAKE ELMO",BOAT STOP
WASHINGTON COUNTY SHERIFFS OFFICE,LAKE ELMO,7/18/2026 5:17:27 PM,WC26035973,"LAKE ELMO, LAKE ELMO",BOAT STOP
WASHINGTON COUNTY SHERIFFS OFFICE,LAKE ELMO,7/18/2026 5:56:12 PM,WC26035981,"LAKE ELMO, LAKE ELMO",BOAT STOP
WASHINGTON COUNTY SHERIFFS OFFICE,LAKE ELMO,7/18/2026 6:55:47 PM,WC26035992,"9XXX  31st St N, LAKE ELMO",NEIGHBOR DISPUTE
WASHINGTON COUNTY SHERIFFS OFFICE,LAKE ELMO,7/18/2026 7:48:40 PM,WC26036007,"XXX Julia Ave N, LAKE ELMO",SUSPICIOUS PERSON/ACTIVITY
WASHINGTON COUNTY SHERIFFS OFFICE,LAKE ELMO,7/18/2026 9:17:01 PM,WC26036020,"Stillwater Blvd N / Jamaca Ave N, LAKE ELMO",MEDICAL
WASHINGTON COUNTY SHERIFFS OFFICE,LAKE ELMO,7/18/2026 9:35:39 PM,WC26036027,"2XXX  Lake Elmo Ave N, LAKE ELMO",MEDICAL
WASHINGTON COUNTY SHERIFFS OFFICE,LAKE SAINT CROIX BEACH,7/12/2026 10:08:15 AM,WC26034705,"Quinlan Ave S / 13th St S, LAKE SAINT CROIX BEACH",DUMPING COMPLAINT
WASHINGTON COUNTY SHERIFFS OFFICE,LAKE SAINT CROIX BEACH,7/12/2026 1:08:12 PM,WC26034735,"1XXX  Riviera Ave S, LAKE SAINT CROIX BEACH",CITIZEN/PUBLIC ASSIST
WASHINGTON COUNTY SHERIFFS OFFICE,LAKE SAINT CROIX BEACH,7/12/2026 7:22:12 PM,WC26034809,"1XXX  Saint Croix Trl S, LAKE SAINT CROIX BEACH",FIRE
WASHINGTON COUNTY SHERIFFS OFFICE,LAKE SAINT CROIX BEACH,7/13/2026 4:34:28 PM,WC26034969,"1XXX  Saint Croix Trl S, LAKE SAINT CROIX BEACH",FOUND PROPERTY/ITEM
WASHINGTON COUNTY SHERIFFS OFFICE,LAKE SAINT CROIX BEACH,7/14/2026 8:21:40 PM,WC26035172,"1XXX  Racine Ave S, LAKE SAINT CROIX BEACH",ALARM-BUSINESS/RES/FIRE/MEDICAL/ETC
WASHINGTON COUNTY SHERIFFS OFFICE,LAKE SAINT CROIX BEACH,7/17/2026 1:31:17 PM,WC26035694,"16XXX  18th St S, LAKE SAINT CROIX BEACH",HARASSMENT
WASHINGTON COUNTY SHERIFFS OFFICE,LAKELAND,7/12/2026 9:24:46 AM,WC26034699,"1XXX  RIVERCREST RD N, LAKELAND",SUSPICIOUS PERSON/ACTIVITY
WASHINGTON COUNTY SHERIFFS OFFICE,LAKELAND,7/12/2026 12:42:26 PM,WC26034731,"SAINT CROIX RIVER-LL, LAKELAND",BOAT STOP
WASHINGTON COUNTY SHERIFFS OFFICE,LAKELAND,7/12/2026 7:57:13 PM,WC26034814,"16XXX  Division St, LAKELAND",OFFICER INFORMATION
WASHINGTON COUNTY SHERIFFS OFFICE,LAKELAND,7/13/2026 1:07:54 AM,WC26034857,"XXX Quentin Ave S, LAKELAND",CIVIL MATTER/DISPUTE
WASHINGTON COUNTY SHERIFFS OFFICE,LAKELAND,7/13/2026 9:12:59 AM,WC26034897,"XXX SAINT CROIX TRL S, LAKELAND",FOLLOW UP
WASHINGTON COUNTY SHERIFFS OFFICE,LAKELAND,7/13/2026 10:33:16 AM,WC26034912,"16XXX  Division St, LAKELAND",CHILD CUSTODY
WASHINGTON COUNTY SHERIFFS OFFICE,LAKELAND,7/13/2026 2:48:22 PM,WC26034947,"Saint Croix Trl N / 8th St N, LAKELAND",ACCIDENT
WASHINGTON COUNTY SHERIFFS OFFICE,LAKELAND,7/15/2026 4:33:45 PM,WC26035325,"Saint Croix Trl N / 4th St N, LAKELAND",DRIVING COMPLAINT
WASHINGTON COUNTY SHERIFFS OFFICE,LAKELAND,7/17/2026 2:08:13 AM,WC26035611,"XX Quant Ct S, LAKELAND",911 ABANDONED/HANGUP/OPEN LINE
WASHINGTON COUNTY SHERIFFS OFFICE,LAKELAND,7/18/2026 3:06:50 PM,WC26035938,"SAINT CROIX RIVER-LL, LAKELAND",BOAT STOP
WASHINGTON COUNTY SHERIFFS OFFICE,LAKELAND,7/18/2026 3:11:49 PM,WC26035939,"SAINT CROIX RIVER-LL, LAKELAND",BOAT STOP
WASHINGTON COUNTY SHERIFFS OFFICE,LANDFALL,7/15/2026 8:56:30 AM,WC26035236,"XX Cedar Dr, LANDFALL",911 ABANDONED/HANGUP/OPEN LINE
WASHINGTON COUNTY SHERIFFS OFFICE,LANDFALL,7/15/2026 12:27:37 PM,WC26035283,"2XXX  Hudson Blvd N, LANDFALL",CIVIL MATTER/DISPUTE
WASHINGTON COUNTY SHERIFFS OFFICE,LANDFALL,7/16/2026 3:20:00 AM,WC26035405,"2XXX  Hudson Blvd N, LANDFALL",WARRANT ARREST
WASHINGTON COUNTY SHERIFFS OFFICE,LANDFALL,7/16/2026 8:54:30 PM,WC26035572,"XX Evergreen Dr, LANDFALL",NEIGHBOR DISPUTE
WASHINGTON COUNTY SHERIFFS OFFICE,LANDFALL,7/17/2026 9:21:25 AM,WC26035640,"2XXX  Hudson Blvd N, LANDFALL",MOTOR VEHICLE THEFT
WASHINGTON COUNTY SHERIFFS OFFICE,LANDFALL,7/18/2026 7:12:33 PM,WC26035995,"2XXX  Hudson Blvd N, LANDFALL",RECOVERED STOLEN
WASHINGTON COUNTY SHERIFFS OFFICE,MAHTOMEDI,7/12/2026 12:48:48 AM,WC26034655,"XXX WEDGEWOOD DR, MAHTOMEDI",SUSPICIOUS PERSON/ACTIVITY
WASHINGTON COUNTY SHERIFFS OFFICE,MAHTOMEDI,7/12/2026 2:30:55 AM,WC26034672,"1XXX  LINCOLNTOWN AVE, MAHTOMEDI",SUSPICIOUS PERSON/ACTIVITY
WASHINGTON COUNTY SHERIFFS OFFICE,MAHTOMEDI,7/12/2026 8:56:14 AM,WC26034695,"XXX Wedgewood Dr, MAHTOMEDI",WELFARE CHECK
WASHINGTON COUNTY SHERIFFS OFFICE,MAHTOMEDI,7/12/2026 10:23:25 AM,WC26034707,"WILDWOOD RD / LINCOLNTOWN AVE, MAHTOMEDI",DIRECTED PATROL
WASHINGTON COUNTY SHERIFFS OFFICE,MAHTOMEDI,7/12/2026 11:51:21 AM,WC26034724,"Unknown, MAHTOMEDI",OFFICER INFORMATION
WASHINGTON COUNTY SHERIFFS OFFICE,MAHTOMEDI,7/12/2026 3:21:00 PM,WC26034774,"MAHTOMEDI AVE / HICKORY ST, MAHTOMEDI",INCIDENT
WASHINGTON COUNTY SHERIFFS OFFICE,MAHTOMEDI,7/12/2026 6:24:45 PM,WC26034802,"XXX Wedgewood Dr, MAHTOMEDI",MEDICAL
WASHINGTON COUNTY SHERIFFS OFFICE,MAHTOMEDI,7/12/2026 8:06:28 PM,WC26034815,"XXX Woodland Ct, MAHTOMEDI",911 ABANDONED/HANGUP/OPEN LINE
WASHINGTON COUNTY SHERIFFS OFFICE,MAHTOMEDI,7/13/2026 1:19:00 AM,WC26034858,"WILDWOOD RD / CENTURY AVE N, MAHTOMEDI",DWI
WASHINGTON COUNTY SHERIFFS OFFICE,MAHTOMEDI,7/13/2026 6:03:35 AM,WC26034874,"XX Mahtomedi Ave, MAHTOMEDI",ALARM-BUSINESS/RES/FIRE/MEDICAL/ETC
WASHINGTON COUNTY SHERIFFS OFFICE,MAHTOMEDI,7/13/2026 9:01:52 AM,WC26034895,"XXX Wedgewood Dr, MAHTOMEDI",INCIDENT
WASHINGTON COUNTY SHERIFFS OFFICE,MAHTOMEDI,7/13/2026 1:29:16 PM,WC26034932,"XXX Wedgewood Dr, MAHTOMEDI",OFFICER INFORMATION
WASHINGTON COUNTY SHERIFFS OFFICE,MAHTOMEDI,7/13/2026 4:02:39 PM,WC26034964,"XX Long Lake Rd, MAHTOMEDI",911 ABANDONED/HANGUP/OPEN LINE
WASHINGTON COUNTY SHERIFFS OFFICE,MAHTOMEDI,7/13/2026 5:00:02 PM,WC26034971,"XXX Woodland Dr, MAHTOMEDI",911 ABANDONED/HANGUP/OPEN LINE
WASHINGTON COUNTY SHERIFFS OFFICE,MAHTOMEDI,7/13/2026 7:25:21 PM,WC26034985,"XX OLD WILDWOOD RD, MAHTOMEDI",SUSPICIOUS PERSON/ACTIVITY
WASHINGTON COUNTY SHERIFFS OFFICE,MAHTOMEDI,7/13/2026 8:00:00 PM,WC26034998,"XX Mahtomedi Ave, MAHTOMEDI",TRAFFIC STOP
WASHINGTON COUNTY SHERIFFS OFFICE,MAHTOMEDI,7/13/2026 8:04:37 PM,WC26034991,"WARNER AVE N / STILLWATER RD, MAHTOMEDI",DIRECTED PATROL
WASHINGTON COUNTY SHERIFFS OFFICE,MAHTOMEDI,7/13/2026 9:30:50 PM,WC26035011,"MAHTOMEDI AVE / BIRCH ST, MAHTOMEDI",TRAFFIC STOP
WASHINGTON COUNTY SHERIFFS OFFICE,MAHTOMEDI,7/13/2026 9:45:04 PM,WC26035016,"XXX Wedgewood Dr, MAHTOMEDI",ALARM-BUSINESS/RES/FIRE/MEDICAL/ETC
WASHINGTON COUNTY SHERIFFS OFFICE,MAHTOMEDI,7/13/2026 10:01:14 PM,WC26035017,"XXX Quail St, MAHTOMEDI",MEDICAL
WASHINGTON COUNTY SHERIFFS OFFICE,MAHTOMEDI,7/13/2026 10:01:46 PM,WC26035020,"XXX Wildwood Rd, MAHTOMEDI",THEFT
WASHINGTON COUNTY SHERIFFS OFFICE,MAHTOMEDI,7/13/2026 10:04:48 PM,WC26035018,"XXX Wildwood Rd, MAHTOMEDI",DISTURBANCE
WASHINGTON COUNTY SHERIFFS OFFICE,MAHTOMEDI,7/13/2026 10:25:17 PM,WC26035021,"XXX Woodland Dr, MAHTOMEDI",MEDICAL
WASHINGTON COUNTY SHERIFFS OFFICE,MAHTOMEDI,7/13/2026 11:39:16 PM,WC26035025,"XX Echo Lake Blvd, MAHTOMEDI",SHOTS FIRED/SHOOTING COMPLAINT
WASHINGTON COUNTY SHERIFFS OFFICE,MAHTOMEDI,7/14/2026 12:00:00 AM,WC26035130,"XXX old wildwood rd, MAHTOMEDI",OFFICER INFORMATION
WASHINGTON COUNTY SHERIFFS OFFICE,MAHTOMEDI,7/14/2026 5:58:51 AM,WC26035052,"XXX Wildwood Rd, MAHTOMEDI",ALARM-BUSINESS/RES/FIRE/MEDICAL/ETC
WASHINGTON COUNTY SHERIFFS OFFICE,MAHTOMEDI,7/14/2026 10:15:43 AM,WC26035093,"XXX Stillwater Rd, MAHTOMEDI",911 ABANDONED/HANGUP/OPEN LINE
WASHINGTON COUNTY SHERIFFS OFFICE,MAHTOMEDI,7/14/2026 10:45:41 AM,WC26035100,"XXX Quail St, MAHTOMEDI",MEDICAL
WASHINGTON COUNTY SHERIFFS OFFICE,MAHTOMEDI,7/14/2026 1:06:00 PM,WC26035118,"STILLWATER RD / IDEAL AVE N, MAHTOMEDI",TRAFFIC STOP
WASHINGTON COUNTY SHERIFFS OFFICE,MAHTOMEDI,7/14/2026 4:46:34 PM,WC26035148,"1XXX  Iverness Pl, MAHTOMEDI",ALARM-BUSINESS/RES/FIRE/MEDICAL/ETC
WASHINGTON COUNTY SHERIFFS OFFICE,MAHTOMEDI,7/14/2026 5:10:30 PM,WC26035154,"XX Long Lake Rd, MAHTOMEDI",MEDICAL
WASHINGTON COUNTY SHERIFFS OFFICE,MAHTOMEDI,7/14/2026 5:40:42 PM,WC26035160,"XXX Wildwood Rd, MAHTOMEDI",ALARM-BUSINESS/RES/FIRE/MEDICAL/ETC
WASHINGTON COUNTY SHERIFFS OFFICE,MAHTOMEDI,7/14/2026 7:07:08 PM,WC26035166,"1XXX  DUNBAR WAY, MAHTOMEDI",LOST PROPERTY/ITEM
WASHINGTON COUNTY SHERIFFS OFFICE,MAHTOMEDI,7/14/2026 7:28:49 PM,WC26035168,"Wood St / Glendale Ave, MAHTOMEDI",ROAD HAZARD
WASHINGTON COUNTY SHERIFFS OFFICE,MAHTOMEDI,7/14/2026 8:15:20 PM,WC26035171,"XXX Woodland Dr, MAHTOMEDI",ALARM-BUSINESS/RES/FIRE/MEDICAL/ETC
WASHINGTON COUNTY SHERIFFS OFFICE,MAHTOMEDI,7/14/2026 9:44:00 PM,WC26035181,"WILDWOOD RD / RIDGE WAY, MAHTOMEDI",DWI
WASHINGTON COUNTY SHERIFFS OFFICE,MAHTOMEDI,7/15/2026 12:18:39 AM,WC26035198,"HWY 120 JNO I694, MAHTOMEDI",ASSIST OTHER AGENCY
WASHINGTON COUNTY SHERIFFS OFFICE,MAHTOMEDI,7/15/2026 1:47:00 AM,WC26035203,"Century Ave N / Long Lake Rd, MAHTOMEDI",TRAFFIC STOP
WASHINGTON COUNTY SHERIFFS OFFICE,MAHTOMEDI,7/15/2026 3:04:21 AM,WC26035209,"XX Mahtomedi Ave, MAHTOMEDI",ALARM-BUSINESS/RES/FIRE/MEDICAL/ETC
WASHINGTON COUNTY SHERIFFS OFFICE,MAHTOMEDI,7/15/2026 8:22:46 AM,WC26035229,"Old Wildwood Rd / Arcwood Rd, MAHTOMEDI",PARKING VIOLATION
WASHINGTON COUNTY SHERIFFS OFFICE,MAHTOMEDI,7/15/2026 10:01:14 AM,WC26035257,"XXX Mahtomedi Ave, MAHTOMEDI",ROAD HAZARD
WASHINGTON COUNTY SHERIFFS OFFICE,MAHTOMEDI,7/15/2026 12:25:25 PM,WC26035278,"XXX Wildwood Rd, MAHTOMEDI",HARASSMENT
WASHINGTON COUNTY SHERIFFS OFFICE,MAHTOMEDI,7/15/2026 12:36:49 PM,WC26035282,"3XXX  Century Ave, MAHTOMEDI",DISTURBANCE
WASHINGTON COUNTY SHERIFFS OFFICE,MAHTOMEDI,7/15/2026 1:16:23 PM,WC26035287,"XXX Wildwood Rd, MAHTOMEDI",THEFT
WASHINGTON COUNTY SHERIFFS OFFICE,MAHTOMEDI,7/15/2026 2:58:34 PM,WC26035305,"XXX IRIS ST, MAHTOMEDI",911 ABANDONED/HANGUP/OPEN LINE
WASHINGTON COUNTY SHERIFFS OFFICE,MAHTOMEDI,7/15/2026 3:17:21 PM,WC26035307,"XXX Woodland Ct, MAHTOMEDI",MEDICAL
WASHINGTON COUNTY SHERIFFS OFFICE,MAHTOMEDI,7/15/2026 3:48:43 PM,WC26035315,"XXX Juniper St, MAHTOMEDI",DRUGS
WASHINGTON COUNTY SHERIFFS OFFICE,MAHTOMEDI,7/15/2026 6:12:30 PM,WC26035340,"XXX Wedgewood Dr, MAHTOMEDI",911 ABANDONED/HANGUP/OPEN LINE
WASHINGTON COUNTY SHERIFFS OFFICE,MAHTOMEDI,7/15/2026 7:22:31 PM,WC26035349,"Warner Ave N / Juniper St, MAHTOMEDI",DISTURBANCE
WASHINGTON COUNTY SHERIFFS OFFICE,MAHTOMEDI,7/15/2026 9:13:07 PM,WC26035361,"1XXX  Harmony Dr, MAHTOMEDI",CIVIL MATTER/DISPUTE
WASHINGTON COUNTY SHERIFFS OFFICE,MAHTOMEDI,7/15/2026 9:28:00 PM,WC26035363,"CENTURY AVE & CENTURY COLLEGE, MAHTOMEDI",TRAFFIC STOP
WASHINGTON COUNTY SHERIFFS OFFICE,MAHTOMEDI,7/15/2026 10:26:53 PM,WC26035369,"XXX Dahlia St, MAHTOMEDI",MEDICAL
WASHINGTON COUNTY SHERIFFS OFFICE,MAHTOMEDI,7/15/2026 11:59:50 PM,WC26035386,"XXX Stillwater Rd, MAHTOMEDI",911 ABANDONED/HANGUP/OPEN LINE
WASHINGTON COUNTY SHERIFFS OFFICE,MAHTOMEDI,7/16/2026 12:35:24 AM,WC26035389,"XXX Stillwater Rd, MAHTOMEDI",CIVIL MATTER/DISPUTE
WASHINGTON COUNTY SHERIFFS OFFICE,MAHTOMEDI,7/16/2026 1:00:26 AM,WC26035392,"Unknown, MAHTOMEDI",CITIZEN/PUBLIC ASSIST
WASHINGTON COUNTY SHERIFFS OFFICE,MAHTOMEDI,7/16/2026 2:39:25 AM,WC26035401,"XX Long Lake Rd, MAHTOMEDI",MEDICAL
WASHINGTON COUNTY SHERIFFS OFFICE,MAHTOMEDI,7/16/2026 6:44:08 AM,WC26035416,"Hilton Trl N / 70th St N, MAHTOMEDI",ANIMAL COMPLAINT
WASHINGTON COUNTY SHERIFFS OFFICE,MAHTOMEDI,7/16/2026 7:16:40 AM,WC26035419,"Unknown, MAHTOMEDI",CITIZEN/PUBLIC ASSIST
WASHINGTON COUNTY SHERIFFS OFFICE,MAHTOMEDI,7/16/2026 7:21:58 AM,WC26035418,"Hilton Trl N / 72nd St N, MAHTOMEDI",ANIMAL COMPLAINT
WASHINGTON COUNTY SHERIFFS OFFICE,MAHTOMEDI,7/16/2026 9:51:27 AM,WC26035476,"Unknown, MAHTOMEDI",OTHER
WASHINGTON COUNTY SHERIFFS OFFICE,MAHTOMEDI,7/16/2026 11:05:01 AM,WC26035487,"XXX Wildwood Rd, MAHTOMEDI",WELFARE CHECK
WASHINGTON COUNTY SHERIFFS OFFICE,MAHTOMEDI,7/16/2026 11:40:54 AM,WC26035492,"XXX Woodland Dr, MAHTOMEDI",MEDICAL
WASHINGTON COUNTY SHERIFFS OFFICE,MAHTOMEDI,7/16/2026 12:47:38 PM,WC26035506,"XXX Wildwood Ct, MAHTOMEDI",MEDICAL
WASHINGTON COUNTY SHERIFFS OFFICE,MAHTOMEDI,7/16/2026 2:14:43 PM,WC26035524,"XX LONG LAKE RD, MAHTOMEDI",911 ABANDONED/HANGUP/OPEN LINE
WASHINGTON COUNTY SHERIFFS OFFICE,MAHTOMEDI,7/16/2026 3:31:55 PM,WC26035537,"XXX Wildwood Rd, MAHTOMEDI",OFFICER INFORMATION
WASHINGTON COUNTY SHERIFFS OFFICE,MAHTOMEDI,7/16/2026 4:00:33 PM,WC26035543,"XXX Wildwood Ct, MAHTOMEDI",ALARM-BUSINESS/RES/FIRE/MEDICAL/ETC
WASHINGTON COUNTY SHERIFFS OFFICE,MAHTOMEDI,7/17/2026 8:02:15 AM,WC26035630,"XX Quail St, MAHTOMEDI",ANIMAL COMPLAINT
WASHINGTON COUNTY SHERIFFS OFFICE,MAHTOMEDI,7/17/2026 8:03:02 AM,WC26035627,"XX Long Lake Rd, MAHTOMEDI",911 ABANDONED/HANGUP/OPEN LINE
WASHINGTON COUNTY SHERIFFS OFFICE,MAHTOMEDI,7/17/2026 10:52:30 AM,WC26035673,"Unknown, MAHTOMEDI",FOLLOW UP
WASHINGTON COUNTY SHERIFFS OFFICE,MAHTOMEDI,7/17/2026 10:52:58 AM,WC26035672,"XXX Warner Ave N, MAHTOMEDI",ALARM-BUSINESS/RES/FIRE/MEDICAL/ETC
WASHINGTON COUNTY SHERIFFS OFFICE,MAHTOMEDI,7/17/2026 11:55:02 AM,WC26035681,"XXX Wildwood Rd, MAHTOMEDI",CIVIL MATTER/DISPUTE
WASHINGTON COUNTY SHERIFFS OFFICE,MAHTOMEDI,7/17/2026 3:00:49 PM,WC26035708,"XXX Wildwood Rd, MAHTOMEDI",ALARM-BUSINESS/RES/FIRE/MEDICAL/ETC
WASHINGTON COUNTY SHERIFFS OFFICE,MAHTOMEDI,7/17/2026 4:53:31 PM,WC26035730,"XXX Puma Ln, MAHTOMEDI",MISSING PERSON
WASHINGTON COUNTY SHERIFFS OFFICE,MAHTOMEDI,7/17/2026 6:21:41 PM,WC26035746,"XXX Laurel Rd, MAHTOMEDI",SUSPICIOUS PERSON/ACTIVITY
WASHINGTON COUNTY SHERIFFS OFFICE,MAHTOMEDI,7/17/2026 9:36:00 PM,WC26035796,"XXX STILLWATER RD, MAHTOMEDI",TRAFFIC STOP
WASHINGTON COUNTY SHERIFFS OFFICE,MAHTOMEDI,7/18/2026 6:01:24 AM,WC26035875,"Forest Ave / Birch St, MAHTOMEDI",DRUNK/INTOXICATED 
WASHINGTON COUNTY SHERIFFS OFFICE,MAHTOMEDI,7/18/2026 6:16:25 AM,WC26035876,"XXX East Ave, MAHTOMEDI",WELFARE CHECK
WASHINGTON COUNTY SHERIFFS OFFICE,MAHTOMEDI,7/18/2026 11:45:00 AM,WC26035906,"WILDWOOD RD / LINCOLNTOWN AVE, MAHTOMEDI",TRAFFIC STOP
WASHINGTON COUNTY SHERIFFS OFFICE,MAHTOMEDI,7/18/2026 7:40:33 PM,WC26036000,"XX Old Wildwood Rd, MAHTOMEDI",OFFICER INFORMATION
WASHINGTON COUNTY SHERIFFS OFFICE,MAHTOMEDI,7/18/2026 7:52:26 PM,WC26036002,"XX Quail St, MAHTOMEDI",MEDICAL
WASHINGTON COUNTY SHERIFFS OFFICE,MARINE ON SAINT CROIX,7/12/2026 12:13:08 PM,WC26034729,"Unknown, MARINE ON SAINT CROIX",CITIZEN/PUBLIC ASSIST
WASHINGTON COUNTY SHERIFFS OFFICE,MARINE ON SAINT CROIX,7/15/2026 1:31:37 PM,WC26035292,"XXX 2ND ST, MARINE ON SAINT CROIX",ACCIDENT
WASHINGTON COUNTY SHERIFFS OFFICE,MARINE ON SAINT CROIX,7/17/2026 8:11:25 AM,WC26035628,"XXX OAK KNOLL DR, MARINE ON SAINT CROIX",ANIMAL COMPLAINT
WASHINGTON COUNTY SHERIFFS OFFICE,MARINE ON SAINT CROIX,7/17/2026 7:47:33 PM,WC26035767,"XXX Judd St, MARINE ON SAINT CROIX",ANIMAL COMPLAINT
WASHINGTON COUNTY SHERIFFS OFFICE,MARINE ON SAINT CROIX,7/18/2026 8:11:29 AM,WC26035882,"15XXX  Old Marine Trl N, MARINE ON SAINT CROIX",MEDICAL
WASHINGTON COUNTY SHERIFFS OFFICE,MARINE ON SAINT CROIX,7/18/2026 11:01:25 PM,WC26036054,"Nason Hill Rd / Saint Croix Trl N, MARINE ON SAINT CROIX",WELFARE CHECK
WASHINGTON COUNTY SHERIFFS OFFICE,MAY TOWNSHIP,7/12/2026 10:12:00 AM,WC26034706,"ARCOLA BRIDGE (RR HIGH BRG SWT) - MN, MAY TOWNSHIP",TRESPASSING
WASHINGTON COUNTY SHERIFFS OFFICE,MAY TOWNSHIP,7/12/2026 10:26:00 AM,WC26034708,"15XXX  SQUARE LAKE TRL N, MAY TOWNSHIP",PARKING VIOLATION
WASHINGTON COUNTY SHERIFFS OFFICE,MAY TOWNSHIP,7/12/2026 10:38:00 AM,WC26034709,"15XXX  SQUARE LAKE TRL N, MAY TOWNSHIP",PARKING VIOLATION
WASHINGTON COUNTY SHERIFFS OFFICE,MAY TOWNSHIP,7/12/2026 10:48:00 AM,WC26034712,"15XXX  - 15510 SQUARE LAKE TRL N, MAY TOWNSHIP",PARKING VIOLATION
WASHINGTON COUNTY SHERIFFS OFFICE,MAY TOWNSHIP,7/12/2026 11:14:59 AM,WC26034719,"XX Big Marine Park Entrance Rd, MAY TOWNSHIP",LOCKOUT
WASHINGTON COUNTY SHERIFFS OFFICE,MAY TOWNSHIP,7/12/2026 1:18:01 PM,WC26034737,"Square Lake Trl N / Partridge Rd N, MAY TOWNSHIP",PARKING COMPLAINT
WASHINGTON COUNTY SHERIFFS OFFICE,MAY TOWNSHIP,7/12/2026 1:29:07 PM,WC26034741,"15XXX  SQUARE LAKE TRL N, MAY TOWNSHIP",DISTURBANCE
WASHINGTON COUNTY SHERIFFS OFFICE,MAY TOWNSHIP,7/12/2026 2:11:00 PM,WC26034751,"15XXX  SQUARE LAKE TRL N, MAY TOWNSHIP",PARKING VIOLATION
WASHINGTON COUNTY SHERIFFS OFFICE,MAY TOWNSHIP,7/12/2026 2:17:00 PM,WC26034753,"15XXX  - 15198 SQUARE LAKE TRL N, MAY TOWNSHIP",PARKING VIOLATION
WASHINGTON COUNTY SHERIFFS OFFICE,MAY TOWNSHIP,7/12/2026 2:21:00 PM,WC26034755,"15XXX  - 15198 SQUARE LAKE TRL N, MAY TOWNSHIP",PARKING VIOLATION
WASHINGTON COUNTY SHERIFFS OFFICE,MAY TOWNSHIP,7/12/2026 2:27:00 PM,WC26034758,"15XXX  - 15198 SQUARE LAKE TRL N, MAY TOWNSHIP",PARKING VIOLATION
WASHINGTON COUNTY SHERIFFS OFFICE,MAY TOWNSHIP,7/12/2026 2:32:00 PM,WC26034760,"15XXX  - 15198 SQUARE LAKE TRL N, MAY TOWNSHIP",PARKING VIOLATION
WASHINGTON COUNTY SHERIFFS OFFICE,MAY TOWNSHIP,7/12/2026 2:36:00 PM,WC26034762,"15XXX  - 15198 SQUARE LAKE TRL N, MAY TOWNSHIP",PARKING VIOLATION
WASHINGTON COUNTY SHERIFFS OFFICE,MAY TOWNSHIP,7/12/2026 2:44:00 PM,WC26034764,"15XXX  - 15198 SQUARE LAKE TRL N, MAY TOWNSHIP",PARKING VIOLATION
WASHINGTON COUNTY SHERIFFS OFFICE,MAY TOWNSHIP,7/12/2026 2:57:00 PM,WC26034768,"15XXX  - 15198 SQUARE LAKE TRL N, MAY TOWNSHIP",PARKING VIOLATION
WASHINGTON COUNTY SHERIFFS OFFICE,MAY TOWNSHIP,7/12/2026 3:03:00 PM,WC26034771,"15XXX  - 15198 SQUARE LAKE TRL N, MAY TOWNSHIP",PARKING VIOLATION
WASHINGTON COUNTY SHERIFFS OFFICE,MAY TOWNSHIP,7/12/2026 3:07:00 PM,WC26034772,"15XXX  - 15198 SQUARE LAKE TRL N, MAY TOWNSHIP",PARKING VIOLATION
WASHINGTON COUNTY SHERIFFS OFFICE,MAY TOWNSHIP,7/13/2026 7:51:38 PM,WC26034989,"15XXX  SQUARE LAKE TRL N, MAY TOWNSHIP",CITIZEN/PUBLIC ASSIST
WASHINGTON COUNTY SHERIFFS OFFICE,MAY TOWNSHIP,7/14/2026 8:51:34 AM,WC26035067,"Manning Trl N / 170th St N, MAY TOWNSHIP",SUSPICIOUS PERSON/ACTIVITY
WASHINGTON COUNTY SHERIFFS OFFICE,MAY TOWNSHIP,7/14/2026 9:25:00 AM,WC26035077,"17XXX  MANNING TRL N, MAY TOWNSHIP",PARK INCIDENT-CITY/COUNTY
WASHINGTON COUNTY SHERIFFS OFFICE,MAY TOWNSHIP,7/14/2026 11:14:14 AM,WC26035106,"Square Lake Trl N / Norell Ave N, MAY TOWNSHIP",ACCIDENT
WASHINGTON COUNTY SHERIFFS OFFICE,MAY TOWNSHIP,7/15/2026 10:01:30 AM,WC26035256,"11XXX  180th St N, MAY TOWNSHIP",MEDICAL
WASHINGTON COUNTY SHERIFFS OFFICE,MAY TOWNSHIP,7/15/2026 1:00:57 PM,WC26035286,"13XXX -BLOCK PARADE AVE N, MAY TOWNSHIP",CIVIL MATTER/DISPUTE
WASHINGTON COUNTY SHERIFFS OFFICE,MAY TOWNSHIP,7/16/2026 12:23:53 PM,WC26035501,"12XXX  Keller Ave N, MAY TOWNSHIP",OFFICER INFORMATION
WASHINGTON COUNTY SHERIFFS OFFICE,MAY TOWNSHIP,7/17/2026 7:50:08 PM,WC26035768,"Arcola Bridge (rr High Brg Swt) - Mn, MAY TOWNSHIP",WELFARE CHECK
WASHINGTON COUNTY SHERIFFS OFFICE,MAY TOWNSHIP,7/17/2026 11:32:00 PM,WC26035833,"MANNING TRL N / SQUARE LAKE TRL N, MAY TOWNSHIP",TRAFFIC STOP
WASHINGTON COUNTY SHERIFFS OFFICE,MAY TOWNSHIP,7/18/2026 8:23:06 AM,WC26035884,"177th St N / Norell Ave N, MAY TOWNSHIP",ROAD HAZARD
WASHINGTON COUNTY SHERIFFS OFFICE,MAY TOWNSHIP,7/18/2026 3:49:06 PM,WC26035949,"MANNING TRL N / 170TH ST N, MAY TOWNSHIP",ACCIDENT
WASHINGTON COUNTY SHERIFFS OFFICE,MAY TOWNSHIP,7/18/2026 10:26:27 PM,WC26036042,"13XXX  Ozark Trl N, MAY TOWNSHIP",ALARM-BUSINESS/RES/FIRE/MEDICAL/ETC
WASHINGTON COUNTY SHERIFFS OFFICE,NEWPORT,7/12/2026 12:25:15 AM,WC26034643,"RED ROCK RD / MAXWELL AVE, NEWPORT",TRAFFIC STOP
WASHINGTON COUNTY SHERIFFS OFFICE,NEWPORT,7/12/2026 3:54:29 AM,WC26034680,"2XXX  Hastings Ave, NEWPORT",CITIZEN/PUBLIC ASSIST
WASHINGTON COUNTY SHERIFFS OFFICE,NEWPORT,7/12/2026 4:28:52 AM,WC26034681,"1XXX  Hastings Ave, NEWPORT",HARASSMENT
WASHINGTON COUNTY SHERIFFS OFFICE,NEWPORT,7/12/2026 1:30:16 PM,WC26034743,"XXX Hastings Ave, NEWPORT",CITIZEN/PUBLIC ASSIST
WASHINGTON COUNTY SHERIFFS OFFICE,NEWPORT,7/12/2026 2:10:15 PM,WC26034750,"1XXX  - 1899 7TH AVE, NEWPORT",DIRECTED PATROL
WASHINGTON COUNTY SHERIFFS OFFICE,NEWPORT,7/12/2026 2:21:09 PM,WC26034757,"XXX 4th Ave, NEWPORT",PARKING COMPLAINT
WASHINGTON COUNTY SHERIFFS OFFICE,NEWPORT,7/12/2026 2:45:42 PM,WC26034766,"1XXX  13th St, NEWPORT",CIVIL MATTER/DISPUTE
WASHINGTON COUNTY SHERIFFS OFFICE,NEWPORT,7/12/2026 4:02:25 PM,WC26034783,"SOUTH FOOTBRIDGE (EAST ENTRANCE), NEWPORT",MEDICAL
WASHINGTON COUNTY SHERIFFS OFFICE,NEWPORT,7/12/2026 4:46:19 PM,WC26034788,"1XXX  Hastings Ave, NEWPORT",HARASSMENT
WASHINGTON COUNTY SHERIFFS OFFICE,NEWPORT,7/12/2026 6:56:50 PM,WC26034807,"1XXX  10th Ave, NEWPORT",CIVIL MATTER/DISPUTE
WASHINGTON COUNTY SHERIFFS OFFICE,NEWPORT,7/12/2026 7:34:13 PM,WC26034810,"1XXX  HASTINGS AVE, NEWPORT",FOLLOW UP
WASHINGTON COUNTY SHERIFFS OFFICE,NEWPORT,7/12/2026 8:23:47 PM,WC26034819,"XXX 15th St, NEWPORT",SUSPICIOUS PERSON/ACTIVITY
WASHINGTON COUNTY SHERIFFS OFFICE,NEWPORT,7/12/2026 9:00:21 PM,WC26034823,"2XXX  Hastings Ave, NEWPORT",WELFARE CHECK
WASHINGTON COUNTY SHERIFFS OFFICE,NEWPORT,7/12/2026 11:15:54 PM,WC26034842,"1XXX  10th Ave, NEWPORT",WELFARE CHECK
WASHINGTON COUNTY SHERIFFS OFFICE,NEWPORT,7/13/2026 1:20:00 AM,WC26034859,"1XXX  HASTINGS AVE, NEWPORT",TRAFFIC STOP
WASHINGTON COUNTY SHERIFFS OFFICE,NEWPORT,7/13/2026 2:00:40 AM,WC26034863,"1XXX  GLEN RD, NEWPORT",PARK COMPLAINT
WASHINGTON COUNTY SHERIFFS OFFICE,NEWPORT,7/13/2026 2:45:20 AM,WC26034866,"HASTINGS AVE / 19TH ST, NEWPORT",INCIDENT
WASHINGTON COUNTY SHERIFFS OFFICE,NEWPORT,7/13/2026 3:45:09 AM,WC26034869,"1XXX  Hastings Ave, NEWPORT",INCIDENT
WASHINGTON COUNTY SHERIFFS OFFICE,NEWPORT,7/13/2026 3:50:38 AM,WC26034868,"2XXX  - 2099 HASTINGS AVE, NEWPORT",INCIDENT
WASHINGTON COUNTY SHERIFFS OFFICE,NEWPORT,7/13/2026 7:07:26 AM,WC26034876,"7th Ave / 10th St, NEWPORT",TRAFFIC COMPLAINT
WASHINGTON COUNTY SHERIFFS OFFICE,NEWPORT,7/13/2026 12:28:13 PM,WC26034922,"1XXX  10th Ave, NEWPORT",CITIZEN/PUBLIC ASSIST
WASHINGTON COUNTY SHERIFFS OFFICE,NEWPORT,7/13/2026 12:47:00 PM,WC26034923,"2XXX  - 2398 HASTINGS AVE, NEWPORT",TRAFFIC STOP
WASHINGTON COUNTY SHERIFFS OFFICE,NEWPORT,7/13/2026 3:32:21 PM,WC26034955,"Highway 61, NEWPORT",DIRECTED PATROL
WASHINGTON COUNTY SHERIFFS OFFICE,NEWPORT,7/13/2026 4:30:08 PM,WC26034968,"1XXX  Mark Ct, NEWPORT",SUSPICIOUS PERSON/ACTIVITY
WASHINGTON COUNTY SHERIFFS OFFICE,NEWPORT,7/14/2026 8:23:34 AM,WC26035064,"Unknown, NEWPORT",WELFARE CHECK
WASHINGTON COUNTY SHERIFFS OFFICE,NEWPORT,7/14/2026 10:32:18 AM,WC26035097,"1XXX  10th Ave, NEWPORT",WELFARE CHECK
WASHINGTON COUNTY SHERIFFS OFFICE,NEWPORT,7/14/2026 3:20:09 PM,WC26035138,"1XXX  Hastings Ave, NEWPORT",WELFARE CHECK
WASHINGTON COUNTY SHERIFFS OFFICE,NEWPORT,7/14/2026 3:32:44 PM,WC26035140,"1XXX  Hastings Ave, NEWPORT",FRAUD/SCAM
WASHINGTON COUNTY SHERIFFS OFFICE,NEWPORT,7/14/2026 5:18:17 PM,WC26035155,"Unknown, NEWPORT",CHILD CUSTODY
WASHINGTON COUNTY SHERIFFS OFFICE,NEWPORT,7/14/2026 7:20:20 PM,WC26035167,"1XXX  Hastings Ave, NEWPORT",ALARM-BUSINESS/RES/FIRE/MEDICAL/ETC
WASHINGTON COUNTY SHERIFFS OFFICE,NEWPORT,7/14/2026 10:11:16 PM,WC26035184,"1XXX  10th Ave, NEWPORT",FOLLOW UP
WASHINGTON COUNTY SHERIFFS OFFICE,NEWPORT,7/14/2026 10:19:41 PM,WC26035185,"1XXX  WILD RIDGE TRL, NEWPORT",SUSPICIOUS PERSON/ACTIVITY
WASHINGTON COUNTY SHERIFFS OFFICE,NEWPORT,7/14/2026 11:13:20 PM,WC26035191,"1XXX  10th Ave, NEWPORT",SUSPICIOUS PERSON/ACTIVITY
WASHINGTON COUNTY SHERIFFS OFFICE,NEWPORT,7/14/2026 11:44:12 PM,WC26035196,"1XXX  GLEN RD, NEWPORT",SUSPICIOUS PERSON/ACTIVITY
WASHINGTON COUNTY SHERIFFS OFFICE,NEWPORT,7/15/2026 3:39:48 AM,WC26035212,"XXX - 699 CENTURY AVE, NEWPORT",DIRECTED PATROL
WASHINGTON COUNTY SHERIFFS OFFICE,NEWPORT,7/15/2026 3:47:10 AM,WC26035213,"XXX Red Rock Rd, NEWPORT",911 ABANDONED/HANGUP/OPEN LINE
WASHINGTON COUNTY SHERIFFS OFFICE,NEWPORT,7/15/2026 4:18:50 AM,WC26035215,"1XXX  10th Ave, NEWPORT",SUSPICIOUS PERSON/ACTIVITY
WASHINGTON COUNTY SHERIFFS OFFICE,NEWPORT,7/15/2026 7:00:36 AM,WC26035218,"XXX 15th St, NEWPORT",ALARM-BUSINESS/RES/FIRE/MEDICAL/ETC
WASHINGTON COUNTY SHERIFFS OFFICE,NEWPORT,7/15/2026 9:42:09 AM,WC26035254,"XXX 5th Ave, NEWPORT",DUMPING COMPLAINT
WASHINGTON COUNTY SHERIFFS OFFICE,NEWPORT,7/15/2026 12:05:21 PM,WC26035275,"Maxwell Ave / Maxwell Ave To I494 Wb Ramp, NEWPORT",911 ABANDONED/HANGUP/OPEN LINE
WASHINGTON COUNTY SHERIFFS OFFICE,NEWPORT,7/15/2026 1:23:00 PM,WC26035280,"13TH ST, NEWPORT",WARRANT ARREST
WASHINGTON COUNTY SHERIFFS OFFICE,NEWPORT,7/15/2026 1:48:02 PM,WC26035293,"1XXX  4th Ave, NEWPORT",CITIZEN/PUBLIC ASSIST
WASHINGTON COUNTY SHERIFFS OFFICE,NEWPORT,7/15/2026 2:29:41 PM,WC26035303,"XXX Red Rock Rd, NEWPORT",911 ABANDONED/HANGUP/OPEN LINE
WASHINGTON COUNTY SHERIFFS OFFICE,NEWPORT,7/15/2026 4:01:41 PM,WC26035319,"1XXX  10th Ave, NEWPORT",THEFT
WASHINGTON COUNTY SHERIFFS OFFICE,NEWPORT,7/16/2026 3:23:14 AM,WC26035406,"XXX Red Rock Xing, NEWPORT",MEDICAL
WASHINGTON COUNTY SHERIFFS OFFICE,NEWPORT,7/16/2026 4:22:08 PM,WC26035546,"1XXX  Birchwood Ln, NEWPORT",FRAUD/SCAM
WASHINGTON COUNTY SHERIFFS OFFICE,NEWPORT,7/16/2026 6:17:12 PM,WC26035561,"1XXX  Hastings Ave, NEWPORT",SUSPICIOUS PERSON/ACTIVITY
WASHINGTON COUNTY SHERIFFS OFFICE,NEWPORT,7/17/2026 12:14:00 AM,WC26035586,"XXX 7th Ave, NEWPORT",TRAFFIC STOP
WASHINGTON COUNTY SHERIFFS OFFICE,NEWPORT,7/17/2026 2:43:29 PM,WC26035705,"2XXX  1st Ave, NEWPORT",TRAFFIC COMPLAINT
WASHINGTON COUNTY SHERIFFS OFFICE,NEWPORT,7/17/2026 7:24:56 PM,WC26035761,"1XXX  10th Ave, NEWPORT",DISTURBANCE
WASHINGTON COUNTY SHERIFFS OFFICE,NEWPORT,7/18/2026 8:44:50 AM,WC26035887,"1XXX  12th St, NEWPORT",NOISE COMPLAINT/DISTURBANCE
WASHINGTON COUNTY SHERIFFS OFFICE,OAK PARK HEIGHTS,7/13/2026 12:21:50 AM,WC26034850,"14XXX  60TH ST N, OAK PARK HEIGHTS",ASSIST OTHER AGENCY
WASHINGTON COUNTY SHERIFFS OFFICE,OAK PARK HEIGHTS,7/13/2026 1:50:54 AM,WC26034862,"Saint Croix Crossing Bridge: Hwy 36 Wb - Mn, OAK PARK HEIGHTS",ASSIST OTHER AGENCY
WASHINGTON COUNTY SHERIFFS OFFICE,OAK PARK HEIGHTS,7/13/2026 8:42:42 AM,WC26034886,"Stagecoach Trl N / 56th St N, OAK PARK HEIGHTS",TRAFFIC STOP
WASHINGTON COUNTY SHERIFFS OFFICE,OAK PARK HEIGHTS,7/17/2026 7:35:34 PM,WC26035774,"14XXX  58th St N, OAK PARK HEIGHTS",ASSIST OTHER AGENCY
WASHINGTON COUNTY SHERIFFS OFFICE,OAKDALE,7/12/2026 1:24:00 AM,WC26034665,"I694 SB JSO 50TH ST N, OAKDALE",TRAFFIC STOP
WASHINGTON COUNTY SHERIFFS OFFICE,OAKDALE,7/12/2026 3:18:00 AM,WC26034677,"I694 WB JEO CENTURY AVE N, OAKDALE",TRAFFIC STOP
WASHINGTON COUNTY SHERIFFS OFFICE,OAKDALE,7/12/2026 9:56:55 AM,WC26034703,"7XXX  2nd St N, OAKDALE",ASSIST OTHER AGENCY
WASHINGTON COUNTY SHERIFFS OFFICE,OAKDALE,7/12/2026 8:28:36 PM,WC26034820,"10TH ST N / GREYSTONE AVE N, OAKDALE",ASSIST OTHER AGENCY
WASHINGTON COUNTY SHERIFFS OFFICE,OAKDALE,7/13/2026 12:52:16 AM,WC26034853,"XXX Imperial Ave N, OAKDALE",ASSIST OTHER AGENCY
WASHINGTON COUNTY SHERIFFS OFFICE,OAKDALE,7/13/2026 1:10:20 PM,WC26034929,"34TH ST N WB AT I694, OAKDALE",ASSIST OTHER AGENCY
WASHINGTON COUNTY SHERIFFS OFFICE,OAKDALE,7/14/2026 9:36:47 AM,WC26035082,"XXX - 900 INWOOD AVE N, OAKDALE",TRAFFIC STOP
WASHINGTON COUNTY SHERIFFS OFFICE,OAKDALE,7/14/2026 9:43:33 AM,WC26035085,"CENTURY AVE OVER I694, OAKDALE",CITIZEN/PUBLIC ASSIST
WASHINGTON COUNTY SHERIFFS OFFICE,OAKDALE,7/14/2026 10:08:02 AM,WC26035091,"XXX GREENWAY AVE N, OAKDALE",CIVIL MATTER/DISPUTE
WASHINGTON COUNTY SHERIFFS OFFICE,OAKDALE,7/14/2026 10:27:54 AM,WC26035095,"1XXX  HADLEY AVE N, OAKDALE",ACCIDENT
WASHINGTON COUNTY SHERIFFS OFFICE,OAKDALE,7/15/2026 1:59:00 AM,WC26035205,"5XXX  GENEVA AVE N, OAKDALE",ASSIST OTHER AGENCY
WASHINGTON COUNTY SHERIFFS OFFICE,OAKDALE,7/16/2026 11:03:05 AM,WC26035485,"6XXX  55TH ST N, OAKDALE",CIVIL MATTER/DISPUTE
WASHINGTON COUNTY SHERIFFS OFFICE,OAKDALE,7/16/2026 1:52:23 PM,WC26035516,"3XXX  GRANADA PL N, OAKDALE",CIVIL MATTER/DISPUTE
WASHINGTON COUNTY SHERIFFS OFFICE,OAKDALE,7/16/2026 5:24:11 PM,WC26035557,"7XXX  2ND ST N, OAKDALE",CIVIL MATTER/DISPUTE
WASHINGTON COUNTY SHERIFFS OFFICE,OAKDALE,7/17/2026 8:19:46 PM,WC26035776,"7XXX  2ND ST N, OAKDALE",CIVIL MATTER/DISPUTE
WASHINGTON COUNTY SHERIFFS OFFICE,OAKDALE,7/17/2026 11:56:00 PM,WC26035840,"2XXX  - 2949 HUDSON BLVD N, OAKDALE",TRAFFIC STOP
WASHINGTON COUNTY SHERIFFS OFFICE,OAKDALE,7/18/2026 12:59:49 AM,WC26035859,"INWOOD AVE N / 4TH ST N, OAKDALE",ASSIST OTHER AGENCY
WASHINGTON COUNTY SHERIFFS OFFICE,OAKDALE,7/18/2026 10:39:18 AM,WC26035903,"7XXX  2ND ST N, OAKDALE",CIVIL MATTER/DISPUTE
WASHINGTON COUNTY SHERIFFS OFFICE,PINE SPRINGS,7/12/2026 9:29:00 AM,WC26034701,"Highway 36 & I694, PINE SPRINGS",TRAFFIC STOP
WASHINGTON COUNTY SHERIFFS OFFICE,PINE SPRINGS,7/12/2026 8:12:04 PM,WC26034818,"I694 Sb Over Hwy 36, PINE SPRINGS",OFFICER INFORMATION
WASHINGTON COUNTY SHERIFFS OFFICE,PINE SPRINGS,7/15/2026 7:34:40 AM,WC26035222,"I694 Nb Jso Hwy 36, PINE SPRINGS",ASSIST OTHER AGENCY
WASHINGTON COUNTY SHERIFFS OFFICE,PINE SPRINGS,7/16/2026 9:48:01 AM,WC26035469,"Hwy 36 Eb Jwo Hilton Trl N, PINE SPRINGS",ASSIST OTHER AGENCY
WASHINGTON COUNTY SHERIFFS OFFICE,PINE SPRINGS,7/18/2026 11:37:15 PM,WC26036062,"Viking Dr / Roscoe Rd, PINE SPRINGS",PARKING COMPLAINT
WASHINGTON COUNTY SHERIFFS OFFICE,SAINT MARYS POINT,7/13/2026 10:34:30 AM,WC26034913,"2XXX  Itasca Ave S, SAINT MARYS POINT",ALARM-BUSINESS/RES/FIRE/MEDICAL/ETC
WASHINGTON COUNTY SHERIFFS OFFICE,SAINT MARYS POINT,7/14/2026 10:05:14 PM,WC26035183,"2XXX  Quello Ave S, SAINT MARYS POINT",ALARM-BUSINESS/RES/FIRE/MEDICAL/ETC
WASHINGTON COUNTY SHERIFFS OFFICE,SAINT PAUL PARK,7/12/2026 1:54:52 AM,WC26034669,"XXX 3rd St, SAINT PAUL PARK",ASSIST OTHER AGENCY
WASHINGTON COUNTY SHERIFFS OFFICE,SAINT PAUL PARK,7/13/2026 11:53:50 PM,WC26035028,"XXX Broadway Ave, SAINT PAUL PARK",ASSIST OTHER AGENCY
WASHINGTON COUNTY SHERIFFS OFFICE,SAINT PAUL PARK,7/16/2026 9:00:17 PM,WC26035574,"XXX 2ND ST, SAINT PAUL PARK",ASSIST OTHER AGENCY
WASHINGTON COUNTY SHERIFFS OFFICE,SAINT PAUL PARK,7/18/2026 11:47:00 PM,WC26036064,"3RD ST / BROADWAY AVE, SAINT PAUL PARK",DWI
WASHINGTON COUNTY SHERIFFS OFFICE,SCANDIA,7/12/2026 1:24:00 AM,WC26034664,"OLINDA TRL N / PILAR RD N, SCANDIA",TRAFFIC STOP
WASHINGTON COUNTY SHERIFFS OFFICE,SCANDIA,7/12/2026 10:52:24 AM,WC26034715,"23XXX  LOFTON CT N, SCANDIA",911 ABANDONED/HANGUP/OPEN LINE
WASHINGTON COUNTY SHERIFFS OFFICE,SCANDIA,7/12/2026 11:19:00 AM,WC26034720,"21XXX  - 21798 LOFTON AVE N, SCANDIA",TRAFFIC STOP
WASHINGTON COUNTY SHERIFFS OFFICE,SCANDIA,7/12/2026 2:59:33 PM,WC26034770,"14XXX  Ostrum Trl N, SCANDIA",ALARM-BUSINESS/RES/FIRE/MEDICAL/ETC
WASHINGTON COUNTY SHERIFFS OFFICE,SCANDIA,7/13/2026 9:00:42 PM,WC26035004,"Big Marine Lake, SCANDIA",WATERCRAFT COMPLAINT
WASHINGTON COUNTY SHERIFFS OFFICE,SCANDIA,7/14/2026 12:00:00 AM,WC26035061,"21XXX  MEADOWBROOK CIR N, SCANDIA",OFFICER INFORMATION
WASHINGTON COUNTY SHERIFFS OFFICE,SCANDIA,7/14/2026 10:03:37 AM,WC26035090,"10XXX  216th St N, SCANDIA",MEDICAL
WASHINGTON COUNTY SHERIFFS OFFICE,SCANDIA,7/14/2026 9:19:12 PM,WC26035177,"21XXX  Saint Croix Trl N, SCANDIA",911 ABANDONED/HANGUP/OPEN LINE
WASHINGTON COUNTY SHERIFFS OFFICE,SCANDIA,7/15/2026 6:23:59 AM,WC26035216,"13XXX  Oakhill Rd N, SCANDIA",ANIMAL COMPLAINT
WASHINGTON COUNTY SHERIFFS OFFICE,SCANDIA,7/15/2026 7:04:43 AM,WC26035219,"19XXX  Orwell Ct N, SCANDIA",MEDICAL
WASHINGTON COUNTY SHERIFFS OFFICE,SCANDIA,7/15/2026 10:41:02 AM,WC26035265,"Manning Trl N / Scandia Trl N, SCANDIA",ACCIDENT
WASHINGTON COUNTY SHERIFFS OFFICE,SCANDIA,7/15/2026 11:25:30 AM,WC26035273,"Unknown, SCANDIA",OFFICER INFORMATION
WASHINGTON COUNTY SHERIFFS OFFICE,SCANDIA,7/15/2026 7:28:34 PM,WC26035350,"23XXX  Oldfield Ave N, SCANDIA",ASSIST OTHER AGENCY
WASHINGTON COUNTY SHERIFFS OFFICE,SCANDIA,7/16/2026 6:29:05 AM,WC26035412,"21XXX  Oldfield Ave N, SCANDIA",MEDICAL
WASHINGTON COUNTY SHERIFFS OFFICE,SCANDIA,7/17/2026 10:56:38 AM,WC26035674,"10XXX  198th St N, SCANDIA",911 ABANDONED/HANGUP/OPEN LINE
WASHINGTON COUNTY SHERIFFS OFFICE,SCANDIA,7/17/2026 11:20:04 AM,WC26035678,"20XXX  Olinda Trl N, SCANDIA",MEDICAL
WASHINGTON COUNTY SHERIFFS OFFICE,SCANDIA,7/18/2026 9:44:35 AM,WC26035892,"15XXX  220th St N, SCANDIA",911 ABANDONED/HANGUP/OPEN LINE
WASHINGTON COUNTY SHERIFFS OFFICE,SCANDIA,7/18/2026 6:46:42 PM,WC26035990,"16XXX  Obrien Trl N, SCANDIA",UNWANTED PERSON/VEHICLE
WASHINGTON COUNTY SHERIFFS OFFICE,STILLWATER,7/12/2026 9:02:10 PM,WC26034830,"1XXX  Market Dr, STILLWATER",ASSIST OTHER AGENCY
WASHINGTON COUNTY SHERIFFS OFFICE,STILLWATER,7/14/2026 9:43:30 AM,WC26035086,"XXX SHERBURNE ST S, STILLWATER",CIVIL MATTER/DISPUTE
WASHINGTON COUNTY SHERIFFS OFFICE,STILLWATER,7/14/2026 3:10:40 PM,WC26035137,"Stillwater Blvd N / Hwy 36 Wb To Stillwater Blvd N Ramp, STILLWATER",ASSIST OTHER AGENCY
WASHINGTON COUNTY SHERIFFS OFFICE,STILLWATER,7/14/2026 6:22:55 PM,WC26035162,"15XXX  62nd St N, STILLWATER",FOLLOW UP
WASHINGTON COUNTY SHERIFFS OFFICE,STILLWATER,7/15/2026 11:17:50 AM,WC26035272,"15XXX  62nd St N, STILLWATER",CITIZEN/PUBLIC ASSIST
WASHINGTON COUNTY SHERIFFS OFFICE,STILLWATER,7/15/2026 4:51:23 PM,WC26035332,"XXX SHERBURNE ST S, STILLWATER",CIVIL MATTER/DISPUTE
WASHINGTON COUNTY SHERIFFS OFFICE,STILLWATER,7/15/2026 6:57:17 PM,WC26035348,"2XXX  Oakridge Rd, STILLWATER",ASSIST OTHER AGENCY
WASHINGTON COUNTY SHERIFFS OFFICE,STILLWATER,7/16/2026 9:59:09 AM,WC26035475,"15XXX  62ND ST N, STILLWATER",ACCIDENT
WASHINGTON COUNTY SHERIFFS OFFICE,STILLWATER,7/16/2026 1:57:17 PM,WC26035517,"15XXX  62ND ST N, STILLWATER",INCIDENT
WASHINGTON COUNTY SHERIFFS OFFICE,STILLWATER,7/16/2026 2:42:11 PM,WC26035528,"15XXX  62nd St N, STILLWATER",FRAUD/SCAM
WASHINGTON COUNTY SHERIFFS OFFICE,STILLWATER,7/16/2026 4:26:06 PM,WC26035548,"15XXX  62nd St N, STILLWATER",FRAUD/SCAM
WASHINGTON COUNTY SHERIFFS OFFICE,STILLWATER,7/17/2026 7:25:29 AM,WC26035626,"XXX Main St S, STILLWATER",ASSIST OTHER AGENCY
WASHINGTON COUNTY SHERIFFS OFFICE,STILLWATER,7/17/2026 8:15:00 PM,WC26035775,"XX Hwy 36 Wb At Stillwater Blvd N, STILLWATER",TRAFFIC STOP
WASHINGTON COUNTY SHERIFFS OFFICE,STILLWATER,7/17/2026 8:49:11 PM,WC26035782,"15XXX  62nd St N, STILLWATER",FOLLOW UP
WASHINGTON COUNTY SHERIFFS OFFICE,STILLWATER,7/18/2026 6:57:18 PM,WC26035991,"1XXX  COTTAGE DR, STILLWATER",CIVIL MATTER/DISPUTE
WASHINGTON COUNTY SHERIFFS OFFICE,STILLWATER,7/18/2026 8:07:00 PM,WC26035998,"XXX WILDWOOD LN, STILLWATER",CIVIL MATTER/DISPUTE
WASHINGTON COUNTY SHERIFFS OFFICE,STILLWATER,7/18/2026 8:34:31 PM,WC26036005,"XXX SHERBURNE ST S, STILLWATER",CIVIL MATTER/DISPUTE
WASHINGTON COUNTY SHERIFFS OFFICE,STILLWATER TOWNSHIP,7/12/2026 1:20:08 PM,WC26034738,"10XXX  OTTUMWA AVE N, STILLWATER TOWNSHIP",ANIMAL COMPLAINT
WASHINGTON COUNTY SHERIFFS OFFICE,STILLWATER TOWNSHIP,7/13/2026 12:26:00 AM,WC26034848,"BOOM SITE HISTORICAL MARKER, STILLWATER TOWNSHIP",PARKING VIOLATION
WASHINGTON COUNTY SHERIFFS OFFICE,STILLWATER TOWNSHIP,7/13/2026 12:42:00 AM,WC26034851,"9XXX  - 9999 SAINT CROIX TRL N, STILLWATER TOWNSHIP",PARKING VIOLATION
WASHINGTON COUNTY SHERIFFS OFFICE,STILLWATER TOWNSHIP,7/13/2026 12:51:46 AM,WC26034852,"BOOM SITE HISTORICAL MARKER, STILLWATER TOWNSHIP",DIRECTED PATROL
WASHINGTON COUNTY SHERIFFS OFFICE,STILLWATER TOWNSHIP,7/13/2026 1:59:00 PM,WC26034936,"60th st/Manning Ave, STILLWATER TOWNSHIP",TRAFFIC STOP
WASHINGTON COUNTY SHERIFFS OFFICE,STILLWATER TOWNSHIP,7/13/2026 2:12:13 PM,WC26034940,"9XXX  Otchipwe Ave N, STILLWATER TOWNSHIP",CIVIL MATTER/DISPUTE
WASHINGTON COUNTY SHERIFFS OFFICE,STILLWATER TOWNSHIP,7/13/2026 3:14:09 PM,WC26034951,"Boom Site Landing, STILLWATER TOWNSHIP",FOUND PROPERTY/ITEM
WASHINGTON COUNTY SHERIFFS OFFICE,STILLWATER TOWNSHIP,7/14/2026 3:48:23 PM,WC26035147,"STONEBRIDGE TRL N / DELLWOOD RD N, STILLWATER TOWNSHIP",FOLLOW UP
WASHINGTON COUNTY SHERIFFS OFFICE,STILLWATER TOWNSHIP,7/14/2026 8:52:46 PM,WC26035175,"11XXX  Penfield Ave N, STILLWATER TOWNSHIP",DISTURBANCE
WASHINGTON COUNTY SHERIFFS OFFICE,STILLWATER TOWNSHIP,7/15/2026 11:05:00 PM,WC26035374,"Saint Croix Trl N / 100th St N, STILLWATER TOWNSHIP",MOTORIST ASSIST
WASHINGTON COUNTY SHERIFFS OFFICE,STILLWATER TOWNSHIP,7/16/2026 8:02:00 AM,WC26035424,"SAINT CROIX TRL N / ARCOLA TRL N, STILLWATER TOWNSHIP",MOTORIST ASSIST
WASHINGTON COUNTY SHERIFFS OFFICE,STILLWATER TOWNSHIP,7/16/2026 2:11:09 PM,WC26035523,"Mendel Rd N / Dellwood Rd N, STILLWATER TOWNSHIP",SUSPICIOUS PERSON/ACTIVITY
WASHINGTON COUNTY SHERIFFS OFFICE,STILLWATER TOWNSHIP,7/16/2026 2:37:05 PM,WC26035527,"HWY 95 JSO PAWNEE AVE N, STILLWATER TOWNSHIP",ROAD HAZARD
WASHINGTON COUNTY SHERIFFS OFFICE,STILLWATER TOWNSHIP,7/16/2026 6:27:21 PM,WC26035562,"9XXX  Saint Croix Trl N, STILLWATER TOWNSHIP",MOTORIST ASSIST
WASHINGTON COUNTY SHERIFFS OFFICE,STILLWATER TOWNSHIP,7/18/2026 10:34:30 AM,WC26035902,"13XXX  90th St N, STILLWATER TOWNSHIP",MEDICAL
WASHINGTON COUNTY SHERIFFS OFFICE,WEST LAKELAND TOWNSHIP,7/12/2026 11:58:47 AM,WC26034728,"Saint Croix River Jno Swing Bridge-wlt, WEST LAKELAND TOWNSHIP",WATERCRAFT COMPLAINT
WASHINGTON COUNTY SHERIFFS OFFICE,WEST LAKELAND TOWNSHIP,7/12/2026 11:23:00 PM,WC26034843,"2XXX  MANNING AVE N, WEST LAKELAND TOWNSHIP",TRAFFIC STOP
WASHINGTON COUNTY SHERIFFS OFFICE,WEST LAKELAND TOWNSHIP,7/13/2026 7:58:43 AM,WC26034883,"2XXX  NOVAK AVE N, WEST LAKELAND TOWNSHIP",MEDICAL
WASHINGTON COUNTY SHERIFFS OFFICE,WEST LAKELAND TOWNSHIP,7/13/2026 3:13:59 PM,WC26034952,"1XXX  Orwell Ave N, WEST LAKELAND TOWNSHIP",911 ABANDONED/HANGUP/OPEN LINE
WASHINGTON COUNTY SHERIFFS OFFICE,WEST LAKELAND TOWNSHIP,7/15/2026 1:56:51 PM,WC26035296,"13XXX  26th St N, WEST LAKELAND TOWNSHIP",CIVIL MATTER/DISPUTE
WASHINGTON COUNTY SHERIFFS OFFICE,WEST LAKELAND TOWNSHIP,7/16/2026 11:02:07 PM,WC26035590,"XXX Nordic Avenue Ct N, WEST LAKELAND TOWNSHIP",THEFT
WASHINGTON COUNTY SHERIFFS OFFICE,WEST LAKELAND TOWNSHIP,7/17/2026 9:29:03 AM,WC26035643,"14XXX  Interstate 94, WEST LAKELAND TOWNSHIP",WELFARE CHECK
WASHINGTON COUNTY SHERIFFS OFFICE,WEST LAKELAND TOWNSHIP,7/17/2026 1:39:46 PM,WC26035696,"1XXX  Neal Avenue Ct N, WEST LAKELAND TOWNSHIP",CITIZEN/PUBLIC ASSIST
WASHINGTON COUNTY SHERIFFS OFFICE,WEST LAKELAND TOWNSHIP,7/17/2026 5:38:14 PM,WC26035738,"XXX Nordic Avenue Ct N, WEST LAKELAND TOWNSHIP",FOLLOW UP
WASHINGTON COUNTY SHERIFFS OFFICE,WEST LAKELAND TOWNSHIP,7/17/2026 10:38:31 PM,WC26035820,"XXX Midwest Trail Ct N, WEST LAKELAND TOWNSHIP",MEDICAL
WASHINGTON COUNTY SHERIFFS OFFICE,WEST LAKELAND TOWNSHIP,7/18/2026 3:44:12 AM,WC26035872,"2XXX  Oakgreen Ave N, WEST LAKELAND TOWNSHIP",MEDICAL
WASHINGTON COUNTY SHERIFFS OFFICE,WEST LAKELAND TOWNSHIP,7/18/2026 1:45:10 PM,WC26035925,"Swing Bridge (rr Brg In Wlt) - Mn, WEST LAKELAND TOWNSHIP",DISTURBANCE
WASHINGTON COUNTY SHERIFFS OFFICE,WILLERNIE,7/12/2026 2:05:09 AM,WC26034670,"XXX CHATHAM RD, WILLERNIE",SUSPICIOUS PERSON/ACTIVITY
WASHINGTON COUNTY SHERIFFS OFFICE,WILLERNIE,7/13/2026 7:41:22 AM,WC26034880,"XXX Wildwood Rd, WILLERNIE",OFFICER INFORMATION
WASHINGTON COUNTY SHERIFFS OFFICE,WILLERNIE,7/18/2026 1:37:00 AM,WC26035865,"XXX - 383 WARNER AVE S, WILLERNIE",DWI
WASHINGTON COUNTY SHERIFFS OFFICE,WILLERNIE,7/18/2026 9:59:00 PM,WC26036035,"XXX STILLWATER RD, WILLERNIE",TRAFFIC STOP
WASHINGTON COUNTY SHERIFFS OFFICE,WOODBURY,7/12/2026 12:04:00 AM,WC26034636,"I494 NB / TAMARACK RD, WOODBURY",TRAFFIC STOP
WASHINGTON COUNTY SHERIFFS OFFICE,WOODBURY,7/12/2026 12:56:00 AM,WC26034656,"I94 EB AT WOODBURY DR, WOODBURY",TRAFFIC STOP
WASHINGTON COUNTY SHERIFFS OFFICE,WOODBURY,7/12/2026 1:14:00 AM,WC26034662,"I94 EB TO WOODBURY DR RAMP, WOODBURY",TRAFFIC STOP
WASHINGTON COUNTY SHERIFFS OFFICE,WOODBURY,7/12/2026 1:25:00 AM,WC26034667,"10XXX  - 10189 HUDSON RD, WOODBURY",TRAFFIC STOP
WASHINGTON COUNTY SHERIFFS OFFICE,WOODBURY,7/12/2026 10:03:34 AM,WC26034704,"I94 WB JEO KEATS AVE N, WOODBURY",ASSIST OTHER AGENCY
WASHINGTON COUNTY SHERIFFS OFFICE,WOODBURY,7/12/2026 10:45:18 PM,WC26034840,"6XXX  - 6758 BAILEY RD, WOODBURY",ASSIST OTHER AGENCY
WASHINGTON COUNTY SHERIFFS OFFICE,WOODBURY,7/15/2026 3:29:06 AM,WC26035211,"WILD CANYON DR / WILD CANYON CIR, WOODBURY",SUSPICIOUS PERSON/ACTIVITY
WASHINGTON COUNTY SHERIFFS OFFICE,WOODBURY,7/17/2026 11:19:53 AM,WC26035679,"6XXX  Lake Road Ter, WOODBURY",WARRANT ARREST
WASHINGTON COUNTY SHERIFFS OFFICE,WOODBURY,7/18/2026 5:58:00 PM,WC26035982,"I94 EB AT WOODBURY DR, WOODBURY",TRAFFIC STOP
WASHINGTON COUNTY SHERIFFS OFFICE,WOODBURY,7/18/2026 7:06:00 PM,WC26035994,"I94 EB AT WOODBURY DR, WOODBURY",TRAFFIC STOP
WOODBURY PUBLIC SAFETY,NEWPORT,7/13/2026 8:01:27 PM,WB26028793,"1XXX  HASTINGS AVE, NEWPORT",SUSPICIOUS PERSON/ACTIVITY
WOODBURY PUBLIC SAFETY,WOODBURY,7/12/2026 1:16:03 AM,WB26028523,"2XXX  MALLARD DR, WOODBURY",SUSPICIOUS PERSON/ACTIVITY
WOODBURY PUBLIC SAFETY,WOODBURY,7/12/2026 7:59:51 AM,WB26028546,"11XXX  Brookview Rd, WOODBURY",DISTURBANCE
WOODBURY PUBLIC SAFETY,WOODBURY,7/12/2026 9:21:50 AM,WB26028556,"8XXX  Promenade Ln, WOODBURY",LOST PERSON
WOODBURY PUBLIC SAFETY,WOODBURY,7/12/2026 11:58:39 AM,WB26028573,"Tamarack Rd / Bielenberg Dr, WOODBURY",ACCIDENT
WOODBURY PUBLIC SAFETY,WOODBURY,7/12/2026 12:05:46 PM,WB26028575,"6XXX  HUDSON RD, WOODBURY",FOLLOW UP
WOODBURY PUBLIC SAFETY,WOODBURY,7/12/2026 12:06:01 PM,WB26028576,"11XXX  Sand Castle Dr, WOODBURY",MISSING PERSON
WOODBURY PUBLIC SAFETY,WOODBURY,7/12/2026 1:46:02 PM,WB26028596,"Unknown, WOODBURY",SUSPICIOUS PERSON/ACTIVITY
WOODBURY PUBLIC SAFETY,WOODBURY,7/12/2026 3:28:00 PM,WB26028616,"Century Ave S & Woodwinds Way, WOODBURY",DRUGS
WOODBURY PUBLIC SAFETY,WOODBURY,7/12/2026 4:46:19 PM,WB26028634,"2XXX  CAMERON DR, WOODBURY",HARASSMENT
WOODBURY PUBLIC SAFETY,WOODBURY,7/12/2026 6:50:58 PM,WB26028651,"Valley Creek Rd / Radio Dr, WOODBURY",ACCIDENT
WOODBURY PUBLIC SAFETY,WOODBURY,7/12/2026 8:47:18 PM,WB26028666,"8XXX  PHEASANT RUN RD, WOODBURY",WARRANT ARREST
WOODBURY PUBLIC SAFETY,WOODBURY,7/12/2026 9:23:47 PM,WB26028669,"10XXX  Birch Ln, WOODBURY",HARASSMENT
WOODBURY PUBLIC SAFETY,WOODBURY,7/12/2026 10:45:00 PM,WB26028671,"6XXX  - 6758 BAILEY RD, WOODBURY",WARRANT ARREST
WOODBURY PUBLIC SAFETY,WOODBURY,7/12/2026 10:58:21 PM,WB26028675,"XXX BORDEAUX CT, WOODBURY",WELFARE CHECK
WOODBURY PUBLIC SAFETY,WOODBURY,7/12/2026 11:09:59 PM,WB26028680,"4XXX  RADIO DR, WOODBURY",WELFARE CHECK
WOODBURY PUBLIC SAFETY,WOODBURY,7/12/2026 11:15:40 PM,WB26028677,"4XXX  Radio Dr, WOODBURY",DISTURBANCE
WOODBURY PUBLIC SAFETY,Woodbury,7/13/2026 12:00:00 AM,WB26028845,"6XXX  Bailey Road, Woodbury",MAARC
WOODBURY PUBLIC SAFETY,WOODBURY,7/13/2026 8:46:46 AM,WB26028701,"Pioneer Dr / Lake Rd, WOODBURY",ACCIDENT
WOODBURY PUBLIC SAFETY,WOODBURY,7/13/2026 9:45:03 AM,WB26028706,"9XXX  Iron Horse Rd, WOODBURY",OFP VIOLATION
WOODBURY PUBLIC SAFETY,WOODBURY,7/13/2026 9:55:35 AM,WB26028708,"9XXX  HILLINGDON RD, WOODBURY",CIVIL MATTER/DISPUTE
WOODBURY PUBLIC SAFETY,WOODBURY,7/13/2026 10:39:30 AM,WB26028716,"8XXX  Spring View Way, WOODBURY",ASSIST OTHER AGENCY
WOODBURY PUBLIC SAFETY,WOODBURY,7/13/2026 11:56:16 AM,WB26028723,"XXX Lake View Dr, WOODBURY",DANCO VIOLATION
WOODBURY PUBLIC SAFETY,WOODBURY,7/13/2026 12:06:46 PM,WB26028730,"3XXX  WINDMILL CURV, WOODBURY",FRAUD/SCAM
WOODBURY PUBLIC SAFETY,WOODBURY,7/13/2026 12:10:38 PM,WB26028724,"BIELENBERG DR / TAMARACK HILLS, WOODBURY",Crash
WOODBURY PUBLIC SAFETY,WOODBURY,7/13/2026 12:21:22 PM,WB26028729,"RADIO DR / TAMARACK RD, WOODBURY",ACCIDENT
WOODBURY PUBLIC SAFETY,WOODBURY,7/13/2026 3:35:08 PM,WB26028756,"8XXX  Somerset Rd, WOODBURY",DEATH INVESTIGATION
WOODBURY PUBLIC SAFETY,WOODBURY,7/13/2026 4:11:10 PM,WB26028761,"8XXX  Quarry Ridge Ln, WOODBURY",JUVENILE COMPLAINT
WOODBURY PUBLIC SAFETY,WOODBURY,7/13/2026 4:37:03 PM,WB26028763,"Seasons Pkwy / Radio Dr, WOODBURY",ACCIDENT
WOODBURY PUBLIC SAFETY,WOODBURY,7/13/2026 5:32:43 PM,WB26028773,"7XXX  NEWBURY RD, WOODBURY",THEFT
WOODBURY PUBLIC SAFETY,WOODBURY,7/13/2026 5:48:18 PM,WB26028775,"8XXX  Galway Rd, WOODBURY",IDENTITY THEFT
WOODBURY PUBLIC SAFETY,WOODBURY,7/13/2026 5:58:19 PM,WB26028777,"8XXX  VALLEY CREEK RD, WOODBURY",FOLLOW UP
WOODBURY PUBLIC SAFETY,WOODBURY,7/13/2026 6:17:21 PM,WB26028779,"6XXX  HUDSON RD, WOODBURY",DISTURBANCE
WOODBURY PUBLIC SAFETY,WOODBURY,7/13/2026 8:06:32 PM,WB26028796,"1XXX  Queens Dr, WOODBURY",THEFT FROM MOTOR VEHICLE
WOODBURY PUBLIC SAFETY,WOODBURY,7/13/2026 8:07:11 PM,WB26028794,"Conifer Pass / Settlers Ridge Pkwy, WOODBURY",WELFARE CHECK
WOODBURY PUBLIC SAFETY,WOODBURY,7/13/2026 8:12:35 PM,WB26028797,"8XXX  Springwood Dr, WOODBURY",JUVENILE COMPLAINT
WOODBURY PUBLIC SAFETY,WOODBURY,7/13/2026 9:14:21 PM,WB26028804,"Vermillion Curve/Sundance Way, WOODBURY",JUVENILE COMPLAINT
WOODBURY PUBLIC SAFETY,WOODBURY,7/13/2026 9:24:27 PM,WB26028806,"Hudson Rd / Woodbury Dr, WOODBURY",ACCIDENT
WOODBURY PUBLIC SAFETY,WOODBURY,7/14/2026 8:13:13 AM,WB26028840,"10XXX  HUDSON RD, WOODBURY",CIVIL MATTER/DISPUTE
WOODBURY PUBLIC SAFETY,WOODBURY,7/14/2026 8:41:49 AM,WB26028844,"XXX Radio Dr, WOODBURY",SUSPICIOUS PERSON/ACTIVITY
WOODBURY PUBLIC SAFETY,WOODBURY,7/14/2026 9:59:54 AM,wb26028851,"Central Park Pl / Radio Dr, WOODBURY",ACCIDENT
WOODBURY PUBLIC SAFETY,WOODBURY,7/14/2026 10:35:54 AM,WB26028853,"5XXX  Long Pointe Bay, WOODBURY",ABANDONED VEHICLE
WOODBURY PUBLIC SAFETY,WOODBURY,7/14/2026 10:40:36 AM,WB26028855,"2XXX  Leyland Trl, WOODBURY",CRASH
WOODBURY PUBLIC SAFETY,WOODBURY,7/14/2026 11:17:47 AM,WB26028861,"8XXX  BRUMBY TRL, WOODBURY",HARASSMENT
WOODBURY PUBLIC SAFETY,WOODBURY,7/14/2026 12:41:23 PM,WB26028872,"10XXX  Hudson Rd, WOODBURY",THEFT
WOODBURY PUBLIC SAFETY,WOODBURY,7/14/2026 1:47:12 PM,wb26028879,"LAKE RD / WOODLANE DR, WOODBURY",ACCIDENT
WOODBURY PUBLIC SAFETY,WOODBURY,7/14/2026 3:17:40 PM,WB26028892,"8XXX  TAMARACK VLG, WOODBURY",TRAFFIC STOP
WOODBURY PUBLIC SAFETY,WOODBURY,7/14/2026 3:53:16 PM,WB26028898,"RADIO DR / BAILEY RD, WOODBURY",ACCIDENT
WOODBURY PUBLIC SAFETY,WOODBURY,7/14/2026 5:05:54 PM,WB26028915,"Woodbury Dr / Eagle Valley Dr, WOODBURY",ACCIDENT
WOODBURY PUBLIC SAFETY,WOODBURY,7/14/2026 5:41:40 PM,WB26028920,"2XXX  Cobble Hill Dr, WOODBURY",HARASSMENT
WOODBURY PUBLIC SAFETY,WOODBURY,7/14/2026 5:52:59 PM,WB26028922,"Donegal Dr / Radio Dr, WOODBURY",ACCIDENT
WOODBURY PUBLIC SAFETY,WOODBURY,7/14/2026 6:05:18 PM,WB26028923,"Valley Creek Rd / I-494, WOODBURY",CRASH
WOODBURY PUBLIC SAFETY,WOODBURY,7/14/2026 9:50:40 PM,WB26028948,"2XXX  Alpine Dr, WOODBURY",WELFARE CHECK
WOODBURY PUBLIC SAFETY,WOODBURY,7/14/2026 10:03:47 PM,WB26028950,"COMMERCE DR / WOODBURY DR, WOODBURY",PROPERTY DAMAGE
WOODBURY PUBLIC SAFETY,WOODBURY,7/14/2026 10:26:32 PM,WB26028952,"7XXX  CURRELL BLVD, WOODBURY",ROBBERY
WOODBURY PUBLIC SAFETY,WOODBURY,7/14/2026 11:16:16 PM,WB26028955,"8XXX  Abercrombie Ln, WOODBURY",RUNAWAY
WOODBURY PUBLIC SAFETY,WOODBURY,7/15/2026 10:10:29 AM,WB26028996,"XXX Pendryn Hill Curv, WOODBURY",CIVIL MATTER/DISPUTE
WOODBURY PUBLIC SAFETY,WOODBURY,7/15/2026 10:50:51 AM,WB26029003,"1XXX  Regatta Dr, WOODBURY",WELFARE CHECK
WOODBURY PUBLIC SAFETY,WOODBURY,7/15/2026 11:57:09 AM,WB26029009,"1XXX  Woodlane Dr, WOODBURY",ACCIDENT
WOODBURY PUBLIC SAFETY,WOODBURY,7/15/2026 12:48:35 PM,WB26029016,"QUEENS DR / VALLEY CREEK RD, WOODBURY",TRAFFIC COMPLAINT
WOODBURY PUBLIC SAFETY,WOODBURY,7/15/2026 1:20:57 PM,WB26029021,"1XXX  Woodlane Dr, WOODBURY",THEFT
WOODBURY PUBLIC SAFETY,WOODBURY,7/15/2026 1:42:17 PM,WB26029025,"HILL RD, WOODBURY",DWI
WOODBURY PUBLIC SAFETY,WOODBURY,7/15/2026 1:49:21 PM,WB26029027,"Norma Ln / Hudson Rd, WOODBURY",ACCIDENT
WOODBURY PUBLIC SAFETY,WOODBURY,7/15/2026 2:27:39 PM,WB26029034,"2XXX  Radio Dr, WOODBURY",ACCIDENT
WOODBURY PUBLIC SAFETY,WOODBURY,7/15/2026 4:34:28 PM,WB26029061,"10XXX  Hudson Rd, WOODBURY",THEFT
WOODBURY PUBLIC SAFETY,WOODBURY,7/15/2026 4:41:08 PM,WB26029064,"XXX Karen Dr, WOODBURY",CHILD CUSTODY
WOODBURY PUBLIC SAFETY,WOODBURY,7/15/2026 6:03:39 PM,WB26029074,"XXX Willow Ln, WOODBURY",DISTURBANCE
WOODBURY PUBLIC SAFETY,WOODBURY,7/15/2026 6:34:36 PM,WB26029079,"1XXX  Autumn Dr, WOODBURY",HARASSMENT
WOODBURY PUBLIC SAFETY,WOODBURY,7/15/2026 6:51:22 PM,WB26029083,"9XXX  Hudson Pl, WOODBURY",SUSPICIOUS PERSON/ACTIVITY
WOODBURY PUBLIC SAFETY,WOODBURY,7/15/2026 8:11:02 PM,WB26029091,"6XXX  HUDSON RD, WOODBURY",ALARM-BUSINESS/RES/FIRE/MEDICAL/ETC
WOODBURY PUBLIC SAFETY,WOODBURY,7/15/2026 10:15:12 PM,WB26029104,"3XXX  Bailey Ridge Dr, WOODBURY",CIVIL MATTER/DISPUTE
WOODBURY PUBLIC SAFETY,WOODBURY,7/15/2026 10:20:00 PM,WB26029105,"VALLEY CREEK RD/WOODLANE DR, WOODBURY",WARRANT ARREST
WOODBURY PUBLIC SAFETY,WOODBURY,7/15/2026 10:56:50 PM,WB26029114,"4XXX  Island Park Bay, WOODBURY",SUSPICIOUS PERSON/ACTIVITY
WOODBURY PUBLIC SAFETY,WOODBURY,7/16/2026 8:01:32 AM,WB26029136,"2XXX  Eagle Creek Ln, WOODBURY",LOST PROPERTY/ITEM
WOODBURY PUBLIC SAFETY,WOODBURY,7/16/2026 8:17:20 AM,WB26029139,"4XXX  Stable View Dr, WOODBURY",SUICIDE ATTEMPT/THREATS OF
WOODBURY PUBLIC SAFETY,WOODBURY,7/16/2026 8:39:01 AM,WB26029140,"6XXX  Tahoe Cir, WOODBURY",THEFT
WOODBURY PUBLIC SAFETY,WOODBURY,7/16/2026 11:39:49 AM,WB26029161,"6XXX  MACBETH CIR, WOODBURY",WARRANT ATTEMPT
WOODBURY PUBLIC SAFETY,WOODBURY,7/16/2026 1:42:00 PM,WB26029175,"8XXX  Valley Creek Rd, WOODBURY",ACCIDENT
WOODBURY PUBLIC SAFETY,WOODBURY,7/16/2026 2:49:49 PM,WB26029189,"7XXX  Currell Blvd, WOODBURY",HARASSMENT
WOODBURY PUBLIC SAFETY,WOODBURY,7/16/2026 3:23:23 PM,WB26029196,"XXX Cambria Ct, WOODBURY",THEFT
WOODBURY PUBLIC SAFETY,WOODBURY,7/16/2026 3:45:04 PM,WB26029201,"9XXX  City Place Blvd, WOODBURY",PROPERTY DAMAGE
WOODBURY PUBLIC SAFETY,WOODBURY,7/16/2026 3:46:09 PM,WB26029202,"2XXX  Sumac Cir, WOODBURY",THEFT FROM MOTOR VEHICLE
WOODBURY PUBLIC SAFETY,WOODBURY,7/16/2026 5:14:03 PM,WB26029221,"XXX Commerce Dr, WOODBURY",THEFT
WOODBURY PUBLIC SAFETY,WOODBURY,7/16/2026 5:29:46 PM,WB26029223,"1XXX  Woodlane Dr, WOODBURY",SUSPICIOUS PERSON/ACTIVITY
WOODBURY PUBLIC SAFETY,WOODBURY,7/16/2026 5:49:00 PM,WB26029226,"Landau Dr / Tamarack Rd, WOODBURY",ACCIDENT
WOODBURY PUBLIC SAFETY,WOODBURY,7/16/2026 6:17:54 PM,WB26029229,"8XXX  Abercrombie Ln, WOODBURY",RUNAWAY
WOODBURY PUBLIC SAFETY,WOODBURY,7/16/2026 6:24:14 PM,WB26029230,"1XXX  Century Cir, WOODBURY",ANIMAL COMPLAINT
WOODBURY PUBLIC SAFETY,WOODBURY,7/16/2026 7:10:00 PM,WB26029237,"Tamarack Rd / Tamberwood Trl, WOODBURY",DWI
WOODBURY PUBLIC SAFETY,WOODBURY,7/16/2026 7:14:39 PM,WB26029238,"XXX Bielenberg Dr, WOODBURY",DISTURBANCE
WOODBURY PUBLIC SAFETY,WOODBURY,7/16/2026 8:17:35 PM,WB26029251,"6XXX  - 6810 VALLEY CREEK RD, WOODBURY",TRAFFIC STOP
WOODBURY PUBLIC SAFETY,WOODBURY,7/16/2026 9:47:47 PM,WB26029265,"XXX Spancil Hill Dr, WOODBURY",ASSIST OTHER AGENCY
WOODBURY PUBLIC SAFETY,WOODBURY,7/16/2026 10:00:00 PM,WB26029262,"7XXX  Guider Dr, WOODBURY",WARRANT ARREST
WOODBURY PUBLIC SAFETY,WOODBURY,7/16/2026 10:51:03 PM,WB26029274,"QUEENS DR / CURRELL BLVD, WOODBURY",SUSPICIOUS PERSON/ACTIVITY
WOODBURY PUBLIC SAFETY,WOODBURY,7/17/2026 3:55:57 AM,WB26029292,"11XXX  Brookview Rd, WOODBURY",CIVIL MATTER/DISPUTE
WOODBURY PUBLIC SAFETY,WOODBURY,7/17/2026 4:32:12 AM,WB26029293,"11XXX  Cresthaven Trl, WOODBURY",ASSIST OTHER AGENCY
WOODBURY PUBLIC SAFETY,WOODBURY,7/17/2026 12:06:58 PM,WB26029320,"1XXX  Radio Dr, WOODBURY",ACCIDENT
WOODBURY PUBLIC SAFETY,WOODBURY,7/17/2026 12:17:33 PM,WB26029322,"1XXX  Hillcrest Dr, WOODBURY",RUNAWAY
WOODBURY PUBLIC SAFETY,WOODBURY,7/17/2026 12:31:42 PM,WB26029325,"1XXX  Weir Dr, WOODBURY",MISSING PERSON
WOODBURY PUBLIC SAFETY,WOODBURY,7/17/2026 12:48:54 PM,WB26029330,"7XXX  Currell Blvd, WOODBURY",ACCIDENT
WOODBURY PUBLIC SAFETY,WOODBURY,7/17/2026 2:34:21 PM,WB26029348,"Hudson Rd / Radio Dr, WOODBURY",ACCIDENT
WOODBURY PUBLIC SAFETY,WOODBURY,7/17/2026 2:41:46 PM,WB26029349,"2XXX  COBBLE HILL ALCOVE, WOODBURY",FOUND PROPERTY/ITEM
WOODBURY PUBLIC SAFETY,WOODBURY,7/17/2026 2:50:11 PM,WB26029353,"1XXX  Briar Glen Ln, WOODBURY",NEIGHBOR DISPUTE
WOODBURY PUBLIC SAFETY,WOODBURY,7/17/2026 3:42:17 PM,WB26029365,"1XXX  CENTURY CIR, WOODBURY",WELFARE CHECK
WOODBURY PUBLIC SAFETY,WOODBURY,7/17/2026 4:36:39 PM,WB26029373,"COCHRANE DR / CALGARY RD, WOODBURY",ACCIDENT
WOODBURY PUBLIC SAFETY,WOODBURY,7/17/2026 4:42:00 PM,WB26029372,"6XXX  MACBETH CIR, WOODBURY",WARRANT ARREST
WOODBURY PUBLIC SAFETY,WOODBURY,7/17/2026 5:28:00 PM,WB26029380,"RADIO DR / CITY PLACE BLVD, WOODBURY",TRAFFIC STOP
WOODBURY PUBLIC SAFETY,WOODBURY,7/17/2026 5:33:16 PM,WB26029387,"1XXX  Woodwinds Dr, WOODBURY",THREATS
WOODBURY PUBLIC SAFETY,WOODBURY,7/17/2026 5:36:14 PM,WB26029383,"Radio Dr / Lake Rd, WOODBURY",ACCIDENT
WOODBURY PUBLIC SAFETY,WOODBURY,7/17/2026 5:39:12 PM,WB26029384,"HUDSON RD/NORMA LN, WOODBURY",ACCIDENT
WOODBURY PUBLIC SAFETY,WOODBURY,7/17/2026 5:57:47 PM,WB26029388,"7XXX  Windgate Rd, WOODBURY",FOUND PROPERTY/ITEM
WOODBURY PUBLIC SAFETY,WOODBURY,7/17/2026 7:15:00 PM,WB26029398,"I94 EB RAMP, WOODBURY",TRAFFIC STOP
WOODBURY PUBLIC SAFETY,WOODBURY,7/17/2026 7:50:25 PM,WB26029411,"Woodbury Dr / Valley Creek Rd, WOODBURY",ACCIDENT
WOODBURY PUBLIC SAFETY,WOODBURY,7/17/2026 8:17:06 PM,WB26029415,"RADIO DR NB OVER I94, WOODBURY",TRAFFIC STOP
WOODBURY PUBLIC SAFETY,WOODBURY,7/17/2026 11:18:03 PM,WB26029449,"8XXX  Tamarack Vlg, WOODBURY",ACCIDENT
WOODBURY PUBLIC SAFETY,WOODBURY,7/18/2026 9:57:10 AM,WB26029489,"8XXX  Inverness Rd, WOODBURY",PROPERTY DAMAGE
WOODBURY PUBLIC SAFETY,WOODBURY,7/18/2026 10:41:50 AM,WB26029497,"7XXX  Bailey Rd, WOODBURY",DEATH
WOODBURY PUBLIC SAFETY,WOODBURY,7/18/2026 11:48:27 AM,WB26029505,"7XXX  Valley Creek Plz, WOODBURY",ACCIDENT
WOODBURY PUBLIC SAFETY,WOODBURY,7/18/2026 2:49:36 PM,WB26029525,"4XXX  Benjamin Dr, WOODBURY",FRAUD/SCAM
WOODBURY PUBLIC SAFETY,WOODBURY,7/18/2026 3:10:26 PM,WB26029528,"8XXX  TAMARACK VLG, WOODBURY",WANTED PERSON-KOPS ALERT/ATL
WOODBURY PUBLIC SAFETY,WOODBURY,7/18/2026 3:23:18 PM,WB26029529,"8XXX  SEASONS PKWY, WOODBURY",IDENTITY THEFT
WOODBURY PUBLIC SAFETY,WOODBURY,7/18/2026 4:04:12 PM,WB26029532,"Tamarack Bay / Tamarack Vlg, WOODBURY",Property Damage Crash
WOODBURY PUBLIC SAFETY,WOODBURY,7/18/2026 5:24:05 PM,WB26029549,"2XXX  COBBLE HILL DR, WOODBURY",HARASSMENT
WOODBURY PUBLIC SAFETY,WOODBURY,7/18/2026 6:34:27 PM,WB26029563,"10XXX  Hudson Rd, WOODBURY",FRAUD/SCAM
WOODBURY PUBLIC SAFETY,WOODBURY,7/18/2026 6:56:00 PM,WB26029570,"VALLEY CREEK RD / WEIR DR, WOODBURY",ACCIDENT
WOODBURY PUBLIC SAFETY,WOODBURY,7/18/2026 7:21:35 PM,WB26029573,"7XXX  Steepleview Dr, WOODBURY",FOUND PROPERTY/ITEM
WOODBURY PUBLIC SAFETY,WOODBURY,7/18/2026 10:44:59 PM,WB26029615,"7XXX  Columbia Ct, WOODBURY",DWI

