AgencyName,Address_City_Description,CreatedOn1,CaseNum,Textbox28,EventDescription
BAYPORT POLICE DEPARTMENT,BAYPORT,6/7/2026 12:43:09 AM,BP26001799,"XX CENTRAL AVE, BAYPORT",PARK CLOSED
BAYPORT POLICE DEPARTMENT,BAYPORT,6/7/2026 12:57:44 AM,BP26001800,"XX CENTRAL AVE, BAYPORT",SUSPICIOUS PERSON/ACTIVITY
BAYPORT POLICE DEPARTMENT,BAYPORT,6/7/2026 2:37:40 AM,BP26001801,"XXX 3rd St N, BAYPORT",SUICIDE ATTEMPT/THREATS OF
BAYPORT POLICE DEPARTMENT,BAYPORT,6/7/2026 2:37:40 AM,BP26001802,"XXX 3rd St N, BAYPORT",FOLLOW UP
BAYPORT POLICE DEPARTMENT,BAYPORT,6/7/2026 10:08:50 AM,BP26001806,"XXX Pickett St N, BAYPORT",OFFICER INFORMATION
BAYPORT POLICE DEPARTMENT,BAYPORT,6/7/2026 10:22:35 AM,BP26001807,"XXX - 498 MINNESOTA ST S, BAYPORT",TRAFFIC STOP
BAYPORT POLICE DEPARTMENT,BAYPORT,6/7/2026 1:46:12 PM,BP26001809,"XXX - 399 3RD ST N, BAYPORT",TRAFFIC STOP
BAYPORT POLICE DEPARTMENT,BAYPORT,6/7/2026 4:58:02 PM,BP26001811,"XXX 3RD ST N, BAYPORT",TRAFFIC STOP
BAYPORT POLICE DEPARTMENT,BAYPORT,6/8/2026 5:57:11 AM,BP26001813,"XX CENTRAL AVE, BAYPORT",PARK CLOSED
BAYPORT POLICE DEPARTMENT,BAYPORT,6/8/2026 12:02:51 PM,BP26001815,"XXX PERIWINKLE PL, BAYPORT",FRAUD/SCAM
BAYPORT POLICE DEPARTMENT,BAYPORT,6/8/2026 2:55:11 PM,BP26001816,"XXX Minnesota St S, BAYPORT",SUICIDE ATTEMPT/THREATS OF
BAYPORT POLICE DEPARTMENT,BAYPORT,6/8/2026 8:05:34 PM,BP26001817,"XXX 2nd St N, BAYPORT",MISSING PERSON
BAYPORT POLICE DEPARTMENT,BAYPORT,6/8/2026 8:15:17 PM,BP26001818,"XXX Maine St N, BAYPORT",911 ABANDONED/HANGUP/OPEN LINE
BAYPORT POLICE DEPARTMENT,BAYPORT,6/8/2026 10:33:51 PM,BP26001821,"XX CENTRAL AVE, BAYPORT",Park Close
BAYPORT POLICE DEPARTMENT,BAYPORT,6/9/2026 5:15:55 AM,BP26001827,"XXX Highway 95 N, BAYPORT",MEDICAL
BAYPORT POLICE DEPARTMENT,BAYPORT,6/9/2026 3:03:41 PM,BP26001831,"XXX 4th Ave N, BAYPORT",ACCIDENT
BAYPORT POLICE DEPARTMENT,BAYPORT,6/9/2026 3:28:54 PM,BP26001832,"Inspiration Trails, BAYPORT",DIRECTED PATROL
BAYPORT POLICE DEPARTMENT,BAYPORT,6/9/2026 5:10:12 PM,BP26001833,"4th Ave N, BAYPORT",CITIZEN/PUBLIC ASSIST
BAYPORT POLICE DEPARTMENT,BAYPORT,6/9/2026 7:25:12 PM,BP26001834,"XXX Highway 95 N, BAYPORT",911 ABANDONED/HANGUP/OPEN LINE
BAYPORT POLICE DEPARTMENT,BAYPORT,6/9/2026 11:11:57 PM,BP26001835,"XX CENTRAL AVE, BAYPORT",Park Close
BAYPORT POLICE DEPARTMENT,BAYPORT,6/10/2026 12:23:05 AM,BP26001836,"XXX 5th Ave S, BAYPORT",OFFICER INFORMATION
BAYPORT POLICE DEPARTMENT,BAYPORT,6/10/2026 3:15:53 AM,BP26001839,"XXX 4th Ave N, BAYPORT",911 ABANDONED/HANGUP/OPEN LINE
BAYPORT POLICE DEPARTMENT,BAYPORT,6/10/2026 1:35:51 PM,BP26001841,"XXX - 398 7TH AVE N, BAYPORT",TRAFFIC STOP
BAYPORT POLICE DEPARTMENT,BAYPORT,6/10/2026 3:40:49 PM,BP26001842,"XXX 3RD ST N, BAYPORT",CITIZEN/PUBLIC ASSIST
BAYPORT POLICE DEPARTMENT,BAYPORT,6/10/2026 3:41:36 PM,BP26001843,"XXX 3rd St N, BAYPORT",CITIZEN/PUBLIC ASSIST
BAYPORT POLICE DEPARTMENT,BAYPORT,6/10/2026 4:45:00 PM,BP26001844,"1XXX  blk inspiration pkwy n, BAYPORT",SUSPICIOUS PERSON/ACTIVITY
BAYPORT POLICE DEPARTMENT,BAYPORT,6/10/2026 9:21:05 PM,BP26001845,"XX CENTRAL AVE, BAYPORT",PARK CLOSED
BAYPORT POLICE DEPARTMENT,BAYPORT,6/11/2026 1:39:23 AM,BP26001846,"XXX Prairie Way S, BAYPORT",MEDICAL
BAYPORT POLICE DEPARTMENT,BAYPORT,6/11/2026 8:17:03 AM,BP26001848,"INSPIRATION PKWY / PRIMROSE PATH, BAYPORT",DIRECTED PATROL
BAYPORT POLICE DEPARTMENT,BAYPORT,6/11/2026 8:35:22 AM,BP26001849,"XXX 3RD ST N, BAYPORT",FOLLOW UP
BAYPORT POLICE DEPARTMENT,BAYPORT,6/11/2026 8:39:50 AM,BP26001850,"XXX 3RD ST N, BAYPORT",FOLLOW UP
BAYPORT POLICE DEPARTMENT,BAYPORT,6/11/2026 2:29:13 PM,BP26001853,"XXX 1st Ave S, BAYPORT",JUVENILE COMPLAINT
BAYPORT POLICE DEPARTMENT,BAYPORT,6/11/2026 4:26:25 PM,BP26001854,"XXX 3rd St N, BAYPORT",VEHICLE UNLOCK
BAYPORT POLICE DEPARTMENT,BAYPORT,6/11/2026 5:53:57 PM,BP26001855,"XX CENTRAL AVE, BAYPORT",BOAT ENVELOPES
BAYPORT POLICE DEPARTMENT,BAYPORT,6/11/2026 10:06:28 PM,BP26001856,"XX CENTRAL AVE, BAYPORT",CITIZEN/PUBLIC ASSIST
BAYPORT POLICE DEPARTMENT,BAYPORT,6/11/2026 11:53:50 PM,BP26001858,"XXX Lake Cir N, BAYPORT",MEDICAL
BAYPORT POLICE DEPARTMENT,BAYPORT,6/12/2026 1:10:08 AM,BP26001859,"XXX Prairie Way S, BAYPORT",SUSPICIOUS PERSON/ACTIVITY
BAYPORT POLICE DEPARTMENT,BAYPORT,6/13/2026 3:30:25 AM,BP26001869,"XXX Highway 95 N, BAYPORT",MEDICAL
BAYPORT POLICE DEPARTMENT,BAYPORT,6/13/2026 6:38:59 AM,BP26001870,"XXX Lake Cir N, BAYPORT",DEATH
BAYPORT POLICE DEPARTMENT,BAYPORT,6/13/2026 10:53:29 PM,BP26001876,"XX Central Ave, BAYPORT",DISTURBANCE
BAYPORT POLICE DEPARTMENT,BAYTOWN TOWNSHIP,6/7/2026 1:16:19 PM,BP26001808,"3XXX  - 3498 SAINT CROIX TRL N, BAYTOWN TOWNSHIP",TRAFFIC STOP
BAYPORT POLICE DEPARTMENT,LAKE ELMO,6/9/2026 2:12:10 AM,BP26001826,"Hwy 36 Eb Jwo Lake Elmo Ave N, LAKE ELMO",ASSIST OTHER AGENCY
BAYPORT POLICE DEPARTMENT,OAK PARK HEIGHTS,6/8/2026 4:19:10 AM,BP26001812,"14XXX  58th St N, OAK PARK HEIGHTS",ASSIST OTHER AGENCY
BAYPORT POLICE DEPARTMENT,OAK PARK HEIGHTS,6/8/2026 11:13:16 PM,BP26001824,"14XXX  58th St N, OAK PARK HEIGHTS",ASSIST OTHER AGENCY
BAYPORT POLICE DEPARTMENT,OAK PARK HEIGHTS,6/9/2026 8:40:54 AM,BP26001828,"5XXX  - 5799 STILLWATER BLVD N, OAK PARK HEIGHTS",COMMUNITY EVENT
BAYPORT POLICE DEPARTMENT,OAK PARK HEIGHTS,6/9/2026 10:36:40 AM,BP26001830,"5XXX  - 5799 STILLWATER BLVD N, OAK PARK HEIGHTS",COMMUNITY EVENT
BAYPORT POLICE DEPARTMENT,OAK PARK HEIGHTS,6/11/2026 10:48:52 PM,BP26001857,"5XXX  Osgood Ave N, OAK PARK HEIGHTS",TRAFFIC STOP
BAYPORT POLICE DEPARTMENT,OAK PARK HEIGHTS,6/12/2026 7:03:33 PM,BP26001864,"14XXX  Upper 55th St N, OAK PARK HEIGHTS",ASSIST OTHER AGENCY
BAYPORT POLICE DEPARTMENT,OAK PARK HEIGHTS,6/13/2026 12:19:46 AM,BP26001865,"15XXX  60TH ST N, OAK PARK HEIGHTS",ASSIST OTHER AGENCY
BAYPORT POLICE DEPARTMENT,OAK PARK HEIGHTS,6/13/2026 1:06:24 AM,BP26001867,"6XXX  - 6260 SAINT CROIX TRL N, OAK PARK HEIGHTS",ASSIST OTHER AGENCY
BAYPORT POLICE DEPARTMENT,OAK PARK HEIGHTS,6/13/2026 10:45:00 PM,BP26001875,"5XXX  Stillwater Blvd N, OAK PARK HEIGHTS",ASSIST OTHER AGENCY
BAYPORT POLICE DEPARTMENT,STILLWATER,6/13/2026 1:50:24 AM,BP26001868,"2XXX  Frontage Rd W, STILLWATER",ASSIST OTHER AGENCY
BAYPORT POLICE DEPARTMENT,WEST LAKELAND TOWNSHIP,6/11/2026 6:52:00 AM,BP26001847,"2XXX  - 2898 SAINT CROIX TRL N, WEST LAKELAND TOWNSHIP",TRAFFIC STOP
COTTAGE GROVE POLICE DEPARTMENT,COTTAGE GROVE,6/7/2026 12:00:00 AM,CG26024860,"Hwy 61 Nb Jno Hwy 10, COTTAGE GROVE",TRAFFIC STOP
COTTAGE GROVE POLICE DEPARTMENT,COTTAGE GROVE,6/7/2026 4:12:00 AM,CG26024890,"7XXX  96th St S, COTTAGE GROVE",DWI
COTTAGE GROVE POLICE DEPARTMENT,COTTAGE GROVE,6/7/2026 10:44:47 AM,CG26024899,"8XXX  72nd St S, COTTAGE GROVE",MEDICAL
COTTAGE GROVE POLICE DEPARTMENT,COTTAGE GROVE,6/7/2026 11:17:51 AM,CG26024905,"6XXX  Summit Ct S, COTTAGE GROVE",ALARM-BUSINESS/RES/FIRE/MEDICAL/ETC
COTTAGE GROVE POLICE DEPARTMENT,COTTAGE GROVE,6/7/2026 1:10:21 PM,CG26024931,"7XXX  - 7198 HINTON AVE S, COTTAGE GROVE",TRAFFIC STOP
COTTAGE GROVE POLICE DEPARTMENT,COTTAGE GROVE,6/7/2026 1:20:27 PM,CG26024933,"9XXX  East Point Douglas Rd S, COTTAGE GROVE",VEHICLE TAMPERING
COTTAGE GROVE POLICE DEPARTMENT,COTTAGE GROVE,6/7/2026 1:40:06 PM,CG26024934,"7XXX  Hardwood Ave S, COTTAGE GROVE",VEHICLE UNLOCK
COTTAGE GROVE POLICE DEPARTMENT,COTTAGE GROVE,6/7/2026 2:10:45 PM,CG26024937,"8XXX  Hinton Ave S, COTTAGE GROVE",OFFICER INFORMATION
COTTAGE GROVE POLICE DEPARTMENT,COTTAGE GROVE,6/7/2026 2:22:30 PM,CG26024938,"8XXX  Innsdale Ave S, COTTAGE GROVE",THEFT
COTTAGE GROVE POLICE DEPARTMENT,COTTAGE GROVE,6/7/2026 2:39:07 PM,CG26024939,"9XXX  East Point Douglas Rd S, COTTAGE GROVE",FOUND PROPERTY/ITEM
COTTAGE GROVE POLICE DEPARTMENT,COTTAGE GROVE,6/7/2026 4:19:34 PM,CG26024944,"6XXX  Janero Bay S, COTTAGE GROVE",PROPERTY DAMAGE
COTTAGE GROVE POLICE DEPARTMENT,COTTAGE GROVE,6/7/2026 4:45:21 PM,CG26024947,"9XXX  EAST POINT DOUGLAS RD S, COTTAGE GROVE",WARRANT ARREST
COTTAGE GROVE POLICE DEPARTMENT,COTTAGE GROVE,6/7/2026 5:11:56 PM,CG26024949,"7XXX  Lamar Ave S, COTTAGE GROVE",MEDICAL
COTTAGE GROVE POLICE DEPARTMENT,COTTAGE GROVE,6/7/2026 8:54:04 PM,CG26024968,"7XXX  Hadley Ave S, COTTAGE GROVE",MEDICAL
COTTAGE GROVE POLICE DEPARTMENT,COTTAGE GROVE,6/7/2026 8:58:28 PM,CG26024969,"67th St S / Innsdale Ave S, COTTAGE GROVE",DISORDERLY CONDUCT
COTTAGE GROVE POLICE DEPARTMENT,COTTAGE GROVE,6/7/2026 10:48:07 PM,CG26024987,"8XXX  East Point Douglas Rd S, COTTAGE GROVE",FRAUD/SCAM
COTTAGE GROVE POLICE DEPARTMENT,COTTAGE GROVE,6/7/2026 11:06:40 PM,CG26024990,"Hadley Ave S / 103rd St S, COTTAGE GROVE",DWI
COTTAGE GROVE POLICE DEPARTMENT,COTTAGE GROVE,6/8/2026 12:05:41 PM,CG26025019,"8XXX  79th St S, COTTAGE GROVE",MEDICAL
COTTAGE GROVE POLICE DEPARTMENT,COTTAGE GROVE,6/8/2026 12:35:30 PM,CG26025023,"7XXX  Hillside Trl S, COTTAGE GROVE",MEDICAL
COTTAGE GROVE POLICE DEPARTMENT,COTTAGE GROVE,6/8/2026 2:21:54 PM,CG26025032,"6XXX  East Point Douglas Rd S, COTTAGE GROVE",MEDICAL
COTTAGE GROVE POLICE DEPARTMENT,COTTAGE GROVE,6/8/2026 3:06:12 PM,CG26025033,"6XXX  80th St S, COTTAGE GROVE",MEDICAL
COTTAGE GROVE POLICE DEPARTMENT,COTTAGE GROVE,6/8/2026 3:09:49 PM,CG26025034,"7XXX  East Point Douglas Rd S, COTTAGE GROVE",TRESPASSING
COTTAGE GROVE POLICE DEPARTMENT,COTTAGE GROVE,6/8/2026 3:21:53 PM,CG26025035,"7XXX  63rd St S, COTTAGE GROVE",ALARM-BUSINESS/RES/FIRE/MEDICAL/ETC
COTTAGE GROVE POLICE DEPARTMENT,COTTAGE GROVE,6/8/2026 3:41:27 PM,CG26025037,"Hwy 61 Sb Jno West Point Douglas Rd S, COTTAGE GROVE",MOTORIST ASSIST
COTTAGE GROVE POLICE DEPARTMENT,COTTAGE GROVE,6/8/2026 5:29:31 PM,CG26025044,"6XXX  EAST POINT DOUGLAS RD S, COTTAGE GROVE",MEDICAL
COTTAGE GROVE POLICE DEPARTMENT,COTTAGE GROVE,6/8/2026 7:14:28 PM,CG26025051,"6XXX  101st St S, COTTAGE GROVE",MEDICAL
COTTAGE GROVE POLICE DEPARTMENT,COTTAGE GROVE,6/8/2026 7:19:24 PM,CG26025053,"7XXX  East Point Douglas Rd S, COTTAGE GROVE",VEHICLE UNLOCK
COTTAGE GROVE POLICE DEPARTMENT,COTTAGE GROVE,6/8/2026 7:54:42 PM,CG26025054,"8XXX  Ironwood Ave S, COTTAGE GROVE",DEATH
COTTAGE GROVE POLICE DEPARTMENT,COTTAGE GROVE,6/8/2026 8:01:44 PM,CG26025055,"8XXX  Isleton Ct S, COTTAGE GROVE",DISTURBANCE
COTTAGE GROVE POLICE DEPARTMENT,COTTAGE GROVE,6/8/2026 8:22:31 PM,CG26025057,"7XXX  97th St S, COTTAGE GROVE",MEDICAL
COTTAGE GROVE POLICE DEPARTMENT,COTTAGE GROVE,6/8/2026 8:44:18 PM,CG26025058,"8XXX  Isleton Ct S, COTTAGE GROVE",DISTURBANCE
COTTAGE GROVE POLICE DEPARTMENT,COTTAGE GROVE,6/9/2026 1:22:32 AM,CG26025094,"8XXX  GREYSTONE AVE S, COTTAGE GROVE",FOUND PROPERTY/ITEM
COTTAGE GROVE POLICE DEPARTMENT,COTTAGE GROVE,6/9/2026 3:57:08 AM,CG26025101,"6XXX  80TH ST S, COTTAGE GROVE",MEDICAL
COTTAGE GROVE POLICE DEPARTMENT,COTTAGE GROVE,6/9/2026 4:47:20 AM,CG26025103,"7XXX  Jensen Ave S, COTTAGE GROVE",MEDICAL
COTTAGE GROVE POLICE DEPARTMENT,COTTAGE GROVE,6/9/2026 6:26:30 AM,CG26025105,"6XXX  East Point Douglas Rd S, COTTAGE GROVE",ASSAULT
COTTAGE GROVE POLICE DEPARTMENT,COTTAGE GROVE,6/9/2026 7:00:39 AM,CG26025107,"6XXX  East Point Douglas Rd S, COTTAGE GROVE",MEDICAL
COTTAGE GROVE POLICE DEPARTMENT,COTTAGE GROVE,6/9/2026 7:52:30 AM,CG26025109,"7XXX  Imperial Ave S, COTTAGE GROVE",FOUND PROPERTY/ITEM
COTTAGE GROVE POLICE DEPARTMENT,COTTAGE GROVE,6/9/2026 10:25:25 AM,CG26025116,"8XXX  Jasmine Ln S, COTTAGE GROVE",MISSING PERSON
COTTAGE GROVE POLICE DEPARTMENT,COTTAGE GROVE,6/9/2026 10:35:50 AM,CG26025118,"7XXX  Inskip Ct S, COTTAGE GROVE",FIRE
COTTAGE GROVE POLICE DEPARTMENT,COTTAGE GROVE,6/9/2026 10:53:41 AM,CG26025121,"7XXX  Homestead Ave S, COTTAGE GROVE",ALARM-BUSINESS/RES/FIRE/MEDICAL/ETC
COTTAGE GROVE POLICE DEPARTMENT,COTTAGE GROVE,6/9/2026 11:06:37 AM,CG26025126,"6XXX  91st St S, COTTAGE GROVE",MEDICAL
COTTAGE GROVE POLICE DEPARTMENT,COTTAGE GROVE,6/9/2026 12:00:42 PM,CG26025133,"7XXX  Hearthside Ave S, COTTAGE GROVE",WELFARE CHECK
COTTAGE GROVE POLICE DEPARTMENT,COTTAGE GROVE,6/9/2026 12:02:13 PM,CG26025132,"7XXX  EAST POINT DOUGLAS RD S, COTTAGE GROVE",ACCIDENT
COTTAGE GROVE POLICE DEPARTMENT,COTTAGE GROVE,6/9/2026 12:39:42 PM,CG26025137,"9XXX  East Point Douglas Rd S, COTTAGE GROVE",MEDICAL
COTTAGE GROVE POLICE DEPARTMENT,COTTAGE GROVE,6/9/2026 1:58:38 PM,CG26025145,"7XXX  HOMESTEAD AVE S, COTTAGE GROVE",WELFARE CHECK
COTTAGE GROVE POLICE DEPARTMENT,COTTAGE GROVE,6/9/2026 2:13:14 PM,CG26025147,"Unknown, COTTAGE GROVE",OFFICER INFORMATION
COTTAGE GROVE POLICE DEPARTMENT,COTTAGE GROVE,6/9/2026 2:42:03 PM,CG26025148,"Keats Ave S / 77th St S, COTTAGE GROVE",SUSPICIOUS PERSON/ACTIVITY
COTTAGE GROVE POLICE DEPARTMENT,COTTAGE GROVE,6/9/2026 3:46:25 PM,CG26025164,"7XXX  East Point Douglas Rd S, COTTAGE GROVE",ACCIDENT
COTTAGE GROVE POLICE DEPARTMENT,COTTAGE GROVE,6/9/2026 5:46:09 PM,CG26025191,"7XXX  HARDWOOD AVE S, COTTAGE GROVE",TRAFFIC STOP
COTTAGE GROVE POLICE DEPARTMENT,COTTAGE GROVE,6/9/2026 7:51:44 PM,CG26025207,"7XXX  Meadow Grass Ave S, COTTAGE GROVE",MEDICAL
COTTAGE GROVE POLICE DEPARTMENT,COTTAGE GROVE,6/9/2026 11:45:52 PM,CG26025270,"6XXX  Jensen Ave S, COTTAGE GROVE",MEDICAL
COTTAGE GROVE POLICE DEPARTMENT,COTTAGE GROVE,6/10/2026 2:35:16 AM,CG26025286,"8XXX  Hallmark Ave S, COTTAGE GROVE",MEDICAL
COTTAGE GROVE POLICE DEPARTMENT,COTTAGE GROVE,6/10/2026 2:38:04 AM,CG26025285,"Hwy 61 Nb At 80th St S, COTTAGE GROVE",DWI
COTTAGE GROVE POLICE DEPARTMENT,COTTAGE GROVE,6/10/2026 8:32:11 AM,CG26025294,"7XXX  JASMINE AVE S, COTTAGE GROVE",IDENTITY THEFT
COTTAGE GROVE POLICE DEPARTMENT,COTTAGE GROVE,6/10/2026 9:31:20 AM,CG26025297,"6XXX  80th St S, COTTAGE GROVE",MEDICAL
COTTAGE GROVE POLICE DEPARTMENT,COTTAGE GROVE,6/10/2026 9:32:21 AM,CG26025296,"6XXX  PINE ARBOR DR S, COTTAGE GROVE",TRESPASSING
COTTAGE GROVE POLICE DEPARTMENT,COTTAGE GROVE,6/10/2026 10:36:59 AM,CG26025307,"8XXX  Hamlet Ave S, COTTAGE GROVE",MEDICAL
COTTAGE GROVE POLICE DEPARTMENT,COTTAGE GROVE,6/10/2026 10:48:45 AM,CG26025312,"7XXX  Jonathan Ave S, COTTAGE GROVE",MEDICAL
COTTAGE GROVE POLICE DEPARTMENT,COTTAGE GROVE,6/10/2026 11:25:25 AM,CG26025320,"8XXX  Jorgensen Ave S, COTTAGE GROVE",ALARM-BUSINESS/RES/FIRE/MEDICAL/ETC
COTTAGE GROVE POLICE DEPARTMENT,COTTAGE GROVE,6/10/2026 11:51:24 AM,CG26025325,"9XXX  - 9498 JAMAICA AVE S, COTTAGE GROVE",TRAFFIC STOP
COTTAGE GROVE POLICE DEPARTMENT,COTTAGE GROVE,6/10/2026 12:04:18 PM,CG26025329,"8XXX  Janero Ct S, COTTAGE GROVE",MEDICAL
COTTAGE GROVE POLICE DEPARTMENT,COTTAGE GROVE,6/10/2026 12:18:10 PM,CG26025332,"7XXX  EAST POINT DOUGLAS RD S, COTTAGE GROVE",SHOPLIFTING
COTTAGE GROVE POLICE DEPARTMENT,COTTAGE GROVE,6/10/2026 1:20:21 PM,CG26025341,"7XXX  East Point Douglas Rd S, COTTAGE GROVE",VEHICLE UNLOCK
COTTAGE GROVE POLICE DEPARTMENT,COTTAGE GROVE,6/10/2026 1:58:40 PM,CG26025345,"6XXX  GENEVIEVE TRL S, COTTAGE GROVE",SUSPICIOUS PERSON/ACTIVITY
COTTAGE GROVE POLICE DEPARTMENT,COTTAGE GROVE,6/10/2026 3:04:10 PM,CG26025357,"Jamaica Ave S / West Point Douglas Rd S, COTTAGE GROVE",ACCIDENT
COTTAGE GROVE POLICE DEPARTMENT,COTTAGE GROVE,6/10/2026 3:19:17 PM,CG26025360,"9XXX  Hamlet Ln S, COTTAGE GROVE",DWI
COTTAGE GROVE POLICE DEPARTMENT,COTTAGE GROVE,6/10/2026 3:43:00 PM,CG26025366,"7XXX  Lamar Ave S, COTTAGE GROVE",UNWANTED PERSON/VEHICLE
COTTAGE GROVE POLICE DEPARTMENT,COTTAGE GROVE,6/10/2026 5:52:48 PM,CG26025383,"8XXX  Hadley Ave S, COTTAGE GROVE",MEDICAL
COTTAGE GROVE POLICE DEPARTMENT,COTTAGE GROVE,6/10/2026 6:53:28 PM,CG26025397,"7XXX  East Point Douglas Rd S, COTTAGE GROVE",TRESPASS NOTICE
COTTAGE GROVE POLICE DEPARTMENT,COTTAGE GROVE,6/10/2026 7:14:07 PM,CG26025398,"7XXX  66th St S, COTTAGE GROVE",911 ABANDONED/HANGUP/OPEN LINE
COTTAGE GROVE POLICE DEPARTMENT,COTTAGE GROVE,6/10/2026 7:35:48 PM,CG26025399,"8XXX  80th St S, COTTAGE GROVE",LOST PROPERTY/ITEM
COTTAGE GROVE POLICE DEPARTMENT,COTTAGE GROVE,6/10/2026 7:45:17 PM,CG26025401,"7XXX  Lamar Ave S, COTTAGE GROVE",CITIZEN/PUBLIC ASSIST
COTTAGE GROVE POLICE DEPARTMENT,COTTAGE GROVE,6/10/2026 7:49:43 PM,CG26025402,"Unknown, COTTAGE GROVE",DANCO VIOLATION
COTTAGE GROVE POLICE DEPARTMENT,COTTAGE GROVE,6/11/2026 10:54:45 AM,CG26025493,"7XXX  Irish Avenue Ct S, COTTAGE GROVE",ANIMAL COMPLAINT
COTTAGE GROVE POLICE DEPARTMENT,COTTAGE GROVE,6/11/2026 12:11:03 PM,CG26025510,"12XXX  Ravine Pkwy S, COTTAGE GROVE",THREATS
COTTAGE GROVE POLICE DEPARTMENT,COTTAGE GROVE,6/11/2026 1:07:09 PM,CG26025520,"8XXX  Innsdale Ave S, COTTAGE GROVE",MEDICAL
COTTAGE GROVE POLICE DEPARTMENT,COTTAGE GROVE,6/11/2026 1:20:18 PM,CG26025521,"8XXX  77th St S, COTTAGE GROVE",SUICIDE ATTEMPT/THREATS OF
COTTAGE GROVE POLICE DEPARTMENT,COTTAGE GROVE,6/11/2026 3:17:19 PM,CG26025529,"6XXX  KEATS AVE S, COTTAGE GROVE",SUSPICIOUS PERSON/ACTIVITY
COTTAGE GROVE POLICE DEPARTMENT,COTTAGE GROVE,6/11/2026 5:12:28 PM,CG26025539,"7XXX  East Point Douglas Rd S, COTTAGE GROVE",SHOPLIFTING
COTTAGE GROVE POLICE DEPARTMENT,COTTAGE GROVE,6/11/2026 6:25:00 PM,CG26025552,"8XXX  66th St S, COTTAGE GROVE",PROPERTY DAMAGE
COTTAGE GROVE POLICE DEPARTMENT,COTTAGE GROVE,6/11/2026 6:33:10 PM,CG26025554,"7XXX  Hinton Ave S, COTTAGE GROVE",BURGLARY
COTTAGE GROVE POLICE DEPARTMENT,COTTAGE GROVE,6/12/2026 12:19:09 AM,CG26025572,"9XXX  Jamaica Ave S, COTTAGE GROVE",MEDICAL
COTTAGE GROVE POLICE DEPARTMENT,COTTAGE GROVE,6/12/2026 5:02:06 AM,CG26025591,"9XXX  Jergen Ave S, COTTAGE GROVE",MEDICAL
COTTAGE GROVE POLICE DEPARTMENT,COTTAGE GROVE,6/12/2026 7:33:34 AM,CG26025601,"6XXX  90th St S, COTTAGE GROVE",MEDICAL
COTTAGE GROVE POLICE DEPARTMENT,COTTAGE GROVE,6/12/2026 8:17:08 AM,CG26025604,"8XXX  East Point Douglas Rd S, COTTAGE GROVE",MEDICAL
COTTAGE GROVE POLICE DEPARTMENT,COTTAGE GROVE,6/12/2026 9:10:34 AM,CG26025605,"8XXX  Jasmine Ln S, COTTAGE GROVE",MEDICAL
COTTAGE GROVE POLICE DEPARTMENT,COTTAGE GROVE,6/12/2026 9:36:59 AM,CG26025606,"9XXX  Ravine Pkwy S, COTTAGE GROVE",MEDICAL
COTTAGE GROVE POLICE DEPARTMENT,COTTAGE GROVE,6/12/2026 10:17:10 AM,CG26025610,"8XXX  Jewel Ave S, COTTAGE GROVE",MEDICAL
COTTAGE GROVE POLICE DEPARTMENT,COTTAGE GROVE,6/12/2026 10:28:46 AM,CG26025611,"9XXX  ISLAY AVE S, COTTAGE GROVE",WARRANT ARREST
COTTAGE GROVE POLICE DEPARTMENT,COTTAGE GROVE,6/12/2026 1:17:45 PM,CG26025625,"6XXX  96th St S, COTTAGE GROVE",MEDICAL
COTTAGE GROVE POLICE DEPARTMENT,COTTAGE GROVE,6/12/2026 2:30:02 PM,CG26025633,"7XXX  Hardwood Ave S, COTTAGE GROVE",MEDICAL
COTTAGE GROVE POLICE DEPARTMENT,COTTAGE GROVE,6/12/2026 5:40:02 PM,CG26025661,"7XXX  80th St S, COTTAGE GROVE",COUNTERFEIT/FORGERY
COTTAGE GROVE POLICE DEPARTMENT,COTTAGE GROVE,6/12/2026 7:23:00 PM,CG26025675,"8XXX  Janero Ave S, COTTAGE GROVE",TRAFFIC STOP
COTTAGE GROVE POLICE DEPARTMENT,COTTAGE GROVE,6/12/2026 11:22:14 PM,CG26025699,"7XXX  East Point Douglas Rd S, COTTAGE GROVE",CIVIL MATTER/DISPUTE
COTTAGE GROVE POLICE DEPARTMENT,COTTAGE GROVE,6/13/2026 1:01:41 AM,CG26025721,"HWY 61 NB AT EAST POINT DOUGLAS RD S (NORTH), COTTAGE GROVE",TRAFFIC STOP
COTTAGE GROVE POLICE DEPARTMENT,COTTAGE GROVE,6/13/2026 3:15:48 AM,CG26025728,"7XXX  - 7499 EAST POINT DOUGLAS RD S, COTTAGE GROVE",DWI
COTTAGE GROVE POLICE DEPARTMENT,COTTAGE GROVE,6/13/2026 7:51:52 AM,CG26025732,"9XXX  East Point Douglas Rd S, COTTAGE GROVE",SHOPLIFTING
COTTAGE GROVE POLICE DEPARTMENT,COTTAGE GROVE,6/13/2026 8:39:10 AM,CG26025734,"9XXX  62nd St S, COTTAGE GROVE",DEATH
COTTAGE GROVE POLICE DEPARTMENT,COTTAGE GROVE,6/13/2026 12:04:00 PM,CG26025754,"6XXX  104th St S, COTTAGE GROVE",MEDICAL
COTTAGE GROVE POLICE DEPARTMENT,COTTAGE GROVE,6/13/2026 3:35:00 PM,CG26025777,"6XXX  Pine Arbor Dr S, COTTAGE GROVE",FIGHT
COTTAGE GROVE POLICE DEPARTMENT,COTTAGE GROVE,6/13/2026 5:53:24 PM,CG26025789,"11XXX  Lehigh Ave S, COTTAGE GROVE",MEDICAL
COTTAGE GROVE POLICE DEPARTMENT,COTTAGE GROVE,6/13/2026 7:49:15 PM,CG26025802,"9XXX  Jamaica Ave S, COTTAGE GROVE",COUNTERFEIT/FORGERY
COTTAGE GROVE POLICE DEPARTMENT,COTTAGE GROVE,6/13/2026 7:52:46 PM,CG26025803,"9XXX  East Point Douglas Rd S, COTTAGE GROVE",VEHICLE UNLOCK
COTTAGE GROVE POLICE DEPARTMENT,COTTAGE GROVE,6/13/2026 8:57:19 PM,CG26025809,"8XXX  Hillside Trl S, COTTAGE GROVE",MEDICAL
COTTAGE GROVE POLICE DEPARTMENT,COTTAGE GROVE,6/13/2026 9:23:43 PM,CG26025813,"8XXX  113th St S, COTTAGE GROVE",WELFARE CHECK
COTTAGE GROVE POLICE DEPARTMENT,COTTAGE GROVE,6/13/2026 10:25:28 PM,CG26025818,"9XXX  Hillside Trl S, COTTAGE GROVE",VEHICLE UNLOCK
COTTAGE GROVE POLICE DEPARTMENT,COTTAGE GROVE,6/13/2026 11:03:09 PM,CG26025826,"9XXX  East Point Douglas Rd S, COTTAGE GROVE",SHOPLIFTING
COTTAGE GROVE POLICE DEPARTMENT,COTTAGE GROVE,6/13/2026 11:07:54 PM,CG26025827,"9XXX  63rd St S, COTTAGE GROVE",MEDICAL
COTTAGE GROVE POLICE DEPARTMENT,DENMARK TOWNSHIP,6/7/2026 3:01:42 AM,CG26024883,"12XXX  POINT DOUGLAS DR S, DENMARK TOWNSHIP",WELFARE CHECK
COTTAGE GROVE POLICE DEPARTMENT,OAKDALE,6/9/2026 6:53:48 PM,CG26025204,"5XXX  Hadley Ave N, OAKDALE",K9 ASSIST
FOREST LAKE POLICE DEPARTMENT,FOREST LAKE,6/7/2026 1:49:50 AM,FL26007332,"XXX 11TH AVE SW, FOREST LAKE",WELFARE CHECK
FOREST LAKE POLICE DEPARTMENT,FOREST LAKE,6/7/2026 3:59:00 AM,FL26007337,"SCANDIA TRL N, FOREST LAKE",TRAFFIC STOP
FOREST LAKE POLICE DEPARTMENT,FOREST LAKE,6/7/2026 11:40:55 AM,FL26007345,"22XXX  IMPERIAL AVE N, FOREST LAKE",FIRE
FOREST LAKE POLICE DEPARTMENT,FOREST LAKE,6/7/2026 6:19:25 PM,FL26007367,"XXX 1ST AVE SW, FOREST LAKE",FOUND DOG
FOREST LAKE POLICE DEPARTMENT,FOREST LAKE,6/7/2026 7:22:36 PM,FL26007372,"1XXX  11TH AVE SW, FOREST LAKE",CIVIL MATTER/DISPUTE
FOREST LAKE POLICE DEPARTMENT,FOREST LAKE,6/7/2026 7:32:00 PM,FL26007373,"XX - 299 12TH ST SW, FOREST LAKE",TRAFFIC STOP
FOREST LAKE POLICE DEPARTMENT,FOREST LAKE,6/7/2026 8:18:00 PM,FL26007376,"1XXX  - 1998 LAKE ST S, FOREST LAKE",TRAFFIC STOP
FOREST LAKE POLICE DEPARTMENT,FOREST LAKE,6/7/2026 8:23:46 PM,FL26007377,"XXX 12TH ST SW, FOREST LAKE",HARASSMENT
FOREST LAKE POLICE DEPARTMENT,FOREST LAKE,6/7/2026 11:45:29 PM,FL26007385,"3RD AVE SW & 15TH ST SW, FOREST LAKE",ACCIDENT
FOREST LAKE POLICE DEPARTMENT,FOREST LAKE,6/8/2026 10:38:07 AM,FL26007400,"4XXX  WYNGATE BLVD, FOREST LAKE",CIVIL MATTER/DISPUTE
FOREST LAKE POLICE DEPARTMENT,FOREST LAKE,6/8/2026 11:14:23 AM,FL26007401,"XXX 15th Ave Se, FOREST LAKE",FRAUD/SCAM
FOREST LAKE POLICE DEPARTMENT,FOREST LAKE,6/8/2026 1:51:35 PM,FL26007408,"6XXX  SCANDIA TRL N, FOREST LAKE",FOUND PROPERTY/ITEM
FOREST LAKE POLICE DEPARTMENT,FOREST LAKE,6/8/2026 2:09:00 PM,FL26007410,"SOUTH SHORE DR & 15TH AVE SE, FOREST LAKE",TRAFFIC STOP
FOREST LAKE POLICE DEPARTMENT,FOREST LAKE,6/8/2026 2:26:48 PM,FL26007412,"21XXX  HARROW AVE N, FOREST LAKE",THEFT
FOREST LAKE POLICE DEPARTMENT,FOREST LAKE,6/8/2026 2:52:27 PM,FL26007416,"Unknown, FOREST LAKE",HARASSMENT
FOREST LAKE POLICE DEPARTMENT,FOREST LAKE,6/8/2026 2:59:03 PM,FL26007419,"XXX 12TH AVE SE, FOREST LAKE",SUSPICIOUS PERSON/ACTIVITY
FOREST LAKE POLICE DEPARTMENT,FOREST LAKE,6/8/2026 3:31:50 PM,FL26007421,"XXX 12TH ST SW, FOREST LAKE",ACCIDENT
FOREST LAKE POLICE DEPARTMENT,FOREST LAKE,6/8/2026 3:33:15 PM,FL26007422,"1XXX  LAKE ST S, FOREST LAKE",PARKING VIOLATION
FOREST LAKE POLICE DEPARTMENT,FOREST LAKE,6/8/2026 4:15:00 PM,FL26007425,"11TH AVE SW & 15TH ST SW, FOREST LAKE",TRAFFIC STOP
FOREST LAKE POLICE DEPARTMENT,FOREST LAKE,6/8/2026 4:50:49 PM,FL26007427,"1XXX  LAKE ST S, FOREST LAKE",FOUND PROPERTY/ITEM
FOREST LAKE POLICE DEPARTMENT,FOREST LAKE,6/9/2026 12:00:00 AM,FL26007477,"7XXX  NORTH SHORE CIR N, FOREST LAKE",CITIZEN/PUBLIC ASSIST
FOREST LAKE POLICE DEPARTMENT,FOREST LAKE,6/9/2026 8:22:36 AM,FL26007450,"XXX 2ND AVE SW, FOREST LAKE",PROPERTY DAMAGE
FOREST LAKE POLICE DEPARTMENT,FOREST LAKE,6/9/2026 11:25:12 AM,FL26007457,"8XXX  235th St N, FOREST LAKE",FAMILY ASSIST
FOREST LAKE POLICE DEPARTMENT,FOREST LAKE,6/9/2026 12:47:38 PM,FL26007460,"6XXX  SCANDIA TRL N, FOREST LAKE",ACCIDENT
FOREST LAKE POLICE DEPARTMENT,FOREST LAKE,6/9/2026 9:23:11 PM,FL26007485,"22XXX  Everton Ave N, FOREST LAKE",MOTOR VEHICLE THEFT
FOREST LAKE POLICE DEPARTMENT,FOREST LAKE,6/9/2026 11:02:01 PM,FL26007489,"XXX 11TH AVE SE, FOREST LAKE",LOST PROPERTY/ITEM
FOREST LAKE POLICE DEPARTMENT,FOREST LAKE,6/10/2026 6:12:17 AM,FL26007501,"XXX 4th St Nw, FOREST LAKE",MISSING PERSON
FOREST LAKE POLICE DEPARTMENT,FOREST LAKE,6/10/2026 10:59:23 AM,FL26007511,"1XXX  4TH ST SW, FOREST LAKE",HARASSMENT
FOREST LAKE POLICE DEPARTMENT,FOREST LAKE,6/10/2026 4:59:00 PM,FL26007530,"BROADWAY AVE W & I35, FOREST LAKE",TRAFFIC STOP
FOREST LAKE POLICE DEPARTMENT,FOREST LAKE,6/10/2026 5:17:25 PM,FL26007531,"XXX 15th St Sw, FOREST LAKE",CIVIL MATTER/DISPUTE
FOREST LAKE POLICE DEPARTMENT,FOREST LAKE,6/10/2026 5:22:11 PM,FL26007532,"GOODVIEW AVE N & SCANDIA TRL N, FOREST LAKE",TRAFFIC STOP
FOREST LAKE POLICE DEPARTMENT,FOREST LAKE,6/10/2026 9:22:00 PM,FL26007544,"XXX 4TH ST SW, FOREST LAKE",TRAFFIC STOP
FOREST LAKE POLICE DEPARTMENT,FOREST LAKE,6/10/2026 10:43:32 PM,FL26007551,"19XXX  Imperial Ave N, FOREST LAKE",UNWANTED PERSON/VEHICLE
FOREST LAKE POLICE DEPARTMENT,FOREST LAKE,6/10/2026 11:01:00 PM,FL26007552,"BROADWAY AVE W & 12TH ST SW, FOREST LAKE",TRAFFIC STOP
FOREST LAKE POLICE DEPARTMENT,FOREST LAKE,6/10/2026 11:05:34 PM,FL26007553,"1XXX  BROADWAY AVE W, FOREST LAKE",JUVENILE COMPLAINT
FOREST LAKE POLICE DEPARTMENT,FOREST LAKE,6/11/2026 12:39:00 AM,FL26007555,"LAKE ST S & BROADWAY AVE W, FOREST LAKE",DWI
FOREST LAKE POLICE DEPARTMENT,FOREST LAKE,6/11/2026 8:37:30 AM,FL26007561,"XX 5TH AVE NE, FOREST LAKE",FOUND PROPERTY/ITEM
FOREST LAKE POLICE DEPARTMENT,FOREST LAKE,6/11/2026 10:57:34 AM,FL26007566,"EUREKA AVE N & 217TH ST N, FOREST LAKE",ACCIDENT
FOREST LAKE POLICE DEPARTMENT,FOREST LAKE,6/11/2026 11:58:50 AM,FL26007569,"10XXX -BLK 12TH ST SW, FOREST LAKE",ACCIDENT
FOREST LAKE POLICE DEPARTMENT,FOREST LAKE,6/11/2026 3:04:46 PM,FL26007575,"19XXX  FOREST RD N, FOREST LAKE",WARRANT ARREST
FOREST LAKE POLICE DEPARTMENT,FOREST LAKE,6/11/2026 6:30:00 PM,FL26007585,"12TH ST SW & BROADWAY AVE W, FOREST LAKE",TRAFFIC STOP
FOREST LAKE POLICE DEPARTMENT,FOREST LAKE,6/11/2026 11:28:19 PM,FL26007602,"XXX Broadway Ave W, FOREST LAKE",TRESPASS NOTICE
FOREST LAKE POLICE DEPARTMENT,FOREST LAKE,6/12/2026 2:32:16 PM,FL26007632,"1XXX  LAKE ST S, FOREST LAKE",FRAUD/SCAM
FOREST LAKE POLICE DEPARTMENT,FOREST LAKE,6/12/2026 3:39:43 PM,FL26007634,"XXX 12TH ST SW, FOREST LAKE",THEFT FROM MOTOR VEHICLE
FOREST LAKE POLICE DEPARTMENT,FOREST LAKE,6/12/2026 6:49:06 PM,FL26007642,"XXX 12TH ST SW, FOREST LAKE",DISTURBANCE
FOREST LAKE POLICE DEPARTMENT,FOREST LAKE,6/13/2026 9:16:00 AM,FL26007654,"SCANDIA TRL N & FOREST BLVD N, FOREST LAKE",TRAFFIC STOP
FOREST LAKE POLICE DEPARTMENT,FOREST LAKE,6/13/2026 10:54:28 AM,FL26007658,"1XXX  10TH ST SE, FOREST LAKE",HARASSMENT
FOREST LAKE POLICE DEPARTMENT,FOREST LAKE,6/13/2026 11:58:23 AM,FL26007661,"202ND ST N & FOREST BLVD N, FOREST LAKE",SUSPICIOUS PERSON/ACTIVITY
FOREST LAKE POLICE DEPARTMENT,FOREST LAKE,6/13/2026 12:10:35 PM,FL26007662,"1XXX  BLK NORTH SHORE DR, FOREST LAKE",LOST PROPERTY/ITEM
FOREST LAKE POLICE DEPARTMENT,FOREST LAKE,6/13/2026 5:19:00 PM,FL26007684,"XXX 4TH ST SW, FOREST LAKE",DISTURBANCE
FOREST LAKE POLICE DEPARTMENT,FOREST LAKE,6/13/2026 9:21:44 PM,FL26007695,"9XXX  SCANDIA TRL N, FOREST LAKE",LOCKOUT
OAKDALE POLICE DEPARTMENT,LAKE ELMO,6/12/2026 1:12:56 PM,OD26007122,"9XXX  Hudson Blvd N, LAKE ELMO",ASSIST OTHER AGENCY
OAKDALE POLICE DEPARTMENT,LANDFALL,6/11/2026 9:51:15 PM,OD26007102,"2XXX  HUDSON BLVD N, LANDFALL",SUSPICIOUS PERSON/ACTIVITY
OAKDALE POLICE DEPARTMENT,MAHTOMEDI,6/13/2026 11:38:09 PM,OD26007216,"1XXX  Iverness Pl, MAHTOMEDI",ASSIST OTHER AGENCY
OAKDALE POLICE DEPARTMENT,OAKDALE,6/7/2026 12:03:46 AM,OD26006867,"44TH ST N / GENEVA AVE N, OAKDALE",TRAFFIC STOP
OAKDALE POLICE DEPARTMENT,OAKDALE,6/7/2026 12:08:00 AM,OD26006868,"I694 SB TO 10TH ST N RAMP, OAKDALE",TRAFFIC STOP
OAKDALE POLICE DEPARTMENT,OAKDALE,6/7/2026 12:16:45 AM,OD26006869,"7XXX  11th St N, OAKDALE",SUSPICIOUS PERSON/ACTIVITY
OAKDALE POLICE DEPARTMENT,OAKDALE,6/7/2026 12:49:09 AM,OD26006870,"7XXX  15th Street Ln N, OAKDALE",SUSPICIOUS PERSON/ACTIVITY
OAKDALE POLICE DEPARTMENT,OAKDALE,6/7/2026 1:56:17 AM,OD26006871,"8XXX  3RD ST N, OAKDALE",ALARM-BUSINESS/RES/FIRE/MEDICAL/ETC
OAKDALE POLICE DEPARTMENT,OAKDALE,6/7/2026 5:27:06 AM,OD26006874,"7XXX  17th St N, OAKDALE",CITIZEN/PUBLIC ASSIST
OAKDALE POLICE DEPARTMENT,OAKDALE,6/7/2026 7:43:09 AM,OD26006875,"7XXX  Upper 17th St N, OAKDALE",PARKING COMPLAINT
OAKDALE POLICE DEPARTMENT,OAKDALE,6/7/2026 7:53:23 AM,OD26006876,"4XXX  Geneva Ave N, OAKDALE",CITIZEN/PUBLIC ASSIST
OAKDALE POLICE DEPARTMENT,OAKDALE,6/7/2026 8:25:45 AM,OD26006877,"2XXX  Geneva Ave N, OAKDALE",CIVIL MATTER/DISPUTE
OAKDALE POLICE DEPARTMENT,OAKDALE,6/7/2026 9:40:34 AM,OD26006879,"1XXX  GREYSTONE AVE N, OAKDALE",NOISE COMPLAINT/DISTURBANCE
OAKDALE POLICE DEPARTMENT,OAKDALE,6/7/2026 10:13:59 AM,OD26006881,"UPPER 19TH ST N / HELMO AVE N, OAKDALE",TRAFFIC STOP
OAKDALE POLICE DEPARTMENT,OAKDALE,6/7/2026 10:49:50 AM,OD26006882,"1XXX  GRANADA AVE N, OAKDALE",SUSPICIOUS PERSON/ACTIVITY
OAKDALE POLICE DEPARTMENT,OAKDALE,6/7/2026 10:52:33 AM,OD26006883,"Gershwin Ave N / Gershwin Ln N, OAKDALE",911 ABANDONED/HANGUP/OPEN LINE
OAKDALE POLICE DEPARTMENT,OAKDALE,6/7/2026 11:11:19 AM,OD26006884,"2XXX  Geneva Ave N, OAKDALE",THEFT
OAKDALE POLICE DEPARTMENT,OAKDALE,6/7/2026 1:25:30 PM,OD26006887,"1XXX  Granada Way N, OAKDALE",ANIMAL COMPLAINT
OAKDALE POLICE DEPARTMENT,OAKDALE,6/7/2026 1:43:51 PM,OD26006888,"3XXX  GOODWIN AVE N, OAKDALE",MEDICAL
OAKDALE POLICE DEPARTMENT,OAKDALE,6/7/2026 1:54:29 PM,OD26006889,"1XXX  GLENBROOK AVE N, OAKDALE",WELFARE CHECK
OAKDALE POLICE DEPARTMENT,OAKDALE,6/7/2026 2:15:01 PM,OD26006890,"2XXX  Hillvale Ct N, OAKDALE",CITIZEN/PUBLIC ASSIST
OAKDALE POLICE DEPARTMENT,OAKDALE,6/7/2026 3:02:14 PM,OD26006893,"6XXX  15TH ST N, OAKDALE",CIVIL MATTER/DISPUTE
OAKDALE POLICE DEPARTMENT,OAKDALE,6/7/2026 3:47:24 PM,OD26006897,"4XXX  Geneva Ave N, OAKDALE",SUSPICIOUS PERSON/ACTIVITY
OAKDALE POLICE DEPARTMENT,OAKDALE,6/7/2026 4:37:17 PM,OD26006898,"1XXX  HADLEY AVE N, OAKDALE",WELFARE CHECK
OAKDALE POLICE DEPARTMENT,OAKDALE,6/7/2026 4:56:58 PM,OD26006899,"XXX INWOOD AVE N, OAKDALE",ACCIDENT
OAKDALE POLICE DEPARTMENT,OAKDALE,6/7/2026 5:41:36 PM,OD26006900,"XXX GUTHRIE AVE N, OAKDALE",911 ABANDONED/HANGUP/OPEN LINE
OAKDALE POLICE DEPARTMENT,OAKDALE,6/7/2026 6:39:26 PM,OD26006901,"4XXX  Hadley Ave N, OAKDALE",NOISE COMPLAINT/DISTURBANCE
OAKDALE POLICE DEPARTMENT,OAKDALE,6/7/2026 8:20:38 PM,OD26006903,"6XXX  UPPER 56TH ST N, OAKDALE",OFP VIOLATION
OAKDALE POLICE DEPARTMENT,OAKDALE,6/7/2026 9:28:57 PM,OD26006905,"1XXX  Geneva Ave N, OAKDALE",SUSPICIOUS PERSON/ACTIVITY
OAKDALE POLICE DEPARTMENT,OAKDALE,6/7/2026 9:54:05 PM,OD26006907,"GENTRY AVE N / 5TH ST N, OAKDALE",SUSPICIOUS PERSON/ACTIVITY
OAKDALE POLICE DEPARTMENT,OAKDALE,6/7/2026 9:54:10 PM,OD26006908,"1XXX  Granada Ave N, OAKDALE",NOISE COMPLAINT/DISTURBANCE
OAKDALE POLICE DEPARTMENT,OAKDALE,6/7/2026 10:01:00 PM,OD26007027,"7XXX  32nd st n, OAKDALE",PARKING COMPLAINT
OAKDALE POLICE DEPARTMENT,OAKDALE,6/7/2026 10:01:44 PM,OD26006909,"7XXX  32nd St N, OAKDALE",PARKING COMPLAINT
OAKDALE POLICE DEPARTMENT,OAKDALE,6/7/2026 10:06:32 PM,OD26006910,"1XXX  Hadley Ave N, OAKDALE",MEDICAL
OAKDALE POLICE DEPARTMENT,OAKDALE,6/7/2026 10:54:33 PM,OD26006911,"4XXX  HADLEY AVE N, OAKDALE",TRAFFIC STOP
OAKDALE POLICE DEPARTMENT,OAKDALE,6/7/2026 10:59:32 PM,OD26006912,"1XXX  Gershwin Ave N, OAKDALE",NOISE COMPLAINT/DISTURBANCE
OAKDALE POLICE DEPARTMENT,OAKDALE,6/7/2026 11:09:11 PM,OD26006913,"1XXX  GENEVA AVE N, OAKDALE",TRAFFIC STOP
OAKDALE POLICE DEPARTMENT,OAKDALE,6/7/2026 11:53:07 PM,OD26006915,"6XXX  14TH ST N, OAKDALE",TRAFFIC STOP
OAKDALE POLICE DEPARTMENT,OAKDALE,6/8/2026 12:55:44 AM,OD26006917,"GENEVA AVE N / 15TH ST N, OAKDALE",DWI
OAKDALE POLICE DEPARTMENT,OAKDALE,6/8/2026 2:45:24 AM,OD26006919,"1XXX  Helmo Ave N, OAKDALE",NOISE COMPLAINT/DISTURBANCE
OAKDALE POLICE DEPARTMENT,OAKDALE,6/8/2026 7:16:07 AM,OD26006922,"8XXX  4th St N, OAKDALE",MEDICAL
OAKDALE POLICE DEPARTMENT,OAKDALE,6/8/2026 7:54:06 AM,OD26006924,"HADLEY AVE N / GENEVA AVE N, OAKDALE",TRAFFIC STOP
OAKDALE POLICE DEPARTMENT,OAKDALE,6/8/2026 9:28:59 AM,OD26006929,"6XXX  15TH ST N, OAKDALE",FOUND PROPERTY/ITEM
OAKDALE POLICE DEPARTMENT,OAKDALE,6/8/2026 10:04:53 AM,OD26006930,"17th St N / Hadley Ave N, OAKDALE",PARKING VIOLATION
OAKDALE POLICE DEPARTMENT,OAKDALE,6/8/2026 10:19:29 AM,OD26006931,"2XXX  Granada Ln N, OAKDALE",CITIZEN/PUBLIC ASSIST
OAKDALE POLICE DEPARTMENT,OAKDALE,6/8/2026 11:52:10 AM,OD26006934,"XXX Geneva Ave N, OAKDALE",WELFARE CHECK
OAKDALE POLICE DEPARTMENT,OAKDALE,6/8/2026 12:24:13 PM,OD26006936,"6XXX  Upper 22nd St N, OAKDALE",DISTURBANCE
OAKDALE POLICE DEPARTMENT,OAKDALE,6/8/2026 1:00:44 PM,OD26006937,"1XXX  Glenbrook Ave N, OAKDALE",WELFARE CHECK
OAKDALE POLICE DEPARTMENT,OAKDALE,6/8/2026 1:28:41 PM,OD26006939,"3XXX  Garden Ct N, OAKDALE",CIVIL MATTER/DISPUTE
OAKDALE POLICE DEPARTMENT,OAKDALE,6/8/2026 1:52:03 PM,OD26006940,"XX IDEAL AVE N, OAKDALE",FOUND PROPERTY/ITEM
OAKDALE POLICE DEPARTMENT,OAKDALE,6/8/2026 2:00:04 PM,OD26006941,"4XXX  Geneva Ave N, OAKDALE",PROPERTY DAMAGE
OAKDALE POLICE DEPARTMENT,OAKDALE,6/8/2026 2:04:26 PM,OD26006942,"2XXX  HILLVALE CT N, OAKDALE",HRO VIOLATION
OAKDALE POLICE DEPARTMENT,OAKDALE,6/8/2026 2:19:03 PM,OD26006943,"4XXX  Geneva Ave N, OAKDALE",PROPERTY DAMAGE
OAKDALE POLICE DEPARTMENT,OAKDALE,6/8/2026 2:26:41 PM,OD26006944,"4XXX  GENEVA AVE N, OAKDALE",WANTED PERSON-KOPS ALERT/ATL
OAKDALE POLICE DEPARTMENT,OAKDALE,6/8/2026 2:49:46 PM,OD26006945,"7XXX  40th St N, OAKDALE",CIVIL MATTER/DISPUTE
OAKDALE POLICE DEPARTMENT,OAKDALE,6/8/2026 3:37:31 PM,OD26006946,"6XXX  13TH ST N, OAKDALE",DISTURBANCE
OAKDALE POLICE DEPARTMENT,OAKDALE,6/8/2026 3:42:15 PM,OD26006947,"2XXX  HENSLOW AVE N, OAKDALE",911 ABANDONED/HANGUP/OPEN LINE
OAKDALE POLICE DEPARTMENT,OAKDALE,6/8/2026 3:50:34 PM,OD26006949,"1XXX  Granada Ave N, OAKDALE",911 ABANDONED/HANGUP/OPEN LINE
OAKDALE POLICE DEPARTMENT,OAKDALE,6/8/2026 5:06:38 PM,OD26006950,"4XXX  Hayward Rd N, OAKDALE",PROPERTY DAMAGE
OAKDALE POLICE DEPARTMENT,OAKDALE,6/8/2026 6:28:01 PM,OD26006951,"7XXX  18th St N, OAKDALE",NOISE COMPLAINT/DISTURBANCE
OAKDALE POLICE DEPARTMENT,OAKDALE,6/8/2026 6:28:10 PM,OD26006952,"XXX Geneva Ave N, OAKDALE",SHOPLIFTING
OAKDALE POLICE DEPARTMENT,OAKDALE,6/8/2026 7:02:18 PM,OD26006954,"7XXX  18TH ST N, OAKDALE",NOISE COMPLAINT/DISTURBANCE
OAKDALE POLICE DEPARTMENT,OAKDALE,6/8/2026 7:05:13 PM,OD26006955,"7XXX  16th St N, OAKDALE",MEDICAL
OAKDALE POLICE DEPARTMENT,OAKDALE,6/8/2026 7:58:59 PM,OD26006956,"2XXX  Henslow Ave N, OAKDALE",MEDICAL
OAKDALE POLICE DEPARTMENT,OAKDALE,6/8/2026 8:02:27 PM,OD26006957,"2XXX  GRAFTON AVE N, OAKDALE",MEDICAL
OAKDALE POLICE DEPARTMENT,OAKDALE,6/8/2026 8:03:43 PM,OD26006958,"34TH ST N & 34TH ST N TO I694 NB RAMP, OAKDALE",ASSIST OTHER AGENCY
OAKDALE POLICE DEPARTMENT,OAKDALE,6/8/2026 8:58:05 PM,OD26006960,"1XXX  GENTRY AVE N, OAKDALE",CIVIL MATTER/DISPUTE
OAKDALE POLICE DEPARTMENT,OAKDALE,6/8/2026 9:02:21 PM,OD26006962,"Unknown, OAKDALE",FOLLOW UP
OAKDALE POLICE DEPARTMENT,OAKDALE,6/8/2026 9:03:36 PM,OD26006961,"XXX Geneva Ave N, OAKDALE",SHOPLIFTING
OAKDALE POLICE DEPARTMENT,OAKDALE,6/8/2026 9:43:01 PM,OD26006964,"1XXX  HADLEY AVE N, OAKDALE",PROPERTY DAMAGE
OAKDALE POLICE DEPARTMENT,OAKDALE,6/8/2026 10:54:07 PM,OD26006966,"32ND ST N / GRANADA AVE N, OAKDALE",TRAFFIC STOP
OAKDALE POLICE DEPARTMENT,OAKDALE,6/8/2026 10:54:38 PM,OD26006967,"6XXX  40TH ST N, OAKDALE",TRAFFIC STOP
OAKDALE POLICE DEPARTMENT,OAKDALE,6/8/2026 11:00:48 PM,OD26006968,"2XXX  - 2598 GRANADA AVE N, OAKDALE",TRAFFIC STOP
OAKDALE POLICE DEPARTMENT,OAKDALE,6/8/2026 11:12:40 PM,OD26006969,"4XXX  GERSHWIN AVE N, OAKDALE",WARRANT ATTEMPT
OAKDALE POLICE DEPARTMENT,OAKDALE,6/9/2026 12:08:24 AM,OD26006970,"Unknown, OAKDALE",WANTED PERSON-KOPS ALERT/ATL
OAKDALE POLICE DEPARTMENT,OAKDALE,6/9/2026 12:17:20 AM,OD26006971,"10th St N / Helena Ave N, OAKDALE",TRAFFIC STOP
OAKDALE POLICE DEPARTMENT,OAKDALE,6/9/2026 8:05:50 AM,OD26006974,"50th St N / Hadley Ave N, OAKDALE",DISTURBANCE
OAKDALE POLICE DEPARTMENT,OAKDALE,6/9/2026 8:10:27 AM,OD26006975,"4XXX  Granada Ave N, OAKDALE",FOUND PROPERTY/ITEM
OAKDALE POLICE DEPARTMENT,OAKDALE,6/9/2026 8:11:59 AM,OD26006977,"7XXX  5th St N, OAKDALE",ANIMAL COMPLAINT
OAKDALE POLICE DEPARTMENT,OAKDALE,6/9/2026 8:15:15 AM,OD26006976,"XXX GERSHWIN AVE N, OAKDALE",MEDICAL
OAKDALE POLICE DEPARTMENT,OAKDALE,6/9/2026 10:07:34 AM,OD26006979,"1XXX  GRANADA AVE N, OAKDALE",CITIZEN/PUBLIC ASSIST
OAKDALE POLICE DEPARTMENT,OAKDALE,6/9/2026 10:21:03 AM,OD26006980,"6XXX  15TH ST N, OAKDALE",CITIZEN/PUBLIC ASSIST
OAKDALE POLICE DEPARTMENT,OAKDALE,6/9/2026 11:16:32 AM,OD26006983,"5XXX  Heath Ave N, OAKDALE",ANIMAL COMPLAINT
OAKDALE POLICE DEPARTMENT,OAKDALE,6/9/2026 12:03:33 PM,OD26006985,"1XXX  GOODWIN AVE N, OAKDALE",PROPERTY DAMAGE
OAKDALE POLICE DEPARTMENT,OAKDALE,6/9/2026 12:12:28 PM,OD26006986,"6XXX  52ND ST N, OAKDALE",CIVIL MATTER/DISPUTE
OAKDALE POLICE DEPARTMENT,OAKDALE,6/9/2026 12:13:20 PM,OD26006987,"XXX Grenadier Ave N, OAKDALE",FOUND PROPERTY/ITEM
OAKDALE POLICE DEPARTMENT,OAKDALE,6/9/2026 12:35:00 PM,OD26006989,"Helmo Rd N / Helmo Ave N, OAKDALE",TRAFFIC STOP
OAKDALE POLICE DEPARTMENT,OAKDALE,6/9/2026 12:45:53 PM,OD26006990,"6XXX  54th St N, OAKDALE",CIVIL MATTER/DISPUTE
OAKDALE POLICE DEPARTMENT,OAKDALE,6/9/2026 12:59:12 PM,OD26006991,"7XXX  10th St N, OAKDALE",VEHICLE UNLOCK
OAKDALE POLICE DEPARTMENT,OAKDALE,6/9/2026 1:28:35 PM,OD26006993,"6XXX  54th St N, OAKDALE",UNWANTED PERSON/VEHICLE
OAKDALE POLICE DEPARTMENT,OAKDALE,6/9/2026 3:40:14 PM,OD26006997,"5XXX  GOLFVIEW AVE N, OAKDALE",THEFT FROM MOTOR VEHICLE
OAKDALE POLICE DEPARTMENT,OAKDALE,6/9/2026 4:09:19 PM,OD26006999,"3XXX  Hemingway Ave N, OAKDALE",911 ABANDONED/HANGUP/OPEN LINE
OAKDALE POLICE DEPARTMENT,OAKDALE,6/9/2026 4:11:35 PM,OD26007000,"1XXX  HELMO AVE N, OAKDALE",CIVIL MATTER/DISPUTE
OAKDALE POLICE DEPARTMENT,OAKDALE,6/9/2026 4:22:04 PM,OD26007001,"4XXX  HADLEY AVE N, OAKDALE",NOISE COMPLAINT/DISTURBANCE
OAKDALE POLICE DEPARTMENT,OAKDALE,6/9/2026 4:35:21 PM,OD26007002,"8XXX  4th St N, OAKDALE",ACCIDENT
OAKDALE POLICE DEPARTMENT,OAKDALE,6/9/2026 5:40:10 PM,OD26007005,"5XXX  Hadley Ave N, OAKDALE",VEHICLE UNLOCK
OAKDALE POLICE DEPARTMENT,OAKDALE,6/9/2026 5:51:09 PM,OD26007006,"1XXX  HADLEY AVE N, OAKDALE",WELFARE CHECK
OAKDALE POLICE DEPARTMENT,OAKDALE,6/9/2026 6:00:43 PM,OD26007007,"6XXX  15th St N, OAKDALE",CITIZEN/PUBLIC ASSIST
OAKDALE POLICE DEPARTMENT,OAKDALE,6/9/2026 6:43:07 PM,OD26007009,"2XXX  GENEVA AVE N, OAKDALE",TRAFFIC STOP
OAKDALE POLICE DEPARTMENT,OAKDALE,6/9/2026 6:53:48 PM,OD26007010,"5XXX  Hadley Ave N, OAKDALE",SHOPLIFTING
OAKDALE POLICE DEPARTMENT,OAKDALE,6/9/2026 6:56:05 PM,OD26007011,"7XXX  10th St N, OAKDALE",WELFARE CHECK
OAKDALE POLICE DEPARTMENT,OAKDALE,6/9/2026 8:04:55 PM,OD26007014,"3XXX  HADLEY AVE N, OAKDALE",THREATS
OAKDALE POLICE DEPARTMENT,OAKDALE,6/9/2026 8:29:28 PM,OD26007015,"2XXX  Helena Ave N, OAKDALE",MEDICAL
OAKDALE POLICE DEPARTMENT,OAKDALE,6/9/2026 8:58:34 PM,OD26007016,"6XXX  11th Street Cir N, OAKDALE",DANCO VIOLATION
OAKDALE POLICE DEPARTMENT,OAKDALE,6/9/2026 9:06:03 PM,OD26007017,"6XXX  15TH ST N, OAKDALE",SUSPICIOUS PERSON/ACTIVITY
OAKDALE POLICE DEPARTMENT,OAKDALE,6/9/2026 9:31:23 PM,OD26007018,"7XXX  3rd St N, OAKDALE",ALARM-BUSINESS/RES/FIRE/MEDICAL/ETC
OAKDALE POLICE DEPARTMENT,OAKDALE,6/9/2026 10:41:00 PM,OD26007020,"1XXX  Hallmark Ln N, OAKDALE",NOISE COMPLAINT/DISTURBANCE
OAKDALE POLICE DEPARTMENT,OAKDALE,6/9/2026 11:46:12 PM,OD26007021,"3XXX  Hayward Ave N, OAKDALE",MEDICAL
OAKDALE POLICE DEPARTMENT,OAKDALE,6/10/2026 2:14:51 AM,OD26007026,"I694 NB JNO 34TH ST N, OAKDALE",ASSIST OTHER AGENCY
OAKDALE POLICE DEPARTMENT,OAKDALE,6/10/2026 5:29:58 AM,OD26007028,"7XXX  13th St N, OAKDALE",ALARM-BUSINESS/RES/FIRE/MEDICAL/ETC
OAKDALE POLICE DEPARTMENT,OAKDALE,6/10/2026 7:23:46 AM,OD26007030,"4th St N / Hadley Ave N, OAKDALE",DISABLED VEHICLE
OAKDALE POLICE DEPARTMENT,OAKDALE,6/10/2026 8:52:42 AM,OD26007031,"7TH ST N / GENEVA AVE N, OAKDALE",MOTORIST ASSIST
OAKDALE POLICE DEPARTMENT,OAKDALE,6/10/2026 10:02:56 AM,OD26007034,"6XXX  15TH ST N, OAKDALE",FOUND PROPERTY/ITEM
OAKDALE POLICE DEPARTMENT,OAKDALE,6/10/2026 10:29:00 AM,OD26007037,"6XXX  - 6118 7TH ST N, OAKDALE",TRAFFIC STOP
OAKDALE POLICE DEPARTMENT,OAKDALE,6/10/2026 10:29:10 AM,OD26007036,"XXX HELMO AVE N, OAKDALE",TRAFFIC STOP
OAKDALE POLICE DEPARTMENT,OAKDALE,6/10/2026 10:50:34 AM,OD26007038,"XXX HELMO AVE N, OAKDALE",TRAFFIC STOP
OAKDALE POLICE DEPARTMENT,OAKDALE,6/10/2026 10:55:19 AM,OD26007039,"7XXX  38th St N, OAKDALE",ANIMAL COMPLAINT
OAKDALE POLICE DEPARTMENT,OAKDALE,6/10/2026 11:13:51 AM,OD26007040,"4TH ST N / 3RD ST N, OAKDALE",WANTED PERSON-KOPS ALERT/ATL
OAKDALE POLICE DEPARTMENT,OAKDALE,6/10/2026 12:40:26 PM,OD26007043,"XXX GRAFTON AVE N, OAKDALE",CITIZEN/PUBLIC ASSIST
OAKDALE POLICE DEPARTMENT,OAKDALE,6/10/2026 12:44:44 PM,OD26007045,"6XXX  UPPER 22ND ST N, OAKDALE",ASSIST OTHER AGENCY
OAKDALE POLICE DEPARTMENT,OAKDALE,6/10/2026 12:45:54 PM,OD26007044,"STILLWATER BLVD N / GRANADA AVE N, OAKDALE",MOTORIST ASSIST
OAKDALE POLICE DEPARTMENT,OAKDALE,6/10/2026 1:04:03 PM,OD26007046,"6XXX  GEORGIA BLVD N, OAKDALE",ALARM-BUSINESS/RES/FIRE/MEDICAL/ETC
OAKDALE POLICE DEPARTMENT,OAKDALE,6/10/2026 1:29:45 PM,OD26007048,"6XXX  25TH ST N, OAKDALE",ALARM-BUSINESS/RES/FIRE/MEDICAL/ETC
OAKDALE POLICE DEPARTMENT,OAKDALE,6/10/2026 2:43:30 PM,OD26007053,"7XXX  10TH ST N, OAKDALE",WELFARE CHECK
OAKDALE POLICE DEPARTMENT,OAKDALE,6/10/2026 3:02:03 PM,OD26007054,"34TH ST N/HADLEY AVE N, OAKDALE",ACCIDENT
OAKDALE POLICE DEPARTMENT,OAKDALE,6/10/2026 3:34:58 PM,OD26007056,"1XXX  Gentry Ave N, OAKDALE",ANIMAL COMPLAINT
OAKDALE POLICE DEPARTMENT,OAKDALE,6/10/2026 5:38:42 PM,OD26007060,"3XXX  Hallmark Ave N, OAKDALE",911 ABANDONED/HANGUP/OPEN LINE
OAKDALE POLICE DEPARTMENT,OAKDALE,6/10/2026 5:49:34 PM,OD26007061,"1XXX  HERON AVE N, OAKDALE",ALARM-BUSINESS/RES/FIRE/MEDICAL/ETC
OAKDALE POLICE DEPARTMENT,OAKDALE,6/10/2026 6:05:13 PM,OD26007062,"7XXX  46th St N, OAKDALE",SUSPICIOUS PERSON/ACTIVITY
OAKDALE POLICE DEPARTMENT,OAKDALE,6/10/2026 6:12:35 PM,OD26007063,"XXX INWOOD AVE N, OAKDALE",ASSAULT
OAKDALE POLICE DEPARTMENT,OAKDALE,6/10/2026 6:15:02 PM,OD26007064,"1XXX  Gentry Ave N, OAKDALE",RUNAWAY
OAKDALE POLICE DEPARTMENT,OAKDALE,6/10/2026 6:49:34 PM,OD26007065,"34th St N / Ideal Ave N, OAKDALE",DRIVING COMPLAINT
OAKDALE POLICE DEPARTMENT,OAKDALE,6/10/2026 7:34:58 PM,OD26007066,"3XXX  HADLEY AVE N, OAKDALE",CITIZEN/PUBLIC ASSIST
OAKDALE POLICE DEPARTMENT,OAKDALE,6/10/2026 8:34:06 PM,OD26007067,"1XXX  HADLEY AVE N, OAKDALE",JUVENILE COMPLAINT
OAKDALE POLICE DEPARTMENT,OAKDALE,6/10/2026 9:50:07 PM,OD26007068,"15TH ST N / GRANADA AVE N, OAKDALE",THREATS
OAKDALE POLICE DEPARTMENT,OAKDALE,6/10/2026 10:36:40 PM,OD26007070,"4XXX  GENEVA AVE N, OAKDALE",CIVIL MATTER/DISPUTE
OAKDALE POLICE DEPARTMENT,OAKDALE,6/10/2026 10:49:30 PM,OD26007071,"Geneva Ave N / 43rd St N, OAKDALE",WELFARE CHECK
OAKDALE POLICE DEPARTMENT,OAKDALE,6/11/2026 12:32:51 AM,OD26007073,"6XXX  3RD ST N, OAKDALE",911 ABANDONED/HANGUP/OPEN LINE
OAKDALE POLICE DEPARTMENT,OAKDALE,6/11/2026 12:42:08 AM,OD26007074,"2XXX  Holly Ave N, OAKDALE",ALARM-BUSINESS/RES/FIRE/MEDICAL/ETC
OAKDALE POLICE DEPARTMENT,OAKDALE,6/11/2026 5:26:32 AM,OD26007077,"7XXX  54th St N, OAKDALE",DEATH INVESTIGATION
OAKDALE POLICE DEPARTMENT,OAKDALE,6/11/2026 7:17:24 AM,OD26007078,"1XXX  Granada Ave N, OAKDALE",ANIMAL COMPLAINT
OAKDALE POLICE DEPARTMENT,OAKDALE,6/11/2026 8:28:37 AM,OD26007079,"5XXX  HADLEY AVE N, OAKDALE",WELFARE CHECK
OAKDALE POLICE DEPARTMENT,OAKDALE,6/11/2026 9:00:49 AM,OD26007080,"7XXX  2nd St N, OAKDALE",ACCIDENT
OAKDALE POLICE DEPARTMENT,OAKDALE,6/11/2026 9:21:47 AM,OD26007081,"7XXX  38TH ST N, OAKDALE",SUSPICIOUS PERSON/ACTIVITY
OAKDALE POLICE DEPARTMENT,OAKDALE,6/11/2026 12:19:35 PM,OD26007084,"5XXX  Hadley Ave N, OAKDALE",SHOPLIFTING
OAKDALE POLICE DEPARTMENT,OAKDALE,6/11/2026 2:21:16 PM,OD26007086,"2XXX  Greystone Ave N, OAKDALE",WELFARE CHECK
OAKDALE POLICE DEPARTMENT,OAKDALE,6/11/2026 2:50:00 PM,OD26007087,"7XXX  10TH ST N, OAKDALE",ASSIST OTHER AGENCY
OAKDALE POLICE DEPARTMENT,OAKDALE,6/11/2026 5:01:05 PM,OD26007092,"1XXX  HADLEY AVE N, OAKDALE",911 ABANDONED/HANGUP/OPEN LINE
OAKDALE POLICE DEPARTMENT,OAKDALE,6/11/2026 6:59:35 PM,OD26007096,"7XXX  33RD ST N, OAKDALE",ANIMAL COMPLAINT
OAKDALE POLICE DEPARTMENT,OAKDALE,6/11/2026 7:00:35 PM,OD26007095,"1XXX  GENEVA AVE N, OAKDALE",SUSPICIOUS PERSON/ACTIVITY
OAKDALE POLICE DEPARTMENT,OAKDALE,6/11/2026 7:07:48 PM,OD26007097,"6XXX  40TH ST N, OAKDALE",SUICIDE ATTEMPT/THREATS OF
OAKDALE POLICE DEPARTMENT,OAKDALE,6/11/2026 8:12:12 PM,OD26007100,"6XXX  40TH ST N, OAKDALE",SUICIDE ATTEMPT/THREATS OF
OAKDALE POLICE DEPARTMENT,OAKDALE,6/11/2026 9:24:49 PM,OD26007101,"1XXX  HADLEY AVE N, OAKDALE",MEDICAL
OAKDALE POLICE DEPARTMENT,OAKDALE,6/11/2026 9:58:54 PM,OD26007103,"1XXX  HADLEY AVE N, OAKDALE",MOTORIST ASSIST
OAKDALE POLICE DEPARTMENT,OAKDALE,6/11/2026 10:12:43 PM,OD26007104,"XXX Geneva Ave N, OAKDALE",ALARM-BUSINESS/RES/FIRE/MEDICAL/ETC
OAKDALE POLICE DEPARTMENT,OAKDALE,6/11/2026 11:21:15 PM,OD26007106,"XXX Greenway Ave N, OAKDALE",MEDICAL
OAKDALE POLICE DEPARTMENT,OAKDALE,6/11/2026 11:55:12 PM,OD26007107,"3rd St N / Greenway Ave N, OAKDALE",PROPERTY DAMAGE
OAKDALE POLICE DEPARTMENT,OAKDALE,6/11/2026 11:56:35 PM,OD26007108,"6XXX  5TH STREET CT N, OAKDALE",THREATS
OAKDALE POLICE DEPARTMENT,OAKDALE,6/12/2026 7:20:24 AM,OD26007110,"3XXX  Granada Way N, OAKDALE",ANIMAL COMPLAINT
OAKDALE POLICE DEPARTMENT,OAKDALE,6/12/2026 8:11:24 AM,OD26007112,"7XXX  STILLWATER WAY N, OAKDALE",NEIGHBOR DISPUTE
OAKDALE POLICE DEPARTMENT,OAKDALE,6/12/2026 9:35:57 AM,OD26007114,"1XXX  GRANADA AVE N, OAKDALE",DISTURBANCE
OAKDALE POLICE DEPARTMENT,OAKDALE,6/12/2026 10:45:51 AM,OD26007116,"1XXX  GRANADA AVE N, OAKDALE",TRAFFIC STOP
OAKDALE POLICE DEPARTMENT,OAKDALE,6/12/2026 11:39:10 AM,OD26007117,"3XXX  GARDEN BLVD N, OAKDALE",IDENTITY THEFT
OAKDALE POLICE DEPARTMENT,OAKDALE,6/12/2026 12:27:28 PM,OD26007119,"7XXX  3rd St N, OAKDALE",FRAUD/SCAM
OAKDALE POLICE DEPARTMENT,OAKDALE,6/12/2026 2:26:53 PM,OD26007124,"6XXX  2nd St N, OAKDALE",911 ABANDONED/HANGUP/OPEN LINE
OAKDALE POLICE DEPARTMENT,OAKDALE,6/12/2026 2:40:25 PM,OD26007125,"7XXX  40th St N, OAKDALE",CIVIL MATTER/DISPUTE
OAKDALE POLICE DEPARTMENT,OAKDALE,6/12/2026 2:49:20 PM,OD26007126,"XXX HADLEY AVE N, OAKDALE",ACCIDENT
OAKDALE POLICE DEPARTMENT,OAKDALE,6/12/2026 2:52:39 PM,OD26007128,"5XXX  Hadley Ave N, OAKDALE",FRAUD/SCAM
OAKDALE POLICE DEPARTMENT,OAKDALE,6/12/2026 3:19:10 PM,OD26007130,"7XXX  10TH ST N, OAKDALE",ACCIDENT
OAKDALE POLICE DEPARTMENT,OAKDALE,6/12/2026 3:27:00 PM,OD26007131,"7XXX  32nd St N, OAKDALE",SHOPLIFTING
OAKDALE POLICE DEPARTMENT,OAKDALE,6/12/2026 3:42:15 PM,OD26007132,"INWOOD AVE N / 3RD ST N, OAKDALE",ACCIDENT
OAKDALE POLICE DEPARTMENT,OAKDALE,6/12/2026 3:49:46 PM,OD26007133,"3XXX  GROVNER RD N, OAKDALE",DISORDERLY CONDUCT
OAKDALE POLICE DEPARTMENT,OAKDALE,6/12/2026 4:26:31 PM,OD26007135,"2XXX  HILLVALE CT N, OAKDALE",CIVIL MATTER/DISPUTE
OAKDALE POLICE DEPARTMENT,OAKDALE,6/12/2026 4:41:11 PM,OD26007137,"10TH ST N / INWOOD AVE N, OAKDALE",TRAFFIC COMPLAINT
OAKDALE POLICE DEPARTMENT,OAKDALE,6/12/2026 5:23:22 PM,OD26007138,"7XXX  29TH ST N, OAKDALE",911 ABANDONED/HANGUP/OPEN LINE
OAKDALE POLICE DEPARTMENT,OAKDALE,6/12/2026 6:02:26 PM,OD26007139,"6XXX  Gretchen Ln N, OAKDALE",DISTURBANCE
OAKDALE POLICE DEPARTMENT,OAKDALE,6/12/2026 7:47:59 PM,OD26007141,"4XXX  HAMLET AVE N, OAKDALE",PROPERTY DAMAGE
OAKDALE POLICE DEPARTMENT,OAKDALE,6/12/2026 8:26:48 PM,OD26007143,"6XXX  UPPER 13TH ST N, OAKDALE",FOLLOW UP
OAKDALE POLICE DEPARTMENT,OAKDALE,6/12/2026 9:13:59 PM,OD26007144,"3XXX  Granada Way N, OAKDALE",911 ABANDONED/HANGUP/OPEN LINE
OAKDALE POLICE DEPARTMENT,OAKDALE,6/12/2026 9:23:26 PM,OD26007145,"XXX Greenway Ave N, OAKDALE",SUSPICIOUS PERSON/ACTIVITY
OAKDALE POLICE DEPARTMENT,OAKDALE,6/12/2026 9:25:09 PM,OD26007146,"2XXX  GRENADIER AVE N, OAKDALE",WELFARE CHECK
OAKDALE POLICE DEPARTMENT,OAKDALE,6/12/2026 9:25:31 PM,OD26007147,"4XXX  HELENA RD N, OAKDALE",911 ABANDONED/HANGUP/OPEN LINE
OAKDALE POLICE DEPARTMENT,OAKDALE,6/12/2026 9:35:26 PM,OD26007148,"3XXX  Hadley Ave N, OAKDALE",911 ABANDONED/HANGUP/OPEN LINE
OAKDALE POLICE DEPARTMENT,OAKDALE,6/12/2026 9:37:20 PM,OD26007150,"XXX Geneva Ave N, OAKDALE",CIVIL MATTER/DISPUTE
OAKDALE POLICE DEPARTMENT,OAKDALE,6/12/2026 9:38:33 PM,OD26007149,"6XXX  50TH ST N, OAKDALE",911 ABANDONED/HANGUP/OPEN LINE
OAKDALE POLICE DEPARTMENT,OAKDALE,6/12/2026 9:46:51 PM,OD26007152,"1XXX  HEATH AVE N, OAKDALE",CITIZEN/PUBLIC ASSIST
OAKDALE POLICE DEPARTMENT,OAKDALE,6/12/2026 9:48:53 PM,OD26007151,"1XXX  GREYSTONE AVE N, OAKDALE",FIREWORKS
OAKDALE POLICE DEPARTMENT,OAKDALE,6/12/2026 9:55:49 PM,OD26007153,"1XXX  HADLEY AVE N, OAKDALE",FIREWORKS
OAKDALE POLICE DEPARTMENT,OAKDALE,6/12/2026 10:18:32 PM,OD26007154,"XXX Glenbrook Ave N, OAKDALE",PARK INCIDENT-CITY/COUNTY
OAKDALE POLICE DEPARTMENT,OAKDALE,6/12/2026 10:57:09 PM,OD26007155,"6XXX  STILLWATER BLVD N, OAKDALE",CHILD CUSTODY
OAKDALE POLICE DEPARTMENT,OAKDALE,6/13/2026 12:00:00 AM,OD26007193,"40TH ST N & Gresham Ave N, OAKDALE",TRAFFIC STOP
OAKDALE POLICE DEPARTMENT,OAKDALE,6/13/2026 12:00:11 AM,OD26007156,"6XXX  37TH ST N, OAKDALE",MEDICAL
OAKDALE POLICE DEPARTMENT,OAKDALE,6/13/2026 12:19:31 AM,OD26007157,"7XXX  10TH ST N, OAKDALE",TRAFFIC STOP
OAKDALE POLICE DEPARTMENT,OAKDALE,6/13/2026 12:47:10 AM,OD26007159,"1XXX  Geneva Ave N, OAKDALE",NOISE COMPLAINT/DISTURBANCE
OAKDALE POLICE DEPARTMENT,OAKDALE,6/13/2026 1:21:45 AM,OD26007160,"2XXX  GENEVA AVE N, OAKDALE",DWI
OAKDALE POLICE DEPARTMENT,OAKDALE,6/13/2026 1:46:34 AM,OD26007161,"10TH ST N / GRANADA AVE N, OAKDALE",TRAFFIC STOP
OAKDALE POLICE DEPARTMENT,OAKDALE,6/13/2026 2:01:34 AM,OD26007162,"7XXX  10TH ST N, OAKDALE",SUSPICIOUS PERSON/ACTIVITY
OAKDALE POLICE DEPARTMENT,OAKDALE,6/13/2026 4:44:53 AM,OD26007164,"2XXX  HALLMARK AVE N, OAKDALE",MEDICAL
OAKDALE POLICE DEPARTMENT,OAKDALE,6/13/2026 8:18:22 AM,OD26007167,"7XXX  2ND ST N, OAKDALE",911 ABANDONED/HANGUP/OPEN LINE
OAKDALE POLICE DEPARTMENT,OAKDALE,6/13/2026 10:22:01 AM,OD26007173,"1XXX  GENEVA AVE N, OAKDALE",ASSIST OTHER AGENCY
OAKDALE POLICE DEPARTMENT,OAKDALE,6/13/2026 10:29:40 AM,OD26007171,"XXX Greenway Ave N, OAKDALE",THREATS
OAKDALE POLICE DEPARTMENT,OAKDALE,6/13/2026 10:47:40 AM,OD26007172,"XXX Granada Ave N, OAKDALE",ANIMAL COMPLAINT
OAKDALE POLICE DEPARTMENT,OAKDALE,6/13/2026 11:12:08 AM,OD26007174,"6XXX  33rd St N, OAKDALE",MEDICAL
OAKDALE POLICE DEPARTMENT,OAKDALE,6/13/2026 11:21:46 AM,OD26007176,"1XXX  HADLEY AVE N, OAKDALE",DRIVING COMPLAINT
OAKDALE POLICE DEPARTMENT,OAKDALE,6/13/2026 1:40:53 PM,OD26007180,"XXX Greenway Ave N, OAKDALE",MEDICAL
OAKDALE POLICE DEPARTMENT,OAKDALE,6/13/2026 1:47:46 PM,OD26007181,"7XXX  15TH STREET LN N, OAKDALE",SUSPICIOUS PERSON/ACTIVITY
OAKDALE POLICE DEPARTMENT,OAKDALE,6/13/2026 2:46:26 PM,OD26007182,"2XXX  Henslow Ave N, OAKDALE",ALARM-BUSINESS/RES/FIRE/MEDICAL/ETC
OAKDALE POLICE DEPARTMENT,OAKDALE,6/13/2026 4:05:21 PM,OD26007187,"6XXX  Upper 22nd St N, OAKDALE",ANIMAL COMPLAINT
OAKDALE POLICE DEPARTMENT,OAKDALE,6/13/2026 4:32:18 PM,OD26007188,"I694 SB JSO 10TH ST N, OAKDALE",TRAFFIC STOP
OAKDALE POLICE DEPARTMENT,OAKDALE,6/13/2026 4:51:34 PM,OD26007189,"1XXX  HELMO AVE N, OAKDALE",TRAFFIC STOP
OAKDALE POLICE DEPARTMENT,OAKDALE,6/13/2026 5:28:48 PM,OD26007190,"15TH ST N / HALLMARK AVE N, OAKDALE",TRAFFIC STOP
OAKDALE POLICE DEPARTMENT,OAKDALE,6/13/2026 6:51:55 PM,OD26007191,"6XXX  15TH ST N, OAKDALE",ANIMAL COMPLAINT
OAKDALE POLICE DEPARTMENT,OAKDALE,6/13/2026 6:54:27 PM,OD26007192,"1XXX  HELMO AVE N, OAKDALE",TRAFFIC STOP
OAKDALE POLICE DEPARTMENT,OAKDALE,6/13/2026 7:19:37 PM,OD26007194,"5XXX  HADLEY AVE N, OAKDALE",SHOPLIFTING
OAKDALE POLICE DEPARTMENT,OAKDALE,6/13/2026 7:46:00 PM,OD26007196,"1XXX  GENEVA AVE N, OAKDALE",TRAFFIC STOP
OAKDALE POLICE DEPARTMENT,OAKDALE,6/13/2026 7:47:55 PM,OD26007197,"34th St N Eb At I694, OAKDALE",ACCIDENT
OAKDALE POLICE DEPARTMENT,OAKDALE,6/13/2026 8:43:48 PM,OD26007201,"2XXX  Helena Ave N, OAKDALE",ANIMAL COMPLAINT
OAKDALE POLICE DEPARTMENT,OAKDALE,6/13/2026 9:06:57 PM,OD26007202,"6XXX  UPPER 13TH ST N, OAKDALE",FOLLOW UP
OAKDALE POLICE DEPARTMENT,OAKDALE,6/13/2026 9:13:19 PM,OD26007203,"7XXX  17TH ST N, OAKDALE",ANIMAL COMPLAINT
OAKDALE POLICE DEPARTMENT,OAKDALE,6/13/2026 9:18:07 PM,OD26007204,"5XXX  Hadley Ave N, OAKDALE",ANIMAL COMPLAINT
OAKDALE POLICE DEPARTMENT,OAKDALE,6/13/2026 9:50:37 PM,OD26007205,"1XXX  GREYSTONE AVE N, OAKDALE",FIREWORKS
OAKDALE POLICE DEPARTMENT,OAKDALE,6/13/2026 10:07:39 PM,OD26007207,"6XXX  10TH ST N, OAKDALE",TRAFFIC STOP
OAKDALE POLICE DEPARTMENT,OAKDALE,6/13/2026 10:24:44 PM,OD26007210,"2XXX  HOLLY AVE N, OAKDALE",SUSPICIOUS PERSON/ACTIVITY
OAKDALE POLICE DEPARTMENT,OAKDALE,6/13/2026 10:30:08 PM,OD26007209,"I694 WB JEO CENTURY AVE N, OAKDALE",TRAFFIC STOP
OAKDALE POLICE DEPARTMENT,OAKDALE,6/13/2026 10:54:49 PM,OD26007211,"6XXX  15TH ST N, OAKDALE",TRAFFIC STOP
OAKDALE POLICE DEPARTMENT,OAKDALE,6/13/2026 10:56:19 PM,OD26007212,"10TH ST N & GENEVA AVE N, OAKDALE",TRAFFIC STOP
OAKDALE POLICE DEPARTMENT,OAKDALE,6/13/2026 11:00:00 PM,OD26007213,"GENEVA AVE N / 10TH ST N, OAKDALE",TRAFFIC COMPLAINT
OAKDALE POLICE DEPARTMENT,OAKDALE,6/13/2026 11:40:43 PM,OD26007215,"4XXX  GENEVA AVE N, OAKDALE",WELFARE CHECK
OAKDALE POLICE DEPARTMENT,WOODBURY,6/12/2026 4:34:16 AM,OD26007109,"XX I94 Eb Jwo Woodbury Dr, WOODBURY",ASSIST OTHER AGENCY
ST. PAUL PARK POLICE DEPARTMENT,COTTAGE GROVE,6/8/2026 11:57:31 PM,SP26004590,"HARDWOOD AVE S / HARDWOOD CT S, COTTAGE GROVE",ASSIST OTHER AGENCY
ST. PAUL PARK POLICE DEPARTMENT,SAINT PAUL PARK,6/7/2026 7:24:47 AM,SP26004530,"1XXX  3rd St, SAINT PAUL PARK",MAIL THEFT
ST. PAUL PARK POLICE DEPARTMENT,SAINT PAUL PARK,6/7/2026 10:42:58 PM,SP26004562,"1XXX  3rd St, SAINT PAUL PARK",DANGEROUS/POTENTIALLY DANGEROUS DOG
ST. PAUL PARK POLICE DEPARTMENT,SAINT PAUL PARK,6/8/2026 2:47:29 AM,SP26004566,"XXX Pullman Ave, SAINT PAUL PARK",THEFT
ST. PAUL PARK POLICE DEPARTMENT,SAINT PAUL PARK,6/8/2026 3:10:46 PM,SP26004574,"2nd St / 8th Ave, SAINT PAUL PARK",HARASSMENT
ST. PAUL PARK POLICE DEPARTMENT,SAINT PAUL PARK,6/8/2026 7:37:43 PM,SP26004580,"XXX 3rd St, SAINT PAUL PARK",FOUND PROPERTY/ITEM
ST. PAUL PARK POLICE DEPARTMENT,SAINT PAUL PARK,6/8/2026 7:59:51 PM,SP26004581,"XXX PULLMAN AVE, SAINT PAUL PARK",ASSIST OTHER AGENCY
ST. PAUL PARK POLICE DEPARTMENT,SAINT PAUL PARK,6/9/2026 8:06:45 PM,SP26004609,"XXX Portland Ave, SAINT PAUL PARK",LOST PROPERTY/ITEM
ST. PAUL PARK POLICE DEPARTMENT,SAINT PAUL PARK,6/9/2026 9:17:00 PM,SP26004611,"HASTINGS AVE / AURORA AVE, SAINT PAUL PARK",TRAFFIC STOP
ST. PAUL PARK POLICE DEPARTMENT,SAINT PAUL PARK,6/10/2026 4:50:49 PM,SP26004626,"XXX Summit Ave, SAINT PAUL PARK",WARRANT ARREST
ST. PAUL PARK POLICE DEPARTMENT,SAINT PAUL PARK,6/10/2026 6:35:20 PM,SP26004627,"XXX Pullman Ave, SAINT PAUL PARK",PROPERTY DAMAGE
ST. PAUL PARK POLICE DEPARTMENT,SAINT PAUL PARK,6/10/2026 9:16:02 PM,SP26004629,"XXX Pullman Ave, SAINT PAUL PARK",THEFT
ST. PAUL PARK POLICE DEPARTMENT,SAINT PAUL PARK,6/11/2026 12:00:00 AM,SP26004643,"XXX - 1058 HASTINGS AVE, SAINT PAUL PARK",WARRANT ARREST
ST. PAUL PARK POLICE DEPARTMENT,SAINT PAUL PARK,6/11/2026 1:39:11 AM,SP26004633,"XXX Pullman Ave, SAINT PAUL PARK",RUNAWAY
ST. PAUL PARK POLICE DEPARTMENT,SAINT PAUL PARK,6/11/2026 9:02:40 AM,SP26004635,"XXX 9th Ave W, SAINT PAUL PARK",DISTURBANCE
ST. PAUL PARK POLICE DEPARTMENT,SAINT PAUL PARK,6/12/2026 9:27:30 AM,SP26004663,"XXX Broadway Ave, SAINT PAUL PARK",FOUND PROPERTY/ITEM
ST. PAUL PARK POLICE DEPARTMENT,SAINT PAUL PARK,6/12/2026 12:38:31 PM,SP26004666,"1XXX  Lincoln Ave, SAINT PAUL PARK",DUMPING COMPLAINT
ST. PAUL PARK POLICE DEPARTMENT,SAINT PAUL PARK,6/13/2026 8:53:44 PM,SP26004707,"XXX Pullman Ave, SAINT PAUL PARK",Online scam
STILLWATER POLICE DEPARTMENT,OAK PARK HEIGHTS,6/9/2026 9:13:17 AM,SW26005023,"5XXX  - 5799 STILLWATER BLVD N, OAK PARK HEIGHTS",COMMUNITY CONTACT
STILLWATER POLICE DEPARTMENT,STILLWATER,6/7/2026 12:08:53 AM,SW26004942,"1XXX  Owens St N, STILLWATER",MEDICAL
STILLWATER POLICE DEPARTMENT,STILLWATER,6/7/2026 1:49:42 AM,SW26004944,"XXX Main St S, STILLWATER",ACCIDENT
STILLWATER POLICE DEPARTMENT,STILLWATER,6/7/2026 2:39:40 AM,SW26004946,"1XXX  Owens St N, STILLWATER",MEDICAL
STILLWATER POLICE DEPARTMENT,STILLWATER,6/7/2026 2:43:38 AM,SW26004947,"XXX Main St N, STILLWATER",CITIZEN/PUBLIC ASSIST
STILLWATER POLICE DEPARTMENT,STILLWATER,6/7/2026 4:16:02 AM,SW26004948,"XXX Greeley St S, STILLWATER",MEDICAL
STILLWATER POLICE DEPARTMENT,STILLWATER,6/7/2026 9:10:51 AM,SW26004949,"1XXX  Mckusick Road Ln N, STILLWATER",MEDICAL
STILLWATER POLICE DEPARTMENT,STILLWATER,6/7/2026 10:09:49 AM,SW26004950,"1XXX  Oak Glen Trl, STILLWATER",CITIZEN/PUBLIC ASSIST
STILLWATER POLICE DEPARTMENT,STILLWATER,6/7/2026 10:34:20 AM,SW26004951,"XXX Bridgewater Way, STILLWATER",MEDICAL
STILLWATER POLICE DEPARTMENT,STILLWATER,6/7/2026 10:40:26 AM,SW26004952,"XXX Burlington St E, STILLWATER",ASSIST OTHER AGENCY
STILLWATER POLICE DEPARTMENT,STILLWATER,6/7/2026 11:02:35 AM,SW26004954,"XXX Oakes St S, STILLWATER",ANIMAL COMPLAINT
STILLWATER POLICE DEPARTMENT,STILLWATER,6/7/2026 11:02:51 AM,SW26004953,"2XXX  Orleans St W, STILLWATER",DISTURBANCE
STILLWATER POLICE DEPARTMENT,STILLWATER,6/7/2026 11:07:06 AM,SW26004955,"XXX 4th St S, STILLWATER",MEDICAL
STILLWATER POLICE DEPARTMENT,STILLWATER,6/7/2026 1:06:39 PM,SW26004956,"XXX Main St S, STILLWATER",DISTURBANCE
STILLWATER POLICE DEPARTMENT,STILLWATER,6/7/2026 1:07:13 PM,SW26004957,"XXX Main St N, STILLWATER",911 ABANDONED/HANGUP/OPEN LINE
STILLWATER POLICE DEPARTMENT,STILLWATER,6/7/2026 1:28:16 PM,SW26004958,"XXX Main St S, STILLWATER",PROPERTY DAMAGE
STILLWATER POLICE DEPARTMENT,STILLWATER,6/7/2026 1:31:15 PM,SW26004959,"XXX Main St N, STILLWATER",CITIZEN/PUBLIC ASSIST
STILLWATER POLICE DEPARTMENT,STILLWATER,6/7/2026 2:33:28 PM,SW26004960,"XXX Maryknoll Dr, STILLWATER",LIFT ASSIST
STILLWATER POLICE DEPARTMENT,STILLWATER,6/7/2026 2:52:17 PM,SW26004961,"XXX Holcombe St S, STILLWATER",CITIZEN/PUBLIC ASSIST
STILLWATER POLICE DEPARTMENT,STILLWATER,6/7/2026 3:09:06 PM,SW26004962,"Stillwater Lift Bridge (pedestrian) - Mn, STILLWATER",JUVENILE COMPLAINT
STILLWATER POLICE DEPARTMENT,STILLWATER,6/7/2026 3:09:10 PM,SW26004963,"1XXX  Atwood Ln, STILLWATER",911 ABANDONED/HANGUP/OPEN LINE
STILLWATER POLICE DEPARTMENT,STILLWATER,6/7/2026 3:19:59 PM,SW26004964,"12XXX  77th St N, STILLWATER",ORDINANCE VIOLATION
STILLWATER POLICE DEPARTMENT,STILLWATER,6/7/2026 5:27:16 PM,SW26004967,"3XXX  Atwood Ct, STILLWATER",ANIMAL COMPLAINT
STILLWATER POLICE DEPARTMENT,STILLWATER,6/7/2026 5:32:23 PM,SW26004968,"XXX Marsh St W, STILLWATER",ALARM-BUSINESS/RES/FIRE/MEDICAL/ETC
STILLWATER POLICE DEPARTMENT,STILLWATER,6/7/2026 5:45:10 PM,SW26004969,"XXX Anderson St W, STILLWATER",ANIMAL COMPLAINT
STILLWATER POLICE DEPARTMENT,STILLWATER,6/7/2026 8:38:57 PM,SW26004970,"XXX Mulberry St E, STILLWATER",911 ABANDONED/HANGUP/OPEN LINE
STILLWATER POLICE DEPARTMENT,STILLWATER,6/7/2026 10:26:14 PM,SW26004974,"1XXX  Owens St N, STILLWATER",medical
STILLWATER POLICE DEPARTMENT,STILLWATER,6/7/2026 10:42:14 PM,SW26004975,"2XXX  SADDLE CT, STILLWATER",WELFARE CHECK
STILLWATER POLICE DEPARTMENT,STILLWATER,6/8/2026 12:30:35 AM,SW26004976,"XXX Main St N, STILLWATER",ALARM-BUSINESS/RES/FIRE/MEDICAL/ETC
STILLWATER POLICE DEPARTMENT,STILLWATER,6/8/2026 12:53:01 AM,SW26004978,"1XXX  Market Dr, STILLWATER",ALARM-BUSINESS/RES/FIRE/MEDICAL/ETC
STILLWATER POLICE DEPARTMENT,STILLWATER,6/8/2026 4:26:53 AM,SW26004980,"XXX CHESTNUT ST E, STILLWATER",OFFICER INFORMATION
STILLWATER POLICE DEPARTMENT,STILLWATER,6/8/2026 5:37:29 AM,SW26004983,"XXX BAYBERRY AVENUE CT, STILLWATER",FIRE
STILLWATER POLICE DEPARTMENT,STILLWATER,6/8/2026 10:34:35 AM,SW26004985,"XXX SEELEY ST S, STILLWATER",ASSIST OTHER AGENCY
STILLWATER POLICE DEPARTMENT,STILLWATER,6/8/2026 10:37:42 AM,SW26004986,"XXX Greeley St S, STILLWATER",911 ABANDONED/HANGUP/OPEN LINE
STILLWATER POLICE DEPARTMENT,STILLWATER,6/8/2026 10:52:37 AM,SW26004987,"1XXX  Cottage Dr, STILLWATER",MEDICAL
STILLWATER POLICE DEPARTMENT,STILLWATER,6/8/2026 11:33:33 AM,SW26004990,"XXX Owens St N, STILLWATER",MEDICAL
STILLWATER POLICE DEPARTMENT,STILLWATER,6/8/2026 12:34:43 PM,SW26004992,"XX Maryknoll Dr, STILLWATER",CITIZEN/PUBLIC ASSIST
STILLWATER POLICE DEPARTMENT,STILLWATER,6/8/2026 2:10:03 PM,SW26004993,"Unknown, STILLWATER",CITIZEN/PUBLIC ASSIST
STILLWATER POLICE DEPARTMENT,STILLWATER,6/8/2026 3:53:28 PM,SW26004996,"2XXX  Frontage Rd W, STILLWATER",ROAD HAZARD
STILLWATER POLICE DEPARTMENT,STILLWATER,6/8/2026 5:02:10 PM,SW26004998,"Tuenge Dr / Shelton Dr, STILLWATER",ANIMAL COMPLAINT
STILLWATER POLICE DEPARTMENT,STILLWATER,6/8/2026 6:07:33 PM,SW26005001,"1XXX  Greeley St S, STILLWATER",CITIZEN/PUBLIC ASSIST
STILLWATER POLICE DEPARTMENT,STILLWATER,6/8/2026 6:35:05 PM,SW26005002,"XXX Chestnut St E, STILLWATER",UNWANTED PERSON/VEHICLE
STILLWATER POLICE DEPARTMENT,STILLWATER,6/8/2026 8:13:40 PM,SW26005004,"1XXX  Curve Crest Blvd, STILLWATER",911 ABANDONED/HANGUP/OPEN LINE
STILLWATER POLICE DEPARTMENT,STILLWATER,6/8/2026 8:49:00 PM,SW26005005,"2XXX  MARKET DR, STILLWATER",SHOPLIFTING
STILLWATER POLICE DEPARTMENT,STILLWATER,6/8/2026 9:03:11 PM,SW26005006,"12XXX  60th St N, STILLWATER",WELFARE CHECK
STILLWATER POLICE DEPARTMENT,STILLWATER,6/8/2026 9:35:23 PM,SW26005007,"XXX Bridgewater Way, STILLWATER",ALARM-BUSINESS/RES/FIRE/MEDICAL/ETC
STILLWATER POLICE DEPARTMENT,STILLWATER,6/8/2026 10:49:11 PM,SW26005010,"XXX Everett St N, STILLWATER",CITIZEN/PUBLIC ASSIST
STILLWATER POLICE DEPARTMENT,STILLWATER,6/8/2026 10:54:18 PM,SW26005012,"3XXX  Millbrook Cir, STILLWATER",SUSPICIOUS PERSON/ACTIVITY
STILLWATER POLICE DEPARTMENT,STILLWATER,6/9/2026 3:33:59 AM,SW26005020,"1XXX  ORLEANS ST W, STILLWATER",HARASSMENT
STILLWATER POLICE DEPARTMENT,STILLWATER,6/9/2026 8:18:14 AM,SW26005021,"Wilkins St W / Martha St N, STILLWATER",traf
STILLWATER POLICE DEPARTMENT,STILLWATER,6/9/2026 8:58:51 AM,SW26005022,"XXX - 422 WILKINS ST W, STILLWATER",OFFICER INFORMATION
STILLWATER POLICE DEPARTMENT,STILLWATER,6/9/2026 10:30:15 AM,SW26005024,"XXX Autumn Way, STILLWATER",911 ABANDONED/HANGUP/OPEN LINE
STILLWATER POLICE DEPARTMENT,STILLWATER,6/9/2026 1:34:17 PM,SW26005025,"1XXX  Johnson Dr, STILLWATER",MEDICAL
STILLWATER POLICE DEPARTMENT,STILLWATER,6/9/2026 2:51:46 PM,SW26005029,"XXX GREELEY ST S, STILLWATER",FOLLOW UP
STILLWATER POLICE DEPARTMENT,STILLWATER,6/9/2026 3:02:00 PM,SW26005030,"CURVE CREST BLVD / WASHINGTON AVE, STILLWATER",ROAD HAZARD
STILLWATER POLICE DEPARTMENT,STILLWATER,6/9/2026 4:24:58 PM,SW26005034,"XXX MAIN ST N, STILLWATER",ASSIST OTHER AGENCY
STILLWATER POLICE DEPARTMENT,STILLWATER,6/9/2026 4:31:45 PM,SW26005032,"XXX Autumn Way, STILLWATER",WELFARE CHECK
STILLWATER POLICE DEPARTMENT,STILLWATER,6/9/2026 4:31:48 PM,SW26005033,"1XXX  Sunny Slope Ln, STILLWATER",SUSPICIOUS PERSON/ACTIVITY
STILLWATER POLICE DEPARTMENT,STILLWATER,6/9/2026 5:35:20 PM,SW26005035,"3XXX  Abercrombie Ln, STILLWATER",PARKING COMPLAINT
STILLWATER POLICE DEPARTMENT,STILLWATER,6/9/2026 5:57:47 PM,SW26005036,"7XXX  Mid Oaks Ave N, STILLWATER",911 ABANDONED/HANGUP/OPEN LINE
STILLWATER POLICE DEPARTMENT,STILLWATER,6/9/2026 6:31:13 PM,SW26005037,"XXX Willow St E, STILLWATER",ANIMAL COMPLAINT
STILLWATER POLICE DEPARTMENT,STILLWATER,6/9/2026 7:27:11 PM,SW26005038,"2XXX  Curve Crest Blvd, STILLWATER",DISTURBANCE
STILLWATER POLICE DEPARTMENT,STILLWATER,6/9/2026 7:32:28 PM,SW26005039,"Unknown, STILLWATER",ASSIST OTHER AGENCY
STILLWATER POLICE DEPARTMENT,STILLWATER,6/9/2026 7:50:58 PM,SW26005040,"XXX 3rd St S, STILLWATER",MEDICAL
STILLWATER POLICE DEPARTMENT,STILLWATER,6/9/2026 8:14:51 PM,SW26005042,"Chestnut St E / Water St S, STILLWATER",JUVENILE COMPLAINT
STILLWATER POLICE DEPARTMENT,STILLWATER,6/9/2026 8:35:23 PM,SW26005043,"XXX Olive St W, STILLWATER",SUSPICIOUS PERSON/ACTIVITY
STILLWATER POLICE DEPARTMENT,STILLWATER,6/9/2026 11:53:35 PM,SW26005048,"XXX OLIVE ST W, STILLWATER",SUSPICIOUS PERSON/ACTIVITY
STILLWATER POLICE DEPARTMENT,STILLWATER,6/10/2026 12:26:32 AM,SW26005050,"1XXX  Frontage Rd W, STILLWATER",ANIMAL COMPLAINT
STILLWATER POLICE DEPARTMENT,STILLWATER,6/10/2026 1:14:06 AM,SW26005051,"7XXX  MANNING AVE N, STILLWATER",ASSIST OTHER AGENCY
STILLWATER POLICE DEPARTMENT,STILLWATER,6/10/2026 3:24:04 AM,SW26005052,"XXX Main St S, STILLWATER",WELFARE CHECK
STILLWATER POLICE DEPARTMENT,STILLWATER,6/10/2026 10:31:31 AM,SW26005053,"Stillwater Blvd N / Curve Crest Blvd, STILLWATER",WELFARE CHECK
STILLWATER POLICE DEPARTMENT,STILLWATER,6/10/2026 11:23:36 AM,SW26005055,"1XXX  Tower Dr, STILLWATER",911 ABANDONED/HANGUP/OPEN LINE
STILLWATER POLICE DEPARTMENT,STILLWATER,6/10/2026 11:48:41 AM,SW26005056,"2XXX  Curve Crest Blvd, STILLWATER",911 ABANDONED/HANGUP/OPEN LINE
STILLWATER POLICE DEPARTMENT,STILLWATER,6/10/2026 11:51:31 AM,SW26005057,"XXX Greeley St S, STILLWATER",LOCKOUT
STILLWATER POLICE DEPARTMENT,STILLWATER,6/10/2026 12:43:34 PM,SW26005059,"XXX CHESTNUT ST E, STILLWATER",VEHICLE UNLOCK
STILLWATER POLICE DEPARTMENT,STILLWATER,6/10/2026 2:23:34 PM,SW26005061,"14XXX  62nd St N, STILLWATER",VEHICLE UNLOCK
STILLWATER POLICE DEPARTMENT,STILLWATER,6/10/2026 2:36:49 PM,SW26005062,"XXX 4th St N, STILLWATER",MEDICAL
STILLWATER POLICE DEPARTMENT,STILLWATER,6/10/2026 3:11:03 PM,SW26005063,"2XXX  Cottage Dr, STILLWATER",SUSPICIOUS PERSON/ACTIVITY
STILLWATER POLICE DEPARTMENT,STILLWATER,6/10/2026 3:29:41 PM,SW26005064,"HWY 36/GREELEY ST S, STILLWATER",ACCIDENT
STILLWATER POLICE DEPARTMENT,STILLWATER,6/10/2026 4:39:32 PM,SW26005065,"Unknown, STILLWATER",CITIZEN/PUBLIC ASSIST
STILLWATER POLICE DEPARTMENT,STILLWATER,6/10/2026 5:46:32 PM,SW26005066,"1XXX  Brewers Ln, STILLWATER",CITIZEN/PUBLIC ASSIST
STILLWATER POLICE DEPARTMENT,STILLWATER,6/10/2026 6:44:00 PM,SW26005068,"17XXX -BLK MAIN, STILLWATER",TRAFFIC STOP
STILLWATER POLICE DEPARTMENT,STILLWATER,6/10/2026 6:47:24 PM,SW26005069,"1st St N / Riverview Dr, STILLWATER",ROAD HAZARD
STILLWATER POLICE DEPARTMENT,STILLWATER,6/10/2026 7:39:58 PM,SW26005071,"Owens St N / Rice St W, STILLWATER",DRIVING COMPLAINT
STILLWATER POLICE DEPARTMENT,STILLWATER,6/10/2026 7:43:19 PM,SW26005072,"XXX Tamarack Ct, STILLWATER",ALARM-BUSINESS/RES/FIRE/MEDICAL/ETC
STILLWATER POLICE DEPARTMENT,STILLWATER,6/10/2026 8:32:53 PM,SW26005073,"1XXX  Owens St N, STILLWATER",CITIZEN/PUBLIC ASSIST
STILLWATER POLICE DEPARTMENT,STILLWATER,6/10/2026 10:04:05 PM,SW26005074,"2XXX  Market Dr, STILLWATER",SUSPICIOUS PERSON/ACTIVITY
STILLWATER POLICE DEPARTMENT,STILLWATER,6/10/2026 10:26:28 PM,SW26005075,"2XXX  ORLEANS ST W, STILLWATER",UNWANTED PERSON/VEHICLE
STILLWATER POLICE DEPARTMENT,STILLWATER,6/10/2026 11:04:00 PM,SW26005076,"HWY 95 SB JSO LOOKOUT TRL N, STILLWATER",TRAFFIC STOP
STILLWATER POLICE DEPARTMENT,STILLWATER,6/10/2026 11:10:15 PM,SW26005078,"1XXX  Cottage Dr, STILLWATER",DISTURBANCE
STILLWATER POLICE DEPARTMENT,STILLWATER,6/10/2026 11:16:36 PM,SW26005079,"1XXX  Cottage Dr, STILLWATER",NOISE COMPLAINT/DISTURBANCE
STILLWATER POLICE DEPARTMENT,STILLWATER,6/11/2026 9:36:59 AM,SW26005083,"2XXX  Washington Ave, STILLWATER",ANIMAL COMPLAINT
STILLWATER POLICE DEPARTMENT,STILLWATER,6/11/2026 10:25:52 AM,SW26005084,"HWY 36 WB AT WASHINGTON AVE N, STILLWATER",DRIVING COMPLAINT
STILLWATER POLICE DEPARTMENT,STILLWATER,6/11/2026 10:41:00 AM,SW26005086,"XXX Main St N, STILLWATER",WARRANT ARREST
STILLWATER POLICE DEPARTMENT,STILLWATER,6/11/2026 1:21:01 PM,SW26005088,"XXX 4th St N, STILLWATER",CITIZEN/PUBLIC ASSIST
STILLWATER POLICE DEPARTMENT,STILLWATER,6/11/2026 1:46:59 PM,SW26005089,"2XXX  Frontage Rd W, STILLWATER",ALARM-BUSINESS/RES/FIRE/MEDICAL/ETC
STILLWATER POLICE DEPARTMENT,STILLWATER,6/11/2026 1:51:03 PM,SW26005090,"Unknown, STILLWATER",THEFT FROM MOTOR VEHICLE
STILLWATER POLICE DEPARTMENT,STILLWATER,6/11/2026 3:51:19 PM,SW26005093,"1XXX  Curve Crest Blvd, STILLWATER",CIVIL MATTER/DISPUTE
STILLWATER POLICE DEPARTMENT,STILLWATER,6/11/2026 4:41:50 PM,SW26005094,"12XXX  Dellwood Rd N, STILLWATER",CITIZEN/PUBLIC ASSIST
STILLWATER POLICE DEPARTMENT,STILLWATER,6/11/2026 8:12:18 PM,SW26005098,"XXX Churchill St W, STILLWATER",UNWANTED PERSON/VEHICLE
STILLWATER POLICE DEPARTMENT,STILLWATER,6/11/2026 10:04:00 PM,SW26005101,"15XXX  60th St N, STILLWATER",DANCO VIOLATION
STILLWATER POLICE DEPARTMENT,STILLWATER,6/11/2026 10:33:02 PM,SW26005102,"XXX Northland Ter, STILLWATER",WELFARE CHECK
STILLWATER POLICE DEPARTMENT,STILLWATER,6/11/2026 11:06:18 PM,SW26005103,"1XXX  Cottage Dr, STILLWATER",NOISE COMPLAINT/DISTURBANCE
STILLWATER POLICE DEPARTMENT,STILLWATER,6/12/2026 12:06:29 AM,SW26005104,"14XXX  62nd St N, STILLWATER",THREATS
STILLWATER POLICE DEPARTMENT,STILLWATER,6/12/2026 1:27:52 AM,SW26005105,"7XXX  Mid Oaks Ave N, STILLWATER",911 ABANDONED/HANGUP/OPEN LINE
STILLWATER POLICE DEPARTMENT,STILLWATER,6/12/2026 5:05:01 AM,SW26005106,"2XXX  Orleans St W, STILLWATER",ALARM-BUSINESS/RES/FIRE/MEDICAL/ETC
STILLWATER POLICE DEPARTMENT,STILLWATER,6/12/2026 6:51:50 AM,SW26005108,"1XXX  Market Dr, STILLWATER",DISORDERLY CONDUCT
STILLWATER POLICE DEPARTMENT,STILLWATER,6/12/2026 8:10:42 AM,SW26005109,"1XXX  Olive St W, STILLWATER",SUSPICIOUS PERSON/ACTIVITY
STILLWATER POLICE DEPARTMENT,STILLWATER,6/12/2026 8:15:25 AM,SW26005110,"XXX SEELEY ST S, STILLWATER",ASSIST OTHER AGENCY
STILLWATER POLICE DEPARTMENT,STILLWATER,6/12/2026 9:28:24 AM,SW26005111,"Unknown, STILLWATER",CITIZEN/PUBLIC ASSIST
STILLWATER POLICE DEPARTMENT,STILLWATER,6/12/2026 9:39:45 AM,SW26005112,"XXX Pine St W, STILLWATER",TRESPASSING
STILLWATER POLICE DEPARTMENT,STILLWATER,6/12/2026 10:08:18 AM,SW26005113,"1XXX  Linden St W, STILLWATER",CITIZEN/PUBLIC ASSIST
STILLWATER POLICE DEPARTMENT,STILLWATER,6/12/2026 10:49:25 AM,SW26005115,"2XXX  Orleans St W, STILLWATER",CIVIL MATTER/DISPUTE
STILLWATER POLICE DEPARTMENT,STILLWATER,6/12/2026 11:29:41 AM,SW26005116,"75th St N / Maryknoll Dr N, STILLWATER",911 ABANDONED/HANGUP/OPEN LINE
STILLWATER POLICE DEPARTMENT,STILLWATER,6/12/2026 1:15:35 PM,SW26005119,"1XXX  BLOCK CURVE CREST BLVD, STILLWATER",TRAFFIC STOP
STILLWATER POLICE DEPARTMENT,STILLWATER,6/12/2026 1:56:18 PM,SW26005120,"1XXX  Frontage Rd W, STILLWATER",CIVIL MATTER/DISPUTE
STILLWATER POLICE DEPARTMENT,STILLWATER,6/12/2026 3:49:43 PM,SW26005122,"XXX Greeley St S, STILLWATER",MEDICAL
STILLWATER POLICE DEPARTMENT,STILLWATER,6/12/2026 5:35:49 PM,SW26005126,"XXX Seeley St S, STILLWATER",CITIZEN/PUBLIC ASSIST
STILLWATER POLICE DEPARTMENT,STILLWATER,6/12/2026 7:15:37 PM,SW26005128,"8XXX  Neal Ave N, STILLWATER",JUVENILE COMPLAINT
STILLWATER POLICE DEPARTMENT,STILLWATER,6/12/2026 7:26:23 PM,SW26005129,"XXX Bridgewater Way, STILLWATER",MEDICAL
STILLWATER POLICE DEPARTMENT,STILLWATER,6/12/2026 7:40:18 PM,SW26005130,"XXX Nelson St, STILLWATER",VEHICLE UNLOCK
STILLWATER POLICE DEPARTMENT,STILLWATER,6/12/2026 9:28:41 PM,SW26005133,"Unknown, STILLWATER",TRAFFIC COMPLAINT
STILLWATER POLICE DEPARTMENT,STILLWATER,6/12/2026 9:54:55 PM,SW26005137,"XXX Nelson St, STILLWATER",VEHICLE UNLOCK
STILLWATER POLICE DEPARTMENT,STILLWATER,6/12/2026 11:06:56 PM,SW26005140,"14XXX  62nd St N, STILLWATER",DISTURBANCE
STILLWATER POLICE DEPARTMENT,STILLWATER,6/13/2026 12:02:19 AM,SW26005142,"14XXX  62nd St N, STILLWATER",MEDICAL
STILLWATER POLICE DEPARTMENT,STILLWATER,6/13/2026 1:39:52 AM,SW26005145,"XXX Northland Ave, STILLWATER",SUSPICIOUS PERSON/ACTIVITY
STILLWATER POLICE DEPARTMENT,STILLWATER,6/13/2026 1:43:26 AM,SW26005146,"XXX WATER ST S, STILLWATER",DRUNK/INTOXICATED 
STILLWATER POLICE DEPARTMENT,STILLWATER,6/13/2026 1:47:02 AM,SW26005147,"2XXX  White Pine Way, STILLWATER",SUSPICIOUS PERSON/ACTIVITY
STILLWATER POLICE DEPARTMENT,STILLWATER,6/13/2026 1:50:24 AM,SW26005148,"2XXX  Frontage Rd W, STILLWATER",WARRANT ARREST
STILLWATER POLICE DEPARTMENT,STILLWATER,6/13/2026 2:22:30 AM,SW26005149,"XXX 5th St S, STILLWATER",SUSPICIOUS PERSON/ACTIVITY
STILLWATER POLICE DEPARTMENT,STILLWATER,6/13/2026 2:31:10 AM,SW26005150,"XXX CHURCHILL ST W, STILLWATER",SUSPICIOUS PERSON/ACTIVITY
STILLWATER POLICE DEPARTMENT,STILLWATER,6/13/2026 2:50:53 AM,SW26005151,"Main St S / Nelson Aly, STILLWATER",LOST PROPERTY/ITEM
STILLWATER POLICE DEPARTMENT,STILLWATER,6/13/2026 2:55:48 AM,SW26005152,"1XXX  Frontage Rd W, STILLWATER",TRAFFIC COMPLAINT
STILLWATER POLICE DEPARTMENT,STILLWATER,6/13/2026 4:17:35 AM,SW26005154,"XXX Churchill St W, STILLWATER",SUSPICIOUS PERSON/ACTIVITY
STILLWATER POLICE DEPARTMENT,STILLWATER,6/13/2026 6:55:44 AM,SW26005155,"2XXX  Washington Ave, STILLWATER",MEDICAL
STILLWATER POLICE DEPARTMENT,STILLWATER,6/13/2026 8:53:23 AM,SW26005156,"1XXX  Curve Crest Blvd, STILLWATER",UNWANTED PERSON/VEHICLE
STILLWATER POLICE DEPARTMENT,STILLWATER,6/13/2026 9:25:23 AM,SW26005157,"XXX Pine St W, STILLWATER",UNWANTED PERSON/VEHICLE
STILLWATER POLICE DEPARTMENT,STILLWATER,6/13/2026 10:10:16 AM,SW26005158,"XXX Main St N, STILLWATER",MEDICAL
STILLWATER POLICE DEPARTMENT,STILLWATER,6/13/2026 10:51:57 AM,SW26005159,"1XXX  Swenson St, STILLWATER",911 ABANDONED/HANGUP/OPEN LINE
STILLWATER POLICE DEPARTMENT,STILLWATER,6/13/2026 11:09:22 AM,SW26005161,"Unknown, STILLWATER",LOST PROPERTY/ITEM
STILLWATER POLICE DEPARTMENT,STILLWATER,6/13/2026 11:12:47 AM,SW26005160,"1XXX  Market Dr, STILLWATER",CITIZEN/PUBLIC ASSIST
STILLWATER POLICE DEPARTMENT,STILLWATER,6/13/2026 11:13:01 AM,SW26005162,"Mckusick Rd / Towne Cir, STILLWATER",FOUND PROPERTY/ITEM
STILLWATER POLICE DEPARTMENT,STILLWATER,6/13/2026 11:37:52 AM,SW26005164,"7XXX  MINAR LN N, STILLWATER",SUSPICIOUS PERSON/ACTIVITY
STILLWATER POLICE DEPARTMENT,STILLWATER,6/13/2026 2:00:26 PM,SW26005170,"2XXX  Market Dr, STILLWATER",TRESPASSING
STILLWATER POLICE DEPARTMENT,STILLWATER,6/13/2026 2:36:57 PM,SW26005171,"XXX 4th St N, STILLWATER",VEHICLE UNLOCK
STILLWATER POLICE DEPARTMENT,STILLWATER,6/13/2026 3:02:03 PM,SW26005172,"1XXX  Pine St W, STILLWATER",DRIVING COMPLAINT
STILLWATER POLICE DEPARTMENT,STILLWATER,6/13/2026 5:43:47 PM,SW26005175,"1XXX  Market Dr, STILLWATER",CITIZEN/PUBLIC ASSIST
STILLWATER POLICE DEPARTMENT,STILLWATER,6/13/2026 6:08:12 PM,SW26005176,"3XXX  White Pine Way, STILLWATER",PARK COMPLAINT
STILLWATER POLICE DEPARTMENT,STILLWATER,6/13/2026 7:06:00 PM,SW26005177,"2XXX  Market Dr, STILLWATER",THEFT
STILLWATER POLICE DEPARTMENT,STILLWATER,6/13/2026 7:53:10 PM,SW26005182,"XXX Churchill St W, STILLWATER",ASSIST OTHER AGENCY
STILLWATER POLICE DEPARTMENT,STILLWATER,6/13/2026 8:04:59 PM,SW26005183,"1XXX  Gilbert Ct, STILLWATER",CITIZEN/PUBLIC ASSIST
STILLWATER POLICE DEPARTMENT,STILLWATER,6/13/2026 8:42:39 PM,SW26005184,"XXX Nelson St, STILLWATER",NOISE COMPLAINT/DISTURBANCE
STILLWATER POLICE DEPARTMENT,STILLWATER,6/13/2026 9:24:27 PM,SW26005188,"4TH ST S / WILLARD ST W, STILLWATER",SUSPICIOUS PERSON/ACTIVITY
STILLWATER POLICE DEPARTMENT,STILLWATER,6/13/2026 9:52:53 PM,SW26005190,"XXX 5th St S, STILLWATER",SUSPICIOUS PERSON/ACTIVITY
STILLWATER POLICE DEPARTMENT,STILLWATER,6/13/2026 9:58:00 PM,SW26005191,"Greeley St S / Frontage Rd W, STILLWATER",ACCIDENT
STILLWATER POLICE DEPARTMENT,STILLWATER,6/13/2026 10:07:14 PM,SW26005193,"XXX Nelson St, STILLWATER",ACCIDENT
STILLWATER POLICE DEPARTMENT,STILLWATER,6/13/2026 10:10:34 PM,SW26005194,"2XXX  Orleans St W, STILLWATER",NOISE COMPLAINT/DISTURBANCE
STILLWATER POLICE DEPARTMENT,STILLWATER,6/13/2026 10:49:59 PM,SW26005196,"1XXX  Brewers Ln, STILLWATER",SUSPICIOUS PERSON/ACTIVITY
STILLWATER POLICE DEPARTMENT,STILLWATER,6/13/2026 11:03:00 PM,SW26005197,"Main St N / Myrtle St E, STILLWATER",ACCIDENT
STILLWATER POLICE DEPARTMENT,STILLWATER,6/13/2026 11:49:44 PM,SW26005198,"XXX Main St S, STILLWATER",CITIZEN/PUBLIC ASSIST
STILLWATER POLICE DEPARTMENT,STILLWATER,6/13/2026 11:56:44 PM,SW26005199,"1XXX  Macey Ct, STILLWATER",CITIZEN/PUBLIC ASSIST
WASHINGTON COUNTY SHERIFFS OFFICE,AFTON,6/7/2026 6:07:00 AM,WC26027555,"Manning Ave S / Bailey Rd, AFTON",DWI
WASHINGTON COUNTY SHERIFFS OFFICE,AFTON,6/7/2026 3:28:45 PM,WC26027615,"15XXX  - 15899 AFTON BLVD S, AFTON",DIRECTED PATROL
WASHINGTON COUNTY SHERIFFS OFFICE,AFTON,6/7/2026 4:57:39 PM,WC26027627,"16XXX  Putnam Blvd S, AFTON",HARASSMENT
WASHINGTON COUNTY SHERIFFS OFFICE,AFTON,6/7/2026 5:22:00 PM,WC26027630,"3XXX  - 4498 SAINT CROIX TRL S, AFTON",TRAFFIC STOP
WASHINGTON COUNTY SHERIFFS OFFICE,AFTON,6/7/2026 6:45:00 PM,WC26027641,"13XXX  - 14699 HUDSON RD S, AFTON",TRAFFIC STOP
WASHINGTON COUNTY SHERIFFS OFFICE,AFTON,6/7/2026 10:32:14 PM,WC26027676,"15XXX  32nd St S, AFTON",SUSPICIOUS PERSON/ACTIVITY
WASHINGTON COUNTY SHERIFFS OFFICE,AFTON,6/8/2026 12:13:08 PM,WC26027774,"Unknown, AFTON",FOLLOW UP
WASHINGTON COUNTY SHERIFFS OFFICE,AFTON,6/8/2026 5:30:27 PM,WC26027833,"3XXX  Trading Post Trl S, AFTON",ASSIST OTHER AGENCY
WASHINGTON COUNTY SHERIFFS OFFICE,AFTON,6/8/2026 6:05:06 PM,WC26027840,"14XXX  Valley Creek Trl S, AFTON",ANIMAL COMPLAINT
WASHINGTON COUNTY SHERIFFS OFFICE,AFTON,6/8/2026 7:10:34 PM,WC26027851,"3XXX  Trading Post Trl S, AFTON",WELFARE CHECK
WASHINGTON COUNTY SHERIFFS OFFICE,AFTON,6/8/2026 8:26:38 PM,WC26027862,"I94 Eb At Neal Ave S, AFTON",ROAD HAZARD
WASHINGTON COUNTY SHERIFFS OFFICE,AFTON,6/9/2026 12:55:57 AM,WC26027903,"Saint Croix Trl S / 45th St S, AFTON",WELFARE CHECK
WASHINGTON COUNTY SHERIFFS OFFICE,AFTON,6/9/2026 10:04:38 AM,WC26027950,"13XXX  34th St S, AFTON",THREATS
WASHINGTON COUNTY SHERIFFS OFFICE,AFTON,6/9/2026 4:20:58 PM,WC26028014,"SAINT CROIX RIVER-A, AFTON",WATER INCIDENT/VIOLATION
WASHINGTON COUNTY SHERIFFS OFFICE,AFTON,6/9/2026 9:23:59 PM,WC26028092,"3XXX  Saint Croix Trl S, AFTON",TRAFFIC COMPLAINT
WASHINGTON COUNTY SHERIFFS OFFICE,AFTON,6/10/2026 4:43:43 AM,WC26028173,"15XXX  Putnam Blvd S, AFTON",ASSIST OTHER AGENCY
WASHINGTON COUNTY SHERIFFS OFFICE,AFTON,6/10/2026 6:37:56 PM,WC26028314,"3XXX  Saint Croix Trl S, AFTON",SUSPICIOUS PERSON/ACTIVITY
WASHINGTON COUNTY SHERIFFS OFFICE,AFTON,6/10/2026 7:20:15 PM,WC26028325,"16XXX  32nd St S, AFTON",ASSIST OTHER AGENCY
WASHINGTON COUNTY SHERIFFS OFFICE,AFTON,6/10/2026 8:44:19 PM,WC26028335,"Indian Trl S / Hudson Rd S, AFTON",DRIVING COMPLAINT
WASHINGTON COUNTY SHERIFFS OFFICE,AFTON,6/11/2026 9:02:12 PM,WC26028540,"12XXX  60th St S, AFTON",FIREWORKS
WASHINGTON COUNTY SHERIFFS OFFICE,AFTON,6/12/2026 3:40:03 PM,WC26028676,"15XXX  - 15899 AFTON BLVD S, AFTON",DIRECTED PATROL
WASHINGTON COUNTY SHERIFFS OFFICE,AFTON,6/12/2026 5:05:00 PM,WC26028697,"1XXX  - 2099 STAGECOACH TRL S, AFTON",TRAFFIC STOP
WASHINGTON COUNTY SHERIFFS OFFICE,AFTON,6/12/2026 6:30:13 PM,WC26028714,"13XXX  - 14699 HUDSON RD S, AFTON",TRAFFIC STOP
WASHINGTON COUNTY SHERIFFS OFFICE,AFTON,6/12/2026 8:12:09 PM,WC26028730,"1XXX  Neal Ave S, AFTON",ANIMAL COMPLAINT
WASHINGTON COUNTY SHERIFFS OFFICE,AFTON,6/13/2026 8:03:49 AM,WC26028814,"2XXX  Meadow Vista Way, AFTON",ALARM-BUSINESS/RES/FIRE/MEDICAL/ETC
WASHINGTON COUNTY SHERIFFS OFFICE,AFTON,6/13/2026 9:22:06 AM,WC26028825,"5XXX  Oakridge Trl S, AFTON",ALARM-BUSINESS/RES/FIRE/MEDICAL/ETC
WASHINGTON COUNTY SHERIFFS OFFICE,AFTON,6/13/2026 11:11:31 AM,WC26028845,"XX Afton State Park Campsite Beach (sbb)-nr, AFTON",911 ABANDONED/HANGUP/OPEN LINE
WASHINGTON COUNTY SHERIFFS OFFICE,AFTON,6/13/2026 12:21:27 PM,WC26028856,"XXX Neal Ave S, AFTON",SHOTS FIRED/SHOOTING COMPLAINT
WASHINGTON COUNTY SHERIFFS OFFICE,BAYPORT,6/8/2026 2:55:11 PM,WC26027806,"XXX Minnesota St S, BAYPORT",ASSIST OTHER AGENCY
WASHINGTON COUNTY SHERIFFS OFFICE,BAYTOWN TOWNSHIP,6/8/2026 5:39:38 AM,WC26027721,"5XXX  Northbrook Blvd N, BAYTOWN TOWNSHIP",FIRE
WASHINGTON COUNTY SHERIFFS OFFICE,BAYTOWN TOWNSHIP,6/8/2026 10:27:50 PM,WC26027887,"14XXX  OLINDA BLVD N, BAYTOWN TOWNSHIP",MOTORIST ASSIST
WASHINGTON COUNTY SHERIFFS OFFICE,BAYTOWN TOWNSHIP,6/10/2026 4:07:38 PM,WC26028278,"4XXX  Mcdonald Drive Overlook N, BAYTOWN TOWNSHIP",911 ABANDONED/HANGUP/OPEN LINE
WASHINGTON COUNTY SHERIFFS OFFICE,BAYTOWN TOWNSHIP,6/11/2026 6:56:55 PM,WC26028520,"Osgood Ave N / 47th St N, BAYTOWN TOWNSHIP",CITIZEN/PUBLIC ASSIST
WASHINGTON COUNTY SHERIFFS OFFICE,BAYTOWN TOWNSHIP,6/12/2026 6:33:00 AM,WC26028595,"MANNING AVE N / 32ND ST N, BAYTOWN TOWNSHIP",TRAFFIC STOP
WASHINGTON COUNTY SHERIFFS OFFICE,BAYTOWN TOWNSHIP,6/13/2026 3:40:06 AM,WC26028796,"Osgood Ave N / 47th St N, BAYTOWN TOWNSHIP",ANIMAL COMPLAINT
WASHINGTON COUNTY SHERIFFS OFFICE,BAYTOWN TOWNSHIP,6/13/2026 7:12:46 AM,WC26028805,"3XXX  Manning Ave N, BAYTOWN TOWNSHIP",911 ABANDONED/HANGUP/OPEN LINE
WASHINGTON COUNTY SHERIFFS OFFICE,BAYTOWN TOWNSHIP,6/13/2026 6:46:46 PM,WC26028919,"3XXX  Norcrest Ave N, BAYTOWN TOWNSHIP",HARASSMENT
WASHINGTON COUNTY SHERIFFS OFFICE,BIRCHWOOD,6/13/2026 11:17:39 PM,WC26028972,"XXX Lake Ave, BIRCHWOOD",DISTURBANCE
WASHINGTON COUNTY SHERIFFS OFFICE,BIRCHWOOD VILLAGE,6/7/2026 12:58:23 PM,WC26027598,"XXX Wildwood Ave, BIRCHWOOD VILLAGE",BURGLARY
WASHINGTON COUNTY SHERIFFS OFFICE,COTTAGE GROVE,6/9/2026 12:48:12 AM,WC26027901,"HWY 61 SB AT 80TH ST S, COTTAGE GROVE",TRAFFIC STOP
WASHINGTON COUNTY SHERIFFS OFFICE,COTTAGE GROVE,6/10/2026 12:00:00 AM,WC26028238,"COTTAGE GROVE RAVINE PARK ENTRANCE RD, COTTAGE GROVE",PARKING VIOLATION
WASHINGTON COUNTY SHERIFFS OFFICE,COTTAGE GROVE,6/10/2026 4:52:20 PM,WC26028291,"8XXX  Jeffery Ave S, COTTAGE GROVE",CITIZEN/PUBLIC ASSIST
WASHINGTON COUNTY SHERIFFS OFFICE,COTTAGE GROVE,6/11/2026 1:42:08 PM,WC26028470,"8XXX  Granada Ave S, COTTAGE GROVE",WELFARE CHECK
WASHINGTON COUNTY SHERIFFS OFFICE,COTTAGE GROVE,6/11/2026 2:40:40 PM,WC26028480,"11XXX  Grey Cloud Trl S, COTTAGE GROVE",TRESPASSING
WASHINGTON COUNTY SHERIFFS OFFICE,COTTAGE GROVE,6/11/2026 6:33:10 PM,WC26028513,"7XXX  Hinton Ave S, COTTAGE GROVE",ASSIST OTHER AGENCY
WASHINGTON COUNTY SHERIFFS OFFICE,COTTAGE GROVE,6/11/2026 9:08:57 PM,WC26028535,"6XXX  Pine Crest Trl S, COTTAGE GROVE",ASSIST OTHER AGENCY
WASHINGTON COUNTY SHERIFFS OFFICE,COTTAGE GROVE,6/13/2026 1:01:41 AM,WC26028777,"HWY 61 NB AT EAST POINT DOUGLAS RD S (NORTH), COTTAGE GROVE",ASSIST OTHER AGENCY
WASHINGTON COUNTY SHERIFFS OFFICE,DELLWOOD,6/7/2026 12:34:00 AM,WC26027530,"DELLWOOD RD N / HADLEY AVE N, DELLWOOD",DWI
WASHINGTON COUNTY SHERIFFS OFFICE,DELLWOOD,6/10/2026 7:08:19 AM,WC26028184,"XX Dellwood Ave, DELLWOOD",ROAD HAZARD
WASHINGTON COUNTY SHERIFFS OFFICE,DELLWOOD,6/11/2026 6:47:00 PM,WC26028515,"XX Dellwood Ave, DELLWOOD",ACCIDENT
WASHINGTON COUNTY SHERIFFS OFFICE,DELLWOOD,6/11/2026 11:44:07 PM,WC26028564,"XX DELLWOOD RD N, DELLWOOD",ALARM-BUSINESS/RES/FIRE/MEDICAL/ETC
WASHINGTON COUNTY SHERIFFS OFFICE,DELLWOOD,6/12/2026 1:53:52 PM,WC26028660,"XX Dellwood Ave, DELLWOOD",ALARM-BUSINESS/RES/FIRE/MEDICAL/ETC
WASHINGTON COUNTY SHERIFFS OFFICE,DELLWOOD,6/13/2026 3:27:38 PM,WC26028883,"DELLWOOD RD N / MEADOW LN, DELLWOOD",ACCIDENT
WASHINGTON COUNTY SHERIFFS OFFICE,DELLWOOD,6/13/2026 5:41:38 PM,WC26028902,"XX Dellwood Ave, DELLWOOD",911 ABANDONED/HANGUP/OPEN LINE
WASHINGTON COUNTY SHERIFFS OFFICE,DENMARK TOWNSHIP,6/7/2026 12:00:00 AM,WC26027587,"SAINT CROIX RIVER KINNI CHANNEL-DT, DENMARK TOWNSHIP",BOAT STOP
WASHINGTON COUNTY SHERIFFS OFFICE,DENMARK TOWNSHIP,6/7/2026 12:45:09 AM,WC26027535,"11XXX  122nd St S, DENMARK TOWNSHIP",911 ABANDONED/HANGUP/OPEN LINE
WASHINGTON COUNTY SHERIFFS OFFICE,DENMARK TOWNSHIP,6/7/2026 5:52:24 PM,WC26027635,"Saint Croix Trl S / 108th St S, DENMARK TOWNSHIP",DISABLED VEHICLE
WASHINGTON COUNTY SHERIFFS OFFICE,DENMARK TOWNSHIP,6/7/2026 9:18:23 PM,WC26027652,"122ND ST S / 122ND STREET CIR S, DENMARK TOWNSHIP",ATV/OHV COMPLAINT
WASHINGTON COUNTY SHERIFFS OFFICE,DENMARK TOWNSHIP,6/8/2026 3:46:24 PM,WC26027813,"12XXX  Margo Ave S, DENMARK TOWNSHIP",FOLLOW UP
WASHINGTON COUNTY SHERIFFS OFFICE,DENMARK TOWNSHIP,6/8/2026 6:29:00 PM,WC26027842,"Highway 10 / Highway 61, DENMARK TOWNSHIP",TRAFFIC STOP
WASHINGTON COUNTY SHERIFFS OFFICE,DENMARK TOWNSHIP,6/9/2026 7:01:02 AM,WC26027927,"11XXX  122nd St S, DENMARK TOWNSHIP",ALARM-BUSINESS/RES/FIRE/MEDICAL/ETC
WASHINGTON COUNTY SHERIFFS OFFICE,DENMARK TOWNSHIP,6/9/2026 2:32:03 PM,WC26027991,"12XXX  Point Douglas Dr S, DENMARK TOWNSHIP",911 ABANDONED/HANGUP/OPEN LINE
WASHINGTON COUNTY SHERIFFS OFFICE,DENMARK TOWNSHIP,6/10/2026 12:00:00 AM,WC26028190,"15XXX  102ND ST S, DENMARK TOWNSHIP",PARKING VIOLATION
WASHINGTON COUNTY SHERIFFS OFFICE,DENMARK TOWNSHIP,6/10/2026 12:00:00 AM,WC26028228,"POINT DOUGLAS PARK ACCESS ROAD, DENMARK TOWNSHIP",PARKING VIOLATION
WASHINGTON COUNTY SHERIFFS OFFICE,DENMARK TOWNSHIP,6/10/2026 12:00:00 AM,WC26028251,"POINT DOUGLAS PARK ACCESS ROAD, DENMARK TOWNSHIP",PARKING VIOLATION
WASHINGTON COUNTY SHERIFFS OFFICE,DENMARK TOWNSHIP,6/10/2026 12:00:00 AM,WC26028252,"POINT DOUGLAS PARK ACCESS ROAD, DENMARK TOWNSHIP",PARKING VIOLATION
WASHINGTON COUNTY SHERIFFS OFFICE,DENMARK TOWNSHIP,6/10/2026 12:00:00 AM,WC26028256,"POINT DOUGLAS PARK ACCESS ROAD, DENMARK TOWNSHIP",PARKING VIOLATION
WASHINGTON COUNTY SHERIFFS OFFICE,DENMARK TOWNSHIP,6/10/2026 12:00:00 AM,WC26028258,"POINT DOUGLAS PARK ACCESS ROAD, DENMARK TOWNSHIP",PARKING VIOLATION
WASHINGTON COUNTY SHERIFFS OFFICE,DENMARK TOWNSHIP,6/10/2026 3:02:54 AM,WC26028160,"HWY 61 NB JSO HWY 10, DENMARK TOWNSHIP",ACCIDENT
WASHINGTON COUNTY SHERIFFS OFFICE,DENMARK TOWNSHIP,6/10/2026 8:12:29 PM,WC26028328,"Neal Ave S / 100th St S, DENMARK TOWNSHIP",911 ABANDONED/HANGUP/OPEN LINE
WASHINGTON COUNTY SHERIFFS OFFICE,DENMARK TOWNSHIP,6/11/2026 7:08:59 PM,WC26028519,"6XXX  Peller Ave S, DENMARK TOWNSHIP",ASSIST OTHER AGENCY
WASHINGTON COUNTY SHERIFFS OFFICE,DENMARK TOWNSHIP,6/12/2026 12:00:00 AM,WC26028627,"POINT DOUGLAS PARK ACCESS ROAD, DENMARK TOWNSHIP",PARKING VIOLATION
WASHINGTON COUNTY SHERIFFS OFFICE,DENMARK TOWNSHIP,6/12/2026 12:00:00 AM,WC26028601,"15XXX  - 16000 102ND ST S, DENMARK TOWNSHIP",PARKING VIOLATION
WASHINGTON COUNTY SHERIFFS OFFICE,DENMARK TOWNSHIP,6/12/2026 10:46:00 AM,WC26028629,"POINT DOUGLAS PARK ACCESS ROAD, DENMARK TOWNSHIP",PARKING VIOLATION
WASHINGTON COUNTY SHERIFFS OFFICE,DENMARK TOWNSHIP,6/12/2026 10:54:00 AM,WC26028630,"POINT DOUGLAS PARK ACCESS ROAD, DENMARK TOWNSHIP",PARKING VIOLATION
WASHINGTON COUNTY SHERIFFS OFFICE,DENMARK TOWNSHIP,6/12/2026 11:04:00 AM,WC26028632,"POINT DOUGLAS PARK ACCESS ROAD, DENMARK TOWNSHIP",PARKING VIOLATION
WASHINGTON COUNTY SHERIFFS OFFICE,DENMARK TOWNSHIP,6/12/2026 11:14:00 AM,WC26028635,"POINT DOUGLAS PARK ACCESS ROAD, DENMARK TOWNSHIP",PARKING VIOLATION
WASHINGTON COUNTY SHERIFFS OFFICE,DENMARK TOWNSHIP,6/12/2026 2:08:00 PM,WC26028662,"15XXX  102ND ST S, DENMARK TOWNSHIP",PARKING VIOLATION
WASHINGTON COUNTY SHERIFFS OFFICE,DENMARK TOWNSHIP,6/12/2026 6:57:18 PM,WC26028719,"SAINT CROIX RIVER NORTH DENMARK TWP, DENMARK TOWNSHIP",CITIZEN/PUBLIC ASSIST
WASHINGTON COUNTY SHERIFFS OFFICE,DENMARK TOWNSHIP,6/12/2026 7:28:58 PM,WC26028724,"Saint Croix River Mile 1 - Mn, DENMARK TOWNSHIP",WATERCRAFT ASSIST/RESCUE
WASHINGTON COUNTY SHERIFFS OFFICE,DENMARK TOWNSHIP,6/13/2026 2:28:19 AM,WC26028791,"POINT DOUGLAS PARK ACCESS ROAD, DENMARK TOWNSHIP",WELFARE CHECK
WASHINGTON COUNTY SHERIFFS OFFICE,DENMARK TOWNSHIP,6/13/2026 6:43:23 AM,WC26028800,"14XXX  Point Douglas Dr S, DENMARK TOWNSHIP",MEDICAL
WASHINGTON COUNTY SHERIFFS OFFICE,DENMARK TOWNSHIP,6/13/2026 11:31:42 AM,WC26028847,"12XXX  Point Douglas Dr S, DENMARK TOWNSHIP",911 ABANDONED/HANGUP/OPEN LINE
WASHINGTON COUNTY SHERIFFS OFFICE,FOREST LAKE,6/13/2026 10:16:41 AM,WC26028838,"Forest Lake, FOREST LAKE",OFFICER INFORMATION
WASHINGTON COUNTY SHERIFFS OFFICE,GRANT,6/7/2026 12:03:00 AM,WC26027517,"10XXX  - 11498 MANNING TRL N, GRANT",TRAFFIC STOP
WASHINGTON COUNTY SHERIFFS OFFICE,GRANT,6/7/2026 8:45:50 AM,WC26027570,"11XXX  Great Oak Trl N, GRANT",ALARM-BUSINESS/RES/FIRE/MEDICAL/ETC
WASHINGTON COUNTY SHERIFFS OFFICE,GRANT,6/7/2026 3:33:19 PM,WC26027617,"DELLWOOD RD N / JAMACA AVE N, GRANT",ACCIDENT
WASHINGTON COUNTY SHERIFFS OFFICE,GRANT,6/7/2026 7:09:54 PM,WC26027644,"11XXX  Irish Ave N, GRANT",CITIZEN/PUBLIC ASSIST
WASHINGTON COUNTY SHERIFFS OFFICE,GRANT,6/8/2026 5:50:00 AM,WC26027722,"75TH ST N / JAMACA AVE N, GRANT",TRAFFIC STOP
WASHINGTON COUNTY SHERIFFS OFFICE,GRANT,6/8/2026 10:37:03 AM,WC26027760,"11XXX  KEATS AVE N, GRANT",FRAUD/SCAM
WASHINGTON COUNTY SHERIFFS OFFICE,GRANT,6/8/2026 11:21:00 AM,WC26027766,"6XXX  Keats Ave N, GRANT",FOLLOW UP
WASHINGTON COUNTY SHERIFFS OFFICE,GRANT,6/8/2026 11:37:23 AM,WC26027770,"11XXX  Julianne Ave N, GRANT",MEDICAL
WASHINGTON COUNTY SHERIFFS OFFICE,GRANT,6/8/2026 7:30:40 PM,WC26027854,"8XXX  75th St N, GRANT",911 ABANDONED/HANGUP/OPEN LINE
WASHINGTON COUNTY SHERIFFS OFFICE,GRANT,6/8/2026 11:51:00 PM,WC26027894,"MANNING AVE N / SETTLERS WAY, GRANT",TRAFFIC STOP
WASHINGTON COUNTY SHERIFFS OFFICE,GRANT,6/9/2026 7:32:28 PM,WC26028070,"10XXX  JODY AVENUE CT N, GRANT",HARASSMENT
WASHINGTON COUNTY SHERIFFS OFFICE,GRANT,6/9/2026 10:10:54 PM,WC26028106,"11XXX  Dellwood Rd N, GRANT",ALARM-BUSINESS/RES/FIRE/MEDICAL/ETC
WASHINGTON COUNTY SHERIFFS OFFICE,GRANT,6/10/2026 2:03:02 PM,WC26028257,"11XXX  60th St N, GRANT",911 ABANDONED/HANGUP/OPEN LINE
WASHINGTON COUNTY SHERIFFS OFFICE,GRANT,6/11/2026 5:04:17 AM,WC26028388,"HWY 36 WB AT JASMINE, GRANT",ANIMAL COMPLAINT
WASHINGTON COUNTY SHERIFFS OFFICE,GRANT,6/11/2026 10:47:41 AM,WC26028438,"11XXX  LOCKRIDGE AVE N, GRANT",DIRECTED PATROL
WASHINGTON COUNTY SHERIFFS OFFICE,GRANT,6/11/2026 1:59:50 PM,WC26028474,"11XXX  Lockridge Ave N, GRANT",SUSPICIOUS PERSON/ACTIVITY
WASHINGTON COUNTY SHERIFFS OFFICE,GRANT,6/11/2026 7:57:00 PM,WC26028525,"Highway 36 & Keats Av N, GRANT",TRAFFIC STOP
WASHINGTON COUNTY SHERIFFS OFFICE,GRANT,6/11/2026 8:50:00 PM,WC26028532,"Highway 36, GRANT",TRAFFIC STOP
WASHINGTON COUNTY SHERIFFS OFFICE,GRANT,6/12/2026 8:57:49 AM,WC26028607,"11XXX  LOCKRIDGE AVE N, GRANT",DIRECTED PATROL
WASHINGTON COUNTY SHERIFFS OFFICE,GRANT,6/12/2026 9:02:14 AM,WC26028608,"9XXX  Dellwood Rd N, GRANT",ALARM-BUSINESS/RES/FIRE/MEDICAL/ETC
WASHINGTON COUNTY SHERIFFS OFFICE,GRANT,6/12/2026 5:35:00 PM,WC26028701,"Highway 36 & Lake Elmo Av, GRANT",TRAFFIC STOP
WASHINGTON COUNTY SHERIFFS OFFICE,GRANT,6/12/2026 6:58:13 PM,WC26028720,"HWY 96 AT JOLIET AVE N, GRANT",DWI
WASHINGTON COUNTY SHERIFFS OFFICE,GRANT,6/12/2026 10:01:18 PM,WC26028748,"75th St N / Jamaca Ave N, GRANT",ACCIDENT
WASHINGTON COUNTY SHERIFFS OFFICE,GRANT,6/13/2026 2:27:38 AM,WC26028790,"6XXX  Inwood Ct N, GRANT",MEDICAL
WASHINGTON COUNTY SHERIFFS OFFICE,GRANT,6/13/2026 10:06:25 AM,WC26028831,"Jamaca Ave N / 75th St N, GRANT",ANIMAL COMPLAINT
WASHINGTON COUNTY SHERIFFS OFFICE,GRANT,6/13/2026 2:55:07 PM,WC26028879,"11XXX  60th St N, GRANT",ALARM-BUSINESS/RES/FIRE/MEDICAL/ETC
WASHINGTON COUNTY SHERIFFS OFFICE,GREY CLOUD ISLAND TOWNSHIP,6/8/2026 12:40:18 PM,WC26027776,"8XXX  Grey Cloud Island Dr S, GREY CLOUD ISLAND TOWNSHIP",PARKING COMPLAINT
WASHINGTON COUNTY SHERIFFS OFFICE,HUGO,6/7/2026 12:04:00 AM,WC26027522,"5XXX  - 5498 140TH ST N, HUGO",TRAFFIC STOP
WASHINGTON COUNTY SHERIFFS OFFICE,HUGO,6/7/2026 12:44:27 AM,WC26027534,"4XXX  - 5198 170TH ST N, HUGO",TRAFFIC STOP
WASHINGTON COUNTY SHERIFFS OFFICE,HUGO,6/7/2026 2:46:00 AM,WC26027548,"14XXX  - 14741 FINALE AVE N, HUGO",INCIDENT
WASHINGTON COUNTY SHERIFFS OFFICE,HUGO,6/7/2026 8:05:06 AM,WC26027568,"13XXX  ELMCREST AVE N, HUGO",ACCIDENT
WASHINGTON COUNTY SHERIFFS OFFICE,HUGO,6/7/2026 1:52:11 PM,WC26027605,"Unknown, HUGO",CITIZEN/PUBLIC ASSIST
WASHINGTON COUNTY SHERIFFS OFFICE,HUGO,6/7/2026 2:59:37 PM,WC26027610,"Oneka Pkwy N / Frenchman Rd, HUGO",ANIMAL COMPLAINT
WASHINGTON COUNTY SHERIFFS OFFICE,HUGO,6/7/2026 3:13:12 PM,WC26027612,"5XXX  UPPER 146TH ST N, HUGO",FOUND PROPERTY/ITEM
WASHINGTON COUNTY SHERIFFS OFFICE,HUGO,6/7/2026 5:14:45 PM,WC26027629,"5XXX  Ferrara Ave N, HUGO",DRIVING COMPLAINT
WASHINGTON COUNTY SHERIFFS OFFICE,HUGO,6/7/2026 5:39:49 PM,WC26027632,"5XXX  159TH ST N, HUGO",PROPERTY DAMAGE
WASHINGTON COUNTY SHERIFFS OFFICE,HUGO,6/7/2026 8:17:36 PM,WC26027648,"5XXX  130th Way N, HUGO",MEDICAL
WASHINGTON COUNTY SHERIFFS OFFICE,HUGO,6/7/2026 10:24:03 PM,WC26027673,"Hwy 61 At Frenchman Rd, HUGO",TRAFFIC COMPLAINT
WASHINGTON COUNTY SHERIFFS OFFICE,HUGO,6/8/2026 1:24:00 AM,WC26027701,"13XXX  - 13998 FOREST BLVD N, HUGO",TRAFFIC STOP
WASHINGTON COUNTY SHERIFFS OFFICE,HUGO,6/8/2026 6:55:52 AM,WC26027723,"Hwy 61 Jso 130th St N, HUGO",ACCIDENT
WASHINGTON COUNTY SHERIFFS OFFICE,HUGO,6/8/2026 9:13:00 AM,WC26027737,"6XXX  165th St N, HUGO",CHILD CUSTODY
WASHINGTON COUNTY SHERIFFS OFFICE,HUGO,6/8/2026 9:32:13 AM,WC26027747,"14XXX  Victor Hugo Blvd N, HUGO",ACCIDENT
WASHINGTON COUNTY SHERIFFS OFFICE,HUGO,6/8/2026 9:37:54 AM,WC26027750,"4XXX  149th St N, HUGO",MEDICAL
WASHINGTON COUNTY SHERIFFS OFFICE,HUGO,6/8/2026 9:49:09 AM,WC26027753,"13XXX  Elmcrest Ave N, HUGO",CHILD CUSTODY
WASHINGTON COUNTY SHERIFFS OFFICE,HUGO,6/8/2026 10:46:00 AM,WC26027616,"16XXX  FOREST BLVD N, HUGO",TRAFFIC STOP
WASHINGTON COUNTY SHERIFFS OFFICE,HUGO,6/8/2026 11:17:25 AM,WC26027771,"4XXX  Fable Hill Pkwy N, HUGO",911 ABANDONED/HANGUP/OPEN LINE
WASHINGTON COUNTY SHERIFFS OFFICE,HUGO,6/8/2026 3:33:28 PM,WC26027809,"4XXX  Rosemary Way N, HUGO",MEDICAL
WASHINGTON COUNTY SHERIFFS OFFICE,HUGO,6/8/2026 3:42:23 PM,WC26027816,"Frenchman Rd / Oneka Pkwy N, HUGO",TRAFFIC COMPLAINT
WASHINGTON COUNTY SHERIFFS OFFICE,HUGO,6/8/2026 5:05:07 PM,WC26027827,"Evergreen Dr N / Elm Dr N, HUGO",SUSPICIOUS PERSON/ACTIVITY
WASHINGTON COUNTY SHERIFFS OFFICE,HUGO,6/8/2026 5:41:36 PM,WC26027838,"5XXX  143rd Ct N, HUGO",911 ABANDONED/HANGUP/OPEN LINE
WASHINGTON COUNTY SHERIFFS OFFICE,HUGO,6/8/2026 6:31:48 PM,WC26027843,"6XXX  144th St N, HUGO",911 ABANDONED/HANGUP/OPEN LINE
WASHINGTON COUNTY SHERIFFS OFFICE,HUGO,6/8/2026 6:42:27 PM,WC26027846,"12XXX  Ivan Ave N, HUGO",911 ABANDONED/HANGUP/OPEN LINE
WASHINGTON COUNTY SHERIFFS OFFICE,HUGO,6/8/2026 7:18:01 PM,WC26027852,"Fairoaks Ave N / 162nd St N, HUGO",JUVENILE COMPLAINT
WASHINGTON COUNTY SHERIFFS OFFICE,HUGO,6/8/2026 11:00:08 PM,WC26027890,"Unknown, HUGO",WELFARE CHECK
WASHINGTON COUNTY SHERIFFS OFFICE,HUGO,6/9/2026 6:20:35 AM,WC26027924,"10XXX  122nd St N, HUGO",ALARM-BUSINESS/RES/FIRE/MEDICAL/ETC
WASHINGTON COUNTY SHERIFFS OFFICE,HUGO,6/9/2026 8:23:27 AM,WC26027932,"14XXX  Victor Hugo Blvd N, HUGO",WELFARE CHECK
WASHINGTON COUNTY SHERIFFS OFFICE,HUGO,6/9/2026 9:03:37 AM,WC26027937,"5XXX  Upper 146th St N, HUGO",911 ABANDONED/HANGUP/OPEN LINE
WASHINGTON COUNTY SHERIFFS OFFICE,HUGO,6/9/2026 10:31:21 AM,WC26027953,"5XXX  140th St N, HUGO",911 ABANDONED/HANGUP/OPEN LINE
WASHINGTON COUNTY SHERIFFS OFFICE,HUGO,6/9/2026 11:11:34 AM,WC26027960,"Elmcrest Ave N / Frenchman Rd, HUGO",ACCIDENT
WASHINGTON COUNTY SHERIFFS OFFICE,HUGO,6/9/2026 11:12:30 AM,WC26027959,"12XXX  Fenway Ave N, HUGO",MEDICAL
WASHINGTON COUNTY SHERIFFS OFFICE,HUGO,6/9/2026 12:30:07 PM,WC26027970,"12XXX  Ferrara Ave N, HUGO",ANIMAL COMPLAINT
WASHINGTON COUNTY SHERIFFS OFFICE,HUGO,6/9/2026 2:51:31 PM,WC26027994,"13XXX  Fondant Trl N, HUGO",FRAUD/SCAM
WASHINGTON COUNTY SHERIFFS OFFICE,HUGO,6/9/2026 3:27:04 PM,WC26028001,"Unknown, HUGO",LOST PROPERTY/ITEM
WASHINGTON COUNTY SHERIFFS OFFICE,HUGO,6/9/2026 3:36:36 PM,WC26028003,"14XXX  Victor Hugo Blvd N, HUGO",MEDICAL
WASHINGTON COUNTY SHERIFFS OFFICE,HUGO,6/9/2026 3:49:57 PM,WC26028007,"Hwy 61 At Frenchman Rd, HUGO",ACCIDENT
WASHINGTON COUNTY SHERIFFS OFFICE,HUGO,6/9/2026 5:31:14 PM,WC26028038,"5XXX  130th St N, HUGO",911 ABANDONED/HANGUP/OPEN LINE
WASHINGTON COUNTY SHERIFFS OFFICE,HUGO,6/10/2026 4:22:46 AM,WC26028169,"12XXX  EVERTON AVE N, HUGO",ROAD HAZARD
WASHINGTON COUNTY SHERIFFS OFFICE,HUGO,6/10/2026 5:10:26 AM,WC26028174,"Jeffrey Ave N / 152nd St N, HUGO",PUBLIC WORKS CONCERN
WASHINGTON COUNTY SHERIFFS OFFICE,HUGO,6/10/2026 5:56:42 AM,WC26028178,"6XXX  170th St N, HUGO",INCIDENT
WASHINGTON COUNTY SHERIFFS OFFICE,HUGO,6/10/2026 8:22:02 AM,WC26028191,"14XXX  FENWAY AVE N, HUGO",911 ABANDONED/HANGUP/OPEN LINE
WASHINGTON COUNTY SHERIFFS OFFICE,HUGO,6/10/2026 11:10:44 AM,WC26028234,"9XXX  170th St N, HUGO",911 ABANDONED/HANGUP/OPEN LINE
WASHINGTON COUNTY SHERIFFS OFFICE,HUGO,6/10/2026 1:14:23 PM,WC26028247,"4XXX  Rosemary Way N, HUGO",ALARM-BUSINESS/RES/FIRE/MEDICAL/ETC
WASHINGTON COUNTY SHERIFFS OFFICE,HUGO,6/10/2026 3:15:01 PM,WC26028268,"13XXX  Goodview Ave N, HUGO",OPEN DOOR/WINDOW
WASHINGTON COUNTY SHERIFFS OFFICE,HUGO,6/10/2026 4:18:33 PM,WC26028282,"5XXX  147th St N, HUGO",DWI
WASHINGTON COUNTY SHERIFFS OFFICE,HUGO,6/10/2026 4:30:38 PM,WC26028287,"14XXX  Finale Ave N, HUGO",NEIGHBOR DISPUTE
WASHINGTON COUNTY SHERIFFS OFFICE,HUGO,6/10/2026 5:33:00 PM,WC26028299,"14XXX  - 14199 FOREST BLVD N, HUGO",TRAFFIC STOP
WASHINGTON COUNTY SHERIFFS OFFICE,HUGO,6/10/2026 7:00:00 PM,WC26028321,"4XXX  - 4748 FRENCHMAN RD, HUGO",TRAFFIC STOP
WASHINGTON COUNTY SHERIFFS OFFICE,HUGO,6/10/2026 8:14:31 PM,WC26028329,"8XXX  126th St N, HUGO",PROPERTY DAMAGE
WASHINGTON COUNTY SHERIFFS OFFICE,HUGO,6/10/2026 9:17:00 PM,WC26028337,"5XXX  - 6099 EGG LAKE RD N, HUGO",TRAFFIC STOP
WASHINGTON COUNTY SHERIFFS OFFICE,HUGO,6/10/2026 10:08:41 PM,WC26028346,"4XXX  Rosemary Way N, HUGO",CHILDBIRTH
WASHINGTON COUNTY SHERIFFS OFFICE,HUGO,6/11/2026 8:02:23 AM,WC26028407,"Isleton Ave N / 140th St N, HUGO",ANIMAL COMPLAINT
WASHINGTON COUNTY SHERIFFS OFFICE,HUGO,6/11/2026 9:12:20 AM,WC26028417,"13XXX  Isleton Ave N, HUGO",FOLLOW UP
WASHINGTON COUNTY SHERIFFS OFFICE,HUGO,6/11/2026 11:58:51 AM,WC26028453,"13XXX  Freeland Ave N, HUGO",LOST PROPERTY/ITEM
WASHINGTON COUNTY SHERIFFS OFFICE,HUGO,6/11/2026 12:08:59 PM,WC26028454,"Keller Ave N / 122nd St N, HUGO",TRAFFIC COMPLAINT
WASHINGTON COUNTY SHERIFFS OFFICE,HUGO,6/11/2026 1:12:08 PM,WC26028459,"13XXX  Isleton Ave N, HUGO",FOLLOW UP
WASHINGTON COUNTY SHERIFFS OFFICE,HUGO,6/11/2026 1:25:12 PM,WC26028463,"12XXX  Ivan Ave N, HUGO",CIVIL MATTER/DISPUTE
WASHINGTON COUNTY SHERIFFS OFFICE,HUGO,6/11/2026 2:07:23 PM,WC26028487,"13XXX  Europa Trail Way N, HUGO",911 ABANDONED/HANGUP/OPEN LINE
WASHINGTON COUNTY SHERIFFS OFFICE,HUGO,6/11/2026 2:32:45 PM,WC26028484,"6XXX  177th St N, HUGO",CIVIL MATTER/DISPUTE
WASHINGTON COUNTY SHERIFFS OFFICE,HUGO,6/11/2026 3:50:03 PM,WC26028493,"13XXX  ISLETON AVE N, HUGO",FOLLOW UP
WASHINGTON COUNTY SHERIFFS OFFICE,HUGO,6/11/2026 4:43:14 PM,WC26028499,"4XXX  Fable Hill Pkwy N, HUGO",ALARM-BUSINESS/RES/FIRE/MEDICAL/ETC
WASHINGTON COUNTY SHERIFFS OFFICE,HUGO,6/11/2026 4:55:21 PM,WC26028501,"8XXX  140th St N, HUGO",ALARM-BUSINESS/RES/FIRE/MEDICAL/ETC
WASHINGTON COUNTY SHERIFFS OFFICE,HUGO,6/11/2026 5:02:56 PM,WC26028503,"14XXX  Victor Hugo Blvd N, HUGO",WELFARE CHECK
WASHINGTON COUNTY SHERIFFS OFFICE,HUGO,6/11/2026 9:49:00 PM,WC26028542,"5XXX  - 5060 FRENCHMAN RD, HUGO",TRAFFIC STOP
WASHINGTON COUNTY SHERIFFS OFFICE,HUGO,6/12/2026 1:08:21 AM,WC26028577,"Forest Blvd N / 152nd St N, HUGO",VEHICLE OFF ROAD
WASHINGTON COUNTY SHERIFFS OFFICE,HUGO,6/12/2026 8:03:53 AM,WC26028600,"16XXX  Jeffrey Ave N, HUGO",ACCIDENT
WASHINGTON COUNTY SHERIFFS OFFICE,HUGO,6/12/2026 8:35:32 AM,WC26028603,"5XXX  159th St N, HUGO",DISTURBANCE
WASHINGTON COUNTY SHERIFFS OFFICE,HUGO,6/12/2026 10:08:51 AM,WC26028625,"5XXX  170th St N, HUGO",CIVIL MATTER/DISPUTE
WASHINGTON COUNTY SHERIFFS OFFICE,HUGO,6/12/2026 10:24:33 AM,WC26028633,"6XXX  151st St N, HUGO",FRAUD/SCAM
WASHINGTON COUNTY SHERIFFS OFFICE,HUGO,6/12/2026 10:32:38 AM,WC26028626,"5XXX  120th St N, HUGO",911 ABANDONED/HANGUP/OPEN LINE
WASHINGTON COUNTY SHERIFFS OFFICE,HUGO,6/12/2026 11:59:09 AM,WC26028642,"14XXX  Victor Hugo Blvd N, HUGO",MEDICAL
WASHINGTON COUNTY SHERIFFS OFFICE,HUGO,6/12/2026 1:40:29 PM,WC26028656,"Finale Ave N / 140th St N, HUGO",DRIVING COMPLAINT
WASHINGTON COUNTY SHERIFFS OFFICE,HUGO,6/12/2026 1:43:20 PM,WC26028657,"12XXX  Hilo Ct N, HUGO",ALARM-BUSINESS/RES/FIRE/MEDICAL/ETC
WASHINGTON COUNTY SHERIFFS OFFICE,HUGO,6/12/2026 2:37:35 PM,WC26028665,"6XXX  157th St N, HUGO",OFFICER INFORMATION
WASHINGTON COUNTY SHERIFFS OFFICE,HUGO,6/12/2026 3:05:16 PM,WC26028669,"6XXX  177th St N, HUGO",MEDICAL
WASHINGTON COUNTY SHERIFFS OFFICE,HUGO,6/12/2026 4:13:02 PM,WC26028684,"14XXX  Victor Hugo Blvd N, HUGO",MEDICAL
WASHINGTON COUNTY SHERIFFS OFFICE,HUGO,6/12/2026 4:31:45 PM,WC26028689,"125th St N / 122nd St N, HUGO",WELFARE CHECK
WASHINGTON COUNTY SHERIFFS OFFICE,HUGO,6/12/2026 5:42:01 PM,WC26028703,"12XXX  Fiona Ave N, HUGO",FIRE
WASHINGTON COUNTY SHERIFFS OFFICE,HUGO,6/12/2026 7:45:55 PM,WC26028726,"HWY 61 JNO 120TH ST N, HUGO",FIRE
WASHINGTON COUNTY SHERIFFS OFFICE,HUGO,6/12/2026 10:18:24 PM,WC26028751,"5XXX  146th St N, HUGO",CIVIL MATTER/DISPUTE
WASHINGTON COUNTY SHERIFFS OFFICE,HUGO,6/12/2026 11:42:24 PM,WC26028759,"4XXX  158th St N, HUGO",DISTURBANCE
WASHINGTON COUNTY SHERIFFS OFFICE,HUGO,6/13/2026 12:00:00 AM,WC26028895,"EGG LAKE RD N & FOXHILL AVE N, HUGO",TRAFFIC STOP
WASHINGTON COUNTY SHERIFFS OFFICE,HUGO,6/13/2026 12:00:53 AM,WC26028762,"4XXX  Emmit Dr N, HUGO",CIVIL MATTER/DISPUTE
WASHINGTON COUNTY SHERIFFS OFFICE,HUGO,6/13/2026 2:51:48 AM,WC26028792,"15XXX  Enfield Ave N, HUGO",ALARM-BUSINESS/RES/FIRE/MEDICAL/ETC
WASHINGTON COUNTY SHERIFFS OFFICE,HUGO,6/13/2026 8:31:11 AM,WC26028817,"5XXX  149th St N, HUGO",MEDICAL
WASHINGTON COUNTY SHERIFFS OFFICE,HUGO,6/13/2026 10:25:22 AM,WC26028839,"6XXX  177th St N, HUGO",MEDICAL
WASHINGTON COUNTY SHERIFFS OFFICE,HUGO,6/13/2026 11:40:54 AM,WC26028849,"4XXX  EMPRESS AVE N, HUGO",MISSING PERSON
WASHINGTON COUNTY SHERIFFS OFFICE,HUGO,6/13/2026 12:01:55 PM,WC26028853,"16XXX  Forest Blvd N, HUGO",911 ABANDONED/HANGUP/OPEN LINE
WASHINGTON COUNTY SHERIFFS OFFICE,HUGO,6/13/2026 12:43:49 PM,WC26028862,"Geneva Ave N / 145th St N, HUGO",DISTURBANCE
WASHINGTON COUNTY SHERIFFS OFFICE,HUGO,6/13/2026 1:08:20 PM,WC26028867,"13XXX  Keystone Ave N, HUGO",DISTURBANCE
WASHINGTON COUNTY SHERIFFS OFFICE,HUGO,6/13/2026 1:48:22 PM,WC26028872,"5XXX  120th St N, HUGO",911 ABANDONED/HANGUP/OPEN LINE
WASHINGTON COUNTY SHERIFFS OFFICE,HUGO,6/13/2026 2:09:17 PM,WC26028875,"15XXX  Fairoaks Ave N, HUGO",CITIZEN/PUBLIC ASSIST
WASHINGTON COUNTY SHERIFFS OFFICE,HUGO,6/13/2026 3:12:30 PM,WC26028882,"14XXX  Geneva Ave N, HUGO",911 ABANDONED/HANGUP/OPEN LINE
WASHINGTON COUNTY SHERIFFS OFFICE,HUGO,6/13/2026 5:26:09 PM,WC26028897,"12XXX  Goodview Ave N, HUGO",INCIDENT
WASHINGTON COUNTY SHERIFFS OFFICE,HUGO,6/13/2026 5:46:18 PM,WC26028903,"6XXX  Goodview Trail Cir N, HUGO",ALARM-BUSINESS/RES/FIRE/MEDICAL/ETC
WASHINGTON COUNTY SHERIFFS OFFICE,HUGO,6/13/2026 5:48:44 PM,WC26028905,"14XXX  Finale Ave N, HUGO",MEDICAL
WASHINGTON COUNTY SHERIFFS OFFICE,HUGO,6/13/2026 7:16:33 PM,WC26028924,"6XXX  145th Bay N, HUGO",DANGEROUS/POTENTIALLY DANGEROUS DOG
WASHINGTON COUNTY SHERIFFS OFFICE,HUGO,6/13/2026 7:28:00 PM,WC26028926,"125TH ST N / HILO AVE N, HUGO",TRAFFIC STOP
WASHINGTON COUNTY SHERIFFS OFFICE,HUGO,6/13/2026 7:33:58 PM,WC26028929,"5XXX  135th St N, HUGO",NOISE COMPLAINT/DISTURBANCE
WASHINGTON COUNTY SHERIFFS OFFICE,HUGO,6/13/2026 9:03:21 PM,WC26028940,"5XXX  135th St N, HUGO",NOISE COMPLAINT/DISTURBANCE
WASHINGTON COUNTY SHERIFFS OFFICE,HUGO,6/13/2026 9:33:54 PM,WC26028950,"5XXX  135th St N, HUGO",NOISE COMPLAINT/DISTURBANCE
WASHINGTON COUNTY SHERIFFS OFFICE,HUGO,6/13/2026 10:06:12 PM,WC26028956,"13XXX  135TH CT N, HUGO",HARASSMENT
WASHINGTON COUNTY SHERIFFS OFFICE,HUGO,6/13/2026 11:28:44 PM,WC26028975,"12XXX  Foxhill Ave N, HUGO",MEDICAL
WASHINGTON COUNTY SHERIFFS OFFICE,HUGO,6/13/2026 11:31:25 PM,WC26028978,"12XXX  Fondant Trl N, HUGO",JUVENILE COMPLAINT
WASHINGTON COUNTY SHERIFFS OFFICE,LAKE ELMO,6/7/2026 12:54:59 AM,WC26027538,"11XXX  14th St N, LAKE ELMO",MEDICAL
WASHINGTON COUNTY SHERIFFS OFFICE,LAKE ELMO,6/7/2026 4:20:42 AM,WC26027560,"11XXX  21st St N, LAKE ELMO",OFFICER INFORMATION
WASHINGTON COUNTY SHERIFFS OFFICE,LAKE ELMO,6/7/2026 4:53:12 AM,WC26027562,"8XXX  59th St N, LAKE ELMO",MEDICAL
WASHINGTON COUNTY SHERIFFS OFFICE,LAKE ELMO,6/7/2026 6:43:42 AM,WC26027564,"2XXX  Lisbon Ave N, LAKE ELMO",ANIMAL COMPLAINT
WASHINGTON COUNTY SHERIFFS OFFICE,LAKE ELMO,6/7/2026 11:25:39 AM,WC26027594,"9XXX  4th St N, LAKE ELMO",SUSPICIOUS PERSON/ACTIVITY
WASHINGTON COUNTY SHERIFFS OFFICE,LAKE ELMO,6/7/2026 2:11:43 PM,WC26027607,"XX Cimarron, LAKE ELMO",MEDICAL
WASHINGTON COUNTY SHERIFFS OFFICE,LAKE ELMO,6/7/2026 2:41:28 PM,WC26027609,"10XXX  Hudson Blvd N, LAKE ELMO",MOTOR VEHICLE THEFT
WASHINGTON COUNTY SHERIFFS OFFICE,LAKE ELMO,6/7/2026 5:38:47 PM,WC26027633,"Unknown, LAKE ELMO",WELFARE CHECK
WASHINGTON COUNTY SHERIFFS OFFICE,LAKE ELMO,6/7/2026 5:49:51 PM,WC26027634,"XXX Julep Ave N, LAKE ELMO",REQUEST FOR EMERGENCY EXAM - 72 HR HOLD
WASHINGTON COUNTY SHERIFFS OFFICE,LAKE ELMO,6/7/2026 9:31:00 PM,WC26027655,"Hwy 36 Eb Jwo Lake Elmo Ave N, LAKE ELMO",TRAFFIC STOP
WASHINGTON COUNTY SHERIFFS OFFICE,LAKE ELMO,6/7/2026 11:32:00 PM,WC26027686,"Hwy 36 Eb Jwo Manning Ave N, LAKE ELMO",DWI
WASHINGTON COUNTY SHERIFFS OFFICE,LAKE ELMO,6/8/2026 11:50:05 AM,WC26027773,"Unknown, LAKE ELMO",FOLLOW UP
WASHINGTON COUNTY SHERIFFS OFFICE,LAKE ELMO,6/8/2026 12:19:38 PM,WC26027775,"10XXX  40th St N, LAKE ELMO",ANIMAL BITE
WASHINGTON COUNTY SHERIFFS OFFICE,LAKE ELMO,6/8/2026 1:16:12 PM,WC26027782,"HUDSON BLVD N / KEATS AVE N, LAKE ELMO",MOTORIST ASSIST
WASHINGTON COUNTY SHERIFFS OFFICE,LAKE ELMO,6/8/2026 1:23:09 PM,WC26027784,"11XXX  Upper 30th St N, LAKE ELMO",ALARM-BUSINESS/RES/FIRE/MEDICAL/ETC
WASHINGTON COUNTY SHERIFFS OFFICE,LAKE ELMO,6/8/2026 1:33:37 PM,WC26027790,"XX Hwy 36 Wb Jwo Lake Elmo Ave N, LAKE ELMO",DRIVING COMPLAINT
WASHINGTON COUNTY SHERIFFS OFFICE,LAKE ELMO,6/8/2026 4:04:15 PM,WC26027820,"3XXX  Lake Elmo Ave N, LAKE ELMO",DEATH INVESTIGATION
WASHINGTON COUNTY SHERIFFS OFFICE,LAKE ELMO,6/8/2026 4:05:16 PM,WC26027819,"11XXX  21ST ST N, LAKE ELMO",WANTED PERSON-KOPS ALERT/ATL
WASHINGTON COUNTY SHERIFFS OFFICE,LAKE ELMO,6/8/2026 7:41:41 PM,WC26027855,"9XXX  Jane Rd N, LAKE ELMO",FOLLOW UP
WASHINGTON COUNTY SHERIFFS OFFICE,LAKE ELMO,6/8/2026 9:08:22 PM,WC26027868,"11XXX  Blazingstar Ln N, LAKE ELMO",MEDICAL
WASHINGTON COUNTY SHERIFFS OFFICE,LAKE ELMO,6/8/2026 9:20:56 PM,WC26027871,"10XXX  32nd St N, LAKE ELMO",TRESPASSING
WASHINGTON COUNTY SHERIFFS OFFICE,LAKE ELMO,6/8/2026 9:26:50 PM,WC26027872,"HWY 36 EB JEO LAKE ELMO AVE N, LAKE ELMO",MOTORIST ASSIST
WASHINGTON COUNTY SHERIFFS OFFICE,LAKE ELMO,6/8/2026 9:36:15 PM,WC26027876,"8XXX  Hill Trl N, LAKE ELMO",DRUGS
WASHINGTON COUNTY SHERIFFS OFFICE,LAKE ELMO,6/8/2026 9:50:31 PM,WC26027885,"8XXX  27th St N, LAKE ELMO",WELFARE CHECK
WASHINGTON COUNTY SHERIFFS OFFICE,LAKE ELMO,6/9/2026 2:12:10 AM,WC26027913,"Hwy 36 Eb Jwo Lake Elmo Ave N, LAKE ELMO",WELFARE CHECK
WASHINGTON COUNTY SHERIFFS OFFICE,LAKE ELMO,6/9/2026 2:50:00 AM,WC26027915,"11XXX  - 11899 Highway 36, LAKE ELMO",TRAFFIC STOP
WASHINGTON COUNTY SHERIFFS OFFICE,LAKE ELMO,6/9/2026 2:45:41 PM,WC26027993,"Unknown, LAKE ELMO",FOLLOW UP
WASHINGTON COUNTY SHERIFFS OFFICE,LAKE ELMO,6/9/2026 2:59:57 PM,WC26027997,"11XXX  4th St N, LAKE ELMO",HARASSMENT
WASHINGTON COUNTY SHERIFFS OFFICE,LAKE ELMO,6/9/2026 3:56:01 PM,WC26028008,"2XXX  KEATS AVE N, LAKE ELMO",PARKING VIOLATION
WASHINGTON COUNTY SHERIFFS OFFICE,LAKE ELMO,6/9/2026 4:11:18 PM,WC26028012,"HWY 36 WB JWO MANNING AVE N, LAKE ELMO",MOTORIST ASSIST
WASHINGTON COUNTY SHERIFFS OFFICE,LAKE ELMO,6/9/2026 4:13:32 PM,WC26028013,"Stillwater Blvd N / 50th St N, LAKE ELMO",ACCIDENT
WASHINGTON COUNTY SHERIFFS OFFICE,LAKE ELMO,6/9/2026 5:27:15 PM,WC26028037,"8XXX  21st St N, LAKE ELMO",SUSPICIOUS PERSON/ACTIVITY
WASHINGTON COUNTY SHERIFFS OFFICE,LAKE ELMO,6/9/2026 7:44:01 PM,WC26028066,"8XXX  Lake Jane Trl N, LAKE ELMO",NOISE COMPLAINT/DISTURBANCE
WASHINGTON COUNTY SHERIFFS OFFICE,LAKE ELMO,6/9/2026 7:48:48 PM,WC26028069,"XXX Julia Ave N, LAKE ELMO",TRESPASSING
WASHINGTON COUNTY SHERIFFS OFFICE,LAKE ELMO,6/9/2026 7:49:00 PM,WC26028068,"INWOOD AVE N / 10TH ST N, LAKE ELMO",TRAFFIC STOP
WASHINGTON COUNTY SHERIFFS OFFICE,LAKE ELMO,6/9/2026 8:07:30 PM,WC26028072,"Unknown, LAKE ELMO",OFFICER INFORMATION
WASHINGTON COUNTY SHERIFFS OFFICE,LAKE ELMO,6/9/2026 9:54:04 PM,WC26028104,"1XXX  Keats Ave N, LAKE ELMO",CITIZEN/PUBLIC ASSIST
WASHINGTON COUNTY SHERIFFS OFFICE,LAKE ELMO,6/9/2026 10:38:19 PM,WC26028114,"11XXX  Blazingstar Ln N, LAKE ELMO",ALARM-BUSINESS/RES/FIRE/MEDICAL/ETC
WASHINGTON COUNTY SHERIFFS OFFICE,LAKE ELMO,6/10/2026 12:22:39 AM,WC26028132,"XXX Jasmine Ave N, LAKE ELMO",FIREWORKS
WASHINGTON COUNTY SHERIFFS OFFICE,LAKE ELMO,6/10/2026 1:01:18 AM,WC26028142,"XX Cimarron, LAKE ELMO",MEDICAL
WASHINGTON COUNTY SHERIFFS OFFICE,LAKE ELMO,6/10/2026 2:09:00 AM,WC26028154,"HWY 36 WB AT DEMONTREVILLE TRL N, LAKE ELMO",TRAFFIC STOP
WASHINGTON COUNTY SHERIFFS OFFICE,LAKE ELMO,6/10/2026 8:36:34 AM,WC26028194,"9XXX  Jamaca Ct N, LAKE ELMO",CIVIL MATTER/DISPUTE
WASHINGTON COUNTY SHERIFFS OFFICE,LAKE ELMO,6/10/2026 10:41:50 AM,WC26028223,"XXX June Ave N, LAKE ELMO",TRAFFIC COMPLAINT
WASHINGTON COUNTY SHERIFFS OFFICE,LAKE ELMO,6/10/2026 11:04:42 AM,WC26028231,"11XXX  39th St N, LAKE ELMO",MEDICAL
WASHINGTON COUNTY SHERIFFS OFFICE,LAKE ELMO,6/10/2026 12:43:37 PM,WC26028244,"9XXX  Hudson Blvd N, LAKE ELMO",ACCIDENT
WASHINGTON COUNTY SHERIFFS OFFICE,LAKE ELMO,6/10/2026 1:59:29 PM,WC26028255,"Unknown, LAKE ELMO",FOLLOW UP
WASHINGTON COUNTY SHERIFFS OFFICE,LAKE ELMO,6/10/2026 3:41:51 PM,WC26028273,"XX Cimarron, LAKE ELMO",CITIZEN/PUBLIC ASSIST
WASHINGTON COUNTY SHERIFFS OFFICE,LAKE ELMO,6/10/2026 5:21:09 PM,WC26028297,"Keats Ave N / Hudson Blvd N, LAKE ELMO",ACCIDENT
WASHINGTON COUNTY SHERIFFS OFFICE,LAKE ELMO,6/10/2026 6:11:58 PM,WC26028309,"8XXX  5th St N, LAKE ELMO",911 ABANDONED/HANGUP/OPEN LINE
WASHINGTON COUNTY SHERIFFS OFFICE,LAKE ELMO,6/10/2026 6:13:50 PM,WC26028311,"1XXX  Annika Dr N, LAKE ELMO",ALARM-BUSINESS/RES/FIRE/MEDICAL/ETC
WASHINGTON COUNTY SHERIFFS OFFICE,LAKE ELMO,6/11/2026 1:04:22 AM,WC26028364,"XX Cimarron, LAKE ELMO",MEDICAL
WASHINGTON COUNTY SHERIFFS OFFICE,LAKE ELMO,6/11/2026 3:34:22 AM,WC26028382,"LAKE ELMO AVE N / 10TH ST N, LAKE ELMO",SUSPICIOUS PERSON/ACTIVITY
WASHINGTON COUNTY SHERIFFS OFFICE,LAKE ELMO,6/11/2026 4:44:11 AM,WC26028385,"Stillwater Way N / Stillwater Blvd N, LAKE ELMO",WELFARE CHECK
WASHINGTON COUNTY SHERIFFS OFFICE,LAKE ELMO,6/11/2026 5:26:19 AM,WC26028390,"11XXX  Upper 31st St N, LAKE ELMO",ALARM-BUSINESS/RES/FIRE/MEDICAL/ETC
WASHINGTON COUNTY SHERIFFS OFFICE,LAKE ELMO,6/11/2026 6:33:13 AM,WC26028395,"10XXX  10th St N, LAKE ELMO",BURGLARY
WASHINGTON COUNTY SHERIFFS OFFICE,LAKE ELMO,6/11/2026 8:45:21 AM,WC26028412,"Hwy 36 Eb At Lake Elmo Ave N, LAKE ELMO",DRIVING COMPLAINT
WASHINGTON COUNTY SHERIFFS OFFICE,LAKE ELMO,6/11/2026 11:36:33 AM,WC26028449,"XXX Jade Trl N, LAKE ELMO",MEDICAL
WASHINGTON COUNTY SHERIFFS OFFICE,LAKE ELMO,6/11/2026 12:44:07 PM,WC26028456,"1XXX  Keats Ave N, LAKE ELMO",PARK COMPLAINT
WASHINGTON COUNTY SHERIFFS OFFICE,LAKE ELMO,6/11/2026 1:28:16 PM,WC26028464,"XX Hwy 36 Wb Jeo Keats Ave N, LAKE ELMO",DRIVING COMPLAINT
WASHINGTON COUNTY SHERIFFS OFFICE,LAKE ELMO,6/11/2026 2:51:04 PM,WC26028483,"2XXX  30th Street Cir N, LAKE ELMO",911 ABANDONED/HANGUP/OPEN LINE
WASHINGTON COUNTY SHERIFFS OFFICE,LAKE ELMO,6/11/2026 4:39:03 PM,WC26028496,"9XXX  Tapestry Grv, LAKE ELMO",SUSPICIOUS PERSON/ACTIVITY
WASHINGTON COUNTY SHERIFFS OFFICE,LAKE ELMO,6/11/2026 5:51:03 PM,WC26028506,"2XXX  Lake Elmo Ave N, LAKE ELMO",CHILD CUSTODY
WASHINGTON COUNTY SHERIFFS OFFICE,LAKE ELMO,6/11/2026 7:41:01 PM,WC26028522,"12XXX  Marquess Ln N, LAKE ELMO",DISTURBANCE
WASHINGTON COUNTY SHERIFFS OFFICE,LAKE ELMO,6/11/2026 7:45:32 PM,WC26028527,"8XXX  Demontreville Trl N, LAKE ELMO",911 ABANDONED/HANGUP/OPEN LINE
WASHINGTON COUNTY SHERIFFS OFFICE,LAKE ELMO,6/11/2026 8:14:16 PM,WC26028528,"3XXX  Kirkwood Ln N, LAKE ELMO",RUNAWAY
WASHINGTON COUNTY SHERIFFS OFFICE,LAKE ELMO,6/11/2026 9:02:00 PM,WC26028533,"8XXX  - 9587 Highway 36, LAKE ELMO",TRAFFIC STOP
WASHINGTON COUNTY SHERIFFS OFFICE,LAKE ELMO,6/12/2026 12:12:14 AM,WC26028569,"Hwy 36 Wb Jwo Demontreville Trl N, LAKE ELMO",DRIVING COMPLAINT
WASHINGTON COUNTY SHERIFFS OFFICE,LAKE ELMO,6/12/2026 12:48:00 AM,WC26028572,"Hwy 36 Eb Jwo Lake Elmo Ave N, LAKE ELMO",TRAFFIC STOP
WASHINGTON COUNTY SHERIFFS OFFICE,LAKE ELMO,6/12/2026 1:06:23 AM,WC26028576,"10XXX  10th St N, LAKE ELMO",ALARM-BUSINESS/RES/FIRE/MEDICAL/ETC
WASHINGTON COUNTY SHERIFFS OFFICE,LAKE ELMO,6/12/2026 8:42:55 AM,WC26028604,"16XXX -498 Keats Ave N, LAKE ELMO",911 ABANDONED/HANGUP/OPEN LINE
WASHINGTON COUNTY SHERIFFS OFFICE,LAKE ELMO,6/12/2026 1:12:56 PM,WC26028649,"9XXX  Hudson Blvd N, LAKE ELMO",VEHICLE TAMPERING
WASHINGTON COUNTY SHERIFFS OFFICE,LAKE ELMO,6/12/2026 2:01:28 PM,WC26028661,"XXX Jade Trl N, LAKE ELMO",LOCKOUT
WASHINGTON COUNTY SHERIFFS OFFICE,LAKE ELMO,6/12/2026 3:25:23 PM,WC26028672,"4XXX  Linden Trl N, LAKE ELMO",PARKING COMPLAINT
WASHINGTON COUNTY SHERIFFS OFFICE,LAKE ELMO,6/12/2026 3:41:42 PM,WC26028677,"3XXX  Lake Elmo Ave N, LAKE ELMO",ACCIDENT
WASHINGTON COUNTY SHERIFFS OFFICE,LAKE ELMO,6/12/2026 3:42:15 PM,WC26028678,"INWOOD AVE N / 3RD ST N, LAKE ELMO",ACCIDENT
WASHINGTON COUNTY SHERIFFS OFFICE,LAKE ELMO,6/12/2026 3:55:45 PM,WC26028682,"11XXX  39th St N, LAKE ELMO",911 ABANDONED/HANGUP/OPEN LINE
WASHINGTON COUNTY SHERIFFS OFFICE,LAKE ELMO,6/12/2026 4:41:11 PM,WC26028690,"10th St N / Island Trl, LAKE ELMO",DRIVING COMPLAINT
WASHINGTON COUNTY SHERIFFS OFFICE,LAKE ELMO,6/12/2026 6:38:43 PM,WC26028715,"9XXX  6th St N, LAKE ELMO",911 ABANDONED/HANGUP/OPEN LINE
WASHINGTON COUNTY SHERIFFS OFFICE,LAKE ELMO,6/12/2026 7:18:42 PM,WC26028723,"8XXX  Lake Jane Trl N, LAKE ELMO",NOISE COMPLAINT/DISTURBANCE
WASHINGTON COUNTY SHERIFFS OFFICE,LAKE ELMO,6/12/2026 7:51:00 PM,WC26028727,"10TH ST N / LEEWARD AVE N, LAKE ELMO",TRAFFIC STOP
WASHINGTON COUNTY SHERIFFS OFFICE,LAKE ELMO,6/12/2026 8:48:11 PM,WC26028735,"9XXX  - 9839 45TH ST N, LAKE ELMO",DIRECTED PATROL
WASHINGTON COUNTY SHERIFFS OFFICE,LAKE ELMO,6/12/2026 9:14:00 PM,WC26028738,"10TH ST N / LAKE ELMO AVE N, LAKE ELMO",TRAFFIC STOP
WASHINGTON COUNTY SHERIFFS OFFICE,LAKE ELMO,6/12/2026 10:39:22 PM,WC26028755,"KEATS AVE N / HUDSON BLVD N, LAKE ELMO",TRAFFIC STOP
WASHINGTON COUNTY SHERIFFS OFFICE,LAKE ELMO,6/13/2026 1:11:48 AM,WC26028778,"Highway 36/KEATS AVE, LAKE ELMO",CITIZEN/PUBLIC ASSIST
WASHINGTON COUNTY SHERIFFS OFFICE,LAKE ELMO,6/13/2026 3:33:30 AM,WC26028795,"10XXX  32nd St N, LAKE ELMO",MEDICAL
WASHINGTON COUNTY SHERIFFS OFFICE,LAKE ELMO,6/13/2026 7:43:00 AM,WC26028810,"INWOOD AVE N / 26TH ST N, LAKE ELMO",TRAFFIC STOP
WASHINGTON COUNTY SHERIFFS OFFICE,LAKE ELMO,6/13/2026 8:02:00 AM,WC26028813,"Manning Ave N / 30th St N, LAKE ELMO",TRAFFIC STOP
WASHINGTON COUNTY SHERIFFS OFFICE,LAKE ELMO,6/13/2026 9:45:49 AM,WC26028829,"11XXX  39th St N, LAKE ELMO",MEDICAL
WASHINGTON COUNTY SHERIFFS OFFICE,LAKE ELMO,6/13/2026 12:33:35 PM,WC26028860,"8XXX  5th St N, LAKE ELMO",DRIVING COMPLAINT
WASHINGTON COUNTY SHERIFFS OFFICE,LAKE ELMO,6/13/2026 12:55:25 PM,WC26028864,"11XXX  10TH ST N, LAKE ELMO",THEFT
WASHINGTON COUNTY SHERIFFS OFFICE,LAKE ELMO,6/13/2026 2:34:59 PM,WC26028877,"Hwy 36 Wb At Lake Elmo Ave N, LAKE ELMO",ACCIDENT
WASHINGTON COUNTY SHERIFFS OFFICE,LAKE ELMO,6/13/2026 2:54:15 PM,WC26028878,"I94 WB AT MANNING AVE N, LAKE ELMO",ACCIDENT
WASHINGTON COUNTY SHERIFFS OFFICE,LAKE ELMO,6/13/2026 3:00:02 PM,WC26028881,"10XXX  Tapestry Rd, LAKE ELMO",SUSPICIOUS PERSON/ACTIVITY
WASHINGTON COUNTY SHERIFFS OFFICE,LAKE ELMO,6/13/2026 4:00:07 PM,WC26028885,"9XXX  - 9838 45TH ST N, LAKE ELMO",DIRECTED PATROL
WASHINGTON COUNTY SHERIFFS OFFICE,LAKE ELMO,6/13/2026 4:21:41 PM,WC26028888,"MANNING AVE N / 30TH ST N, LAKE ELMO",DRIVING COMPLAINT
WASHINGTON COUNTY SHERIFFS OFFICE,LAKE ELMO,6/13/2026 4:56:28 PM,WC26028893,"XXX James Ave N, LAKE ELMO",MEDICAL
WASHINGTON COUNTY SHERIFFS OFFICE,LAKE ELMO,6/13/2026 5:26:27 PM,WC26028899,"8XXX  21st St N, LAKE ELMO",911 ABANDONED/HANGUP/OPEN LINE
WASHINGTON COUNTY SHERIFFS OFFICE,LAKE ELMO,6/13/2026 7:38:28 PM,WC26028928,"Inwood Ave N / 15th St N, LAKE ELMO",VEHICLE OFF ROAD
WASHINGTON COUNTY SHERIFFS OFFICE,LAKE ELMO,6/13/2026 7:43:50 PM,WC26028931,"9XXX  53RD ST N, LAKE ELMO",MEDICAL
WASHINGTON COUNTY SHERIFFS OFFICE,LAKE ELMO,6/13/2026 8:24:22 PM,WC26028934,"8XXX  Eagle Point Blvd, LAKE ELMO",CIVIL MATTER/DISPUTE
WASHINGTON COUNTY SHERIFFS OFFICE,LAKE ELMO,6/13/2026 9:11:08 PM,WC26028946,"8XXX  Lake Jane Trl N, LAKE ELMO",NOISE COMPLAINT/DISTURBANCE
WASHINGTON COUNTY SHERIFFS OFFICE,LAKE SAINT CROIX BEACH,6/9/2026 5:25:52 PM,WC26028036,"16XXX  18th St S, LAKE SAINT CROIX BEACH",FOLLOW UP
WASHINGTON COUNTY SHERIFFS OFFICE,LAKE SAINT CROIX BEACH,6/10/2026 3:21:00 PM,WC26028270,"16XXX  - 16873 19TH ST S, LAKE SAINT CROIX BEACH",PARKING VIOLATION
WASHINGTON COUNTY SHERIFFS OFFICE,LAKE SAINT CROIX BEACH,6/12/2026 1:57:04 PM,WC26028663,"Lake St Croix Beach Stairs 6, LAKE SAINT CROIX BEACH",JUVENILE COMPLAINT
WASHINGTON COUNTY SHERIFFS OFFICE,LAKELAND,6/7/2026 1:36:13 AM,WC26027542,"80XXX -BLK SAINT CROIX TRL N, LAKELAND",ANIMAL COMPLAINT
WASHINGTON COUNTY SHERIFFS OFFICE,LAKELAND,6/7/2026 9:47:48 AM,WC26027573,"SAINT CROIX RIVER-LL, LAKELAND",BOAT STOP
WASHINGTON COUNTY SHERIFFS OFFICE,LAKELAND,6/7/2026 2:34:13 PM,WC26027608,"16XXX  6th St N, LAKELAND",911 ABANDONED/HANGUP/OPEN LINE
WASHINGTON COUNTY SHERIFFS OFFICE,LAKELAND,6/8/2026 2:57:40 AM,WC26027707,"XXX Quehl Ave S, LAKELAND",MEDICAL
WASHINGTON COUNTY SHERIFFS OFFICE,LAKELAND,6/9/2026 2:39:46 AM,WC26027914,"1XXX  Saint Croix Trl S, LAKELAND",ALARM-BUSINESS/RES/FIRE/MEDICAL/ETC
WASHINGTON COUNTY SHERIFFS OFFICE,LAKELAND,6/11/2026 5:40:51 AM,WC26028389,"I94 Bridge (hudson): I94 Wb - Mn, LAKELAND",ASSIST OTHER AGENCY
WASHINGTON COUNTY SHERIFFS OFFICE,LAKELAND,6/11/2026 1:14:31 PM,WC26028460,"XXX Quinlan Ave N, LAKELAND",CITIZEN/PUBLIC ASSIST
WASHINGTON COUNTY SHERIFFS OFFICE,LAKELAND,6/12/2026 1:46:28 PM,WC26028658,"Saint Croix Trl N / 8th St N, LAKELAND",ACCIDENT
WASHINGTON COUNTY SHERIFFS OFFICE,LAKELAND,6/12/2026 3:59:32 PM,WC26028679,"XXX Quality Ave N, LAKELAND",911 ABANDONED/HANGUP/OPEN LINE
WASHINGTON COUNTY SHERIFFS OFFICE,LAKELAND,6/13/2026 12:35:47 PM,WC26028859,"SAINT CROIX RIVER-LL, LAKELAND",BOAT STOP
WASHINGTON COUNTY SHERIFFS OFFICE,LANDFALL,6/7/2026 9:56:06 AM,WC26027578,"XX 2ND AVE, LANDFALL",911 ABANDONED/HANGUP/OPEN LINE
WASHINGTON COUNTY SHERIFFS OFFICE,LANDFALL,6/7/2026 11:15:00 PM,WC26027683,"XX Aspen Way, LANDFALL",NOISE COMPLAINT/DISTURBANCE
WASHINGTON COUNTY SHERIFFS OFFICE,LANDFALL,6/10/2026 10:39:11 PM,WC26028350,"XX Evergreen Dr, LANDFALL",NOISE COMPLAINT/DISTURBANCE
WASHINGTON COUNTY SHERIFFS OFFICE,LANDFALL,6/11/2026 9:25:36 AM,WC26028432,"XX Linden Ln, LANDFALL",CITIZEN/PUBLIC ASSIST
WASHINGTON COUNTY SHERIFFS OFFICE,LANDFALL,6/11/2026 9:44:23 PM,WC26028541,"2XXX  Hudson Blvd N, LANDFALL",ALARM-BUSINESS/RES/FIRE/MEDICAL/ETC
WASHINGTON COUNTY SHERIFFS OFFICE,LANDFALL,6/12/2026 12:48:49 AM,WC26028573,"XX Linden Ln, LANDFALL",HARASSMENT
WASHINGTON COUNTY SHERIFFS OFFICE,LANDFALL,6/12/2026 12:06:52 PM,WC26028644,"2XXX  Hudson Blvd N, LANDFALL",CIVIL MATTER/DISPUTE
WASHINGTON COUNTY SHERIFFS OFFICE,LANDFALL,6/12/2026 3:01:34 PM,WC26028668,"XX 2nd Ave, LANDFALL",MEDICAL
WASHINGTON COUNTY SHERIFFS OFFICE,LANDFALL,6/12/2026 10:12:00 PM,WC26028750,"XX 5TH AVE, LANDFALL",TRAFFIC STOP
WASHINGTON COUNTY SHERIFFS OFFICE,LANDFALL,6/12/2026 10:26:41 PM,WC26028753,"2XXX  HUDSON BLVD N, LANDFALL",TRAFFIC STOP
WASHINGTON COUNTY SHERIFFS OFFICE,MAHTOMEDI,6/7/2026 5:15:45 AM,WC26027563,"XXX Wildwood Rd, MAHTOMEDI",911 ABANDONED/HANGUP/OPEN LINE
WASHINGTON COUNTY SHERIFFS OFFICE,MAHTOMEDI,6/7/2026 9:40:25 AM,WC26027572,"XXX Wedgewood Dr, MAHTOMEDI",SUSPICIOUS PERSON/ACTIVITY
WASHINGTON COUNTY SHERIFFS OFFICE,MAHTOMEDI,6/7/2026 9:56:32 AM,WC26027577,"XXX Wedgewood Ct, MAHTOMEDI",MEDICAL
WASHINGTON COUNTY SHERIFFS OFFICE,MAHTOMEDI,6/7/2026 10:39:25 AM,WC26027585,"XXX 69th St N, MAHTOMEDI",911 ABANDONED/HANGUP/OPEN LINE
WASHINGTON COUNTY SHERIFFS OFFICE,MAHTOMEDI,6/7/2026 10:52:53 AM,WC26027588,"XXX 69th St N, MAHTOMEDI",911 ABANDONED/HANGUP/OPEN LINE
WASHINGTON COUNTY SHERIFFS OFFICE,MAHTOMEDI,6/7/2026 11:33:08 AM,WC26027595,"1XXX  Dunbar Way, MAHTOMEDI",ALARM-BUSINESS/RES/FIRE/MEDICAL/ETC
WASHINGTON COUNTY SHERIFFS OFFICE,MAHTOMEDI,6/7/2026 6:35:38 PM,WC26027639,"XXX Wildwood Rd, MAHTOMEDI",DEATH
WASHINGTON COUNTY SHERIFFS OFFICE,MAHTOMEDI,6/7/2026 7:28:48 PM,WC26027645,"XXX Stillwater Rd, MAHTOMEDI",MEDICAL
WASHINGTON COUNTY SHERIFFS OFFICE,MAHTOMEDI,6/7/2026 9:51:16 PM,WC26027667,"XXX Wildwood Rd, MAHTOMEDI",FOLLOW UP
WASHINGTON COUNTY SHERIFFS OFFICE,MAHTOMEDI,6/7/2026 10:40:11 PM,WC26027677,"XXX Echo Shores Ct, MAHTOMEDI",LIFT ASSIST
WASHINGTON COUNTY SHERIFFS OFFICE,MAHTOMEDI,6/7/2026 10:42:51 PM,WC26027679,"XXX Old Wildwood Rd, MAHTOMEDI",ALARM-BUSINESS/RES/FIRE/MEDICAL/ETC
WASHINGTON COUNTY SHERIFFS OFFICE,MAHTOMEDI,6/8/2026 12:55:56 PM,WC26027778,"1XXX  Bryant Ave, MAHTOMEDI",ALARM-BUSINESS/RES/FIRE/MEDICAL/ETC
WASHINGTON COUNTY SHERIFFS OFFICE,MAHTOMEDI,6/8/2026 2:52:25 PM,WC26027805,"XX - 199 BRIARWOOD AVE, MAHTOMEDI",PARK COMPLAINT
WASHINGTON COUNTY SHERIFFS OFFICE,MAHTOMEDI,6/8/2026 4:52:41 PM,WC26027822,"XXX Stillwater Rd, MAHTOMEDI",THEFT
WASHINGTON COUNTY SHERIFFS OFFICE,MAHTOMEDI,6/8/2026 5:32:58 PM,WC26027834,"XXX Wedgewood Dr, MAHTOMEDI",HARASSMENT
WASHINGTON COUNTY SHERIFFS OFFICE,MAHTOMEDI,6/8/2026 6:46:30 PM,WC26027847,"XX Mahtomedi Ave, MAHTOMEDI",CIVIL MATTER/DISPUTE
WASHINGTON COUNTY SHERIFFS OFFICE,MAHTOMEDI,6/8/2026 8:15:55 PM,WC26027858,"XXX Stillwater Rd, MAHTOMEDI",MEDICAL
WASHINGTON COUNTY SHERIFFS OFFICE,MAHTOMEDI,6/8/2026 8:28:12 PM,WC26027859,"XXX STILLWATER RD, MAHTOMEDI",INCIDENT
WASHINGTON COUNTY SHERIFFS OFFICE,MAHTOMEDI,6/8/2026 8:47:25 PM,WC26027866,"XXX Wedgewood Dr, MAHTOMEDI",HARASSMENT
WASHINGTON COUNTY SHERIFFS OFFICE,MAHTOMEDI,6/8/2026 9:32:00 PM,WC26027873,"XXX - 188 EAST AVE, MAHTOMEDI",TRAFFIC STOP
WASHINGTON COUNTY SHERIFFS OFFICE,MAHTOMEDI,6/9/2026 12:34:00 AM,WC26027899,"CENTURY AVE / WILDWOOD RD, MAHTOMEDI",TRAFFIC STOP
WASHINGTON COUNTY SHERIFFS OFFICE,MAHTOMEDI,6/9/2026 11:21:00 AM,WC26027963,"WILDWOOD RD / BIRCHWOOD ROAD, MAHTOMEDI",TRAFFIC STOP
WASHINGTON COUNTY SHERIFFS OFFICE,MAHTOMEDI,6/9/2026 11:37:04 AM,WC26027966,"XX Mahtomedi Ave, MAHTOMEDI",MEDICAL
WASHINGTON COUNTY SHERIFFS OFFICE,MAHTOMEDI,6/9/2026 11:55:20 AM,WC26027968,"XX Fir St, MAHTOMEDI",MEDICAL
WASHINGTON COUNTY SHERIFFS OFFICE,MAHTOMEDI,6/9/2026 3:38:00 PM,WC26028002,"WILDWOOD RD / OLD WILDWOOD RD, MAHTOMEDI",TRAFFIC STOP
WASHINGTON COUNTY SHERIFFS OFFICE,MAHTOMEDI,6/9/2026 7:18:15 PM,WC26028062,"XXX Kenwood St, MAHTOMEDI",PARKING COMPLAINT
WASHINGTON COUNTY SHERIFFS OFFICE,MAHTOMEDI,6/9/2026 8:34:01 PM,WC26028077,"1XXX  Griffin Ave, MAHTOMEDI",CIVIL MATTER/DISPUTE
WASHINGTON COUNTY SHERIFFS OFFICE,MAHTOMEDI,6/9/2026 9:21:00 PM,WC26028091,"HILTON TRL N / HALLAM AVE S, MAHTOMEDI",TRAFFIC STOP
WASHINGTON COUNTY SHERIFFS OFFICE,MAHTOMEDI,6/9/2026 10:51:46 PM,WC26028119,"MAHTOMEDI AVE / BIRCH ST, MAHTOMEDI",TRAFFIC STOP
WASHINGTON COUNTY SHERIFFS OFFICE,MAHTOMEDI,6/9/2026 10:58:17 PM,WC26028122,"XXX Wildwood Rd, MAHTOMEDI",MEDICAL
WASHINGTON COUNTY SHERIFFS OFFICE,MAHTOMEDI,6/9/2026 11:05:46 PM,WC26028124,"Unknown, MAHTOMEDI",ASSIST OTHER AGENCY
WASHINGTON COUNTY SHERIFFS OFFICE,MAHTOMEDI,6/10/2026 4:06:23 AM,WC26028167,"XXX Arcwood Rd, MAHTOMEDI",ALARM-BUSINESS/RES/FIRE/MEDICAL/ETC
WASHINGTON COUNTY SHERIFFS OFFICE,MAHTOMEDI,6/10/2026 4:14:47 AM,WC26028168,"XXX Wildridge Ct, MAHTOMEDI",MEDICAL
WASHINGTON COUNTY SHERIFFS OFFICE,MAHTOMEDI,6/10/2026 6:20:14 AM,WC26028179,"XXX Wildwood Rd, MAHTOMEDI",ALARM-BUSINESS/RES/FIRE/MEDICAL/ETC
WASHINGTON COUNTY SHERIFFS OFFICE,MAHTOMEDI,6/10/2026 10:29:00 AM,WC26028219,"XX - 95 MAPLE ST, MAHTOMEDI",PARKING VIOLATION
WASHINGTON COUNTY SHERIFFS OFFICE,MAHTOMEDI,6/10/2026 10:44:00 AM,WC26028221,"XX - 95 MAPLE ST, MAHTOMEDI",PARKING VIOLATION
WASHINGTON COUNTY SHERIFFS OFFICE,MAHTOMEDI,6/10/2026 4:35:04 PM,WC26028292,"XXX Warner Ave N, MAHTOMEDI",MEDICAL
WASHINGTON COUNTY SHERIFFS OFFICE,MAHTOMEDI,6/10/2026 5:08:14 PM,WC26028296,"1XXX  Iverness Pl, MAHTOMEDI",CITIZEN/PUBLIC ASSIST
WASHINGTON COUNTY SHERIFFS OFFICE,MAHTOMEDI,6/10/2026 6:12:30 PM,WC26028310,"XXX Wildwood Bay Dr, MAHTOMEDI",HARASSMENT
WASHINGTON COUNTY SHERIFFS OFFICE,MAHTOMEDI,6/10/2026 9:55:54 PM,WC26028343,"XXX Wildwood Rd, MAHTOMEDI",FRAUD/SCAM
WASHINGTON COUNTY SHERIFFS OFFICE,MAHTOMEDI,6/10/2026 10:08:59 PM,WC26028347,"XXX Wildwood Rd, MAHTOMEDI",NOISE COMPLAINT/DISTURBANCE
WASHINGTON COUNTY SHERIFFS OFFICE,MAHTOMEDI,6/11/2026 6:20:56 AM,WC26028394,"XXX Juniper St, MAHTOMEDI",MEDICAL
WASHINGTON COUNTY SHERIFFS OFFICE,MAHTOMEDI,6/11/2026 6:37:24 AM,WC26028396,"XXX WEDGEWOOD DR, MAHTOMEDI",WELFARE CHECK
WASHINGTON COUNTY SHERIFFS OFFICE,MAHTOMEDI,6/11/2026 7:32:16 AM,WC26028403,"XXX Wedgewood Dr, MAHTOMEDI",DISTURBANCE
WASHINGTON COUNTY SHERIFFS OFFICE,MAHTOMEDI,6/11/2026 7:37:40 AM,WC26028404,"1XXX  Bryant Ave, MAHTOMEDI",ALARM-BUSINESS/RES/FIRE/MEDICAL/ETC
WASHINGTON COUNTY SHERIFFS OFFICE,MAHTOMEDI,6/11/2026 9:02:32 AM,WC26028414,"XXX Mahtomedi Ave, MAHTOMEDI",ALARM-BUSINESS/RES/FIRE/MEDICAL/ETC
WASHINGTON COUNTY SHERIFFS OFFICE,MAHTOMEDI,6/11/2026 11:00:23 AM,WC26028440,"XXX WILDWOOD RD, MAHTOMEDI",FOLLOW UP
WASHINGTON COUNTY SHERIFFS OFFICE,MAHTOMEDI,6/11/2026 11:05:27 AM,WC26028442,"XXX Hickory St, MAHTOMEDI",MEDICAL
WASHINGTON COUNTY SHERIFFS OFFICE,MAHTOMEDI,6/11/2026 11:29:58 AM,WC26028448,"XXX Quail St, MAHTOMEDI",MEDICAL
WASHINGTON COUNTY SHERIFFS OFFICE,MAHTOMEDI,6/11/2026 1:23:31 PM,WC26028461,"XXX WEDGEWOOD DR, MAHTOMEDI",WELFARE CHECK
WASHINGTON COUNTY SHERIFFS OFFICE,MAHTOMEDI,6/11/2026 1:38:48 PM,WC26028467,"XX Long Lake Rd, MAHTOMEDI",SUSPICIOUS PERSON/ACTIVITY
WASHINGTON COUNTY SHERIFFS OFFICE,MAHTOMEDI,6/11/2026 2:49:29 PM,WC26028482,"XXX Wedgewood Dr, MAHTOMEDI",DISTURBANCE
WASHINGTON COUNTY SHERIFFS OFFICE,MAHTOMEDI,6/11/2026 3:31:31 PM,WC26028491,"Unknown, MAHTOMEDI",FOLLOW UP
WASHINGTON COUNTY SHERIFFS OFFICE,MAHTOMEDI,6/11/2026 10:27:58 PM,WC26028550,"XX LONG LAKE RD, MAHTOMEDI",SUSPICIOUS PERSON/ACTIVITY
WASHINGTON COUNTY SHERIFFS OFFICE,MAHTOMEDI,6/11/2026 10:43:46 PM,WC26028551,"XXX WEDGEWOOD DR, MAHTOMEDI",SUSPICIOUS PERSON/ACTIVITY
WASHINGTON COUNTY SHERIFFS OFFICE,MAHTOMEDI,6/12/2026 9:51:31 AM,WC26028619,"XXX Salem Ct, MAHTOMEDI",911 ABANDONED/HANGUP/OPEN LINE
WASHINGTON COUNTY SHERIFFS OFFICE,MAHTOMEDI,6/12/2026 12:22:31 PM,WC26028646,"XXX Wildwood Rd, MAHTOMEDI",WELFARE CHECK
WASHINGTON COUNTY SHERIFFS OFFICE,MAHTOMEDI,6/12/2026 1:46:29 PM,WC26028659,"Wildwood Road / Stillwater Rd , MAHTOMEDI",ACCIDENT
WASHINGTON COUNTY SHERIFFS OFFICE,MAHTOMEDI,6/12/2026 3:16:49 PM,WC26028671,"XXX Dahlia St, MAHTOMEDI",911 ABANDONED/HANGUP/OPEN LINE
WASHINGTON COUNTY SHERIFFS OFFICE,MAHTOMEDI,6/12/2026 3:40:02 PM,WC26028675,"XX Mahtomedi Ave, MAHTOMEDI",CITIZEN/PUBLIC ASSIST
WASHINGTON COUNTY SHERIFFS OFFICE,MAHTOMEDI,6/12/2026 4:01:42 PM,WC26028688,"XXX WOODLAND DR, MAHTOMEDI",FRAUD/SCAM
WASHINGTON COUNTY SHERIFFS OFFICE,MAHTOMEDI,6/12/2026 5:13:09 PM,WC26028699,"XXX STILLWATER RD, MAHTOMEDI",CIVIL MATTER/DISPUTE
WASHINGTON COUNTY SHERIFFS OFFICE,MAHTOMEDI,6/12/2026 5:15:31 PM,WC26028700,"XXX Wildwood Rd, MAHTOMEDI",ACCIDENT
WASHINGTON COUNTY SHERIFFS OFFICE,MAHTOMEDI,6/12/2026 5:58:31 PM,WC26028705,"XXX STILLWATER RD, MAHTOMEDI",CIVIL MATTER/DISPUTE
WASHINGTON COUNTY SHERIFFS OFFICE,MAHTOMEDI,6/12/2026 7:55:48 PM,WC26028728,"WILDWOOD RD / STILLWATER RD, MAHTOMEDI",TRAFFIC STOP
WASHINGTON COUNTY SHERIFFS OFFICE,MAHTOMEDI,6/12/2026 8:36:09 PM,WC26028732,"3XXX  CENTURY AVE, MAHTOMEDI",DRIVING COMPLAINT
WASHINGTON COUNTY SHERIFFS OFFICE,MAHTOMEDI,6/12/2026 9:01:17 PM,WC26028736,"East Ave / Hickory St, MAHTOMEDI",ABANDONED VEHICLE
WASHINGTON COUNTY SHERIFFS OFFICE,MAHTOMEDI,6/12/2026 10:33:54 PM,WC26028754,"XXX Wildwood Rd, MAHTOMEDI",ALARM-BUSINESS/RES/FIRE/MEDICAL/ETC
WASHINGTON COUNTY SHERIFFS OFFICE,MAHTOMEDI,6/13/2026 12:09:40 AM,WC26028765,"1XXX  Hillswick Pl, MAHTOMEDI",OVERDOSE
WASHINGTON COUNTY SHERIFFS OFFICE,MAHTOMEDI,6/13/2026 1:17:31 AM,WC26028779,"1XXX  PARK AVE, MAHTOMEDI",SUSPICIOUS PERSON/ACTIVITY
WASHINGTON COUNTY SHERIFFS OFFICE,MAHTOMEDI,6/13/2026 1:50:05 AM,WC26028787,"XXX Wildwood Rd, MAHTOMEDI",UNWANTED PERSON/VEHICLE
WASHINGTON COUNTY SHERIFFS OFFICE,MAHTOMEDI,6/13/2026 5:18:00 AM,WC26028798,"XXX STILLWATER RD, MAHTOMEDI",TRAFFIC STOP
WASHINGTON COUNTY SHERIFFS OFFICE,MAHTOMEDI,6/13/2026 12:48:04 PM,WC26028861,"XXX STILLWATER RD, MAHTOMEDI",CITIZEN/PUBLIC ASSIST
WASHINGTON COUNTY SHERIFFS OFFICE,MAHTOMEDI,6/13/2026 1:15:14 PM,WC26028869,"White Bear Lake, MAHTOMEDI",CITIZEN/PUBLIC ASSIST
WASHINGTON COUNTY SHERIFFS OFFICE,MAHTOMEDI,6/13/2026 2:54:53 PM,WC26028880,"XXX Warner Ave N, MAHTOMEDI",911 ABANDONED/HANGUP/OPEN LINE
WASHINGTON COUNTY SHERIFFS OFFICE,MAHTOMEDI,6/13/2026 4:04:22 PM,WC26028886,"XXX Woodland Dr, MAHTOMEDI",MEDICAL
WASHINGTON COUNTY SHERIFFS OFFICE,MAHTOMEDI,6/13/2026 6:04:00 PM,WC26028910,"XXX Stillwater Rd, MAHTOMEDI",FOUND PROPERTY/ITEM
WASHINGTON COUNTY SHERIFFS OFFICE,MAHTOMEDI,6/13/2026 6:24:26 PM,WC26028913,"XXX Juniper St, MAHTOMEDI",911 ABANDONED/HANGUP/OPEN LINE
WASHINGTON COUNTY SHERIFFS OFFICE,MAHTOMEDI,6/13/2026 6:42:20 PM,WC26028918,"1XXX  LINCOLNTOWN AVE, MAHTOMEDI",911 ABANDONED/HANGUP/OPEN LINE
WASHINGTON COUNTY SHERIFFS OFFICE,MAHTOMEDI,6/13/2026 9:10:00 PM,WC26028942,"Lincolntown Ave / Wildwood Rd, MAHTOMEDI",TRAFFIC STOP
WASHINGTON COUNTY SHERIFFS OFFICE,MAHTOMEDI,6/13/2026 9:37:43 PM,WC26028952,"XXX Stillwater Rd, MAHTOMEDI",DISTURBANCE
WASHINGTON COUNTY SHERIFFS OFFICE,MAHTOMEDI,6/13/2026 9:44:42 PM,WC26028958,"XXX Stillwater Rd, MAHTOMEDI",DANCO VIOLATION
WASHINGTON COUNTY SHERIFFS OFFICE,MAHTOMEDI,6/13/2026 10:57:00 PM,WC26028968,"Wildwood Rd / Old Wildwood Rd, MAHTOMEDI",DISTURBANCE
WASHINGTON COUNTY SHERIFFS OFFICE,MAHTOMEDI,6/13/2026 11:38:09 PM,WC26028981,"1XXX  Iverness Pl, MAHTOMEDI",RUNAWAY
WASHINGTON COUNTY SHERIFFS OFFICE,MARINE ON SAINT CROIX,6/7/2026 9:59:56 AM,WC26027575,"XXX 5th St, MARINE ON SAINT CROIX",ALARM-BUSINESS/RES/FIRE/MEDICAL/ETC
WASHINGTON COUNTY SHERIFFS OFFICE,MARINE ON SAINT CROIX,6/10/2026 9:53:01 AM,WC26028211,"Hwy 95 Jso Butternut Falls Trl, MARINE ON SAINT CROIX",ACCIDENT
WASHINGTON COUNTY SHERIFFS OFFICE,MARINE ON SAINT CROIX,6/12/2026 2:51:00 PM,WC26028667,"XXX 6th St, MARINE ON SAINT CROIX",INCIDENT
WASHINGTON COUNTY SHERIFFS OFFICE,MARINE ON SAINT CROIX,6/12/2026 6:40:58 PM,WC26028716,"XXX Judd St, MARINE ON SAINT CROIX",CIVIL MATTER/DISPUTE
WASHINGTON COUNTY SHERIFFS OFFICE,MARINE ON SAINT CROIX,6/13/2026 10:51:15 PM,WC26028967,"18XXX  Saint Croix Trl N, MARINE ON SAINT CROIX",911 ABANDONED/HANGUP/OPEN LINE
WASHINGTON COUNTY SHERIFFS OFFICE,MAY TOWNSHIP,6/7/2026 12:54:00 AM,WC26027537,"MANNING TRL N / SQUARE LAKE TRL N, MAY TOWNSHIP",TRAFFIC STOP
WASHINGTON COUNTY SHERIFFS OFFICE,MAY TOWNSHIP,6/7/2026 1:23:00 AM,WC26027540,"Manning Trl N / 170th St N, MAY TOWNSHIP",TRAFFIC STOP
WASHINGTON COUNTY SHERIFFS OFFICE,MAY TOWNSHIP,6/7/2026 3:45:00 PM,WC26027618,"17XXX  MANNING TRL N, MAY TOWNSHIP",PARKING VIOLATION
WASHINGTON COUNTY SHERIFFS OFFICE,MAY TOWNSHIP,6/7/2026 11:23:58 PM,WC26027685,"16XXX  Northridge Ave N, MAY TOWNSHIP",WELFARE CHECK
WASHINGTON COUNTY SHERIFFS OFFICE,MAY TOWNSHIP,6/9/2026 12:00:00 AM,WC26028045,"BIG MARINE PARK ENTRANCE RD, MAY TOWNSHIP",PARKING VIOLATION
WASHINGTON COUNTY SHERIFFS OFFICE,MAY TOWNSHIP,6/9/2026 12:00:00 AM,WC26028051,"BIG MARINE PARK ENTRANCE RD, MAY TOWNSHIP",PARKING VIOLATION
WASHINGTON COUNTY SHERIFFS OFFICE,MAY TOWNSHIP,6/9/2026 12:00:00 AM,WC26028055," SQUARE LAKE TRL PARK , MAY TOWNSHIP",PARKING VIOLATION
WASHINGTON COUNTY SHERIFFS OFFICE,MAY TOWNSHIP,6/9/2026 12:00:00 AM,WC26028098,"15XXX  SQUARE LAKE TRL N, MAY TOWNSHIP",PARKING VIOLATION
WASHINGTON COUNTY SHERIFFS OFFICE,MAY TOWNSHIP,6/9/2026 12:00:00 AM,WC26028102,"15XXX  SQUARE LAKE TRL N, MAY TOWNSHIP",PARKING VIOLATION
WASHINGTON COUNTY SHERIFFS OFFICE,MAY TOWNSHIP,6/9/2026 12:00:00 AM,WC26028058,"15XXX  SQUARE LAKE TRL N, MAY TOWNSHIP",PARKING VIOLATION
WASHINGTON COUNTY SHERIFFS OFFICE,MAY TOWNSHIP,6/9/2026 12:00:00 AM,WC26028063,"15XXX  SQUARE LAKE TRL N, MAY TOWNSHIP",PARKING VIOLATION
WASHINGTON COUNTY SHERIFFS OFFICE,MAY TOWNSHIP,6/9/2026 4:46:00 PM,WC26028021,"15XXX  SQUARE LAKE TRL N, MAY TOWNSHIP",PARKING VIOLATION
WASHINGTON COUNTY SHERIFFS OFFICE,MAY TOWNSHIP,6/9/2026 4:52:00 PM,WC26028022,"15XXX  SQUARE LAKE TRL N, MAY TOWNSHIP",PARKING VIOLATION
WASHINGTON COUNTY SHERIFFS OFFICE,MAY TOWNSHIP,6/9/2026 4:59:00 PM,WC26028024,"15XXX  SQUARE LAKE TRL N, MAY TOWNSHIP",PARKING VIOLATION
WASHINGTON COUNTY SHERIFFS OFFICE,MAY TOWNSHIP,6/9/2026 5:03:00 PM,WC26028025,"15XXX  SQUARE LAKE TRL N, MAY TOWNSHIP",PARKING VIOLATION
WASHINGTON COUNTY SHERIFFS OFFICE,MAY TOWNSHIP,6/9/2026 5:11:00 PM,WC26028029,"15XXX  SQUARE LAKE TRL N, MAY TOWNSHIP",PARKING VIOLATION
WASHINGTON COUNTY SHERIFFS OFFICE,MAY TOWNSHIP,6/9/2026 5:16:00 PM,WC26028033,"15XXX  SQUARE LAKE TRL N, MAY TOWNSHIP",PARKING VIOLATION
WASHINGTON COUNTY SHERIFFS OFFICE,MAY TOWNSHIP,6/9/2026 5:21:00 PM,WC26028034,"15XXX  SQUARE LAKE TRL N, MAY TOWNSHIP",PARKING VIOLATION
WASHINGTON COUNTY SHERIFFS OFFICE,MAY TOWNSHIP,6/9/2026 6:06:00 PM,WC26028044,"17XXX  MANNING TRL N, MAY TOWNSHIP",PARKING VIOLATION
WASHINGTON COUNTY SHERIFFS OFFICE,MAY TOWNSHIP,6/9/2026 6:11:45 PM,WC26028048,"XX Moonlight Bay, MAY TOWNSHIP",MEDICAL
WASHINGTON COUNTY SHERIFFS OFFICE,MAY TOWNSHIP,6/9/2026 6:24:00 PM,WC26028050,"17XXX  MANNING TRL N, MAY TOWNSHIP",PARKING VIOLATION
WASHINGTON COUNTY SHERIFFS OFFICE,MAY TOWNSHIP,6/9/2026 11:08:48 PM,WC26028125,"12XXX  Square Lake Trail Ct N, MAY TOWNSHIP",MEDICAL
WASHINGTON COUNTY SHERIFFS OFFICE,MAY TOWNSHIP,6/10/2026 10:57:31 AM,WC26028227,"15XXX  SQUARE LAKE TRL N, MAY TOWNSHIP",DIRECTED PATROL
WASHINGTON COUNTY SHERIFFS OFFICE,MAY TOWNSHIP,6/10/2026 11:06:59 AM,WC26028232,"XX Moonlight Bay, MAY TOWNSHIP",MEDICAL
WASHINGTON COUNTY SHERIFFS OFFICE,MAY TOWNSHIP,6/10/2026 11:52:38 AM,WC26028241,"Square Lake Boat Landing, MAY TOWNSHIP",CITIZEN/PUBLIC ASSIST
WASHINGTON COUNTY SHERIFFS OFFICE,MAY TOWNSHIP,6/10/2026 2:04:20 PM,WC26028259,"XX MOONLIGHT BAY, MAY TOWNSHIP",OFFICER INFORMATION
WASHINGTON COUNTY SHERIFFS OFFICE,MAY TOWNSHIP,6/10/2026 4:24:58 PM,WC26028286,"15XXX  133rd St N, MAY TOWNSHIP",ALARM-BUSINESS/RES/FIRE/MEDICAL/ETC
WASHINGTON COUNTY SHERIFFS OFFICE,MAY TOWNSHIP,6/11/2026 12:32:07 AM,WC26028359,"14XXX  May Ave N, MAY TOWNSHIP",CITIZEN/PUBLIC ASSIST
WASHINGTON COUNTY SHERIFFS OFFICE,MAY TOWNSHIP,6/11/2026 5:05:16 PM,WC26028502,"SAINT CROIX TRL N / SQUARE LAKE TRL N, MAY TOWNSHIP",ACCIDENT
WASHINGTON COUNTY SHERIFFS OFFICE,MAY TOWNSHIP,6/12/2026 9:31:49 AM,WC26028614,"13XXX  Otchipwe Ave N, MAY TOWNSHIP",CITIZEN/PUBLIC ASSIST
WASHINGTON COUNTY SHERIFFS OFFICE,MAY TOWNSHIP,6/12/2026 2:42:32 PM,WC26028666,"12XXX  Arcola Trl N, MAY TOWNSHIP",INCIDENT
WASHINGTON COUNTY SHERIFFS OFFICE,MAY TOWNSHIP,6/12/2026 6:02:34 PM,WC26028707,"10XXX  170TH ST N, MAY TOWNSHIP",ANIMAL COMPLAINT
WASHINGTON COUNTY SHERIFFS OFFICE,MAY TOWNSHIP,6/13/2026 5:04:58 AM,WC26028797,"12XXX  Square Lake Trail Ct N, MAY TOWNSHIP",MEDICAL
WASHINGTON COUNTY SHERIFFS OFFICE,MAY TOWNSHIP,6/13/2026 12:31:52 PM,WC26028858,"Manning Trl N / 170th St N, MAY TOWNSHIP",FIRE
WASHINGTON COUNTY SHERIFFS OFFICE,MAY TOWNSHIP,6/13/2026 4:54:52 PM,WC26028892,"15XXX  SQUARE LAKE TRL N, MAY TOWNSHIP",DISTURBANCE
WASHINGTON COUNTY SHERIFFS OFFICE,MAY TOWNSHIP,6/13/2026 5:35:00 PM,WC26028908,"XX Unknown, MAY TOWNSHIP",ANIMAL COMPLAINT
WASHINGTON COUNTY SHERIFFS OFFICE,MAY TOWNSHIP,6/13/2026 5:57:00 PM,WC26028906,"SQUARE LAKE TRL N / SQUARE LAKE TRAIL CT N, MAY TOWNSHIP",TRAFFIC STOP
WASHINGTON COUNTY SHERIFFS OFFICE,MAY TOWNSHIP,6/13/2026 7:32:39 PM,WC26028927,"Square Lake Trl N / Norell Ave N, MAY TOWNSHIP",ANIMAL COMPLAINT
WASHINGTON COUNTY SHERIFFS OFFICE,NEWPORT,6/7/2026 3:25:27 AM,WC26027556,"1XXX  10th Ave, NEWPORT",NOISE COMPLAINT/DISTURBANCE
WASHINGTON COUNTY SHERIFFS OFFICE,NEWPORT,6/7/2026 3:40:07 AM,WC26027557,"2XXX  Hastings Ave, NEWPORT",ALARM-BUSINESS/RES/FIRE/MEDICAL/ETC
WASHINGTON COUNTY SHERIFFS OFFICE,NEWPORT,6/7/2026 1:19:31 PM,WC26027600,"XXX 7th Ave, NEWPORT",CIVIL MATTER/DISPUTE
WASHINGTON COUNTY SHERIFFS OFFICE,NEWPORT,6/7/2026 4:07:00 PM,WC26027621,"HASTINGS AVE / 65TH ST, NEWPORT",ABANDONED VEHICLE
WASHINGTON COUNTY SHERIFFS OFFICE,NEWPORT,6/7/2026 4:26:14 PM,WC26027623,"XXX Oakwood Rd, NEWPORT",ANIMAL COMPLAINT
WASHINGTON COUNTY SHERIFFS OFFICE,NEWPORT,6/8/2026 2:12:00 AM,WC26027703,"Unknown, NEWPORT",WARRANT ARREST
WASHINGTON COUNTY SHERIFFS OFFICE,NEWPORT,6/8/2026 3:55:46 AM,WC26027719,"I494 SB JNO BAILEY RD, NEWPORT",TRAFFIC STOP
WASHINGTON COUNTY SHERIFFS OFFICE,NEWPORT,6/8/2026 8:28:41 AM,WC26027727,"Hwy 61 Nb Jno 70th St S, NEWPORT",ACCIDENT
WASHINGTON COUNTY SHERIFFS OFFICE,NEWPORT,6/8/2026 1:20:00 PM,WC26027783,"7TH AVE / 12TH ST, NEWPORT",TRAFFIC STOP
WASHINGTON COUNTY SHERIFFS OFFICE,NEWPORT,6/8/2026 1:30:55 PM,WC26027788,"7TH AVE / 12TH ST, NEWPORT",DIRECTED PATROL
WASHINGTON COUNTY SHERIFFS OFFICE,NEWPORT,6/8/2026 1:36:00 PM,WC26027789,"7TH ST / 7TH AVE, NEWPORT",TRAFFIC STOP
WASHINGTON COUNTY SHERIFFS OFFICE,NEWPORT,6/8/2026 2:43:02 PM,WC26027801,"XXX 20TH ST, NEWPORT",CITY CODE VIOLATION
WASHINGTON COUNTY SHERIFFS OFFICE,NEWPORT,6/8/2026 4:00:47 PM,WC26027818,"1XXX  Hastings Ave, NEWPORT",CITIZEN/PUBLIC ASSIST
WASHINGTON COUNTY SHERIFFS OFFICE,NEWPORT,6/8/2026 6:49:33 PM,WC26027848,"XXX 13th St, NEWPORT",MEDICAL
WASHINGTON COUNTY SHERIFFS OFFICE,NEWPORT,6/8/2026 9:23:06 PM,WC26027870,"1XXX  - 1881 CENTURY AVE, NEWPORT",DIRECTED PATROL
WASHINGTON COUNTY SHERIFFS OFFICE,NEWPORT,6/8/2026 10:33:57 PM,WC26027888,"XXX 17th St, NEWPORT",PUBLIC WORKS CONCERN
WASHINGTON COUNTY SHERIFFS OFFICE,NEWPORT,6/9/2026 12:31:26 AM,WC26027898,"1XXX  - 1298 BAILEY RD, NEWPORT",DIRECTED PATROL
WASHINGTON COUNTY SHERIFFS OFFICE,NEWPORT,6/9/2026 12:51:38 AM,WC26027905,"1XXX  Bluestem Ln, NEWPORT",MEDICAL
WASHINGTON COUNTY SHERIFFS OFFICE,NEWPORT,6/9/2026 1:51:27 AM,WC26027910,"1XXX  - 1699 7TH AVE, NEWPORT",DIRECTED PATROL
WASHINGTON COUNTY SHERIFFS OFFICE,NEWPORT,6/9/2026 3:05:48 AM,WC26027916,"BAILEY RD TO HWY 61 SB RAMP, NEWPORT",DIRECTED PATROL
WASHINGTON COUNTY SHERIFFS OFFICE,NEWPORT,6/9/2026 9:00:56 AM,WC26027935,"XX Oakridge Dr, NEWPORT",FRAUD/SCAM
WASHINGTON COUNTY SHERIFFS OFFICE,NEWPORT,6/9/2026 10:46:00 AM,WC26027955,"HWY 61 NB JSO BAILEY RD, NEWPORT",TRAFFIC STOP
WASHINGTON COUNTY SHERIFFS OFFICE,NEWPORT,6/9/2026 11:14:33 AM,WC26027962,"Hwy 61 Sb Jno 70th St S, NEWPORT",ASSIST OTHER AGENCY
WASHINGTON COUNTY SHERIFFS OFFICE,NEWPORT,6/9/2026 12:40:00 PM,WC26027973,"HWY 61 NB JSO BAILEY RD, NEWPORT",TRAFFIC STOP
WASHINGTON COUNTY SHERIFFS OFFICE,NEWPORT,6/9/2026 12:53:38 PM,WC26027976,"1XXX  Mark Ct, NEWPORT",FOLLOW UP
WASHINGTON COUNTY SHERIFFS OFFICE,NEWPORT,6/9/2026 1:21:00 PM,WC26027980,"HWY 61 NB JNO BAILEY RD, NEWPORT",TRAFFIC STOP
WASHINGTON COUNTY SHERIFFS OFFICE,NEWPORT,6/9/2026 1:31:42 PM,WC26027983,"MAXWELL AVE, NEWPORT",CITIZEN/PUBLIC ASSIST
WASHINGTON COUNTY SHERIFFS OFFICE,NEWPORT,6/9/2026 1:39:20 PM,WC26027985,"2XXX  Maxwell Ave, NEWPORT",ALARM-BUSINESS/RES/FIRE/MEDICAL/ETC
WASHINGTON COUNTY SHERIFFS OFFICE,NEWPORT,6/9/2026 2:32:24 PM,WC26027992,"Hwy 61 Nb Jso I494, NEWPORT",SUSPICIOUS PERSON/ACTIVITY
WASHINGTON COUNTY SHERIFFS OFFICE,NEWPORT,6/9/2026 5:39:46 PM,WC26028040,"1XXX  10th Ave, NEWPORT",SUSPICIOUS PERSON/ACTIVITY
WASHINGTON COUNTY SHERIFFS OFFICE,NEWPORT,6/9/2026 6:39:51 PM,WC26028053,"1XXX  - 1198 7TH AVE, NEWPORT",DIRECTED PATROL
WASHINGTON COUNTY SHERIFFS OFFICE,NEWPORT,6/9/2026 9:11:24 PM,WC26028084,"2XXX  - 2099 HASTINGS AVE, NEWPORT",DIRECTED PATROL
WASHINGTON COUNTY SHERIFFS OFFICE,NEWPORT,6/9/2026 9:44:06 PM,WC26028100,"BAILEY RD OVER I494, NEWPORT",CIVIL MATTER/DISPUTE
WASHINGTON COUNTY SHERIFFS OFFICE,NEWPORT,6/9/2026 10:46:04 PM,WC26028118,"GLEN RD / GLEN TER, NEWPORT",TRAFFIC STOP
WASHINGTON COUNTY SHERIFFS OFFICE,NEWPORT,6/9/2026 11:02:46 PM,WC26028126,"1XXX  11th Ave, NEWPORT",MEDICAL
WASHINGTON COUNTY SHERIFFS OFFICE,NEWPORT,6/10/2026 12:58:38 AM,WC26028141,"HWY 61 SB TO GLEN RD RAMP, NEWPORT",DIRECTED PATROL
WASHINGTON COUNTY SHERIFFS OFFICE,NEWPORT,6/10/2026 7:16:52 AM,WC26028185,"1XXX  2nd Ave, NEWPORT",MEDICAL
WASHINGTON COUNTY SHERIFFS OFFICE,NEWPORT,6/10/2026 9:12:07 AM,WC26028205,"2XXX  Hastings Ave, NEWPORT",PUBLIC WORKS CONCERN
WASHINGTON COUNTY SHERIFFS OFFICE,NEWPORT,6/10/2026 9:39:51 AM,WC26028210,"1XXX  10th Ave, NEWPORT",CIVIL MATTER/DISPUTE
WASHINGTON COUNTY SHERIFFS OFFICE,NEWPORT,6/10/2026 10:22:03 AM,WC26028218,"1XXX  8th Ave, NEWPORT",FRAUD/SCAM
WASHINGTON COUNTY SHERIFFS OFFICE,NEWPORT,6/10/2026 1:06:15 PM,WC26028246,"2XXX  1st Ave, NEWPORT",CITIZEN/PUBLIC ASSIST
WASHINGTON COUNTY SHERIFFS OFFICE,NEWPORT,6/10/2026 4:21:00 PM,WC26028281,"7TH AVE / 4TH ST, NEWPORT",TRAFFIC STOP
WASHINGTON COUNTY SHERIFFS OFFICE,NEWPORT,6/10/2026 5:25:39 PM,WC26028298,"1XXX  Hastings Ave, NEWPORT",SUSPICIOUS PERSON/ACTIVITY
WASHINGTON COUNTY SHERIFFS OFFICE,NEWPORT,6/10/2026 9:41:45 PM,WC26028340,"XX Hwy 61 Nb To I494 Ramp, NEWPORT",SUSPICIOUS PERSON/ACTIVITY
WASHINGTON COUNTY SHERIFFS OFFICE,NEWPORT,6/10/2026 10:04:09 PM,WC26028345,"I494 Sb Jno Bailey Rd, NEWPORT",DRIVING COMPLAINT
WASHINGTON COUNTY SHERIFFS OFFICE,NEWPORT,6/10/2026 11:58:01 PM,WC26028354,"2XXX  HASTINGS AVE, NEWPORT",SUSPICIOUS PERSON/ACTIVITY
WASHINGTON COUNTY SHERIFFS OFFICE,NEWPORT,6/11/2026 6:07:27 AM,WC26028393,"1XXX  10th Ave, NEWPORT",NOISE COMPLAINT/DISTURBANCE
WASHINGTON COUNTY SHERIFFS OFFICE,NEWPORT,6/11/2026 6:48:00 AM,WC26028397,"GLEN RD / 11TH AVE, NEWPORT",TRAFFIC STOP
WASHINGTON COUNTY SHERIFFS OFFICE,NEWPORT,6/11/2026 7:06:43 AM,WC26028399,"XXX 18th St, NEWPORT",CITIZEN/PUBLIC ASSIST
WASHINGTON COUNTY SHERIFFS OFFICE,NEWPORT,6/11/2026 11:28:09 AM,WC26028447,"1XXX  1st Ave, NEWPORT",ANIMAL COMPLAINT
WASHINGTON COUNTY SHERIFFS OFFICE,NEWPORT,6/11/2026 6:24:00 PM,WC26028510,"Hwy 61 SB @ Maxwell Ave, NEWPORT",TRAFFIC STOP
WASHINGTON COUNTY SHERIFFS OFFICE,NEWPORT,6/11/2026 8:11:03 PM,WC26028526,"1XXX  BAILEY RD, NEWPORT",ANIMAL COMPLAINT
WASHINGTON COUNTY SHERIFFS OFFICE,NEWPORT,6/11/2026 9:06:03 PM,WC26028534,"2XXX  HASTINGS AVE, NEWPORT",NEIGHBOR DISPUTE
WASHINGTON COUNTY SHERIFFS OFFICE,NEWPORT,6/11/2026 11:13:00 PM,WC26028554,"Hwy 61 SB @ Maxwell Ave, NEWPORT",TRAFFIC STOP
WASHINGTON COUNTY SHERIFFS OFFICE,NEWPORT,6/11/2026 11:14:00 PM,WC26028555,"HWY 61 SB TO GLEN RD RAMP, NEWPORT",TRAFFIC STOP
WASHINGTON COUNTY SHERIFFS OFFICE,NEWPORT,6/11/2026 11:25:02 PM,WC26028558,"Hwy 61 Sb Jso Glen Rd, NEWPORT",911 ABANDONED/HANGUP/OPEN LINE
WASHINGTON COUNTY SHERIFFS OFFICE,NEWPORT,6/11/2026 11:40:25 PM,WC26028563,"2XXX  Hastings Ave, NEWPORT",UNWANTED PERSON/VEHICLE
WASHINGTON COUNTY SHERIFFS OFFICE,NEWPORT,6/11/2026 11:49:18 PM,WC26028571,"1XXX  10th Ave, NEWPORT",NOISE COMPLAINT/DISTURBANCE
WASHINGTON COUNTY SHERIFFS OFFICE,NEWPORT,6/12/2026 1:43:28 AM,WC26028578,"2XXX  HASTINGS AVE, NEWPORT",MEDICAL
WASHINGTON COUNTY SHERIFFS OFFICE,NEWPORT,6/12/2026 12:22:20 PM,WC26028645,"XXX Hastings Ave, NEWPORT",MEDICAL
WASHINGTON COUNTY SHERIFFS OFFICE,NEWPORT,6/12/2026 6:16:48 PM,WC26028712,"1XXX  10th Ave, NEWPORT",NOISE COMPLAINT/DISTURBANCE
WASHINGTON COUNTY SHERIFFS OFFICE,NEWPORT,6/12/2026 6:32:45 PM,WC26028721,"1XXX  Hastings Ave, NEWPORT",PROPERTY DAMAGE
WASHINGTON COUNTY SHERIFFS OFFICE,NEWPORT,6/12/2026 7:34:19 PM,WC26028725,"1XXX  Mark Ct, NEWPORT",ANIMAL COMPLAINT
WASHINGTON COUNTY SHERIFFS OFFICE,NEWPORT,6/12/2026 8:39:53 PM,WC26028733,"XXX 12th St, NEWPORT",INCIDENT
WASHINGTON COUNTY SHERIFFS OFFICE,NEWPORT,6/12/2026 9:49:35 PM,WC26028743,"1XXX  - 1699 7TH AVE, NEWPORT",DIRECTED PATROL
WASHINGTON COUNTY SHERIFFS OFFICE,NEWPORT,6/12/2026 9:53:56 PM,WC26028746,"1XXX  10th Ave, NEWPORT",DANCO VIOLATION
WASHINGTON COUNTY SHERIFFS OFFICE,NEWPORT,6/12/2026 10:22:44 PM,WC26028752,"11TH AVE / GLEN RD, NEWPORT",TRAFFIC STOP
WASHINGTON COUNTY SHERIFFS OFFICE,NEWPORT,6/12/2026 10:40:50 PM,WC26028757,"1XXX  10th Ave, NEWPORT",FOLLOW UP
WASHINGTON COUNTY SHERIFFS OFFICE,NEWPORT,6/13/2026 12:49:34 AM,WC26028774,"1XXX  - 1298 BAILEY RD, NEWPORT",DIRECTED PATROL
WASHINGTON COUNTY SHERIFFS OFFICE,NEWPORT,6/13/2026 12:53:00 AM,WC26028775,"MILITARY RD / CENTURY AVE, NEWPORT",TRAFFIC STOP
WASHINGTON COUNTY SHERIFFS OFFICE,NEWPORT,6/13/2026 11:51:51 AM,WC26028851,"1XXX  8th Ave, NEWPORT",WELFARE CHECK
WASHINGTON COUNTY SHERIFFS OFFICE,NEWPORT,6/13/2026 5:29:00 PM,WC26028898,"Hwy 61 SB @ Maxwell Ave, NEWPORT",TRAFFIC STOP
WASHINGTON COUNTY SHERIFFS OFFICE,NEWPORT,6/13/2026 5:58:00 PM,WC26028907,"Hwy 61 SB @ Maxwell Ave, NEWPORT",TRAFFIC STOP
WASHINGTON COUNTY SHERIFFS OFFICE,NEWPORT,6/13/2026 8:22:14 PM,WC26028933,"1XXX  2nd Ave, NEWPORT",BURNING COMPLAINT
WASHINGTON COUNTY SHERIFFS OFFICE,NEWPORT,6/13/2026 9:45:00 PM,WC26028953,"GLEN RD / CENTURY AVE, NEWPORT",TRAFFIC STOP
WASHINGTON COUNTY SHERIFFS OFFICE,NEWPORT,6/13/2026 10:31:50 PM,WC26028961,"1XXX  3rd Ave, NEWPORT",SUSPICIOUS PERSON/ACTIVITY
WASHINGTON COUNTY SHERIFFS OFFICE,NEWPORT,6/13/2026 10:40:00 PM,WC26028964,"Highway 61 / I494, NEWPORT",TRAFFIC STOP
WASHINGTON COUNTY SHERIFFS OFFICE,NEWPORT,6/13/2026 11:16:55 PM,WC26028970,"1XXX  - 1298 BAILEY RD, NEWPORT",DIRECTED PATROL
WASHINGTON COUNTY SHERIFFS OFFICE,OAK PARK HEIGHTS,6/8/2026 5:05:00 PM,WC26027826,"5XXX  - 5460 STILLWATER BLVD N, OAK PARK HEIGHTS",TRAFFIC STOP
WASHINGTON COUNTY SHERIFFS OFFICE,OAK PARK HEIGHTS,6/9/2026 3:57:00 PM,WC26028009,"OSGOOD AVE N AT HWY 36, OAK PARK HEIGHTS",TRAFFIC STOP
WASHINGTON COUNTY SHERIFFS OFFICE,OAK PARK HEIGHTS,6/9/2026 10:41:57 PM,WC26028115,"BEACH RD N / 60TH ST N, OAK PARK HEIGHTS",WELFARE CHECK
WASHINGTON COUNTY SHERIFFS OFFICE,OAK PARK HEIGHTS,6/11/2026 6:40:23 PM,WC26028514,"14XXX  57TH ST N, OAK PARK HEIGHTS",CIVIL MATTER/DISPUTE
WASHINGTON COUNTY SHERIFFS OFFICE,OAK PARK HEIGHTS,6/12/2026 5:10:00 PM,WC26028698,"HWY 36 WB JWO SAINT CROIX TRL N, OAK PARK HEIGHTS",DWI
WASHINGTON COUNTY SHERIFFS OFFICE,OAKDALE,6/7/2026 5:38:00 AM,WC26027531,"HWY 36 WB JWO HADLEY AVE N, OAKDALE",TRAFFIC STOP
WASHINGTON COUNTY SHERIFFS OFFICE,OAKDALE,6/7/2026 4:56:58 PM,WC26027625,"Inwood Ave N / 4th St N, OAKDALE",ASSIST OTHER AGENCY
WASHINGTON COUNTY SHERIFFS OFFICE,OAKDALE,6/7/2026 10:49:00 PM,WC26027680,"I694 & 34TH ST N, OAKDALE",TRAFFIC STOP
WASHINGTON COUNTY SHERIFFS OFFICE,OAKDALE,6/9/2026 5:08:00 PM,WC26028028,"5XXX  Hadley Ave N, OAKDALE",WARRANT ARREST
WASHINGTON COUNTY SHERIFFS OFFICE,OAKDALE,6/10/2026 12:25:00 AM,WC26028133,"I694, OAKDALE",TRAFFIC STOP
WASHINGTON COUNTY SHERIFFS OFFICE,OAKDALE,6/10/2026 1:12:00 AM,WC26028144,"EB I694 / GENEVA AVE N, OAKDALE",TRAFFIC STOP
WASHINGTON COUNTY SHERIFFS OFFICE,OAKDALE,6/10/2026 2:05:00 AM,WC26028152,"I694, OAKDALE",TRAFFIC STOP
WASHINGTON COUNTY SHERIFFS OFFICE,OAKDALE,6/10/2026 2:14:00 AM,WC26028155,"I694 NB JNO 34TH ST N, OAKDALE",TRAFFIC STOP
WASHINGTON COUNTY SHERIFFS OFFICE,OAKDALE,6/10/2026 3:00:35 AM,WC26028159,"HWY 36 EB JEO HADLEY AVE N, OAKDALE",ASSIST OTHER AGENCY
WASHINGTON COUNTY SHERIFFS OFFICE,OAKDALE,6/10/2026 6:12:35 PM,WC26028312,"XXX Inwood Ave N, OAKDALE",ASSIST OTHER AGENCY
WASHINGTON COUNTY SHERIFFS OFFICE,OAKDALE,6/11/2026 9:55:00 AM,WC26028434,"I694 & 15th St N, OAKDALE",TRAFFIC STOP
WASHINGTON COUNTY SHERIFFS OFFICE,OAKDALE,6/11/2026 9:28:00 PM,WC26028537,"I694 AND 10th ST N, OAKDALE",TRAFFIC STOP
WASHINGTON COUNTY SHERIFFS OFFICE,OAKDALE,6/11/2026 11:21:15 PM,WC26028557,"XXX Greenway Ave N, OAKDALE",ASSIST OTHER AGENCY
WASHINGTON COUNTY SHERIFFS OFFICE,OAKDALE,6/13/2026 12:22:00 AM,WC26028767,"HWY 36 WB JEO HADLEY AVE N, OAKDALE",TRAFFIC STOP
WASHINGTON COUNTY SHERIFFS OFFICE,OAKDALE,6/13/2026 10:22:00 AM,WC26028835,"HWY 120 JNO 10TH ST N, OAKDALE",TRAFFIC STOP
WASHINGTON COUNTY SHERIFFS OFFICE,OAKDALE,6/13/2026 8:51:00 PM,WC26028938,"I94 WB & I494, OAKDALE",TRAFFIC STOP
WASHINGTON COUNTY SHERIFFS OFFICE,OAKDALE,6/13/2026 11:18:00 PM,WC26028971,"GENEVA AVE N / 24TH ST N, OAKDALE",TRAFFIC STOP
WASHINGTON COUNTY SHERIFFS OFFICE,PINE SPRINGS,6/7/2026 8:47:35 PM,WC26027651,"6XXX  Hytrail Ct N, PINE SPRINGS",MEDICAL
WASHINGTON COUNTY SHERIFFS OFFICE,PINE SPRINGS,6/9/2026 12:05:19 PM,WC26027969,"Hwy 36 Eb Jwo Hilton Trl N, PINE SPRINGS",ASSIST OTHER AGENCY
WASHINGTON COUNTY SHERIFFS OFFICE,PINE SPRINGS,6/9/2026 9:38:44 PM,WC26028099,"I694 Nb To Hwy 36 Eb Ramp, PINE SPRINGS",CITIZEN/PUBLIC ASSIST
WASHINGTON COUNTY SHERIFFS OFFICE,PINE SPRINGS,6/11/2026 10:09:00 AM,WC26028435,"HWY 36 EB AT HILTON TR, PINE SPRINGS",TRAFFIC STOP
WASHINGTON COUNTY SHERIFFS OFFICE,PINE SPRINGS,6/12/2026 8:23:50 AM,WC26028602,"5XXX  Roscoe Rd, PINE SPRINGS",FIRE
WASHINGTON COUNTY SHERIFFS OFFICE,PINE SPRINGS,6/13/2026 2:08:00 AM,WC26028789,"HILTON TRL N / 62ND ST N, PINE SPRINGS",TRAFFIC STOP
WASHINGTON COUNTY SHERIFFS OFFICE,SAINT MARYS POINT,6/10/2026 4:23:40 PM,WC26028284,"2XXX  River Rd S, SAINT MARYS POINT",MEDICAL
WASHINGTON COUNTY SHERIFFS OFFICE,SAINT PAUL PARK,6/10/2026 2:55:00 AM,WC26028158,"HWY 61 SB AT 70TH ST S, SAINT PAUL PARK",TRAFFIC STOP
WASHINGTON COUNTY SHERIFFS OFFICE,SAINT PAUL PARK,6/10/2026 10:53:43 PM,WC26028351,"XXX Broadway Ave, SAINT PAUL PARK",ASSIST OTHER AGENCY
WASHINGTON COUNTY SHERIFFS OFFICE,SAINT PAUL PARK,6/12/2026 6:02:59 PM,WC26028708,"XXX Hastings Ave, SAINT PAUL PARK",ASSIST OTHER AGENCY
WASHINGTON COUNTY SHERIFFS OFFICE,SCANDIA,6/7/2026 2:51:22 AM,WC26027551,"21XXX  Oland Ave N, SCANDIA",CITIZEN/PUBLIC ASSIST
WASHINGTON COUNTY SHERIFFS OFFICE,SCANDIA,6/7/2026 7:43:15 AM,WC26027565,"13XXX  - 14198 SCANDIA TRL N, SCANDIA",ROAD HAZARD
WASHINGTON COUNTY SHERIFFS OFFICE,SCANDIA,6/7/2026 11:04:08 AM,WC26027591,"16XXX  O'brien Trl N, SCANDIA",911 ABANDONED/HANGUP/OPEN LINE
WASHINGTON COUNTY SHERIFFS OFFICE,SCANDIA,6/8/2026 7:23:51 AM,WC26027724,"16XXX  220th St N, SCANDIA",ABANDONED VEHICLE
WASHINGTON COUNTY SHERIFFS OFFICE,SCANDIA,6/8/2026 8:06:37 PM,WC26027857,"21XXX  Olinda Trl N, SCANDIA",PROPERTY DAMAGE
WASHINGTON COUNTY SHERIFFS OFFICE,SCANDIA,6/8/2026 9:48:33 PM,WC26027884,"13XXX  205th St N, SCANDIA",SUSPICIOUS PERSON/ACTIVITY
WASHINGTON COUNTY SHERIFFS OFFICE,SCANDIA,6/9/2026 6:17:46 PM,WC26028049,"BIG MARINE LAKE, SCANDIA",WATER INCIDENT/VIOLATION
WASHINGTON COUNTY SHERIFFS OFFICE,SCANDIA,6/10/2026 6:42:16 AM,WC26028182,"12XXX  238th St N, SCANDIA",ALARM-BUSINESS/RES/FIRE/MEDICAL/ETC
WASHINGTON COUNTY SHERIFFS OFFICE,SCANDIA,6/10/2026 7:01:50 AM,WC26028183,"Oakhill Rd N / Oakhill Way N, SCANDIA",PUBLIC WORKS CONCERN
WASHINGTON COUNTY SHERIFFS OFFICE,SCANDIA,6/10/2026 7:21:49 AM,WC26028186,"12XXX  - 13299 LAKAMAGA TRL N, SCANDIA",ROAD HAZARD
WASHINGTON COUNTY SHERIFFS OFFICE,SCANDIA,6/10/2026 4:48:14 PM,WC26028290,"Saint Croix Trl N / Scandia Trl N, SCANDIA",DRIVING COMPLAINT
WASHINGTON COUNTY SHERIFFS OFFICE,SCANDIA,6/10/2026 4:54:41 PM,WC26028293,"16XXX  220th St N, SCANDIA",ROAD HAZARD
WASHINGTON COUNTY SHERIFFS OFFICE,SCANDIA,6/10/2026 8:41:21 PM,WC26028334,"13XXX  Lakamaga Trl N, SCANDIA",MEDICAL
WASHINGTON COUNTY SHERIFFS OFFICE,SCANDIA,6/11/2026 11:54:45 AM,WC26028451,"21XXX  OLINDA TRL N, SCANDIA",PROPERTY DAMAGE
WASHINGTON COUNTY SHERIFFS OFFICE,SCANDIA,6/12/2026 9:56:54 AM,WC26028631,"14XXX  Oakhill Rd N, SCANDIA",ALARM-BUSINESS/RES/FIRE/MEDICAL/ETC
WASHINGTON COUNTY SHERIFFS OFFICE,SCANDIA,6/12/2026 1:38:12 PM,WC26028654,"Ozark Ave N / Scandia Trl N, SCANDIA",ASSIST OTHER AGENCY
WASHINGTON COUNTY SHERIFFS OFFICE,SCANDIA,6/12/2026 3:38:57 PM,WC26028674,"10XXX  185th St N, SCANDIA",CITIZEN/PUBLIC ASSIST
WASHINGTON COUNTY SHERIFFS OFFICE,SCANDIA,6/12/2026 5:58:26 PM,WC26028706,"14XXX  202nd St N, SCANDIA",CITIZEN/PUBLIC ASSIST
WASHINGTON COUNTY SHERIFFS OFFICE,SCANDIA,6/13/2026 9:27:17 AM,WC26028826,"14XXX  Oakhill Ct N, SCANDIA",ANIMAL COMPLAINT
WASHINGTON COUNTY SHERIFFS OFFICE,SCANDIA,6/13/2026 11:59:59 AM,WC26028852,"20XXX  Quinnell Ave N, SCANDIA",ALARM-BUSINESS/RES/FIRE/MEDICAL/ETC
WASHINGTON COUNTY SHERIFFS OFFICE,SCANDIA,6/13/2026 12:56:15 PM,WC26028865,"21XXX  SAINT CROIX TRL N, SCANDIA",911 ABANDONED/HANGUP/OPEN LINE
WASHINGTON COUNTY SHERIFFS OFFICE,SCANDIA,6/13/2026 6:32:24 PM,WC26028914,"18XXX  Layton Ave N, SCANDIA",CIVIL MATTER/DISPUTE
WASHINGTON COUNTY SHERIFFS OFFICE,STILLWATER,6/7/2026 5:26:00 PM,WC26027631,"1XXX  EAGLE RIDGE CIR, STILLWATER",WARRANT ARREST
WASHINGTON COUNTY SHERIFFS OFFICE,STILLWATER,6/8/2026 10:40:32 AM,WC26027761,"15XXX  62ND ST N, STILLWATER",ASSIST OTHER AGENCY
WASHINGTON COUNTY SHERIFFS OFFICE,STILLWATER,6/8/2026 10:54:52 AM,WC26027764,"15XXX  62nd st n, STILLWATER",child explotation
WASHINGTON COUNTY SHERIFFS OFFICE,STILLWATER,6/9/2026 12:23:00 AM,WC26027896,"HWY 36 EB AT OAKGREEN AVE N, STILLWATER",TRAFFIC STOP
WASHINGTON COUNTY SHERIFFS OFFICE,STILLWATER,6/9/2026 10:58:41 AM,WC26027957,"14XXX  62nd St N, STILLWATER",MEDICAL
WASHINGTON COUNTY SHERIFFS OFFICE,STILLWATER,6/9/2026 11:46:17 AM,WC26027967,"15XXX  62ND ST N, STILLWATER",CITIZEN/PUBLIC ASSIST
WASHINGTON COUNTY SHERIFFS OFFICE,STILLWATER,6/10/2026 1:14:00 AM,WC26028145,"7XXX  Manning Ave N, STILLWATER",SUSPICIOUS PERSON/ACTIVITY
WASHINGTON COUNTY SHERIFFS OFFICE,STILLWATER,6/10/2026 10:05:28 AM,WC26028213,"15XXX  62nd St N, STILLWATER",CITIZEN/PUBLIC ASSIST
WASHINGTON COUNTY SHERIFFS OFFICE,STILLWATER,6/11/2026 12:00:00 AM,WC26028549,"14XXX  58TH ST N, STILLWATER",ASSIST OTHER AGENCY
WASHINGTON COUNTY SHERIFFS OFFICE,STILLWATER,6/11/2026 12:16:00 AM,WC26028357,"GREELEY ST S / 60TH ST N, STILLWATER",TRAFFIC STOP
WASHINGTON COUNTY SHERIFFS OFFICE,STILLWATER,6/11/2026 8:06:20 AM,WC26028408,"15XXX  62ND ST N, STILLWATER",ASSIST OTHER AGENCY
WASHINGTON COUNTY SHERIFFS OFFICE,STILLWATER,6/11/2026 9:31:27 AM,WC26028431,"15XXX  62ND ST N, STILLWATER",CITIZEN/PUBLIC ASSIST
WASHINGTON COUNTY SHERIFFS OFFICE,STILLWATER,6/11/2026 8:23:00 PM,WC26028529,"Highway 36 and Washington Ave, STILLWATER",TRAFFIC STOP
WASHINGTON COUNTY SHERIFFS OFFICE,STILLWATER,6/12/2026 2:12:49 AM,WC26028580,"15XXX  62ND ST N, STILLWATER",FUGITIVE FROM JUSTICE
WASHINGTON COUNTY SHERIFFS OFFICE,STILLWATER,6/12/2026 10:06:55 AM,WC26028624,"15XXX  62nd st N, STILLWATER",child explotation
WASHINGTON COUNTY SHERIFFS OFFICE,STILLWATER,6/13/2026 1:36:00 AM,WC26028783,"WASHINGTON AVE / Highway 36, STILLWATER",TRAFFIC STOP
WASHINGTON COUNTY SHERIFFS OFFICE,STILLWATER TOWNSHIP,6/7/2026 10:50:18 AM,WC26027589,"14XXX  114th St N, STILLWATER TOWNSHIP",BURNING COMPLAINT
WASHINGTON COUNTY SHERIFFS OFFICE,STILLWATER TOWNSHIP,6/8/2026 3:10:00 PM,WC26027807,"13XXX  - 13598 DELLWOOD RD N, STILLWATER TOWNSHIP",TRAFFIC STOP
WASHINGTON COUNTY SHERIFFS OFFICE,STILLWATER TOWNSHIP,6/8/2026 8:48:03 PM,WC26027863,"11XXX  Quail Ave N, STILLWATER TOWNSHIP",ALARM-BUSINESS/RES/FIRE/MEDICAL/ETC
WASHINGTON COUNTY SHERIFFS OFFICE,STILLWATER TOWNSHIP,6/9/2026 12:00:00 AM,WC26028006,"HWY 36 WB JEO MANNING AVE N, STILLWATER TOWNSHIP",TRAFFIC STOP
WASHINGTON COUNTY SHERIFFS OFFICE,STILLWATER TOWNSHIP,6/9/2026 1:36:00 AM,WC26027909,"9XXX  - 9999 SAINT CROIX TRL N, STILLWATER TOWNSHIP",PARKING VIOLATION
WASHINGTON COUNTY SHERIFFS OFFICE,STILLWATER TOWNSHIP,6/9/2026 6:53:10 AM,WC26027928,"Partridge Rd N / Partridge Road Ct N, STILLWATER TOWNSHIP",ANIMAL COMPLAINT
WASHINGTON COUNTY SHERIFFS OFFICE,STILLWATER TOWNSHIP,6/10/2026 6:58:39 PM,WC26028320,"Saint Croix Trl N / Arcola Trl N, STILLWATER TOWNSHIP",ASSIST OTHER AGENCY
WASHINGTON COUNTY SHERIFFS OFFICE,STILLWATER TOWNSHIP,6/11/2026 9:35:51 AM,WC26028433,"9XXX  Newgate Ave N, STILLWATER TOWNSHIP",MEDICAL
WASHINGTON COUNTY SHERIFFS OFFICE,STILLWATER TOWNSHIP,6/12/2026 11:12:09 AM,WC26028634,"XX Boom Site Landing, STILLWATER TOWNSHIP",CITIZEN/PUBLIC ASSIST
WASHINGTON COUNTY SHERIFFS OFFICE,STILLWATER TOWNSHIP,6/13/2026 6:18:49 PM,WC26028911,"9XXX  - 9153 SAINT CROIX TRL N, STILLWATER TOWNSHIP",PARKING VIOLATION
WASHINGTON COUNTY SHERIFFS OFFICE,STILLWATER TOWNSHIP,6/13/2026 6:34:21 PM,WC26028915,"9XXX  - 9153 SAINT CROIX TRL N, STILLWATER TOWNSHIP",PARKING VIOLATION
WASHINGTON COUNTY SHERIFFS OFFICE,STILLWATER TOWNSHIP,6/13/2026 11:44:05 PM,WC26028983,"Saint Croix Trl N / Partridge Rd N, STILLWATER TOWNSHIP",TRAFFIC COMPLAINT
WASHINGTON COUNTY SHERIFFS OFFICE,WEST LAKELAND TOWNSHIP,6/8/2026 10:41:12 AM,WC26027762,"13XXX  24th Street Ct N, WEST LAKELAND TOWNSHIP",ALARM-BUSINESS/RES/FIRE/MEDICAL/ETC
WASHINGTON COUNTY SHERIFFS OFFICE,WEST LAKELAND TOWNSHIP,6/8/2026 5:41:00 PM,WC26027836,"I94, WEST LAKELAND TOWNSHIP",TRAFFIC STOP
WASHINGTON COUNTY SHERIFFS OFFICE,WEST LAKELAND TOWNSHIP,6/8/2026 8:38:25 PM,WC26027861,"Hudson Rd N / Stagecoach Trl N, WEST LAKELAND TOWNSHIP",ACCIDENT
WASHINGTON COUNTY SHERIFFS OFFICE,WEST LAKELAND TOWNSHIP,6/10/2026 11:43:57 AM,WC26028240,"13XXX  24th Street Ct N, WEST LAKELAND TOWNSHIP",911 ABANDONED/HANGUP/OPEN LINE
WASHINGTON COUNTY SHERIFFS OFFICE,WEST LAKELAND TOWNSHIP,6/10/2026 2:18:54 PM,WC26028261,"2XXX  Olene Ave N, WEST LAKELAND TOWNSHIP",WELFARE CHECK
WASHINGTON COUNTY SHERIFFS OFFICE,WEST LAKELAND TOWNSHIP,6/11/2026 10:05:44 PM,WC26028546,"13XXX  24th Street Ct N, WEST LAKELAND TOWNSHIP",CITIZEN/PUBLIC ASSIST
WASHINGTON COUNTY SHERIFFS OFFICE,WEST LAKELAND TOWNSHIP,6/12/2026 6:47:21 PM,WC26028717,"13XXX  10th St N, WEST LAKELAND TOWNSHIP",ALARM-BUSINESS/RES/FIRE/MEDICAL/ETC
WASHINGTON COUNTY SHERIFFS OFFICE,WEST LAKELAND TOWNSHIP,6/13/2026 12:59:00 AM,WC26028776,"MANNING AVE N / 30TH ST N, WEST LAKELAND TOWNSHIP",TRAFFIC STOP
WASHINGTON COUNTY SHERIFFS OFFICE,WEST LAKELAND TOWNSHIP,6/13/2026 9:10:59 PM,WC26028943,"2XXX  MANNING AVE N, WEST LAKELAND TOWNSHIP",ACCIDENT
WASHINGTON COUNTY SHERIFFS OFFICE,WILLERNIE,6/7/2026 12:23:03 AM,WC26027528,"XXX Sargent Rd, WILLERNIE",MEDICAL
WASHINGTON COUNTY SHERIFFS OFFICE,WILLERNIE,6/9/2026 9:30:00 PM,WC26028094,"Stillwater Rd / Warner Ave S, WILLERNIE",DWI
WASHINGTON COUNTY SHERIFFS OFFICE,WILLERNIE,6/12/2026 4:41:29 PM,WC26028691,"XXX Warner Ave S, WILLERNIE",CIVIL MATTER/DISPUTE
WASHINGTON COUNTY SHERIFFS OFFICE,WILLERNIE,6/13/2026 6:46:25 AM,WC26028801,"XXX Stewart Rd, WILLERNIE",SUSPICIOUS PERSON/ACTIVITY
WASHINGTON COUNTY SHERIFFS OFFICE,WOODBURY,6/7/2026 9:26:00 PM,WC26027653,"I94 Eb at Hwy 120, WOODBURY",TRAFFIC STOP
WASHINGTON COUNTY SHERIFFS OFFICE,WOODBURY,6/7/2026 9:27:00 PM,WC26027654,"I94 EB RAMP, WOODBURY",TRAFFIC STOP
WASHINGTON COUNTY SHERIFFS OFFICE,WOODBURY,6/7/2026 9:52:00 PM,WC26027663,"I94 EB & CENTURY AV, WOODBURY",TRAFFIC STOP
WASHINGTON COUNTY SHERIFFS OFFICE,WOODBURY,6/7/2026 10:03:00 PM,WC26027668,"I94 East of Century Ave , WOODBURY",TRAFFIC STOP
WASHINGTON COUNTY SHERIFFS OFFICE,WOODBURY,6/7/2026 10:34:00 PM,WC26027675,"I94 Eb at Hwy 120, WOODBURY",TRAFFIC STOP
WASHINGTON COUNTY SHERIFFS OFFICE,WOODBURY,6/8/2026 5:28:00 PM,WC26027831,"2XXX  - 2998 MANNING AVE S, WOODBURY",INCIDENT
WASHINGTON COUNTY SHERIFFS OFFICE,WOODBURY,6/8/2026 6:57:00 PM,WC26027849,"7XXX  - 7499 VALLEY CREEK RD, WOODBURY",TRAFFIC STOP
WASHINGTON COUNTY SHERIFFS OFFICE,WOODBURY,6/10/2026 12:00:00 AM,WC26028301,"WOODBURY DR / I94, WOODBURY",TRAFFIC STOP
WASHINGTON COUNTY SHERIFFS OFFICE,WOODBURY,6/11/2026 11:34:00 PM,WC26028560,"INTERSTATE 94, WOODBURY",TRAFFIC STOP
WASHINGTON COUNTY SHERIFFS OFFICE,WOODBURY,6/12/2026 12:09:00 AM,WC26028568,"I94 WB & I494, WOODBURY",TRAFFIC STOP
WASHINGTON COUNTY SHERIFFS OFFICE,WOODBURY,6/12/2026 4:34:00 AM,WC26028592,"I94 EB JWO WOODBURY DR, WOODBURY",TRAFFIC STOP
WASHINGTON COUNTY SHERIFFS OFFICE,WOODBURY,6/12/2026 9:54:03 PM,WC26028745,"I94 WB JEO INWOOD AVE N, WOODBURY",TRAFFIC STOP
WASHINGTON COUNTY SHERIFFS OFFICE,WOODBURY,6/13/2026 8:38:42 PM,WC26028937,"Hwy 95 Sb Jso I94, WOODBURY",DRIVING COMPLAINT
WASHINGTON COUNTY SHERIFFS OFFICE,WOODBURY,6/13/2026 9:48:00 PM,WC26028954,"I94 & WOODBURY DR, WOODBURY",TRAFFIC STOP
WOODBURY PUBLIC SAFETY,COTTAGE GROVE,6/11/2026 6:33:10 PM,WB26023733,"7XXX  Hinton Ave S, COTTAGE GROVE",ASSIST OTHER AGENCY
WOODBURY PUBLIC SAFETY,OAKDALE,6/11/2026 2:49:00 PM,WB26023689,"PRIVATE RD, OAKDALE",WARRANT ARREST
WOODBURY PUBLIC SAFETY,OAKDALE,6/11/2026 11:21:15 PM,WB26023773,"XXX Greenway Ave N, OAKDALE",MEDICAL
WOODBURY PUBLIC SAFETY,OAKDALE,6/11/2026 11:39:27 PM,WB26023777,"XXX - 399 GENEVA AVE N, OAKDALE",WARRANT ARREST
WOODBURY PUBLIC SAFETY,WOODBURY,6/7/2026 9:07:14 AM,WB26022940,"10XXX  Hudson Rd, WOODBURY",THEFT
WOODBURY PUBLIC SAFETY,WOODBURY,6/7/2026 10:37:25 AM,WB26022947,"XXX Siesta Dr, WOODBURY",IDENTITY THEFT
WOODBURY PUBLIC SAFETY,WOODBURY,6/7/2026 11:32:07 AM,WB26022951,"1XXX  WOODLANE DR, WOODBURY",WARRANT ARREST
WOODBURY PUBLIC SAFETY,woodbury,6/7/2026 12:44:00 PM,WB26022965,"HUDSON RD, woodbury",ACCIDENT
WOODBURY PUBLIC SAFETY,WOODBURY,6/7/2026 12:56:00 PM,WB26023077,"2XXX  JORDAN CT, WOODBURY",FOUND PROPERTY/ITEM
WOODBURY PUBLIC SAFETY,WOODBURY,6/7/2026 1:03:32 PM,WB26022967,"1XXX  WOODLANE DR, WOODBURY",WARRANT ARREST
WOODBURY PUBLIC SAFETY,WOODBURY,6/7/2026 2:15:07 PM,WB26022980,"Lake Rd / Pioneer Dr, WOODBURY",ACCIDENT
WOODBURY PUBLIC SAFETY,WOODBURY,6/7/2026 3:42:00 PM,WB26022998,"9XXX  HUDSON PL, WOODBURY",TRAFFIC STOP
WOODBURY PUBLIC SAFETY,WOODBURY,6/7/2026 3:58:03 PM,WB26023002,"8XXX  Hudson Rd, WOODBURY",PROPERTY DAMAGE
WOODBURY PUBLIC SAFETY,WOODBURY,6/7/2026 4:24:17 PM,WB26023006,"WOODBURY DR / VALLEY CREEK RD, WOODBURY",ACCIDENT
WOODBURY PUBLIC SAFETY,WOODBURY,6/7/2026 4:54:48 PM,WB26023010,"HUDSON RD / LAKE VIEW DR, WOODBURY",ACCIDENT
WOODBURY PUBLIC SAFETY,WOODBURY,6/7/2026 5:06:30 PM,WB26023013,"XXX Commerce Dr, WOODBURY",SHOPLIFTING
WOODBURY PUBLIC SAFETY,WOODBURY,6/7/2026 5:34:56 PM,WB26023017,"2XXX  Liberty Trl, WOODBURY",ANIMAL BITE
WOODBURY PUBLIC SAFETY,WOODBURY,6/7/2026 5:38:09 PM,WB26023019,"6XXX  Falstaff Rd, WOODBURY",HARASSMENT
WOODBURY PUBLIC SAFETY,WOODBURY,6/7/2026 7:18:56 PM,WB26023031,"8XXX  Summer Wind Cir, WOODBURY",FRAUD/SCAM
WOODBURY PUBLIC SAFETY,WOODBURY,6/7/2026 7:37:32 PM,WB26023034,"TAMARACK RD OVER I494, WOODBURY",TRAFFIC STOP
WOODBURY PUBLIC SAFETY,WOODBURY,6/7/2026 9:24:57 PM,WB26023040,"XXX Commerce Dr, WOODBURY",THEFT
WOODBURY PUBLIC SAFETY,WOODBURY,6/8/2026 1:21:16 AM,WB26023056,"10XXX  FOX RUN RD, WOODBURY",DISTURBANCE
WOODBURY PUBLIC SAFETY,WOODBURY,6/8/2026 8:18:43 AM,WB26023067,"XXX Briar Glen Ln, WOODBURY",CIVIL MATTER/DISPUTE
WOODBURY PUBLIC SAFETY,WOODBURY,6/8/2026 8:23:02 AM,WB26023068,"XXX Commerce Dr, WOODBURY",DISTURBANCE
WOODBURY PUBLIC SAFETY,WOODBURY,6/8/2026 9:11:06 AM,WB26023073,"Radio Dr / City Place Blvd, WOODBURY",ACCIDENT
WOODBURY PUBLIC SAFETY,WOODBURY,6/8/2026 10:22:52 AM,WB26023081,"2XXX  Wimbledon Bay, WOODBURY",FRAUD/SCAM
WOODBURY PUBLIC SAFETY,WOODBURY,6/8/2026 10:36:20 AM,WB26023082,"4XXX  Blake Court, WOODBURY",THEFT
WOODBURY PUBLIC SAFETY,WOODBURY,6/8/2026 11:03:38 AM,WB26023087,"4XXX  Blake Way, WOODBURY",PROPERTY DAMAGE
WOODBURY PUBLIC SAFETY,WOODBURY,6/8/2026 11:25:40 AM,WB26023092,"XXX Karen Way, WOODBURY",MEDICAL
WOODBURY PUBLIC SAFETY,WOODBURY,6/8/2026 11:32:00 AM,WB26023093,"8XXX  City Centre Dr, WOODBURY",ACCIDENT
WOODBURY PUBLIC SAFETY,WOODBURY,6/8/2026 11:36:00 AM,WB26023094,"6XXX  ASHWOOD RD, WOODBURY",WARRANT ARREST
WOODBURY PUBLIC SAFETY,WOODBURY,6/8/2026 11:43:27 AM,WB26023095,"7XXX  Teal Rd, WOODBURY",PROPERTY DAMAGE
WOODBURY PUBLIC SAFETY,WOODBURY,6/8/2026 1:19:13 PM,WB26023112,"7XXX  VALLEY CREEK PLZ, WOODBURY",SHOPLIFTING
WOODBURY PUBLIC SAFETY,WOODBURY,6/8/2026 1:40:00 PM,WB26023420,"10XXX  NEWPORT PATH, WOODBURY",MAARC
WOODBURY PUBLIC SAFETY,WOODBURY,6/8/2026 1:55:00 PM,WB26023123,"Woodbury Dr / Fox Run Rd, WOODBURY",ACCIDENT
WOODBURY PUBLIC SAFETY,WOODBURY,6/8/2026 1:59:52 PM,WB26023125,"7XXX  CURRELL BLVD, WOODBURY",WARRANT ARREST
WOODBURY PUBLIC SAFETY,WOODBURY,6/8/2026 2:00:03 PM,WB26023126,"Woodbury Dr / Lake Rd, WOODBURY",ACCIDENT
WOODBURY PUBLIC SAFETY,WOODBURY,6/8/2026 2:05:26 PM,WB26023128,"1XXX  Wooddale Dr, WOODBURY",ACCIDENT
WOODBURY PUBLIC SAFETY,WOODBURY,6/8/2026 2:11:41 PM,WB26023129,"1XXX  Regency Dr, WOODBURY",DISTURBANCE
WOODBURY PUBLIC SAFETY,WOODBURY,6/8/2026 2:51:00 PM,WB26023127,"Woodbury Dr / Fox Run Rd, WOODBURY",ACCIDENT
WOODBURY PUBLIC SAFETY,WOODBURY,6/8/2026 3:25:02 PM,WB26023141,"2XXX  Wooddale Dr, WOODBURY",PROPERTY DAMAGE
WOODBURY PUBLIC SAFETY,WOODBURY,6/8/2026 3:33:47 PM,WB26023143,"HUDSON RD/WOODBURY DR, WOODBURY",ACCIDENT
WOODBURY PUBLIC SAFETY,WOODBURY,6/8/2026 3:34:13 PM,WB26023142,"Century Ave/Woodbine Ave, WOODBURY",TRAFFIC STOP
WOODBURY PUBLIC SAFETY,WOODBURY,6/8/2026 3:56:36 PM,WB26023147,"10XXX  Hudson Rd, WOODBURY",SHOPLIFTING
WOODBURY PUBLIC SAFETY,WOODBURY,6/8/2026 3:57:03 PM,WB26023148,"8XXX  Valley Creek Rd, WOODBURY",TRESPASSING
WOODBURY PUBLIC SAFETY,WOODBURY,6/8/2026 4:35:52 PM,WB26023154,"11XXX  Halstead Trl, WOODBURY",UNWANTED PERSON/VEHICLE
WOODBURY PUBLIC SAFETY,WOODBURY,6/8/2026 4:45:08 PM,WB26023157,"TAMARACK RD TO I494 NB RAMP, WOODBURY",TRAFFIC STOP
WOODBURY PUBLIC SAFETY,WOODBURY,6/8/2026 4:54:02 PM,WB26023159,"1XXX  Woodwinds Dr, WOODBURY",UNWANTED PERSON/VEHICLE
WOODBURY PUBLIC SAFETY,WOODBURY,6/8/2026 5:39:50 PM,WB26023166,"XXX COMMERCE DR, WOODBURY",THEFT FROM MOTOR VEHICLE
WOODBURY PUBLIC SAFETY,WOODBURY,6/8/2026 6:05:00 PM,WB26023151,"RADIO DR / VALLEY CREEK RD, WOODBURY",ACCIDENT
WOODBURY PUBLIC SAFETY,WOODBURY,6/8/2026 6:30:50 PM,WB26023179,"WOODBURY LAKES RD / SPRING HILL DR, WOODBURY",RECOVERED STOLEN
WOODBURY PUBLIC SAFETY,WOODBURY,6/8/2026 7:10:00 PM,WB26023184,"6XXX  ASHWOOD RD, WOODBURY",RECOVERED STOLEN
WOODBURY PUBLIC SAFETY,WOODBURY,6/8/2026 8:11:29 PM,WB26023191,"1XXX  Regency Dr, WOODBURY",BURGLARY
WOODBURY PUBLIC SAFETY,WOODBURY,6/8/2026 9:10:00 PM,WB26023197,"1XXX  Queens Dr, WOODBURY",SHOPLIFTING
WOODBURY PUBLIC SAFETY,WOODBURY,6/8/2026 9:10:00 PM,WB26023228,"1XXX  QUEENS DR, WOODBURY",SHOPLIFTING
WOODBURY PUBLIC SAFETY,WOODBURY,6/8/2026 9:57:44 PM,WB26023199,"3XXX  LEYLAND TRL, WOODBURY",WELFARE CHECK
WOODBURY PUBLIC SAFETY,WOODBURY,6/8/2026 10:39:13 PM,WB26023205,"1XXX  Regency Dr, WOODBURY",CIVIL MATTER/DISPUTE
WOODBURY PUBLIC SAFETY,WOODBURY,6/9/2026 12:07:00 AM,WB26023217,"LAKE RD / COURTLY RD, WOODBURY",ACCIDENT
WOODBURY PUBLIC SAFETY,WOODBURY,6/9/2026 12:31:21 AM,WB26023219,"11XXX  HUDSON RD, WOODBURY",ACCIDENT
WOODBURY PUBLIC SAFETY,WOODBURY,6/9/2026 3:41:38 AM,WB26023229,"7XXX  Lake Rd, WOODBURY",ROBBERY
WOODBURY PUBLIC SAFETY,WOODBURY,6/9/2026 4:10:41 AM,WB26023232,"1XXX  Woodwinds Dr, WOODBURY",DEATH INVESTIGATION
WOODBURY PUBLIC SAFETY,WOODBURY,6/9/2026 8:32:38 AM,WB26023240,"1XXX  Donegal Dr, WOODBURY",CIVIL MATTER/DISPUTE
WOODBURY PUBLIC SAFETY,WOODBURY,6/9/2026 8:52:24 AM,WB26023243,"1XXX  Woodwinds Drive, WOODBURY",FRAUD/SCAM
WOODBURY PUBLIC SAFETY,WOODBURY,6/9/2026 8:55:25 AM,WB26023245,"1XXX  Regency Dr, WOODBURY",WELFARE CHECK
WOODBURY PUBLIC SAFETY,WOODBURY,6/9/2026 10:03:45 AM,WB26023258,"Manning Ave S / I94, WOODBURY",ACCIDENT
WOODBURY PUBLIC SAFETY,WOODBURY,6/9/2026 10:25:03 AM,WB26023261,"6XXX  Crackleberry Trl, WOODBURY",SUSPICIOUS PERSON/ACTIVITY
WOODBURY PUBLIC SAFETY,WOODBURY,6/9/2026 12:28:43 PM,WB26023284,"8XXX  Saddle Trl, WOODBURY",SUSPICIOUS PERSON/ACTIVITY
WOODBURY PUBLIC SAFETY,WOODBURY,6/9/2026 1:12:17 PM,WB26023293,"1XXX  Regency Dr, WOODBURY",DISTURBANCE
WOODBURY PUBLIC SAFETY,WOODBURY,6/9/2026 1:19:00 PM,WB26023295,"3XXX  CAMELOT DR, WOODBURY",WARRANT ARREST
WOODBURY PUBLIC SAFETY,WOODBURY,6/9/2026 2:01:11 PM,WB26023302,"8XXX  Meridian Way, WOODBURY",THEFT
WOODBURY PUBLIC SAFETY,WOODBURY,6/9/2026 2:11:00 PM,WB26023303,"8XXX  Tamarack Vlg, WOODBURY",ACCIDENT
WOODBURY PUBLIC SAFETY,WOODBURY,6/9/2026 2:30:28 PM,WB26023306,"7XXX  GUIDER DR, WOODBURY",TRAFFIC STOP
WOODBURY PUBLIC SAFETY,WOODBURY,6/9/2026 3:58:24 PM,WB26023315,"Century Ave / Courtly Rd, WOODBURY",ACCIDENT
WOODBURY PUBLIC SAFETY,WOODBURY,6/9/2026 5:49:59 PM,WB26023334,"CENTURY AVE N/Upper Afton Rd, WOODBURY",DANCO VIOLATION
WOODBURY PUBLIC SAFETY,WOODBURY,6/9/2026 6:48:09 PM,WB26023345,"I494 SB TO VALLEY CREEK RD RAMP / VALLEY CREEK RD, WOODBURY",FOUND PROPERTY/ITEM
WOODBURY PUBLIC SAFETY,WOODBURY,6/9/2026 7:55:07 PM,WB26023358,"10XXX  Hudson Rd, WOODBURY",ACCIDENT
WOODBURY PUBLIC SAFETY,WOODBURY,6/9/2026 9:05:15 PM,WB26023363,"6XXX  Birchwood Rd, WOODBURY",THEFT FROM MOTOR VEHICLE
WOODBURY PUBLIC SAFETY,WOODBURY,6/9/2026 11:57:56 PM,WB26023391,"10XXX  BLEEKER ST, WOODBURY",HARASSMENT
WOODBURY PUBLIC SAFETY,WOODBURY,6/10/2026 7:44:10 AM,WB26023416,"3XXX  Hazel Trl, WOODBURY",PROPERTY DAMAGE
WOODBURY PUBLIC SAFETY,WOODBURY,6/10/2026 10:07:40 AM,WB26023433,"CENTURY AVE , WOODBURY",TRAFFIC STOP
WOODBURY PUBLIC SAFETY,WOODBURY,6/10/2026 10:54:00 AM,WB26023440,"HUDSON RD/TAMARACK VILLAGE, WOODBURY",ACCIDENT
WOODBURY PUBLIC SAFETY,WOODBURY,6/10/2026 11:03:03 AM,WB26023441,"TAMARACK RD TO I494 NB RAMP, WOODBURY",TRAFFIC STOP
WOODBURY PUBLIC SAFETY,WOODBURY,6/10/2026 12:00:00 PM,WB26023450,"XXX RADIO DR, WOODBURY",WARRANT ARREST
WOODBURY PUBLIC SAFETY,WOODBURY,6/10/2026 12:05:39 PM,WB26023452,"XXX AVIGNON CT, WOODBURY",FRAUD/SCAM
WOODBURY PUBLIC SAFETY,WOODBURY,6/10/2026 1:03:38 PM,WB26023460,"9XXX  Hudson Pl, WOODBURY",DISTURBANCE
WOODBURY PUBLIC SAFETY,WOODBURY,6/10/2026 1:20:17 PM,WB26023466,"2XXX  Leyland Alcove, WOODBURY",DISTURBANCE
WOODBURY PUBLIC SAFETY,WOODBURY,6/10/2026 1:57:08 PM,WB26023475,"XXX Commerce Dr, WOODBURY",FRAUD/SCAM
WOODBURY PUBLIC SAFETY,WOODBURY,6/10/2026 2:57:32 PM,WB26023486,"QUEENS DR / VALLEY CREEK RD, WOODBURY",WARRANT ARREST
WOODBURY PUBLIC SAFETY,WOODBURY,6/10/2026 3:09:50 PM,WB26023489,"Tamarack Rd / Woodbury Dr, WOODBURY",ACCIDENT
WOODBURY PUBLIC SAFETY,WOODBURY,6/10/2026 3:51:12 PM,WB26023496,"2XXX  Liberty Trl, WOODBURY",ANIMAL BITE
WOODBURY PUBLIC SAFETY,WOODBURY,6/10/2026 4:46:23 PM,WB26023504,"7XXX  VALLEY CREEK PLZ, WOODBURY",SHOPLIFTING
WOODBURY PUBLIC SAFETY,WOODBURY,6/10/2026 4:57:12 PM,WB26023506,"8XXX  TAMARACK VLG, WOODBURY",TRAFFIC STOP
WOODBURY PUBLIC SAFETY,WOODBURY,6/10/2026 6:01:00 PM,WB26023508,"1XXX  Donegal Dr, WOODBURY",TRAFFIC COMPLAINT
WOODBURY PUBLIC SAFETY,WOODBURY,6/10/2026 6:08:48 PM,WB26023520,"7XXX  VALLEY CREEK PLZ, WOODBURY",SHOPLIFTING
WOODBURY PUBLIC SAFETY,WOODBURY,6/10/2026 7:09:00 PM,WB26023530,"RADIO DR, WOODBURY",ACCIDENT
WOODBURY PUBLIC SAFETY,WOODBURY,6/10/2026 7:19:16 PM,WB26023532,"UPPER AFTON RD, WOODBURY",TRAFFIC STOP
WOODBURY PUBLIC SAFETY,WOODBURY,6/10/2026 7:19:59 PM,WB26023533,"7XXX  Robinwood Trl, WOODBURY",MEDICAL
WOODBURY PUBLIC SAFETY,WOODBURY,6/10/2026 8:26:15 PM,WB26023539,"3XXX  Westin Ave, WOODBURY",CIVIL MATTER/DISPUTE
WOODBURY PUBLIC SAFETY,WOODBURY,6/10/2026 9:00:41 PM,WB26023548,"XXX Weir Dr, WOODBURY",DISTURBANCE
WOODBURY PUBLIC SAFETY,WOODBURY,6/11/2026 12:07:25 AM,WB26023589,"1XXX  Woodwinds Dr, WOODBURY",WELFARE CHECK
WOODBURY PUBLIC SAFETY,WOODBURY,6/11/2026 3:45:39 AM,WB26023607,"10XXX  Hudson Rd, WOODBURY",UNWANTED PERSON/VEHICLE
WOODBURY PUBLIC SAFETY,WOODBURY,6/11/2026 8:04:15 AM,WB26023619,"8XXX  Globe Dr, WOODBURY",SUSPICIOUS PERSON/ACTIVITY
WOODBURY PUBLIC SAFETY,WOODBURY,6/11/2026 8:21:57 AM,WB26023622,"5XXX  Useppa Trl, WOODBURY",CIVIL MATTER/DISPUTE
WOODBURY PUBLIC SAFETY,WOODBURY,6/11/2026 10:12:27 AM,WB26023639,"XXX Kingfisher Ln, WOODBURY",SUICIDE ATTEMPT/THREATS OF
WOODBURY PUBLIC SAFETY,WOODBURY,6/11/2026 10:56:14 AM,WB26023641,"3XXX  WILLIAMSBURG BAY, WOODBURY",WARRANT ARREST
WOODBURY PUBLIC SAFETY,WOODBURY,6/11/2026 12:12:06 PM,WB26023661,"7XXX  VALLEY CREEK PLZ, WOODBURY",SHOPLIFTING
WOODBURY PUBLIC SAFETY,WOODBURY,6/11/2026 12:25:00 PM,WB26023665,"Hudson Rd / Woodbury Lakes Rd, WOODBURY",ACCIDENT
WOODBURY PUBLIC SAFETY,WOODBURY,6/11/2026 1:02:42 PM,WB26023671,"Radio Dr I94 Eb Ramp, WOODBURY",ACCIDENT
WOODBURY PUBLIC SAFETY,WOODBURY,6/11/2026 1:20:32 PM,WB26023672,"7XXX  CURRELL BLVD, WOODBURY",WARRANT ARREST
WOODBURY PUBLIC SAFETY,WOODBURY,6/11/2026 2:25:41 PM,WB26023688,"7XXX  VALLEY CREEK PLZ, WOODBURY",PROPERTY DAMAGE
WOODBURY PUBLIC SAFETY,WOODBURY,6/11/2026 2:26:27 PM,WB26023687,"Woodlane Dr / Lake Rd, WOODBURY",ACCIDENT
WOODBURY PUBLIC SAFETY,WOODBURY,6/11/2026 3:40:25 PM,WB26023698,"8XXX  TAMARACK VLG, WOODBURY",DWI
WOODBURY PUBLIC SAFETY,WOODBURY,6/11/2026 4:39:01 PM,WB26023713,"7XXX  Tamarack Rd, WOODBURY",ACCIDENT
WOODBURY PUBLIC SAFETY,WOODBURY,6/11/2026 4:49:11 PM,WB26023714,"7XXX  Tamarack Rd, WOODBURY",UNWANTED PERSON/VEHICLE
WOODBURY PUBLIC SAFETY,WOODBURY,6/11/2026 5:06:58 PM,WB26023718,"Weir Dr / Valley Creek Rd, WOODBURY",ACCIDENT
WOODBURY PUBLIC SAFETY,WOODBURY,6/11/2026 5:29:49 PM,WB26023720,"11XXX  Beechwood Ln, WOODBURY",MISSING PERSON
WOODBURY PUBLIC SAFETY,WOODBURY,6/11/2026 5:30:29 PM,WB26023721,"4XXX  Benjamin Dr, WOODBURY",SUSPICIOUS PERSON/ACTIVITY
WOODBURY PUBLIC SAFETY,WOODBURY,6/11/2026 5:42:55 PM,WB26023722,"8XXX  Tamarack Vlg, WOODBURY",SHOPLIFTING
WOODBURY PUBLIC SAFETY,WOODBURY,6/11/2026 8:17:00 PM,WB26023748,"4XXX  RADIO DR, WOODBURY",PROPERTY DAMAGE
WOODBURY PUBLIC SAFETY,WOODBURY,6/11/2026 10:02:02 PM,WB26023762,"4XXX  Radio Dr, WOODBURY",HARASSMENT
WOODBURY PUBLIC SAFETY,WOODBURY,6/12/2026 8:16:29 AM,WB26023809,"4XXX  Airlake Curve , WOODBURY",SUSPICIOUS PERSON/ACTIVITY
WOODBURY PUBLIC SAFETY,WOODBURY,6/12/2026 9:03:18 AM,WB26023816,"9XXX  HUDSON RD, WOODBURY",THEFT
WOODBURY PUBLIC SAFETY,WOODBURY,6/12/2026 9:07:15 AM,WB26023819,"8XXX  Ashford Rd, WOODBURY",PROPERTY DAMAGE
WOODBURY PUBLIC SAFETY,WOODBURY,6/12/2026 9:13:02 AM,WB26023818,"Woodbury Dr / Tamarack Rd, WOODBURY",TRAFFIC COMPLAINT
WOODBURY PUBLIC SAFETY,WOODBURY,6/12/2026 12:25:27 PM,WB26023840,"8XXX  Tamarack Rd, WOODBURY",SUSPICIOUS PERSON/ACTIVITY
WOODBURY PUBLIC SAFETY,WOODBURY,6/12/2026 12:29:19 PM,WB26023842,"XXX Karen Dr, WOODBURY",ACCIDENT
WOODBURY PUBLIC SAFETY,WOODBURY,6/12/2026 12:45:48 PM,WB26023843,"8XXX  Tamarack Bay, WOODBURY",HARASSMENT
WOODBURY PUBLIC SAFETY,WOODBURY,6/12/2026 1:40:16 PM,WB26023850,"7XXX  Guider Dr, WOODBURY",THEFT FROM MOTOR VEHICLE
WOODBURY PUBLIC SAFETY,WOODBURY,6/12/2026 1:43:00 PM,WB26023851,"Valley Creek Rd, WOODBURY",ACCIDENT
WOODBURY PUBLIC SAFETY,WOODBURY,6/12/2026 2:26:10 PM,WB26023858,"11XXX  SAND CASTLE DR, WOODBURY",FRAUD/SCAM
WOODBURY PUBLIC SAFETY,WOODBURY,6/12/2026 2:36:56 PM,WB26023864,"9XXX  Sierra Rd, WOODBURY",SUSPICIOUS PERSON/ACTIVITY
WOODBURY PUBLIC SAFETY,WOODBURY,6/12/2026 4:24:44 PM,WB26023877,"3XXX  Juniper Ln, WOODBURY",ACCIDENT
WOODBURY PUBLIC SAFETY,WOODBURY,6/12/2026 4:31:10 PM,WB26023879,"1XXX  Weir Dr, WOODBURY",SUSPICIOUS PERSON/ACTIVITY
WOODBURY PUBLIC SAFETY,WOODBURY,6/12/2026 4:36:15 PM,WB26023880,"XXX Karen Dr, WOODBURY",IDENTITY THEFT
WOODBURY PUBLIC SAFETY,WOODBURY,6/12/2026 4:49:42 PM,WB26023882,"10XXX  Hudson Rd, WOODBURY",PARKING VIOLATION
WOODBURY PUBLIC SAFETY,WOODBURY,6/12/2026 4:56:14 PM,WB26023884,"Valley Creek Rd / Century Ave S, WOODBURY",ACCIDENT
WOODBURY PUBLIC SAFETY,WOODBURY,6/12/2026 6:25:51 PM,WB26023898,"Radio Dr / Lake Rd, WOODBURY",ACCIDENT
WOODBURY PUBLIC SAFETY,WOODBURY,6/12/2026 6:35:13 PM,WB26023900,"XXX Karen Dr, WOODBURY",THEFT
WOODBURY PUBLIC SAFETY,WOODBURY,6/12/2026 7:06:26 PM,WB26023903,"10XXX  Hudson Rd, WOODBURY",ACCIDENT
WOODBURY PUBLIC SAFETY,WOODBURY,6/12/2026 7:50:45 PM,WB26023908,"7XXX  Currell Blvd, WOODBURY",THEFT
WOODBURY PUBLIC SAFETY,WOODBURY,6/12/2026 8:00:02 PM,WB26023909,"11XXX  INDEPENDENCE WAY, WOODBURY",DRUNK/INTOXICATED 
WOODBURY PUBLIC SAFETY,WOODBURY,6/12/2026 8:06:09 PM,WB26023911,"7XXX  Valley Creek Plz, WOODBURY",SUSPICIOUS PERSON/ACTIVITY
WOODBURY PUBLIC SAFETY,WOODBURY,6/12/2026 9:13:52 PM,WB26023915,"XXX Karen Dr, WOODBURY",CIVIL MATTER/DISPUTE
WOODBURY PUBLIC SAFETY,WOODBURY,6/12/2026 10:54:52 PM,WB26023931,"1XXX  WOODLANE DR, WOODBURY",THEFT
WOODBURY PUBLIC SAFETY,WOODBURY,6/13/2026 2:30:02 AM,WB26023943,"6XXX  Ashwood Rd, WOODBURY",SUICIDE ATTEMPT/THREATS OF
WOODBURY PUBLIC SAFETY,WOODBURY,6/13/2026 8:43:43 AM,WB26023954,"10XXX  HUDSON RD, WOODBURY",DRUGS
WOODBURY PUBLIC SAFETY,Woodbury,6/13/2026 10:07:44 AM,WB26023964,"KEATS AVE N / HUDSON BLVD N, Woodbury",ACCIDENT
WOODBURY PUBLIC SAFETY,WOODBURY,6/13/2026 11:31:15 AM,WB26023974,"8XXX  Valley Creek Rd, WOODBURY",IDENTITY THEFT
WOODBURY PUBLIC SAFETY,WOODBURY,6/13/2026 1:07:10 PM,WB26023993,"10XXX  City Walk Dr, WOODBURY",HARASSMENT
WOODBURY PUBLIC SAFETY,WOODBURY,6/13/2026 1:54:50 PM,WB26023997,"9XXX  - 9936 DALE RD, WOODBURY",TRAFFIC STOP
WOODBURY PUBLIC SAFETY,WOODBURY,6/13/2026 1:57:28 PM,WB26023998,"Tamarack Rd / I494 Sb To Tamarack Rd Ramp, WOODBURY",ACCIDENT
WOODBURY PUBLIC SAFETY,WOODBURY,6/13/2026 2:18:28 PM,WB26024001,"7XXX  Tamarack Rd, WOODBURY",DISORDERLY CONDUCT
WOODBURY PUBLIC SAFETY,WOODBURY,6/13/2026 2:45:52 PM,WB26024003,"Woodbury Dr / Park Xing, WOODBURY",ACCIDENT
WOODBURY PUBLIC SAFETY,WOODBURY,6/13/2026 4:00:49 PM,WB26024009,"Weir Dr / Valley Creek Rd, WOODBURY",ACCIDENT
WOODBURY PUBLIC SAFETY,WOODBURY,6/13/2026 5:00:49 PM,WB26024020,"Woodbury Lakes Rd / Radio Dr To I94 Eb Ramp, WOODBURY",ACCIDENT
WOODBURY PUBLIC SAFETY,WOODBURY,6/13/2026 5:10:19 PM,WB26024021,"8XXX  HUDSON RD, WOODBURY",ASSIST OTHER AGENCY
WOODBURY PUBLIC SAFETY,WOODBURY,6/13/2026 5:39:53 PM,WB26024024,"2XXX  Eagle Trace Ln, WOODBURY",DISTURBANCE
WOODBURY PUBLIC SAFETY,WOODBURY,6/13/2026 7:00:41 PM,WB26024033,"2XXX  Cypress Dr, WOODBURY",DISTURBANCE
WOODBURY PUBLIC SAFETY,WOODBURY,6/13/2026 7:39:09 PM,WB26024036,"1XXX  Woodwinds Dr, WOODBURY",THEFT
WOODBURY PUBLIC SAFETY,WOODBURY,6/13/2026 8:52:52 PM,WB26024044,"10XXX  Dancing Waters Pkwy, WOODBURY",ASSAULT
WOODBURY PUBLIC SAFETY,WOODBURY,6/13/2026 10:44:41 PM,WB26024063,"1XXX  Briar Glen Ln, WOODBURY",DISTURBANCE
WOODBURY PUBLIC SAFETY,WOODBURY,6/13/2026 10:51:12 PM,WB26024065,"10XXX  Hudson Rd, WOODBURY",SHOPLIFTING

