AgencyName,Address_City_Description,CreatedOn1,CaseNum,Textbox28,EventDescription
BAYPORT POLICE DEPARTMENT,BAYPORT,9/6/2026 12:49:40 AM,BP26002918,"XX CENTRAL AVE, BAYPORT",Park Close
BAYPORT POLICE DEPARTMENT,BAYPORT,9/6/2026 1:43:26 AM,BP26002919,"XXX Highway 95 N, BAYPORT",MEDICAL
BAYPORT POLICE DEPARTMENT,BAYPORT,9/6/2026 10:12:16 AM,BP26002920,"Unknown, BAYPORT",DANCO VIOLATION
BAYPORT POLICE DEPARTMENT,BAYPORT,9/6/2026 9:26:25 PM,BP26002922,"XX CENTRAL AVE, BAYPORT",Park Close
BAYPORT POLICE DEPARTMENT,BAYPORT,9/6/2026 9:46:43 PM,BP26002923,"XXX 4TH ST N, BAYPORT",ANIMAL BITE
BAYPORT POLICE DEPARTMENT,BAYPORT,9/6/2026 11:09:09 PM,BP26002924,"XXX Highway 95 N, BAYPORT",MEDICAL
BAYPORT POLICE DEPARTMENT,BAYPORT,9/7/2026 8:33:39 AM,BP26002925,"XXX Highway 95 N, BAYPORT",DEATH
BAYPORT POLICE DEPARTMENT,BAYPORT,9/7/2026 12:21:56 PM,BP26002927,"XXX PRAIRIE WAY S, BAYPORT",MEDICAL
BAYPORT POLICE DEPARTMENT,BAYPORT,9/7/2026 1:18:08 PM,BP26002929,"XXX 3RD ST S, BAYPORT",MEDICAL
BAYPORT POLICE DEPARTMENT,BAYPORT,9/7/2026 5:22:23 PM,BP26002931,"XXX 2ND ST N, BAYPORT",ANIMAL COMPLAINT
BAYPORT POLICE DEPARTMENT,BAYPORT,9/7/2026 9:30:16 PM,BP26002933,"XXX 5TH AVE N, BAYPORT",ALARM-BUSINESS/RES/FIRE/MEDICAL/ETC
BAYPORT POLICE DEPARTMENT,BAYPORT,9/9/2026 12:06:27 AM,BP26002942,"XX CENTRAL AVE, BAYPORT",PARK CLOSED
BAYPORT POLICE DEPARTMENT,BAYPORT,9/9/2026 7:57:29 PM,BP26002948,"XXX 2ND AVE S, BAYPORT",FRAUD/SCAM
BAYPORT POLICE DEPARTMENT,BAYPORT,9/9/2026 10:54:36 PM,BP26002949,"Hwy 95 / 10th Ave N, BAYPORT",ACCIDENT
BAYPORT POLICE DEPARTMENT,BAYPORT,9/10/2026 12:08:07 AM,BP26002950,"XX CENTRAL AVE, BAYPORT",Park Close
BAYPORT POLICE DEPARTMENT,BAYPORT,9/10/2026 8:28:11 AM,BP26002953,"XXX 6th St N, BAYPORT",Gas Smell
BAYPORT POLICE DEPARTMENT,BAYPORT,9/10/2026 10:06:46 AM,BP26002954,"XXX 4th St N, BAYPORT",DANGEROUS/POTENTIALLY DANGEROUS DOG
BAYPORT POLICE DEPARTMENT,BAYPORT,9/10/2026 5:44:42 PM,BP26002960,"XXX Highway 95 N, BAYPORT",COMMUNITY CONTACT - K9
BAYPORT POLICE DEPARTMENT,BAYPORT,9/10/2026 9:59:39 PM,BP26002966,"XXX 3RD ST N, BAYPORT",DANGEROUS/POTENTIALLY DANGEROUS DOG
BAYPORT POLICE DEPARTMENT,BAYPORT,9/11/2026 9:53:41 AM,BP26002971,"XXX MAINE ST N, BAYPORT",TRAFFIC STOP
BAYPORT POLICE DEPARTMENT,BAYPORT,9/11/2026 11:20:34 AM,BP26002973,"XXX Highway 95 N, BAYPORT",ACCIDENT
BAYPORT POLICE DEPARTMENT,BAYPORT,9/11/2026 7:28:51 PM,BP26002976,"XXX 2ND ST N, BAYPORT",TREE DOWN
BAYPORT POLICE DEPARTMENT,BAYPORT,9/11/2026 11:33:55 PM,BP26002977,"XX CENTRAL AVE, BAYPORT",PARK CLOSED
BAYPORT POLICE DEPARTMENT,BAYPORT,9/12/2026 11:54:49 AM,BP26002985,"XXX 4TH AVE N, BAYPORT",LOCKOUT
BAYPORT POLICE DEPARTMENT,BAYPORT,9/12/2026 3:09:53 PM,BP26002986,"XXX MARINER DRIVE CT, BAYPORT",MEDICAL
BAYPORT POLICE DEPARTMENT,BAYPORT,9/12/2026 10:54:56 PM,BP26002990,"XXX Highway 95 N, BAYPORT",MEDICAL
BAYPORT POLICE DEPARTMENT,BAYPORT,9/12/2026 11:21:25 PM,BP26002991,"XX CENTRAL AVE, BAYPORT",PARK CLOSED
BAYPORT POLICE DEPARTMENT,LAKE ELMO,9/10/2026 10:25:57 PM,BP26002968,"HWY 36 WB AT KEATS AVE N, LAKE ELMO",ASSIST OTHER AGENCY
BAYPORT POLICE DEPARTMENT,LAKELAND,9/12/2026 7:54:08 PM,BP26002987,"SAINT CROIX TRL N / 5TH ST N, LAKELAND",DRIVING COMPLAINT
BAYPORT POLICE DEPARTMENT,OAK PARK HEIGHTS,9/8/2026 7:06:03 AM,BP26002935,"6XXX  OXBORO AVE N, OAK PARK HEIGHTS",ASSIST OTHER AGENCY
BAYPORT POLICE DEPARTMENT,OAK PARK HEIGHTS,9/10/2026 12:18:52 PM,BP26002955,"14XXX  57TH ST N, OAK PARK HEIGHTS",WARRANT ATTEMPT
BAYPORT POLICE DEPARTMENT,OAK PARK HEIGHTS,9/11/2026 7:16:29 AM,BP26002970,"14XXX  58TH ST N, OAK PARK HEIGHTS",ASSIST OTHER AGENCY
BAYPORT POLICE DEPARTMENT,OAK PARK HEIGHTS,9/11/2026 12:07:27 PM,BP26002974,"5XXX  NORWICH PKWY, OAK PARK HEIGHTS",ASSIST OTHER AGENCY
BAYPORT POLICE DEPARTMENT,OAK PARK HEIGHTS,9/12/2026 1:57:05 AM,BP26002982,"12XXX  58TH ST N, OAK PARK HEIGHTS",ASSIST OTHER AGENCY
BAYPORT POLICE DEPARTMENT,OAK PARK HEIGHTS,9/12/2026 3:48:59 AM,BP26002983,"13XXX  60TH ST N, OAK PARK HEIGHTS",ASSIST OTHER AGENCY
BAYPORT POLICE DEPARTMENT,OAKDALE,9/10/2026 7:48:40 PM,BP26002962,"XXX GENEVA AVE N, OAKDALE",K9 ASSIST
BAYPORT POLICE DEPARTMENT,STILLWATER,9/11/2026 3:59:49 AM,BP26002969,"XXX LAUREL ST W, STILLWATER",ASSIST OTHER AGENCY
COTTAGE GROVE POLICE DEPARTMENT,COTTAGE GROVE,9/6/2026 12:06:49 AM,CG26038950,"8XXX  EAST POINT DOUGLAS RD S, COTTAGE GROVE",DWI
COTTAGE GROVE POLICE DEPARTMENT,COTTAGE GROVE,9/6/2026 12:10:16 AM,CG26038952,"6XXX  80TH ST S, COTTAGE GROVE",FIRE
COTTAGE GROVE POLICE DEPARTMENT,COTTAGE GROVE,9/6/2026 1:34:00 AM,CG26038960,"HWY 61 SB TO JAMAICA AVE S RAMP, COTTAGE GROVE",DWI
COTTAGE GROVE POLICE DEPARTMENT,COTTAGE GROVE,9/6/2026 2:23:41 AM,CG26038965,"11XXX  - 11933 Highway 61, COTTAGE GROVE",DWI
COTTAGE GROVE POLICE DEPARTMENT,COTTAGE GROVE,9/6/2026 2:48:43 AM,CG26038966,"8XXX  HINTON AVE S, COTTAGE GROVE",INCIDENT
COTTAGE GROVE POLICE DEPARTMENT,COTTAGE GROVE,9/6/2026 9:03:59 AM,CG26038972,"7XXX  EAST POINT DOUGLAS RD S, COTTAGE GROVE",MEDICAL
COTTAGE GROVE POLICE DEPARTMENT,COTTAGE GROVE,9/6/2026 10:47:08 AM,CG26038982,"6XXX  IDSEN AVE S, COTTAGE GROVE",MEDICAL
COTTAGE GROVE POLICE DEPARTMENT,COTTAGE GROVE,9/6/2026 11:25:27 AM,CG26038986,"8XXX  EAST POINT DOUGLAS RD S, COTTAGE GROVE",ACCIDENT
COTTAGE GROVE POLICE DEPARTMENT,COTTAGE GROVE,9/6/2026 4:36:43 PM,CG26039025,"6XXX  HIGHLAND HILLS LN S, COTTAGE GROVE",FOUND PROPERTY/ITEM
COTTAGE GROVE POLICE DEPARTMENT,COTTAGE GROVE,9/6/2026 5:12:01 PM,CG26039028,"6XXX  EAST POINT DOUGLAS RD S, COTTAGE GROVE",MEDICAL
COTTAGE GROVE POLICE DEPARTMENT,COTTAGE GROVE,9/6/2026 8:11:00 PM,CG26039039,"8XXX  71ST ST S, COTTAGE GROVE",MEDICAL
COTTAGE GROVE POLICE DEPARTMENT,COTTAGE GROVE,9/6/2026 8:21:58 PM,CG26039041,"8XXX  INNSDALE AVE S, COTTAGE GROVE",WELFARE CHECK
COTTAGE GROVE POLICE DEPARTMENT,COTTAGE GROVE,9/6/2026 8:48:36 PM,CG26039043,"7XXX  GOODVIEW AVE S, COTTAGE GROVE",MEDICAL
COTTAGE GROVE POLICE DEPARTMENT,COTTAGE GROVE,9/6/2026 9:25:02 PM,CG26039057,"KEATS AVE S / EAST POINT DOUGLAS RD S, COTTAGE GROVE",MEDICAL
COTTAGE GROVE POLICE DEPARTMENT,COTTAGE GROVE,9/6/2026 9:46:53 PM,CG26039061,"KEATS AVE S / EAST POINT DOUGLAS RD S, COTTAGE GROVE",CITIZEN/PUBLIC ASSIST
COTTAGE GROVE POLICE DEPARTMENT,COTTAGE GROVE,9/7/2026 1:04:55 AM,CG26039070,"8XXX  EAST POINT DOUGLAS RD S, COTTAGE GROVE",WELFARE CHECK
COTTAGE GROVE POLICE DEPARTMENT,COTTAGE GROVE,9/7/2026 3:26:13 AM,CG26039073,"9XXX  HAMLET LN S, COTTAGE GROVE",MEDICAL
COTTAGE GROVE POLICE DEPARTMENT,COTTAGE GROVE,9/7/2026 7:11:19 AM,CG26039076,"XX HWY 61 NB AT MANNING AVE S, COTTAGE GROVE",MEDICAL
COTTAGE GROVE POLICE DEPARTMENT,COTTAGE GROVE,9/7/2026 8:27:42 AM,CG26039078,"6XXX  IDSEN AVE S, COTTAGE GROVE",MEDICAL
COTTAGE GROVE POLICE DEPARTMENT,COTTAGE GROVE,9/7/2026 10:55:28 AM,CG26039083,"8XXX  IMPERIAL AVE S, COTTAGE GROVE",LOST PROPERTY/ITEM
COTTAGE GROVE POLICE DEPARTMENT,COTTAGE GROVE,9/7/2026 11:17:04 AM,CG26039085,"76TH ST S / HINTON AVE S, COTTAGE GROVE",ACCIDENT
COTTAGE GROVE POLICE DEPARTMENT,COTTAGE GROVE,9/7/2026 12:00:58 PM,CG26039086,"7XXX  HEARTHSIDE AVE S, COTTAGE GROVE",MEDICAL
COTTAGE GROVE POLICE DEPARTMENT,COTTAGE GROVE,9/7/2026 1:02:24 PM,CG26039088,"12XXX  RAVINE PKWY S, COTTAGE GROVE",THREATS
COTTAGE GROVE POLICE DEPARTMENT,COTTAGE GROVE,9/7/2026 2:16:38 PM,CG26039092,"8XXX  JERGEN AVE S, COTTAGE GROVE",MEDICAL
COTTAGE GROVE POLICE DEPARTMENT,COTTAGE GROVE,9/7/2026 3:18:10 PM,CG26039096,"8XXX  71ST ST S, COTTAGE GROVE",CITIZEN/PUBLIC ASSIST
COTTAGE GROVE POLICE DEPARTMENT,COTTAGE GROVE,9/7/2026 4:00:19 PM,CG26039098,"9XXX  JAMAICA AVE S, COTTAGE GROVE",CITIZEN/PUBLIC ASSIST
COTTAGE GROVE POLICE DEPARTMENT,COTTAGE GROVE,9/7/2026 5:29:25 PM,CG26039107,"8XXX  EAST POINT DOUGLAS RD S, COTTAGE GROVE",ALARM-BUSINESS/RES/FIRE/MEDICAL/ETC
COTTAGE GROVE POLICE DEPARTMENT,COTTAGE GROVE,9/7/2026 5:38:08 PM,CG26039109,"6XXX  PINE ARBOR DR S, COTTAGE GROVE",TRAFFIC COMPLAINT
COTTAGE GROVE POLICE DEPARTMENT,COTTAGE GROVE,9/7/2026 6:36:11 PM,CG26039113,"7XXX  HINTON AVE S, COTTAGE GROVE",SUSPICIOUS PERSON/ACTIVITY
COTTAGE GROVE POLICE DEPARTMENT,COTTAGE GROVE,9/8/2026 8:04:12 AM,CG26039160,"7XXX  95TH ST S, COTTAGE GROVE",ANIMAL COMPLAINT
COTTAGE GROVE POLICE DEPARTMENT,COTTAGE GROVE,9/8/2026 8:22:06 AM,CG26039161,"8XXX  EAST POINT DOUGLAS RD S, COTTAGE GROVE",MEDICAL
COTTAGE GROVE POLICE DEPARTMENT,COTTAGE GROVE,9/8/2026 8:40:57 AM,CG26039162,"8XXX  EAST POINT DOUGLAS RD S, COTTAGE GROVE",ALARM-BUSINESS/RES/FIRE/MEDICAL/ETC
COTTAGE GROVE POLICE DEPARTMENT,COTTAGE GROVE,9/8/2026 8:55:36 AM,CG26039163,"8XXX  JEFFERY AVE S, COTTAGE GROVE",MEDICAL
COTTAGE GROVE POLICE DEPARTMENT,COTTAGE GROVE,9/8/2026 9:45:05 AM,CG26039164,"6XXX  GOODWIN AVE S, COTTAGE GROVE",FOUND PROPERTY/ITEM
COTTAGE GROVE POLICE DEPARTMENT,COTTAGE GROVE,9/8/2026 9:57:05 AM,CG26039165,"7XXX  100TH ST S, COTTAGE GROVE",ACCIDENT
COTTAGE GROVE POLICE DEPARTMENT,COTTAGE GROVE,9/8/2026 11:23:07 AM,CG26039177,"6XXX  EAST POINT DOUGLAS RD S, COTTAGE GROVE",MEDICAL
COTTAGE GROVE POLICE DEPARTMENT,COTTAGE GROVE,9/8/2026 11:46:12 AM,CG26039180,"12XXX  RAVINE PKWY S, COTTAGE GROVE",CITIZEN/PUBLIC ASSIST
COTTAGE GROVE POLICE DEPARTMENT,COTTAGE GROVE,9/8/2026 12:35:08 PM,CG26039185,"9XXX  63RD ST S, COTTAGE GROVE",FRAUD/SCAM
COTTAGE GROVE POLICE DEPARTMENT,COTTAGE GROVE,9/8/2026 12:37:03 PM,CG26039184,"7XXX  EAST POINT DOUGLAS RD S, COTTAGE GROVE",THEFT
COTTAGE GROVE POLICE DEPARTMENT,COTTAGE GROVE,9/8/2026 2:08:41 PM,CG26039199,"JAMAICA AVE S/RAVINE PARKWAY S, COTTAGE GROVE",LOST PROPERTY/ITEM
COTTAGE GROVE POLICE DEPARTMENT,COTTAGE GROVE,9/8/2026 2:31:12 PM,CG26039203,"9XXX  HAMLET AVE S, COTTAGE GROVE",MEDICAL
COTTAGE GROVE POLICE DEPARTMENT,COTTAGE GROVE,9/8/2026 3:50:19 PM,CG26039212,"7XXX  INNSDALE AVE S, COTTAGE GROVE",LOST PROPERTY/ITEM
COTTAGE GROVE POLICE DEPARTMENT,COTTAGE GROVE,9/8/2026 3:52:19 PM,CG26039213,"EAST POINT DOUGLAS RD S / JAMAICA AVE S, COTTAGE GROVE",ACCIDENT
COTTAGE GROVE POLICE DEPARTMENT,COTTAGE GROVE,9/8/2026 4:28:33 PM,CG26039215,"7XXX  JANERO AVE S, COTTAGE GROVE",WELFARE CHECK
COTTAGE GROVE POLICE DEPARTMENT,COTTAGE GROVE,9/8/2026 5:19:54 PM,CG26039218,"9XXX  HAMLET AVE S, COTTAGE GROVE",MISSING PERSON
COTTAGE GROVE POLICE DEPARTMENT,COTTAGE GROVE,9/8/2026 6:51:00 PM,CG26039221,"8XXX  EAST POINT DOUGLAS RD S, COTTAGE GROVE",SHOPLIFTING
COTTAGE GROVE POLICE DEPARTMENT,COTTAGE GROVE,9/8/2026 7:06:03 PM,CG26039222,"80TH ST S / EAST POINT DOUGLAS RD S, COTTAGE GROVE",ACCIDENT
COTTAGE GROVE POLICE DEPARTMENT,COTTAGE GROVE,9/8/2026 7:27:05 PM,CG26039226,"Unknown, COTTAGE GROVE",WELFARE CHECK
COTTAGE GROVE POLICE DEPARTMENT,COTTAGE GROVE,9/8/2026 7:29:46 PM,CG26039225,"6XXX  EAST POINT DOUGLAS RD S, COTTAGE GROVE",TRESPASSING
COTTAGE GROVE POLICE DEPARTMENT,COTTAGE GROVE,9/8/2026 9:06:12 PM,CG26039230,"7XXX  HINTON PARK AVE S, COTTAGE GROVE",MEDICAL
COTTAGE GROVE POLICE DEPARTMENT,COTTAGE GROVE,9/8/2026 11:02:53 PM,CG26039234,"9XXX  - 9098 ISLAY AVE S, COTTAGE GROVE",TRAFFIC STOP
COTTAGE GROVE POLICE DEPARTMENT,COTTAGE GROVE,9/9/2026 7:01:57 AM,CG26039263,"Jamaica Ave S/West Point Douglas Rd S, COTTAGE GROVE",ACCIDENT
COTTAGE GROVE POLICE DEPARTMENT,COTTAGE GROVE,9/9/2026 8:19:48 AM,CG26039272,"12XXX  RAVINE PKWY S, COTTAGE GROVE",TRAFFIC COMPLAINT
COTTAGE GROVE POLICE DEPARTMENT,COTTAGE GROVE,9/9/2026 8:30:11 AM,CG26039273,"80TH ST S / IVYSTONE AVE S, COTTAGE GROVE",PROPERTY DAMAGE
COTTAGE GROVE POLICE DEPARTMENT,COTTAGE GROVE,9/9/2026 9:23:08 AM,CG26039275,"7XXX  79TH ST S, COTTAGE GROVE",THEFT
COTTAGE GROVE POLICE DEPARTMENT,COTTAGE GROVE,9/9/2026 10:34:48 AM,CG26039283,"6XXX  90TH ST S, COTTAGE GROVE",ANIMAL COMPLAINT
COTTAGE GROVE POLICE DEPARTMENT,COTTAGE GROVE,9/9/2026 10:51:49 AM,CG26039289,"7XXX  HINTON AVE S, COTTAGE GROVE",FOUND PROPERTY/ITEM
COTTAGE GROVE POLICE DEPARTMENT,COTTAGE GROVE,9/9/2026 10:52:10 AM,CG26039288,"7XXX  INNSDALE AVE S, COTTAGE GROVE",MEDICAL
COTTAGE GROVE POLICE DEPARTMENT,COTTAGE GROVE,9/9/2026 10:52:43 AM,CG26039290,"Unknown, COTTAGE GROVE",ASSIST OTHER AGENCY
COTTAGE GROVE POLICE DEPARTMENT,COTTAGE GROVE,9/9/2026 10:58:44 AM,CG26039293,"8XXX  EAST POINT DOUGLAS RD S, COTTAGE GROVE",SHOPLIFTING
COTTAGE GROVE POLICE DEPARTMENT,COTTAGE GROVE,9/9/2026 11:55:34 AM,CG26039299,"7XXX  LANGLY AVE S, COTTAGE GROVE",WELFARE CHECK
COTTAGE GROVE POLICE DEPARTMENT,COTTAGE GROVE,9/9/2026 12:07:32 PM,CG26039301,"6XXX  EAST POINT DOUGLAS RD S, COTTAGE GROVE",MEDICAL
COTTAGE GROVE POLICE DEPARTMENT,COTTAGE GROVE,9/9/2026 12:20:21 PM,CG26039303,"6XXX  GENEVIEVE TRL S, COTTAGE GROVE",LOST PROPERTY/ITEM
COTTAGE GROVE POLICE DEPARTMENT,COTTAGE GROVE,9/9/2026 1:31:08 PM,CG26039305,"7XXX  79TH ST S, COTTAGE GROVE",VEHICLE UNLOCK
COTTAGE GROVE POLICE DEPARTMENT,COTTAGE GROVE,9/9/2026 1:41:32 PM,CG26039306,"8XXX  WEST POINT DOUGLAS RD S, COTTAGE GROVE",ACCIDENT
COTTAGE GROVE POLICE DEPARTMENT,COTTAGE GROVE,9/9/2026 1:56:21 PM,CG26039308,"9XXX  HARROW CT S, COTTAGE GROVE",ASSIST OTHER AGENCY
COTTAGE GROVE POLICE DEPARTMENT,COTTAGE GROVE,9/9/2026 2:36:41 PM,CG26039315,"79TH ST S / HEARTHSIDE AVE S, COTTAGE GROVE",PARKING COMPLAINT
COTTAGE GROVE POLICE DEPARTMENT,COTTAGE GROVE,9/9/2026 2:46:00 PM,CG26039317,"7XXX  - 7599 HINTON AVE S, COTTAGE GROVE",STOP ARM VIOLATION
COTTAGE GROVE POLICE DEPARTMENT,COTTAGE GROVE,9/9/2026 2:48:59 PM,CG26039318,"7XXX  JASMINE AVE S, COTTAGE GROVE",MEDICAL
COTTAGE GROVE POLICE DEPARTMENT,COTTAGE GROVE,9/9/2026 3:17:26 PM,CG26039324,"6XXX  INSKIP AVE S, COTTAGE GROVE",ASSIST OTHER AGENCY
COTTAGE GROVE POLICE DEPARTMENT,COTTAGE GROVE,9/9/2026 3:23:19 PM,CG26039325,"8XXX  80TH ST S, COTTAGE GROVE",VEHICLE UNLOCK
COTTAGE GROVE POLICE DEPARTMENT,COTTAGE GROVE,9/9/2026 3:50:19 PM,CG26039329,"8XXX  KEATS AVE S, COTTAGE GROVE",ALARM-BUSINESS/RES/FIRE/MEDICAL/ETC
COTTAGE GROVE POLICE DEPARTMENT,COTTAGE GROVE,9/9/2026 4:20:18 PM,CG26039333,"6XXX  IDEAL AVE S, COTTAGE GROVE",MEDICAL
COTTAGE GROVE POLICE DEPARTMENT,COTTAGE GROVE,9/9/2026 6:22:00 PM,CG26039350,"79TH ST S / HINTON AVE S, COTTAGE GROVE",TRAFFIC STOP
COTTAGE GROVE POLICE DEPARTMENT,COTTAGE GROVE,9/9/2026 6:28:49 PM,CG26039352,"HADLEY AVE S / 103RD ST S, COTTAGE GROVE",ACCIDENT
COTTAGE GROVE POLICE DEPARTMENT,COTTAGE GROVE,9/9/2026 8:36:34 PM,CG26039367,"7XXX  EAST POINT DOUGLAS RD S, COTTAGE GROVE",SUSPICIOUS PERSON/ACTIVITY
COTTAGE GROVE POLICE DEPARTMENT,COTTAGE GROVE,9/9/2026 9:35:45 PM,CG26039377,"8XXX  92ND ST S, COTTAGE GROVE",MEDICAL
COTTAGE GROVE POLICE DEPARTMENT,COTTAGE GROVE,9/10/2026 9:17:05 AM,CG26039397,"8XXX  EAST POINT DOUGLAS RD S, COTTAGE GROVE",MEDICAL
COTTAGE GROVE POLICE DEPARTMENT,COTTAGE GROVE,9/10/2026 1:31:32 PM,CG26039411,"8XXX  80TH ST S, COTTAGE GROVE",CIVIL MATTER/DISPUTE
COTTAGE GROVE POLICE DEPARTMENT,COTTAGE GROVE,9/10/2026 2:18:09 PM,CG26039417,"12XXX  RAVINE PKWY S, COTTAGE GROVE",IDENTITY THEFT
COTTAGE GROVE POLICE DEPARTMENT,COTTAGE GROVE,9/10/2026 2:30:52 PM,CG26039418,"6XXX  EAST POINT DOUGLAS RD S, COTTAGE GROVE",MEDICAL
COTTAGE GROVE POLICE DEPARTMENT,COTTAGE GROVE,9/10/2026 2:35:28 PM,CG26039419,"8XXX  JASMINE AVE S, COTTAGE GROVE",MEDICAL
COTTAGE GROVE POLICE DEPARTMENT,COTTAGE GROVE,9/10/2026 4:35:17 PM,CG26039432,"11XXX  HIGHWAY 61 S, COTTAGE GROVE",VEHICLE TAMPERING
COTTAGE GROVE POLICE DEPARTMENT,COTTAGE GROVE,9/10/2026 4:44:00 PM,CG26039433,"80TH ST S / HADLEY AVE S, COTTAGE GROVE",TRAFFIC STOP
COTTAGE GROVE POLICE DEPARTMENT,COTTAGE GROVE,9/10/2026 5:35:00 PM,CG26039436,"XX HWY 61 SB JSO MANNING AVE S, COTTAGE GROVE",TRAFFIC STOP
COTTAGE GROVE POLICE DEPARTMENT,COTTAGE GROVE,9/10/2026 6:21:48 PM,CG26039438,"8XXX  EAST POINT DOUGLAS RD S, COTTAGE GROVE",MEDICAL
COTTAGE GROVE POLICE DEPARTMENT,COTTAGE GROVE,9/10/2026 6:39:00 PM,CG26039440,"8XXX  - 8398 HADLEY AVE S, COTTAGE GROVE",THEFT
COTTAGE GROVE POLICE DEPARTMENT,COTTAGE GROVE,9/10/2026 7:15:18 PM,CG26039441,"6XXX  EAST POINT DOUGLAS RD S, COTTAGE GROVE",MEDICAL
COTTAGE GROVE POLICE DEPARTMENT,COTTAGE GROVE,9/10/2026 9:25:53 PM,CG26039444,"7XXX  110TH ST S, COTTAGE GROVE",MEDICAL
COTTAGE GROVE POLICE DEPARTMENT,COTTAGE GROVE,9/10/2026 10:07:17 PM,CG26039448,"8XXX  JANERO AVE S, COTTAGE GROVE",RUNAWAY
COTTAGE GROVE POLICE DEPARTMENT,COTTAGE GROVE,9/10/2026 11:39:52 PM,CG26039462,"8XXX  EAST POINT DOUGLAS RD S, COTTAGE GROVE",ALARM-BUSINESS/RES/FIRE/MEDICAL/ETC
COTTAGE GROVE POLICE DEPARTMENT,COTTAGE GROVE,9/11/2026 12:11:00 AM,CG26039466,"8XXX  EAST POINT DOUGLAS RD S, COTTAGE GROVE",DWI
COTTAGE GROVE POLICE DEPARTMENT,COTTAGE GROVE,9/11/2026 2:06:09 AM,CG26039483,"7XXX  HOMESTEAD AVE S, COTTAGE GROVE",ALARM-BUSINESS/RES/FIRE/MEDICAL/ETC
COTTAGE GROVE POLICE DEPARTMENT,COTTAGE GROVE,9/11/2026 3:32:32 AM,CG26039489,"7XXX  100TH ST S, COTTAGE GROVE",ALARM-BUSINESS/RES/FIRE/MEDICAL/ETC
COTTAGE GROVE POLICE DEPARTMENT,COTTAGE GROVE,9/11/2026 4:21:00 AM,CG26039478,"Highway 61, COTTAGE GROVE",TRAFFIC STOP
COTTAGE GROVE POLICE DEPARTMENT,COTTAGE GROVE,9/11/2026 9:27:29 AM,CG26039504,"8XXX  HARKNESS RD S, COTTAGE GROVE",MEDICAL
COTTAGE GROVE POLICE DEPARTMENT,COTTAGE GROVE,9/11/2026 10:17:00 AM,CG26039511,"8XXX  81ST STREET LN S, COTTAGE GROVE",WARRANT ARREST
COTTAGE GROVE POLICE DEPARTMENT,COTTAGE GROVE,9/11/2026 11:36:11 AM,CG26039523,"6XXX  80TH ST S, COTTAGE GROVE",MEDICAL
COTTAGE GROVE POLICE DEPARTMENT,COTTAGE GROVE,9/11/2026 12:38:42 PM,CG26039529,"7XXX  TIMBER CREST DR S, COTTAGE GROVE",MEDICAL
COTTAGE GROVE POLICE DEPARTMENT,COTTAGE GROVE,9/11/2026 1:21:31 PM,CG26039532,"6XXX  PINE CREST TRL S, COTTAGE GROVE",MEDICAL
COTTAGE GROVE POLICE DEPARTMENT,COTTAGE GROVE,9/11/2026 4:53:53 PM,CG26039570,"79TH ST S / 80TH ST S, COTTAGE GROVE",FLEEING
COTTAGE GROVE POLICE DEPARTMENT,COTTAGE GROVE,9/11/2026 5:46:36 PM,CG26039590,"HINTON AVE S / 70TH ST S, COTTAGE GROVE",ACCIDENT
COTTAGE GROVE POLICE DEPARTMENT,COTTAGE GROVE,9/11/2026 5:53:15 PM,CG26039593,"8XXX  66TH ST S, COTTAGE GROVE",MEDICAL
COTTAGE GROVE POLICE DEPARTMENT,COTTAGE GROVE,9/11/2026 7:37:12 PM,CG26039617,"103RD ST S / GOODVIEW AVE S, COTTAGE GROVE",ACCIDENT
COTTAGE GROVE POLICE DEPARTMENT,COTTAGE GROVE,9/11/2026 9:36:56 PM,CG26039633,"6XXX  PINE ARBOR DR S, COTTAGE GROVE",MEDICAL
COTTAGE GROVE POLICE DEPARTMENT,COTTAGE GROVE,9/12/2026 12:00:00 AM,CG26039680,"10XXX  - 10949 Highway 61, COTTAGE GROVE",TRAFFIC STOP
COTTAGE GROVE POLICE DEPARTMENT,COTTAGE GROVE,9/12/2026 12:00:00 AM,CG26039693,"6XXX  - 6000 Highway 61, COTTAGE GROVE",TRAFFIC STOP
COTTAGE GROVE POLICE DEPARTMENT,COTTAGE GROVE,9/12/2026 12:45:11 AM,CG26039664,"8XXX  JANERO AVE S, COTTAGE GROVE",NOISE COMPLAINT/DISTURBANCE
COTTAGE GROVE POLICE DEPARTMENT,COTTAGE GROVE,9/12/2026 3:33:20 AM,CG26039681,"8XXX  113TH ST S, COTTAGE GROVE",MEDICAL
COTTAGE GROVE POLICE DEPARTMENT,COTTAGE GROVE,9/12/2026 7:43:48 AM,CG26039684,"6XXX  99TH ST S, COTTAGE GROVE",FAMILY ASSIST
COTTAGE GROVE POLICE DEPARTMENT,COTTAGE GROVE,9/12/2026 9:53:36 AM,CG26039689,"7XXX  JONATHAN AVE S, COTTAGE GROVE",MAIL THEFT
COTTAGE GROVE POLICE DEPARTMENT,COTTAGE GROVE,9/12/2026 1:36:48 PM,CG26039705,"6XXX  EAST POINT DOUGLAS RD S, COTTAGE GROVE",MEDICAL
COTTAGE GROVE POLICE DEPARTMENT,COTTAGE GROVE,9/12/2026 1:49:03 PM,CG26039708,"HINTON AVE S / HILO TRL S, COTTAGE GROVE",DRIVING COMPLAINT
COTTAGE GROVE POLICE DEPARTMENT,COTTAGE GROVE,9/12/2026 1:55:21 PM,CG26039710,"9XXX  JASMINE AVE S, COTTAGE GROVE",ANIMAL BITE
COTTAGE GROVE POLICE DEPARTMENT,COTTAGE GROVE,9/12/2026 2:35:08 PM,CG26039713,"84TH ST S / GROSPOINT AVE S, COTTAGE GROVE",TRAFFIC STOP
COTTAGE GROVE POLICE DEPARTMENT,COTTAGE GROVE,9/12/2026 3:01:47 PM,CG26039716,"HILLSIDE TRL/IVAN AVE S, COTTAGE GROVE",FOUND PROPERTY/ITEM
COTTAGE GROVE POLICE DEPARTMENT,COTTAGE GROVE,9/12/2026 3:59:20 PM,CG26039727,"7XXX  HINTON PARK AVE S, COTTAGE GROVE",MEDICAL
COTTAGE GROVE POLICE DEPARTMENT,COTTAGE GROVE,9/12/2026 4:35:45 PM,CG26039738,"7XXX  HARDWOOD AVE S, COTTAGE GROVE",MEDICAL
COTTAGE GROVE POLICE DEPARTMENT,COTTAGE GROVE,9/12/2026 5:16:48 PM,CG26039755,"9XXX  EAST POINT DOUGLAS RD S, COTTAGE GROVE",SHOPLIFTING
COTTAGE GROVE POLICE DEPARTMENT,NEWPORT,9/6/2026 12:16:16 AM,CG26038954,"HWY 61 SB TO 70TH ST S RAMP, NEWPORT",DWI
COTTAGE GROVE POLICE DEPARTMENT,NEWPORT,9/11/2026 6:18:00 PM,CG26039597,"1XXX  - 1338 BAILEY RD, NEWPORT",TRAFFIC STOP
FOREST LAKE POLICE DEPARTMENT,FOREST LAKE,9/6/2026 11:38:00 AM,FL26011626,"10XXX -BLK LAKE ST S, FOREST LAKE",TRAFFIC STOP
FOREST LAKE POLICE DEPARTMENT,FOREST LAKE,9/6/2026 11:57:23 AM,FL26011628,"XXX 10TH AVE SE, FOREST LAKE",PROPERTY DAMAGE
FOREST LAKE POLICE DEPARTMENT,FOREST LAKE,9/6/2026 12:43:00 PM,FL26011634,"NORTH SHORE TRL N & 236TH STREET CIR N, FOREST LAKE",TRAFFIC STOP
FOREST LAKE POLICE DEPARTMENT,FOREST LAKE,9/6/2026 1:21:00 PM,FL26011635,"LAKE ST S & 11TH AVE SW, FOREST LAKE",TRAFFIC STOP
FOREST LAKE POLICE DEPARTMENT,FOREST LAKE,9/6/2026 4:25:46 PM,FL26011640,"1XXX  BAY DR SE, FOREST LAKE",CIVIL MATTER/DISPUTE
FOREST LAKE POLICE DEPARTMENT,FOREST LAKE,9/6/2026 5:03:46 PM,FL26011642,"1XXX  BROADWAY AVE W, FOREST LAKE",THEFT FROM MOTOR VEHICLE
FOREST LAKE POLICE DEPARTMENT,FOREST LAKE,9/6/2026 8:33:45 PM,FL26011645,"4XXX  WYNGATE BLVD, FOREST LAKE",OFFICER INFORMATION
FOREST LAKE POLICE DEPARTMENT,FOREST LAKE,9/6/2026 9:27:23 PM,FL26011648,"XX LEE ST, FOREST LAKE",SUSPICIOUS PERSON/ACTIVITY
FOREST LAKE POLICE DEPARTMENT,FOREST LAKE,9/7/2026 10:21:35 AM,FL26011664,"XXX BROADWAY AVE W, FOREST LAKE",WELFARE CHECK
FOREST LAKE POLICE DEPARTMENT,FOREST LAKE,9/7/2026 11:05:00 AM,FL26011668,"BROADWAY AVE W & 7TH ST SW, FOREST LAKE",TRAFFIC STOP
FOREST LAKE POLICE DEPARTMENT,FOREST LAKE,9/7/2026 12:35:37 PM,FL26011671,"XXX Highway 97, FOREST LAKE",FRAUD/SCAM
FOREST LAKE POLICE DEPARTMENT,FOREST LAKE,9/7/2026 12:57:07 PM,FL26011674,"21XXX  BELGIAN LN, FOREST LAKE",DISTURBANCE
FOREST LAKE POLICE DEPARTMENT,FOREST LAKE,9/7/2026 1:08:43 PM,FL26011677,"4XXX  19TH ST SW, FOREST LAKE",CIVIL MATTER/DISPUTE
FOREST LAKE POLICE DEPARTMENT,FOREST LAKE,9/7/2026 2:40:00 PM,FL26011680,"LAKE ST S & 11TH AVE SW, FOREST LAKE",TRAFFIC STOP
FOREST LAKE POLICE DEPARTMENT,FOREST LAKE,9/7/2026 5:15:00 PM,FL26011685,"NORTH SHORE TRL N & 236TH STREET CT N, FOREST LAKE",TRAFFIC STOP
FOREST LAKE POLICE DEPARTMENT,FOREST LAKE,9/7/2026 8:16:50 PM,FL26011694,"XXX 12TH ST SW, FOREST LAKE",THREATS
FOREST LAKE POLICE DEPARTMENT,FOREST LAKE,9/7/2026 8:27:03 PM,FL26011695,"6XXX  NORTH SHORE TRL N, FOREST LAKE",UNWANTED PERSON/VEHICLE
FOREST LAKE POLICE DEPARTMENT,FOREST LAKE,9/8/2026 2:36:08 AM,FL26011705,"1XXX  4TH ST SE, FOREST LAKE",WELFARE CHECK
FOREST LAKE POLICE DEPARTMENT,FOREST LAKE,9/8/2026 9:18:15 AM,FL26011715,"19XXX  FOREST RD N, FOREST LAKE",CHILD CUSTODY
FOREST LAKE POLICE DEPARTMENT,FOREST LAKE,9/8/2026 12:04:00 PM,FL26011726,"BROADWAY AVE W & 12TH ST SW, FOREST LAKE",TRAFFIC STOP
FOREST LAKE POLICE DEPARTMENT,FOREST LAKE,9/8/2026 12:51:32 PM,FL26011728,"XXX 4TH ST SW, FOREST LAKE",FOUND PROPERTY/ITEM
FOREST LAKE POLICE DEPARTMENT,FOREST LAKE,9/8/2026 1:31:00 PM,FL26011729,"LAKE ST S & LEE ST, FOREST LAKE",TRAFFIC STOP
FOREST LAKE POLICE DEPARTMENT,FOREST LAKE,9/8/2026 1:44:00 PM,FL26011732,"NORTH SHORE TRL N & GRANADA AVE N, FOREST LAKE",TRAFFIC STOP
FOREST LAKE POLICE DEPARTMENT,FOREST LAKE,9/8/2026 2:42:49 PM,FL26011736,"1XXX  LAKE ST S, FOREST LAKE",LOCKOUT
FOREST LAKE POLICE DEPARTMENT,FOREST LAKE,9/8/2026 3:20:00 PM,FL26011738,"11TH AVE SW & 15TH ST SW, FOREST LAKE",TRAFFIC STOP
FOREST LAKE POLICE DEPARTMENT,FOREST LAKE,9/8/2026 9:20:48 PM,FL26011762,"1XXX  Broadway Ave W, FOREST LAKE",VEHICLE UNLOCK
FOREST LAKE POLICE DEPARTMENT,FOREST LAKE,9/9/2026 8:16:49 AM,FL26011774,"1XXX  LAKE ST S, FOREST LAKE",CHILD CUSTODY
FOREST LAKE POLICE DEPARTMENT,FOREST LAKE,9/9/2026 1:07:40 PM,FL26011787,"1XXX  10TH ST SE, FOREST LAKE",HARASSMENT
FOREST LAKE POLICE DEPARTMENT,FOREST LAKE,9/9/2026 1:50:55 PM,FL26011789,"21XXX  GOODVIEW AVE N, FOREST LAKE",PROPERTY DAMAGE
FOREST LAKE POLICE DEPARTMENT,FOREST LAKE,9/9/2026 2:50:56 PM,FL26011795,"20XXX  FITZGERALD TRL N, FOREST LAKE",THEFT
FOREST LAKE POLICE DEPARTMENT,FOREST LAKE,9/9/2026 3:14:00 PM,FL26011796,"LAKE ST S & BROADWAY AVE W, FOREST LAKE",TRAFFIC STOP
FOREST LAKE POLICE DEPARTMENT,FOREST LAKE,9/9/2026 6:31:22 PM,FL26011805,"1XXX  5TH AVE SW, FOREST LAKE",DEATH
FOREST LAKE POLICE DEPARTMENT,FOREST LAKE,9/10/2026 12:06:44 AM,FL26011812,"XXX 4TH ST SW, FOREST LAKE",DISTURBANCE
FOREST LAKE POLICE DEPARTMENT,FOREST LAKE,9/10/2026 7:32:40 AM,FL26011818,"1XXX  LAKE ST S, FOREST LAKE",THREATS
FOREST LAKE POLICE DEPARTMENT,FOREST LAKE,9/10/2026 9:10:46 AM,FL26011823,"4XXX  232ND ST N, FOREST LAKE",HARASSMENT
FOREST LAKE POLICE DEPARTMENT,FOREST LAKE,9/10/2026 10:40:36 AM,FL26011829,"1XXX  LAKE ST S, FOREST LAKE",WELFARE CHECK
FOREST LAKE POLICE DEPARTMENT,FOREST LAKE,9/10/2026 3:54:30 PM,FL26011844,"4XXX  19TH ST SW, FOREST LAKE",FAMILY ASSIST
FOREST LAKE POLICE DEPARTMENT,FOREST LAKE,9/10/2026 3:57:02 PM,FL26011845,"1XXX  BROADWAY AVE W, FOREST LAKE",THREATS
FOREST LAKE POLICE DEPARTMENT,FOREST LAKE,9/10/2026 3:59:00 PM,FL26011816,"11TH AVE SW & FOREST RD N, FOREST LAKE",TRAFFIC STOP
FOREST LAKE POLICE DEPARTMENT,FOREST LAKE,9/10/2026 7:53:06 PM,FL26011852,"22XXX  CAMEO CT, FOREST LAKE",FRAUD/SCAM
FOREST LAKE POLICE DEPARTMENT,FOREST LAKE,9/10/2026 8:49:36 PM,FL26011855,"20XXX  GRAFTON AVE N, FOREST LAKE",HARASSMENT
FOREST LAKE POLICE DEPARTMENT,FOREST LAKE,9/10/2026 8:54:22 PM,FL26011856,"XX 19TH ST SW, FOREST LAKE",CIVIL MATTER/DISPUTE
FOREST LAKE POLICE DEPARTMENT,FOREST LAKE,9/10/2026 10:58:13 PM,FL26011861,"20XXX  FITZGERALD TRL N, FOREST LAKE",THREATS
FOREST LAKE POLICE DEPARTMENT,FOREST LAKE,9/11/2026 9:19:31 AM,FL26011865,"20XXX  FITZGERALD TRL N, FOREST LAKE",TRESPASSING
FOREST LAKE POLICE DEPARTMENT,FOREST LAKE,9/11/2026 10:10:26 AM,FL26011867,"4XXX  200TH ST N, FOREST LAKE",ANIMAL COMPLAINT
FOREST LAKE POLICE DEPARTMENT,FOREST LAKE,9/11/2026 11:45:49 AM,FL26011872,"1XXX  15TH ST SE, FOREST LAKE",SUSPICIOUS PERSON/ACTIVITY
FOREST LAKE POLICE DEPARTMENT,FOREST LAKE,9/11/2026 1:17:42 PM,FL26011876,"6XXX  200TH ST N, FOREST LAKE",ACCIDENT
FOREST LAKE POLICE DEPARTMENT,FOREST LAKE,9/11/2026 2:44:51 PM,FL26011879,"XXX LAKE ST S, FOREST LAKE",LOCKOUT
FOREST LAKE POLICE DEPARTMENT,FOREST LAKE,9/11/2026 4:05:47 PM,FL26011885,"19XXX  ENGLISH AVE N, FOREST LAKE",OFP VIOLATION
FOREST LAKE POLICE DEPARTMENT,FOREST LAKE,9/12/2026 11:01:41 AM,FL26011914,"XXX BROADWAY AVE W, FOREST LAKE",CITIZEN/PUBLIC ASSIST
FOREST LAKE POLICE DEPARTMENT,FOREST LAKE,9/12/2026 11:31:21 AM,FL26011916,"1XXX  BROADWAY AVE W, FOREST LAKE",MEDICAL
FOREST LAKE POLICE DEPARTMENT,FOREST LAKE,9/12/2026 2:45:56 PM,FL26011921,"1XXX  LAKE ST S, FOREST LAKE",FOUND PROPERTY/ITEM
FOREST LAKE POLICE DEPARTMENT,FOREST LAKE,9/12/2026 4:43:51 PM,FL26011926,"XX BROADWAY AVE E, FOREST LAKE",ACCIDENT
FOREST LAKE POLICE DEPARTMENT,FOREST LAKE,9/12/2026 6:40:31 PM,FL26011930,"22XXX  Jeffrey Ave N, FOREST LAKE",THREATS
FOREST LAKE POLICE DEPARTMENT,FOREST LAKE,9/12/2026 10:06:22 PM,FL26011935,"XXX Broadway Ave W, FOREST LAKE",DISTURBANCE
OAKDALE POLICE DEPARTMENT,OAKDALE,9/6/2026 3:05:49 AM,OD26011570,"I694 NB AT 40TH ST N, OAKDALE",ASSIST OTHER AGENCY
OAKDALE POLICE DEPARTMENT,OAKDALE,9/6/2026 3:40:26 AM,OD26011571,"1XXX  GRANADA AVE N, OAKDALE",MEDICAL
OAKDALE POLICE DEPARTMENT,OAKDALE,9/6/2026 6:18:53 AM,OD26011572,"1XXX  HELENA RD N, OAKDALE",911 ABANDONED/HANGUP/OPEN LINE
OAKDALE POLICE DEPARTMENT,OAKDALE,9/6/2026 8:00:45 AM,OD26011573,"6XXX  54TH ST N, OAKDALE",DIRECTED PATROL
OAKDALE POLICE DEPARTMENT,OAKDALE,9/6/2026 8:38:14 AM,OD26011574,"1XXX  HELENA RD N, OAKDALE",SUSPICIOUS PERSON/ACTIVITY
OAKDALE POLICE DEPARTMENT,OAKDALE,9/6/2026 9:59:38 AM,OD26011576,"6XXX  52ND ST N, OAKDALE",HARASSMENT
OAKDALE POLICE DEPARTMENT,OAKDALE,9/6/2026 10:35:40 AM,OD26011577,"GENEVA AVE N / 10TH ST N, OAKDALE",WANTED PERSON-KOPS ALERT/ATL
OAKDALE POLICE DEPARTMENT,OAKDALE,9/6/2026 10:37:28 AM,OD26011579,"7XXX  12TH ST N, OAKDALE",CITIZEN/PUBLIC ASSIST
OAKDALE POLICE DEPARTMENT,OAKDALE,9/6/2026 10:37:57 AM,OD26011578,"3XXX  HAYWARD AVE N, OAKDALE",VEHICLE UNLOCK
OAKDALE POLICE DEPARTMENT,OAKDALE,9/6/2026 12:24:56 PM,OD26011580,"3XXX  GERSHWIN LN N, OAKDALE",JUVENILE COMPLAINT
OAKDALE POLICE DEPARTMENT,OAKDALE,9/6/2026 12:32:16 PM,OD26011581,"6XXX  4th St N, OAKDALE",911 ABANDONED/HANGUP/OPEN LINE
OAKDALE POLICE DEPARTMENT,OAKDALE,9/6/2026 1:23:00 PM,OD26011583,"7XXX  40TH ST N, OAKDALE",ACCIDENT
OAKDALE POLICE DEPARTMENT,OAKDALE,9/6/2026 1:44:42 PM,OD26011584,"7XXX  10TH ST N, OAKDALE",WELFARE CHECK
OAKDALE POLICE DEPARTMENT,OAKDALE,9/6/2026 2:53:58 PM,OD26011585,"2XXX  GROSPOINT AVE N, OAKDALE",ANIMAL COMPLAINT
OAKDALE POLICE DEPARTMENT,OAKDALE,9/6/2026 3:09:29 PM,OD26011586,"6XXX  UPPER 35TH ST N, OAKDALE",ALARM-BUSINESS/RES/FIRE/MEDICAL/ETC
OAKDALE POLICE DEPARTMENT,OAKDALE,9/6/2026 4:44:56 PM,OD26011588,"7XXX  10TH ST N, OAKDALE",SHOPLIFTING
OAKDALE POLICE DEPARTMENT,OAKDALE,9/6/2026 5:34:03 PM,OD26011589,"1XXX  GLENBROOK AVE N, OAKDALE",DISORDERLY CONDUCT
OAKDALE POLICE DEPARTMENT,OAKDALE,9/6/2026 6:10:09 PM,OD26011590,"2XXX  GRANADA AVE N, OAKDALE",DWI
OAKDALE POLICE DEPARTMENT,OAKDALE,9/6/2026 6:16:49 PM,OD26011591,"XXX GLENBROOK AVE N, OAKDALE",NOISE COMPLAINT/DISTURBANCE
OAKDALE POLICE DEPARTMENT,OAKDALE,9/6/2026 7:30:49 PM,OD26011592,"7XXX  10TH ST N, OAKDALE",SHOPLIFTING
OAKDALE POLICE DEPARTMENT,OAKDALE,9/6/2026 8:01:31 PM,OD26011593,"40TH ST N / GENEVA AVE N, OAKDALE",TRAFFIC COMPLAINT
OAKDALE POLICE DEPARTMENT,OAKDALE,9/6/2026 8:07:54 PM,OD26011595,"3XXX  Henna Ave N, OAKDALE",DISTURBANCE
OAKDALE POLICE DEPARTMENT,OAKDALE,9/6/2026 8:40:48 PM,OD26011596,"3XXX  Henna Ave N, OAKDALE",NOISE COMPLAINT/DISTURBANCE
OAKDALE POLICE DEPARTMENT,OAKDALE,9/6/2026 8:45:55 PM,OD26011597,"8XXX  3RD ST N, OAKDALE",ALARM-BUSINESS/RES/FIRE/MEDICAL/ETC
OAKDALE POLICE DEPARTMENT,OAKDALE,9/6/2026 8:52:04 PM,OD26011598,"6XXX  15TH STREET PL N, OAKDALE",DISTURBANCE
OAKDALE POLICE DEPARTMENT,OAKDALE,9/6/2026 9:42:46 PM,OD26011599,"3XXX  Henna Ave N, OAKDALE",NOISE COMPLAINT/DISTURBANCE
OAKDALE POLICE DEPARTMENT,OAKDALE,9/6/2026 10:11:37 PM,OD26011600,"I694 SB JSO 10TH ST N, OAKDALE",TRAFFIC STOP
OAKDALE POLICE DEPARTMENT,OAKDALE,9/6/2026 11:07:39 PM,OD26011601,"1XXX  GRANADA AVE N, OAKDALE",MEDICAL
OAKDALE POLICE DEPARTMENT,OAKDALE,9/7/2026 12:00:00 AM,OD26011603,"6XXX  UPPER 54TH ST N, OAKDALE",PARKING VIOLATION
OAKDALE POLICE DEPARTMENT,OAKDALE,9/7/2026 12:07:20 AM,OD26011604,"1XXX  HADLEY AVE N, OAKDALE",DISTURBANCE
OAKDALE POLICE DEPARTMENT,OAKDALE,9/7/2026 2:06:18 AM,OD26011606,"1XXX  GENEVA AVE N, OAKDALE",SUSPICIOUS PERSON/ACTIVITY
OAKDALE POLICE DEPARTMENT,OAKDALE,9/7/2026 2:11:57 AM,OD26011607,"3XXX  HAYWARD AVE N, OAKDALE",SUSPICIOUS PERSON/ACTIVITY
OAKDALE POLICE DEPARTMENT,OAKDALE,9/7/2026 3:09:58 AM,OD26011609,"1XXX  Hadley Ave N, OAKDALE",MEDICAL
OAKDALE POLICE DEPARTMENT,OAKDALE,9/7/2026 3:15:15 AM,OD26011610,"6XXX  22ND ST N, OAKDALE",MEDICAL
OAKDALE POLICE DEPARTMENT,OAKDALE,9/7/2026 10:22:23 AM,OD26011615,"XXX GRAFTON AVE N, OAKDALE",WELFARE CHECK
OAKDALE POLICE DEPARTMENT,OAKDALE,9/7/2026 10:48:26 AM,OD26011616,"XXX GRAFTON AVE N, OAKDALE",DISTURBANCE
OAKDALE POLICE DEPARTMENT,OAKDALE,9/7/2026 10:55:16 AM,OD26011617,"XXX GRAFTON AVE N, OAKDALE",CITIZEN/PUBLIC ASSIST
OAKDALE POLICE DEPARTMENT,OAKDALE,9/7/2026 1:45:16 PM,OD26011619,"4XXX  Hamlet Ave N, OAKDALE",911 ABANDONED/HANGUP/OPEN LINE
OAKDALE POLICE DEPARTMENT,OAKDALE,9/7/2026 2:36:23 PM,OD26011621,"3XXX  HEATH AVE N, OAKDALE",911 ABANDONED/HANGUP/OPEN LINE
OAKDALE POLICE DEPARTMENT,OAKDALE,9/7/2026 3:15:45 PM,OD26011622,"7XXX  13TH ST N, OAKDALE",DEATH
OAKDALE POLICE DEPARTMENT,OAKDALE,9/7/2026 3:18:22 PM,OD26011623,"1XXX  HADLEY AVE N, OAKDALE",BURGLARY
OAKDALE POLICE DEPARTMENT,OAKDALE,9/7/2026 4:58:52 PM,OD26011625,"7XXX  10th St N, OAKDALE",CIVIL MATTER/DISPUTE
OAKDALE POLICE DEPARTMENT,OAKDALE,9/7/2026 4:59:41 PM,OD26011624,"6XXX  15TH ST N, OAKDALE",CIVIL MATTER/DISPUTE
OAKDALE POLICE DEPARTMENT,OAKDALE,9/7/2026 6:35:18 PM,OD26011626,"3XXX  HIGH POINT DR N, OAKDALE",911 ABANDONED/HANGUP/OPEN LINE
OAKDALE POLICE DEPARTMENT,OAKDALE,9/7/2026 7:14:52 PM,OD26011628,"12TH ST N / HELMO AVE N, OAKDALE",FOUND PROPERTY/ITEM
OAKDALE POLICE DEPARTMENT,OAKDALE,9/7/2026 7:20:15 PM,OD26011629,"7XXX  44TH ST N, OAKDALE",FRAUD/SCAM
OAKDALE POLICE DEPARTMENT,OAKDALE,9/7/2026 8:42:49 PM,OD26011630,"3XXX  GENEVIEVE AVE N, OAKDALE",911 ABANDONED/HANGUP/OPEN LINE
OAKDALE POLICE DEPARTMENT,OAKDALE,9/7/2026 9:16:37 PM,OD26011631,"6XXX  50TH ST N, OAKDALE",TRAFFIC STOP
OAKDALE POLICE DEPARTMENT,OAKDALE,9/7/2026 9:59:36 PM,OD26011632,"2XXX  GENEVA AVE N, OAKDALE",TRAFFIC STOP
OAKDALE POLICE DEPARTMENT,OAKDALE,9/7/2026 10:33:44 PM,OD26011633,"1XXX  GRANADA AVE N, OAKDALE",MEDICAL
OAKDALE POLICE DEPARTMENT,OAKDALE,9/8/2026 6:23:17 AM,OD26011637,"7XXX  2ND ST N, OAKDALE",CHILD CUSTODY
OAKDALE POLICE DEPARTMENT,OAKDALE,9/8/2026 7:49:35 AM,OD26011638,"7XXX  10TH ST N, OAKDALE",ANIMAL COMPLAINT
OAKDALE POLICE DEPARTMENT,OAKDALE,9/8/2026 9:15:14 AM,OD26011639,"7XXX  11TH ST N, OAKDALE",MEDICAL
OAKDALE POLICE DEPARTMENT,OAKDALE,9/8/2026 9:48:11 AM,OD26011640,"4XXX  GERSHWIN AVE N, OAKDALE",911 ABANDONED/HANGUP/OPEN LINE
OAKDALE POLICE DEPARTMENT,OAKDALE,9/8/2026 9:52:47 AM,OD26011642,"6XXX  8TH ST N, OAKDALE",MISSING PERSON
OAKDALE POLICE DEPARTMENT,OAKDALE,9/8/2026 10:15:00 AM,OD26011643,"6XXX  22ND ST N, OAKDALE",PARKING COMPLAINT
OAKDALE POLICE DEPARTMENT,OAKDALE,9/8/2026 10:23:57 AM,OD26011644,"HELMO AVE N / 3RD ST N, OAKDALE",DISTURBANCE
OAKDALE POLICE DEPARTMENT,OAKDALE,9/8/2026 10:35:42 AM,OD26011645,"6XXX  UPPER 44TH STREET CT N, OAKDALE",MEDICAL
OAKDALE POLICE DEPARTMENT,OAKDALE,9/8/2026 10:38:53 AM,OD26011646,"XXX HALE AVE N, OAKDALE",MEDICAL
OAKDALE POLICE DEPARTMENT,OAKDALE,9/8/2026 11:23:53 AM,OD26011647,"6XXX  2ND ST N, OAKDALE",MEDICAL
OAKDALE POLICE DEPARTMENT,OAKDALE,9/8/2026 11:28:17 AM,OD26011648,"4TH ST N / HELMO AVE N, OAKDALE",ROAD HAZARD
OAKDALE POLICE DEPARTMENT,OAKDALE,9/8/2026 12:15:57 PM,OD26011649,"IDEAL AVE N / 40TH ST N, OAKDALE",CITIZEN/PUBLIC ASSIST
OAKDALE POLICE DEPARTMENT,OAKDALE,9/8/2026 12:21:17 PM,OD26011650,"2XXX  GRANADA AVE N, OAKDALE",MEDICAL
OAKDALE POLICE DEPARTMENT,OAKDALE,9/8/2026 12:34:48 PM,OD26011651,"7XXX  11TH ST N, OAKDALE",MEDICAL
OAKDALE POLICE DEPARTMENT,OAKDALE,9/8/2026 2:06:17 PM,OD26011654,"HELMO AVE N / 12TH ST N, OAKDALE",FOUND PROPERTY/ITEM
OAKDALE POLICE DEPARTMENT,OAKDALE,9/8/2026 2:21:46 PM,OD26011655,"8XXX  3RD ST N, OAKDALE",911 ABANDONED/HANGUP/OPEN LINE
OAKDALE POLICE DEPARTMENT,OAKDALE,9/8/2026 3:37:44 PM,OD26011658,"1XXX  GRANADA AVE N, OAKDALE",MEDICAL
OAKDALE POLICE DEPARTMENT,OAKDALE,9/8/2026 3:56:16 PM,OD26011659,"6XXX  15TH ST N, OAKDALE",MEDICAL
OAKDALE POLICE DEPARTMENT,OAKDALE,9/8/2026 4:21:37 PM,OD26011661,"6XXX  15TH ST N, OAKDALE",FOLLOW UP
OAKDALE POLICE DEPARTMENT,OAKDALE,9/8/2026 4:30:50 PM,OD26011660,"6XXX  15TH ST N, OAKDALE",CITIZEN/PUBLIC ASSIST
OAKDALE POLICE DEPARTMENT,OAKDALE,9/8/2026 5:20:42 PM,OD26011663,"XXX HOLLY LN N, OAKDALE",SUSPICIOUS PERSON/ACTIVITY
OAKDALE POLICE DEPARTMENT,OAKDALE,9/8/2026 5:24:47 PM,OD26011664,"4XXX  GERSHWIN AVE N, OAKDALE",SUSPICIOUS PERSON/ACTIVITY
OAKDALE POLICE DEPARTMENT,OAKDALE,9/8/2026 5:50:08 PM,OD26011666,"6XXX  15TH ST N, OAKDALE",CITIZEN/PUBLIC ASSIST
OAKDALE POLICE DEPARTMENT,OAKDALE,9/8/2026 7:43:24 PM,OD26011668,"7XXX  15TH STREET LN N, OAKDALE",THREATS
OAKDALE POLICE DEPARTMENT,OAKDALE,9/8/2026 7:47:24 PM,OD26011667,"3XXX  HADLEY AVE N, OAKDALE",MEDICAL
OAKDALE POLICE DEPARTMENT,OAKDALE,9/8/2026 8:36:31 PM,OD26011670,"XXX HOLLY LN N, OAKDALE",WELFARE CHECK
OAKDALE POLICE DEPARTMENT,OAKDALE,9/8/2026 9:57:10 PM,OD26011672,"2XXX  GENEVA AVE N, OAKDALE",TRAFFIC STOP
OAKDALE POLICE DEPARTMENT,OAKDALE,9/8/2026 10:17:54 PM,OD26011674,"6XXX  HUDSON BLVD N, OAKDALE",TRAFFIC STOP
OAKDALE POLICE DEPARTMENT,OAKDALE,9/8/2026 10:20:15 PM,OD26011675,"10TH ST N / GENEVA AVE N, OAKDALE",WELFARE CHECK
OAKDALE POLICE DEPARTMENT,OAKDALE,9/8/2026 10:24:25 PM,OD26011676,"7XXX  10TH ST N, OAKDALE",TRAFFIC STOP
OAKDALE POLICE DEPARTMENT,OAKDALE,9/8/2026 10:26:36 PM,OD26011677,"XXX GENEVA AVE N, OAKDALE",TRAFFIC STOP
OAKDALE POLICE DEPARTMENT,OAKDALE,9/8/2026 10:42:04 PM,OD26011679,"2XXX  GENEVA AVE N, OAKDALE",DWI
OAKDALE POLICE DEPARTMENT,OAKDALE,9/8/2026 11:29:27 PM,OD26011683,"3XXX  GENEVA AVE N, OAKDALE",TRAFFIC STOP
OAKDALE POLICE DEPARTMENT,OAKDALE,9/9/2026 12:38:30 AM,OD26011684,"I694 SB JNO 15TH ST N, OAKDALE",TRAFFIC STOP
OAKDALE POLICE DEPARTMENT,OAKDALE,9/9/2026 2:13:53 AM,OD26011685,"1XXX  HADLEY AVE N, OAKDALE",TRAFFIC STOP
OAKDALE POLICE DEPARTMENT,OAKDALE,9/9/2026 4:05:26 AM,OD26011686,"4XXX  GENEVA AVE N, OAKDALE",DISORDERLY CONDUCT
OAKDALE POLICE DEPARTMENT,OAKDALE,9/9/2026 7:43:15 AM,OD26011687,"7XXX  10TH ST N, OAKDALE",CITIZEN/PUBLIC ASSIST
OAKDALE POLICE DEPARTMENT,OAKDALE,9/9/2026 8:13:46 AM,OD26011688,"XXX IMPERIAL AVE N, OAKDALE",THEFT FROM MOTOR VEHICLE
OAKDALE POLICE DEPARTMENT,OAKDALE,9/9/2026 8:44:32 AM,OD26011689,"6XXX  15TH ST N, OAKDALE",CITIZEN/PUBLIC ASSIST
OAKDALE POLICE DEPARTMENT,OAKDALE,9/9/2026 9:30:06 AM,OD26011690,"XXX GREENWAY AVE N, OAKDALE",MEDICAL
OAKDALE POLICE DEPARTMENT,OAKDALE,9/9/2026 9:49:34 AM,OD26011691,"6XXX  15TH ST N, OAKDALE",CITIZEN/PUBLIC ASSIST
OAKDALE POLICE DEPARTMENT,OAKDALE,9/9/2026 10:20:00 AM,OD26011692,"2XXX  GRAFTON AVE N, OAKDALE",WARRANT ARREST
OAKDALE POLICE DEPARTMENT,OAKDALE,9/9/2026 10:56:23 AM,OD26011694,"6XXX  15TH ST N, OAKDALE",CITIZEN/PUBLIC ASSIST
OAKDALE POLICE DEPARTMENT,OAKDALE,9/9/2026 1:14:04 PM,OD26011698,"XXX INWOOD AVE N, OAKDALE",MEDICAL
OAKDALE POLICE DEPARTMENT,OAKDALE,9/9/2026 2:17:41 PM,OD26011701,"2XXX  GRENADIER AVE N, OAKDALE",SUSPICIOUS PERSON/ACTIVITY
OAKDALE POLICE DEPARTMENT,OAKDALE,9/9/2026 2:41:28 PM,OD26011702,"7XXX  10TH ST N, OAKDALE",THEFT
OAKDALE POLICE DEPARTMENT,OAKDALE,9/9/2026 2:53:00 PM,OD26011699,"XXX GREENWAY AVE N, OAKDALE",DRUGS
OAKDALE POLICE DEPARTMENT,OAKDALE,9/9/2026 3:04:29 PM,OD26011703,"6XXX  UPPER 35TH ST N, OAKDALE",CIVIL MATTER/DISPUTE
OAKDALE POLICE DEPARTMENT,OAKDALE,9/9/2026 4:11:44 PM,OD26011706,"1XXX  Gresham Ave N, OAKDALE",MEDICAL
OAKDALE POLICE DEPARTMENT,OAKDALE,9/9/2026 4:20:33 PM,OD26011707,"1XXX  HILLVALE AVE N, OAKDALE",DISTURBANCE
OAKDALE POLICE DEPARTMENT,OAKDALE,9/9/2026 5:02:13 PM,OD26011708,"4XXX  GENEVA AVE N, OAKDALE",DISTURBANCE
OAKDALE POLICE DEPARTMENT,OAKDALE,9/9/2026 5:10:42 PM,OD26011710,"8XXX  3RD ST N, OAKDALE",THREATS
OAKDALE POLICE DEPARTMENT,OAKDALE,9/9/2026 5:10:55 PM,OD26011709,"6XXX  STILLWATER BLVD N, OAKDALE",SUSPICIOUS PERSON/ACTIVITY
OAKDALE POLICE DEPARTMENT,OAKDALE,9/9/2026 5:59:09 PM,OD26011713,"6XXX  55TH ST N, OAKDALE",MEDICAL
OAKDALE POLICE DEPARTMENT,OAKDALE,9/9/2026 6:14:36 PM,OD26011714,"6XXX  7TH ST N, OAKDALE",DEATH
OAKDALE POLICE DEPARTMENT,OAKDALE,9/9/2026 6:29:32 PM,OD26011715,"3XXX  Hadley Ave N, OAKDALE",TRAFFIC STOP
OAKDALE POLICE DEPARTMENT,OAKDALE,9/9/2026 7:18:03 PM,OD26011718,"4XXX  HELENA RD N, OAKDALE",CHILD CUSTODY
OAKDALE POLICE DEPARTMENT,OAKDALE,9/9/2026 7:26:11 PM,OD26011719,"1XXX  GRANITE AVE N, OAKDALE",ALARM-BUSINESS/RES/FIRE/MEDICAL/ETC
OAKDALE POLICE DEPARTMENT,OAKDALE,9/9/2026 8:06:13 PM,OD26011721,"HWY 36 EB AT 50TH ST N, OAKDALE",TRAFFIC COMPLAINT
OAKDALE POLICE DEPARTMENT,OAKDALE,9/9/2026 10:13:57 PM,OD26011722,"7XXX  32ND ST N, OAKDALE",ALARM-BUSINESS/RES/FIRE/MEDICAL/ETC
OAKDALE POLICE DEPARTMENT,OAKDALE,9/9/2026 11:10:34 PM,OD26011723,"7XXX  36TH ST N, OAKDALE",ANIMAL COMPLAINT
OAKDALE POLICE DEPARTMENT,OAKDALE,9/9/2026 11:30:00 PM,OD26011724,"6XXX  UPPER 54TH ST N, OAKDALE",PARKING VIOLATION
OAKDALE POLICE DEPARTMENT,OAKDALE,9/10/2026 12:29:19 AM,OD26011725,"HWY 36 WB AT 50TH ST N, OAKDALE",ASSIST OTHER AGENCY
OAKDALE POLICE DEPARTMENT,OAKDALE,9/10/2026 12:49:19 AM,OD26011728,"Granite Ave N / Granite Ln N, OAKDALE",TRAFFIC STOP
OAKDALE POLICE DEPARTMENT,OAKDALE,9/10/2026 12:57:15 AM,OD26011729,"4XXX  HADLEY AVE N, OAKDALE",SUSPICIOUS PERSON/ACTIVITY
OAKDALE POLICE DEPARTMENT,OAKDALE,9/10/2026 1:22:40 AM,OD26011731,"2XXX  GENEVA AVE N, OAKDALE",TRAFFIC STOP
OAKDALE POLICE DEPARTMENT,OAKDALE,9/10/2026 1:48:51 AM,OD26011732,"1XXX  GENEVA AVE N, OAKDALE",TRAFFIC STOP
OAKDALE POLICE DEPARTMENT,OAKDALE,9/10/2026 1:59:00 AM,OD26011733,"Granada Ave N / Upper 23rd St N, OAKDALE",DWI
OAKDALE POLICE DEPARTMENT,OAKDALE,9/10/2026 3:18:48 AM,OD26011734,"1XXX  HADLEY AVE N, OAKDALE",MEDICAL
OAKDALE POLICE DEPARTMENT,OAKDALE,9/10/2026 3:38:42 AM,OD26011735,"7XXX  15TH STREET LN N, OAKDALE",ALARM-BUSINESS/RES/FIRE/MEDICAL/ETC
OAKDALE POLICE DEPARTMENT,OAKDALE,9/10/2026 4:10:33 AM,OD26011736,"3XXX  HADLEY AVE N, OAKDALE",MISSING PERSON
OAKDALE POLICE DEPARTMENT,OAKDALE,9/10/2026 5:15:31 AM,OD26011737,"7XXX  38TH ST N, OAKDALE",MISSING PERSON
OAKDALE POLICE DEPARTMENT,OAKDALE,9/10/2026 7:11:43 AM,OD26011738,"3XXX  HADLEY AVE N, OAKDALE",ACCIDENT
OAKDALE POLICE DEPARTMENT,OAKDALE,9/10/2026 9:15:54 AM,OD26011743,"3XXX  GERSHWIN CIR N, OAKDALE",SUSPICIOUS PERSON/ACTIVITY
OAKDALE POLICE DEPARTMENT,OAKDALE,9/10/2026 9:21:32 AM,OD26011744,"6XXX  UPPER 35TH ST N, OAKDALE",MEDICAL
OAKDALE POLICE DEPARTMENT,OAKDALE,9/10/2026 9:35:55 AM,OD26011745,"7XXX  UPPER 22ND ST N, OAKDALE",RUNAWAY
OAKDALE POLICE DEPARTMENT,OAKDALE,9/10/2026 9:39:33 AM,OD26011746,"7XXX  15TH STREET LN N, OAKDALE",ASSIST OTHER AGENCY
OAKDALE POLICE DEPARTMENT,OAKDALE,9/10/2026 9:58:47 AM,OD26011748,"3XXX  GRANADA WAY N, OAKDALE",ALARM-BUSINESS/RES/FIRE/MEDICAL/ETC
OAKDALE POLICE DEPARTMENT,OAKDALE,9/10/2026 10:45:00 AM,OD26011749,"XXX GREENWAY AVE N, OAKDALE",ASSAULT
OAKDALE POLICE DEPARTMENT,OAKDALE,9/10/2026 10:55:25 AM,OD26011751,"6XXX  15TH ST N, OAKDALE",CITIZEN/PUBLIC ASSIST
OAKDALE POLICE DEPARTMENT,OAKDALE,9/10/2026 12:35:01 PM,OD26011753,"3XXX  HADLEY AVE N, OAKDALE",SHOPLIFTING
OAKDALE POLICE DEPARTMENT,OAKDALE,9/10/2026 12:49:41 PM,OD26011755,"1XXX  GRANADA AVE N, OAKDALE",911 ABANDONED/HANGUP/OPEN LINE
OAKDALE POLICE DEPARTMENT,OAKDALE,9/10/2026 1:39:27 PM,OD26011757,"6XXX  52ND ST N, OAKDALE",WELFARE CHECK
OAKDALE POLICE DEPARTMENT,OAKDALE,9/10/2026 2:06:20 PM,OD26011758,"1XXX  GERSHWIN AVE N, OAKDALE",THEFT
OAKDALE POLICE DEPARTMENT,OAKDALE,9/10/2026 3:04:15 PM,OD26011760,"1XXX  HILLVALE AVE N, OAKDALE",JUVENILE COMPLAINT
OAKDALE POLICE DEPARTMENT,OAKDALE,9/10/2026 4:19:59 PM,OD26011766,"3XXX  Hamlet Ave N, OAKDALE",NEIGHBOR DISPUTE
OAKDALE POLICE DEPARTMENT,OAKDALE,9/10/2026 4:45:39 PM,OD26011767,"XXX GREENWAY AVE N, OAKDALE",FIRE
OAKDALE POLICE DEPARTMENT,OAKDALE,9/10/2026 7:12:34 PM,OD26011771,"XXX HERON CT N, OAKDALE",ALARM-BUSINESS/RES/FIRE/MEDICAL/ETC
OAKDALE POLICE DEPARTMENT,OAKDALE,9/10/2026 7:48:40 PM,OD26011772,"XXX GENEVA AVE N, OAKDALE",DRUGS
OAKDALE POLICE DEPARTMENT,OAKDALE,9/10/2026 8:33:05 PM,OD26011773,"6XXX  40TH ST N, OAKDALE",SUSPICIOUS PERSON/ACTIVITY
OAKDALE POLICE DEPARTMENT,OAKDALE,9/10/2026 9:20:00 PM,OD26011774,"6XXX  4TH STREET PL N, OAKDALE",CIVIL MATTER/DISPUTE
OAKDALE POLICE DEPARTMENT,OAKDALE,9/10/2026 9:28:32 PM,OD26011775,"2XXX  HADLEY AVE N, OAKDALE",DISTURBANCE
OAKDALE POLICE DEPARTMENT,OAKDALE,9/10/2026 10:56:15 PM,OD26011776,"6XXX  UPPER 54TH ST N, OAKDALE",DISTURBANCE
OAKDALE POLICE DEPARTMENT,OAKDALE,9/10/2026 11:27:46 PM,OD26011777,"7XXX  38TH ST N, OAKDALE",FOLLOW UP
OAKDALE POLICE DEPARTMENT,OAKDALE,9/11/2026 2:36:19 AM,OD26011778,"3XXX  Hayward Ave N, OAKDALE",MEDICAL
OAKDALE POLICE DEPARTMENT,OAKDALE,9/11/2026 8:07:04 AM,OD26011780,"4XXX  HELMO AVE N, OAKDALE",FOUND PROPERTY/ITEM
OAKDALE POLICE DEPARTMENT,OAKDALE,9/11/2026 8:30:12 AM,OD26011783,"6XXX  7TH ST N, OAKDALE",MEDICAL
OAKDALE POLICE DEPARTMENT,OAKDALE,9/11/2026 9:49:42 AM,OD26011787,"6XXX  15TH ST N, OAKDALE",PROPERTY DAMAGE
OAKDALE POLICE DEPARTMENT,OAKDALE,9/11/2026 9:50:18 AM,OD26011788,"6XXX  UPPER 35TH ST N, OAKDALE",DISTURBANCE
OAKDALE POLICE DEPARTMENT,OAKDALE,9/11/2026 10:42:12 AM,OD26011791,"7XXX  Stillwater Way N, OAKDALE",CIVIL MATTER/DISPUTE
OAKDALE POLICE DEPARTMENT,OAKDALE,9/11/2026 11:25:50 AM,OD26011793,"1XXX  Granada Ave N, OAKDALE",911 ABANDONED/HANGUP/OPEN LINE
OAKDALE POLICE DEPARTMENT,OAKDALE,9/11/2026 12:09:10 PM,OD26011797,"7XXX  10TH ST N, OAKDALE",CITIZEN/PUBLIC ASSIST
OAKDALE POLICE DEPARTMENT,OAKDALE,9/11/2026 12:16:25 PM,OD26011798,"7XXX  6TH ST N, OAKDALE",TRESPASS NOTICE
OAKDALE POLICE DEPARTMENT,OAKDALE,9/11/2026 1:49:58 PM,OD26011800,"4TH ST N / HELMO AVE N, OAKDALE",ACCIDENT
OAKDALE POLICE DEPARTMENT,OAKDALE,9/11/2026 2:16:14 PM,OD26011802,"7XXX  21ST ST N, OAKDALE",ALARM-BUSINESS/RES/FIRE/MEDICAL/ETC
OAKDALE POLICE DEPARTMENT,OAKDALE,9/11/2026 2:41:56 PM,OD26011805,"6XXX  UPPER 13TH ST N, OAKDALE",CIVIL MATTER/DISPUTE
OAKDALE POLICE DEPARTMENT,OAKDALE,9/11/2026 2:55:02 PM,OD26011807,"1XXX  HILLVALE AVE N, OAKDALE",DISTURBANCE
OAKDALE POLICE DEPARTMENT,OAKDALE,9/11/2026 3:52:17 PM,OD26011809,"7XXX  31ST ST N, OAKDALE",ALARM-BUSINESS/RES/FIRE/MEDICAL/ETC
OAKDALE POLICE DEPARTMENT,OAKDALE,9/11/2026 4:27:04 PM,OD26011810,"8XXX  9TH ST N, OAKDALE",CITIZEN/PUBLIC ASSIST
OAKDALE POLICE DEPARTMENT,OAKDALE,9/11/2026 5:41:32 PM,OD26011811,"XXX GRENADIER AVE N, OAKDALE",PUBLIC WORKS CONCERN
OAKDALE POLICE DEPARTMENT,OAKDALE,9/11/2026 6:17:21 PM,OD26011812,"6XXX  Hudson Blvd N, OAKDALE",911 ABANDONED/HANGUP/OPEN LINE
OAKDALE POLICE DEPARTMENT,OAKDALE,9/11/2026 6:18:50 PM,OD26011813,"XXX GREENWAY AVE N, OAKDALE",MEDICAL
OAKDALE POLICE DEPARTMENT,OAKDALE,9/11/2026 7:06:00 PM,OD26011814,"8XXX  3RD ST N, OAKDALE",SUSPICIOUS PERSON/ACTIVITY
OAKDALE POLICE DEPARTMENT,OAKDALE,9/11/2026 7:10:34 PM,OD26011815,"7XXX  10TH ST N, OAKDALE",WELFARE CHECK
OAKDALE POLICE DEPARTMENT,OAKDALE,9/11/2026 8:27:53 PM,OD26011818,"STILLWATER BLVD N / GRANADA AVE N, OAKDALE",ACCIDENT
OAKDALE POLICE DEPARTMENT,OAKDALE,9/11/2026 8:59:00 PM,OD26011819,"2XXX  HOLLY AVE N, OAKDALE",UNDERAGE DRINKING
OAKDALE POLICE DEPARTMENT,OAKDALE,9/11/2026 10:19:49 PM,OD26011820,"XXX GENEVA AVE N, OAKDALE",TRAFFIC STOP
OAKDALE POLICE DEPARTMENT,OAKDALE,9/11/2026 10:46:42 PM,OD26011821,"HADLEY AVE N / 7TH ST N, OAKDALE",TRAFFIC STOP
OAKDALE POLICE DEPARTMENT,OAKDALE,9/11/2026 11:20:35 PM,OD26011823,"XXX GENEVA AVE N, OAKDALE",TRAFFIC STOP
OAKDALE POLICE DEPARTMENT,OAKDALE,9/12/2026 12:01:45 AM,OD26011824,"I694 NB JSO 50TH ST N, OAKDALE",TRAFFIC STOP
OAKDALE POLICE DEPARTMENT,OAKDALE,9/12/2026 12:19:19 AM,OD26011825,"1XXX  GENEVA AVE N, OAKDALE",DISTURBANCE
OAKDALE POLICE DEPARTMENT,OAKDALE,9/12/2026 1:13:44 AM,OD26011826,"1XXX  HELMO AVE N, OAKDALE",TRAFFIC STOP
OAKDALE POLICE DEPARTMENT,OAKDALE,9/12/2026 1:50:12 AM,OD26011827,"6XXX  50TH ST N, OAKDALE",ANIMAL COMPLAINT
OAKDALE POLICE DEPARTMENT,OAKDALE,9/12/2026 10:01:04 AM,OD26011828,"6XXX  15TH ST N, OAKDALE",CITIZEN/PUBLIC ASSIST
OAKDALE POLICE DEPARTMENT,OAKDALE,9/12/2026 10:05:11 AM,OD26011829,"1XXX  HADLEY AVE N, OAKDALE",MEDICAL
OAKDALE POLICE DEPARTMENT,OAKDALE,9/12/2026 10:07:31 AM,OD26011830,"6XXX  GRETCHEN LN N, OAKDALE",NEIGHBOR DISPUTE
OAKDALE POLICE DEPARTMENT,OAKDALE,9/12/2026 10:46:58 AM,OD26011831,"4XXX  HELENA LN N, OAKDALE",MEDICAL
OAKDALE POLICE DEPARTMENT,OAKDALE,9/12/2026 10:50:16 AM,OD26011832,"4XXX  GERSHWIN AVE N, OAKDALE",PARKING COMPLAINT
OAKDALE POLICE DEPARTMENT,OAKDALE,9/12/2026 11:13:54 AM,OD26011833,"GRESHAM AVE N / GRANITE AVE N, OAKDALE",PARKING COMPLAINT
OAKDALE POLICE DEPARTMENT,OAKDALE,9/12/2026 12:13:57 PM,OD26011834,"7XXX  32ND ST N, OAKDALE",WELFARE CHECK
OAKDALE POLICE DEPARTMENT,OAKDALE,9/12/2026 12:17:01 PM,OD26011835,"Unknown, OAKDALE",CITIZEN/PUBLIC ASSIST
OAKDALE POLICE DEPARTMENT,OAKDALE,9/12/2026 2:00:49 PM,OD26011838,"1XXX  GERSHWIN AVE N, OAKDALE",911 ABANDONED/HANGUP/OPEN LINE
OAKDALE POLICE DEPARTMENT,OAKDALE,9/12/2026 2:26:36 PM,OD26011839,"5XXX  HADLEY AVE N, OAKDALE",FOUND PROPERTY/ITEM
OAKDALE POLICE DEPARTMENT,OAKDALE,9/12/2026 2:29:41 PM,OD26011840,"1XXX  GREYSTONE AVE N, OAKDALE",WARRANT ARREST
OAKDALE POLICE DEPARTMENT,OAKDALE,9/12/2026 2:40:16 PM,OD26011841,"4XXX  HELMO AVE N, OAKDALE",NOISE COMPLAINT/DISTURBANCE
OAKDALE POLICE DEPARTMENT,OAKDALE,9/12/2026 3:20:51 PM,OD26011843,"2XXX  GRANITE AVE N, OAKDALE",DISTURBANCE
OAKDALE POLICE DEPARTMENT,OAKDALE,9/12/2026 4:08:44 PM,OD26011844,"4XXX  HELMO AVE N, OAKDALE",SUSPICIOUS PERSON/ACTIVITY
OAKDALE POLICE DEPARTMENT,OAKDALE,9/12/2026 4:22:12 PM,OD26011845,"3XXX  GENTRY AVE N, OAKDALE",911 ABANDONED/HANGUP/OPEN LINE
OAKDALE POLICE DEPARTMENT,OAKDALE,9/12/2026 4:28:26 PM,OD26011846,"2XXX  GREYSTONE AVE N, OAKDALE",MEDICAL
OAKDALE POLICE DEPARTMENT,OAKDALE,9/12/2026 5:19:14 PM,OD26011847,"7XXX  10TH ST N, OAKDALE",911 ABANDONED/HANGUP/OPEN LINE
OAKDALE POLICE DEPARTMENT,OAKDALE,9/12/2026 5:32:50 PM,OD26011848,"XXX GRANGE AVE N, OAKDALE",INTERNET CRIMES
OAKDALE POLICE DEPARTMENT,OAKDALE,9/12/2026 6:38:44 PM,OD26011849,"5XXX  HADLEY AVE N, OAKDALE",SHOPLIFTING
OAKDALE POLICE DEPARTMENT,OAKDALE,9/12/2026 7:19:30 PM,OD26011850,"2XXX  GRENADIER AVE N, OAKDALE",WELFARE CHECK
OAKDALE POLICE DEPARTMENT,OAKDALE,9/12/2026 8:55:11 PM,OD26011851,"1XXX  GENEVA AVE N, OAKDALE",TRAFFIC STOP
OAKDALE POLICE DEPARTMENT,OAKDALE,9/12/2026 9:12:35 PM,OD26011852," 1800 GENEVA AVE N, OAKDALE",TRAFFIC STOP
OAKDALE POLICE DEPARTMENT,OAKDALE,9/12/2026 9:22:44 PM,OD26011853,"2XXX  GENEVA AVE N, OAKDALE",TRAFFIC STOP
OAKDALE POLICE DEPARTMENT,OAKDALE,9/12/2026 9:44:05 PM,OD26011854,"4XXX  GENEVA AVE N, OAKDALE",TRAFFIC STOP
OAKDALE POLICE DEPARTMENT,OAKDALE,9/12/2026 10:12:40 PM,OD26011857,"I694 SB AT 4TH ST N, OAKDALE",TRAFFIC STOP
OAKDALE POLICE DEPARTMENT,OAKDALE,9/12/2026 11:02:32 PM,OD26011860,"1XXX  GENEVA AVE N, OAKDALE",TRAFFIC STOP
OAKDALE POLICE DEPARTMENT,OAKDALE,9/12/2026 11:57:20 PM,OD26011865,"6XXX  UPPER 35TH ST N, OAKDALE",VEHICLE TAMPERING
ST. PAUL PARK POLICE DEPARTMENT,COTTAGE GROVE,9/7/2026 5:38:08 PM,SP26007898,"6XXX  PINE ARBOR DR S, COTTAGE GROVE",ASSIST OTHER AGENCY
ST. PAUL PARK POLICE DEPARTMENT,NEWPORT,9/7/2026 4:35:34 PM,SP26007897,"XXX RED ROCK XING, NEWPORT",ASSIST OTHER AGENCY
ST. PAUL PARK POLICE DEPARTMENT,NEWPORT,9/8/2026 6:48:54 PM,SP26007974,"XXX RED ROCK XING, NEWPORT",MEDICAl
ST. PAUL PARK POLICE DEPARTMENT,SAINT PAUL PARK,9/8/2026 9:31:21 AM,SP26007943,"70th and Summit Ave, SAINT PAUL PARK",ACCIDENT
ST. PAUL PARK POLICE DEPARTMENT,SAINT PAUL PARK,9/8/2026 10:20:41 AM,SP26007944,"XXX SUMMIT AVE, SAINT PAUL PARK",FRAUD/SCAM
ST. PAUL PARK POLICE DEPARTMENT,SAINT PAUL PARK,9/8/2026 10:15:41 PM,SP26007981,"XXX SUMMIT AVE, SAINT PAUL PARK",WELFARE CHECK
ST. PAUL PARK POLICE DEPARTMENT,SAINT PAUL PARK,9/11/2026 2:25:43 AM,SP26008071,"1XXX  3RD ST, SAINT PAUL PARK",MISSING PERSON
ST. PAUL PARK POLICE DEPARTMENT,SAINT PAUL PARK,9/11/2026 11:18:39 AM,SP26008087,"SUMMIT AVE OVER HWY 61, SAINT PAUL PARK",ASSIST OTHER AGENCY
ST. PAUL PARK POLICE DEPARTMENT,SAINT PAUL PARK,9/11/2026 7:19:44 PM,SP26008105,"1XXX  4TH ST, SAINT PAUL PARK",DOMESTIC
ST. PAUL PARK POLICE DEPARTMENT,SAINT PAUL PARK,9/12/2026 2:04:25 PM,SP26008145,"1XXX  AURORA AVE, SAINT PAUL PARK",ACCIDENT
ST. PAUL PARK POLICE DEPARTMENT,SAINT PAUL PARK,9/12/2026 5:23:00 PM,SP26008154,"XXX PULLMAN AVE, SAINT PAUL PARK",THEFT
ST. PAUL PARK POLICE DEPARTMENT,SAINT PAUL PARK,9/12/2026 7:10:10 PM,SP26008157,"XXX SUMMIT AVE, SAINT PAUL PARK",SUSPICIOUS PERSON/ACTIVITY
STILLWATER POLICE DEPARTMENT,OAK PARK HEIGHTS,9/11/2026 10:39:47 AM,SW26008569,"5XXX  OSGOOD AVE N, OAK PARK HEIGHTS",ASSIST OTHER AGENCY
STILLWATER POLICE DEPARTMENT,OAK PARK HEIGHTS,9/12/2026 2:11:44 AM,SW26008596,"BEACH RD N / 60TH ST N, OAK PARK HEIGHTS",ASSIST OTHER AGENCY
STILLWATER POLICE DEPARTMENT,STILLWATER,9/6/2026 12:58:51 AM,SW26008405,"14XXX  62ND ST N, STILLWATER",911 ABANDONED/HANGUP/OPEN LINE
STILLWATER POLICE DEPARTMENT,STILLWATER,9/6/2026 8:17:45 AM,SW26008407,"XXX BRIDGEWATER WAY, STILLWATER",MEDICAL
STILLWATER POLICE DEPARTMENT,STILLWATER,9/6/2026 8:23:37 AM,SW26008408,"8XXX  NEAL AVE N, STILLWATER",SUSPICIOUS PERSON/ACTIVITY
STILLWATER POLICE DEPARTMENT,STILLWATER,9/6/2026 3:57:07 PM,SW26008417,"1XXX  CURVE CREST BLVD, STILLWATER",ALARM-BUSINESS/RES/FIRE/MEDICAL/ETC
STILLWATER POLICE DEPARTMENT,STILLWATER,9/6/2026 5:48:28 PM,SW26008419,"1XXX  GREELEY ST S, STILLWATER",WELFARE CHECK
STILLWATER POLICE DEPARTMENT,STILLWATER,9/6/2026 7:17:27 PM,SW26008420,"GREELEY ST S / CURVE CREST BLVD, STILLWATER",WELFARE CHECK
STILLWATER POLICE DEPARTMENT,STILLWATER,9/6/2026 7:50:56 PM,SW26008422,"STILLWATER LIFT BRIDGE (PEDESTRIAN) - MN, STILLWATER",911 ABANDONED/HANGUP/OPEN LINE
STILLWATER POLICE DEPARTMENT,STILLWATER,9/6/2026 9:56:24 PM,SW26008424,"STILLWATER BLVD N / AUTUMN WAY, STILLWATER",WELFARE CHECK
STILLWATER POLICE DEPARTMENT,STILLWATER,9/6/2026 10:22:32 PM,SW26008426,"2XXX  MARKET DR, STILLWATER",DISTURBANCE
STILLWATER POLICE DEPARTMENT,STILLWATER,9/6/2026 11:12:57 PM,SW26008427,"3XXX  JUDD TRL, STILLWATER",Accident
STILLWATER POLICE DEPARTMENT,STILLWATER,9/7/2026 12:15:15 AM,SW26008429,"3XXX  PINE HOLLOW PL, STILLWATER",MEDICAL
STILLWATER POLICE DEPARTMENT,STILLWATER,9/7/2026 12:43:53 AM,SW26008431,"XXX SAINT CROIX AVE E, STILLWATER",Medical
STILLWATER POLICE DEPARTMENT,STILLWATER,9/7/2026 3:32:47 AM,SW26008432,"2XXX  ORLEANS ST W, STILLWATER",ALARM-BUSINESS/RES/FIRE/MEDICAL/ETC
STILLWATER POLICE DEPARTMENT,STILLWATER,9/7/2026 6:56:00 AM,SW26008435,"1XXX  COTTAGE DR, STILLWATER",FOUND PROPERTY/ITEM
STILLWATER POLICE DEPARTMENT,STILLWATER,9/7/2026 7:19:34 AM,SW26008436,"1XXX  MARKET DR, STILLWATER",CITIZEN/PUBLIC ASSIST
STILLWATER POLICE DEPARTMENT,STILLWATER,9/7/2026 7:40:15 AM,SW26008437,"1XXX  NORTHLAND AVE, STILLWATER",MEDICAL
STILLWATER POLICE DEPARTMENT,STILLWATER,9/7/2026 9:26:08 AM,SW26008440,"XXX MAIN ST S, STILLWATER",DISTURBANCE
STILLWATER POLICE DEPARTMENT,STILLWATER,9/7/2026 10:02:19 AM,SW26008441,"XXX HARRIET ST S, STILLWATER",CHILD CUSTODY
STILLWATER POLICE DEPARTMENT,STILLWATER,9/7/2026 10:20:06 AM,SW26008443,"XX MARYKNOLL DR, STILLWATER",911 ABANDONED/HANGUP/OPEN LINE
STILLWATER POLICE DEPARTMENT,STILLWATER,9/7/2026 11:21:51 AM,SW26008445,"2XXX  FRONTAGE RD W, STILLWATER",MEDICAL
STILLWATER POLICE DEPARTMENT,STILLWATER,9/7/2026 11:23:04 AM,SW26008446,"GREELEY ST S / CURVE CREST BLVD, STILLWATER",SUSPICIOUS PERSON/ACTIVITY
STILLWATER POLICE DEPARTMENT,STILLWATER,9/7/2026 11:47:04 AM,SW26008447,"XXX CHESTNUT ST E, STILLWATER",FOUND PROPERTY/ITEM
STILLWATER POLICE DEPARTMENT,STILLWATER,9/7/2026 12:43:40 PM,SW26008448,"XXX OAK ST W, STILLWATER",FOUND PROPERTY/ITEM
STILLWATER POLICE DEPARTMENT,STILLWATER,9/7/2026 1:20:47 PM,SW26008451,"2ND ST S / CHESTNUT ST E, STILLWATER",ANIMAL COMPLAINT
STILLWATER POLICE DEPARTMENT,STILLWATER,9/7/2026 1:22:11 PM,SW26008450,"2XXX  ORLEANS ST W, STILLWATER",MEDICAL
STILLWATER POLICE DEPARTMENT,STILLWATER,9/7/2026 1:43:24 PM,SW26008452,"XXX RAINBOW CT, STILLWATER",MEDICAL
STILLWATER POLICE DEPARTMENT,STILLWATER,9/7/2026 2:04:13 PM,SW26008453,"1XXX  2ND AVE S, STILLWATER",MEDICAL
STILLWATER POLICE DEPARTMENT,STILLWATER,9/7/2026 2:21:24 PM,SW26008455,"1XXX  MCDOUGAL GRN, STILLWATER",FIRE
STILLWATER POLICE DEPARTMENT,STILLWATER,9/7/2026 2:26:41 PM,SW26008456,"14XXX  62ND ST N, STILLWATER",MEDICAL
STILLWATER POLICE DEPARTMENT,STILLWATER,9/7/2026 3:15:38 PM,SW26008457,"XXX MAIN ST S, STILLWATER",ALARM-BUSINESS/RES/FIRE/MEDICAL/ETC
STILLWATER POLICE DEPARTMENT,STILLWATER,9/7/2026 4:01:09 PM,SW26008458,"1XXX  ATWOOD LN, STILLWATER",911 ABANDONED/HANGUP/OPEN LINE
STILLWATER POLICE DEPARTMENT,STILLWATER,9/7/2026 4:55:17 PM,SW26008459,"CURVE CREST BLVD / GREELEY ST S, STILLWATER",THEFT
STILLWATER POLICE DEPARTMENT,STILLWATER,9/7/2026 5:09:19 PM,SW26008461,"2XXX  ORWELL CT N, STILLWATER",HARASSMENT
STILLWATER POLICE DEPARTMENT,STILLWATER,9/7/2026 5:19:12 PM,SW26008460,"1XXX  FRONTAGE RD W, STILLWATER",ALARM-BUSINESS/RES/FIRE/MEDICAL/ETC
STILLWATER POLICE DEPARTMENT,STILLWATER,9/7/2026 5:21:03 PM,SW26008462,"1XXX  GREELEY ST S, STILLWATER",911 ABANDONED/HANGUP/OPEN LINE
STILLWATER POLICE DEPARTMENT,STILLWATER,9/7/2026 6:11:18 PM,SW26008463,"XXX WATER ST S, STILLWATER",CITIZEN/PUBLIC ASSIST
STILLWATER POLICE DEPARTMENT,STILLWATER,9/7/2026 6:26:36 PM,SW26008465,"3XXX  Abercrombie Ln, STILLWATER",ANIMAL BITE
STILLWATER POLICE DEPARTMENT,STILLWATER,9/7/2026 7:43:22 PM,SW26008466,"1XXX  COTTAGE DR, STILLWATER",ALARM-BUSINESS/RES/FIRE/MEDICAL/ETC
STILLWATER POLICE DEPARTMENT,STILLWATER,9/8/2026 12:30:37 AM,SW26008469,"14XXX  62nd St N, STILLWATER",SUSPICIOUS PERSON/ACTIVITY
STILLWATER POLICE DEPARTMENT,STILLWATER,9/8/2026 3:17:46 AM,SW26008470,"1XXX  Owens St N, STILLWATER",MEDICAL
STILLWATER POLICE DEPARTMENT,STILLWATER,9/8/2026 6:24:02 AM,SW26008471,"XXX CHURCHILL ST W, STILLWATER",911 ABANDONED/HANGUP/OPEN LINE
STILLWATER POLICE DEPARTMENT,STILLWATER,9/8/2026 7:03:21 AM,SW26008472,"1XXX  NORTHWESTERN AVE, STILLWATER",ALARM-BUSINESS/RES/FIRE/MEDICAL/ETC
STILLWATER POLICE DEPARTMENT,STILLWATER,9/8/2026 10:53:30 AM,SW26008477,"XXX 4TH ST N, STILLWATER",ASSAULT
STILLWATER POLICE DEPARTMENT,STILLWATER,9/8/2026 10:59:23 AM,SW26008478,"3XXX  ILO WAY, STILLWATER",911 ABANDONED/HANGUP/OPEN LINE
STILLWATER POLICE DEPARTMENT,STILLWATER,9/8/2026 12:09:08 PM,SW26008479,"XXX MARSH ST W, STILLWATER",911 ABANDONED/HANGUP/OPEN LINE
STILLWATER POLICE DEPARTMENT,STILLWATER,9/8/2026 12:41:48 PM,SW26008481,"XXX ALDER ST E, STILLWATER",CITIZEN/PUBLIC ASSIST
STILLWATER POLICE DEPARTMENT,STILLWATER,9/8/2026 3:33:36 PM,SW26008486,"XXX 4TH ST N, STILLWATER",FOUND PROPERTY/ITEM
STILLWATER POLICE DEPARTMENT,STILLWATER,9/8/2026 4:16:06 PM,SW26008487,"1XXX  2ND ST S, STILLWATER",MEDICAL
STILLWATER POLICE DEPARTMENT,STILLWATER,9/8/2026 4:19:08 PM,SW26008488,"2XXX  WASHINGTON AVE, STILLWATER",THEFT
STILLWATER POLICE DEPARTMENT,STILLWATER,9/8/2026 5:13:54 PM,SW26008489,"13XXX  DELLWOOD RD N, STILLWATER",MEDICAL
STILLWATER POLICE DEPARTMENT,STILLWATER,9/8/2026 5:15:21 PM,SW26008490,"1XXX  GREELEY ST S, STILLWATER",CITIZEN/PUBLIC ASSIST
STILLWATER POLICE DEPARTMENT,STILLWATER,9/8/2026 10:41:46 PM,SW26008495,"XXX OWENS ST N, STILLWATER",ALARM-BUSINESS/RES/FIRE/MEDICAL/ETC
STILLWATER POLICE DEPARTMENT,STILLWATER,9/8/2026 11:51:11 PM,SW26008499,"1XXX  CURVE CREST BLVD, STILLWATER",ABANDONED VEHICLE
STILLWATER POLICE DEPARTMENT,STILLWATER,9/9/2026 1:26:09 AM,SW26008501,"1XXX  Tower Dr, STILLWATER",ALARM-BUSINESS/RES/FIRE/MEDICAL/ETC
STILLWATER POLICE DEPARTMENT,STILLWATER,9/9/2026 6:40:46 AM,SW26008502,"XXX PINE ST W, STILLWATER",MEDICAL
STILLWATER POLICE DEPARTMENT,STILLWATER,9/9/2026 7:08:55 AM,SW26008503,"CROIXWOOD BLVD / STILLWATER BLVD N, STILLWATER",WELFARE CHECK
STILLWATER POLICE DEPARTMENT,STILLWATER,9/9/2026 9:06:25 AM,SW26008505,"1XXX  MARKET DR, STILLWATER",SUSPICIOUS PERSON/ACTIVITY
STILLWATER POLICE DEPARTMENT,STILLWATER,9/9/2026 9:27:47 AM,SW26008507,"2XXX  ORLEANS ST W, STILLWATER",MEDICAL
STILLWATER POLICE DEPARTMENT,STILLWATER,9/9/2026 12:42:12 PM,SW26008514,"XXX CHURCHILL ST W, STILLWATER",MEDICAL
STILLWATER POLICE DEPARTMENT,STILLWATER,9/9/2026 1:08:36 PM,SW26008515,"1XXX  HIGHLAND RD, STILLWATER",SUSPICIOUS PERSON/ACTIVITY
STILLWATER POLICE DEPARTMENT,STILLWATER,9/9/2026 2:25:44 PM,SW26008516,"1XXX  JOHNSON DR, STILLWATER",ANIMAL COMPLAINT
STILLWATER POLICE DEPARTMENT,STILLWATER,9/9/2026 3:32:36 PM,SW26008517,"1XXX  DRIVING PARK RD, STILLWATER",SUSPICIOUS PERSON/ACTIVITY
STILLWATER POLICE DEPARTMENT,STILLWATER,9/9/2026 4:03:10 PM,SW26008518,"1XXX  ORLEANS ST W, STILLWATER",DEATH INVESTIGATION
STILLWATER POLICE DEPARTMENT,STILLWATER,9/9/2026 4:42:41 PM,SW26008520,"1XXX  5TH ST N, STILLWATER",SUSPICIOUS PERSON/ACTIVITY
STILLWATER POLICE DEPARTMENT,STILLWATER,9/9/2026 5:39:27 PM,SW26008521,"XXX LAUREL ST E, STILLWATER",ANIMAL COMPLAINT
STILLWATER POLICE DEPARTMENT,STILLWATER,9/9/2026 6:32:25 PM,SW26008523,"1XXX  DRIVING PARK RD, STILLWATER",CITIZEN/PUBLIC ASSIST
STILLWATER POLICE DEPARTMENT,STILLWATER,9/9/2026 8:34:50 PM,SW26008525,"XXX WATER ST S, STILLWATER",MEDICAL
STILLWATER POLICE DEPARTMENT,STILLWATER,9/10/2026 5:41:43 AM,SW26008530,"HWY 36 WB AT WASHINGTON AVE N, STILLWATER",ASSIST OTHER AGENCY
STILLWATER POLICE DEPARTMENT,STILLWATER,9/10/2026 7:34:38 AM,SW26008532,"2XXX  SADDLE CT, STILLWATER",FIRE
STILLWATER POLICE DEPARTMENT,STILLWATER,9/10/2026 8:12:18 AM,SW26008534,"1XXX  OLIVE ST W, STILLWATER",SUSPICIOUS PERSON/ACTIVITY
STILLWATER POLICE DEPARTMENT,STILLWATER,9/10/2026 9:26:22 AM,SW26008535,"1XXX  COTTAGE DR, STILLWATER",FAMILY ASSIST
STILLWATER POLICE DEPARTMENT,STILLWATER,9/10/2026 9:42:01 AM,SW26008536,"2XXX  FRONTAGE RD W, STILLWATER",911 ABANDONED/HANGUP/OPEN LINE
STILLWATER POLICE DEPARTMENT,STILLWATER,9/10/2026 11:34:42 AM,SW26008539,"1XXX  GREELEY ST S, STILLWATER",WELFARE CHECK
STILLWATER POLICE DEPARTMENT,STILLWATER,9/10/2026 2:59:05 PM,SW26008544,"1XXX  DALLAGER CT, STILLWATER",CITIZEN/PUBLIC ASSIST
STILLWATER POLICE DEPARTMENT,STILLWATER,9/10/2026 6:04:08 PM,SW26008551,"14XXX  62ND ST N, STILLWATER",WELFARE CHECK
STILLWATER POLICE DEPARTMENT,STILLWATER,9/10/2026 6:37:30 PM,SW26008552,"XXX NEWMAN TRL, STILLWATER",911 ABANDONED/HANGUP/OPEN LINE
STILLWATER POLICE DEPARTMENT,STILLWATER,9/10/2026 7:07:34 PM,SW26008553,"1XXX  MCKUSICK ROAD LN N, STILLWATER",ANIMAL COMPLAINT
STILLWATER POLICE DEPARTMENT,STILLWATER,9/10/2026 7:40:19 PM,SW26008554,"STILLWATER BLVD N / CROIXWOOD BLVD, STILLWATER",DISABLED VEHICLE
STILLWATER POLICE DEPARTMENT,STILLWATER,9/10/2026 7:47:07 PM,SW26008555,"XXX GREELEY ST S, STILLWATER",DISTURBANCE
STILLWATER POLICE DEPARTMENT,STILLWATER,9/10/2026 9:31:55 PM,SW26008556,"2XXX  COUNTRYSIDE CT, STILLWATER",MEDICAL
STILLWATER POLICE DEPARTMENT,STILLWATER,9/10/2026 10:42:58 PM,SW26008557,"1XXX  FRONTAGE RD W, STILLWATER",MEDICAL
STILLWATER POLICE DEPARTMENT,STILLWATER,9/10/2026 11:50:48 PM,SW26008559,"2XXX  WOODRIDGE LN, STILLWATER",WELFARE CHECK
STILLWATER POLICE DEPARTMENT,STILLWATER,9/11/2026 9:08:05 AM,SW26008564,"7XXX  MANNING AVE N, STILLWATER",ANIMAL COMPLAINT
STILLWATER POLICE DEPARTMENT,STILLWATER,9/11/2026 9:15:49 AM,SW26008565,"XXX MAIN ST S, STILLWATER",ALARM-BUSINESS/RES/FIRE/MEDICAL/ETC
STILLWATER POLICE DEPARTMENT,STILLWATER,9/11/2026 10:26:15 AM,SW26008568,"XXX 4TH ST S, STILLWATER",COUNTERFEIT/FORGERY
STILLWATER POLICE DEPARTMENT,STILLWATER,9/11/2026 1:18:34 PM,SW26008577,"1XXX  SWENSON ST, STILLWATER",CITIZEN/PUBLIC ASSIST
STILLWATER POLICE DEPARTMENT,STILLWATER,9/11/2026 1:35:48 PM,SW26008578,"XXX TOWNE CIR, STILLWATER",ANIMAL COMPLAINT
STILLWATER POLICE DEPARTMENT,STILLWATER,9/11/2026 2:52:59 PM,SW26008581,"1XXX  MARKET DR, STILLWATER",ALARM-BUSINESS/RES/FIRE/MEDICAL/ETC
STILLWATER POLICE DEPARTMENT,STILLWATER,9/11/2026 3:03:30 PM,SW26008582,"XXX 2ND ST N, STILLWATER",DISTURBANCE
STILLWATER POLICE DEPARTMENT,STILLWATER,9/11/2026 4:45:37 PM,SW26008583,"MCKUSICK ROAD LN N / MCKUSICK RD, STILLWATER",ANIMAL COMPLAINT
STILLWATER POLICE DEPARTMENT,STILLWATER,9/11/2026 6:15:13 PM,SW26008584,"XXX MAIN ST N, STILLWATER",FRAUD/SCAM
STILLWATER POLICE DEPARTMENT,STILLWATER,9/11/2026 6:32:59 PM,SW26008585,"Mckusick Rd / Mckusick Rd N, STILLWATER",ANIMAL COMPLAINT
STILLWATER POLICE DEPARTMENT,STILLWATER,9/11/2026 7:13:44 PM,SW26008587,"1XXX  EVERETT ST S, STILLWATER",FIRE
STILLWATER POLICE DEPARTMENT,STILLWATER,9/11/2026 9:19:35 PM,SW26008589,"1XXX  Abbott St W, STILLWATER",REQUEST FOR EMERGENCY EXAM - 72 HR HOLD
STILLWATER POLICE DEPARTMENT,STILLWATER,9/11/2026 10:15:09 PM,SW26008591,"MULBERRY ST E / 2ND ST N, STILLWATER",CITIZEN/PUBLIC ASSIST
STILLWATER POLICE DEPARTMENT,STILLWATER,9/11/2026 11:38:24 PM,SW26008592,"XXX MULBERRY ST E, STILLWATER",911 ABANDONED/HANGUP/OPEN LINE
STILLWATER POLICE DEPARTMENT,STILLWATER,9/12/2026 12:09:20 AM,SW26008593,"William St N / Maple St W, STILLWATER",ANIMAL COMPLAINT
STILLWATER POLICE DEPARTMENT,STILLWATER,9/12/2026 7:28:18 AM,SW26008598,"14XXX  62ND ST N, STILLWATER",DISTURBANCE
STILLWATER POLICE DEPARTMENT,STILLWATER,9/12/2026 10:30:35 AM,SW26008602,"1XXX  AMUNDSON LN, STILLWATER",MEDICAL
STILLWATER POLICE DEPARTMENT,STILLWATER,9/12/2026 11:49:25 AM,SW26008603,"BROADWAY ST N / POPLAR ST E, STILLWATER",DISTURBANCE
STILLWATER POLICE DEPARTMENT,STILLWATER,9/12/2026 12:35:20 PM,SW26008605,"1XXX  MARKET DR, STILLWATER",ACCIDENT
STILLWATER POLICE DEPARTMENT,STILLWATER,9/12/2026 1:07:12 PM,SW26008607,"GREELEY ST S / PINE ST W, STILLWATER",WELFARE CHECK
STILLWATER POLICE DEPARTMENT,STILLWATER,9/12/2026 2:42:11 PM,SW26008610,"XXX MARSH ST W, STILLWATER",ALARM-BUSINESS/RES/FIRE/MEDICAL/ETC
STILLWATER POLICE DEPARTMENT,STILLWATER,9/12/2026 3:44:34 PM,SW26008612,"PINE ST W / GREELEY ST S, STILLWATER",WELFARE CHECK
STILLWATER POLICE DEPARTMENT,STILLWATER,9/12/2026 4:10:46 PM,SW26008614,"4th St S / Churchill St W, STILLWATER",ACCIDENT
STILLWATER POLICE DEPARTMENT,STILLWATER,9/12/2026 5:17:08 PM,SW26008615,"XXX OWENS ST N, STILLWATER",CIVIL MATTER/DISPUTE
STILLWATER POLICE DEPARTMENT,STILLWATER,9/12/2026 5:51:31 PM,SW26008616,"1XXX  Owens St N, STILLWATER",ACCIDENT
STILLWATER POLICE DEPARTMENT,STILLWATER,9/12/2026 10:14:40 PM,SW26008620,"XXX Mulberry St E, STILLWATER",MEDICAL
STILLWATER POLICE DEPARTMENT,STILLWATER,9/12/2026 10:30:41 PM,SW26008621,"XXX WATER ST S, STILLWATER",911 ABANDONED/HANGUP/OPEN LINE
WASHINGTON COUNTY SHERIFFS OFFICE,AFTON,9/6/2026 1:48:05 PM,WC26045623,"13XXX  - 14699 HUDSON RD S, AFTON",TRAFFIC STOP
WASHINGTON COUNTY SHERIFFS OFFICE,AFTON,9/7/2026 2:22:54 PM,WC26045808,"13XXX  - 14699 HUDSON RD S, AFTON",TRAFFIC STOP
WASHINGTON COUNTY SHERIFFS OFFICE,AFTON,9/7/2026 3:06:08 PM,WC26045816,"13XXX  - 14699 HUDSON RD S, AFTON",TRAFFIC STOP
WASHINGTON COUNTY SHERIFFS OFFICE,AFTON,9/7/2026 9:14:00 PM,WC26045862,"13XXX  30TH ST S, AFTON",DWI
WASHINGTON COUNTY SHERIFFS OFFICE,AFTON,9/8/2026 3:15:00 PM,WC26046002,"14XXX  HUDSON RD S, AFTON",TRAFFIC STOP
WASHINGTON COUNTY SHERIFFS OFFICE,AFTON,9/8/2026 3:31:00 PM,WC26046007,"14XXX  HUDSON RD S, AFTON",TRAFFIC STOP
WASHINGTON COUNTY SHERIFFS OFFICE,AFTON,9/9/2026 1:42:48 PM,WC26046203,"STAGECOACH TRL S / VALLEY CREEK TRL S, AFTON",PUBLIC WORKS CONCERN
WASHINGTON COUNTY SHERIFFS OFFICE,AFTON,9/9/2026 5:53:21 PM,WC26046236,"2XXX  NYBECK AVE S, AFTON",CIVIL MATTER/DISPUTE
WASHINGTON COUNTY SHERIFFS OFFICE,AFTON,9/10/2026 6:14:30 PM,WC26046448,"QUADRANT AVE S / 50TH ST S, AFTON",WELFARE CHECK
WASHINGTON COUNTY SHERIFFS OFFICE,AFTON,9/11/2026 2:38:05 PM,WC26046603,"2XXX  SAINT CROIX TRL S, AFTON",ANIMAL COMPLAINT
WASHINGTON COUNTY SHERIFFS OFFICE,AFTON,9/11/2026 5:50:20 PM,WC26046639,"2XXX  STAGECOACH TRL S, AFTON",MEDICAL
WASHINGTON COUNTY SHERIFFS OFFICE,AFTON,9/11/2026 5:57:07 PM,WC26046642,"MANNING AVE S NB OVER I94, AFTON",WELFARE CHECK
WASHINGTON COUNTY SHERIFFS OFFICE,AFTON,9/11/2026 9:50:58 PM,WC26046669,"XXX MILL BAY S, AFTON",WELFARE CHECK
WASHINGTON COUNTY SHERIFFS OFFICE,AFTON,9/12/2026 3:16:31 PM,WC26046769,"4XXX  NEAL AVE S, AFTON",FIRE
WASHINGTON COUNTY SHERIFFS OFFICE,AFTON,9/12/2026 3:18:11 PM,WC26046767,"SAINT CROIX TRL S / AFTON BLVD S, AFTON",DIRECTED PATROL
WASHINGTON COUNTY SHERIFFS OFFICE,AFTON,9/12/2026 4:23:00 PM,WC26046783,"14XXX  HUDSON RD S, AFTON",TRAFFIC STOP
WASHINGTON COUNTY SHERIFFS OFFICE,AFTON,9/12/2026 5:59:20 PM,WC26046803,"3XXX  PASTURE RIDGE RD S, AFTON",TRAFFIC COMPLAINT
WASHINGTON COUNTY SHERIFFS OFFICE,AFTON,9/12/2026 6:20:00 PM,WC26046807,"3XXX  - 4499 SAINT CROIX TRL S, AFTON",TRAFFIC STOP
WASHINGTON COUNTY SHERIFFS OFFICE,AFTON,9/12/2026 6:22:57 PM,WC26046808,"STAGECOACH TRL S / VALLEY CREEK TRL S, AFTON",MEDICAL
WASHINGTON COUNTY SHERIFFS OFFICE,AFTON,9/12/2026 6:22:57 PM,WC26046815,"STAGECOACH TRL S / VALLEY CREEK TRL S, AFTON",ACCIDENT
WASHINGTON COUNTY SHERIFFS OFFICE,BAYPORT,9/7/2026 2:30:14 PM,WC26045812,"XX CENTRAL AVE, BAYPORT",PROPERTY DAMAGE
WASHINGTON COUNTY SHERIFFS OFFICE,BAYTOWN TOWNSHIP,9/6/2026 6:51:00 AM,WC26045593,"STILLWATER BLVD N / MANNING AVE N, BAYTOWN TOWNSHIP",ACCIDENT
WASHINGTON COUNTY SHERIFFS OFFICE,BAYTOWN TOWNSHIP,9/8/2026 11:51:30 AM,WC26045964,"STAGECOACH TRL N / 47TH ST N, BAYTOWN TOWNSHIP",911 ABANDONED/HANGUP/OPEN LINE
WASHINGTON COUNTY SHERIFFS OFFICE,BAYTOWN TOWNSHIP,9/8/2026 3:19:43 PM,WC26046005,"4XXX  STAGECOACH TRL N, BAYTOWN TOWNSHIP",DISTURBANCE
WASHINGTON COUNTY SHERIFFS OFFICE,BAYTOWN TOWNSHIP,9/8/2026 6:21:40 PM,WC26046037,"5XXX  MONARDA AVE N, BAYTOWN TOWNSHIP",911 ABANDONED/HANGUP/OPEN LINE
WASHINGTON COUNTY SHERIFFS OFFICE,BAYTOWN TOWNSHIP,9/9/2026 8:12:09 AM,WC26046136,"STAGECOACH TRL N / INSPIRATION PKWY S, BAYTOWN TOWNSHIP",ACCIDENT
WASHINGTON COUNTY SHERIFFS OFFICE,BAYTOWN TOWNSHIP,9/9/2026 9:13:24 AM,WC26046150,"4XXX  STAGECOACH TRL N, BAYTOWN TOWNSHIP",ALARM-BUSINESS/RES/FIRE/MEDICAL/ETC
WASHINGTON COUNTY SHERIFFS OFFICE,BAYTOWN TOWNSHIP,9/9/2026 4:26:12 PM,WC26046228,"14XXX  30TH ST N, BAYTOWN TOWNSHIP",ROAD HAZARD
WASHINGTON COUNTY SHERIFFS OFFICE,BAYTOWN TOWNSHIP,9/10/2026 5:41:28 AM,WC26046321,"4XXX  MCDONALD DR N, BAYTOWN TOWNSHIP",911 ABANDONED/HANGUP/OPEN LINE
WASHINGTON COUNTY SHERIFFS OFFICE,BAYTOWN TOWNSHIP,9/11/2026 4:19:41 PM,WC26046619,"4XXX  STAGECOACH TRL N, BAYTOWN TOWNSHIP",911 ABANDONED/HANGUP/OPEN LINE
WASHINGTON COUNTY SHERIFFS OFFICE,BAYTOWN TOWNSHIP,9/12/2026 11:49:42 AM,WC26046755,"STAGECOACH TRL N / 47TH ST N, BAYTOWN TOWNSHIP",DRIVING COMPLAINT
WASHINGTON COUNTY SHERIFFS OFFICE,BAYTOWN TOWNSHIP,9/12/2026 7:45:53 PM,WC26046819,"4XXX  OGDEN TRAIL LN N, BAYTOWN TOWNSHIP",MEDICAL
WASHINGTON COUNTY SHERIFFS OFFICE,BAYTOWN TOWNSHIP,9/12/2026 7:56:03 PM,WC26046822,"4XXX  NORTHBROOK BLVD N, BAYTOWN TOWNSHIP",ANIMAL COMPLAINT
WASHINGTON COUNTY SHERIFFS OFFICE,BIRCHWOOD,9/6/2026 8:44:58 PM,WC26045696,"XX OAKHILL CT, BIRCHWOOD",INCIDENT
WASHINGTON COUNTY SHERIFFS OFFICE,BIRCHWOOD,9/7/2026 5:42:08 PM,WC26045840,"3XXX  EAST COUNTY LINE RD, BIRCHWOOD",OFFICER INFORMATION
WASHINGTON COUNTY SHERIFFS OFFICE,BIRCHWOOD,9/10/2026 2:11:42 PM,WC26046404,"Unknown, BIRCHWOOD",OFFICER INFORMATION
WASHINGTON COUNTY SHERIFFS OFFICE,COTTAGE GROVE,9/6/2026 12:40:26 AM,WC26045570,"8XXX  EAST POINT DOUGLAS RD S, COTTAGE GROVE",CITIZEN/PUBLIC ASSIST
WASHINGTON COUNTY SHERIFFS OFFICE,COTTAGE GROVE,9/6/2026 2:23:41 AM,WC26045578,"11XXX  - 11933 Highway 61, COTTAGE GROVE",ASSIST OTHER AGENCY
WASHINGTON COUNTY SHERIFFS OFFICE,COTTAGE GROVE,9/8/2026 7:43:22 AM,WC26045910,"HWY 61 NB JSO 70TH ST S, COTTAGE GROVE",ACCIDENT
WASHINGTON COUNTY SHERIFFS OFFICE,COTTAGE GROVE,9/8/2026 8:27:40 AM,WC26045921,"HWY 61 NB AT EAST POINT DOUGLAS RD S (NORTH), COTTAGE GROVE",ABANDONED VEHICLE
WASHINGTON COUNTY SHERIFFS OFFICE,COTTAGE GROVE,9/8/2026 7:29:46 PM,WC26046048,"6XXX  EAST POINT DOUGLAS RD S, COTTAGE GROVE",ASSIST OTHER AGENCY
WASHINGTON COUNTY SHERIFFS OFFICE,COTTAGE GROVE,9/9/2026 10:15:00 PM,WC26046282,"70TH ST S / GOODVIEW AVE S, COTTAGE GROVE",TRAFFIC STOP
WASHINGTON COUNTY SHERIFFS OFFICE,COTTAGE GROVE,9/11/2026 1:10:05 AM,WC26046495,"HWY 61 SB JSO SUMMIT AVE, COTTAGE GROVE",TRAFFIC STOP
WASHINGTON COUNTY SHERIFFS OFFICE,DELLWOOD,9/6/2026 1:19:00 PM,WC26045636,"XX DELLWOOD RD N, DELLWOOD",911 ABANDONED/HANGUP/OPEN LINE
WASHINGTON COUNTY SHERIFFS OFFICE,DELLWOOD,9/10/2026 12:54:02 PM,WC26046393,"XX DELLWOOD AVE, DELLWOOD",VEHICLE UNLOCK
WASHINGTON COUNTY SHERIFFS OFFICE,DENMARK TOWNSHIP,9/6/2026 4:22:42 PM,WC26045654,"90TH ST S / SAINT CROIX TRL S, DENMARK TOWNSHIP",VEHICLE OFF ROAD
WASHINGTON COUNTY SHERIFFS OFFICE,DENMARK TOWNSHIP,9/7/2026 7:11:19 AM,WC26045759,"XX HWY 61 NB AT MANNING AVE S, DENMARK TOWNSHIP",SUSPICIOUS PERSON/ACTIVITY
WASHINGTON COUNTY SHERIFFS OFFICE,DENMARK TOWNSHIP,9/7/2026 5:49:07 PM,WC26045844,"12XXX  POINT DOUGLAS DR S, DENMARK TOWNSHIP",SUSPICIOUS PERSON/ACTIVITY
WASHINGTON COUNTY SHERIFFS OFFICE,DENMARK TOWNSHIP,9/7/2026 6:25:44 PM,WC26045848,"14XXX  POINT DOUGLAS DR S, DENMARK TOWNSHIP",ANIMAL BITE
WASHINGTON COUNTY SHERIFFS OFFICE,DENMARK TOWNSHIP,9/8/2026 12:38:14 AM,WC26045885,"14XXX  65TH ST S, DENMARK TOWNSHIP",CIVIL MATTER/DISPUTE
WASHINGTON COUNTY SHERIFFS OFFICE,DENMARK TOWNSHIP,9/8/2026 12:08:34 PM,WC26045969,"12XXX  SAINT CROIX TRL S, DENMARK TOWNSHIP",911 ABANDONED/HANGUP/OPEN LINE
WASHINGTON COUNTY SHERIFFS OFFICE,DENMARK TOWNSHIP,9/8/2026 2:05:22 PM,WC26045988,"MANNING AVE S / 80TH ST S, DENMARK TOWNSHIP",ASSIST OTHER AGENCY
WASHINGTON COUNTY SHERIFFS OFFICE,DENMARK TOWNSHIP,9/8/2026 2:30:01 PM,WC26045996,"12XXX  MARGO AVE S, DENMARK TOWNSHIP",911 ABANDONED/HANGUP/OPEN LINE
WASHINGTON COUNTY SHERIFFS OFFICE,DENMARK TOWNSHIP,9/8/2026 5:43:35 PM,WC26046030,"HWY 10 AT POINT DOUGLAS DR S, DENMARK TOWNSHIP",OFFICER INFORMATION
WASHINGTON COUNTY SHERIFFS OFFICE,DENMARK TOWNSHIP,9/8/2026 6:52:32 PM,WC26046045,"HWY 61 NB AT HWY 10, DENMARK TOWNSHIP",911 ABANDONED/HANGUP/OPEN LINE
WASHINGTON COUNTY SHERIFFS OFFICE,DENMARK TOWNSHIP,9/8/2026 7:56:10 PM,WC26046051,"7XXX  QUADRANT AVE S, DENMARK TOWNSHIP",ALARM-BUSINESS/RES/FIRE/MEDICAL/ETC
WASHINGTON COUNTY SHERIFFS OFFICE,DENMARK TOWNSHIP,9/10/2026 3:40:26 PM,WC26046415,"14XXX  - 14999 102ND ST S, DENMARK TOWNSHIP",PARK INCIDENT-CITY/COUNTY
WASHINGTON COUNTY SHERIFFS OFFICE,DENMARK TOWNSHIP,9/10/2026 3:47:12 PM,WC26046419,"12XXX  POINT DOUGLAS DR S, DENMARK TOWNSHIP",ACCIDENT
WASHINGTON COUNTY SHERIFFS OFFICE,DENMARK TOWNSHIP,9/11/2026 2:01:13 PM,WC26046602,"HWY 10 BRIDGE (PRESCOTT): HWY 10 EB - MN, DENMARK TOWNSHIP",SUSPICIOUS PERSON/ACTIVITY
WASHINGTON COUNTY SHERIFFS OFFICE,DENMARK TOWNSHIP,9/11/2026 2:53:02 PM,WC26046604,"12XXX  MARGO AVE S, DENMARK TOWNSHIP",FRAUD/SCAM
WASHINGTON COUNTY SHERIFFS OFFICE,DENMARK TOWNSHIP,9/11/2026 4:11:00 PM,WC26046614,"MANNING AVE S / 100TH ST S, DENMARK TOWNSHIP",TRAFFIC STOP
WASHINGTON COUNTY SHERIFFS OFFICE,DENMARK TOWNSHIP,9/12/2026 8:00:45 AM,WC26046730,"12XXX  POINT DOUGLAS DR S, DENMARK TOWNSHIP",HUNTING COMPLAINT
WASHINGTON COUNTY SHERIFFS OFFICE,DENMARK TOWNSHIP,9/12/2026 5:47:00 PM,WC26046799,"70TH ST S / OAKGREEN AVE S, DENMARK TOWNSHIP",TRAFFIC STOP
WASHINGTON COUNTY SHERIFFS OFFICE,FOREST LAKE,9/8/2026 5:53:44 PM,WC26046033,"XXX 1ST AVE SW, FOREST LAKE",FOLLOW UP
WASHINGTON COUNTY SHERIFFS OFFICE,GRANT,9/6/2026 10:03:15 AM,WC26045603,"KEATS AVE N / 60TH ST N, GRANT",WELFARE CHECK
WASHINGTON COUNTY SHERIFFS OFFICE,GRANT,9/7/2026 12:45:00 PM,WC26045791,"8XXX  DELLWOOD ROAD CT N, GRANT",ALARM-BUSINESS/RES/FIRE/MEDICAL/ETC
WASHINGTON COUNTY SHERIFFS OFFICE,GRANT,9/7/2026 11:36:51 PM,WC26045872,"6XXX  JASMINE AVE N, GRANT",ALARM-BUSINESS/RES/FIRE/MEDICAL/ETC
WASHINGTON COUNTY SHERIFFS OFFICE,GRANT,9/8/2026 3:49:23 PM,WC26046010,"10XXX  118TH ST N, GRANT",JUVENILE COMPLAINT
WASHINGTON COUNTY SHERIFFS OFFICE,GRANT,9/9/2026 7:39:58 AM,WC26046131,"10XXX  - 11498 MANNING TRL N, GRANT",DIRECTED PATROL
WASHINGTON COUNTY SHERIFFS OFFICE,GRANT,9/9/2026 9:01:03 AM,WC26046147,"7XXX  KESWICK CT N, GRANT",911 ABANDONED/HANGUP/OPEN LINE
WASHINGTON COUNTY SHERIFFS OFFICE,GRANT,9/9/2026 10:50:20 AM,WC26046175,"75TH ST N / JOCELYN RD N, GRANT",ANIMAL COMPLAINT
WASHINGTON COUNTY SHERIFFS OFFICE,GRANT,9/9/2026 11:00:22 AM,WC26046176,"75TH ST S / INWOOD AVE S, GRANT",ROAD HAZARD
WASHINGTON COUNTY SHERIFFS OFFICE,GRANT,9/9/2026 1:32:24 PM,WC26046200,"7XXX  JOCELYN RD N, GRANT",CIVIL MATTER/DISPUTE
WASHINGTON COUNTY SHERIFFS OFFICE,GRANT,9/9/2026 1:50:57 PM,WC26046206,"8XXX  75TH ST N, GRANT",911 ABANDONED/HANGUP/OPEN LINE
WASHINGTON COUNTY SHERIFFS OFFICE,GRANT,9/9/2026 3:33:00 PM,WC26046223,"8XXX  KIMBRO LN N, GRANT",VEHICLE UNLOCK
WASHINGTON COUNTY SHERIFFS OFFICE,GRANT,9/9/2026 6:32:03 PM,WC26046241,"119TH ST N / KEYSTONE AVE N, GRANT",ACCIDENT
WASHINGTON COUNTY SHERIFFS OFFICE,GRANT,9/9/2026 6:50:36 PM,WC26046243,"MANNING AVE N / 75TH ST N, GRANT",ANIMAL COMPLAINT
WASHINGTON COUNTY SHERIFFS OFFICE,GRANT,9/9/2026 9:08:20 PM,WC26046271,"6XXX  INWOOD CT N, GRANT",CITIZEN/PUBLIC ASSIST
WASHINGTON COUNTY SHERIFFS OFFICE,GRANT,9/9/2026 10:55:19 PM,WC26046288,"9XXX  68TH CT N, GRANT",ANIMAL COMPLAINT
WASHINGTON COUNTY SHERIFFS OFFICE,GRANT,9/10/2026 7:59:00 AM,WC26046328,"8XXX  - 8998 60TH ST N, GRANT",TRAFFIC STOP
WASHINGTON COUNTY SHERIFFS OFFICE,GRANT,9/11/2026 8:41:51 AM,WC26046521,"6XXX  117TH ST N, GRANT",FIRE
WASHINGTON COUNTY SHERIFFS OFFICE,GRANT,9/11/2026 11:21:23 AM,WC26046577,"9XXX  68TH CT N, GRANT",OFFICER INFORMATION
WASHINGTON COUNTY SHERIFFS OFFICE,GRANT,9/11/2026 12:59:37 PM,WC26046585,"8XXX  75TH ST N, GRANT",CITIZEN/PUBLIC ASSIST
WASHINGTON COUNTY SHERIFFS OFFICE,GRANT,9/11/2026 1:50:29 PM,WC26046595,"10XXX  83RD ST N, GRANT",SUSPICIOUS PERSON/ACTIVITY
WASHINGTON COUNTY SHERIFFS OFFICE,GRANT,9/11/2026 5:37:24 PM,WC26046633,"11XXX  GRENELEFE AVE N, GRANT",911 ABANDONED/HANGUP/OPEN LINE
WASHINGTON COUNTY SHERIFFS OFFICE,GRANT,9/12/2026 7:24:19 AM,WC26046726,"8XXX  75TH ST N, GRANT",ALARM-BUSINESS/RES/FIRE/MEDICAL/ETC
WASHINGTON COUNTY SHERIFFS OFFICE,GRANT,9/12/2026 8:38:44 AM,WC26046734,"8XXX  JAMACA AVE N, GRANT",FRAUD/SCAM
WASHINGTON COUNTY SHERIFFS OFFICE,GRANT,9/12/2026 4:44:54 PM,WC26046786,"6XXX  MANNING AVE N, GRANT",MEDICAL
WASHINGTON COUNTY SHERIFFS OFFICE,GRANT,9/12/2026 7:56:42 PM,WC26046823,"DELLWOOD RD N / IVY AVE N, GRANT",ACCIDENT
WASHINGTON COUNTY SHERIFFS OFFICE,GRANT,9/12/2026 8:25:24 PM,WC26046831,"6XXX  KEATS AVE N, GRANT",MEDICAL
WASHINGTON COUNTY SHERIFFS OFFICE,HUGO,9/6/2026 12:44:07 AM,WC26045572,"4XXX  158TH ST N, HUGO",DISTURBANCE
WASHINGTON COUNTY SHERIFFS OFFICE,HUGO,9/6/2026 10:39:06 AM,WC26045608,"14XXX  VICTOR HUGO BLVD N, HUGO",MEDICAL
WASHINGTON COUNTY SHERIFFS OFFICE,HUGO,9/6/2026 1:41:42 PM,WC26045621,"5XXX  159TH ST N, HUGO",OPEN DOOR/WINDOW
WASHINGTON COUNTY SHERIFFS OFFICE,HUGO,9/6/2026 4:09:44 PM,WC26045652,"15XXX  GOODVIEW AVE N, HUGO",SUSPICIOUS PERSON/ACTIVITY
WASHINGTON COUNTY SHERIFFS OFFICE,HUGO,9/6/2026 6:15:43 PM,WC26045673,"4XXX  HERITAGE PKWY N, HUGO",SUSPICIOUS PERSON/ACTIVITY
WASHINGTON COUNTY SHERIFFS OFFICE,HUGO,9/6/2026 7:55:43 PM,WC26045688,"14XXX  VICTOR HUGO BLVD N, HUGO",SUSPICIOUS PERSON/ACTIVITY
WASHINGTON COUNTY SHERIFFS OFFICE,HUGO,9/6/2026 8:07:25 PM,WC26045691,"FRENCHMAN RD / VICTOR HUGO BLVD N, HUGO",911 ABANDONED/HANGUP/OPEN LINE
WASHINGTON COUNTY SHERIFFS OFFICE,HUGO,9/6/2026 11:22:04 PM,WC26045720,"13XXX  EUROPA TRAIL WAY N, HUGO",MEDICAL
WASHINGTON COUNTY SHERIFFS OFFICE,HUGO,9/6/2026 11:31:55 PM,WC26045723,"15XXX  EVERTON AVE N, HUGO",HARASSMENT
WASHINGTON COUNTY SHERIFFS OFFICE,HUGO,9/7/2026 1:50:08 AM,WC26045737,"5XXX  127TH ST N, HUGO",SUICIDE ATTEMPT/THREATS OF
WASHINGTON COUNTY SHERIFFS OFFICE,HUGO,9/7/2026 5:02:14 PM,WC26045834,"EMPRESS AVE N / HERITAGE PKWY N, HUGO",911 ABANDONED/HANGUP/OPEN LINE
WASHINGTON COUNTY SHERIFFS OFFICE,HUGO,9/7/2026 5:39:03 PM,WC26045837,"16XXX  FINALE AVE N, HUGO",FOLLOW UP
WASHINGTON COUNTY SHERIFFS OFFICE,HUGO,9/7/2026 9:04:38 PM,WC26045860,"15XXX  FOSTER DR N, HUGO",MEDICAL
WASHINGTON COUNTY SHERIFFS OFFICE,HUGO,9/7/2026 9:27:45 PM,WC26045863,"15XXX  EVERTON AVE N, HUGO",FOLLOW UP
WASHINGTON COUNTY SHERIFFS OFFICE,HUGO,9/7/2026 10:23:56 PM,WC26045867,"12XXX  FIONA RD N, HUGO",MEDICAL
WASHINGTON COUNTY SHERIFFS OFFICE,HUGO,9/8/2026 12:05:18 AM,WC26045880,"5XXX  127TH ST N, HUGO",SUSPICIOUS PERSON/ACTIVITY
WASHINGTON COUNTY SHERIFFS OFFICE,HUGO,9/8/2026 12:46:07 AM,WC26045886,"16XXX  FOREST BLVD N, HUGO",SUSPICIOUS PERSON/ACTIVITY
WASHINGTON COUNTY SHERIFFS OFFICE,HUGO,9/8/2026 5:22:20 AM,WC26045902,"16XXX  FOREST BLVD N, HUGO",911 ABANDONED/HANGUP/OPEN LINE
WASHINGTON COUNTY SHERIFFS OFFICE,HUGO,9/8/2026 8:17:13 AM,WC26045916,"13XXX  GENEVA AVE N, HUGO",911 ABANDONED/HANGUP/OPEN LINE
WASHINGTON COUNTY SHERIFFS OFFICE,HUGO,9/8/2026 11:54:24 AM,WC26045965,"4XXX  VICTOR PATH N, HUGO",911 ABANDONED/HANGUP/OPEN LINE
WASHINGTON COUNTY SHERIFFS OFFICE,HUGO,9/8/2026 11:58:38 AM,WC26045968,"14XXX  FITZGERALD AVE N, HUGO",FOLLOW UP
WASHINGTON COUNTY SHERIFFS OFFICE,HUGO,9/8/2026 12:12:48 PM,WC26045971,"14XXX  FOREST BLVD N, HUGO",MEDICAL
WASHINGTON COUNTY SHERIFFS OFFICE,HUGO,9/8/2026 12:57:07 PM,WC26045982,"Unknown, HUGO",ANIMAL BITE
WASHINGTON COUNTY SHERIFFS OFFICE,HUGO,9/8/2026 1:04:26 PM,WC26045984,"14XXX  FENWAY AVE N, HUGO",VEHICLE OFF ROAD
WASHINGTON COUNTY SHERIFFS OFFICE,HUGO,9/8/2026 2:52:10 PM,WC26045995,"4XXX  162ND ST N, HUGO",FOUND PERSON
WASHINGTON COUNTY SHERIFFS OFFICE,HUGO,9/8/2026 4:18:17 PM,WC26046016,"5XXX  157TH ST N, HUGO",PARKING COMPLAINT
WASHINGTON COUNTY SHERIFFS OFFICE,HUGO,9/8/2026 4:26:34 PM,WC26046018,"Unknown, HUGO",FOLLOW UP
WASHINGTON COUNTY SHERIFFS OFFICE,HUGO,9/8/2026 5:08:00 PM,WC26046022,"ONEKA PKWY N / PRAIRIE TRL N, HUGO",TRAFFIC STOP
WASHINGTON COUNTY SHERIFFS OFFICE,HUGO,9/8/2026 7:38:45 PM,WC26046049,"4XXX  162ND WAY N, HUGO",MEDICAL
WASHINGTON COUNTY SHERIFFS OFFICE,HUGO,9/8/2026 9:14:00 PM,WC26046064,"ELMCREST AVE N / 24TH AVE, HUGO",TRAFFIC STOP
WASHINGTON COUNTY SHERIFFS OFFICE,HUGO,9/8/2026 10:24:00 PM,WC26046082,"IRISH AVE N / 147TH ST N, HUGO",TRAFFIC STOP
WASHINGTON COUNTY SHERIFFS OFFICE,HUGO,9/9/2026 10:37:19 AM,WC26046174,"14XXX  VICTOR HUGO BLVD N, HUGO",CITIZEN/PUBLIC ASSIST
WASHINGTON COUNTY SHERIFFS OFFICE,HUGO,9/9/2026 11:21:27 AM,WC26046181,"14XXX  FOREST BLVD N, HUGO",FRAUD/SCAM
WASHINGTON COUNTY SHERIFFS OFFICE,HUGO,9/9/2026 12:36:34 PM,WC26046190,"Unknown, HUGO",CITIZEN/PUBLIC ASSIST
WASHINGTON COUNTY SHERIFFS OFFICE,HUGO,9/9/2026 1:00:59 PM,WC26046192,"Unknown, HUGO",CITIZEN/PUBLIC ASSIST
WASHINGTON COUNTY SHERIFFS OFFICE,HUGO,9/9/2026 1:17:25 PM,WC26046198,"13XXX  EUROPA CT N, HUGO",CITIZEN/PUBLIC ASSIST
WASHINGTON COUNTY SHERIFFS OFFICE,HUGO,9/9/2026 2:48:01 PM,WC26046213,"ROSEMARY WAY N / ELMCREST AVE N, HUGO",ACCIDENT
WASHINGTON COUNTY SHERIFFS OFFICE,HUGO,9/9/2026 4:44:29 PM,WC26046229,"14XXX  VICTOR HUGO BLVD N, HUGO",ACCIDENT
WASHINGTON COUNTY SHERIFFS OFFICE,HUGO,9/9/2026 5:19:43 PM,WC26046233,"5XXX  150TH ST N, HUGO",MEDICAL
WASHINGTON COUNTY SHERIFFS OFFICE,HUGO,9/9/2026 5:50:40 PM,WC26046237,"13XXX  HOMESTEAD AVE N, HUGO",FRAUD/SCAM
WASHINGTON COUNTY SHERIFFS OFFICE,HUGO,9/9/2026 7:04:40 PM,WC26046246,"14XXX  VICTOR HUGO BLVD N, HUGO",TRESPASSING
WASHINGTON COUNTY SHERIFFS OFFICE,HUGO,9/9/2026 9:20:00 PM,WC26046272,"FRENCHMAN RD / FOREST BLVD N, HUGO",TRAFFIC STOP
WASHINGTON COUNTY SHERIFFS OFFICE,HUGO,9/10/2026 8:22:25 AM,WC26046332,"5XXX  141ST ST N, HUGO",MEDICAL
WASHINGTON COUNTY SHERIFFS OFFICE,HUGO,9/10/2026 12:26:48 PM,WC26046386,"Unknown, HUGO",THEFT
WASHINGTON COUNTY SHERIFFS OFFICE,HUGO,9/10/2026 2:47:30 PM,WC26046406,"4XXX  EMMIT DR N, HUGO",MEDICAL
WASHINGTON COUNTY SHERIFFS OFFICE,HUGO,9/10/2026 4:16:59 PM,WC26046422,"FOREST BLVD N, HUGO",TRAFFIC STOP
WASHINGTON COUNTY SHERIFFS OFFICE,HUGO,9/10/2026 4:28:54 PM,WC26046424,"4XXX  165TH ST N, HUGO",CIVIL MATTER/DISPUTE
WASHINGTON COUNTY SHERIFFS OFFICE,HUGO,9/10/2026 4:31:07 PM,WC26046425,"6XXX  147TH ST N, HUGO",ACCIDENT
WASHINGTON COUNTY SHERIFFS OFFICE,HUGO,9/10/2026 6:06:21 PM,WC26046445,"5XXX  157TH ST N, HUGO",CIVIL MATTER/DISPUTE
WASHINGTON COUNTY SHERIFFS OFFICE,HUGO,9/10/2026 6:32:16 PM,WC26046451,"FOREST BLVD N / 159TH ST N, HUGO",TRAFFIC STOP
WASHINGTON COUNTY SHERIFFS OFFICE,HUGO,9/10/2026 6:47:47 PM,WC26046454,"FOREST BLVD N / FRENCHMAN RD, HUGO",DWI
WASHINGTON COUNTY SHERIFFS OFFICE,HUGO,9/11/2026 12:00:00 AM,WC26046632,"14XXX  VICTOR HUGO BLVD N, HUGO",DRIVING COMPLAINT
WASHINGTON COUNTY SHERIFFS OFFICE,HUGO,9/11/2026 6:40:12 AM,WC26046514,"ONEKA LAKE, HUGO",DISTURBANCE
WASHINGTON COUNTY SHERIFFS OFFICE,HUGO,9/11/2026 10:08:50 AM,WC26046565,"12XXX  HOMESTEAD DR N, HUGO",MEDICAL
WASHINGTON COUNTY SHERIFFS OFFICE,HUGO,9/11/2026 3:56:03 PM,WC26046613,"15XXX  EVERTON AVE N, HUGO",DISTURBANCE
WASHINGTON COUNTY SHERIFFS OFFICE,HUGO,9/11/2026 3:58:58 PM,WC26046612,"15XXX  FOREST BLVD N, HUGO",911 ABANDONED/HANGUP/OPEN LINE
WASHINGTON COUNTY SHERIFFS OFFICE,HUGO,9/11/2026 4:07:25 PM,WC26046615,"15XXX  FOREST BLVD N, HUGO",MEDICAL
WASHINGTON COUNTY SHERIFFS OFFICE,HUGO,9/11/2026 5:15:25 PM,WC26046630,"14XXX  FOREST BLVD N, HUGO",MEDICAL
WASHINGTON COUNTY SHERIFFS OFFICE,HUGO,9/11/2026 5:41:08 PM,WC26046636,"13XXX  GOODVIEW AVE N, HUGO",HARASSMENT
WASHINGTON COUNTY SHERIFFS OFFICE,HUGO,9/11/2026 8:05:00 PM,WC26046655,"5XXX  138TH ST N, HUGO",ORDINANCE VIOLATION
WASHINGTON COUNTY SHERIFFS OFFICE,HUGO,9/11/2026 9:57:13 PM,WC26046671,"5XXX  EGG LAKE RD N, HUGO",ACCIDENT
WASHINGTON COUNTY SHERIFFS OFFICE,HUGO,9/12/2026 12:16:52 AM,WC26046696,"4XXX  VICTOR PATH N, HUGO",MEDICAL
WASHINGTON COUNTY SHERIFFS OFFICE,HUGO,9/12/2026 3:12:48 AM,WC26046714,"5XXX  149TH ST N, HUGO",SUICIDE ATTEMPT/THREATS OF
WASHINGTON COUNTY SHERIFFS OFFICE,HUGO,9/12/2026 9:36:25 AM,WC26046740,"4XXX  ELM DR N, HUGO",WELFARE CHECK
WASHINGTON COUNTY SHERIFFS OFFICE,HUGO,9/12/2026 10:26:57 AM,WC26046746,"5XXX  130TH WAY N, HUGO",911 ABANDONED/HANGUP/OPEN LINE
WASHINGTON COUNTY SHERIFFS OFFICE,HUGO,9/12/2026 10:39:57 AM,WC26046748,"122ND ST N / 125TH ST N, HUGO",DRIVING COMPLAINT
WASHINGTON COUNTY SHERIFFS OFFICE,HUGO,9/12/2026 12:50:22 PM,WC26046757,"4XXX  EMPRESS DR N, HUGO",WELFARE CHECK
WASHINGTON COUNTY SHERIFFS OFFICE,HUGO,9/12/2026 6:19:39 PM,WC26046809,"14XXX  GENEVA WAY N, HUGO",SUSPICIOUS PERSON/ACTIVITY
WASHINGTON COUNTY SHERIFFS OFFICE,HUGO,9/12/2026 6:28:00 PM,WC26046945,"Unknown, HUGO",OFFICER INFORMATION
WASHINGTON COUNTY SHERIFFS OFFICE,HUGO,9/12/2026 9:20:00 PM,WC26046832,"FOREST BLVD N / FRENCHMAN RD, HUGO",TRAFFIC STOP
WASHINGTON COUNTY SHERIFFS OFFICE,HUGO,9/12/2026 11:27:00 PM,WC26046846,"FOREST BLVD N / 140TH ST N, HUGO",TRAFFIC STOP
WASHINGTON COUNTY SHERIFFS OFFICE,LAKE ELMO,9/6/2026 12:37:09 AM,WC26045571,"STILLWATER BLVD N / 40TH ST N, LAKE ELMO",ALARM-BUSINESS/RES/FIRE/MEDICAL/ETC
WASHINGTON COUNTY SHERIFFS OFFICE,LAKE ELMO,9/6/2026 3:07:29 AM,WC26045586,"8XXX  EAGLE POINT BLVD, LAKE ELMO",SUSPICIOUS PERSON/ACTIVITY
WASHINGTON COUNTY SHERIFFS OFFICE,LAKE ELMO,9/6/2026 5:48:19 AM,WC26045591,"9XXX  4TH ST N, LAKE ELMO",911 ABANDONED/HANGUP/OPEN LINE
WASHINGTON COUNTY SHERIFFS OFFICE,LAKE ELMO,9/6/2026 10:13:21 AM,WC26045604,"9XXX  53RD ST N, LAKE ELMO",911 ABANDONED/HANGUP/OPEN LINE
WASHINGTON COUNTY SHERIFFS OFFICE,LAKE ELMO,9/6/2026 10:49:10 AM,WC26045610,"8XXX  LAKE JANE TRL N, LAKE ELMO",MEDICAL
WASHINGTON COUNTY SHERIFFS OFFICE,LAKE ELMO,9/6/2026 11:33:02 AM,WC26045613,"XXX JULEP AVE N, LAKE ELMO",911 ABANDONED/HANGUP/OPEN LINE
WASHINGTON COUNTY SHERIFFS OFFICE,LAKE ELMO,9/6/2026 4:22:04 PM,WC26045655,"3XXX  LAVERNE AVE N, LAKE ELMO",FOLLOW UP
WASHINGTON COUNTY SHERIFFS OFFICE,LAKE ELMO,9/6/2026 5:10:45 PM,WC26045662,"4XXX  MONARCH CT N, LAKE ELMO",HRO VIOLATION
WASHINGTON COUNTY SHERIFFS OFFICE,LAKE ELMO,9/6/2026 5:40:24 PM,WC26045667,"11XXX  20TH ST N, LAKE ELMO",TRESPASSING
WASHINGTON COUNTY SHERIFFS OFFICE,LAKE ELMO,9/6/2026 5:48:18 PM,WC26045669,"XXX LAKE ELMO AVE N, LAKE ELMO",DRIVING COMPLAINT
WASHINGTON COUNTY SHERIFFS OFFICE,LAKE ELMO,9/6/2026 7:15:03 PM,WC26045681,"8XXX  LAKE JANE TRL N, LAKE ELMO",ORDINANCE VIOLATION
WASHINGTON COUNTY SHERIFFS OFFICE,LAKE ELMO,9/6/2026 7:50:03 PM,WC26045685,"8XXX  LAKE JANE TRL N, LAKE ELMO",FIREWORKS
WASHINGTON COUNTY SHERIFFS OFFICE,LAKE ELMO,9/6/2026 11:30:38 PM,WC26045721,"5XXX  MARQUESS TRL N, LAKE ELMO",DRUNK/INTOXICATED 
WASHINGTON COUNTY SHERIFFS OFFICE,LAKE ELMO,9/7/2026 7:20:33 AM,WC26045760,"9XXX  LOWER 8TH ST N, LAKE ELMO",911 ABANDONED/HANGUP/OPEN LINE
WASHINGTON COUNTY SHERIFFS OFFICE,LAKE ELMO,9/7/2026 7:32:39 AM,WC26045761,"XXX JULIA AVE N, LAKE ELMO",ALARM-BUSINESS/RES/FIRE/MEDICAL/ETC
WASHINGTON COUNTY SHERIFFS OFFICE,LAKE ELMO,9/7/2026 9:02:12 AM,WC26045763,"4XXX  MONARCH CT N, LAKE ELMO",FOLLOW UP
WASHINGTON COUNTY SHERIFFS OFFICE,LAKE ELMO,9/7/2026 10:14:00 AM,WC26045769,"LAKE ELMO AVE N / 20TH ST N, LAKE ELMO",TRAFFIC STOP
WASHINGTON COUNTY SHERIFFS OFFICE,LAKE ELMO,9/7/2026 11:24:54 AM,WC26045777,"1XXX  KEATS AVE N, LAKE ELMO",PARKING COMPLAINT
WASHINGTON COUNTY SHERIFFS OFFICE,LAKE ELMO,9/7/2026 1:52:00 PM,WC26045799,"34th st n/Ideal Av N, LAKE ELMO",TRAFFIC STOP
WASHINGTON COUNTY SHERIFFS OFFICE,LAKE ELMO,9/7/2026 2:06:33 PM,WC26045802,"XXX CIMARRON, LAKE ELMO",DRIVING COMPLAINT
WASHINGTON COUNTY SHERIFFS OFFICE,LAKE ELMO,9/7/2026 3:54:00 PM,WC26045823,"HUDSON BLVD N / KEATS AVE N, LAKE ELMO",TRAFFIC STOP
WASHINGTON COUNTY SHERIFFS OFFICE,LAKE ELMO,9/7/2026 4:42:46 PM,WC26045832,"4XXX  STILLWATER WAY N, LAKE ELMO",HARASSMENT
WASHINGTON COUNTY SHERIFFS OFFICE,LAKE ELMO,9/7/2026 5:18:58 PM,WC26045836,"4XXX  STILLWATER WAY N, LAKE ELMO",FOLLOW UP
WASHINGTON COUNTY SHERIFFS OFFICE,LAKE ELMO,9/7/2026 6:52:16 PM,WC26045851,"XXX CIMARRON, LAKE ELMO",MEDICAL
WASHINGTON COUNTY SHERIFFS OFFICE,LAKE ELMO,9/7/2026 7:13:48 PM,WC26045854,"11XXX  UPPER 31ST ST N, LAKE ELMO",ANIMAL BITE
WASHINGTON COUNTY SHERIFFS OFFICE,LAKE ELMO,9/7/2026 7:32:45 PM,WC26045855,"HUDSON BLVD N / JULIA AVE N, LAKE ELMO",SUSPICIOUS PERSON/ACTIVITY
WASHINGTON COUNTY SHERIFFS OFFICE,LAKE ELMO,9/8/2026 8:31:25 AM,WC26045922,"XXX CIMARRON, LAKE ELMO",911 ABANDONED/HANGUP/OPEN LINE
WASHINGTON COUNTY SHERIFFS OFFICE,LAKE ELMO,9/8/2026 8:32:24 AM,WC26045926,"MANNING AVE N / 27TH ST N, LAKE ELMO",CITIZEN/PUBLIC ASSIST
WASHINGTON COUNTY SHERIFFS OFFICE,LAKE ELMO,9/8/2026 8:36:46 AM,WC26045924,"10XXX  10TH ST N, LAKE ELMO",SUSPICIOUS PERSON/ACTIVITY
WASHINGTON COUNTY SHERIFFS OFFICE,LAKE ELMO,9/8/2026 10:25:14 AM,WC26045942,"Unknown, LAKE ELMO",CITIZEN/PUBLIC ASSIST
WASHINGTON COUNTY SHERIFFS OFFICE,LAKE ELMO,9/8/2026 11:05:55 AM,WC26045957,"10TH ST N / LEEWARD AVE N, LAKE ELMO",FOUND PROPERTY/ITEM
WASHINGTON COUNTY SHERIFFS OFFICE,LAKE ELMO,9/8/2026 11:28:52 AM,WC26045960,"Unknown, LAKE ELMO",FOLLOW UP
WASHINGTON COUNTY SHERIFFS OFFICE,LAKE ELMO,9/8/2026 2:08:50 PM,WC26045991,"MANNING AVE N / 30TH ST N, LAKE ELMO",DRIVING COMPLAINT
WASHINGTON COUNTY SHERIFFS OFFICE,LAKE ELMO,9/8/2026 3:09:30 PM,WC26045999,"STILLWATER BLVD N / 31ST ST N, LAKE ELMO",DRIVING COMPLAINT
WASHINGTON COUNTY SHERIFFS OFFICE,LAKE ELMO,9/8/2026 3:56:08 PM,WC26046012,"8XXX  42ND ST N, LAKE ELMO",FOLLOW UP
WASHINGTON COUNTY SHERIFFS OFFICE,LAKE ELMO,9/8/2026 4:10:06 PM,WC26046015,"9XXX  STILLWATER BLVD N, LAKE ELMO",INCIDENT
WASHINGTON COUNTY SHERIFFS OFFICE,LAKE ELMO,9/8/2026 5:28:00 PM,WC26046024,"XXX JULEP AVE N, LAKE ELMO",WELFARE CHECK
WASHINGTON COUNTY SHERIFFS OFFICE,LAKE ELMO,9/8/2026 5:44:21 PM,WC26046043,"4XXX  JAMACA AVE N, LAKE ELMO",THEFT FROM MOTOR VEHICLE
WASHINGTON COUNTY SHERIFFS OFFICE,LAKE ELMO,9/8/2026 5:56:21 PM,WC26046034,"11XXX  UPPER 30TH ST N, LAKE ELMO",911 ABANDONED/HANGUP/OPEN LINE
WASHINGTON COUNTY SHERIFFS OFFICE,LAKE ELMO,9/8/2026 6:11:00 PM,WC26046036,"8XXX  HUDSON BLVD N, LAKE ELMO",SUSPICIOUS PERSON/ACTIVITY
WASHINGTON COUNTY SHERIFFS OFFICE,LAKE ELMO,9/9/2026 3:19:00 AM,WC26046118,"34TH ST N / IRIS AVE N, LAKE ELMO",TRAFFIC STOP
WASHINGTON COUNTY SHERIFFS OFFICE,LAKE ELMO,9/9/2026 3:59:00 AM,WC26046120,"Highway 36 & KEATS AVE N, LAKE ELMO",TRAFFIC STOP
WASHINGTON COUNTY SHERIFFS OFFICE,LAKE ELMO,9/9/2026 7:54:23 AM,WC26046135,"11XXX  HUDSON BLVD N, LAKE ELMO",THREATS
WASHINGTON COUNTY SHERIFFS OFFICE,LAKE ELMO,9/9/2026 11:03:15 AM,WC26046178,"MANNING AVE N TO HWY 36 EB RAMP, LAKE ELMO",ASSIST OTHER AGENCY
WASHINGTON COUNTY SHERIFFS OFFICE,LAKE ELMO,9/9/2026 12:08:15 PM,WC26046187,"3XXX  LAKE ELMO AVE N, LAKE ELMO",ACCIDENT
WASHINGTON COUNTY SHERIFFS OFFICE,LAKE ELMO,9/9/2026 2:51:33 PM,WC26046214,"XXX JULEP AVE N, LAKE ELMO",SUSPICIOUS PERSON/ACTIVITY
WASHINGTON COUNTY SHERIFFS OFFICE,LAKE ELMO,9/9/2026 3:11:04 PM,WC26046219,"11XXX  39TH ST N, LAKE ELMO",FRAUD/SCAM
WASHINGTON COUNTY SHERIFFS OFFICE,LAKE ELMO,9/9/2026 3:23:10 PM,WC26046220,"8XXX  HUDSON BLVD N, LAKE ELMO",FAMILY ASSIST
WASHINGTON COUNTY SHERIFFS OFFICE,LAKE ELMO,9/9/2026 3:27:54 PM,WC26046222,"XXX JEAN AVE N, LAKE ELMO",CITIZEN/PUBLIC ASSIST
WASHINGTON COUNTY SHERIFFS OFFICE,LAKE ELMO,9/9/2026 6:59:16 PM,WC26046245,"8XXX  LAKE JANE TRL N, LAKE ELMO",DIRECTED PATROL
WASHINGTON COUNTY SHERIFFS OFFICE,LAKE ELMO,9/9/2026 7:13:23 PM,WC26046248,"STILLWATER BLVD N / LAKE ELMO AVE N, LAKE ELMO",ANIMAL COMPLAINT
WASHINGTON COUNTY SHERIFFS OFFICE,LAKE ELMO,9/10/2026 7:15:14 AM,WC26046325,"XXX CIMARRON, LAKE ELMO",HARASSMENT
WASHINGTON COUNTY SHERIFFS OFFICE,LAKE ELMO,9/10/2026 8:20:49 AM,WC26046331,"XXX IVYWOOD CIR N, LAKE ELMO",MEDICAL
WASHINGTON COUNTY SHERIFFS OFFICE,LAKE ELMO,9/10/2026 8:58:17 AM,WC26046357,"11XXX  - 11999 HUDSON BLVD N, LAKE ELMO",K9 ASSIST
WASHINGTON COUNTY SHERIFFS OFFICE,LAKE ELMO,9/10/2026 9:15:28 AM,WC26046359,"5XXX  STILLWATER BLVD N, LAKE ELMO",MEDICAL
WASHINGTON COUNTY SHERIFFS OFFICE,LAKE ELMO,9/10/2026 10:04:10 AM,WC26046364,"10XXX  32ND ST N, LAKE ELMO",MEDICAL
WASHINGTON COUNTY SHERIFFS OFFICE,LAKE ELMO,9/10/2026 10:30:43 AM,WC26046369,"8XXX  HUDSON BLVD N, LAKE ELMO",FOUND PERSON
WASHINGTON COUNTY SHERIFFS OFFICE,LAKE ELMO,9/10/2026 10:50:21 AM,WC26046374,"8XXX  DEER POND CT N, LAKE ELMO",ACCIDENT
WASHINGTON COUNTY SHERIFFS OFFICE,LAKE ELMO,9/10/2026 2:18:46 PM,WC26046403,"4XXX  IRISH CT N, LAKE ELMO",CITIZEN/PUBLIC ASSIST
WASHINGTON COUNTY SHERIFFS OFFICE,LAKE ELMO,9/10/2026 3:11:15 PM,WC26046408,"XXX JADE TRL N, LAKE ELMO",MEDICAL
WASHINGTON COUNTY SHERIFFS OFFICE,LAKE ELMO,9/10/2026 3:15:17 PM,WC26046413,"MANNING AVE N / I94 WB TO MANNING AVE N RAMP, LAKE ELMO",ACCIDENT
WASHINGTON COUNTY SHERIFFS OFFICE,LAKE ELMO,9/10/2026 3:20:22 PM,WC26046412,"XXX MANNING AVE N, LAKE ELMO",911 ABANDONED/HANGUP/OPEN LINE
WASHINGTON COUNTY SHERIFFS OFFICE,LAKE ELMO,9/10/2026 4:37:00 PM,WC26046426,"11XXX  50TH ST N, LAKE ELMO",THEFT
WASHINGTON COUNTY SHERIFFS OFFICE,LAKE ELMO,9/10/2026 5:34:19 PM,WC26046439,"4XXX  KIMBRO AVE N, LAKE ELMO",SUSPICIOUS PERSON/ACTIVITY
WASHINGTON COUNTY SHERIFFS OFFICE,LAKE ELMO,9/10/2026 7:30:02 PM,WC26046458,"11XXX  10TH ST N, LAKE ELMO",OFFICER INFORMATION
WASHINGTON COUNTY SHERIFFS OFFICE,LAKE ELMO,9/10/2026 10:25:00 PM,WC26046479,"HWY 36 WB AT KEATS AVE N, LAKE ELMO",DWI
WASHINGTON COUNTY SHERIFFS OFFICE,LAKE ELMO,9/11/2026 4:29:43 AM,WC26046512,"STILLWATER BLVD N / KEATS AVE N, LAKE ELMO",ACCIDENT
WASHINGTON COUNTY SHERIFFS OFFICE,LAKE ELMO,9/11/2026 9:32:13 AM,WC26046548,"XXX 6TH STREET LN N, LAKE ELMO",ALARM-BUSINESS/RES/FIRE/MEDICAL/ETC
WASHINGTON COUNTY SHERIFFS OFFICE,LAKE ELMO,9/11/2026 9:48:33 AM,WC26046559,"2XXX  LAKE ELMO AVE N, LAKE ELMO",CIVIL MATTER/DISPUTE
WASHINGTON COUNTY SHERIFFS OFFICE,LAKE ELMO,9/11/2026 10:55:31 AM,WC26046573,"10TH ST N / INWOOD AVE N, LAKE ELMO",TRAFFIC STOP
WASHINGTON COUNTY SHERIFFS OFFICE,LAKE ELMO,9/11/2026 11:23:10 AM,WC26046576,"8XXX  59TH ST N, LAKE ELMO",ALARM-BUSINESS/RES/FIRE/MEDICAL/ETC
WASHINGTON COUNTY SHERIFFS OFFICE,LAKE ELMO,9/11/2026 12:43:34 PM,WC26046582,"HWY 36 WB JEO DEMONTREVILLE TRL N, LAKE ELMO",TRAFFIC COMPLAINT
WASHINGTON COUNTY SHERIFFS OFFICE,LAKE ELMO,9/11/2026 12:52:37 PM,WC26046583,"UPPER 31ST ST N / VILLAGE PKWY N, LAKE ELMO",TRAFFIC COMPLAINT
WASHINGTON COUNTY SHERIFFS OFFICE,LAKE ELMO,9/11/2026 1:32:08 PM,WC26046590,"9XXX  HUDSON BLVD N, LAKE ELMO",CIVIL MATTER/DISPUTE
WASHINGTON COUNTY SHERIFFS OFFICE,LAKE ELMO,9/11/2026 3:49:02 PM,WC26046611,"11XXX  56TH ST N, LAKE ELMO",FOLLOW UP
WASHINGTON COUNTY SHERIFFS OFFICE,LAKE ELMO,9/11/2026 8:30:28 PM,WC26046657,"XXX CIMARRON, LAKE ELMO",ANIMAL COMPLAINT
WASHINGTON COUNTY SHERIFFS OFFICE,LAKE ELMO,9/11/2026 8:48:00 PM,WC26046660,"10XXX -BLK CIMARRON, LAKE ELMO",TRAFFIC STOP
WASHINGTON COUNTY SHERIFFS OFFICE,LAKE ELMO,9/11/2026 11:32:56 PM,WC26046689,"STILLWATER BLVD N / INWOOD AVE N, LAKE ELMO",ANIMAL COMPLAINT
WASHINGTON COUNTY SHERIFFS OFFICE,LAKE ELMO,9/12/2026 8:31:13 AM,WC26046733,"9XXX  8TH ST N, LAKE ELMO",ANIMAL COMPLAINT
WASHINGTON COUNTY SHERIFFS OFFICE,LAKE ELMO,9/12/2026 9:06:09 AM,WC26046737,"3XXX  Laverne Ave N, LAKE ELMO",MISSING PERSON
WASHINGTON COUNTY SHERIFFS OFFICE,LAKE ELMO,9/12/2026 9:27:23 AM,WC26046738,"5XXX  LAKE ELMO AVE N, LAKE ELMO",911 ABANDONED/HANGUP/OPEN LINE
WASHINGTON COUNTY SHERIFFS OFFICE,LAKE ELMO,9/12/2026 9:28:52 AM,WC26046739,"XXX Jade Trl N, LAKE ELMO",MEDICAL
WASHINGTON COUNTY SHERIFFS OFFICE,LAKE ELMO,9/12/2026 2:06:15 PM,WC26046759,"HWY 36 EB JEO DEMONTREVILLE TRL N, LAKE ELMO",ASSIST OTHER AGENCY
WASHINGTON COUNTY SHERIFFS OFFICE,LAKE ELMO,9/12/2026 6:40:39 PM,WC26046813,"3XXX  LAVERNE AVE N, LAKE ELMO",CITIZEN/PUBLIC ASSIST
WASHINGTON COUNTY SHERIFFS OFFICE,LAKE ELMO,9/12/2026 8:12:17 PM,WC26046827,"2XXX  KEATS AVE N, LAKE ELMO",DRIVING COMPLAINT
WASHINGTON COUNTY SHERIFFS OFFICE,LAKE ELMO,9/12/2026 8:23:12 PM,WC26046829,"3XXX  LAVERNE AVE N, LAKE ELMO",FOUND PERSON
WASHINGTON COUNTY SHERIFFS OFFICE,LAKE ELMO,9/12/2026 9:27:00 PM,WC26046833,"STILWATER RD/INWOOD AVE , LAKE ELMO",TRAFFIC STOP
WASHINGTON COUNTY SHERIFFS OFFICE,LAKE ELMO,9/12/2026 9:47:59 PM,WC26046836,"8XXX  LAKE JANE TRL N, LAKE ELMO",ORDINANCE VIOLATION
WASHINGTON COUNTY SHERIFFS OFFICE,LAKE ELMO,9/12/2026 10:43:01 PM,WC26046839,"1XXX  KEATS AVE N, LAKE ELMO",CITIZEN/PUBLIC ASSIST
WASHINGTON COUNTY SHERIFFS OFFICE,LAKE ELMO,9/12/2026 10:50:00 PM,WC26046842,"HWY 36 WB JEO DEMONTREVILLE TRL N, LAKE ELMO",TRAFFIC STOP
WASHINGTON COUNTY SHERIFFS OFFICE,LAKE SAINT CROIX BEACH,9/6/2026 6:23:46 PM,WC26045676,"1XXX  RIVIERA AVE S, LAKE SAINT CROIX BEACH",FIRE
WASHINGTON COUNTY SHERIFFS OFFICE,LAKE SAINT CROIX BEACH,9/8/2026 9:31:50 PM,WC26046071,"16XXX  18TH ST S, LAKE SAINT CROIX BEACH",HARASSMENT
WASHINGTON COUNTY SHERIFFS OFFICE,LAKE SAINT CROIX BEACH,9/9/2026 3:53:10 PM,WC26046225,"16XXX  UPPER 20TH ST S, LAKE SAINT CROIX BEACH",WELFARE CHECK
WASHINGTON COUNTY SHERIFFS OFFICE,LAKE SAINT CROIX BEACH,9/12/2026 8:20:39 PM,WC26046830,"1XXX  QUEENS AVE S, LAKE SAINT CROIX BEACH",INCIDENT
WASHINGTON COUNTY SHERIFFS OFFICE,LAKELAND,9/6/2026 2:55:23 PM,WC26045638,"16XXX  8TH ST N, LAKELAND",ANIMAL BITE
WASHINGTON COUNTY SHERIFFS OFFICE,LAKELAND,9/6/2026 4:59:14 PM,WC26045659,"SAINT CROIX RIVER-LL, LAKELAND",BOAT STOP
WASHINGTON COUNTY SHERIFFS OFFICE,LAKELAND,9/6/2026 9:08:52 PM,WC26045701,"16XXX  8TH ST N, LAKELAND",NOISE COMPLAINT/DISTURBANCE
WASHINGTON COUNTY SHERIFFS OFFICE,LAKELAND,9/6/2026 9:21:38 PM,WC26045706,"1XXX  RIVERCREST RD N, LAKELAND",WARRANT ARREST
WASHINGTON COUNTY SHERIFFS OFFICE,LAKELAND,9/7/2026 12:00:45 AM,WC26045729,"16XXX  6TH ST N, LAKELAND",MEDICAL
WASHINGTON COUNTY SHERIFFS OFFICE,LAKELAND,9/7/2026 2:23:41 AM,WC26045740,"XXX QUEHL AVE N, LAKELAND",MEDICAL
WASHINGTON COUNTY SHERIFFS OFFICE,LAKELAND,9/7/2026 8:41:08 PM,WC26045859,"SAINT CROIX TRL S / 8TH STREET PL S, LAKELAND",ROAD HAZARD
WASHINGTON COUNTY SHERIFFS OFFICE,LAKELAND,9/8/2026 5:18:29 AM,WC26045901,"XXX SAINT CROIX TRL S, LAKELAND",WELFARE CHECK
WASHINGTON COUNTY SHERIFFS OFFICE,LAKELAND,9/8/2026 2:07:58 PM,WC26045990,"SAINT CROIX TRL N / I94 TO SB ST CROIX TRAIL NORTH RAMP, LAKELAND",DRIVING COMPLAINT
WASHINGTON COUNTY SHERIFFS OFFICE,LAKELAND,9/8/2026 11:10:06 PM,WC26046085,"SAINT CROIX TRL N / I94, LAKELAND",OFFICER INFORMATION
WASHINGTON COUNTY SHERIFFS OFFICE,LAKELAND,9/9/2026 1:49:59 PM,WC26046204,"SAINT CROIX TRL N / 2ND ST N, LAKELAND",MEDICAL
WASHINGTON COUNTY SHERIFFS OFFICE,LAKELAND,9/11/2026 1:42:18 AM,WC26046500,"I94 WB AT SAINT CROIX TRL N, LAKELAND",ASSIST OTHER AGENCY
WASHINGTON COUNTY SHERIFFS OFFICE,LAKELAND,9/11/2026 3:34:37 PM,WC26046609,"XXX SAINT CROIX TRL S, LAKELAND",WELFARE CHECK
WASHINGTON COUNTY SHERIFFS OFFICE,LAKELAND,9/12/2026 7:54:08 PM,WC26046821,"SAINT CROIX TRL N / 5TH ST N, LAKELAND",DRIVING COMPLAINT
WASHINGTON COUNTY SHERIFFS OFFICE,LANDFALL,9/9/2026 8:51:27 AM,WC26046152,"2XXX  HUDSON BLVD N, LANDFALL",THEFT
WASHINGTON COUNTY SHERIFFS OFFICE,LANDFALL,9/10/2026 8:21:41 AM,WC26046333,"2XXX  HUDSON BLVD N, LANDFALL",ACCIDENT
WASHINGTON COUNTY SHERIFFS OFFICE,LANDFALL,9/11/2026 7:03:09 AM,WC26046516,"XX 4TH AVE, LANDFALL",ALARM-BUSINESS/RES/FIRE/MEDICAL/ETC
WASHINGTON COUNTY SHERIFFS OFFICE,LANDFALL,9/12/2026 5:26:47 AM,WC26046719,"XX HEATHER WAY, LANDFALL",WELFARE CHECK
WASHINGTON COUNTY SHERIFFS OFFICE,LANDFALL,9/12/2026 3:16:00 PM,WC26046766,"2XXX  HUDSON RD, LANDFALL",TRAFFIC STOP
WASHINGTON COUNTY SHERIFFS OFFICE,MAHTOMEDI,9/6/2026 1:58:49 AM,WC26045577,"XX HICKORY ST, MAHTOMEDI",MEDICAL
WASHINGTON COUNTY SHERIFFS OFFICE,MAHTOMEDI,9/6/2026 7:54:02 AM,WC26045596,"XXX EAST AVE, MAHTOMEDI",MEDICAL
WASHINGTON COUNTY SHERIFFS OFFICE,MAHTOMEDI,9/6/2026 11:08:55 AM,WC26045611,"XXX LEDGESTONE DR, MAHTOMEDI",WELFARE CHECK
WASHINGTON COUNTY SHERIFFS OFFICE,MAHTOMEDI,9/6/2026 11:26:00 AM,WC26045618,"XXX WOODLAND DR, MAHTOMEDI",FOLLOW UP
WASHINGTON COUNTY SHERIFFS OFFICE,MAHTOMEDI,9/6/2026 12:24:00 PM,WC26045630,"HICKORY ST / MAHTOMEDI AVE, MAHTOMEDI",TRAFFIC STOP
WASHINGTON COUNTY SHERIFFS OFFICE,MAHTOMEDI,9/6/2026 2:14:14 PM,WC26045631,"MAHTOMEDI AVE / JUNIPER ST, MAHTOMEDI",DISTURBANCE
WASHINGTON COUNTY SHERIFFS OFFICE,MAHTOMEDI,9/6/2026 3:02:00 PM,WC26045658,"WILDWOOD RD / STILLWATER RD, MAHTOMEDI",TRAFFIC STOP
WASHINGTON COUNTY SHERIFFS OFFICE,MAHTOMEDI,9/6/2026 3:40:00 PM,WC26045661,"XXX LOCUST ST, MAHTOMEDI",FOUND PROPERTY/ITEM
WASHINGTON COUNTY SHERIFFS OFFICE,MAHTOMEDI,9/6/2026 4:05:36 PM,WC26045651,"XXX WILDWOOD RD, MAHTOMEDI",FOLLOW UP
WASHINGTON COUNTY SHERIFFS OFFICE,MAHTOMEDI,9/6/2026 6:37:37 PM,WC26045678,"HILTON TRL N / 70TH ST N, MAHTOMEDI",911 ABANDONED/HANGUP/OPEN LINE
WASHINGTON COUNTY SHERIFFS OFFICE,MAHTOMEDI,9/6/2026 6:48:08 PM,WC26045680,"1XXX  PARK AVE, MAHTOMEDI",ATV/OHV COMPLAINT
WASHINGTON COUNTY SHERIFFS OFFICE,MAHTOMEDI,9/6/2026 8:26:00 PM,WC26045693,"WILDWOOD RD / OLD WILDWOOD RD, MAHTOMEDI",TRAFFIC STOP
WASHINGTON COUNTY SHERIFFS OFFICE,MAHTOMEDI,9/6/2026 8:54:32 PM,WC26045698,"XX LONG LAKE RD, MAHTOMEDI",VEHICLE UNLOCK
WASHINGTON COUNTY SHERIFFS OFFICE,MAHTOMEDI,9/6/2026 9:19:00 PM,WC26045704,"XX - 409 WILDWOOD RD, MAHTOMEDI",TRAFFIC STOP
WASHINGTON COUNTY SHERIFFS OFFICE,MAHTOMEDI,9/6/2026 9:50:12 PM,WC26045711,"XXX DAHLIA ST, MAHTOMEDI",ASSAULT
WASHINGTON COUNTY SHERIFFS OFFICE,MAHTOMEDI,9/6/2026 11:12:56 PM,WC26045718,"XXX WILDWOOD RD, MAHTOMEDI",911 ABANDONED/HANGUP/OPEN LINE
WASHINGTON COUNTY SHERIFFS OFFICE,MAHTOMEDI,9/7/2026 6:28:02 AM,WC26045757,"XXX WILDWOOD RD, MAHTOMEDI",FOLLOW UP
WASHINGTON COUNTY SHERIFFS OFFICE,MAHTOMEDI,9/7/2026 10:56:00 AM,WC26045786,"QUAIL ST / BRIARWOOD AVE, MAHTOMEDI",TRAFFIC STOP
WASHINGTON COUNTY SHERIFFS OFFICE,MAHTOMEDI,9/7/2026 3:51:46 PM,WC26045824,"XXX STILLWATER RD, MAHTOMEDI",MOTOR VEHICLE THEFT
WASHINGTON COUNTY SHERIFFS OFFICE,MAHTOMEDI,9/7/2026 6:20:48 PM,WC26045847,"XXX MAHTOMEDI AVE, MAHTOMEDI",DRIVING COMPLAINT
WASHINGTON COUNTY SHERIFFS OFFICE,MAHTOMEDI,9/7/2026 8:05:03 PM,WC26045858,"XXX QUAIL ST, MAHTOMEDI",FIGHT
WASHINGTON COUNTY SHERIFFS OFFICE,MAHTOMEDI,9/8/2026 1:17:58 AM,WC26045890,"XXX WEDGEWOOD DR, MAHTOMEDI",MEDICAL
WASHINGTON COUNTY SHERIFFS OFFICE,MAHTOMEDI,9/8/2026 7:51:39 AM,WC26045911,"HILTON TRL N / STILLWATER RD, MAHTOMEDI",MOTORIST ASSIST
WASHINGTON COUNTY SHERIFFS OFFICE,MAHTOMEDI,9/8/2026 11:09:04 AM,WC26045955,"LONG LAKE RD / LEDGESTONE DR, MAHTOMEDI",TRAFFIC STOP
WASHINGTON COUNTY SHERIFFS OFFICE,MAHTOMEDI,9/8/2026 12:01:00 PM,WC26045966,"7XXX  - 7498 HILTON TRL N, MAHTOMEDI",TRAFFIC STOP
WASHINGTON COUNTY SHERIFFS OFFICE,MAHTOMEDI,9/8/2026 1:45:41 PM,WC26045987,"Unknown, MAHTOMEDI",FOLLOW UP
WASHINGTON COUNTY SHERIFFS OFFICE,MAHTOMEDI,9/8/2026 3:10:55 PM,WC26046000,"ARBOR AVE / IRIS ST, MAHTOMEDI",ANIMAL COMPLAINT
WASHINGTON COUNTY SHERIFFS OFFICE,MAHTOMEDI,9/8/2026 3:12:20 PM,WC26046001,"XXX EDGECUMBE DR, MAHTOMEDI",ALARM-BUSINESS/RES/FIRE/MEDICAL/ETC
WASHINGTON COUNTY SHERIFFS OFFICE,MAHTOMEDI,9/8/2026 5:44:33 PM,WC26046029,"XXX GRIFFIN AVE, MAHTOMEDI",INCIDENT
WASHINGTON COUNTY SHERIFFS OFFICE,MAHTOMEDI,9/9/2026 12:17:10 AM,WC26046094,"1XXX  ECHO LAKE CT, MAHTOMEDI",DISTURBANCE
WASHINGTON COUNTY SHERIFFS OFFICE,MAHTOMEDI,9/9/2026 1:34:23 AM,WC26046108,"XXX ROBERT CT, MAHTOMEDI",NOISE COMPLAINT/DISTURBANCE
WASHINGTON COUNTY SHERIFFS OFFICE,MAHTOMEDI,9/9/2026 1:53:23 AM,WC26046110,"XX MAHTOMEDI AVE, MAHTOMEDI",SUSPICIOUS PERSON/ACTIVITY
WASHINGTON COUNTY SHERIFFS OFFICE,MAHTOMEDI,9/9/2026 2:24:43 AM,WC26046113,"XX MAHTOMEDI AVE, MAHTOMEDI",MEDICAL
WASHINGTON COUNTY SHERIFFS OFFICE,MAHTOMEDI,9/9/2026 2:42:39 AM,WC26046116,"XXX EAST AVE, MAHTOMEDI",WELFARE CHECK
WASHINGTON COUNTY SHERIFFS OFFICE,MAHTOMEDI,9/9/2026 7:44:09 AM,WC26046132,"1XXX  LINCOLNTOWN AVE, MAHTOMEDI",FOUND PROPERTY/ITEM
WASHINGTON COUNTY SHERIFFS OFFICE,MAHTOMEDI,9/9/2026 8:41:41 AM,WC26046141,"1XXX  MAHTOMEDI AVE, MAHTOMEDI",OFFICER INFORMATION
WASHINGTON COUNTY SHERIFFS OFFICE,MAHTOMEDI,9/9/2026 11:47:03 AM,WC26046185,"XXX STILLWATER RD, MAHTOMEDI",911 ABANDONED/HANGUP/OPEN LINE
WASHINGTON COUNTY SHERIFFS OFFICE,MAHTOMEDI,9/9/2026 1:14:18 PM,WC26046197,"XXX JESSE JAMES LN, MAHTOMEDI",CITIZEN/PUBLIC ASSIST
WASHINGTON COUNTY SHERIFFS OFFICE,MAHTOMEDI,9/9/2026 4:53:37 PM,WC26046230,"XXX PARK AVE, MAHTOMEDI",ACCIDENT
WASHINGTON COUNTY SHERIFFS OFFICE,MAHTOMEDI,9/9/2026 7:20:19 PM,WC26046249,"XXX STILLWATER RD, MAHTOMEDI",THREATS
WASHINGTON COUNTY SHERIFFS OFFICE,MAHTOMEDI,9/9/2026 11:39:19 PM,WC26046291,"XXX STILLWATER RD, MAHTOMEDI",NOISE COMPLAINT/DISTURBANCE
WASHINGTON COUNTY SHERIFFS OFFICE,MAHTOMEDI,9/10/2026 12:44:52 AM,WC26046300,"XX LONG LAKE RD, MAHTOMEDI",911 ABANDONED/HANGUP/OPEN LINE
WASHINGTON COUNTY SHERIFFS OFFICE,MAHTOMEDI,9/10/2026 3:22:16 AM,WC26046317,"XXX MAHTOMEDI AVE, MAHTOMEDI",ALARM-BUSINESS/RES/FIRE/MEDICAL/ETC
WASHINGTON COUNTY SHERIFFS OFFICE,MAHTOMEDI,9/10/2026 6:08:57 AM,WC26046323,"XXX MAHTOMEDI AVE, MAHTOMEDI",MEDICAL
WASHINGTON COUNTY SHERIFFS OFFICE,MAHTOMEDI,9/10/2026 8:44:57 AM,WC26046336,"XXX LEDGESTONE DR, MAHTOMEDI",CIVIL MATTER/DISPUTE
WASHINGTON COUNTY SHERIFFS OFFICE,MAHTOMEDI,9/10/2026 9:37:53 AM,WC26046360,"3XXX  CENTURY AVE, MAHTOMEDI",MEDICAL
WASHINGTON COUNTY SHERIFFS OFFICE,MAHTOMEDI,9/10/2026 10:33:13 AM,WC26046370,"XXX WILDWOOD RD, MAHTOMEDI",CIVIL MATTER/DISPUTE
WASHINGTON COUNTY SHERIFFS OFFICE,MAHTOMEDI,9/10/2026 11:33:59 AM,WC26046379,"XXX EAST AVENUE CIR, MAHTOMEDI",CITIZEN/PUBLIC ASSIST
WASHINGTON COUNTY SHERIFFS OFFICE,MAHTOMEDI,9/10/2026 12:40:55 PM,WC26046387,"3XXX  CENTURY AVE, MAHTOMEDI",ACCIDENT
WASHINGTON COUNTY SHERIFFS OFFICE,MAHTOMEDI,9/10/2026 2:02:52 PM,WC26046400,"XXX MAHTOMEDI AVE, MAHTOMEDI",MEDICAL
WASHINGTON COUNTY SHERIFFS OFFICE,MAHTOMEDI,9/10/2026 2:04:21 PM,WC26046401,"XXX QUAIL ST, MAHTOMEDI",MEDICAL
WASHINGTON COUNTY SHERIFFS OFFICE,MAHTOMEDI,9/10/2026 11:59:06 PM,WC26046487,"XX WILLIAMS WOODS RD, MAHTOMEDI",911 ABANDONED/HANGUP/OPEN LINE
WASHINGTON COUNTY SHERIFFS OFFICE,MAHTOMEDI,9/11/2026 1:17:44 AM,WC26046496,"XXX WILDWOOD RD, MAHTOMEDI",CIVIL MATTER/DISPUTE
WASHINGTON COUNTY SHERIFFS OFFICE,MAHTOMEDI,9/11/2026 7:40:47 AM,WC26046518,"XX LONG LAKE RD, MAHTOMEDI",911 ABANDONED/HANGUP/OPEN LINE
WASHINGTON COUNTY SHERIFFS OFFICE,MAHTOMEDI,9/11/2026 7:51:00 AM,WC26046520,"XXX WILDWOOD RD, MAHTOMEDI",VEHICLE TAMPERING
WASHINGTON COUNTY SHERIFFS OFFICE,MAHTOMEDI,9/11/2026 10:06:54 AM,WC26046564,"Unknown, MAHTOMEDI",FOLLOW UP
WASHINGTON COUNTY SHERIFFS OFFICE,MAHTOMEDI,9/11/2026 9:38:56 PM,WC26046666,"WARNER AVE N / STILLWATER RD, MAHTOMEDI",CITIZEN/PUBLIC ASSIST
WASHINGTON COUNTY SHERIFFS OFFICE,MAHTOMEDI,9/12/2026 12:26:54 AM,WC26046698,"XX LONG LAKE RD, MAHTOMEDI",911 ABANDONED/HANGUP/OPEN LINE
WASHINGTON COUNTY SHERIFFS OFFICE,MAHTOMEDI,9/12/2026 4:24:52 AM,WC26046718,"XX LONG LAKE RD, MAHTOMEDI",911 ABANDONED/HANGUP/OPEN LINE
WASHINGTON COUNTY SHERIFFS OFFICE,MAHTOMEDI,9/12/2026 7:03:00 AM,WC26046723,"XX MAHTOMEDI AVE, MAHTOMEDI",PARKING VIOLATION
WASHINGTON COUNTY SHERIFFS OFFICE,MAHTOMEDI,9/12/2026 7:21:00 AM,WC26046725,"XX MAHTOMEDI AVE, MAHTOMEDI",PARKING VIOLATION
WASHINGTON COUNTY SHERIFFS OFFICE,MAHTOMEDI,9/12/2026 9:50:07 AM,WC26046743,"XXX MAHTOMEDI AVE, MAHTOMEDI",MEDICAL
WASHINGTON COUNTY SHERIFFS OFFICE,MAHTOMEDI,9/12/2026 11:06:00 AM,WC26046750,"1XXX  MAHTOMEDI AVE, MAHTOMEDI",ORDINANCE VIOLATION
WASHINGTON COUNTY SHERIFFS OFFICE,MAHTOMEDI,9/12/2026 7:53:31 PM,WC26046824,"MAHTOMEDI AVE / JUNIPER ST, MAHTOMEDI",WELFARE CHECK
WASHINGTON COUNTY SHERIFFS OFFICE,MAHTOMEDI,9/12/2026 9:23:24 PM,WC26046834,"XXX WOODLAND CT, MAHTOMEDI",911 ABANDONED/HANGUP/OPEN LINE
WASHINGTON COUNTY SHERIFFS OFFICE,MAHTOMEDI,9/12/2026 10:08:51 PM,WC26046837,"XXX MAHTOMEDI AVE, MAHTOMEDI",OFFICER INFORMATION
WASHINGTON COUNTY SHERIFFS OFFICE,MARINE ON SAINT CROIX,9/9/2026 8:42:16 AM,WC26046140,"NASON HILL RD / TANGLEWOOD LN, MARINE ON SAINT CROIX",ROAD HAZARD
WASHINGTON COUNTY SHERIFFS OFFICE,MARINE ON SAINT CROIX,9/10/2026 10:57:12 AM,WC26046376,"XXX JUDD ST, MARINE ON SAINT CROIX",SUSPICIOUS PERSON/ACTIVITY
WASHINGTON COUNTY SHERIFFS OFFICE,MARINE ON SAINT CROIX,9/11/2026 1:19:02 AM,WC26046497,"XXX JUDD ST, MARINE ON SAINT CROIX",CITIZEN/PUBLIC ASSIST
WASHINGTON COUNTY SHERIFFS OFFICE,MAY TOWNSHIP,9/6/2026 1:55:00 PM,WC26045625,"15XXX  SQUARE LAKE TRL N, MAY TOWNSHIP",PARKING VIOLATION
WASHINGTON COUNTY SHERIFFS OFFICE,MAY TOWNSHIP,9/6/2026 2:05:00 PM,WC26045627,"15XXX  SQUARE LAKE TRL N, MAY TOWNSHIP",PARKING VIOLATION
WASHINGTON COUNTY SHERIFFS OFFICE,MAY TOWNSHIP,9/6/2026 4:15:50 PM,WC26045653,"15XXX  OSTRUM TRL N, MAY TOWNSHIP",SHOTS FIRED/SHOOTING COMPLAINT
WASHINGTON COUNTY SHERIFFS OFFICE,MAY TOWNSHIP,9/6/2026 4:51:00 PM,WC26045657,"15XXX  - 15510 SQUARE LAKE TRL N, MAY TOWNSHIP",PARKING VIOLATION
WASHINGTON COUNTY SHERIFFS OFFICE,MAY TOWNSHIP,9/6/2026 5:43:00 PM,WC26045666,"170TH ST N / MANNING TRL N, MAY TOWNSHIP",TRAFFIC STOP
WASHINGTON COUNTY SHERIFFS OFFICE,MAY TOWNSHIP,9/6/2026 7:48:56 PM,WC26045686,"17XXX  MANNING TRL N, MAY TOWNSHIP",SUSPICIOUS PERSON/ACTIVITY
WASHINGTON COUNTY SHERIFFS OFFICE,MAY TOWNSHIP,9/7/2026 3:00:55 PM,WC26045814,"13XXX  SAINT CROIX TRL N, MAY TOWNSHIP",ACCIDENT
WASHINGTON COUNTY SHERIFFS OFFICE,MAY TOWNSHIP,9/7/2026 5:16:00 PM,WC26045835,"170TH ST N JEO MAY AVE , MAY TOWNSHIP",TRAFFIC STOP
WASHINGTON COUNTY SHERIFFS OFFICE,MAY TOWNSHIP,9/7/2026 11:47:26 PM,WC26045874,"14XXX  130TH STREET LN N, MAY TOWNSHIP",ALARM-BUSINESS/RES/FIRE/MEDICAL/ETC
WASHINGTON COUNTY SHERIFFS OFFICE,MAY TOWNSHIP,9/8/2026 8:50:04 AM,WC26045927,"15XXX  SQUARE LAKE TRL N, MAY TOWNSHIP",PUBLIC WORKS CONCERN
WASHINGTON COUNTY SHERIFFS OFFICE,MAY TOWNSHIP,9/9/2026 9:29:39 AM,WC26046151,"MANNING TRL N / 176TH ST N, MAY TOWNSHIP",MOTORIST ASSIST
WASHINGTON COUNTY SHERIFFS OFFICE,MAY TOWNSHIP,9/9/2026 11:00:18 AM,WC26046177,"14XXX  OSTLUND TRL N, MAY TOWNSHIP",ALARM-BUSINESS/RES/FIRE/MEDICAL/ETC
WASHINGTON COUNTY SHERIFFS OFFICE,MAY TOWNSHIP,9/9/2026 1:20:22 PM,WC26046196,"BIG MARINE PARK ENTRANCE RD, MAY TOWNSHIP",PARK INCIDENT-CITY/COUNTY
WASHINGTON COUNTY SHERIFFS OFFICE,MAY TOWNSHIP,9/9/2026 6:13:22 PM,WC26046240,"15XXX  MANNING TRL N, MAY TOWNSHIP",CITIZEN/PUBLIC ASSIST
WASHINGTON COUNTY SHERIFFS OFFICE,MAY TOWNSHIP,9/9/2026 8:00:00 PM,WC26046254,"15XXX  MANNING TRL N, MAY TOWNSHIP",SUSPICIOUS PERSON/ACTIVITY
WASHINGTON COUNTY SHERIFFS OFFICE,MAY TOWNSHIP,9/10/2026 5:20:38 PM,WC26046435,"17XXX  MANNING TRL N, MAY TOWNSHIP",WELFARE CHECK
WASHINGTON COUNTY SHERIFFS OFFICE,MAY TOWNSHIP,9/10/2026 6:38:27 PM,WC26046453,"13XXX  120TH ST N, MAY TOWNSHIP",ANIMAL COMPLAINT
WASHINGTON COUNTY SHERIFFS OFFICE,MAY TOWNSHIP,9/11/2026 6:42:13 AM,WC26046515,"SAINT CROIX TRL N / RIVERVIEW TRL N, MAY TOWNSHIP",ACCIDENT
WASHINGTON COUNTY SHERIFFS OFFICE,MAY TOWNSHIP,9/11/2026 10:32:13 AM,WC26046569,"13XXX  PARTRIDGE RD N, MAY TOWNSHIP",OFFICER INFORMATION
WASHINGTON COUNTY SHERIFFS OFFICE,MAY TOWNSHIP,9/11/2026 7:00:19 PM,WC26046649,"12XXX  120TH ST N, MAY TOWNSHIP",MEDICAL
WASHINGTON COUNTY SHERIFFS OFFICE,MAY TOWNSHIP,9/12/2026 7:36:00 AM,WC26046727,"170TH ST N / MANNING AVE N, MAY TOWNSHIP",TRAFFIC STOP
WASHINGTON COUNTY SHERIFFS OFFICE,MAY TOWNSHIP,9/12/2026 4:43:00 PM,WC26046785,"SQUARE LAKE TRL N / NORELL AVE N, MAY TOWNSHIP",TRAFFIC STOP
WASHINGTON COUNTY SHERIFFS OFFICE,NEWPORT,9/6/2026 12:16:16 AM,WC26045568,"HWY 61 SB TO 70TH ST S RAMP, NEWPORT",ASSIST OTHER AGENCY
WASHINGTON COUNTY SHERIFFS OFFICE,NEWPORT,9/6/2026 8:26:00 AM,WC26045597,"HWY 61 SB TO 70TH ST S RAMP, NEWPORT",TRAFFIC STOP
WASHINGTON COUNTY SHERIFFS OFFICE,NEWPORT,9/6/2026 10:23:48 AM,WC26045606,"XXX TULARE TER, NEWPORT",SUSPICIOUS PERSON/ACTIVITY
WASHINGTON COUNTY SHERIFFS OFFICE,NEWPORT,9/6/2026 10:29:48 AM,WC26045609,"1XXX  10TH AVE, NEWPORT",WELFARE CHECK
WASHINGTON COUNTY SHERIFFS OFFICE,NEWPORT,9/6/2026 11:24:51 AM,WC26045612,"XXX 12TH ST, NEWPORT",WELFARE CHECK
WASHINGTON COUNTY SHERIFFS OFFICE,NEWPORT,9/6/2026 12:40:00 PM,WC26045616,"1XXX  MARK CT, NEWPORT",TRESPASSING
WASHINGTON COUNTY SHERIFFS OFFICE,NEWPORT,9/6/2026 1:15:19 PM,WC26045619,"1XXX  8TH AVE, NEWPORT",CITIZEN/PUBLIC ASSIST
WASHINGTON COUNTY SHERIFFS OFFICE,NEWPORT,9/6/2026 2:04:00 PM,WC26045628,"Highway 61 & Glen Rd, NEWPORT",TRAFFIC STOP
WASHINGTON COUNTY SHERIFFS OFFICE,NEWPORT,9/6/2026 4:31:00 PM,WC26045656,"BAILEY RD / POINT DOUGLAS RD, NEWPORT",TRAFFIC STOP
WASHINGTON COUNTY SHERIFFS OFFICE,NEWPORT,9/6/2026 7:13:13 PM,WC26045682,"1XXX  10TH AVE, NEWPORT",ANIMAL COMPLAINT
WASHINGTON COUNTY SHERIFFS OFFICE,NEWPORT,9/6/2026 7:32:55 PM,WC26045684,"1XXX  10TH AVE, NEWPORT",ANIMAL COMPLAINT
WASHINGTON COUNTY SHERIFFS OFFICE,NEWPORT,9/6/2026 7:47:00 PM,WC26045687,"2XXX  HASTINGS AVE, NEWPORT",CIVIL MATTER/DISPUTE
WASHINGTON COUNTY SHERIFFS OFFICE,NEWPORT,9/6/2026 9:04:44 PM,WC26045699,"1XXX  10TH AVE, NEWPORT",FOLLOW UP
WASHINGTON COUNTY SHERIFFS OFFICE,NEWPORT,9/6/2026 9:17:18 PM,WC26045703,"2XXX  HASTINGS AVE, NEWPORT",TRESPASSING
WASHINGTON COUNTY SHERIFFS OFFICE,NEWPORT,9/6/2026 9:54:30 PM,WC26045714,"1XXX  HASTINGS AVE, NEWPORT",SUSPICIOUS PERSON/ACTIVITY
WASHINGTON COUNTY SHERIFFS OFFICE,NEWPORT,9/7/2026 3:26:00 AM,WC26045742,"BAILEY RD / STERLING AVE, NEWPORT",TRAFFIC STOP
WASHINGTON COUNTY SHERIFFS OFFICE,NEWPORT,9/7/2026 4:21:01 AM,WC26045747,"1XXX  BLUESTEM LN, NEWPORT",MEDICAL
WASHINGTON COUNTY SHERIFFS OFFICE,NEWPORT,9/7/2026 10:23:00 AM,WC26045770,"HWY 61 SB AT MAXWELL AVE, NEWPORT",TRAFFIC STOP
WASHINGTON COUNTY SHERIFFS OFFICE,NEWPORT,9/7/2026 11:31:27 AM,WC26045779,"XXX 6TH AVE, NEWPORT",CITIZEN/PUBLIC ASSIST
WASHINGTON COUNTY SHERIFFS OFFICE,NEWPORT,9/7/2026 2:07:00 PM,WC26045801,"MILITARY RD / CENTURY AVE, NEWPORT",TRAFFIC STOP
WASHINGTON COUNTY SHERIFFS OFFICE,NEWPORT,9/7/2026 2:10:00 PM,WC26045803,"GLEN RD/ 10TH AVE, NEWPORT",TRAFFIC STOP
WASHINGTON COUNTY SHERIFFS OFFICE,NEWPORT,9/7/2026 3:59:00 PM,WC26045825,"HWY 61 NB JNO GLEN RD, NEWPORT",TRAFFIC STOP
WASHINGTON COUNTY SHERIFFS OFFICE,NEWPORT,9/7/2026 4:35:34 PM,WC26045830,"XXX RED ROCK XING, NEWPORT",ASSAULT
WASHINGTON COUNTY SHERIFFS OFFICE,NEWPORT,9/7/2026 7:02:03 PM,WC26045852,"2XXX  CIRCLE DR, NEWPORT",OFFICER INFORMATION
WASHINGTON COUNTY SHERIFFS OFFICE,NEWPORT,9/7/2026 7:54:25 PM,WC26045857,"Unknown, NEWPORT",OFFICER INFORMATION
WASHINGTON COUNTY SHERIFFS OFFICE,NEWPORT,9/8/2026 7:20:12 AM,WC26045908,"HWY 61 NB JNO 70TH ST S, NEWPORT",ACCIDENT
WASHINGTON COUNTY SHERIFFS OFFICE,NEWPORT,9/8/2026 9:21:32 AM,WC26045930,"1XXX  - 1249 GLEN RD, NEWPORT",DIRECTED PATROL
WASHINGTON COUNTY SHERIFFS OFFICE,NEWPORT,9/8/2026 9:31:00 AM,WC26045931,"GLEN RD / 10TH AVE, NEWPORT",TRAFFIC STOP
WASHINGTON COUNTY SHERIFFS OFFICE,NEWPORT,9/8/2026 9:31:21 AM,WC26045933,"1XXX  10TH AVE, NEWPORT",ACCIDENT
WASHINGTON COUNTY SHERIFFS OFFICE,NEWPORT,9/8/2026 10:14:00 AM,WC26045940,"GLEN RD / WOODBURY RD, NEWPORT",TRAFFIC STOP
WASHINGTON COUNTY SHERIFFS OFFICE,NEWPORT,9/8/2026 10:57:00 AM,WC26045947,"18TH ST / 10TH AVE, NEWPORT",TRAFFIC STOP
WASHINGTON COUNTY SHERIFFS OFFICE,NEWPORT,9/8/2026 11:01:16 AM,WC26045956,"XXX 21ST ST, NEWPORT",CITIZEN/PUBLIC ASSIST
WASHINGTON COUNTY SHERIFFS OFFICE,NEWPORT,9/8/2026 12:24:05 PM,WC26045979,"Unknown, NEWPORT",CITIZEN/PUBLIC ASSIST
WASHINGTON COUNTY SHERIFFS OFFICE,NEWPORT,9/8/2026 3:06:40 PM,WC26045998,"1XXX  10TH AVE, NEWPORT",ANIMAL COMPLAINT
WASHINGTON COUNTY SHERIFFS OFFICE,NEWPORT,9/8/2026 3:44:24 PM,WC26046009,"XXX 21ST ST, NEWPORT",CIVIL MATTER/DISPUTE
WASHINGTON COUNTY SHERIFFS OFFICE,NEWPORT,9/8/2026 4:20:14 PM,WC26046017,"XXX 21st St, NEWPORT",CITIZEN/PUBLIC ASSIST
WASHINGTON COUNTY SHERIFFS OFFICE,NEWPORT,9/8/2026 4:45:15 PM,WC26046021,"XXX FORD RD, NEWPORT",FOLLOW UP
WASHINGTON COUNTY SHERIFFS OFFICE,NEWPORT,9/8/2026 6:48:18 PM,WC26046041,"XXX TULARE TER, NEWPORT",ALARM-BUSINESS/RES/FIRE/MEDICAL/ETC
WASHINGTON COUNTY SHERIFFS OFFICE,NEWPORT,9/8/2026 6:48:54 PM,WC26046042,"XXX RED ROCK XING, NEWPORT",MEDICAL
WASHINGTON COUNTY SHERIFFS OFFICE,NEWPORT,9/9/2026 12:27:29 AM,WC26046098,"WOODBURY RD / GLEN RD, NEWPORT",WELFARE CHECK
WASHINGTON COUNTY SHERIFFS OFFICE,NEWPORT,9/9/2026 7:04:15 AM,WC26046128,"XXX 6th Ave, NEWPORT",COMMUNITY CONTACT
WASHINGTON COUNTY SHERIFFS OFFICE,NEWPORT,9/9/2026 7:31:38 AM,WC26046130,"Unknown, NEWPORT",FOLLOW UP
WASHINGTON COUNTY SHERIFFS OFFICE,NEWPORT,9/9/2026 7:55:00 AM,WC26046134,"XXX - 599 7TH ST, NEWPORT",FOLLOW UP
WASHINGTON COUNTY SHERIFFS OFFICE,NEWPORT,9/9/2026 12:49:43 PM,WC26046195,"1XXX  HASTINGS AVE, NEWPORT",ACCIDENT
WASHINGTON COUNTY SHERIFFS OFFICE,NEWPORT,9/9/2026 6:53:27 PM,WC26046244,"XXX RED ROCK XING, NEWPORT",NOISE COMPLAINT/DISTURBANCE
WASHINGTON COUNTY SHERIFFS OFFICE,NEWPORT,9/9/2026 7:30:31 PM,WC26046250,"1XXX  BARRY DR, NEWPORT",THREATS
WASHINGTON COUNTY SHERIFFS OFFICE,NEWPORT,9/9/2026 8:05:09 PM,WC26046256,"Unknown, NEWPORT",FRAUD/SCAM
WASHINGTON COUNTY SHERIFFS OFFICE,NEWPORT,9/9/2026 8:57:34 PM,WC26046267,"XXX HASTINGS AVE, NEWPORT",ACCIDENT
WASHINGTON COUNTY SHERIFFS OFFICE,NEWPORT,9/9/2026 9:00:39 PM,WC26046268,"1XXX  10TH AVE, NEWPORT",CIVIL MATTER/DISPUTE
WASHINGTON COUNTY SHERIFFS OFFICE,NEWPORT,9/9/2026 9:29:31 PM,WC26046273,"XXX CEMETERY RD, NEWPORT",SUSPICIOUS PERSON/ACTIVITY
WASHINGTON COUNTY SHERIFFS OFFICE,NEWPORT,9/10/2026 12:00:00 AM,WC26046417,"1XXX  GLEN RD, NEWPORT",prostitution
WASHINGTON COUNTY SHERIFFS OFFICE,NEWPORT,9/10/2026 12:00:00 AM,WC26046436,"2XXX  1ST AVE, NEWPORT",ACCIDENT
WASHINGTON COUNTY SHERIFFS OFFICE,NEWPORT,9/10/2026 4:26:32 AM,WC26046320,"GLEN RD / GLEN TER, NEWPORT",PURSUIT
WASHINGTON COUNTY SHERIFFS OFFICE,NEWPORT,9/10/2026 11:42:43 AM,WC26046382,"Unknown, NEWPORT",CIVIL MATTER/DISPUTE
WASHINGTON COUNTY SHERIFFS OFFICE,NEWPORT,9/10/2026 3:24:43 PM,WC26046414,"1XXX  3RD AVE, NEWPORT",ANIMAL COMPLAINT
WASHINGTON COUNTY SHERIFFS OFFICE,NEWPORT,9/10/2026 6:12:00 PM,WC26046447,"MAXWELL AVE TO I494 WB RAMP, NEWPORT",TRAFFIC STOP
WASHINGTON COUNTY SHERIFFS OFFICE,NEWPORT,9/11/2026 12:11:15 AM,WC26046489,"1XXX  GLEN RD, NEWPORT",OFFICER INFORMATION
WASHINGTON COUNTY SHERIFFS OFFICE,NEWPORT,9/11/2026 10:40:00 AM,WC26046570,"HWY 61 NB AT I494, NEWPORT",TRAFFIC STOP
WASHINGTON COUNTY SHERIFFS OFFICE,NEWPORT,9/11/2026 11:39:00 AM,WC26046579,"MAXWELL AVE / RED ROCK RD, NEWPORT",TRAFFIC STOP
WASHINGTON COUNTY SHERIFFS OFFICE,NEWPORT,9/11/2026 4:14:32 PM,WC26046616,"XXX 21ST ST, NEWPORT",CIVIL MATTER/DISPUTE
WASHINGTON COUNTY SHERIFFS OFFICE,NEWPORT,9/11/2026 6:18:46 PM,WC26046645,"1XXX  - 1338 BAILEY RD, NEWPORT",ASSIST OTHER AGENCY
WASHINGTON COUNTY SHERIFFS OFFICE,NEWPORT,9/11/2026 6:37:20 PM,WC26046647,"XXX RED ROCK XING, NEWPORT",ASSAULT
WASHINGTON COUNTY SHERIFFS OFFICE,NEWPORT,9/11/2026 9:15:00 PM,WC26046662,"8TH AVE / 20TH ST, NEWPORT",TRAFFIC STOP
WASHINGTON COUNTY SHERIFFS OFFICE,NEWPORT,9/11/2026 10:38:00 PM,WC26046679,"Hwy 61 SB @ Maxwell Ave, NEWPORT",TRAFFIC STOP
WASHINGTON COUNTY SHERIFFS OFFICE,NEWPORT,9/12/2026 2:21:00 AM,WC26046712,"I494 WB OVER MAXWELL AVE, NEWPORT",DWI
WASHINGTON COUNTY SHERIFFS OFFICE,NEWPORT,9/12/2026 3:25:22 AM,WC26046715,"XXX RED ROCK XING, NEWPORT",MEDICAL
WASHINGTON COUNTY SHERIFFS OFFICE,NEWPORT,9/12/2026 2:27:14 PM,WC26046762,"XXX RED ROCK XING, NEWPORT",SUICIDE ATTEMPT/THREATS OF
WASHINGTON COUNTY SHERIFFS OFFICE,NEWPORT,9/12/2026 5:14:49 PM,WC26046795,"BAILEY RD / MILITARY RD, NEWPORT",CITIZEN/PUBLIC ASSIST
WASHINGTON COUNTY SHERIFFS OFFICE,NEWPORT,9/12/2026 6:29:01 PM,WC26046812,"XXX HASTINGS AVE, NEWPORT",CITIZEN/PUBLIC ASSIST
WASHINGTON COUNTY SHERIFFS OFFICE,NEWPORT,9/12/2026 8:08:07 PM,WC26046825,"1XXX  10TH AVE, NEWPORT",911 ABANDONED/HANGUP/OPEN LINE
WASHINGTON COUNTY SHERIFFS OFFICE,NEWPORT,9/12/2026 11:20:27 PM,WC26046845,"XXX SPRUCE ST, NEWPORT",911 ABANDONED/HANGUP/OPEN LINE
WASHINGTON COUNTY SHERIFFS OFFICE,OAK PARK HEIGHTS,9/6/2026 9:28:15 PM,WC26045707,"6XXX  OSGOOD AVE N, OAK PARK HEIGHTS",CIVIL MATTER/DISPUTE
WASHINGTON COUNTY SHERIFFS OFFICE,OAKDALE,9/6/2026 12:01:00 AM,WC26045563,"I694 SB JNO 50TH ST N, OAKDALE",DWI
WASHINGTON COUNTY SHERIFFS OFFICE,OAKDALE,9/8/2026 12:51:00 AM,WC26045887,"I694 SB JNO HWY 36, OAKDALE",TRAFFIC STOP
WASHINGTON COUNTY SHERIFFS OFFICE,OAKDALE,9/9/2026 10:00:00 AM,WC26046157,"5XXX  HADLEY AVE N, OAKDALE",WARRANT ARREST
WASHINGTON COUNTY SHERIFFS OFFICE,OAKDALE,9/9/2026 7:45:08 PM,WC26046253,"Unknown, OAKDALE",ASSIST OTHER AGENCY
WASHINGTON COUNTY SHERIFFS OFFICE,OAKDALE,9/10/2026 12:29:00 AM,WC26046298,"HWY 36 WB AT 50TH ST N, OAKDALE",DWI
WASHINGTON COUNTY SHERIFFS OFFICE,OAKDALE,9/12/2026 12:05:00 AM,WC26046693,"5XXX  HADLEY AVE N, OAKDALE",WARRANT ARREST
WASHINGTON COUNTY SHERIFFS OFFICE,OAKDALE,9/12/2026 11:27:01 PM,WC26046847,"7XXX  10TH ST N, OAKDALE",ASSIST OTHER AGENCY
WASHINGTON COUNTY SHERIFFS OFFICE,PINE SPRINGS,9/8/2026 7:55:39 PM,WC26046052,"HWY 36 WB JEO I694, PINE SPRINGS",TRAFFIC COMPLAINT
WASHINGTON COUNTY SHERIFFS OFFICE,PINE SPRINGS,9/10/2026 12:03:00 AM,WC26046293,"HILTON TRL N / 60TH ST N, PINE SPRINGS",TRAFFIC STOP
WASHINGTON COUNTY SHERIFFS OFFICE,Saint Paul,9/9/2026 4:48:00 AM,WC26046123,"2XXX  OLD HUDSON RD, Saint Paul",WARRANT ARREST
WASHINGTON COUNTY SHERIFFS OFFICE,SAINT PAUL PARK,9/6/2026 3:59:00 PM,WC26045649,"1XXX  DAYTON AVE, SAINT PAUL PARK",ASSIST OTHER AGENCY
WASHINGTON COUNTY SHERIFFS OFFICE,SAINT PAUL PARK,9/9/2026 8:41:08 AM,WC26046139,"HWY 61 SB AT 70TH ST S, SAINT PAUL PARK",MOTORIST ASSIST
WASHINGTON COUNTY SHERIFFS OFFICE,SAINT PAUL PARK,9/12/2026 12:04:50 AM,WC26046694,"XXX - 398 SAINT PAUL PARK RD, SAINT PAUL PARK",ASSIST OTHER AGENCY
WASHINGTON COUNTY SHERIFFS OFFICE,SCANDIA,9/7/2026 1:15:50 AM,WC26045736,"19XXX  PARKVIEW LN N, SCANDIA",SUSPICIOUS PERSON/ACTIVITY
WASHINGTON COUNTY SHERIFFS OFFICE,SCANDIA,9/7/2026 4:12:40 PM,WC26045828,"HWY 95 AT QUINNELL AVE N, SCANDIA",ASSIST OTHER AGENCY
WASHINGTON COUNTY SHERIFFS OFFICE,SCANDIA,9/7/2026 9:16:30 PM,WC26045861,"SCANDIA TRL N / MANNING TRL N, SCANDIA",ACCIDENT
WASHINGTON COUNTY SHERIFFS OFFICE,SCANDIA,9/8/2026 6:56:50 AM,WC26045906,"SAINT CROIX TRL N / 199TH ST N, SCANDIA",PUBLIC WORKS CONCERN
WASHINGTON COUNTY SHERIFFS OFFICE,SCANDIA,9/8/2026 8:23:35 AM,WC26045920,"14XXX  OAKHILL LN N, SCANDIA",ALARM-BUSINESS/RES/FIRE/MEDICAL/ETC
WASHINGTON COUNTY SHERIFFS OFFICE,SCANDIA,9/8/2026 8:34:12 AM,WC26045925,"19XXX  MANNING TRL N, SCANDIA",911 ABANDONED/HANGUP/OPEN LINE
WASHINGTON COUNTY SHERIFFS OFFICE,SCANDIA,9/9/2026 1:10:22 AM,WC26046106,"18XXX  - 19499 OLINDA TRL N, SCANDIA",ROAD HAZARD
WASHINGTON COUNTY SHERIFFS OFFICE,SCANDIA,9/9/2026 2:35:20 AM,WC26046114,"21XXX  PENFIELD AVE N, SCANDIA",CIVIL MATTER/DISPUTE
WASHINGTON COUNTY SHERIFFS OFFICE,SCANDIA,9/9/2026 8:51:59 AM,WC26046144,"20XXX  OLINDA TRL N, SCANDIA",LOST PROPERTY/ITEM
WASHINGTON COUNTY SHERIFFS OFFICE,SCANDIA,9/9/2026 9:56:27 AM,WC26046155,"14XXX  202ND ST N, SCANDIA",LIFT ASSIST
WASHINGTON COUNTY SHERIFFS OFFICE,SCANDIA,9/9/2026 11:14:52 AM,WC26046182,"21XXX  OZARK CT N, SCANDIA",ALARM-BUSINESS/RES/FIRE/MEDICAL/ETC
WASHINGTON COUNTY SHERIFFS OFFICE,SCANDIA,9/9/2026 5:34:14 PM,WC26046235,"Unknown, SCANDIA",CIVIL MATTER/DISPUTE
WASHINGTON COUNTY SHERIFFS OFFICE,SCANDIA,9/9/2026 6:11:01 PM,WC26046239,"10XXX  191ST ST N, SCANDIA",CITIZEN/PUBLIC ASSIST
WASHINGTON COUNTY SHERIFFS OFFICE,SCANDIA,9/10/2026 1:18:18 PM,WC26046392,"20XXX  QUINT AVE N, SCANDIA",CITIZEN/PUBLIC ASSIST
WASHINGTON COUNTY SHERIFFS OFFICE,SCANDIA,9/10/2026 3:18:31 PM,WC26046411,"220TH ST N / POMROY AVE N, SCANDIA",ANIMAL COMPLAINT
WASHINGTON COUNTY SHERIFFS OFFICE,SCANDIA,9/11/2026 10:32:01 AM,WC26046571,"11XXX  189TH ST N, SCANDIA",CIVIL MATTER/DISPUTE
WASHINGTON COUNTY SHERIFFS OFFICE,SCANDIA,9/11/2026 5:44:51 PM,WC26046637,"14XXX  202ND ST N, SCANDIA",MEDICAL
WASHINGTON COUNTY SHERIFFS OFFICE,SCANDIA,9/12/2026 6:18:03 AM,WC26046722,"10XXX  191ST ST N, SCANDIA",WELFARE CHECK
WASHINGTON COUNTY SHERIFFS OFFICE,SCANDIA,9/12/2026 8:33:08 AM,WC26046732,"BIG MARINE LAKE, SCANDIA",WATERCRAFT ASSIST/RESCUE
WASHINGTON COUNTY SHERIFFS OFFICE,SCANDIA,9/12/2026 11:13:48 PM,WC26046844,"Unknown, SCANDIA",NOISE COMPLAINT/DISTURBANCE
WASHINGTON COUNTY SHERIFFS OFFICE,STILLWATER,9/6/2026 1:10:22 AM,WC26045575,"XXX Saint Croix Ave E, STILLWATER",RUNAWAY
WASHINGTON COUNTY SHERIFFS OFFICE,STILLWATER,9/6/2026 4:36:12 AM,WC26045589,"15XXX  62ND ST N, STILLWATER",FUGITIVE FROM JUSTICE
WASHINGTON COUNTY SHERIFFS OFFICE,STILLWATER,9/6/2026 3:26:25 PM,WC26045642,"15XXX  62ND ST N, STILLWATER",OFFICER INFORMATION
WASHINGTON COUNTY SHERIFFS OFFICE,STILLWATER,9/6/2026 5:56:28 PM,WC26045670,"XXX SYCAMORE ST W, STILLWATER",CIVIL MATTER/DISPUTE
WASHINGTON COUNTY SHERIFFS OFFICE,STILLWATER,9/6/2026 6:11:31 PM,WC26045672,"1XXX  RICE ST W, STILLWATER",CIVIL MATTER/DISPUTE
WASHINGTON COUNTY SHERIFFS OFFICE,STILLWATER,9/6/2026 7:19:34 PM,WC26045683,"15XXX  62ND ST N, STILLWATER",FOLLOW UP
WASHINGTON COUNTY SHERIFFS OFFICE,STILLWATER,9/8/2026 4:04:50 PM,WC26046014,"15XXX  62ND ST N, STILLWATER",INCIDENT
WASHINGTON COUNTY SHERIFFS OFFICE,STILLWATER,9/9/2026 9:15:32 AM,WC26046148,"15XXX  62ND ST N, STILLWATER",ASSIST OTHER AGENCY
WASHINGTON COUNTY SHERIFFS OFFICE,STILLWATER,9/9/2026 11:33:30 AM,WC26046184,"15XXX  62ND ST N, STILLWATER",MISSING PERSON
WASHINGTON COUNTY SHERIFFS OFFICE,STILLWATER,9/9/2026 5:05:24 PM,WC26046232,"15XXX  62ND ST N, STILLWATER",FUGITIVE FROM JUSTICE
WASHINGTON COUNTY SHERIFFS OFFICE,STILLWATER,9/10/2026 10:33:42 AM,WC26046368,"MANNING AVE N / LIBERTY AVE, STILLWATER",MOTORIST ASSIST
WASHINGTON COUNTY SHERIFFS OFFICE,STILLWATER,9/10/2026 4:53:42 PM,WC26046428,"15XXX  62ND ST N, STILLWATER",CITIZEN/PUBLIC ASSIST
WASHINGTON COUNTY SHERIFFS OFFICE,STILLWATER,9/10/2026 5:06:12 PM,WC26046431,"14XXX  62ND ST N, STILLWATER",CIVIL MATTER/DISPUTE
WASHINGTON COUNTY SHERIFFS OFFICE,STILLWATER,9/11/2026 1:36:09 AM,WC26046502,"15XXX  62ND ST N, STILLWATER",CITIZEN/PUBLIC ASSIST
WASHINGTON COUNTY SHERIFFS OFFICE,STILLWATER,9/11/2026 3:59:49 AM,WC26046511,"XXX LAUREL ST W, STILLWATER",ASSIST OTHER AGENCY
WASHINGTON COUNTY SHERIFFS OFFICE,STILLWATER,9/11/2026 3:02:12 PM,WC26046607,"15XXX  62ND ST N, STILLWATER",OFFICER INFORMATION
WASHINGTON COUNTY SHERIFFS OFFICE,STILLWATER,9/11/2026 5:54:55 PM,WC26046640,"15XXX  62ND ST N, STILLWATER",MEDICAL
WASHINGTON COUNTY SHERIFFS OFFICE,STILLWATER TOWNSHIP,9/6/2026 1:01:18 AM,WC26045574,"BOOM SITE, STILLWATER TOWNSHIP",SUSPICIOUS PERSON/ACTIVITY
WASHINGTON COUNTY SHERIFFS OFFICE,STILLWATER TOWNSHIP,9/6/2026 10:08:08 PM,WC26045716,"NORELL AVE N / DELLWOOD RD N, STILLWATER TOWNSHIP",INCIDENT
WASHINGTON COUNTY SHERIFFS OFFICE,STILLWATER TOWNSHIP,9/7/2026 12:08:00 AM,WC26045731,"HWY 36 EB AT MANNING AVE N, STILLWATER TOWNSHIP",TRAFFIC STOP
WASHINGTON COUNTY SHERIFFS OFFICE,STILLWATER TOWNSHIP,9/7/2026 11:38:13 AM,WC26045780,"9XXX  NORELL AVE N, STILLWATER TOWNSHIP",SHOTS FIRED/SHOOTING COMPLAINT
WASHINGTON COUNTY SHERIFFS OFFICE,STILLWATER TOWNSHIP,9/7/2026 12:30:29 PM,WC26045784,"9XXX  STONEBRIDGE TRL N, STILLWATER TOWNSHIP",SHOTS FIRED/SHOOTING COMPLAINT
WASHINGTON COUNTY SHERIFFS OFFICE,STILLWATER TOWNSHIP,9/8/2026 4:11:44 AM,WC26045899,"10XXX  OTTUMWA AVE N, STILLWATER TOWNSHIP",ALARM-BUSINESS/RES/FIRE/MEDICAL/ETC
WASHINGTON COUNTY SHERIFFS OFFICE,STILLWATER TOWNSHIP,9/8/2026 12:12:01 PM,WC26045970,"DELLWOOD RD N / MILLBROOK CIR, STILLWATER TOWNSHIP",PROPERTY DAMAGE
WASHINGTON COUNTY SHERIFFS OFFICE,STILLWATER TOWNSHIP,9/9/2026 8:19:08 PM,WC26046258,"11XXX  MYERON RD N, STILLWATER TOWNSHIP",SUSPICIOUS PERSON/ACTIVITY
WASHINGTON COUNTY SHERIFFS OFFICE,STILLWATER TOWNSHIP,9/11/2026 5:06:14 PM,WC26046629,"9XXX  OTCHIPWE AVE N, STILLWATER TOWNSHIP",ROAD HAZARD
WASHINGTON COUNTY SHERIFFS OFFICE,STILLWATER TOWNSHIP,9/11/2026 6:28:23 PM,WC26046646,"10XXX  NORWOOD AVE N, STILLWATER TOWNSHIP",HUNTING COMPLAINT
WASHINGTON COUNTY SHERIFFS OFFICE,STILLWATER TOWNSHIP,9/11/2026 7:19:18 PM,WC26046651,"HWY 36 EB AT MANNING AVE N, STILLWATER TOWNSHIP",DISTURBANCE
WASHINGTON COUNTY SHERIFFS OFFICE,STILLWATER TOWNSHIP,9/11/2026 11:14:00 PM,WC26046685,"HWY 36 EB AT MANNING AVE N, STILLWATER TOWNSHIP",TRAFFIC STOP
WASHINGTON COUNTY SHERIFFS OFFICE,STILLWATER TOWNSHIP,9/12/2026 2:09:01 PM,WC26046760,"9XXX  ARCOLA CT N, STILLWATER TOWNSHIP",MOTOR VEHICLE THEFT
WASHINGTON COUNTY SHERIFFS OFFICE,STILLWATER TOWNSHIP,9/12/2026 3:22:01 PM,WC26046771,"10XXX  NORELL AVE N, STILLWATER TOWNSHIP",CIVIL MATTER/DISPUTE
WASHINGTON COUNTY SHERIFFS OFFICE,WEST LAKELAND TOWNSHIP,9/6/2026 12:09:05 PM,WC26045615,"14XXX  23RD ST N, WEST LAKELAND TOWNSHIP",MEDICAL
WASHINGTON COUNTY SHERIFFS OFFICE,WEST LAKELAND TOWNSHIP,9/6/2026 8:38:54 PM,WC26045695,"I94 EB JEO STAGECOACH TRL N, WEST LAKELAND TOWNSHIP",TRAFFIC STOP
WASHINGTON COUNTY SHERIFFS OFFICE,WEST LAKELAND TOWNSHIP,9/6/2026 11:20:31 PM,WC26045719,"1XXX  NOLAN AVE N, WEST LAKELAND TOWNSHIP",MEDICAL
WASHINGTON COUNTY SHERIFFS OFFICE,WEST LAKELAND TOWNSHIP,9/7/2026 12:51:50 AM,WC26045733,"15XXX  PAINTERS LANE CIR N, WEST LAKELAND TOWNSHIP",ALARM-BUSINESS/RES/FIRE/MEDICAL/ETC
WASHINGTON COUNTY SHERIFFS OFFICE,WEST LAKELAND TOWNSHIP,9/8/2026 11:05:02 AM,WC26045953,"1XXX  NOLAN AVE N, WEST LAKELAND TOWNSHIP",LIFT ASSIST
WASHINGTON COUNTY SHERIFFS OFFICE,WEST LAKELAND TOWNSHIP,9/8/2026 11:28:22 AM,WC26045959,"13XXX  4TH ST N, WEST LAKELAND TOWNSHIP",911 ABANDONED/HANGUP/OPEN LINE
WASHINGTON COUNTY SHERIFFS OFFICE,WEST LAKELAND TOWNSHIP,9/8/2026 8:32:44 PM,WC26046056,"10TH ST N / MANNING AVE N, WEST LAKELAND TOWNSHIP",TRAFFIC COMPLAINT
WASHINGTON COUNTY SHERIFFS OFFICE,WEST LAKELAND TOWNSHIP,9/8/2026 8:45:41 PM,WC26046060,"14XXX  7TH ST N, WEST LAKELAND TOWNSHIP",SUSPICIOUS PERSON/ACTIVITY
WASHINGTON COUNTY SHERIFFS OFFICE,WEST LAKELAND TOWNSHIP,9/10/2026 11:52:00 AM,WC26046383,"12XXX  18TH ST N, WEST LAKELAND TOWNSHIP",ACCIDENT
WASHINGTON COUNTY SHERIFFS OFFICE,WEST LAKELAND TOWNSHIP,9/10/2026 5:18:45 PM,WC26046434,"2XXX  NEAL AVE N, WEST LAKELAND TOWNSHIP",MEDICAL
WASHINGTON COUNTY SHERIFFS OFFICE,WEST LAKELAND TOWNSHIP,9/10/2026 11:56:31 PM,WC26046486,"1XXX  PANAMA AVE N, WEST LAKELAND TOWNSHIP",WELFARE CHECK
WASHINGTON COUNTY SHERIFFS OFFICE,WEST LAKELAND TOWNSHIP,9/11/2026 5:19:55 PM,WC26046634,"2XXX  PARIS ALCOVE N, WEST LAKELAND TOWNSHIP",DISTURBANCE
WASHINGTON COUNTY SHERIFFS OFFICE,WEST LAKELAND TOWNSHIP,9/11/2026 8:42:15 PM,WC26046658,"14XXX  INTERSTATE 94, WEST LAKELAND TOWNSHIP",SUSPICIOUS PERSON/ACTIVITY
WASHINGTON COUNTY SHERIFFS OFFICE,WEST LAKELAND TOWNSHIP,9/11/2026 9:31:13 PM,WC26046665,"2XXX  QUANT AVE N, WEST LAKELAND TOWNSHIP",ASSIST OTHER AGENCY
WASHINGTON COUNTY SHERIFFS OFFICE,WEST LAKELAND TOWNSHIP,9/12/2026 3:39:27 PM,WC26046775,"OAKGREEN AVE N / 10TH ST N, WEST LAKELAND TOWNSHIP",WELFARE CHECK
WASHINGTON COUNTY SHERIFFS OFFICE,WILLERNIE,9/6/2026 9:22:37 AM,WC26045601,"XXX FAVERSHAM RD, WILLERNIE",ANIMAL COMPLAINT
WASHINGTON COUNTY SHERIFFS OFFICE,WILLERNIE,9/7/2026 10:42:21 AM,WC26045775,"XXX WARNER AVE, WILLERNIE",911 ABANDONED/HANGUP/OPEN LINE
WASHINGTON COUNTY SHERIFFS OFFICE,WILLERNIE,9/8/2026 9:46:50 AM,WC26045935,"XXX WARNER AVE S, WILLERNIE",PARKING COMPLAINT
WASHINGTON COUNTY SHERIFFS OFFICE,WILLERNIE,9/8/2026 10:31:01 AM,WC26045943,"Unknown, WILLERNIE",FOLLOW UP
WASHINGTON COUNTY SHERIFFS OFFICE,WILLERNIE,9/9/2026 8:02:36 PM,WC26046255,"XXX FAVERSHAM RD, WILLERNIE",SUSPICIOUS PERSON/ACTIVITY
WASHINGTON COUNTY SHERIFFS OFFICE,WILLERNIE,9/9/2026 8:46:34 PM,WC26046264,"XXX FAVERSHAM RD, WILLERNIE",SUSPICIOUS PERSON/ACTIVITY
WASHINGTON COUNTY SHERIFFS OFFICE,WILLERNIE,9/11/2026 3:40:27 PM,WC26046610,"XXX WILDWOOD RD, WILLERNIE",OFFICER INFORMATION
WASHINGTON COUNTY SHERIFFS OFFICE,WOODBURY,9/7/2026 6:53:05 AM,WC26045758,"I494 NB JSO LAKE RD, WOODBURY",MOTORIST ASSIST
WASHINGTON COUNTY SHERIFFS OFFICE,WOODBURY,9/7/2026 5:47:00 PM,WC26045841,"7XXX  - 7900 BAILEY RD, WOODBURY",TRAFFIC STOP
WASHINGTON COUNTY SHERIFFS OFFICE,WOODBURY,9/8/2026 6:26:16 PM,WC26046038,"6XXX  STRATFORD ALCOVE, WOODBURY",MEDICAL
WASHINGTON COUNTY SHERIFFS OFFICE,WOODBURY,9/8/2026 7:21:00 PM,WC26046046,"I494 NB JSO LAKE RD, WOODBURY",TRAFFIC STOP
WASHINGTON COUNTY SHERIFFS OFFICE,WOODBURY,9/9/2026 5:33:21 PM,WC26046234,"40TH ST S / MANNING AVE S, WOODBURY",MOTORIST ASSIST
WASHINGTON COUNTY SHERIFFS OFFICE,WOODBURY,9/9/2026 6:40:44 PM,WC26046242,"9XXX  TROON CT, WOODBURY",CIVIL MATTER/DISPUTE
WASHINGTON COUNTY SHERIFFS OFFICE,WOODBURY,9/10/2026 6:42:53 AM,WC26046324,"XXX KAREN DR, WOODBURY",ASSIST OTHER AGENCY
WASHINGTON COUNTY SHERIFFS OFFICE,WOODBURY,9/10/2026 6:05:39 PM,WC26046444,"XXX ELAN CT, WOODBURY",CIVIL MATTER/DISPUTE
WASHINGTON COUNTY SHERIFFS OFFICE,WOODBURY,9/11/2026 1:36:58 PM,WC26046592,"Unknown, WOODBURY",ASSIST OTHER AGENCY
WASHINGTON COUNTY SHERIFFS OFFICE,WOODBURY,9/12/2026 1:15:55 AM,WC26046704,"MILITARY RD / SUNNY HILL DR, WOODBURY",TRAFFIC STOP
WASHINGTON COUNTY SHERIFFS OFFICE,WOODBURY,9/12/2026 3:24:40 PM,WC26046773,"WILLOW LN / UPPER AFTON RD, WOODBURY",ASSIST OTHER AGENCY
WOODBURY PUBLIC SAFETY,LAKE ELMO,9/11/2026 9:31:19 AM,WB26037746,"10XXX  - 10999 HUDSON BLVD N, LAKE ELMO",TRAFFIC STOP
WOODBURY PUBLIC SAFETY,NEWPORT,9/6/2026 12:16:16 AM,WB26037005,"HWY 61 SB TO 70TH ST S RAMP, NEWPORT",ASSIST OTHER AGENCY
WOODBURY PUBLIC SAFETY,WOODBURY,9/6/2026 2:02:53 AM,WB26037020,"10XXX  HUDSON RD, WOODBURY",CIVIL MATTER/DISPUTE
WOODBURY PUBLIC SAFETY,WOODBURY,9/6/2026 3:06:07 AM,WB26037023,"11XXX  BROOKVIEW RD, WOODBURY",ROBBERY
WOODBURY PUBLIC SAFETY,WOODBURY,9/6/2026 8:49:53 AM,WB26037030,"7XXX  ROBINWOOD TRL, WOODBURY",VEHICLE TAMPERING
WOODBURY PUBLIC SAFETY,WOODBURY,9/6/2026 10:57:37 AM,WB26037040,"7XXX  ROBINWOOD BAY, WOODBURY",VEHICLE TAMPERING
WOODBURY PUBLIC SAFETY,WOODBURY,9/6/2026 1:35:05 PM,WB26037048,"XXX COMMONS DR, WOODBURY",ACCIDENT
WOODBURY PUBLIC SAFETY,WOODBURY,9/6/2026 2:11:08 PM,WB26037051,"SETTLERS RIDGE PKWY / GATEWAY PL, WOODBURY",DISTURBANCE
WOODBURY PUBLIC SAFETY,WOODBURY,9/6/2026 2:27:50 PM,WB26037052,"7XXX  VALLEY CREEK PLZ, WOODBURY",THEFT
WOODBURY PUBLIC SAFETY,WOODBURY,9/6/2026 4:14:11 PM,WB26037059,"7XXX  SHERWOOD RD, WOODBURY",PROPERTY DAMAGE
WOODBURY PUBLIC SAFETY,WOODBURY,9/6/2026 5:44:03 PM,WB26037068,"8XXX  TAMARACK VLG, WOODBURY",WARRANT ARREST
WOODBURY PUBLIC SAFETY,WOODBURY,9/6/2026 5:51:59 PM,WB26037071,"10XXX  HUDSON RD, WOODBURY",DISTURBANCE
WOODBURY PUBLIC SAFETY,WOODBURY,9/6/2026 6:28:54 PM,WB26037076,"10XXX  BLEEKER ST, WOODBURY",DISTURBANCE
WOODBURY PUBLIC SAFETY,WOODBURY,9/6/2026 9:01:43 PM,WB26037098,"HUDSON RD / PENDRYN HILL CURV, WOODBURY",DWI
WOODBURY PUBLIC SAFETY,WOODBURY,9/6/2026 10:00:09 PM,WB26037104,"4XXX  PIONEER DR, WOODBURY",JUVENILE COMPLAINT
WOODBURY PUBLIC SAFETY,WOODBURY,9/6/2026 10:50:07 PM,WB26037109,"2XXX  WIMBLEDON BAY, WOODBURY",SUSPICIOUS PERSON/ACTIVITY
WOODBURY PUBLIC SAFETY,WOODBURY,9/6/2026 11:12:55 PM,WB26037113,"1XXX  WOODLANE DR, WOODBURY",WARRANT ARREST
WOODBURY PUBLIC SAFETY,WOODBURY,9/7/2026 7:37:35 AM,WB26037146,"7XXX  GUIDER DR, WOODBURY",WELFARE CHECK
WOODBURY PUBLIC SAFETY,WOODBURY,9/7/2026 7:50:06 AM,WB26037147,"1XXX  WOODLANE DR, WOODBURY",THEFT
WOODBURY PUBLIC SAFETY,WOODBURY,9/7/2026 9:00:26 AM,WB26037154,"9XXX  PARKSIDE DR, WOODBURY",FRAUD/SCAM
WOODBURY PUBLIC SAFETY,WOODBURY,9/7/2026 11:33:56 AM,WB26037170,"7XXX  VALLEY CREEK PLZ, WOODBURY",THEFT
WOODBURY PUBLIC SAFETY,WOODBURY,9/7/2026 12:37:57 PM,WB26037174,"10XXX  HUDSON RD, WOODBURY",CIVIL MATTER/DISPUTE
WOODBURY PUBLIC SAFETY,WOODBURY,9/7/2026 2:22:00 PM,WB26037193,"1XXX  BLK WOODLANE DR, WOODBURY",ACCIDENT
WOODBURY PUBLIC SAFETY,WOODBURY,9/7/2026 2:42:27 PM,WB26037195,"XXX COMMONS DR, WOODBURY",PROPERTY DAMAGE
WOODBURY PUBLIC SAFETY,WOODBURY,9/7/2026 2:49:01 PM,WB26037196,"2XXX  QUEENS DR, WOODBURY",FAMILY ASSIST
WOODBURY PUBLIC SAFETY,WOODBURY,9/7/2026 4:45:03 PM,WB26037207,"10XXX  HUDSON RD, WOODBURY",THEFT
WOODBURY PUBLIC SAFETY,WOODBURY,9/7/2026 4:59:50 PM,WB26037208,"VALLEY CREEK RD / COLBY LAKE DR, WOODBURY",ACCIDENT
WOODBURY PUBLIC SAFETY,WOODBURY,9/7/2026 8:11:44 PM,WB26037228,"11XXX  SAND CASTLE DR, WOODBURY",MISSING PERSON
WOODBURY PUBLIC SAFETY,WOODBURY,9/7/2026 8:22:29 PM,WB26037229,"MILITARY RD / RADIO DR, WOODBURY",ACCIDENT
WOODBURY PUBLIC SAFETY,WOODBURY,9/7/2026 8:51:36 PM,WB26037233,"4XXX  PIONEER DR, WOODBURY",DISTURBANCE
WOODBURY PUBLIC SAFETY,WOODBURY,9/7/2026 11:48:55 PM,WB26037248,"XXX BLUEBIRD LN, WOODBURY",UNWANTED PERSON/VEHICLE
WOODBURY PUBLIC SAFETY,WOODBURY,9/8/2026 1:17:05 AM,WB26037253,"6XXX  SCHEEL DR, WOODBURY",PARK INCIDENT-CITY/COUNTY
WOODBURY PUBLIC SAFETY,WOODBURY,9/8/2026 7:18:16 AM,WB26037261,"2XXX  WOODBRIDGE WAY, WOODBURY",MOTOR VEHICLE THEFT
WOODBURY PUBLIC SAFETY,WOODBURY,9/8/2026 8:08:57 AM,WB26037263,"RADIO DR / HARGIS PKWY, WOODBURY",ACCIDENT
WOODBURY PUBLIC SAFETY,WOODBURY,9/8/2026 11:44:49 AM,WB26037294,"9XXX  CITY PLACE BLVD, WOODBURY",THEFT FROM MOTOR VEHICLE
WOODBURY PUBLIC SAFETY,WOODBURY,9/8/2026 1:00:30 PM,WB26037304,"XXX EAGLE RIDGE ALCOVE, WOODBURY",OFP VIOLATION
WOODBURY PUBLIC SAFETY,WOODBURY,9/8/2026 1:53:36 PM,WB26037311,"BAILEY LAKE RD / RADIO DR, WOODBURY",ACCIDENT
WOODBURY PUBLIC SAFETY,WOODBURY,9/8/2026 2:07:00 PM,WB26037312,"8XXX  - 8499 HUDSON RD, WOODBURY",TRAFFIC STOP
WOODBURY PUBLIC SAFETY,WOODBURY,9/8/2026 3:06:53 PM,WB26037323,"XXX COMMERCE DR, WOODBURY",PROPERTY DAMAGE
WOODBURY PUBLIC SAFETY,WOODBURY,9/8/2026 4:42:33 PM,WB26037333,"3XXX  WILDERNESS PATH, WOODBURY",WELFARE CHECK
WOODBURY PUBLIC SAFETY,WOODBURY,9/8/2026 4:53:03 PM,WB26037334,"XXX COMMERCE DR, WOODBURY",THEFT
WOODBURY PUBLIC SAFETY,WOODBURY,9/8/2026 10:48:56 PM,WB26037369,"VALLEY CREEK RD / WOODLANE DR, WOODBURY",TRAFFIC STOP
WOODBURY PUBLIC SAFETY,WOODBURY,9/9/2026 7:10:00 AM,WB26037395,"SETTLERS RIDGE PKWY / HUDSON RD, WOODBURY",ACCIDENT
WOODBURY PUBLIC SAFETY,WOODBURY,9/9/2026 7:38:00 AM,WB26037398,"BLUE RIDGE DR / LAKE RD, WOODBURY",ACCIDENT
WOODBURY PUBLIC SAFETY,WOODBURY,9/9/2026 8:57:12 AM,WB26037416,"6XXX  OAK KNOLL DR, WOODBURY",DRUNK/INTOXICATED 
WOODBURY PUBLIC SAFETY,WOODBURY,9/9/2026 9:13:15 AM,WB26037418,"8XXX  HUDSON RD, WOODBURY",TRESPASS NOTICE
WOODBURY PUBLIC SAFETY,WOODBURY,9/9/2026 9:56:56 AM,WB26037424,"7XXX  VALLEY CREEK PLZ, WOODBURY",ACCIDENT
WOODBURY PUBLIC SAFETY,WOODBURY,9/9/2026 10:14:25 AM,WB26037425,"HOPE RD / BAILEY RD, WOODBURY",TRAFFIC STOP
WOODBURY PUBLIC SAFETY,WOODBURY,9/9/2026 10:18:47 AM,WB26037432,"VALLEY CREEK RD OVER I494, WOODBURY",ACCIDENT
WOODBURY PUBLIC SAFETY,WOODBURY,9/9/2026 10:57:19 AM,WB26037436,"XXX LAKE VIEW DR, WOODBURY",OFP VIOLATION
WOODBURY PUBLIC SAFETY,WOODBURY,9/9/2026 12:16:51 PM,WB26037451,"XXX LAKE VIEW DR, WOODBURY",THREATS
WOODBURY PUBLIC SAFETY,WOODBURY,9/9/2026 12:24:18 PM,WB26037453,"8XXX  TAMARACK VLG, WOODBURY",SHOPLIFTING
WOODBURY PUBLIC SAFETY,WOODBURY,9/9/2026 1:06:00 PM,WB26037462,"2XXX  MALLARD DR, WOODBURY",DEATH
WOODBURY PUBLIC SAFETY,WOODBURY,9/9/2026 1:13:19 PM,WB26037463,"4XXX  BENJAMIN DR, WOODBURY",REQUEST FOR EMERGENCY EXAM - 72 HR HOLD
WOODBURY PUBLIC SAFETY,WOODBURY,9/9/2026 1:33:00 PM,WB26037577,"6XXX  TAHOE CIR, WOODBURY",ASSIST OTHER AGENCY
WOODBURY PUBLIC SAFETY,WOODBURY,9/9/2026 3:10:39 PM,WB26037478,"7XXX  AFTON RD, WOODBURY",FRAUD/SCAM
WOODBURY PUBLIC SAFETY,WOODBURY,9/9/2026 3:21:15 PM,WB26037483,"7XXX  ABERDEEN CURV, WOODBURY",WELFARE CHECK
WOODBURY PUBLIC SAFETY,WOODBURY,9/9/2026 3:25:14 PM,WB26037486,"LAKE RD / COUNTRYSIDE CT, WOODBURY",TRAFFIC COMPLAINT
WOODBURY PUBLIC SAFETY,WOODBURY,9/9/2026 4:40:23 PM,WB26037498,"3XXX  Commonwealth Ave, WOODBURY",THREATS
WOODBURY PUBLIC SAFETY,WOODBURY,9/9/2026 5:20:32 PM,WB26037500,"8XXX  GLOBE DR, WOODBURY",MISSING PERSON
WOODBURY PUBLIC SAFETY,WOODBURY,9/9/2026 6:04:32 PM,WB26037505,"XXX COMMERCE DR, WOODBURY",THEFT
WOODBURY PUBLIC SAFETY,WOODBURY,9/9/2026 6:40:03 PM,WB26037510,"VALLEY CREEK RD / TOWER DR, WOODBURY",ACCIDENT
WOODBURY PUBLIC SAFETY,WOODBURY,9/9/2026 6:43:17 PM,WB26037511,"WEIR DR / VALLEY CREEK RD, WOODBURY",ACCIDENT
WOODBURY PUBLIC SAFETY,WOODBURY,9/9/2026 8:08:16 PM,WB26037521,"2XXX  CORNELIA TRL, WOODBURY",WELFARE CHECK
WOODBURY PUBLIC SAFETY,WOODBURY,9/10/2026 6:42:53 AM,WB26037552,"XXX KAREN DR, WOODBURY",MISSING PERSON
WOODBURY PUBLIC SAFETY,WOODBURY,9/10/2026 8:18:33 AM,WB26037565,"BAILEY RD / Woodbury Dr, WOODBURY",ACCIDENT
WOODBURY PUBLIC SAFETY,WOODBURY,9/10/2026 8:58:17 AM,WB26037567,"Hudson Rd/Settlers Ridge Pkwy, WOODBURY",DWI
WOODBURY PUBLIC SAFETY,WOODBURY,9/10/2026 10:09:57 AM,WB26037581,"8XXX  Granite Ct, WOODBURY",IDENTITY THEFT
WOODBURY PUBLIC SAFETY,WOODBURY,9/10/2026 10:29:59 AM,WB26037587,"6XXX  - 6099 HUDSON RD, WOODBURY",TRAFFIC STOP
WOODBURY PUBLIC SAFETY,WOODBURY,9/10/2026 11:37:17 AM,WB26037602,"1XXX  FALLBROOK LN, WOODBURY",MISSING PERSON
WOODBURY PUBLIC SAFETY,WOODBURY,9/10/2026 11:57:41 AM,WB26037605,"XXX KAREN DR, WOODBURY",RECOVERED STOLEN
WOODBURY PUBLIC SAFETY,WOODBURY,9/10/2026 12:05:00 PM,WB26037608,"WEIR DR, WOODBURY",ACCIDENT
WOODBURY PUBLIC SAFETY,WOODBURY,9/10/2026 12:18:48 PM,WB26037610,"10XXX  BROOKVIEW RD, WOODBURY",CIVIL MATTER/DISPUTE
WOODBURY PUBLIC SAFETY,WOODBURY,9/10/2026 2:20:07 PM,WB26037629,"7XXX  VALLEY CREEK PLZ, WOODBURY",DISTURBANCE
WOODBURY PUBLIC SAFETY,WOODBURY,9/10/2026 2:48:07 PM,WB26037634,"8XXX  SAVANNA OAKS BAY, WOODBURY",CHILD CUSTODY
WOODBURY PUBLIC SAFETY,WOODBURY,9/10/2026 4:11:06 PM,WB26037653,"1XXX  - 975 RADIO DR, WOODBURY",TRAFFIC STOP
WOODBURY PUBLIC SAFETY,WOODBURY,9/10/2026 5:14:24 PM,WB26037667,"8XXX  TAMARACK VLG, WOODBURY",TRAFFIC STOP
WOODBURY PUBLIC SAFETY,WOODBURY,9/10/2026 5:48:55 PM,WB26037675,"RADIO DR / DALE RD, WOODBURY",ACCIDENT
WOODBURY PUBLIC SAFETY,WOODBURY,9/10/2026 6:38:05 PM,WB26037685,"7XXX  VALLEY CREEK PLZ, WOODBURY",SHOPLIFTING
WOODBURY PUBLIC SAFETY,WOODBURY,9/11/2026 12:07:00 AM,WB26037716,"1XXX  DONEGAL DR, WOODBURY",WARRANT ARREST
WOODBURY PUBLIC SAFETY,WOODBURY,9/11/2026 6:49:53 AM,WB26037728,"9XXX  Andrea Dr, WOODBURY",ORDINANCE VIOLATION
WOODBURY PUBLIC SAFETY,WOODBURY,9/11/2026 9:04:00 AM,WB26037766,"2XXX  VINING DR, WOODBURY",CPS REFERRAL
WOODBURY PUBLIC SAFETY,WOODBURY,9/11/2026 9:34:03 AM,WB26037747,"6XXX  ASHWOOD RD, WOODBURY",CIVIL MATTER/DISPUTE
WOODBURY PUBLIC SAFETY,WOODBURY,9/11/2026 9:34:54 AM,WB26037748,"9XXX  BAILEY RD, WOODBURY",TRAFFIC COMPLAINT
WOODBURY PUBLIC SAFETY,WOODBURY,9/11/2026 9:52:43 AM,WB26037749,"2XXX  WOODLANE DR, WOODBURY",DRUGS
WOODBURY PUBLIC SAFETY,WOODBURY,9/11/2026 10:12:59 AM,WB26037752,"9XXX  - 9999 HUDSON BLVD N, WOODBURY",TRAFFIC STOP
WOODBURY PUBLIC SAFETY,WOODBURY,9/11/2026 10:40:13 AM,WB26037757,"2XXX  Woodlane Drive, WOODBURY",THEFT FROM MOTOR VEHICLE
WOODBURY PUBLIC SAFETY,WOODBURY,9/11/2026 10:52:50 AM,WB26037761,"8XXX  SAVANNA OAKS LN, WOODBURY",HARASSMENT
WOODBURY PUBLIC SAFETY,WOODBURY,9/11/2026 10:58:41 AM,WB26037763,"VALLEY CREEK RD / CITY CENTRE DR, WOODBURY",ACCIDENT
WOODBURY PUBLIC SAFETY,WOODBURY,9/11/2026 11:15:24 AM,WB26037768,"1XXX  WOODWINDS DR, WOODBURY",ACCIDENT
WOODBURY PUBLIC SAFETY,WOODBURY,9/11/2026 12:42:22 PM,WB26037788,"1XXX  - 1617 QUEENS DR, WOODBURY",TRAFFIC STOP
WOODBURY PUBLIC SAFETY,WOODBURY,9/11/2026 12:45:55 PM,WB26037792,"XXX LAKE VIEW DR, WOODBURY",FOUND PROPERTY/ITEM
WOODBURY PUBLIC SAFETY,WOODBURY,9/11/2026 1:57:07 PM,WB26037801,"XXX KAREN DR, WOODBURY",IDENTITY THEFT
WOODBURY PUBLIC SAFETY,WOODBURY,9/11/2026 3:11:17 PM,WB26037824,"2XXX  RADIO DR, WOODBURY",FOUND PROPERTY/ITEM
WOODBURY PUBLIC SAFETY,WOODBURY,9/11/2026 3:25:45 PM,WB26037828,"2XXX  CAMERON DR, WOODBURY",RUNAWAY
WOODBURY PUBLIC SAFETY,WOODBURY,9/11/2026 3:29:28 PM,WB26037829,"9XXX  HUDSON RD, WOODBURY",SHOPLIFTING
WOODBURY PUBLIC SAFETY,WOODBURY,9/11/2026 3:31:27 PM,WB26037832,"XXX COMMERCE DR, WOODBURY",CIVIL MATTER/DISPUTE
WOODBURY PUBLIC SAFETY,WOODBURY,9/11/2026 3:31:46 PM,WB26037830,"VALLEY CREEK RD / INTERLACHEN PKWY, WOODBURY",ACCIDENT
WOODBURY PUBLIC SAFETY,WOODBURY,9/11/2026 3:35:07 PM,WB26037833,"10XXX  BLACKMOOR RD, WOODBURY",ORDINANCE VIOLATION
WOODBURY PUBLIC SAFETY,WOODBURY,9/11/2026 7:01:50 PM,WB26037860,"9XXX  - 9885 HUDSON PL, WOODBURY",TRAFFIC STOP
WOODBURY PUBLIC SAFETY,WOODBURY,9/11/2026 7:58:00 PM,WB26037865,"8XXX  TAMARACK VLG, WOODBURY",PARKING VIOLATION
WOODBURY PUBLIC SAFETY,WOODBURY,9/11/2026 8:14:48 PM,WB26037870,"XXX COMMONS DR, WOODBURY",ACCIDENT
WOODBURY PUBLIC SAFETY,WOODBURY,9/11/2026 10:09:46 PM,WB26037895,"VALLEY CREEK RD / WOODHILL DR, WOODBURY",REQUEST FOR EMERGENCY EXAM - 72 HR HOLD
WOODBURY PUBLIC SAFETY,WOODBURY,9/11/2026 10:37:54 PM,WB26037904,"WOODBURY DR / HUDSON RD, WOODBURY",TRAFFIC STOP
WOODBURY PUBLIC SAFETY,WOODBURY,9/12/2026 6:10:19 AM,WB26037943,"PIONEER DR / JUNIPER LN, WOODBURY",ANIMAL COMPLAINT
WOODBURY PUBLIC SAFETY,WOODBURY,9/12/2026 8:31:55 AM,WB26037947,"VALLEY CREEK RD / WOODBURY DR, WOODBURY",ACCIDENT
WOODBURY PUBLIC SAFETY,WOODBURY,9/12/2026 10:11:00 AM,WB26037954,"RADIO DR / HARGIS PKWY, WOODBURY",ACCIDENT
WOODBURY PUBLIC SAFETY,WOODBURY,9/12/2026 10:34:40 AM,WB26037957,"1XXX  SPINAKER DR, WOODBURY",WELFARE CHECK
WOODBURY PUBLIC SAFETY,WOODBURY,9/12/2026 10:36:52 AM,WB26037958,"10XXX  CITY WALK DR, WOODBURY",CIVIL MATTER/DISPUTE
WOODBURY PUBLIC SAFETY,WOODBURY,9/12/2026 10:46:22 AM,WB26037960,"1XXX  WEIR DR, WOODBURY",CIVIL MATTER/DISPUTE
WOODBURY PUBLIC SAFETY,WOODBURY,9/12/2026 11:58:18 AM,WB26037972,"XXX COMMERCE DR, WOODBURY",ACCIDENT
WOODBURY PUBLIC SAFETY,WOODBURY,9/12/2026 12:13:57 PM,WB26037975,"9XXX  HUDSON RD, WOODBURY",ACCIDENT
WOODBURY PUBLIC SAFETY,WOODBURY,9/12/2026 1:34:31 PM,WB26037986,"7XXX  GUIDER DR, WOODBURY",REQUEST FOR EMERGENCY EXAM - 72 HR HOLD
WOODBURY PUBLIC SAFETY,WOODBURY,9/12/2026 2:14:42 PM,WB26037990,"PARKWOOD DR / CENTURY CIR, WOODBURY",TRAFFIC STOP
WOODBURY PUBLIC SAFETY,WOODBURY,9/12/2026 2:18:14 PM,WB26037992,"TAMARACK HILLS / BIELENBERG DR, WOODBURY",ACCIDENT
WOODBURY PUBLIC SAFETY,WOODBURY,9/12/2026 2:49:43 PM,WB26037994,"10XXX  BRIDGEWATER PKWY, WOODBURY",ACCIDENT
WOODBURY PUBLIC SAFETY,WOODBURY,9/12/2026 3:24:40 PM,WB26038000,"XXX - 678 WILLOW LN, WOODBURY",WARRANT ARREST
WOODBURY PUBLIC SAFETY,WOODBURY,9/12/2026 3:42:33 PM,WB26038001,"HUDSON RD / WOODBURY DR, WOODBURY",ACCIDENT
WOODBURY PUBLIC SAFETY,WOODBURY,9/12/2026 4:32:32 PM,WB26038008,"8XXX  TAMARACK VLG, WOODBURY",SHOPLIFTING
WOODBURY PUBLIC SAFETY,WOODBURY,9/12/2026 5:02:57 PM,WB26038011,"LAKE RD / RADIO DR, WOODBURY",FOUND PROPERTY/ITEM
WOODBURY PUBLIC SAFETY,WOODBURY,9/12/2026 5:34:22 PM,WB26038014,"RADIO DR / HUDSON RD, WOODBURY",TRAFFIC STOP
WOODBURY PUBLIC SAFETY,WOODBURY,9/12/2026 7:14:40 PM,WB26038029,"10XXX  GRAND FOREST LN, WOODBURY",PROBATION VIOLATION
WOODBURY PUBLIC SAFETY,WOODBURY,9/12/2026 8:36:44 PM,WB26038042,"BAILEY RD / WOODBURY DR, WOODBURY",ACCIDENT
WOODBURY PUBLIC SAFETY,WOODBURY,9/12/2026 9:20:30 PM,WB26038047,"7XXX  ABERDEEN CURV, WOODBURY",FRAUD/SCAM
WOODBURY PUBLIC SAFETY,WOODBURY,9/12/2026 11:03:03 PM,WB26038063,"WEDGEWOOD DR / LAKE RD, WOODBURY",ACCIDENT
WOODBURY PUBLIC SAFETY,WOODBURY,9/12/2026 11:26:19 PM,WB26038066,"XXX - 131 RADIO DR, WOODBURY",TRAFFIC STOP
WOODBURY PUBLIC SAFETY,WOODBURY,9/12/2026 11:45:31 PM,WB26038067,"6XXX  MACBETH CIR, WOODBURY",JUVENILE COMPLAINT
WOODBURY PUBLIC SAFETY,WOODBURY,9/12/2026 11:47:01 PM,WB26038068,"XXX KAREN DR, WOODBURY",HARASSMENT
WOODBURY PUBLIC SAFETY,WOODBURY,9/12/2026 11:58:10 PM,WB26038070,"XXX COMMONS DR, WOODBURY",DISORDERLY CONDUCT

