AgencyName,Address_City_Description,CreatedOn1,CaseNum,Textbox28,EventDescription
BAYPORT POLICE DEPARTMENT,BAYPORT,8/23/2026 8:47:00 AM,BP26002790,"56TH ST N / STAGECOACH TRL N, BAYPORT",WARRANT ARREST
BAYPORT POLICE DEPARTMENT,BAYPORT,8/23/2026 10:56:29 PM,BP26002794,"XXX Prairie Way S, BAYPORT",MEDICAL
BAYPORT POLICE DEPARTMENT,BAYPORT,8/23/2026 11:13:56 PM,BP26002795,"XX CENTRAL AVE, BAYPORT",Park Close
BAYPORT POLICE DEPARTMENT,BAYPORT,8/24/2026 9:46:03 AM,BP26002797,"XXX PICKETT ST N, BAYPORT",DISTURBANCE
BAYPORT POLICE DEPARTMENT,BAYPORT,8/24/2026 4:32:16 PM,BP26002798,"XXX 3rd St S, BAYPORT",FIRE
BAYPORT POLICE DEPARTMENT,BAYPORT,8/25/2026 12:18:49 AM,BP26002800,"XXX Highway 95 N, BAYPORT",MEDICAL
BAYPORT POLICE DEPARTMENT,BAYPORT,8/25/2026 1:03:15 AM,BP26002801,"XX CENTRAL AVE, BAYPORT",PARK CLOSED
BAYPORT POLICE DEPARTMENT,BAYPORT,8/25/2026 2:33:48 PM,BP26002809,"XXX Minnesota St S, BAYPORT",DRIVING COMPLAINT
BAYPORT POLICE DEPARTMENT,BAYPORT,8/25/2026 3:15:32 PM,BP26002810,"XXX Osprey Blvd, BAYPORT",ALARM-BUSINESS/RES/FIRE/MEDICAL/ETC
BAYPORT POLICE DEPARTMENT,BAYPORT,8/25/2026 4:15:18 PM,BP26002811,"XXX 3RD ST N, BAYPORT",ACCIDENT
BAYPORT POLICE DEPARTMENT,BAYPORT,8/25/2026 6:00:42 PM,BP26002812,"XXX - 240 PRIMROSE PATH N, BAYPORT",TRAFFIC COMPLAINT
BAYPORT POLICE DEPARTMENT,BAYPORT,8/25/2026 7:08:49 PM,BP26002814,"XXX OSPREY BLVD, BAYPORT",WELFARE CHECK
BAYPORT POLICE DEPARTMENT,BAYPORT,8/25/2026 8:34:25 PM,BP26002815,"XX CENTRAL AVE, BAYPORT",PARK CLOSED
BAYPORT POLICE DEPARTMENT,BAYPORT,8/25/2026 8:48:38 PM,BP26002816,"XXX LAKE ST S, BAYPORT",SUSPICIOUS PERSON/ACTIVITY
BAYPORT POLICE DEPARTMENT,BAYPORT,8/25/2026 10:52:45 PM,BP26002817,"XXX 5th Ave S, BAYPORT",DISTURBANCE
BAYPORT POLICE DEPARTMENT,BAYPORT,8/25/2026 11:36:44 PM,BP26002818,"XXX 5TH AVE S, BAYPORT",SUSPICIOUS PERSON/ACTIVITY
BAYPORT POLICE DEPARTMENT,BAYPORT,8/27/2026 2:17:18 AM,BP26002821,"XXX Highway 95 N, BAYPORT",MEDICAL
BAYPORT POLICE DEPARTMENT,BAYPORT,8/27/2026 7:56:11 AM,BP26002823,"XXX PICKETT ST N, BAYPORT",ASSIST OTHER AGENCY
BAYPORT POLICE DEPARTMENT,BAYPORT,8/27/2026 8:12:08 AM,BP26002824,"XXX 6TH ST S, BAYPORT",SUSPICIOUS PERSON/ACTIVITY
BAYPORT POLICE DEPARTMENT,BAYPORT,8/27/2026 11:53:56 AM,BP26002825,"XXX inspiration pkwy n, BAYPORT",PARKING COMPLAINT
BAYPORT POLICE DEPARTMENT,BAYPORT,8/27/2026 3:31:08 PM,BP26002828,"XXX 3RD ST N, BAYPORT",ACCIDENT
BAYPORT POLICE DEPARTMENT,BAYPORT,8/27/2026 9:59:26 PM,BP26002830,"XXX 3RD ST N, BAYPORT",FOUND PROPERTY/ITEM
BAYPORT POLICE DEPARTMENT,BAYPORT,8/27/2026 10:34:36 PM,BP26002831,"XX CENTRAL AVE, BAYPORT",Park Close
BAYPORT POLICE DEPARTMENT,BAYPORT,8/27/2026 10:51:12 PM,BP26002832,"XXX Highway 95 N, BAYPORT",THEFT
BAYPORT POLICE DEPARTMENT,BAYPORT,8/28/2026 11:37:57 AM,BP26002837,"XXX Highway 95 N, BAYPORT",FOLLOW UP
BAYPORT POLICE DEPARTMENT,BAYPORT,8/28/2026 5:01:54 PM,BP26002839,"XXX 3RD ST S, BAYPORT",MEDICAL
BAYPORT POLICE DEPARTMENT,BAYPORT,8/28/2026 6:05:47 PM,BP26002840,"XXX 5TH AVE N, BAYPORT",WARRANT ARREST
BAYPORT POLICE DEPARTMENT,BAYPORT,8/28/2026 8:51:22 PM,BP26002846,"XX CENTRAL AVE, BAYPORT",PARK CLOSED
BAYPORT POLICE DEPARTMENT,BAYPORT,8/29/2026 12:22:49 PM,BP26002866,"XXX PRIMROSE PATH N, BAYPORT",MEDICAL
BAYPORT POLICE DEPARTMENT,BAYTOWN TOWNSHIP,8/27/2026 3:26:09 AM,BP26002822,"4XXX  - 4998 STAGECOACH TRL N, BAYTOWN TOWNSHIP",ROAD HAZARD
BAYPORT POLICE DEPARTMENT,LAKE ELMO,8/28/2026 9:09:22 AM,BP26002835,"3XXX  LAVERNE AVE N, LAKE ELMO",CITIZEN/PUBLIC ASSIST
BAYPORT POLICE DEPARTMENT,OAK PARK HEIGHTS,8/25/2026 1:39:02 AM,BP26002802,"Saint Croix Crossing Bridge: Hwy 36 Eb - Mn, OAK PARK HEIGHTS",ASSIST OTHER AGENCY
BAYPORT POLICE DEPARTMENT,OAK PARK HEIGHTS,8/25/2026 6:59:23 AM,BP26002803,"15XXX  60th St N, OAK PARK HEIGHTS",ASSIST OTHER AGENCY
BAYPORT POLICE DEPARTMENT,OAK PARK HEIGHTS,8/26/2026 3:30:55 AM,BP26002819,"13XXX  58th St N, OAK PARK HEIGHTS",ASSIST OTHER AGENCY
BAYPORT POLICE DEPARTMENT,OAK PARK HEIGHTS,8/27/2026 2:23:59 PM,BP26002827,"5XXX  NORELL AVE N, OAK PARK HEIGHTS",ASSIST OTHER AGENCY
BAYPORT POLICE DEPARTMENT,OAK PARK HEIGHTS,8/28/2026 8:23:53 AM,BP26002834,"14XXX  58TH ST N, OAK PARK HEIGHTS",ASSIST OTHER AGENCY
BAYPORT POLICE DEPARTMENT,OAK PARK HEIGHTS,8/28/2026 2:25:37 PM,BP26002838,"5XXX  NORELL AVE N, OAK PARK HEIGHTS",ASSIST OTHER AGENCY
BAYPORT POLICE DEPARTMENT,OAK PARK HEIGHTS,8/29/2026 1:59:15 AM,BP26002858,"14XXX  58TH ST N, OAK PARK HEIGHTS",ASSIST OTHER AGENCY
COTTAGE GROVE POLICE DEPARTMENT,COTTAGE GROVE,8/23/2026 3:26:43 AM,CG26036631,"7XXX  HEARTHSIDE AVE S, COTTAGE GROVE",MEDICAL
COTTAGE GROVE POLICE DEPARTMENT,COTTAGE GROVE,8/23/2026 3:29:36 AM,CG26036632,"8XXX  EAST POINT DOUGLAS RD S, COTTAGE GROVE",WEAPON COMPLAINT/VIOLATION
COTTAGE GROVE POLICE DEPARTMENT,COTTAGE GROVE,8/23/2026 7:13:12 AM,CG26036635,"6XXX  Jody Ave S, COTTAGE GROVE",medical
COTTAGE GROVE POLICE DEPARTMENT,COTTAGE GROVE,8/23/2026 10:28:00 AM,CG26036647,"7XXX  - 7248 73RD ST S, COTTAGE GROVE",TRAFFIC STOP
COTTAGE GROVE POLICE DEPARTMENT,COTTAGE GROVE,8/23/2026 11:20:15 AM,CG26036652,"8XXX  Hadley Ave S, COTTAGE GROVE",VEHICLE UNLOCK
COTTAGE GROVE POLICE DEPARTMENT,COTTAGE GROVE,8/23/2026 11:54:57 AM,CG26036653,"8XXX  East Point Douglas Rd S, COTTAGE GROVE",UNWANTED PERSON/VEHICLE
COTTAGE GROVE POLICE DEPARTMENT,COTTAGE GROVE,8/23/2026 12:18:26 PM,CG26036655,"7XXX  Hemingway Ave S, COTTAGE GROVE",HARASSMENT
COTTAGE GROVE POLICE DEPARTMENT,COTTAGE GROVE,8/23/2026 3:11:19 PM,CG26036690,"7XXX  Jorgensen Ln S, COTTAGE GROVE",DWI
COTTAGE GROVE POLICE DEPARTMENT,COTTAGE GROVE,8/23/2026 3:20:02 PM,CG26036692,"7XXX  Hillside Trl S, COTTAGE GROVE",UNWANTED PERSON/VEHICLE
COTTAGE GROVE POLICE DEPARTMENT,COTTAGE GROVE,8/23/2026 3:51:23 PM,CG26036695,"8XXX  Ira Ave S, COTTAGE GROVE",MEDICAL
COTTAGE GROVE POLICE DEPARTMENT,COTTAGE GROVE,8/23/2026 9:08:55 PM,CG26036737,"7XXX  80th St S, COTTAGE GROVE",TRESPASS NOTICE
COTTAGE GROVE POLICE DEPARTMENT,COTTAGE GROVE,8/23/2026 9:21:32 PM,CG26036738,"9XXX  East Point Douglas Rd S, COTTAGE GROVE",SHOPLIFTING
COTTAGE GROVE POLICE DEPARTMENT,COTTAGE GROVE,8/23/2026 9:50:03 PM,CG26036739,"8XXX  Ideal Ave S, COTTAGE GROVE",MEDICAL
COTTAGE GROVE POLICE DEPARTMENT,COTTAGE GROVE,8/24/2026 7:30:48 AM,CG26036799,"8XXX  Hillside Trl S, COTTAGE GROVE",MEDICAL
COTTAGE GROVE POLICE DEPARTMENT,COTTAGE GROVE,8/24/2026 8:42:24 AM,CG26036806,"8XXX  Indahl Ave S, COTTAGE GROVE",FRAUD/SCAM
COTTAGE GROVE POLICE DEPARTMENT,COTTAGE GROVE,8/24/2026 8:47:12 AM,CG26036807,"8XXX  East Point Douglas Rd S, COTTAGE GROVE",PROPERTY DAMAGE
COTTAGE GROVE POLICE DEPARTMENT,COTTAGE GROVE,8/24/2026 9:51:42 AM,CG26036810,"East Point Douglas Rd S / Jamaica Ave S, COTTAGE GROVE",LOST PROPERTY/ITEM
COTTAGE GROVE POLICE DEPARTMENT,COTTAGE GROVE,8/24/2026 9:55:18 AM,CG26036811,"12XXX  Ravine Pkwy S, COTTAGE GROVE",CIVIL MATTER/DISPUTE
COTTAGE GROVE POLICE DEPARTMENT,COTTAGE GROVE,8/24/2026 11:22:05 AM,CG26036816,"7XXX  98th St S, COTTAGE GROVE",FRAUD/SCAM
COTTAGE GROVE POLICE DEPARTMENT,COTTAGE GROVE,8/24/2026 11:46:20 AM,CG26036817,"12XXX  Ravine Pkwy S, COTTAGE GROVE",DISORDERLY CONDUCT
COTTAGE GROVE POLICE DEPARTMENT,COTTAGE GROVE,8/24/2026 12:33:23 PM,CG26036820,"12XXX  Ravine Pkwy S, COTTAGE GROVE",CIVIL MATTER/DISPUTE
COTTAGE GROVE POLICE DEPARTMENT,COTTAGE GROVE,8/24/2026 1:04:21 PM,CG26036824,"9XXX  Islay Ave S, COTTAGE GROVE",DISORDERLY CONDUCT
COTTAGE GROVE POLICE DEPARTMENT,COTTAGE GROVE,8/24/2026 5:34:34 PM,CG26036849,"80th St S / Hardwood Ave S, COTTAGE GROVE",ACCIDENT
COTTAGE GROVE POLICE DEPARTMENT,COTTAGE GROVE,8/24/2026 5:56:49 PM,CG26036852,"7XXX  Hidden Valley Trl S, COTTAGE GROVE",DISTURBANCE
COTTAGE GROVE POLICE DEPARTMENT,COTTAGE GROVE,8/24/2026 6:02:22 PM,CG26036853,"River Acres Rd S / 115th St S, COTTAGE GROVE",PROPERTY DAMAGE
COTTAGE GROVE POLICE DEPARTMENT,COTTAGE GROVE,8/24/2026 6:54:46 PM,CG26036857,"7XXX  Homestead Ave S, COTTAGE GROVE",THREATS
COTTAGE GROVE POLICE DEPARTMENT,COTTAGE GROVE,8/24/2026 7:22:12 PM,CG26036861,"7XXX  77th St S, COTTAGE GROVE",FRAUD/SCAM
COTTAGE GROVE POLICE DEPARTMENT,COTTAGE GROVE,8/24/2026 7:57:22 PM,CG26036866,"8XXX  East Point Douglas Rd S, COTTAGE GROVE",PROPERTY DAMAGE
COTTAGE GROVE POLICE DEPARTMENT,COTTAGE GROVE,8/24/2026 9:27:35 PM,CG26036882,"6XXX  - 6000 Highway 61, COTTAGE GROVE",TRAFFIC STOP
COTTAGE GROVE POLICE DEPARTMENT,COTTAGE GROVE,8/24/2026 9:55:09 PM,CG26036902,"10XXX  Henslowe Ave S, COTTAGE GROVE",OVERDOSE
COTTAGE GROVE POLICE DEPARTMENT,COTTAGE GROVE,8/25/2026 6:17:46 AM,CG26036967,"6XXX  80th St S, COTTAGE GROVE",MEDICAL
COTTAGE GROVE POLICE DEPARTMENT,COTTAGE GROVE,8/25/2026 6:39:51 AM,CG26036968,"62nd Street Bay S / Idsen Ave S, COTTAGE GROVE",LOST PERSON
COTTAGE GROVE POLICE DEPARTMENT,COTTAGE GROVE,8/25/2026 8:39:20 AM,CG26036979,"HINTON AVE S / 70TH ST S, COTTAGE GROVE",FOUND PROPERTY/ITEM
COTTAGE GROVE POLICE DEPARTMENT,COTTAGE GROVE,8/25/2026 9:58:16 AM,CG26036983,"6XXX  Idsen Ln S, COTTAGE GROVE",FRAUD/SCAM
COTTAGE GROVE POLICE DEPARTMENT,COTTAGE GROVE,8/25/2026 10:17:10 AM,CG26036987,"8XXX  Hearthside Rd S, COTTAGE GROVE",MEDICAL
COTTAGE GROVE POLICE DEPARTMENT,COTTAGE GROVE,8/25/2026 2:33:40 PM,CG26037026,"6XXX  East Point Douglas Rd S, COTTAGE GROVE",MEDICAL
COTTAGE GROVE POLICE DEPARTMENT,COTTAGE GROVE,8/25/2026 2:58:37 PM,CG26037031,"KEATS AVE S / 90TH ST S, COTTAGE GROVE",TRAFFIC STOP
COTTAGE GROVE POLICE DEPARTMENT,COTTAGE GROVE,8/25/2026 3:12:28 PM,CG26037035,"11XXX  Inman Ave S, COTTAGE GROVE",ASSAULT
COTTAGE GROVE POLICE DEPARTMENT,COTTAGE GROVE,8/25/2026 3:20:49 PM,CG26037036,"12XXX  Ravine Pkwy S, COTTAGE GROVE",FRAUD/SCAM
COTTAGE GROVE POLICE DEPARTMENT,COTTAGE GROVE,8/25/2026 3:44:59 PM,CG26037039,"8XXX  Hamlet Ave S, COTTAGE GROVE",MEDICAL
COTTAGE GROVE POLICE DEPARTMENT,COTTAGE GROVE,8/25/2026 4:16:00 PM,CG26037046,"7XXX  Joliet Cir S, COTTAGE GROVE",CIVIL MATTER/DISPUTE
COTTAGE GROVE POLICE DEPARTMENT,COTTAGE GROVE,8/25/2026 4:19:49 PM,CG26037047,"8XXX  80th St S, COTTAGE GROVE",MEDICAL
COTTAGE GROVE POLICE DEPARTMENT,COTTAGE GROVE,8/25/2026 5:01:53 PM,CG26037059,"80TH ST / EAST POINT DOUGLAS RD S, COTTAGE GROVE",CITIZEN/PUBLIC ASSIST
COTTAGE GROVE POLICE DEPARTMENT,COTTAGE GROVE,8/25/2026 5:13:01 PM,CG26037067,"7XXX  Hyde Ave S, COTTAGE GROVE",PARKING COMPLAINT
COTTAGE GROVE POLICE DEPARTMENT,COTTAGE GROVE,8/25/2026 5:25:07 PM,CG26037066,"80th St S / Grange Blvd S, COTTAGE GROVE",ACCIDENT
COTTAGE GROVE POLICE DEPARTMENT,COTTAGE GROVE,8/25/2026 5:45:20 PM,CG26037068,"9XXX  Hayward Ave S, COTTAGE GROVE",MEDICAL
COTTAGE GROVE POLICE DEPARTMENT,COTTAGE GROVE,8/25/2026 6:29:22 PM,CG26037074,"80th St S / Jamaica Ave S, COTTAGE GROVE",ACCIDENT
COTTAGE GROVE POLICE DEPARTMENT,COTTAGE GROVE,8/25/2026 6:44:32 PM,CG26037076,"6XXX  90th St S, COTTAGE GROVE",911 ABANDONED/HANGUP/OPEN LINE
COTTAGE GROVE POLICE DEPARTMENT,COTTAGE GROVE,8/25/2026 8:57:00 PM,CG26037090,"6XXX  PINE CREST TRL S, COTTAGE GROVE",WARRANT ARREST
COTTAGE GROVE POLICE DEPARTMENT,COTTAGE GROVE,8/26/2026 12:47:25 AM,CG26037142,"Jamaica Ave S To Hwy 61 Nb Ramp, COTTAGE GROVE",FOUND PROPERTY/ITEM
COTTAGE GROVE POLICE DEPARTMENT,COTTAGE GROVE,8/26/2026 2:17:32 AM,CG26037146,"9XXX  GRANADA AVE S, COTTAGE GROVE",SUSPICIOUS PERSON/ACTIVITY
COTTAGE GROVE POLICE DEPARTMENT,COTTAGE GROVE,8/26/2026 7:03:13 AM,CG26037156,"6XXX  80th St S, COTTAGE GROVE",MEDICAL
COTTAGE GROVE POLICE DEPARTMENT,COTTAGE GROVE,8/26/2026 8:28:35 AM,CG26037164,"8XXX  East Point Douglas Rd S, COTTAGE GROVE",CIVIL MATTER/DISPUTE
COTTAGE GROVE POLICE DEPARTMENT,COTTAGE GROVE,8/26/2026 10:55:18 AM,CG26037173,"9XXX  EAST POINT DOUGLAS RD S, COTTAGE GROVE",SHOPLIFTING
COTTAGE GROVE POLICE DEPARTMENT,COTTAGE GROVE,8/26/2026 11:01:00 AM,CG26037174,"EAST POINT DOUGLAS RD S, COTTAGE GROVE",TRAFFIC STOP
COTTAGE GROVE POLICE DEPARTMENT,COTTAGE GROVE,8/26/2026 11:45:49 AM,CG26037179,"8XXX  EAST POINT DOUGLAS RD S, COTTAGE GROVE",THEFT
COTTAGE GROVE POLICE DEPARTMENT,COTTAGE GROVE,8/26/2026 2:30:00 PM,CG26037191,"12XXX  RAVINE PKWY S, COTTAGE GROVE",OFFICER INFORMATION
COTTAGE GROVE POLICE DEPARTMENT,COTTAGE GROVE,8/26/2026 4:30:47 PM,CG26037198,"8XXX  HADLEY AVE S, COTTAGE GROVE",CIVIL MATTER/DISPUTE
COTTAGE GROVE POLICE DEPARTMENT,COTTAGE GROVE,8/26/2026 4:56:42 PM,CG26037200,"6XXX  80TH ST S, COTTAGE GROVE",MEDICAL
COTTAGE GROVE POLICE DEPARTMENT,COTTAGE GROVE,8/26/2026 5:19:23 PM,CG26037204,"6XXX  80TH ST S, COTTAGE GROVE",COUNTERFEIT/FORGERY
COTTAGE GROVE POLICE DEPARTMENT,COTTAGE GROVE,8/26/2026 5:19:25 PM,CG26037203,"7XXX  MEADOW GRASS AVE S, COTTAGE GROVE",MEDICAL
COTTAGE GROVE POLICE DEPARTMENT,COTTAGE GROVE,8/26/2026 6:46:46 PM,CG26037223,"9XXX  HARKNESS AVE S, COTTAGE GROVE",ACCIDENT
COTTAGE GROVE POLICE DEPARTMENT,COTTAGE GROVE,8/26/2026 8:55:50 PM,CG26037240,"6XXX  EAST POINT DOUGLAS RD S, COTTAGE GROVE",MEDICAL
COTTAGE GROVE POLICE DEPARTMENT,COTTAGE GROVE,8/26/2026 9:58:00 PM,CG26037267,"8XXX  - 8678 HYDE AVE S, COTTAGE GROVE",TRAFFIC STOP
COTTAGE GROVE POLICE DEPARTMENT,COTTAGE GROVE,8/26/2026 9:58:00 PM,CG26037268,"6XXX  HEARTHSTONE AVE S, COTTAGE GROVE",MEDICAL
COTTAGE GROVE POLICE DEPARTMENT,COTTAGE GROVE,8/26/2026 10:45:29 PM,CG26037292,"7XXX  IRVIN AVE S, COTTAGE GROVE",DISTURBANCE
COTTAGE GROVE POLICE DEPARTMENT,COTTAGE GROVE,8/27/2026 6:23:51 AM,CG26037346,"8XXX  EAST POINT DOUGLAS RD S, COTTAGE GROVE",MEDICAL
COTTAGE GROVE POLICE DEPARTMENT,COTTAGE GROVE,8/27/2026 7:12:26 AM,CG26037347,"6XXX  - 6699 94TH ST S, COTTAGE GROVE",PARKING VIOLATION
COTTAGE GROVE POLICE DEPARTMENT,COTTAGE GROVE,8/27/2026 8:02:17 AM,CG26037353,"9XXX  JAMAICA AVE S, COTTAGE GROVE",MEDICAL
COTTAGE GROVE POLICE DEPARTMENT,COTTAGE GROVE,8/27/2026 10:37:31 AM,CG26037365,"12XXX  RAVINE PKWY S, COTTAGE GROVE",FOUND PROPERTY/ITEM
COTTAGE GROVE POLICE DEPARTMENT,COTTAGE GROVE,8/27/2026 10:37:59 AM,CG26037366,"8XXX  WEST POINT DOUGLAS RD S, COTTAGE GROVE",MEDICAL
COTTAGE GROVE POLICE DEPARTMENT,COTTAGE GROVE,8/27/2026 12:29:49 PM,CG26037404,"7XXX  HEARTHSIDE AVE S, COTTAGE GROVE",MEDICAL
COTTAGE GROVE POLICE DEPARTMENT,COTTAGE GROVE,8/27/2026 2:19:34 PM,CG26037431,"8XXX  - 8700 EAST POINT DOUGLAS RD S, COTTAGE GROVE",TRAFFIC STOP
COTTAGE GROVE POLICE DEPARTMENT,COTTAGE GROVE,8/27/2026 3:45:12 PM,CG26037443,"EAST POINT DOUGLAS RD S / INNOVATION RD S, COTTAGE GROVE",ACCIDENT
COTTAGE GROVE POLICE DEPARTMENT,COTTAGE GROVE,8/27/2026 5:04:02 PM,CG26037466,"8XXX  80TH ST S, COTTAGE GROVE",ALARM-BUSINESS/RES/FIRE/MEDICAL/ETC
COTTAGE GROVE POLICE DEPARTMENT,COTTAGE GROVE,8/27/2026 5:06:14 PM,CG26037464,"HWY 61 SB JSO SUMMIT AVE, COTTAGE GROVE",MOTORIST ASSIST
COTTAGE GROVE POLICE DEPARTMENT,COTTAGE GROVE,8/27/2026 5:26:08 PM,CG26037472,"8XXX  JORGENSEN AVE S, COTTAGE GROVE",SUSPICIOUS PERSON/ACTIVITY
COTTAGE GROVE POLICE DEPARTMENT,COTTAGE GROVE,8/27/2026 6:09:21 PM,CG26037481,"7XXX  HEARTHSIDE AVE S, COTTAGE GROVE",MEDICAL
COTTAGE GROVE POLICE DEPARTMENT,COTTAGE GROVE,8/27/2026 7:18:00 PM,CG26037492,"9XXX  Harrow Ave S, COTTAGE GROVE",SUSPICIOUS PERSON/ACTIVITY
COTTAGE GROVE POLICE DEPARTMENT,COTTAGE GROVE,8/27/2026 7:39:44 PM,CG26037494,"7XXX  INNSDALE AVE S, COTTAGE GROVE",MEDICAL
COTTAGE GROVE POLICE DEPARTMENT,COTTAGE GROVE,8/27/2026 10:52:25 PM,CG26037537,"6XXX  HEARTHSTONE AVE S, COTTAGE GROVE",MEDICAL
COTTAGE GROVE POLICE DEPARTMENT,COTTAGE GROVE,8/27/2026 11:26:24 PM,CG26037545,"8XXX  GRENADIER AVE S, COTTAGE GROVE",MEDICAL
COTTAGE GROVE POLICE DEPARTMENT,COTTAGE GROVE,8/28/2026 1:19:50 AM,CG26037575,"7XXX  80TH ST S, COTTAGE GROVE",ACCIDENT
COTTAGE GROVE POLICE DEPARTMENT,COTTAGE GROVE,8/28/2026 4:28:40 AM,CG26037600,"7XXX  97TH ST S, COTTAGE GROVE",TRAFFIC STOP
COTTAGE GROVE POLICE DEPARTMENT,COTTAGE GROVE,8/28/2026 10:54:25 AM,CG26037630,"6XXX  INSPIRE AVE S, COTTAGE GROVE",IDENTITY THEFT
COTTAGE GROVE POLICE DEPARTMENT,COTTAGE GROVE,8/28/2026 2:20:00 PM,CG26037643,"8XXX  HADLEY AVE S, COTTAGE GROVE",CIVIL MATTER/DISPUTE
COTTAGE GROVE POLICE DEPARTMENT,COTTAGE GROVE,8/28/2026 2:47:56 PM,CG26037646,"8XXX  FOOTHILL RD S, COTTAGE GROVE",FRAUD/SCAM
COTTAGE GROVE POLICE DEPARTMENT,COTTAGE GROVE,8/28/2026 3:01:07 PM,CG26037647,"7XXX  EAST POINT DOUGLAS RD S, COTTAGE GROVE",ACCIDENT
COTTAGE GROVE POLICE DEPARTMENT,COTTAGE GROVE,8/28/2026 3:50:37 PM,CG26037658,"8XXX  EAST POINT DOUGLAS RD S, COTTAGE GROVE",ACCIDENT
COTTAGE GROVE POLICE DEPARTMENT,COTTAGE GROVE,8/28/2026 6:59:15 PM,CG26037678,"8XXX  HYDE LN S, COTTAGE GROVE",MEDICAL
COTTAGE GROVE POLICE DEPARTMENT,COTTAGE GROVE,8/28/2026 9:05:00 PM,CG26037698,"8XXX  - 7250 Highway 61, COTTAGE GROVE",DWI
COTTAGE GROVE POLICE DEPARTMENT,COTTAGE GROVE,8/28/2026 10:07:17 PM,CG26037716,"6XXX  EAST POINT DOUGLAS RD S, COTTAGE GROVE",MEDICAL
COTTAGE GROVE POLICE DEPARTMENT,COTTAGE GROVE,8/28/2026 10:07:44 PM,CG26037717,"8XXX  JODY CIR S, COTTAGE GROVE",VEHICLE UNLOCK
COTTAGE GROVE POLICE DEPARTMENT,COTTAGE GROVE,8/28/2026 10:08:27 PM,CG26037714,"7XXX  EAST POINT DOUGLAS RD S, COTTAGE GROVE",THEFT
COTTAGE GROVE POLICE DEPARTMENT,COTTAGE GROVE,8/29/2026 12:26:31 AM,CG26037739,"8XXX  - 8449 83RD ST S, COTTAGE GROVE",TRAFFIC STOP
COTTAGE GROVE POLICE DEPARTMENT,COTTAGE GROVE,8/29/2026 12:27:13 AM,CG26037740,"7XXX  IMPERIAL AVENUE CT S, COTTAGE GROVE",MEDICAL
COTTAGE GROVE POLICE DEPARTMENT,COTTAGE GROVE,8/29/2026 3:00:41 AM,CG26037773,"12XXX  RAVINE PKWY S, COTTAGE GROVE",RIDE ALONG
COTTAGE GROVE POLICE DEPARTMENT,COTTAGE GROVE,8/29/2026 6:50:45 AM,CG26037780,"7XXX  98TH ST S, COTTAGE GROVE",MEDICAL
COTTAGE GROVE POLICE DEPARTMENT,COTTAGE GROVE,8/29/2026 7:26:20 AM,CG26037781,"7XXX  HEMINGWAY AVE S, COTTAGE GROVE",MEDICAL
COTTAGE GROVE POLICE DEPARTMENT,COTTAGE GROVE,8/29/2026 10:43:08 AM,CG26037798,"9XXX  - 9250 EAST POINT DOUGLAS RD S, COTTAGE GROVE",TRAFFIC STOP
COTTAGE GROVE POLICE DEPARTMENT,COTTAGE GROVE,8/29/2026 12:16:52 PM,CG26037810,"7XXX  HARDWOOD AVE S, COTTAGE GROVE",THEFT
COTTAGE GROVE POLICE DEPARTMENT,COTTAGE GROVE,8/29/2026 12:34:02 PM,CG26037811,"6XXX  INNSDALE AVE S, COTTAGE GROVE",MISSING PERSON
COTTAGE GROVE POLICE DEPARTMENT,COTTAGE GROVE,8/29/2026 1:22:00 PM,CG26037813,"9XXX  JASMINE CT S, COTTAGE GROVE",ANIMAL COMPLAINT
COTTAGE GROVE POLICE DEPARTMENT,COTTAGE GROVE,8/29/2026 9:18:00 PM,CG26037892,"8XXX  EAST POINT DOUGLAS RD S, COTTAGE GROVE",TRAFFIC STOP
COTTAGE GROVE POLICE DEPARTMENT,NEWPORT,8/28/2026 8:34:00 PM,CG26037684,"HWY 61 SB JNO 70TH ST S, NEWPORT",TRAFFIC STOP
COTTAGE GROVE POLICE DEPARTMENT,OAKDALE,8/27/2026 12:58:13 PM,CG26037415,"8XXX  - 8493 3RD ST N, OAKDALE",TRAFFIC STOP
COTTAGE GROVE POLICE DEPARTMENT,WOODBURY,8/26/2026 11:16:39 PM,CG26037301,"XXX - 310 LANDAU DR, WOODBURY",TRAFFIC STOP
FOREST LAKE POLICE DEPARTMENT,FOREST LAKE,8/23/2026 2:22:05 AM,FL26010979,"XXX SOUTH SHORE DR, FOREST LAKE",ACCIDENT
FOREST LAKE POLICE DEPARTMENT,FOREST LAKE,8/23/2026 11:53:21 AM,FL26010987,"XXX 12TH ST SW, FOREST LAKE",DRIVING COMPLAINT
FOREST LAKE POLICE DEPARTMENT,FOREST LAKE,8/23/2026 2:02:01 PM,FL26010991,"19XXX  FENWAY AVE N, FOREST LAKE",DISTURBANCE
FOREST LAKE POLICE DEPARTMENT,FOREST LAKE,8/23/2026 3:23:04 PM,FL26010992,"XXX 12th St Sw, FOREST LAKE",WELFARE CHECK
FOREST LAKE POLICE DEPARTMENT,FOREST LAKE,8/24/2026 5:35:54 AM,FL26011005,"XXX 8TH ST SW, FOREST LAKE",TRAFFIC STOP
FOREST LAKE POLICE DEPARTMENT,FOREST LAKE,8/24/2026 8:26:22 AM,FL26011007,"4XXX  207TH ST N, FOREST LAKE",LOST PROPERTY/ITEM
FOREST LAKE POLICE DEPARTMENT,FOREST LAKE,8/24/2026 11:00:00 AM,FL26011015,"11TH AVE SE & LAKE ST S, FOREST LAKE",TRAFFIC STOP
FOREST LAKE POLICE DEPARTMENT,FOREST LAKE,8/24/2026 12:51:43 PM,FL26011022,"1XXX  LAKE ST S, FOREST LAKE",HARASSMENT
FOREST LAKE POLICE DEPARTMENT,FOREST LAKE,8/24/2026 1:21:24 PM,FL26011025,"Broadway Ave W & I35 Nb Ramp, FOREST LAKE",ACCIDENT
FOREST LAKE POLICE DEPARTMENT,FOREST LAKE,8/24/2026 2:44:49 PM,FL26011029,"19XXX  FOREST RD N, FOREST LAKE",HARASSMENT
FOREST LAKE POLICE DEPARTMENT,FOREST LAKE,8/24/2026 2:53:03 PM,FL26011030,"1XXX  LAKE ST S, FOREST LAKE",HARASSMENT
FOREST LAKE POLICE DEPARTMENT,FOREST LAKE,8/24/2026 5:08:44 PM,FL26011035,"7XXX  NORTH SHORE TRL N, FOREST LAKE",ANIMAL COMPLAINT
FOREST LAKE POLICE DEPARTMENT,FOREST LAKE,8/24/2026 7:12:05 PM,FL26011038,"7XXX  NORTH SHORE TRL N, FOREST LAKE",PROPERTY DAMAGE
FOREST LAKE POLICE DEPARTMENT,FOREST LAKE,8/24/2026 7:46:38 PM,FL26011039,"FOREST RD N & SCANDIA TRL N, FOREST LAKE",TRAFFIC STOP
FOREST LAKE POLICE DEPARTMENT,FOREST LAKE,8/24/2026 9:29:28 PM,FL26011041,"1XXX  LAKE ST S, FOREST LAKE",TRAFFIC STOP
FOREST LAKE POLICE DEPARTMENT,FOREST LAKE,8/25/2026 9:30:00 AM,FL26011052,"12TH ST SW & BROADWAY AVE W, FOREST LAKE",TRAFFIC STOP
FOREST LAKE POLICE DEPARTMENT,FOREST LAKE,8/25/2026 12:36:21 PM,FL26011066,"XX BROADWAY AVE E, FOREST LAKE",PARK COMPLAINT
FOREST LAKE POLICE DEPARTMENT,FOREST LAKE,8/25/2026 1:46:58 PM,FL26011068,"1XXX  LAKE ST S, FOREST LAKE",LOST PROPERTY/ITEM
FOREST LAKE POLICE DEPARTMENT,FOREST LAKE,8/25/2026 1:48:40 PM,FL26011069,"1XXX  BROADWAY AVE W, FOREST LAKE",WELFARE CHECK
FOREST LAKE POLICE DEPARTMENT,FOREST LAKE,8/25/2026 4:30:31 PM,FL26011077,"4XXX  206TH DRIVE CT N, FOREST LAKE",ACCIDENT
FOREST LAKE POLICE DEPARTMENT,FOREST LAKE,8/25/2026 5:41:00 PM,FL26011082,"3RD AVE SW & 12TH ST SW, FOREST LAKE",TRAFFIC STOP
FOREST LAKE POLICE DEPARTMENT,FOREST LAKE,8/25/2026 6:28:19 PM,FL26011085,"8XXX  212TH ST N, FOREST LAKE",DEATH
FOREST LAKE POLICE DEPARTMENT,FOREST LAKE,8/25/2026 6:35:01 PM,FL26011086,"XXX 12TH ST SW, FOREST LAKE",SHOPLIFTING
FOREST LAKE POLICE DEPARTMENT,FOREST LAKE,8/26/2026 10:42:00 AM,FL26011095,"20XXX  FITZGERALD TRL N, FOREST LAKE",ASSAULT
FOREST LAKE POLICE DEPARTMENT,FOREST LAKE,8/26/2026 11:17:16 AM,FL26011098,"I35 Sb At Broadway Ave W, FOREST LAKE",ACCIDENT
FOREST LAKE POLICE DEPARTMENT,FOREST LAKE,8/26/2026 11:24:02 AM,FL26011099,"9XXX  223RD ST N, FOREST LAKE",CIVIL MATTER/DISPUTE
FOREST LAKE POLICE DEPARTMENT,FOREST LAKE,8/26/2026 11:33:50 AM,FL26011100,"1XXX  LAKE ST S, FOREST LAKE",MOTORIST ASSIST
FOREST LAKE POLICE DEPARTMENT,FOREST LAKE,8/26/2026 12:37:00 PM,FL26011103,"10XXX  SCANDIA TRL N, FOREST LAKE",FIRE
FOREST LAKE POLICE DEPARTMENT,FOREST LAKE,8/26/2026 1:23:43 PM,FL26011107,"1XXX  LAKE ST S, FOREST LAKE",THEFT
FOREST LAKE POLICE DEPARTMENT,FOREST LAKE,8/26/2026 4:11:15 PM,FL26011109,"6XXX  NORTH SHORE TRL N, FOREST LAKE",NOISE COMPLAINT/DISTURBANCE
FOREST LAKE POLICE DEPARTMENT,FOREST LAKE,8/27/2026 5:56:01 AM,FL26011126,"2XXX  BROADWAY AVE W, FOREST LAKE",THEFT
FOREST LAKE POLICE DEPARTMENT,FOREST LAKE,8/27/2026 3:43:10 PM,FL26011145,"XXX 4TH AVE SW, FOREST LAKE",ANIMAL COMPLAINT
FOREST LAKE POLICE DEPARTMENT,FOREST LAKE,8/27/2026 4:59:16 PM,FL26011147,"XXX 12TH ST SW, FOREST LAKE",WELFARE CHECK
FOREST LAKE POLICE DEPARTMENT,FOREST LAKE,8/27/2026 6:12:22 PM,FL26011149,"XXX 12TH ST SW, FOREST LAKE",CIVIL MATTER/DISPUTE
FOREST LAKE POLICE DEPARTMENT,FOREST LAKE,8/27/2026 7:51:48 PM,FL26011154,"22XXX  EVERTON AVE N, FOREST LAKE",HARASSMENT
FOREST LAKE POLICE DEPARTMENT,FOREST LAKE,8/28/2026 7:30:11 AM,FL26011164,"19XXX  FOREST RD N, FOREST LAKE",FRAUD/SCAM
FOREST LAKE POLICE DEPARTMENT,FOREST LAKE,8/28/2026 10:25:00 PM,FL26011193,"LAKE ST S & 8TH AVE SE, FOREST LAKE",TRAFFIC STOP
FOREST LAKE POLICE DEPARTMENT,FOREST LAKE,8/29/2026 2:01:05 AM,FL26011203,"11TH AVE SW & EUREKA AVE N, FOREST LAKE",TRAFFIC STOP
FOREST LAKE POLICE DEPARTMENT,FOREST LAKE,8/29/2026 10:47:38 PM,FL26011237,"XXX 19TH ST SW, FOREST LAKE",TRESPASSING
OAKDALE POLICE DEPARTMENT,LAKE ELMO,8/24/2026 7:44:52 AM,OD26010938,"I94 Wb To Inwood Ave N Ramp, LAKE ELMO",ASSIST OTHER AGENCY
OAKDALE POLICE DEPARTMENT,LAKE ELMO,8/24/2026 9:07:46 PM,OD26010975,"XXX Julia Ave N, LAKE ELMO",ASSIST OTHER AGENCY
OAKDALE POLICE DEPARTMENT,OAKDALE,8/23/2026 12:00:00 AM,OD26010936,"STILLWATER BLVD N & GENEVA AVE N, OAKDALE",TRAFFIC STOP
OAKDALE POLICE DEPARTMENT,OAKDALE,8/23/2026 1:03:24 AM,OD26010902,"GENTRY AVE N / 7TH ST N, OAKDALE",TRAFFIC STOP
OAKDALE POLICE DEPARTMENT,OAKDALE,8/23/2026 3:31:53 AM,OD26010904,"6XXX  22nd St N, OAKDALE",MEDICAL
OAKDALE POLICE DEPARTMENT,OAKDALE,8/23/2026 6:41:51 AM,OD26010906,"1XXX  Goodview Ave N, OAKDALE",WELFARE CHECK
OAKDALE POLICE DEPARTMENT,OAKDALE,8/23/2026 7:22:51 AM,OD26010908,"7XXX  47th Street Cir N, OAKDALE",MEDICAL
OAKDALE POLICE DEPARTMENT,OAKDALE,8/23/2026 8:19:37 AM,OD26010910,"4XXX  Gershwin Ave N, OAKDALE",FOLLOW UP
OAKDALE POLICE DEPARTMENT,OAKDALE,8/23/2026 10:44:04 AM,OD26010912,"7XXX  Stillwater Blvd N, OAKDALE",FOLLOW UP
OAKDALE POLICE DEPARTMENT,OAKDALE,8/23/2026 11:02:04 AM,OD26010913,"7XXX  UPPER 38TH ST N, OAKDALE",ALARM-BUSINESS/RES/FIRE/MEDICAL/ETC
OAKDALE POLICE DEPARTMENT,OAKDALE,8/23/2026 12:36:33 PM,OD26010914,"6XXX  15th St N, OAKDALE",CITIZEN/PUBLIC ASSIST
OAKDALE POLICE DEPARTMENT,OAKDALE,8/23/2026 1:19:07 PM,OD26010915,"1XXX  Helmo Ave N, OAKDALE",ANIMAL COMPLAINT
OAKDALE POLICE DEPARTMENT,OAKDALE,8/23/2026 1:34:29 PM,OD26010916,"6XXX  STILLWATER BLVD N, OAKDALE",TRAFFIC STOP
OAKDALE POLICE DEPARTMENT,OAKDALE,8/23/2026 1:50:25 PM,OD26010917,"HADLEY AVE N & 37TH ST N, OAKDALE",TRAFFIC STOP
OAKDALE POLICE DEPARTMENT,OAKDALE,8/23/2026 4:41:56 PM,OD26010923,"7XXX  Stillwater Blvd N, OAKDALE",CIVIL MATTER/DISPUTE
OAKDALE POLICE DEPARTMENT,OAKDALE,8/23/2026 5:06:57 PM,OD26010925,"1XXX  GLENBROOK AVE N, OAKDALE",FOLLOW UP
OAKDALE POLICE DEPARTMENT,OAKDALE,8/23/2026 5:25:19 PM,OD26010926,"HADLEY AVE N / 50TH ST N, OAKDALE",WELFARE CHECK
OAKDALE POLICE DEPARTMENT,OAKDALE,8/23/2026 7:19:20 PM,OD26010928,"4XXX  Hillvale Ave N, OAKDALE",CIVIL MATTER/DISPUTE
OAKDALE POLICE DEPARTMENT,OAKDALE,8/23/2026 7:37:35 PM,OD26010929,"7XXX  17TH ST N, OAKDALE",911 ABANDONED/HANGUP/OPEN LINE
OAKDALE POLICE DEPARTMENT,OAKDALE,8/23/2026 8:46:19 PM,OD26010931,"3XXX  Hadley Ave N, OAKDALE",ASSIST OTHER AGENCY
OAKDALE POLICE DEPARTMENT,OAKDALE,8/23/2026 8:58:54 PM,OD26010933,"6XXX  22nd St N, OAKDALE",WELFARE CHECK
OAKDALE POLICE DEPARTMENT,OAKDALE,8/23/2026 8:59:04 PM,OD26010932,"4XXX  Heather Cir N, OAKDALE",SUSPICIOUS PERSON/ACTIVITY
OAKDALE POLICE DEPARTMENT,OAKDALE,8/23/2026 9:17:41 PM,OD26010935,"XXX INWOOD AVE N, OAKDALE",MEDICAL
OAKDALE POLICE DEPARTMENT,OAKDALE,8/24/2026 12:28:32 AM,OD26010937,"6XXX  UPPER 13TH ST N, OAKDALE",ALARM-BUSINESS/RES/FIRE/MEDICAL/ETC
OAKDALE POLICE DEPARTMENT,OAKDALE,8/24/2026 8:19:59 AM,OD26010939,"1XXX  HADLEY AVE N, OAKDALE",ALARM-BUSINESS/RES/FIRE/MEDICAL/ETC
OAKDALE POLICE DEPARTMENT,OAKDALE,8/24/2026 8:41:29 AM,OD26010940,"2XXX  Hayward Ave N, OAKDALE",CIVIL MATTER/DISPUTE
OAKDALE POLICE DEPARTMENT,OAKDALE,8/24/2026 10:16:37 AM,OD26010941,"1XXX  Granada Ave N, OAKDALE",MEDICAL
OAKDALE POLICE DEPARTMENT,OAKDALE,8/24/2026 10:19:43 AM,OD26010942,"7XXX  40th St N, OAKDALE",ANIMAL COMPLAINT
OAKDALE POLICE DEPARTMENT,OAKDALE,8/24/2026 11:46:30 AM,OD26010943,"6XXX  10th St N, OAKDALE",CIVIL MATTER/DISPUTE
OAKDALE POLICE DEPARTMENT,OAKDALE,8/24/2026 12:11:34 PM,OD26010944,"6XXX  15th St N, OAKDALE",MEDICAL
OAKDALE POLICE DEPARTMENT,OAKDALE,8/24/2026 12:14:53 PM,OD26010945,"1XXX  GENTRY AVE N, OAKDALE",CIVIL MATTER/DISPUTE
OAKDALE POLICE DEPARTMENT,OAKDALE,8/24/2026 12:18:13 PM,OD26010946,"XXX Inwood Ave N, OAKDALE",911 ABANDONED/HANGUP/OPEN LINE
OAKDALE POLICE DEPARTMENT,OAKDALE,8/24/2026 12:26:20 PM,OD26010948,"XXX GREENWAY AVE N, OAKDALE",ACCIDENT
OAKDALE POLICE DEPARTMENT,OAKDALE,8/24/2026 12:53:16 PM,OD26010951,"6XXX  23rd St N, OAKDALE",CITIZEN/PUBLIC ASSIST
OAKDALE POLICE DEPARTMENT,OAKDALE,8/24/2026 12:56:25 PM,OD26010950,"I694 Sb At 4th St N, OAKDALE",ASSIST OTHER AGENCY
OAKDALE POLICE DEPARTMENT,OAKDALE,8/24/2026 1:00:00 PM,OD26010952,"6XXX  12TH ST N, OAKDALE",CIVIL MATTER/DISPUTE
OAKDALE POLICE DEPARTMENT,OAKDALE,8/24/2026 1:48:34 PM,OD26010953,"I694 Sb At 4th St N, OAKDALE",ASSIST OTHER AGENCY
OAKDALE POLICE DEPARTMENT,OAKDALE,8/24/2026 2:05:20 PM,OD26010954,"1XXX  Granada Ave N, OAKDALE",ALARM-BUSINESS/RES/FIRE/MEDICAL/ETC
OAKDALE POLICE DEPARTMENT,OAKDALE,8/24/2026 3:43:22 PM,OD26010956,"2XXX  HENSLOW AVE N, OAKDALE",ANIMAL COMPLAINT
OAKDALE POLICE DEPARTMENT,OAKDALE,8/24/2026 3:43:25 PM,OD26010957,"1XXX  Hadley Ave N, OAKDALE",LIFT ASSIST
OAKDALE POLICE DEPARTMENT,OAKDALE,8/24/2026 4:14:22 PM,OD26010958,"7XXX  10th St N, OAKDALE",ACCIDENT
OAKDALE POLICE DEPARTMENT,OAKDALE,8/24/2026 4:21:41 PM,OD26010959,"HIGH POINT DR N / 34TH ST N, OAKDALE",ACCIDENT
OAKDALE POLICE DEPARTMENT,OAKDALE,8/24/2026 4:56:46 PM,OD26010961,"1XXX  HELMO AVE N, OAKDALE",ALARM-BUSINESS/RES/FIRE/MEDICAL/ETC
OAKDALE POLICE DEPARTMENT,OAKDALE,8/24/2026 5:51:41 PM,OD26010963,"3XXX  GRANADA WAY N, OAKDALE",SUSPICIOUS PERSON/ACTIVITY
OAKDALE POLICE DEPARTMENT,OAKDALE,8/24/2026 5:53:08 PM,OD26010964,"Ideal Ave N / Stillwater Blvd N, OAKDALE",WELFARE CHECK
OAKDALE POLICE DEPARTMENT,OAKDALE,8/24/2026 6:32:08 PM,OD26010966,"XXX GREENE AVE N, OAKDALE",LIFT ASSIST
OAKDALE POLICE DEPARTMENT,OAKDALE,8/24/2026 6:35:19 PM,OD26010967,"6XXX  15TH ST N, OAKDALE",CITIZEN/PUBLIC ASSIST
OAKDALE POLICE DEPARTMENT,OAKDALE,8/24/2026 7:50:05 PM,OD26010969,"1XXX  GRANADA AVE N, OAKDALE",ANIMAL COMPLAINT
OAKDALE POLICE DEPARTMENT,OAKDALE,8/24/2026 7:50:24 PM,OD26010968,"XXX INWOOD AVE N, OAKDALE",SUSPICIOUS PERSON/ACTIVITY
OAKDALE POLICE DEPARTMENT,OAKDALE,8/24/2026 8:18:39 PM,OD26010970,"7XXX  10th St N, OAKDALE",SHOPLIFTING
OAKDALE POLICE DEPARTMENT,OAKDALE,8/24/2026 8:20:14 PM,OD26010971,"4XXX  HALE AVE N, OAKDALE",ALARM-BUSINESS/RES/FIRE/MEDICAL/ETC
OAKDALE POLICE DEPARTMENT,OAKDALE,8/24/2026 8:46:28 PM,OD26010972,"4XXX  HADLEY AVE N, OAKDALE",PARK INCIDENT-CITY/COUNTY
OAKDALE POLICE DEPARTMENT,OAKDALE,8/24/2026 8:51:16 PM,OD26010973,"XXX Inwood Ave N, OAKDALE",911 ABANDONED/HANGUP/OPEN LINE
OAKDALE POLICE DEPARTMENT,OAKDALE,8/24/2026 9:09:53 PM,OD26010974,"3XXX  High Point Dr N, OAKDALE",ALARM-BUSINESS/RES/FIRE/MEDICAL/ETC
OAKDALE POLICE DEPARTMENT,OAKDALE,8/24/2026 10:03:02 PM,OD26010977,"4XXX  GERSHWIN AVE N, OAKDALE",MEDICAL
OAKDALE POLICE DEPARTMENT,OAKDALE,8/24/2026 10:26:10 PM,OD26010978,"5XXX  HADLEY AVE N, OAKDALE",TRAFFIC STOP
OAKDALE POLICE DEPARTMENT,OAKDALE,8/24/2026 10:55:40 PM,OD26010981,"55th St N / Hadley Ave N, OAKDALE",ACCIDENT
OAKDALE POLICE DEPARTMENT,OAKDALE,8/24/2026 10:55:41 PM,OD26010980,"XX I694 Nb At 50th St N, OAKDALE",TRAFFIC STOP
OAKDALE POLICE DEPARTMENT,OAKDALE,8/24/2026 11:13:01 PM,OD26010982,"XXX Henslow Ave N, OAKDALE",RUNAWAY
OAKDALE POLICE DEPARTMENT,OAKDALE,8/24/2026 11:14:15 PM,OD26010983,"7XXX  Stillwater Blvd N, OAKDALE",HARASSMENT
OAKDALE POLICE DEPARTMENT,OAKDALE,8/25/2026 1:57:17 AM,OD26010987,"6XXX  Upper 35th St N, OAKDALE",SUSPICIOUS PERSON/ACTIVITY
OAKDALE POLICE DEPARTMENT,OAKDALE,8/25/2026 3:04:38 AM,OD26010989,"I694 NB JNO 40TH ST N, OAKDALE",ACCIDENT
OAKDALE POLICE DEPARTMENT,OAKDALE,8/25/2026 6:40:16 AM,OD26010990,"1XXX  Helmo Ave N, OAKDALE",WELFARE CHECK
OAKDALE POLICE DEPARTMENT,OAKDALE,8/25/2026 7:01:10 AM,OD26010991,"XXX HAYWARD AVE N, OAKDALE",THEFT
OAKDALE POLICE DEPARTMENT,OAKDALE,8/25/2026 8:07:36 AM,OD26010992,"3XXX  Hadley Ave N, OAKDALE",WELFARE CHECK
OAKDALE POLICE DEPARTMENT,OAKDALE,8/25/2026 10:35:02 AM,OD26010993,"6XXX  46TH ST N, OAKDALE",CIVIL MATTER/DISPUTE
OAKDALE POLICE DEPARTMENT,OAKDALE,8/25/2026 10:58:56 AM,OD26010994,"XXX Holly Ln N, OAKDALE",MEDICAL
OAKDALE POLICE DEPARTMENT,OAKDALE,8/25/2026 11:18:04 AM,OD26010995,"1XXX  HADLEY AVE N, OAKDALE",CIVIL MATTER/DISPUTE
OAKDALE POLICE DEPARTMENT,OAKDALE,8/25/2026 12:11:28 PM,OD26010996,"2XXX  HALE CT N, OAKDALE",MEDICAL
OAKDALE POLICE DEPARTMENT,OAKDALE,8/25/2026 2:03:21 PM,OD26010999,"6XXX  15TH STREET CT N, OAKDALE",PARKING COMPLAINT
OAKDALE POLICE DEPARTMENT,OAKDALE,8/25/2026 2:08:57 PM,OD26011000,"7XXX  31ST ST N, OAKDALE",911 ABANDONED/HANGUP/OPEN LINE
OAKDALE POLICE DEPARTMENT,OAKDALE,8/25/2026 2:12:17 PM,OD26011001,"6XXX  15TH ST N, OAKDALE",CITIZEN/PUBLIC ASSIST
OAKDALE POLICE DEPARTMENT,OAKDALE,8/25/2026 2:43:18 PM,OD26011002,"4XXX  Geneva Ave N, OAKDALE",MEDICAL
OAKDALE POLICE DEPARTMENT,OAKDALE,8/25/2026 2:56:01 PM,OD26011003,"3XXX  HADLEY AVE N, OAKDALE",911 ABANDONED/HANGUP/OPEN LINE
OAKDALE POLICE DEPARTMENT,OAKDALE,8/25/2026 3:06:21 PM,OD26011005,"2XXX  Heron Ave N, OAKDALE",HARASSMENT
OAKDALE POLICE DEPARTMENT,OAKDALE,8/25/2026 3:22:48 PM,OD26011006,"6XXX  Hudson Blvd N, OAKDALE",911 ABANDONED/HANGUP/OPEN LINE
OAKDALE POLICE DEPARTMENT,OAKDALE,8/25/2026 5:02:43 PM,OD26011009,"1XXX  Hillvale Ave N, OAKDALE",CITIZEN/PUBLIC ASSIST
OAKDALE POLICE DEPARTMENT,OAKDALE,8/25/2026 5:37:50 PM,OD26011011,"7XXX  10th St N, OAKDALE",ACCIDENT
OAKDALE POLICE DEPARTMENT,OAKDALE,8/25/2026 6:46:55 PM,OD26011012,"3XXX  HENNA AVE N, OAKDALE",DISTURBANCE
OAKDALE POLICE DEPARTMENT,OAKDALE,8/25/2026 7:47:59 PM,OD26011013,"6XXX  Highway 36 Blvd N, OAKDALE",WELFARE CHECK
OAKDALE POLICE DEPARTMENT,OAKDALE,8/25/2026 8:04:02 PM,OD26011015,"6XXX  4TH ST N, OAKDALE",ANIMAL COMPLAINT
OAKDALE POLICE DEPARTMENT,OAKDALE,8/25/2026 8:04:33 PM,OD26011014,"50th St N / Granada Ave N, OAKDALE",WELFARE CHECK
OAKDALE POLICE DEPARTMENT,OAKDALE,8/25/2026 9:18:00 PM,OD26010691,"4XXX  GENEVA AVE N, OAKDALE",TRAFFIC STOP
OAKDALE POLICE DEPARTMENT,OAKDALE,8/25/2026 10:09:35 PM,OD26011017,"4XXX  HADLEY AVE N, OAKDALE",PARK INCIDENT-CITY/COUNTY
OAKDALE POLICE DEPARTMENT,OAKDALE,8/25/2026 10:28:09 PM,OD26011018,"7XXX  10th St N, OAKDALE",ALARM-BUSINESS/RES/FIRE/MEDICAL/ETC
OAKDALE POLICE DEPARTMENT,OAKDALE,8/25/2026 10:35:53 PM,OD26011020,"7XXX  36th St N, OAKDALE",CIVIL MATTER/DISPUTE
OAKDALE POLICE DEPARTMENT,OAKDALE,8/25/2026 10:36:44 PM,OD26011019,"3XXX  HADLEY AVE N, OAKDALE",SUSPICIOUS PERSON/ACTIVITY
OAKDALE POLICE DEPARTMENT,OAKDALE,8/26/2026 12:32:46 AM,OD26011023,"XXX Holly Ln N, OAKDALE",SUSPICIOUS PERSON/ACTIVITY
OAKDALE POLICE DEPARTMENT,OAKDALE,8/26/2026 12:33:04 AM,OD26011024,"1XXX  Goodwin Ave N, OAKDALE",DISTURBANCE
OAKDALE POLICE DEPARTMENT,OAKDALE,8/26/2026 5:26:32 AM,OD26011026,"5XXX  Hadley Ave N, OAKDALE",911 ABANDONED/HANGUP/OPEN LINE
OAKDALE POLICE DEPARTMENT,OAKDALE,8/26/2026 6:14:18 AM,OD26011027,"XXX GENEVA AVE N, OAKDALE",ASSIST OTHER AGENCY
OAKDALE POLICE DEPARTMENT,OAKDALE,8/26/2026 8:15:51 AM,OD26011028,"6XXX  Upper 51st St N, OAKDALE",FRAUD/SCAM
OAKDALE POLICE DEPARTMENT,OAKDALE,8/26/2026 8:32:19 AM,OD26011029,"6XXX  Upper 35th St N, OAKDALE",FRAUD/SCAM
OAKDALE POLICE DEPARTMENT,OAKDALE,8/26/2026 8:48:39 AM,OD26011031,"1XXX  GRANADA AVE N, OAKDALE",RUNAWAY
OAKDALE POLICE DEPARTMENT,OAKDALE,8/26/2026 9:27:52 AM,OD26011032,"6XXX  UPPER 56TH ST N, OAKDALE",DIRECTED PATROL
OAKDALE POLICE DEPARTMENT,OAKDALE,8/26/2026 11:07:44 AM,OD26011034,"4XXX  Heather Ridge Rd N, OAKDALE",FOUND PROPERTY/ITEM
OAKDALE POLICE DEPARTMENT,OAKDALE,8/26/2026 11:37:53 AM,OD26011036,"6XXX  15TH ST N, OAKDALE",CIVIL MATTER/DISPUTE
OAKDALE POLICE DEPARTMENT,OAKDALE,8/26/2026 11:52:31 AM,OD26011037,"7XXX  32ND ST N, OAKDALE",911 ABANDONED/HANGUP/OPEN LINE
OAKDALE POLICE DEPARTMENT,OAKDALE,8/26/2026 12:15:17 PM,OD26011038,"2XXX  Geneva Ave N, OAKDALE",FRAUD/SCAM
OAKDALE POLICE DEPARTMENT,OAKDALE,8/26/2026 12:26:47 PM,OD26011039,"15TH ST N / GRANITE AVE N, OAKDALE",JUVENILE COMPLAINT
OAKDALE POLICE DEPARTMENT,OAKDALE,8/26/2026 12:28:06 PM,OD26011040,"4XXX  HAMLET AVE N, OAKDALE",MEDICAL
OAKDALE POLICE DEPARTMENT,OAKDALE,8/26/2026 12:54:33 PM,OD26011045,"2XXX  HALE AVE N, OAKDALE",SUSPICIOUS PERSON/ACTIVITY
OAKDALE POLICE DEPARTMENT,OAKDALE,8/26/2026 12:58:57 PM,OD26011043,"6XXX  STILLWATER BLVD N, OAKDALE",TRAFFIC COMPLAINT
OAKDALE POLICE DEPARTMENT,OAKDALE,8/26/2026 1:01:26 PM,OD26011042,"1XXX  HILLVALE AVE N, OAKDALE",CITIZEN/PUBLIC ASSIST
OAKDALE POLICE DEPARTMENT,OAKDALE,8/26/2026 1:12:52 PM,OD26011046,"1XXX  Helmo Ave N, OAKDALE",PROPERTY DAMAGE
OAKDALE POLICE DEPARTMENT,OAKDALE,8/26/2026 2:56:19 PM,OD26011051,"XXX HOLLY LN N, OAKDALE",MEDICAL
OAKDALE POLICE DEPARTMENT,OAKDALE,8/26/2026 3:48:53 PM,OD26011048,"1XXX  HELENA CT N, OAKDALE",DISTURBANCE
OAKDALE POLICE DEPARTMENT,OAKDALE,8/26/2026 3:50:39 PM,OD26011047,"1XXX  Hadley Ave N, OAKDALE",FIRE
OAKDALE POLICE DEPARTMENT,OAKDALE,8/26/2026 3:54:17 PM,OD26011050,"6XXX  15TH ST N, OAKDALE",SUSPICIOUS PERSON/ACTIVITY
OAKDALE POLICE DEPARTMENT,OAKDALE,8/26/2026 4:37:41 PM,OD26011059,"6XXX  HUDSON BLVD N, OAKDALE",911 ABANDONED/HANGUP/OPEN LINE
OAKDALE POLICE DEPARTMENT,OAKDALE,8/26/2026 4:42:39 PM,OD26011057,"1XXX  HELMO AVE N, OAKDALE",WELFARE CHECK
OAKDALE POLICE DEPARTMENT,OAKDALE,8/26/2026 4:52:07 PM,OD26011058,"1XXX  GENEVA AVE N, OAKDALE",THEFT
OAKDALE POLICE DEPARTMENT,OAKDALE,8/26/2026 5:02:24 PM,OD26011060,"12TH ST N & HELMO AVE N, OAKDALE",TRAFFIC STOP
OAKDALE POLICE DEPARTMENT,OAKDALE,8/26/2026 5:35:08 PM,OD26011061,"1XXX  HADLEY AVE N, OAKDALE",TRAFFIC STOP
OAKDALE POLICE DEPARTMENT,OAKDALE,8/26/2026 5:51:23 PM,OD26011063,"XXX GENEVA AVE N, OAKDALE",ACCIDENT
OAKDALE POLICE DEPARTMENT,OAKDALE,8/26/2026 8:11:22 PM,OD26011064,"Upper 48th St N / Granada Ave N, OAKDALE",ANIMAL COMPLAINT
OAKDALE POLICE DEPARTMENT,OAKDALE,8/26/2026 8:58:59 PM,OD26011067,"Upper 48th St N / Granada Ave N, OAKDALE",CIVIL MATTER/DISPUTE
OAKDALE POLICE DEPARTMENT,OAKDALE,8/26/2026 9:08:05 PM,OD26011068,"5XXX  HADLEY AVE N, OAKDALE",TRAFFIC COMPLAINT
OAKDALE POLICE DEPARTMENT,OAKDALE,8/26/2026 9:23:40 PM,OD26011069,"3XXX  HADLEY AVE N, OAKDALE",TRAFFIC STOP
OAKDALE POLICE DEPARTMENT,OAKDALE,8/26/2026 9:40:33 PM,OD26011071,"4XXX  GENEVA AVE N, OAKDALE",TRAFFIC STOP
OAKDALE POLICE DEPARTMENT,OAKDALE,8/26/2026 10:51:19 PM,OD26011072,"4XXX  HEATHER RIDGE RD N, OAKDALE",TRAFFIC STOP
OAKDALE POLICE DEPARTMENT,OAKDALE,8/26/2026 11:34:53 PM,OD26011073,"1XXX  HELMO AVE N, OAKDALE",TRAFFIC STOP
OAKDALE POLICE DEPARTMENT,OAKDALE,8/26/2026 11:56:39 PM,OD26011075,"4XXX  GERSHWIN AVE N, OAKDALE",MEDICAL
OAKDALE POLICE DEPARTMENT,OAKDALE,8/27/2026 12:42:48 AM,OD26011078,"4XXX  GENEVA AVE N, OAKDALE",ASSIST OTHER AGENCY
OAKDALE POLICE DEPARTMENT,OAKDALE,8/27/2026 1:05:00 AM,OD26011079,"GENEVA AVE N / 50TH ST N, OAKDALE",TRAFFIC STOP
OAKDALE POLICE DEPARTMENT,OAKDALE,8/27/2026 1:29:15 AM,OD26011080,"6XXX  HUDSON BLVD, OAKDALE",CITIZEN/PUBLIC ASSIST
OAKDALE POLICE DEPARTMENT,OAKDALE,8/27/2026 9:27:55 AM,OD26011084,"6XXX  HUDSON BLVD N, OAKDALE",911 ABANDONED/HANGUP/OPEN LINE
OAKDALE POLICE DEPARTMENT,OAKDALE,8/27/2026 10:46:41 AM,OD26011090,"2XXX  HADLEY AVE N, OAKDALE",TRAFFIC STOP
OAKDALE POLICE DEPARTMENT,OAKDALE,8/27/2026 11:54:36 AM,OD26011096,"2XXX  HOLLY AVE N, OAKDALE",CITIZEN/PUBLIC ASSIST
OAKDALE POLICE DEPARTMENT,OAKDALE,8/27/2026 11:59:50 AM,OD26011098,"1XXX  HERON AVE N, OAKDALE",MISC INFORMATION
OAKDALE POLICE DEPARTMENT,OAKDALE,8/27/2026 12:20:14 PM,OD26011100,"6XXX  15TH ST N, OAKDALE",CIVIL MATTER/DISPUTE
OAKDALE POLICE DEPARTMENT,OAKDALE,8/27/2026 1:02:28 PM,OD26011107,"6XXX  52ND ST N, OAKDALE",CIVIL MATTER/DISPUTE
OAKDALE POLICE DEPARTMENT,OAKDALE,8/27/2026 1:28:57 PM,OD26011110,"6XXX  29TH ST N, OAKDALE",DISTURBANCE
OAKDALE POLICE DEPARTMENT,OAKDALE,8/27/2026 2:42:25 PM,OD26011113,"3XXX  HAYWARD AVE N, OAKDALE",MEDICAL
OAKDALE POLICE DEPARTMENT,OAKDALE,8/27/2026 4:59:27 PM,OD26011117,"7XXX  15TH STREET LN N, OAKDALE",SUICIDE ATTEMPT/THREATS OF
OAKDALE POLICE DEPARTMENT,OAKDALE,8/27/2026 5:08:14 PM,OD26011118,"2XXX  HYDRAM AVE N, OAKDALE",MEDICAL
OAKDALE POLICE DEPARTMENT,OAKDALE,8/27/2026 6:06:01 PM,OD26011119,"XXX HERON AVE N, OAKDALE",MEDICAL
OAKDALE POLICE DEPARTMENT,OAKDALE,8/27/2026 6:32:16 PM,OD26011120,"10TH ST N & HADLEY AVE N, OAKDALE",TRAFFIC STOP
OAKDALE POLICE DEPARTMENT,OAKDALE,8/27/2026 8:07:27 PM,OD26011121,"2XXX  GENEVA AVE N, OAKDALE",SUSPICIOUS PERSON/ACTIVITY
OAKDALE POLICE DEPARTMENT,OAKDALE,8/27/2026 8:10:34 PM,OD26011122,"7XXX  38TH ST N, OAKDALE",NOISE COMPLAINT/DISTURBANCE
OAKDALE POLICE DEPARTMENT,OAKDALE,8/27/2026 8:12:00 PM,OD26011123,"6XXX  UPPER 13TH ST N, OAKDALE",TRESPASSING
OAKDALE POLICE DEPARTMENT,OAKDALE,8/27/2026 10:08:13 PM,OD26011126,"7XXX  16TH ST N, OAKDALE",MEDICAL
OAKDALE POLICE DEPARTMENT,OAKDALE,8/27/2026 10:25:23 PM,OD26011127,"7XXX  38TH ST N, OAKDALE",WELFARE CHECK
OAKDALE POLICE DEPARTMENT,OAKDALE,8/27/2026 10:31:17 PM,OD26011128,"1XXX  HADLEY AVE N, OAKDALE",WELFARE CHECK
OAKDALE POLICE DEPARTMENT,OAKDALE,8/27/2026 11:08:33 PM,OD26011129,"3XXX  HIGH POINT DR N, OAKDALE",THREATS
OAKDALE POLICE DEPARTMENT,OAKDALE,8/28/2026 12:00:50 AM,OD26011130,"7XXX  19TH ST N, OAKDALE",DISTURBANCE
OAKDALE POLICE DEPARTMENT,OAKDALE,8/28/2026 8:16:12 AM,OD26011131,"6XXX  GRENWICH LN N, OAKDALE",MEDICAL
OAKDALE POLICE DEPARTMENT,OAKDALE,8/28/2026 9:11:52 AM,OD26011132,"6XXX  15TH ST N, OAKDALE",FOUND PROPERTY/ITEM
OAKDALE POLICE DEPARTMENT,OAKDALE,8/28/2026 9:50:11 AM,OD26011133,"XXX GREENWAY AVE N, OAKDALE",PARKING COMPLAINT
OAKDALE POLICE DEPARTMENT,OAKDALE,8/28/2026 11:26:43 AM,OD26011135,"7XXX  11TH ST N, OAKDALE",MEDICAL
OAKDALE POLICE DEPARTMENT,OAKDALE,8/28/2026 11:59:36 AM,OD26011136,"7XXX  STILLWATER BLVD N, OAKDALE",CIVIL MATTER/DISPUTE
OAKDALE POLICE DEPARTMENT,OAKDALE,8/28/2026 12:03:21 PM,OD26011138,"6XXX  15TH ST N, OAKDALE",CITIZEN/PUBLIC ASSIST
OAKDALE POLICE DEPARTMENT,OAKDALE,8/28/2026 12:30:00 PM,OD26011137,"1XXX  HALLMARK AVE N, OAKDALE",JUVENILE COMPLAINT
OAKDALE POLICE DEPARTMENT,OAKDALE,8/28/2026 12:46:17 PM,OD26011139,"1XXX  HALLMARK LN N, OAKDALE",SUSPICIOUS PERSON/ACTIVITY
OAKDALE POLICE DEPARTMENT,OAKDALE,8/28/2026 1:22:34 PM,OD26011140,"8XXX  3rd St N, OAKDALE",SHOPLIFTING
OAKDALE POLICE DEPARTMENT,OAKDALE,8/28/2026 1:39:25 PM,OD26011142,"1XXX  Gershwin Ave N, OAKDALE",WELFARE CHECK
OAKDALE POLICE DEPARTMENT,OAKDALE,8/28/2026 1:53:36 PM,OD26011143,"6XXX  50TH ST N, OAKDALE",CITIZEN/PUBLIC ASSIST
OAKDALE POLICE DEPARTMENT,OAKDALE,8/28/2026 2:03:14 PM,OD26011144,"3XXX  GRANADA AVE N, OAKDALE",FOUND PROPERTY/ITEM
OAKDALE POLICE DEPARTMENT,OAKDALE,8/28/2026 2:24:45 PM,OD26011145,"6XXX  25TH ST N, OAKDALE",PARKING VIOLATION
OAKDALE POLICE DEPARTMENT,OAKDALE,8/28/2026 3:06:20 PM,OD26011146,"5XXX  HADLEY AVE N, OAKDALE",SUSPICIOUS PERSON/ACTIVITY
OAKDALE POLICE DEPARTMENT,OAKDALE,8/28/2026 3:50:52 PM,OD26011147,"GRESHAM AVE N / 40TH ST N, OAKDALE",ACCIDENT
OAKDALE POLICE DEPARTMENT,OAKDALE,8/28/2026 4:14:40 PM,OD26011148,"6XXX  50th St N, OAKDALE",LOST PROPERTY/ITEM
OAKDALE POLICE DEPARTMENT,OAKDALE,8/28/2026 4:46:12 PM,OD26011149,"6XXX  UPPER 22ND ST N, OAKDALE",OFFICER INFORMATION
OAKDALE POLICE DEPARTMENT,OAKDALE,8/28/2026 4:55:38 PM,OD26011150,"6XXX  15TH ST N, OAKDALE",CITIZEN/PUBLIC ASSIST
OAKDALE POLICE DEPARTMENT,OAKDALE,8/28/2026 5:40:09 PM,OD26011151,"6XXX  25TH ST N, OAKDALE",PARKING VIOLATION
OAKDALE POLICE DEPARTMENT,OAKDALE,8/28/2026 7:45:34 PM,OD26011155,"2XXX  HILLVALE CT N, OAKDALE",CIVIL MATTER/DISPUTE
OAKDALE POLICE DEPARTMENT,OAKDALE,8/28/2026 8:00:02 PM,OD26011156,"6XXX  9TH ST N, OAKDALE",SUSPICIOUS PERSON/ACTIVITY
OAKDALE POLICE DEPARTMENT,OAKDALE,8/28/2026 10:08:00 PM,OD26011158,"6XXX  9TH ST N, OAKDALE",FOLLOW UP
OAKDALE POLICE DEPARTMENT,OAKDALE,8/28/2026 10:51:21 PM,OD26011159,"7XXX  32ND ST N, OAKDALE",SUSPICIOUS PERSON/ACTIVITY
OAKDALE POLICE DEPARTMENT,OAKDALE,8/28/2026 11:45:38 PM,OD26011162,"7XXX  15TH STREET LN N, OAKDALE",NOISE COMPLAINT/DISTURBANCE
OAKDALE POLICE DEPARTMENT,OAKDALE,8/29/2026 12:35:53 AM,OD26011164,"1XXX  HELENA RD N, OAKDALE",DISTURBANCE
OAKDALE POLICE DEPARTMENT,OAKDALE,8/29/2026 1:47:27 AM,OD26011165,"2XXX  GRANADA LN N, OAKDALE",911 ABANDONED/HANGUP/OPEN LINE
OAKDALE POLICE DEPARTMENT,OAKDALE,8/29/2026 3:26:52 AM,OD26011166,"7XXX  11TH ST N, OAKDALE",MEDICAL
OAKDALE POLICE DEPARTMENT,OAKDALE,8/29/2026 7:04:30 AM,OD26011168,"1XXX  HADLEY AVE N, OAKDALE",LOST PROPERTY/ITEM
OAKDALE POLICE DEPARTMENT,OAKDALE,8/29/2026 8:04:06 AM,OD26011169,"4XXX  GENEVA AVE N, OAKDALE",WELFARE CHECK
OAKDALE POLICE DEPARTMENT,OAKDALE,8/29/2026 10:36:25 AM,OD26011170,"6XXX  21ST ST N, OAKDALE",ALARM-BUSINESS/RES/FIRE/MEDICAL/ETC
OAKDALE POLICE DEPARTMENT,OAKDALE,8/29/2026 11:30:05 AM,OD26011172,"XXX INWOOD AVE N, OAKDALE",UNWANTED PERSON/VEHICLE
OAKDALE POLICE DEPARTMENT,OAKDALE,8/29/2026 12:05:58 PM,OD26011173,"6XXX  37TH ST N, OAKDALE",911 ABANDONED/HANGUP/OPEN LINE
OAKDALE POLICE DEPARTMENT,OAKDALE,8/29/2026 12:29:33 PM,OD26011174,"6XXX  9TH ST N, OAKDALE",FOUND PROPERTY/ITEM
OAKDALE POLICE DEPARTMENT,OAKDALE,8/29/2026 1:11:46 PM,OD26011176,"1XXX  HELMO AVE N, OAKDALE",MEDICAL
OAKDALE POLICE DEPARTMENT,OAKDALE,8/29/2026 2:07:06 PM,OD26011177,"4XXX  GENEVA AVE N, OAKDALE",FOLLOW UP
OAKDALE POLICE DEPARTMENT,OAKDALE,8/29/2026 3:54:32 PM,OD26011178,"3XXX  Henna Ave N, OAKDALE",NOISE COMPLAINT/DISTURBANCE
OAKDALE POLICE DEPARTMENT,OAKDALE,8/29/2026 6:05:30 PM,OD26011181,"1XXX  GERSHWIN AVE N, OAKDALE",911 ABANDONED/HANGUP/OPEN LINE
OAKDALE POLICE DEPARTMENT,OAKDALE,8/29/2026 6:18:15 PM,OD26011182,"7XXX  33rd St N, OAKDALE",911 ABANDONED/HANGUP/OPEN LINE
OAKDALE POLICE DEPARTMENT,OAKDALE,8/29/2026 6:30:58 PM,OD26011183,"XXX GREENWAY AVE N, OAKDALE",PARKING COMPLAINT
OAKDALE POLICE DEPARTMENT,OAKDALE,8/29/2026 7:09:12 PM,OD26011184,"7XXX  15TH STREET LN N, OAKDALE",MEDICAL
OAKDALE POLICE DEPARTMENT,OAKDALE,8/29/2026 8:13:53 PM,OD26011187,"7XXX  16TH ST N, OAKDALE",JUVENILE COMPLAINT
OAKDALE POLICE DEPARTMENT,OAKDALE,8/29/2026 8:14:52 PM,OD26011189,"GRANADA LN N / GRANADA AVE N, OAKDALE",WELFARE CHECK
OAKDALE POLICE DEPARTMENT,OAKDALE,8/29/2026 8:55:16 PM,OD26011192,"54TH ST N / GENEVA AVE N, OAKDALE",TRAFFIC STOP
OAKDALE POLICE DEPARTMENT,OAKDALE,8/29/2026 9:14:26 PM,OD26011194,"1XXX  GENEVA AVE N, OAKDALE",SHOPLIFTING
OAKDALE POLICE DEPARTMENT,OAKDALE,8/29/2026 9:30:13 PM,OD26011195,"2XXX  GRENADIER AVE N, OAKDALE",WELFARE CHECK
OAKDALE POLICE DEPARTMENT,OAKDALE,8/29/2026 10:11:52 PM,OD26011196,"UPPER 39TH ST N / HALLMARK AVE N, OAKDALE",DRIVING COMPLAINT
OAKDALE POLICE DEPARTMENT,OAKDALE,8/29/2026 10:29:44 PM,OD26011197,"6XXX  UPPER 44TH ST N, OAKDALE",ANIMAL COMPLAINT
OAKDALE POLICE DEPARTMENT,PINE SPRINGS,8/27/2026 12:31:29 AM,OD26011077,"I694 NB OVER HWY 36, PINE SPRINGS",MOTORIST ASSIST
OAKDALE POLICE DEPARTMENT,WEST LAKELAND TOWNSHIP,8/25/2026 2:52:04 PM,OD26011004,"XXX Oakgreen Avenue Pl N, WEST LAKELAND TOWNSHIP",CITIZEN/PUBLIC ASSIST
OAKDALE POLICE DEPARTMENT,WOODBURY,8/27/2026 10:57:00 AM,OD26011091,"EB I94 & CENTURY AVE N, WOODBURY",TRAFFIC STOP
OAKDALE POLICE DEPARTMENT,WOODBURY,8/27/2026 11:48:00 AM,OD26011095,"I94 / Century Ave N, WOODBURY",TRAFFIC STOP
OAKDALE POLICE DEPARTMENT,WOODBURY,8/27/2026 1:14:05 PM,OD26011108,"I94 / Century Ave N, WOODBURY",TRAFFIC STOP
ST. PAUL PARK POLICE DEPARTMENT,SAINT PAUL PARK,8/24/2026 9:53:30 AM,SP26007282,"XXX Pullman Ave, SAINT PAUL PARK",LOST PROPERTY/ITEM
ST. PAUL PARK POLICE DEPARTMENT,SAINT PAUL PARK,8/25/2026 3:44:00 PM,SP26007337,"1XXX  - 1198 SUMMIT AVE, SAINT PAUL PARK",TRAFFIC STOP
ST. PAUL PARK POLICE DEPARTMENT,SAINT PAUL PARK,8/25/2026 4:02:00 PM,SP26007342,"XXX - 519 SUMMIT AVE, SAINT PAUL PARK",TRAFFIC STOP
STILLWATER POLICE DEPARTMENT,GRANT,8/26/2026 12:46:35 PM,SW26008051,"11XXX  60TH ST N, GRANT",MEDICAL
STILLWATER POLICE DEPARTMENT,OAK PARK HEIGHTS,8/25/2026 1:39:02 AM,SW26007998,"Saint Croix Crossing Bridge: Hwy 36 Eb - Mn, OAK PARK HEIGHTS",ASSIST OTHER AGENCY
STILLWATER POLICE DEPARTMENT,Saint Paul,8/26/2026 11:18:00 AM,SW26008042,"PINE ST / GROVE ST, Saint Paul",TRAFFIC STOP
STILLWATER POLICE DEPARTMENT,STILLWATER,8/23/2026 2:48:58 AM,SW26007944,"XXX 6th St S, STILLWATER",911 ABANDONED/HANGUP/OPEN LINE
STILLWATER POLICE DEPARTMENT,STILLWATER,8/23/2026 9:16:56 AM,SW26007947,"2XXX  Hidden Valley Ln, STILLWATER",LIFT ASSIST
STILLWATER POLICE DEPARTMENT,STILLWATER,8/23/2026 9:52:34 AM,SW26007949,"1XXX  Olive St W, STILLWATER",MEDICAL
STILLWATER POLICE DEPARTMENT,STILLWATER,8/23/2026 11:26:35 AM,SW26007951,"XXX Pine Tree Trl, STILLWATER",MEDICAL
STILLWATER POLICE DEPARTMENT,STILLWATER,8/23/2026 12:40:13 PM,SW26007953,"XXX Main St N, STILLWATER",PARKING COMPLAINT
STILLWATER POLICE DEPARTMENT,STILLWATER,8/23/2026 1:47:17 PM,SW26007956,"XXX 4th St N, STILLWATER",CITIZEN/PUBLIC ASSIST
STILLWATER POLICE DEPARTMENT,STILLWATER,8/23/2026 4:02:10 PM,SW26007957,"Saint Croix Ave W / William St N, STILLWATER",TRAFFIC COMPLAINT
STILLWATER POLICE DEPARTMENT,STILLWATER,8/23/2026 6:00:33 PM,SW26007958,"XXX 2ND ST N, STILLWATER",ACCIDENT
STILLWATER POLICE DEPARTMENT,STILLWATER,8/23/2026 6:13:48 PM,SW26007959,"1XXX  Cottage Dr, STILLWATER",NEIGHBOR DISPUTE
STILLWATER POLICE DEPARTMENT,STILLWATER,8/23/2026 7:04:02 PM,SW26007960,"XXX Nightingale Blvd, STILLWATER",MEDICAL
STILLWATER POLICE DEPARTMENT,STILLWATER,8/23/2026 9:12:03 PM,SW26007962,"1XXX  Cottage Dr, STILLWATER",MEDICAL
STILLWATER POLICE DEPARTMENT,STILLWATER,8/23/2026 10:49:00 PM,SW26007965,"8XXX  - 8998 MILLBROOK CIR, STILLWATER",TRAFFIC STOP
STILLWATER POLICE DEPARTMENT,STILLWATER,8/23/2026 10:57:12 PM,SW26007967,"XXX - 1127 PINE TREE TRL, STILLWATER",TRAFFIC STOP
STILLWATER POLICE DEPARTMENT,STILLWATER,8/24/2026 9:29:46 AM,SW26007972,"Holcombe St S / Pine St W, STILLWATER",911 ABANDONED/HANGUP/OPEN LINE
STILLWATER POLICE DEPARTMENT,STILLWATER,8/24/2026 11:41:40 AM,SW26007974,"PINE ST W / GROVE ST S, STILLWATER",TRAFFIC STOP
STILLWATER POLICE DEPARTMENT,STILLWATER,8/24/2026 11:45:24 AM,SW26007975,"XXX MARSH ST W, STILLWATER",SCHOOL/STUDENT ISSUE
STILLWATER POLICE DEPARTMENT,STILLWATER,8/24/2026 12:53:55 PM,SW26007980,"XXX Main St N, STILLWATER",911 ABANDONED/HANGUP/OPEN LINE
STILLWATER POLICE DEPARTMENT,STILLWATER,8/24/2026 1:31:03 PM,SW26007981,"2XXX  Curve Crest Blvd, STILLWATER",MEDICAL
STILLWATER POLICE DEPARTMENT,STILLWATER,8/24/2026 2:02:00 PM,SW26007985,"1XXX  - 1418 PINE ST W, STILLWATER",TRAFFIC STOP
STILLWATER POLICE DEPARTMENT,STILLWATER,8/24/2026 4:08:36 PM,SW26007989,"XXX 4th St N, STILLWATER",FOLLOW UP
STILLWATER POLICE DEPARTMENT,STILLWATER,8/24/2026 4:33:15 PM,SW26007990,"XXX OLIVE ST W, STILLWATER",FRAUD/SCAM
STILLWATER POLICE DEPARTMENT,STILLWATER,8/24/2026 4:56:01 PM,SW26007991,"XXX 2nd St S, STILLWATER",ANIMAL COMPLAINT
STILLWATER POLICE DEPARTMENT,STILLWATER,8/24/2026 5:02:11 PM,SW26007992,"1XXX  Gilbert Ct, STILLWATER",CITIZEN/PUBLIC ASSIST
STILLWATER POLICE DEPARTMENT,STILLWATER,8/24/2026 7:09:06 PM,SW26007993,"Hwy 36 Wb Jwo Greeley St S, STILLWATER",ACCIDENT
STILLWATER POLICE DEPARTMENT,STILLWATER,8/24/2026 8:27:52 PM,SW26007994,"1XXX  Curve Crest Blvd W, STILLWATER",ALARM-BUSINESS/RES/FIRE/MEDICAL/ETC
STILLWATER POLICE DEPARTMENT,STILLWATER,8/25/2026 1:19:03 AM,SW26007997,"2XXX  Interlachen Dr, STILLWATER",Medical
STILLWATER POLICE DEPARTMENT,STILLWATER,8/25/2026 8:04:52 AM,SW26008001,"XXX 3RD ST S, STILLWATER",DIRECTED PATROL
STILLWATER POLICE DEPARTMENT,STILLWATER,8/25/2026 9:24:24 AM,SW26008002,"XXX 5th St N, STILLWATER",THEFT FROM MOTOR VEHICLE
STILLWATER POLICE DEPARTMENT,STILLWATER,8/25/2026 10:06:53 AM,SW26008003,"XXX Saint Croix Ave E, STILLWATER",MEDICAL
STILLWATER POLICE DEPARTMENT,STILLWATER,8/25/2026 11:13:31 AM,SW26008006,"2XXX  White Pine Way, STILLWATER",OFFICER INFORMATION
STILLWATER POLICE DEPARTMENT,STILLWATER,8/25/2026 11:54:46 AM,SW26008008,"XXX 2nd St N, STILLWATER",ACCIDENT
STILLWATER POLICE DEPARTMENT,STILLWATER,8/25/2026 12:18:24 PM,SW26008009,"1XXX  Swenson St, STILLWATER",911 ABANDONED/HANGUP/OPEN LINE
STILLWATER POLICE DEPARTMENT,STILLWATER,8/25/2026 12:38:34 PM,SW26008010,"Washington Ave / Curve Crest Blvd, STILLWATER",911 ABANDONED/HANGUP/OPEN LINE
STILLWATER POLICE DEPARTMENT,STILLWATER,8/25/2026 2:54:39 PM,SW26008013,"1XXX  Owens St N, STILLWATER",PARKING COMPLAINT
STILLWATER POLICE DEPARTMENT,STILLWATER,8/25/2026 3:53:05 PM,SW26008014,"XXX 2ND ST N, STILLWATER",CIVIL MATTER/DISPUTE
STILLWATER POLICE DEPARTMENT,STILLWATER,8/25/2026 4:54:32 PM,SW26008015,"XXX Greeley St S, STILLWATER",MEDICAL
STILLWATER POLICE DEPARTMENT,STILLWATER,8/25/2026 5:04:51 PM,SW26008016,"Main St N / Commercial St, STILLWATER",DISTURBANCE
STILLWATER POLICE DEPARTMENT,STILLWATER,8/25/2026 6:01:38 PM,SW26008017,"Unknown, STILLWATER",OFFICER INFORMATION
STILLWATER POLICE DEPARTMENT,STILLWATER,8/25/2026 6:49:13 PM,SW26008018,"XXX Eagle Ridge Ln, STILLWATER",CIVIL MATTER/DISPUTE
STILLWATER POLICE DEPARTMENT,STILLWATER,8/25/2026 7:15:15 PM,SW26008019,"14XXX  62nd St N, STILLWATER",MEDICAL
STILLWATER POLICE DEPARTMENT,STILLWATER,8/25/2026 7:53:47 PM,SW26008020,"Main St N / Mulberry St E, STILLWATER",DISTURBANCE
STILLWATER POLICE DEPARTMENT,STILLWATER,8/25/2026 8:07:55 PM,SW26008021,"1XXX  Carnelian St N, STILLWATER",MEDICAL
STILLWATER POLICE DEPARTMENT,STILLWATER,8/25/2026 8:37:30 PM,SW26008023,"XXX MARSH ST W, STILLWATER",SCHOOL/STUDENT ISSUE
STILLWATER POLICE DEPARTMENT,STILLWATER,8/25/2026 8:47:27 PM,SW26008024,"XXX WATER ST N, STILLWATER",PROPERTY DAMAGE
STILLWATER POLICE DEPARTMENT,STILLWATER,8/25/2026 9:07:01 PM,SW26008025,"XXX 2nd St N, STILLWATER",ALARM-BUSINESS/RES/FIRE/MEDICAL/ETC
STILLWATER POLICE DEPARTMENT,STILLWATER,8/25/2026 9:29:56 PM,SW26008026,"XXX Main St S, STILLWATER",FOUND PROPERTY/ITEM
STILLWATER POLICE DEPARTMENT,STILLWATER,8/25/2026 10:31:00 PM,SW26008030,"Highway 36 / Washington Ave, STILLWATER",TRAFFIC STOP
STILLWATER POLICE DEPARTMENT,STILLWATER,8/26/2026 2:31:28 AM,SW26008033,"1XXX  GREELEY ST S, STILLWATER",SUSPICIOUS PERSON/ACTIVITY
STILLWATER POLICE DEPARTMENT,STILLWATER,8/26/2026 4:01:15 AM,SW26008034,"1XXX  Owens St N, STILLWATER",WELFARE CHECK
STILLWATER POLICE DEPARTMENT,STILLWATER,8/26/2026 4:05:33 AM,SW26008035,"XXX Greeley St S, STILLWATER",medical
STILLWATER POLICE DEPARTMENT,STILLWATER,8/26/2026 7:00:51 AM,SW26008036,"2XXX  Nightingale Ct, STILLWATER",ALARM-BUSINESS/RES/FIRE/MEDICAL/ETC
STILLWATER POLICE DEPARTMENT,STILLWATER,8/26/2026 10:36:58 AM,SW26008043,"XXX Deer Path Ct, STILLWATER",ANIMAL COMPLAINT
STILLWATER POLICE DEPARTMENT,STILLWATER,8/26/2026 10:38:31 AM,SW26008039,"XXX Bridgewater Way, STILLWATER",MEDICAL
STILLWATER POLICE DEPARTMENT,STILLWATER,8/26/2026 10:48:29 AM,SW26008040,"XXX Churchill St W, STILLWATER",FOUND PROPERTY/ITEM
STILLWATER POLICE DEPARTMENT,STILLWATER,8/26/2026 11:41:14 AM,SW26008045,"1XXX  WASHINGTON AVE, STILLWATER",THEFT FROM MOTOR VEHICLE
STILLWATER POLICE DEPARTMENT,STILLWATER,8/26/2026 11:43:00 AM,SW26008044,"PINE ST W / CENTER ST S, STILLWATER",TRAFFIC STOP
STILLWATER POLICE DEPARTMENT,STILLWATER,8/26/2026 12:07:00 PM,SW26008048,"PINE ST W / GROVE ST S, STILLWATER",TRAFFIC STOP
STILLWATER POLICE DEPARTMENT,STILLWATER,8/26/2026 12:25:00 PM,SW26008049,"PINE ST W / OWENS ST S, STILLWATER",TRAFFIC STOP
STILLWATER POLICE DEPARTMENT,STILLWATER,8/26/2026 12:47:00 PM,SW26008050,"PINE ST W / HEMLOCK ST S, STILLWATER",TRAFFIC STOP
STILLWATER POLICE DEPARTMENT,STILLWATER,8/26/2026 12:59:50 PM,SW26008052,"1XXX  2ND ST S, STILLWATER",MEDICAL
STILLWATER POLICE DEPARTMENT,STILLWATER,8/26/2026 1:43:00 PM,SW26008055,"PINE ST W / GROVE ST S, STILLWATER",TRAFFIC STOP
STILLWATER POLICE DEPARTMENT,STILLWATER,8/26/2026 2:58:44 PM,SW26008056,"XXX NELSON ST, STILLWATER",CIVIL MATTER/DISPUTE
STILLWATER POLICE DEPARTMENT,STILLWATER,8/26/2026 4:33:34 PM,SW26008060,"1XXX  CURVE CREST BLVD, STILLWATER",FAMILY ASSIST
STILLWATER POLICE DEPARTMENT,STILLWATER,8/26/2026 5:28:33 PM,SW26008062,"1XXX  FRONTAGE RD W, STILLWATER",VEHICLE UNLOCK
STILLWATER POLICE DEPARTMENT,STILLWATER,8/26/2026 6:30:13 PM,SW26008064,"CURVE CREST BLVD / GREELEY ST S, STILLWATER",DRIVING COMPLAINT
STILLWATER POLICE DEPARTMENT,STILLWATER,8/26/2026 7:04:32 PM,SW26008065,"Unknown, STILLWATER",MISSING PERSON
STILLWATER POLICE DEPARTMENT,STILLWATER,8/26/2026 7:45:34 PM,SW26008066,"75TH ST N / MARYKNOLL DR, STILLWATER",MISSING PERSON
STILLWATER POLICE DEPARTMENT,STILLWATER,8/26/2026 8:05:55 PM,SW26008067,"1XXX  2ND ST N, STILLWATER",ANIMAL COMPLAINT
STILLWATER POLICE DEPARTMENT,STILLWATER,8/26/2026 8:58:31 PM,SW26008068,"XXX BRIDGEWATER WAY, STILLWATER",MEDICAL
STILLWATER POLICE DEPARTMENT,STILLWATER,8/26/2026 9:13:57 PM,SW26008069,"XXX 2ND ST N, STILLWATER",DISTURBANCE
STILLWATER POLICE DEPARTMENT,STILLWATER,8/26/2026 10:58:44 PM,SW26008077,"14XXX  62ND ST N, STILLWATER",CITIZEN/PUBLIC ASSIST
STILLWATER POLICE DEPARTMENT,STILLWATER,8/27/2026 12:28:26 AM,SW26008082,"3RD ST N / MYRTLE ST W, STILLWATER",SUSPICIOUS PERSON/ACTIVITY
STILLWATER POLICE DEPARTMENT,STILLWATER,8/27/2026 4:50:17 AM,SW26008083,"XXX BRIDGEWATER WAY, STILLWATER",MEDICAL
STILLWATER POLICE DEPARTMENT,STILLWATER,8/27/2026 7:49:38 AM,SW26008085,"NORTHLAND AVE / INTERLACHEN DR, STILLWATER",SUSPICIOUS PERSON/ACTIVITY
STILLWATER POLICE DEPARTMENT,STILLWATER,8/27/2026 9:11:09 AM,SW26008086,"2XXX  WILLARD ST W, STILLWATER",ALARM-BUSINESS/RES/FIRE/MEDICAL/ETC
STILLWATER POLICE DEPARTMENT,STILLWATER,8/27/2026 11:46:46 AM,SW26008090,"XXX CHESTNUT ST E, STILLWATER",THREATS
STILLWATER POLICE DEPARTMENT,STILLWATER,8/27/2026 11:57:08 AM,SW26008091,"1XXX  4TH ST N, STILLWATER",MEDICAL
STILLWATER POLICE DEPARTMENT,STILLWATER,8/27/2026 12:16:00 PM,SW26008092,"XXX 4TH ST N, STILLWATER",ANIMAL COMPLAINT
STILLWATER POLICE DEPARTMENT,STILLWATER,8/27/2026 2:52:15 PM,SW26008097,"XXX CHESTNUT ST E, STILLWATER",FOLLOW UP
STILLWATER POLICE DEPARTMENT,STILLWATER,8/27/2026 6:04:07 PM,SW26008099,"XXX 3RD ST S, STILLWATER",ALARM-BUSINESS/RES/FIRE/MEDICAL/ETC
STILLWATER POLICE DEPARTMENT,STILLWATER,8/27/2026 6:20:34 PM,SW26008100,"2XXX  NEAL CT N, STILLWATER",ANIMAL COMPLAINT
STILLWATER POLICE DEPARTMENT,STILLWATER,8/27/2026 7:00:15 PM,SW26008101,"XXX 3RD ST S, STILLWATER",ALARM-BUSINESS/RES/FIRE/MEDICAL/ETC
STILLWATER POLICE DEPARTMENT,STILLWATER,8/27/2026 9:35:51 PM,SW26008104,"XXX BRIDGEWATER WAY, STILLWATER",MEDICAL
STILLWATER POLICE DEPARTMENT,STILLWATER,8/28/2026 1:00:15 AM,SW26008108,"XXX LINDEN ST W, STILLWATER",MEDICAL
STILLWATER POLICE DEPARTMENT,STILLWATER,8/28/2026 1:22:48 AM,SW26008109,"1XXX  LYDIA CIR, STILLWATER",WARRANT ATTEMPT
STILLWATER POLICE DEPARTMENT,STILLWATER,8/28/2026 2:46:30 AM,SW26008111,"XXX EVERGREEN CT, STILLWATER",MEDICAL
STILLWATER POLICE DEPARTMENT,STILLWATER,8/28/2026 4:42:00 AM,SW26008112,"1XXX  LYDIA CIR, STILLWATER",WARRANT ARREST
STILLWATER POLICE DEPARTMENT,STILLWATER,8/28/2026 8:38:53 AM,SW26008114,"XXX 4TH ST N, STILLWATER",FRAUD/SCAM
STILLWATER POLICE DEPARTMENT,STILLWATER,8/28/2026 9:12:40 AM,SW26008115,"XXX CHESTNUT ST E, STILLWATER",HARASSMENT
STILLWATER POLICE DEPARTMENT,STILLWATER,8/28/2026 10:18:56 AM,SW26008117,"XXX 4TH ST N, STILLWATER",OFFICER COMPLAINT
STILLWATER POLICE DEPARTMENT,STILLWATER,8/28/2026 10:24:30 AM,SW26008118,"XXX 2ND ST N, STILLWATER",LIFT ASSIST
STILLWATER POLICE DEPARTMENT,STILLWATER,8/28/2026 10:45:55 AM,SW26008119,"XXX MAIN ST S, STILLWATER",ALARM-BUSINESS/RES/FIRE/MEDICAL/ETC
STILLWATER POLICE DEPARTMENT,STILLWATER,8/28/2026 11:14:52 AM,SW26008120,"XXX LINDEN ST W, STILLWATER",MEDICAL
STILLWATER POLICE DEPARTMENT,STILLWATER,8/28/2026 11:22:11 AM,SW26008121,"1XXX  EAGLE RIDGE CT, STILLWATER",LOST PROPERTY/ITEM
STILLWATER POLICE DEPARTMENT,STILLWATER,8/28/2026 11:29:14 AM,SW26008122,"XXX CHURCHILL ST W, STILLWATER",DISTURBANCE
STILLWATER POLICE DEPARTMENT,STILLWATER,8/28/2026 3:13:11 PM,SW26008128,"XXX 4TH ST N, STILLWATER",CITIZEN/PUBLIC ASSIST
STILLWATER POLICE DEPARTMENT,STILLWATER,8/28/2026 4:14:20 PM,SW26008130,"7XXX  MINAR AVE N, STILLWATER",CITIZEN/PUBLIC ASSIST
STILLWATER POLICE DEPARTMENT,STILLWATER,8/28/2026 5:06:08 PM,SW26008132,"1XXX  CURVE CREST BLVD W, STILLWATER",MEDICAL
STILLWATER POLICE DEPARTMENT,STILLWATER,8/28/2026 5:07:37 PM,SW26008133,"2XXX  ORLEANS ST W, STILLWATER",WELFARE CHECK
STILLWATER POLICE DEPARTMENT,STILLWATER,8/28/2026 5:32:31 PM,SW26008134,"1XXX  WASHINGTON AVE, STILLWATER",FOLLOW UP
STILLWATER POLICE DEPARTMENT,STILLWATER,8/28/2026 6:00:59 PM,SW26008135,"3rd St N / Laurel St E, STILLWATER",NOISE COMPLAINT/DISTURBANCE
STILLWATER POLICE DEPARTMENT,STILLWATER,8/28/2026 6:52:54 PM,SW26008136,"STILLWATER BLVD N / CURVE CREST BLVD, STILLWATER",DRIVING COMPLAINT
STILLWATER POLICE DEPARTMENT,STILLWATER,8/28/2026 7:03:19 PM,SW26008137,"3RD ST N / LAUREL ST E, STILLWATER",NOISE COMPLAINT/DISTURBANCE
STILLWATER POLICE DEPARTMENT,STILLWATER,8/28/2026 8:21:49 PM,SW26008138,"XXX 5th St S, STILLWATER",FOUND PROPERTY/ITEM
STILLWATER POLICE DEPARTMENT,STILLWATER,8/28/2026 9:24:20 PM,SW26008139,"XXX MAIN ST N, STILLWATER",MEDICAL
STILLWATER POLICE DEPARTMENT,STILLWATER,8/28/2026 10:01:22 PM,SW26008140,"MAIN ST S / NELSON ST, STILLWATER",ACCIDENT
STILLWATER POLICE DEPARTMENT,STILLWATER,8/28/2026 11:37:29 PM,SW26008143,"XXX BRIDGEWATER WAY, STILLWATER",MEDICAL
STILLWATER POLICE DEPARTMENT,STILLWATER,8/29/2026 12:50:51 AM,SW26008144,"2XXX  Countryside Ct, STILLWATER",NOISE COMPLAINT/DISTURBANCE
STILLWATER POLICE DEPARTMENT,STILLWATER,8/29/2026 4:30:36 AM,SW26008145,"XXX Greeley St S, STILLWATER",MEDICAL
STILLWATER POLICE DEPARTMENT,STILLWATER,8/29/2026 8:10:15 AM,SW26008146,"2XXX  ICEROSE LN, STILLWATER",MEDICAL
STILLWATER POLICE DEPARTMENT,STILLWATER,8/29/2026 8:11:08 AM,SW26008147,"STILLWATER BLVD N OVER HWY 36, STILLWATER",TRAFFIC COMPLAINT
STILLWATER POLICE DEPARTMENT,STILLWATER,8/29/2026 8:39:42 AM,SW26008148,"XXX 4TH ST N, STILLWATER",CITIZEN/PUBLIC ASSIST
STILLWATER POLICE DEPARTMENT,STILLWATER,8/29/2026 8:54:46 AM,SW26008150,"1XXX  POND VIEW LN, STILLWATER",CITIZEN/PUBLIC ASSIST
STILLWATER POLICE DEPARTMENT,STILLWATER,8/29/2026 10:59:58 AM,SW26008152,"Unknown, STILLWATER",CITIZEN/PUBLIC ASSIST
STILLWATER POLICE DEPARTMENT,STILLWATER,8/29/2026 11:58:14 AM,SW26008156,"Unknown, STILLWATER",CIVIL MATTER/DISPUTE
STILLWATER POLICE DEPARTMENT,STILLWATER,8/29/2026 11:58:25 AM,SW26008155,"XXX MAIN ST S, STILLWATER",911 ABANDONED/HANGUP/OPEN LINE
STILLWATER POLICE DEPARTMENT,STILLWATER,8/29/2026 12:35:31 PM,SW26008158,"PINE ST W / GROVE ST S, STILLWATER",TRAFFIC STOP
STILLWATER POLICE DEPARTMENT,STILLWATER,8/29/2026 12:50:00 PM,SW26008160,"PINE ST W / GROVE ST S, STILLWATER",TRAFFIC STOP
STILLWATER POLICE DEPARTMENT,STILLWATER,8/29/2026 12:52:40 PM,SW26008162,"CHESTNUT ST E / 2ND ST S, STILLWATER",PARKING COMPLAINT
STILLWATER POLICE DEPARTMENT,STILLWATER,8/29/2026 2:09:25 PM,SW26008167,"XXX MAIN ST N, STILLWATER",MEDICAL
STILLWATER POLICE DEPARTMENT,STILLWATER,8/29/2026 2:20:00 PM,SW26008169,"PINE ST W / GROVE ST S, STILLWATER",TRAFFIC STOP
STILLWATER POLICE DEPARTMENT,STILLWATER,8/29/2026 2:31:00 PM,SW26008170,"PINE ST W / GROVE ST S, STILLWATER",TRAFFIC STOP
STILLWATER POLICE DEPARTMENT,STILLWATER,8/29/2026 2:47:00 PM,SW26008171,"PINE ST W / GROVE ST S, STILLWATER",TRAFFIC STOP
STILLWATER POLICE DEPARTMENT,STILLWATER,8/29/2026 3:05:32 PM,SW26008172,"1XXX  MARKET DR, STILLWATER",ACCIDENT
STILLWATER POLICE DEPARTMENT,STILLWATER,8/29/2026 4:48:59 PM,SW26008176,"XXX HOMEWARD WAY, STILLWATER",ANIMAL COMPLAINT
STILLWATER POLICE DEPARTMENT,STILLWATER,8/29/2026 6:06:48 PM,SW26008177,"1XXX  4th St N, STILLWATER",EVENT SECURITY
STILLWATER POLICE DEPARTMENT,STILLWATER,8/29/2026 6:27:48 PM,SW26008178,"XXX MAIN ST N, STILLWATER",ACCIDENT
STILLWATER POLICE DEPARTMENT,STILLWATER,8/29/2026 6:42:11 PM,SW26008179,"14XXX  62ND ST N, STILLWATER",CITIZEN/PUBLIC ASSIST
STILLWATER POLICE DEPARTMENT,STILLWATER,8/29/2026 7:34:24 PM,SW26008182,"XXX NEW ENGLAND PL, STILLWATER",911 ABANDONED/HANGUP/OPEN LINE
STILLWATER POLICE DEPARTMENT,STILLWATER,8/29/2026 7:35:58 PM,SW26008183,"40XXX -BLK MAIN ST N, STILLWATER",DRUNK/INTOXICATED 
STILLWATER POLICE DEPARTMENT,STILLWATER,8/29/2026 7:37:45 PM,SW26008184,"XXX CHURCHILL ST W, STILLWATER",ANIMAL COMPLAINT
STILLWATER POLICE DEPARTMENT,STILLWATER,8/29/2026 8:08:18 PM,SW26008185," 0 ADDRESS UNKNOWN   , STILLWATER",CIVIL MATTER/DISPUTE
STILLWATER POLICE DEPARTMENT,STILLWATER,8/29/2026 9:41:44 PM,SW26008186,"XXX - 699 MAIN ST N, STILLWATER",WARRANT ARREST
STILLWATER POLICE DEPARTMENT,STILLWATER,8/29/2026 9:55:21 PM,SW26008187,"2XXX  BREWERS LN, STILLWATER",SUSPICIOUS PERSON/ACTIVITY
STILLWATER POLICE DEPARTMENT,STILLWATER,8/29/2026 10:43:05 PM,SW26008188,"XXX MAIN ST S, STILLWATER",ALARM-BUSINESS/RES/FIRE/MEDICAL/ETC
STILLWATER POLICE DEPARTMENT,STILLWATER,8/29/2026 11:38:01 PM,SW26008189,"1XXX  WHITE PINE CT, STILLWATER",911 ABANDONED/HANGUP/OPEN LINE
STILLWATER POLICE DEPARTMENT,STILLWATER TOWNSHIP,8/28/2026 3:51:07 PM,SW26008129,"HWY 36 WB AT MANNING AVE N, STILLWATER TOWNSHIP",VEHICLE OFF ROAD
WASHINGTON COUNTY SHERIFFS OFFICE,AFTON,8/23/2026 3:00:17 PM,WC26042997,"15XXX  - 15899 AFTON BLVD S, AFTON",DIRECTED PATROL
WASHINGTON COUNTY SHERIFFS OFFICE,AFTON,8/23/2026 3:29:14 PM,WC26043004,"AFTON BLVD S / SAINT CROIX TRL S, AFTON",ACCIDENT
WASHINGTON COUNTY SHERIFFS OFFICE,AFTON,8/23/2026 5:52:00 PM,WC26043038,"13XXX  - 14699 HUDSON RD S, AFTON",TRAFFIC STOP
WASHINGTON COUNTY SHERIFFS OFFICE,AFTON,8/24/2026 1:56:19 PM,WC26043189,"12XXX  8th St S, AFTON",MEDICAL
WASHINGTON COUNTY SHERIFFS OFFICE,AFTON,8/25/2026 4:46:11 PM,WC26043422,"1XXX  NEAL AVE S, AFTON",FIRE
WASHINGTON COUNTY SHERIFFS OFFICE,AFTON,8/25/2026 7:36:12 PM,WC26043449,"13XXX  44th St S, AFTON",ALARM-BUSINESS/RES/FIRE/MEDICAL/ETC
WASHINGTON COUNTY SHERIFFS OFFICE,AFTON,8/26/2026 4:20:23 PM,WC26043565,"4XXX  TRADING POST TRL S, AFTON",FOLLOW UP
WASHINGTON COUNTY SHERIFFS OFFICE,AFTON,8/27/2026 6:13:18 AM,WC26043653,"MANNING AVE S / HUDSON RD S, AFTON",ACCIDENT
WASHINGTON COUNTY SHERIFFS OFFICE,AFTON,8/27/2026 7:23:34 PM,WC26043792,"2XXX  SAINT CROIX TRL S, AFTON",ALARM-BUSINESS/RES/FIRE/MEDICAL/ETC
WASHINGTON COUNTY SHERIFFS OFFICE,AFTON,8/28/2026 4:55:58 AM,WC26043854,"3XXX  MANNING AVE S, AFTON",ACCIDENT
WASHINGTON COUNTY SHERIFFS OFFICE,AFTON,8/28/2026 1:20:07 PM,WC26043939,"2XXX  STAGECOACH TRL S, AFTON",CIVIL MATTER/DISPUTE
WASHINGTON COUNTY SHERIFFS OFFICE,AFTON,8/28/2026 3:27:13 PM,WC26043954,"15XXX  - 15899 AFTON BLVD S, AFTON",DIRECTED PATROL
WASHINGTON COUNTY SHERIFFS OFFICE,AFTON,8/28/2026 4:45:42 PM,WC26043976,"XXX INDIAN TRL S, AFTON",MEDICAL
WASHINGTON COUNTY SHERIFFS OFFICE,BAYPORT,8/23/2026 8:47:12 AM,WC26042938,"56TH ST N / STAGECOACH TRL N, BAYPORT",ASSIST OTHER AGENCY
WASHINGTON COUNTY SHERIFFS OFFICE,BAYPORT,8/25/2026 1:27:51 AM,WC26043283,"XXX - 972 MINNESOTA ST S, BAYPORT",ACCIDENT
WASHINGTON COUNTY SHERIFFS OFFICE,BAYPORT,8/25/2026 11:47:00 AM,WC26043352,"Saint Croix Trl N / 10th Ave N, BAYPORT",TRAFFIC STOP
WASHINGTON COUNTY SHERIFFS OFFICE,BAYPORT,8/25/2026 11:36:44 PM,WC26043479,"XXX 5TH AVE S, BAYPORT",ASSIST OTHER AGENCY
WASHINGTON COUNTY SHERIFFS OFFICE,BAYTOWN TOWNSHIP,8/23/2026 8:38:48 PM,WC26043069,"STAGECOACH TRL N / 40TH ST N, BAYTOWN TOWNSHIP",ACCIDENT
WASHINGTON COUNTY SHERIFFS OFFICE,BAYTOWN TOWNSHIP,8/24/2026 11:26:51 AM,WC26043169,"STILLWATER BLVD N / MCDONALD DR N, BAYTOWN TOWNSHIP",TRAFFIC STOP
WASHINGTON COUNTY SHERIFFS OFFICE,BAYTOWN TOWNSHIP,8/24/2026 8:15:34 PM,WC26043266,"4XXX  Mcdonald Dr N, BAYTOWN TOWNSHIP",WELFARE CHECK
WASHINGTON COUNTY SHERIFFS OFFICE,BAYTOWN TOWNSHIP,8/25/2026 9:13:59 AM,WC26043309,"4XXX  Stagecoach Trl N, BAYTOWN TOWNSHIP",LOST PROPERTY/ITEM
WASHINGTON COUNTY SHERIFFS OFFICE,BAYTOWN TOWNSHIP,8/27/2026 8:20:49 AM,WC26043664,"STAGECOACH TRL N / 40TH ST N, BAYTOWN TOWNSHIP",ACCIDENT
WASHINGTON COUNTY SHERIFFS OFFICE,BAYTOWN TOWNSHIP,8/27/2026 1:31:38 PM,WC26043739,"13XXX  51ST ST N, BAYTOWN TOWNSHIP",ALARM-BUSINESS/RES/FIRE/MEDICAL/ETC
WASHINGTON COUNTY SHERIFFS OFFICE,BAYTOWN TOWNSHIP,8/27/2026 3:15:10 PM,WC26043752,"40TH ST N / MANNING AVE N, BAYTOWN TOWNSHIP",DRIVING COMPLAINT
WASHINGTON COUNTY SHERIFFS OFFICE,BAYTOWN TOWNSHIP,8/28/2026 7:39:32 PM,WC26044009,"4XXX  MCDONALD DRIVE PL N, BAYTOWN TOWNSHIP",SUSPICIOUS PERSON/ACTIVITY
WASHINGTON COUNTY SHERIFFS OFFICE,BAYTOWN TOWNSHIP,8/29/2026 10:18:06 AM,WC26044087,"12XXX  40TH ST N, BAYTOWN TOWNSHIP",DISTURBANCE
WASHINGTON COUNTY SHERIFFS OFFICE,BIRCHWOOD,8/26/2026 6:46:06 PM,WC26043584,"XXX LAKE AVE, BIRCHWOOD",MEDICAL
WASHINGTON COUNTY SHERIFFS OFFICE,BIRCHWOOD,8/26/2026 11:51:03 PM,WC26043622,"XXX CEDAR ST, BIRCHWOOD",ANIMAL COMPLAINT
WASHINGTON COUNTY SHERIFFS OFFICE,BIRCHWOOD,8/28/2026 11:26:56 AM,WC26043919,"XXX WILDWOOD AVE, BIRCHWOOD",MEDICAL
WASHINGTON COUNTY SHERIFFS OFFICE,BIRCHWOOD,8/29/2026 10:48:20 PM,WC26044203,"XXX HALL AVE, BIRCHWOOD",SUSPICIOUS PERSON/ACTIVITY
WASHINGTON COUNTY SHERIFFS OFFICE,COTTAGE GROVE,8/24/2026 4:45:46 PM,WC26043229,"9XXX  KEATS AVE S, COTTAGE GROVE",VEHICLE UNLOCK
WASHINGTON COUNTY SHERIFFS OFFICE,COTTAGE GROVE,8/25/2026 1:36:00 PM,WC26043379,"Highway 61 SB / KINGSBOROUGH TRL S, COTTAGE GROVE",TRAFFIC STOP
WASHINGTON COUNTY SHERIFFS OFFICE,COTTAGE GROVE,8/27/2026 5:50:35 PM,WC26043774,"9XXX  HAMLET LN S, COTTAGE GROVE",CIVIL MATTER/DISPUTE
WASHINGTON COUNTY SHERIFFS OFFICE,COTTAGE GROVE,8/27/2026 6:09:31 PM,WC26043777,"9XXX  JENSEN AVE S, COTTAGE GROVE",CIVIL MATTER/DISPUTE
WASHINGTON COUNTY SHERIFFS OFFICE,COTTAGE GROVE,8/29/2026 9:31:27 AM,WC26044083,"8XXX  JEFFERY AVE S, COTTAGE GROVE",CITIZEN/PUBLIC ASSIST
WASHINGTON COUNTY SHERIFFS OFFICE,COTTAGE GROVE,8/29/2026 10:53:04 AM,WC26044090,"8XXX  JEFFERY AVE S, COTTAGE GROVE",CIVIL MATTER/DISPUTE
WASHINGTON COUNTY SHERIFFS OFFICE,COTTAGE GROVE,8/29/2026 6:02:44 PM,WC26044157,"9XXX  jensen ave s, COTTAGE GROVE",CIVIL MATTER/DISPUTE
WASHINGTON COUNTY SHERIFFS OFFICE,DELLWOOD,8/24/2026 5:34:04 AM,WC26043120,"XX Dellwood Ave, DELLWOOD",ALARM-BUSINESS/RES/FIRE/MEDICAL/ETC
WASHINGTON COUNTY SHERIFFS OFFICE,DELLWOOD,8/25/2026 2:23:12 AM,WC26043287,"XX Doral Rd, DELLWOOD",MEDICAL
WASHINGTON COUNTY SHERIFFS OFFICE,DELLWOOD,8/26/2026 11:18:00 AM,WC26043532,"XX PENINSULA RD, DELLWOOD",ALARM-BUSINESS/RES/FIRE/MEDICAL/ETC
WASHINGTON COUNTY SHERIFFS OFFICE,DELLWOOD,8/26/2026 12:00:13 PM,WC26043538,"XX DELLWOOD AVE, DELLWOOD",VEHICLE UNLOCK
WASHINGTON COUNTY SHERIFFS OFFICE,DELLWOOD,8/26/2026 3:44:37 PM,WC26043562,"XX DELLWOOD AVE, DELLWOOD",FOUND PROPERTY/ITEM
WASHINGTON COUNTY SHERIFFS OFFICE,DELLWOOD,8/29/2026 7:38:00 PM,WC26044170,"XX DELLWOOD AVE, DELLWOOD",MEDICAL
WASHINGTON COUNTY SHERIFFS OFFICE,DELLWOOD,8/29/2026 11:16:18 PM,WC26044207,"XX DELLWOOD AVE, DELLWOOD",NOISE COMPLAINT/DISTURBANCE
WASHINGTON COUNTY SHERIFFS OFFICE,DENMARK TOWNSHIP,8/23/2026 2:53:29 PM,WC26042996,"6XXX  PELLER AVE S, DENMARK TOWNSHIP",911 ABANDONED/HANGUP/OPEN LINE
WASHINGTON COUNTY SHERIFFS OFFICE,DENMARK TOWNSHIP,8/23/2026 4:24:29 PM,WC26043020,"10XXX  Neal Ave S, DENMARK TOWNSHIP",911 ABANDONED/HANGUP/OPEN LINE
WASHINGTON COUNTY SHERIFFS OFFICE,DENMARK TOWNSHIP,8/23/2026 5:55:00 PM,WC26043039,"MANNING AVE S / 90TH ST S, DENMARK TOWNSHIP",TRAFFIC STOP
WASHINGTON COUNTY SHERIFFS OFFICE,DENMARK TOWNSHIP,8/23/2026 6:09:00 PM,WC26043044,"MANNING AVE S / 90TH ST S, DENMARK TOWNSHIP",TRAFFIC STOP
WASHINGTON COUNTY SHERIFFS OFFICE,DENMARK TOWNSHIP,8/24/2026 6:49:43 AM,WC26043124,"12XXX  Point Douglas Dr S, DENMARK TOWNSHIP",WELFARE CHECK
WASHINGTON COUNTY SHERIFFS OFFICE,DENMARK TOWNSHIP,8/24/2026 2:56:42 PM,WC26043205,"90th St S / Manning Ave S, DENMARK TOWNSHIP",TRAFFIC COMPLAINT
WASHINGTON COUNTY SHERIFFS OFFICE,DENMARK TOWNSHIP,8/24/2026 5:16:34 PM,WC26043236,"XX HWY 10 JSO 127TH ST S, DENMARK TOWNSHIP",MOTORIST ASSIST
WASHINGTON COUNTY SHERIFFS OFFICE,DENMARK TOWNSHIP,8/25/2026 12:24:21 PM,WC26043365,"12XXX  120TH ST S, DENMARK TOWNSHIP",MOTOR VEHICLE THEFT
WASHINGTON COUNTY SHERIFFS OFFICE,DENMARK TOWNSHIP,8/26/2026 2:01:00 PM,WC26043519,"12XXX  - 12898 Highway 10, DENMARK TOWNSHIP",TRAFFIC STOP
WASHINGTON COUNTY SHERIFFS OFFICE,DENMARK TOWNSHIP,8/27/2026 8:43:05 PM,WC26043801,"12XXX  SAINT CROIX TRL S, DENMARK TOWNSHIP",ANIMAL COMPLAINT
WASHINGTON COUNTY SHERIFFS OFFICE,DENMARK TOWNSHIP,8/28/2026 12:38:06 AM,WC26043833,"7XXX  QUADRANT AVE S, DENMARK TOWNSHIP",WELFARE CHECK
WASHINGTON COUNTY SHERIFFS OFFICE,DENMARK TOWNSHIP,8/29/2026 11:58:24 AM,WC26044100,"14XXX  104TH ST S, DENMARK TOWNSHIP",FOUND PROPERTY/ITEM
WASHINGTON COUNTY SHERIFFS OFFICE,DENMARK TOWNSHIP,8/29/2026 12:12:35 PM,WC26044102,"HWY 10 AT SAINT CROIX TRL S, DENMARK TOWNSHIP",ASSIST OTHER AGENCY
WASHINGTON COUNTY SHERIFFS OFFICE,DENMARK TOWNSHIP,8/29/2026 3:43:38 PM,WC26044127,"14XXX  - 14999 102ND ST S, DENMARK TOWNSHIP",PARK INCIDENT-CITY/COUNTY
WASHINGTON COUNTY SHERIFFS OFFICE,DENMARK TOWNSHIP,8/29/2026 3:49:57 PM,WC26044129,"12XXX  MORGAN AVE S, DENMARK TOWNSHIP",ASSIST OTHER AGENCY
WASHINGTON COUNTY SHERIFFS OFFICE,DENMARK TOWNSHIP,8/29/2026 4:07:40 PM,WC26044131,"POINT DOUGLAS PARK ACCESS ROAD, DENMARK TOWNSHIP",PARK INCIDENT-CITY/COUNTY
WASHINGTON COUNTY SHERIFFS OFFICE,DENMARK TOWNSHIP,8/29/2026 7:52:12 PM,WC26044172,"Highway 10 / SAINT CROIX TRL S, DENMARK TOWNSHIP",ANIMAL COMPLAINT
WASHINGTON COUNTY SHERIFFS OFFICE,DENMARK TOWNSHIP,8/29/2026 8:28:57 PM,WC26044176,"14XXX  - 14999 102ND ST S, DENMARK TOWNSHIP",PARK INCIDENT-CITY/COUNTY
WASHINGTON COUNTY SHERIFFS OFFICE,FOREST LAKE,8/26/2026 12:36:56 PM,WC26043544,"10XXX  SCANDIA TRL N, FOREST LAKE",FIRE
WASHINGTON COUNTY SHERIFFS OFFICE,FOREST LAKE,8/26/2026 5:50:30 PM,WC26043575,"1XXX  APARTMENT LN SW, FOREST LAKE",CIVIL MATTER/DISPUTE
WASHINGTON COUNTY SHERIFFS OFFICE,FOREST LAKE,8/26/2026 8:38:22 PM,WC26043602,"4XXX  207TH ST N, FOREST LAKE",CIVIL MATTER/DISPUTE
WASHINGTON COUNTY SHERIFFS OFFICE,FOREST LAKE,8/28/2026 6:47:26 PM,WC26043998,"45XXX ?14'15.26""N / 092?59'07.41""W, FOREST LAKE",WELFARE CHECK
WASHINGTON COUNTY SHERIFFS OFFICE,FOREST LAKE,8/28/2026 7:19:54 PM,WC26044004,"1XXX  APARTMENT LN SW, FOREST LAKE",CIVIL MATTER/DISPUTE
WASHINGTON COUNTY SHERIFFS OFFICE,GRANT,8/23/2026 8:23:32 AM,WC26042935,"6XXX  Inwood Ct N, GRANT",MEDICAL
WASHINGTON COUNTY SHERIFFS OFFICE,GRANT,8/23/2026 12:14:44 PM,WC26042962,"Dellwood Rd N / Manning Ave N, GRANT",TRAFFIC COMPLAINT
WASHINGTON COUNTY SHERIFFS OFFICE,GRANT,8/23/2026 12:31:04 PM,WC26042966,"11XXX  - 11998 75TH ST N, GRANT",DIRECTED PATROL
WASHINGTON COUNTY SHERIFFS OFFICE,GRANT,8/23/2026 3:07:17 PM,WC26042999,"Manning Ave N / 75th St N, GRANT",DRIVING COMPLAINT
WASHINGTON COUNTY SHERIFFS OFFICE,GRANT,8/24/2026 7:26:19 AM,WC26043127,"75th St N / Lake Elmo Ave N, GRANT",ACCIDENT
WASHINGTON COUNTY SHERIFFS OFFICE,GRANT,8/24/2026 8:37:05 AM,WC26043139,"8XXX  Jamaca Ave N, GRANT",CITIZEN/PUBLIC ASSIST
WASHINGTON COUNTY SHERIFFS OFFICE,GRANT,8/24/2026 2:44:49 PM,WC26043201,"75th St N / Kimbro Ave N, GRANT",DRIVING COMPLAINT
WASHINGTON COUNTY SHERIFFS OFFICE,GRANT,8/25/2026 7:00:52 AM,WC26043299,"75TH ST N / MANNING AVE N, GRANT",TRAFFIC STOP
WASHINGTON COUNTY SHERIFFS OFFICE,GRANT,8/25/2026 12:19:54 PM,WC26043359,"117th St N / Goodview Ave N, GRANT",CITIZEN/PUBLIC ASSIST
WASHINGTON COUNTY SHERIFFS OFFICE,GRANT,8/25/2026 1:44:31 PM,WC26043384,"11XXX  Jasmine Trl N, GRANT",FRAUD/SCAM
WASHINGTON COUNTY SHERIFFS OFFICE,GRANT,8/26/2026 12:46:35 PM,WC26043545,"11XXX  60TH ST N, GRANT",MEDICAL
WASHINGTON COUNTY SHERIFFS OFFICE,GRANT,8/26/2026 8:20:03 PM,WC26043597,"75TH ST N / LAKE ELMO AVE N, GRANT",ANIMAL COMPLAINT
WASHINGTON COUNTY SHERIFFS OFFICE,GRANT,8/26/2026 8:21:53 PM,WC26043599,"IDEAL AVE N / DELLWOOD RD N, GRANT",ACCIDENT
WASHINGTON COUNTY SHERIFFS OFFICE,GRANT,8/27/2026 4:33:39 AM,WC26043650,"6XXX  117TH ST N, GRANT",MEDICAL
WASHINGTON COUNTY SHERIFFS OFFICE,GRANT,8/27/2026 1:15:58 PM,WC26043736,"7XXX  99TH STREET CIR N, GRANT",911 ABANDONED/HANGUP/OPEN LINE
WASHINGTON COUNTY SHERIFFS OFFICE,GRANT,8/27/2026 4:08:43 PM,WC26043759,"75TH ST N / JOCELYN RD N, GRANT",DRIVING COMPLAINT
WASHINGTON COUNTY SHERIFFS OFFICE,GRANT,8/27/2026 11:08:00 PM,WC26043800,"11XXX  JULIANNE AVE N, GRANT",CONDITIONAL RELEASE VIOLATION
WASHINGTON COUNTY SHERIFFS OFFICE,GRANT,8/28/2026 9:38:34 AM,WC26043885,"DELLWOOD RD N / JAMACA AVE N, GRANT",OFFICER INFORMATION
WASHINGTON COUNTY SHERIFFS OFFICE,GRANT,8/29/2026 1:58:00 AM,WC26044067,"9XXX  83RD ST N, GRANT",NOISE COMPLAINT/DISTURBANCE
WASHINGTON COUNTY SHERIFFS OFFICE,GRANT,8/29/2026 8:25:36 AM,WC26044080,"10XXX  60TH STREET LN N, GRANT",ALARM-BUSINESS/RES/FIRE/MEDICAL/ETC
WASHINGTON COUNTY SHERIFFS OFFICE,GRANT,8/29/2026 11:25:30 AM,WC26044095,"8XXX  75TH ST N, GRANT",911 ABANDONED/HANGUP/OPEN LINE
WASHINGTON COUNTY SHERIFFS OFFICE,GRANT,8/29/2026 2:07:15 PM,WC26044114,"11XXX  60TH ST N, GRANT",ACCIDENT
WASHINGTON COUNTY SHERIFFS OFFICE,HUGO,8/23/2026 12:18:13 AM,WC26042903,"15XXX  Goodview Ave N, HUGO",NOISE COMPLAINT/DISTURBANCE
WASHINGTON COUNTY SHERIFFS OFFICE,HUGO,8/23/2026 1:13:46 AM,WC26042910,"5XXX  159TH ST N, HUGO",OPEN DOOR/WINDOW
WASHINGTON COUNTY SHERIFFS OFFICE,HUGO,8/23/2026 1:31:26 AM,WC26042916,"6XXX  145th Cir N, HUGO",PROPERTY DAMAGE
WASHINGTON COUNTY SHERIFFS OFFICE,HUGO,8/23/2026 3:30:20 AM,WC26042924,"13XXX  Europa Ct N, HUGO",PROPERTY DAMAGE
WASHINGTON COUNTY SHERIFFS OFFICE,HUGO,8/23/2026 8:09:41 AM,WC26042934,"16XXX  Empress Ave N, HUGO",ALARM-BUSINESS/RES/FIRE/MEDICAL/ETC
WASHINGTON COUNTY SHERIFFS OFFICE,HUGO,8/23/2026 8:58:53 AM,WC26042943,"4XXX  Emmit Dr N, HUGO",WELFARE CHECK
WASHINGTON COUNTY SHERIFFS OFFICE,HUGO,8/23/2026 10:19:59 AM,WC26042951,"Unknown, HUGO",FOLLOW UP
WASHINGTON COUNTY SHERIFFS OFFICE,HUGO,8/23/2026 12:17:32 PM,WC26042963,"5XXX  134th St N, HUGO",HARASSMENT
WASHINGTON COUNTY SHERIFFS OFFICE,HUGO,8/23/2026 12:34:00 PM,WC26042968,"ELMCREST AVE N / ROSEMARY WAY , HUGO",ACCIDENT
WASHINGTON COUNTY SHERIFFS OFFICE,HUGO,8/23/2026 12:50:27 PM,WC26042970,"15XXX  French Dr N, HUGO",FOLLOW UP
WASHINGTON COUNTY SHERIFFS OFFICE,HUGO,8/23/2026 1:18:40 PM,WC26042972,"5XXX  134th St N, HUGO",CIVIL MATTER/DISPUTE
WASHINGTON COUNTY SHERIFFS OFFICE,HUGO,8/23/2026 1:19:41 PM,WC26042973,"15XXX  Farnham Ave N, HUGO",NOISE COMPLAINT/DISTURBANCE
WASHINGTON COUNTY SHERIFFS OFFICE,HUGO,8/23/2026 3:51:38 PM,WC26043014,"6XXX  150th St N, HUGO",MEDICAL
WASHINGTON COUNTY SHERIFFS OFFICE,HUGO,8/23/2026 4:31:01 PM,WC26043021,"5XXX  159th Cir N, HUGO",VEHICLE UNLOCK
WASHINGTON COUNTY SHERIFFS OFFICE,HUGO,8/23/2026 4:54:12 PM,WC26043028,"15XXX  Forest Blvd N, HUGO",INCIDENT
WASHINGTON COUNTY SHERIFFS OFFICE,HUGO,8/23/2026 7:28:26 PM,WC26043057,"16XXX  Ethan Trl N, HUGO",911 ABANDONED/HANGUP/OPEN LINE
WASHINGTON COUNTY SHERIFFS OFFICE,HUGO,8/23/2026 7:48:44 PM,WC26043060,"6XXX  177th St N, HUGO",MEDICAL
WASHINGTON COUNTY SHERIFFS OFFICE,HUGO,8/23/2026 10:32:14 PM,WC26043086,"15XXX  Enfield Ave N, HUGO",JUVENILE COMPLAINT
WASHINGTON COUNTY SHERIFFS OFFICE,HUGO,8/23/2026 11:06:00 PM,WC26043090,"FARNHAM AVE N / ONEKA PKWY N, HUGO",DWI
WASHINGTON COUNTY SHERIFFS OFFICE,HUGO,8/24/2026 12:20:01 PM,WC26043175,"15XXX  Goodview Ave N, HUGO",HARASSMENT
WASHINGTON COUNTY SHERIFFS OFFICE,HUGO,8/24/2026 12:50:55 PM,WC26043180,"14XXX  Victor Hugo Blvd N, HUGO",ALARM-BUSINESS/RES/FIRE/MEDICAL/ETC
WASHINGTON COUNTY SHERIFFS OFFICE,HUGO,8/24/2026 2:30:57 PM,WC26043196,"4XXX  Heritage Pkwy N, HUGO",THEFT
WASHINGTON COUNTY SHERIFFS OFFICE,HUGO,8/24/2026 2:37:39 PM,WC26043198,"14XXX  MERCANTILE DR N, HUGO",MEDICAL
WASHINGTON COUNTY SHERIFFS OFFICE,HUGO,8/24/2026 2:54:00 PM,WC26043202,"FOREST BLVD N/152ND ST N , HUGO",TRAFFIC STOP
WASHINGTON COUNTY SHERIFFS OFFICE,HUGO,8/24/2026 3:15:38 PM,WC26043211,"16XXX  ELMCREST AVE N, HUGO",WARRANT ARREST
WASHINGTON COUNTY SHERIFFS OFFICE,HUGO,8/24/2026 3:47:16 PM,WC26043216,"4XXX  Rosemary Way N, HUGO",FOLLOW UP
WASHINGTON COUNTY SHERIFFS OFFICE,HUGO,8/24/2026 4:10:14 PM,WC26043221,"140th St N / Isleton Ave N, HUGO",CITIZEN/PUBLIC ASSIST
WASHINGTON COUNTY SHERIFFS OFFICE,HUGO,8/24/2026 4:12:00 PM,WC26043219,"GOODVIEW AVE N / EGG LAKE RD N, HUGO",TRAFFIC STOP
WASHINGTON COUNTY SHERIFFS OFFICE,HUGO,8/24/2026 6:22:20 PM,WC26043245,"4XXX  Fable Hill Pkwy N, HUGO",911 ABANDONED/HANGUP/OPEN LINE
WASHINGTON COUNTY SHERIFFS OFFICE,HUGO,8/24/2026 7:01:14 PM,WC26043253,"130th St N / Flay Rd N, HUGO",JUVENILE COMPLAINT
WASHINGTON COUNTY SHERIFFS OFFICE,HUGO,8/24/2026 7:39:54 PM,WC26043264,"16XXX  Manning Trl N, HUGO",911 ABANDONED/HANGUP/OPEN LINE
WASHINGTON COUNTY SHERIFFS OFFICE,HUGO,8/25/2026 8:42:58 AM,WC26043306,"150th St N / Generation Ave N, HUGO",FOUND PROPERTY/ITEM
WASHINGTON COUNTY SHERIFFS OFFICE,HUGO,8/25/2026 11:05:59 AM,WC26043340,"7XXX  Oneka Lake Blvd N, HUGO",THEFT
WASHINGTON COUNTY SHERIFFS OFFICE,HUGO,8/25/2026 11:30:30 AM,WC26043349,"14XXX  Victor Hugo Blvd N, HUGO",MEDICAL
WASHINGTON COUNTY SHERIFFS OFFICE,HUGO,8/25/2026 1:54:00 PM,WC26043388,"12XXX  BLOCK OF ETHAN AVE N, HUGO",TRAFFIC STOP
WASHINGTON COUNTY SHERIFFS OFFICE,HUGO,8/25/2026 2:32:35 PM,WC26043396,"14XXX  Victor Hugo Blvd N, HUGO",THEFT
WASHINGTON COUNTY SHERIFFS OFFICE,HUGO,8/25/2026 3:38:16 PM,WC26043410,"14XXX  Geneva Way N, HUGO",PROPERTY DAMAGE
WASHINGTON COUNTY SHERIFFS OFFICE,HUGO,8/25/2026 6:07:14 PM,WC26043430,"14XXX  Garden Way N, HUGO",FAMILY ASSIST
WASHINGTON COUNTY SHERIFFS OFFICE,HUGO,8/25/2026 6:07:32 PM,WC26043431,"13XXX  Europa Trail Way N, HUGO",VEHICLE UNLOCK
WASHINGTON COUNTY SHERIFFS OFFICE,HUGO,8/25/2026 6:09:33 PM,WC26043432,"6XXX  135th St N, HUGO",FIRE
WASHINGTON COUNTY SHERIFFS OFFICE,HUGO,8/25/2026 6:44:15 PM,WC26043439,"Unknown, HUGO",CITIZEN/PUBLIC ASSIST
WASHINGTON COUNTY SHERIFFS OFFICE,HUGO,8/25/2026 7:25:18 PM,WC26043446,"5XXX  150th St N, HUGO",MEDICAL
WASHINGTON COUNTY SHERIFFS OFFICE,HUGO,8/25/2026 10:28:00 PM,WC26043469,"13XXX  - 13511 FONDANT TRL N, HUGO",PARKING VIOLATION
WASHINGTON COUNTY SHERIFFS OFFICE,HUGO,8/26/2026 12:06:22 AM,WC26043483,"13XXX  Europa Ct N, HUGO",MEDICAL
WASHINGTON COUNTY SHERIFFS OFFICE,HUGO,8/26/2026 2:03:00 AM,WC26043494,"15XXX  - 15949 GRANADA AVE N, HUGO",PARKING VIOLATION
WASHINGTON COUNTY SHERIFFS OFFICE,HUGO,8/26/2026 5:43:56 AM,WC26043498,"14XXX  Victor Hugo Blvd N, HUGO",MEDICAL
WASHINGTON COUNTY SHERIFFS OFFICE,HUGO,8/26/2026 12:27:55 PM,WC26043542,"5XXX  UPPER 146TH ST N, HUGO",PARK INCIDENT-CITY/COUNTY
WASHINGTON COUNTY SHERIFFS OFFICE,HUGO,8/26/2026 3:00:30 PM,WC26043555,"13XXX  EUROPA TRAIL WAY N, HUGO",WARRANT ARREST
WASHINGTON COUNTY SHERIFFS OFFICE,HUGO,8/26/2026 5:01:43 PM,WC26043568,"159TH ST N / FOREST BLVD N, HUGO",ACCIDENT
WASHINGTON COUNTY SHERIFFS OFFICE,HUGO,8/26/2026 7:26:25 PM,WC26043590,"14XXX  FITZGERALD AVE N, HUGO",OPEN DOOR/WINDOW
WASHINGTON COUNTY SHERIFFS OFFICE,HUGO,8/26/2026 7:55:18 PM,WC26043594,"14XXX  FOREST BLVD N, HUGO",THEFT
WASHINGTON COUNTY SHERIFFS OFFICE,HUGO,8/26/2026 8:54:31 PM,WC26043605,"12XXX  HILO CT N, HUGO",ALARM-BUSINESS/RES/FIRE/MEDICAL/ETC
WASHINGTON COUNTY SHERIFFS OFFICE,HUGO,8/26/2026 10:29:16 PM,WC26043620,"12XXX  FOXHILL AVE N, HUGO",DISTURBANCE
WASHINGTON COUNTY SHERIFFS OFFICE,HUGO,8/27/2026 2:24:00 AM,WC26043641,"FOREST BLVD N / 140TH ST N, HUGO",TRAFFIC STOP
WASHINGTON COUNTY SHERIFFS OFFICE,HUGO,8/27/2026 9:27:17 AM,WC26043670,"15XXX  FARNHAM AVE N, HUGO",ANIMAL COMPLAINT
WASHINGTON COUNTY SHERIFFS OFFICE,HUGO,8/27/2026 10:34:50 AM,WC26043700,"Unknown, HUGO",CITIZEN/PUBLIC ASSIST
WASHINGTON COUNTY SHERIFFS OFFICE,HUGO,8/27/2026 12:41:18 PM,WC26043727,"15XXX  FARNHAM AVE N, HUGO",FOLLOW UP
WASHINGTON COUNTY SHERIFFS OFFICE,HUGO,8/27/2026 1:27:39 PM,WC26043737,"15XXX  FALCON CIR N, HUGO",MAIL THEFT
WASHINGTON COUNTY SHERIFFS OFFICE,HUGO,8/27/2026 4:54:14 PM,WC26043770,"14XXX  FOREST BLVD N, HUGO",TRAFFIC STOP
WASHINGTON COUNTY SHERIFFS OFFICE,HUGO,8/27/2026 8:49:51 PM,WC26043802,"6XXX  147TH ST N, HUGO",CIVIL MATTER/DISPUTE
WASHINGTON COUNTY SHERIFFS OFFICE,HUGO,8/27/2026 9:07:35 PM,WC26043814,"15XXX  FANNING DR N, HUGO",DANGEROUS/POTENTIALLY DANGEROUS DOG
WASHINGTON COUNTY SHERIFFS OFFICE,HUGO,8/28/2026 9:30:27 AM,WC26043883,"5XXX  149TH ST N, HUGO",SUSPICIOUS PERSON/ACTIVITY
WASHINGTON COUNTY SHERIFFS OFFICE,HUGO,8/28/2026 9:33:03 AM,WC26043884,"16XXX  JEFFREY AVE N, HUGO",SUSPICIOUS PERSON/ACTIVITY
WASHINGTON COUNTY SHERIFFS OFFICE,HUGO,8/28/2026 12:44:52 PM,WC26043931,"17XXX  ELMCREST AVE N, HUGO",ACCIDENT
WASHINGTON COUNTY SHERIFFS OFFICE,HUGO,8/28/2026 3:34:43 PM,WC26043956,"5XXX  FRENCH DR N, HUGO",CITIZEN/PUBLIC ASSIST
WASHINGTON COUNTY SHERIFFS OFFICE,HUGO,8/28/2026 3:36:05 PM,WC26043959,"15XXX  EVERTON AVE N, HUGO",THEFT FROM MOTOR VEHICLE
WASHINGTON COUNTY SHERIFFS OFFICE,HUGO,8/28/2026 3:44:26 PM,WC26043968,"15XXX  FANNING DR N, HUGO",FOLLOW UP
WASHINGTON COUNTY SHERIFFS OFFICE,HUGO,8/28/2026 3:49:56 PM,WC26043973,"5XXX  149TH ST N, HUGO",FOLLOW UP
WASHINGTON COUNTY SHERIFFS OFFICE,HUGO,8/28/2026 4:06:29 PM,WC26043975,"14XXX  FINALE AVE N, HUGO",CIVIL MATTER/DISPUTE
WASHINGTON COUNTY SHERIFFS OFFICE,HUGO,8/28/2026 6:53:00 PM,WC26043999,"HWY 61 JSO 159TH ST N, HUGO",TRAFFIC STOP
WASHINGTON COUNTY SHERIFFS OFFICE,HUGO,8/28/2026 7:35:22 PM,WC26044007,"15XXX  FOREST BLVD N, HUGO",ALARM-BUSINESS/RES/FIRE/MEDICAL/ETC
WASHINGTON COUNTY SHERIFFS OFFICE,HUGO,8/28/2026 8:08:55 PM,WC26044015,"5XXX  147TH ST N, HUGO",OPEN DOOR/WINDOW
WASHINGTON COUNTY SHERIFFS OFFICE,HUGO,8/28/2026 8:27:44 PM,WC26044021,"6XXX  151ST ST N, HUGO",MEDICAL
WASHINGTON COUNTY SHERIFFS OFFICE,HUGO,8/29/2026 4:57:33 PM,WC26044139,"14XXX  EVERTON AVE N, HUGO",DISTURBANCE
WASHINGTON COUNTY SHERIFFS OFFICE,HUGO,8/29/2026 5:13:06 PM,WC26044151,"13XXX  EUROPA TRAIL WAY N, HUGO",CITIZEN/PUBLIC ASSIST
WASHINGTON COUNTY SHERIFFS OFFICE,LAKE ELMO,8/23/2026 2:05:00 AM,WC26042919,"XXX Cimarron, LAKE ELMO",MOTOR VEHICLE THEFT
WASHINGTON COUNTY SHERIFFS OFFICE,LAKE ELMO,8/23/2026 4:46:48 AM,WC26042926,"1XXX  KEATS AVE N, LAKE ELMO",WELFARE CHECK
WASHINGTON COUNTY SHERIFFS OFFICE,LAKE ELMO,8/23/2026 5:57:43 AM,WC26042930,"8XXX  Hill Trl N, LAKE ELMO",ALARM-BUSINESS/RES/FIRE/MEDICAL/ETC
WASHINGTON COUNTY SHERIFFS OFFICE,LAKE ELMO,8/23/2026 7:09:14 AM,WC26042933,"11XXX  Upper 39th Street Ct N, LAKE ELMO",MEDICAL
WASHINGTON COUNTY SHERIFFS OFFICE,LAKE ELMO,8/23/2026 10:56:00 AM,WC26042958,"10th St N/10th St Ct, LAKE ELMO",TRAFFIC STOP
WASHINGTON COUNTY SHERIFFS OFFICE,LAKE ELMO,8/23/2026 11:49:22 AM,WC26042961,"8XXX  Upper 7th Pl N, LAKE ELMO",HARASSMENT
WASHINGTON COUNTY SHERIFFS OFFICE,LAKE ELMO,8/23/2026 2:12:07 PM,WC26042988,"3XXX  Lake Elmo Ave N, LAKE ELMO",MEDICAL
WASHINGTON COUNTY SHERIFFS OFFICE,LAKE ELMO,8/23/2026 6:35:00 PM,WC26043047,"1XXX  KEATS AVE N, LAKE ELMO",PARKING VIOLATION
WASHINGTON COUNTY SHERIFFS OFFICE,LAKE ELMO,8/23/2026 6:55:36 PM,WC26043050,"STILLWATER BLVD N / MCDONALD DR N, LAKE ELMO",MOTORIST ASSIST
WASHINGTON COUNTY SHERIFFS OFFICE,LAKE ELMO,8/23/2026 7:19:23 PM,WC26043055,"XXX Jasmine Ave N, LAKE ELMO",DISTURBANCE
WASHINGTON COUNTY SHERIFFS OFFICE,LAKE ELMO,8/23/2026 7:48:33 PM,WC26043063,"8XXX  Lake Jane Trl N, LAKE ELMO",NOISE COMPLAINT/DISTURBANCE
WASHINGTON COUNTY SHERIFFS OFFICE,LAKE ELMO,8/24/2026 7:44:52 AM,WC26043131,"I94 Wb To Inwood Ave N Ramp, LAKE ELMO",ASSIST OTHER AGENCY
WASHINGTON COUNTY SHERIFFS OFFICE,LAKE ELMO,8/24/2026 7:54:22 AM,WC26043134,"Stillwater Blvd N / Jamaca Ave N, LAKE ELMO",ACCIDENT
WASHINGTON COUNTY SHERIFFS OFFICE,LAKE ELMO,8/24/2026 8:05:44 AM,WC26043136,"50th St N / Stillwater Blvd N, LAKE ELMO",ACCIDENT
WASHINGTON COUNTY SHERIFFS OFFICE,LAKE ELMO,8/24/2026 10:58:00 AM,WC26043166,"KEATS AVE N & 10th St N, LAKE ELMO",TRAFFIC STOP
WASHINGTON COUNTY SHERIFFS OFFICE,LAKE ELMO,8/24/2026 1:22:08 PM,WC26043182,"XXX James Ave N, LAKE ELMO",FAMILY ASSIST
WASHINGTON COUNTY SHERIFFS OFFICE,LAKE ELMO,8/24/2026 2:38:54 PM,WC26043199,"11XXX  Upper 30th St N, LAKE ELMO",911 ABANDONED/HANGUP/OPEN LINE
WASHINGTON COUNTY SHERIFFS OFFICE,LAKE ELMO,8/24/2026 4:17:06 PM,WC26043220,"XX Hwy 36 Wb Jwo Manning Ave N, LAKE ELMO",WELFARE CHECK
WASHINGTON COUNTY SHERIFFS OFFICE,LAKE ELMO,8/24/2026 4:34:46 PM,WC26043226,"11XXX  32nd St N, LAKE ELMO",MEDICAL
WASHINGTON COUNTY SHERIFFS OFFICE,LAKE ELMO,8/24/2026 6:40:15 PM,WC26043248,"9XXX  5th Street Ln N, LAKE ELMO",MEDICAL
WASHINGTON COUNTY SHERIFFS OFFICE,LAKE ELMO,8/24/2026 7:37:50 PM,WC26043261,"8XXX  Lake Jane Trl N, LAKE ELMO",NOISE COMPLAINT/DISTURBANCE
WASHINGTON COUNTY SHERIFFS OFFICE,LAKE ELMO,8/24/2026 8:52:14 PM,WC26043270,"8XXX  Lake Jane Trl N, LAKE ELMO",DISTURBANCE
WASHINGTON COUNTY SHERIFFS OFFICE,LAKE ELMO,8/24/2026 9:07:46 PM,WC26043271,"XXX Julia Ave N, LAKE ELMO",ALARM-BUSINESS/RES/FIRE/MEDICAL/ETC
WASHINGTON COUNTY SHERIFFS OFFICE,LAKE ELMO,8/25/2026 8:00:39 AM,WC26043303,"Lake Elmo Ave N / 10th St N, LAKE ELMO",SUSPICIOUS PERSON/ACTIVITY
WASHINGTON COUNTY SHERIFFS OFFICE,LAKE ELMO,8/25/2026 8:11:42 AM,WC26043304,"11XXX  10th St N, LAKE ELMO",DRIVING COMPLAINT
WASHINGTON COUNTY SHERIFFS OFFICE,LAKE ELMO,8/25/2026 9:01:06 AM,WC26043308,"Linden Ave N / 56th St N, LAKE ELMO",WELFARE CHECK
WASHINGTON COUNTY SHERIFFS OFFICE,LAKE ELMO,8/25/2026 9:51:03 AM,WC26043329,"XXX Irving Ct N, LAKE ELMO",911 ABANDONED/HANGUP/OPEN LINE
WASHINGTON COUNTY SHERIFFS OFFICE,LAKE ELMO,8/25/2026 12:21:33 PM,WC26043358,"Unknown, LAKE ELMO",FOLLOW UP
WASHINGTON COUNTY SHERIFFS OFFICE,LAKE ELMO,8/25/2026 12:52:28 PM,WC26043369,"Cimarron / Lake Elmo Ave N, LAKE ELMO",ACCIDENT
WASHINGTON COUNTY SHERIFFS OFFICE,LAKE ELMO,8/25/2026 1:51:00 PM,WC26043337,"9XXX  - 9950 STILLWATER BLVD N, LAKE ELMO",TRAFFIC STOP
WASHINGTON COUNTY SHERIFFS OFFICE,LAKE ELMO,8/25/2026 2:04:00 PM,WC26043339,"9XXX  - 9950 STILLWATER BLVD N, LAKE ELMO",TRAFFIC STOP
WASHINGTON COUNTY SHERIFFS OFFICE,LAKE ELMO,8/25/2026 2:10:00 PM,WC26043363,"10XXX  - 10998 50TH ST N, LAKE ELMO",TRAFFIC STOP
WASHINGTON COUNTY SHERIFFS OFFICE,LAKE ELMO,8/25/2026 2:15:00 PM,WC26043371,"9XXX  - 9950 STILLWATER BLVD N, LAKE ELMO",TRAFFIC STOP
WASHINGTON COUNTY SHERIFFS OFFICE,LAKE ELMO,8/25/2026 2:41:11 PM,WC26043397,"9XXX  Whistling Valley Rd, LAKE ELMO",ALARM-BUSINESS/RES/FIRE/MEDICAL/ETC
WASHINGTON COUNTY SHERIFFS OFFICE,LAKE ELMO,8/25/2026 3:32:11 PM,WC26043408,"10XXX  39TH ST N, LAKE ELMO",OTHER
WASHINGTON COUNTY SHERIFFS OFFICE,LAKE ELMO,8/25/2026 4:04:55 PM,WC26043412,"11XXX  33rd St N, LAKE ELMO",MEDICAL
WASHINGTON COUNTY SHERIFFS OFFICE,LAKE ELMO,8/25/2026 4:22:39 PM,WC26043419,"Kimbro Ave N / 47th St N, LAKE ELMO",DRIVING COMPLAINT
WASHINGTON COUNTY SHERIFFS OFFICE,LAKE ELMO,8/25/2026 4:34:39 PM,WC26043420,"1XXX  KEATS AVE N, LAKE ELMO",PARKING VIOLATION
WASHINGTON COUNTY SHERIFFS OFFICE,LAKE ELMO,8/25/2026 6:58:38 PM,WC26043442,"8XXX  LAKE JANE TRL N, LAKE ELMO",DIRECTED PATROL
WASHINGTON COUNTY SHERIFFS OFFICE,LAKE ELMO,8/25/2026 8:11:10 PM,WC26043452,"8XXX  Lake Jane Trl N, LAKE ELMO",NOISE COMPLAINT/DISTURBANCE
WASHINGTON COUNTY SHERIFFS OFFICE,LAKE ELMO,8/25/2026 9:10:32 PM,WC26043463,"XX Cimarron, LAKE ELMO",ANIMAL BITE
WASHINGTON COUNTY SHERIFFS OFFICE,LAKE ELMO,8/25/2026 9:36:28 PM,WC26043462,"8XXX  Upper 7th Pl N, LAKE ELMO",DISTURBANCE
WASHINGTON COUNTY SHERIFFS OFFICE,LAKE ELMO,8/25/2026 10:35:19 PM,WC26043470,"XXX Cimarron, LAKE ELMO",MEDICAL
WASHINGTON COUNTY SHERIFFS OFFICE,LAKE ELMO,8/26/2026 12:32:26 AM,WC26043487,"8XXX  Eagle Point Blvd, LAKE ELMO",MEDICAL
WASHINGTON COUNTY SHERIFFS OFFICE,LAKE ELMO,8/26/2026 4:52:31 AM,WC26043497,"XXX Cimarron, LAKE ELMO",NOISE COMPLAINT/DISTURBANCE
WASHINGTON COUNTY SHERIFFS OFFICE,LAKE ELMO,8/26/2026 7:29:25 AM,WC26043499,"11XXX  10th St N, LAKE ELMO",ACCIDENT
WASHINGTON COUNTY SHERIFFS OFFICE,LAKE ELMO,8/26/2026 9:03:54 AM,WC26043520,"XXX Cimarron, LAKE ELMO",FOLLOW UP
WASHINGTON COUNTY SHERIFFS OFFICE,LAKE ELMO,8/26/2026 11:04:37 AM,WC26043530,"Unknown, LAKE ELMO",CITIZEN/PUBLIC ASSIST
WASHINGTON COUNTY SHERIFFS OFFICE,LAKE ELMO,8/26/2026 1:41:22 PM,WC26043551,"XXX MANNING AVE N, LAKE ELMO",ACCIDENT
WASHINGTON COUNTY SHERIFFS OFFICE,LAKE ELMO,8/26/2026 3:46:06 PM,WC26043560,"STILLWATER BLVD N / KELVIN AVE N, LAKE ELMO",OFFICER INFORMATION
WASHINGTON COUNTY SHERIFFS OFFICE,LAKE ELMO,8/26/2026 5:33:11 PM,WC26043572,"STILLWATER BLVD N / 50TH ST N, LAKE ELMO",TRAFFIC COMPLAINT
WASHINGTON COUNTY SHERIFFS OFFICE,LAKE ELMO,8/26/2026 7:32:24 PM,WC26043591,"1XXX  ANNIKA DR N, LAKE ELMO",ALARM-BUSINESS/RES/FIRE/MEDICAL/ETC
WASHINGTON COUNTY SHERIFFS OFFICE,LAKE ELMO,8/26/2026 7:45:14 PM,WC26043593,"IVYWOOD CIR N / 5TH ST N, LAKE ELMO",DISTURBANCE
WASHINGTON COUNTY SHERIFFS OFFICE,LAKE ELMO,8/26/2026 9:20:19 PM,WC26043611,"5XXX  HIGHLANDS CT N, LAKE ELMO",MEDICAL
WASHINGTON COUNTY SHERIFFS OFFICE,LAKE ELMO,8/26/2026 9:48:27 PM,WC26043618,"8XXX  27TH ST N, LAKE ELMO",MEDICAL
WASHINGTON COUNTY SHERIFFS OFFICE,LAKE ELMO,8/27/2026 7:56:41 AM,WC26043661,"4TH ST N / JULIA AVE N, LAKE ELMO",911 ABANDONED/HANGUP/OPEN LINE
WASHINGTON COUNTY SHERIFFS OFFICE,LAKE ELMO,8/27/2026 12:09:36 PM,WC26043721,"5XXX  MARQUESS TRL N, LAKE ELMO",CITIZEN/PUBLIC ASSIST
WASHINGTON COUNTY SHERIFFS OFFICE,LAKE ELMO,8/27/2026 2:49:05 PM,WC26043748,"8XXX  EAGLE POINT BLVD, LAKE ELMO",MEDICAL
WASHINGTON COUNTY SHERIFFS OFFICE,LAKE ELMO,8/27/2026 6:49:06 PM,WC26043786,"9XXX  8TH ST N, LAKE ELMO",HARASSMENT
WASHINGTON COUNTY SHERIFFS OFFICE,LAKE ELMO,8/27/2026 7:14:15 PM,WC26043790,"8XXX  LAKE JANE TRL N, LAKE ELMO",DISTURBANCE
WASHINGTON COUNTY SHERIFFS OFFICE,LAKE ELMO,8/27/2026 8:31:44 PM,WC26043799,"XXX IVYWOOD CIR N, LAKE ELMO",MEDICAL
WASHINGTON COUNTY SHERIFFS OFFICE,LAKE ELMO,8/27/2026 9:16:39 PM,WC26043806,"XXX JADE TRL N, LAKE ELMO",911 ABANDONED/HANGUP/OPEN LINE
WASHINGTON COUNTY SHERIFFS OFFICE,LAKE ELMO,8/27/2026 9:22:57 PM,WC26043809,"3XXX  LAVERNE AVE N, LAKE ELMO",CIVIL MATTER/DISPUTE
WASHINGTON COUNTY SHERIFFS OFFICE,LAKE ELMO,8/28/2026 9:24:38 AM,WC26043882,"3XXX  LAVERNE AVE N, LAKE ELMO",PROBATION VIOLATION
WASHINGTON COUNTY SHERIFFS OFFICE,LAKE ELMO,8/28/2026 12:35:43 PM,WC26043930,"1XXX  KEATS AVE N, LAKE ELMO",SUSPICIOUS PERSON/ACTIVITY
WASHINGTON COUNTY SHERIFFS OFFICE,LAKE ELMO,8/28/2026 2:21:17 PM,WC26043948,"HWY 36 EB AT DEMONTREVILLE TRL N, LAKE ELMO",TRAFFIC COMPLAINT
WASHINGTON COUNTY SHERIFFS OFFICE,LAKE ELMO,8/28/2026 3:39:54 PM,WC26043957,"XXX JULEP AVE N, LAKE ELMO",DRUGS
WASHINGTON COUNTY SHERIFFS OFFICE,LAKE ELMO,8/28/2026 3:43:16 PM,WC26043960,"XXX MANNING AVE N, LAKE ELMO",911 ABANDONED/HANGUP/OPEN LINE
WASHINGTON COUNTY SHERIFFS OFFICE,LAKE ELMO,8/28/2026 4:53:42 PM,WC26043978,"I94 WB TO KEATS AVE N RAMP, LAKE ELMO",911 ABANDONED/HANGUP/OPEN LINE
WASHINGTON COUNTY SHERIFFS OFFICE,LAKE ELMO,8/28/2026 5:34:00 PM,WC26043983,"STILLWATER BLVD N / IDEAL AVE N, LAKE ELMO",TRAFFIC STOP
WASHINGTON COUNTY SHERIFFS OFFICE,LAKE ELMO,8/28/2026 9:45:57 PM,WC26044040,"XXX CIMARRON, LAKE ELMO",WARRANT ATTEMPT
WASHINGTON COUNTY SHERIFFS OFFICE,LAKE ELMO,8/28/2026 11:19:30 PM,WC26044050,"11XXX  32ND ST N, LAKE ELMO",NOISE COMPLAINT/DISTURBANCE
WASHINGTON COUNTY SHERIFFS OFFICE,LAKE ELMO,8/29/2026 12:11:54 AM,WC26044055,"CIMARRON, LAKE ELMO",TRAFFIC STOP
WASHINGTON COUNTY SHERIFFS OFFICE,LAKE ELMO,8/29/2026 12:15:52 AM,WC26044058,"11XXX  32ND ST N, LAKE ELMO",NOISE COMPLAINT/DISTURBANCE
WASHINGTON COUNTY SHERIFFS OFFICE,LAKE ELMO,8/29/2026 1:43:10 AM,WC26044063,"XXX JULIA AVE N, LAKE ELMO",ALARM-BUSINESS/RES/FIRE/MEDICAL/ETC
WASHINGTON COUNTY SHERIFFS OFFICE,LAKE ELMO,8/29/2026 1:14:44 PM,WC26044109,"XXX LANGLY AVE N, LAKE ELMO",HRO VIOLATION
WASHINGTON COUNTY SHERIFFS OFFICE,LAKE ELMO,8/29/2026 2:12:00 PM,WC26044115,"LAKE ELMO AVE N / 31ST ST N, LAKE ELMO",TRAFFIC STOP
WASHINGTON COUNTY SHERIFFS OFFICE,LAKE ELMO,8/29/2026 2:36:41 PM,WC26044118,"8XXX  HUDSON BLVD N, LAKE ELMO",CITIZEN/PUBLIC ASSIST
WASHINGTON COUNTY SHERIFFS OFFICE,LAKE ELMO,8/29/2026 4:59:56 PM,WC26044140,"9XXX  JADE WAY N, LAKE ELMO",MEDICAL
WASHINGTON COUNTY SHERIFFS OFFICE,LAKE ELMO,8/29/2026 5:31:35 PM,WC26044148,"4XXX  LAVENDER AVE N, LAKE ELMO",ANIMAL COMPLAINT
WASHINGTON COUNTY SHERIFFS OFFICE,LAKE ELMO,8/29/2026 5:59:56 PM,WC26044158,"11XXX  32ND ST N, LAKE ELMO",NOISE COMPLAINT/DISTURBANCE
WASHINGTON COUNTY SHERIFFS OFFICE,LAKE ELMO,8/29/2026 6:48:32 PM,WC26044164,"11XXX  32ND ST N, LAKE ELMO",NOISE COMPLAINT/DISTURBANCE
WASHINGTON COUNTY SHERIFFS OFFICE,LAKE ELMO,8/29/2026 7:00:09 PM,WC26044165,"Unknown, LAKE ELMO",OFFICER INFORMATION
WASHINGTON COUNTY SHERIFFS OFFICE,LAKE ELMO,8/29/2026 9:21:21 PM,WC26044188,"3XXX  LAVERNE AVE N, LAKE ELMO",OFFICER INFORMATION
WASHINGTON COUNTY SHERIFFS OFFICE,LAKE ELMO,8/29/2026 9:36:43 PM,WC26044190,"11XXX  32ND ST N, LAKE ELMO",NOISE COMPLAINT/DISTURBANCE
WASHINGTON COUNTY SHERIFFS OFFICE,LAKE ELMO,8/29/2026 11:20:24 PM,WC26044206,"7XXX  DEMONTREVILLE TRL N, LAKE ELMO",CITIZEN/PUBLIC ASSIST
WASHINGTON COUNTY SHERIFFS OFFICE,LAKE ELMO,8/29/2026 11:57:05 PM,WC26044213,"XXX CIMARRON, LAKE ELMO",NOISE COMPLAINT/DISTURBANCE
WASHINGTON COUNTY SHERIFFS OFFICE,LAKE SAINT CROIX BEACH,8/23/2026 5:30:50 AM,WC26042928,"1XXX  Quasar Ct S, LAKE SAINT CROIX BEACH",ALARM-BUSINESS/RES/FIRE/MEDICAL/ETC
WASHINGTON COUNTY SHERIFFS OFFICE,LAKE SAINT CROIX BEACH,8/24/2026 5:08:27 PM,WC26043233,"19th St S / Quentin Ave S, LAKE SAINT CROIX BEACH",DRIVING COMPLAINT
WASHINGTON COUNTY SHERIFFS OFFICE,LAKE SAINT CROIX BEACH,8/25/2026 12:17:33 AM,WC26043280,"1XXX  RACINE AVE S, LAKE SAINT CROIX BEACH",UNWANTED PERSON/VEHICLE
WASHINGTON COUNTY SHERIFFS OFFICE,LAKE SAINT CROIX BEACH,8/25/2026 10:39:47 PM,WC26043472,"1XXX  Quinlan Ave S, LAKE SAINT CROIX BEACH",RUNAWAY
WASHINGTON COUNTY SHERIFFS OFFICE,LAKE SAINT CROIX BEACH,8/27/2026 4:57:16 PM,WC26043771,"1XXX  RIVIERA AVE S, LAKE SAINT CROIX BEACH",MEDICAL
WASHINGTON COUNTY SHERIFFS OFFICE,LAKELAND,8/23/2026 3:21:24 PM,WC26043003,"1XXX  Rivercrest Rd N, LAKELAND",SUSPICIOUS PERSON/ACTIVITY
WASHINGTON COUNTY SHERIFFS OFFICE,LAKELAND,8/24/2026 9:12:33 AM,WC26043153,"XXX Saint Croix Trl S, LAKELAND",911 ABANDONED/HANGUP/OPEN LINE
WASHINGTON COUNTY SHERIFFS OFFICE,LAKELAND,8/24/2026 10:01:18 AM,WC26043157,"1XXX  Quixote Ave N, LAKELAND",PARKING COMPLAINT
WASHINGTON COUNTY SHERIFFS OFFICE,LAKELAND,8/25/2026 2:53:58 PM,WC26043402,"16XXX  7th St S, LAKELAND",ANIMAL COMPLAINT
WASHINGTON COUNTY SHERIFFS OFFICE,LAKELAND,8/25/2026 3:37:07 PM,WC26043409,"16XXX  1ST ST N, LAKELAND",WELFARE CHECK
WASHINGTON COUNTY SHERIFFS OFFICE,LAKELAND,8/25/2026 4:11:24 PM,WC26043415,"I94 Bridge (hudson): I94 Wb - Mn, LAKELAND",CITIZEN/PUBLIC ASSIST
WASHINGTON COUNTY SHERIFFS OFFICE,LAKELAND,8/27/2026 9:45:52 PM,WC26043816,"XXX QUINNELL AVE N, LAKELAND",NOISE COMPLAINT/DISTURBANCE
WASHINGTON COUNTY SHERIFFS OFFICE,LAKELAND,8/28/2026 7:33:07 PM,WC26044006,"SAINT CROIX RIVER-LL, LAKELAND",BOAT STOP
WASHINGTON COUNTY SHERIFFS OFFICE,LAKELAND,8/28/2026 10:19:33 PM,WC26044043,"HWY 95 NB JNO I94, LAKELAND",FIRE
WASHINGTON COUNTY SHERIFFS OFFICE,LAKELAND,8/29/2026 1:14:13 PM,WC26044108,"16XXX  UPPER 2ND ST N, LAKELAND",MEDICAL
WASHINGTON COUNTY SHERIFFS OFFICE,LAKELAND,8/29/2026 2:57:35 PM,WC26044122,"SAINT CROIX RIVER BEANIES LANDING-LL, LAKELAND",MEDICAL
WASHINGTON COUNTY SHERIFFS OFFICE,LAKELAND SHORES,8/27/2026 9:20:00 PM,WC26043807,"SAINT CROIX TRL S / 3RD ST S, LAKELAND SHORES",TRAFFIC STOP
WASHINGTON COUNTY SHERIFFS OFFICE,LANDFALL,8/24/2026 6:24:55 PM,WC26043247,"XXX Dellwood Sq S, LANDFALL",MEDICAL
WASHINGTON COUNTY SHERIFFS OFFICE,LANDFALL,8/25/2026 11:02:51 AM,WC26043338,"2XXX  Hudson Blvd N, LANDFALL",FOLLOW UP
WASHINGTON COUNTY SHERIFFS OFFICE,LANDFALL,8/26/2026 3:09:10 PM,WC26043558,"XX LINDEN LN, LANDFALL",SUSPICIOUS PERSON/ACTIVITY
WASHINGTON COUNTY SHERIFFS OFFICE,LANDFALL,8/28/2026 3:55:16 PM,WC26043965,"XX 2ND AVE, LANDFALL",THEFT
WASHINGTON COUNTY SHERIFFS OFFICE,LANDFALL,8/29/2026 2:27:05 AM,WC26044071,"XX ASPEN WAY, LANDFALL",SUSPICIOUS PERSON/ACTIVITY
WASHINGTON COUNTY SHERIFFS OFFICE,LANDFALL,8/29/2026 5:07:15 PM,WC26044142,"XXX DELLWOOD SQ N, LANDFALL",MEDICAL
WASHINGTON COUNTY SHERIFFS OFFICE,LANDFALL,8/29/2026 7:35:00 PM,WC26044169,"XXX DELLWOOD SQ N, LANDFALL",ACCIDENT
WASHINGTON COUNTY SHERIFFS OFFICE,MAHTOMEDI,8/23/2026 9:33:11 AM,WC26042946,"XXX Robert Ct, MAHTOMEDI",MEDICAL
WASHINGTON COUNTY SHERIFFS OFFICE,MAHTOMEDI,8/23/2026 1:40:41 PM,WC26042983,"Warner Avenue / Juniper Street, MAHTOMEDI",DRUNK/INTOXICATED 
WASHINGTON COUNTY SHERIFFS OFFICE,MAHTOMEDI,8/23/2026 3:25:03 PM,WC26043002,"XXX Shamrock Way, MAHTOMEDI",ALARM-BUSINESS/RES/FIRE/MEDICAL/ETC
WASHINGTON COUNTY SHERIFFS OFFICE,MAHTOMEDI,8/23/2026 4:55:45 PM,WC26043029,"XXX Woodland Dr, MAHTOMEDI",CIVIL MATTER/DISPUTE
WASHINGTON COUNTY SHERIFFS OFFICE,MAHTOMEDI,8/23/2026 6:12:11 PM,WC26043045,"XXX Wedgewood Dr, MAHTOMEDI",VEHICLE TAMPERING
WASHINGTON COUNTY SHERIFFS OFFICE,MAHTOMEDI,8/23/2026 10:46:49 PM,WC26043089,"XXX Wildwood Rd, MAHTOMEDI",911 ABANDONED/HANGUP/OPEN LINE
WASHINGTON COUNTY SHERIFFS OFFICE,MAHTOMEDI,8/23/2026 11:28:46 PM,WC26043095,"XXX Wildwood Rd, MAHTOMEDI",MEDICAL
WASHINGTON COUNTY SHERIFFS OFFICE,MAHTOMEDI,8/24/2026 12:06:57 AM,WC26043104,"XXX East Ave, MAHTOMEDI",911 ABANDONED/HANGUP/OPEN LINE
WASHINGTON COUNTY SHERIFFS OFFICE,MAHTOMEDI,8/24/2026 12:23:55 AM,WC26043106,"XX Mahtomedi Ave, MAHTOMEDI",ALARM-BUSINESS/RES/FIRE/MEDICAL/ETC
WASHINGTON COUNTY SHERIFFS OFFICE,MAHTOMEDI,8/24/2026 7:54:51 AM,WC26043133,"XXX Huron St, MAHTOMEDI",PUBLIC WORKS CONCERN
WASHINGTON COUNTY SHERIFFS OFFICE,MAHTOMEDI,8/24/2026 10:44:18 AM,WC26043165,"XXX Griffin Ct, MAHTOMEDI",CIVIL MATTER/DISPUTE
WASHINGTON COUNTY SHERIFFS OFFICE,MAHTOMEDI,8/24/2026 11:30:37 AM,WC26043171,"Unknown, MAHTOMEDI",CIVIL MATTER/DISPUTE
WASHINGTON COUNTY SHERIFFS OFFICE,MAHTOMEDI,8/24/2026 12:32:30 PM,WC26043176,"72nd St N / 72nd Ct N, MAHTOMEDI",CITIZEN/PUBLIC ASSIST
WASHINGTON COUNTY SHERIFFS OFFICE,MAHTOMEDI,8/24/2026 12:48:09 PM,WC26043178,"Warner Ave N / Hickory St, MAHTOMEDI",PARKING VIOLATION
WASHINGTON COUNTY SHERIFFS OFFICE,MAHTOMEDI,8/24/2026 2:32:11 PM,WC26043197,"XXX Hazel Ave, MAHTOMEDI",INTERNET CRIMES
WASHINGTON COUNTY SHERIFFS OFFICE,MAHTOMEDI,8/24/2026 4:19:19 PM,WC26043222,"1XXX  Griffin Ave, MAHTOMEDI",FOLLOW UP
WASHINGTON COUNTY SHERIFFS OFFICE,MAHTOMEDI,8/24/2026 5:32:02 PM,WC26043239,"1XXX  Griffin Ave, MAHTOMEDI",CIVIL MATTER/DISPUTE
WASHINGTON COUNTY SHERIFFS OFFICE,MAHTOMEDI,8/25/2026 7:42:29 AM,WC26043302,"XX Long Lake Rd, MAHTOMEDI",911 ABANDONED/HANGUP/OPEN LINE
WASHINGTON COUNTY SHERIFFS OFFICE,MAHTOMEDI,8/25/2026 10:27:42 AM,WC26043334,"XXX East Ave, MAHTOMEDI",MEDICAL
WASHINGTON COUNTY SHERIFFS OFFICE,MAHTOMEDI,8/25/2026 11:37:11 AM,WC26043351,"Unknown, MAHTOMEDI",FOLLOW UP
WASHINGTON COUNTY SHERIFFS OFFICE,MAHTOMEDI,8/25/2026 12:26:29 PM,WC26043360,"XXX East Ave, MAHTOMEDI",MEDICAL
WASHINGTON COUNTY SHERIFFS OFFICE,MAHTOMEDI,8/25/2026 12:34:24 PM,WC26043361,"1XXX  Berwick Ln, MAHTOMEDI",PUBLIC WORKS CONCERN
WASHINGTON COUNTY SHERIFFS OFFICE,MAHTOMEDI,8/25/2026 1:39:23 PM,WC26043383,"XX Long Lake Rd, MAHTOMEDI",DRUGS
WASHINGTON COUNTY SHERIFFS OFFICE,MAHTOMEDI,8/25/2026 2:42:40 PM,WC26043401,"3XXX  Century Ave, MAHTOMEDI",CITIZEN/PUBLIC ASSIST
WASHINGTON COUNTY SHERIFFS OFFICE,MAHTOMEDI,8/25/2026 4:37:10 PM,WC26043421,"XXX East Ave, MAHTOMEDI",OFFICER INFORMATION
WASHINGTON COUNTY SHERIFFS OFFICE,MAHTOMEDI,8/25/2026 6:30:44 PM,WC26043435,"XX Mahtomedi Ave, MAHTOMEDI",PARKING COMPLAINT
WASHINGTON COUNTY SHERIFFS OFFICE,MAHTOMEDI,8/25/2026 6:53:26 PM,WC26043440,"XXX Warner Ave S, MAHTOMEDI",911 ABANDONED/HANGUP/OPEN LINE
WASHINGTON COUNTY SHERIFFS OFFICE,MAHTOMEDI,8/25/2026 8:04:27 PM,WC26043451,"XXX Wildwood Rd, MAHTOMEDI",DISTURBANCE
WASHINGTON COUNTY SHERIFFS OFFICE,MAHTOMEDI,8/25/2026 8:14:05 PM,WC26043453,"XXX Wedgewood Dr, MAHTOMEDI",DRIVING COMPLAINT
WASHINGTON COUNTY SHERIFFS OFFICE,MAHTOMEDI,8/26/2026 4:59:37 PM,WC26043567,"XXX WEDGEWOOD CT, MAHTOMEDI",ALARM-BUSINESS/RES/FIRE/MEDICAL/ETC
WASHINGTON COUNTY SHERIFFS OFFICE,MAHTOMEDI,8/26/2026 5:47:16 PM,WC26043574,"1XXX  MAHTOMEDI AVE, MAHTOMEDI",MEDICAL
WASHINGTON COUNTY SHERIFFS OFFICE,MAHTOMEDI,8/26/2026 6:00:27 PM,WC26043577,"XXX MAHTOMEDI AVE, MAHTOMEDI",CIVIL MATTER/DISPUTE
WASHINGTON COUNTY SHERIFFS OFFICE,MAHTOMEDI,8/26/2026 7:54:02 PM,WC26043595,"XXX WARNER AVE S, MAHTOMEDI",DISTURBANCE
WASHINGTON COUNTY SHERIFFS OFFICE,MAHTOMEDI,8/26/2026 9:37:58 PM,WC26043616,"1XXX  PARK AVE, MAHTOMEDI",NOISE COMPLAINT/DISTURBANCE
WASHINGTON COUNTY SHERIFFS OFFICE,MAHTOMEDI,8/27/2026 9:17:16 AM,WC26043669,"3XXX  CENTURY AVE, MAHTOMEDI",ACCIDENT
WASHINGTON COUNTY SHERIFFS OFFICE,MAHTOMEDI,8/27/2026 3:07:43 PM,WC26043750,"XXX WEDGEWOOD DR, MAHTOMEDI",ALARM-BUSINESS/RES/FIRE/MEDICAL/ETC
WASHINGTON COUNTY SHERIFFS OFFICE,MAHTOMEDI,8/27/2026 6:56:47 PM,WC26043787,"XXX WILDWOOD RD, MAHTOMEDI",MEDICAL
WASHINGTON COUNTY SHERIFFS OFFICE,MAHTOMEDI,8/27/2026 8:28:49 PM,WC26043798,"XXX JESSE JAMES LN, MAHTOMEDI",ACCIDENT
WASHINGTON COUNTY SHERIFFS OFFICE,MAHTOMEDI,8/27/2026 9:39:00 PM,WC26043815,"STILLWATER RD / WILDWOOD RD, MAHTOMEDI",TRAFFIC STOP
WASHINGTON COUNTY SHERIFFS OFFICE,MAHTOMEDI,8/27/2026 9:48:00 PM,WC26043818,"XXX WILDWOOD RD, MAHTOMEDI",DANCO VIOLATION
WASHINGTON COUNTY SHERIFFS OFFICE,MAHTOMEDI,8/28/2026 5:19:23 AM,WC26043855,"XXX WILDWOOD RD, MAHTOMEDI",MEDICAL
WASHINGTON COUNTY SHERIFFS OFFICE,MAHTOMEDI,8/28/2026 5:50:52 AM,WC26043857,"XXX WOODLAND CT, MAHTOMEDI",MEDICAL
WASHINGTON COUNTY SHERIFFS OFFICE,MAHTOMEDI,8/28/2026 6:40:58 AM,WC26043859,"XXX JESSE JAMES LN, MAHTOMEDI",PROPERTY DAMAGE
WASHINGTON COUNTY SHERIFFS OFFICE,MAHTOMEDI,8/28/2026 7:21:00 AM,WC26043861,"ARCWOOD RD / OLD WILDWOOD RD, MAHTOMEDI",PARKING VIOLATION
WASHINGTON COUNTY SHERIFFS OFFICE,MAHTOMEDI,8/28/2026 10:22:00 AM,WC26043908,"XXX HICKORY ST, MAHTOMEDI",ORDINANCE VIOLATION
WASHINGTON COUNTY SHERIFFS OFFICE,MAHTOMEDI,8/28/2026 11:08:00 AM,WC26043916,"1XXX  LINCOLNTOWN AVE, MAHTOMEDI",ORDINANCE VIOLATION
WASHINGTON COUNTY SHERIFFS OFFICE,MAHTOMEDI,8/28/2026 11:56:08 AM,WC26043921,"Unknown, MAHTOMEDI",FOLLOW UP
WASHINGTON COUNTY SHERIFFS OFFICE,MAHTOMEDI,8/28/2026 1:49:22 PM,WC26043944,"XXX MAPLE ST, MAHTOMEDI",911 ABANDONED/HANGUP/OPEN LINE
WASHINGTON COUNTY SHERIFFS OFFICE,MAHTOMEDI,8/28/2026 6:42:24 PM,WC26043997,"XX LOCUST ST, MAHTOMEDI",911 ABANDONED/HANGUP/OPEN LINE
WASHINGTON COUNTY SHERIFFS OFFICE,MAHTOMEDI,8/28/2026 7:29:13 PM,WC26044005,"XXX HALLAM AVE S, MAHTOMEDI",WELFARE CHECK
WASHINGTON COUNTY SHERIFFS OFFICE,MAHTOMEDI,8/28/2026 7:57:25 PM,WC26044017,"XXX WILDWOOD RD, MAHTOMEDI",FOLLOW UP
WASHINGTON COUNTY SHERIFFS OFFICE,MAHTOMEDI,8/29/2026 12:37:01 AM,WC26044059,"MAHTOMEDI AVE / TAMARACK ST, MAHTOMEDI",ROAD HAZARD
WASHINGTON COUNTY SHERIFFS OFFICE,MAHTOMEDI,8/29/2026 12:52:04 AM,WC26044060,"HILTON TRL N / 70TH ST N, MAHTOMEDI",TRAFFIC STOP
WASHINGTON COUNTY SHERIFFS OFFICE,MAHTOMEDI,8/29/2026 10:03:49 AM,WC26044085,"XXX WILDWOOD RD, MAHTOMEDI",ALARM-BUSINESS/RES/FIRE/MEDICAL/ETC
WASHINGTON COUNTY SHERIFFS OFFICE,MAHTOMEDI,8/29/2026 12:47:05 PM,WC26044105,"XXX WILDWOOD RD, MAHTOMEDI",FOLLOW UP
WASHINGTON COUNTY SHERIFFS OFFICE,MAHTOMEDI,8/29/2026 2:58:30 PM,WC26044123,"XXX GOSIWIN AVE, MAHTOMEDI",911 ABANDONED/HANGUP/OPEN LINE
WASHINGTON COUNTY SHERIFFS OFFICE,MAHTOMEDI,8/29/2026 5:33:44 PM,WC26044150,"XXX EAST AVE, MAHTOMEDI",MEDICAL
WASHINGTON COUNTY SHERIFFS OFFICE,MAHTOMEDI,8/29/2026 5:44:14 PM,WC26044156,"XX LONG LAKE RD, MAHTOMEDI",911 ABANDONED/HANGUP/OPEN LINE
WASHINGTON COUNTY SHERIFFS OFFICE,MAHTOMEDI,8/29/2026 10:21:56 PM,WC26044200,"HILTON TRL N & 69TH ST N, MAHTOMEDI",TRAFFIC STOP
WASHINGTON COUNTY SHERIFFS OFFICE,MARINE ON SAINT CROIX,8/23/2026 4:41:05 PM,WC26043024,"XXX - 299 OAK ST, MARINE ON SAINT CROIX",CITIZEN/PUBLIC ASSIST
WASHINGTON COUNTY SHERIFFS OFFICE,MARINE ON SAINT CROIX,8/23/2026 4:52:00 PM,WC26043027,"XXX - 289 OAK ST, MARINE ON SAINT CROIX",PARKING VIOLATION
WASHINGTON COUNTY SHERIFFS OFFICE,MARINE ON SAINT CROIX,8/23/2026 5:27:00 PM,WC26043033,"XXX JUDD ST, MARINE ON SAINT CROIX",PARKING VIOLATION
WASHINGTON COUNTY SHERIFFS OFFICE,MARINE ON SAINT CROIX,8/23/2026 5:41:00 PM,WC26043036,"XXX JUDD ST, MARINE ON SAINT CROIX",PARKING VIOLATION
WASHINGTON COUNTY SHERIFFS OFFICE,MARINE ON SAINT CROIX,8/24/2026 7:38:39 PM,WC26043262,"Unknown, MARINE ON SAINT CROIX",CITIZEN/PUBLIC ASSIST
WASHINGTON COUNTY SHERIFFS OFFICE,MARINE ON SAINT CROIX,8/27/2026 11:54:35 AM,WC26043722,"16XXX  SAINT CROIX TRL N, MARINE ON SAINT CROIX",MEDICAL
WASHINGTON COUNTY SHERIFFS OFFICE,MARINE ON SAINT CROIX,8/27/2026 1:06:38 PM,WC26043731,"Unknown, MARINE ON SAINT CROIX",CITIZEN/PUBLIC ASSIST
WASHINGTON COUNTY SHERIFFS OFFICE,MARINE ON SAINT CROIX,8/28/2026 12:39:43 AM,WC26043832,"XXX PINE ST, MARINE ON SAINT CROIX",OPEN DOOR/WINDOW
WASHINGTON COUNTY SHERIFFS OFFICE,MARINE ON SAINT CROIX,8/28/2026 5:24:55 AM,WC26043856,"15XXX  OLD MARINE TRL N, MARINE ON SAINT CROIX",DEATH
WASHINGTON COUNTY SHERIFFS OFFICE,MARINE ON SAINT CROIX,8/28/2026 4:49:48 PM,WC26043977,"XXX JUDD ST, MARINE ON SAINT CROIX",ALARM-BUSINESS/RES/FIRE/MEDICAL/ETC
WASHINGTON COUNTY SHERIFFS OFFICE,MARINE ON SAINT CROIX,8/28/2026 5:13:00 PM,WC26043980,"XXX JUDD ST, MARINE ON SAINT CROIX",PARKING COMPLAINT
WASHINGTON COUNTY SHERIFFS OFFICE,MAY TOWNSHIP,8/23/2026 5:57:00 AM,WC26042929,"MANNING TRL N / 170TH ST N, MAY TOWNSHIP",TRAFFIC STOP
WASHINGTON COUNTY SHERIFFS OFFICE,MAY TOWNSHIP,8/23/2026 10:31:01 AM,WC26042953,"10XXX  169th St N, MAY TOWNSHIP",TRAFFIC COMPLAINT
WASHINGTON COUNTY SHERIFFS OFFICE,MAY TOWNSHIP,8/24/2026 9:54:56 AM,WC26043156,"15XXX  - 16999 MANNING TRL N, MAY TOWNSHIP",DIRECTED PATROL
WASHINGTON COUNTY SHERIFFS OFFICE,MAY TOWNSHIP,8/24/2026 11:15:31 AM,WC26043167,"16XXX  May Ave N, MAY TOWNSHIP",911 ABANDONED/HANGUP/OPEN LINE
WASHINGTON COUNTY SHERIFFS OFFICE,MAY TOWNSHIP,8/25/2026 1:35:02 PM,WC26043382,"13XXX  Manning Trl N, MAY TOWNSHIP",ALARM-BUSINESS/RES/FIRE/MEDICAL/ETC
WASHINGTON COUNTY SHERIFFS OFFICE,MAY TOWNSHIP,8/26/2026 9:24:56 PM,WC26043614,"12XXX  ARCOLA TRL N, MAY TOWNSHIP",DISTURBANCE
WASHINGTON COUNTY SHERIFFS OFFICE,MAY TOWNSHIP,8/27/2026 4:24:03 AM,WC26043649,"14XXX  MORGAN AVE N, MAY TOWNSHIP",ALARM-BUSINESS/RES/FIRE/MEDICAL/ETC
WASHINGTON COUNTY SHERIFFS OFFICE,MAY TOWNSHIP,8/27/2026 9:43:56 AM,WC26043678,"11XXX  120TH ST N, MAY TOWNSHIP",ANIMAL BITE
WASHINGTON COUNTY SHERIFFS OFFICE,MAY TOWNSHIP,8/27/2026 10:52:56 AM,WC26043704,"15XXX  - 16999 MANNING TRL N, MAY TOWNSHIP",DIRECTED PATROL
WASHINGTON COUNTY SHERIFFS OFFICE,MAY TOWNSHIP,8/27/2026 11:54:35 AM,WC26043717,"14XXX  SAINT CROIX TRL N, MAY TOWNSHIP",911 ABANDONED/HANGUP/OPEN LINE
WASHINGTON COUNTY SHERIFFS OFFICE,MAY TOWNSHIP,8/27/2026 6:43:42 PM,WC26043785,"14XXX  MORGAN AVE N, MAY TOWNSHIP",THREATS
WASHINGTON COUNTY SHERIFFS OFFICE,MAY TOWNSHIP,8/28/2026 6:39:41 AM,WC26043858,"12XXX  SQUARE LAKE TRAIL CT N, MAY TOWNSHIP",MEDICAL
WASHINGTON COUNTY SHERIFFS OFFICE,MAY TOWNSHIP,8/28/2026 3:33:17 PM,WC26043955,"BIG MARINE PARK ENTRANCE RD, MAY TOWNSHIP",PARK INCIDENT-CITY/COUNTY
WASHINGTON COUNTY SHERIFFS OFFICE,MAY TOWNSHIP,8/28/2026 5:56:31 PM,WC26043988,"15XXX  - 15510 SQUARE LAKE TRL N, MAY TOWNSHIP",PARK INCIDENT-CITY/COUNTY
WASHINGTON COUNTY SHERIFFS OFFICE,MAY TOWNSHIP,8/28/2026 6:04:00 PM,WC26043989,"SQUARE LAKE TRL N / PARTRIDGE RD N, MAY TOWNSHIP",TRAFFIC STOP
WASHINGTON COUNTY SHERIFFS OFFICE,MAY TOWNSHIP,8/28/2026 7:04:09 PM,WC26044002,"PAUL AVE N / NASON HILL RD N, MAY TOWNSHIP",ROAD HAZARD
WASHINGTON COUNTY SHERIFFS OFFICE,MAY TOWNSHIP,8/28/2026 9:36:33 PM,WC26044038,"15XXX  SQUARE LAKE TRL N, MAY TOWNSHIP",ACCIDENT
WASHINGTON COUNTY SHERIFFS OFFICE,MAY TOWNSHIP,8/29/2026 1:54:02 PM,WC26044111,"12XXX  QUAIL AVE N, MAY TOWNSHIP",911 ABANDONED/HANGUP/OPEN LINE
WASHINGTON COUNTY SHERIFFS OFFICE,MAY TOWNSHIP,8/29/2026 3:41:36 PM,WC26044128,"13XXX  177TH ST N, MAY TOWNSHIP",FRAUD/SCAM
WASHINGTON COUNTY SHERIFFS OFFICE,NEWPORT,8/23/2026 12:31:00 AM,WC26042902,"BAILEY RD / BAILEY CT, NEWPORT",TRAFFIC STOP
WASHINGTON COUNTY SHERIFFS OFFICE,NEWPORT,8/23/2026 8:56:32 AM,WC26042942,"1XXX  Woodbury Rd, NEWPORT",911 ABANDONED/HANGUP/OPEN LINE
WASHINGTON COUNTY SHERIFFS OFFICE,NEWPORT,8/23/2026 1:36:00 PM,WC26042981,"HWY 61 SB AT I494, NEWPORT",TRAFFIC STOP
WASHINGTON COUNTY SHERIFFS OFFICE,NEWPORT,8/23/2026 2:17:00 PM,WC26042989,"HWY 61 SB AT GLEN RD, NEWPORT",TRAFFIC STOP
WASHINGTON COUNTY SHERIFFS OFFICE,NEWPORT,8/23/2026 3:42:14 PM,WC26043009,"XXX FORD RD, NEWPORT",FOLLOW UP
WASHINGTON COUNTY SHERIFFS OFFICE,NEWPORT,8/23/2026 6:01:28 PM,WC26043041,"Bailey Rd / Military Rd, NEWPORT",TRAFFIC COMPLAINT
WASHINGTON COUNTY SHERIFFS OFFICE,NEWPORT,8/23/2026 7:16:21 PM,WC26043053,"2XXX  - 2099 HASTINGS AVE, NEWPORT",DIRECTED PATROL
WASHINGTON COUNTY SHERIFFS OFFICE,NEWPORT,8/23/2026 8:08:34 PM,WC26043064,"1XXX  10th Ave, NEWPORT",PUBLIC WORKS CONCERN
WASHINGTON COUNTY SHERIFFS OFFICE,NEWPORT,8/23/2026 8:09:24 PM,WC26043066,"XXX Spruce St, NEWPORT",PUBLIC WORKS CONCERN
WASHINGTON COUNTY SHERIFFS OFFICE,NEWPORT,8/24/2026 2:50:40 AM,WC26043115,"OAKWOOD RD / MILITARY RD, NEWPORT",DWI
WASHINGTON COUNTY SHERIFFS OFFICE,NEWPORT,8/24/2026 9:35:58 AM,WC26043155,"1XXX  10TH AVE, NEWPORT",CIVIL MATTER/DISPUTE
WASHINGTON COUNTY SHERIFFS OFFICE,NEWPORT,8/24/2026 10:23:02 AM,WC26043162,"XXX Hastings Ave, NEWPORT",COUNTERFEIT/FORGERY
WASHINGTON COUNTY SHERIFFS OFFICE,NEWPORT,8/24/2026 12:41:35 PM,WC26043177,"XXX 17th St, NEWPORT",FOLLOW UP
WASHINGTON COUNTY SHERIFFS OFFICE,NEWPORT,8/24/2026 1:45:32 PM,WC26043187,"Unknown, NEWPORT",FOLLOW UP
WASHINGTON COUNTY SHERIFFS OFFICE,NEWPORT,8/24/2026 3:15:34 PM,WC26043213,"2XXX  Hastings Ave, NEWPORT",FOLLOW UP
WASHINGTON COUNTY SHERIFFS OFFICE,NEWPORT,8/24/2026 3:19:04 PM,WC26043214,"10th St / 2nd Ave, NEWPORT",ANIMAL COMPLAINT
WASHINGTON COUNTY SHERIFFS OFFICE,NEWPORT,8/24/2026 7:00:01 PM,WC26043252,"HASTINGS AVE / 18TH ST, NEWPORT",DISTURBANCE
WASHINGTON COUNTY SHERIFFS OFFICE,NEWPORT,8/24/2026 8:23:47 PM,WC26043267,"1XXX  Hastings Ave, NEWPORT",ALARM-BUSINESS/RES/FIRE/MEDICAL/ETC
WASHINGTON COUNTY SHERIFFS OFFICE,NEWPORT,8/24/2026 10:22:09 PM,WC26043274,"19th St / Hastings Ave, NEWPORT",WELFARE CHECK
WASHINGTON COUNTY SHERIFFS OFFICE,NEWPORT,8/24/2026 10:43:14 PM,WC26043276,"1XXX  Hastings Ave, NEWPORT",WELFARE CHECK
WASHINGTON COUNTY SHERIFFS OFFICE,NEWPORT,8/25/2026 1:12:36 AM,WC26043282,"HWY 61 NB JNO 70TH ST S, NEWPORT",MOTORIST ASSIST
WASHINGTON COUNTY SHERIFFS OFFICE,NEWPORT,8/25/2026 4:51:00 AM,WC26043293,"XXX 7th Ave, NEWPORT",NOISE COMPLAINT/DISTURBANCE
WASHINGTON COUNTY SHERIFFS OFFICE,NEWPORT,8/25/2026 9:34:33 AM,WC26043312,"1XXX  Hastings Ave, NEWPORT",FOLLOW UP
WASHINGTON COUNTY SHERIFFS OFFICE,NEWPORT,8/25/2026 10:21:48 AM,WC26043332,"XXX 7th Ave, NEWPORT",SUSPICIOUS PERSON/ACTIVITY
WASHINGTON COUNTY SHERIFFS OFFICE,NEWPORT,8/25/2026 11:25:00 AM,WC26043346,"Highway 61 at Bailey Rd, NEWPORT",TRAFFIC STOP
WASHINGTON COUNTY SHERIFFS OFFICE,NEWPORT,8/25/2026 11:30:49 AM,WC26043348,"Bailey Rd Over I494, NEWPORT",DRIVING COMPLAINT
WASHINGTON COUNTY SHERIFFS OFFICE,NEWPORT,8/25/2026 12:07:51 PM,WC26043356,"15TH ST & BLUESTEM LN, NEWPORT",PARKING VIOLATION
WASHINGTON COUNTY SHERIFFS OFFICE,NEWPORT,8/25/2026 1:17:53 PM,WC26043373,"1XXX  3RD AVE, NEWPORT",WELFARE CHECK
WASHINGTON COUNTY SHERIFFS OFFICE,NEWPORT,8/25/2026 1:21:33 PM,WC26043378,"XXX Ellen Ct, NEWPORT",ABANDONED VEHICLE
WASHINGTON COUNTY SHERIFFS OFFICE,NEWPORT,8/25/2026 2:00:58 PM,WC26043392,"XXX Red Rock Rd, NEWPORT",911 ABANDONED/HANGUP/OPEN LINE
WASHINGTON COUNTY SHERIFFS OFFICE,NEWPORT,8/25/2026 5:02:00 PM,WC26043423,"XXX Red Rock Xing, NEWPORT",ANIMAL COMPLAINT
WASHINGTON COUNTY SHERIFFS OFFICE,NEWPORT,8/25/2026 6:04:00 PM,WC26043428,"HASTINGS AVE / 13TH ST, NEWPORT",TRAFFIC STOP
WASHINGTON COUNTY SHERIFFS OFFICE,NEWPORT,8/25/2026 6:39:50 PM,WC26043436,"HASTINGS AVE / CEMETERY RD, NEWPORT",CITIZEN/PUBLIC ASSIST
WASHINGTON COUNTY SHERIFFS OFFICE,NEWPORT,8/25/2026 7:29:19 PM,WC26043447,"2XXX  1ST AVE, NEWPORT",FOUND PROPERTY/ITEM
WASHINGTON COUNTY SHERIFFS OFFICE,NEWPORT,8/25/2026 9:19:41 PM,WC26043460,"7th Ave / 12th St, NEWPORT",DRIVING COMPLAINT
WASHINGTON COUNTY SHERIFFS OFFICE,NEWPORT,8/25/2026 9:38:20 PM,WC26043461,"1XXX  10th Ave, NEWPORT",MEDICAL
WASHINGTON COUNTY SHERIFFS OFFICE,NEWPORT,8/25/2026 10:19:17 PM,WC26043468,"1XXX  10th Ave, NEWPORT",MEDICAL
WASHINGTON COUNTY SHERIFFS OFFICE,NEWPORT,8/25/2026 10:34:33 PM,WC26043471,"1XXX  10th Ave, NEWPORT",PARKING COMPLAINT
WASHINGTON COUNTY SHERIFFS OFFICE,NEWPORT,8/25/2026 11:37:32 PM,WC26043480,"HWY 61 SB TO 70TH ST S RAMP, NEWPORT",ASSIST OTHER AGENCY
WASHINGTON COUNTY SHERIFFS OFFICE,NEWPORT,8/25/2026 11:51:01 PM,WC26043482,"XXX Red Rock Xing, NEWPORT",MEDICAL
WASHINGTON COUNTY SHERIFFS OFFICE,NEWPORT,8/26/2026 12:35:00 AM,WC26043486,"Highway 61, NEWPORT",DWI
WASHINGTON COUNTY SHERIFFS OFFICE,NEWPORT,8/26/2026 7:36:43 PM,WC26043592,"1XXX  GLEN RD, NEWPORT",SUSPICIOUS PERSON/ACTIVITY
WASHINGTON COUNTY SHERIFFS OFFICE,NEWPORT,8/26/2026 10:16:20 PM,WC26043619,"1XXX  HASTINGS AVE, NEWPORT",ALARM-BUSINESS/RES/FIRE/MEDICAL/ETC
WASHINGTON COUNTY SHERIFFS OFFICE,NEWPORT,8/26/2026 11:59:46 PM,WC26043623,"XXX RED ROCK XING, NEWPORT",911 ABANDONED/HANGUP/OPEN LINE
WASHINGTON COUNTY SHERIFFS OFFICE,NEWPORT,8/27/2026 2:35:31 AM,WC26043642,"1XXX  GLEN RD, NEWPORT",MEDICAL
WASHINGTON COUNTY SHERIFFS OFFICE,NEWPORT,8/27/2026 6:02:56 AM,WC26043651,"I494 SB JNO BAILEY RD, NEWPORT",ASSIST OTHER AGENCY
WASHINGTON COUNTY SHERIFFS OFFICE,NEWPORT,8/27/2026 3:27:55 PM,WC26043753,"HWY 61 NB TO BAILEY RD RAMP, NEWPORT",ASSIST OTHER AGENCY
WASHINGTON COUNTY SHERIFFS OFFICE,NEWPORT,8/27/2026 4:20:37 PM,WC26043763,"BAILEY RD / HASTINGS AVE, NEWPORT",DRIVING COMPLAINT
WASHINGTON COUNTY SHERIFFS OFFICE,NEWPORT,8/27/2026 9:48:34 PM,WC26043817,"1XXX  CEDAR LN, NEWPORT",ALARM-BUSINESS/RES/FIRE/MEDICAL/ETC
WASHINGTON COUNTY SHERIFFS OFFICE,NEWPORT,8/27/2026 10:25:25 PM,WC26043821,"1XXX  8TH AVE, NEWPORT",PARKING COMPLAINT
WASHINGTON COUNTY SHERIFFS OFFICE,NEWPORT,8/27/2026 10:27:00 PM,WC26043820,"2XXX  - 3029 BAILEY RD, NEWPORT",TRAFFIC STOP
WASHINGTON COUNTY SHERIFFS OFFICE,NEWPORT,8/28/2026 1:48:02 AM,WC26043842,"2XXX  2ND AVE, NEWPORT",CITIZEN/PUBLIC ASSIST
WASHINGTON COUNTY SHERIFFS OFFICE,NEWPORT,8/28/2026 3:37:21 PM,WC26043958,"2XXX  1ST AVE, NEWPORT",WARRANT ARREST
WASHINGTON COUNTY SHERIFFS OFFICE,NEWPORT,8/28/2026 5:19:00 PM,WC26043981,"Hwy 61 SB @ Maxwell Ave, NEWPORT",TRAFFIC STOP
WASHINGTON COUNTY SHERIFFS OFFICE,NEWPORT,8/28/2026 5:44:00 PM,WC26043987,"Hwy 61 SB @ Maxwell Ave, NEWPORT",TRAFFIC STOP
WASHINGTON COUNTY SHERIFFS OFFICE,NEWPORT,8/28/2026 6:09:00 PM,WC26043990,"Hwy 61 SB @ Maxwell Ave, NEWPORT",TRAFFIC STOP
WASHINGTON COUNTY SHERIFFS OFFICE,NEWPORT,8/28/2026 9:09:24 PM,WC26044031,"KOLFF ST / KOLFF CT, NEWPORT",ACCIDENT
WASHINGTON COUNTY SHERIFFS OFFICE,NEWPORT,8/29/2026 12:20:00 AM,WC26044057,"FORD RD / 8TH AVE, NEWPORT",WARRANT ARREST
WASHINGTON COUNTY SHERIFFS OFFICE,NEWPORT,8/29/2026 9:25:28 AM,WC26044082,"1XXX  MILITARY RD, NEWPORT",ANIMAL COMPLAINT
WASHINGTON COUNTY SHERIFFS OFFICE,NEWPORT,8/29/2026 3:20:00 PM,WC26044116,"HWY 61 NB AT NORTH FOOTBRIDGE, NEWPORT",TRAFFIC STOP
WASHINGTON COUNTY SHERIFFS OFFICE,NEWPORT,8/29/2026 3:30:00 PM,WC26044112,"1XXX  HASTINGS AVE, NEWPORT",TRAFFIC STOP
WASHINGTON COUNTY SHERIFFS OFFICE,NEWPORT,8/29/2026 5:54:26 PM,WC26044155,"GLEN RD / 10TH AVE, NEWPORT",BURNING COMPLAINT
WASHINGTON COUNTY SHERIFFS OFFICE,NEWPORT,8/29/2026 7:04:00 PM,WC26044167,"N/B Highway 61 at Glen Rd., NEWPORT",TRAFFIC STOP
WASHINGTON COUNTY SHERIFFS OFFICE,NEWPORT,8/29/2026 10:55:25 PM,WC26044204,"1XXX  11TH AVE, NEWPORT",NOISE COMPLAINT/DISTURBANCE
WASHINGTON COUNTY SHERIFFS OFFICE,NEWPORT,8/29/2026 11:49:41 PM,WC26044212,"1XXX  10TH AVE, NEWPORT",SUSPICIOUS PERSON/ACTIVITY
WASHINGTON COUNTY SHERIFFS OFFICE,OAK PARK HEIGHTS,8/23/2026 1:21:00 AM,WC26042911,"SAINT CROIX TRL N AT HWY 36, OAK PARK HEIGHTS",TRAFFIC STOP
WASHINGTON COUNTY SHERIFFS OFFICE,OAK PARK HEIGHTS,8/23/2026 2:03:04 PM,WC26042987,"5XXX  Norell Ave N, OAK PARK HEIGHTS",ASSIST OTHER AGENCY
WASHINGTON COUNTY SHERIFFS OFFICE,OAK PARK HEIGHTS,8/23/2026 5:48:41 PM,WC26043040,"5XXX  NORWICH PKWY, OAK PARK HEIGHTS",ASSIST OTHER AGENCY
WASHINGTON COUNTY SHERIFFS OFFICE,OAK PARK HEIGHTS,8/24/2026 1:14:00 PM,WC26043181,"62ND ST N / OSGOOD AVE N, OAK PARK HEIGHTS",TRAFFIC STOP
WASHINGTON COUNTY SHERIFFS OFFICE,OAK PARK HEIGHTS,8/25/2026 1:39:02 AM,WC26043285,"Saint Croix Crossing Bridge: Hwy 36 Eb - Mn, OAK PARK HEIGHTS",ASSIST OTHER AGENCY
WASHINGTON COUNTY SHERIFFS OFFICE,OAK PARK HEIGHTS,8/27/2026 12:04:52 AM,WC26043624,"GREELY ST N / 60TH ST N, OAK PARK HEIGHTS",TRAFFIC STOP
WASHINGTON COUNTY SHERIFFS OFFICE,OAK PARK HEIGHTS,8/27/2026 2:24:00 PM,WC26043745,"58TH ST N / STILLWATER BLVD N, OAK PARK HEIGHTS",TRAFFIC STOP
WASHINGTON COUNTY SHERIFFS OFFICE,OAK PARK HEIGHTS,8/28/2026 8:31:38 AM,WC26043864,"Stillwater Blvd N / 55th St N, OAK PARK HEIGHTS",TRAFFIC STOP
WASHINGTON COUNTY SHERIFFS OFFICE,OAK PARK HEIGHTS,8/28/2026 2:25:37 PM,WC26043953,"5XXX  NORELL AVE N, OAK PARK HEIGHTS",ASSIST OTHER AGENCY
WASHINGTON COUNTY SHERIFFS OFFICE,OAK PARK HEIGHTS,8/28/2026 9:41:00 PM,WC26044039,"Hwy 36 Eb Jwo Norell Ave N, OAK PARK HEIGHTS",TRAFFIC STOP
WASHINGTON COUNTY SHERIFFS OFFICE,OAK PARK HEIGHTS,8/29/2026 11:39:35 PM,WC26044210,"HWY 95 TO HWY 36 WB RAMP, OAK PARK HEIGHTS",ASSIST OTHER AGENCY
WASHINGTON COUNTY SHERIFFS OFFICE,OAKDALE,8/23/2026 7:37:52 PM,WC26043062,"1XXX  Hillvale Ave N, OAKDALE",ASSIST OTHER AGENCY
WASHINGTON COUNTY SHERIFFS OFFICE,OAKDALE,8/23/2026 10:36:30 PM,WC26043087,"I694 SB AT 4TH ST N, OAKDALE",MOTORIST ASSIST
WASHINGTON COUNTY SHERIFFS OFFICE,OAKDALE,8/25/2026 3:04:38 AM,WC26043290,"I694 Nb Jno 40th St N, OAKDALE",ASSIST OTHER AGENCY
WASHINGTON COUNTY SHERIFFS OFFICE,OAKDALE,8/26/2026 2:07:00 AM,WC26043495,"UPPER 35TH ST N / GARDEN BLVD N, OAKDALE",TRAFFIC STOP
WASHINGTON COUNTY SHERIFFS OFFICE,OAKDALE,8/26/2026 6:10:11 PM,WC26043578,"1XXX  GLENBROOK AVE N, OAKDALE",CIVIL MATTER/DISPUTE
WASHINGTON COUNTY SHERIFFS OFFICE,OAKDALE,8/26/2026 6:22:58 PM,WC26043581,"6XXX  13TH STREET CIR N, OAKDALE",CIVIL MATTER/DISPUTE
WASHINGTON COUNTY SHERIFFS OFFICE,OAKDALE,8/27/2026 5:58:55 PM,WC26043775,"3XXX  GERSHWIN LN N, OAKDALE",CIVIL MATTER/DISPUTE
WASHINGTON COUNTY SHERIFFS OFFICE,OAKDALE,8/27/2026 6:16:55 PM,WC26043778,"6XXX  13TH STREET CIR N, OAKDALE",CIVIL MATTER/DISPUTE
WASHINGTON COUNTY SHERIFFS OFFICE,OAKDALE,8/28/2026 3:34:00 AM,WC26043846,"5XXX  HADLEY AVE N, OAKDALE",WARRANT ARREST
WASHINGTON COUNTY SHERIFFS OFFICE,OAKDALE,8/28/2026 8:00:02 PM,WC26044016,"6XXX  9TH ST N, OAKDALE",ASSIST OTHER AGENCY
WASHINGTON COUNTY SHERIFFS OFFICE,OAKDALE,8/28/2026 8:35:57 PM,WC26044027,"7XXX  15TH STREET LN N, OAKDALE",MEDICAL
WASHINGTON COUNTY SHERIFFS OFFICE,OAKDALE,8/28/2026 8:44:31 PM,WC26044026,"7XXX  10TH ST N, OAKDALE",MEDICAL
WASHINGTON COUNTY SHERIFFS OFFICE,OAKDALE,8/28/2026 9:22:26 PM,WC26044034,"10TH ST N / CENTURY AVE N, OAKDALE",TRAFFIC STOP
WASHINGTON COUNTY SHERIFFS OFFICE,PINE SPRINGS,8/23/2026 4:10:20 PM,WC26043017,"HWY 36 WB JEO I694, PINE SPRINGS",MOTORIST ASSIST
WASHINGTON COUNTY SHERIFFS OFFICE,PINE SPRINGS,8/25/2026 3:04:18 AM,WC26043289,"I694 NB OVER HWY 36, PINE SPRINGS",ROAD HAZARD
WASHINGTON COUNTY SHERIFFS OFFICE,PINE SPRINGS,8/25/2026 3:42:26 AM,WC26043292,"Hwy 36 Eb At I694, PINE SPRINGS",SUSPICIOUS PERSON/ACTIVITY
WASHINGTON COUNTY SHERIFFS OFFICE,PINE SPRINGS,8/27/2026 12:20:00 AM,WC26043627,"Highway 36 WB & HILTON TRL, PINE SPRINGS",TRAFFIC STOP
WASHINGTON COUNTY SHERIFFS OFFICE,PINE SPRINGS,8/27/2026 8:58:00 PM,WC26043936,"6XXX  WARNER RD S, PINE SPRINGS",BURNING COMPLAINT
WASHINGTON COUNTY SHERIFFS OFFICE,PINE SPRINGS,8/28/2026 10:36:00 PM,WC26044045,"Hwy 36 Wb At Hilton Trl N, PINE SPRINGS",TRAFFIC STOP
WASHINGTON COUNTY SHERIFFS OFFICE,SAINT MARYS POINT,8/24/2026 7:07:55 PM,WC26043256,"16XXX  Saint Marys Dr S, SAINT MARYS POINT",PARKING COMPLAINT
WASHINGTON COUNTY SHERIFFS OFFICE,SAINT MARYS POINT,8/26/2026 6:25:02 PM,WC26043583,"2XXX  RIVER RD S, SAINT MARYS POINT",LIFT ASSIST
WASHINGTON COUNTY SHERIFFS OFFICE,Saint Paul,8/29/2026 9:25:59 PM,WC26044186,"HWY 61 NB AT LOWER AFTON RD, Saint Paul",ASSIST OTHER AGENCY
WASHINGTON COUNTY SHERIFFS OFFICE,SCANDIA,8/23/2026 3:04:46 AM,WC26042921,"21XXX  Oland Ave N, SCANDIA",REQUEST FOR EMERGENCY EXAM - 72 HR HOLD
WASHINGTON COUNTY SHERIFFS OFFICE,SCANDIA,8/23/2026 10:34:30 AM,WC26042955,"20XXX  Orwell Ave N, SCANDIA",DISTURBANCE
WASHINGTON COUNTY SHERIFFS OFFICE,SCANDIA,8/23/2026 8:10:28 PM,WC26043065,"12XXX  182nd St N, SCANDIA",ALARM-BUSINESS/RES/FIRE/MEDICAL/ETC
WASHINGTON COUNTY SHERIFFS OFFICE,SCANDIA,8/23/2026 8:39:46 PM,WC26043070,"16XXX  OBRIEN TRL N, SCANDIA",SUSPICIOUS PERSON/ACTIVITY
WASHINGTON COUNTY SHERIFFS OFFICE,SCANDIA,8/23/2026 11:12:28 PM,WC26043092,"21XXX  Oland Ave N, SCANDIA",ASSIST OTHER AGENCY
WASHINGTON COUNTY SHERIFFS OFFICE,SCANDIA,8/24/2026 12:17:09 AM,WC26043105,"21XXX  Oland Ave N, SCANDIA",REQUEST FOR EMERGENCY EXAM - 72 HR HOLD
WASHINGTON COUNTY SHERIFFS OFFICE,SCANDIA,8/24/2026 8:31:53 AM,WC26043138,"20XXX  - 20698 MANNING TRL N, SCANDIA",FOLLOW UP
WASHINGTON COUNTY SHERIFFS OFFICE,SCANDIA,8/24/2026 8:51:15 AM,WC26043141,"20XXX  OLINDA TRL N, SCANDIA",FOLLOW UP
WASHINGTON COUNTY SHERIFFS OFFICE,SCANDIA,8/24/2026 10:09:15 AM,WC26043159,"10XXX  180th St N, SCANDIA",THEFT
WASHINGTON COUNTY SHERIFFS OFFICE,SCANDIA,8/24/2026 10:43:03 AM,WC26043164,"11XXX  232nd St N, SCANDIA",SUSPICIOUS PERSON/ACTIVITY
WASHINGTON COUNTY SHERIFFS OFFICE,SCANDIA,8/24/2026 3:58:39 PM,WC26043218,"20XXX  Olinda Trl N, SCANDIA",CITIZEN/PUBLIC ASSIST
WASHINGTON COUNTY SHERIFFS OFFICE,SCANDIA,8/24/2026 5:42:36 PM,WC26043242,"11XXX  238th St N, SCANDIA",TRESPASSING
WASHINGTON COUNTY SHERIFFS OFFICE,SCANDIA,8/25/2026 10:41:25 AM,WC26043336,"16XXX  Obrien Trl N, SCANDIA",ANIMAL COMPLAINT
WASHINGTON COUNTY SHERIFFS OFFICE,SCANDIA,8/25/2026 2:41:19 PM,WC26043399,"19XXX  Manning Trl N, SCANDIA",911 ABANDONED/HANGUP/OPEN LINE
WASHINGTON COUNTY SHERIFFS OFFICE,SCANDIA,8/27/2026 4:07:07 AM,WC26043648,"18XXX  OLINDA TRL N, SCANDIA",MEDICAL
WASHINGTON COUNTY SHERIFFS OFFICE,SCANDIA,8/27/2026 6:06:50 AM,WC26043652,"MANNING TRL N / 192ND ST N, SCANDIA",ACCIDENT
WASHINGTON COUNTY SHERIFFS OFFICE,SCANDIA,8/27/2026 7:17:01 AM,WC26043657,"22XXX  OLDFIELD AVE N, SCANDIA",ANIMAL COMPLAINT
WASHINGTON COUNTY SHERIFFS OFFICE,SCANDIA,8/27/2026 12:37:22 PM,WC26043726,"14XXX  202ND ST N, SCANDIA",SUSPICIOUS PERSON/ACTIVITY
WASHINGTON COUNTY SHERIFFS OFFICE,SCANDIA,8/28/2026 12:00:00 AM,WC26043974,"10XXX  - 11799 SCANDIA TRL N, SCANDIA",TRAFFIC STOP
WASHINGTON COUNTY SHERIFFS OFFICE,SCANDIA,8/28/2026 7:58:23 AM,WC26043863,"18XXX  OLINDA TRL N, SCANDIA",MEDICAL
WASHINGTON COUNTY SHERIFFS OFFICE,SCANDIA,8/29/2026 12:09:35 PM,WC26044101,"21XXX  OLINDA TRL N, SCANDIA",PROPERTY DAMAGE
WASHINGTON COUNTY SHERIFFS OFFICE,STILLWATER,8/23/2026 5:52:00 PM,WC26043037,"HWY 36 WB AT GREELEY ST S, STILLWATER",TRAFFIC STOP
WASHINGTON COUNTY SHERIFFS OFFICE,STILLWATER,8/23/2026 6:05:33 PM,WC26043042,"SAINT CROIX RIVER JSO LIFT BRIDGE-SW, STILLWATER",CITIZEN/PUBLIC ASSIST
WASHINGTON COUNTY SHERIFFS OFFICE,STILLWATER,8/24/2026 10:24:30 AM,WC26043161,"15XXX  62ND ST N, STILLWATER",LOST PROPERTY/ITEM
WASHINGTON COUNTY SHERIFFS OFFICE,STILLWATER,8/24/2026 2:46:51 PM,WC26043204,"15XXX  62nd St N, STILLWATER",CITIZEN/PUBLIC ASSIST
WASHINGTON COUNTY SHERIFFS OFFICE,STILLWATER,8/24/2026 6:44:50 PM,WC26043249,"15XXX  62ND ST N, STILLWATER",WELFARE CHECK
WASHINGTON COUNTY SHERIFFS OFFICE,STILLWATER,8/24/2026 7:09:25 PM,WC26043257,"FRONTAGE RD W / WASHINGTON AVE, STILLWATER",TRAFFIC STOP
WASHINGTON COUNTY SHERIFFS OFFICE,STILLWATER,8/24/2026 7:29:35 PM,WC26043260,"15XXX  62nd St N, STILLWATER",RECOVERED STOLEN
WASHINGTON COUNTY SHERIFFS OFFICE,STILLWATER,8/25/2026 12:48:53 AM,WC26043281,"15XXX  62ND ST N, STILLWATER",FUGITIVE FROM JUSTICE
WASHINGTON COUNTY SHERIFFS OFFICE,STILLWATER,8/25/2026 1:53:29 PM,WC26043407,"15XXX  62nd St N, STILLWATER",FOLLOW UP
WASHINGTON COUNTY SHERIFFS OFFICE,STILLWATER,8/25/2026 6:28:25 PM,WC26043433,"15XXX  62ND ST N, STILLWATER",FUGITIVE FROM JUSTICE
WASHINGTON COUNTY SHERIFFS OFFICE,STILLWATER,8/26/2026 3:47:21 PM,WC26043561,"15XXX  62ND ST N, STILLWATER",ASSAULT
WASHINGTON COUNTY SHERIFFS OFFICE,STILLWATER,8/28/2026 12:05:55 PM,WC26043926,"15XXX  62ND ST N, STILLWATER",CITIZEN/PUBLIC ASSIST
WASHINGTON COUNTY SHERIFFS OFFICE,STILLWATER,8/28/2026 12:52:53 PM,WC26043932,"15XXX  62ND ST N, STILLWATER",FUGITIVE FROM JUSTICE
WASHINGTON COUNTY SHERIFFS OFFICE,STILLWATER,8/29/2026 6:52:43 PM,WC26044166,"14XXX  62ND ST N, STILLWATER",ASSIST OTHER AGENCY
WASHINGTON COUNTY SHERIFFS OFFICE,STILLWATER TOWNSHIP,8/23/2026 3:17:31 AM,WC26042922,"10XXX  Mendel Rd N, STILLWATER TOWNSHIP",DISORDERLY CONDUCT
WASHINGTON COUNTY SHERIFFS OFFICE,STILLWATER TOWNSHIP,8/23/2026 8:29:43 AM,WC26042937,"9XXX  Stonebridge Trl N, STILLWATER TOWNSHIP",ANIMAL COMPLAINT
WASHINGTON COUNTY SHERIFFS OFFICE,STILLWATER TOWNSHIP,8/23/2026 7:18:47 PM,WC26043054,"Boom Site Historical Marker, STILLWATER TOWNSHIP",DRUGS
WASHINGTON COUNTY SHERIFFS OFFICE,STILLWATER TOWNSHIP,8/24/2026 6:57:34 AM,WC26043125,"10XXX  Norell Ave N, STILLWATER TOWNSHIP",ALARM-BUSINESS/RES/FIRE/MEDICAL/ETC
WASHINGTON COUNTY SHERIFFS OFFICE,STILLWATER TOWNSHIP,8/24/2026 11:43:29 AM,WC26043173,"Mendel Rd N / Mayfield Ave N, STILLWATER TOWNSHIP",DRIVING COMPLAINT
WASHINGTON COUNTY SHERIFFS OFFICE,STILLWATER TOWNSHIP,8/27/2026 1:03:38 PM,WC26043732,"100TH ST N / PRIMROSE AVE N, STILLWATER TOWNSHIP",PARKING VIOLATION
WASHINGTON COUNTY SHERIFFS OFFICE,STILLWATER TOWNSHIP,8/28/2026 9:08:46 AM,WC26043869,"STONEBRIDGE TRL N / DELLWOOD RD N, STILLWATER TOWNSHIP",911 ABANDONED/HANGUP/OPEN LINE
WASHINGTON COUNTY SHERIFFS OFFICE,STILLWATER TOWNSHIP,8/28/2026 3:51:07 PM,WC26043964,"HWY 36 WB AT MANNING AVE N, STILLWATER TOWNSHIP",OTHER
WASHINGTON COUNTY SHERIFFS OFFICE,STILLWATER TOWNSHIP,8/28/2026 3:52:22 PM,WC26043963,"9XXX  - 9153 SAINT CROIX TRL N, STILLWATER TOWNSHIP",PARKING VIOLATION
WASHINGTON COUNTY SHERIFFS OFFICE,STILLWATER TOWNSHIP,8/28/2026 7:50:05 PM,WC26044012,"15XXX  100TH ST N, STILLWATER TOWNSHIP",SUSPICIOUS PERSON/ACTIVITY
WASHINGTON COUNTY SHERIFFS OFFICE,STILLWATER TOWNSHIP,8/29/2026 4:15:25 PM,WC26044133,"9XXX  STONEBRIDGE TRL N, STILLWATER TOWNSHIP",SHOTS FIRED/SHOOTING COMPLAINT
WASHINGTON COUNTY SHERIFFS OFFICE,WEST LAKELAND TOWNSHIP,8/23/2026 10:15:01 AM,WC26042950,"14XXX  21st St N, WEST LAKELAND TOWNSHIP",MEDICAL
WASHINGTON COUNTY SHERIFFS OFFICE,WEST LAKELAND TOWNSHIP,8/23/2026 5:20:45 PM,WC26043032,"13XXX  28th St N, WEST LAKELAND TOWNSHIP",ALARM-BUSINESS/RES/FIRE/MEDICAL/ETC
WASHINGTON COUNTY SHERIFFS OFFICE,WEST LAKELAND TOWNSHIP,8/23/2026 7:45:45 PM,WC26043061,"10th St N / Oakgreen Ave N, WEST LAKELAND TOWNSHIP",ANIMAL COMPLAINT
WASHINGTON COUNTY SHERIFFS OFFICE,WEST LAKELAND TOWNSHIP,8/23/2026 9:06:00 PM,WC26043059,"Nolan Ave N / Greenwood Trl N, WEST LAKELAND TOWNSHIP",DWI
WASHINGTON COUNTY SHERIFFS OFFICE,WEST LAKELAND TOWNSHIP,8/24/2026 1:40:23 PM,WC26043185,"XXX Manning Ave N, WEST LAKELAND TOWNSHIP",911 ABANDONED/HANGUP/OPEN LINE
WASHINGTON COUNTY SHERIFFS OFFICE,WEST LAKELAND TOWNSHIP,8/25/2026 12:04:00 PM,WC26043354,"2XXX  - 2893 STAGECOACH TRL N, WEST LAKELAND TOWNSHIP",TRAFFIC STOP
WASHINGTON COUNTY SHERIFFS OFFICE,WEST LAKELAND TOWNSHIP,8/25/2026 2:54:23 PM,WC26043404,"12XXX  18th Street Ct N, WEST LAKELAND TOWNSHIP",SUSPICIOUS PERSON/ACTIVITY
WASHINGTON COUNTY SHERIFFS OFFICE,WEST LAKELAND TOWNSHIP,8/26/2026 1:39:00 PM,WC26043543,"XXX - 999 MANNING AVE N, WEST LAKELAND TOWNSHIP",TRAFFIC STOP
WASHINGTON COUNTY SHERIFFS OFFICE,WEST LAKELAND TOWNSHIP,8/26/2026 7:58:38 PM,WC26043596,"1XXX  NEAL AVENUE CT N, WEST LAKELAND TOWNSHIP",CIVIL MATTER/DISPUTE
WASHINGTON COUNTY SHERIFFS OFFICE,WEST LAKELAND TOWNSHIP,8/26/2026 8:32:15 PM,WC26043601,"STAGECOACH TRL N / PARK AVE N, WEST LAKELAND TOWNSHIP",ACCIDENT
WASHINGTON COUNTY SHERIFFS OFFICE,WEST LAKELAND TOWNSHIP,8/27/2026 8:25:04 AM,WC26043665,"1XXX  NEAL AVENUE CT N, WEST LAKELAND TOWNSHIP",CIVIL MATTER/DISPUTE
WASHINGTON COUNTY SHERIFFS OFFICE,WEST LAKELAND TOWNSHIP,8/27/2026 2:19:30 PM,WC26043744,"13XXX  GREENWOOD TRL N, WEST LAKELAND TOWNSHIP",VEHICLE UNLOCK
WASHINGTON COUNTY SHERIFFS OFFICE,WEST LAKELAND TOWNSHIP,8/27/2026 2:38:15 PM,WC26043746,"1XXX  NOLAN AVE N, WEST LAKELAND TOWNSHIP",MEDICAL
WASHINGTON COUNTY SHERIFFS OFFICE,WEST LAKELAND TOWNSHIP,8/27/2026 6:41:00 PM,WC26043783,"I94 EB JWO STAGECOACH TRL N, WEST LAKELAND TOWNSHIP",TRAFFIC STOP
WASHINGTON COUNTY SHERIFFS OFFICE,WEST LAKELAND TOWNSHIP,8/27/2026 9:27:48 PM,WC26043810,"NEAL AVE N / 6TH ST N, WEST LAKELAND TOWNSHIP",SUSPICIOUS PERSON/ACTIVITY
WASHINGTON COUNTY SHERIFFS OFFICE,WEST LAKELAND TOWNSHIP,8/28/2026 1:56:03 AM,WC26043839,"2XXX  QUANT AVE N, WEST LAKELAND TOWNSHIP",DRUGS
WASHINGTON COUNTY SHERIFFS OFFICE,WEST LAKELAND TOWNSHIP,8/28/2026 12:26:33 PM,WC26043929,"12XXX  20TH ST N, WEST LAKELAND TOWNSHIP",INTERNET CRIMES
WASHINGTON COUNTY SHERIFFS OFFICE,WEST LAKELAND TOWNSHIP,8/28/2026 8:01:39 PM,WC26044019,"14XXX  21ST ST N, WEST LAKELAND TOWNSHIP",MEDICAL
WASHINGTON COUNTY SHERIFFS OFFICE,WEST LAKELAND TOWNSHIP,8/29/2026 4:03:37 PM,WC26044132,"XXX NEAL AVE N, WEST LAKELAND TOWNSHIP",OFFICER INFORMATION
WASHINGTON COUNTY SHERIFFS OFFICE,WILLERNIE,8/23/2026 5:31:00 PM,WC26043034,"40XXX -BLK STILLWATER RD, WILLERNIE",PARKING VIOLATION
WASHINGTON COUNTY SHERIFFS OFFICE,WILLERNIE,8/24/2026 8:58:48 AM,WC26043149,"XXX Chatham Rd, WILLERNIE",FOLLOW UP
WASHINGTON COUNTY SHERIFFS OFFICE,WILLERNIE,8/25/2026 7:13:35 PM,WC26043445,"XXX Wildwood Rd, WILLERNIE",FOLLOW UP
WASHINGTON COUNTY SHERIFFS OFFICE,WILLERNIE,8/27/2026 12:07:44 PM,WC26043719,"XXX WARNER AVE S, WILLERNIE",MEDICAL
WASHINGTON COUNTY SHERIFFS OFFICE,WOODBURY,8/23/2026 1:28:03 AM,WC26042913,"BAILEY RD / RADIO DR, WOODBURY",DWI
WASHINGTON COUNTY SHERIFFS OFFICE,WOODBURY,8/24/2026 1:26:33 AM,WC26043111,"6XXX  WOODMERE RD, WOODBURY",ASSIST OTHER AGENCY
WASHINGTON COUNTY SHERIFFS OFFICE,WOODBURY,8/24/2026 3:40:16 PM,WC26043215,"I494 SB JSO LAKE RD, WOODBURY",CITIZEN/PUBLIC ASSIST
WASHINGTON COUNTY SHERIFFS OFFICE,WOODBURY,8/24/2026 5:17:57 PM,WC26043237,"7XXX  PINEHURST RD, WOODBURY",CIVIL MATTER/DISPUTE
WASHINGTON COUNTY SHERIFFS OFFICE,WOODBURY,8/25/2026 4:20:57 PM,WC26043418,"COMMERCE DR / WOODBURY DR, WOODBURY",ASSIST OTHER AGENCY
WASHINGTON COUNTY SHERIFFS OFFICE,WOODBURY,8/27/2026 9:00:55 AM,WC26043668,"7XXX  AFTON RD, WOODBURY",OFFICER INFORMATION
WASHINGTON COUNTY SHERIFFS OFFICE,WOODBURY,8/27/2026 10:35:00 AM,WC26043698,"I94 EAST AT CENTURY AVE N , WOODBURY",TRAFFIC STOP
WASHINGTON COUNTY SHERIFFS OFFICE,WOODBURY,8/27/2026 10:39:00 AM,WC26043699,"I94 EB EAST OF CENTURY AVE, WOODBURY",TRAFFIC STOP
WASHINGTON COUNTY SHERIFFS OFFICE,WOODBURY,8/27/2026 10:55:00 AM,WC26043703,"EAST I94 AT CENTURY AVE , WOODBURY",TRAFFIC STOP
WASHINGTON COUNTY SHERIFFS OFFICE,WOODBURY,8/27/2026 11:16:00 AM,WC26043708,"I94 EAST AT CETNURY AVE N, WOODBURY",TRAFFIC STOP
WASHINGTON COUNTY SHERIFFS OFFICE,WOODBURY,8/27/2026 11:32:00 AM,WC26043712,"I94 EB EAST OF CENTURY AVE, WOODBURY",TRAFFIC STOP
WASHINGTON COUNTY SHERIFFS OFFICE,WOODBURY,8/27/2026 6:33:06 PM,WC26043780,"XXX ELAN CT, WOODBURY",CIVIL MATTER/DISPUTE
WASHINGTON COUNTY SHERIFFS OFFICE,WOODBURY,8/27/2026 6:42:10 PM,WC26043784,"3XXX  COMMONWEALTH RD, WOODBURY",CIVIL MATTER/DISPUTE
WASHINGTON COUNTY SHERIFFS OFFICE,WOODBURY,8/29/2026 2:54:46 PM,WC26044120,"3XXX  WILLIAMSBURG BAY, WOODBURY",CIVIL MATTER/DISPUTE
WASHINGTON COUNTY SHERIFFS OFFICE,WOODBURY,8/29/2026 5:09:10 PM,WC26044141,"2XXX  WIMBLEDON BAY, WOODBURY",CIVIL MATTER/DISPUTE
WASHINGTON COUNTY SHERIFFS OFFICE,WOODBURY,8/29/2026 5:31:17 PM,WC26044152,"2XXX  WIMBLEDON BAY, WOODBURY",FOLLOW UP
WASHINGTON COUNTY SHERIFFS OFFICE,WOODBURY,8/29/2026 5:32:05 PM,WC26044146,"XXX ELAN CT, WOODBURY",CIVIL MATTER/DISPUTE
WOODBURY PUBLIC SAFETY,WOODBURY,8/23/2026 1:49:59 AM,WB26034784,"10XXX  Maple Blvd, WOODBURY",CURFEW VIOLATION
WOODBURY PUBLIC SAFETY,WOODBURY,8/23/2026 7:58:45 AM,WB26034793,"XXX Weir Dr, WOODBURY",DISORDERLY CONDUCT
WOODBURY PUBLIC SAFETY,WOODBURY,8/23/2026 8:39:28 AM,WB26034797,"10XXX  Hudson Rd, WOODBURY",HARASSMENT
WOODBURY PUBLIC SAFETY,WOODBURY,8/23/2026 10:43:00 AM,WB26034807,"8XXX  SPRING LN, WOODBURY",WARRANT ARREST
WOODBURY PUBLIC SAFETY,WOODBURY,8/23/2026 10:44:13 AM,WB26034808,"7XXX  CURRELL BLVD, WOODBURY",WARRANT ARREST
WOODBURY PUBLIC SAFETY,WOODBURY,8/23/2026 11:31:43 AM,WB26034819,"6XXX  LAKE ROAD TER, WOODBURY",WARRANT ARREST
WOODBURY PUBLIC SAFETY,WOODBURY,8/23/2026 1:03:26 PM,WB26034831,"11XXX  Cresthaven Trl, WOODBURY",NEIGHBOR DISPUTE
WOODBURY PUBLIC SAFETY,WOODBURY,8/23/2026 1:48:46 PM,WB26034840,"6XXX  Sandlewood Rd, WOODBURY",WELFARE CHECK
WOODBURY PUBLIC SAFETY,WOODBURY,8/23/2026 2:06:51 PM,WB26034843,"6XXX  OAKWOOD RD, WOODBURY",TRAFFIC STOP
WOODBURY PUBLIC SAFETY,WOODBURY,8/23/2026 2:10:00 PM,WB26034991,"8XXX  Tamarack Vlg, WOODBURY",SHOPLIFTING
WOODBURY PUBLIC SAFETY,WOODBURY,8/23/2026 2:52:35 PM,WB26034851,"11XXX  Middleton Trl, WOODBURY",HARASSMENT
WOODBURY PUBLIC SAFETY,WOODBURY,8/23/2026 3:24:01 PM,WB26034853,"1XXX  Woodlane Dr, WOODBURY",TRESPASSING
WOODBURY PUBLIC SAFETY,WOODBURY,8/23/2026 4:22:14 PM,WB26034861,"4XXX  Airlake Dr, WOODBURY",RUNAWAY
WOODBURY PUBLIC SAFETY,WOODBURY,8/23/2026 4:27:17 PM,WB26034862,"10XXX  ARROWWOOD TRL, WOODBURY",FOUND PERSON
WOODBURY PUBLIC SAFETY,WOODBURY,8/23/2026 4:52:16 PM,WB26034870,"XXX Karen Dr, WOODBURY",THEFT
WOODBURY PUBLIC SAFETY,WOODBURY,8/23/2026 6:30:31 PM,WB26034896,"9XXX  CITY PLACE BLVD, WOODBURY",CHILD CUSTODY
WOODBURY PUBLIC SAFETY,WOODBURY,8/23/2026 8:38:36 PM,WB26034925,"11XXX  Middleton Trl, WOODBURY",CIVIL MATTER/DISPUTE
WOODBURY PUBLIC SAFETY,WOODBURY,8/24/2026 12:00:00 AM,WB26035005,"2XXX  Radio Drive, WOODBURY",HARASSMENT
WOODBURY PUBLIC SAFETY,WOODBURY,8/24/2026 8:51:16 AM,WB26034980,"HUDSON RD / PRIVATE RD, WOODBURY",FOUND PROPERTY/ITEM
WOODBURY PUBLIC SAFETY,WOODBURY,8/24/2026 9:23:36 AM,WB26034983,"6XXX  Courtly Alcove, WOODBURY",MOTOR VEHICLE THEFT
WOODBURY PUBLIC SAFETY,WOODBURY,8/24/2026 9:59:44 AM,WB26034992,"8XXX  Hudson Rd, WOODBURY",FRAUD/SCAM
WOODBURY PUBLIC SAFETY,WOODBURY,8/24/2026 10:13:33 AM,WB26034995,"8XXX  Tamarack Bay, WOODBURY",ACCIDENT
WOODBURY PUBLIC SAFETY,WOODBURY,8/24/2026 10:31:16 AM,WB26035000,"7XXX  Currell Blvd, WOODBURY",SUSPICIOUS PERSON/ACTIVITY
WOODBURY PUBLIC SAFETY,WOODBURY,8/24/2026 10:57:15 AM,WB26035009,"6XXX  Lake Road Ter, WOODBURY",CIVIL MATTER/DISPUTE
WOODBURY PUBLIC SAFETY,WOODBURY,8/24/2026 11:41:31 AM,WB26035019,"6XXX  Hudson Rd, WOODBURY",PROPERTY DAMAGE
WOODBURY PUBLIC SAFETY,WOODBURY,8/24/2026 11:47:19 AM,WB26035023,"10XXX  Hudson Rd, WOODBURY",IDENTITY THEFT
WOODBURY PUBLIC SAFETY,WOODBURY,8/24/2026 12:50:54 PM,WB26035035,"1XXX  WOODLANE DR, WOODBURY",WARRANT ARREST
WOODBURY PUBLIC SAFETY,WOODBURY,8/24/2026 1:07:55 PM,WB26035044,"2XXX  Century Ave, WOODBURY",THEFT
WOODBURY PUBLIC SAFETY,WOODBURY,8/24/2026 1:42:41 PM,WB26035050,"Radio Dr To I94 Eb Ramp / Woodbury Lakes Rd, WOODBURY",ACCIDENT
WOODBURY PUBLIC SAFETY,WOODBURY,8/24/2026 1:59:20 PM,WB26035055,"9XXX  Easton Ln, WOODBURY",SUSPICIOUS PERSON/ACTIVITY
WOODBURY PUBLIC SAFETY,WOODBURY,8/24/2026 2:05:07 PM,WB26035056,"1XXX  Weir Dr, WOODBURY",WARRANT ARREST
WOODBURY PUBLIC SAFETY,WOODBURY,8/24/2026 2:18:54 PM,WB26035058,"XXX COMMERCE DR, WOODBURY",SHOPLIFTING
WOODBURY PUBLIC SAFETY,WOODBURY,8/24/2026 2:47:26 PM,WB26035068,"8XXX  Spring Ln, WOODBURY",WELFARE CHECK
WOODBURY PUBLIC SAFETY,WOODBURY,8/24/2026 4:14:22 PM,WB26035082,"7XXX  VALLEY CREEK PLZ, WOODBURY",SHOPLIFTING
WOODBURY PUBLIC SAFETY,WOODBURY,8/24/2026 4:45:18 PM,WB26035090,"8XXX  Tamarack Vlg, WOODBURY",SHOPLIFTING
WOODBURY PUBLIC SAFETY,WOODBURY,8/24/2026 5:19:07 PM,WB26035099,"8XXX  TAMARACK VLG, WOODBURY",SHOPLIFTING
WOODBURY PUBLIC SAFETY,WOODBURY,8/24/2026 6:02:49 PM,WB26035103,"3XXX  Hazel Trl, WOODBURY",FOUND PROPERTY/ITEM
WOODBURY PUBLIC SAFETY,WOODBURY,8/24/2026 6:04:08 PM,WB26035102,"8XXX  TAMARACK RD, WOODBURY",TRAFFIC STOP
WOODBURY PUBLIC SAFETY,WOODBURY,8/24/2026 8:46:56 PM,WB26035123,"11XXX  Middleton Trl, WOODBURY",CIVIL MATTER/DISPUTE
WOODBURY PUBLIC SAFETY,WOODBURY,8/24/2026 8:47:19 PM,WB26035124,"1XXX  Weir Dr, WOODBURY",UNWANTED PERSON/VEHICLE
WOODBURY PUBLIC SAFETY,WOODBURY,8/24/2026 9:21:00 PM,WB26035126,"1XXX  Queens Dr, WOODBURY",SHOPLIFTING
WOODBURY PUBLIC SAFETY,WOODBURY,8/25/2026 1:25:44 AM,WB26035153,"3XXX  Hazel Trl, WOODBURY",UNWANTED PERSON/VEHICLE
WOODBURY PUBLIC SAFETY,WOODBURY,8/25/2026 4:03:36 AM,WB26035162,"5XXX  Stable View Dr, WOODBURY",JUVENILE COMPLAINT
WOODBURY PUBLIC SAFETY,WOODBURY,8/25/2026 10:37:32 AM,WB26035178,"XXX Radio Dr, WOODBURY",WELFARE CHECK
WOODBURY PUBLIC SAFETY,WOODBURY,8/25/2026 10:57:06 AM,WB26035180,"8XXX  Promenade Ln, WOODBURY",BURGLARY
WOODBURY PUBLIC SAFETY,WOODBURY,8/25/2026 11:14:16 AM,WB26035182,"Unknown, WOODBURY",THEFT FROM MOTOR VEHICLE
WOODBURY PUBLIC SAFETY,WOODBURY,8/25/2026 12:41:18 PM,WB26035194,"HUDSON RD / WOODBURY DR, WOODBURY",ACCIDENT
WOODBURY PUBLIC SAFETY,WOODBURY,8/25/2026 12:55:34 PM,WB26035200,"XXX Weir Dr, WOODBURY",UNWANTED PERSON/VEHICLE
WOODBURY PUBLIC SAFETY,WOODBURY,8/25/2026 1:34:24 PM,WB26035207,"1XXX  Jewel Dr, WOODBURY",CIVIL MATTER/DISPUTE
WOODBURY PUBLIC SAFETY,WOODBURY,8/25/2026 1:39:12 PM,WB26035208,"2XXX  Ojibway Dr, WOODBURY",FOUND PROPERTY/ITEM
WOODBURY PUBLIC SAFETY,WOODBURY,8/25/2026 2:26:29 PM,WB26035218,"6XXX  Lake Road Ter, WOODBURY",HARASSMENT
WOODBURY PUBLIC SAFETY,WOODBURY,8/25/2026 2:35:46 PM,WB26035219,"XXX Radio Dr, WOODBURY",ACCIDENT
WOODBURY PUBLIC SAFETY,WOODBURY,8/25/2026 2:46:28 PM,WB26035220,"9XXX  WOODBURY LAKES RD, WOODBURY",ACCIDENT
WOODBURY PUBLIC SAFETY,WOODBURY,8/25/2026 2:49:29 PM,WB26035221,"7XXX  Valley Creek Plz, WOODBURY",TRESPASS NOTICE
WOODBURY PUBLIC SAFETY,WOODBURY,8/25/2026 2:57:22 PM,WB26035224,"Woodbury Dr / Lake Rd, WOODBURY",ACCIDENT
WOODBURY PUBLIC SAFETY,WOODBURY,8/25/2026 3:06:00 PM,WB26035225,"1XXX  Woodhill Dr, WOODBURY",ACCIDENT
WOODBURY PUBLIC SAFETY,WOODBURY,8/25/2026 3:21:32 PM,WB26035230,"2XXX  Tower Dr, WOODBURY",ACCIDENT
WOODBURY PUBLIC SAFETY,WOODBURY,8/25/2026 3:22:53 PM,WB26035229,"3XXX  Commonwealth Rd, WOODBURY",SUICIDE ATTEMPT/THREATS OF
WOODBURY PUBLIC SAFETY,WOODBURY,8/25/2026 3:36:53 PM,WB26035232,"8XXX  Tamarack Vlg, WOODBURY",ACCIDENT
WOODBURY PUBLIC SAFETY,WOODBURY,8/25/2026 3:55:12 PM,WB26035238,"7XXX  Carillon Plz W, WOODBURY",ACCIDENT
WOODBURY PUBLIC SAFETY,WOODBURY,8/25/2026 4:04:05 PM,WB26035239,"3XXX  Cherry Ln, WOODBURY",WELFARE CHECK
WOODBURY PUBLIC SAFETY,WOODBURY,8/25/2026 4:10:30 PM,WB26035241,"7XXX  Military Rd, WOODBURY",THEFT
WOODBURY PUBLIC SAFETY,WOODBURY,8/25/2026 4:20:57 PM,WB26035243,"COMMERCE DR / WOODBURY DR, WOODBURY",PROPERTY DAMAGE
WOODBURY PUBLIC SAFETY,WOODBURY,8/25/2026 5:18:44 PM,WB26035257,"RADIO DR / PINEHURST RD, WOODBURY",TRAFFIC COMPLAINT
WOODBURY PUBLIC SAFETY,WOODBURY,8/25/2026 6:39:51 PM,WB26035274,"1XXX  Drew Dr, WOODBURY",IDENTITY THEFT
WOODBURY PUBLIC SAFETY,WOODBURY,8/25/2026 7:28:07 PM,WB26035281,"CENTURY AVE N, WOODBURY",DRUGS
WOODBURY PUBLIC SAFETY,WOODBURY,8/25/2026 7:49:34 PM,WB26035285,"WOODBURY DR / HUDSON RD, WOODBURY",ACCIDENT
WOODBURY PUBLIC SAFETY,WOODBURY,8/25/2026 7:56:21 PM,WB26035286,"6XXX  Tahoe Cir, WOODBURY",FRAUD/SCAM
WOODBURY PUBLIC SAFETY,WOODBURY,8/25/2026 10:55:37 PM,WB26035297,"1XXX  Woodlane Dr, WOODBURY",SHOPLIFTING
WOODBURY PUBLIC SAFETY,WOODBURY,8/26/2026 12:00:00 AM,WB26035438,"8XXX  Valley Creek Road, WOODBURY",Officer Information
WOODBURY PUBLIC SAFETY,WOODBURY,8/26/2026 12:18:06 AM,WB26035303,"7XXX  Valley Creek Plz, WOODBURY",WELFARE CHECK
WOODBURY PUBLIC SAFETY,WOODBURY,8/26/2026 3:27:00 AM,WB26035315,"10XXX  Country Club Alcove, WOODBURY",SUSPICIOUS PERSON/ACTIVITY
WOODBURY PUBLIC SAFETY,WOODBURY,8/26/2026 7:39:45 AM,WB26035326,"10XXX  Hudson Rd, WOODBURY",UNWANTED PERSON/VEHICLE
WOODBURY PUBLIC SAFETY,WOODBURY,8/26/2026 9:45:00 AM,WB26035335,"8XXX  SOMERSET RD, WOODBURY",ASSIST OTHER AGENCY
WOODBURY PUBLIC SAFETY,WOODBURY,8/26/2026 10:27:13 AM,WB26035337,"Settlers Ridge Pkwy / Valley Creek Rd, WOODBURY",ACCIDENT
WOODBURY PUBLIC SAFETY,WOODBURY,8/26/2026 11:08:31 AM,WB26035339,"XXX Leeward Trl, WOODBURY",CITIZEN/PUBLIC ASSIST
WOODBURY PUBLIC SAFETY,WOODBURY,8/26/2026 1:37:06 PM,WB26035354,"7XXX  VALLEY CREEK PLZ, WOODBURY",FOUND PROPERTY/ITEM
WOODBURY PUBLIC SAFETY,WOODBURY,8/26/2026 1:45:41 PM,WB26035355,"11XXX  MIDDLETON TRL, WOODBURY",HARASSMENT
WOODBURY PUBLIC SAFETY,WOODBURY,8/26/2026 3:15:00 PM,WB26035377,"6XXX  VALLEY CREEK RD, WOODBURY",FOUND PROPERTY/ITEM
WOODBURY PUBLIC SAFETY,WOODBURY,8/26/2026 3:16:29 PM,WB26035364,"HUDSON RD / WOODBURY DR, WOODBURY",ACCIDENT
WOODBURY PUBLIC SAFETY,WOODBURY,8/26/2026 4:04:33 PM,WB26035361,"6XXX  LAKE TER E, WOODBURY",WELFARE CHECK
WOODBURY PUBLIC SAFETY,WOODBURY,8/26/2026 4:18:53 PM,WB26035370,"4XXX  WOODLANE DR, WOODBURY",MEDICAL
WOODBURY PUBLIC SAFETY,WOODBURY,8/26/2026 4:22:32 PM,WB26035372,"8XXX  City Centre Dr, WOODBURY",CIVIL MATTER/DISPUTE
WOODBURY PUBLIC SAFETY,WOODBURY,8/26/2026 4:32:35 PM,WB26035378,"8XXX  HUDSON RD, WOODBURY",WELFARE CHECK
WOODBURY PUBLIC SAFETY,WOODBURY,8/26/2026 4:35:40 PM,WB26035380,"9XXX  HUDSON RD, WOODBURY",SHOPLIFTING
WOODBURY PUBLIC SAFETY,WOODBURY,8/26/2026 5:05:43 PM,WB26035386,"1XXX  BELMONT DR, WOODBURY",DISTURBANCE
WOODBURY PUBLIC SAFETY,WOODBURY,8/26/2026 5:14:02 PM,WB26035390,"3XXX  WILLIAMSBURG BAY, WOODBURY",DISTURBANCE
WOODBURY PUBLIC SAFETY,WOODBURY,8/26/2026 5:56:54 PM,WB26035398,"4XXX  RADIO DR, WOODBURY",ACCIDENT
WOODBURY PUBLIC SAFETY,WOODBURY,8/26/2026 6:01:41 PM,WB26035399,"2XXX  OJIBWAY DR, WOODBURY",DISTURBANCE
WOODBURY PUBLIC SAFETY,WOODBURY,8/26/2026 6:27:17 PM,WB26035400," 7200 VALLEY CREEK PLZ, WOODBURY",SHOPLIFTING
WOODBURY PUBLIC SAFETY,WOODBURY,8/26/2026 7:01:43 PM,WB26035408,"8XXX  SPRING LN, WOODBURY",TRESPASSING
WOODBURY PUBLIC SAFETY,WOODBURY,8/26/2026 7:08:58 PM,WB26035410,"3XXX  DAKOTA AVE, WOODBURY",FRAUD/SCAM
WOODBURY PUBLIC SAFETY,WOODBURY,8/26/2026 8:06:16 PM,WB26035412,"1XXX  Woodlane Dr, WOODBURY",DISTURBANCE
WOODBURY PUBLIC SAFETY,WOODBURY,8/26/2026 8:37:50 PM,WB26035415,"2XXX  WIMBLEDON BAY, WOODBURY",WELFARE CHECK
WOODBURY PUBLIC SAFETY,WOODBURY,8/26/2026 9:09:23 PM,WB26035419,"9XXX  WEST WIND TRL, WOODBURY",PROPERTY DAMAGE
WOODBURY PUBLIC SAFETY,Woodbury,8/26/2026 11:59:00 PM,WB26035430,"Hudson Road, Woodbury",TRAFFIC STOP
WOODBURY PUBLIC SAFETY,WOODBURY,8/27/2026 12:00:00 AM,WB26035448,"FEATHERSTONE DR, WOODBURY",DANCO
WOODBURY PUBLIC SAFETY,WOODBURY,8/27/2026 1:43:43 AM,WB26035433,"2XXX  SHADOW CREEK TRL, WOODBURY",DISTURBANCE
WOODBURY PUBLIC SAFETY,WOODBURY,8/27/2026 3:09:31 AM,WB26035434,"7XXX  LYDIA LN, WOODBURY",FRAUD/SCAM
WOODBURY PUBLIC SAFETY,WOODBURY,8/27/2026 7:17:01 AM,WB26035442,"XXX BIELENBERG DR, WOODBURY",FRAUD/SCAM
WOODBURY PUBLIC SAFETY,WOODBURY,8/27/2026 8:06:06 AM,WB26035445,"UPPER AFTON RD / CENTURY AVE S, WOODBURY",ACCIDENT
WOODBURY PUBLIC SAFETY,WOODBURY,8/27/2026 8:30:34 AM,WB26035447,"1XXX  MANNING AVE S, WOODBURY",WELFARE CHECK
WOODBURY PUBLIC SAFETY,WOODBURY,8/27/2026 9:15:14 AM,WB26035452,"11XXX  BROOKVIEW RD, WOODBURY",FOUND PROPERTY/ITEM
WOODBURY PUBLIC SAFETY,WOODBURY,8/27/2026 9:21:21 AM,WB26035451,"6XXX  HUDSON RD, WOODBURY",UNWANTED PERSON/VEHICLE
WOODBURY PUBLIC SAFETY,WOODBURY,8/27/2026 9:32:50 AM,WB26035453,"8XXX  SEQUOIA RD, WOODBURY",CIVIL MATTER/DISPUTE
WOODBURY PUBLIC SAFETY,WOODBURY,8/27/2026 9:45:24 AM,WB26035461,"6XXX  CHAMBERLAIN RD, WOODBURY",HARASSMENT
WOODBURY PUBLIC SAFETY,WOODBURY,8/27/2026 10:00:54 AM,WB26035460,"8XXX  TAMARACK VLG, WOODBURY",SHOPLIFTING
WOODBURY PUBLIC SAFETY,WOODBURY,8/27/2026 11:15:18 AM,WB26035473,"2XXX  COBBLE HILL CT, WOODBURY",HARASSMENT
WOODBURY PUBLIC SAFETY,WOODBURY,8/27/2026 11:58:44 AM,WB26035483,"1XXX  WOODBURY DR, WOODBURY",LOST PROPERTY/ITEM
WOODBURY PUBLIC SAFETY,WOODBURY,8/27/2026 12:30:09 PM,WB26035488,"9XXX  WEDGEWOOD DRAW, WOODBURY",FRAUD/SCAM
WOODBURY PUBLIC SAFETY,WOODBURY,8/27/2026 12:53:35 PM,WB26035492,"BIELENBERG DR / VALLEY CREEK RD, WOODBURY",ACCIDENT
WOODBURY PUBLIC SAFETY,WOODBURY,8/27/2026 2:03:24 PM,WB26035507,"3XXX  CRESTMOOR DR, WOODBURY",ACCIDENT
WOODBURY PUBLIC SAFETY,WOODBURY,8/27/2026 2:28:01 PM,WB26035512,"JORDAN DR / JORDAN CT, WOODBURY",INCIDENT
WOODBURY PUBLIC SAFETY,WOODBURY,8/27/2026 3:32:46 PM,WB26035519,"SAND CASTLE DR / CONIFER PASS, WOODBURY",FOUND PROPERTY/ITEM
WOODBURY PUBLIC SAFETY,WOODBURY,8/27/2026 4:10:55 PM,WB26035528,"3XXX  COPPER OAKS TRL, WOODBURY",ANIMAL BITE
WOODBURY PUBLIC SAFETY,WOODBURY,8/27/2026 5:27:27 PM,WB26035538,"XXX COMMONS DR, WOODBURY",HARASSMENT
WOODBURY PUBLIC SAFETY,WOODBURY,8/27/2026 5:29:45 PM,WB26035539,"3XXX  COPPER OAKS TRL, WOODBURY",RUNAWAY
WOODBURY PUBLIC SAFETY,WOODBURY,8/27/2026 5:36:26 PM,WB26035540,"1XXX  WOODLANE DR, WOODBURY",THEFT FROM MOTOR VEHICLE
WOODBURY PUBLIC SAFETY,WOODBURY,8/27/2026 7:55:06 PM,WB26035555,"RADIO DR / AFTON RD, WOODBURY",TRAFFIC STOP
WOODBURY PUBLIC SAFETY,WOODBURY,8/27/2026 8:04:54 PM,WB26035557,"4XXX  COPPER CIR, WOODBURY",CIVIL MATTER/DISPUTE
WOODBURY PUBLIC SAFETY,WOODBURY,8/27/2026 10:24:18 PM,WB26035570,"WOODBURY DR / ATLAS TRL, WOODBURY",JUVENILE COMPLAINT
WOODBURY PUBLIC SAFETY,WOODBURY,8/27/2026 11:06:12 PM,WB26035575,"10XXX  CITY WALK DR, WOODBURY",WELFARE CHECK
WOODBURY PUBLIC SAFETY,WOODBURY,8/28/2026 1:46:53 AM,WB26035580,"11XXX  HUDSON RD, WOODBURY",ACCIDENT
WOODBURY PUBLIC SAFETY,WOODBURY,8/28/2026 7:30:02 AM,WB26035586,"6XXX  COLLINGWOOD LN, WOODBURY",UNWANTED PERSON/VEHICLE
WOODBURY PUBLIC SAFETY,WOODBURY,8/28/2026 8:42:44 AM,WB26035597,"4XXX  ISLAND PARK BAY, WOODBURY",LOST PROPERTY/ITEM
WOODBURY PUBLIC SAFETY,WOODBURY,8/28/2026 10:01:36 AM,WB26035605,"7XXX  SPRINGBROOK LN, WOODBURY",DISTURBANCE
WOODBURY PUBLIC SAFETY,WOODBURY,8/28/2026 10:20:55 AM,WB26035610,"XXX RADIO DR, WOODBURY",OFP VIOLATION
WOODBURY PUBLIC SAFETY,WOODBURY,8/28/2026 10:21:40 AM,WB26035608,"11XXX  MIDDLETON TRL, WOODBURY",WELFARE CHECK
WOODBURY PUBLIC SAFETY,WOODBURY,8/28/2026 11:03:00 AM,WB26035615,"7XXX  TAMARACK RD, WOODBURY",ACCIDENT
WOODBURY PUBLIC SAFETY,WOODBURY,8/28/2026 11:27:02 AM,WB26035620,"3XXX  WILLIAMSBURG BAY, WOODBURY",WELFARE CHECK
WOODBURY PUBLIC SAFETY,WOODBURY,8/28/2026 12:49:36 PM,WB26035634,"1XXX  WOODLANE DR, WOODBURY",DISTURBANCE
WOODBURY PUBLIC SAFETY,WOODBURY,8/28/2026 2:26:51 PM,WB26035645,"8XXX  TAMARACK VLG, WOODBURY",SHOPLIFTING
WOODBURY PUBLIC SAFETY,WOODBURY,8/28/2026 2:41:59 PM,WB26035647,"TAMARACK RD / TAMARACK HILLS, WOODBURY",ACCIDENT
WOODBURY PUBLIC SAFETY,WOODBURY,8/28/2026 2:59:49 PM,WB26035651,"6XXX  ASHWOOD RD, WOODBURY",FRAUD/SCAM
WOODBURY PUBLIC SAFETY,WOODBURY,8/28/2026 4:06:50 PM,WB26035661,"8XXX  VALLEY CREEK RD, WOODBURY",ACCIDENT
WOODBURY PUBLIC SAFETY,WOODBURY,8/28/2026 4:36:41 PM,WB26035666,"1XXX  SILVERWOOD RD, WOODBURY",FRAUD/SCAM
WOODBURY PUBLIC SAFETY,WOODBURY,8/28/2026 5:12:18 PM,WB26035671,"8XXX  TAMARACK VLG, WOODBURY",SHOPLIFTING
WOODBURY PUBLIC SAFETY,WOODBURY,8/28/2026 5:23:38 PM,WB26035673,"8XXX  HIGHLAND CT, WOODBURY",MAIL THEFT
WOODBURY PUBLIC SAFETY,WOODBURY,8/28/2026 5:27:36 PM,WB26035676,"I94 EB TO RADIO DR RAMP, WOODBURY",ACCIDENT
WOODBURY PUBLIC SAFETY,WOODBURY,8/28/2026 7:01:06 PM,WB26035689,"11XXX  REDWOOD CURV, WOODBURY",JUVENILE COMPLAINT
WOODBURY PUBLIC SAFETY,WOODBURY,8/28/2026 7:19:45 PM,WB26035692,"6XXX  THAMES RD, WOODBURY",CIVIL MATTER/DISPUTE
WOODBURY PUBLIC SAFETY,WOODBURY,8/28/2026 7:47:05 PM,WB26035695,"7XXX  AFTON RD, WOODBURY",SUSPICIOUS PERSON/ACTIVITY
WOODBURY PUBLIC SAFETY,WOODBURY,8/28/2026 7:56:00 PM,WB26035699,"7XXX  VALLEY CREEK PLZ, WOODBURY",RECOVERED STOLEN
WOODBURY PUBLIC SAFETY,WOODBURY,8/28/2026 8:46:54 PM,WB26035707,"1XXX  DONEGAL DR, WOODBURY",DISTURBANCE
WOODBURY PUBLIC SAFETY,WOODBURY,8/29/2026 12:49:50 AM,WB26035730,"8XXX  HUDSON RD, WOODBURY",TRAFFIC STOP
WOODBURY PUBLIC SAFETY,WOODBURY,8/29/2026 1:48:27 AM,WB26035740,"10XXX  GRAND FOREST LN, WOODBURY",JUVENILE COMPLAINT
WOODBURY PUBLIC SAFETY,WOODBURY,8/29/2026 9:46:57 AM,WB26035762,"8XXX  TAMARACK VLG, WOODBURY",ACCIDENT
WOODBURY PUBLIC SAFETY,WOODBURY,8/29/2026 11:03:00 AM,WB26035772,"VALLEY CREEK RD / WEIR DR, WOODBURY",ACCIDENT
WOODBURY PUBLIC SAFETY,WOODBURY,8/29/2026 12:15:45 PM,WB26035779,"4XXX  RADIO DR, WOODBURY",DISTURBANCE
WOODBURY PUBLIC SAFETY,WOODBURY,8/29/2026 12:43:47 PM,WB26035784,"7XXX  ROBINWOOD TRL, WOODBURY",SUSPICIOUS PERSON/ACTIVITY
WOODBURY PUBLIC SAFETY,WOODBURY,8/29/2026 12:47:16 PM,WB26035783,"2XXX  CAMERON DR, WOODBURY",CIVIL MATTER/DISPUTE
WOODBURY PUBLIC SAFETY,WOODBURY,8/29/2026 1:25:10 PM,WB26035789,"1XXX  QUEENS DR, WOODBURY",THEFT FROM MOTOR VEHICLE
WOODBURY PUBLIC SAFETY,WOODBURY,8/29/2026 1:35:34 PM,WB26035791,"2XXX  WOODLANE DR, WOODBURY",THEFT
WOODBURY PUBLIC SAFETY,WOODBURY,8/29/2026 2:26:00 PM,WB26035797,"XXX COMMERCE DR, WOODBURY",SHOPLIFTING
WOODBURY PUBLIC SAFETY,WOODBURY,8/29/2026 2:52:17 PM,WB26035804,"2XXX  OJIBWAY DR, WOODBURY",ANIMAL BITE
WOODBURY PUBLIC SAFETY,WOODBURY,8/29/2026 4:54:55 PM,WB26035821,"10XXX  STERLING ALCOVE, WOODBURY",PROPERTY DAMAGE
WOODBURY PUBLIC SAFETY,WOODBURY,8/29/2026 5:51:59 PM,WB26035828,"HUDSON RD / WOODBURY DR, WOODBURY",ACCIDENT
WOODBURY PUBLIC SAFETY,WOODBURY,8/29/2026 8:13:03 PM,WB26035849,"2XXX  OJIBWAY DR, WOODBURY",ASSAULT
WOODBURY PUBLIC SAFETY,WOODBURY,8/29/2026 9:15:09 PM,WB26035857,"2XXX  OJIBWAY DR, WOODBURY",DISTURBANCE
WOODBURY PUBLIC SAFETY,WOODBURY,8/29/2026 10:31:18 PM,WB26035871,"6XXX  TAHOE CIR, WOODBURY",SUICIDE ATTEMPT/THREATS OF
WOODBURY PUBLIC SAFETY,WOODBURY,8/29/2026 10:47:23 PM,WB26035875,"8XXX  TAMARACK RD, WOODBURY",ASSAULT
WOODBURY PUBLIC SAFETY,WOODBURY,8/29/2026 10:47:31 PM,WB26035874,"6XXX  - 7089 VALLEY CREEK RD, WOODBURY",TRAFFIC STOP
WOODBURY PUBLIC SAFETY,WOODBURY,8/29/2026 11:05:42 PM,WB26035880,"8XXX  VALLEY CREEK RD, WOODBURY",CITIZEN/PUBLIC ASSIST

