AgencyName,Address_City_Description,CreatedOn1,CaseNum,Textbox28,EventDescription
BAYPORT POLICE DEPARTMENT,BAYPORT,6/28/2026 9:39:58 PM,BP26002079,"XX CENTRAL AVE, BAYPORT",Park Close
BAYPORT POLICE DEPARTMENT,BAYPORT,6/29/2026 1:22:06 AM,BP26002082,"MINNESOTA ST S / 7TH AVE S, BAYPORT",ASSIST OTHER AGENCY
BAYPORT POLICE DEPARTMENT,BAYPORT,6/29/2026 5:34:00 AM,BP26002084,"MINNESOTA ST S / OSPREY BLVD, BAYPORT",WELFARE CHECK
BAYPORT POLICE DEPARTMENT,BAYPORT,6/29/2026 8:18:01 AM,BP26002086,"XXX Prairie Way N, BAYPORT",ALARM-BUSINESS/RES/FIRE/MEDICAL/ETC
BAYPORT POLICE DEPARTMENT,BAYPORT,6/29/2026 8:47:49 AM,BP26002088,"XXX 3rd St N, BAYPORT",THEFT
BAYPORT POLICE DEPARTMENT,BAYPORT,6/29/2026 9:33:23 AM,BP26002089,"XXX 4th Ave N, BAYPORT",911 ABANDONED/HANGUP/OPEN LINE
BAYPORT POLICE DEPARTMENT,BAYPORT,6/29/2026 4:01:30 PM,BP26002094,"XXX 3rd St N, BAYPORT",911 ABANDONED/HANGUP/OPEN LINE
BAYPORT POLICE DEPARTMENT,BAYPORT,6/29/2026 8:02:33 PM,BP26002096,"XXX 4TH AVE N, BAYPORT",PARKING VIOLATION
BAYPORT POLICE DEPARTMENT,BAYPORT,6/29/2026 8:29:46 PM,BP26002097,"XXX 4TH AVE N, BAYPORT",PARKING VIOLATION
BAYPORT POLICE DEPARTMENT,BAYPORT,6/29/2026 9:16:20 PM,BP26002099,"XXX 4TH AVE N, BAYPORT",PARKING VIOLATION
BAYPORT POLICE DEPARTMENT,BAYPORT,6/29/2026 9:56:00 PM,BP26002101,"XXX 5th Ave N, BAYPORT",ALARM-BUSINESS/RES/FIRE/MEDICAL/ETC
BAYPORT POLICE DEPARTMENT,BAYPORT,6/29/2026 10:19:04 PM,BP26002102,"XXX 4TH AVE N, BAYPORT",PARKING VIOLATION
BAYPORT POLICE DEPARTMENT,BAYPORT,6/30/2026 12:10:51 AM,BP26002106,"XXX Lakeside Dr S, BAYPORT",ALARM-BUSINESS/RES/FIRE/MEDICAL/ETC
BAYPORT POLICE DEPARTMENT,BAYPORT,6/30/2026 1:50:22 AM,BP26002110,"XX CENTRAL AVE, BAYPORT",PARK CLOSED
BAYPORT POLICE DEPARTMENT,BAYPORT,6/30/2026 1:10:28 PM,BP26002113,"XXX 3RD ST N, BAYPORT",MOTORIST ASSIST
BAYPORT POLICE DEPARTMENT,BAYPORT,6/30/2026 1:23:32 PM,BP26002114,"XX CENTRAL AVE, BAYPORT",ANIMAL COMPLAINT
BAYPORT POLICE DEPARTMENT,BAYPORT,6/30/2026 2:50:44 PM,BP26002115,"XXX 3rd St N, BAYPORT",CITIZEN/PUBLIC ASSIST
BAYPORT POLICE DEPARTMENT,BAYPORT,6/30/2026 6:32:04 PM,BP26002116,"Unknown, BAYPORT",FOLLOW UP
BAYPORT POLICE DEPARTMENT,BAYPORT,7/1/2026 10:48:57 AM,BP26002121,"XX POINT RD, BAYPORT",ORDINANCE VIOLATION
BAYPORT POLICE DEPARTMENT,BAYPORT,7/1/2026 11:36:50 AM,BP26002122,"XXX Pickett St N, BAYPORT",MEDICAL
BAYPORT POLICE DEPARTMENT,BAYPORT,7/1/2026 12:08:46 PM,BP26002123,"XX POINT RD, BAYPORT",ORDINANCE VIOLATION
BAYPORT POLICE DEPARTMENT,BAYPORT,7/2/2026 8:28:17 AM,BP26002136,"XXX 5th Ave S, BAYPORT",CITIZEN/PUBLIC ASSIST
BAYPORT POLICE DEPARTMENT,BAYPORT,7/4/2026 1:23:43 PM,BP26002168,"XXX Maine St S, BAYPORT",911 ABANDONED/HANGUP/OPEN LINE
BAYPORT POLICE DEPARTMENT,OAK PARK HEIGHTS,6/28/2026 12:54:57 PM,BP26002075,"Saint Croix River Out From King Plant-oph, OAK PARK HEIGHTS",DEATH
BAYPORT POLICE DEPARTMENT,OAK PARK HEIGHTS,6/28/2026 4:51:48 PM,BP26002077,"13XXX  60th St N, OAK PARK HEIGHTS",AOA DOMESTIC
BAYPORT POLICE DEPARTMENT,OAK PARK HEIGHTS,6/29/2026 5:23:48 AM,BP26002083,"14XXX  60th St N, OAK PARK HEIGHTS",ASSIST OTHER AGENCY
BAYPORT POLICE DEPARTMENT,OAK PARK HEIGHTS,6/29/2026 8:22:39 AM,BP26002087,"6XXX  Saint Croix Trl N, OAK PARK HEIGHTS",ASSIST OTHER AGENCY
BAYPORT POLICE DEPARTMENT,OAK PARK HEIGHTS,6/30/2026 4:11:40 AM,BP26002111,"14XXX  60th St N, OAK PARK HEIGHTS",ASSIST OTHER AGENCY
BAYPORT POLICE DEPARTMENT,OAK PARK HEIGHTS,6/30/2026 5:57:23 AM,BP26002112,"14XXX  60TH ST N, OAK PARK HEIGHTS",TRAFFIC STOP
BAYPORT POLICE DEPARTMENT,OAK PARK HEIGHTS,7/1/2026 1:23:13 PM,BP26002127,"14XXX  60th St N, OAK PARK HEIGHTS",ASSIST OTHER AGENCY
BAYPORT POLICE DEPARTMENT,OAK PARK HEIGHTS,7/2/2026 9:59:07 AM,BP26002137,"Saint Croix Crossing Bridge: Hwy 36 Wb - Mn, OAK PARK HEIGHTS",ASSIST OTHER AGENCY
BAYPORT POLICE DEPARTMENT,OAK PARK HEIGHTS,7/2/2026 2:27:17 PM,BP26002140,"14XXX  UPPER 55TH ST N, OAK PARK HEIGHTS",ASSIST OTHER AGENCY
BAYPORT POLICE DEPARTMENT,OAK PARK HEIGHTS,7/2/2026 2:41:58 PM,BP26002142,"Hwy 36 Wb Jwo Osgood Ave N, OAK PARK HEIGHTS",ASSIST OTHER AGENCY
BAYPORT POLICE DEPARTMENT,OAK PARK HEIGHTS,7/3/2026 12:33:32 PM,BP26002152,"Hwy 36 Eb Jwo Norell Ave N, OAK PARK HEIGHTS",ASSIST OTHER AGENCY
BAYPORT POLICE DEPARTMENT,OAK PARK HEIGHTS,7/4/2026 11:30:59 AM,BP26002164,"14XXX  60TH ST N, OAK PARK HEIGHTS",ASSIST OTHER AGENCY
BAYPORT POLICE DEPARTMENT,OAK PARK HEIGHTS,7/4/2026 5:16:40 PM,BP26002172,"6XXX  Saint Croix Trl N, OAK PARK HEIGHTS",ASSIST OTHER AGENCY
BAYPORT POLICE DEPARTMENT,STILLWATER,7/1/2026 2:26:36 PM,BP26002129,"Highway 36, STILLWATER",TRAFFIC STOP
BAYPORT POLICE DEPARTMENT,WEST LAKELAND TOWNSHIP,6/29/2026 1:05:22 AM,BP26002081,"SAINT CROIX TRL N / 22ND ST N, WEST LAKELAND TOWNSHIP",ASSIST OTHER AGENCY
COTTAGE GROVE POLICE DEPARTMENT,COTTAGE GROVE,6/28/2026 12:55:29 AM,CG26027912,"9XXX  Jergen Bay S, COTTAGE GROVE",MEDICAL
COTTAGE GROVE POLICE DEPARTMENT,COTTAGE GROVE,6/28/2026 6:22:14 AM,CG26027929,"7XXX  95th St S, COTTAGE GROVE",ALARM-BUSINESS/RES/FIRE/MEDICAL/ETC
COTTAGE GROVE POLICE DEPARTMENT,COTTAGE GROVE,6/28/2026 6:46:28 AM,CG26027930,"7XXX  95th St S, COTTAGE GROVE",ALARM-BUSINESS/RES/FIRE/MEDICAL/ETC
COTTAGE GROVE POLICE DEPARTMENT,COTTAGE GROVE,6/28/2026 8:15:11 AM,CG26027942,"7XXX  Jensen Ave S, COTTAGE GROVE",MEDICAL
COTTAGE GROVE POLICE DEPARTMENT,COTTAGE GROVE,6/28/2026 8:45:09 AM,CG26027947,"6XXX  East Point Douglas Rd S, COTTAGE GROVE",MEDICAL
COTTAGE GROVE POLICE DEPARTMENT,COTTAGE GROVE,6/28/2026 9:19:38 AM,CG26027949,"8XXX  Belden Blvd S, COTTAGE GROVE",ASSIST OTHER AGENCY
COTTAGE GROVE POLICE DEPARTMENT,COTTAGE GROVE,6/28/2026 10:42:30 AM,CG26027953,"7XXX  Hinton Ave S, COTTAGE GROVE",MEDICAL
COTTAGE GROVE POLICE DEPARTMENT,COTTAGE GROVE,6/28/2026 11:23:37 AM,CG26027959,"8XXX  Greenway Ave S, COTTAGE GROVE",PROPERTY DAMAGE
COTTAGE GROVE POLICE DEPARTMENT,COTTAGE GROVE,6/28/2026 11:41:13 AM,CG26027963,"7XXX  Hinton Ave S, COTTAGE GROVE",MOTOR VEHICLE THEFT
COTTAGE GROVE POLICE DEPARTMENT,COTTAGE GROVE,6/28/2026 12:33:15 PM,CG26027972,"6XXX  Goodview Ave S, COTTAGE GROVE",FOUND PROPERTY/ITEM
COTTAGE GROVE POLICE DEPARTMENT,COTTAGE GROVE,6/28/2026 1:32:55 PM,CG26027976,"6XXX  Jeffery Ave S, COTTAGE GROVE",FOUND PROPERTY/ITEM
COTTAGE GROVE POLICE DEPARTMENT,COTTAGE GROVE,6/28/2026 2:46:11 PM,CG26027981,"8XXX  Hemingway Ave S, COTTAGE GROVE",MEDICAL
COTTAGE GROVE POLICE DEPARTMENT,COTTAGE GROVE,6/28/2026 3:54:11 PM,CG26027984,"8XXX  Hadley Ave S, COTTAGE GROVE",CIVIL MATTER/DISPUTE
COTTAGE GROVE POLICE DEPARTMENT,COTTAGE GROVE,6/28/2026 4:24:57 PM,CG26027986,"7XXX  Jordon Ave S, COTTAGE GROVE",MEDICAL
COTTAGE GROVE POLICE DEPARTMENT,COTTAGE GROVE,6/28/2026 4:50:40 PM,CG26027991,"7XXX  East Point Douglas Rd S, COTTAGE GROVE",DWI
COTTAGE GROVE POLICE DEPARTMENT,COTTAGE GROVE,6/28/2026 5:22:04 PM,CG26027995,"8XXX  81st St S, COTTAGE GROVE",MEDICAL
COTTAGE GROVE POLICE DEPARTMENT,COTTAGE GROVE,6/28/2026 6:24:48 PM,CG26028001,"9XXX  73rd St S, COTTAGE GROVE",ACCIDENT
COTTAGE GROVE POLICE DEPARTMENT,COTTAGE GROVE,6/28/2026 6:46:11 PM,CG26028003,"6XXX  Hearthstone Ave S, COTTAGE GROVE",MEDICAL
COTTAGE GROVE POLICE DEPARTMENT,COTTAGE GROVE,6/28/2026 9:34:00 PM,CG26028026,"9XXX  EAST POINT DOUGLAS RD S, COTTAGE GROVE",OFP VIOLATION
COTTAGE GROVE POLICE DEPARTMENT,COTTAGE GROVE,6/29/2026 12:00:00 AM,CG26028128,"7XXX  East Point Douglas Rd S, COTTAGE GROVE",THEFT
COTTAGE GROVE POLICE DEPARTMENT,COTTAGE GROVE,6/29/2026 8:04:07 AM,CG26028068,"7XXX  95th St S, COTTAGE GROVE",ALARM-BUSINESS/RES/FIRE/MEDICAL/ETC
COTTAGE GROVE POLICE DEPARTMENT,COTTAGE GROVE,6/29/2026 8:59:43 AM,CG26028069,"7XXX  95th St S, COTTAGE GROVE",ALARM-BUSINESS/RES/FIRE/MEDICAL/ETC
COTTAGE GROVE POLICE DEPARTMENT,COTTAGE GROVE,6/29/2026 9:36:10 AM,CG26028071,"7XXX  95th St S, COTTAGE GROVE",ALARM-BUSINESS/RES/FIRE/MEDICAL/ETC
COTTAGE GROVE POLICE DEPARTMENT,COTTAGE GROVE,6/29/2026 10:08:58 AM,CG26028078,"6XXX  Hinterland Trl S, COTTAGE GROVE",THEFT
COTTAGE GROVE POLICE DEPARTMENT,COTTAGE GROVE,6/29/2026 10:23:43 AM,CG26028081,"6XXX  East Point Douglas Rd S, COTTAGE GROVE",MEDICAL
COTTAGE GROVE POLICE DEPARTMENT,COTTAGE GROVE,6/29/2026 10:49:00 AM,CG26028087,"12XXX  RAVINE PKWY S, COTTAGE GROVE",OFFICER INFORMATION
COTTAGE GROVE POLICE DEPARTMENT,COTTAGE GROVE,6/29/2026 10:50:31 AM,CG26028090,"Jamaica Ave S Nb Under Hwy 61, COTTAGE GROVE",ACCIDENT
COTTAGE GROVE POLICE DEPARTMENT,COTTAGE GROVE,6/29/2026 1:08:55 PM,CG26028104,"9XXX  East Point Douglas Rd S, COTTAGE GROVE",ACCIDENT
COTTAGE GROVE POLICE DEPARTMENT,COTTAGE GROVE,6/29/2026 1:32:05 PM,CG26028106,"8XXX  Ironwood Ave S, COTTAGE GROVE",THREATS
COTTAGE GROVE POLICE DEPARTMENT,COTTAGE GROVE,6/29/2026 2:11:34 PM,CG26028112,"9XXX  East Point Douglas Rd S, COTTAGE GROVE",VEHICLE UNLOCK
COTTAGE GROVE POLICE DEPARTMENT,COTTAGE GROVE,6/29/2026 2:20:20 PM,CG26028114,"6XXX  Pine Arbor Blvd S, COTTAGE GROVE",MEDICAL
COTTAGE GROVE POLICE DEPARTMENT,COTTAGE GROVE,6/29/2026 4:17:43 PM,CG26028125,"7XXX  East Point Douglas Rd S, COTTAGE GROVE",MEDICAL
COTTAGE GROVE POLICE DEPARTMENT,COTTAGE GROVE,6/29/2026 6:28:46 PM,CG26028133,"8XXX  Hadley Ave S, COTTAGE GROVE",CIVIL MATTER/DISPUTE
COTTAGE GROVE POLICE DEPARTMENT,COTTAGE GROVE,6/29/2026 6:52:00 PM,CG26028136,"8XXX  Hamlet Ave S, COTTAGE GROVE",MEDICAL
COTTAGE GROVE POLICE DEPARTMENT,COTTAGE GROVE,6/29/2026 7:24:03 PM,CG26028140,"9XXX  Jasmine Ave S, COTTAGE GROVE",MEDICAL
COTTAGE GROVE POLICE DEPARTMENT,COTTAGE GROVE,6/29/2026 7:42:23 PM,CG26028141,"7XXX  79th St S, COTTAGE GROVE",MEDICAL
COTTAGE GROVE POLICE DEPARTMENT,COTTAGE GROVE,6/30/2026 12:00:00 AM,CG26028211,"7XXX  JAMAICA AVE S, COTTAGE GROVE",ASSAULT
COTTAGE GROVE POLICE DEPARTMENT,COTTAGE GROVE,6/30/2026 2:41:42 AM,CG26028193,"9XXX  HAMLET LN S, COTTAGE GROVE",ACCIDENT
COTTAGE GROVE POLICE DEPARTMENT,COTTAGE GROVE,6/30/2026 3:15:54 AM,CG26028194,"7XXX  100th St S, COTTAGE GROVE",ALARM-BUSINESS/RES/FIRE/MEDICAL/ETC
COTTAGE GROVE POLICE DEPARTMENT,COTTAGE GROVE,6/30/2026 3:49:28 AM,CG26028195,"7XXX  100th St S, COTTAGE GROVE",ALARM-BUSINESS/RES/FIRE/MEDICAL/ETC
COTTAGE GROVE POLICE DEPARTMENT,COTTAGE GROVE,6/30/2026 6:12:03 AM,CG26028198,"7XXX  Hearthside Ave S, COTTAGE GROVE",MEDICAL
COTTAGE GROVE POLICE DEPARTMENT,COTTAGE GROVE,6/30/2026 7:55:50 AM,CG26028201,"6XXX  Pine Arbor Dr s, COTTAGE GROVE",COMMUNITY CONTACT
COTTAGE GROVE POLICE DEPARTMENT,COTTAGE GROVE,6/30/2026 10:02:24 AM,CG26028212,"6XXX  80th St S, COTTAGE GROVE",MEDICAL
COTTAGE GROVE POLICE DEPARTMENT,COTTAGE GROVE,6/30/2026 10:10:35 AM,CG26028213,"6XXX  108th St S, COTTAGE GROVE",PROPERTY DAMAGE
COTTAGE GROVE POLICE DEPARTMENT,COTTAGE GROVE,6/30/2026 10:25:28 AM,CG26028216,"KEATS AVE S / 85TH ST S, COTTAGE GROVE",ACCIDENT
COTTAGE GROVE POLICE DEPARTMENT,COTTAGE GROVE,6/30/2026 11:20:42 AM,CG26028221,"Hadley Ave S / 65th St S, COTTAGE GROVE",ACCIDENT
COTTAGE GROVE POLICE DEPARTMENT,COTTAGE GROVE,6/30/2026 12:34:55 PM,CG26028224,"12XXX  Ravine Pkwy S, COTTAGE GROVE",OFFICER INFORMATION
COTTAGE GROVE POLICE DEPARTMENT,COTTAGE GROVE,6/30/2026 1:54:17 PM,CG26028235,"8XXX  East Point Douglas Rd S, COTTAGE GROVE",VEHICLE UNLOCK
COTTAGE GROVE POLICE DEPARTMENT,COTTAGE GROVE,6/30/2026 2:36:10 PM,CG26028240,"9XXX  Jamaica Ave S, COTTAGE GROVE",MEDICAL
COTTAGE GROVE POLICE DEPARTMENT,COTTAGE GROVE,6/30/2026 3:07:54 PM,CG26028242,"7XXX  HARDWOOD AVE S, COTTAGE GROVE",ACCIDENT
COTTAGE GROVE POLICE DEPARTMENT,COTTAGE GROVE,6/30/2026 3:10:55 PM,CG26028243,"Hwy 61 Sb At Jamaica Ave S, COTTAGE GROVE",ACCIDENT
COTTAGE GROVE POLICE DEPARTMENT,COTTAGE GROVE,6/30/2026 3:56:28 PM,CG26028246,"7XXX  HINTON PARK AVE S, COTTAGE GROVE",THEFT
COTTAGE GROVE POLICE DEPARTMENT,COTTAGE GROVE,6/30/2026 5:25:12 PM,CG26028264,"7XXX  Jorgensen Ln S, COTTAGE GROVE",THEFT
COTTAGE GROVE POLICE DEPARTMENT,COTTAGE GROVE,6/30/2026 5:49:05 PM,CG26028266,"70th St S / Innsdale Ave S, COTTAGE GROVE",ACCIDENT
COTTAGE GROVE POLICE DEPARTMENT,COTTAGE GROVE,6/30/2026 6:13:36 PM,CG26028267,"7XXX  LAMAR AVE S, COTTAGE GROVE",MEDICAL
COTTAGE GROVE POLICE DEPARTMENT,COTTAGE GROVE,6/30/2026 6:33:26 PM,CG26028272,"6XXX  East Point Douglas Rd S, COTTAGE GROVE",MEDICAL
COTTAGE GROVE POLICE DEPARTMENT,COTTAGE GROVE,6/30/2026 7:36:06 PM,CG26028280,"12XXX  RAVINE PKWY S, COTTAGE GROVE",Ride Along
COTTAGE GROVE POLICE DEPARTMENT,COTTAGE GROVE,6/30/2026 10:18:42 PM,CG26028299,"9XXX  65th St S, COTTAGE GROVE",WELFARE CHECK
COTTAGE GROVE POLICE DEPARTMENT,COTTAGE GROVE,7/1/2026 6:11:50 AM,CG26028331,"8XXX  100th St S, COTTAGE GROVE",ALARM-BUSINESS/RES/FIRE/MEDICAL/ETC
COTTAGE GROVE POLICE DEPARTMENT,COTTAGE GROVE,7/1/2026 6:51:41 AM,CG26028334,"7XXX  Iverson Ave S, COTTAGE GROVE",MEDICAL
COTTAGE GROVE POLICE DEPARTMENT,COTTAGE GROVE,7/1/2026 9:24:13 AM,CG26028339,"6XXX  Highland Hills Blvd S, COTTAGE GROVE",MEDICAL
COTTAGE GROVE POLICE DEPARTMENT,COTTAGE GROVE,7/1/2026 10:04:35 AM,CG26028341,"7XXX  79TH St S, COTTAGE GROVE",TRESPASSING
COTTAGE GROVE POLICE DEPARTMENT,COTTAGE GROVE,7/1/2026 10:41:54 AM,CG26028344,"7XXX  Imperial Ave S, COTTAGE GROVE",WELFARE CHECK
COTTAGE GROVE POLICE DEPARTMENT,COTTAGE GROVE,7/1/2026 11:04:54 AM,CG26028345,"10XXX  GLENBROOK AVE S, COTTAGE GROVE",WELFARE CHECK
COTTAGE GROVE POLICE DEPARTMENT,COTTAGE GROVE,7/1/2026 11:16:00 AM,CG26028346,"7XXX  Isleton Ave S, COTTAGE GROVE",WARRANT ARREST
COTTAGE GROVE POLICE DEPARTMENT,COTTAGE GROVE,7/1/2026 12:04:35 PM,CG26028349,"6XXX  East Point Douglas Rd S, COTTAGE GROVE",MEDICAL
COTTAGE GROVE POLICE DEPARTMENT,COTTAGE GROVE,7/1/2026 3:05:22 PM,CG26028356,"10XXX  GREY CLOUD TRL S, COTTAGE GROVE",WELFARE CHECK
COTTAGE GROVE POLICE DEPARTMENT,COTTAGE GROVE,7/1/2026 3:26:44 PM,CG26028364,"8XXX  Grafton Ave S, COTTAGE GROVE",MEDICAL
COTTAGE GROVE POLICE DEPARTMENT,COTTAGE GROVE,7/1/2026 3:32:26 PM,CG26028365,"6XXX  Jeffery Ave S, COTTAGE GROVE",VEHICLE UNLOCK
COTTAGE GROVE POLICE DEPARTMENT,COTTAGE GROVE,7/1/2026 3:56:07 PM,CG26028367,"6XXX  Pine Arbor Dr S, COTTAGE GROVE",ALARM-BUSINESS/RES/FIRE/MEDICAL/ETC
COTTAGE GROVE POLICE DEPARTMENT,COTTAGE GROVE,7/1/2026 4:21:46 PM,CG26028370,"8XXX  Ira Ave S, COTTAGE GROVE",OPEN DOOR/WINDOW
COTTAGE GROVE POLICE DEPARTMENT,COTTAGE GROVE,7/1/2026 5:11:49 PM,CG26028385,"8XXX  Jasmine Ave S, COTTAGE GROVE",FOUND PROPERTY/ITEM
COTTAGE GROVE POLICE DEPARTMENT,COTTAGE GROVE,7/1/2026 5:44:07 PM,CG26028388,"12XXX  RAVINE PKWY S, COTTAGE GROVE",Ride Along
COTTAGE GROVE POLICE DEPARTMENT,COTTAGE GROVE,7/1/2026 6:01:47 PM,CG26028392,"9XXX  Indian Blvd S, COTTAGE GROVE",THREATS
COTTAGE GROVE POLICE DEPARTMENT,COTTAGE GROVE,7/1/2026 6:54:29 PM,CG26028399,"8XXX  Jewel Ave S, COTTAGE GROVE",MEDICAL
COTTAGE GROVE POLICE DEPARTMENT,COTTAGE GROVE,7/1/2026 7:03:52 PM,CG26028401,"9XXX  Harrow Ct S, COTTAGE GROVE",WELFARE CHECK
COTTAGE GROVE POLICE DEPARTMENT,COTTAGE GROVE,7/1/2026 8:42:41 PM,CG26028405,"7XXX  61st St S, COTTAGE GROVE",MEDICAL
COTTAGE GROVE POLICE DEPARTMENT,COTTAGE GROVE,7/1/2026 9:36:02 PM,CG26028421,"7XXX  - 7428 EAST POINT DOUGLAS RD S, COTTAGE GROVE",TRAFFIC STOP
COTTAGE GROVE POLICE DEPARTMENT,COTTAGE GROVE,7/1/2026 9:38:13 PM,CG26028425,"8XXX  Ivywood Ave S, COTTAGE GROVE",MEDICAL
COTTAGE GROVE POLICE DEPARTMENT,COTTAGE GROVE,7/2/2026 8:03:48 AM,CG26028503,"8XXX  Granada Ave S, COTTAGE GROVE",FRAUD/SCAM
COTTAGE GROVE POLICE DEPARTMENT,COTTAGE GROVE,7/2/2026 8:22:07 AM,CG26028502,"6XXX  East Point Douglas Rd S, COTTAGE GROVE",MEDICAL
COTTAGE GROVE POLICE DEPARTMENT,COTTAGE GROVE,7/2/2026 10:27:20 AM,CG26028507,"10XXX  Mississippi Dunes Trl S, COTTAGE GROVE",ALARM-BUSINESS/RES/FIRE/MEDICAL/ETC
COTTAGE GROVE POLICE DEPARTMENT,COTTAGE GROVE,7/2/2026 11:08:00 AM,CG26028514,"70TH ST S & HARDWOOD AVE S, COTTAGE GROVE",DWI
COTTAGE GROVE POLICE DEPARTMENT,COTTAGE GROVE,7/2/2026 12:48:46 PM,CG26028527,"7XXX  66th St S, COTTAGE GROVE",THEFT
COTTAGE GROVE POLICE DEPARTMENT,COTTAGE GROVE,7/2/2026 12:51:39 PM,CG26028528,"12XXX  Ravine Pkwy S, COTTAGE GROVE",TRESPASSING
COTTAGE GROVE POLICE DEPARTMENT,COTTAGE GROVE,7/2/2026 12:53:00 PM,CG26028531,"8XXX  Greystone Ave S, COTTAGE GROVE",MEDICAL
COTTAGE GROVE POLICE DEPARTMENT,COTTAGE GROVE,7/2/2026 2:15:00 PM,CG26028542,"8XXX  JEFFERY LN S, COTTAGE GROVE",HARASSMENT
COTTAGE GROVE POLICE DEPARTMENT,COTTAGE GROVE,7/2/2026 2:31:57 PM,CG26028545,"7XXX  HYDE AVE S, COTTAGE GROVE",WELFARE CHECK
COTTAGE GROVE POLICE DEPARTMENT,COTTAGE GROVE,7/2/2026 2:38:42 PM,CG26028547,"12XXX  Ravine Pkwy S, COTTAGE GROVE",FRAUD/SCAM
COTTAGE GROVE POLICE DEPARTMENT,COTTAGE GROVE,7/2/2026 4:12:05 PM,CG26028557,"8XXX  Hyde Ave S, COTTAGE GROVE",MEDICAL
COTTAGE GROVE POLICE DEPARTMENT,COTTAGE GROVE,7/2/2026 4:23:43 PM,CG26028560,"12XXX  Ravine Pkwy S, COTTAGE GROVE",THEFT
COTTAGE GROVE POLICE DEPARTMENT,COTTAGE GROVE,7/2/2026 4:33:33 PM,CG26028563,"6XXX  East Point Douglas Rd S, COTTAGE GROVE",MEDICAL
COTTAGE GROVE POLICE DEPARTMENT,COTTAGE GROVE,7/2/2026 6:29:33 PM,CG26028609,"8XXX  79TH ST S, COTTAGE GROVE",E-Moto
COTTAGE GROVE POLICE DEPARTMENT,COTTAGE GROVE,7/2/2026 6:36:30 PM,CG26028614,"9XXX  East Point Douglas Rd S, COTTAGE GROVE",COUNTERFEIT/FORGERY
COTTAGE GROVE POLICE DEPARTMENT,COTTAGE GROVE,7/2/2026 7:48:32 PM,CG26028619,"8XXX  Ideal Ave S, COTTAGE GROVE",DISTURBANCE
COTTAGE GROVE POLICE DEPARTMENT,COTTAGE GROVE,7/2/2026 9:59:55 PM,CG26028633,"9XXX  - 9529 INDIAN BLVD S, COTTAGE GROVE",TRAFFIC COMPLAINT
COTTAGE GROVE POLICE DEPARTMENT,COTTAGE GROVE,7/2/2026 10:08:09 PM,CG26028636,"JAMAICA AVE S / EAST POINT DOUGLAS RD S, COTTAGE GROVE",MOTORIST ASSIST
COTTAGE GROVE POLICE DEPARTMENT,COTTAGE GROVE,7/2/2026 11:20:14 PM,CG26028651,"6XXX  Hearthstone Ave S, COTTAGE GROVE",MEDICAL
COTTAGE GROVE POLICE DEPARTMENT,COTTAGE GROVE,7/3/2026 12:57:40 AM,CG26028674,"7XXX  HEMINGWAY AVE S, COTTAGE GROVE",TRESPASS NOTICE
COTTAGE GROVE POLICE DEPARTMENT,COTTAGE GROVE,7/3/2026 1:27:14 AM,CG26028677,"8XXX  Henna Ave S, COTTAGE GROVE",SUSPICIOUS PERSON/ACTIVITY
COTTAGE GROVE POLICE DEPARTMENT,COTTAGE GROVE,7/3/2026 6:52:14 AM,CG26028685,"7XXX  West Point Douglas Rd S, COTTAGE GROVE",ALARM-BUSINESS/RES/FIRE/MEDICAL/ETC
COTTAGE GROVE POLICE DEPARTMENT,COTTAGE GROVE,7/3/2026 9:01:16 AM,CG26028700,"8XXX  East Point Douglas Rd S, COTTAGE GROVE",ALARM-BUSINESS/RES/FIRE/MEDICAL/ETC
COTTAGE GROVE POLICE DEPARTMENT,COTTAGE GROVE,7/3/2026 11:08:30 AM,CG26028724,"HARDWOOD AVE S / HARDWOOD CT S, COTTAGE GROVE",EBIKE VIOLATION
COTTAGE GROVE POLICE DEPARTMENT,COTTAGE GROVE,7/3/2026 11:10:20 AM,CG26028726,"70th St S / Joliet Ave S, COTTAGE GROVE",SUSPICIOUS PERSON/ACTIVITY
COTTAGE GROVE POLICE DEPARTMENT,COTTAGE GROVE,7/3/2026 11:31:29 AM,CG26028729,"9XXX  Janie Ave S, COTTAGE GROVE",MEDICAL
COTTAGE GROVE POLICE DEPARTMENT,COTTAGE GROVE,7/3/2026 12:11:08 PM,CG26028733,"8XXX  Jasmine Ln S, COTTAGE GROVE",CIVIL MATTER/DISPUTE
COTTAGE GROVE POLICE DEPARTMENT,COTTAGE GROVE,7/3/2026 12:17:08 PM,CG26028734,"7XXX  79th St S, COTTAGE GROVE",MEDICAL
COTTAGE GROVE POLICE DEPARTMENT,COTTAGE GROVE,7/3/2026 12:21:00 PM,CG26028735,"INNOVATION RD S TO HWY 61 SB RAMP, COTTAGE GROVE",TRAFFIC STOP
COTTAGE GROVE POLICE DEPARTMENT,COTTAGE GROVE,7/3/2026 1:04:45 PM,CG26028740,"8XXX  Greenway Ave S, COTTAGE GROVE",MEDICAL
COTTAGE GROVE POLICE DEPARTMENT,COTTAGE GROVE,7/3/2026 1:30:58 PM,CG26028741,"7XXX  79th St S, COTTAGE GROVE",MEDICAL
COTTAGE GROVE POLICE DEPARTMENT,COTTAGE GROVE,7/3/2026 1:49:55 PM,CG26028742,"7XXX  Hearthside Ave S, COTTAGE GROVE",ALARM-BUSINESS/RES/FIRE/MEDICAL/ETC
COTTAGE GROVE POLICE DEPARTMENT,COTTAGE GROVE,7/3/2026 2:00:59 PM,CG26028743,"7XXX  Meadow Grass Ave S, COTTAGE GROVE",911 ABANDONED/HANGUP/OPEN LINE
COTTAGE GROVE POLICE DEPARTMENT,COTTAGE GROVE,7/3/2026 2:27:05 PM,CG26028744,"Jamaica Ave S / East Point Douglas Rd S, COTTAGE GROVE",ACCIDENT
COTTAGE GROVE POLICE DEPARTMENT,COTTAGE GROVE,7/3/2026 6:25:42 PM,CG26028796,"8XXX  77th St S, COTTAGE GROVE",MEDICAL
COTTAGE GROVE POLICE DEPARTMENT,COTTAGE GROVE,7/3/2026 7:16:40 PM,CG26028808,"9XXX  East Point Douglas Rd S, COTTAGE GROVE",SHOPLIFTING
COTTAGE GROVE POLICE DEPARTMENT,COTTAGE GROVE,7/3/2026 9:07:00 PM,CG26028822,"Hinton / 62nd Ave S, COTTAGE GROVE",TRAFFIC STOP
COTTAGE GROVE POLICE DEPARTMENT,COTTAGE GROVE,7/4/2026 1:41:23 AM,CG26028850,"8XXX  West Point Douglas Rd S, COTTAGE GROVE",ALARM-BUSINESS/RES/FIRE/MEDICAL/ETC
COTTAGE GROVE POLICE DEPARTMENT,COTTAGE GROVE,7/4/2026 6:19:55 AM,CG26028864,"7XXX  96th St S, COTTAGE GROVE",MEDICAL
COTTAGE GROVE POLICE DEPARTMENT,COTTAGE GROVE,7/4/2026 9:27:57 AM,CG26028878,"6XXX  East Point Douglas Rd S, COTTAGE GROVE",MEDICAL
COTTAGE GROVE POLICE DEPARTMENT,COTTAGE GROVE,7/4/2026 11:44:47 AM,CG26028891,"HWY 61 NB JNO 80TH ST S, COTTAGE GROVE",TRAFFIC STOP
COTTAGE GROVE POLICE DEPARTMENT,COTTAGE GROVE,7/4/2026 11:57:43 AM,CG26028893,"7XXX  77th Street Bay S, COTTAGE GROVE",MEDICAL
COTTAGE GROVE POLICE DEPARTMENT,COTTAGE GROVE,7/4/2026 1:29:43 PM,CG26028896,"6XXX  99th Street Ct S, COTTAGE GROVE",MEDICAL
COTTAGE GROVE POLICE DEPARTMENT,COTTAGE GROVE,7/4/2026 2:50:49 PM,CG26028906,"9XXX  91st St S, COTTAGE GROVE",MEDICAL
COTTAGE GROVE POLICE DEPARTMENT,COTTAGE GROVE,7/4/2026 3:28:34 PM,CG26028908,"8XXX  JOHANSEN AVE S, COTTAGE GROVE",LOST PROPERTY/ITEM
COTTAGE GROVE POLICE DEPARTMENT,COTTAGE GROVE,7/4/2026 4:33:11 PM,CG26028914,"HWY 61 SB TO INNOVATION RD RAMP, COTTAGE GROVE",MEDICAL
COTTAGE GROVE POLICE DEPARTMENT,COTTAGE GROVE,7/4/2026 7:51:41 PM,CG26028926,"8XXX  Greene Ave S, COTTAGE GROVE",MEDICAL
COTTAGE GROVE POLICE DEPARTMENT,COTTAGE GROVE,7/4/2026 11:16:00 PM,CG26028946,"70TH ST S / MEADOW GRASS AVE S, COTTAGE GROVE",DWI
COTTAGE GROVE POLICE DEPARTMENT,COTTAGE GROVE,7/4/2026 11:30:19 PM,CG26028950,"8XXX  Hillside Trl S, COTTAGE GROVE",MEDICAL
COTTAGE GROVE POLICE DEPARTMENT,NEWPORT,7/2/2026 6:34:00 PM,CG26028612,"HWY 61 SB JSO GLEN RD, NEWPORT",TRAFFIC STOP
COTTAGE GROVE POLICE DEPARTMENT,Saint Paul,6/29/2026 11:53:19 PM,CG26028185,"HWY 61 NB JNO BAILEY RD, Saint Paul",DWI
COTTAGE GROVE POLICE DEPARTMENT,WOODBURY,6/29/2026 7:46:07 PM,CG26028148,"7XXX  VALLEY CREEK PLZ, WOODBURY",ASSIST OTHER AGENCY
COTTAGE GROVE POLICE DEPARTMENT,WOODBURY,7/2/2026 1:45:17 PM,CG26028539,"3XXX  Wilderness Path, WOODBURY",ASSIST OTHER AGENCY
FOREST LAKE POLICE DEPARTMENT,FOREST LAKE,6/28/2026 1:53:20 AM,FL26008300,"XXX BROADWAY AVE W, FOREST LAKE",DISTURBANCE
FOREST LAKE POLICE DEPARTMENT,FOREST LAKE,6/28/2026 12:32:13 PM,FL26008312,"20XXX  GRANADA CIR N, FOREST LAKE",ANIMAL BITE
FOREST LAKE POLICE DEPARTMENT,FOREST LAKE,6/28/2026 1:09:02 PM,FL26008313,"1XXX  BROADWAY AVE W, FOREST LAKE",PROPERTY DAMAGE
FOREST LAKE POLICE DEPARTMENT,FOREST LAKE,6/28/2026 2:44:29 PM,FL26008318,"XXX 12th St Sw, FOREST LAKE",SHOPLIFTING
FOREST LAKE POLICE DEPARTMENT,FOREST LAKE,6/28/2026 11:34:23 PM,FL26008334,"BROADWAY AVE W TO I 35 SB RAMP, FOREST LAKE",TRAFFIC STOP
FOREST LAKE POLICE DEPARTMENT,FOREST LAKE,6/29/2026 9:37:52 AM,FL26008354,"4XXX  210TH ST N, FOREST LAKE",CITIZEN/PUBLIC ASSIST
FOREST LAKE POLICE DEPARTMENT,FOREST LAKE,6/29/2026 2:45:00 PM,FL26008369,"HEADWATERS PKWY & FOREST RD N, FOREST LAKE",TRAFFIC STOP
FOREST LAKE POLICE DEPARTMENT,FOREST LAKE,6/29/2026 5:57:42 PM,FL26008376,"XXX 9TH AVE SW, FOREST LAKE",CITIZEN/PUBLIC ASSIST
FOREST LAKE POLICE DEPARTMENT,FOREST LAKE,6/29/2026 7:01:00 PM,FL26008381,"XXX Lake St S, FOREST LAKE",DWI
FOREST LAKE POLICE DEPARTMENT,FOREST LAKE,6/30/2026 2:45:16 AM,FL26008389,"XXX 12TH ST SW, FOREST LAKE",OFP VIOLATION
FOREST LAKE POLICE DEPARTMENT,FOREST LAKE,6/30/2026 9:48:06 AM,FL26008394,"21XXX  IDEAL AVE N, FOREST LAKE",CIVIL MATTER/DISPUTE
FOREST LAKE POLICE DEPARTMENT,FOREST LAKE,6/30/2026 11:34:06 AM,FL26008396,"CENTENNIAL DR SW & 11TH AVE SW, FOREST LAKE",ACCIDENT
FOREST LAKE POLICE DEPARTMENT,FOREST LAKE,6/30/2026 2:09:00 PM,FL26008403,"GREENWAY AVE N & NORTH SHORE TRL N, FOREST LAKE",HARASSMENT
FOREST LAKE POLICE DEPARTMENT,FOREST LAKE,6/30/2026 3:03:02 PM,FL26008405,"XX 2ND ST SW, FOREST LAKE",TRESPASS NOTICE
FOREST LAKE POLICE DEPARTMENT,FOREST LAKE,6/30/2026 6:37:31 PM,FL26008412,"XXX 12TH ST SW, FOREST LAKE",UNWANTED PERSON/VEHICLE
FOREST LAKE POLICE DEPARTMENT,FOREST LAKE,7/1/2026 12:25:59 AM,FL26008428,"XX Unknown, FOREST LAKE",WELFARE CHECK
FOREST LAKE POLICE DEPARTMENT,FOREST LAKE,7/1/2026 2:52:06 AM,FL26008430,"19XXX  IMPERIAL AVE N, FOREST LAKE",OVERDOSE
FOREST LAKE POLICE DEPARTMENT,FOREST LAKE,7/1/2026 9:03:21 AM,FL26008437,"LAKE ST S & 11TH AVE SW, FOREST LAKE",TRAFFIC STOP
FOREST LAKE POLICE DEPARTMENT,FOREST LAKE,7/1/2026 11:58:25 AM,FL26008442,"XXX 4TH ST SW, FOREST LAKE",HARASSMENT
FOREST LAKE POLICE DEPARTMENT,FOREST LAKE,7/1/2026 4:11:04 PM,FL26008452,"XXX 12TH ST SW, FOREST LAKE",CIVIL MATTER/DISPUTE
FOREST LAKE POLICE DEPARTMENT,FOREST LAKE,7/1/2026 6:13:50 PM,FL26008459,"8XXX  224TH ST N, FOREST LAKE",DISTURBANCE
FOREST LAKE POLICE DEPARTMENT,FOREST LAKE,7/1/2026 6:16:00 PM,FL26008460,"BROADWAY AVE W & LAKE ST S, FOREST LAKE",TRAFFIC STOP
FOREST LAKE POLICE DEPARTMENT,FOREST LAKE,7/1/2026 6:41:00 PM,FL26008462,"XXX - 599 LAKE ST N, FOREST LAKE",TRAFFIC STOP
FOREST LAKE POLICE DEPARTMENT,FOREST LAKE,7/1/2026 6:54:00 PM,FL26008465,"LAKE ST N & BROADWAY AVE W, FOREST LAKE",TRAFFIC STOP
FOREST LAKE POLICE DEPARTMENT,FOREST LAKE,7/1/2026 7:07:00 PM,FL26008467,"LAKE ST S & BROADWAY AVE E, FOREST LAKE",TRAFFIC STOP
FOREST LAKE POLICE DEPARTMENT,FOREST LAKE,7/1/2026 7:21:00 PM,FL26008470,"XXX - 593 BROADWAY AVE W, FOREST LAKE",TRAFFIC STOP
FOREST LAKE POLICE DEPARTMENT,FOREST LAKE,7/1/2026 7:30:00 PM,FL26008471,"12TH ST SW & 3RD AVE SW, FOREST LAKE",TRAFFIC STOP
FOREST LAKE POLICE DEPARTMENT,FOREST LAKE,7/1/2026 7:32:00 PM,FL26008472,"LAKE ST S & 1ST ST SE, FOREST LAKE",TRAFFIC STOP
FOREST LAKE POLICE DEPARTMENT,FOREST LAKE,7/1/2026 7:40:36 PM,FL26008473,"LAKE ST S & BROADWAY AVE W, FOREST LAKE",TRAFFIC STOP
FOREST LAKE POLICE DEPARTMENT,FOREST LAKE,7/1/2026 9:33:10 PM,FL26008483,"XXX 8TH AVE SE, FOREST LAKE",DISTURBANCE
FOREST LAKE POLICE DEPARTMENT,FOREST LAKE,7/1/2026 11:03:00 PM,FL26008490,"XXX 4TH ST SW, FOREST LAKE",TRAFFIC STOP
FOREST LAKE POLICE DEPARTMENT,FOREST LAKE,7/2/2026 8:05:22 AM,FL26008495,"8XXX  NORTH SHORE TRL N, FOREST LAKE",CIVIL MATTER/DISPUTE
FOREST LAKE POLICE DEPARTMENT,FOREST LAKE,7/2/2026 10:57:24 AM,FL26008502,"XXX 12th St Sw, FOREST LAKE",CIVIL MATTER/DISPUTE
FOREST LAKE POLICE DEPARTMENT,FOREST LAKE,7/2/2026 2:19:58 PM,FL26008513,"19XXX  FOREST RD N, FOREST LAKE",ACCIDENT
FOREST LAKE POLICE DEPARTMENT,FOREST LAKE,7/2/2026 4:15:50 PM,FL26008518,"12TH ST SW & 9TH AVE SW, FOREST LAKE",PROPERTY DAMAGE
FOREST LAKE POLICE DEPARTMENT,FOREST LAKE,7/2/2026 5:33:48 PM,FL26008523,"3rd St Nw / Broadway Ave W, FOREST LAKE",FOUND PROPERTY/ITEM
FOREST LAKE POLICE DEPARTMENT,FOREST LAKE,7/2/2026 8:11:17 PM,FL26008530,"19XXX  FOREST RD N, FOREST LAKE",THEFT
FOREST LAKE POLICE DEPARTMENT,FOREST LAKE,7/2/2026 8:12:51 PM,FL26008531,"20XXX  FARNHAM AVE N, FOREST LAKE",LIFT ASSIST
FOREST LAKE POLICE DEPARTMENT,FOREST LAKE,7/3/2026 12:20:27 AM,FL26008543,"11TH AVE SE & LAKE ST S, FOREST LAKE",TRAFFIC STOP
FOREST LAKE POLICE DEPARTMENT,FOREST LAKE,7/3/2026 9:46:00 AM,FL26008558,"GOODVIEW AVE N & 210TH ST N, FOREST LAKE",TRAFFIC STOP
FOREST LAKE POLICE DEPARTMENT,FOREST LAKE,7/3/2026 3:41:11 PM,FL26008582,"HWY 61 & BROADWAY AVE W, FOREST LAKE",FOUND PROPERTY/ITEM
FOREST LAKE POLICE DEPARTMENT,FOREST LAKE,7/3/2026 5:49:24 PM,FL26008592,"3RD ST NW & BROADWAY AVE W, FOREST LAKE",FOUND PROPERTY/ITEM
FOREST LAKE POLICE DEPARTMENT,FOREST LAKE,7/3/2026 9:48:35 PM,FL26008605,"XX BROADWAY AVE E, FOREST LAKE",ANIMAL BITE
FOREST LAKE POLICE DEPARTMENT,FOREST LAKE,7/3/2026 11:23:46 PM,FL26008611,"XXX BROADWAY AVE W, FOREST LAKE",DISORDERLY CONDUCT
FOREST LAKE POLICE DEPARTMENT,FOREST LAKE,7/3/2026 11:30:00 PM,FL26008596,"BROADWAY AVE W & EVERTON AVE N, FOREST LAKE",TRAFFIC STOP
FOREST LAKE POLICE DEPARTMENT,FOREST LAKE,7/4/2026 12:01:00 AM,FL26008615,"XXX BROADWAY AVE W, FOREST LAKE",TRESPASSING
FOREST LAKE POLICE DEPARTMENT,FOREST LAKE,7/4/2026 2:22:04 AM,FL26008619,"BROADWAY AVE W & I35 NB TO BROADWAY AVE W RAMP, FOREST LAKE",TRAFFIC STOP
FOREST LAKE POLICE DEPARTMENT,FOREST LAKE,7/4/2026 2:42:46 AM,FL26008620,"XXX BROADWAY AVE W, FOREST LAKE",CITIZEN/PUBLIC ASSIST
FOREST LAKE POLICE DEPARTMENT,FOREST LAKE,7/4/2026 9:45:50 AM,FL26008626,"6XXX  202ND ST N, FOREST LAKE",AIRCRAFT ACCIDENT
FOREST LAKE POLICE DEPARTMENT,FOREST LAKE,7/4/2026 9:55:35 AM,FL26008628,"22XXX  EVERGREEN CIR, FOREST LAKE",DEATH
FOREST LAKE POLICE DEPARTMENT,FOREST LAKE,7/4/2026 11:17:19 AM,FL26008630,"1XXX  BROADWAY AVE W, FOREST LAKE",CHILD CUSTODY
FOREST LAKE POLICE DEPARTMENT,FOREST LAKE,7/4/2026 1:27:00 PM,FL26008644,"LAKE ST N & BROADWAY AVE W, FOREST LAKE",TRAFFIC STOP
FOREST LAKE POLICE DEPARTMENT,FOREST LAKE,7/4/2026 6:41:50 PM,FL26008664,"15TH ST SW & 9TH AVE SW, FOREST LAKE",TRAFFIC STOP
FOREST LAKE POLICE DEPARTMENT,FOREST LAKE,7/4/2026 10:14:08 PM,FL26008684,"XX 4TH AVE SW, FOREST LAKE",THEFT
OAKDALE POLICE DEPARTMENT,LAKE ELMO,7/1/2026 11:33:33 PM,OD26008229,"10TH ST N / INWOOD AVE N, LAKE ELMO",ASSIST OTHER AGENCY
OAKDALE POLICE DEPARTMENT,LAKE ELMO,7/2/2026 7:01:39 PM,OD26008269,"Stillwater Blvd / Stillwater Way N, LAKE ELMO",TRAFFIC STOP
OAKDALE POLICE DEPARTMENT,OAKDALE,6/28/2026 12:00:00 AM,OD26008036,"GENEVA AVE N / 34TH ST N, OAKDALE",TRAFFIC STOP
OAKDALE POLICE DEPARTMENT,OAKDALE,6/28/2026 12:03:37 AM,OD26008008,"4XXX  HELMO AVE N, OAKDALE",ASSIST OTHER AGENCY
OAKDALE POLICE DEPARTMENT,OAKDALE,6/28/2026 12:44:35 AM,OD26008011,"2XXX  GRANADA AVE N, OAKDALE",WELFARE CHECK
OAKDALE POLICE DEPARTMENT,OAKDALE,6/28/2026 12:50:58 AM,OD26008012,"3XXX  Gershwin Ave N, OAKDALE",MEDICAL
OAKDALE POLICE DEPARTMENT,OAKDALE,6/28/2026 2:09:56 AM,OD26008013,"4XXX  Gershwin Ave N, OAKDALE",DISTURBANCE
OAKDALE POLICE DEPARTMENT,OAKDALE,6/28/2026 3:00:34 AM,OD26008014,"4XXX  Grenwich Ave N, OAKDALE",DISTURBANCE
OAKDALE POLICE DEPARTMENT,OAKDALE,6/28/2026 3:42:49 AM,OD26008015,"6XXX  12th St N, OAKDALE",MEDICAL
OAKDALE POLICE DEPARTMENT,OAKDALE,6/28/2026 9:33:08 AM,OD26008018,"I694 SB JNO 50TH ST N, OAKDALE",ASSIST OTHER AGENCY
OAKDALE POLICE DEPARTMENT,OAKDALE,6/28/2026 10:00:26 AM,OD26008020,"1XXX  Hadley Ave N, OAKDALE",CIVIL MATTER/DISPUTE
OAKDALE POLICE DEPARTMENT,OAKDALE,6/28/2026 10:50:09 AM,OD26008021,"4XXX  HEATH LN N, OAKDALE",ALARM-BUSINESS/RES/FIRE/MEDICAL/ETC
OAKDALE POLICE DEPARTMENT,OAKDALE,6/28/2026 11:54:44 AM,OD26008024,"7XXX  Upper 45th St N, OAKDALE",ALARM-BUSINESS/RES/FIRE/MEDICAL/ETC
OAKDALE POLICE DEPARTMENT,OAKDALE,6/28/2026 12:05:04 PM,OD26008025,"7XXX  10th St N, OAKDALE",ACCIDENT
OAKDALE POLICE DEPARTMENT,OAKDALE,6/28/2026 1:06:26 PM,OD26008028,"1XXX  Hadley Ave N, OAKDALE",FOLLOW UP
OAKDALE POLICE DEPARTMENT,OAKDALE,6/28/2026 2:21:10 PM,OD26008031,"XXX HALE AVE N, OAKDALE",MISSING PERSON
OAKDALE POLICE DEPARTMENT,OAKDALE,6/28/2026 3:44:39 PM,OD26008032,"50th St N / Grenwich Trl N, OAKDALE",ANIMAL COMPLAINT
OAKDALE POLICE DEPARTMENT,OAKDALE,6/28/2026 3:51:40 PM,OD26008033,"XXX HELENA AVE N, OAKDALE",CIVIL MATTER/DISPUTE
OAKDALE POLICE DEPARTMENT,OAKDALE,6/28/2026 4:58:04 PM,OD26008034,"4XXX  GENEVA AVE N, OAKDALE",DRUNK/INTOXICATED 
OAKDALE POLICE DEPARTMENT,OAKDALE,6/28/2026 5:14:39 PM,OD26008035,"XXX Inwood Ave N, OAKDALE",MEDICAL
OAKDALE POLICE DEPARTMENT,OAKDALE,6/28/2026 5:38:26 PM,OD26008037,"1XXX  HELENA RD N, OAKDALE",SUSPICIOUS PERSON/ACTIVITY
OAKDALE POLICE DEPARTMENT,OAKDALE,6/28/2026 6:02:52 PM,OD26008038,"2XXX  Hallmark Ave N, OAKDALE",ANIMAL BITE
OAKDALE POLICE DEPARTMENT,OAKDALE,6/28/2026 7:28:25 PM,OD26008041,"1XXX  Helmo Ave N, OAKDALE",FOLLOW UP
OAKDALE POLICE DEPARTMENT,OAKDALE,6/28/2026 7:54:37 PM,OD26008042,"1XXX  HALLMARK AVE N, OAKDALE",JUVENILE COMPLAINT
OAKDALE POLICE DEPARTMENT,OAKDALE,6/28/2026 8:27:44 PM,OD26008043,"1XXX  Granada Ave N, OAKDALE",MEDICAL
OAKDALE POLICE DEPARTMENT,OAKDALE,6/28/2026 8:54:59 PM,OD26008045,"1XXX  HADLEY AVE N, OAKDALE",WARRANT ATTEMPT
OAKDALE POLICE DEPARTMENT,OAKDALE,6/28/2026 9:22:24 PM,OD26008046,"1XXX  HADLEY AVE N, OAKDALE",LOST PROPERTY/ITEM
OAKDALE POLICE DEPARTMENT,OAKDALE,6/28/2026 10:39:16 PM,OD26008048,"XXX GLENBROOK AVE N, OAKDALE",DRUGS
OAKDALE POLICE DEPARTMENT,OAKDALE,6/29/2026 6:16:03 AM,OD26008054,"1XXX  Helmo Ave N, OAKDALE",ALARM-BUSINESS/RES/FIRE/MEDICAL/ETC
OAKDALE POLICE DEPARTMENT,OAKDALE,6/29/2026 6:39:44 AM,OD26008055,"6XXX  45th St N, OAKDALE",MEDICAL
OAKDALE POLICE DEPARTMENT,OAKDALE,6/29/2026 6:49:21 AM,OD26008056,"5XXX  Hadley Ave N, OAKDALE",HARASSMENT
OAKDALE POLICE DEPARTMENT,OAKDALE,6/29/2026 7:55:13 AM,OD26008057,"3XXX  GARDEN BLVD N, OAKDALE",PARKING VIOLATION
OAKDALE POLICE DEPARTMENT,OAKDALE,6/29/2026 8:32:45 AM,OD26008058,"6XXX  50th St N, OAKDALE",MEDICAL
OAKDALE POLICE DEPARTMENT,OAKDALE,6/29/2026 9:36:20 AM,OD26008061,"6XXX  15th St N, OAKDALE",CITIZEN/PUBLIC ASSIST
OAKDALE POLICE DEPARTMENT,OAKDALE,6/29/2026 9:52:11 AM,OD26008062,"6XXX  Stillwater Blvd N, OAKDALE",911 ABANDONED/HANGUP/OPEN LINE
OAKDALE POLICE DEPARTMENT,OAKDALE,6/29/2026 10:32:37 AM,OD26008064,"6XXX  10th St N, OAKDALE",ALARM-BUSINESS/RES/FIRE/MEDICAL/ETC
OAKDALE POLICE DEPARTMENT,OAKDALE,6/29/2026 10:42:44 AM,OD26008065,"1XXX  GRANADA AVE N, OAKDALE",SUSPICIOUS PERSON/ACTIVITY
OAKDALE POLICE DEPARTMENT,OAKDALE,6/29/2026 10:53:38 AM,OD26008066,"6XXX  52nd St N, OAKDALE",PARKING COMPLAINT
OAKDALE POLICE DEPARTMENT,OAKDALE,6/29/2026 11:00:58 AM,OD26008067,"HADLEY AVE N / STILLWATER BLVD N, OAKDALE",ALARM-BUSINESS/RES/FIRE/MEDICAL/ETC
OAKDALE POLICE DEPARTMENT,OAKDALE,6/29/2026 11:30:14 AM,OD26008068,"1XXX  HADLEY AVE N, OAKDALE",DISTURBANCE
OAKDALE POLICE DEPARTMENT,OAKDALE,6/29/2026 11:44:10 AM,OD26008070,"3XXX  Granada Ave N, OAKDALE",MEDICAL
OAKDALE POLICE DEPARTMENT,OAKDALE,6/29/2026 11:45:35 AM,OD26008069,"6XXX  7TH ST N, OAKDALE",FOUND PROPERTY/ITEM
OAKDALE POLICE DEPARTMENT,OAKDALE,6/29/2026 12:38:36 PM,OD26008076,"6XXX  15th St N, OAKDALE",911 ABANDONED/HANGUP/OPEN LINE
OAKDALE POLICE DEPARTMENT,OAKDALE,6/29/2026 12:39:19 PM,OD26008075,"1XXX  GENEVA AVE N, OAKDALE",DISTURBANCE
OAKDALE POLICE DEPARTMENT,OAKDALE,6/29/2026 1:34:18 PM,OD26008078,"7XXX  32ND ST N, OAKDALE",LOST PROPERTY/ITEM
OAKDALE POLICE DEPARTMENT,OAKDALE,6/29/2026 2:37:18 PM,OD26008079,"7XXX  17TH ST N, OAKDALE",ALARM-BUSINESS/RES/FIRE/MEDICAL/ETC
OAKDALE POLICE DEPARTMENT,OAKDALE,6/29/2026 2:37:51 PM,OD26008080,"6XXX  10th Street Ct N, OAKDALE",911 ABANDONED/HANGUP/OPEN LINE
OAKDALE POLICE DEPARTMENT,OAKDALE,6/29/2026 2:42:46 PM,OD26008081,"1XXX  HADLEY AVE N, OAKDALE",CITIZEN/PUBLIC ASSIST
OAKDALE POLICE DEPARTMENT,OAKDALE,6/29/2026 2:59:32 PM,OD26008082,"XXX Helmo Ave N, OAKDALE",MEDICAL
OAKDALE POLICE DEPARTMENT,OAKDALE,6/29/2026 3:35:27 PM,OD26008083,"1XXX  HADLEY AVE N, OAKDALE",OFFICER INFORMATION
OAKDALE POLICE DEPARTMENT,OAKDALE,6/29/2026 3:40:34 PM,OD26008084,"1XXX  HALLMARK AVE N, OAKDALE",ALARM-BUSINESS/RES/FIRE/MEDICAL/ETC
OAKDALE POLICE DEPARTMENT,OAKDALE,6/29/2026 4:48:37 PM,OD26008085,"15th St N / Hadley Ave N, OAKDALE",FOUND PERSON
OAKDALE POLICE DEPARTMENT,OAKDALE,6/29/2026 5:29:10 PM,OD26008086,"5XXX  GOLFVIEW CIR N, OAKDALE",SUSPICIOUS PERSON/ACTIVITY
OAKDALE POLICE DEPARTMENT,OAKDALE,6/29/2026 5:35:48 PM,OD26008087,"6XXX  40TH ST N, OAKDALE",WELFARE CHECK
OAKDALE POLICE DEPARTMENT,OAKDALE,6/29/2026 6:21:31 PM,OD26008088,"XXX GERSHWIN AVE N, OAKDALE",SUSPICIOUS PERSON/ACTIVITY
OAKDALE POLICE DEPARTMENT,OAKDALE,6/29/2026 6:24:00 PM,OD26008089,"XXX GENTRY AVE N, OAKDALE",PARKING VIOLATION
OAKDALE POLICE DEPARTMENT,OAKDALE,6/29/2026 6:47:40 PM,OD26008090,"1XXX  Hadley Ave N, OAKDALE",JUVENILE COMPLAINT
OAKDALE POLICE DEPARTMENT,OAKDALE,6/29/2026 7:04:29 PM,OD26008091,"2XXX  Hallmark Ave N, OAKDALE",FOLLOW UP
OAKDALE POLICE DEPARTMENT,OAKDALE,6/29/2026 8:30:47 PM,OD26008093,"7XXX  10TH ST N, OAKDALE",TRAFFIC COMPLAINT
OAKDALE POLICE DEPARTMENT,OAKDALE,6/29/2026 8:32:01 PM,OD26008094,"7XXX  43rd St N, OAKDALE",ANIMAL COMPLAINT
OAKDALE POLICE DEPARTMENT,OAKDALE,6/29/2026 9:27:15 PM,OD26008095,"6XXX  15th St N, OAKDALE",THREATS
OAKDALE POLICE DEPARTMENT,OAKDALE,6/29/2026 9:39:07 PM,OD26008096,"XXX GUTHRIE AVE N, OAKDALE",PARK INCIDENT-CITY/COUNTY
OAKDALE POLICE DEPARTMENT,OAKDALE,6/29/2026 10:30:21 PM,OD26008098,"1XXX  GENTRY AVE N, OAKDALE",911 ABANDONED/HANGUP/OPEN LINE
OAKDALE POLICE DEPARTMENT,OAKDALE,6/29/2026 10:48:51 PM,OD26008099,"2XXX  Grenadier Ave N, OAKDALE",911 ABANDONED/HANGUP/OPEN LINE
OAKDALE POLICE DEPARTMENT,OAKDALE,6/29/2026 11:26:06 PM,OD26008100,"6XXX  UPPER 35TH ST N, OAKDALE",TRAFFIC COMPLAINT
OAKDALE POLICE DEPARTMENT,OAKDALE,6/29/2026 11:35:25 PM,OD26008101,"3XXX  HADLEY AVE N, OAKDALE",SUSPICIOUS PERSON/ACTIVITY
OAKDALE POLICE DEPARTMENT,OAKDALE,6/29/2026 11:36:54 PM,OD26008102,"3XXX  HADLEY AVE N, OAKDALE",TRAFFIC STOP
OAKDALE POLICE DEPARTMENT,OAKDALE,6/30/2026 12:08:52 AM,OD26008104,"1XXX  HADLEY AVE N, OAKDALE",PARK INCIDENT-CITY/COUNTY
OAKDALE POLICE DEPARTMENT,OAKDALE,6/30/2026 12:26:57 AM,OD26008105,"15th St N / Hadley Ave N, OAKDALE",911 ABANDONED/HANGUP/OPEN LINE
OAKDALE POLICE DEPARTMENT,OAKDALE,6/30/2026 12:54:08 AM,OD26008106,"10TH ST N / GREENWAY AVE N, OAKDALE",DRUGS
OAKDALE POLICE DEPARTMENT,OAKDALE,6/30/2026 1:05:46 AM,OD26008107,"1XXX  Helena Rd N, OAKDALE",NOISE COMPLAINT/DISTURBANCE
OAKDALE POLICE DEPARTMENT,OAKDALE,6/30/2026 1:44:56 AM,OD26008109,"XXX HELENA AVE N, OAKDALE",DWI
OAKDALE POLICE DEPARTMENT,OAKDALE,6/30/2026 2:41:18 AM,OD26008111,"1XXX  Hadley Ave N, OAKDALE",ALARM-BUSINESS/RES/FIRE/MEDICAL/ETC
OAKDALE POLICE DEPARTMENT,OAKDALE,6/30/2026 4:02:36 AM,OD26008112,"6XXX  15th St N, OAKDALE",CITIZEN/PUBLIC ASSIST
OAKDALE POLICE DEPARTMENT,OAKDALE,6/30/2026 9:05:44 AM,OD26008115,"7XXX  2nd St N, OAKDALE",ACCIDENT
OAKDALE POLICE DEPARTMENT,OAKDALE,6/30/2026 9:13:02 AM,OD26008116,"XXX GLENBROOK AVE N, OAKDALE",THEFT
OAKDALE POLICE DEPARTMENT,OAKDALE,6/30/2026 9:19:33 AM,OD26008117,"7XXX  10th St N, OAKDALE",WELFARE CHECK
OAKDALE POLICE DEPARTMENT,OAKDALE,6/30/2026 9:55:51 AM,OD26008119,"6XXX  15th St N, OAKDALE",CITIZEN/PUBLIC ASSIST
OAKDALE POLICE DEPARTMENT,OAKDALE,6/30/2026 10:28:37 AM,OD26008120,"7XXX  10th St N, OAKDALE",UNWANTED PERSON/VEHICLE
OAKDALE POLICE DEPARTMENT,OAKDALE,6/30/2026 10:31:05 AM,OD26008121,"4XXX  Gershwin Ave N, OAKDALE",CITIZEN/PUBLIC ASSIST
OAKDALE POLICE DEPARTMENT,OAKDALE,6/30/2026 11:04:42 AM,OD26008122,"7XXX  32ND ST N, OAKDALE",WELFARE CHECK
OAKDALE POLICE DEPARTMENT,OAKDALE,6/30/2026 11:11:42 AM,OD26008123,"6XXX  9TH ST N, OAKDALE",PROPERTY DAMAGE
OAKDALE POLICE DEPARTMENT,OAKDALE,6/30/2026 11:48:03 AM,OD26008124,"7XXX  10th St N, OAKDALE",THEFT FROM MOTOR VEHICLE
OAKDALE POLICE DEPARTMENT,OAKDALE,6/30/2026 12:55:00 PM,OD26008127,"6XXX  15TH ST N, OAKDALE",CITIZEN/PUBLIC ASSIST
OAKDALE POLICE DEPARTMENT,OAKDALE,6/30/2026 1:29:44 PM,OD26008128,"5XXX  Hadley Ave N, OAKDALE",SHOPLIFTING
OAKDALE POLICE DEPARTMENT,OAKDALE,6/30/2026 1:32:45 PM,OD26008129,"1XXX  Helmo Ave N, OAKDALE",DISORDERLY CONDUCT
OAKDALE POLICE DEPARTMENT,OAKDALE,6/30/2026 1:35:35 PM,OD26008130,"7XXX  3RD ST N, OAKDALE",911 ABANDONED/HANGUP/OPEN LINE
OAKDALE POLICE DEPARTMENT,OAKDALE,6/30/2026 1:38:11 PM,OD26008131,"6XXX  15th St N, OAKDALE",CITIZEN/PUBLIC ASSIST
OAKDALE POLICE DEPARTMENT,OAKDALE,6/30/2026 1:39:53 PM,OD26008133,"XXX GENTRY AVE N, OAKDALE",SUSPICIOUS PERSON/ACTIVITY
OAKDALE POLICE DEPARTMENT,OAKDALE,6/30/2026 1:55:57 PM,OD26008132,"7XXX  10th St N, OAKDALE",CITIZEN/PUBLIC ASSIST
OAKDALE POLICE DEPARTMENT,OAKDALE,6/30/2026 2:59:56 PM,OD26008136,"7XXX  10TH ST N, OAKDALE",ALARM-BUSINESS/RES/FIRE/MEDICAL/ETC
OAKDALE POLICE DEPARTMENT,OAKDALE,6/30/2026 3:33:01 PM,OD26008138,"8XXX  4TH ST N, OAKDALE",FRAUD/SCAM
OAKDALE POLICE DEPARTMENT,OAKDALE,6/30/2026 4:13:59 PM,OD26008139,"7XXX  UPPER 17TH ST N, OAKDALE",ANIMAL COMPLAINT
OAKDALE POLICE DEPARTMENT,OAKDALE,6/30/2026 4:41:40 PM,OD26008140,"1XXX  GLENBROOK AVE N, OAKDALE",CITIZEN/PUBLIC ASSIST
OAKDALE POLICE DEPARTMENT,OAKDALE,6/30/2026 4:53:22 PM,OD26008141,"7XXX  32nd St N, OAKDALE",SUSPICIOUS PERSON/ACTIVITY
OAKDALE POLICE DEPARTMENT,OAKDALE,6/30/2026 5:47:39 PM,OD26008143,"4XXX  Helena Rd N, OAKDALE",911 ABANDONED/HANGUP/OPEN LINE
OAKDALE POLICE DEPARTMENT,OAKDALE,6/30/2026 5:58:04 PM,OD26008144,"1XXX  HADLEY AVE N, OAKDALE",FIGHT
OAKDALE POLICE DEPARTMENT,OAKDALE,6/30/2026 6:03:10 PM,OD26008145,"2XXX  GRENADIER AVE N, OAKDALE",CITIZEN/PUBLIC ASSIST
OAKDALE POLICE DEPARTMENT,OAKDALE,6/30/2026 6:21:47 PM,OD26008146,"Upper 28th St N / Granite Ave N, OAKDALE",SUSPICIOUS PERSON/ACTIVITY
OAKDALE POLICE DEPARTMENT,OAKDALE,6/30/2026 6:43:34 PM,OD26008148,"1XXX  GENEVA AVE N, OAKDALE",MEDICAL
OAKDALE POLICE DEPARTMENT,OAKDALE,6/30/2026 7:45:17 PM,OD26008151,"8XXX  4TH ST N, OAKDALE",ANIMAL COMPLAINT
OAKDALE POLICE DEPARTMENT,OAKDALE,6/30/2026 8:25:43 PM,OD26008153,"XXX INWOOD AVE N, OAKDALE",THEFT FROM MOTOR VEHICLE
OAKDALE POLICE DEPARTMENT,OAKDALE,6/30/2026 8:39:59 PM,OD26008154,"XXX IDEAL AVE N, OAKDALE",TRAFFIC STOP
OAKDALE POLICE DEPARTMENT,OAKDALE,6/30/2026 9:02:13 PM,OD26008155,"4XXX  Geneva Ave N, OAKDALE",LOST PROPERTY/ITEM
OAKDALE POLICE DEPARTMENT,OAKDALE,6/30/2026 9:32:00 PM,OD26008156,"1XXX  GENEVA AVE N, OAKDALE",TRAFFIC STOP
OAKDALE POLICE DEPARTMENT,OAKDALE,6/30/2026 9:54:36 PM,OD26008157,"1XXX  Gentry Ave N, OAKDALE",ANIMAL COMPLAINT
OAKDALE POLICE DEPARTMENT,OAKDALE,6/30/2026 9:59:49 PM,OD26008158,"3XXX  HADLEY AVE N, OAKDALE",TRAFFIC STOP
OAKDALE POLICE DEPARTMENT,OAKDALE,6/30/2026 10:42:32 PM,OD26008162,"1XXX  HELMO AVE N, OAKDALE",OFFICER COMPLAINT/ALLEGATION
OAKDALE POLICE DEPARTMENT,OAKDALE,6/30/2026 10:49:27 PM,OD26008163,"XXX Helena Ave N, OAKDALE",HARASSMENT
OAKDALE POLICE DEPARTMENT,OAKDALE,6/30/2026 11:34:28 PM,OD26008166,"4XXX  GENEVA AVE N, OAKDALE",ASSAULT
OAKDALE POLICE DEPARTMENT,OAKDALE,6/30/2026 11:58:14 PM,OD26008169,"Hayward Ave N / 40th St N, OAKDALE",NOISE COMPLAINT/DISTURBANCE
OAKDALE POLICE DEPARTMENT,OAKDALE,7/1/2026 12:00:00 AM,OD26008200,"STILLWATER BLVD N & HADLEY AVE N, OAKDALE",TRAFFIC STOP
OAKDALE POLICE DEPARTMENT,OAKDALE,7/1/2026 12:00:00 AM,OD26008205,"6XXX  15th St N, OAKDALE",CITIZEN/PUBLIC ASSIST
OAKDALE POLICE DEPARTMENT,OAKDALE,7/1/2026 1:22:55 AM,OD26008171,"7XXX  10TH ST N, OAKDALE",WELFARE CHECK
OAKDALE POLICE DEPARTMENT,OAKDALE,7/1/2026 1:27:17 AM,OD26008172,"5XXX  HELENA RD N, OAKDALE",ALARM-BUSINESS/RES/FIRE/MEDICAL/ETC
OAKDALE POLICE DEPARTMENT,OAKDALE,7/1/2026 1:46:28 AM,OD26008173,"2XXX  Hillvale Trl N, OAKDALE",DWI
OAKDALE POLICE DEPARTMENT,OAKDALE,7/1/2026 3:19:49 AM,OD26008175,"6XXX  HUDSON BLVD N, OAKDALE",DISTURBANCE
OAKDALE POLICE DEPARTMENT,OAKDALE,7/1/2026 4:22:32 AM,OD26008176,"XXX HELENA AVE N, OAKDALE",ALARM-BUSINESS/RES/FIRE/MEDICAL/ETC
OAKDALE POLICE DEPARTMENT,OAKDALE,7/1/2026 4:54:42 AM,OD26008177,"43RD ST N / GENEVA AVE N, OAKDALE",TRAFFIC COMPLAINT
OAKDALE POLICE DEPARTMENT,OAKDALE,7/1/2026 5:27:37 AM,OD26008178,"6XXX  Upper 53rd St N, OAKDALE",HARASSMENT
OAKDALE POLICE DEPARTMENT,OAKDALE,7/1/2026 5:44:47 AM,OD26008179,"1XXX  Gentry Ave N, OAKDALE",MEDICAL
OAKDALE POLICE DEPARTMENT,OAKDALE,7/1/2026 7:29:04 AM,OD26008181,"10th St N / Helmo Ave N, OAKDALE",911 ABANDONED/HANGUP/OPEN LINE
OAKDALE POLICE DEPARTMENT,OAKDALE,7/1/2026 9:29:19 AM,OD26008184,"2XXX  GENEVA AVE N, OAKDALE",LOST PROPERTY/ITEM
OAKDALE POLICE DEPARTMENT,OAKDALE,7/1/2026 10:12:38 AM,OD26008185,"4XXX  GENEVA AVE N, OAKDALE",CITIZEN/PUBLIC ASSIST
OAKDALE POLICE DEPARTMENT,OAKDALE,7/1/2026 10:51:13 AM,OD26008187,"2XXX  HADLEY AVE N, OAKDALE",ALARM-BUSINESS/RES/FIRE/MEDICAL/ETC
OAKDALE POLICE DEPARTMENT,OAKDALE,7/1/2026 11:06:46 AM,OD26008188,"3XXX  GRANADA AVE N, OAKDALE",FOUND PROPERTY/ITEM
OAKDALE POLICE DEPARTMENT,OAKDALE,7/1/2026 11:18:18 AM,OD26008189,"8XXX  3rd St N, OAKDALE",ANIMAL COMPLAINT
OAKDALE POLICE DEPARTMENT,OAKDALE,7/1/2026 11:55:53 AM,OD26008194,"8XXX  3rd St N, OAKDALE",MEDICAL
OAKDALE POLICE DEPARTMENT,OAKDALE,7/1/2026 12:21:35 PM,OD26008196,"1XXX  GENEVA AVE N, OAKDALE",TRAFFIC STOP
OAKDALE POLICE DEPARTMENT,OAKDALE,7/1/2026 12:52:13 PM,OD26008197,"HADLEY CT N / HADLEY AVE N, OAKDALE",TRAFFIC STOP
OAKDALE POLICE DEPARTMENT,OAKDALE,7/1/2026 1:07:33 PM,OD26008199,"2XXX  GENEVA AVE N, OAKDALE",TRAFFIC STOP
OAKDALE POLICE DEPARTMENT,OAKDALE,7/1/2026 1:29:02 PM,OD26008201,"XXX Greenway Ave N, OAKDALE",MEDICAL
OAKDALE POLICE DEPARTMENT,OAKDALE,7/1/2026 1:34:23 PM,OD26008202,"4XXX  HELMO AVE N, OAKDALE",TRAFFIC STOP
OAKDALE POLICE DEPARTMENT,OAKDALE,7/1/2026 1:42:03 PM,OD26008203,"4XXX  HELMO AVE N, OAKDALE",TRAFFIC STOP
OAKDALE POLICE DEPARTMENT,OAKDALE,7/1/2026 3:29:16 PM,OD26008208,"6XXX  13TH ST N, OAKDALE",THREATS
OAKDALE POLICE DEPARTMENT,OAKDALE,7/1/2026 6:27:36 PM,OD26008210,"XXX Holly Ln N, OAKDALE",THREATS
OAKDALE POLICE DEPARTMENT,OAKDALE,7/1/2026 6:29:45 PM,OD26008211,"7XXX  3rd St N, OAKDALE",ANIMAL COMPLAINT
OAKDALE POLICE DEPARTMENT,OAKDALE,7/1/2026 7:14:00 PM,OD26008212,"XXX HELMO AVE N, OAKDALE",TRAFFIC STOP
OAKDALE POLICE DEPARTMENT,OAKDALE,7/1/2026 7:22:50 PM,OD26008213,"6XXX  10TH ST N, OAKDALE",TRAFFIC STOP
OAKDALE POLICE DEPARTMENT,OAKDALE,7/1/2026 7:33:00 PM,OD26008214,"XXX HELMO AVE N, OAKDALE",TRAFFIC STOP
OAKDALE POLICE DEPARTMENT,OAKDALE,7/1/2026 7:39:12 PM,OD26008215,"6XXX  12TH ST N, OAKDALE",TRAFFIC STOP
OAKDALE POLICE DEPARTMENT,OAKDALE,7/1/2026 7:47:56 PM,OD26008216,"1XXX  GENEVA AVE N, OAKDALE",WARRANT ARREST
OAKDALE POLICE DEPARTMENT,OAKDALE,7/1/2026 8:37:26 PM,OD26008217,"6XXX  15TH STREET CIR N, OAKDALE",WELFARE CHECK
OAKDALE POLICE DEPARTMENT,OAKDALE,7/1/2026 8:57:37 PM,OD26008218,"4XXX  Gershwin Ave N, OAKDALE",DISTURBANCE
OAKDALE POLICE DEPARTMENT,OAKDALE,7/1/2026 9:26:00 PM,OD26008220,"6XXX  15th St N, OAKDALE",DISTURBANCE
OAKDALE POLICE DEPARTMENT,OAKDALE,7/1/2026 9:26:42 PM,OD26008219,"1XXX  Granada Ave N, OAKDALE",911 ABANDONED/HANGUP/OPEN LINE
OAKDALE POLICE DEPARTMENT,OAKDALE,7/1/2026 10:34:09 PM,OD26008222,"1XXX  HALLMARK CIR N, OAKDALE",911 ABANDONED/HANGUP/OPEN LINE
OAKDALE POLICE DEPARTMENT,OAKDALE,7/1/2026 11:01:46 PM,OD26008223,"6XXX  15TH ST N, OAKDALE",TRAFFIC STOP
OAKDALE POLICE DEPARTMENT,OAKDALE,7/1/2026 11:09:09 PM,OD26008225,"34TH ST N & IDEAL AVE N, OAKDALE",TRAFFIC STOP
OAKDALE POLICE DEPARTMENT,OAKDALE,7/2/2026 12:00:00 AM,OD26008261,"7XXX  10th St N, OAKDALE",ANIMAL BITE
OAKDALE POLICE DEPARTMENT,OAKDALE,7/2/2026 12:00:00 AM,OD26008248,"2XXX  GENEVA AVE N, OAKDALE",TRAFFIC STOP
OAKDALE POLICE DEPARTMENT,OAKDALE,7/2/2026 12:05:13 AM,OD26008230,"6XXX  10TH ST N, OAKDALE",CITIZEN/PUBLIC ASSIST
OAKDALE POLICE DEPARTMENT,OAKDALE,7/2/2026 1:12:11 AM,OD26008233,"1XXX  HADLEY AVE N, OAKDALE",MEDICAL
OAKDALE POLICE DEPARTMENT,OAKDALE,7/2/2026 2:48:32 AM,OD26008234,"6XXX  GRENWICH LN N, OAKDALE",MEDICAL
OAKDALE POLICE DEPARTMENT,OAKDALE,7/2/2026 3:39:41 AM,OD26008235,"4XXX  HELMO AVE N, OAKDALE",MEDICAL
OAKDALE POLICE DEPARTMENT,OAKDALE,7/2/2026 4:08:36 AM,OD26008236,"2XXX  HYDRAM AVE N, OAKDALE",MEDICAL
OAKDALE POLICE DEPARTMENT,OAKDALE,7/2/2026 8:13:28 AM,OD26008238,"6XXX  Highway 36, OAKDALE",ALARM-BUSINESS/RES/FIRE/MEDICAL/ETC
OAKDALE POLICE DEPARTMENT,OAKDALE,7/2/2026 8:58:12 AM,OD26008239,"4XXX  GERSHWIN AVE N, OAKDALE",OFP VIOLATION
OAKDALE POLICE DEPARTMENT,OAKDALE,7/2/2026 9:17:51 AM,OD26008240,"3XXX  HEATH AVE N, OAKDALE",JUVENILE COMPLAINT
OAKDALE POLICE DEPARTMENT,OAKDALE,7/2/2026 9:28:52 AM,OD26008242,"2XXX  HELENA AVE N, OAKDALE",ACCIDENT
OAKDALE POLICE DEPARTMENT,OAKDALE,7/2/2026 10:06:26 AM,OD26008243,"7XXX  36TH ST N, OAKDALE",TRAFFIC COMPLAINT
OAKDALE POLICE DEPARTMENT,OAKDALE,7/2/2026 10:13:26 AM,OD26008244,"6XXX  15th St N, OAKDALE",CITIZEN/PUBLIC ASSIST
OAKDALE POLICE DEPARTMENT,OAKDALE,7/2/2026 10:22:46 AM,OD26008246,"3XXX  Granada Way N, OAKDALE",FRAUD/SCAM
OAKDALE POLICE DEPARTMENT,OAKDALE,7/2/2026 10:44:17 AM,OD26008247,"6XXX  Upper 35th St N, OAKDALE",MEDICAL
OAKDALE POLICE DEPARTMENT,OAKDALE,7/2/2026 12:22:43 PM,OD26008251,"1XXX  GENEVA AVE N, OAKDALE",TRAFFIC STOP
OAKDALE POLICE DEPARTMENT,OAKDALE,7/2/2026 1:05:50 PM,OD26008252,"6XXX  4th Street Cir N, OAKDALE",911 ABANDONED/HANGUP/OPEN LINE
OAKDALE POLICE DEPARTMENT,OAKDALE,7/2/2026 1:48:40 PM,OD26008255,"6XXX  15th St N, OAKDALE",CITIZEN/PUBLIC ASSIST
OAKDALE POLICE DEPARTMENT,OAKDALE,7/2/2026 1:54:22 PM,OD26008257,"XXX INWOOD AVE N, OAKDALE",UNWANTED PERSON/VEHICLE
OAKDALE POLICE DEPARTMENT,OAKDALE,7/2/2026 2:05:09 PM,OD26008258,"6XXX  10th St N, OAKDALE",911
OAKDALE POLICE DEPARTMENT,OAKDALE,7/2/2026 3:14:08 PM,OD26008260,"1XXX  GREYSTONE AVE N, OAKDALE",DEATH INVESTIGATION
OAKDALE POLICE DEPARTMENT,OAKDALE,7/2/2026 3:35:22 PM,OD26008262,"8XXX  4TH ST N, OAKDALE",MEDICAL
OAKDALE POLICE DEPARTMENT,OAKDALE,7/2/2026 4:26:45 PM,OD26008264,"8XXX  3rd St N, OAKDALE",DRUGS
OAKDALE POLICE DEPARTMENT,OAKDALE,7/2/2026 5:36:51 PM,OD26008268,"XXX Hayward Ave N, OAKDALE",FRAUD/SCAM
OAKDALE POLICE DEPARTMENT,OAKDALE,7/2/2026 5:43:28 PM,OD26008266,"GENEVA AVE N / 10TH ST N, OAKDALE",ACCIDENT
OAKDALE POLICE DEPARTMENT,OAKDALE,7/2/2026 7:22:01 PM,OD26008270,"6XXX  36th St N, OAKDALE",911 ABANDONED/HANGUP/OPEN LINE
OAKDALE POLICE DEPARTMENT,OAKDALE,7/2/2026 8:19:38 PM,OD26008271,"4XXX  Gershwin Ave N, OAKDALE",FIREWORKS
OAKDALE POLICE DEPARTMENT,OAKDALE,7/2/2026 9:32:06 PM,OD26008272,"6XXX  55TH ST N, OAKDALE",911 ABANDONED/HANGUP/OPEN LINE
OAKDALE POLICE DEPARTMENT,OAKDALE,7/2/2026 9:45:36 PM,OD26008273,"1XXX  GENTRY AVE N, OAKDALE",HARASSMENT
OAKDALE POLICE DEPARTMENT,OAKDALE,7/2/2026 10:24:19 PM,OD26008275,"XXX GERSHWIN AVE N, OAKDALE",SHOOTING
OAKDALE POLICE DEPARTMENT,OAKDALE,7/3/2026 2:16:58 AM,OD26008276,"3XXX  HAYWARD AVE N, OAKDALE",MEDICAL
OAKDALE POLICE DEPARTMENT,OAKDALE,7/3/2026 6:11:15 AM,OD26008279,"1XXX  HADLEY AVE N, OAKDALE",FOLLOW UP
OAKDALE POLICE DEPARTMENT,OAKDALE,7/3/2026 7:26:10 AM,OD26008280,"1XXX  Helmo Ave N, OAKDALE",TRESPASS NOTICE
OAKDALE POLICE DEPARTMENT,OAKDALE,7/3/2026 8:40:42 AM,OD26008283,"1XXX  Gentry Ave N, OAKDALE",911 ABANDONED/HANGUP/OPEN LINE
OAKDALE POLICE DEPARTMENT,OAKDALE,7/3/2026 8:46:15 AM,OD26008284,"7XXX  16th St N, OAKDALE",DISTURBANCE
OAKDALE POLICE DEPARTMENT,OAKDALE,7/3/2026 9:08:10 AM,OD26008285,"7XXX  24th St N, OAKDALE",ACCIDENT
OAKDALE POLICE DEPARTMENT,OAKDALE,7/3/2026 9:18:27 AM,OD26008286,"6XXX  15TH ST N, OAKDALE",CITIZEN/PUBLIC ASSIST
OAKDALE POLICE DEPARTMENT,OAKDALE,7/3/2026 10:31:11 AM,OD26008289,"7XXX  3rd St N, OAKDALE",ALARM-BUSINESS/RES/FIRE/MEDICAL/ETC
OAKDALE POLICE DEPARTMENT,OAKDALE,7/3/2026 11:02:07 AM,OD26008290,"1XXX  GRANADA AVE N, OAKDALE",SUICIDE ATTEMPT/THREATS OF
OAKDALE POLICE DEPARTMENT,OAKDALE,7/3/2026 11:38:37 AM,OD26008292,"6XXX  29th St N, OAKDALE",911 ABANDONED/HANGUP/OPEN LINE
OAKDALE POLICE DEPARTMENT,OAKDALE,7/3/2026 11:52:45 AM,OD26008293,"6XXX  15TH ST N, OAKDALE",CITIZEN/PUBLIC ASSIST
OAKDALE POLICE DEPARTMENT,OAKDALE,7/3/2026 12:20:36 PM,OD26008295,"1XXX  Granada Way N, OAKDALE",MEDICAL
OAKDALE POLICE DEPARTMENT,OAKDALE,7/3/2026 12:29:04 PM,OD26008296,"5XXX  Hadley Ave N, OAKDALE",911 ABANDONED/HANGUP/OPEN LINE
OAKDALE POLICE DEPARTMENT,OAKDALE,7/3/2026 1:08:03 PM,OD26008298,"1XXX  GOODVIEW AVE N, OAKDALE",WELFARE CHECK
OAKDALE POLICE DEPARTMENT,OAKDALE,7/3/2026 1:44:52 PM,OD26008299,"2XXX  Gentry Ave N, OAKDALE",911 ABANDONED/HANGUP/OPEN LINE
OAKDALE POLICE DEPARTMENT,OAKDALE,7/3/2026 2:04:57 PM,OD26008300,"XXX GERSHWIN AVE N, OAKDALE",FOLLOW UP
OAKDALE POLICE DEPARTMENT,OAKDALE,7/3/2026 2:21:47 PM,OD26008301,"7XXX  10th St N, OAKDALE",MEDICAL
OAKDALE POLICE DEPARTMENT,OAKDALE,7/3/2026 2:52:20 PM,OD26008302,"6XXX  15th St N, OAKDALE",FRAUD/SCAM
OAKDALE POLICE DEPARTMENT,OAKDALE,7/3/2026 4:28:00 PM,OD26008306,"XXX GLENBROOK AVE N, OAKDALE",THEFT
OAKDALE POLICE DEPARTMENT,OAKDALE,7/3/2026 5:26:11 PM,OD26008307,"1XXX  HADLEY AVE N, OAKDALE",FOLLOW UP
OAKDALE POLICE DEPARTMENT,OAKDALE,7/3/2026 5:32:02 PM,OD26008308,"7XXX  10th St N, OAKDALE",THREATS
OAKDALE POLICE DEPARTMENT,OAKDALE,7/3/2026 5:57:04 PM,OD26008310,"8XXX  4TH ST N, OAKDALE",MEDICAL
OAKDALE POLICE DEPARTMENT,OAKDALE,7/3/2026 7:17:05 PM,OD26008314,"6XXX  15th St N, OAKDALE",FOLLOW UP
OAKDALE POLICE DEPARTMENT,OAKDALE,7/3/2026 8:08:25 PM,OD26008316,"Hudson Blvd N / Birch Ln, OAKDALE",WELFARE CHECK
OAKDALE POLICE DEPARTMENT,OAKDALE,7/3/2026 9:20:40 PM,OD26008319,"Gershwin Ave N / Upper 35th St N, OAKDALE",WELFARE CHECK
OAKDALE POLICE DEPARTMENT,OAKDALE,7/3/2026 9:46:20 PM,OD26008320,"7XXX  Upper 24th St N, OAKDALE",FIREWORKS
OAKDALE POLICE DEPARTMENT,OAKDALE,7/3/2026 10:08:17 PM,OD26008321,"7XXX  10th St N, OAKDALE",ALARM-BUSINESS/RES/FIRE/MEDICAL/ETC
OAKDALE POLICE DEPARTMENT,OAKDALE,7/3/2026 10:37:28 PM,OD26008322,"6XXX  Highway 36, OAKDALE",ALARM-BUSINESS/RES/FIRE/MEDICAL/ETC
OAKDALE POLICE DEPARTMENT,OAKDALE,7/3/2026 10:53:15 PM,OD26008324,"7XXX  STILLWATER BLVD N, OAKDALE",FIRE
OAKDALE POLICE DEPARTMENT,OAKDALE,7/3/2026 11:00:07 PM,OD26008325,"23rd St N / Hydram Ave N, OAKDALE",PUBLIC WORKS CONCERN
OAKDALE POLICE DEPARTMENT,OAKDALE,7/3/2026 11:56:51 PM,OD26008327,"XXX GENEVA AVE N, OAKDALE",TRAFFIC STOP
OAKDALE POLICE DEPARTMENT,OAKDALE,7/4/2026 1:44:24 AM,OD26008331,"1XXX  Gentry Ave N, OAKDALE",911 ABANDONED/HANGUP/OPEN LINE
OAKDALE POLICE DEPARTMENT,OAKDALE,7/4/2026 2:12:13 AM,OD26008332,"4TH ST N / HELMO AVE N, OAKDALE",SUSPICIOUS PERSON/ACTIVITY
OAKDALE POLICE DEPARTMENT,OAKDALE,7/4/2026 3:50:14 AM,OD26008336,"4XXX  HADLEY AVE N, OAKDALE",PARK INCIDENT-CITY/COUNTY
OAKDALE POLICE DEPARTMENT,OAKDALE,7/4/2026 6:34:24 AM,OD26008338,"XXX Glenbrook Ave N, OAKDALE",ALARM-BUSINESS/RES/FIRE/MEDICAL/ETC
OAKDALE POLICE DEPARTMENT,OAKDALE,7/4/2026 6:48:10 AM,OD26008340,"1XXX  Gentry Ave N, OAKDALE",CITIZEN/PUBLIC ASSIST
OAKDALE POLICE DEPARTMENT,OAKDALE,7/4/2026 9:45:39 AM,OD26008341,"6XXX  Upper 35th St N, OAKDALE",PROPERTY DAMAGE
OAKDALE POLICE DEPARTMENT,OAKDALE,7/4/2026 10:05:27 AM,OD26008342,"7XXX  UPPER 17TH ST N, OAKDALE",LITTERING
OAKDALE POLICE DEPARTMENT,OAKDALE,7/4/2026 10:12:28 AM,OD26008343,"3XXX  Hayward Ave N, OAKDALE",ORDINANCE VIOLATION
OAKDALE POLICE DEPARTMENT,OAKDALE,7/4/2026 10:40:23 AM,OD26008344,"3XXX  Hadley Ave N, OAKDALE",DISTURBANCE
OAKDALE POLICE DEPARTMENT,OAKDALE,7/4/2026 11:16:22 AM,OD26008345,"XXX Geneva Ave N, OAKDALE",MOTOR VEHICLE THEFT
OAKDALE POLICE DEPARTMENT,OAKDALE,7/4/2026 11:36:45 AM,OD26008346,"6XXX  Hudson Blvd N, OAKDALE",THEFT
OAKDALE POLICE DEPARTMENT,OAKDALE,7/4/2026 12:07:52 PM,OD26008347,"2XXX  BLOCK GENEVA AVE N, OAKDALE",ANIMAL COMPLAINT
OAKDALE POLICE DEPARTMENT,OAKDALE,7/4/2026 2:51:57 PM,OD26008352,"7XXX  11th St N, OAKDALE",MEDICAL
OAKDALE POLICE DEPARTMENT,OAKDALE,7/4/2026 3:14:17 PM,OD26008353,"1XXX  Guthrie Ave N, OAKDALE",ALARM-BUSINESS/RES/FIRE/MEDICAL/ETC
OAKDALE POLICE DEPARTMENT,OAKDALE,7/4/2026 3:14:39 PM,OD26008354,"1XXX  Granada Ave N, OAKDALE",WELFARE CHECK
OAKDALE POLICE DEPARTMENT,OAKDALE,7/4/2026 3:27:36 PM,OD26008355,"1XXX  Granada Trl N, OAKDALE",FIREWORKS
OAKDALE POLICE DEPARTMENT,OAKDALE,7/4/2026 4:01:05 PM,OD26008357,"3XXX  HAYWARD AVE N, OAKDALE",MEDICAL
OAKDALE POLICE DEPARTMENT,OAKDALE,7/4/2026 4:36:48 PM,OD26008358,"XXX GLENBROOK AVE N, OAKDALE",NOISE COMPLAINT/DISTURBANCE
OAKDALE POLICE DEPARTMENT,OAKDALE,7/4/2026 5:07:19 PM,OD26008359,"7XXX  15TH STREET LN N, OAKDALE",MEDICAL
OAKDALE POLICE DEPARTMENT,OAKDALE,7/4/2026 6:16:11 PM,OD26008360,"6XXX  50TH ST N, OAKDALE",THREATS
OAKDALE POLICE DEPARTMENT,OAKDALE,7/4/2026 6:46:01 PM,OD26008361,"XXX GLENBROOK AVE N, OAKDALE",PARKING COMPLAINT
OAKDALE POLICE DEPARTMENT,OAKDALE,7/4/2026 7:18:36 PM,OD26008363,"XXX GLENBROOK AVE N, OAKDALE",FIREWORKS
OAKDALE POLICE DEPARTMENT,OAKDALE,7/4/2026 7:35:40 PM,OD26008364,"3XXX  HADLEY AVE N, OAKDALE",911 ABANDONED/HANGUP/OPEN LINE
OAKDALE POLICE DEPARTMENT,OAKDALE,7/4/2026 7:39:41 PM,OD26008365,"XXX GLENBROOK AVE N, OAKDALE",FIREWORKS
OAKDALE POLICE DEPARTMENT,OAKDALE,7/4/2026 7:43:42 PM,OD26008366,"4XXX  Helena Rd N, OAKDALE",MISSING PERSON
OAKDALE POLICE DEPARTMENT,OAKDALE,7/4/2026 9:17:16 PM,OD26008370,"7XXX  17th St N, OAKDALE",DWI
OAKDALE POLICE DEPARTMENT,OAKDALE,7/4/2026 9:52:46 PM,OD26008372,"6XXX  15TH ST N, OAKDALE",CITIZEN/PUBLIC ASSIST
OAKDALE POLICE DEPARTMENT,OAKDALE,7/4/2026 10:16:25 PM,OD26008375,"7th St N / Gentry Ave N, OAKDALE",FIREWORKS
OAKDALE POLICE DEPARTMENT,OAKDALE,7/4/2026 10:20:01 PM,OD26008376,"1XXX  HELMO AVE N, OAKDALE",FIRE
OAKDALE POLICE DEPARTMENT,OAKDALE,7/4/2026 10:20:38 PM,OD26008377,"2XXX  HYDRAM AVE N, OAKDALE",FIREWORKS
OAKDALE POLICE DEPARTMENT,OAKDALE,7/4/2026 10:22:44 PM,OD26008378,"1XXX  GENTRY AVE N, OAKDALE",FIREWORKS
OAKDALE POLICE DEPARTMENT,OAKDALE,7/4/2026 10:25:09 PM,OD26008379,"4XXX  GERSHWIN AVE N, OAKDALE",FIREWORKS
OAKDALE POLICE DEPARTMENT,OAKDALE,7/4/2026 10:25:29 PM,OD26008381,"6XXX  17th St N, OAKDALE",FIREWORKS
OAKDALE POLICE DEPARTMENT,OAKDALE,7/4/2026 10:48:26 PM,OD26008383,"3XXX  Hallmark Ave N, OAKDALE",FIREWORKS
OAKDALE POLICE DEPARTMENT,OAKDALE,7/4/2026 11:43:39 PM,OD26008389,"1XXX  Granada Ave N, OAKDALE",ASSIST OTHER AGENCY
OAKDALE POLICE DEPARTMENT,OAKDALE,7/4/2026 11:54:10 PM,OD26008391,"1XXX  Hallmark Ave N, OAKDALE",FIRE
OAKDALE POLICE DEPARTMENT,WOODBURY,7/1/2026 11:22:31 PM,OD26008228,"6XXX  HUDSON RD, WOODBURY",ASSIST OTHER AGENCY
ST. PAUL PARK POLICE DEPARTMENT,SAINT PAUL PARK,6/29/2026 9:16:27 AM,SP26005186,"XXX Summit Ave, SAINT PAUL PARK",ACCIDENT
ST. PAUL PARK POLICE DEPARTMENT,SAINT PAUL PARK,6/29/2026 10:30:00 AM,SP26005187,"PULLMAN AVE / 3RD ST, SAINT PAUL PARK",CITIZEN/PUBLIC ASSIST
ST. PAUL PARK POLICE DEPARTMENT,SAINT PAUL PARK,6/29/2026 12:55:14 PM,SP26005191,"1XXX  Selby Ave, SAINT PAUL PARK",RUNAWAY
ST. PAUL PARK POLICE DEPARTMENT,SAINT PAUL PARK,6/29/2026 6:49:56 PM,SP26005201,"XXX 13TH AVE, SAINT PAUL PARK",RUNAWAY
ST. PAUL PARK POLICE DEPARTMENT,SAINT PAUL PARK,6/30/2026 10:59:54 AM,SP26005211,"XXX Pullman Ave, SAINT PAUL PARK",LOST PROPERTY/ITEM
ST. PAUL PARK POLICE DEPARTMENT,SAINT PAUL PARK,6/30/2026 11:56:34 AM,SP26005212,"XXX Broadway Ave, SAINT PAUL PARK",ANIMAL COMPLAINT
STILLWATER POLICE DEPARTMENT,OAK PARK HEIGHTS,6/29/2026 12:01:14 AM,SW26005732,"Saint Croix Crossing Bridge: Hwy 36 Eb - Mn, OAK PARK HEIGHTS",ASSIST OTHER AGENCY
STILLWATER POLICE DEPARTMENT,OAK PARK HEIGHTS,6/30/2026 9:25:08 AM,SW26005774,"Highway 36 / Osgood Ave N, OAK PARK HEIGHTS",ASSIST OTHER AGENCY
STILLWATER POLICE DEPARTMENT,OAK PARK HEIGHTS,7/1/2026 8:19:20 PM,SW26005839,"Osgood Ave N / 58th St N, OAK PARK HEIGHTS",ASSIST OTHER AGENCY
STILLWATER POLICE DEPARTMENT,OAK PARK HEIGHTS,7/2/2026 12:26:15 AM,SW26005852,"OSGOOD AVE N / 60th ST N, OAK PARK HEIGHTS",TRAFFIC STOP
STILLWATER POLICE DEPARTMENT,OAK PARK HEIGHTS,7/2/2026 9:59:07 AM,SW26005858,"Saint Croix Crossing Bridge: Hwy 36 Wb - Mn, OAK PARK HEIGHTS",ASSIST OTHER AGENCY
STILLWATER POLICE DEPARTMENT,OAK PARK HEIGHTS,7/4/2026 7:39:24 PM,SW26005960,"5XXX  Norell Ave N, OAK PARK HEIGHTS",ASSIST OTHER AGENCY
STILLWATER POLICE DEPARTMENT,STILLWATER,6/28/2026 12:25:27 AM,SW26005696,"XXX Mulberry St E, STILLWATER",DISTURBANCE
STILLWATER POLICE DEPARTMENT,STILLWATER,6/28/2026 12:55:58 AM,SW26005698,"XXX Water St S, STILLWATER",DISTURBANCE
STILLWATER POLICE DEPARTMENT,STILLWATER,6/28/2026 1:14:07 AM,SW26005699,"1XXX  4th St N, STILLWATER",MEDICAL
STILLWATER POLICE DEPARTMENT,STILLWATER,6/28/2026 1:23:07 AM,SW26005701,"XXX MAIN ST S, STILLWATER",DISTURBANCE
STILLWATER POLICE DEPARTMENT,STILLWATER,6/28/2026 1:55:20 AM,SW26005702,"1XXX  - 1031 MAIN ST S, STILLWATER",DWI
STILLWATER POLICE DEPARTMENT,STILLWATER,6/28/2026 2:35:01 AM,SW26005703,"XXX Main St S, STILLWATER",DISTURBANCE
STILLWATER POLICE DEPARTMENT,STILLWATER,6/28/2026 3:05:52 AM,SW26005704,"MAIN ST S / CHESTNUT ST E, STILLWATER",FOUND PROPERTY/ITEM
STILLWATER POLICE DEPARTMENT,STILLWATER,6/28/2026 10:51:25 AM,SW26005707,"XXX 4TH ST N, STILLWATER",SUSPICIOUS PERSON/ACTIVITY
STILLWATER POLICE DEPARTMENT,STILLWATER,6/28/2026 10:51:36 AM,SW26005708,"XXX Orleans St E, STILLWATER",SUSPICIOUS PERSON/ACTIVITY
STILLWATER POLICE DEPARTMENT,STILLWATER,6/28/2026 12:58:19 PM,SW26005710,"Boutwell Rd N / Maryknoll Dr N, STILLWATER",ROAD HAZARD
STILLWATER POLICE DEPARTMENT,STILLWATER,6/28/2026 1:18:16 PM,SW26005712,"XXX Eagle Ridge Ln, STILLWATER",MEDICAL
STILLWATER POLICE DEPARTMENT,STILLWATER,6/28/2026 2:31:47 PM,SW26005713,"6XXX  - 6700 STILLWATER BLVD N, STILLWATER",TRAFFIC STOP
STILLWATER POLICE DEPARTMENT,STILLWATER,6/28/2026 2:37:59 PM,SW26005714,"XXX Stillwater Blvd N, STILLWATER",DEATH
STILLWATER POLICE DEPARTMENT,STILLWATER,6/28/2026 2:59:05 PM,SW26005715,"Commercial St / Main St N, STILLWATER",PARKING COMPLAINT
STILLWATER POLICE DEPARTMENT,STILLWATER,6/28/2026 3:18:13 PM,SW26005716,"1XXX  Market Dr, STILLWATER",CIVIL MATTER/DISPUTE
STILLWATER POLICE DEPARTMENT,STILLWATER,6/28/2026 3:26:16 PM,SW26005718,"XXX 4th Ave S, STILLWATER",911 ABANDONED/HANGUP/OPEN LINE
STILLWATER POLICE DEPARTMENT,STILLWATER,6/28/2026 4:17:50 PM,SW26005720,"Myrtle St E / Water St N, STILLWATER",DISTURBANCE
STILLWATER POLICE DEPARTMENT,STILLWATER,6/28/2026 4:42:09 PM,SW26005721,"3rd St S / Marsh St E, STILLWATER",ROAD HAZARD
STILLWATER POLICE DEPARTMENT,STILLWATER,6/28/2026 5:35:16 PM,SW26005723,"XXX Myrtlewood Ct, STILLWATER",MEDICAL
STILLWATER POLICE DEPARTMENT,STILLWATER,6/28/2026 5:46:24 PM,SW26005724,"XXX Linden St W, STILLWATER",TRAFFIC COMPLAINT
STILLWATER POLICE DEPARTMENT,STILLWATER,6/28/2026 8:21:24 PM,SW26005726,"XXX Cherry St W, STILLWATER",SUSPICIOUS PERSON/ACTIVITY
STILLWATER POLICE DEPARTMENT,STILLWATER,6/28/2026 9:26:15 PM,SW26005728,"XXX Greeley St S, STILLWATER",911 ABANDONED/HANGUP/OPEN LINE
STILLWATER POLICE DEPARTMENT,STILLWATER,6/28/2026 10:20:12 PM,SW26005729,"XXX 2ND ST N, STILLWATER",FIRE
STILLWATER POLICE DEPARTMENT,STILLWATER,6/28/2026 10:53:13 PM,SW26005730,"1XXX  Pond View Ln, STILLWATER",SUSPICIOUS PERSON/ACTIVITY
STILLWATER POLICE DEPARTMENT,STILLWATER,6/28/2026 11:59:18 PM,SW26005731,"XXX Hazel St E, STILLWATER",ANIMAL BITE
STILLWATER POLICE DEPARTMENT,STILLWATER,6/29/2026 12:02:24 AM,SW26005733,"1XXX  Tower Dr, STILLWATER",ALARM-BUSINESS/RES/FIRE/MEDICAL/ETC
STILLWATER POLICE DEPARTMENT,STILLWATER,6/29/2026 1:16:38 AM,SW26005734,"Main St N / Myrtle St E, STILLWATER",DRUNK/INTOXICATED 
STILLWATER POLICE DEPARTMENT,STILLWATER,6/29/2026 2:43:39 AM,SW26005735,"1XXX  Frontage Rd W, STILLWATER",911 ABANDONED/HANGUP/OPEN LINE
STILLWATER POLICE DEPARTMENT,STILLWATER,6/29/2026 2:45:03 AM,SW26005736,"1XXX  Greeley St S, STILLWATER",Medical
STILLWATER POLICE DEPARTMENT,STILLWATER,6/29/2026 3:07:34 AM,SW26005737,"1XXX  ORLEANS ST W, STILLWATER",ROAD HAZARD
STILLWATER POLICE DEPARTMENT,STILLWATER,6/29/2026 4:27:30 AM,SW26005738,"XXX 3rd St S, STILLWATER",DRUNK/INTOXICATED 
STILLWATER POLICE DEPARTMENT,STILLWATER,6/29/2026 5:33:19 AM,SW26005739,"1XXX  Tower Dr, STILLWATER",CITIZEN/PUBLIC ASSIST
STILLWATER POLICE DEPARTMENT,STILLWATER,6/29/2026 5:52:47 AM,SW26005740,"1XXX  Frontage Rd W, STILLWATER",911 ABANDONED/HANGUP/OPEN LINE
STILLWATER POLICE DEPARTMENT,STILLWATER,6/29/2026 7:22:18 AM,SW26005742,"XXX Laurel St E, STILLWATER",ALARM-BUSINESS/RES/FIRE/MEDICAL/ETC
STILLWATER POLICE DEPARTMENT,STILLWATER,6/29/2026 8:41:55 AM,SW26005743,"Unknown, STILLWATER",CITIZEN/PUBLIC ASSIST
STILLWATER POLICE DEPARTMENT,STILLWATER,6/29/2026 8:58:45 AM,SW26005745,"1XXX  Market Dr, STILLWATER",SUSPICIOUS PERSON/ACTIVITY
STILLWATER POLICE DEPARTMENT,STILLWATER,6/29/2026 10:35:25 AM,SW26005746,"1XXX  Market Dr, STILLWATER",ACCIDENT
STILLWATER POLICE DEPARTMENT,STILLWATER,6/29/2026 11:05:09 AM,SW26005747,"XXX 4th St S, STILLWATER",WELFARE CHECK
STILLWATER POLICE DEPARTMENT,STILLWATER,6/29/2026 11:24:52 AM,SW26005748,"Washington Ave / Curve Crest Blvd, STILLWATER",ACCIDENT
STILLWATER POLICE DEPARTMENT,STILLWATER,6/29/2026 11:27:48 AM,SW26005749,"XXX 2nd St N, STILLWATER",ALARM-BUSINESS/RES/FIRE/MEDICAL/ETC
STILLWATER POLICE DEPARTMENT,STILLWATER,6/29/2026 11:50:47 AM,SW26005750,"1XXX  Everett St S, STILLWATER",MEDICAL
STILLWATER POLICE DEPARTMENT,STILLWATER,6/29/2026 11:58:28 AM,SW26005751,"XXX Main St N, STILLWATER",911 ABANDONED/HANGUP/OPEN LINE
STILLWATER POLICE DEPARTMENT,STILLWATER,6/29/2026 12:03:37 PM,SW26005752,"15XXX  60th St N, STILLWATER",MEDICAL
STILLWATER POLICE DEPARTMENT,STILLWATER,6/29/2026 1:07:28 PM,SW26005754,"1XXX  Curve Crest Blvd, STILLWATER",WELFARE CHECK
STILLWATER POLICE DEPARTMENT,STILLWATER,6/29/2026 4:08:48 PM,SW26005757,"XXX Churchill St W, STILLWATER",SUSPICIOUS PERSON/ACTIVITY
STILLWATER POLICE DEPARTMENT,STILLWATER,6/29/2026 4:23:02 PM,SW26005758,"Unknown, STILLWATER",OFFICER COMPLAINT/ALLEGATION
STILLWATER POLICE DEPARTMENT,STILLWATER,6/29/2026 4:51:37 PM,SW26005760,"XXX 4th St N, STILLWATER",CITIZEN/PUBLIC ASSIST
STILLWATER POLICE DEPARTMENT,STILLWATER,6/29/2026 5:21:33 PM,SW26005761,"1XXX  Frontage Rd W, STILLWATER",911 ABANDONED/HANGUP/OPEN LINE
STILLWATER POLICE DEPARTMENT,STILLWATER,6/29/2026 6:10:03 PM,SW26005762,"1XXX  Sycamore St W, STILLWATER",FIRE
STILLWATER POLICE DEPARTMENT,STILLWATER,6/29/2026 6:31:18 PM,SW26005763,"1XXX  2ND ST N, STILLWATER",ANIMAL COMPLAINT
STILLWATER POLICE DEPARTMENT,STILLWATER,6/29/2026 8:00:02 PM,SW26005764,"1XXX  Market Dr, STILLWATER",UNWANTED PERSON/VEHICLE
STILLWATER POLICE DEPARTMENT,STILLWATER,6/29/2026 8:29:11 PM,SW26005765,"1XXX  Cottage Dr, STILLWATER",NOISE COMPLAINT/DISTURBANCE
STILLWATER POLICE DEPARTMENT,STILLWATER,6/29/2026 11:09:50 PM,SW26005769,"XX Stillwater Lift Bridge (pedestrian) - Mn, STILLWATER",TRAFFIC COMPLAINT
STILLWATER POLICE DEPARTMENT,STILLWATER,6/30/2026 3:37:25 AM,SW26005771,"1XXX  Curve Crest Blvd W, STILLWATER",ALARM-BUSINESS/RES/FIRE/MEDICAL/ETC
STILLWATER POLICE DEPARTMENT,STILLWATER,6/30/2026 6:51:11 AM,SW26005772,"XXX BRIDGEWATER WAY, STILLWATER",LIFT ASSIST
STILLWATER POLICE DEPARTMENT,STILLWATER,6/30/2026 9:03:56 AM,SW26005773,"XXX WILLIAM ST N, STILLWATER",DRIVING COMPLAINT
STILLWATER POLICE DEPARTMENT,STILLWATER,6/30/2026 9:45:12 AM,SW26005775,"12XXX  87th St N, STILLWATER",ANIMAL COMPLAINT
STILLWATER POLICE DEPARTMENT,STILLWATER,6/30/2026 10:03:12 AM,SW26005776,"1XXX  Oak St W, STILLWATER",911 ABANDONED/HANGUP/OPEN LINE
STILLWATER POLICE DEPARTMENT,STILLWATER,6/30/2026 10:23:18 AM,SW26005777,"1XXX  Curve Crest Blvd W, STILLWATER",ALARM-BUSINESS/RES/FIRE/MEDICAL/ETC
STILLWATER POLICE DEPARTMENT,STILLWATER,6/30/2026 10:52:55 AM,SW26005778,"1XXX  Curve Crest Blvd W, STILLWATER",ACCIDENT
STILLWATER POLICE DEPARTMENT,STILLWATER,6/30/2026 11:35:21 AM,SW26005779,"2XXX  3rd St N, STILLWATER",CIVIL MATTER/DISPUTE
STILLWATER POLICE DEPARTMENT,STILLWATER,6/30/2026 1:44:31 PM,SW26005781,"2XXX  Market Dr, STILLWATER",SHOPLIFTING
STILLWATER POLICE DEPARTMENT,STILLWATER,6/30/2026 2:00:14 PM,SW26005782,"14XXX  62nd St N, STILLWATER",HRO VIOLATION
STILLWATER POLICE DEPARTMENT,STILLWATER,6/30/2026 2:15:59 PM,SW26005784,"1XXX  WILLIAM ST N, STILLWATER",ANIMAL COMPLAINT
STILLWATER POLICE DEPARTMENT,STILLWATER,6/30/2026 2:50:25 PM,SW26005785,"XXX Nelson St, STILLWATER",MEDICAL
STILLWATER POLICE DEPARTMENT,STILLWATER,6/30/2026 3:25:12 PM,SW26005788,"XXX Main St N, STILLWATER",VEHICLE UNLOCK
STILLWATER POLICE DEPARTMENT,STILLWATER,6/30/2026 4:29:46 PM,SW26005791,"XXX 3rd St N, STILLWATER",ANIMAL COMPLAINT
STILLWATER POLICE DEPARTMENT,STILLWATER,6/30/2026 4:29:53 PM,SW26005790,"XXX Linden St W, STILLWATER",ANIMAL COMPLAINT
STILLWATER POLICE DEPARTMENT,STILLWATER,6/30/2026 4:33:32 PM,SW26005792,"XXX Laurel St E, STILLWATER",ANIMAL COMPLAINT
STILLWATER POLICE DEPARTMENT,STILLWATER,6/30/2026 5:06:58 PM,SW26005794,"2XXX  Orleans St W, STILLWATER",WELFARE CHECK
STILLWATER POLICE DEPARTMENT,STILLWATER,6/30/2026 7:02:29 PM,SW26005796,"XXX MULBERRY ST E, STILLWATER",MEDICAL
STILLWATER POLICE DEPARTMENT,STILLWATER,6/30/2026 7:45:35 PM,SW26005797,"1XXX  2nd St N, STILLWATER",PUBLIC WORKS CONCERN
STILLWATER POLICE DEPARTMENT,STILLWATER,6/30/2026 8:43:09 PM,SW26005798,"XXX 2nd St N, STILLWATER",MEDICAL
STILLWATER POLICE DEPARTMENT,STILLWATER,6/30/2026 10:08:42 PM,SW26005799,"2XXX  Frontage Rd W, STILLWATER",ALARM-BUSINESS/RES/FIRE/MEDICAL/ETC
STILLWATER POLICE DEPARTMENT,STILLWATER,6/30/2026 11:14:43 PM,SW26005804,"XXX 2nd St N, STILLWATER",VEHICLE TAMPERING
STILLWATER POLICE DEPARTMENT,STILLWATER,7/1/2026 9:22:00 AM,SW26005807,"Washington Ave / Highway 36, STILLWATER",ACCIDENT
STILLWATER POLICE DEPARTMENT,STILLWATER,7/1/2026 9:38:12 AM,SW26005809,"XXX Bridgewater Way, STILLWATER",PARKING COMPLAINT
STILLWATER POLICE DEPARTMENT,STILLWATER,7/1/2026 10:07:32 AM,SW26005810,"1XXX  Oak Glen Dr, STILLWATER",SUSPICIOUS PERSON/ACTIVITY
STILLWATER POLICE DEPARTMENT,STILLWATER,7/1/2026 10:56:03 AM,SW26005811,"1XXX  Market Dr, STILLWATER",LOCKOUT
STILLWATER POLICE DEPARTMENT,STILLWATER,7/1/2026 11:01:05 AM,SW26005813,"2XXX  Orleans St W, STILLWATER",FAMILY ASSIST
STILLWATER POLICE DEPARTMENT,STILLWATER,7/1/2026 11:25:10 AM,SW26005814,"XXX 4TH ST N, STILLWATER",OFP VIOLATION
STILLWATER POLICE DEPARTMENT,STILLWATER,7/1/2026 12:31:29 PM,SW26005816,"Unknown, STILLWATER",ASSIST OTHER AGENCY
STILLWATER POLICE DEPARTMENT,STILLWATER,7/1/2026 12:52:39 PM,SW26005817,"William St N / Mulberry St W, STILLWATER",DRIVING COMPLAINT
STILLWATER POLICE DEPARTMENT,STILLWATER,7/1/2026 12:55:50 PM,SW26005818,"1XXX  3rd St N, STILLWATER",CIVIL MATTER/DISPUTE
STILLWATER POLICE DEPARTMENT,STILLWATER,7/1/2026 1:07:24 PM,SW26005819,"XXX 3rd St N, STILLWATER",OFFICER INFORMATION
STILLWATER POLICE DEPARTMENT,STILLWATER,7/1/2026 1:49:51 PM,SW26005820,"XXX Greeley St S, STILLWATER",MEDICAL
STILLWATER POLICE DEPARTMENT,STILLWATER,7/1/2026 2:05:24 PM,SW26005821,"1XXX  Sycamore St W, STILLWATER",ACCIDENT
STILLWATER POLICE DEPARTMENT,STILLWATER,7/1/2026 2:18:00 PM,SW26005823,"XXX Main St S, STILLWATER",ANIMAL COMPLAINT
STILLWATER POLICE DEPARTMENT,STILLWATER,7/1/2026 2:20:49 PM,SW26005824,"XXX Cherry St W, STILLWATER",ASSAULT
STILLWATER POLICE DEPARTMENT,STILLWATER,7/1/2026 3:04:06 PM,SW26005825,"1XXX  Frontage Rd W, STILLWATER",911 ABANDONED/HANGUP/OPEN LINE
STILLWATER POLICE DEPARTMENT,STILLWATER,7/1/2026 3:14:05 PM,SW26005826,"1XXX  Owens St N, STILLWATER",MEDICAL
STILLWATER POLICE DEPARTMENT,STILLWATER,7/1/2026 3:21:11 PM,SW26005827,"1XXX  Owens St N, STILLWATER",MEDICAL
STILLWATER POLICE DEPARTMENT,STILLWATER,7/1/2026 3:57:54 PM,SW26005828,"1XXX  Cottage Dr, STILLWATER",WELFARE CHECK
STILLWATER POLICE DEPARTMENT,STILLWATER,7/1/2026 4:36:15 PM,SW26005830,"Pine Hollow Grn / Settlers Way, STILLWATER",ACCIDENT
STILLWATER POLICE DEPARTMENT,STILLWATER,7/1/2026 5:09:53 PM,SW26005831,"15XXX  62nd St N, STILLWATER",WELFARE CHECK
STILLWATER POLICE DEPARTMENT,STILLWATER,7/1/2026 6:31:25 PM,SW26005832,"XXX 4th St N, STILLWATER",FRAUD/SCAM
STILLWATER POLICE DEPARTMENT,STILLWATER,7/1/2026 7:12:10 PM,SW26005833,"XXX Linden St W, STILLWATER",MEDICAL
STILLWATER POLICE DEPARTMENT,STILLWATER,7/1/2026 7:18:40 PM,SW26005834,"1XXX  Curve Crest Blvd W, STILLWATER",MEDICAL
STILLWATER POLICE DEPARTMENT,STILLWATER,7/1/2026 7:31:13 PM,SW26005836,"XXX 2ND ST N, STILLWATER",DUMPING COMPLAINT
STILLWATER POLICE DEPARTMENT,STILLWATER,7/1/2026 7:34:44 PM,SW26005837,"XXX Cherry St W, STILLWATER",CITIZEN/PUBLIC ASSIST
STILLWATER POLICE DEPARTMENT,STILLWATER,7/1/2026 8:20:41 PM,SW26005838,"XXX Mulberry St E, STILLWATER",MEDICAL
STILLWATER POLICE DEPARTMENT,STILLWATER,7/1/2026 9:55:51 PM,SW26005840,"XXX New England Pl, STILLWATER",ALARM-BUSINESS/RES/FIRE/MEDICAL/ETC
STILLWATER POLICE DEPARTMENT,STILLWATER,7/1/2026 10:04:53 PM,SW26005841,"XXX New England Pl, STILLWATER",ALARM-BUSINESS/RES/FIRE/MEDICAL/ETC
STILLWATER POLICE DEPARTMENT,STILLWATER,7/1/2026 10:25:54 PM,SW26005842,"XXX Lake Dr, STILLWATER",SUSPICIOUS PERSON/ACTIVITY
STILLWATER POLICE DEPARTMENT,STILLWATER,7/1/2026 11:09:44 PM,SW26005846,"1XXX  Cottage Dr, STILLWATER",UNWANTED PERSON/VEHICLE
STILLWATER POLICE DEPARTMENT,STILLWATER,7/2/2026 12:00:47 AM,SW26005850,"1XXX  Market Dr, STILLWATER",ALARM-BUSINESS/RES/FIRE/MEDICAL/ETC
STILLWATER POLICE DEPARTMENT,STILLWATER,7/2/2026 7:59:00 AM,SW26005856,"XXX Bridgewater Way, STILLWATER",PARKING COMPLAINT
STILLWATER POLICE DEPARTMENT,STILLWATER,7/2/2026 10:10:09 AM,SW26005859,"12XXX  62nd St N, STILLWATER",911 ABANDONED/HANGUP/OPEN LINE
STILLWATER POLICE DEPARTMENT,STILLWATER,7/2/2026 10:26:22 AM,SW26005860,"XXX Main St N, STILLWATER",MEDICAL
STILLWATER POLICE DEPARTMENT,STILLWATER,7/2/2026 11:04:30 AM,SW26005861,"1XXX  2ND ST N, STILLWATER",FOLLOW UP
STILLWATER POLICE DEPARTMENT,STILLWATER,7/2/2026 11:35:47 AM,SW26005862,"XXX Chestnut St E, STILLWATER",ACCIDENT
STILLWATER POLICE DEPARTMENT,STILLWATER,7/2/2026 1:36:23 PM,SW26005864,"Olive St W / Owens St S, STILLWATER",ACCIDENT
STILLWATER POLICE DEPARTMENT,STILLWATER,7/2/2026 1:53:40 PM,SW26005865,"XXX Linden St W, STILLWATER",MEDICAL
STILLWATER POLICE DEPARTMENT,STILLWATER,7/2/2026 2:33:42 PM,SW26005867,"XXX 2nd St N, STILLWATER",WELFARE CHECK
STILLWATER POLICE DEPARTMENT,STILLWATER,7/2/2026 2:33:50 PM,SW26005866,"2XXX  Orleans St W, STILLWATER",WELFARE CHECK
STILLWATER POLICE DEPARTMENT,STILLWATER,7/2/2026 3:40:59 PM,SW26005869,"Unknown, STILLWATER",CITIZEN/PUBLIC ASSIST
STILLWATER POLICE DEPARTMENT,STILLWATER,7/2/2026 6:43:36 PM,SW26005876,"XXX New England Pl, STILLWATER",ALARM-BUSINESS/RES/FIRE/MEDICAL/ETC
STILLWATER POLICE DEPARTMENT,STILLWATER,7/2/2026 7:17:33 PM,SW26005877,"XXX MAIN ST N, STILLWATER",MEDICAL
STILLWATER POLICE DEPARTMENT,STILLWATER,7/2/2026 7:34:09 PM,SW26005878,"2XXX  ORLEANS ST W, STILLWATER",ACCIDENT
STILLWATER POLICE DEPARTMENT,STILLWATER,7/2/2026 7:53:20 PM,SW26005879,"HAZEL ST E / BROADWAY ST N, STILLWATER",MEDICAL
STILLWATER POLICE DEPARTMENT,STILLWATER,7/2/2026 8:07:23 PM,SW26005880,"XXX HARRIET ST N, STILLWATER",TRAFFIC STOP
STILLWATER POLICE DEPARTMENT,STILLWATER,7/2/2026 8:35:00 PM,SW26005881,"2XXX  Market Dr, STILLWATER",WELFARE CHECK
STILLWATER POLICE DEPARTMENT,STILLWATER,7/2/2026 8:50:00 PM,SW26005882,"Manning Ave N / 75th St N, STILLWATER",ACCIDENT
STILLWATER POLICE DEPARTMENT,STILLWATER,7/2/2026 8:56:51 PM,SW26005883,"1st St N / Elm St, STILLWATER",DISTURBANCE
STILLWATER POLICE DEPARTMENT,STILLWATER,7/2/2026 9:11:29 PM,SW26005885,"2XXX  Orleans St W, STILLWATER",CITIZEN/PUBLIC ASSIST
STILLWATER POLICE DEPARTMENT,STILLWATER,7/2/2026 9:16:06 PM,SW26005884,"1XXX  Market Dr, STILLWATER",TRAFFIC COMPLAINT
STILLWATER POLICE DEPARTMENT,STILLWATER,7/2/2026 10:46:41 PM,SW26005888,"2XXX  Washington Ave, STILLWATER",ALARM-BUSINESS/RES/FIRE/MEDICAL/ETC
STILLWATER POLICE DEPARTMENT,STILLWATER,7/2/2026 10:57:43 PM,SW26005890,"XXX Main St N, STILLWATER",ALARM-BUSINESS/RES/FIRE/MEDICAL/ETC
STILLWATER POLICE DEPARTMENT,STILLWATER,7/3/2026 12:39:58 AM,SW26005893,"13XXX  Dellwood Rd N, STILLWATER",ALARM-BUSINESS/RES/FIRE/MEDICAL/ETC
STILLWATER POLICE DEPARTMENT,STILLWATER,7/3/2026 1:26:05 AM,SW26005896,"MAIN ST S, STILLWATER",DWI
STILLWATER POLICE DEPARTMENT,STILLWATER,7/3/2026 9:20:42 AM,SW26005898,"XXX Main St S, STILLWATER",PARKING COMPLAINT
STILLWATER POLICE DEPARTMENT,STILLWATER,7/3/2026 10:27:50 AM,SW26005899,"XXX 4th St N, STILLWATER",CITIZEN/PUBLIC ASSIST
STILLWATER POLICE DEPARTMENT,STILLWATER,7/3/2026 11:25:39 AM,SW26005900,"XXX 2nd St S, STILLWATER",CIVIL MATTER/DISPUTE
STILLWATER POLICE DEPARTMENT,STILLWATER,7/3/2026 1:02:52 PM,SW26005901,"XXX Main St S, STILLWATER",CITIZEN/PUBLIC ASSIST
STILLWATER POLICE DEPARTMENT,STILLWATER,7/3/2026 1:13:20 PM,SW26005902,"Mulberry St E / 2nd St N, STILLWATER",ACCIDENT
STILLWATER POLICE DEPARTMENT,STILLWATER,7/3/2026 1:28:51 PM,SW26005904,"XXX Rice St W, STILLWATER",ROAD HAZARD
STILLWATER POLICE DEPARTMENT,STILLWATER,7/3/2026 2:51:52 PM,SW26005905,"XXX Main St S, STILLWATER",PARKING COMPLAINT
STILLWATER POLICE DEPARTMENT,STILLWATER,7/3/2026 3:37:19 PM,SW26005906,"Stillwater Blvd N / Croixwood Blvd, STILLWATER",LIFT ASSIST
STILLWATER POLICE DEPARTMENT,STILLWATER,7/3/2026 6:55:13 PM,SW26005908,"Chestnut St E / Water St S, STILLWATER",MEDICAL
STILLWATER POLICE DEPARTMENT,STILLWATER,7/3/2026 6:59:41 PM,SW26005909,"2XXX  Woodridge Ln, STILLWATER",CIVIL MATTER/DISPUTE
STILLWATER POLICE DEPARTMENT,STILLWATER,7/3/2026 6:59:54 PM,SW26005910,"XXX Alder St E, STILLWATER",911 ABANDONED/HANGUP/OPEN LINE
STILLWATER POLICE DEPARTMENT,STILLWATER,7/3/2026 7:04:37 PM,SW26005911,"XXX Nelson St, STILLWATER",911 ABANDONED/HANGUP/OPEN LINE
STILLWATER POLICE DEPARTMENT,STILLWATER,7/3/2026 7:31:00 PM,SW26005912,"1XXX  - 1902 OLIVE ST W, STILLWATER",TRAFFIC STOP
STILLWATER POLICE DEPARTMENT,STILLWATER,7/3/2026 7:45:52 PM,SW26005913,"XXX 4TH ST N, STILLWATER",FOUND PROPERTY/ITEM
STILLWATER POLICE DEPARTMENT,STILLWATER,7/3/2026 9:04:37 PM,SW26005917,"Mulberry St E / Main St N, STILLWATER",911 ABANDONED/HANGUP/OPEN LINE
STILLWATER POLICE DEPARTMENT,STILLWATER,7/3/2026 9:53:08 PM,SW26005919,"2XXX  Orleans St W, STILLWATER",FOUND PROPERTY/ITEM
STILLWATER POLICE DEPARTMENT,STILLWATER,7/3/2026 10:43:53 PM,SW26005922,"1XXX  4th Ave S, STILLWATER",TRAFFIC COMPLAINT
STILLWATER POLICE DEPARTMENT,STILLWATER,7/4/2026 12:00:00 AM,SW26005983,"XXX MAIN ST N, STILLWATER",DRIVING COMPLAINT
STILLWATER POLICE DEPARTMENT,STILLWATER,7/4/2026 1:10:27 AM,SW26005926,"1XXX  GREELEY ST S, STILLWATER",DRUNK/INTOXICATED 
STILLWATER POLICE DEPARTMENT,STILLWATER,7/4/2026 1:31:53 AM,SW26005927,"Nelson St / Main St S, STILLWATER",DISORDERLY CONDUCT
STILLWATER POLICE DEPARTMENT,STILLWATER,7/4/2026 2:09:00 AM,SW26005928,"3RD ST N / MYRTLE ST W, STILLWATER",DWI
STILLWATER POLICE DEPARTMENT,STILLWATER,7/4/2026 4:17:23 AM,SW26005929,"1XXX  Linden St W, STILLWATER",MEDICAL
STILLWATER POLICE DEPARTMENT,STILLWATER,7/4/2026 6:04:16 AM,SW26005930,"1XXX  4th St N, STILLWATER",ALARM-BUSINESS/RES/FIRE/MEDICAL/ETC
STILLWATER POLICE DEPARTMENT,STILLWATER,7/4/2026 6:50:09 AM,SW26005931,"XXX Eben Ct, STILLWATER",MEDICAL
STILLWATER POLICE DEPARTMENT,STILLWATER,7/4/2026 7:16:49 AM,SW26005932,"XXX CHESTNUT ST E, STILLWATER",WELFARE CHECK
STILLWATER POLICE DEPARTMENT,STILLWATER,7/4/2026 8:58:27 AM,SW26005933,"Stillwater Blvd N / Orleans St W, STILLWATER",DRIVING COMPLAINT
STILLWATER POLICE DEPARTMENT,STILLWATER,7/4/2026 11:04:21 AM,SW26005934,"XXX Mulberry St E, STILLWATER",CITIZEN/PUBLIC ASSIST
STILLWATER POLICE DEPARTMENT,STILLWATER,7/4/2026 11:13:06 AM,SW26005935,"1XXX  Market Dr, STILLWATER",911 ABANDONED/HANGUP/OPEN LINE
STILLWATER POLICE DEPARTMENT,STILLWATER,7/4/2026 12:19:47 PM,SW26005937,"2XXX  Washington Ave, STILLWATER",ANIMAL COMPLAINT
STILLWATER POLICE DEPARTMENT,STILLWATER,7/4/2026 12:39:50 PM,SW26005938,"XXX Northland Ave, STILLWATER",911 ABANDONED/HANGUP/OPEN LINE
STILLWATER POLICE DEPARTMENT,STILLWATER,7/4/2026 1:21:40 PM,SW26005939,"XXX 3rd St S, STILLWATER",WELFARE CHECK
STILLWATER POLICE DEPARTMENT,STILLWATER,7/4/2026 3:30:00 PM,sw26005944,"2XXX  MARKET DR, STILLWATER",THEFT
STILLWATER POLICE DEPARTMENT,STILLWATER,7/4/2026 3:36:10 PM,SW26005945,"2XXX  Market Dr, STILLWATER",911
STILLWATER POLICE DEPARTMENT,STILLWATER,7/4/2026 4:00:20 PM,SW26005947,"XXX Pine St W, STILLWATER",WELFARE CHECK
STILLWATER POLICE DEPARTMENT,STILLWATER,7/4/2026 4:15:53 PM,SW26005948,"2XXX  Market Dr, STILLWATER",UNWANTED PERSON/VEHICLE
STILLWATER POLICE DEPARTMENT,STILLWATER,7/4/2026 4:43:31 PM,SW26005950,"XXX MULBERRY ST E, STILLWATER",ALARM-BUSINESS/RES/FIRE/MEDICAL/ETC
STILLWATER POLICE DEPARTMENT,STILLWATER,7/4/2026 4:45:27 PM,SW26005951,"XXX Main St S, STILLWATER",MEDICAL
STILLWATER POLICE DEPARTMENT,STILLWATER,7/4/2026 5:10:47 PM,SW26005953,"XXX 2nd St N, STILLWATER",ALARM-BUSINESS/RES/FIRE/MEDICAL/ETC
STILLWATER POLICE DEPARTMENT,STILLWATER,7/4/2026 5:19:58 PM,SW26005954,"XX Stillwater Blvd N To Hwy 36 Wb Ramp, STILLWATER",ROAD HAZARD
STILLWATER POLICE DEPARTMENT,STILLWATER,7/4/2026 6:04:34 PM,SW26005955,"12XXX  62nd St N, STILLWATER",SUSPICIOUS PERSON/ACTIVITY
STILLWATER POLICE DEPARTMENT,STILLWATER,7/4/2026 6:35:48 PM,SW26005957,"XXX Main St N, STILLWATER",911 ABANDONED/HANGUP/OPEN LINE
STILLWATER POLICE DEPARTMENT,STILLWATER,7/4/2026 6:43:30 PM,SW26005958,"XXX Main St N, STILLWATER",PROPERTY DAMAGE
STILLWATER POLICE DEPARTMENT,STILLWATER,7/4/2026 7:16:24 PM,SW26005959,"XXX Greeley St S, STILLWATER",MEDICAL
STILLWATER POLICE DEPARTMENT,STILLWATER,7/4/2026 7:44:16 PM,SW26005962,"Saint Croix River Jno Lift Bridge-sw, STILLWATER",WATERCRAFT ASSIST/RESCUE
STILLWATER POLICE DEPARTMENT,STILLWATER,7/4/2026 7:44:25 PM,SW26005961,"1XXX  Olive St W, STILLWATER",OVERDOSE
STILLWATER POLICE DEPARTMENT,STILLWATER,7/4/2026 8:05:29 PM,SW26005964,"2XXX  Curve Crest Blvd, STILLWATER",ALARM-BUSINESS/RES/FIRE/MEDICAL/ETC
STILLWATER POLICE DEPARTMENT,STILLWATER,7/4/2026 8:05:55 PM,SW26005965,"XXX Main St S, STILLWATER",911 ABANDONED/HANGUP/OPEN LINE
STILLWATER POLICE DEPARTMENT,STILLWATER,7/4/2026 8:24:20 PM,SW26005968,"1XXX  GREELEY ST S, STILLWATER",WELFARE CHECK
STILLWATER POLICE DEPARTMENT,STILLWATER,7/4/2026 8:30:00 PM,SW26005970,"2XXX  Market Dr, STILLWATER",SHOPLIFTING
STILLWATER POLICE DEPARTMENT,STILLWATER,7/4/2026 9:02:52 PM,SW26005971,"XXX 4th St N, STILLWATER",CITIZEN/PUBLIC ASSIST
STILLWATER POLICE DEPARTMENT,STILLWATER,7/4/2026 9:39:15 PM,SW26005972,"XXX 2nd St N, STILLWATER",CIVIL MATTER/DISPUTE
STILLWATER POLICE DEPARTMENT,STILLWATER,7/4/2026 10:26:09 PM,SW26005977,"6th St S / Myrtle St W, STILLWATER",ACCIDENT
STILLWATER POLICE DEPARTMENT,STILLWATER,7/4/2026 10:41:59 PM,SW26005981,"Olive St E / 2nd St S, STILLWATER",ACCIDENT
STILLWATER POLICE DEPARTMENT,STILLWATER,7/4/2026 11:03:01 PM,SW26005985,"1XXX  Cottage Dr, STILLWATER",SUSPICIOUS PERSON/ACTIVITY
STILLWATER POLICE DEPARTMENT,STILLWATER,7/4/2026 11:29:19 PM,SW26005987,"Union Aly / Chestnut St E, STILLWATER",WELFARE CHECK
STILLWATER POLICE DEPARTMENT,STILLWATER,7/4/2026 11:53:27 PM,SW26005990,"XXX Water St S, STILLWATER",TRESPASSING
STILLWATER POLICE DEPARTMENT,WEST LAKELAND TOWNSHIP,6/28/2026 4:49:55 PM,SW26005722,"1XXX  Park Ave N, WEST LAKELAND TOWNSHIP",ASSIST OTHER AGENCY
STILLWATER POLICE DEPARTMENT,WOODBURY,6/30/2026 5:30:00 PM,SW26005793,"XXX KINGFISHER LN, WOODBURY",CITIZEN/PUBLIC ASSIST
WASHINGTON COUNTY SHERIFFS OFFICE,AFTON,6/28/2026 1:55:03 AM,WC26031671,"14XXX  Hudson Rd S, AFTON",ALARM-BUSINESS/RES/FIRE/MEDICAL/ETC
WASHINGTON COUNTY SHERIFFS OFFICE,AFTON,6/28/2026 7:33:12 AM,WC26031685,"Unknown, AFTON",LOST PROPERTY/ITEM
WASHINGTON COUNTY SHERIFFS OFFICE,AFTON,6/28/2026 11:24:10 AM,WC26031708,"Neal Ave S / Hudson Rd S, AFTON",ROAD HAZARD
WASHINGTON COUNTY SHERIFFS OFFICE,AFTON,6/28/2026 1:32:18 PM,WC26031723,"12XXX  10th St S, AFTON",SUSPICIOUS PERSON/ACTIVITY
WASHINGTON COUNTY SHERIFFS OFFICE,AFTON,6/28/2026 3:00:23 PM,WC26031743,"Nybeck Ave S / 30th St S, AFTON",PUBLIC WORKS CONCERN
WASHINGTON COUNTY SHERIFFS OFFICE,AFTON,6/28/2026 4:19:56 PM,WC26031753,"12XXX  22nd St S, AFTON",911 ABANDONED/HANGUP/OPEN LINE
WASHINGTON COUNTY SHERIFFS OFFICE,AFTON,6/29/2026 5:54:00 AM,WC26031818,"Hudson Rd S / Manning Ave S, AFTON",ACCIDENT
WASHINGTON COUNTY SHERIFFS OFFICE,AFTON,6/29/2026 12:59:12 PM,WC26031872,"2XXX  Meadow Pass, AFTON",ALARM-BUSINESS/RES/FIRE/MEDICAL/ETC
WASHINGTON COUNTY SHERIFFS OFFICE,AFTON,6/29/2026 1:05:14 PM,WC26031874,"14XXX  45th St S, AFTON",MEDICAL
WASHINGTON COUNTY SHERIFFS OFFICE,AFTON,6/29/2026 9:15:04 PM,WC26031977,"12XXX  Meadow Bluff Trl, AFTON",ALARM-BUSINESS/RES/FIRE/MEDICAL/ETC
WASHINGTON COUNTY SHERIFFS OFFICE,AFTON,6/30/2026 11:07:12 AM,WC26032059,"Hudson Rd S / Manning Ave S, AFTON",INCIDENT
WASHINGTON COUNTY SHERIFFS OFFICE,AFTON,6/30/2026 11:42:11 AM,WC26032068,"Unknown, AFTON",INCIDENT
WASHINGTON COUNTY SHERIFFS OFFICE,AFTON,6/30/2026 2:10:29 PM,WC26032107,"Saint Croix Trl S / Stagecoach Trl S, AFTON",OFFICER INFORMATION
WASHINGTON COUNTY SHERIFFS OFFICE,AFTON,6/30/2026 2:46:07 PM,WC26032111,"Stagecoach Trl S / Sand Hill Rd S, AFTON",INCIDENT
WASHINGTON COUNTY SHERIFFS OFFICE,AFTON,6/30/2026 3:22:24 PM,WC26032120,"4XXX  Ozark Ave S, AFTON",WELFARE CHECK
WASHINGTON COUNTY SHERIFFS OFFICE,AFTON,6/30/2026 4:48:48 PM,WC26032141,"1XXX  Majestic Pines Trl, AFTON",ALARM-BUSINESS/RES/FIRE/MEDICAL/ETC
WASHINGTON COUNTY SHERIFFS OFFICE,AFTON,6/30/2026 8:44:58 PM,WC26032175,"1XXX  Neal Ave S, AFTON",ALARM-BUSINESS/RES/FIRE/MEDICAL/ETC
WASHINGTON COUNTY SHERIFFS OFFICE,AFTON,7/1/2026 7:24:39 AM,WC26032237,"15XXX  Afton Blvd S, AFTON",INCIDENT
WASHINGTON COUNTY SHERIFFS OFFICE,AFTON,7/1/2026 8:08:20 AM,WC26032245,"Manning Ave S Nb Over I94, AFTON",INCIDENT
WASHINGTON COUNTY SHERIFFS OFFICE,AFTON,7/1/2026 10:33:05 AM,WC26032275,"12XXX  8th St S, AFTON",MEDICAL
WASHINGTON COUNTY SHERIFFS OFFICE,AFTON,7/1/2026 3:27:19 PM,WC26032327,"XXX Stagecoach Trl S, AFTON",ANIMAL COMPLAINT
WASHINGTON COUNTY SHERIFFS OFFICE,AFTON,7/2/2026 2:19:00 PM,WC26032561,"29XXX -BLK SAINT CROIX TRL S, AFTON",TRAFFIC STOP
WASHINGTON COUNTY SHERIFFS OFFICE,AFTON,7/2/2026 7:21:44 PM,WC26032621,"5XXX  Saint Croix Trl S, AFTON",MEDICAL
WASHINGTON COUNTY SHERIFFS OFFICE,AFTON,7/2/2026 11:00:11 PM,WC26032675,"4XXX  Norcrest Ave S, AFTON",MEDICAL
WASHINGTON COUNTY SHERIFFS OFFICE,AFTON,7/3/2026 11:41:25 AM,WC26032745,"4XXX  Norcrest Ave S, AFTON",911 ABANDONED/HANGUP/OPEN LINE
WASHINGTON COUNTY SHERIFFS OFFICE,AFTON,7/3/2026 11:59:18 AM,WC26032748,"12XXX  15th St S, AFTON",OFFICER INFORMATION
WASHINGTON COUNTY SHERIFFS OFFICE,AFTON,7/3/2026 3:19:11 PM,WC26032769,"15XXX  - 15899 AFTON BLVD S, AFTON",DIRECTED PATROL
WASHINGTON COUNTY SHERIFFS OFFICE,AFTON,7/3/2026 4:31:07 PM,WC26032788,"Neal Ave S / Hudson Rd S, AFTON",WELFARE CHECK
WASHINGTON COUNTY SHERIFFS OFFICE,AFTON,7/3/2026 4:32:00 PM,WC26032789,"13XXX  - 14699 HUDSON RD S, AFTON",TRAFFIC STOP
WASHINGTON COUNTY SHERIFFS OFFICE,AFTON,7/3/2026 5:14:00 PM,WC26032801,"MANNING AVE S / 40TH ST S, AFTON",TRAFFIC STOP
WASHINGTON COUNTY SHERIFFS OFFICE,AFTON,7/3/2026 5:28:00 PM,WC26032804,"1XXX  - 2099 STAGECOACH TRL S, AFTON",TRAFFIC STOP
WASHINGTON COUNTY SHERIFFS OFFICE,AFTON,7/4/2026 11:19:45 AM,WC26032942,"Afton Blvd S / Perrot Ave S, AFTON",ACCIDENT
WASHINGTON COUNTY SHERIFFS OFFICE,AFTON,7/4/2026 12:29:54 PM,WC26032955,"12XXX  Hudson Rd S, AFTON",TRESPASS NOTICE
WASHINGTON COUNTY SHERIFFS OFFICE,AFTON,7/4/2026 1:00:00 PM,WC26033278,"SAINT CROIX TRL S / 32ND ST S, AFTON",COMMUNITY CONTACT
WASHINGTON COUNTY SHERIFFS OFFICE,AFTON,7/4/2026 4:33:27 PM,WC26033006,"14XXX  50th St S, AFTON",WELFARE CHECK
WASHINGTON COUNTY SHERIFFS OFFICE,AFTON,7/4/2026 7:24:17 PM,WC26033047,"3XXX  Saint Croix Trl S, AFTON",911 ABANDONED/HANGUP/OPEN LINE
WASHINGTON COUNTY SHERIFFS OFFICE,BAYTOWN TOWNSHIP,6/29/2026 9:12:22 PM,WC26031976,"4XXX  Stagecoach Trl N, BAYTOWN TOWNSHIP",911 ABANDONED/HANGUP/OPEN LINE
WASHINGTON COUNTY SHERIFFS OFFICE,BAYTOWN TOWNSHIP,6/29/2026 10:37:14 PM,WC26031984,"40th St N / Northbrook Blvd N, BAYTOWN TOWNSHIP",ACCIDENT
WASHINGTON COUNTY SHERIFFS OFFICE,BAYTOWN TOWNSHIP,7/1/2026 7:59:57 AM,WC26032243,"Olinda Blvd N / Osgood Ave N, BAYTOWN TOWNSHIP",ROAD HAZARD
WASHINGTON COUNTY SHERIFFS OFFICE,BAYTOWN TOWNSHIP,7/1/2026 11:18:28 PM,WC26032407,"HWY 95 JSO OSPREY BLVD, BAYTOWN TOWNSHIP",MOTORIST ASSIST
WASHINGTON COUNTY SHERIFFS OFFICE,BAYTOWN TOWNSHIP,7/3/2026 10:46:18 AM,WC26032735,"4XXX  Mcdonald Drive Cir N, BAYTOWN TOWNSHIP",ALARM-BUSINESS/RES/FIRE/MEDICAL/ETC
WASHINGTON COUNTY SHERIFFS OFFICE,BAYTOWN TOWNSHIP,7/3/2026 7:15:00 PM,WC26032822,"STAGECOACH TRL N / 30TH ST N, BAYTOWN TOWNSHIP",TRAFFIC STOP
WASHINGTON COUNTY SHERIFFS OFFICE,BIRCHWOOD,6/28/2026 10:45:56 AM,WC26031701,"XXX Lake Ave, BIRCHWOOD",PROPERTY DAMAGE
WASHINGTON COUNTY SHERIFFS OFFICE,BIRCHWOOD,6/28/2026 10:53:49 AM,WC26031702,"XXX Lake Ave, BIRCHWOOD",ROAD HAZARD
WASHINGTON COUNTY SHERIFFS OFFICE,BIRCHWOOD,6/28/2026 7:42:07 PM,WC26031770,"XXX Lake Ave, BIRCHWOOD",MEDICAL
WASHINGTON COUNTY SHERIFFS OFFICE,BIRCHWOOD,6/29/2026 2:06:56 PM,WC26031895,"Unknown, BIRCHWOOD",OFFICER INFORMATION
WASHINGTON COUNTY SHERIFFS OFFICE,BIRCHWOOD,7/3/2026 3:11:25 PM,WC26032767,"Cedar St / East County Line Rd, BIRCHWOOD",WELFARE CHECK
WASHINGTON COUNTY SHERIFFS OFFICE,BIRCHWOOD,7/4/2026 5:03:29 PM,WC26033010,"XXX Jay St, BIRCHWOOD",UNWANTED PERSON/VEHICLE
WASHINGTON COUNTY SHERIFFS OFFICE,COTTAGE GROVE,6/30/2026 11:20:42 AM,WC26032065,"Hadley Ave S / 65th St S, COTTAGE GROVE",ASSIST OTHER AGENCY
WASHINGTON COUNTY SHERIFFS OFFICE,COTTAGE GROVE,6/30/2026 5:16:58 PM,WC26032143,"6XXX  PINE ARBOR DR S, COTTAGE GROVE",ASSIST OTHER AGENCY
WASHINGTON COUNTY SHERIFFS OFFICE,COTTAGE GROVE,6/30/2026 5:25:12 PM,WC26032147,"7XXX  Jorgensen Ln S, COTTAGE GROVE",ASSIST OTHER AGENCY
WASHINGTON COUNTY SHERIFFS OFFICE,COTTAGE GROVE,7/1/2026 2:47:00 AM,WC26032226,"HWY 61 SB JNO 80TH ST S, COTTAGE GROVE",TRAFFIC STOP
WASHINGTON COUNTY SHERIFFS OFFICE,COTTAGE GROVE,7/2/2026 1:24:18 PM,WC26032552,"6XXX  - 6998 MANNING AVE S, COTTAGE GROVE",DIRECTED PATROL
WASHINGTON COUNTY SHERIFFS OFFICE,COTTAGE GROVE,7/2/2026 3:10:28 PM,WC26032575,"6XXX  Jensen Alcove S, COTTAGE GROVE",FRAUD/SCAM
WASHINGTON COUNTY SHERIFFS OFFICE,COTTAGE GROVE,7/4/2026 5:18:12 PM,WC26033017,"70TH ST S / MEADOW GRASS AVE S, COTTAGE GROVE",FOUND PERSON
WASHINGTON COUNTY SHERIFFS OFFICE,DELLWOOD,6/28/2026 9:43:01 AM,WC26031694,"XXX Dellwood Ave, DELLWOOD",MEDICAL
WASHINGTON COUNTY SHERIFFS OFFICE,DELLWOOD,6/28/2026 10:53:43 AM,WC26031703,"XX Doral Rd, DELLWOOD",ALARM-BUSINESS/RES/FIRE/MEDICAL/ETC
WASHINGTON COUNTY SHERIFFS OFFICE,DELLWOOD,6/28/2026 11:03:21 AM,WC26031709,"9XXX  Ideal Ave N, DELLWOOD",ROAD HAZARD
WASHINGTON COUNTY SHERIFFS OFFICE,DELLWOOD,7/1/2026 4:10:49 PM,WC26032336,"Hwy 96 At Meadow Ln, DELLWOOD",ACCIDENT
WASHINGTON COUNTY SHERIFFS OFFICE,DELLWOOD,7/1/2026 9:59:44 PM,WC26032393,"XXX Dellwood Rd N, DELLWOOD",CITIZEN/PUBLIC ASSIST
WASHINGTON COUNTY SHERIFFS OFFICE,DENMARK TOWNSHIP,6/28/2026 10:37:15 AM,WC26031699,"12XXX  Margo Ave S, DENMARK TOWNSHIP",ALARM-BUSINESS/RES/FIRE/MEDICAL/ETC
WASHINGTON COUNTY SHERIFFS OFFICE,DENMARK TOWNSHIP,6/29/2026 1:50:00 PM,WC26031887,"15XXX  102ND ST S, DENMARK TOWNSHIP",INCIDENT
WASHINGTON COUNTY SHERIFFS OFFICE,DENMARK TOWNSHIP,6/29/2026 5:18:53 PM,WC26031941,"HWY 61 SB AT HWY 10, DENMARK TOWNSHIP",ACCIDENT
WASHINGTON COUNTY SHERIFFS OFFICE,DENMARK TOWNSHIP,6/30/2026 12:16:22 AM,WC26031991,"14XXX  POINT DOUGLAS DR S, DENMARK TOWNSHIP",SUSPICIOUS PERSON/ACTIVITY
WASHINGTON COUNTY SHERIFFS OFFICE,DENMARK TOWNSHIP,6/30/2026 1:50:21 AM,WC26031999,"6XXX  Peller Ave S, DENMARK TOWNSHIP",ALARM-BUSINESS/RES/FIRE/MEDICAL/ETC
WASHINGTON COUNTY SHERIFFS OFFICE,DENMARK TOWNSHIP,6/30/2026 6:00:48 AM,WC26032011,"14XXX  Ocala Blvd S, DENMARK TOWNSHIP",ALARM-BUSINESS/RES/FIRE/MEDICAL/ETC
WASHINGTON COUNTY SHERIFFS OFFICE,DENMARK TOWNSHIP,6/30/2026 11:58:00 AM,WC26032070,"POINT DOUGLAS PARK ACCESS ROAD, DENMARK TOWNSHIP",PARKING VIOLATION
WASHINGTON COUNTY SHERIFFS OFFICE,DENMARK TOWNSHIP,6/30/2026 12:07:00 PM,WC26032072,"POINT DOUGLAS PARK ACCESS ROAD, DENMARK TOWNSHIP",PARKING VIOLATION
WASHINGTON COUNTY SHERIFFS OFFICE,DENMARK TOWNSHIP,6/30/2026 12:39:00 PM,WC26032076,"POINT DOUGLAS PARK ACCESS ROAD, DENMARK TOWNSHIP",PARKING VIOLATION
WASHINGTON COUNTY SHERIFFS OFFICE,DENMARK TOWNSHIP,6/30/2026 1:06:00 PM,WC26032085,"POINT DOUGLAS PARK ACCESS ROAD, DENMARK TOWNSHIP",PARKING VIOLATION
WASHINGTON COUNTY SHERIFFS OFFICE,DENMARK TOWNSHIP,6/30/2026 1:16:00 PM,WC26032089,"POINT DOUGLAS PARK ACCESS ROAD, DENMARK TOWNSHIP",PARKING VIOLATION
WASHINGTON COUNTY SHERIFFS OFFICE,DENMARK TOWNSHIP,6/30/2026 1:23:00 PM,WC26032090,"POINT DOUGLAS PARK ACCESS ROAD, DENMARK TOWNSHIP",PARKING VIOLATION
WASHINGTON COUNTY SHERIFFS OFFICE,DENMARK TOWNSHIP,6/30/2026 2:57:35 PM,WC26032115,"12XXX  Point Douglas Dr S, DENMARK TOWNSHIP",911 ABANDONED/HANGUP/OPEN LINE
WASHINGTON COUNTY SHERIFFS OFFICE,DENMARK TOWNSHIP,6/30/2026 5:13:00 PM,WC26032134,"14XXX  POINT DOUGLAS DR S, DENMARK TOWNSHIP",PARKING VIOLATION
WASHINGTON COUNTY SHERIFFS OFFICE,DENMARK TOWNSHIP,6/30/2026 5:47:41 PM,WC26032152,"12XXX  POINT DOUGLAS DR S, DENMARK TOWNSHIP",WELFARE CHECK
WASHINGTON COUNTY SHERIFFS OFFICE,DENMARK TOWNSHIP,6/30/2026 6:02:37 PM,WC26032154,"13XXX  Saint Croix Trl S, DENMARK TOWNSHIP",911 ABANDONED/HANGUP/OPEN LINE
WASHINGTON COUNTY SHERIFFS OFFICE,DENMARK TOWNSHIP,6/30/2026 11:29:00 PM,WC26032208,"12XXX  - 12498 Highway 10, DENMARK TOWNSHIP",TRAFFIC STOP
WASHINGTON COUNTY SHERIFFS OFFICE,DENMARK TOWNSHIP,7/1/2026 9:09:00 AM,WC26032248,"POINT DOUGLAS PARK ACCESS ROAD, DENMARK TOWNSHIP",PARKING VIOLATION
WASHINGTON COUNTY SHERIFFS OFFICE,DENMARK TOWNSHIP,7/1/2026 9:47:23 AM,WC26032267,"6XXX  Peller Ave S, DENMARK TOWNSHIP",ALARM-BUSINESS/RES/FIRE/MEDICAL/ETC
WASHINGTON COUNTY SHERIFFS OFFICE,DENMARK TOWNSHIP,7/1/2026 1:18:00 PM,WC26032290,"15XXX  - 16000 102ND ST S, DENMARK TOWNSHIP",PARKING VIOLATION
WASHINGTON COUNTY SHERIFFS OFFICE,DENMARK TOWNSHIP,7/1/2026 1:39:00 PM,WC26032297,"POINT DOUGLAS PARK ACCESS ROAD, DENMARK TOWNSHIP",PARKING VIOLATION
WASHINGTON COUNTY SHERIFFS OFFICE,DENMARK TOWNSHIP,7/1/2026 1:48:00 PM,WC26032298,"POINT DOUGLAS PARK ACCESS ROAD, DENMARK TOWNSHIP",PARKING VIOLATION
WASHINGTON COUNTY SHERIFFS OFFICE,DENMARK TOWNSHIP,7/1/2026 1:58:00 PM,WC26032301,"POINT DOUGLAS PARK ACCESS ROAD, DENMARK TOWNSHIP",PARKING VIOLATION
WASHINGTON COUNTY SHERIFFS OFFICE,DENMARK TOWNSHIP,7/1/2026 2:19:00 PM,WC26032307,"POINT DOUGLAS PARK ACCESS ROAD, DENMARK TOWNSHIP",PARKING VIOLATION
WASHINGTON COUNTY SHERIFFS OFFICE,DENMARK TOWNSHIP,7/1/2026 2:26:00 PM,WC26032308,"POINT DOUGLAS PARK ACCESS ROAD, DENMARK TOWNSHIP",PARKING VIOLATION
WASHINGTON COUNTY SHERIFFS OFFICE,DENMARK TOWNSHIP,7/1/2026 2:42:00 PM,WC26032314,"POINT DOUGLAS PARK ACCESS ROAD, DENMARK TOWNSHIP",PARKING VIOLATION
WASHINGTON COUNTY SHERIFFS OFFICE,DENMARK TOWNSHIP,7/1/2026 5:40:00 PM,WC26032351,"70TH ST S / NEAL AVE S, DENMARK TOWNSHIP",TRAFFIC STOP
WASHINGTON COUNTY SHERIFFS OFFICE,DENMARK TOWNSHIP,7/1/2026 8:50:00 PM,WC26032377,"MANNING AVE S / 80TH ST S, DENMARK TOWNSHIP",TRAFFIC STOP
WASHINGTON COUNTY SHERIFFS OFFICE,DENMARK TOWNSHIP,7/1/2026 11:51:32 PM,WC26032413,"14XXX  POINT DOUGLAS DR S, DENMARK TOWNSHIP",SUSPICIOUS PERSON/ACTIVITY
WASHINGTON COUNTY SHERIFFS OFFICE,DENMARK TOWNSHIP,7/2/2026 3:17:44 AM,WC26032448,"12XXX  Point Douglas Dr S, DENMARK TOWNSHIP",SUSPICIOUS PERSON/ACTIVITY
WASHINGTON COUNTY SHERIFFS OFFICE,DENMARK TOWNSHIP,7/2/2026 8:23:00 AM,WC26032472,"15XXX  102ND ST S, DENMARK TOWNSHIP",PARKING VIOLATION
WASHINGTON COUNTY SHERIFFS OFFICE,DENMARK TOWNSHIP,7/2/2026 8:43:00 AM,WC26032478,"POINT DOUGLAS PARK ACCESS ROAD, DENMARK TOWNSHIP",PARKING VIOLATION
WASHINGTON COUNTY SHERIFFS OFFICE,DENMARK TOWNSHIP,7/2/2026 9:08:00 AM,WC26032481,"15XXX  70TH ST S, DENMARK TOWNSHIP",INCIDENT
WASHINGTON COUNTY SHERIFFS OFFICE,DENMARK TOWNSHIP,7/2/2026 3:41:27 PM,WC26032583,"10XXX  SAINT CROIX TRL S, DENMARK TOWNSHIP",PARK COMPLAINT
WASHINGTON COUNTY SHERIFFS OFFICE,DENMARK TOWNSHIP,7/3/2026 3:48:00 PM,WC26032775,"MANNING AVE S / 70TH ST S, DENMARK TOWNSHIP",TRAFFIC STOP
WASHINGTON COUNTY SHERIFFS OFFICE,DENMARK TOWNSHIP,7/4/2026 9:06:56 AM,WC26032927,"6XXX  Peller Ave S, DENMARK TOWNSHIP",911 ABANDONED/HANGUP/OPEN LINE
WASHINGTON COUNTY SHERIFFS OFFICE,DENMARK TOWNSHIP,7/4/2026 9:47:11 AM,WC26032933,"11XXX  Neal Ave S, DENMARK TOWNSHIP",911 ABANDONED/HANGUP/OPEN LINE
WASHINGTON COUNTY SHERIFFS OFFICE,DENMARK TOWNSHIP,7/4/2026 10:45:02 AM,WC26032939,"SAINT CROIX RIVER KINNI CHANNEL-DT, DENMARK TOWNSHIP",BOAT STOP
WASHINGTON COUNTY SHERIFFS OFFICE,DENMARK TOWNSHIP,7/4/2026 2:23:39 PM,WC26032978,"13XXX  80th Street Ct S, DENMARK TOWNSHIP",MISSING PERSON
WASHINGTON COUNTY SHERIFFS OFFICE,DENMARK TOWNSHIP,7/4/2026 6:00:50 PM,WC26033025,"SAINT CROIX RIVER KINNI CHANNEL-DT, DENMARK TOWNSHIP",BOAT STOP
WASHINGTON COUNTY SHERIFFS OFFICE,DENMARK TOWNSHIP,7/4/2026 6:22:09 PM,WC26033032,"MISSISSIPPI RIVER PRESCOTT CHANNEL-DT, DENMARK TOWNSHIP",BOAT STOP
WASHINGTON COUNTY SHERIFFS OFFICE,FOREST LAKE,6/28/2026 5:37:53 PM,WC26031762,"Forest Lake, FOREST LAKE",WATERCRAFT ASSIST/RESCUE
WASHINGTON COUNTY SHERIFFS OFFICE,FOREST LAKE,7/2/2026 12:47:22 PM,WC26032546,"Unknown, FOREST LAKE",CITIZEN/PUBLIC ASSIST
WASHINGTON COUNTY SHERIFFS OFFICE,FOREST LAKE,7/2/2026 5:03:19 PM,WC26032598,"FOREST LAKE, FOREST LAKE",BOAT STOP
WASHINGTON COUNTY SHERIFFS OFFICE,FOREST LAKE,7/2/2026 6:10:28 PM,WC26032607,"FOREST LAKE, FOREST LAKE",BOAT STOP
WASHINGTON COUNTY SHERIFFS OFFICE,FOREST LAKE,7/4/2026 7:05:00 PM,WC26033040,"North Shore Trl N / Jeffrey Ave N, FOREST LAKE",DWI
WASHINGTON COUNTY SHERIFFS OFFICE,GRANT,6/28/2026 7:56:46 AM,WC26031687,"11XXX  Dellwood Rd N, GRANT",HARASSMENT
WASHINGTON COUNTY SHERIFFS OFFICE,GRANT,6/28/2026 9:02:45 AM,WC26031691,"Manning Ave N / Mckusick Rd N, GRANT",FIRE
WASHINGTON COUNTY SHERIFFS OFFICE,GRANT,6/29/2026 12:36:37 AM,WC26031798,"Lake Elmo Ave N / 75th St N, GRANT",SUSPICIOUS PERSON/ACTIVITY
WASHINGTON COUNTY SHERIFFS OFFICE,GRANT,6/29/2026 12:52:26 PM,WC26031869,"Lansing Ave N / 105th St N, GRANT",DRIVING COMPLAINT
WASHINGTON COUNTY SHERIFFS OFFICE,GRANT,6/29/2026 3:55:00 PM,WC26031918,"Dellwood Rd N / Jamaca Ave N, GRANT",WELFARE CHECK
WASHINGTON COUNTY SHERIFFS OFFICE,GRANT,6/29/2026 6:50:54 PM,WC26031953,"Manning Ave N / Dellwood Rd N, GRANT",WELFARE CHECK
WASHINGTON COUNTY SHERIFFS OFFICE,GRANT,6/30/2026 12:17:40 AM,WC26031992,"Unknown, GRANT",WELFARE CHECK
WASHINGTON COUNTY SHERIFFS OFFICE,GRANT,6/30/2026 8:48:09 AM,WC26032022,"Manning Ave N / 75th St N, GRANT",TRAFFIC COMPLAINT
WASHINGTON COUNTY SHERIFFS OFFICE,GRANT,6/30/2026 11:23:15 AM,WC26032062,"10XXX  60th St N, GRANT",ANIMAL COMPLAINT
WASHINGTON COUNTY SHERIFFS OFFICE,GRANT,6/30/2026 12:46:59 PM,WC26032080,"Dellwood Rd N / Jamaca Ave N, GRANT",TRAFFIC COMPLAINT
WASHINGTON COUNTY SHERIFFS OFFICE,GRANT,7/1/2026 12:28:56 PM,WC26032287,"88th St N / Lake Elmo Ave N, GRANT",ROAD HAZARD
WASHINGTON COUNTY SHERIFFS OFFICE,GRANT,7/1/2026 6:57:45 PM,WC26032367,"8XXX  105th St N, GRANT",CIVIL MATTER/DISPUTE
WASHINGTON COUNTY SHERIFFS OFFICE,GRANT,7/1/2026 10:20:00 PM,WC26032397,"Jamaca Ave N / Dellwood Rd, GRANT",TRAFFIC STOP
WASHINGTON COUNTY SHERIFFS OFFICE,GRANT,7/2/2026 7:53:57 AM,WC26032468,"8XXX  80th St N, GRANT",DISTURBANCE
WASHINGTON COUNTY SHERIFFS OFFICE,GRANT,7/2/2026 8:09:59 AM,WC26032471,"Jamaca Ave N / 80th St N, GRANT",ACCIDENT
WASHINGTON COUNTY SHERIFFS OFFICE,GRANT,7/2/2026 3:07:50 PM,WC26032573,"11XXX  60th St N, GRANT",911 ABANDONED/HANGUP/OPEN LINE
WASHINGTON COUNTY SHERIFFS OFFICE,GRANT,7/2/2026 7:07:16 PM,WC26032617,"11XXX  115th St N, GRANT",DUMPING COMPLAINT
WASHINGTON COUNTY SHERIFFS OFFICE,GRANT,7/2/2026 8:50:45 PM,WC26032636,"Manning Ave N / 75th St N, GRANT",ASSIST OTHER AGENCY
WASHINGTON COUNTY SHERIFFS OFFICE,GRANT,7/3/2026 11:31:18 PM,WC26032867,"9XXX  - 9998 75TH ST N, GRANT",ROAD HAZARD
WASHINGTON COUNTY SHERIFFS OFFICE,GRANT,7/4/2026 12:41:48 AM,WC26032875,"10XXX  60th Street Ln N, GRANT",ALARM-BUSINESS/RES/FIRE/MEDICAL/ETC
WASHINGTON COUNTY SHERIFFS OFFICE,GRANT,7/4/2026 3:35:26 PM,WC26032990,"9XXX  Indigo Trl N, GRANT",ALARM-BUSINESS/RES/FIRE/MEDICAL/ETC
WASHINGTON COUNTY SHERIFFS OFFICE,GRANT,7/4/2026 4:24:40 PM,WC26033004,"75th St N / Jamaca Ave N, GRANT",DRIVING COMPLAINT
WASHINGTON COUNTY SHERIFFS OFFICE,GRANT,7/4/2026 5:19:13 PM,WC26033016,"8XXX  80th St N, GRANT",ALARM-BUSINESS/RES/FIRE/MEDICAL/ETC
WASHINGTON COUNTY SHERIFFS OFFICE,GRANT,7/4/2026 8:33:00 PM,WC26032982,"MANNING AVE N / DELLWOOD RD N, GRANT",TRAFFIC STOP
WASHINGTON COUNTY SHERIFFS OFFICE,HUGO,6/28/2026 3:00:59 AM,WC26031678,"7XXX  177th St N, HUGO",ALARM-BUSINESS/RES/FIRE/MEDICAL/ETC
WASHINGTON COUNTY SHERIFFS OFFICE,HUGO,6/28/2026 3:17:06 AM,WC26031679,"7XXX  137TH ST N, HUGO",ABANDONED VEHICLE
WASHINGTON COUNTY SHERIFFS OFFICE,HUGO,6/28/2026 5:33:02 AM,WC26031683,"4XXX  Emmit Dr N, HUGO",OPEN DOOR/WINDOW
WASHINGTON COUNTY SHERIFFS OFFICE,HUGO,6/28/2026 1:45:00 PM,WC26031724,"FOREST BLVD N/FRENCHMAN RD , HUGO",TRAFFIC STOP
WASHINGTON COUNTY SHERIFFS OFFICE,HUGO,6/28/2026 2:13:00 PM,WC26031729,"141ST ST N / FLAY AVE N, HUGO",TRAFFIC STOP
WASHINGTON COUNTY SHERIFFS OFFICE,HUGO,6/28/2026 6:07:26 PM,WC26031766,"7XXX  137TH ST N, HUGO",TRAFFIC STOP
WASHINGTON COUNTY SHERIFFS OFFICE,HUGO,6/28/2026 8:49:35 PM,WC26031775,"15XXX  Finale Ct N, HUGO",MEDICAL
WASHINGTON COUNTY SHERIFFS OFFICE,HUGO,6/28/2026 9:18:14 PM,WC26031777,"150TH ST N / FOREST BLVD N, HUGO",ATV/OHV VIOLATION
WASHINGTON COUNTY SHERIFFS OFFICE,HUGO,6/29/2026 5:46:58 AM,WC26031817,"5XXX  Farnham Dr N, HUGO",MOTOR VEHICLE THEFT
WASHINGTON COUNTY SHERIFFS OFFICE,HUGO,6/29/2026 6:37:05 AM,WC26031822,"130TH ST N / FOXHILL AVE N, HUGO",SUSPICIOUS PERSON/ACTIVITY
WASHINGTON COUNTY SHERIFFS OFFICE,HUGO,6/29/2026 6:59:03 AM,WC26031826,"4XXX  Valjean Blvd N, HUGO",DISTURBANCE
WASHINGTON COUNTY SHERIFFS OFFICE,HUGO,6/29/2026 8:35:32 AM,WC26031830,"Unknown, HUGO",CIVIL MATTER/DISPUTE
WASHINGTON COUNTY SHERIFFS OFFICE,HUGO,6/29/2026 11:29:33 AM,WC26031856,"9XXX  140th St N, HUGO",ANIMAL COMPLAINT
WASHINGTON COUNTY SHERIFFS OFFICE,HUGO,6/29/2026 11:43:10 AM,WC26031859,"13XXX  Fenway Boulevard Cir N, HUGO",911 ABANDONED/HANGUP/OPEN LINE
WASHINGTON COUNTY SHERIFFS OFFICE,HUGO,6/29/2026 1:13:18 PM,WC26031879,"ILLIES AVE N / 120TH ST N, HUGO",SUSPICIOUS PERSON/ACTIVITY
WASHINGTON COUNTY SHERIFFS OFFICE,HUGO,6/29/2026 1:17:07 PM,WC26031875,"4XXX  162nd Way N, HUGO",VEHICLE UNLOCK
WASHINGTON COUNTY SHERIFFS OFFICE,HUGO,6/29/2026 2:03:03 PM,WC26031893,"7XXX  - 7398 125TH ST N, HUGO",TRAFFIC STOP
WASHINGTON COUNTY SHERIFFS OFFICE,HUGO,6/29/2026 3:15:42 PM,WC26031906,"5XXX  134TH ST N, HUGO",911 ABANDONED/HANGUP/OPEN LINE
WASHINGTON COUNTY SHERIFFS OFFICE,HUGO,6/29/2026 3:44:28 PM,WC26031912,"5XXX  159th St N, HUGO",UNWANTED PERSON/VEHICLE
WASHINGTON COUNTY SHERIFFS OFFICE,HUGO,6/29/2026 3:47:52 PM,WC26031923,"5XXX  138th St N, HUGO",HARASSMENT
WASHINGTON COUNTY SHERIFFS OFFICE,HUGO,6/29/2026 4:57:44 PM,WC26031932,"12XXX  Keller Ave N, HUGO",ANIMAL COMPLAINT
WASHINGTON COUNTY SHERIFFS OFFICE,HUGO,6/29/2026 5:26:00 PM,WC26031938,"FRENCHMAN RD/VICTOR HUGO BLVD , HUGO",TRAFFIC STOP
WASHINGTON COUNTY SHERIFFS OFFICE,HUGO,6/29/2026 6:17:00 PM,WC26031948,"170TH ST N / HENNA AVE N, HUGO",TRAFFIC STOP
WASHINGTON COUNTY SHERIFFS OFFICE,HUGO,6/29/2026 6:44:39 PM,WC26031951,"4XXX  158th St N, HUGO",ALARM-BUSINESS/RES/FIRE/MEDICAL/ETC
WASHINGTON COUNTY SHERIFFS OFFICE,HUGO,6/29/2026 6:58:23 PM,WC26031957,"5XXX  159th St N, HUGO",CIVIL MATTER/DISPUTE
WASHINGTON COUNTY SHERIFFS OFFICE,HUGO,6/29/2026 7:59:00 PM,WC26031965,"147TH ST N / ONEKA PKWY N, HUGO",TRAFFIC STOP
WASHINGTON COUNTY SHERIFFS OFFICE,HUGO,6/29/2026 11:30:21 PM,WC26031988,"4XXX  Rosemary Way N, HUGO",MEDICAL
WASHINGTON COUNTY SHERIFFS OFFICE,HUGO,6/30/2026 12:49:24 AM,WC26031996,"6XXX  151ST ST N, HUGO",OPEN DOOR/WINDOW
WASHINGTON COUNTY SHERIFFS OFFICE,HUGO,6/30/2026 12:54:53 AM,WC26031997,"6XXX  - 6498 150TH ST N, HUGO",OPEN DOOR/WINDOW
WASHINGTON COUNTY SHERIFFS OFFICE,HUGO,6/30/2026 3:34:43 AM,WC26032004,"14XXX  Fitzgerald Ave N, HUGO",MEDICAL
WASHINGTON COUNTY SHERIFFS OFFICE,HUGO,6/30/2026 6:23:51 AM,WC26032012,"14XXX  Victor Hugo Blvd N, HUGO",NOISE COMPLAINT/DISTURBANCE
WASHINGTON COUNTY SHERIFFS OFFICE,HUGO,6/30/2026 10:57:31 AM,WC26032055,"15XXX  Goodview Ave N, HUGO",CIVIL MATTER/DISPUTE
WASHINGTON COUNTY SHERIFFS OFFICE,HUGO,6/30/2026 11:14:00 AM,WC26032058,"5XXX  BLK FRENCHMAN RD  , HUGO",TRAFFIC STOP
WASHINGTON COUNTY SHERIFFS OFFICE,HUGO,6/30/2026 11:15:41 AM,WC26032066,"10XXX  122nd St N, HUGO",FOLLOW UP
WASHINGTON COUNTY SHERIFFS OFFICE,HUGO,6/30/2026 12:39:11 PM,WC26032077,"14XXX  Flay Ave N, HUGO",ALARM-BUSINESS/RES/FIRE/MEDICAL/ETC
WASHINGTON COUNTY SHERIFFS OFFICE,HUGO,6/30/2026 3:03:22 PM,WC26032116,"15XXX  Granada Ave N, HUGO",911 ABANDONED/HANGUP/OPEN LINE
WASHINGTON COUNTY SHERIFFS OFFICE,HUGO,6/30/2026 3:28:01 PM,WC26032121,"15XXX  Granada Ave N, HUGO",911 ABANDONED/HANGUP/OPEN LINE
WASHINGTON COUNTY SHERIFFS OFFICE,HUGO,6/30/2026 4:05:36 PM,WC26032128,"10XXX -BLK 140TH ST N, HUGO",SHOTS FIRED/SHOOTING COMPLAINT
WASHINGTON COUNTY SHERIFFS OFFICE,HUGO,6/30/2026 4:47:56 PM,WC26032139,"5XXX  159th St N, HUGO",CITIZEN/PUBLIC ASSIST
WASHINGTON COUNTY SHERIFFS OFFICE,HUGO,6/30/2026 6:03:22 PM,WC26032155,"Fenway Ave N / 140th St N, HUGO",WRONG WAY DRIVING COMPLAINT
WASHINGTON COUNTY SHERIFFS OFFICE,HUGO,6/30/2026 6:08:11 PM,WC26032156,"13XXX  Keystone Ave N, HUGO",SHOTS FIRED/SHOOTING COMPLAINT
WASHINGTON COUNTY SHERIFFS OFFICE,HUGO,6/30/2026 7:11:41 PM,WC26032169,"14XXX  Geneva Ave N, HUGO",MEDICAL
WASHINGTON COUNTY SHERIFFS OFFICE,HUGO,6/30/2026 9:51:09 PM,WC26032185,"4XXX  - 4799 PRAIRIE TRL N, HUGO",TRAFFIC STOP
WASHINGTON COUNTY SHERIFFS OFFICE,HUGO,6/30/2026 10:42:18 PM,WC26032200,"5XXX  159th St N, HUGO",WELFARE CHECK
WASHINGTON COUNTY SHERIFFS OFFICE,HUGO,7/1/2026 12:10:41 AM,WC26032213,"14XXX  GENEVA AVE N, HUGO",OPEN DOOR/WINDOW
WASHINGTON COUNTY SHERIFFS OFFICE,HUGO,7/1/2026 12:47:50 AM,WC26032215,"6XXX  150TH ST N, HUGO",OPEN DOOR/WINDOW
WASHINGTON COUNTY SHERIFFS OFFICE,HUGO,7/1/2026 1:12:40 AM,WC26032219,"137TH ST N / FOREST BLVD N, HUGO",WELFARE CHECK
WASHINGTON COUNTY SHERIFFS OFFICE,HUGO,7/1/2026 1:21:00 AM,WC26032220,"13XXX  Fenway Boulevard Cir N, HUGO",ALARM-BUSINESS/RES/FIRE/MEDICAL/ETC
WASHINGTON COUNTY SHERIFFS OFFICE,HUGO,7/1/2026 3:33:59 PM,WC26032329,"14XXX  Forest Blvd N, HUGO",OFFICER INFORMATION
WASHINGTON COUNTY SHERIFFS OFFICE,HUGO,7/1/2026 5:19:56 PM,WC26032346,"15XXX  Forest Blvd N, HUGO",PROPERTY RETRIEVAL
WASHINGTON COUNTY SHERIFFS OFFICE,HUGO,7/1/2026 5:29:14 PM,WC26032347,"FRENCHMAN RD / ONEKA PKWY N, HUGO",TRAFFIC STOP
WASHINGTON COUNTY SHERIFFS OFFICE,HUGO,7/1/2026 7:16:08 PM,WC26032371,"14XXX  Homestead Ave N, HUGO",CIVIL MATTER/DISPUTE
WASHINGTON COUNTY SHERIFFS OFFICE,HUGO,7/1/2026 9:54:28 PM,WC26032392,"6XXX  146th St N, HUGO",ANIMAL COMPLAINT
WASHINGTON COUNTY SHERIFFS OFFICE,HUGO,7/1/2026 10:15:23 PM,WC26032396,"9XXX  140th St N, HUGO",SHOTS FIRED/SHOOTING COMPLAINT
WASHINGTON COUNTY SHERIFFS OFFICE,HUGO,7/1/2026 10:17:17 PM,WC26032399,"14XXX  Forest Blvd N, HUGO",ALARM-BUSINESS/RES/FIRE/MEDICAL/ETC
WASHINGTON COUNTY SHERIFFS OFFICE,HUGO,7/1/2026 11:25:23 PM,WC26032408,"14XXX  Forest Blvd N, HUGO",MEDICAL
WASHINGTON COUNTY SHERIFFS OFFICE,HUGO,7/2/2026 12:48:46 AM,WC26032425,"5XXX  FERRARA AVE N, HUGO",CITIZEN/PUBLIC ASSIST
WASHINGTON COUNTY SHERIFFS OFFICE,HUGO,7/2/2026 10:23:54 AM,WC26032521,"5XXX  149TH ST N, HUGO",FOLLOW UP
WASHINGTON COUNTY SHERIFFS OFFICE,HUGO,7/2/2026 12:16:26 PM,WC26032541,"Goodview Ave N / 130th St N, HUGO",ACCIDENT
WASHINGTON COUNTY SHERIFFS OFFICE,HUGO,7/2/2026 4:40:00 PM,WC26032593,"FRENCHMAN RD / FOREST BLVD N, HUGO",TRAFFIC STOP
WASHINGTON COUNTY SHERIFFS OFFICE,HUGO,7/2/2026 6:49:00 PM,WC26032615,"FOREST BLVD N / 152ND ST N, HUGO",TRAFFIC STOP
WASHINGTON COUNTY SHERIFFS OFFICE,HUGO,7/2/2026 7:44:28 PM,WC26032624,"5XXX  Egg Lake Rd N, HUGO",MOTORIST ASSIST
WASHINGTON COUNTY SHERIFFS OFFICE,HUGO,7/2/2026 8:58:05 PM,WC26032637,"15XXX  Farnham Ave N, HUGO",DISTURBANCE
WASHINGTON COUNTY SHERIFFS OFFICE,HUGO,7/2/2026 9:22:40 PM,WC26032644,"15XXX  FARNHAM AVE N, HUGO",INCIDENT
WASHINGTON COUNTY SHERIFFS OFFICE,HUGO,7/2/2026 9:24:00 PM,WC26032641,"FLAY AVE N / 140TH ST N, HUGO",TRAFFIC STOP
WASHINGTON COUNTY SHERIFFS OFFICE,HUGO,7/3/2026 12:01:00 AM,WC26032689,"5XXX  - 5498 140TH ST N, HUGO",TRAFFIC STOP
WASHINGTON COUNTY SHERIFFS OFFICE,HUGO,7/3/2026 12:22:50 AM,WC26032692,"5XXX  127th St N, HUGO",MEDICAL
WASHINGTON COUNTY SHERIFFS OFFICE,HUGO,7/3/2026 3:41:34 AM,WC26032709,"14XXX  FOREST BLVD N, HUGO",SUSPICIOUS PERSON/ACTIVITY
WASHINGTON COUNTY SHERIFFS OFFICE,HUGO,7/3/2026 11:01:26 AM,WC26032740,"6XXX  157th St N, HUGO",INCIDENT
WASHINGTON COUNTY SHERIFFS OFFICE,HUGO,7/3/2026 1:33:59 PM,WC26032754,"15XXX  Forest Blvd N, HUGO",CIVIL MATTER/DISPUTE
WASHINGTON COUNTY SHERIFFS OFFICE,HUGO,7/3/2026 3:23:32 PM,WC26032770,"13XXX  FENWAY BLVD N, HUGO",911 ABANDONED/HANGUP/OPEN LINE
WASHINGTON COUNTY SHERIFFS OFFICE,HUGO,7/3/2026 6:24:00 PM,WC26032815,"5XXX  - 6098 EGG LAKE RD N, HUGO",TRAFFIC STOP
WASHINGTON COUNTY SHERIFFS OFFICE,HUGO,7/3/2026 7:26:56 PM,WC26032824,"14XXX  Fitzgerald Ave N, HUGO",CIVIL MATTER/DISPUTE
WASHINGTON COUNTY SHERIFFS OFFICE,HUGO,7/4/2026 12:00:00 AM,WC26032919,"14XXX  - 14741 FINALE AVE N, HUGO",INCIDENT
WASHINGTON COUNTY SHERIFFS OFFICE,HUGO,7/4/2026 1:21:00 AM,WC26032881,"6XXX  - 7598 170TH ST N, HUGO",TRAFFIC STOP
WASHINGTON COUNTY SHERIFFS OFFICE,HUGO,7/4/2026 2:19:10 AM,WC26032900,"Elmcrest Ave N / 158th St N, HUGO",ANIMAL COMPLAINT
WASHINGTON COUNTY SHERIFFS OFFICE,HUGO,7/4/2026 7:25:02 AM,WC26032915,"6XXX  145th St N, HUGO",ANIMAL COMPLAINT
WASHINGTON COUNTY SHERIFFS OFFICE,HUGO,7/4/2026 8:37:15 AM,WC26032924,"15XXX  - 15099 GREENE AVE N, HUGO",INCIDENT
WASHINGTON COUNTY SHERIFFS OFFICE,HUGO,7/4/2026 12:15:12 PM,WC26032952,"5XXX  127th St N, HUGO",CHILD CUSTODY
WASHINGTON COUNTY SHERIFFS OFFICE,HUGO,7/4/2026 12:27:31 PM,WC26032963,"5XXX  Fenson Ct N, HUGO",911 ABANDONED/HANGUP/OPEN LINE
WASHINGTON COUNTY SHERIFFS OFFICE,HUGO,7/4/2026 4:19:48 PM,WC26033002,"Unknown, HUGO",CITIZEN/PUBLIC ASSIST
WASHINGTON COUNTY SHERIFFS OFFICE,HUGO,7/4/2026 5:33:14 PM,WC26033021,"15XXX  FANNING DR N, HUGO",911 ABANDONED/HANGUP/OPEN LINE
WASHINGTON COUNTY SHERIFFS OFFICE,HUGO,7/4/2026 6:10:39 PM,WC26033029,"5XXX  159th St N, HUGO",CITIZEN/PUBLIC ASSIST
WASHINGTON COUNTY SHERIFFS OFFICE,HUGO,7/4/2026 6:10:40 PM,WC26033028,"Frenchman Rd / Oneka Pkwy N, HUGO",DRIVING COMPLAINT
WASHINGTON COUNTY SHERIFFS OFFICE,HUGO,7/4/2026 7:11:36 PM,WC26033041,"9XXX  140th St N, HUGO",SHOTS FIRED/SHOOTING COMPLAINT
WASHINGTON COUNTY SHERIFFS OFFICE,HUGO,7/4/2026 10:32:48 PM,WC26033106,"14XXX  Victor Hugo Blvd N, HUGO",911 ABANDONED/HANGUP/OPEN LINE
WASHINGTON COUNTY SHERIFFS OFFICE,LAKE ELMO,6/28/2026 1:17:47 AM,WC26031668,"Hwy 36 Eb Jeo Demontreville Trl N, LAKE ELMO",ASSIST OTHER AGENCY
WASHINGTON COUNTY SHERIFFS OFFICE,LAKE ELMO,6/28/2026 8:35:58 AM,WC26031688,"HWY 36 EB JWO KEATS AVE N, LAKE ELMO",ALARM-BUSINESS/RES/FIRE/MEDICAL/ETC
WASHINGTON COUNTY SHERIFFS OFFICE,LAKE ELMO,6/28/2026 12:48:09 PM,WC26031719,"Lake Elmo, LAKE ELMO",WATERCRAFT COMPLAINT
WASHINGTON COUNTY SHERIFFS OFFICE,LAKE ELMO,6/28/2026 1:05:10 PM,WC26031722,"2XXX  - 2599 INWOOD AVE N, LAKE ELMO",ABANDONED VEHICLE
WASHINGTON COUNTY SHERIFFS OFFICE,LAKE ELMO,6/28/2026 2:14:07 PM,WC26031730,"8XXX  Eagle Point Blvd, LAKE ELMO",ANIMAL COMPLAINT
WASHINGTON COUNTY SHERIFFS OFFICE,LAKE ELMO,6/28/2026 2:39:53 PM,WC26031735,"Manning Trl N / 24th St N, LAKE ELMO",DRIVING COMPLAINT
WASHINGTON COUNTY SHERIFFS OFFICE,LAKE ELMO,6/28/2026 3:33:56 PM,WC26031745,"XXX Cimarron, LAKE ELMO",911 ABANDONED/HANGUP/OPEN LINE
WASHINGTON COUNTY SHERIFFS OFFICE,LAKE ELMO,6/28/2026 9:41:00 PM,WC26031781,"HWY 36 WB AT LAKE ELMO AVE N, LAKE ELMO",TRAFFIC STOP
WASHINGTON COUNTY SHERIFFS OFFICE,LAKE ELMO,6/29/2026 2:37:05 AM,WC26031813,"2XXX  Keats Ave N, LAKE ELMO",911 ABANDONED/HANGUP/OPEN LINE
WASHINGTON COUNTY SHERIFFS OFFICE,LAKE ELMO,6/29/2026 6:27:45 AM,WC26031821,"10XXX  10th St N, LAKE ELMO",ACCIDENT
WASHINGTON COUNTY SHERIFFS OFFICE,LAKE ELMO,6/29/2026 8:02:44 AM,WC26031828,"9XXX  4th St N, LAKE ELMO",ACCIDENT
WASHINGTON COUNTY SHERIFFS OFFICE,LAKE ELMO,6/29/2026 9:07:15 AM,WC26031838,"Unknown, LAKE ELMO",FOLLOW UP
WASHINGTON COUNTY SHERIFFS OFFICE,LAKE ELMO,6/29/2026 10:04:28 AM,WC26031846,"Lake Elmo Ave N / 20th St N, LAKE ELMO",ACCIDENT
WASHINGTON COUNTY SHERIFFS OFFICE,LAKE ELMO,6/29/2026 1:49:30 PM,WC26031889,"2XXX  Keats Ave N, LAKE ELMO",DISTURBANCE
WASHINGTON COUNTY SHERIFFS OFFICE,LAKE ELMO,6/29/2026 2:45:18 PM,WC26031903,"9XXX  4th St N, LAKE ELMO",ASSIST OTHER AGENCY
WASHINGTON COUNTY SHERIFFS OFFICE,LAKE ELMO,6/29/2026 2:45:52 PM,WC26031900,"2XXX  KEATS AVE N, LAKE ELMO",VEHICLE UNLOCK
WASHINGTON COUNTY SHERIFFS OFFICE,LAKE ELMO,6/29/2026 3:50:59 PM,WC26031915,"XXX Jade Trl N, LAKE ELMO",DISTURBANCE
WASHINGTON COUNTY SHERIFFS OFFICE,LAKE ELMO,6/29/2026 3:58:00 PM,WC26031916,"1XXX  KEATS AVE N, LAKE ELMO",PARKING VIOLATION
WASHINGTON COUNTY SHERIFFS OFFICE,LAKE ELMO,6/29/2026 4:14:31 PM,WC26031922,"Inwood Ave N / Eagle Point Blvd, LAKE ELMO",ACCIDENT
WASHINGTON COUNTY SHERIFFS OFFICE,LAKE ELMO,6/29/2026 4:19:00 PM,WC26031921,"KEATS AVE N, LAKE ELMO",PARKING VIOLATION
WASHINGTON COUNTY SHERIFFS OFFICE,LAKE ELMO,6/29/2026 4:29:00 PM,WC26031924,"KEATS AVE N, LAKE ELMO",PARKING VIOLATION
WASHINGTON COUNTY SHERIFFS OFFICE,LAKE ELMO,6/29/2026 6:56:26 PM,WC26031956,"8XXX  Deer Pond Trl N, LAKE ELMO",911 ABANDONED/HANGUP/OPEN LINE
WASHINGTON COUNTY SHERIFFS OFFICE,LAKE ELMO,6/29/2026 7:13:56 PM,WC26031959,"30th St N / Village Pkwy N, LAKE ELMO",DRIVING COMPLAINT
WASHINGTON COUNTY SHERIFFS OFFICE,LAKE ELMO,6/29/2026 9:05:00 PM,WC26031974,"HWY 36 EB AT LAKE ELMO AVE N, LAKE ELMO",TRAFFIC STOP
WASHINGTON COUNTY SHERIFFS OFFICE,LAKE ELMO,6/29/2026 10:10:44 PM,WC26031982,"10XXX  40TH ST N, LAKE ELMO",911 ABANDONED/HANGUP/OPEN LINE
WASHINGTON COUNTY SHERIFFS OFFICE,LAKE ELMO,6/30/2026 6:58:27 AM,WC26032014,"11XXX  39th St N, LAKE ELMO",MEDICAL
WASHINGTON COUNTY SHERIFFS OFFICE,LAKE ELMO,6/30/2026 9:07:20 AM,WC26032026,"11XXX  Stillwater Blvd N, LAKE ELMO",911 ABANDONED/HANGUP/OPEN LINE
WASHINGTON COUNTY SHERIFFS OFFICE,LAKE ELMO,6/30/2026 9:23:51 AM,WC26032039,"11XXX  60th St N, LAKE ELMO",911 ABANDONED/HANGUP/OPEN LINE
WASHINGTON COUNTY SHERIFFS OFFICE,LAKE ELMO,6/30/2026 9:58:53 AM,WC26032045,"1XXX  Royal Blvd N, LAKE ELMO",ALARM-BUSINESS/RES/FIRE/MEDICAL/ETC
WASHINGTON COUNTY SHERIFFS OFFICE,LAKE ELMO,6/30/2026 10:11:30 AM,WC26032048,"11XXX  39th St N, LAKE ELMO",ALARM-BUSINESS/RES/FIRE/MEDICAL/ETC
WASHINGTON COUNTY SHERIFFS OFFICE,LAKE ELMO,6/30/2026 1:59:13 PM,WC26032102,"9XXX  Hudson Blvd N, LAKE ELMO",ASSAULT
WASHINGTON COUNTY SHERIFFS OFFICE,LAKE ELMO,6/30/2026 2:07:54 PM,WC26032105,"XXX Jade Trl N, LAKE ELMO",MEDICAL
WASHINGTON COUNTY SHERIFFS OFFICE,LAKE ELMO,6/30/2026 2:27:11 PM,WC26032109,"9XXX  Hudson Blvd N, LAKE ELMO",CITIZEN/PUBLIC ASSIST
WASHINGTON COUNTY SHERIFFS OFFICE,LAKE ELMO,6/30/2026 2:27:57 PM,WC26032113,"Unknown, LAKE ELMO",MOTOR VEHICLE THEFT
WASHINGTON COUNTY SHERIFFS OFFICE,LAKE ELMO,6/30/2026 3:51:21 PM,WC26032126,"XX Hwy 36 Eb At Manning Ave N, LAKE ELMO",DRIVING COMPLAINT
WASHINGTON COUNTY SHERIFFS OFFICE,LAKE ELMO,6/30/2026 4:12:00 PM,WC26032132,"HWY 36 WB AT DEMONTREVILLE TRL N, LAKE ELMO",TRAFFIC STOP
WASHINGTON COUNTY SHERIFFS OFFICE,LAKE ELMO,6/30/2026 4:24:59 PM,WC26032133,"9XXX  Jade Cir N, LAKE ELMO",CITIZEN/PUBLIC ASSIST
WASHINGTON COUNTY SHERIFFS OFFICE,LAKE ELMO,6/30/2026 5:07:00 PM,WC26032142,"11XXX  10TH ST N, LAKE ELMO",TRAFFIC STOP
WASHINGTON COUNTY SHERIFFS OFFICE,LAKE ELMO,6/30/2026 5:22:00 PM,WC26032145,"CIMARRON AT 10TH ST N, LAKE ELMO",TRAFFIC STOP
WASHINGTON COUNTY SHERIFFS OFFICE,LAKE ELMO,6/30/2026 5:36:19 PM,WC26032149,"4XXX  Stillwater Way N, LAKE ELMO",WELFARE CHECK
WASHINGTON COUNTY SHERIFFS OFFICE,LAKE ELMO,6/30/2026 6:31:00 PM,WC26032160,"STILLWATER BLVD/ 50TH, LAKE ELMO",TRAFFIC STOP
WASHINGTON COUNTY SHERIFFS OFFICE,LAKE ELMO,6/30/2026 8:45:53 PM,WC26032176,"38th St N / Kirkwood Ln N, LAKE ELMO",FIREWORKS
WASHINGTON COUNTY SHERIFFS OFFICE,LAKE ELMO,6/30/2026 10:10:22 PM,WC26032191,"1XXX  KEATS AVE N, LAKE ELMO",WELFARE CHECK
WASHINGTON COUNTY SHERIFFS OFFICE,LAKE ELMO,6/30/2026 10:21:32 PM,WC26032196,"9XXX  Whistling Valley Rd, LAKE ELMO",ANIMAL COMPLAINT
WASHINGTON COUNTY SHERIFFS OFFICE,LAKE ELMO,6/30/2026 11:04:00 PM,WC26032205,"3XXX  - 3598 LAKE ELMO AVE N, LAKE ELMO",TRAFFIC STOP
WASHINGTON COUNTY SHERIFFS OFFICE,LAKE ELMO,7/1/2026 12:35:10 AM,WC26032214,"XXX Jean Ave N, LAKE ELMO",911 ABANDONED/HANGUP/OPEN LINE
WASHINGTON COUNTY SHERIFFS OFFICE,LAKE ELMO,7/1/2026 4:49:37 AM,WC26032232,"Stillwater Blvd N / Jamaca Ave N, LAKE ELMO",ROAD HAZARD
WASHINGTON COUNTY SHERIFFS OFFICE,LAKE ELMO,7/1/2026 7:42:39 AM,WC26032240,"1XXX  Keats Ave N, LAKE ELMO",TRAFFIC COMPLAINT
WASHINGTON COUNTY SHERIFFS OFFICE,LAKE ELMO,7/1/2026 9:32:10 AM,WC26032257,"XXX Jade Trl N, LAKE ELMO",ALARM-BUSINESS/RES/FIRE/MEDICAL/ETC
WASHINGTON COUNTY SHERIFFS OFFICE,LAKE ELMO,7/1/2026 11:58:52 AM,WC26032285,"11XXX  39th St N, LAKE ELMO",ALARM-BUSINESS/RES/FIRE/MEDICAL/ETC
WASHINGTON COUNTY SHERIFFS OFFICE,LAKE ELMO,7/1/2026 1:35:01 PM,WC26032295,"11XXX  Hudson Blvd N, LAKE ELMO",911 ABANDONED/HANGUP/OPEN LINE
WASHINGTON COUNTY SHERIFFS OFFICE,LAKE ELMO,7/1/2026 2:25:49 PM,WC26032309,"9XXX  Hudson Blvd N, LAKE ELMO",911 ABANDONED/HANGUP/OPEN LINE
WASHINGTON COUNTY SHERIFFS OFFICE,LAKE ELMO,7/1/2026 2:46:59 PM,WC26032317,"11XXX  - 11300 39TH ST N, LAKE ELMO",TRAFFIC STOP
WASHINGTON COUNTY SHERIFFS OFFICE,LAKE ELMO,7/1/2026 2:56:43 PM,WC26032320,"8XXX  Upper 7th Pl N, LAKE ELMO",MEDICAL
WASHINGTON COUNTY SHERIFFS OFFICE,LAKE ELMO,7/1/2026 3:01:09 PM,WC26032322,"Julia Ave N / 4th St N, LAKE ELMO",PARK COMPLAINT
WASHINGTON COUNTY SHERIFFS OFFICE,LAKE ELMO,7/1/2026 6:18:46 PM,WC26032356,"8XXX  Eagle Point Blvd, LAKE ELMO",MEDICAL
WASHINGTON COUNTY SHERIFFS OFFICE,LAKE ELMO,7/1/2026 6:25:00 PM,WC26032358,"I94 WB TO INWOOD AVE N RAMP, LAKE ELMO",TRAFFIC STOP
WASHINGTON COUNTY SHERIFFS OFFICE,LAKE ELMO,7/1/2026 9:54:00 PM,WC26032333,"LAVERNE AVE N / STILLWATER BLVD N, LAKE ELMO",TRAFFIC STOP
WASHINGTON COUNTY SHERIFFS OFFICE,LAKE ELMO,7/1/2026 10:05:00 PM,WC26032357,"INWOOD AVE N / 10TH ST N, LAKE ELMO",TRAFFIC STOP
WASHINGTON COUNTY SHERIFFS OFFICE,LAKE ELMO,7/1/2026 11:35:00 PM,WC26032400,"10TH ST N / ISLAND TRL, LAKE ELMO",TRAFFIC STOP
WASHINGTON COUNTY SHERIFFS OFFICE,LAKE ELMO,7/1/2026 11:47:54 PM,WC26032412,"XX Tablyn Park, LAKE ELMO",ORDINANCE VIOLATION
WASHINGTON COUNTY SHERIFFS OFFICE,LAKE ELMO,7/1/2026 11:48:07 PM,WC26032415,"9XXX  Hudson Blvd N, LAKE ELMO",THEFT
WASHINGTON COUNTY SHERIFFS OFFICE,LAKE ELMO,7/2/2026 2:21:55 AM,WC26032443,"1XXX  KEATS AVE N, LAKE ELMO",CITIZEN/PUBLIC ASSIST
WASHINGTON COUNTY SHERIFFS OFFICE,LAKE ELMO,7/2/2026 2:44:20 AM,WC26032447,"8XXX  Eagle Point Blvd, LAKE ELMO",CITIZEN/PUBLIC ASSIST
WASHINGTON COUNTY SHERIFFS OFFICE,LAKE ELMO,7/2/2026 3:11:13 AM,WC26032446,"2XXX  Lake Elmo Ave N, LAKE ELMO",SUICIDE ATTEMPT/THREATS OF
WASHINGTON COUNTY SHERIFFS OFFICE,LAKE ELMO,7/2/2026 3:57:34 AM,WC26032451,"8XXX  Eagle Point Blvd, LAKE ELMO",CITIZEN/PUBLIC ASSIST
WASHINGTON COUNTY SHERIFFS OFFICE,LAKE ELMO,7/2/2026 9:19:56 AM,WC26032485,"9XXX  Hudson Blvd N, LAKE ELMO",FOLLOW UP
WASHINGTON COUNTY SHERIFFS OFFICE,LAKE ELMO,7/2/2026 10:03:20 AM,WC26032513,"8XXX  Eagle Point Blvd, LAKE ELMO",ACCIDENT
WASHINGTON COUNTY SHERIFFS OFFICE,LAKE ELMO,7/2/2026 10:08:55 AM,WC26032527,"3XXX  Linden Avenue Ct N, LAKE ELMO",FRAUD/SCAM
WASHINGTON COUNTY SHERIFFS OFFICE,LAKE ELMO,7/2/2026 12:12:45 PM,WC26032540,"9XXX  Hudson Blvd N, LAKE ELMO",VEHICLE UNLOCK
WASHINGTON COUNTY SHERIFFS OFFICE,LAKE ELMO,7/2/2026 2:34:29 PM,WC26032564,"XXX Lake Elmo Ave N, LAKE ELMO",THEFT
WASHINGTON COUNTY SHERIFFS OFFICE,LAKE ELMO,7/2/2026 2:36:24 PM,WC26032565,"10XXX  40th St N, LAKE ELMO",CITIZEN/PUBLIC ASSIST
WASHINGTON COUNTY SHERIFFS OFFICE,LAKE ELMO,7/2/2026 2:58:59 PM,WC26032572,"8XXX  Lake Jane Trl N, LAKE ELMO",MEDICAL
WASHINGTON COUNTY SHERIFFS OFFICE,LAKE ELMO,7/2/2026 3:22:00 PM,WC26032579,"4TH ST N / INWOOD AVE N, LAKE ELMO",TRAFFIC STOP
WASHINGTON COUNTY SHERIFFS OFFICE,LAKE ELMO,7/2/2026 4:33:38 PM,WC26032592,"XX Cimarron, LAKE ELMO",MEDICAL
WASHINGTON COUNTY SHERIFFS OFFICE,LAKE ELMO,7/2/2026 7:04:09 PM,WC26032616,"XXX Cimarron, LAKE ELMO",FOLLOW UP
WASHINGTON COUNTY SHERIFFS OFFICE,LAKE ELMO,7/2/2026 9:45:00 PM,WC26032652,"11XXX  Stillwater Blvd N, LAKE ELMO",ALARM-BUSINESS/RES/FIRE/MEDICAL/ETC
WASHINGTON COUNTY SHERIFFS OFFICE,LAKE ELMO,7/2/2026 9:45:46 PM,WC26032656,"XXX Cimarron, LAKE ELMO",LOCKOUT
WASHINGTON COUNTY SHERIFFS OFFICE,LAKE ELMO,7/2/2026 11:20:16 PM,WC26032680,"XXX Cimarron, LAKE ELMO",MEDICAL
WASHINGTON COUNTY SHERIFFS OFFICE,LAKE ELMO,7/3/2026 2:48:52 PM,WC26032761,"3XXX  Knightsbridge Trl N, LAKE ELMO",MEDICAL
WASHINGTON COUNTY SHERIFFS OFFICE,LAKE ELMO,7/3/2026 3:55:38 PM,WC26032777,"8XXX  38TH ST N, LAKE ELMO",911 ABANDONED/HANGUP/OPEN LINE
WASHINGTON COUNTY SHERIFFS OFFICE,LAKE ELMO,7/3/2026 5:05:40 PM,WC26032796,"9XXX  Hudson Blvd N, LAKE ELMO",DISTURBANCE
WASHINGTON COUNTY SHERIFFS OFFICE,LAKE ELMO,7/3/2026 5:34:17 PM,WC26032805,"2XXX  KEATS AVE N, LAKE ELMO",PARK COMPLAINT
WASHINGTON COUNTY SHERIFFS OFFICE,LAKE ELMO,7/3/2026 5:59:34 PM,WC26032810,"11XXX  10TH ST N, LAKE ELMO",LOCKOUT
WASHINGTON COUNTY SHERIFFS OFFICE,LAKE ELMO,7/3/2026 6:24:00 PM,WC26032816,"1XXX  - 302 MANNING AVE N, LAKE ELMO",TRAFFIC STOP
WASHINGTON COUNTY SHERIFFS OFFICE,LAKE ELMO,7/3/2026 8:23:39 PM,WC26032835,"11XXX  32nd St N, LAKE ELMO",OFFICER INFORMATION
WASHINGTON COUNTY SHERIFFS OFFICE,LAKE ELMO,7/3/2026 9:05:58 PM,WC26032845,"1XXX  Palmer Dr N, LAKE ELMO",THREATS
WASHINGTON COUNTY SHERIFFS OFFICE,LAKE ELMO,7/3/2026 11:45:13 PM,WC26032869,"1XXX  Keats Ave N, LAKE ELMO",CITIZEN/PUBLIC ASSIST
WASHINGTON COUNTY SHERIFFS OFFICE,LAKE ELMO,7/4/2026 2:16:30 AM,WC26032899,"XXX LAKE ELMO AVE N, LAKE ELMO",SUSPICIOUS PERSON/ACTIVITY
WASHINGTON COUNTY SHERIFFS OFFICE,LAKE ELMO,7/4/2026 2:55:06 AM,WC26032904,"INWOOD AVE N / STILLWATER BLVD N, LAKE ELMO",TRAFFIC STOP
WASHINGTON COUNTY SHERIFFS OFFICE,LAKE ELMO,7/4/2026 4:04:47 AM,WC26032906,"XXX Lake Elmo Ave N, LAKE ELMO",ALARM-BUSINESS/RES/FIRE/MEDICAL/ETC
WASHINGTON COUNTY SHERIFFS OFFICE,LAKE ELMO,7/4/2026 4:49:25 AM,WC26032910,"3XXX  Linden Ave N, LAKE ELMO",MEDICAL
WASHINGTON COUNTY SHERIFFS OFFICE,LAKE ELMO,7/4/2026 11:25:50 AM,WC26032945,"Lake Elmo Ave N / Upper 33rd St N, LAKE ELMO",CITIZEN/PUBLIC ASSIST
WASHINGTON COUNTY SHERIFFS OFFICE,LAKE ELMO,7/4/2026 12:49:46 PM,WC26032964,"11XXX  40th St N, LAKE ELMO",NEIGHBOR DISPUTE
WASHINGTON COUNTY SHERIFFS OFFICE,LAKE ELMO,7/4/2026 4:17:01 PM,WC26033000,"11XXX  39th St N, LAKE ELMO",ANIMAL COMPLAINT
WASHINGTON COUNTY SHERIFFS OFFICE,LAKE ELMO,7/4/2026 5:09:06 PM,WC26033013,"2XXX  Keats Ave N, LAKE ELMO",WELFARE CHECK
WASHINGTON COUNTY SHERIFFS OFFICE,LAKE ELMO,7/4/2026 5:19:17 PM,WC26033018,"1XXX  Ivory Ave N, LAKE ELMO",OPEN DOOR/WINDOW
WASHINGTON COUNTY SHERIFFS OFFICE,LAKE ELMO,7/4/2026 5:22:41 PM,WC26033019,"XXX Cimarron, LAKE ELMO",911 ABANDONED/HANGUP/OPEN LINE
WASHINGTON COUNTY SHERIFFS OFFICE,LAKE ELMO,7/4/2026 6:00:29 PM,WC26033026,"2XXX  KEATS AVE N, LAKE ELMO",DISTURBANCE
WASHINGTON COUNTY SHERIFFS OFFICE,LAKE ELMO,7/4/2026 6:15:48 PM,WC26033033,"2XXX  Keats Ave N, LAKE ELMO",FOLLOW UP
WASHINGTON COUNTY SHERIFFS OFFICE,LAKE ELMO,7/4/2026 10:09:00 PM,WC26033094,"STILLWATER BLVD N / MANNING AVE N, LAKE ELMO",DWI
WASHINGTON COUNTY SHERIFFS OFFICE,LAKE ELMO,7/4/2026 10:30:51 PM,WC26033107,"Hwy 36 Wb At Demontreville Trl N, LAKE ELMO",ASSIST OTHER AGENCY
WASHINGTON COUNTY SHERIFFS OFFICE,LAKE ELMO,7/4/2026 10:43:54 PM,WC26033119,"11XXX  33rd St N, LAKE ELMO",DRIVING COMPLAINT
WASHINGTON COUNTY SHERIFFS OFFICE,LAKE ELMO,7/4/2026 10:48:11 PM,WC26033117,"11XXX  32nd St N, LAKE ELMO",NOISE COMPLAINT/DISTURBANCE
WASHINGTON COUNTY SHERIFFS OFFICE,LAKE ELMO,7/4/2026 11:07:14 PM,WC26033126,"9XXX  7th St N, LAKE ELMO",FIREWORKS
WASHINGTON COUNTY SHERIFFS OFFICE,LAKE SAINT CROIX BEACH,6/28/2026 1:51:20 PM,WC26031726,"Quello Ave S / 20th St S, LAKE SAINT CROIX BEACH",SUSPICIOUS PERSON/ACTIVITY
WASHINGTON COUNTY SHERIFFS OFFICE,LAKE SAINT CROIX BEACH,6/28/2026 9:25:03 PM,WC26031778,"Beach At Lake St Croix Beach Park, LAKE SAINT CROIX BEACH",DRIVING COMPLAINT
WASHINGTON COUNTY SHERIFFS OFFICE,LAKE SAINT CROIX BEACH,6/29/2026 2:02:53 PM,WC26031894,"20th St S / Redwing Ave S, LAKE SAINT CROIX BEACH",INCIDENT
WASHINGTON COUNTY SHERIFFS OFFICE,LAKE SAINT CROIX BEACH,6/30/2026 9:45:07 PM,WC26032184,"Riviera Ave S / Upper 20th St S, LAKE SAINT CROIX BEACH",FIREWORKS
WASHINGTON COUNTY SHERIFFS OFFICE,LAKE SAINT CROIX BEACH,6/30/2026 10:20:30 PM,WC26032194,"1XXX  RIVIERA AVE S, LAKE SAINT CROIX BEACH",SUSPICIOUS PERSON/ACTIVITY
WASHINGTON COUNTY SHERIFFS OFFICE,LAKE SAINT CROIX BEACH,7/1/2026 10:39:52 PM,WC26032402,"1XXX  Riviera Ave S, LAKE SAINT CROIX BEACH",DISTURBANCE
WASHINGTON COUNTY SHERIFFS OFFICE,LAKE SAINT CROIX BEACH,7/2/2026 3:52:17 PM,WC26032584,"RAMADA AVE S / 16TH ST S, LAKE SAINT CROIX BEACH",JUVENILE COMPLAINT
WASHINGTON COUNTY SHERIFFS OFFICE,LAKE SAINT CROIX BEACH,7/2/2026 9:22:55 PM,WC26032647,"1XXX  Quant Ave S, LAKE SAINT CROIX BEACH",MEDICAL
WASHINGTON COUNTY SHERIFFS OFFICE,LAKE SAINT CROIX BEACH,7/2/2026 9:35:06 PM,WC26032650,"1XXX  Riviera Ave S, LAKE SAINT CROIX BEACH",PARKING COMPLAINT
WASHINGTON COUNTY SHERIFFS OFFICE,LAKE SAINT CROIX BEACH,7/3/2026 11:01:14 AM,WC26032739,"1XXX  Quant Ave S, LAKE SAINT CROIX BEACH",INCIDENT
WASHINGTON COUNTY SHERIFFS OFFICE,LAKE SAINT CROIX BEACH,7/4/2026 1:49:57 AM,WC26032888,"2XXX  Saint Croix Trl S, LAKE SAINT CROIX BEACH",MEDICAL
WASHINGTON COUNTY SHERIFFS OFFICE,LAKE SAINT CROIX BEACH,7/4/2026 12:40:00 PM,WC26032959,"16XXX  - 16798 20TH ST S, LAKE SAINT CROIX BEACH",TRAFFIC STOP
WASHINGTON COUNTY SHERIFFS OFFICE,LAKE SAINT CROIX BEACH,7/4/2026 1:37:00 PM,WC26032974,"1XXX  - 1949 RIVIERA AVE S, LAKE SAINT CROIX BEACH",PARKING VIOLATION
WASHINGTON COUNTY SHERIFFS OFFICE,LAKE SAINT CROIX BEACH,7/4/2026 3:20:00 PM,WC26032987,"1XXX  - 1898 RACINE AVE S, LAKE SAINT CROIX BEACH",TRAFFIC STOP
WASHINGTON COUNTY SHERIFFS OFFICE,LAKE SAINT CROIX BEACH,7/4/2026 4:23:00 PM,WC26033001,"1XXX  - 1948 RIVIERA AVE S, LAKE SAINT CROIX BEACH",TRAFFIC STOP
WASHINGTON COUNTY SHERIFFS OFFICE,LAKELAND,6/29/2026 6:12:09 PM,WC26031947,"1XXX  Rivercrest Rd N, LAKELAND",911 ABANDONED/HANGUP/OPEN LINE
WASHINGTON COUNTY SHERIFFS OFFICE,LAKELAND,6/30/2026 12:48:56 PM,WC26032081,"XX Quant Ct S, LAKELAND",FRAUD/SCAM
WASHINGTON COUNTY SHERIFFS OFFICE,LAKELAND,6/30/2026 7:33:58 PM,WC26032171,"XXX Saint Croix Trl S, LAKELAND",THREATS
WASHINGTON COUNTY SHERIFFS OFFICE,LAKELAND,7/1/2026 9:22:49 AM,WC26032250,"XXX Saint Croix Trl N, LAKELAND",INCIDENT
WASHINGTON COUNTY SHERIFFS OFFICE,LAKELAND,7/1/2026 11:03:55 AM,WC26032278,"XXX Saint Croix Trl S, LAKELAND",FOLLOW UP
WASHINGTON COUNTY SHERIFFS OFFICE,LAKELAND,7/1/2026 4:28:09 PM,WC26032341,"XXX Saint Croix Trl S, LAKELAND",ANIMAL COMPLAINT
WASHINGTON COUNTY SHERIFFS OFFICE,LAKELAND,7/2/2026 8:22:08 AM,WC26032475,"XXX Saint Croix Trl S, LAKELAND",ALARM-BUSINESS/RES/FIRE/MEDICAL/ETC
WASHINGTON COUNTY SHERIFFS OFFICE,LAKELAND,7/2/2026 11:57:45 PM,WC26032690,"16XXX  11th Street Ct N, LAKELAND",WELFARE CHECK
WASHINGTON COUNTY SHERIFFS OFFICE,LAKELAND,7/3/2026 7:18:49 AM,WC26032718,"XXX Quehl Ave N, LAKELAND",MEDICAL
WASHINGTON COUNTY SHERIFFS OFFICE,LAKELAND,7/3/2026 10:11:50 AM,WC26032730,"SAINT CROIX RIVER-LL, LAKELAND",BOAT STOP
WASHINGTON COUNTY SHERIFFS OFFICE,LAKELAND,7/3/2026 11:47:59 AM,WC26032746,"SAINT CROIX RIVER-LL, LAKELAND",BOAT STOP
WASHINGTON COUNTY SHERIFFS OFFICE,LAKELAND,7/3/2026 11:52:06 AM,WC26032747,"SAINT CROIX RIVER-LL, LAKELAND",BOAT STOP
WASHINGTON COUNTY SHERIFFS OFFICE,LAKELAND,7/3/2026 3:39:27 PM,WC26032773,"8th St N / Saint Croix Trl N, LAKELAND",ROAD HAZARD
WASHINGTON COUNTY SHERIFFS OFFICE,LAKELAND,7/3/2026 4:21:06 PM,WC26032784,"SAINT CROIX RIVER-LL, LAKELAND",WATERCRAFT COMPLAINT
WASHINGTON COUNTY SHERIFFS OFFICE,LAKELAND,7/3/2026 4:30:56 PM,WC26032787,"SAINT CROIX RIVER-LL, LAKELAND",BOAT STOP
WASHINGTON COUNTY SHERIFFS OFFICE,LAKELAND,7/3/2026 11:07:41 PM,WC26032864,"1XXX  Quixote Ave N, LAKELAND",911 ABANDONED/HANGUP/OPEN LINE
WASHINGTON COUNTY SHERIFFS OFFICE,LAKELAND,7/4/2026 1:10:09 AM,WC26032879,"16XXX  2nd St N, LAKELAND",MEDICAL
WASHINGTON COUNTY SHERIFFS OFFICE,LAKELAND,7/4/2026 9:43:17 AM,WC26032932,"SAINT CROIX RIVER-LL, LAKELAND",BOAT STOP
WASHINGTON COUNTY SHERIFFS OFFICE,LAKELAND,7/4/2026 12:12:45 PM,WC26032951,"XXX Saint Croix Trl S, LAKELAND",MEDICAL
WASHINGTON COUNTY SHERIFFS OFFICE,LAKELAND,7/4/2026 2:58:27 PM,WC26032981,"XXX QUINMORE AVE N, LAKELAND",911 ABANDONED/HANGUP/OPEN LINE
WASHINGTON COUNTY SHERIFFS OFFICE,LAKELAND,7/4/2026 3:37:06 PM,WC26032992,"16XXX  7TH ST N, LAKELAND",WATERCRAFT ASSIST/RESCUE
WASHINGTON COUNTY SHERIFFS OFFICE,LAKELAND,7/4/2026 8:18:48 PM,WC26033057,"Saint Croix River Beanies Landing-ll, LAKELAND",WATERCRAFT ASSIST/RESCUE
WASHINGTON COUNTY SHERIFFS OFFICE,LAKELAND SHORES,6/30/2026 9:21:25 PM,WC26032179,"16XXX  1st St S, LAKELAND SHORES",NOISE COMPLAINT/DISTURBANCE
WASHINGTON COUNTY SHERIFFS OFFICE,LANDFALL,6/30/2026 9:20:44 PM,WC26032178,"XX 2nd Ave, LANDFALL",DISTURBANCE
WASHINGTON COUNTY SHERIFFS OFFICE,LANDFALL,7/1/2026 12:58:28 AM,WC26032217,"XXX Dellwood Sq N, LANDFALL",911 ABANDONED/HANGUP/OPEN LINE
WASHINGTON COUNTY SHERIFFS OFFICE,LANDFALL,7/2/2026 9:17:32 AM,WC26032484,"INNOVATION BLVD, LANDFALL",TRAFFIC STOP
WASHINGTON COUNTY SHERIFFS OFFICE,LANDFALL,7/2/2026 2:10:00 PM,WC26032555,"2XXX  HUDSON BLVD N, LANDFALL",SHOPLIFTING
WASHINGTON COUNTY SHERIFFS OFFICE,LANDFALL,7/2/2026 4:56:25 PM,WC26032596,"2XXX  Hudson Blvd N, LANDFALL",FOLLOW UP
WASHINGTON COUNTY SHERIFFS OFFICE,LANDFALL,7/3/2026 12:42:27 PM,WC26032752,"XXX Dellwood Sq S, LANDFALL",ALARM-BUSINESS/RES/FIRE/MEDICAL/ETC
WASHINGTON COUNTY SHERIFFS OFFICE,LANDFALL,7/4/2026 1:40:13 AM,WC26032885,"2XXX  HUDSON BLVD N, LANDFALL",SUSPICIOUS PERSON/ACTIVITY
WASHINGTON COUNTY SHERIFFS OFFICE,MAHTOMEDI,6/28/2026 11:42:17 AM,WC26031710,"East Ave / Stillwater Rd, MAHTOMEDI",ROAD HAZARD
WASHINGTON COUNTY SHERIFFS OFFICE,MAHTOMEDI,6/28/2026 12:21:01 PM,WC26031713,"3XXX  Century Ave, MAHTOMEDI",LOST PERSON
WASHINGTON COUNTY SHERIFFS OFFICE,MAHTOMEDI,6/28/2026 4:07:00 PM,WC26031751,"XXX - 798 MAHTOMEDI AVE, MAHTOMEDI",TRAFFIC STOP
WASHINGTON COUNTY SHERIFFS OFFICE,MAHTOMEDI,6/28/2026 8:28:40 PM,WC26031773,"XXX Echo Shores Ct, MAHTOMEDI",MEDICAL
WASHINGTON COUNTY SHERIFFS OFFICE,MAHTOMEDI,6/28/2026 9:33:55 PM,WC26031779,"XXX Wildwood Rd, MAHTOMEDI",ALARM-BUSINESS/RES/FIRE/MEDICAL/ETC
WASHINGTON COUNTY SHERIFFS OFFICE,MAHTOMEDI,6/29/2026 12:09:39 AM,WC26031793,"Unknown, MAHTOMEDI",FOLLOW UP
WASHINGTON COUNTY SHERIFFS OFFICE,MAHTOMEDI,6/29/2026 4:24:50 AM,WC26031816,"XXX East Ave, MAHTOMEDI",ALARM-BUSINESS/RES/FIRE/MEDICAL/ETC
WASHINGTON COUNTY SHERIFFS OFFICE,MAHTOMEDI,6/29/2026 9:08:44 AM,WC26031841,"XXX Mahtomedi Ave, MAHTOMEDI",ACCIDENT
WASHINGTON COUNTY SHERIFFS OFFICE,MAHTOMEDI,6/29/2026 9:11:17 AM,WC26031843,"XX Wedgewood Dr, MAHTOMEDI",ALARM-BUSINESS/RES/FIRE/MEDICAL/ETC
WASHINGTON COUNTY SHERIFFS OFFICE,MAHTOMEDI,6/29/2026 10:11:52 AM,WC26031847,"XXX Laurel Rd, MAHTOMEDI",ALARM-BUSINESS/RES/FIRE/MEDICAL/ETC
WASHINGTON COUNTY SHERIFFS OFFICE,MAHTOMEDI,6/29/2026 10:52:01 AM,WC26031852,"Old Wildwood Road / Lincolntown Ave, MAHTOMEDI",TRAFFIC COMPLAINT
WASHINGTON COUNTY SHERIFFS OFFICE,MAHTOMEDI,6/29/2026 1:23:00 PM,WC26031878,"Mahtomedi Ave / Birch St, MAHTOMEDI",ACCIDENT
WASHINGTON COUNTY SHERIFFS OFFICE,MAHTOMEDI,6/29/2026 1:56:11 PM,WC26031890,"XXX Wildwood Rd, MAHTOMEDI",911 ABANDONED/HANGUP/OPEN LINE
WASHINGTON COUNTY SHERIFFS OFFICE,MAHTOMEDI,6/29/2026 2:26:55 PM,WC26031896,"XXX Stillwater Rd, MAHTOMEDI",THEFT
WASHINGTON COUNTY SHERIFFS OFFICE,MAHTOMEDI,6/29/2026 6:54:15 PM,WC26031954,"Forest Ave / Wood St, MAHTOMEDI",ROAD HAZARD
WASHINGTON COUNTY SHERIFFS OFFICE,MAHTOMEDI,6/29/2026 7:08:05 PM,WC26031958,"XXX Ledgestone Dr, MAHTOMEDI",ALARM-BUSINESS/RES/FIRE/MEDICAL/ETC
WASHINGTON COUNTY SHERIFFS OFFICE,MAHTOMEDI,6/29/2026 7:49:02 PM,WC26031963,"1XXX  Warner Ave N, MAHTOMEDI",TRESPASSING
WASHINGTON COUNTY SHERIFFS OFFICE,MAHTOMEDI,6/29/2026 8:17:53 PM,WC26031968,"3XXX  Century Ave, MAHTOMEDI",NOISE COMPLAINT/DISTURBANCE
WASHINGTON COUNTY SHERIFFS OFFICE,MAHTOMEDI,6/29/2026 11:39:06 PM,WC26031989,"XXX LINCOLNTOWN AVE, MAHTOMEDI",SUSPICIOUS PERSON/ACTIVITY
WASHINGTON COUNTY SHERIFFS OFFICE,MAHTOMEDI,6/29/2026 11:43:01 PM,WC26031990,"XXX Wildwood Rd, MAHTOMEDI",DUMPING COMPLAINT
WASHINGTON COUNTY SHERIFFS OFFICE,MAHTOMEDI,6/30/2026 3:58:51 AM,WC26032008,"WILDWOOD RD / LINCOLNTOWN AVE, MAHTOMEDI",SUSPICIOUS PERSON/ACTIVITY
WASHINGTON COUNTY SHERIFFS OFFICE,MAHTOMEDI,6/30/2026 9:01:37 AM,WC26032025,"XXX Wildwood Rd, MAHTOMEDI",911 ABANDONED/HANGUP/OPEN LINE
WASHINGTON COUNTY SHERIFFS OFFICE,MAHTOMEDI,6/30/2026 9:29:05 AM,WC26032040,"Unknown, MAHTOMEDI",TRAFFIC COMPLAINT
WASHINGTON COUNTY SHERIFFS OFFICE,MAHTOMEDI,6/30/2026 12:12:54 PM,WC26032073,"1XXX  Echo Lake Ct, MAHTOMEDI",CIVIL MATTER/DISPUTE
WASHINGTON COUNTY SHERIFFS OFFICE,MAHTOMEDI,6/30/2026 1:09:48 PM,WC26032088,"XXX Wildwood Rd, MAHTOMEDI",MEDICAL
WASHINGTON COUNTY SHERIFFS OFFICE,MAHTOMEDI,6/30/2026 3:44:20 PM,WC26032125,"XXX Mahtomedi Ave, MAHTOMEDI",CITIZEN/PUBLIC ASSIST
WASHINGTON COUNTY SHERIFFS OFFICE,MAHTOMEDI,6/30/2026 6:08:30 PM,WC26032157,"XXX ECHO SHORES CT, MAHTOMEDI",INDECENT EXPOSURE
WASHINGTON COUNTY SHERIFFS OFFICE,MAHTOMEDI,6/30/2026 6:50:10 PM,WC26032166,"Unknown, MAHTOMEDI",FOLLOW UP
WASHINGTON COUNTY SHERIFFS OFFICE,MAHTOMEDI,6/30/2026 10:39:10 PM,WC26032197,"XXX East Ave, MAHTOMEDI",MEDICAL
WASHINGTON COUNTY SHERIFFS OFFICE,MAHTOMEDI,7/1/2026 7:10:32 AM,WC26032236,"XX - 98 KILBIRNIE WAY, MAHTOMEDI",NEIGHBOR DISPUTE
WASHINGTON COUNTY SHERIFFS OFFICE,MAHTOMEDI,7/1/2026 9:17:12 AM,WC26032249,"XXX Gosiwin Ave, MAHTOMEDI",HARASSMENT
WASHINGTON COUNTY SHERIFFS OFFICE,MAHTOMEDI,7/1/2026 10:25:37 AM,WC26032273,"XXX Gosiwin Ave, MAHTOMEDI",FOLLOW UP
WASHINGTON COUNTY SHERIFFS OFFICE,MAHTOMEDI,7/1/2026 11:17:53 AM,WC26032280,"XXX WILDWOOD RD, MAHTOMEDI",911 ABANDONED/HANGUP/OPEN LINE
WASHINGTON COUNTY SHERIFFS OFFICE,MAHTOMEDI,7/1/2026 7:07:22 PM,WC26032370,"XX Long Lake Rd, MAHTOMEDI",ASSIST OTHER AGENCY
WASHINGTON COUNTY SHERIFFS OFFICE,MAHTOMEDI,7/1/2026 9:37:12 PM,WC26032388,"1XXX  Mahtomedi Ave, MAHTOMEDI",MEDICAL
WASHINGTON COUNTY SHERIFFS OFFICE,MAHTOMEDI,7/1/2026 9:44:00 PM,WC26032389,"XX LONG LAKE RD, MAHTOMEDI",TRAFFIC STOP
WASHINGTON COUNTY SHERIFFS OFFICE,MAHTOMEDI,7/1/2026 11:07:00 PM,WC26032405,"MAHTOMEDI AVE / NEPTUNE ST, MAHTOMEDI",TRAFFIC STOP
WASHINGTON COUNTY SHERIFFS OFFICE,MAHTOMEDI,7/2/2026 12:47:07 AM,WC26032426,"XX Edgecumbe Dr, MAHTOMEDI",ALARM-BUSINESS/RES/FIRE/MEDICAL/ETC
WASHINGTON COUNTY SHERIFFS OFFICE,MAHTOMEDI,7/2/2026 8:54:31 AM,WC26032479,"1XXX  Mahtomedi Ave, MAHTOMEDI",FAMILY ASSIST
WASHINGTON COUNTY SHERIFFS OFFICE,MAHTOMEDI,7/2/2026 9:30:18 AM,WC26032487,"XX Mahtomedi Ave, MAHTOMEDI",PARKING COMPLAINT
WASHINGTON COUNTY SHERIFFS OFFICE,MAHTOMEDI,7/2/2026 9:42:23 AM,WC26032499,"XX Long Lake Rd, MAHTOMEDI",911 ABANDONED/HANGUP/OPEN LINE
WASHINGTON COUNTY SHERIFFS OFFICE,MAHTOMEDI,7/2/2026 9:51:48 AM,WC26032507,"XXX Quail St, MAHTOMEDI",WELFARE CHECK
WASHINGTON COUNTY SHERIFFS OFFICE,MAHTOMEDI,7/2/2026 10:30:09 AM,WC26032525,"XX Mahtomedi Ave, MAHTOMEDI",MEDICAL
WASHINGTON COUNTY SHERIFFS OFFICE,MAHTOMEDI,7/2/2026 10:34:14 AM,WC26032530,"XXX Gosiwin Ave, MAHTOMEDI",CITIZEN/PUBLIC ASSIST
WASHINGTON COUNTY SHERIFFS OFFICE,MAHTOMEDI,7/2/2026 1:38:25 PM,WC26032554,"XX Long Lake Rd, MAHTOMEDI",SUSPICIOUS PERSON/ACTIVITY
WASHINGTON COUNTY SHERIFFS OFFICE,MAHTOMEDI,7/2/2026 2:17:57 PM,WC26032562,"White Bear Lake, MAHTOMEDI",WATER INCIDENT/VIOLATION
WASHINGTON COUNTY SHERIFFS OFFICE,MAHTOMEDI,7/2/2026 3:12:49 PM,WC26032576,"1XXX  Iverness Pl, MAHTOMEDI",ASSIST OTHER AGENCY
WASHINGTON COUNTY SHERIFFS OFFICE,MAHTOMEDI,7/2/2026 4:48:45 PM,WC26032595,"XXX Gosiwin Ave, MAHTOMEDI",FOLLOW UP
WASHINGTON COUNTY SHERIFFS OFFICE,MAHTOMEDI,7/3/2026 3:22:50 AM,WC26032707,"XXX Puma Ln, MAHTOMEDI",911 ABANDONED/HANGUP/OPEN LINE
WASHINGTON COUNTY SHERIFFS OFFICE,MAHTOMEDI,7/3/2026 10:40:16 AM,WC26032734,"XX Mahtomedi Ave, MAHTOMEDI",OFFICER INFORMATION
WASHINGTON COUNTY SHERIFFS OFFICE,MAHTOMEDI,7/3/2026 10:43:08 AM,WC26032733,"3XXX  - 3240 CENTURY AVE, MAHTOMEDI",FOUND PROPERTY/ITEM
WASHINGTON COUNTY SHERIFFS OFFICE,MAHTOMEDI,7/3/2026 11:06:00 AM,WC26032741,"XXX Wildwood Rd, MAHTOMEDI",MEDICAL
WASHINGTON COUNTY SHERIFFS OFFICE,MAHTOMEDI,7/3/2026 11:11:35 AM,WC26032742,"XXX East Ave, MAHTOMEDI",ALARM-BUSINESS/RES/FIRE/MEDICAL/ETC
WASHINGTON COUNTY SHERIFFS OFFICE,MAHTOMEDI,7/3/2026 3:23:56 PM,WC26032771,"XXX Ridge Way, MAHTOMEDI",911 ABANDONED/HANGUP/OPEN LINE
WASHINGTON COUNTY SHERIFFS OFFICE,MAHTOMEDI,7/3/2026 5:04:42 PM,WC26032795,"XX Long Lake Rd, MAHTOMEDI",911 ABANDONED/HANGUP/OPEN LINE
WASHINGTON COUNTY SHERIFFS OFFICE,MAHTOMEDI,7/3/2026 5:12:35 PM,WC26032803,"XXX East Ave, MAHTOMEDI",MEDICAL
WASHINGTON COUNTY SHERIFFS OFFICE,MAHTOMEDI,7/3/2026 11:56:14 PM,WC26032871,"Iris St / Griffin Ave, MAHTOMEDI",FIREWORKS
WASHINGTON COUNTY SHERIFFS OFFICE,MAHTOMEDI,7/4/2026 12:32:34 AM,WC26032874,"XXX QUAIL ST, MAHTOMEDI",FIREWORKS
WASHINGTON COUNTY SHERIFFS OFFICE,MAHTOMEDI,7/4/2026 1:12:54 AM,WC26032880,"XXX East Ave, MAHTOMEDI",ALARM-BUSINESS/RES/FIRE/MEDICAL/ETC
WASHINGTON COUNTY SHERIFFS OFFICE,MAHTOMEDI,7/4/2026 4:07:40 AM,WC26032907,"XXX Wildwood Rd, MAHTOMEDI",MEDICAL
WASHINGTON COUNTY SHERIFFS OFFICE,MAHTOMEDI,7/4/2026 8:33:41 AM,WC26032922,"XXX Warner Ave N, MAHTOMEDI",MEDICAL
WASHINGTON COUNTY SHERIFFS OFFICE,MAHTOMEDI,7/4/2026 10:16:00 AM,WC26032935,"XXX - 899 MAHTOMEDI AVE, MAHTOMEDI",TRAFFIC STOP
WASHINGTON COUNTY SHERIFFS OFFICE,MAHTOMEDI,7/4/2026 11:25:31 AM,WC26032946,"XXX Mahtomedi Ave, MAHTOMEDI",TRAFFIC COMPLAINT
WASHINGTON COUNTY SHERIFFS OFFICE,MAHTOMEDI,7/4/2026 12:31:18 PM,WC26032956,"XX Wildwood Beach Rd, MAHTOMEDI",ANIMAL COMPLAINT
WASHINGTON COUNTY SHERIFFS OFFICE,MAHTOMEDI,7/4/2026 12:44:56 PM,WC26032962,"XXX Mahtomedi Ave, MAHTOMEDI",MEDICAL
WASHINGTON COUNTY SHERIFFS OFFICE,MAHTOMEDI,7/4/2026 1:57:12 PM,WC26032976,"STILLWATER RD / WILDWOOD RD, MAHTOMEDI",MOTORIST ASSIST
WASHINGTON COUNTY SHERIFFS OFFICE,MAHTOMEDI,7/4/2026 6:04:34 PM,WC26033027,"XX Locust St, MAHTOMEDI",911 ABANDONED/HANGUP/OPEN LINE
WASHINGTON COUNTY SHERIFFS OFFICE,MAHTOMEDI,7/4/2026 6:47:34 PM,WC26033037,"XXX GOSIWIN AVE, MAHTOMEDI",DIRECTED PATROL
WASHINGTON COUNTY SHERIFFS OFFICE,MAHTOMEDI,7/4/2026 9:03:41 PM,WC26033071,"XXX Gosiwin Ct, MAHTOMEDI",DIRECTED PATROL
WASHINGTON COUNTY SHERIFFS OFFICE,MAHTOMEDI,7/4/2026 9:47:50 PM,WC26033088,"XXX Quail St, MAHTOMEDI",WELFARE CHECK
WASHINGTON COUNTY SHERIFFS OFFICE,MAHTOMEDI,7/4/2026 10:07:21 PM,WC26033096,"XX Long Lake Rd, MAHTOMEDI",FIREWORKS
WASHINGTON COUNTY SHERIFFS OFFICE,MAHTOMEDI,7/4/2026 10:17:00 PM,WC26033099,"XXX Gosiwin Ct, MAHTOMEDI",DIRECTED PATROL
WASHINGTON COUNTY SHERIFFS OFFICE,MAHTOMEDI,7/4/2026 10:19:43 PM,WC26033101,"XX LONG LAKE RD, MAHTOMEDI",FIREWORKS
WASHINGTON COUNTY SHERIFFS OFFICE,MAHTOMEDI,7/4/2026 10:31:36 PM,WC26033108,"XXX Wildwood Bay Dr, MAHTOMEDI",MEDICAL
WASHINGTON COUNTY SHERIFFS OFFICE,MAHTOMEDI,7/4/2026 11:36:24 PM,WC26033138,"XXX Mahtomedi Ave, MAHTOMEDI",MEDICAL
WASHINGTON COUNTY SHERIFFS OFFICE,MARINE ON SAINT CROIX,6/28/2026 2:45:11 PM,WC26031739,"XXX Judd St, MARINE ON SAINT CROIX",911 ABANDONED/HANGUP/OPEN LINE
WASHINGTON COUNTY SHERIFFS OFFICE,MARINE ON SAINT CROIX,6/29/2026 12:14:59 PM,WC26031861,"XXX Broadway St, MARINE ON SAINT CROIX",FIREWORKS
WASHINGTON COUNTY SHERIFFS OFFICE,MARINE ON SAINT CROIX,7/2/2026 6:41:31 AM,WC26032457,"Hwy 95 At Maple St, MARINE ON SAINT CROIX",DRIVING COMPLAINT
WASHINGTON COUNTY SHERIFFS OFFICE,MARINE ON SAINT CROIX,7/2/2026 7:45:00 AM,WC26032465,"16XXX  - 16949 SAINT CROIX TRL N, MARINE ON SAINT CROIX",TRAFFIC STOP
WASHINGTON COUNTY SHERIFFS OFFICE,MARINE ON SAINT CROIX,7/2/2026 10:28:28 AM,WC26032524,"XXX Judd St, MARINE ON SAINT CROIX",911 ABANDONED/HANGUP/OPEN LINE
WASHINGTON COUNTY SHERIFFS OFFICE,MARINE ON SAINT CROIX,7/3/2026 11:20:41 AM,WC26032743,"15XXX  SAINT CROIX TRL N, MARINE ON SAINT CROIX",911 ABANDONED/HANGUP/OPEN LINE
WASHINGTON COUNTY SHERIFFS OFFICE,MARINE ON SAINT CROIX,7/3/2026 5:08:12 PM,WC26032797,"SAINT CROIX TRL N / MAPLE ST, MARINE ON SAINT CROIX",DIRECTED PATROL
WASHINGTON COUNTY SHERIFFS OFFICE,MARINE ON SAINT CROIX,7/3/2026 5:09:00 PM,WC26032798,"SAINT CROIX TRL N / MAPLE ST, MARINE ON SAINT CROIX",TRAFFIC STOP
WASHINGTON COUNTY SHERIFFS OFFICE,MARINE ON SAINT CROIX,7/4/2026 10:44:49 AM,WC26032940,"HWY 95 AT OAK ST, MARINE ON SAINT CROIX",MEDICAL
WASHINGTON COUNTY SHERIFFS OFFICE,MAY TOWNSHIP,6/28/2026 11:06:21 AM,WC26031706,"Otchipwe Ave N / Square Lake Trl N, MAY TOWNSHIP",PUBLIC WORKS CONCERN
WASHINGTON COUNTY SHERIFFS OFFICE,MAY TOWNSHIP,6/28/2026 2:41:24 PM,WC26031736,"Partridge Rd N / 136th St N, MAY TOWNSHIP",CITIZEN/PUBLIC ASSIST
WASHINGTON COUNTY SHERIFFS OFFICE,MAY TOWNSHIP,6/28/2026 10:27:19 PM,WC26031786,"17XXX  Olinda Trl N, MAY TOWNSHIP",DRIVING COMPLAINT
WASHINGTON COUNTY SHERIFFS OFFICE,MAY TOWNSHIP,6/29/2026 9:58:07 AM,WC26031844,"11XXX  180th St N, MAY TOWNSHIP",911 ABANDONED/HANGUP/OPEN LINE
WASHINGTON COUNTY SHERIFFS OFFICE,MAY TOWNSHIP,6/29/2026 9:38:27 PM,WC26031981,"Manning Trl N / 170th St N, MAY TOWNSHIP",WELFARE CHECK
WASHINGTON COUNTY SHERIFFS OFFICE,MAY TOWNSHIP,6/30/2026 4:41:28 PM,WC26032137,"15XXX  Square Lake Trl N, MAY TOWNSHIP",911 ABANDONED/HANGUP/OPEN LINE
WASHINGTON COUNTY SHERIFFS OFFICE,MAY TOWNSHIP,7/1/2026 10:47:59 AM,WC26032276,"15XXX  - 16999 MANNING TRL N, MAY TOWNSHIP",DIRECTED PATROL
WASHINGTON COUNTY SHERIFFS OFFICE,MAY TOWNSHIP,7/1/2026 11:39:14 AM,WC26032282,"MANNING TRL N / 170TH ST N, MAY TOWNSHIP",TRAFFIC STOP
WASHINGTON COUNTY SHERIFFS OFFICE,MAY TOWNSHIP,7/1/2026 5:47:52 PM,WC26032352,"13XXX  Square Lake Trl N, MAY TOWNSHIP",CITIZEN/PUBLIC ASSIST
WASHINGTON COUNTY SHERIFFS OFFICE,MAY TOWNSHIP,7/2/2026 1:13:42 AM,WC26032433,"12XXX  Ravine Cir N, MAY TOWNSHIP",MEDICAL
WASHINGTON COUNTY SHERIFFS OFFICE,MAY TOWNSHIP,7/2/2026 7:29:14 AM,WC26032462,"Manning Trl N / 170th St N, MAY TOWNSHIP",ANIMAL COMPLAINT
WASHINGTON COUNTY SHERIFFS OFFICE,MAY TOWNSHIP,7/2/2026 8:10:00 AM,WC26032469,"12XXX  - 12899 SAINT CROIX TRL N, MAY TOWNSHIP",TRAFFIC STOP
WASHINGTON COUNTY SHERIFFS OFFICE,MAY TOWNSHIP,7/3/2026 10:57:00 AM,WC26032738,"15XXX  SQUARE LAKE TRL N, MAY TOWNSHIP",PARKING VIOLATION
WASHINGTON COUNTY SHERIFFS OFFICE,MAY TOWNSHIP,7/3/2026 7:32:00 PM,WC26032825,"17XXX  - 17998 MANNING TRL N, MAY TOWNSHIP",TRAFFIC STOP
WASHINGTON COUNTY SHERIFFS OFFICE,MAY TOWNSHIP,7/4/2026 12:00:00 AM,WC26032914,"SQUARE LAKE TRL N / OLDFIELD RD N, MAY TOWNSHIP",TRAFFIC STOP
WASHINGTON COUNTY SHERIFFS OFFICE,MAY TOWNSHIP,7/4/2026 3:07:00 AM,WC26032895,"MANNING TRL N / 170TH ST N, MAY TOWNSHIP",DWI
WASHINGTON COUNTY SHERIFFS OFFICE,MAY TOWNSHIP,7/4/2026 11:22:45 AM,WC26032943,"170th St N / Kirby Ave N, MAY TOWNSHIP",FIRE
WASHINGTON COUNTY SHERIFFS OFFICE,MAY TOWNSHIP,7/4/2026 12:44:00 PM,WC26032961,"15XXX  - 15510 SQUARE LAKE TRL N, MAY TOWNSHIP",PARKING VIOLATION
WASHINGTON COUNTY SHERIFFS OFFICE,MAY TOWNSHIP,7/4/2026 1:02:00 PM,WC26032965,"13XXX  - 13898 PARTRIDGE RD N, MAY TOWNSHIP",PARKING VIOLATION
WASHINGTON COUNTY SHERIFFS OFFICE,MAY TOWNSHIP,7/4/2026 1:06:00 PM,WC26032966,"13XXX  - 13898 PARTRIDGE RD N, MAY TOWNSHIP",PARKING COMPLAINT
WASHINGTON COUNTY SHERIFFS OFFICE,MAY TOWNSHIP,7/4/2026 1:08:00 PM,WC26032967,"13XXX  - 13898 PARTRIDGE RD N, MAY TOWNSHIP",PARKING VIOLATION
WASHINGTON COUNTY SHERIFFS OFFICE,MAY TOWNSHIP,7/4/2026 1:15:00 PM,WC26032968,"13XXX  - 13898 PARTRIDGE RD N, MAY TOWNSHIP",PARKING COMPLAINT
WASHINGTON COUNTY SHERIFFS OFFICE,MAY TOWNSHIP,7/4/2026 1:15:00 PM,WC26032969,"13XXX  - 13899 PARTRIDGE RD N, MAY TOWNSHIP",PARKING VIOLATION
WASHINGTON COUNTY SHERIFFS OFFICE,MAY TOWNSHIP,7/4/2026 1:19:00 PM,WC26032970,"13XXX  - 13898 PARTRIDGE RD N, MAY TOWNSHIP",PARKING VIOLATION
WASHINGTON COUNTY SHERIFFS OFFICE,MAY TOWNSHIP,7/4/2026 1:20:00 PM,WC26032971,"13XXX  - 13898 PARTRIDGE RD N, MAY TOWNSHIP",PARKING COMPLAINT
WASHINGTON COUNTY SHERIFFS OFFICE,MAY TOWNSHIP,7/4/2026 1:25:00 PM,WC26032972,"13XXX  - 13898 PARTRIDGE RD N, MAY TOWNSHIP",PARKING VIOLATION
WASHINGTON COUNTY SHERIFFS OFFICE,MAY TOWNSHIP,7/4/2026 1:29:00 PM,WC26032973,"13XXX  - 13898 PARTRIDGE RD N, MAY TOWNSHIP",PARKING VIOLATION
WASHINGTON COUNTY SHERIFFS OFFICE,MAY TOWNSHIP,7/4/2026 3:11:25 PM,WC26032986,"XX Big Marine Park Entrance Rd, MAY TOWNSHIP",911 ABANDONED/HANGUP/OPEN LINE
WASHINGTON COUNTY SHERIFFS OFFICE,MAY TOWNSHIP,7/4/2026 5:24:17 PM,WC26033020,"Square Lake Boat Landing, MAY TOWNSHIP",ACCIDENT
WASHINGTON COUNTY SHERIFFS OFFICE,MAY TOWNSHIP,7/4/2026 6:16:55 PM,WC26033030,"11XXX  180th St N, MAY TOWNSHIP",MEDICAL
WASHINGTON COUNTY SHERIFFS OFFICE,MAY TOWNSHIP,7/4/2026 6:34:38 PM,WC26033036,"12XXX  Otchipwe Ave N, MAY TOWNSHIP",ANIMAL COMPLAINT
WASHINGTON COUNTY SHERIFFS OFFICE,MAY TOWNSHIP,7/4/2026 8:05:23 PM,WC26033058,"11XXX  180th St N, MAY TOWNSHIP",WATERCRAFT ACCIDENT
WASHINGTON COUNTY SHERIFFS OFFICE,MAY TOWNSHIP,7/4/2026 10:55:53 PM,WC26033118,"12XXX  Otchipwe Ave N, MAY TOWNSHIP",ALARM-BUSINESS/RES/FIRE/MEDICAL/ETC
WASHINGTON COUNTY SHERIFFS OFFICE,MAY TOWNSHIP,7/4/2026 11:56:40 PM,WC26033146,"14XXX  Ozark Ave N, MAY TOWNSHIP",FIREWORKS
WASHINGTON COUNTY SHERIFFS OFFICE,NEWPORT,6/28/2026 1:12:12 AM,WC26031667,"1XXX  - 1298 BAILEY RD, NEWPORT",DIRECTED PATROL
WASHINGTON COUNTY SHERIFFS OFFICE,NEWPORT,6/28/2026 2:35:34 AM,WC26031675,"1XXX  2ND AVE, NEWPORT",DISTURBANCE
WASHINGTON COUNTY SHERIFFS OFFICE,NEWPORT,6/28/2026 3:42:07 AM,WC26031682,"1XXX  10th Ave, NEWPORT",MEDICAL
WASHINGTON COUNTY SHERIFFS OFFICE,NEWPORT,6/28/2026 8:41:25 AM,WC26031689,"XXX 11TH ST, NEWPORT",WELFARE CHECK
WASHINGTON COUNTY SHERIFFS OFFICE,NEWPORT,6/28/2026 8:49:49 AM,WC26031690,"1XXX  Hastings Ave, NEWPORT",ALARM-BUSINESS/RES/FIRE/MEDICAL/ETC
WASHINGTON COUNTY SHERIFFS OFFICE,NEWPORT,6/28/2026 9:16:46 AM,WC26031692,"1XXX  10th Ave, NEWPORT",WELFARE CHECK
WASHINGTON COUNTY SHERIFFS OFFICE,NEWPORT,6/28/2026 10:54:11 AM,WC26031704,"1XXX  3rd Ave, NEWPORT",911 ABANDONED/HANGUP/OPEN LINE
WASHINGTON COUNTY SHERIFFS OFFICE,NEWPORT,6/28/2026 12:44:58 PM,WC26031718,"10TH AVE / GLEN RD, NEWPORT",TRAFFIC STOP
WASHINGTON COUNTY SHERIFFS OFFICE,NEWPORT,6/28/2026 3:40:28 PM,WC26031746,"1XXX  8th Ave, NEWPORT",CIVIL MATTER/DISPUTE
WASHINGTON COUNTY SHERIFFS OFFICE,NEWPORT,6/28/2026 3:42:26 PM,WC26031749,"Unknown, NEWPORT",FOLLOW UP
WASHINGTON COUNTY SHERIFFS OFFICE,NEWPORT,6/28/2026 7:47:14 PM,WC26031771,"10th Ave / Glen Rd, NEWPORT",ASSAULT
WASHINGTON COUNTY SHERIFFS OFFICE,NEWPORT,6/28/2026 10:05:39 PM,WC26031783,"XXX 17TH ST, NEWPORT",WARRANT ATTEMPT
WASHINGTON COUNTY SHERIFFS OFFICE,NEWPORT,6/28/2026 10:20:29 PM,WC26031784,"I494 / BAILEY RD, NEWPORT",MOTORIST ASSIST
WASHINGTON COUNTY SHERIFFS OFFICE,NEWPORT,6/28/2026 11:29:52 PM,WC26031791,"1XXX  HASTINGS AVE, NEWPORT",INCIDENT
WASHINGTON COUNTY SHERIFFS OFFICE,NEWPORT,6/29/2026 1:52:00 AM,WC26031808,"1XXX  HASTINGS AVE, NEWPORT",DWI
WASHINGTON COUNTY SHERIFFS OFFICE,NEWPORT,6/29/2026 11:08:00 AM,WC26031853,"BAILEY RD / BAILEY CT, NEWPORT",TRAFFIC STOP
WASHINGTON COUNTY SHERIFFS OFFICE,NEWPORT,6/29/2026 11:26:47 AM,WC26031855,"1XXX  10th Ave, NEWPORT",911 ABANDONED/HANGUP/OPEN LINE
WASHINGTON COUNTY SHERIFFS OFFICE,NEWPORT,6/29/2026 12:31:43 PM,WC26031865,"1XXX  10th Ave, NEWPORT",FOLLOW UP
WASHINGTON COUNTY SHERIFFS OFFICE,NEWPORT,6/29/2026 12:48:06 PM,WC26031868,"3XXX  Maxwell Ave, NEWPORT",911 ABANDONED/HANGUP/OPEN LINE
WASHINGTON COUNTY SHERIFFS OFFICE,NEWPORT,6/29/2026 1:40:08 PM,WC26031885,"1XXX  - 1699 GLEN RD, NEWPORT",DIRECTED PATROL
WASHINGTON COUNTY SHERIFFS OFFICE,NEWPORT,6/29/2026 1:51:00 PM,WC26031886,"GLEN RD / WOODBURY RD, NEWPORT",TRAFFIC STOP
WASHINGTON COUNTY SHERIFFS OFFICE,NEWPORT,6/29/2026 2:01:00 PM,WC26031891,"GLEN RD / WOODBURY RD, NEWPORT",TRAFFIC STOP
WASHINGTON COUNTY SHERIFFS OFFICE,NEWPORT,6/29/2026 2:32:00 PM,WC26031898,"GLEN RD / WOODBURY RD, NEWPORT",TRAFFIC STOP
WASHINGTON COUNTY SHERIFFS OFFICE,NEWPORT,6/29/2026 4:28:28 PM,WC26031926,"1XXX  10th Ave, NEWPORT",FOLLOW UP
WASHINGTON COUNTY SHERIFFS OFFICE,NEWPORT,6/29/2026 4:28:35 PM,WC26031925,"3XXX  Maxwell Ave, NEWPORT",911 ABANDONED/HANGUP/OPEN LINE
WASHINGTON COUNTY SHERIFFS OFFICE,NEWPORT,6/29/2026 5:13:00 PM,WC26031934,"HWY 61 SB JNO 70TH ST S, NEWPORT",TRAFFIC STOP
WASHINGTON COUNTY SHERIFFS OFFICE,NEWPORT,6/29/2026 6:48:54 PM,WC26031952,"BAILEY RD OVER I494, NEWPORT",CIVIL MATTER/DISPUTE
WASHINGTON COUNTY SHERIFFS OFFICE,NEWPORT,6/29/2026 7:11:02 PM,WC26031960,"1XXX  Bailey Rd, NEWPORT",ALARM-BUSINESS/RES/FIRE/MEDICAL/ETC
WASHINGTON COUNTY SHERIFFS OFFICE,NEWPORT,6/29/2026 8:49:25 PM,WC26031971,"XXX 3rd Ave, NEWPORT",DRIVING COMPLAINT
WASHINGTON COUNTY SHERIFFS OFFICE,NEWPORT,6/29/2026 8:57:08 PM,WC26031973,"XXX Park Pl, NEWPORT",ANIMAL COMPLAINT
WASHINGTON COUNTY SHERIFFS OFFICE,NEWPORT,6/29/2026 9:18:50 PM,WC26031978,"3XXX  Maxwell Ave, NEWPORT",911 ABANDONED/HANGUP/OPEN LINE
WASHINGTON COUNTY SHERIFFS OFFICE,NEWPORT,6/29/2026 9:35:37 PM,WC26031979,"7TH AVE / 11TH ST, NEWPORT",INCIDENT
WASHINGTON COUNTY SHERIFFS OFFICE,NEWPORT,6/29/2026 11:01:40 PM,WC26031985,"1XXX  HASTINGS AVE, NEWPORT",CITIZEN/PUBLIC ASSIST
WASHINGTON COUNTY SHERIFFS OFFICE,NEWPORT,6/30/2026 5:06:43 AM,WC26032010,"3XXX  Maxwell Ave, NEWPORT",911 ABANDONED/HANGUP/OPEN LINE
WASHINGTON COUNTY SHERIFFS OFFICE,NEWPORT,6/30/2026 8:20:05 AM,WC26032019,"1XXX  Mark Ct, NEWPORT",CITIZEN/PUBLIC ASSIST
WASHINGTON COUNTY SHERIFFS OFFICE,NEWPORT,6/30/2026 10:19:30 AM,WC26032050,"Unknown, NEWPORT",CITIZEN/PUBLIC ASSIST
WASHINGTON COUNTY SHERIFFS OFFICE,NEWPORT,6/30/2026 12:09:34 PM,WC26032074,"Unknown, NEWPORT",CITIZEN/PUBLIC ASSIST
WASHINGTON COUNTY SHERIFFS OFFICE,NEWPORT,6/30/2026 1:15:51 PM,WC26032091,"1XXX  Co Rd 74, NEWPORT",911 ABANDONED/HANGUP/OPEN LINE
WASHINGTON COUNTY SHERIFFS OFFICE,NEWPORT,6/30/2026 2:56:35 PM,WC26032114,"XXX 7TH AVE, NEWPORT",FOUND PROPERTY/ITEM
WASHINGTON COUNTY SHERIFFS OFFICE,NEWPORT,6/30/2026 3:21:05 PM,WC26032119,"1XXX  Century Ave, NEWPORT",ALARM-BUSINESS/RES/FIRE/MEDICAL/ETC
WASHINGTON COUNTY SHERIFFS OFFICE,NEWPORT,6/30/2026 5:21:14 PM,WC26032146,"2XXX  Circle Dr, NEWPORT",MEDICAL
WASHINGTON COUNTY SHERIFFS OFFICE,NEWPORT,6/30/2026 6:47:21 PM,WC26032165,"1XXX  3rd Ave, NEWPORT",MEDICAL
WASHINGTON COUNTY SHERIFFS OFFICE,NEWPORT,6/30/2026 7:03:43 PM,WC26032168,"1XXX  Mark Ct, NEWPORT",MEDICAL
WASHINGTON COUNTY SHERIFFS OFFICE,NEWPORT,6/30/2026 7:08:43 PM,WC26032170,"1XXX  3rd Ave, NEWPORT",PUBLIC WORKS CONCERN
WASHINGTON COUNTY SHERIFFS OFFICE,NEWPORT,6/30/2026 8:26:42 PM,WC26032173,"1XXX  10th Ave, NEWPORT",WELFARE CHECK
WASHINGTON COUNTY SHERIFFS OFFICE,NEWPORT,6/30/2026 8:41:00 PM,WC26032174,"HWY 61 SB JNO 70TH ST S, NEWPORT",DRUGS
WASHINGTON COUNTY SHERIFFS OFFICE,NEWPORT,6/30/2026 9:16:25 PM,WC26032177,"1XXX  Hastings Ave, NEWPORT",TRESPASSING
WASHINGTON COUNTY SHERIFFS OFFICE,NEWPORT,6/30/2026 10:57:01 PM,WC26032204,"1XXX  WILD RIDGE TRL, NEWPORT",SUSPICIOUS PERSON/ACTIVITY
WASHINGTON COUNTY SHERIFFS OFFICE,NEWPORT,6/30/2026 11:08:23 PM,WC26032206,"1XXX  GLEN RD, NEWPORT",SUSPICIOUS PERSON/ACTIVITY
WASHINGTON COUNTY SHERIFFS OFFICE,NEWPORT,6/30/2026 11:38:01 PM,WC26032210,"1XXX  10th Ave, NEWPORT",CIVIL MATTER/DISPUTE
WASHINGTON COUNTY SHERIFFS OFFICE,NEWPORT,7/1/2026 11:50:59 AM,WC26032284,"1XXX  10th Ave, NEWPORT",MEDICAL
WASHINGTON COUNTY SHERIFFS OFFICE,NEWPORT,7/1/2026 12:33:16 PM,WC26032288,"XXX Red Rock Xing, NEWPORT",CITIZEN/PUBLIC ASSIST
WASHINGTON COUNTY SHERIFFS OFFICE,NEWPORT,7/1/2026 2:41:31 PM,WC26032315,"1XXX  - 1699 GLEN RD, NEWPORT",DIRECTED PATROL
WASHINGTON COUNTY SHERIFFS OFFICE,NEWPORT,7/1/2026 2:47:37 PM,WC26032318,"1XXX  10th Ave, NEWPORT",CITIZEN/PUBLIC ASSIST
WASHINGTON COUNTY SHERIFFS OFFICE,NEWPORT,7/1/2026 3:12:00 PM,WC26032323,"GLEN RD / WOODBURY RD, NEWPORT",TRAFFIC STOP
WASHINGTON COUNTY SHERIFFS OFFICE,NEWPORT,7/1/2026 6:14:49 PM,WC26032355,"1XXX  10th Ave, NEWPORT",CITIZEN/PUBLIC ASSIST
WASHINGTON COUNTY SHERIFFS OFFICE,NEWPORT,7/1/2026 7:03:59 PM,WC26032368,"XXX Red Rock Rd, NEWPORT",FIRE
WASHINGTON COUNTY SHERIFFS OFFICE,NEWPORT,7/1/2026 9:36:41 PM,WC26032387,"1XXX  10th Ave, NEWPORT",WELFARE CHECK
WASHINGTON COUNTY SHERIFFS OFFICE,NEWPORT,7/2/2026 12:24:00 AM,WC26032422,"Hwy 61 Sb/ Glen Rd, NEWPORT",DWI
WASHINGTON COUNTY SHERIFFS OFFICE,NEWPORT,7/2/2026 12:52:00 AM,WC26032428,"Hwy 61 SB @ Maxwell Ave, NEWPORT",TRAFFIC STOP
WASHINGTON COUNTY SHERIFFS OFFICE,NEWPORT,7/2/2026 1:18:00 AM,WC26032434,"Hwy 61 SB @ Maxwell Ave, NEWPORT",TRAFFIC STOP
WASHINGTON COUNTY SHERIFFS OFFICE,NEWPORT,7/2/2026 2:49:22 AM,WC26032445,"1XXX  13th St, NEWPORT",FAMILY ASSIST
WASHINGTON COUNTY SHERIFFS OFFICE,NEWPORT,7/2/2026 3:52:43 AM,WC26032450,"1XXX  10th Ave, NEWPORT",NOISE COMPLAINT/DISTURBANCE
WASHINGTON COUNTY SHERIFFS OFFICE,NEWPORT,7/2/2026 6:14:06 AM,WC26032455,"1XXX  10th Ave, NEWPORT",MEDICAL
WASHINGTON COUNTY SHERIFFS OFFICE,NEWPORT,7/2/2026 2:17:00 PM,WC26032560,"1XXX  - 1199 7TH AVE, NEWPORT",DIRECTED PATROL
WASHINGTON COUNTY SHERIFFS OFFICE,NEWPORT,7/2/2026 2:31:00 PM,WC26032563,"7TH AVE / 12TH ST, NEWPORT",TRAFFIC STOP
WASHINGTON COUNTY SHERIFFS OFFICE,NEWPORT,7/2/2026 2:52:00 PM,WC26032567,"7TH AVE / 12TH ST, NEWPORT",TRAFFIC STOP
WASHINGTON COUNTY SHERIFFS OFFICE,NEWPORT,7/2/2026 6:34:04 PM,WC26032613,"HWY 61 SB JSO GLEN RD, NEWPORT",ASSIST OTHER AGENCY
WASHINGTON COUNTY SHERIFFS OFFICE,NEWPORT,7/2/2026 8:36:31 PM,WC26032633,"2XXX  Hastings Ave, NEWPORT",TRESPASS NOTICE
WASHINGTON COUNTY SHERIFFS OFFICE,NEWPORT,7/2/2026 9:46:02 PM,WC26032653,"1XXX  HASTINGS AVE, NEWPORT",CITIZEN/PUBLIC ASSIST
WASHINGTON COUNTY SHERIFFS OFFICE,NEWPORT,7/2/2026 10:13:07 PM,WC26032666,"3XXX  Maxwell Ave, NEWPORT",DISTURBANCE
WASHINGTON COUNTY SHERIFFS OFFICE,NEWPORT,7/2/2026 11:26:38 PM,WC26032681,"1XXX  Mark Ct, NEWPORT",NOISE COMPLAINT/DISTURBANCE
WASHINGTON COUNTY SHERIFFS OFFICE,NEWPORT,7/2/2026 11:45:08 PM,WC26032685,"XXX Red Rock Xing, NEWPORT",MEDICAL
WASHINGTON COUNTY SHERIFFS OFFICE,NEWPORT,7/3/2026 1:43:05 AM,WC26032698,"Hwy 61 Sb/ Glen Rd, NEWPORT",DWI
WASHINGTON COUNTY SHERIFFS OFFICE,NEWPORT,7/3/2026 6:12:42 AM,WC26032715,"2XXX  Hastings Ave, NEWPORT",MEDICAL
WASHINGTON COUNTY SHERIFFS OFFICE,NEWPORT,7/3/2026 11:26:34 AM,WC26032744,"XXX 18th St, NEWPORT",DRIVING COMPLAINT
WASHINGTON COUNTY SHERIFFS OFFICE,NEWPORT,7/3/2026 1:26:45 PM,WC26032753,"2XXX  Hastings Ave, NEWPORT",CITIZEN/PUBLIC ASSIST
WASHINGTON COUNTY SHERIFFS OFFICE,NEWPORT,7/3/2026 2:59:51 PM,WC26032764,"1XXX  Mark Ct, NEWPORT",SUSPICIOUS PERSON/ACTIVITY
WASHINGTON COUNTY SHERIFFS OFFICE,NEWPORT,7/3/2026 5:12:41 PM,WC26032802,"2XXX  HASTINGS AVE, NEWPORT",MEDICAL
WASHINGTON COUNTY SHERIFFS OFFICE,NEWPORT,7/3/2026 6:13:52 PM,WC26032813,"1XXX  Bailey Rd, NEWPORT",ALARM-BUSINESS/RES/FIRE/MEDICAL/ETC
WASHINGTON COUNTY SHERIFFS OFFICE,NEWPORT,7/3/2026 7:47:34 PM,WC26032829,"1XXX  Hastings Ave, NEWPORT",TRESPASS NOTICE
WASHINGTON COUNTY SHERIFFS OFFICE,NEWPORT,7/3/2026 9:38:38 PM,WC26032853,"Bailey Rd To I494 Eb Ramp, NEWPORT",ASSIST OTHER AGENCY
WASHINGTON COUNTY SHERIFFS OFFICE,NEWPORT,7/4/2026 1:33:53 AM,WC26032883,"GLEN RD / GLEN TER, NEWPORT",DRUGS
WASHINGTON COUNTY SHERIFFS OFFICE,NEWPORT,7/4/2026 2:13:41 AM,WC26032898,"MAXWELL AVE / I494, NEWPORT",TRAFFIC STOP
WASHINGTON COUNTY SHERIFFS OFFICE,NEWPORT,7/4/2026 10:37:24 PM,WC26033109,"Unknown, NEWPORT",CITIZEN/PUBLIC ASSIST
WASHINGTON COUNTY SHERIFFS OFFICE,NEWPORT,7/4/2026 11:34:46 PM,WC26033136,"XXX 18th St, NEWPORT",FIREWORKS
WASHINGTON COUNTY SHERIFFS OFFICE,OAK PARK HEIGHTS,6/28/2026 12:54:57 PM,WC26031720,"Saint Croix River Out From King Plant-oph, OAK PARK HEIGHTS",DEATH
WASHINGTON COUNTY SHERIFFS OFFICE,OAK PARK HEIGHTS,6/29/2026 2:29:00 PM,WC26031897,"6XXX  - 6218 OSGOOD AVE N, OAK PARK HEIGHTS",TRAFFIC STOP
WASHINGTON COUNTY SHERIFFS OFFICE,OAK PARK HEIGHTS,6/29/2026 8:57:31 PM,WC26031972,"HWY 36 EB TO STILLWATER BLVD N RAMP / STILLWATER BLVD N, OAK PARK HEIGHTS",TRAFFIC STOP
WASHINGTON COUNTY SHERIFFS OFFICE,OAK PARK HEIGHTS,7/1/2026 1:20:00 PM,WC26032291,"OAKGREEN AVE N / 53RD ST N, OAK PARK HEIGHTS",TRAFFIC STOP
WASHINGTON COUNTY SHERIFFS OFFICE,OAK PARK HEIGHTS,7/1/2026 1:23:13 PM,WC26032293,"14XXX  60th St N, OAK PARK HEIGHTS",ASSIST OTHER AGENCY
WASHINGTON COUNTY SHERIFFS OFFICE,OAK PARK HEIGHTS,7/2/2026 8:35:00 AM,WC26032476,"HWY 36 WB AT OSGOOD AVE N, OAK PARK HEIGHTS",TRAFFIC STOP
WASHINGTON COUNTY SHERIFFS OFFICE,OAK PARK HEIGHTS,7/3/2026 12:33:32 PM,WC26032751,"Hwy 36 Eb Jwo Norell Ave N, OAK PARK HEIGHTS",ASSIST OTHER AGENCY
WASHINGTON COUNTY SHERIFFS OFFICE,OAK PARK HEIGHTS,7/4/2026 9:43:02 PM,WC26033084,"Highway 36 / OSGOOD AVE N, OAK PARK HEIGHTS",ASSIST OTHER AGENCY
WASHINGTON COUNTY SHERIFFS OFFICE,OAKDALE,6/28/2026 9:38:34 AM,WC26031693,"1XXX  GROSPOINT AVE N, OAKDALE",CIVIL MATTER/DISPUTE
WASHINGTON COUNTY SHERIFFS OFFICE,OAKDALE,6/28/2026 9:49:59 AM,WC26031695,"3XXX  Grafton Ave N, OAKDALE",CIVIL MATTER/DISPUTE
WASHINGTON COUNTY SHERIFFS OFFICE,OAKDALE,6/30/2026 6:45:42 PM,WC26032163,"4XXX  GRENWICH TRL N, OAKDALE",CIVIL MATTER/DISPUTE
WASHINGTON COUNTY SHERIFFS OFFICE,OAKDALE,6/30/2026 11:34:28 PM,WC26032212,"4XXX  GENEVA AVE N, OAKDALE",ASSIST OTHER AGENCY
WASHINGTON COUNTY SHERIFFS OFFICE,OAKDALE,7/2/2026 3:35:22 PM,WC26032582,"8XXX  4TH ST N, OAKDALE",ASSIST OTHER AGENCY
WASHINGTON COUNTY SHERIFFS OFFICE,OAKDALE,7/2/2026 4:26:45 PM,WC26032604,"8XXX  3rd St N, OAKDALE",ASSIST OTHER AGENCY
WASHINGTON COUNTY SHERIFFS OFFICE,OAKDALE,7/2/2026 5:43:28 PM,WC26032605,"GENEVA AVE N / 10TH ST N, OAKDALE",ASSIST OTHER AGENCY
WASHINGTON COUNTY SHERIFFS OFFICE,OAKDALE,7/2/2026 10:24:19 PM,WC26032670,"XXX Gershwin Ave N, OAKDALE",ASSIST OTHER AGENCY
WASHINGTON COUNTY SHERIFFS OFFICE,OAKDALE,7/3/2026 4:07:29 PM,WC26032782,"HWY 36 EB JEO 50TH ST N, OAKDALE",ASSIST OTHER AGENCY
WASHINGTON COUNTY SHERIFFS OFFICE,OAKDALE,7/3/2026 8:40:39 PM,WC26032838,"6XXX  9TH ST N, OAKDALE",ASSIST OTHER AGENCY
WASHINGTON COUNTY SHERIFFS OFFICE,PINE SPRINGS,6/28/2026 3:25:27 PM,WC26031744,"5XXX  Henna Ct, PINE SPRINGS",ALARM-BUSINESS/RES/FIRE/MEDICAL/ETC
WASHINGTON COUNTY SHERIFFS OFFICE,PINE SPRINGS,6/28/2026 6:00:31 PM,WC26031765,"6XXX  HYTRAIL AVE N, PINE SPRINGS",911 ABANDONED/HANGUP/OPEN LINE
WASHINGTON COUNTY SHERIFFS OFFICE,PINE SPRINGS,6/30/2026 1:06:00 PM,WC26032086,"Hilton Trl N / Hwy 36 Eb To Hilton Trl N Ramp, PINE SPRINGS",TRAFFIC COMPLAINT
WASHINGTON COUNTY SHERIFFS OFFICE,PINE SPRINGS,6/30/2026 3:31:16 PM,WC26032122,"I694 SB OVER HWY 36, PINE SPRINGS",MOTORIST ASSIST
WASHINGTON COUNTY SHERIFFS OFFICE,PINE SPRINGS,6/30/2026 5:17:31 PM,WC26032144,"XX I694 Sb To Hwy 36 Eb Ramp, PINE SPRINGS",WELFARE CHECK
WASHINGTON COUNTY SHERIFFS OFFICE,PINE SPRINGS,7/2/2026 9:36:47 PM,WC26032649,"HILTON TRL N / 62ND ST N, PINE SPRINGS",TRAFFIC STOP
WASHINGTON COUNTY SHERIFFS OFFICE,PINE SPRINGS,7/3/2026 7:09:04 AM,WC26032717,"3XXX  Long Lake Rd, PINE SPRINGS",911 ABANDONED/HANGUP/OPEN LINE
WASHINGTON COUNTY SHERIFFS OFFICE,PINE SPRINGS,7/4/2026 11:45:22 PM,WC26033139,"HWY 36 WB JEO I694, PINE SPRINGS",TRAFFIC STOP
WASHINGTON COUNTY SHERIFFS OFFICE,SAINT MARYS POINT,6/29/2026 3:49:14 PM,WC26031913,"2XXX  Itasca Ave S, SAINT MARYS POINT",ALARM-BUSINESS/RES/FIRE/MEDICAL/ETC
WASHINGTON COUNTY SHERIFFS OFFICE,SAINT MARYS POINT,6/30/2026 10:25:41 AM,WC26032051,"16XXX  SAINT MARYS DR S, SAINT MARYS POINT",SUSPICIOUS PERSON/ACTIVITY
WASHINGTON COUNTY SHERIFFS OFFICE,SAINT MARYS POINT,7/3/2026 11:26:30 PM,WC26032866,"2XXX  River Rd S, SAINT MARYS POINT",CITIZEN/PUBLIC ASSIST
WASHINGTON COUNTY SHERIFFS OFFICE,Saint Paul,6/28/2026 3:39:04 AM,WC26031680,"XX SB HWY 61 TO BAILEY RD, Saint Paul",MOTORIST ASSIST
WASHINGTON COUNTY SHERIFFS OFFICE,Saint Paul,7/4/2026 10:46:00 PM,WC26033113,"HWY 61 NB / North of Glen Rd, Saint Paul",TRAFFIC STOP
WASHINGTON COUNTY SHERIFFS OFFICE,SAINT PAUL PARK,6/29/2026 1:18:55 AM,WC26031802,"SAINT PAUL PARK RD / 3RD ST, SAINT PAUL PARK",SUSPICIOUS PERSON/ACTIVITY
WASHINGTON COUNTY SHERIFFS OFFICE,SAINT PAUL PARK,6/29/2026 9:33:49 PM,WC26031980,"XXX 4th St, SAINT PAUL PARK",ASSIST OTHER AGENCY
WASHINGTON COUNTY SHERIFFS OFFICE,SAINT PAUL PARK,6/30/2026 11:18:15 PM,WC26032207,"XXX 1st St, SAINT PAUL PARK",ASSIST OTHER AGENCY
WASHINGTON COUNTY SHERIFFS OFFICE,SAINT PAUL PARK,7/1/2026 4:44:18 AM,WC26032231,"1XXX  16th Ave, SAINT PAUL PARK",ASSIST OTHER AGENCY
WASHINGTON COUNTY SHERIFFS OFFICE,SAINT PAUL PARK,7/1/2026 10:24:53 PM,WC26032398,"XXX Pullman Ave, SAINT PAUL PARK",ASSIST OTHER AGENCY
WASHINGTON COUNTY SHERIFFS OFFICE,SAINT PAUL PARK,7/2/2026 10:23:32 PM,WC26032669,"XXX Pullman Ave, SAINT PAUL PARK",ASSIST OTHER AGENCY
WASHINGTON COUNTY SHERIFFS OFFICE,SAINT PAUL PARK,7/3/2026 1:42:00 AM,WC26032697,"70TH ST/ HWY 61 SB RAMP, SAINT PAUL PARK",TRAFFIC STOP
WASHINGTON COUNTY SHERIFFS OFFICE,SAINT PAUL PARK,7/3/2026 7:07:39 AM,WC26032716,"70TH ST S OVER HWY 61, SAINT PAUL PARK",CITIZEN/PUBLIC ASSIST
WASHINGTON COUNTY SHERIFFS OFFICE,SAINT PAUL PARK,7/4/2026 6:31:46 AM,WC26032912,"1XXX  Dixon Dr, SAINT PAUL PARK",ASSIST OTHER AGENCY
WASHINGTON COUNTY SHERIFFS OFFICE,SAINT PAUL PARK,7/4/2026 5:17:33 PM,WC26033014,"70TH ST S / HASTINGS AVE, SAINT PAUL PARK",FOLLOW UP
WASHINGTON COUNTY SHERIFFS OFFICE,SCANDIA,6/28/2026 5:19:00 PM,WC26031761,"MANNING TRL N / 185TH ST N, SCANDIA",TRAFFIC STOP
WASHINGTON COUNTY SHERIFFS OFFICE,SCANDIA,6/29/2026 12:00:00 AM,WC26031937,"19XXX  MANNING TRL N, SCANDIA",TRAFFIC STOP
WASHINGTON COUNTY SHERIFFS OFFICE,SCANDIA,6/29/2026 12:00:00 AM,WC26031943,"MANNING TRL N / 180TH ST N, SCANDIA",TRAFFIC STOP
WASHINGTON COUNTY SHERIFFS OFFICE,SCANDIA,6/29/2026 12:49:09 PM,WC26031867,"Unknown, SCANDIA",FOLLOW UP
WASHINGTON COUNTY SHERIFFS OFFICE,SCANDIA,6/29/2026 6:01:37 PM,WC26031946,"14XXX  Oakhill Ln N, SCANDIA",MEDICAL
WASHINGTON COUNTY SHERIFFS OFFICE,SCANDIA,6/30/2026 2:21:12 AM,WC26032000,"Olinda Trl N / 240th St N, SCANDIA",ANIMAL COMPLAINT
WASHINGTON COUNTY SHERIFFS OFFICE,SCANDIA,6/30/2026 7:52:44 AM,WC26032018,"13XXX  182nd St N, SCANDIA",CITIZEN/PUBLIC ASSIST
WASHINGTON COUNTY SHERIFFS OFFICE,SCANDIA,6/30/2026 9:12:01 AM,WC26032033,"Scandia Trl N / Manning Trl N, SCANDIA",WELFARE CHECK
WASHINGTON COUNTY SHERIFFS OFFICE,SCANDIA,6/30/2026 11:20:39 AM,WC26032063,"19XXX  OLINDA TRL N, SCANDIA",MEDICAL
WASHINGTON COUNTY SHERIFFS OFFICE,SCANDIA,6/30/2026 12:41:22 PM,WC26032078,"15XXX  SCANDIA TRL N, SCANDIA",OFFICER INFORMATION
WASHINGTON COUNTY SHERIFFS OFFICE,SCANDIA,6/30/2026 2:33:55 PM,WC26032110,"18XXX  NORELL AVE N, SCANDIA",911 ABANDONED/HANGUP/OPEN LINE
WASHINGTON COUNTY SHERIFFS OFFICE,SCANDIA,6/30/2026 7:49:22 PM,WC26032172,"14XXX  SCANDIA TRL N, SCANDIA",NOISE COMPLAINT/DISTURBANCE
WASHINGTON COUNTY SHERIFFS OFFICE,SCANDIA,7/1/2026 6:25:46 AM,WC26032235,"19XXX  Maxwill Ave N, SCANDIA",ALARM-BUSINESS/RES/FIRE/MEDICAL/ETC
WASHINGTON COUNTY SHERIFFS OFFICE,SCANDIA,7/1/2026 7:57:55 AM,WC26032242,"23XXX  Saint Croix Trl N, SCANDIA",ALARM-BUSINESS/RES/FIRE/MEDICAL/ETC
WASHINGTON COUNTY SHERIFFS OFFICE,SCANDIA,7/1/2026 1:46:12 PM,WC26032299,"23XXX  Pomroy Ave N, SCANDIA",ROAD HAZARD
WASHINGTON COUNTY SHERIFFS OFFICE,SCANDIA,7/2/2026 11:12:27 AM,WC26032534,"19XXX  Newgate Ave N, SCANDIA",911 ABANDONED/HANGUP/OPEN LINE
WASHINGTON COUNTY SHERIFFS OFFICE,SCANDIA,7/2/2026 11:54:59 AM,WC26032538,"15XXX  220th St N, SCANDIA",OFFICER INFORMATION
WASHINGTON COUNTY SHERIFFS OFFICE,SCANDIA,7/3/2026 8:52:00 AM,WC26032721," ST CROIX TRL N & 240TH ST N, SCANDIA",TRAFFIC STOP
WASHINGTON COUNTY SHERIFFS OFFICE,SCANDIA,7/3/2026 9:03:00 AM,WC26032723,"ST CROIX TR N & PILAR AV N, SCANDIA",TRAFFIC STOP
WASHINGTON COUNTY SHERIFFS OFFICE,SCANDIA,7/3/2026 2:44:36 PM,WC26032760,"20XXX  Meadowbrook Ave N, SCANDIA",SUSPICIOUS PERSON/ACTIVITY
WASHINGTON COUNTY SHERIFFS OFFICE,SCANDIA,7/3/2026 4:20:54 PM,WC26032785,"10XXX  185th St N, SCANDIA",SHOTS FIRED/SHOOTING COMPLAINT
WASHINGTON COUNTY SHERIFFS OFFICE,SCANDIA,7/3/2026 4:22:00 PM,WC26032783,"OZARK AVE N / SCANDIA TRL, SCANDIA",TRAFFIC STOP
WASHINGTON COUNTY SHERIFFS OFFICE,SCANDIA,7/4/2026 8:01:03 AM,WC26032917,"18XXX  LAYTON AVE N, SCANDIA",THEFT
WASHINGTON COUNTY SHERIFFS OFFICE,SCANDIA,7/4/2026 12:34:35 PM,WC26032958,"HWY 95 AT HWY 97, SCANDIA",CITIZEN/PUBLIC ASSIST
WASHINGTON COUNTY SHERIFFS OFFICE,SCANDIA,7/4/2026 5:47:01 PM,WC26033022,"XX BONE LAKE, SCANDIA",WATER INCIDENT/VIOLATION
WASHINGTON COUNTY SHERIFFS OFFICE,SCANDIA,7/4/2026 8:11:07 PM,WC26033055,"13XXX  182nd St N, SCANDIA",911 ABANDONED/HANGUP/OPEN LINE
WASHINGTON COUNTY SHERIFFS OFFICE,STILLWATER,6/28/2026 11:55:08 AM,WC26031711,"15XXX  62nd St N, STILLWATER",WARRANT ARREST
WASHINGTON COUNTY SHERIFFS OFFICE,STILLWATER,6/28/2026 12:24:44 PM,WC26031717,"15XXX  62ND ST N, STILLWATER",CITIZEN/PUBLIC ASSIST
WASHINGTON COUNTY SHERIFFS OFFICE,STILLWATER,6/28/2026 3:49:00 PM,WC26031748,"15XXX  62nd St, STILLWATER",FOLLOW UP
WASHINGTON COUNTY SHERIFFS OFFICE,STILLWATER,6/29/2026 2:57:13 PM,WC26031905,"15XXX  62nd St N, STILLWATER",CITIZEN/PUBLIC ASSIST
WASHINGTON COUNTY SHERIFFS OFFICE,STILLWATER,6/29/2026 3:17:47 PM,WC26031909,"15XXX  62nd St N, STILLWATER",OTHER
WASHINGTON COUNTY SHERIFFS OFFICE,STILLWATER,6/29/2026 3:57:39 PM,WC26031920,"15XXX  62nd St N, STILLWATER",CITIZEN/PUBLIC ASSIST
WASHINGTON COUNTY SHERIFFS OFFICE,STILLWATER,7/1/2026 2:58:42 PM,WC26032321,"15XXX  62nd St N, STILLWATER",CITIZEN/PUBLIC ASSIST
WASHINGTON COUNTY SHERIFFS OFFICE,STILLWATER,7/1/2026 3:04:06 PM,WC26032324,"1XXX  Frontage Rd W, STILLWATER",ASSIST OTHER AGENCY
WASHINGTON COUNTY SHERIFFS OFFICE,STILLWATER,7/1/2026 8:03:43 PM,WC26032374,"15XXX  62nd St N, STILLWATER",FUGITIVE FROM JUSTICE
WASHINGTON COUNTY SHERIFFS OFFICE,STILLWATER,7/1/2026 9:01:00 PM,WC26032379,"HWY 36 WB / Stillwater Blvd, STILLWATER",TRAFFIC STOP
WASHINGTON COUNTY SHERIFFS OFFICE,STILLWATER,7/3/2026 3:15:52 PM,WC26032768,"Saint Croix River - Mnr5, STILLWATER",911 ABANDONED/HANGUP/OPEN LINE
WASHINGTON COUNTY SHERIFFS OFFICE,STILLWATER,7/3/2026 8:22:00 PM,WC26032834,"2XXX  - 2398 OAK GLEN DR, STILLWATER",TRAFFIC STOP
WASHINGTON COUNTY SHERIFFS OFFICE,STILLWATER,7/3/2026 10:03:35 PM,WC26032857,"15XXX  62nd St N, STILLWATER",FRAUD/SCAM
WASHINGTON COUNTY SHERIFFS OFFICE,STILLWATER,7/4/2026 12:07:38 PM,WC26032949,"15XXX  62nd St N, STILLWATER",HARASSMENT
WASHINGTON COUNTY SHERIFFS OFFICE,STILLWATER,7/4/2026 10:33:35 PM,WC26033115,"Myrtle St W / 3rd St N, STILLWATER",ASSIST OTHER AGENCY
WASHINGTON COUNTY SHERIFFS OFFICE,STILLWATER TOWNSHIP,6/30/2026 5:35:05 PM,WC26032148,"Saint Croix Trl N / Arcola Trl N, STILLWATER TOWNSHIP",TRAFFIC COMPLAINT
WASHINGTON COUNTY SHERIFFS OFFICE,STILLWATER TOWNSHIP,7/1/2026 7:15:14 PM,WC26032372,"11XXX  QUAIL AVE N, STILLWATER TOWNSHIP",ANIMAL COMPLAINT
WASHINGTON COUNTY SHERIFFS OFFICE,STILLWATER TOWNSHIP,7/1/2026 11:33:30 PM,WC26032411,"15XXX  100th St N, STILLWATER TOWNSHIP",ALARM-BUSINESS/RES/FIRE/MEDICAL/ETC
WASHINGTON COUNTY SHERIFFS OFFICE,STILLWATER TOWNSHIP,7/2/2026 11:07:51 AM,WC26032532,"Unknown, STILLWATER TOWNSHIP",FOLLOW UP
WASHINGTON COUNTY SHERIFFS OFFICE,STILLWATER TOWNSHIP,7/3/2026 11:56:53 PM,WC26032870,"BOOM SITE HISTORICAL MARKER, STILLWATER TOWNSHIP",DIRECTED PATROL
WASHINGTON COUNTY SHERIFFS OFFICE,STILLWATER TOWNSHIP,7/4/2026 2:01:30 AM,WC26032891,"10XXX  Ottumwa Ave N, STILLWATER TOWNSHIP",ALARM-BUSINESS/RES/FIRE/MEDICAL/ETC
WASHINGTON COUNTY SHERIFFS OFFICE,STILLWATER TOWNSHIP,7/4/2026 7:26:57 AM,WC26032916,"Dellwood Rd N / Millbrook Cir, STILLWATER TOWNSHIP",ACCIDENT
WASHINGTON COUNTY SHERIFFS OFFICE,STILLWATER TOWNSHIP,7/4/2026 5:09:32 PM,WC26033012,"14XXX  114th Street Cir N, STILLWATER TOWNSHIP",MEDICAL
WASHINGTON COUNTY SHERIFFS OFFICE,STILLWATER TOWNSHIP,7/4/2026 6:54:13 PM,WC26033039,"10XXX  Pawnee Avenue Ct N, STILLWATER TOWNSHIP",HARASSMENT
WASHINGTON COUNTY SHERIFFS OFFICE,WEST LAKELAND TOWNSHIP,6/28/2026 12:01:16 AM,WC26031658,"13XXX  23rd Street Ct N, WEST LAKELAND TOWNSHIP",MEDICAL
WASHINGTON COUNTY SHERIFFS OFFICE,WEST LAKELAND TOWNSHIP,6/28/2026 1:57:54 AM,WC26031672,"1XXX  Neal Ave N, WEST LAKELAND TOWNSHIP",SUSPICIOUS PERSON/ACTIVITY
WASHINGTON COUNTY SHERIFFS OFFICE,WEST LAKELAND TOWNSHIP,6/28/2026 12:19:49 PM,WC26031714,"14XXX  Interstate 94, WEST LAKELAND TOWNSHIP",SUSPICIOUS PERSON/ACTIVITY
WASHINGTON COUNTY SHERIFFS OFFICE,WEST LAKELAND TOWNSHIP,6/28/2026 4:49:55 PM,WC26031759,"1XXX  Park Ave N, WEST LAKELAND TOWNSHIP",SUICIDE
WASHINGTON COUNTY SHERIFFS OFFICE,WEST LAKELAND TOWNSHIP,6/29/2026 5:22:09 PM,WC26031939,"XXX Midwest Trl N, WEST LAKELAND TOWNSHIP",911 ABANDONED/HANGUP/OPEN LINE
WASHINGTON COUNTY SHERIFFS OFFICE,WEST LAKELAND TOWNSHIP,6/30/2026 1:34:23 PM,WC26032095,"14XXX  21st St N, WEST LAKELAND TOWNSHIP",MEDICAL
WASHINGTON COUNTY SHERIFFS OFFICE,WEST LAKELAND TOWNSHIP,6/30/2026 1:57:52 PM,WC26032101,"XXX Neal Ave N, WEST LAKELAND TOWNSHIP",MEDICAL
WASHINGTON COUNTY SHERIFFS OFFICE,WEST LAKELAND TOWNSHIP,6/30/2026 3:09:08 PM,WC26032117,"XXX Midwest Trl N, WEST LAKELAND TOWNSHIP",LOST PROPERTY/ITEM
WASHINGTON COUNTY SHERIFFS OFFICE,WEST LAKELAND TOWNSHIP,7/1/2026 8:53:26 AM,WC26032247,"1XXX  Nolan Ave N, WEST LAKELAND TOWNSHIP",FIRE
WASHINGTON COUNTY SHERIFFS OFFICE,WEST LAKELAND TOWNSHIP,7/2/2026 9:58:54 AM,WC26032511,"12XXX  12th St N, WEST LAKELAND TOWNSHIP",MEDICAL
WASHINGTON COUNTY SHERIFFS OFFICE,WEST LAKELAND TOWNSHIP,7/2/2026 10:22:15 AM,WC26032522,"1XXX  Orwell Ave N, WEST LAKELAND TOWNSHIP",THEFT FROM MOTOR VEHICLE
WASHINGTON COUNTY SHERIFFS OFFICE,WEST LAKELAND TOWNSHIP,7/2/2026 10:30:03 AM,WC26032526,"13XXX  Greenwood Trail Ct N, WEST LAKELAND TOWNSHIP",911 ABANDONED/HANGUP/OPEN LINE
WASHINGTON COUNTY SHERIFFS OFFICE,WEST LAKELAND TOWNSHIP,7/2/2026 1:12:49 PM,WC26032551,"MANNING AVE N / 10TH ST N, WEST LAKELAND TOWNSHIP",MOTORIST ASSIST
WASHINGTON COUNTY SHERIFFS OFFICE,WEST LAKELAND TOWNSHIP,7/2/2026 7:09:44 PM,WC26032618,"I94 Eb At Stagecoach Trl N, WEST LAKELAND TOWNSHIP",DISABLED VEHICLE
WASHINGTON COUNTY SHERIFFS OFFICE,WEST LAKELAND TOWNSHIP,7/2/2026 8:06:10 PM,WC26032626,"1XXX  Oldridge Ave N, WEST LAKELAND TOWNSHIP",MEDICAL
WASHINGTON COUNTY SHERIFFS OFFICE,WEST LAKELAND TOWNSHIP,7/3/2026 6:17:00 PM,WC26032814,"I94 / Manning Ave, WEST LAKELAND TOWNSHIP",TRAFFIC STOP
WASHINGTON COUNTY SHERIFFS OFFICE,WEST LAKELAND TOWNSHIP,7/3/2026 8:58:00 PM,WC26032841,"I94 / Stagecoach Trl N, WEST LAKELAND TOWNSHIP",TRAFFIC STOP
WASHINGTON COUNTY SHERIFFS OFFICE,WEST LAKELAND TOWNSHIP,7/4/2026 8:56:35 AM,WC26032925,"1XXX  Omaha Ave N, WEST LAKELAND TOWNSHIP",ALARM-BUSINESS/RES/FIRE/MEDICAL/ETC
WASHINGTON COUNTY SHERIFFS OFFICE,WEST LAKELAND TOWNSHIP,7/4/2026 3:18:13 PM,WC26032988,"1XXX  Paris Trl N, WEST LAKELAND TOWNSHIP",ALARM-BUSINESS/RES/FIRE/MEDICAL/ETC
WASHINGTON COUNTY SHERIFFS OFFICE,WEST LAKELAND TOWNSHIP,7/4/2026 9:34:11 PM,WC26033085,"15XXX  8th St N, WEST LAKELAND TOWNSHIP",FIREWORKS
WASHINGTON COUNTY SHERIFFS OFFICE,WILLERNIE,7/1/2026 10:55:00 AM,WC26032277,"XXX Stillwater Rd, WILLERNIE",CITIZEN/PUBLIC ASSIST
WASHINGTON COUNTY SHERIFFS OFFICE,WILLERNIE,7/1/2026 2:32:51 PM,WC26032310,"Unknown, WILLERNIE",CITIZEN/PUBLIC ASSIST
WASHINGTON COUNTY SHERIFFS OFFICE,WILLERNIE,7/2/2026 9:15:23 AM,WC26032483,"Chatham Rd / Killarney Rd, WILLERNIE",INCIDENT
WASHINGTON COUNTY SHERIFFS OFFICE,WILLERNIE,7/4/2026 6:52:23 PM,WC26033038,"XXX - 598 STILLWATER RD, WILLERNIE",INCIDENT
WASHINGTON COUNTY SHERIFFS OFFICE,WOODBURY,6/29/2026 3:50:27 PM,WC26031914,"9XXX  Duckwood Trl, WOODBURY",CITIZEN/PUBLIC ASSIST
WASHINGTON COUNTY SHERIFFS OFFICE,WOODBURY,6/29/2026 4:44:41 PM,WC26031927,"9XXX  Duckwood Trl, WOODBURY",CITIZEN/PUBLIC ASSIST
WASHINGTON COUNTY SHERIFFS OFFICE,WOODBURY,6/30/2026 11:43:18 AM,WC26032069,"4XXX  OAK POINT LN, WOODBURY",ASSIST OTHER AGENCY
WASHINGTON COUNTY SHERIFFS OFFICE,WOODBURY,7/1/2026 6:48:10 PM,WC26032365,"3XXX  OXFORD DR, WOODBURY",CIVIL MATTER/DISPUTE
WASHINGTON COUNTY SHERIFFS OFFICE,WOODBURY,7/1/2026 7:06:32 PM,WC26032369,"7XXX  PINEHURST RD, WOODBURY",CIVIL MATTER/DISPUTE
WASHINGTON COUNTY SHERIFFS OFFICE,WOODBURY,7/1/2026 8:02:09 PM,WC26032373,"3XXX  OXFORD DR, WOODBURY",CIVIL MATTER/DISPUTE
WASHINGTON COUNTY SHERIFFS OFFICE,WOODBURY,7/2/2026 1:34:00 AM,WC26032436,"I494 NB JSO LAKE RD, WOODBURY",TRAFFIC STOP
WASHINGTON COUNTY SHERIFFS OFFICE,WOODBURY,7/2/2026 2:06:00 AM,WC26032441,"I94 WB JEO CENTURY AVE, WOODBURY",TRAFFIC STOP
WASHINGTON COUNTY SHERIFFS OFFICE,WOODBURY,7/2/2026 10:06:00 PM,WC26032660,"I94 EB & CENTURY AV N, WOODBURY",TRAFFIC STOP
WASHINGTON COUNTY SHERIFFS OFFICE,WOODBURY,7/2/2026 10:29:00 PM,WC26032672,"I94 EB TO WOODBURY DR RAMP, WOODBURY",TRAFFIC STOP
WASHINGTON COUNTY SHERIFFS OFFICE,WOODBURY,7/3/2026 11:36:00 PM,WC26032868,"I94 EB & CENTURY AV N, WOODBURY",TRAFFIC STOP
WASHINGTON COUNTY SHERIFFS OFFICE,WOODBURY,7/4/2026 12:23:00 AM,WC26032873,"I94 EB & CENTURY AV N, WOODBURY",TRAFFIC STOP
WASHINGTON COUNTY SHERIFFS OFFICE,WOODBURY,7/4/2026 1:04:54 AM,WC26032878,"XX I94 WB JEO CENTURY AVE, WOODBURY",DWI
WASHINGTON COUNTY SHERIFFS OFFICE,WOODBURY,7/4/2026 10:14:00 PM,WC26033098,"I94 EB & CENTURY AV N, WOODBURY",TRAFFIC STOP
WOODBURY PUBLIC SAFETY,WOODBURY,6/28/2026 1:24:02 AM,WB26026136,"WOODLANE DR / VALLEY CREEK RD, WOODBURY",WARRANT ARREST
WOODBURY PUBLIC SAFETY,WOODBURY,6/28/2026 9:15:54 AM,WB26026159,"7XXX  Robinwood Trl, WOODBURY",MISSING PERSON
WOODBURY PUBLIC SAFETY,WOODBURY,6/28/2026 9:57:00 AM,WB26026163,"Weir Dr / Tamarack Rd, WOODBURY",ACCIDENT
WOODBURY PUBLIC SAFETY,WOODBURY,6/28/2026 10:23:20 AM,WB26026167,"XX I494 SB TO TAMARACK RD RAMP, WOODBURY",ACCIDENT
WOODBURY PUBLIC SAFETY,WOODBURY,6/28/2026 11:06:26 AM,WB26026170,"XXX Commerce Dr, WOODBURY",SHOPLIFTING
WOODBURY PUBLIC SAFETY,WOODBURY,6/28/2026 12:07:38 PM,WB26026174,"Lake Rd / Pioneer Dr, WOODBURY",ACCIDENT
WOODBURY PUBLIC SAFETY,WOODBURY,6/28/2026 12:22:59 PM,WB26026176,"1XXX  Weir Dr, WOODBURY",ACCIDENT
WOODBURY PUBLIC SAFETY,WOODBURY,6/28/2026 1:24:40 PM,WB26026180,"10XXX  Hudson Rd, WOODBURY",ACCIDENT
WOODBURY PUBLIC SAFETY,WOODBURY,6/28/2026 1:36:23 PM,WB26026182,"XXX SETTLERS RIDGE PKWY, WOODBURY",FRAUD/SCAM
WOODBURY PUBLIC SAFETY,WOODBURY,6/28/2026 3:37:16 PM,WB26026201,"WOODBURY DR / I94 EB TO WOODBURY DR RAMP, WOODBURY",ACCIDENT
WOODBURY PUBLIC SAFETY,WOODBURY,6/28/2026 3:39:50 PM,WB26026200,"XXX Commons Dr, WOODBURY",DISTURBANCE
WOODBURY PUBLIC SAFETY,WOODBURY,6/28/2026 8:41:03 PM,WB26026246,"9XXX  IRON HORSE RD, WOODBURY",JUVENILE COMPLAINT
WOODBURY PUBLIC SAFETY,WOODBURY,6/28/2026 9:18:51 PM,WB26026254,"Unknown, WOODBURY",LOST PROPERTY/ITEM
WOODBURY PUBLIC SAFETY,WOODBURY,6/28/2026 10:46:15 PM,WB26026272,"BIELENBERG DR / STEPHENS WAY, WOODBURY",WARRANT ARREST
WOODBURY PUBLIC SAFETY,WOODBURY,6/28/2026 11:02:30 PM,WB26026274,"4XXX  Radio Dr, WOODBURY",JUVENILE COMPLAINT
WOODBURY PUBLIC SAFETY,WOODBURY,6/29/2026 12:36:00 AM,WB26026283,"Century Ave N/I94, WOODBURY",TRAFFIC STOP
WOODBURY PUBLIC SAFETY,WOODBURY,6/29/2026 10:43:25 AM,WB26026332,"Blake Way / Blake Ct, WOODBURY",ACCIDENT
WOODBURY PUBLIC SAFETY,WOODBURY,6/29/2026 11:01:58 AM,WB26026336,"6XXX  Lydia Ln, WOODBURY",FAMILY ASSIST
WOODBURY PUBLIC SAFETY,WOODBURY,6/29/2026 11:46:05 AM,WB26026346,"XXX Commerce Dr, WOODBURY",COUNTERFEIT/FORGERY
WOODBURY PUBLIC SAFETY,WOODBURY,6/29/2026 11:54:31 AM,WB26026348,"1XXX  Weir Dr, WOODBURY",SUSPICIOUS PERSON/ACTIVITY
WOODBURY PUBLIC SAFETY,WOODBURY,6/29/2026 12:03:51 PM,WB26026351,"XXX KAREN DR, WOODBURY",HARASSMENT
WOODBURY PUBLIC SAFETY,WOODBURY,6/29/2026 12:08:30 PM,WB26026352,"10XXX  Sunbird Cir, WOODBURY",ACCIDENT
WOODBURY PUBLIC SAFETY,WOODBURY,6/29/2026 2:18:17 PM,WB26026374,"7XXX  - 7398 GUIDER DR, WOODBURY",TRAFFIC STOP
WOODBURY PUBLIC SAFETY,WOODBURY,6/29/2026 2:58:15 PM,WB26026390,"7XXX  VALLEY CREEK PLZ, WOODBURY",SHOPLIFTING
WOODBURY PUBLIC SAFETY,WOODBURY,6/29/2026 3:49:15 PM,WB26026397,"8XXX  Tamarack Vlg, WOODBURY",SHOPLIFTING
WOODBURY PUBLIC SAFETY,WOODBURY,6/29/2026 4:49:38 PM,WB26026409,"6XXX  - 6008 OAKWOOD RD, WOODBURY",TRAFFIC STOP
WOODBURY PUBLIC SAFETY,WOODBURY,6/29/2026 4:53:01 PM,WB26026412,"XX I494 NB TO TAMARACK RD RAMP, WOODBURY",ACCIDENT
WOODBURY PUBLIC SAFETY,WOODBURY,6/29/2026 6:15:40 PM,WB26026424,"1XXX  WOODWINDS DR, WOODBURY",WELFARE CHECK
WOODBURY PUBLIC SAFETY,WOODBURY,6/29/2026 7:07:13 PM,WB26026432,"XXX Karen Dr, WOODBURY",IDENTITY THEFT
WOODBURY PUBLIC SAFETY,WOODBURY,6/29/2026 7:13:33 PM,WB26026433,"8XXX  TAMARACK VLG, WOODBURY",TRAFFIC STOP
WOODBURY PUBLIC SAFETY,WOODBURY,6/29/2026 7:46:07 PM,WB26026440,"7XXX  VALLEY CREEK PLZ, WOODBURY",OFP VIOLATION
WOODBURY PUBLIC SAFETY,WOODBURY,6/29/2026 7:49:50 PM,WB26026442,"10XXX  Hudson Rd, WOODBURY",DANCO VIOLATION
WOODBURY PUBLIC SAFETY,WOODBURY,6/29/2026 7:54:42 PM,WB26026443,"6XXX  Orchard Ridge Trl, WOODBURY",TRESPASSING
WOODBURY PUBLIC SAFETY,WOODBURY,6/29/2026 8:30:08 PM,WB26026447,"1XXX  Pleasant Lake Dr, WOODBURY",ANIMAL COMPLAINT
WOODBURY PUBLIC SAFETY,WOODBURY,6/29/2026 9:12:56 PM,WB26026454,"1XXX  Woodwinds Dr, WOODBURY",DISORDERLY CONDUCT
WOODBURY PUBLIC SAFETY,WOODBURY,6/29/2026 9:39:02 PM,WB26026460,"7XXX  Carillon Plz W, WOODBURY",SUICIDE ATTEMPT/THREATS OF
WOODBURY PUBLIC SAFETY,WOODBURY,6/30/2026 6:56:14 AM,WB26026500,"XXX KAREN DR, WOODBURY",WELFARE CHECK
WOODBURY PUBLIC SAFETY,WOODBURY,6/30/2026 8:26:03 AM,WB26026505,"1XXX  Tamberwood Trl, WOODBURY",SUSPICIOUS PERSON/ACTIVITY
WOODBURY PUBLIC SAFETY,WOODBURY,6/30/2026 9:20:00 AM,WB26026515,"1XXX  - 1429 WOODLANE DR, WOODBURY",TRAFFIC STOP
WOODBURY PUBLIC SAFETY,WOODBURY,6/30/2026 10:39:26 AM,WB26026527,"8XXX  Valley Creek Rd, WOODBURY",OFFICER INFORMATION
WOODBURY PUBLIC SAFETY,WOODBURY,6/30/2026 11:00:10 AM,WB26026532,"3XXX  COUNTRYSIDE AVE, WOODBURY",WARRANT ARREST
WOODBURY PUBLIC SAFETY,WOODBURY,6/30/2026 11:19:53 AM,WB26026540,"9XXX  Parkside Dr, WOODBURY",SUSPICIOUS PERSON/ACTIVITY
WOODBURY PUBLIC SAFETY,WOODBURY,6/30/2026 11:29:00 AM,WB26026543,"10XXX  Hudson Rd, WOODBURY",SHOPLIFTING
WOODBURY PUBLIC SAFETY,WOODBURY,6/30/2026 11:31:15 AM,WB26026544,"9XXX  HUDSON PL, WOODBURY",COMPLIANCE CHECK VIOLATIONS
WOODBURY PUBLIC SAFETY,WOODBURY,6/30/2026 1:15:33 PM,WB26026551,"1XXX  DONEGAL DR, WOODBURY",COMPLIANCE CHECK VIOLATIONS
WOODBURY PUBLIC SAFETY,WOODBURY,6/30/2026 1:51:44 PM,WB26026559,"1XXX  Queens Dr, WOODBURY",SHOPLIFTING
WOODBURY PUBLIC SAFETY,WOODBURY,6/30/2026 3:38:21 PM,WB26026573,"10XXX  HUDSON RD, WOODBURY",SHOPLIFTING
WOODBURY PUBLIC SAFETY,WOODBURY,6/30/2026 4:14:09 PM,WB26026583,"7XXX  Valley Creek Plz, WOODBURY",ACCIDENT
WOODBURY PUBLIC SAFETY,WOODBURY,6/30/2026 4:49:37 PM,WB26026591,"3XXX  Lakewood Trl, WOODBURY",CIVIL MATTER/DISPUTE
WOODBURY PUBLIC SAFETY,WOODBURY,6/30/2026 5:39:37 PM,WB26026597,"7XXX  Valley Creek Plz, WOODBURY",FRAUD/SCAM
WOODBURY PUBLIC SAFETY,WOODBURY,6/30/2026 5:59:53 PM,WB26026603,"2XXX  MALLARD DR, WOODBURY",SUICIDE ATTEMPT/THREATS OF
WOODBURY PUBLIC SAFETY,WOODBURY,6/30/2026 6:07:44 PM,WB26026605,"XXX Commerce Dr, WOODBURY",THEFT
WOODBURY PUBLIC SAFETY,WOODBURY,6/30/2026 6:55:57 PM,WB26026612,"Bielenberg Dr / Guider Dr, WOODBURY",SUSPICIOUS PERSON/ACTIVITY
WOODBURY PUBLIC SAFETY,WOODBURY,6/30/2026 9:18:16 PM,WB26026629," 3175 Century Ave S, WOODBURY",DISTURBANCE
WOODBURY PUBLIC SAFETY,WOODBURY,6/30/2026 9:38:12 PM,WB26026634,"1XXX  CENTURY CIR, WOODBURY",RECOVERED STOLEN
WOODBURY PUBLIC SAFETY,WOODBURY,6/30/2026 9:40:58 PM,WB26026633,"1XXX  Queens Dr, WOODBURY",THEFT
WOODBURY PUBLIC SAFETY,WOODBURY,6/30/2026 9:50:12 PM,WB26026635,"7XXX  Carillon Plz E, WOODBURY",MISSING PERSON
WOODBURY PUBLIC SAFETY,WOODBURY,6/30/2026 11:47:39 PM,WB26026646,"1XXX  TOWER DR, WOODBURY",ORDINANCE VIOLATION
WOODBURY PUBLIC SAFETY,WOODBURY,7/1/2026 12:02:34 AM,WB26026647,"6XXX  - 6098 WOODBINE AVE, WOODBURY",MOTOR VEHICLE THEFT
WOODBURY PUBLIC SAFETY,WOODBURY,7/1/2026 12:19:25 AM,WB26026649,"6XXX  HUDSON RD, WOODBURY",MEDICAL
WOODBURY PUBLIC SAFETY,WOODBURY,7/1/2026 1:40:39 AM,WB26026651,"1XXX  Parkwood Dr, WOODBURY",DISTURBANCE
WOODBURY PUBLIC SAFETY,WOODBURY,7/1/2026 10:10:00 AM,WB26026892,"3XXX  LEYLAND TRL, WOODBURY",CPS REFERRAL
WOODBURY PUBLIC SAFETY,WOODBURY,7/1/2026 11:09:24 AM,WB26026683,"10XXX  HUDSON RD, WOODBURY",ASSIST OTHER AGENCY
WOODBURY PUBLIC SAFETY,WOODBURY,7/1/2026 11:48:45 AM,WB26026693,"9XXX  Tamarack Rd, WOODBURY",UNWANTED PERSON/VEHICLE
WOODBURY PUBLIC SAFETY,WOODBURY,7/1/2026 11:56:02 AM,WB26026696,"9XXX  Hudson Pl, WOODBURY",THEFT
WOODBURY PUBLIC SAFETY,WOODBURY,7/1/2026 12:16:29 PM,WB26026698,"XXX WEIR DR, WOODBURY",DANCO VIOLATION
WOODBURY PUBLIC SAFETY,WOODBURY,7/1/2026 12:34:33 PM,WB26026704,"2XXX  - 2699 CENTURY AVE N TO HUDSON RD, WOODBURY",TRAFFIC STOP
WOODBURY PUBLIC SAFETY,WOODBURY,7/1/2026 1:56:32 PM,WB26026719,"9XXX  DUCKWOOD TRL, WOODBURY",COUNTERFEIT/FORGERY
WOODBURY PUBLIC SAFETY,WOODBURY,7/1/2026 2:08:09 PM,WB26026720,"10XXX  Hudson Rd, WOODBURY",UNWANTED PERSON/VEHICLE
WOODBURY PUBLIC SAFETY,WOODBURY,7/1/2026 2:10:16 PM,WB26026729,"3XXX  Lilac Ct, WOODBURY",COUNTERFEIT/FORGERY
WOODBURY PUBLIC SAFETY,WOODBURY,7/1/2026 2:34:20 PM,WB26026726,"6XXX  Lake Road Ter, WOODBURY",IDENTITY THEFT
WOODBURY PUBLIC SAFETY,WOODBURY,7/1/2026 2:36:36 PM,WB26026725,"8XXX  TAMARACK VLG, WOODBURY",SHOPLIFTING
WOODBURY PUBLIC SAFETY,WOODBURY,7/1/2026 2:45:42 PM,WB26026728,"9XXX  Hudson Rd, WOODBURY",SHOPLIFTING
WOODBURY PUBLIC SAFETY,WOODBURY,7/1/2026 3:04:47 PM,WB26026732,"3XXX  Fairway Pt, WOODBURY",CIVIL MATTER/DISPUTE
WOODBURY PUBLIC SAFETY,WOODBURY,7/1/2026 3:12:35 PM,WB26026733,"2XXX  Leyland Cir, WOODBURY",ACCIDENT
WOODBURY PUBLIC SAFETY,WOODBURY,7/1/2026 4:46:11 PM,WB26026749,"2XXX  Cypress Dr, WOODBURY",DISTURBANCE
WOODBURY PUBLIC SAFETY,WOODBURY,7/1/2026 4:58:03 PM,WB26026751,"8XXX  Military Rd, WOODBURY",BURGLARY
WOODBURY PUBLIC SAFETY,WOODBURY,7/1/2026 7:14:12 PM,WB26026767,"10XXX  CITY WALK DR, WOODBURY",ASSIST OTHER AGENCY
WOODBURY PUBLIC SAFETY,WOODBURY,7/1/2026 7:55:58 PM,WB26026772,"Hudson Rd / Woodbury Dr, WOODBURY",ACCIDENT
WOODBURY PUBLIC SAFETY,WOODBURY,7/1/2026 8:15:39 PM,WB26026775,"8XXX  Tamarack Vlg, WOODBURY",SHOPLIFTING
WOODBURY PUBLIC SAFETY,WOODBURY,7/1/2026 9:31:01 PM,WB26026782,"1XXX  Autumn Bay, WOODBURY",SUSPICIOUS PERSON/ACTIVITY
WOODBURY PUBLIC SAFETY,WOODBURY,7/1/2026 11:21:00 PM,WB26026797,"6XXX  Hudson Rd, WOODBURY",FIGHT
WOODBURY PUBLIC SAFETY,WOODBURY,7/2/2026 12:00:00 AM,WB26026835,"XXX COMMERCE DR, WOODBURY",COUNTERFEIT/FORGERY
WOODBURY PUBLIC SAFETY,WOODBURY,7/2/2026 1:21:00 AM,WB26026806,"6XXX  Lake Road Ter, WOODBURY",DWI
WOODBURY PUBLIC SAFETY,WOODBURY,7/2/2026 8:20:15 AM,WB26026832,"Edgewater Dr / Edgewater Pl, WOODBURY",ACCIDENT
WOODBURY PUBLIC SAFETY,WOODBURY,7/2/2026 8:25:26 AM,WB26026833,"11XXX  Brookview Rd, WOODBURY",MISSING PERSON
WOODBURY PUBLIC SAFETY,WOODBURY,7/2/2026 9:06:57 AM,WB26026842,"6XXX  Tahoe Cir, WOODBURY",PROPERTY DAMAGE
WOODBURY PUBLIC SAFETY,WOODBURY,7/2/2026 9:12:00 AM,WB26026844,"8XXX  TAMARACK VLG, WOODBURY",ACCIDENT
WOODBURY PUBLIC SAFETY,WOODBURY,7/2/2026 9:40:17 AM,WB26026846,"10XXX  HUDSON RD, WOODBURY",DWI
WOODBURY PUBLIC SAFETY,WOODBURY,7/2/2026 10:50:00 AM,WB26026858,"7XXX  GLENROSS RD, WOODBURY",LOST PROPERTY/ITEM
WOODBURY PUBLIC SAFETY,WOODBURY,7/2/2026 11:17:25 AM,WB26026862,"VALLEY CREEK RD & WOODLANE DR, WOODBURY",ACCIDENT
WOODBURY PUBLIC SAFETY,WOODBURY,7/2/2026 11:18:29 AM,WB26026864,"7XXX  Currell Blvd, WOODBURY",ACCIDENT
WOODBURY PUBLIC SAFETY,WOODBURY,7/2/2026 11:35:00 AM,WB26026870,"9XXX  Hudson Pl, WOODBURY",ACCIDENT
WOODBURY PUBLIC SAFETY,WOODBURY,7/2/2026 1:44:08 PM,WB26026886,"11XXX  DOGWOOD WAY, WOODBURY",RECOVERED STOLEN
WOODBURY PUBLIC SAFETY,WOODBURY,7/2/2026 1:45:17 PM,WB26026887,"3XXX  Wilderness Path, WOODBURY",MISSING PERSON
WOODBURY PUBLIC SAFETY,WOODBURY,7/2/2026 2:09:56 PM,WB26026891,"8XXX  Tamarack Vlg, WOODBURY",FRAUD/SCAM
WOODBURY PUBLIC SAFETY,WOODBURY,7/2/2026 2:12:47 PM,WB26026890,"10XXX  Hudson Rd, WOODBURY",ACCIDENT
WOODBURY PUBLIC SAFETY,WOODBURY,7/2/2026 2:51:01 PM,WB26026894,"XXX Woodduck Pl, WOODBURY",FRAUD/SCAM
WOODBURY PUBLIC SAFETY,WOODBURY,7/2/2026 2:55:33 PM,WB26026895,"Woodbury Dr / Hudson Rd, WOODBURY",ACCIDENT
WOODBURY PUBLIC SAFETY,WOODBURY,7/2/2026 3:05:23 PM,WB26026897,"6XXX  Thames Rd, WOODBURY",FOUND PROPERTY/ITEM
WOODBURY PUBLIC SAFETY,WOODBURY,7/2/2026 3:15:10 PM,WB26026899,"7XXX  Cayenne Plz W, WOODBURY",OFFICER INFORMATION
WOODBURY PUBLIC SAFETY,WOODBURY,7/2/2026 4:53:09 PM,WB26026913,"9XXX  Norma Ln, WOODBURY",LOST PROPERTY/ITEM
WOODBURY PUBLIC SAFETY,WOODBURY,7/2/2026 5:33:34 PM,WB26026918,"Unknown, WOODBURY",CIVIL MATTER/DISPUTE
WOODBURY PUBLIC SAFETY,WOODBURY,7/2/2026 6:06:07 PM,WB26026927,"6XXX  TAHOE CIR, WOODBURY",SUSPICIOUS PERSON/ACTIVITY
WOODBURY PUBLIC SAFETY,WOODBURY,7/2/2026 6:18:41 PM,WB26026928,"6XXX  Tahoe Cir, WOODBURY",PROPERTY DAMAGE
WOODBURY PUBLIC SAFETY,WOODBURY,7/2/2026 7:41:35 PM,WB26026932,"9XXX  BAILEY RD, WOODBURY",TRESPASSING
WOODBURY PUBLIC SAFETY,WOODBURY,7/2/2026 7:44:38 PM,WB26026934,"8XXX  Meridian Way, WOODBURY",CIVIL MATTER/DISPUTE
WOODBURY PUBLIC SAFETY,WOODBURY,7/2/2026 7:45:36 PM,WB26026933,"UPPER AFTON RD / CENTURY AVE S, WOODBURY",FLEEING
WOODBURY PUBLIC SAFETY,WOODBURY,7/2/2026 9:57:32 PM,WB26026956,"4XXX  RADIO DR, WOODBURY",THREATS
WOODBURY PUBLIC SAFETY,WOODBURY,7/2/2026 10:41:50 PM,WB26026969,"2XXX  Cypress Dr, WOODBURY",DISTURBANCE
WOODBURY PUBLIC SAFETY,WOODBURY,7/3/2026 12:01:04 AM,WB26026976,"XXX Weir Dr, WOODBURY",ABANDONED VEHICLE
WOODBURY PUBLIC SAFETY,WOODBURY,7/3/2026 4:58:00 AM,WB26026994,"XXX - 289 CENTURY AVE N, WOODBURY",WARRANT ARREST
WOODBURY PUBLIC SAFETY,WOODBURY,7/3/2026 6:58:09 AM,WB26026998,"10XXX  Hudson Rd, WOODBURY",ORDINANCE VIOLATION
WOODBURY PUBLIC SAFETY,WOODBURY,7/3/2026 8:41:22 AM,WB26027007,"6XXX  Collingwood Ln, WOODBURY",HARASSMENT
WOODBURY PUBLIC SAFETY,WOODBURY,7/3/2026 10:53:43 AM,WB26027016,"8XXX  VALLEY CREEK RD, WOODBURY",SHOPLIFTING
WOODBURY PUBLIC SAFETY,WOODBURY,7/3/2026 11:36:54 AM,WB26027022,"5XXX  LONG POINTE PASS, WOODBURY",HARASSMENT
WOODBURY PUBLIC SAFETY,WOODBURY,7/3/2026 12:34:43 PM,WB26027040,"1XXX  Woodwinds Dr, WOODBURY",OFFICER INFORMATION
WOODBURY PUBLIC SAFETY,WOODBURY,7/3/2026 12:36:56 PM,WB26027039,"10XXX  HUDSON RD, WOODBURY",SHOPLIFTING
WOODBURY PUBLIC SAFETY,WOODBURY,7/3/2026 12:52:06 PM,WB26027043,"9XXX  Hudson Pl, WOODBURY",PROPERTY DAMAGE
WOODBURY PUBLIC SAFETY,WOODBURY,7/3/2026 1:24:54 PM,WB26027051,"XXX Elan Ct, WOODBURY",CHILD CUSTODY
WOODBURY PUBLIC SAFETY,WOODBURY,7/3/2026 2:38:53 PM,WB26027061,"WOODLANE DR / VALLEY CREEK RD, WOODBURY",WARRANT ARREST
WOODBURY PUBLIC SAFETY,WOODBURY,7/3/2026 2:55:39 PM,WB26027064,"1XXX  Weir Dr, WOODBURY",UNWANTED PERSON/VEHICLE
WOODBURY PUBLIC SAFETY,WOODBURY,7/3/2026 5:42:00 PM,WB26027081,"8XXX  Spring Ln, WOODBURY",ACCIDENT
WOODBURY PUBLIC SAFETY,WOODBURY,7/3/2026 6:41:00 PM,WB26027091,"6XXX  Valley Creek Rd, WOODBURY",SUSPICIOUS PERSON/ACTIVITY
WOODBURY PUBLIC SAFETY,WOODBURY,7/3/2026 7:06:51 PM,WB26027095,"7XXX  GUIDER DR, WOODBURY",BURGLARY
WOODBURY PUBLIC SAFETY,WOODBURY,7/3/2026 7:33:02 PM,WB26027104,"11XXX  Dale Rd, WOODBURY",ANIMAL BITE
WOODBURY PUBLIC SAFETY,WOODBURY,7/3/2026 9:23:29 PM,WB26027107,"8XXX  Galway Cir, WOODBURY",THEFT
WOODBURY PUBLIC SAFETY,WOODBURY,7/3/2026 10:09:41 PM,WB26027110,"XXX LAKE VIEW DR, WOODBURY",PROPERTY DAMAGE
WOODBURY PUBLIC SAFETY,WOODBURY,7/4/2026 12:00:00 AM,WB26027193,"4XXX  Radio Dr, WOODBURY",BURGLARY
WOODBURY PUBLIC SAFETY,WOODBURY,7/4/2026 12:22:28 AM,WB26027148,"10XXX  HUDSON RD, WOODBURY",THEFT
WOODBURY PUBLIC SAFETY,WOODBURY,7/4/2026 8:10:45 AM,WB26027176,"1XXX  WOODLANE DR, WOODBURY",WARRANT ARREST
WOODBURY PUBLIC SAFETY,WOODBURY,7/4/2026 10:43:43 AM,WB26027189,"4XXX  RADIO DR, WOODBURY",DWI
WOODBURY PUBLIC SAFETY,WOODBURY,7/4/2026 2:09:11 PM,WB26027203,"1XXX  REGENCY DR, WOODBURY",HARASSMENT
WOODBURY PUBLIC SAFETY,WOODBURY,7/4/2026 2:22:18 PM,WB26027205,"10XXX  Ashley Ln, WOODBURY",WELFARE CHECK
WOODBURY PUBLIC SAFETY,WOODBURY,7/4/2026 3:37:28 PM,WB26027211,"1XXX  WOODLANE DR, WOODBURY",WARRANT ARREST
WOODBURY PUBLIC SAFETY,WOODBURY,7/4/2026 8:12:22 PM,WB26027240,"10XXX  Hudson Rd, WOODBURY",TRESPASSING
WOODBURY PUBLIC SAFETY,WOODBURY,7/4/2026 8:13:09 PM,WB26027239,"10XXX  Grand Oaks Trl, WOODBURY",UNWANTED PERSON/VEHICLE
WOODBURY PUBLIC SAFETY,WOODBURY,7/4/2026 9:54:08 PM,WB26027251,"Bailey Rd / Pioneer Dr, WOODBURY",ACCIDENT

