AgencyName,Address_City_Description,CreatedOn1,CaseNum,Textbox28,EventDescription
BAYPORT POLICE DEPARTMENT,BAYPORT,5/17/2026 1:54:14 AM,BP26001486,"XX Central Ave, BAYPORT",Park Close
BAYPORT POLICE DEPARTMENT,BAYPORT,5/17/2026 11:28:09 AM,BP26001488,"XXX Inspiration Pkwy N, BAYPORT",PARKING COMPLAINT
BAYPORT POLICE DEPARTMENT,BAYPORT,5/17/2026 11:51:31 AM,BP26001489,"XXX Highway 95 N, BAYPORT",MEDICAL
BAYPORT POLICE DEPARTMENT,BAYPORT,5/17/2026 1:25:01 PM,BP26001490,"XXX 4th St N, BAYPORT",VEHICLE UNLOCK
BAYPORT POLICE DEPARTMENT,BAYPORT,5/17/2026 3:45:08 PM,BP26001492,"XXX 6TH AVE N, BAYPORT",HRO VIOLATION
BAYPORT POLICE DEPARTMENT,BAYPORT,5/18/2026 7:40:51 AM,BP26001496,"XXX 4TH ST N, BAYPORT",SCHOOL CROSSING
BAYPORT POLICE DEPARTMENT,BAYPORT,5/18/2026 9:02:45 AM,BP26001500,"XXX 6th St N, BAYPORT",MEDICAL
BAYPORT POLICE DEPARTMENT,BAYPORT,5/18/2026 2:21:22 PM,BP26001501,"XXX 4TH ST N, BAYPORT",SCHOOL CROSSING
BAYPORT POLICE DEPARTMENT,BAYPORT,5/18/2026 2:21:45 PM,BP26001502,"XXX 3RD ST N, BAYPORT",COMMUNITY CONTACT
BAYPORT POLICE DEPARTMENT,BAYPORT,5/18/2026 2:34:33 PM,BP26001504,"XXX 7TH ST N, BAYPORT",PARKING COMPLAINT
BAYPORT POLICE DEPARTMENT,BAYPORT,5/18/2026 11:23:31 PM,BP26001509,"XX CENTRAL AVE, BAYPORT",PARK CLOSED
BAYPORT POLICE DEPARTMENT,BAYPORT,5/19/2026 7:13:37 AM,BP26001510,"XXX 4TH ST N, BAYPORT",CITIZEN/PUBLIC ASSIST
BAYPORT POLICE DEPARTMENT,BAYPORT,5/19/2026 10:18:30 AM,BP26001511,"XXX 7th St N, BAYPORT",CITIZEN/PUBLIC ASSIST
BAYPORT POLICE DEPARTMENT,BAYPORT,5/19/2026 1:43:28 PM,BP26001512,"XXX - 330 5TH AVE N, BAYPORT",TRAFFIC STOP
BAYPORT POLICE DEPARTMENT,BAYPORT,5/19/2026 4:58:10 PM,BP26001514,"XXX 3rd St S, BAYPORT",LIFT ASSIST
BAYPORT POLICE DEPARTMENT,BAYPORT,5/19/2026 9:40:56 PM,BP26001516,"XX CENTRAL AVE, BAYPORT",PARK CLOSED
BAYPORT POLICE DEPARTMENT,BAYPORT,5/20/2026 7:19:10 AM,BP26001517,"XXX 4TH ST N, BAYPORT",CITIZEN/PUBLIC ASSIST
BAYPORT POLICE DEPARTMENT,BAYPORT,5/20/2026 7:30:48 AM,BP26001518,"XXX Highway 95 N, BAYPORT",MEDICAL
BAYPORT POLICE DEPARTMENT,BAYPORT,5/20/2026 11:06:41 AM,BP26001519,"Minnesota St S / Osprey Blvd, BAYPORT",DRIVING COMPLAINT
BAYPORT POLICE DEPARTMENT,BAYPORT,5/20/2026 1:47:05 PM,BP26001522,"XXX - 499 10TH AVE N, BAYPORT",TRAFFIC STOP
BAYPORT POLICE DEPARTMENT,BAYPORT,5/20/2026 2:14:56 PM,BP26001523,"XXX 4TH ST N, BAYPORT",CITIZEN/PUBLIC ASSIST
BAYPORT POLICE DEPARTMENT,BAYPORT,5/20/2026 10:40:28 PM,BP26001525,"XX CENTRAL AVE, BAYPORT",Park Close
BAYPORT POLICE DEPARTMENT,BAYPORT,5/21/2026 4:54:42 AM,BP26001527,"XXX 3rd St N, BAYPORT",911 ABANDONED/HANGUP/OPEN LINE
BAYPORT POLICE DEPARTMENT,BAYPORT,5/21/2026 7:16:31 AM,BP26001528,"XXX 4TH ST N, BAYPORT",CITIZEN/PUBLIC ASSIST
BAYPORT POLICE DEPARTMENT,BAYPORT,5/21/2026 1:27:43 PM,BP26001541,"XXX 4TH ST N, BAYPORT",COMMUNITY CONTACT
BAYPORT POLICE DEPARTMENT,BAYPORT,5/21/2026 2:10:45 PM,BP26001543,"XXX 4TH ST N, BAYPORT",CITIZEN/PUBLIC ASSIST
BAYPORT POLICE DEPARTMENT,BAYPORT,5/21/2026 2:55:47 PM,BP26001544,"XXX 3rd St S, BAYPORT",OFFICER INFORMATION
BAYPORT POLICE DEPARTMENT,BAYPORT,5/21/2026 3:53:46 PM,BP26001547,"XXX 7th St N, BAYPORT",PARKING VIOLATION
BAYPORT POLICE DEPARTMENT,BAYPORT,5/22/2026 5:52:50 AM,BP26001555,"XX Central Ave, BAYPORT",Park Close
BAYPORT POLICE DEPARTMENT,BAYPORT,5/22/2026 8:19:32 AM,BP26001556,"XXX Highway 95 N, BAYPORT",LIFT ASSIST
BAYPORT POLICE DEPARTMENT,BAYPORT,5/22/2026 9:53:35 AM,BP26001559,"3rd St N / 2nd Ave N, BAYPORT",DRIVING COMPLAINT
BAYPORT POLICE DEPARTMENT,BAYPORT,5/22/2026 5:03:37 PM,BP26001564,"XX Lake Cir, BAYPORT",VEHICLE UNLOCK
BAYPORT POLICE DEPARTMENT,BAYPORT,5/22/2026 10:27:33 PM,BP26001567,"XX CENTRAL AVE, BAYPORT",PARK CLOSED
BAYPORT POLICE DEPARTMENT,BAYPORT,5/22/2026 10:55:28 PM,BP26001568,"XXX Central Ave, BAYPORT",UNWANTED PERSON/VEHICLE
BAYPORT POLICE DEPARTMENT,BAYPORT,5/23/2026 6:32:52 PM,BP26001577,"XXX Highway 95 N, BAYPORT",MEDICAL
BAYPORT POLICE DEPARTMENT,LAKELAND,5/22/2026 9:36:56 AM,BP26001558,"XX I94 Eb Jwo Saint Croix Trl N, LAKELAND",ASSIST OTHER AGENCY
BAYPORT POLICE DEPARTMENT,OAK PARK HEIGHTS,5/17/2026 1:28:24 PM,BP26001491,"13XXX  60th St N, OAK PARK HEIGHTS",ASSIST OTHER AGENCY
BAYPORT POLICE DEPARTMENT,OAK PARK HEIGHTS,5/17/2026 9:30:41 PM,BP26001493,"13XXX  60TH ST N, OAK PARK HEIGHTS",ASSIST OTHER AGENCY
BAYPORT POLICE DEPARTMENT,OAK PARK HEIGHTS,5/17/2026 11:21:48 PM,BP26001494,"14XXX  60TH ST N, OAK PARK HEIGHTS",ASSIST OTHER AGENCY
BAYPORT POLICE DEPARTMENT,OAK PARK HEIGHTS,5/18/2026 12:23:09 AM,BP26001495,"5XXX  Oldfield Ave N, OAK PARK HEIGHTS",ASSIST OTHER AGENCY
BAYPORT POLICE DEPARTMENT,OAK PARK HEIGHTS,5/18/2026 8:21:41 AM,BP26001498,"5XXX  Stagecoach Trl N, OAK PARK HEIGHTS",ASSIST OTHER AGENCY
BAYPORT POLICE DEPARTMENT,OAK PARK HEIGHTS,5/18/2026 8:32:06 AM,BP26001499,"5XXX  OSGOOD AVE N, OAK PARK HEIGHTS",ASSIST OTHER AGENCY
BAYPORT POLICE DEPARTMENT,OAK PARK HEIGHTS,5/18/2026 3:27:00 PM,BP26001506,"60TH ST N / PELLER AVE N, OAK PARK HEIGHTS",ASSIST OTHER AGENCY
BAYPORT POLICE DEPARTMENT,OAK PARK HEIGHTS,5/19/2026 3:26:33 PM,BP26001513,"Beach Rd N / Lookout Trl N, OAK PARK HEIGHTS",ASSIST OTHER AGENCY
BAYPORT POLICE DEPARTMENT,OAK PARK HEIGHTS,5/19/2026 8:14:33 PM,BP26001515,"5XXX  Neal Ave N, OAK PARK HEIGHTS",ASSIST OTHER AGENCY
BAYPORT POLICE DEPARTMENT,OAK PARK HEIGHTS,5/20/2026 2:37:09 PM,BP26001524,"SAINT CROIX TRL N, OAK PARK HEIGHTS",TRAFFIC STOP
BAYPORT POLICE DEPARTMENT,OAK PARK HEIGHTS,5/20/2026 11:10:03 PM,BP26001526,"HWY 36 WB JWO OSGOOD AVE N, OAK PARK HEIGHTS",ASSIST OTHER AGENCY
BAYPORT POLICE DEPARTMENT,OAK PARK HEIGHTS,5/21/2026 3:49:38 PM,BP26001545,"Saint Croix Crossing Bridge: Hwy 36 Wb - Mn, OAK PARK HEIGHTS",ASSIST OTHER AGENCY
BAYPORT POLICE DEPARTMENT,OAK PARK HEIGHTS,5/21/2026 5:20:24 PM,BP26001546,"Saint Croix Crossing Bridge: Hwy 36 Eb - Mn, OAK PARK HEIGHTS",ASSIST OTHER AGENCY
BAYPORT POLICE DEPARTMENT,OAK PARK HEIGHTS,5/21/2026 7:35:45 PM,BP26001548,"5XXX  Norell Ave N, OAK PARK HEIGHTS",ASSIST OTHER AGENCY
BAYPORT POLICE DEPARTMENT,OAK PARK HEIGHTS,5/21/2026 8:28:57 PM,BP26001549,"HWY 36 EB JEO OSGOOD AVE N, OAK PARK HEIGHTS",ASSIST OTHER AGENCY
BAYPORT POLICE DEPARTMENT,OAK PARK HEIGHTS,5/22/2026 4:53:55 AM,BP26001554,"5XXX  Memorial Ave N, OAK PARK HEIGHTS",ASSIST OTHER AGENCY
BAYPORT POLICE DEPARTMENT,OAK PARK HEIGHTS,5/22/2026 10:08:58 AM,BP26001560,"14XXX  57th St N, OAK PARK HEIGHTS",ASSIST OTHER AGENCY
BAYPORT POLICE DEPARTMENT,OAK PARK HEIGHTS,5/22/2026 12:29:10 PM,BP26001561,"5XXX  Norell Ave N, OAK PARK HEIGHTS",ASSIST OTHER AGENCY
BAYPORT POLICE DEPARTMENT,OAK PARK HEIGHTS,5/22/2026 4:16:24 PM,BP26001563,"Hwy 36 Wb At Osgood Ave N, OAK PARK HEIGHTS",ASSIST OTHER AGENCY
BAYPORT POLICE DEPARTMENT,STILLWATER,5/20/2026 12:27:36 PM,BP26001520,"1XXX  Market Dr, STILLWATER",ASSIST OTHER AGENCY
BAYPORT POLICE DEPARTMENT,STILLWATER,5/22/2026 8:59:49 PM,BP26001566,"XXX Linden St W, STILLWATER",ASSIST OTHER AGENCY
COTTAGE GROVE POLICE DEPARTMENT,COTTAGE GROVE,5/17/2026 12:39:16 AM,CG26021309,"6XXX  Pine Crest Trl S, COTTAGE GROVE",INCIDENT
COTTAGE GROVE POLICE DEPARTMENT,COTTAGE GROVE,5/17/2026 12:40:12 AM,CG26021308,"9XXX  Jergen Ave S, COTTAGE GROVE",REQUEST FOR EMERGENCY EXAM - 72 HR HOLD
COTTAGE GROVE POLICE DEPARTMENT,COTTAGE GROVE,5/17/2026 1:55:17 AM,CG26021313,"6XXX  Jody Ave S, COTTAGE GROVE",BURGLARY
COTTAGE GROVE POLICE DEPARTMENT,COTTAGE GROVE,5/17/2026 3:29:13 AM,CG26021315,"7XXX  62nd St S, COTTAGE GROVE",CIVIL MATTER/DISPUTE
COTTAGE GROVE POLICE DEPARTMENT,COTTAGE GROVE,5/17/2026 4:07:00 AM,CG26021317,"9XXX  Ideal Ave S, COTTAGE GROVE",SUSPICIOUS PERSON/ACTIVITY
COTTAGE GROVE POLICE DEPARTMENT,COTTAGE GROVE,5/17/2026 8:30:04 AM,CG26021321,"7XXX  Harkness Ave S, COTTAGE GROVE",CIVIL MATTER/DISPUTE
COTTAGE GROVE POLICE DEPARTMENT,COTTAGE GROVE,5/17/2026 9:13:22 AM,CG26021322,"6XXX  80th St S, COTTAGE GROVE",MEDICAL
COTTAGE GROVE POLICE DEPARTMENT,COTTAGE GROVE,5/17/2026 9:18:31 AM,CG26021323,"6XXX  East Point Douglas Rd S, COTTAGE GROVE",MEDICAL
COTTAGE GROVE POLICE DEPARTMENT,COTTAGE GROVE,5/17/2026 9:53:12 AM,CG26021329,"7XXX  79th St S, COTTAGE GROVE",CIVIL MATTER/DISPUTE
COTTAGE GROVE POLICE DEPARTMENT,COTTAGE GROVE,5/17/2026 10:18:00 AM,CG26021673,"7XXX  IRVIN AVENUE S , COTTAGE GROVE",FRAUD/SCAM
COTTAGE GROVE POLICE DEPARTMENT,COTTAGE GROVE,5/17/2026 11:28:44 AM,CG26021348,"11XXX  West Point Douglas Rd S, COTTAGE GROVE",PARKING COMPLAINT
COTTAGE GROVE POLICE DEPARTMENT,COTTAGE GROVE,5/17/2026 1:06:57 PM,CG26021358,"6XXX  East Point Douglas Rd S, COTTAGE GROVE",MEDICAL
COTTAGE GROVE POLICE DEPARTMENT,COTTAGE GROVE,5/17/2026 1:08:46 PM,CG26021357,"8XXX  HYDE AVE S, COTTAGE GROVE",FOUND PROPERTY/ITEM
COTTAGE GROVE POLICE DEPARTMENT,COTTAGE GROVE,5/17/2026 1:47:39 PM,CG26021360,"9XXX  East Point Douglas Rd S, COTTAGE GROVE",ACCIDENT
COTTAGE GROVE POLICE DEPARTMENT,COTTAGE GROVE,5/17/2026 2:41:21 PM,CG26021374,"7XXX  HARDWOOD CT S, COTTAGE GROVE",ACCIDENT
COTTAGE GROVE POLICE DEPARTMENT,COTTAGE GROVE,5/17/2026 4:09:01 PM,CG26021391,"65th St S/Hadley Ave S, COTTAGE GROVE",WELFARE CHECK
COTTAGE GROVE POLICE DEPARTMENT,COTTAGE GROVE,5/17/2026 6:30:03 PM,CG26021407,"65TH ST S / HARKNESS AVE S, COTTAGE GROVE",TRAFFIC STOP
COTTAGE GROVE POLICE DEPARTMENT,COTTAGE GROVE,5/17/2026 9:00:22 PM,CG26021415,"6XXX  Jody Ave S, COTTAGE GROVE",CIVIL MATTER/DISPUTE
COTTAGE GROVE POLICE DEPARTMENT,COTTAGE GROVE,5/18/2026 12:47:05 AM,CG26021423,"7XXX  Hinton Ave S, COTTAGE GROVE",MEDICAL
COTTAGE GROVE POLICE DEPARTMENT,COTTAGE GROVE,5/18/2026 12:55:55 AM,CG26021424,"11XXX  Kingsborough Trl S, COTTAGE GROVE",MEDICAL
COTTAGE GROVE POLICE DEPARTMENT,COTTAGE GROVE,5/18/2026 1:51:40 AM,CG26021426,"7XXX  Jorgensen Ln S, COTTAGE GROVE",ALARM-BUSINESS/RES/FIRE/MEDICAL/ETC
COTTAGE GROVE POLICE DEPARTMENT,COTTAGE GROVE,5/18/2026 10:29:28 AM,CG26021459,"6XXX  Idsen Ave S, COTTAGE GROVE",WELFARE CHECK
COTTAGE GROVE POLICE DEPARTMENT,COTTAGE GROVE,5/18/2026 10:30:23 AM,CG26021458,"8XXX  Inwood Ave S, COTTAGE GROVE",MEDICAL
COTTAGE GROVE POLICE DEPARTMENT,COTTAGE GROVE,5/18/2026 10:45:45 AM,CG26021464,"7XXX  Jorgensen Ln S, COTTAGE GROVE",WELFARE CHECK
COTTAGE GROVE POLICE DEPARTMENT,COTTAGE GROVE,5/18/2026 10:50:02 AM,CG26021465,"7XXX  Jensen Ave S, COTTAGE GROVE",SUSPICIOUS PERSON/ACTIVITY
COTTAGE GROVE POLICE DEPARTMENT,COTTAGE GROVE,5/18/2026 12:02:43 PM,CG26021480,"8XXX  Jasmine Ln S, COTTAGE GROVE",MEDICAL
COTTAGE GROVE POLICE DEPARTMENT,COTTAGE GROVE,5/18/2026 12:45:38 PM,CG26021487,"8XXX  East Point Douglas Rd S, COTTAGE GROVE",VEHICLE UNLOCK
COTTAGE GROVE POLICE DEPARTMENT,COTTAGE GROVE,5/18/2026 2:20:42 PM,CG26021501,"9XXX  90TH ST S, COTTAGE GROVE",FOUND PROPERTY/ITEM
COTTAGE GROVE POLICE DEPARTMENT,COTTAGE GROVE,5/18/2026 4:29:26 PM,CG26021516,"9XXX  Hamlet Ave S, COTTAGE GROVE",VEHICLE UNLOCK
COTTAGE GROVE POLICE DEPARTMENT,COTTAGE GROVE,5/18/2026 4:30:28 PM,CG26021515,"8XXX  GREENE AVE S, COTTAGE GROVE",FOUND PROPERTY/ITEM
COTTAGE GROVE POLICE DEPARTMENT,COTTAGE GROVE,5/18/2026 4:55:26 PM,CG26021519,"80TH ST S OVER HWY 61, COTTAGE GROVE",ACCIDENT
COTTAGE GROVE POLICE DEPARTMENT,COTTAGE GROVE,5/18/2026 5:32:00 PM,CG26021528,"80TH ST S WB TO HWY 61 NB RAMP, COTTAGE GROVE",TRAFFIC STOP
COTTAGE GROVE POLICE DEPARTMENT,COTTAGE GROVE,5/18/2026 7:11:15 PM,CG26021543,"7XXX  Hinton Ave S, COTTAGE GROVE",DISTURBANCE
COTTAGE GROVE POLICE DEPARTMENT,COTTAGE GROVE,5/18/2026 9:34:28 PM,CG26021549,"7XXX  80th St S, COTTAGE GROVE",ANIMAL COMPLAINT
COTTAGE GROVE POLICE DEPARTMENT,COTTAGE GROVE,5/18/2026 11:36:18 PM,CG26021576,"7XXX  Hardwood Ave S, COTTAGE GROVE",ALARM-BUSINESS/RES/FIRE/MEDICAL/ETC
COTTAGE GROVE POLICE DEPARTMENT,COTTAGE GROVE,5/19/2026 1:14:00 AM,CG26021594,"HARKNESS AVE S / HAMLET AVE S, COTTAGE GROVE",WARRANT ARREST
COTTAGE GROVE POLICE DEPARTMENT,COTTAGE GROVE,5/19/2026 5:56:51 AM,CG26021597,"7XXX  Jenner Ave S, COTTAGE GROVE",ANIMAL COMPLAINT
COTTAGE GROVE POLICE DEPARTMENT,COTTAGE GROVE,5/19/2026 7:49:11 AM,CG26021602,"8XXX  87TH ST S, COTTAGE GROVE",FOLLOW UP
COTTAGE GROVE POLICE DEPARTMENT,COTTAGE GROVE,5/19/2026 7:56:10 AM,CG26021603,"8XXX  81st St S, COTTAGE GROVE",MEDICAL
COTTAGE GROVE POLICE DEPARTMENT,COTTAGE GROVE,5/19/2026 9:46:15 AM,CG26021615,"8XXX  Indahl Ave S, COTTAGE GROVE",MEDICAL
COTTAGE GROVE POLICE DEPARTMENT,COTTAGE GROVE,5/19/2026 10:48:29 AM,CG26021623,"7XXX  IRVIN AVE S, COTTAGE GROVE",FRAUD/SCAM
COTTAGE GROVE POLICE DEPARTMENT,COTTAGE GROVE,5/19/2026 11:37:53 AM,CG26021638,"9XXX  East Point Douglas Rd S, COTTAGE GROVE",MEDICAL
COTTAGE GROVE POLICE DEPARTMENT,COTTAGE GROVE,5/19/2026 12:39:09 PM,CG26021643,"8XXX  63rd St S, COTTAGE GROVE",MEDICAL
COTTAGE GROVE POLICE DEPARTMENT,COTTAGE GROVE,5/19/2026 2:32:03 PM,CG26021660,"9XXX  East Point Douglas Rd S, COTTAGE GROVE",VEHICLE UNLOCK
COTTAGE GROVE POLICE DEPARTMENT,COTTAGE GROVE,5/19/2026 2:36:09 PM,CG26021661,"8XXX  INDIAN BLVD S, COTTAGE GROVE",SUSPICIOUS PERSON/ACTIVITY
COTTAGE GROVE POLICE DEPARTMENT,COTTAGE GROVE,5/19/2026 2:42:45 PM,CG26021665,"8XXX  Hale Ave S, COTTAGE GROVE",WELFARE CHECK
COTTAGE GROVE POLICE DEPARTMENT,COTTAGE GROVE,5/19/2026 3:26:14 PM,CG26021668,"8XXX  80TH ST S, COTTAGE GROVE",DISORDERLY CONDUCT
COTTAGE GROVE POLICE DEPARTMENT,COTTAGE GROVE,5/19/2026 3:34:35 PM,CG26021670,"8XXX  Ingleside Ave S, COTTAGE GROVE",MEDICAL
COTTAGE GROVE POLICE DEPARTMENT,COTTAGE GROVE,5/19/2026 3:40:07 PM,CG26021675,"8XXX  East Point Douglas Rd S, COTTAGE GROVE",SUSPICIOUS PERSON/ACTIVITY
COTTAGE GROVE POLICE DEPARTMENT,COTTAGE GROVE,5/19/2026 3:52:41 PM,CG26021680,"Unknown, COTTAGE GROVE",CHILD CUSTODY
COTTAGE GROVE POLICE DEPARTMENT,COTTAGE GROVE,5/19/2026 3:56:44 PM,CG26021681,"6XXX  91ST ST S, COTTAGE GROVE",ASSIST OTHER AGENCY
COTTAGE GROVE POLICE DEPARTMENT,COTTAGE GROVE,5/19/2026 3:57:00 PM,CG26021682,"7XXX  East Point Douglas Rd S, COTTAGE GROVE",WELFARE CHECK
COTTAGE GROVE POLICE DEPARTMENT,COTTAGE GROVE,5/19/2026 6:44:32 PM,CG26021725,"7XXX  Hillside Trl S, COTTAGE GROVE",DISTURBANCE
COTTAGE GROVE POLICE DEPARTMENT,COTTAGE GROVE,5/19/2026 6:52:24 PM,CG26021728,"7XXX  Aspen Cv S, COTTAGE GROVE",ALARM-BUSINESS/RES/FIRE/MEDICAL/ETC
COTTAGE GROVE POLICE DEPARTMENT,COTTAGE GROVE,5/19/2026 8:00:40 PM,CG26021737,"6XXX  Hinterland Trl S, COTTAGE GROVE",FRAUD/SCAM
COTTAGE GROVE POLICE DEPARTMENT,COTTAGE GROVE,5/19/2026 8:09:02 PM,CG26021738,"8XXX  91st St S, COTTAGE GROVE",MEDICAL
COTTAGE GROVE POLICE DEPARTMENT,COTTAGE GROVE,5/19/2026 8:41:01 PM,CG26021745,"8XXX  KEATS AVE S, COTTAGE GROVE",ANIMAL COMPLAINT
COTTAGE GROVE POLICE DEPARTMENT,COTTAGE GROVE,5/19/2026 9:25:14 PM,CG26021751,"12XXX  Ravine Pkwy S, COTTAGE GROVE",ASSAULT
COTTAGE GROVE POLICE DEPARTMENT,COTTAGE GROVE,5/19/2026 11:04:35 PM,CG26021774,"7XXX  Hardwood Ave S, COTTAGE GROVE",CIVIL MATTER/DISPUTE
COTTAGE GROVE POLICE DEPARTMENT,COTTAGE GROVE,5/20/2026 12:46:38 AM,CG26021778,"8XXX  Ingleside Ave S, COTTAGE GROVE",DISTURBANCE
COTTAGE GROVE POLICE DEPARTMENT,COTTAGE GROVE,5/20/2026 1:02:18 AM,CG26021780,"8XXX  Jasmine Ln S, COTTAGE GROVE",MEDICAL
COTTAGE GROVE POLICE DEPARTMENT,COTTAGE GROVE,5/20/2026 2:04:40 AM,CG26021785,"8XXX  Jeffery Ln S, COTTAGE GROVE",MEDICAL
COTTAGE GROVE POLICE DEPARTMENT,COTTAGE GROVE,5/20/2026 4:20:59 AM,CG26021793,"6XXX  East Point Douglas Rd S, COTTAGE GROVE",MEDICAL
COTTAGE GROVE POLICE DEPARTMENT,COTTAGE GROVE,5/20/2026 5:45:45 AM,CG26021794,"7XXX  River Acres Rd S, COTTAGE GROVE",MEDICAL
COTTAGE GROVE POLICE DEPARTMENT,COTTAGE GROVE,5/20/2026 8:52:38 AM,CG26021807,"9XXX  Jamaica Ave S, COTTAGE GROVE",MEDICAL
COTTAGE GROVE POLICE DEPARTMENT,COTTAGE GROVE,5/20/2026 9:17:56 AM,CG26021809,"8XXX  Hyde Ave S, COTTAGE GROVE",ANIMAL COMPLAINT
COTTAGE GROVE POLICE DEPARTMENT,COTTAGE GROVE,5/20/2026 11:47:50 AM,CG26021846,"6XXX  101ST ST S, COTTAGE GROVE",MEDICAL
COTTAGE GROVE POLICE DEPARTMENT,COTTAGE GROVE,5/20/2026 12:48:49 PM,CG26021851,"13XXX  Ravine Pkwy S, COTTAGE GROVE",ASSIST OTHER AGENCY
COTTAGE GROVE POLICE DEPARTMENT,COTTAGE GROVE,5/20/2026 1:53:15 PM,CG26021864,"8XXX  West Point Douglas Rd S, COTTAGE GROVE",MEDICAL
COTTAGE GROVE POLICE DEPARTMENT,COTTAGE GROVE,5/20/2026 2:40:14 PM,CG26021881,"7XXX  Hardwood Ave S, COTTAGE GROVE",MEDICAL
COTTAGE GROVE POLICE DEPARTMENT,COTTAGE GROVE,5/20/2026 3:02:33 PM,CG26021885,"7XXX  Hearthside Ave S, COTTAGE GROVE",THEFT
COTTAGE GROVE POLICE DEPARTMENT,COTTAGE GROVE,5/20/2026 3:21:02 PM,CG26021894,"8XXX  Greystone Ave S, COTTAGE GROVE",MEDICAL
COTTAGE GROVE POLICE DEPARTMENT,COTTAGE GROVE,5/20/2026 4:18:06 PM,CG26021921,"9XXX  East Point Douglas Rd S, COTTAGE GROVE",ACCIDENT
COTTAGE GROVE POLICE DEPARTMENT,COTTAGE GROVE,5/20/2026 4:25:00 PM,CG26021924,"8XXX  East Point Douglas Rd S, COTTAGE GROVE",DISORDERLY CONDUCT
COTTAGE GROVE POLICE DEPARTMENT,COTTAGE GROVE,5/20/2026 6:18:09 PM,CG26021954,"8XXX  66th St S, COTTAGE GROVE",VEHICLE UNLOCK
COTTAGE GROVE POLICE DEPARTMENT,COTTAGE GROVE,5/20/2026 7:37:22 PM,CG26021960,"7XXX  IVYSTONE AVE S, COTTAGE GROVE",MOTORIST ASSIST
COTTAGE GROVE POLICE DEPARTMENT,COTTAGE GROVE,5/20/2026 11:06:31 PM,CG26021988,"6XXX  East Point Douglas Rd S, COTTAGE GROVE",MEDICAL
COTTAGE GROVE POLICE DEPARTMENT,COTTAGE GROVE,5/20/2026 11:25:09 PM,CG26021990,"8XXX  East Point Douglas Rd S, COTTAGE GROVE",WELFARE CHECK
COTTAGE GROVE POLICE DEPARTMENT,COTTAGE GROVE,5/20/2026 11:27:15 PM,CG26021991,"7XXX  Hardwood Ave S, COTTAGE GROVE",CIVIL MATTER/DISPUTE
COTTAGE GROVE POLICE DEPARTMENT,COTTAGE GROVE,5/21/2026 1:55:48 AM,CG26022010,"9XXX  Harrow Ct S, COTTAGE GROVE",OVERDOSE
COTTAGE GROVE POLICE DEPARTMENT,COTTAGE GROVE,5/21/2026 2:26:11 AM,CG26022011,"7XXX  96TH ST S, COTTAGE GROVE",MEDICAL
COTTAGE GROVE POLICE DEPARTMENT,COTTAGE GROVE,5/21/2026 6:23:13 AM,CG26022012,"8XXX  Hilo Ln S, COTTAGE GROVE",MEDICAL
COTTAGE GROVE POLICE DEPARTMENT,COTTAGE GROVE,5/21/2026 8:40:00 AM,CG26022023,"9XXX  Jergen Bay S, COTTAGE GROVE",WELFARE CHECK
COTTAGE GROVE POLICE DEPARTMENT,COTTAGE GROVE,5/21/2026 9:22:52 AM,CG26022026,"8XXX  East Point Douglas Rd S, COTTAGE GROVE",DISORDERLY CONDUCT
COTTAGE GROVE POLICE DEPARTMENT,COTTAGE GROVE,5/21/2026 11:45:41 AM,CG26022056,"9XXX  East Point Douglas Rd S, COTTAGE GROVE",MEDICAL
COTTAGE GROVE POLICE DEPARTMENT,COTTAGE GROVE,5/21/2026 12:42:35 PM,CG26022067,"8XXX  80TH ST S, COTTAGE GROVE",CIVIL MATTER/DISPUTE
COTTAGE GROVE POLICE DEPARTMENT,COTTAGE GROVE,5/21/2026 1:39:32 PM,CG26022088,"8XXX  95th St S, COTTAGE GROVE",MEDICAL
COTTAGE GROVE POLICE DEPARTMENT,COTTAGE GROVE,5/21/2026 1:55:00 PM,CG26022342,"9XXX  - 9450 93RD ST S, COTTAGE GROVE",STOP ARM VIOLATION
COTTAGE GROVE POLICE DEPARTMENT,COTTAGE GROVE,5/21/2026 2:03:59 PM,CG26022092,"7XXX  Hemingway Ave S, COTTAGE GROVE",MEDICAL
COTTAGE GROVE POLICE DEPARTMENT,COTTAGE GROVE,5/21/2026 2:16:00 PM,CG26022096,"8XXX  - 8799 80TH ST S, COTTAGE GROVE",TRAFFIC STOP
COTTAGE GROVE POLICE DEPARTMENT,COTTAGE GROVE,5/21/2026 2:59:45 PM,CG26022113,"7XXX  East Point Douglas Rd S, COTTAGE GROVE",THREATS
COTTAGE GROVE POLICE DEPARTMENT,COTTAGE GROVE,5/21/2026 3:25:53 PM,CG26022118,"7XXX  Hardwood Ct S, COTTAGE GROVE",SHOPLIFTING
COTTAGE GROVE POLICE DEPARTMENT,COTTAGE GROVE,5/21/2026 4:40:14 PM,CG26022137,"6XXX  East Point Douglas Rd S, COTTAGE GROVE",MEDICAL
COTTAGE GROVE POLICE DEPARTMENT,COTTAGE GROVE,5/21/2026 5:14:32 PM,CG26022148,"6XXX  Jocelyn Ave S, COTTAGE GROVE",CHILD NEGLECT
COTTAGE GROVE POLICE DEPARTMENT,COTTAGE GROVE,5/21/2026 5:17:31 PM,CG26022149,"6XXX  IDSEN AVE S, COTTAGE GROVE",WARRANT ARREST
COTTAGE GROVE POLICE DEPARTMENT,COTTAGE GROVE,5/21/2026 6:03:08 PM,CG26022156,"6XXX  80th St S, COTTAGE GROVE",MEDICAL
COTTAGE GROVE POLICE DEPARTMENT,COTTAGE GROVE,5/21/2026 6:37:41 PM,CG26022166,"7XXX  Homestead Ave S, COTTAGE GROVE",WELFARE CHECK
COTTAGE GROVE POLICE DEPARTMENT,COTTAGE GROVE,5/21/2026 7:18:39 PM,CG26022173,"8XXX  East Point Douglas Rd S, COTTAGE GROVE",DEATH
COTTAGE GROVE POLICE DEPARTMENT,COTTAGE GROVE,5/21/2026 9:33:00 PM,CG26022181,"HWY 61 SB AT MANNING AVE S, COTTAGE GROVE",TRAFFIC STOP
COTTAGE GROVE POLICE DEPARTMENT,COTTAGE GROVE,5/21/2026 11:55:15 PM,CG26022200,"8XXX  Homestead Ave S, COTTAGE GROVE",MEDICAL
COTTAGE GROVE POLICE DEPARTMENT,COTTAGE GROVE,5/22/2026 6:07:50 AM,CG26022245,"6XXX  80th St S, COTTAGE GROVE",MEDICAL
COTTAGE GROVE POLICE DEPARTMENT,COTTAGE GROVE,5/22/2026 8:42:20 AM,CG26022249,"8XXX  West Point Douglas Rd S, COTTAGE GROVE",ASSAULT
COTTAGE GROVE POLICE DEPARTMENT,COTTAGE GROVE,5/22/2026 10:09:27 AM,CG26022253,"9XXX  East Point Douglas Rd S, COTTAGE GROVE",SHOPLIFTING
COTTAGE GROVE POLICE DEPARTMENT,COTTAGE GROVE,5/22/2026 11:18:00 AM,CG26022262,"6XXX  - 6798 70TH ST S, COTTAGE GROVE",TRAFFIC STOP
COTTAGE GROVE POLICE DEPARTMENT,COTTAGE GROVE,5/22/2026 1:50:44 PM,CG26022282,"80TH ST S OVER HWY 61, COTTAGE GROVE",JUVENILE COMPLAINT
COTTAGE GROVE POLICE DEPARTMENT,COTTAGE GROVE,5/22/2026 3:21:21 PM,CG26022306,"7XXX  80TH ST S, COTTAGE GROVE",IDENTITY THEFT
COTTAGE GROVE POLICE DEPARTMENT,COTTAGE GROVE,5/22/2026 5:40:00 PM,CG26022343,"6XXX  East Point Douglas Rd S, COTTAGE GROVE",MEDICAL
COTTAGE GROVE POLICE DEPARTMENT,COTTAGE GROVE,5/22/2026 8:18:00 PM,CG26022365,"7XXX  HIDDEN VALLEY CV S, COTTAGE GROVE",WARRANT ARREST
COTTAGE GROVE POLICE DEPARTMENT,COTTAGE GROVE,5/22/2026 8:29:41 PM,CG26022367,"Unknown, COTTAGE GROVE",WELFARE CHECK
COTTAGE GROVE POLICE DEPARTMENT,COTTAGE GROVE,5/22/2026 10:35:53 PM,CG26022404,"7XXX  - 7899 72ND ST S, COTTAGE GROVE",TRAFFIC STOP
COTTAGE GROVE POLICE DEPARTMENT,COTTAGE GROVE,5/22/2026 11:19:43 PM,CG26022410,"9XXX  78th Street Ct S, COTTAGE GROVE",MEDICAL
COTTAGE GROVE POLICE DEPARTMENT,COTTAGE GROVE,5/22/2026 11:24:00 PM,CG26022411,"9XXX  Jergen Ave S, COTTAGE GROVE",WARRANT ARREST
COTTAGE GROVE POLICE DEPARTMENT,COTTAGE GROVE,5/23/2026 12:06:18 AM,CG26022415,"8XXX  Grenadier Ave S, COTTAGE GROVE",SUSPICIOUS PERSON/ACTIVITY
COTTAGE GROVE POLICE DEPARTMENT,COTTAGE GROVE,5/23/2026 1:25:17 AM,CG26022422,"8XXX  Hornell Ave S, COTTAGE GROVE",DISTURBANCE
COTTAGE GROVE POLICE DEPARTMENT,COTTAGE GROVE,5/23/2026 6:20:49 AM,CG26022428,"7XXX  Meadow Grass Ave S, COTTAGE GROVE",HRO VIOLATION
COTTAGE GROVE POLICE DEPARTMENT,COTTAGE GROVE,5/23/2026 8:31:17 AM,CG26022436,"6XXX  East Point Douglas Rd S, COTTAGE GROVE",MEDICAL
COTTAGE GROVE POLICE DEPARTMENT,COTTAGE GROVE,5/23/2026 11:27:19 AM,CG26022482,"HINTON AVE S / 65TH ST S, COTTAGE GROVE",WANTED PERSON-KOPS ALERT/ATL
COTTAGE GROVE POLICE DEPARTMENT,COTTAGE GROVE,5/23/2026 3:34:46 PM,CG26022507,"8XXX  Indian Blvd S, COTTAGE GROVE",MEDICAL
COTTAGE GROVE POLICE DEPARTMENT,COTTAGE GROVE,5/23/2026 9:59:10 PM,CG26022535,"7XXX  74th Street Bay S, COTTAGE GROVE",RUNAWAY
COTTAGE GROVE POLICE DEPARTMENT,NEWPORT,5/19/2026 11:11:00 PM,CG26021775,"HWY 61 NB JSO GLEN RD, NEWPORT",TRAFFIC STOP
FOREST LAKE POLICE DEPARTMENT,FOREST LAKE,5/17/2026 12:42:53 AM,FL26006271,"LAKE ST S & 11TH AVE SW, FOREST LAKE",TRAFFIC STOP
FOREST LAKE POLICE DEPARTMENT,FOREST LAKE,5/17/2026 7:40:44 AM,FL26006279,"1XXX  BROADWAY AVE W, FOREST LAKE",MOTOR VEHICLE THEFT
FOREST LAKE POLICE DEPARTMENT,FOREST LAKE,5/17/2026 6:09:04 PM,FL26006303,"1XXX  BROADWAY AVE W, FOREST LAKE",CIVIL MATTER/DISPUTE
FOREST LAKE POLICE DEPARTMENT,FOREST LAKE,5/17/2026 8:14:06 PM,FL26006309,"1XXX  4TH ST SE, FOREST LAKE",THEFT
FOREST LAKE POLICE DEPARTMENT,FOREST LAKE,5/17/2026 8:54:09 PM,FL26006311,"9XXX  206TH ST N, FOREST LAKE",SUSPICIOUS PERSON/ACTIVITY
FOREST LAKE POLICE DEPARTMENT,FOREST LAKE,5/18/2026 9:33:54 AM,FL26006324,"6XXX  SCANDIA TRL N, FOREST LAKE",WELFARE CHECK
FOREST LAKE POLICE DEPARTMENT,FOREST LAKE,5/18/2026 9:52:53 AM,FL26006328,"XXX 15TH ST SW, FOREST LAKE",THEFT
FOREST LAKE POLICE DEPARTMENT,FOREST LAKE,5/18/2026 11:58:33 AM,FL26006336,"XXX LAKE ST N, FOREST LAKE",COUNTERFEIT/FORGERY
FOREST LAKE POLICE DEPARTMENT,FOREST LAKE,5/18/2026 12:05:24 PM,FL26006337,"1XXX  APARTMENT LN SW, FOREST LAKE",LOST PROPERTY/ITEM
FOREST LAKE POLICE DEPARTMENT,FOREST LAKE,5/18/2026 1:26:31 PM,FL26006341,"9XXX  206th St N, FOREST LAKE",HARASSMENT
FOREST LAKE POLICE DEPARTMENT,FOREST LAKE,5/18/2026 2:42:40 PM,FL26006346,"207TH ST N / FENSTON AVE N, FOREST LAKE",PARKING COMPLAINT
FOREST LAKE POLICE DEPARTMENT,FOREST LAKE,5/18/2026 8:04:53 PM,FL26006364,"1XXX  4TH ST SE, FOREST LAKE",ASSIST OTHER AGENCY
FOREST LAKE POLICE DEPARTMENT,FOREST LAKE,5/19/2026 12:44:36 PM,FL26006379,"XXX 12TH ST SW, FOREST LAKE",ACCIDENT
FOREST LAKE POLICE DEPARTMENT,FOREST LAKE,5/19/2026 1:04:57 PM,FL26006380,"1XXX  7TH AVE SW, FOREST LAKE",HARASSMENT
FOREST LAKE POLICE DEPARTMENT,FOREST LAKE,5/19/2026 3:37:26 PM,FL26006388,"1XXX  4TH ST SW, FOREST LAKE",LOCKOUT
FOREST LAKE POLICE DEPARTMENT,FOREST LAKE,5/19/2026 3:52:46 PM,FL26006392,"XX Lee St, FOREST LAKE",HARASSMENT
FOREST LAKE POLICE DEPARTMENT,FOREST LAKE,5/19/2026 5:52:00 PM,FL26006396,"4XXX  WYNGATE BLVD, FOREST LAKE",CITIZEN/PUBLIC ASSIST
FOREST LAKE POLICE DEPARTMENT,FOREST LAKE,5/19/2026 6:19:02 PM,FL26006397,"1XXX  LAKE ST S, FOREST LAKE",WANTED PERSON-KOPS ALERT/ATL
FOREST LAKE POLICE DEPARTMENT,FOREST LAKE,5/20/2026 8:46:52 AM,FL26006409,"20XXX  FITZGERALD TRL N, FOREST LAKE",FRAUD/SCAM
FOREST LAKE POLICE DEPARTMENT,FOREST LAKE,5/20/2026 10:48:26 AM,FL26006415,"19XXX  FOREST RD N, FOREST LAKE",DISTURBANCE
FOREST LAKE POLICE DEPARTMENT,FOREST LAKE,5/20/2026 2:02:07 PM,FL26006424,"1XXX  LAKE ST S, FOREST LAKE",ASSIST OTHER AGENCY
FOREST LAKE POLICE DEPARTMENT,FOREST LAKE,5/20/2026 3:28:47 PM,FL26006427,"Keewahtin Ave N / Scandia Trl N, FOREST LAKE",PARKING COMPLAINT
FOREST LAKE POLICE DEPARTMENT,FOREST LAKE,5/20/2026 5:02:01 PM,FL26006433,"8XXX  212TH STREET CT N, FOREST LAKE",HARASSMENT
FOREST LAKE POLICE DEPARTMENT,FOREST LAKE,5/20/2026 6:39:09 PM,FL26006440,"XXX 19TH ST SE, FOREST LAKE",CIVIL MATTER/DISPUTE
FOREST LAKE POLICE DEPARTMENT,FOREST LAKE,5/20/2026 8:40:29 PM,FL26006446,"19XXX  Forest Rd N, FOREST LAKE",DISTURBANCE
FOREST LAKE POLICE DEPARTMENT,FOREST LAKE,5/20/2026 8:55:50 PM,FL26006447,"22XXX  LILAC WAY, FOREST LAKE",HARASSMENT
FOREST LAKE POLICE DEPARTMENT,FOREST LAKE,5/20/2026 11:09:00 PM,FL26006452,"EVERTON AVE N & 235TH ST N, FOREST LAKE",TRAFFIC STOP
FOREST LAKE POLICE DEPARTMENT,FOREST LAKE,5/21/2026 2:04:43 AM,FL26006459,"1XXX  8TH ST SW, FOREST LAKE",SUSPICIOUS PERSON/ACTIVITY
FOREST LAKE POLICE DEPARTMENT,FOREST LAKE,5/21/2026 10:26:29 AM,FL26006477,"2XXX  BROADWAY AVE W, FOREST LAKE",IDENTITY THEFT
FOREST LAKE POLICE DEPARTMENT,FOREST LAKE,5/21/2026 4:44:20 PM,FL26006504,"19XXX  Forest Rd N, FOREST LAKE",HARASSMENT
FOREST LAKE POLICE DEPARTMENT,FOREST LAKE,5/21/2026 5:00:41 PM,FL26006506,"XXX SOUTH SHORE DR, FOREST LAKE",RUNAWAY
FOREST LAKE POLICE DEPARTMENT,FOREST LAKE,5/21/2026 8:23:21 PM,FL26006518,"19XXX  FOREST RD N, FOREST LAKE",VEHICLE TAMPERING
FOREST LAKE POLICE DEPARTMENT,FOREST LAKE,5/21/2026 8:28:27 PM,FL26006519,"XXX 12TH ST SW, FOREST LAKE",ACCIDENT
FOREST LAKE POLICE DEPARTMENT,FOREST LAKE,5/22/2026 12:28:00 AM,FL26006533,"XXX 12th St Sw, FOREST LAKE",DWI
FOREST LAKE POLICE DEPARTMENT,FOREST LAKE,5/22/2026 7:59:31 AM,FL26006541,"21XXX  INWOOD AVE N, FOREST LAKE",FRAUD/SCAM
FOREST LAKE POLICE DEPARTMENT,FOREST LAKE,5/22/2026 8:22:51 AM,FL26006543,"21XXX  IMPERIAL AVE N, FOREST LAKE",ORDINANCE VIOLATION
FOREST LAKE POLICE DEPARTMENT,FOREST LAKE,5/22/2026 3:28:39 PM,FL26006559,"6XXX  203RD CT N, FOREST LAKE",FRAUD/SCAM
FOREST LAKE POLICE DEPARTMENT,FOREST LAKE,5/22/2026 8:13:25 PM,FL26006574,"12TH ST SW & 3RD AVE SW, FOREST LAKE",TRAFFIC STOP
FOREST LAKE POLICE DEPARTMENT,FOREST LAKE,5/22/2026 8:55:26 PM,FL26006578,"19XXX  FOREST RD N, FOREST LAKE",HRO VIOLATION
FOREST LAKE POLICE DEPARTMENT,FOREST LAKE,5/23/2026 2:11:07 AM,FL26006584,"7XXX  235th St N, FOREST LAKE",TRESPASS NOTICE
FOREST LAKE POLICE DEPARTMENT,FOREST LAKE,5/23/2026 6:17:38 PM,FL26006610,"1XXX  BROADWAY AVE W, FOREST LAKE",ACCIDENT
FOREST LAKE POLICE DEPARTMENT,FOREST LAKE,5/23/2026 7:58:00 PM,FL26006618,"220TH ST N & EVERTON AVE N, FOREST LAKE",TRAFFIC STOP
OAKDALE POLICE DEPARTMENT,LAKE ELMO,5/17/2026 12:26:54 AM,OD26005785,"XXX JULEP AVE N, LAKE ELMO",ASSIST OTHER AGENCY
OAKDALE POLICE DEPARTMENT,MAHTOMEDI,5/17/2026 2:38:52 PM,OD26005809,"XXX Wildwood Rd, MAHTOMEDI",ASSIST OTHER AGENCY
OAKDALE POLICE DEPARTMENT,MAHTOMEDI,5/19/2026 1:52:34 AM,OD26005872,"WARNER AVE S / STILLWATER RD, MAHTOMEDI",ASSIST OTHER AGENCY
OAKDALE POLICE DEPARTMENT,MAHTOMEDI,5/23/2026 9:59:41 PM,OD26006106,"XX - 2 LONG LAKE RD, MAHTOMEDI",TRAFFIC STOP
OAKDALE POLICE DEPARTMENT,OAKDALE,5/17/2026 12:06:27 AM,OD26005784,"1XXX  Gentry Ave N, OAKDALE",MEDICAL
OAKDALE POLICE DEPARTMENT,OAKDALE,5/17/2026 12:32:05 AM,OD26005787,"6XXX  25th St N, OAKDALE",DRUGS
OAKDALE POLICE DEPARTMENT,OAKDALE,5/17/2026 12:37:33 AM,OD26005786,"XXX Helena Ave N, OAKDALE",DWI
OAKDALE POLICE DEPARTMENT,OAKDALE,5/17/2026 1:32:29 AM,OD26005788,"2XXX  Hillvale Ct N, OAKDALE",SUSPICIOUS PERSON/ACTIVITY
OAKDALE POLICE DEPARTMENT,OAKDALE,5/17/2026 2:07:33 AM,OD26005790,"XXX GRESHAM AVE N, OAKDALE",MEDICAL
OAKDALE POLICE DEPARTMENT,OAKDALE,5/17/2026 2:15:07 AM,OD26005791,"1XXX  HILO AVE N, OAKDALE",NOISE COMPLAINT/DISTURBANCE
OAKDALE POLICE DEPARTMENT,OAKDALE,5/17/2026 3:24:25 AM,OD26005792,"4XXX  GENEVA AVE N, OAKDALE",CITIZEN/PUBLIC ASSIST
OAKDALE POLICE DEPARTMENT,OAKDALE,5/17/2026 3:34:15 AM,OD26005793,"1XXX  HILO AVE N, OAKDALE",DISTURBANCE
OAKDALE POLICE DEPARTMENT,OAKDALE,5/17/2026 3:54:00 AM,OD26005794,"4XXX  Geneva Ave N, OAKDALE",MEDICAL
OAKDALE POLICE DEPARTMENT,OAKDALE,5/17/2026 5:38:05 AM,OD26005795,"7XXX  2nd St N, OAKDALE",WELFARE CHECK
OAKDALE POLICE DEPARTMENT,OAKDALE,5/17/2026 7:18:37 AM,OD26005797,"8XXX  3RD ST N, OAKDALE",ALARM-BUSINESS/RES/FIRE/MEDICAL/ETC
OAKDALE POLICE DEPARTMENT,OAKDALE,5/17/2026 7:46:14 AM,OD26005798,"4XXX  Hamlet Ave N, OAKDALE",CIVIL MATTER/DISPUTE
OAKDALE POLICE DEPARTMENT,OAKDALE,5/17/2026 8:02:38 AM,OD26005799,"XXX Geneva Ave N, OAKDALE",SHOPLIFTING
OAKDALE POLICE DEPARTMENT,OAKDALE,5/17/2026 8:45:49 AM,OD26005801,"7XXX  6th St N, OAKDALE",WELFARE CHECK
OAKDALE POLICE DEPARTMENT,OAKDALE,5/17/2026 10:31:35 AM,OD26005803,"1XXX  Helmo Ave n, OAKDALE",ALARM-BUSINESS/RES/FIRE/MEDICAL/ETC
OAKDALE POLICE DEPARTMENT,OAKDALE,5/17/2026 11:05:52 AM,OD26005804,"6XXX  15TH ST N, OAKDALE",PROPERTY DAMAGE
OAKDALE POLICE DEPARTMENT,OAKDALE,5/17/2026 11:11:22 AM,OD26005805,"3XXX  GRANADA WAY N, OAKDALE",NEIGHBOR DISPUTE
OAKDALE POLICE DEPARTMENT,OAKDALE,5/17/2026 11:12:34 AM,OD26005806,"Unknown, OAKDALE",CITIZEN/PUBLIC ASSIST
OAKDALE POLICE DEPARTMENT,OAKDALE,5/17/2026 1:32:03 PM,OD26005808,"7XXX  LOWER 11TH ST N, OAKDALE",ANIMAL COMPLAINT
OAKDALE POLICE DEPARTMENT,OAKDALE,5/17/2026 3:49:42 PM,OD26005811,"6XXX  7TH ST N, OAKDALE",TRAFFIC STOP
OAKDALE POLICE DEPARTMENT,OAKDALE,5/17/2026 3:59:07 PM,OD26005812,"6XXX  7TH ST N, OAKDALE",TRAFFIC STOP
OAKDALE POLICE DEPARTMENT,OAKDALE,5/17/2026 4:13:26 PM,OD26005814,"XXX GLENBROOK AVE N, OAKDALE",NOISE COMPLAINT/DISTURBANCE
OAKDALE POLICE DEPARTMENT,OAKDALE,5/17/2026 7:15:21 PM,OD26005816,"6XXX  12th St N, OAKDALE",SUICIDE ATTEMPT/THREATS OF
OAKDALE POLICE DEPARTMENT,OAKDALE,5/17/2026 8:59:04 PM,OD26005817,"8XXX  3RD ST N, OAKDALE",ALARM-BUSINESS/RES/FIRE/MEDICAL/ETC
OAKDALE POLICE DEPARTMENT,OAKDALE,5/17/2026 10:00:26 PM,OD26005819,"Helmo Ave N / 2nd St N, OAKDALE",CITIZEN/PUBLIC ASSIST
OAKDALE POLICE DEPARTMENT,OAKDALE,5/17/2026 10:33:24 PM,OD26005820,"6XXX  Upper 35th St N, OAKDALE",ALARM-BUSINESS/RES/FIRE/MEDICAL/ETC
OAKDALE POLICE DEPARTMENT,OAKDALE,5/18/2026 12:37:30 AM,OD26005821,"Geneva Ave N / I94, OAKDALE",ASSIST OTHER AGENCY
OAKDALE POLICE DEPARTMENT,OAKDALE,5/18/2026 1:30:45 AM,OD26005822,"XXX GLENBROOK AVE N, OAKDALE",SUICIDE ATTEMPT/THREATS OF
OAKDALE POLICE DEPARTMENT,OAKDALE,5/18/2026 8:03:24 AM,OD26005825,"7XXX  44th St N, OAKDALE",BURGLARY
OAKDALE POLICE DEPARTMENT,OAKDALE,5/18/2026 8:18:19 AM,OD26005826,"1XXX  HOLLY AVE N, OAKDALE",MEDICAL
OAKDALE POLICE DEPARTMENT,OAKDALE,5/18/2026 8:41:04 AM,OD26005827,"1XXX  Granada Ave N, OAKDALE",IDENTITY THEFT
OAKDALE POLICE DEPARTMENT,OAKDALE,5/18/2026 8:43:24 AM,OD26005828,"2XXX  Granite Ave N, OAKDALE",ANIMAL COMPLAINT
OAKDALE POLICE DEPARTMENT,OAKDALE,5/18/2026 8:49:42 AM,OD26005830,"2XXX  Helena Rd N, OAKDALE",MEDICAL
OAKDALE POLICE DEPARTMENT,OAKDALE,5/18/2026 8:49:56 AM,OD26005829,"6XXX  UPPER 51ST ST N, OAKDALE",ALARM-BUSINESS/RES/FIRE/MEDICAL/ETC
OAKDALE POLICE DEPARTMENT,OAKDALE,5/18/2026 9:01:24 AM,OD26005831,"5XXX  Hadley Ave N, OAKDALE",CITIZEN/PUBLIC ASSIST
OAKDALE POLICE DEPARTMENT,OAKDALE,5/18/2026 9:25:28 AM,OD26005834,"6XXX  12TH ST N, OAKDALE",UNWANTED PERSON/VEHICLE
OAKDALE POLICE DEPARTMENT,OAKDALE,5/18/2026 9:27:03 AM,OD26005833,"1XXX  Hinton Trl N, OAKDALE",ALARM-BUSINESS/RES/FIRE/MEDICAL/ETC
OAKDALE POLICE DEPARTMENT,OAKDALE,5/18/2026 9:30:21 AM,OD26005835,"7XXX  54TH ST N, OAKDALE",SUSPICIOUS PERSON/ACTIVITY
OAKDALE POLICE DEPARTMENT,OAKDALE,5/18/2026 9:37:23 AM,OD26005837,"1XXX  GOODVIEW AVE N, OAKDALE",ACCIDENT
OAKDALE POLICE DEPARTMENT,OAKDALE,5/18/2026 9:42:05 AM,OD26005836,"3XXX  HADLEY AVE N, OAKDALE",911 ABANDONED/HANGUP/OPEN LINE
OAKDALE POLICE DEPARTMENT,OAKDALE,5/18/2026 9:46:26 AM,OD26005838,"6XXX  Hudson Blvd N, OAKDALE",BURGLARY
OAKDALE POLICE DEPARTMENT,OAKDALE,5/18/2026 10:43:51 AM,OD26005839,"7XXX  10th St N, OAKDALE",DISTURBANCE
OAKDALE POLICE DEPARTMENT,OAKDALE,5/18/2026 11:38:33 AM,OD26005842,"1XXX  HELMO AVE N, OAKDALE",SUSPICIOUS PERSON/ACTIVITY
OAKDALE POLICE DEPARTMENT,OAKDALE,5/18/2026 11:50:35 AM,OD26005843,"3XXX  Gershwin Ave N, OAKDALE",CITIZEN/PUBLIC ASSIST
OAKDALE POLICE DEPARTMENT,OAKDALE,5/18/2026 12:27:59 PM,OD26005844,"XXX GREENWAY AVE N, OAKDALE",UNWANTED PERSON/VEHICLE
OAKDALE POLICE DEPARTMENT,OAKDALE,5/18/2026 1:10:01 PM,OD26005846,"Unknown, OAKDALE",CITIZEN/PUBLIC ASSIST
OAKDALE POLICE DEPARTMENT,OAKDALE,5/18/2026 2:43:01 PM,OD26005849,"7XXX  38th St N, OAKDALE",MEDICAL
OAKDALE POLICE DEPARTMENT,OAKDALE,5/18/2026 4:37:28 PM,OD26005851,"1XXX  HADLEY AVE N, OAKDALE",CITIZEN/PUBLIC ASSIST
OAKDALE POLICE DEPARTMENT,OAKDALE,5/18/2026 5:18:40 PM,OD26005854,"XXX Henslow Ave N, OAKDALE",MISSING PERSON
OAKDALE POLICE DEPARTMENT,OAKDALE,5/18/2026 5:37:43 PM,OD26005855,"XXX Inwood Ave N, OAKDALE",ALARM-BUSINESS/RES/FIRE/MEDICAL/ETC
OAKDALE POLICE DEPARTMENT,OAKDALE,5/18/2026 7:23:47 PM,OD26005859,"3XXX  GRANADA LN N, OAKDALE",MISSING PERSON
OAKDALE POLICE DEPARTMENT,OAKDALE,5/18/2026 7:59:15 PM,OD26005860,"1XXX  GUTHRIE AVE N, OAKDALE",ASSIST OTHER AGENCY
OAKDALE POLICE DEPARTMENT,OAKDALE,5/18/2026 9:15:12 PM,OD26005861,"4XXX  HAYWARD RD N, OAKDALE",ALARM-BUSINESS/RES/FIRE/MEDICAL/ETC
OAKDALE POLICE DEPARTMENT,OAKDALE,5/18/2026 10:38:11 PM,OD26005864,"1XXX  HADLEY AVE N, OAKDALE",WELFARE CHECK
OAKDALE POLICE DEPARTMENT,OAKDALE,5/19/2026 12:43:43 AM,OD26005867,"1XXX  HADLEY AVE N, OAKDALE",OFP VIOLATION
OAKDALE POLICE DEPARTMENT,OAKDALE,5/19/2026 12:58:57 AM,OD26005869,"2XXX  HOLLY AVE N, OAKDALE",ASSIST OTHER AGENCY
OAKDALE POLICE DEPARTMENT,OAKDALE,5/19/2026 1:04:18 AM,OD26005870,"1XXX  Granada Ave N, OAKDALE",911 ABANDONED/HANGUP/OPEN LINE
OAKDALE POLICE DEPARTMENT,OAKDALE,5/19/2026 1:10:47 AM,OD26005871,"1XXX  HELMO AVE N, OAKDALE",THEFT
OAKDALE POLICE DEPARTMENT,OAKDALE,5/19/2026 6:04:11 AM,OD26005873,"1XXX  Gershwin Ave N, OAKDALE",MEDICAL
OAKDALE POLICE DEPARTMENT,OAKDALE,5/19/2026 8:41:50 AM,OD26005874,"6XXX  11th St N, OAKDALE",THEFT
OAKDALE POLICE DEPARTMENT,OAKDALE,5/19/2026 9:55:31 AM,OD26005879,"5XXX  HADLEY AVE N, OAKDALE",ACCIDENT
OAKDALE POLICE DEPARTMENT,OAKDALE,5/19/2026 10:00:50 AM,OD26005878,"Unknown, OAKDALE",CITIZEN/PUBLIC ASSIST
OAKDALE POLICE DEPARTMENT,OAKDALE,5/19/2026 10:42:58 AM,OD26005880,"2XXX  Hallmark Ave N, OAKDALE",PARKING VIOLATION
OAKDALE POLICE DEPARTMENT,OAKDALE,5/19/2026 11:54:54 AM,OD26005881,"6XXX  15TH ST N, OAKDALE",FOUND PROPERTY/ITEM
OAKDALE POLICE DEPARTMENT,OAKDALE,5/19/2026 11:57:12 AM,OD26005882,"8XXX  4TH ST N, OAKDALE",ACCIDENT
OAKDALE POLICE DEPARTMENT,OAKDALE,5/19/2026 12:15:51 PM,OD26005885,"3XXX  Hadley Ave N, OAKDALE",SHOPLIFTING
OAKDALE POLICE DEPARTMENT,OAKDALE,5/19/2026 12:48:07 PM,OD26005886,"6XXX  12TH ST N, OAKDALE",THEFT
OAKDALE POLICE DEPARTMENT,OAKDALE,5/19/2026 1:06:35 PM,OD26005887,"XXX Gentry Ave N, OAKDALE",ALARM-BUSINESS/RES/FIRE/MEDICAL/ETC
OAKDALE POLICE DEPARTMENT,OAKDALE,5/19/2026 2:59:03 PM,OD26005890,"7XXX  32ND ST N, OAKDALE",DISTURBANCE
OAKDALE POLICE DEPARTMENT,OAKDALE,5/19/2026 3:19:42 PM,OD26005892,"7XXX  6TH ST N, OAKDALE",CIVIL MATTER/DISPUTE
OAKDALE POLICE DEPARTMENT,OAKDALE,5/19/2026 3:26:01 PM,OD26005894,"1XXX  HADLEY AVE N, OAKDALE",CITIZEN/PUBLIC ASSIST
OAKDALE POLICE DEPARTMENT,OAKDALE,5/19/2026 3:45:20 PM,OD26005895,"Unknown, OAKDALE",CITIZEN/PUBLIC ASSIST
OAKDALE POLICE DEPARTMENT,OAKDALE,5/19/2026 4:01:06 PM,OD26005896,"3XXX  HAMLET AVE N, OAKDALE",PARKING COMPLAINT
OAKDALE POLICE DEPARTMENT,OAKDALE,5/19/2026 4:08:48 PM,OD26005897,"7XXX  3RD ST N, OAKDALE",ACCIDENT
OAKDALE POLICE DEPARTMENT,OAKDALE,5/19/2026 4:31:16 PM,OD26005899,"1XXX  GUTHRIE AVE N, OAKDALE",CIVIL MATTER/DISPUTE
OAKDALE POLICE DEPARTMENT,OAKDALE,5/19/2026 5:20:29 PM,OD26005900,"6XXX  UPPER 54TH ST N, OAKDALE",911 ABANDONED/HANGUP/OPEN LINE
OAKDALE POLICE DEPARTMENT,OAKDALE,5/19/2026 5:33:49 PM,OD26005901,"6XXX  15TH ST N, OAKDALE",911 ABANDONED/HANGUP/OPEN LINE
OAKDALE POLICE DEPARTMENT,OAKDALE,5/19/2026 6:10:41 PM,OD26005903,"3XXX  HADLEY AVE N, OAKDALE",ACCIDENT
OAKDALE POLICE DEPARTMENT,OAKDALE,5/19/2026 6:49:52 PM,OD26005905,"3XXX  GARDEN BLVD N, OAKDALE",CIVIL MATTER/DISPUTE
OAKDALE POLICE DEPARTMENT,OAKDALE,5/19/2026 9:00:16 PM,OD26005908,"Granada Ln N / Granada Ave N, OAKDALE",CITIZEN/PUBLIC ASSIST
OAKDALE POLICE DEPARTMENT,OAKDALE,5/19/2026 10:09:26 PM,OD26005909,"1XXX  GRESHAM AVE N, OAKDALE",MEDICAL
OAKDALE POLICE DEPARTMENT,OAKDALE,5/19/2026 11:56:48 PM,OD26005912,"10TH ST N / HALLMARK AVE N, OAKDALE",TRAFFIC STOP
OAKDALE POLICE DEPARTMENT,OAKDALE,5/20/2026 12:19:00 AM,OD26005914,"GENEVA AVE N & HADLEY AVE N, OAKDALE",TRAFFIC STOP
OAKDALE POLICE DEPARTMENT,OAKDALE,5/20/2026 12:21:19 AM,OD26005915,"7XXX  Stillwater Blvd N, OAKDALE",MEDICAL
OAKDALE POLICE DEPARTMENT,OAKDALE,5/20/2026 6:38:12 AM,OD26005919,"7XXX  11th St N, OAKDALE",MEDICAL
OAKDALE POLICE DEPARTMENT,OAKDALE,5/20/2026 9:14:59 AM,OD26005922,"Helmo Ave N / 10th St N, OAKDALE",ROAD HAZARD
OAKDALE POLICE DEPARTMENT,OAKDALE,5/20/2026 9:29:31 AM,OD26005923,"7XXX  46th Street Way N, OAKDALE",MEDICAL
OAKDALE POLICE DEPARTMENT,OAKDALE,5/20/2026 10:10:10 AM,OD26005925,"3XXX  Hadley Ave N, OAKDALE",CIVIL MATTER/DISPUTE
OAKDALE POLICE DEPARTMENT,OAKDALE,5/20/2026 10:18:27 AM,OD26005926,"1XXX  HADLEY AVE N, OAKDALE",MEDICAL
OAKDALE POLICE DEPARTMENT,OAKDALE,5/20/2026 10:48:09 AM,OD26005927,"4XXX  Gershwin Ave N, OAKDALE",ANIMAL COMPLAINT
OAKDALE POLICE DEPARTMENT,OAKDALE,5/20/2026 11:18:05 AM,OD26005939,"6XXX  HUDSON BLVD N, OAKDALE",MEDICAL
OAKDALE POLICE DEPARTMENT,OAKDALE,5/20/2026 11:29:22 AM,OD26005940,"XXX Inwood Ave N, OAKDALE",ANIMAL COMPLAINT
OAKDALE POLICE DEPARTMENT,OAKDALE,5/20/2026 12:31:14 PM,OD26005942,"1XXX  GRANADA AVE N, OAKDALE",THEFT
OAKDALE POLICE DEPARTMENT,OAKDALE,5/20/2026 1:55:54 PM,OD26005944,"6XXX  47th St N, OAKDALE",DISTURBANCE
OAKDALE POLICE DEPARTMENT,OAKDALE,5/20/2026 2:00:16 PM,OD26005945,"7XXX  10th St N, OAKDALE",SHOPLIFTING
OAKDALE POLICE DEPARTMENT,OAKDALE,5/20/2026 3:31:28 PM,OD26005947,"1XXX  Hadley Ave N, OAKDALE",CITIZEN/PUBLIC ASSIST
OAKDALE POLICE DEPARTMENT,OAKDALE,5/20/2026 3:43:10 PM,OD26005948,"7XXX  10th St N, OAKDALE",THEFT
OAKDALE POLICE DEPARTMENT,OAKDALE,5/20/2026 4:40:55 PM,OD26005951,"7XXX  32ND ST N, OAKDALE",SHOPLIFTING
OAKDALE POLICE DEPARTMENT,OAKDALE,5/20/2026 5:02:38 PM,OD26005953,"7XXX  UPPER 45TH ST N, OAKDALE",ALARM-BUSINESS/RES/FIRE/MEDICAL/ETC
OAKDALE POLICE DEPARTMENT,OAKDALE,5/20/2026 5:30:23 PM,OD26005954,"XXX Inwood Ave N, OAKDALE",ALARM-BUSINESS/RES/FIRE/MEDICAL/ETC
OAKDALE POLICE DEPARTMENT,OAKDALE,5/20/2026 7:43:10 PM,OD26005955,"7XXX  13th St N, OAKDALE",WELFARE CHECK
OAKDALE POLICE DEPARTMENT,OAKDALE,5/20/2026 7:43:46 PM,OD26005956,"1XXX  Goodwin Ave N, OAKDALE",MEDICAL
OAKDALE POLICE DEPARTMENT,OAKDALE,5/20/2026 8:16:30 PM,OD26005958,"8XXX  3rd St N, OAKDALE",ANIMAL COMPLAINT
OAKDALE POLICE DEPARTMENT,OAKDALE,5/20/2026 8:18:22 PM,OD26005959,"6XXX  3rd St N, OAKDALE",SUSPICIOUS PERSON/ACTIVITY
OAKDALE POLICE DEPARTMENT,OAKDALE,5/20/2026 8:42:14 PM,OD26005961,"4XXX  HAMLET WAY N, OAKDALE",911 ABANDONED/HANGUP/OPEN LINE
OAKDALE POLICE DEPARTMENT,OAKDALE,5/20/2026 10:10:41 PM,OD26005964,"4XXX  GENEVA AVE N, OAKDALE",UNWANTED PERSON/VEHICLE
OAKDALE POLICE DEPARTMENT,OAKDALE,5/20/2026 10:40:53 PM,OD26005965,"1XXX  Granada Ave N, OAKDALE",JUVENILE COMPLAINT
OAKDALE POLICE DEPARTMENT,OAKDALE,5/21/2026 12:00:26 AM,OD26005966,"3XXX  Granada Ln N, OAKDALE",RUNAWAY
OAKDALE POLICE DEPARTMENT,OAKDALE,5/21/2026 2:55:56 AM,OD26005968,"STILLWATER BLVD N / GENEVA AVE N, OAKDALE",TRAFFIC STOP
OAKDALE POLICE DEPARTMENT,OAKDALE,5/21/2026 8:13:16 AM,OD26005970,"3XXX  Hadley Ave N, OAKDALE",VEHICLE UNLOCK
OAKDALE POLICE DEPARTMENT,OAKDALE,5/21/2026 8:41:30 AM,OD26005971,"Unknown, OAKDALE",WELFARE CHECK
OAKDALE POLICE DEPARTMENT,OAKDALE,5/21/2026 9:41:21 AM,OD26005973,"6XXX  25th Street Cir N, OAKDALE",ANIMAL COMPLAINT
OAKDALE POLICE DEPARTMENT,OAKDALE,5/21/2026 10:47:32 AM,OD26005976,"1XXX  Granada Ave N, OAKDALE",DEATH INVESTIGATION
OAKDALE POLICE DEPARTMENT,OAKDALE,5/21/2026 11:00:48 AM,OD26005977,"7XXX  3RD ST N, OAKDALE",THEFT FROM MOTOR VEHICLE
OAKDALE POLICE DEPARTMENT,OAKDALE,5/21/2026 11:23:58 AM,OD26005983,"3XXX  GARDEN BLVD N, OAKDALE",HARASSMENT
OAKDALE POLICE DEPARTMENT,OAKDALE,5/21/2026 11:35:34 AM,OD26005985,"1XXX  Gentry Ave N, OAKDALE",VEHICLE TAMPERING
OAKDALE POLICE DEPARTMENT,OAKDALE,5/21/2026 11:43:14 AM,OD26005986,"1XXX  HALE AVE N, OAKDALE",ASSAULT
OAKDALE POLICE DEPARTMENT,OAKDALE,5/21/2026 12:20:22 PM,OD26005990,"6XXX  45th St N, OAKDALE",IDENTITY THEFT
OAKDALE POLICE DEPARTMENT,OAKDALE,5/21/2026 2:19:07 PM,OD26005998,"XX Ideal Ave N, OAKDALE",ANIMAL COMPLAINT
OAKDALE POLICE DEPARTMENT,OAKDALE,5/21/2026 2:57:28 PM,OD26006000,"5XXX  Hadley Ave N, OAKDALE",UNWANTED PERSON/VEHICLE
OAKDALE POLICE DEPARTMENT,OAKDALE,5/21/2026 3:01:06 PM,OD26006001,"17TH ST N / HADLEY AVE N, OAKDALE",TRAFFIC STOP
OAKDALE POLICE DEPARTMENT,OAKDALE,5/21/2026 3:44:57 PM,OD26006003,"2XXX  GROSPOINT AVE N, OAKDALE",FRAUD/SCAM
OAKDALE POLICE DEPARTMENT,OAKDALE,5/21/2026 3:47:57 PM,OD26006004,"Hadley Ave N / 55th St N, OAKDALE",TRAFFIC COMPLAINT
OAKDALE POLICE DEPARTMENT,OAKDALE,5/21/2026 3:56:00 PM,OD26006005,"3XXX  HADLEY AVE N, OAKDALE",TRAFFIC STOP
OAKDALE POLICE DEPARTMENT,OAKDALE,5/21/2026 4:36:10 PM,OD26006006,"6XXX  Lower 57th St N, OAKDALE",THEFT
OAKDALE POLICE DEPARTMENT,OAKDALE,5/21/2026 5:05:56 PM,OD26006008,"6XXX  15TH ST N, OAKDALE",HARASSMENT
OAKDALE POLICE DEPARTMENT,OAKDALE,5/21/2026 5:18:49 PM,OD26006010,"4XXX  Hadley Ave N, OAKDALE",SUSPICIOUS PERSON/ACTIVITY
OAKDALE POLICE DEPARTMENT,OAKDALE,5/21/2026 7:24:22 PM,OD26006011,"6XXX  Upper 5th St N, OAKDALE",ASSAULT
OAKDALE POLICE DEPARTMENT,OAKDALE,5/21/2026 8:25:20 PM,OD26006012,"7XXX  UPPER 17TH ST N, OAKDALE",911 ABANDONED/HANGUP/OPEN LINE
OAKDALE POLICE DEPARTMENT,OAKDALE,5/21/2026 10:11:11 PM,OD26006014,"7XXX  32nd St N, OAKDALE",SUSPICIOUS PERSON/ACTIVITY
OAKDALE POLICE DEPARTMENT,OAKDALE,5/21/2026 10:31:44 PM,OD26006015,"1XXX  Hadley Ave N, OAKDALE",WELFARE CHECK
OAKDALE POLICE DEPARTMENT,OAKDALE,5/21/2026 10:42:17 PM,OD26006016,"XXX Glenbrook Ave N, OAKDALE",PARK INCIDENT-CITY/COUNTY
OAKDALE POLICE DEPARTMENT,OAKDALE,5/21/2026 11:27:44 PM,OD26006017,"6XXX  52nd St N, OAKDALE",THREATS
OAKDALE POLICE DEPARTMENT,OAKDALE,5/21/2026 11:46:28 PM,OD26006018,"2XXX  Grenadier Ave N, OAKDALE",CITIZEN/PUBLIC ASSIST
OAKDALE POLICE DEPARTMENT,OAKDALE,5/22/2026 12:22:29 AM,OD26006019,"2XXX  GRENADIER AVE N, OAKDALE",FOLLOW UP
OAKDALE POLICE DEPARTMENT,OAKDALE,5/22/2026 2:51:38 AM,OD26006022,"I694 SB JSO 40TH ST N, OAKDALE",ASSIST OTHER AGENCY
OAKDALE POLICE DEPARTMENT,OAKDALE,5/22/2026 3:52:32 AM,OD26006023,"8XXX  3rd St N, OAKDALE",ALARM-BUSINESS/RES/FIRE/MEDICAL/ETC
OAKDALE POLICE DEPARTMENT,OAKDALE,5/22/2026 5:36:25 AM,OD26006026,"7XXX  13th St N, OAKDALE",911 ABANDONED/HANGUP/OPEN LINE
OAKDALE POLICE DEPARTMENT,OAKDALE,5/22/2026 5:51:25 AM,OD26006027,"3XXX  GARDEN BLVD N, OAKDALE",CIVIL MATTER/DISPUTE
OAKDALE POLICE DEPARTMENT,OAKDALE,5/22/2026 6:15:40 AM,OD26006029,"8XXX  3rd St N, OAKDALE",ALARM-BUSINESS/RES/FIRE/MEDICAL/ETC
OAKDALE POLICE DEPARTMENT,OAKDALE,5/22/2026 6:15:46 AM,OD26006028,"76XXX -BLK 13TH ST N, OAKDALE",OFFICER INFORMATION
OAKDALE POLICE DEPARTMENT,OAKDALE,5/22/2026 7:15:14 AM,OD26006031,"44th St N / Geneva Ave N, OAKDALE",ANIMAL COMPLAINT
OAKDALE POLICE DEPARTMENT,OAKDALE,5/22/2026 8:54:23 AM,OD26006033,"2XXX  Grenadier Ave N, OAKDALE",FOLLOW UP
OAKDALE POLICE DEPARTMENT,OAKDALE,5/22/2026 9:44:24 AM,OD26006035,"XXX GREENWAY AVE N, OAKDALE",DISTURBANCE
OAKDALE POLICE DEPARTMENT,OAKDALE,5/22/2026 11:00:17 AM,OD26006038,"1XXX  GLENBROOK AVE N, OAKDALE",VEHICLE TAMPERING
OAKDALE POLICE DEPARTMENT,OAKDALE,5/22/2026 1:26:24 PM,OD26006042,"7XXX  55th St N, OAKDALE",ALARM-BUSINESS/RES/FIRE/MEDICAL/ETC
OAKDALE POLICE DEPARTMENT,OAKDALE,5/22/2026 1:48:50 PM,OD26006043,"2XXX  Grange Ave N, OAKDALE",911 ABANDONED/HANGUP/OPEN LINE
OAKDALE POLICE DEPARTMENT,OAKDALE,5/22/2026 1:50:52 PM,OD26006044,"7XXX  Lower 11th St N, OAKDALE",ANIMAL COMPLAINT
OAKDALE POLICE DEPARTMENT,OAKDALE,5/22/2026 2:02:58 PM,OD26006045,"3XXX  GOODWIN AVE N, OAKDALE",WELFARE CHECK
OAKDALE POLICE DEPARTMENT,OAKDALE,5/22/2026 2:56:57 PM,OD26006046,"XXX HICKORY LN N, OAKDALE",THEFT FROM MOTOR VEHICLE
OAKDALE POLICE DEPARTMENT,OAKDALE,5/22/2026 3:13:30 PM,OD26006048,"7XXX  10th St N, OAKDALE",SUSPICIOUS PERSON/ACTIVITY
OAKDALE POLICE DEPARTMENT,OAKDALE,5/22/2026 3:46:20 PM,OD26006050,"I94 Wb To I694 Nb Ramp, OAKDALE",ASSIST OTHER AGENCY
OAKDALE POLICE DEPARTMENT,OAKDALE,5/22/2026 4:11:50 PM,OD26006051,"XXX GENEVA AVE N, OAKDALE",MEDICAL
OAKDALE POLICE DEPARTMENT,OAKDALE,5/22/2026 6:33:29 PM,OD26006055,"4XXX  HELENA RD N, OAKDALE",ASSIST OTHER AGENCY
OAKDALE POLICE DEPARTMENT,OAKDALE,5/22/2026 6:37:31 PM,OD26006056,"1XXX  HELMO AVE N, OAKDALE",CIVIL MATTER/DISPUTE
OAKDALE POLICE DEPARTMENT,OAKDALE,5/22/2026 6:46:09 PM,OD26006057,"HADLEY AVE N / 30TH ST N, OAKDALE",TRESPASSING
OAKDALE POLICE DEPARTMENT,OAKDALE,5/22/2026 7:21:21 PM,OD26006060,"4XXX  HADLEY AVE N, OAKDALE",TRAFFIC COMPLAINT
OAKDALE POLICE DEPARTMENT,OAKDALE,5/22/2026 7:54:44 PM,OD26006061,"3XXX  GARDEN BLVD N, OAKDALE",CIVIL MATTER/DISPUTE
OAKDALE POLICE DEPARTMENT,OAKDALE,5/22/2026 8:19:51 PM,OD26006062,"XXX GLENBROOK AVE N, OAKDALE",ACCIDENT
OAKDALE POLICE DEPARTMENT,OAKDALE,5/22/2026 8:33:27 PM,OD26006063,"7XXX  32nd St N, OAKDALE",UNWANTED PERSON/VEHICLE
OAKDALE POLICE DEPARTMENT,OAKDALE,5/22/2026 11:10:51 PM,OD26006065,"2XXX  Holly Ave N, OAKDALE",SUSPICIOUS PERSON/ACTIVITY
OAKDALE POLICE DEPARTMENT,OAKDALE,5/22/2026 11:53:39 PM,OD26006069,"XXX INWOOD AVE N, OAKDALE",TRAFFIC COMPLAINT
OAKDALE POLICE DEPARTMENT,OAKDALE,5/23/2026 1:29:10 AM,OD26006071,"4XXX  GENEVA AVE N, OAKDALE",TRAFFIC STOP
OAKDALE POLICE DEPARTMENT,OAKDALE,5/23/2026 1:38:52 AM,OD26006072,"4XXX  GENEVA AVE N, OAKDALE",TRAFFIC STOP
OAKDALE POLICE DEPARTMENT,OAKDALE,5/23/2026 1:46:32 AM,OD26006073,"6XXX  43rd St N, OAKDALE",TRAFFIC STOP
OAKDALE POLICE DEPARTMENT,OAKDALE,5/23/2026 2:45:17 AM,OD26006075,"6XXX  5TH STREET CT N, OAKDALE",WELFARE CHECK
OAKDALE POLICE DEPARTMENT,OAKDALE,5/23/2026 3:33:37 AM,OD26006077,"10th St N / Hadley Ave N, OAKDALE",TRAFFIC STOP
OAKDALE POLICE DEPARTMENT,OAKDALE,5/23/2026 3:43:33 AM,OD26006078,"XXX Helena Ave N, OAKDALE",VEHICLE TAMPERING
OAKDALE POLICE DEPARTMENT,OAKDALE,5/23/2026 4:34:44 AM,OD26006079,"3XXX  HADLEY AVE N, OAKDALE",TRAFFIC STOP
OAKDALE POLICE DEPARTMENT,OAKDALE,5/23/2026 6:49:10 AM,OD26006080,"2XXX  - 2061 GENEVA AVE N, OAKDALE",TRAFFIC STOP
OAKDALE POLICE DEPARTMENT,OAKDALE,5/23/2026 7:41:34 AM,OD26006081,"3XXX  Henna Ave N, OAKDALE",WELFARE CHECK
OAKDALE POLICE DEPARTMENT,OAKDALE,5/23/2026 9:16:02 AM,OD26006082,"4XXX  Gershwin Ave N, OAKDALE",PARKING VIOLATION
OAKDALE POLICE DEPARTMENT,OAKDALE,5/23/2026 10:08:11 AM,OD26006083,"XXX Grafton Ave N, OAKDALE",911 ABANDONED/HANGUP/OPEN LINE
OAKDALE POLICE DEPARTMENT,OAKDALE,5/23/2026 11:10:43 AM,OD26006084,"4XXX  Gershwin Ave N, OAKDALE",ANIMAL COMPLAINT
OAKDALE POLICE DEPARTMENT,OAKDALE,5/23/2026 11:47:54 AM,OD26006086,"3XXX  Gershwin Ave N, OAKDALE",ROBBERY
OAKDALE POLICE DEPARTMENT,OAKDALE,5/23/2026 11:48:05 AM,OD26006085,"4XXX  Heather Ridge Rd N, OAKDALE",MEDICAL
OAKDALE POLICE DEPARTMENT,OAKDALE,5/23/2026 1:23:03 PM,OD26006087,"3XXX  Helena Ave N, OAKDALE",911 ABANDONED/HANGUP/OPEN LINE
OAKDALE POLICE DEPARTMENT,OAKDALE,5/23/2026 3:09:58 PM,OD26006088,"6XXX  Hudson Blvd N, OAKDALE",MEDICAL
OAKDALE POLICE DEPARTMENT,OAKDALE,5/23/2026 3:28:38 PM,OD26006090,"1XXX  Glenbrook Ave N, OAKDALE",THEFT FROM MOTOR VEHICLE
OAKDALE POLICE DEPARTMENT,OAKDALE,5/23/2026 3:32:31 PM,OD26006091,"XX Greystone Ave N, OAKDALE",MEDICAL
OAKDALE POLICE DEPARTMENT,OAKDALE,5/23/2026 4:34:24 PM,OD26006092,"5XXX  HADLEY AVE N, OAKDALE",ALARM-BUSINESS/RES/FIRE/MEDICAL/ETC
OAKDALE POLICE DEPARTMENT,OAKDALE,5/23/2026 5:41:48 PM,OD26006093,"5XXX  HADLEY AVE N, OAKDALE",DRIVING COMPLAINT
OAKDALE POLICE DEPARTMENT,OAKDALE,5/23/2026 5:57:35 PM,OD26006094,"4XXX  Geneva Ave N, OAKDALE",NOISE COMPLAINT/DISTURBANCE
OAKDALE POLICE DEPARTMENT,OAKDALE,5/23/2026 6:41:48 PM,OD26006095,"6XXX  UPPER 56TH ST N, OAKDALE",DISTURBANCE
OAKDALE POLICE DEPARTMENT,OAKDALE,5/23/2026 6:49:59 PM,OD26006096,"XXX HALE AVE N, OAKDALE",FOUND PERSON
OAKDALE POLICE DEPARTMENT,OAKDALE,5/23/2026 6:56:00 PM,OD26006097,"1XXX  GENTRY AVE N, OAKDALE",WARRANT ARREST
OAKDALE POLICE DEPARTMENT,OAKDALE,5/23/2026 7:53:02 PM,OD26006099,"7XXX  47TH ST N, OAKDALE",WELFARE CHECK
OAKDALE POLICE DEPARTMENT,OAKDALE,5/23/2026 8:10:14 PM,OD26006100,"7XXX  51ST ST N, OAKDALE",CIVIL MATTER/DISPUTE
OAKDALE POLICE DEPARTMENT,OAKDALE,5/23/2026 9:03:46 PM,OD26006102,"1XXX  Gentry Ave N, OAKDALE",DISTURBANCE
OAKDALE POLICE DEPARTMENT,OAKDALE,5/23/2026 9:10:26 PM,OD26006104,"1XXX  HELMO AVE N, OAKDALE",911 ABANDONED/HANGUP/OPEN LINE
OAKDALE POLICE DEPARTMENT,OAKDALE,5/23/2026 10:06:23 PM,OD26006107,"5XXX  GENEVA AVE N, OAKDALE",TRAFFIC STOP
OAKDALE POLICE DEPARTMENT,OAKDALE,5/23/2026 10:07:46 PM,OD26006108,"6XXX  Gretchen Ln N, OAKDALE",DISTURBANCE
OAKDALE POLICE DEPARTMENT,OAKDALE,5/23/2026 10:25:24 PM,OD26006109,"1XXX  HADLEY AVE N, OAKDALE",TRAFFIC COMPLAINT
OAKDALE POLICE DEPARTMENT,OAKDALE,5/23/2026 10:35:07 PM,OD26006110,"7XXX  10TH ST N, OAKDALE",TRAFFIC STOP
OAKDALE POLICE DEPARTMENT,OAKDALE,5/23/2026 10:55:50 PM,OD26006112,"10TH ST N / GRANADA AVE N, OAKDALE",TRAFFIC STOP
OAKDALE POLICE DEPARTMENT,OAKDALE,5/23/2026 10:59:17 PM,OD26006113,"1XXX  - 1051 HADLEY AVE N, OAKDALE",TRAFFIC STOP
OAKDALE POLICE DEPARTMENT,OAKDALE,5/23/2026 11:09:39 PM,OD26006114,"4XXX  GENEVA AVE N, OAKDALE",TRAFFIC STOP
OAKDALE POLICE DEPARTMENT,OAKDALE,5/23/2026 11:22:34 PM,OD26006115,"1XXX  - 1799 GRANADA AVE N, OAKDALE",TRAFFIC STOP
OAKDALE POLICE DEPARTMENT,WOODBURY,5/18/2026 4:55:03 PM,OD26005852,"I94 Wb Jeo Inwood Ave N, WOODBURY",TRAFFIC COMPLAINT
ST. PAUL PARK POLICE DEPARTMENT,COTTAGE GROVE,5/23/2026 11:27:19 AM,SP26004040,"HINTON AVE S / 65TH ST S, COTTAGE GROVE",ASSIST OTHER AGENCY
ST. PAUL PARK POLICE DEPARTMENT,SAINT PAUL PARK,5/17/2026 1:11:16 PM,SP26003880,"Summit Ave Over Hwy 61, SAINT PAUL PARK",ACCIDENT
ST. PAUL PARK POLICE DEPARTMENT,SAINT PAUL PARK,5/18/2026 10:33:38 AM,SP26003893,"1XXX  5th St, SAINT PAUL PARK",OFP VIOLATION
ST. PAUL PARK POLICE DEPARTMENT,SAINT PAUL PARK,5/18/2026 10:59:19 AM,SP26003894,"9TH AVE / 3RD ST, SAINT PAUL PARK",ACCIDENT
ST. PAUL PARK POLICE DEPARTMENT,SAINT PAUL PARK,5/19/2026 12:00:00 AM,SP26003944,"XXX HASTINGS AVE, SAINT PAUL PARK",WARRANT ARREST
ST. PAUL PARK POLICE DEPARTMENT,SAINT PAUL PARK,5/19/2026 10:01:35 PM,SP26003945,"XXX 3rd St, SAINT PAUL PARK",THEFT
ST. PAUL PARK POLICE DEPARTMENT,SAINT PAUL PARK,5/19/2026 11:09:50 PM,SP26003946,"1XXX  Laurel Ave, SAINT PAUL PARK",ORDINANCE VIOLATION
ST. PAUL PARK POLICE DEPARTMENT,SAINT PAUL PARK,5/21/2026 8:32:01 AM,SP26003975,"XXX Hastings Ave, SAINT PAUL PARK",SUSPICIOUS PERSON/ACTIVITY
ST. PAUL PARK POLICE DEPARTMENT,SAINT PAUL PARK,5/21/2026 10:36:39 AM,SP26003977,"Pleasant Ave / 7th Ave, SAINT PAUL PARK",HARASSMENT
ST. PAUL PARK POLICE DEPARTMENT,SAINT PAUL PARK,5/22/2026 7:02:07 AM,SP26003996,"70th St S / Hwy 61 Nb To 70th St S Ramp, SAINT PAUL PARK",ACCIDENT
ST. PAUL PARK POLICE DEPARTMENT,SAINT PAUL PARK,5/22/2026 5:50:07 PM,SP26004013,"XXX Broadway Ave, SAINT PAUL PARK",CHILD CUSTODY
ST. PAUL PARK POLICE DEPARTMENT,SAINT PAUL PARK,5/23/2026 6:28:46 PM,SP26004050,"1XXX  Laurel Ave, SAINT PAUL PARK",DISTURBANCE
STILLWATER POLICE DEPARTMENT,MAHTOMEDI,5/17/2026 2:38:52 PM,SW26004102,"XXX Wildwood Rd, MAHTOMEDI",ASSIST OTHER AGENCY
STILLWATER POLICE DEPARTMENT,OAK PARK HEIGHTS,5/17/2026 10:31:36 PM,SW26004124,"14XXX  60TH ST N, OAK PARK HEIGHTS",MEDICAL
STILLWATER POLICE DEPARTMENT,OAK PARK HEIGHTS,5/18/2026 12:23:09 AM,SW26004126,"5XXX  OLDFIELD AVE N, OAK PARK HEIGHTS",ASSIST OTHER AGENCY
STILLWATER POLICE DEPARTMENT,OAK PARK HEIGHTS,5/21/2026 5:20:24 PM,SW26004247,"Saint Croix Crossing Bridge: Hwy 36 Eb - Mn, OAK PARK HEIGHTS",ASSIST OTHER AGENCY
STILLWATER POLICE DEPARTMENT,OAK PARK HEIGHTS,5/21/2026 10:30:57 PM,SW26004255,"HWY 36 WB JWO GREELEY ST S, OAK PARK HEIGHTS",ASSIST OTHER AGENCY
STILLWATER POLICE DEPARTMENT,STILLWATER,5/17/2026 12:32:46 AM,SW26004090,"XXX WATER ST S, STILLWATER",DISORDERLY CONDUCT
STILLWATER POLICE DEPARTMENT,STILLWATER,5/17/2026 12:38:35 AM,SW26004091,"XXX WATER ST S, STILLWATER",TRESPASSING
STILLWATER POLICE DEPARTMENT,STILLWATER,5/17/2026 3:27:57 AM,SW26004092,"2XXX  Cottage Dr, STILLWATER",UNWANTED PERSON/VEHICLE
STILLWATER POLICE DEPARTMENT,STILLWATER,5/17/2026 4:01:58 AM,SW26004093,"2XXX  Cottage Dr, STILLWATER",FOLLOW UP
STILLWATER POLICE DEPARTMENT,STILLWATER,5/17/2026 9:33:24 AM,SW26004097,"3rd St N / Myrtle St W, STILLWATER",DRIVING COMPLAINT
STILLWATER POLICE DEPARTMENT,STILLWATER,5/17/2026 11:22:48 AM,SW26004098,"1XXX  Owens St N, STILLWATER",MEDICAL
STILLWATER POLICE DEPARTMENT,STILLWATER,5/17/2026 12:55:49 PM,SW26004100,"2XXX  ORLEANS ST W, STILLWATER",CIVIL MATTER/DISPUTE
STILLWATER POLICE DEPARTMENT,STILLWATER,5/17/2026 1:25:00 PM,SW26004101,"2XXX  Orleans St W, STILLWATER",MEDICAL
STILLWATER POLICE DEPARTMENT,STILLWATER,5/17/2026 3:32:10 PM,SW26004104,"XXX Oak St W, STILLWATER",ACCIDENT
STILLWATER POLICE DEPARTMENT,STILLWATER,5/17/2026 4:45:55 PM,SW26004105,"XXX Bridgewater Way, STILLWATER",MEDICAL
STILLWATER POLICE DEPARTMENT,STILLWATER,5/17/2026 5:17:00 PM,SW26004108,"GREELEY ST S & ORLEANS ST W, STILLWATER",TRAFFIC STOP
STILLWATER POLICE DEPARTMENT,STILLWATER,5/17/2026 5:26:05 PM,SW26004109,"2XXX  Hidden Valley Ln, STILLWATER",CITIZEN/PUBLIC ASSIST
STILLWATER POLICE DEPARTMENT,STILLWATER,5/17/2026 5:42:03 PM,SW26004110,"2XXX  Market Dr, STILLWATER",CITIZEN/PUBLIC ASSIST
STILLWATER POLICE DEPARTMENT,STILLWATER,5/17/2026 6:04:54 PM,SW26004111,"1XXX  6th Ave S, STILLWATER",CHILD CUSTODY
STILLWATER POLICE DEPARTMENT,STILLWATER,5/17/2026 6:08:53 PM,SW26004112,"2XXX  Orleans St W, STILLWATER",ACCIDENT
STILLWATER POLICE DEPARTMENT,STILLWATER,5/17/2026 7:21:55 PM,SW26004114," 0 ADDRESS UNKNOWN   , STILLWATER",CIVIL MATTER/DISPUTE
STILLWATER POLICE DEPARTMENT,STILLWATER,5/17/2026 7:50:48 PM,SW26004116,"XXX 2ND ST N, STILLWATER",DUMPING COMPLAINT
STILLWATER POLICE DEPARTMENT,STILLWATER,5/17/2026 9:28:40 PM,SW26004123,"1XXX  Owens St N, STILLWATER",MEDICAL
STILLWATER POLICE DEPARTMENT,STILLWATER,5/17/2026 11:39:14 PM,SW26004125,"14XXX  62ND ST N, STILLWATER",NOISE COMPLAINT/DISTURBANCE
STILLWATER POLICE DEPARTMENT,STILLWATER,5/18/2026 12:00:00 AM,SW26004157,"MYRTLE ST E / 2ND ST N, STILLWATER",ACCIDENT
STILLWATER POLICE DEPARTMENT,STILLWATER,5/18/2026 2:25:09 AM,SW26004127,"1XXX  Market Dr, STILLWATER",ALARM-BUSINESS/RES/FIRE/MEDICAL/ETC
STILLWATER POLICE DEPARTMENT,STILLWATER,5/18/2026 2:42:04 AM,SW26004128,"XXX Main St N, STILLWATER",MEDICAL
STILLWATER POLICE DEPARTMENT,STILLWATER,5/18/2026 8:38:17 AM,SW26004130,"1XXX  Cottage Dr, STILLWATER",ANIMAL COMPLAINT
STILLWATER POLICE DEPARTMENT,STILLWATER,5/18/2026 9:04:54 AM,SW26004133,"2XXX  Nightingale Ct, STILLWATER",MEDICAL
STILLWATER POLICE DEPARTMENT,STILLWATER,5/18/2026 9:28:41 AM,SW26004134,"XXX 6th St S, STILLWATER",MISSING PERSON
STILLWATER POLICE DEPARTMENT,STILLWATER,5/18/2026 10:21:28 AM,SW26004135,"1XXX  Heifort Ct, STILLWATER",ANIMAL COMPLAINT
STILLWATER POLICE DEPARTMENT,STILLWATER,5/18/2026 10:53:42 AM,SW26004136,"1XXX  Greeley St S, STILLWATER",BURGLARY
STILLWATER POLICE DEPARTMENT,STILLWATER,5/18/2026 11:16:40 AM,SW26004138,"XXX Lake Dr, STILLWATER",ANIMAL COMPLAINT
STILLWATER POLICE DEPARTMENT,STILLWATER,5/18/2026 11:17:35 AM,SW26004137,"XXX Olive St W, STILLWATER",ACCIDENT
STILLWATER POLICE DEPARTMENT,STILLWATER,5/18/2026 12:10:32 PM,SW26004140,"XXX Maple St W, STILLWATER",ANIMAL COMPLAINT
STILLWATER POLICE DEPARTMENT,STILLWATER,5/18/2026 12:13:01 PM,SW26004141,"XXX Water St S, STILLWATER",911 ABANDONED/HANGUP/OPEN LINE
STILLWATER POLICE DEPARTMENT,STILLWATER,5/18/2026 12:27:45 PM,SW26004142,"HWY 36/GREELEY ST S, STILLWATER",ACCIDENT
STILLWATER POLICE DEPARTMENT,STILLWATER,5/18/2026 1:02:36 PM,SW26004143,"2XXX  Van Tassel Ct, STILLWATER",MEDICAL
STILLWATER POLICE DEPARTMENT,STILLWATER,5/18/2026 1:58:51 PM,SW26004144,"XXX Greeley St S, STILLWATER",MEDICAL
STILLWATER POLICE DEPARTMENT,STILLWATER,5/18/2026 2:45:00 PM,SW26004145,"2XXX  Market Dr, STILLWATER",DISTURBANCE
STILLWATER POLICE DEPARTMENT,STILLWATER,5/18/2026 3:09:03 PM,SW26004146,"2XXX  Long Lake Dr, STILLWATER",SUSPICIOUS PERSON/ACTIVITY
STILLWATER POLICE DEPARTMENT,STILLWATER,5/18/2026 3:23:36 PM,SW26004147,"1XXX  Orleans St W, STILLWATER",SUSPICIOUS PERSON/ACTIVITY
STILLWATER POLICE DEPARTMENT,STILLWATER,5/18/2026 3:52:33 PM,SW26004150,"1XXX  Frontage Rd W, STILLWATER",FAMILY ASSIST
STILLWATER POLICE DEPARTMENT,STILLWATER,5/18/2026 4:06:50 PM,SW26004151,"XXX Owens St N, STILLWATER",ANIMAL COMPLAINT
STILLWATER POLICE DEPARTMENT,STILLWATER,5/18/2026 5:54:22 PM,SW26004152,"XXX Chestnut St E, STILLWATER",CITIZEN/PUBLIC ASSIST
STILLWATER POLICE DEPARTMENT,STILLWATER,5/18/2026 6:00:25 PM,SW26004153,"1XXX  Market Dr., STILLWATER",HARASSMENT
STILLWATER POLICE DEPARTMENT,STILLWATER,5/18/2026 7:07:07 PM,SW26004154,"2XXX  Fairlawn Dr, STILLWATER",CHILD CUSTODY
STILLWATER POLICE DEPARTMENT,STILLWATER,5/18/2026 7:58:23 PM,SW26004155,"1XXX  Bergmann Dr, STILLWATER",CHILD CUSTODY
STILLWATER POLICE DEPARTMENT,STILLWATER,5/18/2026 8:10:23 PM,SW26004156,"14XXX  62nd St N, STILLWATER",DRIVING COMPLAINT
STILLWATER POLICE DEPARTMENT,STILLWATER,5/19/2026 8:43:47 AM,SW26004161,"XXX 4TH ST N, STILLWATER",HARASSMENT
STILLWATER POLICE DEPARTMENT,STILLWATER,5/19/2026 9:29:10 AM,SW26004162,"Wilkins St W / Martha St N, STILLWATER",TRAFFIC COMPLAINT
STILLWATER POLICE DEPARTMENT,STILLWATER,5/19/2026 11:08:01 AM,SW26004163,"XXX Edgewood Ave, STILLWATER",MEDICAL
STILLWATER POLICE DEPARTMENT,STILLWATER,5/19/2026 11:31:31 AM,SW26004164,"Mulberry St E / Main St N, STILLWATER",CITIZEN/PUBLIC ASSIST
STILLWATER POLICE DEPARTMENT,STILLWATER,5/19/2026 11:35:39 AM,SW26004165,"XXX Olive St W, STILLWATER",NOISE COMPLAINT/DISTURBANCE
STILLWATER POLICE DEPARTMENT,STILLWATER,5/19/2026 12:09:26 PM,SW26004167,"1XXX  Curve Crest Blvd W, STILLWATER",MEDICAL
STILLWATER POLICE DEPARTMENT,STILLWATER,5/19/2026 12:19:11 PM,SW26004168,"14XXX  62nd St N, STILLWATER",ASSIST OTHER AGENCY
STILLWATER POLICE DEPARTMENT,STILLWATER,5/19/2026 1:05:00 PM,SW26004169,"6XXX  Osman Ave N, STILLWATER",VEHICLE UNLOCK
STILLWATER POLICE DEPARTMENT,STILLWATER,5/19/2026 1:12:00 PM,SW26004170,"1XXX  MARKET DR, STILLWATER",WARRANT ARREST
STILLWATER POLICE DEPARTMENT,STILLWATER,5/19/2026 2:20:31 PM,SW26004173,"2XXX  Orleans St W, STILLWATER",VEHICLE UNLOCK
STILLWATER POLICE DEPARTMENT,STILLWATER,5/19/2026 3:25:20 PM,SW26004175,"2XXX  Curve Crest Blvd, STILLWATER",911 ABANDONED/HANGUP/OPEN LINE
STILLWATER POLICE DEPARTMENT,STILLWATER,5/19/2026 3:38:38 PM,SW26004176,"XXX 4th St N, STILLWATER",PARKING COMPLAINT
STILLWATER POLICE DEPARTMENT,STILLWATER,5/19/2026 3:55:39 PM,SW26004177,"Chestnut St E / Union Aly, STILLWATER",PARKING COMPLAINT
STILLWATER POLICE DEPARTMENT,STILLWATER,5/19/2026 4:28:09 PM,SW26004179,"13XXX  Dellwood Rd N, STILLWATER",CITIZEN/PUBLIC ASSIST
STILLWATER POLICE DEPARTMENT,STILLWATER,5/19/2026 4:52:00 PM,SW26004180,"2XXX  MARKET DR, STILLWATER",SHOPLIFTING
STILLWATER POLICE DEPARTMENT,STILLWATER,5/19/2026 7:09:14 PM,SW26004181,"1XXX  Greeley St S, STILLWATER",911 ABANDONED/HANGUP/OPEN LINE
STILLWATER POLICE DEPARTMENT,STILLWATER,5/19/2026 8:13:05 PM,SW26004182,"XXX Marsh St W, STILLWATER",FOUND PROPERTY/ITEM
STILLWATER POLICE DEPARTMENT,STILLWATER,5/19/2026 9:17:35 PM,SW26004184,"XXX Churchill St W, STILLWATER",WELFARE CHECK
STILLWATER POLICE DEPARTMENT,STILLWATER,5/19/2026 11:44:18 PM,SW26004186,"XXX Churchill St W, STILLWATER",MEDICAL
STILLWATER POLICE DEPARTMENT,STILLWATER,5/20/2026 5:34:19 AM,SW26004187,"2XXX  Saddle Ct, STILLWATER",MEDICAL
STILLWATER POLICE DEPARTMENT,STILLWATER,5/20/2026 8:21:24 AM,SW26004188,"1XXX  Olive St W, STILLWATER",WELFARE CHECK
STILLWATER POLICE DEPARTMENT,STILLWATER,5/20/2026 9:48:45 AM,SW26004190,"2XXX  Orleans St W, STILLWATER",PROPERTY DAMAGE
STILLWATER POLICE DEPARTMENT,STILLWATER,5/20/2026 11:33:24 AM,SW26004194,"XXX Linden St W, STILLWATER",CITIZEN/PUBLIC ASSIST
STILLWATER POLICE DEPARTMENT,STILLWATER,5/20/2026 12:22:34 PM,SW26004198,"XXX Linden St W, STILLWATER",DISTURBANCE
STILLWATER POLICE DEPARTMENT,STILLWATER,5/20/2026 12:27:36 PM,SW26004199,"1XXX  Market Dr, STILLWATER",UNWANTED PERSON/VEHICLE
STILLWATER POLICE DEPARTMENT,STILLWATER,5/20/2026 1:40:25 PM,SW26004200,"1XXX  OAK GLEN TRL, STILLWATER",ANIMAL COMPLAINT
STILLWATER POLICE DEPARTMENT,STILLWATER,5/20/2026 2:26:00 PM,SW26004201,"XXX MARSH ST W, STILLWATER",FOUND PROPERTY/ITEM
STILLWATER POLICE DEPARTMENT,STILLWATER,5/20/2026 2:37:00 PM,SW26004202,"XXX OWENS ST N, STILLWATER",ACCIDENT
STILLWATER POLICE DEPARTMENT,STILLWATER,5/20/2026 3:13:05 PM,SW26004203,"2XXX  HIDDEN VALLEY LN, STILLWATER",CIVIL MATTER/DISPUTE
STILLWATER POLICE DEPARTMENT,STILLWATER,5/20/2026 3:56:00 PM,SW26004205,"STILLWATER BLVD N, STILLWATER",TRAFFIC STOP
STILLWATER POLICE DEPARTMENT,STILLWATER,5/20/2026 4:33:00 PM,SW26004206,"1XXX  - 1301 ORLEANS ST W, STILLWATER",TRAFFIC STOP
STILLWATER POLICE DEPARTMENT,STILLWATER,5/20/2026 4:45:02 PM,SW26004207,"XXX Churchill St W, STILLWATER",911 ABANDONED/HANGUP/OPEN LINE
STILLWATER POLICE DEPARTMENT,STILLWATER,5/20/2026 5:29:27 PM,SW26004210,"2XXX  Orleans St W, STILLWATER",FAMILY ASSIST
STILLWATER POLICE DEPARTMENT,STILLWATER,5/20/2026 5:35:33 PM,SW26004211,"2XXX  Orleans St W, STILLWATER",911 ABANDONED/HANGUP/OPEN LINE
STILLWATER POLICE DEPARTMENT,STILLWATER,5/20/2026 6:24:45 PM,SW26004213,"XXX 3rd St S, STILLWATER",ALARM-BUSINESS/RES/FIRE/MEDICAL/ETC
STILLWATER POLICE DEPARTMENT,STILLWATER,5/20/2026 6:42:07 PM,SW26004214,"XXX 3rd St N, STILLWATER",THEFT
STILLWATER POLICE DEPARTMENT,STILLWATER,5/20/2026 7:28:50 PM,SW26004215,"2XXX  MARKET DR, STILLWATER",FOLLOW UP
STILLWATER POLICE DEPARTMENT,STILLWATER,5/20/2026 8:22:39 PM,SW26004216,"1XXX  Greeley St S, STILLWATER",FOUND PROPERTY/ITEM
STILLWATER POLICE DEPARTMENT,STILLWATER,5/20/2026 10:27:04 PM,SW26004218," 0 ADDRESS UNKNOWN   , STILLWATER",FOLLOW UP
STILLWATER POLICE DEPARTMENT,STILLWATER,5/21/2026 4:20:28 AM,SW26004219,"1XXX  Frontage Rd W, STILLWATER",MOTOR VEHICLE THEFT
STILLWATER POLICE DEPARTMENT,STILLWATER,5/21/2026 8:13:09 AM,SW26004220,"XXX MAIN ST S, STILLWATER",BURGLARY
STILLWATER POLICE DEPARTMENT,STILLWATER,5/21/2026 8:30:46 AM,SW26004221,"Everett St N / Aspen St W, STILLWATER",FIRE
STILLWATER POLICE DEPARTMENT,STILLWATER,5/21/2026 8:41:18 AM,SW26004222,"5th St N / Hickory St W, STILLWATER",FIRE
STILLWATER POLICE DEPARTMENT,STILLWATER,5/21/2026 9:19:40 AM,SW26004223,"14XXX  60th St N, STILLWATER",DRIVING COMPLAINT
STILLWATER POLICE DEPARTMENT,STILLWATER,5/21/2026 9:24:30 AM,SW26004225,"Unknown, STILLWATER",CITIZEN/PUBLIC ASSIST
STILLWATER POLICE DEPARTMENT,STILLWATER,5/21/2026 9:31:51 AM,SW26004224,"XXX Main St N, STILLWATER",LOCKOUT
STILLWATER POLICE DEPARTMENT,STILLWATER,5/21/2026 12:00:35 PM,SW26004230,"XXX Owens St N, STILLWATER",ALARM-BUSINESS/RES/FIRE/MEDICAL/ETC
STILLWATER POLICE DEPARTMENT,STILLWATER,5/21/2026 12:07:28 PM,SW26004231,"XXX Churchill St W, STILLWATER",LOST PROPERTY/ITEM
STILLWATER POLICE DEPARTMENT,STILLWATER,5/21/2026 12:18:36 PM,SW26004232,"XXX Churchill St W, STILLWATER",FOUND PROPERTY/ITEM
STILLWATER POLICE DEPARTMENT,STILLWATER,5/21/2026 1:56:13 PM,SW26004235,"1XXX  Orleans St W, STILLWATER",CIVIL MATTER/DISPUTE
STILLWATER POLICE DEPARTMENT,STILLWATER,5/21/2026 3:14:07 PM,SW26004237,"XXX Greeley St S, STILLWATER",MEDICAL
STILLWATER POLICE DEPARTMENT,STILLWATER,5/21/2026 4:03:07 PM,SW26004242,"XXX 3rd St S, STILLWATER",HARASSMENT
STILLWATER POLICE DEPARTMENT,STILLWATER,5/21/2026 4:21:03 PM,SW26004243,"1XXX  Settlers Ave, STILLWATER",ANIMAL BITE
STILLWATER POLICE DEPARTMENT,STILLWATER,5/21/2026 6:30:57 PM,SW26004249,"1XXX  Lydia Cir, STILLWATER",FOUND PROPERTY/ITEM
STILLWATER POLICE DEPARTMENT,STILLWATER,5/21/2026 8:24:53 PM,SW26004251,"XXX 2nd St N, STILLWATER",CITIZEN/PUBLIC ASSIST
STILLWATER POLICE DEPARTMENT,STILLWATER,5/21/2026 8:38:00 PM,SW26004253,"PINE ST W & CENTER ST S, STILLWATER",TRAFFIC STOP
STILLWATER POLICE DEPARTMENT,STILLWATER,5/21/2026 11:30:56 PM,SW26004258,"15XXX  60th St N, STILLWATER",OVERDOSE
STILLWATER POLICE DEPARTMENT,STILLWATER,5/21/2026 11:58:16 PM,SW26004259,"15XXX  60th St N, STILLWATER",OVERDOSE
STILLWATER POLICE DEPARTMENT,STILLWATER,5/22/2026 12:52:21 AM,SW26004262,"XXX Greeley St S, STILLWATER",MEDICAL
STILLWATER POLICE DEPARTMENT,STILLWATER,5/22/2026 2:33:08 AM,SW26004265,"1XXX  Tuenge Dr, STILLWATER",MEDICAL
STILLWATER POLICE DEPARTMENT,STILLWATER,5/22/2026 3:03:28 AM,SW26004266,"14XXX  62nd St N, STILLWATER",OVERDOSE
STILLWATER POLICE DEPARTMENT,STILLWATER,5/22/2026 5:29:07 AM,SW26004267,"1XXX  Cottage Dr, STILLWATER",MEDICAL
STILLWATER POLICE DEPARTMENT,STILLWATER,5/22/2026 7:22:17 AM,SW26004268,"Greeley St S / Curve Crest Blvd, STILLWATER",TRAFFIC COMPLAINT
STILLWATER POLICE DEPARTMENT,STILLWATER,5/22/2026 7:30:50 AM,SW26004269,"Myrtle St E / Main St N, STILLWATER",ACCIDENT
STILLWATER POLICE DEPARTMENT,STILLWATER,5/22/2026 8:40:16 AM,SW26004271,"Unknown, STILLWATER",CITIZEN/PUBLIC ASSIST
STILLWATER POLICE DEPARTMENT,STILLWATER,5/22/2026 10:26:44 AM,SW26004274,"1XXX  Curve Crest Blvd W, STILLWATER",MEDICAL
STILLWATER POLICE DEPARTMENT,STILLWATER,5/22/2026 10:34:54 AM,SW26004276,"1XXX  Curve Crest Blvd, STILLWATER",LOCKOUT
STILLWATER POLICE DEPARTMENT,STILLWATER,5/22/2026 10:41:50 AM,SW26004277,"1XXX  Greeley St S, STILLWATER",SUSPICIOUS PERSON/ACTIVITY
STILLWATER POLICE DEPARTMENT,STILLWATER,5/22/2026 11:04:11 AM,SW26004278,"XXX Main St S, STILLWATER",UNWANTED PERSON/VEHICLE
STILLWATER POLICE DEPARTMENT,STILLWATER,5/22/2026 12:46:01 PM,SW26004280,"XXX 4TH ST N, STILLWATER",CITIZEN/PUBLIC ASSIST
STILLWATER POLICE DEPARTMENT,STILLWATER,5/22/2026 1:01:37 PM,SW26004282,"XXX Pine Tree Trl, STILLWATER",911 ABANDONED/HANGUP/OPEN LINE
STILLWATER POLICE DEPARTMENT,STILLWATER,5/22/2026 1:01:40 PM,SW26004281,"1XXX  Cottage Dr, STILLWATER",MEDICAL
STILLWATER POLICE DEPARTMENT,STILLWATER,5/22/2026 1:09:42 PM,SW26004283,"1XXX  Curve Crest Blvd W, STILLWATER",911 ABANDONED/HANGUP/OPEN LINE
STILLWATER POLICE DEPARTMENT,STILLWATER,5/22/2026 1:31:38 PM,SW26004284,"XXX BRICK ST S, STILLWATER",911 ABANDONED/HANGUP/OPEN LINE
STILLWATER POLICE DEPARTMENT,STILLWATER,5/22/2026 1:34:04 PM,SW26004285,"XXX Linden St W, STILLWATER",CITIZEN/PUBLIC ASSIST
STILLWATER POLICE DEPARTMENT,STILLWATER,5/22/2026 1:45:40 PM,SW26004286,"3XXX  Summer Fields Ct, STILLWATER",ASSIST OTHER AGENCY
STILLWATER POLICE DEPARTMENT,STILLWATER,5/22/2026 2:07:22 PM,SW26004287,"1XXX  Everett St S, STILLWATER",CITIZEN/PUBLIC ASSIST
STILLWATER POLICE DEPARTMENT,STILLWATER,5/22/2026 3:16:41 PM,SW26004289,"Osgood Ave N / 62nd St N, STILLWATER",RECOVERED STOLEN
STILLWATER POLICE DEPARTMENT,STILLWATER,5/22/2026 4:27:27 PM,SW26004290,"XXX 3rd St S, STILLWATER",911 ABANDONED/HANGUP/OPEN LINE
STILLWATER POLICE DEPARTMENT,STILLWATER,5/22/2026 5:08:55 PM,SW26004291,"Chestnut St E / Water St S, STILLWATER",DIRECTED PATROL
STILLWATER POLICE DEPARTMENT,STILLWATER,5/22/2026 5:22:03 PM,SW26004293,"Stillwater Blvd N / Pine St W, STILLWATER",CITIZEN/PUBLIC ASSIST
STILLWATER POLICE DEPARTMENT,STILLWATER,5/22/2026 5:30:44 PM,SW26004294,"1XXX  Martha St S, STILLWATER",FOUND PROPERTY/ITEM
STILLWATER POLICE DEPARTMENT,STILLWATER,5/22/2026 6:19:29 PM,SW26004295,"1XXX  Curve Crest Blvd, STILLWATER",MEDICAL
STILLWATER POLICE DEPARTMENT,STILLWATER,5/22/2026 6:46:08 PM,SW26004296,"1XXX  Owens St N, STILLWATER",MEDICAL
STILLWATER POLICE DEPARTMENT,STILLWATER,5/22/2026 8:13:43 PM,SW26004297,"XXX Marsh St W, STILLWATER",CITIZEN/PUBLIC ASSIST
STILLWATER POLICE DEPARTMENT,STILLWATER,5/22/2026 8:16:37 PM,SW26004298,"2XXX  Orleans St W, STILLWATER",SUSPICIOUS PERSON/ACTIVITY
STILLWATER POLICE DEPARTMENT,STILLWATER,5/22/2026 8:59:49 PM,SW26004299,"XXX Linden St W, STILLWATER",DEATH
STILLWATER POLICE DEPARTMENT,STILLWATER,5/22/2026 9:09:34 PM,SW26004301,"XXX Bridgewater Way, STILLWATER",911 ABANDONED/HANGUP/OPEN LINE
STILLWATER POLICE DEPARTMENT,STILLWATER,5/22/2026 9:17:39 PM,SW26004300,"2XXX  Market Dr, STILLWATER",SUSPICIOUS PERSON/ACTIVITY
STILLWATER POLICE DEPARTMENT,STILLWATER,5/22/2026 10:51:19 PM,SW26004302,"XXX Main St S, STILLWATER",SUSPICIOUS PERSON/ACTIVITY
STILLWATER POLICE DEPARTMENT,STILLWATER,5/23/2026 12:40:46 AM,SW26004305,"XXX Water St S, STILLWATER",SUSPICIOUS PERSON/ACTIVITY
STILLWATER POLICE DEPARTMENT,STILLWATER,5/23/2026 1:48:03 AM,SW26004309,"XXX MAIN ST S, STILLWATER",OPEN DOOR/WINDOW
STILLWATER POLICE DEPARTMENT,STILLWATER,5/23/2026 2:23:00 AM,SW26004313,"1XXX  - 1129 2ND ST N, STILLWATER",UNDERAGE DRINKING
STILLWATER POLICE DEPARTMENT,STILLWATER,5/23/2026 2:28:00 AM,sw26004314,"Stillwater Blvd/Orleans St W, STILLWATER",TRAFFIC STOP
STILLWATER POLICE DEPARTMENT,STILLWATER,5/23/2026 5:26:09 AM,SW26004315,"XXX Chestnut St E, STILLWATER",CIVIL MATTER/DISPUTE
STILLWATER POLICE DEPARTMENT,STILLWATER,5/23/2026 8:54:36 AM,SW26004317,"Laurel St W / Maple St W, STILLWATER",MEDICAL
STILLWATER POLICE DEPARTMENT,STILLWATER,5/23/2026 9:25:54 AM,SW26004318,"Unknown, STILLWATER",CITIZEN/PUBLIC ASSIST
STILLWATER POLICE DEPARTMENT,STILLWATER,5/23/2026 10:01:25 AM,SW26004320,"XXX Main St S, STILLWATER",CITIZEN/PUBLIC ASSIST
STILLWATER POLICE DEPARTMENT,STILLWATER,5/23/2026 10:13:50 AM,SW26004321,"2XXX  Orleans St W, STILLWATER",CITIZEN/PUBLIC ASSIST
STILLWATER POLICE DEPARTMENT,STILLWATER,5/23/2026 10:33:59 AM,SW26004322,"XXX Union Alley, STILLWATER",DISTURBANCE
STILLWATER POLICE DEPARTMENT,STILLWATER,5/23/2026 10:50:26 AM,SW26004325,"XXX 4TH ST N, STILLWATER",CITIZEN/PUBLIC ASSIST
STILLWATER POLICE DEPARTMENT,STILLWATER,5/23/2026 10:53:19 AM,SW26004323,"1XXX  Market Dr, STILLWATER",SUSPICIOUS PERSON/ACTIVITY
STILLWATER POLICE DEPARTMENT,STILLWATER,5/23/2026 10:55:17 AM,SW26004324,"XXX Owens St N, STILLWATER",MEDICAL
STILLWATER POLICE DEPARTMENT,STILLWATER,5/23/2026 11:11:00 AM,SW26004326,"XXX 4TH ST N, STILLWATER",PARKING INFORMATION
STILLWATER POLICE DEPARTMENT,STILLWATER,5/23/2026 11:25:22 AM,SW26004327,"XXX Everett St S, STILLWATER",DISTURBANCE
STILLWATER POLICE DEPARTMENT,STILLWATER,5/23/2026 11:43:19 AM,SW26004328,"XXX Nelson St, STILLWATER",MEDICAL
STILLWATER POLICE DEPARTMENT,STILLWATER,5/23/2026 12:43:45 PM,SW26004331,"XXX 4th St N, STILLWATER",LOST PROPERTY/ITEM
STILLWATER POLICE DEPARTMENT,STILLWATER,5/23/2026 12:57:57 PM,SW26004332,"1XXX  Benson Blvd E, STILLWATER",MISSING PERSON
STILLWATER POLICE DEPARTMENT,STILLWATER,5/23/2026 2:29:47 PM,SW26004335,"XXX Main St N, STILLWATER",THEFT
STILLWATER POLICE DEPARTMENT,STILLWATER,5/23/2026 3:46:10 PM,SW26004337,"2XXX  Orleans St W, STILLWATER",SUSPICIOUS PERSON/ACTIVITY
STILLWATER POLICE DEPARTMENT,STILLWATER,5/23/2026 4:03:33 PM,SW26004338,"Pine St W / Owens St S, STILLWATER",911 ABANDONED/HANGUP/OPEN LINE
STILLWATER POLICE DEPARTMENT,STILLWATER,5/23/2026 4:16:54 PM,SW26004339,"XXX Amundson Dr, STILLWATER",911 ABANDONED/HANGUP/OPEN LINE
STILLWATER POLICE DEPARTMENT,STILLWATER,5/23/2026 5:00:08 PM,SW26004340,"XXX Bridgewater Way, STILLWATER",MEDICAL
STILLWATER POLICE DEPARTMENT,STILLWATER,5/23/2026 5:15:31 PM,SW26004341,"XXX Main St S, STILLWATER",DRIVING COMPLAINT
STILLWATER POLICE DEPARTMENT,STILLWATER,5/23/2026 5:22:57 PM,SW26004342,"XXX Nelson St, STILLWATER",NOISE COMPLAINT/DISTURBANCE
STILLWATER POLICE DEPARTMENT,STILLWATER,5/23/2026 6:36:10 PM,SW26004343,"1XXX  Greeley St S, STILLWATER",CITIZEN/PUBLIC ASSIST
STILLWATER POLICE DEPARTMENT,STILLWATER,5/23/2026 8:27:14 PM,SW26004346,"XXX - 198 3RD ST S, STILLWATER",TRAFFIC STOP
STILLWATER POLICE DEPARTMENT,STILLWATER,5/23/2026 9:34:03 PM,SW26004349,"3rd St N / Myrtle St W, STILLWATER",ACCIDENT
STILLWATER POLICE DEPARTMENT,STILLWATER,5/23/2026 10:02:03 PM,SW26004350,"XXX 3rd St S, STILLWATER",FOUND PROPERTY/ITEM
STILLWATER POLICE DEPARTMENT,STILLWATER,5/23/2026 10:21:21 PM,SW26004351,"XXX 6th Ave S, STILLWATER",CITIZEN/PUBLIC ASSIST
STILLWATER POLICE DEPARTMENT,STILLWATER,5/23/2026 10:30:56 PM,SW26004352,"XXX Main St S, STILLWATER",MEDICAL
WASHINGTON COUNTY SHERIFFS OFFICE,AFTON,5/17/2026 12:00:00 AM,WC26023295,"MANNING AVE S / HUDSON RD S, AFTON",ACCIDENT
WASHINGTON COUNTY SHERIFFS OFFICE,AFTON,5/17/2026 12:00:00 AM,WC26023263,"13XXX  - 14698 HUDSON RD S, AFTON",TRAFFIC STOP
WASHINGTON COUNTY SHERIFFS OFFICE,AFTON,5/17/2026 12:00:00 AM,WC26023265,"Hudson Road / Indian trail, AFTON",TRAFFIC STOP
WASHINGTON COUNTY SHERIFFS OFFICE,AFTON,5/17/2026 8:49:12 PM,WC26023306,"Saint Croix Trl S / Stagecoach Trl S, AFTON",ACCIDENT
WASHINGTON COUNTY SHERIFFS OFFICE,AFTON,5/17/2026 9:57:30 PM,WC26023316,"15XXX  Putnam Blvd S, AFTON",MEDICAL
WASHINGTON COUNTY SHERIFFS OFFICE,AFTON,5/18/2026 2:35:47 PM,WC26023437,"13XXX  10th St S, AFTON",FIRE
WASHINGTON COUNTY SHERIFFS OFFICE,AFTON,5/19/2026 5:53:44 PM,WC26023646,"3XXX  PARADOX END AVE S, AFTON",ROAD HAZARD
WASHINGTON COUNTY SHERIFFS OFFICE,AFTON,5/19/2026 8:49:00 PM,WC26023672,"5XXX  Manning Ave S, AFTON",TRAFFIC STOP
WASHINGTON COUNTY SHERIFFS OFFICE,AFTON,5/20/2026 5:36:31 AM,WC26023742,"12XXX  3rd St S, AFTON",PARK COMPLAINT
WASHINGTON COUNTY SHERIFFS OFFICE,AFTON,5/20/2026 9:19:44 AM,WC26023770,"3XXX  Trading Post Trl S, AFTON",ANIMAL COMPLAINT
WASHINGTON COUNTY SHERIFFS OFFICE,AFTON,5/20/2026 10:20:47 AM,WC26023780,"1XXX  Stagecoach Trl S, AFTON",911 ABANDONED/HANGUP/OPEN LINE
WASHINGTON COUNTY SHERIFFS OFFICE,AFTON,5/20/2026 10:51:30 AM,WC26023798,"15XXX  Afton Hills Dr S, AFTON",NOISE COMPLAINT/DISTURBANCE
WASHINGTON COUNTY SHERIFFS OFFICE,AFTON,5/20/2026 2:53:22 PM,WC26023855,"14XXX  Hudson Rd S, AFTON",SUSPICIOUS PERSON/ACTIVITY
WASHINGTON COUNTY SHERIFFS OFFICE,AFTON,5/21/2026 2:31:37 PM,WC26024072,"15XXX  Afton Hills Dr S, AFTON",CIVIL MATTER/DISPUTE
WASHINGTON COUNTY SHERIFFS OFFICE,AFTON,5/21/2026 3:18:15 PM,WC26024075,"3XXX  NYBECK AVE S, AFTON",ANIMAL COMPLAINT
WASHINGTON COUNTY SHERIFFS OFFICE,AFTON,5/21/2026 6:08:36 PM,WC26024096,"5XXX  Oakridge Trl S, AFTON",DUMPING COMPLAINT
WASHINGTON COUNTY SHERIFFS OFFICE,AFTON,5/21/2026 6:47:28 PM,WC26024103,"2XXX  Saint Croix Trl S, AFTON",MEDICAL
WASHINGTON COUNTY SHERIFFS OFFICE,AFTON,5/22/2026 9:10:50 AM,WC26024178,"Unknown, AFTON",FOLLOW UP
WASHINGTON COUNTY SHERIFFS OFFICE,AFTON,5/22/2026 1:42:01 PM,WC26024223,"3XXX  Pasture Ridge Rd S, AFTON",ALARM-BUSINESS/RES/FIRE/MEDICAL/ETC
WASHINGTON COUNTY SHERIFFS OFFICE,AFTON,5/22/2026 1:52:28 PM,WC26024228,"15XXX  Division St, AFTON",WELFARE CHECK
WASHINGTON COUNTY SHERIFFS OFFICE,AFTON,5/23/2026 12:00:00 AM,WC26024426,"13XXX  - 14699 HUDSON RD S, AFTON",TRAFFIC STOP
WASHINGTON COUNTY SHERIFFS OFFICE,AFTON,5/23/2026 12:00:00 AM,WC26024434,"13XXX  - 14699 HUDSON RD S, AFTON",TRAFFIC STOP
WASHINGTON COUNTY SHERIFFS OFFICE,AFTON,5/23/2026 12:00:00 AM,WC26024445,"13XXX  - 14698 HUDSON RD S, AFTON",TRAFFIC STOP
WASHINGTON COUNTY SHERIFFS OFFICE,AFTON,5/23/2026 12:00:00 AM,WC26024382," SAINT CROIX TRL S/30th street s , AFTON",TRAFFIC STOP
WASHINGTON COUNTY SHERIFFS OFFICE,AFTON,5/23/2026 10:39:49 AM,WC26024392,"3XXX  Pasture Ridge Rd S, AFTON",ALARM-BUSINESS/RES/FIRE/MEDICAL/ETC
WASHINGTON COUNTY SHERIFFS OFFICE,AFTON,5/23/2026 11:14:00 AM,WC26024403,"13XXX  - 13398 HUDSON RD S, AFTON",TRAFFIC STOP
WASHINGTON COUNTY SHERIFFS OFFICE,AFTON,5/23/2026 11:22:21 AM,WC26024405,"5XXX  Saint Croix Trl S, AFTON",SUSPICIOUS PERSON/ACTIVITY
WASHINGTON COUNTY SHERIFFS OFFICE,AFTON,5/23/2026 11:47:41 AM,WC26024419,"5XXX  Saint Croix Trl S, AFTON",FOUND PERSON
WASHINGTON COUNTY SHERIFFS OFFICE,AFTON,5/23/2026 9:47:16 PM,WC26024510,"2XXX  SAINT CROIX TRL S, AFTON",ACCIDENT
WASHINGTON COUNTY SHERIFFS OFFICE,BAYPORT,5/22/2026 11:23:00 PM,WC26024338,"XXX - 348 1ST AVE S, BAYPORT",TRAFFIC STOP
WASHINGTON COUNTY SHERIFFS OFFICE,BAYTOWN TOWNSHIP,5/17/2026 4:15:47 PM,WC26023261,"4XXX  Northbrook Blvd N, BAYTOWN TOWNSHIP",MEDICAL
WASHINGTON COUNTY SHERIFFS OFFICE,BAYTOWN TOWNSHIP,5/17/2026 7:04:38 PM,WC26023293,"Stillwater Blvd N / 53rd St N, BAYTOWN TOWNSHIP",ANIMAL COMPLAINT
WASHINGTON COUNTY SHERIFFS OFFICE,BAYTOWN TOWNSHIP,5/17/2026 10:13:00 PM,WC26023320,"Mcdonald Dr N / Stillwater Blvd N, BAYTOWN TOWNSHIP",FIRE
WASHINGTON COUNTY SHERIFFS OFFICE,BAYTOWN TOWNSHIP,5/18/2026 3:11:10 PM,WC26023445,"4XXX  Stagecoach Trl N, BAYTOWN TOWNSHIP",WEAPON COMPLAINT/VIOLATION
WASHINGTON COUNTY SHERIFFS OFFICE,BAYTOWN TOWNSHIP,5/19/2026 3:50:07 PM,WC26023630,"4XXX  Stagecoach Trl N, BAYTOWN TOWNSHIP",FOLLOW UP
WASHINGTON COUNTY SHERIFFS OFFICE,BAYTOWN TOWNSHIP,5/19/2026 5:52:56 PM,WC26023649,"47th St N / Pinecroft Ave N, BAYTOWN TOWNSHIP",ACCIDENT
WASHINGTON COUNTY SHERIFFS OFFICE,BAYTOWN TOWNSHIP,5/21/2026 8:15:21 AM,WC26023979,"4XXX  Stagecoach Trl N, BAYTOWN TOWNSHIP",CITIZEN/PUBLIC ASSIST
WASHINGTON COUNTY SHERIFFS OFFICE,BAYTOWN TOWNSHIP,5/23/2026 10:41:00 AM,WC26024391,"3XXX  - 3999 OAKGREEN AVE N, BAYTOWN TOWNSHIP",TRAFFIC STOP
WASHINGTON COUNTY SHERIFFS OFFICE,BAYTOWN TOWNSHIP,5/23/2026 2:09:00 PM,WC26024440,"40th ST N, MCFAIR AVE , BAYTOWN TOWNSHIP",TRAFFIC STOP
WASHINGTON COUNTY SHERIFFS OFFICE,BAYTOWN TOWNSHIP,5/23/2026 4:45:09 PM,WC26024468,"4XXX  Neal Ave N, BAYTOWN TOWNSHIP",FIRE
WASHINGTON COUNTY SHERIFFS OFFICE,BAYTOWN TOWNSHIP,5/23/2026 7:14:27 PM,WC26024486,"3XXX  Osgood Ave N, BAYTOWN TOWNSHIP",MEDICAL
WASHINGTON COUNTY SHERIFFS OFFICE,BAYTOWN TOWNSHIP,5/23/2026 11:07:40 PM,WC26024527,"4XXX  Mcdonald Drive Pl N, BAYTOWN TOWNSHIP",NOISE COMPLAINT/DISTURBANCE
WASHINGTON COUNTY SHERIFFS OFFICE,COTTAGE GROVE,5/17/2026 1:55:17 AM,WC26023198,"6XXX  Jody Ave S, COTTAGE GROVE",K9 ASSIST
WASHINGTON COUNTY SHERIFFS OFFICE,COTTAGE GROVE,5/17/2026 1:51:36 PM,WC26023242,"7XXX  Lamar Ave S, COTTAGE GROVE",CIVIL MATTER/DISPUTE
WASHINGTON COUNTY SHERIFFS OFFICE,COTTAGE GROVE,5/18/2026 5:32:29 PM,WC26023475,"80TH ST S WB TO HWY 61 NB RAMP, COTTAGE GROVE",ASSIST OTHER AGENCY
WASHINGTON COUNTY SHERIFFS OFFICE,COTTAGE GROVE,5/20/2026 1:41:00 PM,WC26023829,"13XXX  Ravine Pkwy S, COTTAGE GROVE",WARRANT ARREST
WASHINGTON COUNTY SHERIFFS OFFICE,COTTAGE GROVE,5/20/2026 2:16:39 PM,WC26023871,"8XXX  78TH STREET CT S, COTTAGE GROVE",CIVIL MATTER/DISPUTE
WASHINGTON COUNTY SHERIFFS OFFICE,COTTAGE GROVE,5/20/2026 2:34:04 PM,WC26023870,"8XXX  90th St S, COTTAGE GROVE",CIVIL MATTER/DISPUTE
WASHINGTON COUNTY SHERIFFS OFFICE,COTTAGE GROVE,5/21/2026 5:33:30 PM,WC26024092,"10XXX  85TH ST S, COTTAGE GROVE",OFFICER INFORMATION
WASHINGTON COUNTY SHERIFFS OFFICE,COTTAGE GROVE,5/23/2026 9:23:00 PM,WC26024500,"Hwy 61 Nb At Manning Ave S, COTTAGE GROVE",TRAFFIC STOP
WASHINGTON COUNTY SHERIFFS OFFICE,DELLWOOD,5/17/2026 7:37:08 PM,WC26023296,"XX DELLWOOD RD N, DELLWOOD",ALARM-BUSINESS/RES/FIRE/MEDICAL/ETC
WASHINGTON COUNTY SHERIFFS OFFICE,DELLWOOD,5/21/2026 5:46:56 PM,WC26024093,"XXX Dellwood Ave, DELLWOOD",ALARM-BUSINESS/RES/FIRE/MEDICAL/ETC
WASHINGTON COUNTY SHERIFFS OFFICE,DENMARK TOWNSHIP,5/18/2026 9:48:34 AM,WC26023389,"12XXX  Point Douglas Dr S, DENMARK TOWNSHIP",ABANDONED VEHICLE
WASHINGTON COUNTY SHERIFFS OFFICE,DENMARK TOWNSHIP,5/18/2026 12:52:57 PM,WC26023419,"10XXX  Manning Ave S, DENMARK TOWNSHIP",TRAFFIC COMPLAINT
WASHINGTON COUNTY SHERIFFS OFFICE,DENMARK TOWNSHIP,5/18/2026 8:21:22 PM,WC26023503,"Hwy 10 At Hwy 61, DENMARK TOWNSHIP",ROAD HAZARD
WASHINGTON COUNTY SHERIFFS OFFICE,DENMARK TOWNSHIP,5/19/2026 5:54:24 PM,WC26023647,"14XXX  POINT DOUGLAS DR S, DENMARK TOWNSHIP",PARKING VIOLATION
WASHINGTON COUNTY SHERIFFS OFFICE,DENMARK TOWNSHIP,5/19/2026 6:02:56 PM,WC26023652,"14XXX  POINT DOUGLAS DR S, DENMARK TOWNSHIP",PARKING VIOLATION
WASHINGTON COUNTY SHERIFFS OFFICE,DENMARK TOWNSHIP,5/20/2026 7:46:35 AM,WC26023752,"6XXX  Peller Ave S, DENMARK TOWNSHIP",ALARM-BUSINESS/RES/FIRE/MEDICAL/ETC
WASHINGTON COUNTY SHERIFFS OFFICE,DENMARK TOWNSHIP,5/22/2026 8:25:28 AM,WC26024169,"12XXX  Margo Ave S, DENMARK TOWNSHIP",ANIMAL COMPLAINT
WASHINGTON COUNTY SHERIFFS OFFICE,DENMARK TOWNSHIP,5/22/2026 9:23:16 AM,WC26024186,"10XXX  Saint Croix Trl S, DENMARK TOWNSHIP",WELFARE CHECK
WASHINGTON COUNTY SHERIFFS OFFICE,DENMARK TOWNSHIP,5/22/2026 5:07:00 PM,WC26024266,"13XXX  - 14178 Highway 10, DENMARK TOWNSHIP",TRAFFIC STOP
WASHINGTON COUNTY SHERIFFS OFFICE,DENMARK TOWNSHIP,5/23/2026 9:56:39 AM,WC26024383,"12XXX  Point Douglas Dr S, DENMARK TOWNSHIP",MEDICAL
WASHINGTON COUNTY SHERIFFS OFFICE,FOREST LAKE,5/17/2026 7:40:44 AM,WC26023216,"1XXX  Broadway Ave W, FOREST LAKE",ASSIST OTHER AGENCY
WASHINGTON COUNTY SHERIFFS OFFICE,FOREST LAKE,5/17/2026 8:04:00 PM,WC26023300,"Fitzgerald Trl N / Fitzgerald Cir N, FOREST LAKE",ASSIST OTHER AGENCY
WASHINGTON COUNTY SHERIFFS OFFICE,FOREST LAKE,5/23/2026 10:21:19 AM,WC26024387,"Lake St S / Broadway Ave W, FOREST LAKE",ASSIST OTHER AGENCY
WASHINGTON COUNTY SHERIFFS OFFICE,GRANT,5/17/2026 1:53:26 PM,WC26023241,"8XXX  80th St N, GRANT",SHOTS FIRED/SHOOTING COMPLAINT
WASHINGTON COUNTY SHERIFFS OFFICE,GRANT,5/17/2026 3:38:53 PM,WC26023255,"6XXX  Inwood Ct N, GRANT",MISSING PERSON
WASHINGTON COUNTY SHERIFFS OFFICE,GRANT,5/17/2026 7:06:30 PM,WC26023294,"11XXX  60th St N, GRANT",VEHICLE UNLOCK
WASHINGTON COUNTY SHERIFFS OFFICE,GRANT,5/18/2026 6:02:20 PM,WC26023483,"8XXX  60TH ST N, GRANT",FIRE
WASHINGTON COUNTY SHERIFFS OFFICE,GRANT,5/18/2026 6:48:17 PM,WC26023493,"6XXX  Inwood Ct N, GRANT",MEDICAL
WASHINGTON COUNTY SHERIFFS OFFICE,GRANT,5/19/2026 1:16:29 PM,WC26023605,"10XXX  60TH ST N, GRANT",FOLLOW UP
WASHINGTON COUNTY SHERIFFS OFFICE,GRANT,5/19/2026 2:53:23 PM,WC26023620,"6XXX  Jocelyn Rd N, GRANT",THEFT
WASHINGTON COUNTY SHERIFFS OFFICE,GRANT,5/19/2026 5:47:00 PM,WC26023648,"75th St N / Lake Elmo Ave N, GRANT",DRIVING COMPLAINT
WASHINGTON COUNTY SHERIFFS OFFICE,GRANT,5/20/2026 11:18:20 AM,WC26023804,"10XXX  60th St N, GRANT",CITIZEN/PUBLIC ASSIST
WASHINGTON COUNTY SHERIFFS OFFICE,GRANT,5/20/2026 2:06:37 PM,WC26023849,"Jamaca Ave N / 88th St N, GRANT",ACCIDENT
WASHINGTON COUNTY SHERIFFS OFFICE,GRANT,5/20/2026 8:38:51 PM,WC26023918,"9XXX  75th St N, GRANT",INCIDENT
WASHINGTON COUNTY SHERIFFS OFFICE,GRANT,5/20/2026 9:11:13 PM,WC26023923,"60th St N / Lake Elmo Ave N, GRANT",ACCIDENT
WASHINGTON COUNTY SHERIFFS OFFICE,GRANT,5/20/2026 10:11:39 PM,WC26023937,"3XXX  Briarwood Ave, GRANT",MEDICAL
WASHINGTON COUNTY SHERIFFS OFFICE,GRANT,5/22/2026 1:31:21 PM,WC26024222,"10XXX  60th St N, GRANT",SUSPICIOUS PERSON/ACTIVITY
WASHINGTON COUNTY SHERIFFS OFFICE,GRANT,5/22/2026 11:24:55 PM,WC26024343,"10XXX  Jody Ave N, GRANT",CIVIL MATTER/DISPUTE
WASHINGTON COUNTY SHERIFFS OFFICE,GRANT,5/22/2026 11:27:43 PM,WC26024340,"11XXX  Ironwood Ave N, GRANT",SUSPICIOUS PERSON/ACTIVITY
WASHINGTON COUNTY SHERIFFS OFFICE,HUGO,5/17/2026 3:35:45 AM,WC26023204,"12XXX  FERRARA DR N, HUGO",ALARM-BUSINESS/RES/FIRE/MEDICAL/ETC
WASHINGTON COUNTY SHERIFFS OFFICE,HUGO,5/17/2026 5:59:08 AM,WC26023207,"5XXX  137th St N, HUGO",MEDICAL
WASHINGTON COUNTY SHERIFFS OFFICE,HUGO,5/17/2026 7:35:57 AM,WC26023213,"14XXX  Oneka Pkwy N, HUGO",FOLLOW UP
WASHINGTON COUNTY SHERIFFS OFFICE,HUGO,5/17/2026 3:46:49 PM,WC26023257,"5XXX  French Dr N, HUGO",ASSAULT
WASHINGTON COUNTY SHERIFFS OFFICE,HUGO,5/17/2026 4:40:38 PM,WC26023276,"14XXX  Forest Blvd N, HUGO",CIVIL MATTER/DISPUTE
WASHINGTON COUNTY SHERIFFS OFFICE,HUGO,5/17/2026 10:31:26 PM,WC26023322,"13XXX  Europa Ct N, HUGO",ASSIST OTHER AGENCY
WASHINGTON COUNTY SHERIFFS OFFICE,HUGO,5/18/2026 12:53:40 AM,WC26023328,"6XXX  135th St N, HUGO",LOST PERSON
WASHINGTON COUNTY SHERIFFS OFFICE,HUGO,5/18/2026 6:13:19 AM,WC26023359,"4XXX  126th St N, HUGO",FAMILY ASSIST
WASHINGTON COUNTY SHERIFFS OFFICE,HUGO,5/18/2026 6:36:24 AM,WC26023360,"13XXX  Europa Ct N, HUGO",FIRE
WASHINGTON COUNTY SHERIFFS OFFICE,HUGO,5/18/2026 7:28:25 AM,WC26023364,"14XXX  Forest Blvd N, HUGO",CIVIL MATTER/DISPUTE
WASHINGTON COUNTY SHERIFFS OFFICE,HUGO,5/18/2026 8:21:40 AM,WC26023370,"13XXX  Europa Bay N, HUGO",CITIZEN/PUBLIC ASSIST
WASHINGTON COUNTY SHERIFFS OFFICE,HUGO,5/18/2026 8:40:02 AM,WC26023373,"15XXX  FOREST BLVD N, HUGO",WARRANT ARREST
WASHINGTON COUNTY SHERIFFS OFFICE,HUGO,5/18/2026 9:55:28 AM,WC26023390,"14XXX  Forest Blvd N, HUGO",FOLLOW UP
WASHINGTON COUNTY SHERIFFS OFFICE,HUGO,5/18/2026 11:41:46 AM,WC26023406,"4XXX  126th St N, HUGO",FOLLOW UP
WASHINGTON COUNTY SHERIFFS OFFICE,HUGO,5/18/2026 11:46:32 AM,WC26023407,"Oneka Pkwy N / Heritage Pkwy N, HUGO",CITIZEN/PUBLIC ASSIST
WASHINGTON COUNTY SHERIFFS OFFICE,HUGO,5/18/2026 1:46:59 PM,WC26023430,"4XXX  Education Dr N, HUGO",MEDICAL
WASHINGTON COUNTY SHERIFFS OFFICE,HUGO,5/18/2026 1:48:37 PM,WC26023431,"6XXX  145th Cir N, HUGO",DISTURBANCE
WASHINGTON COUNTY SHERIFFS OFFICE,HUGO,5/18/2026 2:43:21 PM,WC26023438,"13XXX  Foxhill Ave N, HUGO",911 ABANDONED/HANGUP/OPEN LINE
WASHINGTON COUNTY SHERIFFS OFFICE,HUGO,5/18/2026 3:46:58 PM,WC26023458,"6XXX  135th St N, HUGO",FOLLOW UP
WASHINGTON COUNTY SHERIFFS OFFICE,HUGO,5/18/2026 4:17:06 PM,WC26023463,"4XXX  Education Dr N, HUGO",MEDICAL
WASHINGTON COUNTY SHERIFFS OFFICE,HUGO,5/18/2026 5:08:52 PM,WC26023469,"Unknown, HUGO",CITIZEN/PUBLIC ASSIST
WASHINGTON COUNTY SHERIFFS OFFICE,HUGO,5/18/2026 6:02:36 PM,WC26023484,"6XXX  145th Cir N, HUGO",CITIZEN/PUBLIC ASSIST
WASHINGTON COUNTY SHERIFFS OFFICE,HUGO,5/18/2026 7:13:00 PM,WC26023495,"15XXX  FARNHAM AVE N, HUGO",JUVENILE COMPLAINT
WASHINGTON COUNTY SHERIFFS OFFICE,HUGO,5/18/2026 7:27:28 PM,WC26023496,"5XXX  152nd St N, HUGO",ALARM-BUSINESS/RES/FIRE/MEDICAL/ETC
WASHINGTON COUNTY SHERIFFS OFFICE,HUGO,5/18/2026 7:28:39 PM,WC26023498,"15XXX  EVERTON AVE N, HUGO",WELFARE CHECK
WASHINGTON COUNTY SHERIFFS OFFICE,HUGO,5/18/2026 7:51:10 PM,WC26023504,"13XXX  Fenway Blvd N, HUGO",CIVIL MATTER/DISPUTE
WASHINGTON COUNTY SHERIFFS OFFICE,HUGO,5/18/2026 8:07:43 PM,WC26023502,"14XXX  Finale Ave N, HUGO",MEDICAL
WASHINGTON COUNTY SHERIFFS OFFICE,HUGO,5/18/2026 10:21:11 PM,WC26023514,"4XXX  163rd St N, HUGO",911 ABANDONED/HANGUP/OPEN LINE
WASHINGTON COUNTY SHERIFFS OFFICE,HUGO,5/19/2026 5:52:01 AM,WC26023533,"14XXX  Victor Hugo Blvd N, HUGO",NOISE COMPLAINT/DISTURBANCE
WASHINGTON COUNTY SHERIFFS OFFICE,HUGO,5/19/2026 6:15:33 AM,WC26023534,"157th St N / Granada Ave N, HUGO",NOISE COMPLAINT/DISTURBANCE
WASHINGTON COUNTY SHERIFFS OFFICE,HUGO,5/19/2026 6:50:23 AM,WC26023536,"Oneka Lake Blvd N / 157th St N, HUGO",NOISE COMPLAINT/DISTURBANCE
WASHINGTON COUNTY SHERIFFS OFFICE,HUGO,5/19/2026 8:36:49 AM,WC26023547,"14XXX  Irish Ave N, HUGO",ANIMAL COMPLAINT
WASHINGTON COUNTY SHERIFFS OFFICE,HUGO,5/19/2026 10:06:00 AM,WC26023561,"15XXX  - 15199 FOREST BLVD N, HUGO",TRAFFIC STOP
WASHINGTON COUNTY SHERIFFS OFFICE,HUGO,5/19/2026 11:30:43 AM,WC26023573,"14XXX  Forest Blvd N, HUGO",DUMPING COMPLAINT
WASHINGTON COUNTY SHERIFFS OFFICE,HUGO,5/19/2026 1:49:34 PM,WC26023611,"14XXX  Victor Hugo Blvd N, HUGO",FOUND PROPERTY/ITEM
WASHINGTON COUNTY SHERIFFS OFFICE,HUGO,5/19/2026 3:34:26 PM,WC26023626,"15XXX  Ingersoll Ave N, HUGO",CIVIL MATTER/DISPUTE
WASHINGTON COUNTY SHERIFFS OFFICE,HUGO,5/19/2026 5:17:57 PM,WC26023640,"Unknown, HUGO",FOLLOW UP
WASHINGTON COUNTY SHERIFFS OFFICE,HUGO,5/19/2026 5:58:28 PM,WC26023650,"149TH ST N / EVERTON AVE N, HUGO",ANIMAL BITE
WASHINGTON COUNTY SHERIFFS OFFICE,HUGO,5/19/2026 6:12:38 PM,WC26023654,"16XXX  Fenway Ct N, HUGO",LOOSE DOG
WASHINGTON COUNTY SHERIFFS OFFICE,HUGO,5/19/2026 7:05:40 PM,WC26023660,"14XXX  Finale Ave N, HUGO",MISSING PERSON
WASHINGTON COUNTY SHERIFFS OFFICE,HUGO,5/19/2026 8:07:37 PM,WC26023665,"4XXX  Victor Path N, HUGO",911 ABANDONED/HANGUP/OPEN LINE
WASHINGTON COUNTY SHERIFFS OFFICE,HUGO,5/20/2026 12:00:00 AM,WC26023936,"4XXX  - 4448 FRENCHMAN RD, HUGO",TRAFFIC STOP
WASHINGTON COUNTY SHERIFFS OFFICE,HUGO,5/20/2026 12:49:00 AM,WC26023715,"12XXX  FENWAY AVE N, HUGO",DRUGS
WASHINGTON COUNTY SHERIFFS OFFICE,HUGO,5/20/2026 2:24:00 AM,WC26023734,"170TH ST N / FARNHAM AVE N, HUGO",TRAFFIC STOP
WASHINGTON COUNTY SHERIFFS OFFICE,HUGO,5/20/2026 2:43:06 AM,WC26023735,"15XXX  Eminence Ave N, HUGO",MEDICAL
WASHINGTON COUNTY SHERIFFS OFFICE,HUGO,5/20/2026 9:51:59 AM,WC26023775,"13XXX  Fondant Trl N, HUGO",FOLLOW UP
WASHINGTON COUNTY SHERIFFS OFFICE,HUGO,5/20/2026 10:57:56 AM,WC26023800,"5XXX  134th St N, HUGO",MEDICAL
WASHINGTON COUNTY SHERIFFS OFFICE,HUGO,5/20/2026 10:59:56 AM,WC26023793,"16XXX  - 16928 FOREST BLVD N, HUGO",WELFARE CHECK
WASHINGTON COUNTY SHERIFFS OFFICE,HUGO,5/20/2026 2:22:21 PM,WC26023851,"14XXX  FINALE AVE N, HUGO",CITIZEN/PUBLIC ASSIST
WASHINGTON COUNTY SHERIFFS OFFICE,HUGO,5/20/2026 2:22:39 PM,WC26023852,"15XXX  Farnham Ave N, HUGO",TRESPASSING
WASHINGTON COUNTY SHERIFFS OFFICE,HUGO,5/20/2026 3:11:52 PM,WC26023856,"4XXX  170th St N, HUGO",MEDICAL
WASHINGTON COUNTY SHERIFFS OFFICE,HUGO,5/20/2026 5:22:21 PM,WC26023885,"147TH ST N / FITZGERALD AVE N, HUGO",EBIKE STOP
WASHINGTON COUNTY SHERIFFS OFFICE,HUGO,5/20/2026 6:14:33 PM,WC26023897,"15XXX  Forest Blvd N, HUGO",911 ABANDONED/HANGUP/OPEN LINE
WASHINGTON COUNTY SHERIFFS OFFICE,HUGO,5/20/2026 7:34:23 PM,WC26023907,"4XXX  Ethan Trl N, HUGO",CITIZEN/PUBLIC ASSIST
WASHINGTON COUNTY SHERIFFS OFFICE,HUGO,5/20/2026 9:31:00 PM,WC26023926,"FOREST BLVD N / 177TH ST N, HUGO",TRAFFIC STOP
WASHINGTON COUNTY SHERIFFS OFFICE,HUGO,5/20/2026 9:48:00 PM,WC26023932,"147TH ST N, HUGO",TRAFFIC STOP
WASHINGTON COUNTY SHERIFFS OFFICE,HUGO,5/21/2026 12:33:00 AM,WC26023951,"159TH ST N / FOXHILL AVE N, HUGO",TRAFFIC STOP
WASHINGTON COUNTY SHERIFFS OFFICE,HUGO,5/21/2026 8:48:33 AM,WC26023984,"Heritage Pkwy N / Elm Dr N, HUGO",DRIVING COMPLAINT
WASHINGTON COUNTY SHERIFFS OFFICE,HUGO,5/21/2026 12:44:34 PM,WC26024048,"5XXX  149th St N, HUGO",WELFARE CHECK
WASHINGTON COUNTY SHERIFFS OFFICE,HUGO,5/21/2026 2:00:05 PM,WC26024065,"15XXX  Forest Blvd N, HUGO",CITIZEN/PUBLIC ASSIST
WASHINGTON COUNTY SHERIFFS OFFICE,HUGO,5/21/2026 6:13:45 PM,WC26024097,"15XXX  Emerald Dr N, HUGO",DISTURBANCE
WASHINGTON COUNTY SHERIFFS OFFICE,HUGO,5/21/2026 11:45:49 PM,WC26024135,"12XXX  Goodview Ave N, HUGO",MEDICAL
WASHINGTON COUNTY SHERIFFS OFFICE,HUGO,5/22/2026 8:08:13 AM,WC26024167,"6XXX  170th St N, HUGO",WELFARE CHECK
WASHINGTON COUNTY SHERIFFS OFFICE,HUGO,5/22/2026 8:23:07 AM,WC26024170,"Unknown, HUGO",CITIZEN/PUBLIC ASSIST
WASHINGTON COUNTY SHERIFFS OFFICE,HUGO,5/22/2026 9:42:39 AM,WC26024195,"5XXX  141st St N, HUGO",INCIDENT
WASHINGTON COUNTY SHERIFFS OFFICE,HUGO,5/22/2026 6:24:35 PM,WC26024287,"14XXX  Victor Hugo Blvd N, HUGO",WELFARE CHECK
WASHINGTON COUNTY SHERIFFS OFFICE,HUGO,5/23/2026 8:13:36 AM,WC26024372,"9XXX  152nd St N, HUGO",CITIZEN/PUBLIC ASSIST
WASHINGTON COUNTY SHERIFFS OFFICE,HUGO,5/23/2026 11:24:49 AM,WC26024408,"131st St N / Fondant Trl N, HUGO",PARKING COMPLAINT
WASHINGTON COUNTY SHERIFFS OFFICE,HUGO,5/23/2026 5:11:13 PM,WC26024473,"4XXX  Victor Path N, HUGO",INCIDENT
WASHINGTON COUNTY SHERIFFS OFFICE,LAKE ELMO,5/17/2026 12:26:00 AM,WC26023192,"XXX JULEP AVE N, LAKE ELMO",DWI
WASHINGTON COUNTY SHERIFFS OFFICE,LAKE ELMO,5/17/2026 6:18:19 AM,WC26023208,"10XXX  Tapestry Bnd, LAKE ELMO",FIRE
WASHINGTON COUNTY SHERIFFS OFFICE,LAKE ELMO,5/17/2026 12:59:16 PM,WC26023234,"5XXX  Linden Ave N, LAKE ELMO",ANIMAL COMPLAINT
WASHINGTON COUNTY SHERIFFS OFFICE,LAKE ELMO,5/17/2026 5:13:59 PM,WC26023269,"4XXX  Lake Elmo Ave N, LAKE ELMO",ANIMAL COMPLAINT
WASHINGTON COUNTY SHERIFFS OFFICE,LAKE ELMO,5/17/2026 6:29:43 PM,WC26023288,"5th St N / Inwood Ave N, LAKE ELMO",SUSPICIOUS PERSON/ACTIVITY
WASHINGTON COUNTY SHERIFFS OFFICE,LAKE ELMO,5/17/2026 6:34:36 PM,WC26023289,"11XXX  Wildflower Dr N, LAKE ELMO",MEDICAL
WASHINGTON COUNTY SHERIFFS OFFICE,LAKE ELMO,5/17/2026 8:31:17 PM,WC26023302,"11XXX  Upper 30th St N, LAKE ELMO",ASSIST OTHER AGENCY
WASHINGTON COUNTY SHERIFFS OFFICE,LAKE ELMO,5/17/2026 9:14:55 PM,WC26023311,"Lake Elmo Ave N / 30th St N, LAKE ELMO",DRIVING COMPLAINT
WASHINGTON COUNTY SHERIFFS OFFICE,LAKE ELMO,5/18/2026 2:20:30 AM,WC26023337,"11XXX  Stillwater Blvd N, LAKE ELMO",ALARM-BUSINESS/RES/FIRE/MEDICAL/ETC
WASHINGTON COUNTY SHERIFFS OFFICE,LAKE ELMO,5/18/2026 12:11:02 PM,WC26023412,"Stillwater Blvd N / Lake Elmo Ave N, LAKE ELMO",WELFARE CHECK
WASHINGTON COUNTY SHERIFFS OFFICE,LAKE ELMO,5/18/2026 12:15:59 PM,WC26023413,"4XXX  Irish Ct N, LAKE ELMO",FOLLOW UP
WASHINGTON COUNTY SHERIFFS OFFICE,LAKE ELMO,5/18/2026 12:37:27 PM,WC26023415,"4XXX  Lilac Ln N, LAKE ELMO",PUBLIC WORKS CONCERN
WASHINGTON COUNTY SHERIFFS OFFICE,LAKE ELMO,5/18/2026 1:15:50 PM,WC26023422,"11XXX  Upper 31st St N, LAKE ELMO",CITIZEN/PUBLIC ASSIST
WASHINGTON COUNTY SHERIFFS OFFICE,LAKE ELMO,5/18/2026 1:29:09 PM,WC26023427,"Hwy 36 Eb To Manning Ave N Ramp, LAKE ELMO",FOLLOW UP
WASHINGTON COUNTY SHERIFFS OFFICE,LAKE ELMO,5/18/2026 4:33:37 PM,WC26023465,"1XXX  Royal Blvd N, LAKE ELMO",CITIZEN/PUBLIC ASSIST
WASHINGTON COUNTY SHERIFFS OFFICE,LAKE ELMO,5/18/2026 5:41:28 PM,WC26023477,"8XXX  Eagle Point Blvd, LAKE ELMO",ALARM-BUSINESS/RES/FIRE/MEDICAL/ETC
WASHINGTON COUNTY SHERIFFS OFFICE,LAKE ELMO,5/18/2026 6:34:04 PM,WC26023489,"8XXX  DEMONTREVILLE TRL N, LAKE ELMO",FIRE
WASHINGTON COUNTY SHERIFFS OFFICE,LAKE ELMO,5/18/2026 8:38:52 PM,WC26023506,"9XXX  5th Street Ln N, LAKE ELMO",MEDICAL
WASHINGTON COUNTY SHERIFFS OFFICE,LAKE ELMO,5/18/2026 8:48:20 PM,WC26023508,"1XXX  Keats Ave N, LAKE ELMO",ALARM-BUSINESS/RES/FIRE/MEDICAL/ETC
WASHINGTON COUNTY SHERIFFS OFFICE,LAKE ELMO,5/19/2026 6:21:50 AM,WC26023535,"XXX Jade Trl N, LAKE ELMO",MEDICAL
WASHINGTON COUNTY SHERIFFS OFFICE,LAKE ELMO,5/19/2026 1:40:04 PM,WC26023610,"10XXX  47th St N, LAKE ELMO",FOLLOW UP
WASHINGTON COUNTY SHERIFFS OFFICE,LAKE ELMO,5/19/2026 9:32:30 PM,WC26023681,"4XXX  Lake Elmo Ave N, LAKE ELMO",VEHICLE OFF ROAD
WASHINGTON COUNTY SHERIFFS OFFICE,LAKE ELMO,5/19/2026 11:52:04 PM,WC26023703,"XXX 6th Street Ln N, LAKE ELMO",MEDICAL
WASHINGTON COUNTY SHERIFFS OFFICE,LAKE ELMO,5/20/2026 1:55:54 AM,WC26023729,"10XXX  33rd Street Ln N, LAKE ELMO",ALARM-BUSINESS/RES/FIRE/MEDICAL/ETC
WASHINGTON COUNTY SHERIFFS OFFICE,LAKE ELMO,5/20/2026 7:32:13 AM,WC26023751,"9XXX  Hudson Blvd N, LAKE ELMO",PARKING COMPLAINT
WASHINGTON COUNTY SHERIFFS OFFICE,LAKE ELMO,5/20/2026 9:41:21 AM,WC26023774,"Lake Elmo Ave N / 30th St N, LAKE ELMO",ROAD HAZARD
WASHINGTON COUNTY SHERIFFS OFFICE,LAKE ELMO,5/20/2026 11:01:49 AM,WC26023799,"11XXX  STILLWATER BLVD N, LAKE ELMO",OFFICER INFORMATION
WASHINGTON COUNTY SHERIFFS OFFICE,LAKE ELMO,5/20/2026 11:46:29 AM,WC26023815,"Ideal Ave N / Hidden Bay Trl N, LAKE ELMO",DRIVING COMPLAINT
WASHINGTON COUNTY SHERIFFS OFFICE,LAKE ELMO,5/20/2026 1:09:10 PM,WC26023835,"1XXX  Keats Ave N, LAKE ELMO",ANIMAL COMPLAINT
WASHINGTON COUNTY SHERIFFS OFFICE,LAKE ELMO,5/20/2026 1:35:22 PM,WC26023841,"8XXX  Eagle Point Blvd, LAKE ELMO",ALARM-BUSINESS/RES/FIRE/MEDICAL/ETC
WASHINGTON COUNTY SHERIFFS OFFICE,LAKE ELMO,5/20/2026 3:36:31 PM,WC26023869,"9XXX  Stillwater Blvd N, LAKE ELMO",VEHICLE UNLOCK
WASHINGTON COUNTY SHERIFFS OFFICE,LAKE ELMO,5/20/2026 4:24:20 PM,WC26023872,"HWY 36 WB JWO LAKE ELMO AVE N, LAKE ELMO",ASSIST OTHER AGENCY
WASHINGTON COUNTY SHERIFFS OFFICE,LAKE ELMO,5/20/2026 5:04:00 PM,WC26023860,"10TH ST N / WHISTLING VALLEY RD, LAKE ELMO",TRAFFIC STOP
WASHINGTON COUNTY SHERIFFS OFFICE,LAKE ELMO,5/20/2026 7:30:28 PM,WC26023906,"XXX Cimarron, LAKE ELMO",CHILD CUSTODY
WASHINGTON COUNTY SHERIFFS OFFICE,LAKE ELMO,5/20/2026 8:14:27 PM,WC26023913,"3XXX  Kokanee Ln N, LAKE ELMO",CITIZEN/PUBLIC ASSIST
WASHINGTON COUNTY SHERIFFS OFFICE,LAKE ELMO,5/20/2026 8:32:55 PM,WC26023915,"8XXX  59th St N, LAKE ELMO",PROPERTY DAMAGE
WASHINGTON COUNTY SHERIFFS OFFICE,LAKE ELMO,5/21/2026 2:55:39 AM,WC26023958,"XXX JADE TRL N, LAKE ELMO",MEDICAL
WASHINGTON COUNTY SHERIFFS OFFICE,LAKE ELMO,5/21/2026 6:48:44 AM,WC26023974,"11XXX  Stillwater Blvd N, LAKE ELMO",ALARM-BUSINESS/RES/FIRE/MEDICAL/ETC
WASHINGTON COUNTY SHERIFFS OFFICE,LAKE ELMO,5/21/2026 11:07:57 AM,WC26024027,"Hwy 36 Wb At Keats Ave N, LAKE ELMO",ANIMAL COMPLAINT
WASHINGTON COUNTY SHERIFFS OFFICE,LAKE ELMO,5/21/2026 11:54:49 AM,WC26024034,"1XXX  Keats Ave N, LAKE ELMO",TRESPASSING
WASHINGTON COUNTY SHERIFFS OFFICE,LAKE ELMO,5/21/2026 2:44:17 PM,WC26024071,"8XXX  Stillwater Blvd N, LAKE ELMO",ACCIDENT
WASHINGTON COUNTY SHERIFFS OFFICE,LAKE ELMO,5/21/2026 3:32:02 PM,WC26024077,"Keats Ave N / Hudson Blvd N, LAKE ELMO",ACCIDENT
WASHINGTON COUNTY SHERIFFS OFFICE,LAKE ELMO,5/21/2026 5:17:28 PM,WC26024089,"10XXX  Hudson Blvd N, LAKE ELMO",ACCIDENT
WASHINGTON COUNTY SHERIFFS OFFICE,LAKE ELMO,5/21/2026 6:07:59 PM,WC26024095,"3XXX  Knightsbridge Trl N, LAKE ELMO",911 ABANDONED/HANGUP/OPEN LINE
WASHINGTON COUNTY SHERIFFS OFFICE,LAKE ELMO,5/21/2026 7:25:46 PM,WC26024110,"XXX Juniper Cir N, LAKE ELMO",CIVIL MATTER/DISPUTE
WASHINGTON COUNTY SHERIFFS OFFICE,LAKE ELMO,5/21/2026 7:59:54 PM,WC26024113,"XX Lake Elmo Park Reserve Modern Campsite 57, LAKE ELMO",UNWANTED PERSON/VEHICLE
WASHINGTON COUNTY SHERIFFS OFFICE,LAKE ELMO,5/22/2026 10:11:45 AM,WC26024201,"3XXX  Lake Elmo Ave N, LAKE ELMO",CIVIL MATTER/DISPUTE
WASHINGTON COUNTY SHERIFFS OFFICE,LAKE ELMO,5/22/2026 1:22:11 PM,WC26024221,"10XXX  39th St N, LAKE ELMO",ORDINANCE VIOLATION
WASHINGTON COUNTY SHERIFFS OFFICE,LAKE ELMO,5/22/2026 1:45:36 PM,WC26024225,"XX Cimarron, LAKE ELMO",911 ABANDONED/HANGUP/OPEN LINE
WASHINGTON COUNTY SHERIFFS OFFICE,LAKE ELMO,5/22/2026 1:56:01 PM,WC26024229,"9XXX  55th St N, LAKE ELMO",ANIMAL COMPLAINT
WASHINGTON COUNTY SHERIFFS OFFICE,LAKE ELMO,5/22/2026 3:43:01 PM,WC26024250,"Lake Elmo Ave N / 5th St N, LAKE ELMO",ACCIDENT
WASHINGTON COUNTY SHERIFFS OFFICE,LAKE ELMO,5/22/2026 5:17:00 PM,WC26024268,"Highway 36 & DEMONTREVILLE TRL N, LAKE ELMO",TRAFFIC STOP
WASHINGTON COUNTY SHERIFFS OFFICE,LAKE ELMO,5/22/2026 5:18:00 PM,WC26024269,"STILLWATER BLVD N / 50TH ST N, LAKE ELMO",TRAFFIC STOP
WASHINGTON COUNTY SHERIFFS OFFICE,LAKE ELMO,5/22/2026 8:02:03 PM,WC26024303,"Stillwater Blvd N / Jamaca Ave N, LAKE ELMO",ACCIDENT
WASHINGTON COUNTY SHERIFFS OFFICE,LAKE ELMO,5/22/2026 8:08:06 PM,WC26024307,"XXX Cimarron, LAKE ELMO",CHILD CUSTODY
WASHINGTON COUNTY SHERIFFS OFFICE,LAKE ELMO,5/22/2026 10:07:00 PM,WC26024328,"HWY 36 WB JWO MANNING AVE N, LAKE ELMO",TRAFFIC STOP
WASHINGTON COUNTY SHERIFFS OFFICE,LAKE ELMO,5/22/2026 10:56:00 PM,WC26024335,"8XXX  55th St N, LAKE ELMO",SUSPICIOUS PERSON/ACTIVITY
WASHINGTON COUNTY SHERIFFS OFFICE,LAKE ELMO,5/22/2026 11:47:27 PM,WC26024342,"KEATS AVE N TO I94 WB RAMP, LAKE ELMO",ASSIST OTHER AGENCY
WASHINGTON COUNTY SHERIFFS OFFICE,LAKE ELMO,5/23/2026 3:25:18 AM,WC26024359,"4XXX  STILLWATER WAY N, LAKE ELMO",SUSPICIOUS PERSON/ACTIVITY
WASHINGTON COUNTY SHERIFFS OFFICE,LAKE ELMO,5/23/2026 8:26:44 AM,WC26024377,"11XXX  32nd St N, LAKE ELMO",ANIMAL COMPLAINT
WASHINGTON COUNTY SHERIFFS OFFICE,LAKE ELMO,5/23/2026 9:57:18 AM,WC26024384,"XXX Manning Ave N, LAKE ELMO",MEDICAL
WASHINGTON COUNTY SHERIFFS OFFICE,LAKE ELMO,5/23/2026 10:21:03 AM,WC26024388,"1XXX  Annika Dr N, LAKE ELMO",WELFARE CHECK
WASHINGTON COUNTY SHERIFFS OFFICE,LAKE ELMO,5/23/2026 11:23:00 AM,WC26024406,"11XXX  10th St N, LAKE ELMO",ASSAULT
WASHINGTON COUNTY SHERIFFS OFFICE,LAKE ELMO,5/23/2026 12:47:56 PM,WC26024427,"1XXX  Annika Dr N, LAKE ELMO",FOLLOW UP
WASHINGTON COUNTY SHERIFFS OFFICE,LAKE ELMO,5/23/2026 1:04:58 PM,WC26024430,"3XXX  Laverne Ave N, LAKE ELMO",FOLLOW UP
WASHINGTON COUNTY SHERIFFS OFFICE,LAKE ELMO,5/23/2026 1:38:00 PM,WC26024435,"STILLWATER BLVD N / KLONDIKE AVE N, LAKE ELMO",TRAFFIC STOP
WASHINGTON COUNTY SHERIFFS OFFICE,LAKE ELMO,5/23/2026 2:08:18 PM,WC26024441,"9XXX  HUDSON BLVD N, LAKE ELMO",MEDICAL
WASHINGTON COUNTY SHERIFFS OFFICE,LAKE ELMO,5/23/2026 3:05:15 PM,WC26024454,"Unknown, LAKE ELMO",CITIZEN/PUBLIC ASSIST
WASHINGTON COUNTY SHERIFFS OFFICE,LAKE ELMO,5/23/2026 8:08:00 PM,WC26024491,"1XXX  KEATS AVE N, LAKE ELMO",PARKING VIOLATION
WASHINGTON COUNTY SHERIFFS OFFICE,LAKE ELMO,5/23/2026 8:12:23 PM,WC26024492,"8XXX  Lake Jane Trl N, LAKE ELMO",NOISE COMPLAINT/DISTURBANCE
WASHINGTON COUNTY SHERIFFS OFFICE,LAKE ELMO,5/23/2026 8:21:50 PM,WC26024493,"XXX Cimarron, LAKE ELMO",DISTURBANCE
WASHINGTON COUNTY SHERIFFS OFFICE,LAKE ELMO,5/23/2026 8:41:49 PM,WC26024496,"1XXX  Annika Dr N, LAKE ELMO",MEDICAL
WASHINGTON COUNTY SHERIFFS OFFICE,LAKE ELMO,5/23/2026 9:21:10 PM,WC26024501,"10th St N / Inwood Ave N, LAKE ELMO",DRIVING COMPLAINT
WASHINGTON COUNTY SHERIFFS OFFICE,LAKE ELMO,5/23/2026 9:57:43 PM,WC26024516,"Lake Elmo Ave N / 32nd St N, LAKE ELMO",NOISE COMPLAINT/DISTURBANCE
WASHINGTON COUNTY SHERIFFS OFFICE,LAKE ELMO,5/23/2026 11:47:18 PM,WC26024532,"XXX Jade Trl N, LAKE ELMO",MEDICAL
WASHINGTON COUNTY SHERIFFS OFFICE,LAKE SAINT CROIX BEACH,5/19/2026 4:16:06 PM,WC26023633,"1XXX  Racine Ave S, LAKE SAINT CROIX BEACH",CIVIL MATTER/DISPUTE
WASHINGTON COUNTY SHERIFFS OFFICE,LAKE SAINT CROIX BEACH,5/20/2026 10:02:18 AM,WC26023777,"Unknown, LAKE SAINT CROIX BEACH",CITIZEN/PUBLIC ASSIST
WASHINGTON COUNTY SHERIFFS OFFICE,LAKE SAINT CROIX BEACH,5/20/2026 1:25:26 PM,WC26023839,"1XXX  QUINLAN AVE S, LAKE SAINT CROIX BEACH",MEDICAL
WASHINGTON COUNTY SHERIFFS OFFICE,LAKE SAINT CROIX BEACH,5/20/2026 4:52:31 PM,WC26023880,"16XXX  18th St S, LAKE SAINT CROIX BEACH",PUBLIC WORKS CONCERN
WASHINGTON COUNTY SHERIFFS OFFICE,LAKE SAINT CROIX BEACH,5/20/2026 5:19:17 PM,WC26023884,"16XXX  18th St S, LAKE SAINT CROIX BEACH",PUBLIC WORKS CONCERN
WASHINGTON COUNTY SHERIFFS OFFICE,LAKE SAINT CROIX BEACH,5/20/2026 7:57:33 PM,WC26023911,"2XXX  Saint Croix Trl S, LAKE SAINT CROIX BEACH",DRIVING COMPLAINT
WASHINGTON COUNTY SHERIFFS OFFICE,LAKE SAINT CROIX BEACH,5/21/2026 9:52:00 AM,WC26024006,"16XXX  18th St S, LAKE SAINT CROIX BEACH",ASSIST OTHER AGENCY
WASHINGTON COUNTY SHERIFFS OFFICE,LAKE SAINT CROIX BEACH,5/21/2026 3:47:35 PM,WC26024080,"Saint Croix Trl S / 15th St S, LAKE SAINT CROIX BEACH",TRAFFIC COMPLAINT
WASHINGTON COUNTY SHERIFFS OFFICE,LAKE SAINT CROIX BEACH,5/22/2026 6:29:00 AM,WC26024159,"Saint Croix Trl S / 13th St S, LAKE SAINT CROIX BEACH",TRAFFIC STOP
WASHINGTON COUNTY SHERIFFS OFFICE,LAKE SAINT CROIX BEACH,5/23/2026 10:22:14 PM,WC26024523,"SAINT CROIX RIVER - MNR10, LAKE SAINT CROIX BEACH",AIRCRAFT/DRONE/UFO COMPLAINT
WASHINGTON COUNTY SHERIFFS OFFICE,LAKELAND,5/17/2026 2:58:57 AM,WC26023201,"I94 Bridge (hudson): I94 Wb - Mn, LAKELAND",ASSIST OTHER AGENCY
WASHINGTON COUNTY SHERIFFS OFFICE,LAKELAND,5/20/2026 7:17:10 PM,WC26023903,"Quixote Ave N Under I94 Hudson Bridge, LAKELAND",WELFARE CHECK
WASHINGTON COUNTY SHERIFFS OFFICE,LAKELAND,5/21/2026 2:07:45 PM,WC26024067,"16XXX  4th St N, LAKELAND",CITIZEN/PUBLIC ASSIST
WASHINGTON COUNTY SHERIFFS OFFICE,LAKELAND,5/22/2026 6:08:00 PM,WC26024282,"Saint Croix River Jso I94 Bridge-ll, LAKELAND",WATERCRAFT ASSIST/RESCUE
WASHINGTON COUNTY SHERIFFS OFFICE,LAKELAND,5/23/2026 12:00:00 AM,WC26024417,"Hudson Road / Queenan Avenue, LAKELAND",TRAFFIC STOP
WASHINGTON COUNTY SHERIFFS OFFICE,LAKELAND,5/23/2026 10:26:09 AM,WC26024398,"XXX Rivercrest Rd N, LAKELAND",ANIMAL COMPLAINT
WASHINGTON COUNTY SHERIFFS OFFICE,LAKELAND,5/23/2026 11:48:44 AM,WC26024415,"XXX Quinnell Ave N, LAKELAND",ANIMAL COMPLAINT
WASHINGTON COUNTY SHERIFFS OFFICE,LAKELAND,5/23/2026 9:36:55 PM,WC26024504,"XX SAINT CROIX TRL S, LAKELAND",SUSPICIOUS PERSON/ACTIVITY
WASHINGTON COUNTY SHERIFFS OFFICE,LANDFALL,5/18/2026 6:22:24 PM,WC26023487,"1ST AVE, LANDFALL",COMMUNITY CONTACT
WASHINGTON COUNTY SHERIFFS OFFICE,LANDFALL,5/20/2026 10:48:00 AM,WC26023787,"XX 5TH AVE, LANDFALL",PARKING VIOLATION
WASHINGTON COUNTY SHERIFFS OFFICE,LANDFALL,5/21/2026 5:02:11 PM,WC26024087,"Unknown, LANDFALL",OFFICER INFORMATION
WASHINGTON COUNTY SHERIFFS OFFICE,LANDFALL,5/23/2026 2:16:31 PM,WC26024443,"XX Juniper Curv, LANDFALL",CIVIL MATTER/DISPUTE
WASHINGTON COUNTY SHERIFFS OFFICE,MAHTOMEDI,5/17/2026 2:43:47 AM,WC26023200,"XXX STILLWATER RD, MAHTOMEDI",UNWANTED PERSON/VEHICLE
WASHINGTON COUNTY SHERIFFS OFFICE,MAHTOMEDI,5/17/2026 5:25:36 PM,WC26023274,"XXX 70th Ct N, MAHTOMEDI",DANCO VIOLATION
WASHINGTON COUNTY SHERIFFS OFFICE,MAHTOMEDI,5/17/2026 6:06:22 PM,WC26023285,"XXX Hidden Oaks Ct, MAHTOMEDI",FOUND PROPERTY/ITEM
WASHINGTON COUNTY SHERIFFS OFFICE,MAHTOMEDI,5/18/2026 2:45:03 AM,WC26023339,"XXX Stillwater Rd, MAHTOMEDI",ALARM-BUSINESS/RES/FIRE/MEDICAL/ETC
WASHINGTON COUNTY SHERIFFS OFFICE,MAHTOMEDI,5/18/2026 3:38:00 AM,WC26023350,"XXX Wildwood Rd, MAHTOMEDI",MEDICAL
WASHINGTON COUNTY SHERIFFS OFFICE,MAHTOMEDI,5/18/2026 5:35:56 AM,WC26023357,"XXX Wildwood Rd, MAHTOMEDI",ALARM-BUSINESS/RES/FIRE/MEDICAL/ETC
WASHINGTON COUNTY SHERIFFS OFFICE,MAHTOMEDI,5/18/2026 3:14:48 PM,WC26023449,"XXX Wildwood Rd, MAHTOMEDI",WEAPON COMPLAINT/VIOLATION
WASHINGTON COUNTY SHERIFFS OFFICE,MAHTOMEDI,5/18/2026 4:05:22 PM,WC26023461,"XXX Stillwater Rd, MAHTOMEDI",DISTURBANCE
WASHINGTON COUNTY SHERIFFS OFFICE,MAHTOMEDI,5/18/2026 5:02:57 PM,WC26023468,"Old Wildwood Rd / Wildwood Rd, MAHTOMEDI",ANIMAL COMPLAINT
WASHINGTON COUNTY SHERIFFS OFFICE,MAHTOMEDI,5/18/2026 5:17:42 PM,WC26023471,"XXX Wildwood Rd, MAHTOMEDI",HARASSMENT
WASHINGTON COUNTY SHERIFFS OFFICE,MAHTOMEDI,5/18/2026 5:54:10 PM,WC26023480,"XXX Wildwood Rd, MAHTOMEDI",911 ABANDONED/HANGUP/OPEN LINE
WASHINGTON COUNTY SHERIFFS OFFICE,MAHTOMEDI,5/18/2026 6:43:00 PM,WC26023491,"WARNER AVE N / STILLWATER RD, MAHTOMEDI",TRAFFIC STOP
WASHINGTON COUNTY SHERIFFS OFFICE,MAHTOMEDI,5/18/2026 11:50:22 PM,WC26023518,"XXX Stillwater Rd, MAHTOMEDI",ALARM-BUSINESS/RES/FIRE/MEDICAL/ETC
WASHINGTON COUNTY SHERIFFS OFFICE,MAHTOMEDI,5/19/2026 1:11:08 AM,WC26023524,"XXX Stillwater Rd, MAHTOMEDI",ALARM-BUSINESS/RES/FIRE/MEDICAL/ETC
WASHINGTON COUNTY SHERIFFS OFFICE,MAHTOMEDI,5/19/2026 1:52:00 AM,WC26023529,"WARNER AVE S / STILLWATER RD, MAHTOMEDI",TRAFFIC STOP
WASHINGTON COUNTY SHERIFFS OFFICE,MAHTOMEDI,5/19/2026 2:22:59 PM,WC26023615,"Unknown, MAHTOMEDI",CITIZEN/PUBLIC ASSIST
WASHINGTON COUNTY SHERIFFS OFFICE,MAHTOMEDI,5/19/2026 4:41:15 PM,WC26023636,"XXX Park Ave, MAHTOMEDI",ALARM-BUSINESS/RES/FIRE/MEDICAL/ETC
WASHINGTON COUNTY SHERIFFS OFFICE,MAHTOMEDI,5/19/2026 5:15:08 PM,WC26023639,"XX Long Lake Rd, MAHTOMEDI",911 ABANDONED/HANGUP/OPEN LINE
WASHINGTON COUNTY SHERIFFS OFFICE,MAHTOMEDI,5/19/2026 5:30:58 PM,WC26023641,"XXX Woodland Ct, MAHTOMEDI",MEDICAL
WASHINGTON COUNTY SHERIFFS OFFICE,MAHTOMEDI,5/19/2026 6:42:36 PM,WC26023656,"XX Long Lake Rd, MAHTOMEDI",911 ABANDONED/HANGUP/OPEN LINE
WASHINGTON COUNTY SHERIFFS OFFICE,MAHTOMEDI,5/19/2026 7:19:08 PM,WC26023661,"XX Long Lake Rd, MAHTOMEDI",911 ABANDONED/HANGUP/OPEN LINE
WASHINGTON COUNTY SHERIFFS OFFICE,MAHTOMEDI,5/19/2026 9:06:42 PM,WC26023678,"XXX Wildwood Rd, MAHTOMEDI",ACCIDENT
WASHINGTON COUNTY SHERIFFS OFFICE,MAHTOMEDI,5/19/2026 9:47:00 PM,WC26023684,"STILLWATER RD / WARNER AVE N, MAHTOMEDI",TRAFFIC STOP
WASHINGTON COUNTY SHERIFFS OFFICE,MAHTOMEDI,5/19/2026 10:13:33 PM,WC26023690,"XXX QUAIL ST, MAHTOMEDI",NOISE COMPLAINT/DISTURBANCE
WASHINGTON COUNTY SHERIFFS OFFICE,MAHTOMEDI,5/20/2026 6:59:00 AM,WC26023746,"1XXX  - 1498 MAHTOMEDI AVE, MAHTOMEDI",TRAFFIC STOP
WASHINGTON COUNTY SHERIFFS OFFICE,MAHTOMEDI,5/20/2026 7:06:38 AM,WC26023748,"XX Long Lake Rd, MAHTOMEDI",MEDICAL
WASHINGTON COUNTY SHERIFFS OFFICE,MAHTOMEDI,5/20/2026 8:14:09 AM,WC26023755,"XXX Wildwood Rd, MAHTOMEDI",911 ABANDONED/HANGUP/OPEN LINE
WASHINGTON COUNTY SHERIFFS OFFICE,MAHTOMEDI,5/20/2026 10:11:00 AM,WC26023779,"XXX - 998 LEDGESTONE DR, MAHTOMEDI",TRAFFIC STOP
WASHINGTON COUNTY SHERIFFS OFFICE,MAHTOMEDI,5/20/2026 10:28:00 AM,WC26023781,"XXX Warner Ave N, MAHTOMEDI",WELFARE CHECK
WASHINGTON COUNTY SHERIFFS OFFICE,MAHTOMEDI,5/20/2026 10:58:52 AM,WC26023796,"XX LONG LAKE RD, MAHTOMEDI",911 ABANDONED/HANGUP/OPEN LINE
WASHINGTON COUNTY SHERIFFS OFFICE,MAHTOMEDI,5/20/2026 11:49:07 AM,WC26023816,"XX Long Lake Rd, MAHTOMEDI",PROPERTY DAMAGE
WASHINGTON COUNTY SHERIFFS OFFICE,MAHTOMEDI,5/20/2026 12:05:00 PM,WC26023821,"1XXX  EAST SHORE AVE, MAHTOMEDI",MEDICAL
WASHINGTON COUNTY SHERIFFS OFFICE,MAHTOMEDI,5/20/2026 1:30:55 PM,WC26023842,"Century Ave / Long Lake Rd, MAHTOMEDI",ASSIST OTHER AGENCY
WASHINGTON COUNTY SHERIFFS OFFICE,MAHTOMEDI,5/20/2026 3:28:00 PM,WC26023858,"LONG LAKE RD / LEDGESTONE DR, MAHTOMEDI",TRAFFIC STOP
WASHINGTON COUNTY SHERIFFS OFFICE,MAHTOMEDI,5/20/2026 3:47:00 PM,WC26023865,"XXX Wedgewood Dr, MAHTOMEDI",OFFICER INFORMATION
WASHINGTON COUNTY SHERIFFS OFFICE,MAHTOMEDI,5/20/2026 3:50:00 PM,WC26023866,"EAST AVE / DAHLIA ST, MAHTOMEDI",TRAFFIC STOP
WASHINGTON COUNTY SHERIFFS OFFICE,MAHTOMEDI,5/20/2026 3:57:00 PM,WC26023868,"CENTURY AVE / WILDWOOD RD, MAHTOMEDI",TRAFFIC STOP
WASHINGTON COUNTY SHERIFFS OFFICE,MAHTOMEDI,5/20/2026 5:14:51 PM,WC26023882,"XXX Sprucewood Ct, MAHTOMEDI",DISTURBANCE
WASHINGTON COUNTY SHERIFFS OFFICE,MAHTOMEDI,5/20/2026 5:40:26 PM,WC26023889,"XXX Wildwood Rd, MAHTOMEDI",911 ABANDONED/HANGUP/OPEN LINE
WASHINGTON COUNTY SHERIFFS OFFICE,MAHTOMEDI,5/20/2026 6:10:19 PM,WC26023895,"Unknown, MAHTOMEDI",ANIMAL BITE
WASHINGTON COUNTY SHERIFFS OFFICE,MAHTOMEDI,5/20/2026 7:19:43 PM,WC26023905,"XXX Mahtomedi Ave, MAHTOMEDI",MEDICAL
WASHINGTON COUNTY SHERIFFS OFFICE,MAHTOMEDI,5/20/2026 7:52:58 PM,WC26023910,"1XXX  Hallam Ave N, MAHTOMEDI",PARK COMPLAINT
WASHINGTON COUNTY SHERIFFS OFFICE,MAHTOMEDI,5/20/2026 9:21:11 PM,WC26023925,"XXX Warner Ave N, MAHTOMEDI",CITIZEN/PUBLIC ASSIST
WASHINGTON COUNTY SHERIFFS OFFICE,MAHTOMEDI,5/20/2026 9:40:01 PM,WC26023930,"XXX Wedgewood Dr, MAHTOMEDI",NOISE COMPLAINT/DISTURBANCE
WASHINGTON COUNTY SHERIFFS OFFICE,MAHTOMEDI,5/20/2026 11:32:22 PM,WC26023943,"XXX Quail St, MAHTOMEDI",MEDICAL
WASHINGTON COUNTY SHERIFFS OFFICE,MAHTOMEDI,5/21/2026 1:21:00 AM,WC26023955,"XXX Quail St, MAHTOMEDI",MEDICAL
WASHINGTON COUNTY SHERIFFS OFFICE,MAHTOMEDI,5/21/2026 6:55:05 AM,WC26023975,"XXX East Ave, MAHTOMEDI",MEDICAL
WASHINGTON COUNTY SHERIFFS OFFICE,MAHTOMEDI,5/21/2026 11:23:37 AM,WC26024029,"XXX Robert Ct, MAHTOMEDI",FIRE
WASHINGTON COUNTY SHERIFFS OFFICE,MAHTOMEDI,5/21/2026 6:42:48 PM,WC26024102,"XXX Warner Ave N, MAHTOMEDI",MEDICAL
WASHINGTON COUNTY SHERIFFS OFFICE,MAHTOMEDI,5/21/2026 10:02:52 PM,WC26024121,"XXX Mahtomedi Ave, MAHTOMEDI",OFFICER INFORMATION
WASHINGTON COUNTY SHERIFFS OFFICE,MAHTOMEDI,5/21/2026 10:59:48 PM,WC26024128,"3XXX  Oakdale Dr, MAHTOMEDI",FOLLOW UP
WASHINGTON COUNTY SHERIFFS OFFICE,MAHTOMEDI,5/21/2026 11:20:16 PM,WC26024132,"XXX Wildwood Rd, MAHTOMEDI",THREATS
WASHINGTON COUNTY SHERIFFS OFFICE,MAHTOMEDI,5/22/2026 4:03:21 AM,WC26024155,"XX Mahtomedi Ave, MAHTOMEDI",ALARM-BUSINESS/RES/FIRE/MEDICAL/ETC
WASHINGTON COUNTY SHERIFFS OFFICE,MAHTOMEDI,5/22/2026 9:14:51 AM,WC26024179,"XXX Puma Ln, MAHTOMEDI",SUSPICIOUS PERSON/ACTIVITY
WASHINGTON COUNTY SHERIFFS OFFICE,MAHTOMEDI,5/22/2026 9:29:03 AM,WC26024187,"XXX Quail St, MAHTOMEDI",MEDICAL
WASHINGTON COUNTY SHERIFFS OFFICE,MAHTOMEDI,5/22/2026 11:00:01 AM,WC26024203,"XXX Bichner Ln, MAHTOMEDI",VEHICLE UNLOCK
WASHINGTON COUNTY SHERIFFS OFFICE,MAHTOMEDI,5/22/2026 3:17:08 PM,WC26024243,"XXX Barrington Pl, MAHTOMEDI",OFFICER INFORMATION
WASHINGTON COUNTY SHERIFFS OFFICE,MAHTOMEDI,5/22/2026 3:30:24 PM,WC26024246,"Park Ave / Crocus St, MAHTOMEDI",SUSPICIOUS PERSON/ACTIVITY
WASHINGTON COUNTY SHERIFFS OFFICE,MAHTOMEDI,5/22/2026 3:34:50 PM,WC26024249,"Unknown, MAHTOMEDI",OFFICER INFORMATION
WASHINGTON COUNTY SHERIFFS OFFICE,MAHTOMEDI,5/22/2026 6:30:00 PM,WC26024289,"Forest Av/ Stillwater Rd, MAHTOMEDI",PARKING VIOLATION
WASHINGTON COUNTY SHERIFFS OFFICE,MAHTOMEDI,5/22/2026 7:02:10 PM,WC26024297,"XXX Locust St, MAHTOMEDI",ASSIST OTHER AGENCY
WASHINGTON COUNTY SHERIFFS OFFICE,MAHTOMEDI,5/22/2026 8:39:00 PM,WC26024316,"XXX Stillwater Rd, MAHTOMEDI",DISTURBANCE
WASHINGTON COUNTY SHERIFFS OFFICE,MAHTOMEDI,5/22/2026 10:25:31 PM,WC26024331,"XXX Locust St, MAHTOMEDI",FOLLOW UP
WASHINGTON COUNTY SHERIFFS OFFICE,MAHTOMEDI,5/22/2026 11:42:30 PM,WC26024341,"XXX Wildwood Rd, MAHTOMEDI",DISTURBANCE
WASHINGTON COUNTY SHERIFFS OFFICE,MAHTOMEDI,5/23/2026 12:21:45 AM,WC26024345,"XX Long Lake Rd, MAHTOMEDI",911 ABANDONED/HANGUP/OPEN LINE
WASHINGTON COUNTY SHERIFFS OFFICE,MAHTOMEDI,5/23/2026 7:17:00 AM,WC26024368,"LINCOLNTOWN AVE / ROBERT ST, MAHTOMEDI",TRAFFIC STOP
WASHINGTON COUNTY SHERIFFS OFFICE,MAHTOMEDI,5/23/2026 8:23:00 AM,WC26024375,"Mahtomedi Ave / Oak St, MAHTOMEDI",TRAFFIC STOP
WASHINGTON COUNTY SHERIFFS OFFICE,MAHTOMEDI,5/23/2026 6:41:00 PM,WC26024479,"CENTURY AVE / LONG LAKE RD, MAHTOMEDI",TRAFFIC STOP
WASHINGTON COUNTY SHERIFFS OFFICE,MAHTOMEDI,5/23/2026 7:14:25 PM,WC26024487,"XXX Griffin Ct, MAHTOMEDI",WELFARE CHECK
WASHINGTON COUNTY SHERIFFS OFFICE,MAHTOMEDI,5/23/2026 10:32:35 PM,WC26024524,"HWY 244 AT WILDWOOD RD, MAHTOMEDI",ACCIDENT
WASHINGTON COUNTY SHERIFFS OFFICE,MARINE ON SAINT CROIX,5/19/2026 7:23:00 AM,WC26023538,"17XXX  - 17699 SAINT CROIX TRL N, MARINE ON SAINT CROIX",TRAFFIC STOP
WASHINGTON COUNTY SHERIFFS OFFICE,MARINE ON SAINT CROIX,5/19/2026 7:35:00 AM,WC26023539," SAINT CROIX TRL N & BUTTERNUT FALLS , MARINE ON SAINT CROIX",INCIDENT
WASHINGTON COUNTY SHERIFFS OFFICE,MARINE ON SAINT CROIX,5/21/2026 10:42:41 AM,WC26024021,"XXX Judd St, MARINE ON SAINT CROIX",THEFT
WASHINGTON COUNTY SHERIFFS OFFICE,MARINE ON SAINT CROIX,5/21/2026 11:28:08 AM,WC26024031,"XXX JUDD ST, MARINE ON SAINT CROIX",THEFT
WASHINGTON COUNTY SHERIFFS OFFICE,MARINE ON SAINT CROIX,5/22/2026 9:16:00 PM,WC26024325,"SAINT CROIX TRL N / MAPLE ST, MARINE ON SAINT CROIX",TRAFFIC STOP
WASHINGTON COUNTY SHERIFFS OFFICE,MAY TOWNSHIP,5/17/2026 2:02:12 PM,WC26023247,"12XXX  Square Lake Trail Ct N, MAY TOWNSHIP",VEHICLE UNLOCK
WASHINGTON COUNTY SHERIFFS OFFICE,MAY TOWNSHIP,5/18/2026 2:18:00 PM,WC26023432,"177th St N / Olinda Trl N, MAY TOWNSHIP",DUMPING COMPLAINT
WASHINGTON COUNTY SHERIFFS OFFICE,MAY TOWNSHIP,5/19/2026 11:40:04 AM,WC26023574,"170th St N / Olinda Trl N, MAY TOWNSHIP",CITIZEN/PUBLIC ASSIST
WASHINGTON COUNTY SHERIFFS OFFICE,MAY TOWNSHIP,5/20/2026 7:26:52 AM,WC26023749,"13XXX  Partridge Rd N, MAY TOWNSHIP",CITIZEN/PUBLIC ASSIST
WASHINGTON COUNTY SHERIFFS OFFICE,MAY TOWNSHIP,5/20/2026 1:56:06 PM,WC26023847,"12XXX  MANNING TRL N, MAY TOWNSHIP",FIRE
WASHINGTON COUNTY SHERIFFS OFFICE,MAY TOWNSHIP,5/20/2026 5:53:59 PM,WC26023891,"11XXX  NORELL AVE N, MAY TOWNSHIP",PARKING VIOLATION
WASHINGTON COUNTY SHERIFFS OFFICE,MAY TOWNSHIP,5/21/2026 8:08:22 AM,WC26023982,"14XXX  Ostlund Trl N, MAY TOWNSHIP",CITIZEN/PUBLIC ASSIST
WASHINGTON COUNTY SHERIFFS OFFICE,MAY TOWNSHIP,5/21/2026 8:19:22 AM,WC26023977,"MANNING TRL N / 120TH ST N, MAY TOWNSHIP",ACCIDENT
WASHINGTON COUNTY SHERIFFS OFFICE,MAY TOWNSHIP,5/21/2026 7:23:26 PM,WC26024109,"16XXX  154th St N, MAY TOWNSHIP",VEHICLE UNLOCK
WASHINGTON COUNTY SHERIFFS OFFICE,MAY TOWNSHIP,5/21/2026 10:25:01 PM,WC26024124,"15XXX  Square Lake Trl N, MAY TOWNSHIP",CITIZEN/PUBLIC ASSIST
WASHINGTON COUNTY SHERIFFS OFFICE,MAY TOWNSHIP,5/22/2026 11:07:19 PM,WC26024337,"Square Lake Trl N / Norell Ave N, MAY TOWNSHIP",ACCIDENT
WASHINGTON COUNTY SHERIFFS OFFICE,MAY TOWNSHIP,5/23/2026 4:22:47 PM,WC26024462,"Arcola Bridge (rr High Brg Swt) - Mn, MAY TOWNSHIP",TRESPASSING
WASHINGTON COUNTY SHERIFFS OFFICE,MAY TOWNSHIP,5/23/2026 6:50:00 PM,WC26024483,"12XXX  - 12704 MANNING TRL N, MAY TOWNSHIP",TRAFFIC STOP
WASHINGTON COUNTY SHERIFFS OFFICE,MAY TOWNSHIP,5/23/2026 7:37:04 PM,WC26024490,"14XXX  Manning Trl N, MAY TOWNSHIP",ACCIDENT
WASHINGTON COUNTY SHERIFFS OFFICE,NEWPORT,5/17/2026 9:57:00 AM,WC26023220,"1XXX  7th Ave, NEWPORT",FIRE
WASHINGTON COUNTY SHERIFFS OFFICE,NEWPORT,5/17/2026 11:02:39 AM,WC26023225,"1XXX  2nd Ave, NEWPORT",CIVIL MATTER/DISPUTE
WASHINGTON COUNTY SHERIFFS OFFICE,NEWPORT,5/17/2026 12:13:38 PM,WC26023229,"1XXX  10th Ave, NEWPORT",CIVIL MATTER/DISPUTE
WASHINGTON COUNTY SHERIFFS OFFICE,NEWPORT,5/17/2026 1:02:55 PM,WC26023235,"1XXX  10th Ave, NEWPORT",CIVIL MATTER/DISPUTE
WASHINGTON COUNTY SHERIFFS OFFICE,NEWPORT,5/17/2026 2:53:38 PM,WC26023248,"2XXX  2nd Ave, NEWPORT",CIVIL MATTER/DISPUTE
WASHINGTON COUNTY SHERIFFS OFFICE,NEWPORT,5/17/2026 4:36:16 PM,WC26023264,"1XXX  10th Ave, NEWPORT",MEDICAL
WASHINGTON COUNTY SHERIFFS OFFICE,NEWPORT,5/17/2026 6:07:00 PM,WC26023283,"1XXX  Hastings Ave, NEWPORT",THEFT FROM MOTOR VEHICLE
WASHINGTON COUNTY SHERIFFS OFFICE,NEWPORT,5/17/2026 8:02:00 PM,WC26023298,"1XXX  Woodbury Rd, NEWPORT",ALARM-BUSINESS/RES/FIRE/MEDICAL/ETC
WASHINGTON COUNTY SHERIFFS OFFICE,NEWPORT,5/17/2026 9:11:02 PM,WC26023310,"1XXX  8th Ave, NEWPORT",DISTURBANCE
WASHINGTON COUNTY SHERIFFS OFFICE,NEWPORT,5/18/2026 2:29:00 AM,WC26023338,"BAILEY RD / MILITARY RD, NEWPORT",TRAFFIC STOP
WASHINGTON COUNTY SHERIFFS OFFICE,NEWPORT,5/18/2026 5:22:07 AM,WC26023356,"2XXX  HASTINGS AVE, NEWPORT",FOUND PROPERTY/ITEM
WASHINGTON COUNTY SHERIFFS OFFICE,NEWPORT,5/18/2026 7:58:26 AM,WC26023367,"Hwy 61 Nb Jno 70th St S, NEWPORT",TRAFFIC COMPLAINT
WASHINGTON COUNTY SHERIFFS OFFICE,NEWPORT,5/18/2026 8:29:53 AM,WC26023371,"1XXX  7TH AVE, NEWPORT",FOLLOW UP
WASHINGTON COUNTY SHERIFFS OFFICE,NEWPORT,5/18/2026 10:07:00 AM,WC26023391,"Highway 61 & MAXWELL AVE, NEWPORT",TRAFFIC STOP
WASHINGTON COUNTY SHERIFFS OFFICE,NEWPORT,5/18/2026 10:19:15 AM,WC26023395,"XXX Red Rock Xing, NEWPORT",INCIDENT
WASHINGTON COUNTY SHERIFFS OFFICE,NEWPORT,5/18/2026 12:06:05 PM,WC26023411,"1XXX  Hastings Ave, NEWPORT",DRUNK/INTOXICATED 
WASHINGTON COUNTY SHERIFFS OFFICE,NEWPORT,5/18/2026 1:04:00 PM,WC26023420,"1XXX  - 2868 BAILEY RD, NEWPORT",TRAFFIC STOP
WASHINGTON COUNTY SHERIFFS OFFICE,NEWPORT,5/18/2026 1:16:14 PM,WC26023423,"XXX 6th Ave, NEWPORT",CITIZEN/PUBLIC ASSIST
WASHINGTON COUNTY SHERIFFS OFFICE,NEWPORT,5/18/2026 3:30:00 PM,WC26023450,"7TH AVE / GLEN RD, NEWPORT",TRAFFIC STOP
WASHINGTON COUNTY SHERIFFS OFFICE,NEWPORT,5/19/2026 1:37:00 AM,WC26023527,"MILITARY RD / CENTURY AVE, NEWPORT",TRAFFIC STOP
WASHINGTON COUNTY SHERIFFS OFFICE,NEWPORT,5/19/2026 4:38:03 AM,WC26023532,"2XXX  Hastings Ave, NEWPORT",MEDICAL
WASHINGTON COUNTY SHERIFFS OFFICE,NEWPORT,5/19/2026 9:37:00 AM,WC26023553,"Hwy 61 & Maxwell Ave, NEWPORT",TRAFFIC STOP
WASHINGTON COUNTY SHERIFFS OFFICE,NEWPORT,5/19/2026 10:24:00 AM,WC26023563,"Highway 61 & MAXWELL AVE, NEWPORT",TRAFFIC STOP
WASHINGTON COUNTY SHERIFFS OFFICE,NEWPORT,5/19/2026 10:27:37 AM,WC26023564,"1XXX  10th Ave, NEWPORT",WELFARE CHECK
WASHINGTON COUNTY SHERIFFS OFFICE,NEWPORT,5/19/2026 12:01:26 PM,WC26023584,"XXX 6TH AVE, NEWPORT",COMMUNITY CONTACT
WASHINGTON COUNTY SHERIFFS OFFICE,NEWPORT,5/19/2026 2:40:17 PM,WC26023616,"XX I494 Eb To Maxwell Ave Ramp, NEWPORT",ASSIST OTHER AGENCY
WASHINGTON COUNTY SHERIFFS OFFICE,NEWPORT,5/19/2026 3:09:31 PM,WC26023625,"XXX 18th St, NEWPORT",911 ABANDONED/HANGUP/OPEN LINE
WASHINGTON COUNTY SHERIFFS OFFICE,NEWPORT,5/19/2026 3:18:51 PM,WC26023628,"Military Rd / Bailey Rd, NEWPORT",TRAFFIC COMPLAINT
WASHINGTON COUNTY SHERIFFS OFFICE,NEWPORT,5/19/2026 3:43:47 PM,WC26023627,"1XXX  Hastings Ave, NEWPORT",FRAUD/SCAM
WASHINGTON COUNTY SHERIFFS OFFICE,NEWPORT,5/19/2026 10:23:00 PM,WC26023689,"18TH ST / 8TH AVE, NEWPORT",TRAFFIC STOP
WASHINGTON COUNTY SHERIFFS OFFICE,NEWPORT,5/19/2026 10:56:13 PM,WC26023693,"XXX 2nd Ave, NEWPORT",MEDICAL
WASHINGTON COUNTY SHERIFFS OFFICE,NEWPORT,5/20/2026 12:32:00 AM,WC26023710,"BAILEY RD/ STERLING AVE, NEWPORT",TRAFFIC STOP
WASHINGTON COUNTY SHERIFFS OFFICE,NEWPORT,5/20/2026 12:58:00 AM,WC26023717,"BAILEY RD/ STERLING AVE, NEWPORT",TRAFFIC STOP
WASHINGTON COUNTY SHERIFFS OFFICE,NEWPORT,5/20/2026 7:57:59 AM,WC26023753,"1XXX  Hastings Ave, NEWPORT",CITIZEN/PUBLIC ASSIST
WASHINGTON COUNTY SHERIFFS OFFICE,NEWPORT,5/20/2026 9:19:05 AM,WC26023769,"1XXX  Hastings Ave, NEWPORT",FOLLOW UP
WASHINGTON COUNTY SHERIFFS OFFICE,NEWPORT,5/20/2026 12:52:25 PM,WC26023830,"2XXX  Hastings Ave, NEWPORT",CIVIL MATTER/DISPUTE
WASHINGTON COUNTY SHERIFFS OFFICE,NEWPORT,5/20/2026 5:55:46 PM,WC26023893,"1XXX  - 2099 2ND AVE, NEWPORT",OTHER
WASHINGTON COUNTY SHERIFFS OFFICE,NEWPORT,5/20/2026 7:17:30 PM,WC26023904,"1XXX  3rd Ave, NEWPORT",CIVIL MATTER/DISPUTE
WASHINGTON COUNTY SHERIFFS OFFICE,NEWPORT,5/20/2026 10:25:50 PM,WC26023940,"1XXX  Barry Dr, NEWPORT",MEDICAL
WASHINGTON COUNTY SHERIFFS OFFICE,NEWPORT,5/21/2026 8:28:54 AM,WC26023980,"2XXX  Hastings Ave, NEWPORT",ALARM-BUSINESS/RES/FIRE/MEDICAL/ETC
WASHINGTON COUNTY SHERIFFS OFFICE,NEWPORT,5/21/2026 1:36:24 PM,WC26024061,"Unknown, NEWPORT",CITIZEN/PUBLIC ASSIST
WASHINGTON COUNTY SHERIFFS OFFICE,NEWPORT,5/21/2026 6:21:30 PM,WC26024098,"2XXX  HASTINGS AVE, NEWPORT",MEDICAL
WASHINGTON COUNTY SHERIFFS OFFICE,NEWPORT,5/21/2026 8:19:33 PM,WC26024115,"1XXX  8th Ave, NEWPORT",THREATS
WASHINGTON COUNTY SHERIFFS OFFICE,NEWPORT,5/21/2026 10:19:08 PM,WC26024123,"8th Ave / 17th St, NEWPORT",ANIMAL COMPLAINT
WASHINGTON COUNTY SHERIFFS OFFICE,NEWPORT,5/21/2026 10:27:29 PM,WC26024125,"XXX Red Rock Xing, NEWPORT",SUSPICIOUS PERSON/ACTIVITY
WASHINGTON COUNTY SHERIFFS OFFICE,NEWPORT,5/22/2026 1:48:42 AM,WC26024146,"1XXX  10th Ave, NEWPORT",UNWANTED PERSON/VEHICLE
WASHINGTON COUNTY SHERIFFS OFFICE,NEWPORT,5/22/2026 2:53:16 AM,WC26024151,"XXX 7th Ave, NEWPORT",JUVENILE COMPLAINT
WASHINGTON COUNTY SHERIFFS OFFICE,NEWPORT,5/22/2026 2:55:18 AM,WC26024152,"1XXX  10th Ave, NEWPORT",DISTURBANCE
WASHINGTON COUNTY SHERIFFS OFFICE,NEWPORT,5/22/2026 4:51:43 AM,WC26024156,"1XXX  10th Ave, NEWPORT",SUSPICIOUS PERSON/ACTIVITY
WASHINGTON COUNTY SHERIFFS OFFICE,NEWPORT,5/22/2026 9:10:00 AM,WC26023988,"HWY 61 SB TO 70TH ST S RAMP, NEWPORT",TRAFFIC STOP
WASHINGTON COUNTY SHERIFFS OFFICE,NEWPORT,5/22/2026 9:14:38 AM,WC26024184,"1XXX  10th Ave, NEWPORT",CITIZEN/PUBLIC ASSIST
WASHINGTON COUNTY SHERIFFS OFFICE,NEWPORT,5/22/2026 12:03:13 PM,WC26024212,"HASTINGS AVE / 20TH ST, NEWPORT",ACCIDENT
WASHINGTON COUNTY SHERIFFS OFFICE,NEWPORT,5/22/2026 2:54:50 PM,WC26024238,"2XXX  1st Ave, NEWPORT",OFP VIOLATION
WASHINGTON COUNTY SHERIFFS OFFICE,NEWPORT,5/22/2026 3:42:32 PM,WC26024248,"Bailey Rd / Military Rd, NEWPORT",ACCIDENT
WASHINGTON COUNTY SHERIFFS OFFICE,NEWPORT,5/22/2026 5:55:59 PM,WC26024277,"1XXX  10th Ave, NEWPORT",LOST PROPERTY/ITEM
WASHINGTON COUNTY SHERIFFS OFFICE,NEWPORT,5/22/2026 6:01:00 PM,WC26024278,"2XXX  HASTINGS AVE, NEWPORT",TRAFFIC STOP
WASHINGTON COUNTY SHERIFFS OFFICE,NEWPORT,5/22/2026 8:22:34 PM,WC26024312,"Unknown, NEWPORT",ANIMAL COMPLAINT
WASHINGTON COUNTY SHERIFFS OFFICE,NEWPORT,5/23/2026 5:53:00 AM,WC26024365,"1XXX  10th Ave, NEWPORT",TRESPASSING
WASHINGTON COUNTY SHERIFFS OFFICE,NEWPORT,5/23/2026 4:04:47 PM,WC26024458,"1XXX  10th Ave, NEWPORT",DISTURBANCE
WASHINGTON COUNTY SHERIFFS OFFICE,NEWPORT,5/23/2026 4:24:22 PM,WC26024463,"1XXX  10th Ave, NEWPORT",DISTURBANCE
WASHINGTON COUNTY SHERIFFS OFFICE,NEWPORT,5/23/2026 9:01:00 PM,WC26024497,"Highway 61 SB / Glen Rd, NEWPORT",TRAFFIC STOP
WASHINGTON COUNTY SHERIFFS OFFICE,OAK PARK HEIGHTS,5/18/2026 12:23:09 AM,WC26023326,"5XXX  Oldfield Ave N, OAK PARK HEIGHTS",ASSIST OTHER AGENCY
WASHINGTON COUNTY SHERIFFS OFFICE,OAK PARK HEIGHTS,5/21/2026 3:49:38 PM,WC26024081,"Saint Croix Crossing Bridge: Hwy 36 Wb - Mn, OAK PARK HEIGHTS",WATERCRAFT ASSIST/RESCUE
WASHINGTON COUNTY SHERIFFS OFFICE,OAK PARK HEIGHTS,5/21/2026 5:20:24 PM,WC26024091,"Saint Croix Crossing Bridge: Hwy 36 Eb - Mn, OAK PARK HEIGHTS",SUICIDE ATTEMPT/THREATS OF
WASHINGTON COUNTY SHERIFFS OFFICE,OAK PARK HEIGHTS,5/22/2026 10:08:58 AM,WC26024200,"14XXX  57th St N, OAK PARK HEIGHTS",ASSIST OTHER AGENCY
WASHINGTON COUNTY SHERIFFS OFFICE,OAK PARK HEIGHTS,5/22/2026 11:48:51 AM,WC26024210,"HWY 36 EB JWO ST CROIX CROSSING BRIDGE, OAK PARK HEIGHTS",ACCIDENT
WASHINGTON COUNTY SHERIFFS OFFICE,OAK PARK HEIGHTS,5/23/2026 12:34:00 AM,WC26024346,"SAINT CROIX TRL N AT HWY 36, OAK PARK HEIGHTS",DWI
WASHINGTON COUNTY SHERIFFS OFFICE,OAK PARK HEIGHTS,5/23/2026 10:11:00 AM,WC26024385,"Highway 36 / Norell Ave N, OAK PARK HEIGHTS",TRAFFIC STOP
WASHINGTON COUNTY SHERIFFS OFFICE,OAKDALE,5/17/2026 12:16:52 AM,WC26023189,"I694 SB JSO HWY 36, OAKDALE",ASSIST OTHER AGENCY
WASHINGTON COUNTY SHERIFFS OFFICE,OAKDALE,5/17/2026 10:12:38 PM,WC26023321,"5XXX  HADLEY AVE N, OAKDALE",WARRANT ARREST
WASHINGTON COUNTY SHERIFFS OFFICE,OAKDALE,5/19/2026 10:09:11 PM,WC26023688,"HWY 36 WB AT HWY 120, OAKDALE",DRIVING COMPLAINT
WASHINGTON COUNTY SHERIFFS OFFICE,OAKDALE,5/19/2026 11:42:00 PM,WC26023702,"GENEVA AVE N / HADLEY AVE N, OAKDALE",TRAFFIC STOP
WASHINGTON COUNTY SHERIFFS OFFICE,OAKDALE,5/20/2026 6:53:49 PM,WC26023900,"3XXX  Garden Blvd N, OAKDALE",CIVIL MATTER/DISPUTE
WASHINGTON COUNTY SHERIFFS OFFICE,OAKDALE,5/20/2026 9:50:20 PM,WC26023934,"3XXX  Granada Ln N, OAKDALE",ASSIST OTHER AGENCY
WASHINGTON COUNTY SHERIFFS OFFICE,OAKDALE,5/22/2026 5:14:05 AM,WC26024158,"1XXX  GLENBROOK AVE N, OAKDALE",ASSIST OTHER AGENCY
WASHINGTON COUNTY SHERIFFS OFFICE,OAKDALE,5/22/2026 6:46:09 PM,WC26024295,"HADLEY AVE N / 30TH ST N, OAKDALE",ASSIST OTHER AGENCY
WASHINGTON COUNTY SHERIFFS OFFICE,OAKDALE,5/23/2026 4:05:06 AM,WC26024361,"HWY 36 WB AT HWY 120, OAKDALE",ASSIST OTHER AGENCY
WASHINGTON COUNTY SHERIFFS OFFICE,OAKDALE,5/23/2026 11:47:54 AM,WC26024423,"3XXX  Gershwin Ave N, OAKDALE",ASSIST OTHER AGENCY
WASHINGTON COUNTY SHERIFFS OFFICE,OAKDALE,5/23/2026 12:11:18 PM,WC26024418,"HADLEY AVE N / 10TH ST N, OAKDALE",TRAFFIC STOP
WASHINGTON COUNTY SHERIFFS OFFICE,PINE SPRINGS,5/21/2026 4:45:22 AM,WC26023967,"XX Hwy 36 Eb At I694, PINE SPRINGS",ACCIDENT
WASHINGTON COUNTY SHERIFFS OFFICE,PINE SPRINGS,5/21/2026 8:34:49 PM,WC26024117,"3XXX  Oakdale Dr, PINE SPRINGS",PROPERTY DAMAGE
WASHINGTON COUNTY SHERIFFS OFFICE,SAINT MARYS POINT,5/17/2026 12:35:06 PM,WC26023232,"2XXX  River Rd S, SAINT MARYS POINT",LIFT ASSIST
WASHINGTON COUNTY SHERIFFS OFFICE,SAINT MARYS POINT,5/20/2026 12:01:49 PM,WC26023819,"SAINT MARYS DR S / QUEBEC AVE S, SAINT MARYS POINT",ANIMAL COMPLAINT
WASHINGTON COUNTY SHERIFFS OFFICE,SAINT MARYS POINT,5/22/2026 9:03:04 AM,WC26024174,"2XXX  Quello Ave S, SAINT MARYS POINT",RUNAWAY
WASHINGTON COUNTY SHERIFFS OFFICE,SAINT MARYS POINT,5/22/2026 11:10:02 AM,WC26024206,"2XXX  Itasca Ave S, SAINT MARYS POINT",911 ABANDONED/HANGUP/OPEN LINE
WASHINGTON COUNTY SHERIFFS OFFICE,SAINT PAUL PARK,5/17/2026 6:22:20 AM,WC26023209,"1XXX  5th St, SAINT PAUL PARK",ASSIST OTHER AGENCY
WASHINGTON COUNTY SHERIFFS OFFICE,SAINT PAUL PARK,5/17/2026 9:24:56 PM,WC26023315,"XX 7TH AVE W, SAINT PAUL PARK",ASSIST OTHER AGENCY
WASHINGTON COUNTY SHERIFFS OFFICE,SAINT PAUL PARK,5/17/2026 10:02:18 PM,WC26023319,"XXX Pleasant Ave, SAINT PAUL PARK",ASSIST OTHER AGENCY
WASHINGTON COUNTY SHERIFFS OFFICE,SAINT PAUL PARK,5/18/2026 7:45:19 PM,WC26023497,"XXX Pullman Ave, SAINT PAUL PARK",ASSIST OTHER AGENCY
WASHINGTON COUNTY SHERIFFS OFFICE,SAINT PAUL PARK,5/20/2026 6:11:54 AM,WC26023744,"1XXX  5TH ST, SAINT PAUL PARK",ASSIST OTHER AGENCY
WASHINGTON COUNTY SHERIFFS OFFICE,SCANDIA,5/17/2026 6:59:45 AM,WC26023211,"13XXX  Lakamaga Trl N, SCANDIA",MEDICAL
WASHINGTON COUNTY SHERIFFS OFFICE,SCANDIA,5/17/2026 12:56:45 PM,WC26023233,"18XXX  Olinda Trl N, SCANDIA",CIVIL MATTER/DISPUTE
WASHINGTON COUNTY SHERIFFS OFFICE,SCANDIA,5/17/2026 1:59:16 PM,WC26023243,"Unknown, SCANDIA",CIVIL MATTER/DISPUTE
WASHINGTON COUNTY SHERIFFS OFFICE,SCANDIA,5/17/2026 8:08:01 PM,WC26023299,"23XXX  Oldfield Ave N, SCANDIA",RUNAWAY
WASHINGTON COUNTY SHERIFFS OFFICE,SCANDIA,5/18/2026 7:17:02 AM,WC26023363,"13XXX  236th St N, SCANDIA",FOLLOW UP
WASHINGTON COUNTY SHERIFFS OFFICE,SCANDIA,5/18/2026 11:39:19 AM,WC26023403,"Saint Croix Trl N / Scandia Trl N, SCANDIA",ANIMAL COMPLAINT
WASHINGTON COUNTY SHERIFFS OFFICE,SCANDIA,5/18/2026 1:44:31 PM,WC26023429,"Manning Trl N / 180th St N, SCANDIA",SUSPICIOUS PERSON/ACTIVITY
WASHINGTON COUNTY SHERIFFS OFFICE,SCANDIA,5/18/2026 6:11:30 PM,WC26023490,"14XXX  202nd St N, SCANDIA",CITIZEN/PUBLIC ASSIST
WASHINGTON COUNTY SHERIFFS OFFICE,SCANDIA,5/19/2026 6:57:51 PM,WC26023659,"23XXX  Nolan Ave N, SCANDIA",CITIZEN/PUBLIC ASSIST
WASHINGTON COUNTY SHERIFFS OFFICE,SCANDIA,5/20/2026 7:59:47 AM,WC26023754,"12XXX  182nd St N, SCANDIA",CITIZEN/PUBLIC ASSIST
WASHINGTON COUNTY SHERIFFS OFFICE,SCANDIA,5/20/2026 9:02:21 AM,WC26023768,"21XXX  Odell Ave N, SCANDIA",VEHICLE UNLOCK
WASHINGTON COUNTY SHERIFFS OFFICE,SCANDIA,5/20/2026 4:36:09 PM,WC26023875,"20XXX  Saint Croix Trl N, SCANDIA",ACCIDENT
WASHINGTON COUNTY SHERIFFS OFFICE,SCANDIA,5/20/2026 7:14:00 PM,WC26023902,"Unknown, SCANDIA",CIVIL MATTER/DISPUTE
WASHINGTON COUNTY SHERIFFS OFFICE,SCANDIA,5/20/2026 7:38:49 PM,WC26023908,"16XXX  205th St N, SCANDIA",ALARM-BUSINESS/RES/FIRE/MEDICAL/ETC
WASHINGTON COUNTY SHERIFFS OFFICE,SCANDIA,5/21/2026 10:29:12 AM,WC26024016,"21XXX  Meadowbrook Cir N, SCANDIA",CIVIL MATTER/DISPUTE
WASHINGTON COUNTY SHERIFFS OFFICE,SCANDIA,5/21/2026 4:08:00 PM,WC26024084,"Saint Croix Trl N / Pilar Rd N, SCANDIA",ROAD HAZARD
WASHINGTON COUNTY SHERIFFS OFFICE,SCANDIA,5/21/2026 6:47:31 PM,WC26024104,"Saint Croix Trl N / Oakhill Rd N, SCANDIA",ACCIDENT
WASHINGTON COUNTY SHERIFFS OFFICE,SCANDIA,5/22/2026 12:32:33 AM,WC26024140,"19XXX  - 19098 SAINT CROIX TRL N, SCANDIA",ANIMAL COMPLAINT
WASHINGTON COUNTY SHERIFFS OFFICE,SCANDIA,5/22/2026 12:33:15 AM,WC26024141,"12XXX  182nd St N, SCANDIA",LIFT ASSIST
WASHINGTON COUNTY SHERIFFS OFFICE,SCANDIA,5/22/2026 2:11:00 AM,WC26024148,"MANNING TRL N / 185TH ST N, SCANDIA",DWI
WASHINGTON COUNTY SHERIFFS OFFICE,SCANDIA,5/22/2026 4:27:55 PM,WC26024258,"12XXX  182nd St N, SCANDIA",LIFT ASSIST
WASHINGTON COUNTY SHERIFFS OFFICE,SCANDIA,5/22/2026 5:35:50 PM,WC26024274,"21XXX  Meadowbrook Cir N, SCANDIA",CHILD CUSTODY
WASHINGTON COUNTY SHERIFFS OFFICE,SCANDIA,5/22/2026 7:13:59 PM,WC26024300,"16XXX  205th St N, SCANDIA",ALARM-BUSINESS/RES/FIRE/MEDICAL/ETC
WASHINGTON COUNTY SHERIFFS OFFICE,SCANDIA,5/23/2026 11:41:59 AM,WC26024413,"Scandia Trl N / Lofton Ave N, SCANDIA",TRAFFIC COMPLAINT
WASHINGTON COUNTY SHERIFFS OFFICE,SCANDIA,5/23/2026 1:49:05 PM,WC26024437,"Saint Croix Trl N / 220th St N, SCANDIA",TRAFFIC COMPLAINT
WASHINGTON COUNTY SHERIFFS OFFICE,SCANDIA,5/23/2026 2:16:03 PM,WC26024442,"19XXX  Parkview Ln N, SCANDIA",ALARM-BUSINESS/RES/FIRE/MEDICAL/ETC
WASHINGTON COUNTY SHERIFFS OFFICE,SCANDIA,5/23/2026 9:38:01 PM,WC26024506,"21XXX  Manning Trl N, SCANDIA",FIREWORKS
WASHINGTON COUNTY SHERIFFS OFFICE,SCANDIA,5/23/2026 9:39:34 PM,WC26024505,"19XXX  - 20198 MANNING TRL N, SCANDIA",ACCIDENT
WASHINGTON COUNTY SHERIFFS OFFICE,SCANDIA,5/23/2026 9:59:00 PM,WC26024513,"Olinda Trl N / Scandia Trl N, SCANDIA",TRAFFIC STOP
WASHINGTON COUNTY SHERIFFS OFFICE,STILLWATER,5/17/2026 12:28:16 PM,WC26023230,"15XXX  62ND ST N, STILLWATER",FUGITIVE FROM JUSTICE
WASHINGTON COUNTY SHERIFFS OFFICE,STILLWATER,5/18/2026 12:00:00 AM,WC26023510,"MYRTLE ST E / 2ND ST N, STILLWATER",ACCIDENT
WASHINGTON COUNTY SHERIFFS OFFICE,STILLWATER,5/18/2026 3:56:09 PM,WC26023459,"15XXX  62ND ST N, STILLWATER",SUSPICIOUS PERSON/ACTIVITY
WASHINGTON COUNTY SHERIFFS OFFICE,STILLWATER,5/18/2026 8:13:55 PM,WC26023500,"XXX STILLWATER AVE W, STILLWATER",CIVIL MATTER/DISPUTE
WASHINGTON COUNTY SHERIFFS OFFICE,STILLWATER,5/19/2026 9:41:44 AM,WC26023554,"15XXX  62nd St N, STILLWATER",FUGITIVE FROM JUSTICE
WASHINGTON COUNTY SHERIFFS OFFICE,STILLWATER,5/20/2026 4:36:00 AM,WC26023740,"HWY 36 WB TO STILLWATER BLVD N RAMP, STILLWATER",TRAFFIC STOP
WASHINGTON COUNTY SHERIFFS OFFICE,STILLWATER,5/20/2026 10:10:00 AM,WC26023778,"XX HWY 36 WB AT WASHINGTON AVE N, STILLWATER",TRAFFIC STOP
WASHINGTON COUNTY SHERIFFS OFFICE,STILLWATER,5/20/2026 1:04:26 PM,WC26023832,"15XXX  62ND ST N, STILLWATER",FUGITIVE FROM JUSTICE
WASHINGTON COUNTY SHERIFFS OFFICE,STILLWATER,5/21/2026 3:03:00 PM,WC26024066,"15XXX  62ND ST N, STILLWATER",WARRANT ARREST
WASHINGTON COUNTY SHERIFFS OFFICE,STILLWATER,5/22/2026 2:43:41 PM,WC26024237,"15XXX  62nd St N, STILLWATER",CITIZEN/PUBLIC ASSIST
WASHINGTON COUNTY SHERIFFS OFFICE,STILLWATER,5/22/2026 3:16:41 PM,WC26024257,"Osgood Ave N / 62nd St N, STILLWATER",ASSIST OTHER AGENCY
WASHINGTON COUNTY SHERIFFS OFFICE,STILLWATER,5/22/2026 5:19:13 PM,WC26024270,"SAINT CROIX RIVER JNO LIFT BRIDGE-SW, STILLWATER",BOAT STOP
WASHINGTON COUNTY SHERIFFS OFFICE,STILLWATER,5/22/2026 8:59:49 PM,WC26024322,"XXX Linden St W, STILLWATER",ASSIST OTHER AGENCY
WASHINGTON COUNTY SHERIFFS OFFICE,STILLWATER TOWNSHIP,5/17/2026 12:26:35 PM,WC26023231,"Saint Croix Trl N / Arcola Trl N, STILLWATER TOWNSHIP",SMOKE
WASHINGTON COUNTY SHERIFFS OFFICE,STILLWATER TOWNSHIP,5/17/2026 8:40:00 PM,WC26023305,"Partridge Rd N / 116th St N, STILLWATER TOWNSHIP",ACCIDENT
WASHINGTON COUNTY SHERIFFS OFFICE,STILLWATER TOWNSHIP,5/19/2026 8:26:35 AM,WC26023546,"11XXX  Saint Croix Trl N, STILLWATER TOWNSHIP",ANIMAL COMPLAINT
WASHINGTON COUNTY SHERIFFS OFFICE,STILLWATER TOWNSHIP,5/19/2026 5:35:20 PM,WC26023643,"NORELL AVE N / 116TH ST N, STILLWATER TOWNSHIP",CITIZEN/PUBLIC ASSIST
WASHINGTON COUNTY SHERIFFS OFFICE,STILLWATER TOWNSHIP,5/20/2026 4:47:32 PM,WC26023878,"9XXX  Stonebridge Trl N, STILLWATER TOWNSHIP",SHOTS FIRED/SHOOTING COMPLAINT
WASHINGTON COUNTY SHERIFFS OFFICE,STILLWATER TOWNSHIP,5/21/2026 7:06:59 AM,WC26023976,"14XXX  102nd St N, STILLWATER TOWNSHIP",TRAFFIC COMPLAINT
WASHINGTON COUNTY SHERIFFS OFFICE,STILLWATER TOWNSHIP,5/21/2026 10:43:29 PM,WC26024127,"15XXX  113th St N, STILLWATER TOWNSHIP",CITIZEN/PUBLIC ASSIST
WASHINGTON COUNTY SHERIFFS OFFICE,STILLWATER TOWNSHIP,5/22/2026 7:38:48 AM,WC26024164,"Norell Ave N / Myeron Rd N, STILLWATER TOWNSHIP",ACCIDENT
WASHINGTON COUNTY SHERIFFS OFFICE,STILLWATER TOWNSHIP,5/22/2026 9:53:10 AM,WC26024196,"9XXX  - 9699 MANNING AVE N, STILLWATER TOWNSHIP",DIRECTED PATROL
WASHINGTON COUNTY SHERIFFS OFFICE,STILLWATER TOWNSHIP,5/23/2026 3:13:03 AM,WC26024358,"BOOM SITE LANDING, STILLWATER TOWNSHIP",DISTURBANCE
WASHINGTON COUNTY SHERIFFS OFFICE,STILLWATER TOWNSHIP,5/23/2026 3:14:29 PM,WC26024451,"10XXX  Saint Croix Trl N, STILLWATER TOWNSHIP",TRAFFIC COMPLAINT
WASHINGTON COUNTY SHERIFFS OFFICE,WEST LAKELAND TOWNSHIP,5/17/2026 11:56:09 AM,WC26023228,"15XXX  Hudson Blvd N, WEST LAKELAND TOWNSHIP",MEDICAL
WASHINGTON COUNTY SHERIFFS OFFICE,WEST LAKELAND TOWNSHIP,5/17/2026 8:19:48 PM,WC26023301,"2XXX  NORTHRIDGE AVENUE CIR N, WEST LAKELAND TOWNSHIP",911 ABANDONED/HANGUP/OPEN LINE
WASHINGTON COUNTY SHERIFFS OFFICE,WEST LAKELAND TOWNSHIP,5/18/2026 4:06:35 AM,WC26023353,"2XXX  Oakgreen Ave N, WEST LAKELAND TOWNSHIP",ALARM-BUSINESS/RES/FIRE/MEDICAL/ETC
WASHINGTON COUNTY SHERIFFS OFFICE,WEST LAKELAND TOWNSHIP,5/19/2026 2:49:23 PM,WC26023617,"HUDSON RD N / STAGECOACH TRL N, WEST LAKELAND TOWNSHIP",MOTORIST ASSIST
WASHINGTON COUNTY SHERIFFS OFFICE,WEST LAKELAND TOWNSHIP,5/19/2026 2:55:18 PM,WC26023619,"MANNING AVE N & 2ND ST N, WEST LAKELAND TOWNSHIP",ACCIDENT
WASHINGTON COUNTY SHERIFFS OFFICE,WEST LAKELAND TOWNSHIP,5/19/2026 10:25:47 PM,WC26023691,"XXX Manning Ave N, WEST LAKELAND TOWNSHIP",VEHICLE UNLOCK
WASHINGTON COUNTY SHERIFFS OFFICE,WEST LAKELAND TOWNSHIP,5/20/2026 12:00:00 AM,WC26023732,"MANNING AVE N / 10TH ST N, WEST LAKELAND TOWNSHIP",TRAFFIC STOP
WASHINGTON COUNTY SHERIFFS OFFICE,WEST LAKELAND TOWNSHIP,5/20/2026 5:01:00 PM,WC26023881,"XX I94 Eb At Stagecoach Trl N, WEST LAKELAND TOWNSHIP",TRAFFIC STOP
WASHINGTON COUNTY SHERIFFS OFFICE,WEST LAKELAND TOWNSHIP,5/21/2026 8:51:18 PM,WC26024119,"XXX Paris Avenue Cir N, WEST LAKELAND TOWNSHIP",ALARM-BUSINESS/RES/FIRE/MEDICAL/ETC
WASHINGTON COUNTY SHERIFFS OFFICE,WEST LAKELAND TOWNSHIP,5/22/2026 2:51:38 AM,WC26024153,"I94 & STAGECOACH TRL N, WEST LAKELAND TOWNSHIP",DRIVING COMPLAINT
WASHINGTON COUNTY SHERIFFS OFFICE,WEST LAKELAND TOWNSHIP,5/23/2026 2:56:12 PM,WC26024447,"Swing Bridge (rr Brg In Wlt) - Mn, WEST LAKELAND TOWNSHIP",ORDINANCE VIOLATION
WASHINGTON COUNTY SHERIFFS OFFICE,WEST LAKELAND TOWNSHIP,5/23/2026 4:28:57 PM,WC26024466,"Unknown, WEST LAKELAND TOWNSHIP",OFFICER INFORMATION
WASHINGTON COUNTY SHERIFFS OFFICE,WEST LAKELAND TOWNSHIP,5/23/2026 4:31:40 PM,WC26024465,"12XXX  - 12498 10TH ST N, WEST LAKELAND TOWNSHIP",DIRECTED PATROL
WASHINGTON COUNTY SHERIFFS OFFICE,WILLERNIE,5/18/2026 10:13:00 PM,WC26023513,"XXX STILLWATER RD, WILLERNIE",THEFT FROM MOTOR VEHICLE
WASHINGTON COUNTY SHERIFFS OFFICE,WILLERNIE,5/23/2026 9:42:47 PM,WC26024507,"WILDWOOD RD / STILLWATER RD, WILLERNIE",PARKING VIOLATION
WASHINGTON COUNTY SHERIFFS OFFICE,WOODBURY,5/17/2026 10:03:35 PM,WC26023317,"RADIO DR / I94, WOODBURY",ASSIST OTHER AGENCY
WASHINGTON COUNTY SHERIFFS OFFICE,WOODBURY,5/19/2026 11:24:00 PM,WC26023698,"I494, WOODBURY",TRAFFIC STOP
WASHINGTON COUNTY SHERIFFS OFFICE,WOODBURY,5/20/2026 12:00:00 AM,WC26023704,"I94, WOODBURY",TRAFFIC STOP
WASHINGTON COUNTY SHERIFFS OFFICE,WOODBURY,5/21/2026 10:18:00 AM,WC26024009,"I94 EB East of Century Ave, WOODBURY",TRAFFIC STOP
WASHINGTON COUNTY SHERIFFS OFFICE,WOODBURY,5/21/2026 10:37:00 AM,WC26024018,"I94 east of Century Ave, WOODBURY",TRAFFIC STOP
WASHINGTON COUNTY SHERIFFS OFFICE,WOODBURY,5/21/2026 10:58:00 AM,WC26024023,"I94 EB East of Century Ave, WOODBURY",TRAFFIC STOP
WASHINGTON COUNTY SHERIFFS OFFICE,WOODBURY,5/21/2026 12:03:00 PM,WC26024036,"I94 EB East of Century Ave, WOODBURY",TRAFFIC STOP
WASHINGTON COUNTY SHERIFFS OFFICE,WOODBURY,5/21/2026 12:21:00 PM,WC26024041,"I94 EB East of Century Ave, WOODBURY",TRAFFIC STOP
WASHINGTON COUNTY SHERIFFS OFFICE,WOODBURY,5/21/2026 12:42:00 PM,WC26024044,"I94 EB East of Century Ave, WOODBURY",TRAFFIC STOP
WASHINGTON COUNTY SHERIFFS OFFICE,WOODBURY,5/21/2026 6:26:00 PM,WC26024011,"I94, WOODBURY",TRAFFIC STOP
WASHINGTON COUNTY SHERIFFS OFFICE,WOODBURY,5/22/2026 11:49:00 AM,WC26024045,"I94 EB RAMP, WOODBURY",TRAFFIC STOP
WASHINGTON COUNTY SHERIFFS OFFICE,WOODBURY,5/22/2026 11:56:00 AM,WC26024051,"I94, WOODBURY",TRAFFIC STOP
WASHINGTON COUNTY SHERIFFS OFFICE,WOODBURY,5/22/2026 12:39:00 PM,WC26024060,"I94 EB RAMP, WOODBURY",TRAFFIC STOP
WASHINGTON COUNTY SHERIFFS OFFICE,WOODBURY,5/22/2026 6:16:16 PM,WC26024285,"HUDSON RD / RADIO DR, WOODBURY",ASSIST OTHER AGENCY
WASHINGTON COUNTY SHERIFFS OFFICE,WOODBURY,5/22/2026 6:58:38 PM,WC26024299,"TAMARACK RD / BIELENBERG DR, WOODBURY",ASSIST OTHER AGENCY
WASHINGTON COUNTY SHERIFFS OFFICE,WOODBURY,5/23/2026 6:19:00 PM,WC26024475,"Woodbury Drive/I94E, WOODBURY",TRAFFIC STOP
WOODBURY PUBLIC SAFETY,LAKE ELMO,5/20/2026 1:46:40 AM,WB26020010,"8XXX  5TH ST N, LAKE ELMO",DWI
WOODBURY PUBLIC SAFETY,WOODBURY,5/17/2026 12:00:00 AM,WB26019670,"8XXX  BLOCK CITY CENTRE DR, WOODBURY",ACCIDENT
WOODBURY PUBLIC SAFETY,WOODBURY,5/17/2026 5:37:05 AM,WB26019564,"7XXX  Glen Crst, WOODBURY",UNWANTED PERSON/VEHICLE
WOODBURY PUBLIC SAFETY,WOODBURY,5/17/2026 8:03:08 AM,WB26019567,"XXX Kingfisher Ln, WOODBURY",WELFARE CHECK
WOODBURY PUBLIC SAFETY,WOODBURY,5/17/2026 8:57:18 AM,WB26019570,"4XXX  Radio Dr, WOODBURY",CIVIL MATTER/DISPUTE
WOODBURY PUBLIC SAFETY,WOODBURY,5/17/2026 9:10:38 AM,WB26019572,"9XXX  Norma Ln, WOODBURY",THEFT
WOODBURY PUBLIC SAFETY,WOODBURY,5/17/2026 10:56:21 AM,WB26019580,"2XXX  Wallingford Ln, WOODBURY",CIVIL MATTER/DISPUTE
WOODBURY PUBLIC SAFETY,WOODBURY,5/17/2026 12:42:29 PM,WB26019597,"4XXX  Copper Ridge Dr, WOODBURY",THEFT
WOODBURY PUBLIC SAFETY,WOODBURY,5/17/2026 1:58:39 PM,WB26019614,"Woodbury Dr / Hudson Rd, WOODBURY",ACCIDENT
WOODBURY PUBLIC SAFETY,WOODBURY,5/17/2026 2:17:17 PM,WB26019620,"7XXX  VALLEY CREEK PLZ, WOODBURY",JUVENILE COMPLAINT
WOODBURY PUBLIC SAFETY,WOODBURY,5/17/2026 4:30:48 PM,WB26019643,"7XXX  Valley Creek Plz, WOODBURY",BURGLARY
WOODBURY PUBLIC SAFETY,WOODBURY,5/17/2026 4:33:38 PM,WB26019644,"1XXX  WOODLANE DR, WOODBURY",SHOPLIFTING
WOODBURY PUBLIC SAFETY,WOODBURY,5/17/2026 4:56:28 PM,WB26019646,"1XXX  WEIR DR, WOODBURY",WANTED PERSON-KOPS ALERT/ATL
WOODBURY PUBLIC SAFETY,WOODBURY,5/17/2026 5:07:28 PM,WB26019649,"8XXX  Tamarack Vlg, WOODBURY",THEFT
WOODBURY PUBLIC SAFETY,WOODBURY,5/17/2026 5:07:30 PM,WB26019648,"1XXX  WEIR DR, WOODBURY",ACCIDENT
WOODBURY PUBLIC SAFETY,WOODBURY,5/17/2026 5:52:08 PM,WB26019655,"XXX Drew Dr, WOODBURY",THEFT
WOODBURY PUBLIC SAFETY,WOODBURY,5/17/2026 6:12:33 PM,WB26019658,"11XXX  Harness Vw, WOODBURY",DISTURBANCE
WOODBURY PUBLIC SAFETY,WOODBURY,5/17/2026 6:21:53 PM,WB26019659,"7XXX  VALLEY CREEK PLZ, WOODBURY",ACCIDENT
WOODBURY PUBLIC SAFETY,WOODBURY,5/17/2026 6:22:00 PM,WB26019660,"7XXX  Hargis Pkwy, WOODBURY",DISORDERLY CONDUCT
WOODBURY PUBLIC SAFETY,WOODBURY,5/17/2026 6:29:20 PM,WB26019662,"9XXX  HUDSON RD, WOODBURY",ACCIDENT
WOODBURY PUBLIC SAFETY,WOODBURY,5/17/2026 8:12:04 PM,WB26019672,"7XXX  Drake Rd, WOODBURY",THEFT FROM MOTOR VEHICLE
WOODBURY PUBLIC SAFETY,WOODBURY,5/17/2026 8:13:29 PM,WB26019673,"2XXX  Cornelia Trl, WOODBURY",WELFARE CHECK
WOODBURY PUBLIC SAFETY,WOODBURY,5/17/2026 8:41:32 PM,WB26019676,"Lake Rd / Torrey Dr, WOODBURY",WELFARE CHECK
WOODBURY PUBLIC SAFETY,WOODBURY,5/17/2026 9:02:35 PM,WB26019678,"9XXX  Cambridge Rd, WOODBURY",WELFARE CHECK
WOODBURY PUBLIC SAFETY,WOODBURY,5/17/2026 9:41:16 PM,WB26019684,"2XXX  CORNELIA TRL, WOODBURY",NOISE COMPLAINT/DISTURBANCE
WOODBURY PUBLIC SAFETY,WOODBURY,5/17/2026 9:50:36 PM,WB26019685,"2XXX  Wimbledon Pl, WOODBURY",WELFARE CHECK
WOODBURY PUBLIC SAFETY,WOODBURY,5/17/2026 10:19:29 PM,WB26019687,"Valley Creek Rd / Weir Dr, WOODBURY",ACCIDENT
WOODBURY PUBLIC SAFETY,WOODBURY,5/17/2026 11:50:46 PM,WB26019692,"1XXX  WOODLANE DR, WOODBURY",TRAFFIC STOP
WOODBURY PUBLIC SAFETY,WOODBURY,5/18/2026 12:37:30 AM,WB26019696,"Century Ave / I94, WOODBURY",ASSIST OTHER AGENCY
WOODBURY PUBLIC SAFETY,WOODBURY,5/18/2026 6:50:53 AM,WB26019710,"4XXX  Airlake Dr, WOODBURY",RUNAWAY
WOODBURY PUBLIC SAFETY,WOODBURY,5/18/2026 7:06:13 AM,WB26019711,"2XXX  Leyland Trl, WOODBURY",BURGLARY
WOODBURY PUBLIC SAFETY,WOODBURY,5/18/2026 8:25:15 AM,WB26019715,"4XXX  Copper Ridge Dr, WOODBURY",CIVIL MATTER/DISPUTE
WOODBURY PUBLIC SAFETY,WOODBURY,5/18/2026 8:42:02 AM,WB26019717,"7XXX  Hargis Pkwy, WOODBURY",DWI
WOODBURY PUBLIC SAFETY,WOODBURY,5/18/2026 9:02:43 AM,WB26019722,"9XXX  Ambrose Rd, WOODBURY",CIVIL MATTER/DISPUTE
WOODBURY PUBLIC SAFETY,WOODBURY,5/18/2026 10:05:26 AM,WB26019726,"6XXX  Scheel Dr, WOODBURY",PROPERTY DAMAGE
WOODBURY PUBLIC SAFETY,WOODBURY,5/18/2026 10:21:00 AM,WB26019728,"8XXX  TAMARACK VLG, WOODBURY",TRAFFIC STOP
WOODBURY PUBLIC SAFETY,WOODBURY,5/18/2026 10:39:05 AM,WB26019734,"XXX Kingfisher Ln, WOODBURY",CIVIL MATTER/DISPUTE
WOODBURY PUBLIC SAFETY,WOODBURY,5/18/2026 11:00:31 AM,WB26019737,"10XXX  HUDSON RD, WOODBURY",WANTED PERSON-KOPS ALERT/ATL
WOODBURY PUBLIC SAFETY,WOODBURY,5/18/2026 11:05:26 AM,WB26019740,"2XXX  Radio Dr, WOODBURY",FOUND PROPERTY/ITEM
WOODBURY PUBLIC SAFETY,WOODBURY,5/18/2026 11:47:22 AM,WB26019745,"8XXX  Valley Creek Rd, WOODBURY",OFFICER INFORMATION
WOODBURY PUBLIC SAFETY,WOODBURY,5/18/2026 12:28:03 PM,WB26019751,"RADIO DR / TAMARACK VLG, WOODBURY",ACCIDENT
WOODBURY PUBLIC SAFETY,WOODBURY,5/18/2026 12:40:14 PM,WB26019754,"2XXX  WOODLANE DR, WOODBURY",THREATS
WOODBURY PUBLIC SAFETY,WOODBURY,5/18/2026 12:56:01 PM,WB26019756,"2XXX  LEYLAND TRL, WOODBURY",PROPERTY DAMAGE
WOODBURY PUBLIC SAFETY,WOODBURY,5/18/2026 1:04:31 PM,WB26019759,"6XXX  Hudson Rd, WOODBURY",CIVIL MATTER/DISPUTE
WOODBURY PUBLIC SAFETY,WOODBURY,5/18/2026 1:29:15 PM,WB26019763,"XXX Kingfisher Ln, WOODBURY",REQUEST FOR EMERGENCY EXAM - 72 HR HOLD
WOODBURY PUBLIC SAFETY,WOODBURY,5/18/2026 2:21:00 PM,WB26019770,"6XXX  HUDSON RD, WOODBURY",WARRANT ARREST
WOODBURY PUBLIC SAFETY,WOODBURY,5/18/2026 3:09:50 PM,WB26019777,"8XXX  Spring Ln, WOODBURY",PROPERTY DAMAGE
WOODBURY PUBLIC SAFETY,WOODBURY,5/18/2026 3:37:13 PM,WB26019783,"3XXX  CAMELOT CIR, WOODBURY",FRAUD/SCAM
WOODBURY PUBLIC SAFETY,WOODBURY,5/18/2026 4:09:42 PM,WB26019786,"Radio Dr / Hudson Rd, WOODBURY",ACCIDENT
WOODBURY PUBLIC SAFETY,WOODBURY,5/18/2026 4:14:40 PM,WB26019788,"5XXX  Stable View Dr, WOODBURY",WELFARE CHECK
WOODBURY PUBLIC SAFETY,WOODBURY,5/18/2026 4:34:06 PM,WB26019790,"3XXX  Mulberry Dr, WOODBURY",CIVIL MATTER/DISPUTE
WOODBURY PUBLIC SAFETY,WOODBURY,5/18/2026 4:50:33 PM,WB26019793,"6XXX  Sandlewood Rd, WOODBURY",THEFT FROM MOTOR VEHICLE
WOODBURY PUBLIC SAFETY,WOODBURY,5/18/2026 6:40:57 PM,WB26019808,"XXX - 799 WEIR DR, WOODBURY",TRAFFIC STOP
WOODBURY PUBLIC SAFETY,WOODBURY,5/18/2026 7:15:06 PM,WB26019818,"9XXX  HUDSON RD, WOODBURY",TRESPASSING
WOODBURY PUBLIC SAFETY,WOODBURY,5/18/2026 8:22:54 PM,WB26019828,"Bailey Rd / Woodlane Dr, WOODBURY",ACCIDENT
WOODBURY PUBLIC SAFETY,WOODBURY,5/18/2026 10:30:00 PM,WB26019845,"7XXX  GUIDER DR, WOODBURY",FOUND PROPERTY/ITEM
WOODBURY PUBLIC SAFETY,WOODBURY,5/19/2026 12:00:00 AM,WB26019897,"8XXX  - 8000 VALLEY CREEK RD, WOODBURY",TRAFFIC STOP
WOODBURY PUBLIC SAFETY,WOODBURY,5/19/2026 1:16:16 AM,WB26019856,"1XXX  WOODLANE DR, WOODBURY",DRUGS
WOODBURY PUBLIC SAFETY,WOODBURY,5/19/2026 1:29:53 AM,WB26019858,"1XXX  WOODLANE DR, WOODBURY",SUSPICIOUS PERSON/ACTIVITY
WOODBURY PUBLIC SAFETY,WOODBURY,5/19/2026 7:14:37 AM,WB26019871,"XXX Kingfisher Ln, WOODBURY",WARRANT ARREST
WOODBURY PUBLIC SAFETY,WOODBURY,5/19/2026 9:35:00 AM,WB26019887,"9XXX  City Place Blvd, WOODBURY",DWI
WOODBURY PUBLIC SAFETY,WOODBURY,5/19/2026 9:50:10 AM,WB26019889,"3XXX  Collingwood LN, 3, WOODBURY",FRAUD/SCAM
WOODBURY PUBLIC SAFETY,WOODBURY,5/19/2026 11:52:32 AM,WB26019906,"8XXX  Rainier Bay, WOODBURY",MEDICAL
WOODBURY PUBLIC SAFETY,WOODBURY,5/19/2026 12:37:13 PM,WB26019915,"6XXX  Ashwood Rd, WOODBURY",CIVIL MATTER/DISPUTE
WOODBURY PUBLIC SAFETY,WOODBURY,5/19/2026 12:43:03 PM,WB26019917,"XXX Commerce Dr, WOODBURY",THEFT
WOODBURY PUBLIC SAFETY,WOODBURY,5/19/2026 2:08:25 PM,WB26019933,"Woodbury Dr / Hudson Rd, WOODBURY",ACCIDENT
WOODBURY PUBLIC SAFETY,WOODBURY,5/19/2026 3:16:04 PM,WB26019939,"9XXX  Hudson Pl, WOODBURY",PROPERTY DAMAGE
WOODBURY PUBLIC SAFETY,WOODBURY,5/19/2026 3:24:22 PM,WB26019941,"7XXX  Valley Creek Plz, WOODBURY",SHOPLIFTING
WOODBURY PUBLIC SAFETY,WOODBURY,5/19/2026 5:05:32 PM,WB26019958,"Commonwealth Rd / Oxford Dr, WOODBURY",DISTURBANCE
WOODBURY PUBLIC SAFETY,WOODBURY,5/19/2026 5:24:00 PM,WB26019961,"1XXX  Woodwinds Dr, WOODBURY",WARRANT ARREST
WOODBURY PUBLIC SAFETY,WOODBURY,5/19/2026 6:02:29 PM,WB26019965,"3XXX  Mount Vernon Ln, WOODBURY",FRAUD/SCAM
WOODBURY PUBLIC SAFETY,WOODBURY,5/19/2026 7:27:00 PM,WB26019970,"XXX STEWARTON DR, WOODBURY",HRO VIOLATION
WOODBURY PUBLIC SAFETY,WOODBURY,5/19/2026 7:56:58 PM,WB26019972,"2XXX  Eagle Trace Ln, WOODBURY",CIVIL MATTER/DISPUTE
WOODBURY PUBLIC SAFETY,WOODBURY,5/19/2026 9:04:38 PM,WB26019980,"2XXX  Woodcrest Dr, WOODBURY",DISTURBANCE
WOODBURY PUBLIC SAFETY,WOODBURY,5/19/2026 9:16:51 PM,WB26019982,"1XXX  WOODLANE DR, WOODBURY",TRESPASSING
WOODBURY PUBLIC SAFETY,WOODBURY,5/19/2026 9:47:41 PM,WB26019984,"6XXX  Ashwood Rd, WOODBURY",THREATS
WOODBURY PUBLIC SAFETY,WOODBURY,5/20/2026 3:05:34 AM,WB26020013,"VALLEY CREEK RD / WOODLANE DR, WOODBURY",WARRANT ARREST
WOODBURY PUBLIC SAFETY,WOODBURY,5/20/2026 5:49:57 AM,WB26020015,"1XXX  Century Cir, WOODBURY",PROPERTY DAMAGE
WOODBURY PUBLIC SAFETY,WOODBURY,5/20/2026 8:03:07 AM,WB26020019,"Woodbury Dr / Eagle Valley Dr, WOODBURY",ACCIDENT
WOODBURY PUBLIC SAFETY,WOODBURY,5/20/2026 8:16:10 AM,WB26020021,"XXX Commerce Dr, WOODBURY",PROPERTY DAMAGE
WOODBURY PUBLIC SAFETY,WOODBURY,5/20/2026 8:22:03 AM,WB26020023,"2XXX  Prairie Oak Trl, WOODBURY",SUSPICIOUS PERSON/ACTIVITY
WOODBURY PUBLIC SAFETY,WOODBURY,5/20/2026 10:57:28 AM,WB26020038,"9XXX  TAMARACK RD, WOODBURY",DISTURBANCE
WOODBURY PUBLIC SAFETY,WOODBURY,5/20/2026 11:43:34 AM,WB26020041,"1XXX  CENTURY CIR, WOODBURY",WELFARE CHECK
WOODBURY PUBLIC SAFETY,WOODBURY,5/20/2026 12:22:20 PM,WB26020044,"VALLEY CREEK RD TO I494 NB RAMP, WOODBURY",TRAFFIC STOP
WOODBURY PUBLIC SAFETY,WOODBURY,5/20/2026 1:10:45 PM,WB26020048,"1XXX  WOODHILL DR, WOODBURY",FRAUD/SCAM
WOODBURY PUBLIC SAFETY,WOODBURY,5/20/2026 2:02:13 PM,WB26020056,"1XXX  Queens Dr, WOODBURY",DISTURBANCE
WOODBURY PUBLIC SAFETY,WOODBURY,5/20/2026 2:08:27 PM,WB26020065,"Lake Road, WOODBURY",PROPERTY DAMAGE
WOODBURY PUBLIC SAFETY,WOODBURY,5/20/2026 2:32:54 PM,WB26020067,"7XXX  Tamarack Rd, WOODBURY",ACCIDENT
WOODBURY PUBLIC SAFETY,WOODBURY,5/20/2026 2:37:25 PM,WB26020062,"10XXX  Hudson Rd, WOODBURY",FOUND PROPERTY/ITEM
WOODBURY PUBLIC SAFETY,WOODBURY,5/20/2026 2:38:42 PM,WB26020063,"11XXX  Hudson Rd, WOODBURY",ACCIDENT
WOODBURY PUBLIC SAFETY,WOODBURY,5/20/2026 2:41:41 PM,WB26020072,"2XXX  Eagle Creek Ln, WOODBURY",SUSPICIOUS PERSON/ACTIVITY
WOODBURY PUBLIC SAFETY,WOODBURY,5/20/2026 2:55:30 PM,WB26020069,"TAMARACK RD / I494, WOODBURY",ACCIDENT
WOODBURY PUBLIC SAFETY,WOODBURY,5/20/2026 4:06:42 PM,WB26020080,"XXX Autumn Dr, WOODBURY",DISTURBANCE
WOODBURY PUBLIC SAFETY,WOODBURY,5/20/2026 4:09:04 PM,WB26020081,"8XXX  PROMENADE LN, WOODBURY",THEFT FROM MOTOR VEHICLE
WOODBURY PUBLIC SAFETY,WOODBURY,5/20/2026 4:22:34 PM,WB26020083,"11XXX  Dogwood Rd, WOODBURY",ANIMAL COMPLAINT
WOODBURY PUBLIC SAFETY,WOODBURY,5/20/2026 4:22:50 PM,WB26020082,"5XXX  PORCHLIGHT BAY, WOODBURY",SUSPICIOUS PERSON/ACTIVITY
WOODBURY PUBLIC SAFETY,WOODBURY,5/20/2026 4:31:13 PM,WB26020085,"WOODBURY LAKES RD / 9000 BLOCK, WOODBURY",ACCIDENT
WOODBURY PUBLIC SAFETY,WOODBURY,5/20/2026 5:01:00 PM,WB26020088,"6XXX  - 6448 TAMARACK RD, WOODBURY",THEFT
WOODBURY PUBLIC SAFETY,WOODBURY,5/20/2026 5:12:52 PM,WB26020089,"1XXX  LEANN DR, WOODBURY",WELFARE CHECK
WOODBURY PUBLIC SAFETY,WOODBURY,5/20/2026 5:36:50 PM,WB26020091,"CENTURY AVE S / VALLEY CREEK RD, WOODBURY",ACCIDENT
WOODBURY PUBLIC SAFETY,WOODBURY,5/20/2026 7:25:59 PM,WB26020103,"Woodlane Dr / Guider Dr, WOODBURY",TRAFFIC COMPLAINT
WOODBURY PUBLIC SAFETY,WOODBURY,5/20/2026 8:20:28 PM,WB26020108,"3XXX  Countryside Ave, WOODBURY",SUSPICIOUS PERSON/ACTIVITY
WOODBURY PUBLIC SAFETY,WOODBURY,5/20/2026 8:54:44 PM,WB26020111,"10XXX  Hudson Rd, WOODBURY",THEFT FROM MOTOR VEHICLE
WOODBURY PUBLIC SAFETY,WOODBURY,5/21/2026 12:21:36 AM,WB26020125,"10XXX  Hudson Rd, WOODBURY",CIVIL MATTER/DISPUTE
WOODBURY PUBLIC SAFETY,WOODBURY,5/21/2026 2:29:19 AM,WB26020128,"2XXX  CORNELIA TRL, WOODBURY",ACCIDENT
WOODBURY PUBLIC SAFETY,WOODBURY,5/21/2026 7:13:00 AM,WB26020135,"2XXX  VINING DR, WOODBURY",ANIMAL COMPLAINT
WOODBURY PUBLIC SAFETY,WOODBURY,5/21/2026 7:18:00 AM,WB26020340,"Lydia Lane/York Circle, WOODBURY",STOP ARM VIOLATION
WOODBURY PUBLIC SAFETY,WOODBURY,5/21/2026 9:53:00 AM,WB26020155,"WOODBURY DR / ARROWWOOD TRL, WOODBURY",ACCIDENT
WOODBURY PUBLIC SAFETY,WOODBURY,5/21/2026 9:59:20 AM,WB26020157,"1XXX  EVERGREEN DRAW, WOODBURY",DISTURBANCE
WOODBURY PUBLIC SAFETY,WOODBURY,5/21/2026 10:06:14 AM,WB26020159,"4XXX  Benjamin Dr, WOODBURY",THREATS
WOODBURY PUBLIC SAFETY,WOODBURY,5/21/2026 11:24:40 AM,WB26020166,"8XXX  Central Park Pl, WOODBURY",FIRE
WOODBURY PUBLIC SAFETY,WOODBURY,5/21/2026 11:46:41 AM,WB26020173,"9XXX  ARROWWOOD TRL, WOODBURY",CIVIL MATTER/DISPUTE
WOODBURY PUBLIC SAFETY,WOODBURY,5/21/2026 11:48:43 AM,WB26020172,"2XXX  WOODLANE DR, WOODBURY",PARKING COMPLAINT
WOODBURY PUBLIC SAFETY,WOODBURY,5/21/2026 1:39:48 PM,WB26020185,"1XXX  Belmont Dr, WOODBURY",SUSPICIOUS PERSON/ACTIVITY
WOODBURY PUBLIC SAFETY,WOODBURY,5/21/2026 2:53:26 PM,WB26020192,"3XXX  Hazel Trl, WOODBURY",ACCIDENT
WOODBURY PUBLIC SAFETY,WOODBURY,5/21/2026 3:10:59 PM,WB26020193,"8XXX  Tamarack Rd, WOODBURY",FRAUD/SCAM
WOODBURY PUBLIC SAFETY,WOODBURY,5/21/2026 4:01:00 PM,WB26020339,"5XXX  RADIO DR, WOODBURY",STOP ARM VIOLATION
WOODBURY PUBLIC SAFETY,WOODBURY,5/21/2026 4:08:14 PM,WB26020199,"11XXX  Crestbury Cir, WOODBURY",FOUND PROPERTY/ITEM
WOODBURY PUBLIC SAFETY,WOODBURY,5/21/2026 4:30:10 PM,WB26020202,"6XXX  Ashwood Rd, WOODBURY",ACCIDENT
WOODBURY PUBLIC SAFETY,WOODBURY,5/21/2026 4:32:04 PM,WB26020203,"Tamarack Rd / Bielenberg Dr, WOODBURY",ACCIDENT
WOODBURY PUBLIC SAFETY,WOODBURY,5/21/2026 4:58:22 PM,WB26020207,"Duluth Trading Company, WOODBURY",ACCIDENT
WOODBURY PUBLIC SAFETY,WOODBURY,5/21/2026 5:15:17 PM,WB26020208,"XXX STEWARTON DR, WOODBURY",ASSIST OTHER AGENCY
WOODBURY PUBLIC SAFETY,WOODBURY,5/21/2026 5:17:47 PM,WB26020209,"7XXX  Rimbley Rd, WOODBURY",ACCIDENT
WOODBURY PUBLIC SAFETY,WOODBURY,5/21/2026 5:28:25 PM,WB26020212,"Hudson Rd / Spring Hill Dr, WOODBURY",ACCIDENT
WOODBURY PUBLIC SAFETY,WOODBURY,5/21/2026 5:33:11 PM,WB26020214,"7XXX  VALLEY CREEK PLZ, WOODBURY",SHOPLIFTING
WOODBURY PUBLIC SAFETY,WOODBURY,5/21/2026 6:25:56 PM,WB26020222,"4XXX  Radio Dr, WOODBURY",DISTURBANCE
WOODBURY PUBLIC SAFETY,WOODBURY,5/21/2026 6:54:04 PM,WB26020225,"9XXX  HUDSON PL, WOODBURY",PROPERTY DAMAGE
WOODBURY PUBLIC SAFETY,WOODBURY,5/21/2026 7:35:39 PM,WB26020228,"DOGWOOD RD / DOGWOOD CT, WOODBURY",FOUND PROPERTY/ITEM
WOODBURY PUBLIC SAFETY,WOODBURY,5/21/2026 8:05:00 PM,WB26020230,"Lake Rd / Woodlane Dr, WOODBURY",ACCIDENT
WOODBURY PUBLIC SAFETY,WOODBURY,5/21/2026 8:12:43 PM,WB26020232,"2XXX  Radio Dr, WOODBURY",THEFT
WOODBURY PUBLIC SAFETY,WOODBURY,5/21/2026 8:55:33 PM,WB26020236,"10XXX  CITY WALK DR, WOODBURY",WELFARE CHECK
WOODBURY PUBLIC SAFETY,WOODBURY,5/21/2026 10:31:46 PM,WB26020243,"3XXX  COMMONWEALTH RD, WOODBURY",ASSIST OTHER AGENCY
WOODBURY PUBLIC SAFETY,WOODBURY,5/22/2026 8:01:33 AM,WB26020266,"2XXX  Cottage Grove Rdg, WOODBURY",DISTURBANCE
WOODBURY PUBLIC SAFETY,WOODBURY,5/22/2026 9:37:48 AM,WB26020278,"7XXX  ROBINWOOD BAY, WOODBURY",OFP VIOLATION
WOODBURY PUBLIC SAFETY,WOODBURY,5/22/2026 10:02:22 AM,WB26020280,"10XXX  Water Lily Ln, WOODBURY",FRAUD/SCAM
WOODBURY PUBLIC SAFETY,WOODBURY,5/22/2026 10:57:11 AM,WB26020285,"9XXX  Hudson Pl, WOODBURY",ACCIDENT
WOODBURY PUBLIC SAFETY,WOODBURY,5/22/2026 1:33:15 PM,WB26020310,"9XXX  Tamarack Rd, WOODBURY",ACCIDENT
WOODBURY PUBLIC SAFETY,WOODBURY,5/22/2026 1:59:27 PM,WB26020314,"7XXX  VALLEY CREEK PLZ, WOODBURY",SHOPLIFTING
WOODBURY PUBLIC SAFETY,WOODBURY,5/22/2026 2:47:19 PM,WB26020323,"7XXX  Heinbuch Trl, WOODBURY",FRAUD/SCAM
WOODBURY PUBLIC SAFETY,WOODBURY,5/22/2026 3:35:45 PM,WB26020329,"8XXX  Valley Creek Rd, WOODBURY",ACCIDENT
WOODBURY PUBLIC SAFETY,WOODBURY,5/22/2026 6:24:35 PM,WB26020364,"9XXX  Duckwood Trl, WOODBURY",MEDICAL
WOODBURY PUBLIC SAFETY,WOODBURY,5/22/2026 10:16:56 PM,WB26020387,"XXX COMMONS DR, WOODBURY",ASSAULT
WOODBURY PUBLIC SAFETY,WOODBURY,5/23/2026 12:00:00 AM,WB26020460,"8XXX  TAMARACK VLG, WOODBURY",LOST PROPERTY/ITEM
WOODBURY PUBLIC SAFETY,WOODBURY,5/23/2026 1:01:00 AM,WB26020421,"Savanna Oaks Bay, WOODBURY",DWI
WOODBURY PUBLIC SAFETY,WOODBURY,5/23/2026 12:09:45 PM,WB26020462,"Radio Dr / I94, WOODBURY",ACCIDENT
WOODBURY PUBLIC SAFETY,WOODBURY,5/23/2026 3:46:47 PM,WB26020498,"Bailey Rd / Pioneer Dr, WOODBURY",ACCIDENT
WOODBURY PUBLIC SAFETY,WOODBURY,5/23/2026 4:08:33 PM,WB26020502,"7XXX  Guider Dr, WOODBURY",BURGLARY
WOODBURY PUBLIC SAFETY,WOODBURY,5/23/2026 5:48:38 PM,WB26020514,"XXX Lake View Alc, WOODBURY",ASSAULT
WOODBURY PUBLIC SAFETY,WOODBURY,5/23/2026 11:18:50 PM,WB26020581,"Queens Dr / Valley Creek Rd, WOODBURY",FOUND PERSON

