AgencyName,Address_City_Description,CreatedOn1,CaseNum,Textbox28,EventDescription
BAYPORT POLICE DEPARTMENT,BAYPORT,8/9/2026 12:02:00 AM,BP26002617,"XXX - 598 MINNESOTA ST S, BAYPORT",TRAFFIC STOP
BAYPORT POLICE DEPARTMENT,BAYPORT,8/9/2026 12:12:01 AM,BP26002618,"XXX - 399 3RD ST N, BAYPORT",TRAFFIC STOP
BAYPORT POLICE DEPARTMENT,BAYPORT,8/9/2026 1:53:21 AM,BP26002620,"XXX - 198 3RD ST N, BAYPORT",TRAFFIC STOP
BAYPORT POLICE DEPARTMENT,BAYPORT,8/9/2026 2:00:36 AM,BP26002621,"XXX - 298 3RD ST N, BAYPORT",TRAFFIC STOP
BAYPORT POLICE DEPARTMENT,BAYPORT,8/9/2026 3:46:05 AM,BP26002623,"XX CENTRAL AVE, BAYPORT",Park Close
BAYPORT POLICE DEPARTMENT,BAYPORT,8/9/2026 3:55:03 AM,BP26002624,"XXX - 352 2ND AVE S, BAYPORT",ASSIST OTHER AGENCY
BAYPORT POLICE DEPARTMENT,BAYPORT,8/9/2026 11:09:22 AM,BP26002625,"XX Central Ave, BAYPORT",FOUND PROPERTY/ITEM
BAYPORT POLICE DEPARTMENT,BAYPORT,8/9/2026 11:29:56 PM,BP26002629,"XXX 3RD ST N, BAYPORT",JUVENILE COMPLAINT
BAYPORT POLICE DEPARTMENT,BAYPORT,8/10/2026 12:00:12 AM,BP26002630,"XX CENTRAL AVE, BAYPORT",Park Close
BAYPORT POLICE DEPARTMENT,BAYPORT,8/10/2026 8:54:03 AM,BP26002634,"XXX - 999 Highway 95 N, BAYPORT",TRAFFIC STOP
BAYPORT POLICE DEPARTMENT,BAYPORT,8/10/2026 9:25:38 AM,BP26002636,"XXX 3RD ST N, BAYPORT",ANIMAL COMPLAINT
BAYPORT POLICE DEPARTMENT,BAYPORT,8/10/2026 10:49:52 AM,BP26002637,"XX - 73 2ND AVE S, BAYPORT",ABANDONED VEHICLE
BAYPORT POLICE DEPARTMENT,BAYPORT,8/10/2026 2:39:00 PM,BP26002638,"XXX - 198 4TH ST N, BAYPORT",TRAFFIC STOP
BAYPORT POLICE DEPARTMENT,BAYPORT,8/10/2026 2:42:00 PM,BP26002639,"XXX - 598 MINNESOTA ST S, BAYPORT",TRAFFIC STOP
BAYPORT POLICE DEPARTMENT,BAYPORT,8/10/2026 3:13:52 PM,BP26002640,"XXX - 972 MINNESOTA ST S, BAYPORT",TRAFFIC STOP
BAYPORT POLICE DEPARTMENT,BAYPORT,8/10/2026 4:33:41 PM,BP26002642,"XXX - 299 MINNESOTA ST S, BAYPORT",TRAFFIC STOP
BAYPORT POLICE DEPARTMENT,BAYPORT,8/11/2026 12:57:31 AM,BP26002648,"XX CENTRAL AVE, BAYPORT",PARK CLOSED
BAYPORT POLICE DEPARTMENT,BAYPORT,8/11/2026 9:11:30 AM,BP26002651,"XXX - 399 7TH AVE N, BAYPORT",PARKING VIOLATION
BAYPORT POLICE DEPARTMENT,BAYPORT,8/11/2026 11:47:12 AM,BP26002655,"XXX 5th St S, BAYPORT",DISTURBANCE
BAYPORT POLICE DEPARTMENT,BAYPORT,8/11/2026 11:51:41 AM,BP26002656,"XXX 4th Ave N, BAYPORT",911 ABANDONED/HANGUP/OPEN LINE
BAYPORT POLICE DEPARTMENT,BAYPORT,8/11/2026 2:59:08 PM,BP26002659,"XXX - 999 Highway 95 N, BAYPORT",TRAFFIC STOP
BAYPORT POLICE DEPARTMENT,BAYPORT,8/11/2026 3:16:27 PM,BP26002660,"XXX 3RD ST N, BAYPORT",FAMILY ASSIST
BAYPORT POLICE DEPARTMENT,BAYPORT,8/11/2026 3:32:57 PM,BP26002661,"XXX 8th St N, BAYPORT",SUSPICIOUS PERSON/ACTIVITY
BAYPORT POLICE DEPARTMENT,BAYPORT,8/11/2026 8:27:00 PM,BP26002662,"Saint Croix Trl N / Osprey Blvd, BAYPORT",TRAFFIC STOP
BAYPORT POLICE DEPARTMENT,BAYPORT,8/11/2026 9:10:48 PM,BP26002663,"XX CENTRAL AVE, BAYPORT",PARK CLOSED
BAYPORT POLICE DEPARTMENT,BAYPORT,8/12/2026 5:03:10 AM,BP26002664,"XXX 6th St N, BAYPORT",MEDICAL
BAYPORT POLICE DEPARTMENT,BAYPORT,8/12/2026 8:50:48 AM,BP26002665,"XXX Central Ave, BAYPORT",SUSPICIOUS PERSON/ACTIVITY
BAYPORT POLICE DEPARTMENT,BAYPORT,8/12/2026 9:12:59 AM,BP26002666,"XXX 4TH ST N, BAYPORT",SUSPICIOUS ODOR
BAYPORT POLICE DEPARTMENT,BAYPORT,8/12/2026 10:37:20 AM,BP26002668,"XX POINT RD, BAYPORT",DRUGS
BAYPORT POLICE DEPARTMENT,BAYPORT,8/12/2026 10:51:10 AM,BP26002669,"XX CENTRAL AVE, BAYPORT",CITIZEN/PUBLIC ASSIST
BAYPORT POLICE DEPARTMENT,BAYPORT,8/12/2026 10:56:28 AM,BP26002670,"XXX 5th Ave N, BAYPORT",CITIZEN/PUBLIC ASSIST
BAYPORT POLICE DEPARTMENT,BAYPORT,8/12/2026 10:58:48 AM,BP26002671,"XXX 4th St N, BAYPORT",KEEPING CARCASS
BAYPORT POLICE DEPARTMENT,BAYPORT,8/12/2026 1:59:39 PM,BP26002672,"XXX 3RD ST N, BAYPORT",CITIZEN/PUBLIC ASSIST
BAYPORT POLICE DEPARTMENT,BAYPORT,8/12/2026 2:38:50 PM,BP26002673,"XXX Highway 95 N, BAYPORT",911 ABANDONED/HANGUP/OPEN LINE
BAYPORT POLICE DEPARTMENT,BAYPORT,8/12/2026 3:09:06 PM,BP26002674,"XX CENTRAL AVE, BAYPORT",FOUND PROPERTY/ITEM
BAYPORT POLICE DEPARTMENT,BAYPORT,8/12/2026 7:17:39 PM,BP26002675,"XX Point Rd, BAYPORT",FOLLOW UP
BAYPORT POLICE DEPARTMENT,BAYPORT,8/12/2026 11:51:04 PM,BP26002677,"XXX Highway 95 N, BAYPORT",MEDICAL
BAYPORT POLICE DEPARTMENT,BAYPORT,8/13/2026 2:06:43 AM,BP26002679,"XX CENTRAL AVE, BAYPORT",Park Close
BAYPORT POLICE DEPARTMENT,BAYPORT,8/13/2026 2:55:56 AM,BP26002680,"XXX 4th St N, BAYPORT",ALARM-BUSINESS/RES/FIRE/MEDICAL/ETC
BAYPORT POLICE DEPARTMENT,BAYPORT,8/13/2026 9:32:10 AM,BP26002681,"XXX Mariner Dr, BAYPORT",911 ABANDONED/HANGUP/OPEN LINE
BAYPORT POLICE DEPARTMENT,BAYPORT,8/13/2026 4:17:12 PM,BP26002683,"XXX ARGUS SQ, BAYPORT",RUNAWAY
BAYPORT POLICE DEPARTMENT,BAYPORT,8/13/2026 9:44:14 PM,BP26002684,"XXX 3rd St N, BAYPORT",TRAFFIC COMPLAINT
BAYPORT POLICE DEPARTMENT,BAYPORT,8/13/2026 10:29:15 PM,BP26002685,"XX CENTRAL AVE, BAYPORT",Park Close
BAYPORT POLICE DEPARTMENT,BAYPORT,8/14/2026 7:05:35 AM,BP26002687,"XXX Pickett St N, BAYPORT",VEHICLE UNLOCK
BAYPORT POLICE DEPARTMENT,BAYPORT,8/14/2026 1:46:50 PM,BP26002693,"1XXX  Pioneer Trl, BAYPORT",CITIZEN/PUBLIC ASSIST
BAYPORT POLICE DEPARTMENT,BAYPORT,8/14/2026 1:54:27 PM,BP26002692,"XX Central Ave, BAYPORT",CITIZEN/PUBLIC ASSIST
BAYPORT POLICE DEPARTMENT,BAYPORT,8/14/2026 3:44:13 PM,BP26002694,"XXX 5th Ave N, BAYPORT",MEDICAL
BAYPORT POLICE DEPARTMENT,BAYPORT,8/14/2026 4:00:00 PM,BP26002695,"XXX 4th Ave N, BAYPORT",TRAFFIC STOP
BAYPORT POLICE DEPARTMENT,BAYPORT,8/15/2026 7:52:10 AM,BP26002697,"XXX - 599 MINNESOTA ST S, BAYPORT",TRAFFIC STOP
BAYPORT POLICE DEPARTMENT,BAYPORT,8/15/2026 11:27:13 AM,BP26002702,"XXX 4th St S, BAYPORT",CIVIL MATTER/DISPUTE
BAYPORT POLICE DEPARTMENT,BAYPORT,8/15/2026 12:39:00 PM,BP26002703,"XXX - 498 3RD ST N, BAYPORT",TRAFFIC STOP
BAYPORT POLICE DEPARTMENT,BAYPORT,8/15/2026 3:27:03 PM,BP26002706,"XXX - 998 Highway 95 N, BAYPORT",TRAFFIC STOP
BAYPORT POLICE DEPARTMENT,BAYPORT,8/15/2026 11:21:07 PM,BP26002711,"XXX - 498 MINNESOTA ST S, BAYPORT",TRAFFIC STOP
BAYPORT POLICE DEPARTMENT,BAYPORT,8/15/2026 11:35:52 PM,BP26002712,"MINNESOTA ST S / 3RD AVE S, BAYPORT",TRAFFIC STOP
BAYPORT POLICE DEPARTMENT,BAYTOWN TOWNSHIP,8/10/2026 4:43:45 PM,BP26002643,"4XXX  - 4258 STAGECOACH TRL N, BAYTOWN TOWNSHIP",TRAFFIC STOP
BAYPORT POLICE DEPARTMENT,OAK PARK HEIGHTS,8/9/2026 2:17:37 AM,BP26002622,"HWY 95 TO HWY 36 WB RAMP, OAK PARK HEIGHTS",TRAFFIC STOP
BAYPORT POLICE DEPARTMENT,OAK PARK HEIGHTS,8/10/2026 12:11:32 AM,BP26002631,"5XXX  - 5502 SAINT CROIX TRL N, OAK PARK HEIGHTS",MOTORIST ASSIST
BAYPORT POLICE DEPARTMENT,OAK PARK HEIGHTS,8/10/2026 2:01:35 AM,BP26002632,"Beach Rd N / 60th St N, OAK PARK HEIGHTS",ASSIST OTHER AGENCY
BAYPORT POLICE DEPARTMENT,OAK PARK HEIGHTS,8/11/2026 1:54:06 AM,BP26002649,"Beach Rd N / 60th St N, OAK PARK HEIGHTS",ASSIST OTHER AGENCY
BAYPORT POLICE DEPARTMENT,OAK PARK HEIGHTS,8/11/2026 12:47:42 PM,BP26002657,"6XXX  Paris Ave N, OAK PARK HEIGHTS",ASSIST OTHER AGENCY
BAYPORT POLICE DEPARTMENT,OAK PARK HEIGHTS,8/12/2026 10:31:10 PM,BP26002676,"14XXX  58th St N, OAK PARK HEIGHTS",ASSIST OTHER AGENCY
BAYPORT POLICE DEPARTMENT,OAK PARK HEIGHTS,8/13/2026 12:38:51 AM,BP26002678,"14XXX  58TH ST N, OAK PARK HEIGHTS",ASSIST OTHER AGENCY
BAYPORT POLICE DEPARTMENT,OAK PARK HEIGHTS,8/13/2026 11:50:08 PM,BP26002686,"14XXX  58TH ST N, OAK PARK HEIGHTS",ASSIST OTHER AGENCY
BAYPORT POLICE DEPARTMENT,OAK PARK HEIGHTS,8/14/2026 7:35:46 AM,BP26002688,"Hwy 36 Eb At Osgood Ave N, OAK PARK HEIGHTS",ASSIST OTHER AGENCY
BAYPORT POLICE DEPARTMENT,OAK PARK HEIGHTS,8/14/2026 1:43:01 PM,BP26002691,"14XXX  58TH ST N, OAK PARK HEIGHTS",WARRANT ATTEMPT
BAYPORT POLICE DEPARTMENT,OAK PARK HEIGHTS,8/15/2026 9:14:12 AM,BP26002700,"14XXX  58th St N, OAK PARK HEIGHTS",ASSIST OTHER AGENCY
BAYPORT POLICE DEPARTMENT,OAK PARK HEIGHTS,8/15/2026 9:37:35 AM,BP26002701,"14XXX  58TH ST N, OAK PARK HEIGHTS",ASSIST OTHER AGENCY
BAYPORT POLICE DEPARTMENT,OAK PARK HEIGHTS,8/15/2026 1:26:21 PM,BP26002705,"58TH ST N / NOVA SCOTIA AVE N, OAK PARK HEIGHTS",ASSIST OTHER AGENCY
BAYPORT POLICE DEPARTMENT,OAK PARK HEIGHTS,8/15/2026 6:01:00 PM,BP26002708,"5XXX  OSGOOD AVE N, OAK PARK HEIGHTS",TRAFFIC STOP
BAYPORT POLICE DEPARTMENT,STILLWATER,8/9/2026 10:51:52 PM,BP26002628,"1XXX  Greeley St S, STILLWATER",ASSIST OTHER AGENCY
BAYPORT POLICE DEPARTMENT,STILLWATER,8/14/2026 11:11:41 AM,BP26002690,"14XXX  62nd St N, STILLWATER",ASSIST OTHER AGENCY
BAYPORT POLICE DEPARTMENT,WEST LAKELAND TOWNSHIP,8/9/2026 1:28:29 AM,BP26002619,"2XXX  - 2898 SAINT CROIX TRL N, WEST LAKELAND TOWNSHIP",TRAFFIC STOP
BAYPORT POLICE DEPARTMENT,WEST LAKELAND TOWNSHIP,8/10/2026 7:07:25 PM,BP26002645,"2XXX  - 2899 SAINT CROIX TRL N, WEST LAKELAND TOWNSHIP",TRAFFIC STOP
COTTAGE GROVE POLICE DEPARTMENT,COTTAGE GROVE,8/9/2026 8:56:52 AM,CG26034472,"6XXX  Jasmine Ave S, COTTAGE GROVE",HARASSMENT
COTTAGE GROVE POLICE DEPARTMENT,COTTAGE GROVE,8/9/2026 12:00:33 PM,CG26034494,"7XXX  98th St S, COTTAGE GROVE",MEDICAL
COTTAGE GROVE POLICE DEPARTMENT,COTTAGE GROVE,8/9/2026 12:28:45 PM,CG26034498,"9XXX  East Point Douglas Rd S, COTTAGE GROVE",ACCIDENT
COTTAGE GROVE POLICE DEPARTMENT,COTTAGE GROVE,8/9/2026 1:11:36 PM,CG26034500,"7XXX  Jenner Cir S, COTTAGE GROVE",MEDICAL
COTTAGE GROVE POLICE DEPARTMENT,COTTAGE GROVE,8/9/2026 2:31:03 PM,CG26034508,"8XXX  81st St S, COTTAGE GROVE",MEDICAL
COTTAGE GROVE POLICE DEPARTMENT,COTTAGE GROVE,8/9/2026 6:01:47 PM,CG26034539,"80TH ST S OVER HWY 61, COTTAGE GROVE",TRAFFIC STOP
COTTAGE GROVE POLICE DEPARTMENT,COTTAGE GROVE,8/9/2026 7:22:41 PM,CG26034543,"7XXX  Jensen Ave S, COTTAGE GROVE",JUVENILE COMPLAINT
COTTAGE GROVE POLICE DEPARTMENT,COTTAGE GROVE,8/9/2026 7:45:25 PM,CG26034546,"9XXX  East Point Douglas Rd S, COTTAGE GROVE",THEFT
COTTAGE GROVE POLICE DEPARTMENT,COTTAGE GROVE,8/9/2026 8:04:16 PM,CG26034547,"9XXX  EAST POINT DOUGLAS RD S, COTTAGE GROVE",THEFT
COTTAGE GROVE POLICE DEPARTMENT,COTTAGE GROVE,8/9/2026 9:40:57 PM,CG26034549,"6XXX  HINTERLAND TRL S, COTTAGE GROVE",DANCO VIOLATION
COTTAGE GROVE POLICE DEPARTMENT,COTTAGE GROVE,8/9/2026 10:18:10 PM,CG26034551,"7XXX  Hidden Valley Trl S, COTTAGE GROVE",MEDICAL
COTTAGE GROVE POLICE DEPARTMENT,COTTAGE GROVE,8/10/2026 3:43:39 AM,CG26034566,"6XXX  Graiton Ave S, COTTAGE GROVE",MEDICAL
COTTAGE GROVE POLICE DEPARTMENT,COTTAGE GROVE,8/10/2026 8:08:05 AM,CG26034580,"9XXX  Hamlet Ave S, COTTAGE GROVE",MEDICAL
COTTAGE GROVE POLICE DEPARTMENT,COTTAGE GROVE,8/10/2026 8:24:14 AM,CG26034586,"7XXX  Jeffery Ln S, COTTAGE GROVE",PARKING VIOLATION
COTTAGE GROVE POLICE DEPARTMENT,COTTAGE GROVE,8/10/2026 8:29:00 AM,CG26034583,"7XXX  Hyde Ave S, COTTAGE GROVE",PROPERTY DAMAGE
COTTAGE GROVE POLICE DEPARTMENT,COTTAGE GROVE,8/10/2026 9:51:17 AM,CG26034589,"8XXX  East Point Douglas Rd S, COTTAGE GROVE",MEDICAL
COTTAGE GROVE POLICE DEPARTMENT,COTTAGE GROVE,8/10/2026 11:03:15 AM,CG26034602,"11XXX  Layton Ave S, COTTAGE GROVE",MEDICAL
COTTAGE GROVE POLICE DEPARTMENT,COTTAGE GROVE,8/10/2026 11:15:45 AM,CG26034603,"6XXX  - 7118 EAST POINT DOUGLAS RD S, COTTAGE GROVE",Traffic Stop
COTTAGE GROVE POLICE DEPARTMENT,COTTAGE GROVE,8/10/2026 12:17:22 PM,CG26034613,"8XXX  Inman Ave S, COTTAGE GROVE",MEDICAL
COTTAGE GROVE POLICE DEPARTMENT,COTTAGE GROVE,8/10/2026 1:50:06 PM,CG26034633,"6XXX  - 6878 90TH ST S, COTTAGE GROVE",PARKING VIOLATION
COTTAGE GROVE POLICE DEPARTMENT,COTTAGE GROVE,8/10/2026 2:29:20 PM,CG26034639,"Inwood Ave S / 70th St S, COTTAGE GROVE",TRAFFIC COMPLAINT
COTTAGE GROVE POLICE DEPARTMENT,COTTAGE GROVE,8/10/2026 5:37:39 PM,CG26034669,"8XXX  81ST ST S, COTTAGE GROVE",MEDICAL
COTTAGE GROVE POLICE DEPARTMENT,COTTAGE GROVE,8/10/2026 6:59:00 PM,CG26034690,"80TH ST S / INNSDALE AVE S, COTTAGE GROVE",TRAFFIC STOP
COTTAGE GROVE POLICE DEPARTMENT,COTTAGE GROVE,8/10/2026 8:01:47 PM,CG26034694,"8XXX  80th St S, COTTAGE GROVE",MEDICAL
COTTAGE GROVE POLICE DEPARTMENT,COTTAGE GROVE,8/10/2026 9:42:54 PM,CG26034704,"8XXX  Hyde Ave S, COTTAGE GROVE",MEDICAL
COTTAGE GROVE POLICE DEPARTMENT,COTTAGE GROVE,8/10/2026 10:14:35 PM,CG26034714,"JAMAICA AVE S / 70TH ST S, COTTAGE GROVE",ACCIDENT
COTTAGE GROVE POLICE DEPARTMENT,COTTAGE GROVE,8/10/2026 10:26:21 PM,CG26034717,"8XXX  Jody Ave S, COTTAGE GROVE",MEDICAL
COTTAGE GROVE POLICE DEPARTMENT,COTTAGE GROVE,8/10/2026 11:44:00 PM,CG26034749,"10XXX  EAST POINT DOUGLAS RD S, COTTAGE GROVE",DWI
COTTAGE GROVE POLICE DEPARTMENT,COTTAGE GROVE,8/11/2026 2:04:00 AM,CG26034751,"9XXX  90TH ST S, COTTAGE GROVE",TRAFFIC STOP
COTTAGE GROVE POLICE DEPARTMENT,COTTAGE GROVE,8/11/2026 2:06:51 AM,CG26034752,"6XXX  East Point Douglas Rd S, COTTAGE GROVE",MEDICAL
COTTAGE GROVE POLICE DEPARTMENT,COTTAGE GROVE,8/11/2026 2:13:10 AM,CG26034753,"8XXX  Greenway Ave S, COTTAGE GROVE",MEDICAL
COTTAGE GROVE POLICE DEPARTMENT,COTTAGE GROVE,8/11/2026 8:06:54 AM,CG26034768,"8XXX  Grange Blvd S, COTTAGE GROVE",MEDICAL
COTTAGE GROVE POLICE DEPARTMENT,COTTAGE GROVE,8/11/2026 10:30:27 AM,CG26034787,"7XXX  - 7848 HEARTHSIDE AVE S, COTTAGE GROVE",PARKING VIOLATION
COTTAGE GROVE POLICE DEPARTMENT,COTTAGE GROVE,8/11/2026 11:37:48 AM,CG26034795,"8XXX  Belden Blvd S, COTTAGE GROVE",MEDICAL
COTTAGE GROVE POLICE DEPARTMENT,COTTAGE GROVE,8/11/2026 2:18:15 PM,CG26034830,"7XXX  Jorgensen Ave S, COTTAGE GROVE",CIVIL MATTER/DISPUTE
COTTAGE GROVE POLICE DEPARTMENT,COTTAGE GROVE,8/11/2026 3:57:06 PM,CG26034849,"12XXX  Ravine Pkwy S, COTTAGE GROVE",THEFT
COTTAGE GROVE POLICE DEPARTMENT,COTTAGE GROVE,8/11/2026 4:18:11 PM,CG26034853,"7XXX  HIDDEN VALLEY TRL S, COTTAGE GROVE",SUSPICIOUS PERSON/ACTIVITY
COTTAGE GROVE POLICE DEPARTMENT,COTTAGE GROVE,8/11/2026 4:42:52 PM,CG26034861,"6XXX  Pine Arbor Dr S, COTTAGE GROVE",MEDICAL
COTTAGE GROVE POLICE DEPARTMENT,COTTAGE GROVE,8/11/2026 5:52:53 PM,CG26034869,"7XXX  East Point Douglas Rd S, COTTAGE GROVE",MEDICAL
COTTAGE GROVE POLICE DEPARTMENT,COTTAGE GROVE,8/11/2026 6:01:09 PM,CG26034871,"9XXX  Ravine Pkwy S, COTTAGE GROVE",LOST PROPERTY/ITEM
COTTAGE GROVE POLICE DEPARTMENT,COTTAGE GROVE,8/12/2026 1:44:42 AM,CG26034949,"8XXX  91ST ST S, COTTAGE GROVE",FLEEING
COTTAGE GROVE POLICE DEPARTMENT,COTTAGE GROVE,8/12/2026 2:14:18 AM,CG26034951,"9XXX  INDIAN BLVD S, COTTAGE GROVE",SUSPICIOUS PERSON/ACTIVITY
COTTAGE GROVE POLICE DEPARTMENT,COTTAGE GROVE,8/12/2026 3:03:14 AM,CG26034956,"7XXX  97th St S, COTTAGE GROVE",WELFARE CHECK
COTTAGE GROVE POLICE DEPARTMENT,COTTAGE GROVE,8/12/2026 8:22:15 AM,CG26034973,"7XXX  91st St S, COTTAGE GROVE",VEHICLE UNLOCK
COTTAGE GROVE POLICE DEPARTMENT,COTTAGE GROVE,8/12/2026 11:01:30 AM,CG26034986,"7XXX  Harkness Ave S, COTTAGE GROVE",VEHICLE UNLOCK
COTTAGE GROVE POLICE DEPARTMENT,COTTAGE GROVE,8/12/2026 1:35:00 PM,CG26035001,"8XXX  Greenway Ave S, COTTAGE GROVE",FIRE
COTTAGE GROVE POLICE DEPARTMENT,COTTAGE GROVE,8/12/2026 1:45:48 PM,CG26035003,"9XXX  91st St S, COTTAGE GROVE",SUSPICIOUS PERSON/ACTIVITY
COTTAGE GROVE POLICE DEPARTMENT,COTTAGE GROVE,8/12/2026 2:55:59 PM,CG26035011,"8XXX  Ingleside Ave S, COTTAGE GROVE",VEHICLE UNLOCK
COTTAGE GROVE POLICE DEPARTMENT,COTTAGE GROVE,8/12/2026 3:18:43 PM,CG26035013,"8XXX  West Point Douglas Rd S, COTTAGE GROVE",MEDICAL
COTTAGE GROVE POLICE DEPARTMENT,COTTAGE GROVE,8/12/2026 5:50:29 PM,CG26035025,"Hwy 61 Nb At Jamaica Ave S, COTTAGE GROVE",ASSAULT
COTTAGE GROVE POLICE DEPARTMENT,COTTAGE GROVE,8/12/2026 7:09:24 PM,CG26035027,"7XXX  East Point Douglas Rd S, COTTAGE GROVE",VEHICLE UNLOCK
COTTAGE GROVE POLICE DEPARTMENT,COTTAGE GROVE,8/12/2026 7:43:42 PM,CG26035028,"7XXX  LAMAR AVE S, COTTAGE GROVE",MEDICAL
COTTAGE GROVE POLICE DEPARTMENT,COTTAGE GROVE,8/12/2026 8:18:31 PM,CG26035030,"7XXX  63RD ST S, COTTAGE GROVE",911 ABANDONED/HANGUP/OPEN LINE
COTTAGE GROVE POLICE DEPARTMENT,COTTAGE GROVE,8/12/2026 8:32:51 PM,CG26035031,"6XXX  Homestead Ave S, COTTAGE GROVE",CIVIL MATTER/DISPUTE
COTTAGE GROVE POLICE DEPARTMENT,COTTAGE GROVE,8/12/2026 11:06:04 PM,CG26035036,"8XXX  Ideal Ave S, COTTAGE GROVE",FAMILY ASSIST
COTTAGE GROVE POLICE DEPARTMENT,COTTAGE GROVE,8/13/2026 3:03:33 AM,CG26035053,"10XXX  Goodview Ave S, COTTAGE GROVE",SUSPICIOUS PERSON/ACTIVITY
COTTAGE GROVE POLICE DEPARTMENT,COTTAGE GROVE,8/13/2026 8:04:58 AM,CG26035067,"7XXX  108th St S, COTTAGE GROVE",THREATS
COTTAGE GROVE POLICE DEPARTMENT,COTTAGE GROVE,8/13/2026 9:42:18 AM,CG26035071,"7XXX  72nd St S, COTTAGE GROVE",MEDICAL
COTTAGE GROVE POLICE DEPARTMENT,COTTAGE GROVE,8/13/2026 10:22:58 AM,CG26035072,"8XXX  Ingberg Trl S, COTTAGE GROVE",MEDICAL
COTTAGE GROVE POLICE DEPARTMENT,COTTAGE GROVE,8/13/2026 10:31:41 AM,CG26035073,"8XXX  GREENE AVE S, COTTAGE GROVE",FRAUD/SCAM
COTTAGE GROVE POLICE DEPARTMENT,COTTAGE GROVE,8/13/2026 12:44:56 PM,CG26035094,"HWY 61 SB JSO INNOVATION RD, COTTAGE GROVE",MOTORIST ASSIST
COTTAGE GROVE POLICE DEPARTMENT,COTTAGE GROVE,8/13/2026 3:04:59 PM,CG26035113,"GRANGE BLVD S / GRENADIER AVE S, COTTAGE GROVE",TRAFFIC STOP
COTTAGE GROVE POLICE DEPARTMENT,COTTAGE GROVE,8/13/2026 3:22:33 PM,CG26035114,"6XXX  70th St S, COTTAGE GROVE",UNWANTED PERSON/VEHICLE
COTTAGE GROVE POLICE DEPARTMENT,COTTAGE GROVE,8/13/2026 3:41:47 PM,CG26035117,"70TH ST S/ HARDWOOD AVE S, COTTAGE GROVE",ACCIDENT
COTTAGE GROVE POLICE DEPARTMENT,COTTAGE GROVE,8/13/2026 6:43:59 PM,CG26035162,"6XXX  Ideal Ave S, COTTAGE GROVE",WELFARE CHECK
COTTAGE GROVE POLICE DEPARTMENT,COTTAGE GROVE,8/13/2026 6:48:52 PM,CG26035164,"6XXX  PINE ARBOR DR S, COTTAGE GROVE",ACCIDENT
COTTAGE GROVE POLICE DEPARTMENT,COTTAGE GROVE,8/13/2026 7:00:00 PM,CG26035167,"8XXX  67TH STREET CT S, COTTAGE GROVE",HARASSMENT
COTTAGE GROVE POLICE DEPARTMENT,COTTAGE GROVE,8/13/2026 7:26:12 PM,CG26035171,"6XXX  Pine Arbor Dr S, COTTAGE GROVE",MEDICAL
COTTAGE GROVE POLICE DEPARTMENT,COTTAGE GROVE,8/13/2026 10:38:00 PM,CG26035384,"8XXX  EAST POINT DOUGLAS RD S, COTTAGE GROVE",WARRANT ARREST
COTTAGE GROVE POLICE DEPARTMENT,COTTAGE GROVE,8/14/2026 6:54:50 AM,CG26035241,"8XXX  Greenway Ave S, COTTAGE GROVE",CITIZEN/PUBLIC ASSIST
COTTAGE GROVE POLICE DEPARTMENT,COTTAGE GROVE,8/14/2026 6:55:22 AM,CG26035242,"Jamaica Ave S / 95th St S, COTTAGE GROVE",PROPERTY DAMAGE
COTTAGE GROVE POLICE DEPARTMENT,COTTAGE GROVE,8/14/2026 7:40:01 AM,CG26035244,"8XXX  Innsdale Ave S, COTTAGE GROVE",MEDICAL
COTTAGE GROVE POLICE DEPARTMENT,COTTAGE GROVE,8/14/2026 8:18:28 AM,CG26035250,"6XXX  East Point Douglas Rd S, COTTAGE GROVE",MEDICAL
COTTAGE GROVE POLICE DEPARTMENT,COTTAGE GROVE,8/14/2026 9:30:53 AM,CG26035254,"6XXX  80th St S, COTTAGE GROVE",MEDICAL
COTTAGE GROVE POLICE DEPARTMENT,COTTAGE GROVE,8/14/2026 10:07:47 AM,CG26035262,"7XXX  Irvin Ave S, COTTAGE GROVE",MEDICAL
COTTAGE GROVE POLICE DEPARTMENT,COTTAGE GROVE,8/14/2026 10:46:03 AM,CG26035269,"6XXX  Jocelyn Ave S, COTTAGE GROVE",MEDICAL
COTTAGE GROVE POLICE DEPARTMENT,COTTAGE GROVE,8/14/2026 10:50:44 AM,CG26035270,"11XXX  KINGSBOROUGH TRL S, COTTAGE GROVE",WELFARE CHECK
COTTAGE GROVE POLICE DEPARTMENT,COTTAGE GROVE,8/14/2026 11:49:35 AM,CG26035273,"7XXX  110th St S, COTTAGE GROVE",MEDICAL
COTTAGE GROVE POLICE DEPARTMENT,COTTAGE GROVE,8/14/2026 1:10:41 PM,CG26035276,"Keats Ave S / Indian Blvd S, COTTAGE GROVE",MEDICAL
COTTAGE GROVE POLICE DEPARTMENT,COTTAGE GROVE,8/14/2026 3:23:50 PM,CG26035286,"8XXX  Hemingway Ave S, COTTAGE GROVE",FIRE
COTTAGE GROVE POLICE DEPARTMENT,COTTAGE GROVE,8/14/2026 3:49:14 PM,CG26035287,"7XXX  Jewel Ave S, COTTAGE GROVE",CIVIL MATTER/DISPUTE
COTTAGE GROVE POLICE DEPARTMENT,COTTAGE GROVE,8/14/2026 4:17:23 PM,CG26035291,"8XXX  EAST POINT DOUGLAS RD S, COTTAGE GROVE",ACCIDENT
COTTAGE GROVE POLICE DEPARTMENT,COTTAGE GROVE,8/14/2026 4:25:19 PM,CG26035293,"8XXX  Hinton Ave S, COTTAGE GROVE",CIVIL MATTER/DISPUTE
COTTAGE GROVE POLICE DEPARTMENT,COTTAGE GROVE,8/14/2026 4:34:47 PM,CG26035296,"6XXX  WILDFLOWER DR S, COTTAGE GROVE",THEFT
COTTAGE GROVE POLICE DEPARTMENT,COTTAGE GROVE,8/14/2026 5:27:52 PM,CG26035306,"8XXX  EAST POINT DOUGLAS RD S, COTTAGE GROVE",K9 ASSIST
COTTAGE GROVE POLICE DEPARTMENT,COTTAGE GROVE,8/14/2026 5:37:08 PM,CG26035310,"7XXX  Inskip Trl S, COTTAGE GROVE",PARKING COMPLAINT
COTTAGE GROVE POLICE DEPARTMENT,COTTAGE GROVE,8/14/2026 5:41:28 PM,CG26035309,"7XXX  Imperial Avenue Ct S, COTTAGE GROVE",MISSING PERSON
COTTAGE GROVE POLICE DEPARTMENT,COTTAGE GROVE,8/14/2026 10:19:48 PM,CG26035356,"6XXX  80TH ST S, COTTAGE GROVE",MEDICAL
COTTAGE GROVE POLICE DEPARTMENT,COTTAGE GROVE,8/14/2026 10:28:32 PM,CG26035360,"6XXX  Meadow Grass Ln S, COTTAGE GROVE",TRESPASSING
COTTAGE GROVE POLICE DEPARTMENT,COTTAGE GROVE,8/15/2026 9:17:19 AM,CG26035431,"8XXX  Innsdale Ave S, COTTAGE GROVE",MEDICAL
COTTAGE GROVE POLICE DEPARTMENT,COTTAGE GROVE,8/15/2026 9:26:38 AM,CG26035433,"6XXX  East Point Douglas Rd S, COTTAGE GROVE",MEDICAL
COTTAGE GROVE POLICE DEPARTMENT,COTTAGE GROVE,8/15/2026 10:13:49 AM,CG26035437,"6XXX  Homestead Ave S, COTTAGE GROVE",HARASSMENT
COTTAGE GROVE POLICE DEPARTMENT,COTTAGE GROVE,8/15/2026 11:19:30 AM,CG26035444,"8XXX  Hillside Trl S, COTTAGE GROVE",ANIMAL COMPLAINT
COTTAGE GROVE POLICE DEPARTMENT,COTTAGE GROVE,8/15/2026 3:51:20 PM,CG26035483,"8XXX  - 9249 Highway 61, COTTAGE GROVE",TRAFFIC STOP
COTTAGE GROVE POLICE DEPARTMENT,COTTAGE GROVE,8/15/2026 3:53:01 PM,CG26035484,"9XXX  Harkness Ave S, COTTAGE GROVE",MEDICAL
COTTAGE GROVE POLICE DEPARTMENT,COTTAGE GROVE,8/15/2026 4:00:27 PM,CG26035486,"12XXX  Ravine Pkwy S, COTTAGE GROVE",FOUND PROPERTY/ITEM
COTTAGE GROVE POLICE DEPARTMENT,COTTAGE GROVE,8/15/2026 4:05:43 PM,CG26035487,"7XXX  Inskip Trl S, COTTAGE GROVE",FRAUD/SCAM
COTTAGE GROVE POLICE DEPARTMENT,COTTAGE GROVE,8/15/2026 6:00:18 PM,CG26035507,"HWY 61 NB JNO JAMAICA AVE S, COTTAGE GROVE",K9 ASSIST
COTTAGE GROVE POLICE DEPARTMENT,COTTAGE GROVE,8/15/2026 11:59:13 PM,CG26035542,"10XXX  Goodview Ave S, COTTAGE GROVE",MEDICAL
COTTAGE GROVE POLICE DEPARTMENT,DENMARK TOWNSHIP,8/9/2026 11:00:59 AM,CG26034492,"12XXX  Point Douglas Dr S, DENMARK TOWNSHIP",LOST PROPERTY/ITEM
COTTAGE GROVE POLICE DEPARTMENT,NEWPORT,8/15/2026 1:47:00 AM,CG26035411,"HWY 61 NB JSO I494, NEWPORT",TRAFFIC STOP
COTTAGE GROVE POLICE DEPARTMENT,NEWPORT,8/15/2026 10:29:00 PM,CG26035527,"HWY 61 NB JSO GLEN RD, NEWPORT",TRAFFIC STOP
COTTAGE GROVE POLICE DEPARTMENT,SAINT PAUL PARK,8/11/2026 1:31:49 PM,CG26034822,"XXX Portland Ave, SAINT PAUL PARK",ASSIST OTHER AGENCY
FOREST LAKE POLICE DEPARTMENT,FOREST LAKE,8/9/2026 9:00:00 AM,FL26010360,"LAKE ST N & BROADWAY AVE W, FOREST LAKE",TRAFFIC STOP
FOREST LAKE POLICE DEPARTMENT,FOREST LAKE,8/9/2026 2:38:04 PM,FL26010367,"XXX 12TH ST SW, FOREST LAKE",ASSIST OTHER AGENCY
FOREST LAKE POLICE DEPARTMENT,FOREST LAKE,8/10/2026 7:17:05 AM,FL26010395,"SCANDIA TRL N & FOREST RD N, FOREST LAKE",THEFT FROM MOTOR VEHICLE
FOREST LAKE POLICE DEPARTMENT,FOREST LAKE,8/10/2026 8:00:00 AM,FL26010397,"LAKE ST N & BROADWAY AVE W, FOREST LAKE",TRAFFIC STOP
FOREST LAKE POLICE DEPARTMENT,FOREST LAKE,8/10/2026 9:56:00 AM,FL26010401,"4TH ST SW & 4TH AVE SW, FOREST LAKE",TRAFFIC STOP
FOREST LAKE POLICE DEPARTMENT,FOREST LAKE,8/10/2026 11:09:26 AM,FL26010406,"1XXX  LAKE ST S, FOREST LAKE",LOST PROPERTY/ITEM
FOREST LAKE POLICE DEPARTMENT,FOREST LAKE,8/10/2026 2:12:36 PM,FL26010414,"BROADWAY AVE W & 3RD ST NW, FOREST LAKE",PROPERTY DAMAGE
FOREST LAKE POLICE DEPARTMENT,FOREST LAKE,8/10/2026 3:04:41 PM,FL26010418,"12TH ST SW & BROADWAY AVE W, FOREST LAKE",PROPERTY DAMAGE
FOREST LAKE POLICE DEPARTMENT,FOREST LAKE,8/10/2026 10:46:09 PM,FL26010438,"XXX 12TH ST SW, FOREST LAKE",JUVENILE COMPLAINT
FOREST LAKE POLICE DEPARTMENT,FOREST LAKE,8/10/2026 11:38:36 PM,FL26010439,"XXX 5TH AVE SW, FOREST LAKE",RUNAWAY
FOREST LAKE POLICE DEPARTMENT,FOREST LAKE,8/11/2026 2:37:50 AM,FL26010440,"XXX 15th St Sw, FOREST LAKE",INCIDENT
FOREST LAKE POLICE DEPARTMENT,FOREST LAKE,8/11/2026 8:17:21 AM,FL26010447,"BROADWAY AVE W & CENTENNIAL DR SW, FOREST LAKE",RUNAWAY
FOREST LAKE POLICE DEPARTMENT,FOREST LAKE,8/11/2026 8:54:27 AM,FL26010449,"XXX 12TH ST SW, FOREST LAKE",CIVIL MATTER/DISPUTE
FOREST LAKE POLICE DEPARTMENT,FOREST LAKE,8/11/2026 10:57:21 AM,FL26010452,"XXX 6TH ST SE, FOREST LAKE",IDENTITY THEFT
FOREST LAKE POLICE DEPARTMENT,FOREST LAKE,8/11/2026 1:31:33 PM,FL26010454,"7XXX  NORTH SHORE TRL N, FOREST LAKE",FAMILY ASSIST
FOREST LAKE POLICE DEPARTMENT,FOREST LAKE,8/11/2026 3:41:23 PM,FL26010461,"1XXX  9TH AVE SW, FOREST LAKE",CIVIL MATTER/DISPUTE
FOREST LAKE POLICE DEPARTMENT,FOREST LAKE,8/11/2026 5:14:27 PM,FL26010467,"1XXX  LAKE ST S, FOREST LAKE",VEHICLE UNLOCK
FOREST LAKE POLICE DEPARTMENT,FOREST LAKE,8/11/2026 6:37:44 PM,FL26010472,"XX BROADWAY AVE E, FOREST LAKE",FOUND PROPERTY/ITEM
FOREST LAKE POLICE DEPARTMENT,FOREST LAKE,8/11/2026 7:04:36 PM,FL26010476,"23XXX  HEATH AVE N, FOREST LAKE",TRESPASSING
FOREST LAKE POLICE DEPARTMENT,FOREST LAKE,8/11/2026 9:13:49 PM,FL26010481,"6XXX  205TH CT N, FOREST LAKE",ASSIST OTHER AGENCY
FOREST LAKE POLICE DEPARTMENT,FOREST LAKE,8/11/2026 10:21:34 PM,FL26010483,"BROADWAY AVE W & 12TH ST SW, FOREST LAKE",WARRANT ARREST
FOREST LAKE POLICE DEPARTMENT,FOREST LAKE,8/12/2026 7:47:37 AM,FL26010491,"1XXX  LAKE ST S, FOREST LAKE",TRESPASSING
FOREST LAKE POLICE DEPARTMENT,FOREST LAKE,8/12/2026 7:52:00 AM,FL26010492,"1XXX  7TH AVE SW, FOREST LAKE",WARRANT ARREST
FOREST LAKE POLICE DEPARTMENT,FOREST LAKE,8/12/2026 10:50:40 AM,FL26010500,"1XXX  9TH AVE SW, FOREST LAKE",FRAUD
FOREST LAKE POLICE DEPARTMENT,FOREST LAKE,8/12/2026 10:58:58 AM,FL26010501,"XXX SUNSHINE CT SE, FOREST LAKE",ACCIDENT
FOREST LAKE POLICE DEPARTMENT,FOREST LAKE,8/12/2026 12:58:00 PM,FL26010505,"XXX 19TH ST SW, FOREST LAKE",TRAFFIC STOP
FOREST LAKE POLICE DEPARTMENT,FOREST LAKE,8/12/2026 1:23:34 PM,FL26010507,"1XXX  Broadway Ave W, FOREST LAKE",WELFARE CHECK
FOREST LAKE POLICE DEPARTMENT,FOREST LAKE,8/12/2026 1:39:44 PM,FL26010510,"1XXX  5TH ST SE, FOREST LAKE",HARASSMENT
FOREST LAKE POLICE DEPARTMENT,FOREST LAKE,8/12/2026 4:38:08 PM,FL26010521,"2XXX  Broadway Ave W, FOREST LAKE",ANIMAL COMPLAINT
FOREST LAKE POLICE DEPARTMENT,FOREST LAKE,8/12/2026 6:06:18 PM,FL26010524,"XXX 12TH ST SW, FOREST LAKE",OFP VIOLATION
FOREST LAKE POLICE DEPARTMENT,FOREST LAKE,8/12/2026 10:55:00 PM,FL26010538,"21XXX  IDEAL AVE N, FOREST LAKE",CIVIL MATTER/DISPUTE
FOREST LAKE POLICE DEPARTMENT,FOREST LAKE,8/13/2026 9:05:27 AM,FL26010550,"XXX LAKE ST S, FOREST LAKE",DRUGS
FOREST LAKE POLICE DEPARTMENT,FOREST LAKE,8/13/2026 9:59:01 AM,FL26010554,"20XXX  FOREST RD N, FOREST LAKE",THEFT
FOREST LAKE POLICE DEPARTMENT,FOREST LAKE,8/13/2026 10:24:11 AM,FL26010556,"1XXX  Broadway Ave W, FOREST LAKE",VEHICLE UNLOCK
FOREST LAKE POLICE DEPARTMENT,FOREST LAKE,8/13/2026 10:41:51 AM,FL26010557,"XXX LAKE ST N, FOREST LAKE",RECOVERED STOLEN
FOREST LAKE POLICE DEPARTMENT,FOREST LAKE,8/13/2026 1:54:32 PM,FL26010566,"20XXX  Keewahtin Ave N, FOREST LAKE",ANIMAL COMPLAINT
FOREST LAKE POLICE DEPARTMENT,FOREST LAKE,8/13/2026 2:32:23 PM,FL26010569,"4XXX  SCANDIA TRL N, FOREST LAKE",FRAUD/SCAM
FOREST LAKE POLICE DEPARTMENT,FOREST LAKE,8/13/2026 4:37:11 PM,FL26010574,"6XXX  207TH ST N, FOREST LAKE",ANIMAL COMPLAINT
FOREST LAKE POLICE DEPARTMENT,FOREST LAKE,8/13/2026 8:07:00 PM,FL26010577,"11TH AVE SE / 3RD ST SE, FOREST LAKE",TRAFFIC STOP
FOREST LAKE POLICE DEPARTMENT,FOREST LAKE,8/14/2026 6:54:40 AM,FL26010590,"1XXX  Broadway Ave W, FOREST LAKE",WELFARE CHECK
FOREST LAKE POLICE DEPARTMENT,FOREST LAKE,8/14/2026 11:26:24 AM,FL26010601,"1XXX  Lake St S, FOREST LAKE",INTERNET CRIMES
FOREST LAKE POLICE DEPARTMENT,FOREST LAKE,8/14/2026 3:49:08 PM,FL26010610,"XXX 19TH ST SE, FOREST LAKE",DISTURBANCE
FOREST LAKE POLICE DEPARTMENT,FOREST LAKE,8/15/2026 12:30:00 AM,FL26010644,"11TH AVE SW & FINLEY CT N, FOREST LAKE",TRAFFIC STOP
FOREST LAKE POLICE DEPARTMENT,FOREST LAKE,8/15/2026 10:17:26 AM,FL26010657,"23XXX  Hilo Ave N, FOREST LAKE",THREATS
FOREST LAKE POLICE DEPARTMENT,FOREST LAKE,8/15/2026 2:42:50 PM,FL26010666,"XXX 1ST AVE SW, FOREST LAKE",CHILD CUSTODY
FOREST LAKE POLICE DEPARTMENT,FOREST LAKE,8/15/2026 3:49:38 PM,FL26010668,"19XXX  English Ave N, FOREST LAKE",OFP VIOLATION
FOREST LAKE POLICE DEPARTMENT,FOREST LAKE,8/15/2026 5:37:48 PM,FL26010671,"6XXX  208TH STREET WAY N, FOREST LAKE",OFP VIOLATION
FOREST LAKE POLICE DEPARTMENT,FOREST LAKE,8/15/2026 7:24:08 PM,FL26010675,"XXX 10TH ST SW, FOREST LAKE",ASSAULT
OAKDALE POLICE DEPARTMENT,LAKE ELMO,8/9/2026 8:35:11 PM,OD26010245,"XXX Julia Ave N, LAKE ELMO",ASSIST OTHER AGENCY
OAKDALE POLICE DEPARTMENT,MAHTOMEDI,8/9/2026 8:11:21 PM,OD26010240,"XXX WOODLAND DR, MAHTOMEDI",ASSIST OTHER AGENCY
OAKDALE POLICE DEPARTMENT,OAKDALE,8/9/2026 12:20:27 AM,OD26010207,"1XXX  GRANADA AVE N, OAKDALE",FOLLOW UP
OAKDALE POLICE DEPARTMENT,OAKDALE,8/9/2026 1:44:06 AM,OD26010208,"10TH ST N TO I694 SB RAMP, OAKDALE",TRAFFIC STOP
OAKDALE POLICE DEPARTMENT,OAKDALE,8/9/2026 1:58:24 AM,OD26010210,"STILLWATER BLVD N / HADLEY AVE N, OAKDALE",SUSPICIOUS PERSON/ACTIVITY
OAKDALE POLICE DEPARTMENT,OAKDALE,8/9/2026 2:20:37 AM,OD26010211,"I694 SB JSO 10TH ST N, OAKDALE",TRAFFIC STOP
OAKDALE POLICE DEPARTMENT,OAKDALE,8/9/2026 4:08:36 AM,OD26010212,"6XXX  50th St N, OAKDALE",DISTURBANCE
OAKDALE POLICE DEPARTMENT,OAKDALE,8/9/2026 6:07:56 AM,OD26010213,"4XXX  Gershwin Ave N, OAKDALE",DISTURBANCE
OAKDALE POLICE DEPARTMENT,OAKDALE,8/9/2026 10:16:04 AM,OD26010216,"23RD ST N / HELMO AVE N, OAKDALE",FOUND PROPERTY/ITEM
OAKDALE POLICE DEPARTMENT,OAKDALE,8/9/2026 12:07:57 PM,OD26010221,"I694 Nb Jno Hwy 36, OAKDALE",ASSIST OTHER AGENCY
OAKDALE POLICE DEPARTMENT,OAKDALE,8/9/2026 12:16:38 PM,OD26010222,"7XXX  10th St N, OAKDALE",ANIMAL COMPLAINT
OAKDALE POLICE DEPARTMENT,OAKDALE,8/9/2026 12:58:59 PM,OD26010224,"4XXX  Geneva Ave N, OAKDALE",911 ABANDONED/HANGUP/OPEN LINE
OAKDALE POLICE DEPARTMENT,OAKDALE,8/9/2026 1:28:55 PM,OD26010225,"1XXX  Helmo Ave N, OAKDALE",DRIVING COMPLAINT
OAKDALE POLICE DEPARTMENT,OAKDALE,8/9/2026 1:34:44 PM,OD26010226,"6XXX  45th St N, OAKDALE",MISSING PERSON
OAKDALE POLICE DEPARTMENT,OAKDALE,8/9/2026 2:42:02 PM,OD26010227,"7XXX  3rd St N, OAKDALE",911 ABANDONED/HANGUP/OPEN LINE
OAKDALE POLICE DEPARTMENT,OAKDALE,8/9/2026 2:49:06 PM,OD26010228,"2XXX  Hadley Ave N, OAKDALE",SUSPICIOUS PERSON/ACTIVITY
OAKDALE POLICE DEPARTMENT,OAKDALE,8/9/2026 4:09:45 PM,OD26010230,"3XXX  Gershwin Ave N, OAKDALE",MEDICAL
OAKDALE POLICE DEPARTMENT,OAKDALE,8/9/2026 4:33:34 PM,OD26010231,"3XXX  GRANADA AVE N, OAKDALE",TRAFFIC STOP
OAKDALE POLICE DEPARTMENT,OAKDALE,8/9/2026 4:54:56 PM,OD26010232,"7XXX  32ND ST N, OAKDALE",ACCIDENT
OAKDALE POLICE DEPARTMENT,OAKDALE,8/9/2026 4:59:49 PM,OD26010233,"6XXX  10th St N, OAKDALE",SUSPICIOUS PERSON/ACTIVITY
OAKDALE POLICE DEPARTMENT,OAKDALE,8/9/2026 6:41:13 PM,OD26010235,"2XXX  Geneva Ave N, OAKDALE",FIRE
OAKDALE POLICE DEPARTMENT,OAKDALE,8/9/2026 7:40:00 PM,OD26010236,"4TH ST N / HAYWARD AVE N, OAKDALE",TRAFFIC STOP
OAKDALE POLICE DEPARTMENT,OAKDALE,8/9/2026 7:45:23 PM,OD26010237,"7XXX  4th St N, OAKDALE",TRAFFIC STOP
OAKDALE POLICE DEPARTMENT,OAKDALE,8/9/2026 7:53:00 PM,OD26010238,"7XXX  4th St N, OAKDALE",TRAFFIC STOP
OAKDALE POLICE DEPARTMENT,OAKDALE,8/9/2026 8:13:26 PM,OD26010239,"7XXX  4th St N, OAKDALE",TRAFFIC STOP
OAKDALE POLICE DEPARTMENT,OAKDALE,8/9/2026 8:23:30 PM,OD26010241,"7XXX  4TH ST N, OAKDALE",TRAFFIC STOP
OAKDALE POLICE DEPARTMENT,OAKDALE,8/9/2026 8:25:08 PM,OD26010242,"7XXX  4th St N, OAKDALE",TRAFFIC COMPLAINT
OAKDALE POLICE DEPARTMENT,OAKDALE,8/9/2026 8:26:00 PM,OD26010243,"7XXX  4th St N, OAKDALE",TRAFFIC STOP
OAKDALE POLICE DEPARTMENT,OAKDALE,8/9/2026 8:36:10 PM,OD26010244,"7XXX  4TH ST N, OAKDALE",TRAFFIC STOP
OAKDALE POLICE DEPARTMENT,OAKDALE,8/9/2026 9:10:32 PM,OD26010246,"3XXX  High Point Dr N, OAKDALE",ALARM-BUSINESS/RES/FIRE/MEDICAL/ETC
OAKDALE POLICE DEPARTMENT,OAKDALE,8/9/2026 9:22:51 PM,OD26010247,"6XXX  Upper 35th St N, OAKDALE",911 ABANDONED/HANGUP/OPEN LINE
OAKDALE POLICE DEPARTMENT,OAKDALE,8/9/2026 10:20:06 PM,OD26010250,"7XXX  2nd St N, OAKDALE",NOISE COMPLAINT/DISTURBANCE
OAKDALE POLICE DEPARTMENT,OAKDALE,8/9/2026 11:12:00 PM,OD26010252,"4XXX  HADLEY AVE N, OAKDALE",TRAFFIC STOP
OAKDALE POLICE DEPARTMENT,OAKDALE,8/9/2026 11:28:32 PM,OD26010253,"4XXX  Gershwin Ave N, OAKDALE",NOISE COMPLAINT/DISTURBANCE
OAKDALE POLICE DEPARTMENT,OAKDALE,8/10/2026 12:08:47 AM,OD26010255,"XXX Greenway Ave N, OAKDALE",NOISE COMPLAINT/DISTURBANCE
OAKDALE POLICE DEPARTMENT,OAKDALE,8/10/2026 12:21:31 AM,OD26010258,"8XXX  4TH ST N, OAKDALE",WELFARE CHECK
OAKDALE POLICE DEPARTMENT,OAKDALE,8/10/2026 12:23:26 AM,OD26010257,"I694 SB JSO 10TH ST N, OAKDALE",ACCIDENT
OAKDALE POLICE DEPARTMENT,OAKDALE,8/10/2026 5:42:13 AM,OD26010261,"6XXX  40th St N, OAKDALE",911 ABANDONED/HANGUP/OPEN LINE
OAKDALE POLICE DEPARTMENT,OAKDALE,8/10/2026 6:29:17 AM,OD26010262,"1XXX  Helmo Ave N, OAKDALE",ALARM-BUSINESS/RES/FIRE/MEDICAL/ETC
OAKDALE POLICE DEPARTMENT,OAKDALE,8/10/2026 7:41:00 AM,OD26010263,"4XXX  GENEVA AVE N, OAKDALE",TRAFFIC STOP
OAKDALE POLICE DEPARTMENT,OAKDALE,8/10/2026 7:43:30 AM,OD26010264,"XXX Helena Ave N, OAKDALE",DISTURBANCE
OAKDALE POLICE DEPARTMENT,OAKDALE,8/10/2026 8:10:35 AM,OD26010265,"4XXX  GERSHWIN AVE N, OAKDALE",PARKING VIOLATION
OAKDALE POLICE DEPARTMENT,OAKDALE,8/10/2026 9:07:07 AM,OD26010266,"2XXX  GRANADA AVE N, OAKDALE",ANIMAL COMPLAINT
OAKDALE POLICE DEPARTMENT,OAKDALE,8/10/2026 10:15:24 AM,OD26010267,"8XXX  4th St N, OAKDALE",MEDICAL
OAKDALE POLICE DEPARTMENT,OAKDALE,8/10/2026 10:51:02 AM,OD26010268,"3XXX  Hadley Ave N, OAKDALE",ALARM-BUSINESS/RES/FIRE/MEDICAL/ETC
OAKDALE POLICE DEPARTMENT,OAKDALE,8/10/2026 1:25:31 PM,OD26010272,"5XXX  HADLEY AVE N, OAKDALE",WELFARE CHECK
OAKDALE POLICE DEPARTMENT,OAKDALE,8/10/2026 1:43:30 PM,OD26010274,"2XXX  HILLVALE CT N, OAKDALE",CIVIL MATTER/DISPUTE
OAKDALE POLICE DEPARTMENT,OAKDALE,8/10/2026 1:55:13 PM,OD26010275,"1XXX  GRANADA CT N, OAKDALE",ANIMAL COMPLAINT
OAKDALE POLICE DEPARTMENT,OAKDALE,8/10/2026 2:54:20 PM,OD26010277,"1XXX  Granada Ave N, OAKDALE",PROPERTY DAMAGE
OAKDALE POLICE DEPARTMENT,OAKDALE,8/10/2026 3:18:42 PM,OD26010280,"6XXX  GOPHER BLVD N, OAKDALE",ANIMAL COMPLAINT
OAKDALE POLICE DEPARTMENT,OAKDALE,8/10/2026 4:09:30 PM,OD26010282,"1XXX  Hallmark Ave N, OAKDALE",MEDICAL
OAKDALE POLICE DEPARTMENT,OAKDALE,8/10/2026 4:24:26 PM,OD26010284,"6XXX  15th St N, OAKDALE",FOLLOW UP
OAKDALE POLICE DEPARTMENT,OAKDALE,8/10/2026 6:19:38 PM,OD26010286,"3XXX  HAYWARD AVE N, OAKDALE",MEDICAL
OAKDALE POLICE DEPARTMENT,OAKDALE,8/10/2026 6:55:02 PM,OD26010287,"2XXX  GENEVA AVE N, OAKDALE",TRAFFIC STOP
OAKDALE POLICE DEPARTMENT,OAKDALE,8/10/2026 7:45:31 PM,OD26010288,"2XXX  HENSLOW CT N, OAKDALE",911 ABANDONED/HANGUP/OPEN LINE
OAKDALE POLICE DEPARTMENT,OAKDALE,8/10/2026 8:42:24 PM,OD26010291,"6XXX  53rd St N, OAKDALE",CITIZEN/PUBLIC ASSIST
OAKDALE POLICE DEPARTMENT,OAKDALE,8/10/2026 8:43:24 PM,OD26010292,"8XXX  3RD ST N, OAKDALE",THEFT
OAKDALE POLICE DEPARTMENT,OAKDALE,8/10/2026 9:24:29 PM,OD26010293,"HIGHWAY 36 & GENEVA AVE N, OAKDALE",TRAFFIC STOP
OAKDALE POLICE DEPARTMENT,OAKDALE,8/10/2026 10:08:18 PM,OD26010298,"1XXX  HELENA RD N, OAKDALE",BURNING COMPLAINT
OAKDALE POLICE DEPARTMENT,OAKDALE,8/10/2026 10:09:16 PM,OD26010296,"Helmo Ave N / 10th St N, OAKDALE",TRAFFIC STOP
OAKDALE POLICE DEPARTMENT,OAKDALE,8/10/2026 10:10:15 PM,OD26010297,"XX I694 Nb At 10th St N, OAKDALE",TRAFFIC STOP
OAKDALE POLICE DEPARTMENT,OAKDALE,8/10/2026 10:52:45 PM,OD26010300,"4XXX  GRENWICH WAY N, OAKDALE",WARRANT ARREST
OAKDALE POLICE DEPARTMENT,OAKDALE,8/10/2026 11:18:43 PM,OD26010301,"HADLEY AVE N / GENEVA AVE N, OAKDALE",TRAFFIC STOP
OAKDALE POLICE DEPARTMENT,OAKDALE,8/10/2026 11:41:51 PM,OD26010302,"50TH ST N & GENEVA AVE N, OAKDALE",TRAFFIC STOP
OAKDALE POLICE DEPARTMENT,OAKDALE,8/11/2026 12:00:00 AM,OD26010336,"26XXX -BLK GENEVA AVE N, OAKDALE",TRAFFIC STOP
OAKDALE POLICE DEPARTMENT,OAKDALE,8/11/2026 6:02:44 AM,OD26010310,"2XXX  Geneva Ave N, OAKDALE",MEDICAL
OAKDALE POLICE DEPARTMENT,OAKDALE,8/11/2026 7:37:17 AM,OD26010311,"6XXX  15th Street Cir N, OAKDALE",MEDICAL
OAKDALE POLICE DEPARTMENT,OAKDALE,8/11/2026 8:55:16 AM,OD26010312,"8XXX  3rd St N, OAKDALE",THEFT
OAKDALE POLICE DEPARTMENT,OAKDALE,8/11/2026 9:16:13 AM,OD26010313,"6XXX  15TH ST N, OAKDALE",ANIMAL COMPLAINT
OAKDALE POLICE DEPARTMENT,OAKDALE,8/11/2026 10:05:20 AM,OD26010315,"3XXX  Grafton Ave N, OAKDALE",911 ABANDONED/HANGUP/OPEN LINE
OAKDALE POLICE DEPARTMENT,OAKDALE,8/11/2026 1:12:16 PM,OD26010316,"1XXX  Gentry Ave N, OAKDALE",911 ABANDONED/HANGUP/OPEN LINE
OAKDALE POLICE DEPARTMENT,OAKDALE,8/11/2026 1:50:27 PM,OD26010321,"7XXX  10th St N, OAKDALE",THEFT
OAKDALE POLICE DEPARTMENT,OAKDALE,8/11/2026 1:57:00 PM,OD26010322,"7XXX  3rd St N, OAKDALE",MEDICAL
OAKDALE POLICE DEPARTMENT,OAKDALE,8/11/2026 2:21:47 PM,OD26010324,"1XXX  Granada Ave N, OAKDALE",WELFARE CHECK
OAKDALE POLICE DEPARTMENT,OAKDALE,8/11/2026 2:24:18 PM,OD26010326,"3XXX  Hopkins Pl N, OAKDALE",VEHICLE UNLOCK
OAKDALE POLICE DEPARTMENT,OAKDALE,8/11/2026 2:40:21 PM,OD26010328,"6XXX  10TH ST N, OAKDALE",ALARM-BUSINESS/RES/FIRE/MEDICAL/ETC
OAKDALE POLICE DEPARTMENT,OAKDALE,8/11/2026 4:14:13 PM,OD26010331,"XXX GENEVA AVE N, OAKDALE",WELFARE CHECK
OAKDALE POLICE DEPARTMENT,OAKDALE,8/11/2026 6:21:55 PM,OD26010339,"1XXX  HALE AVE N, OAKDALE",ASSIST OTHER AGENCY
OAKDALE POLICE DEPARTMENT,OAKDALE,8/11/2026 6:44:42 PM,OD26010340,"6XXX  29TH ST N, OAKDALE",MEDICAL
OAKDALE POLICE DEPARTMENT,OAKDALE,8/11/2026 7:42:45 PM,OD26010342,"5XXX  GENEVA AVE N, OAKDALE",WELFARE CHECK
OAKDALE POLICE DEPARTMENT,OAKDALE,8/11/2026 9:00:38 PM,OD26010344,"3XXX  Gershwin Pl N, OAKDALE",ANIMAL COMPLAINT
OAKDALE POLICE DEPARTMENT,OAKDALE,8/11/2026 9:46:44 PM,OD26010348,"2XXX  GREYSTONE AVE N, OAKDALE",ACCIDENT
OAKDALE POLICE DEPARTMENT,OAKDALE,8/11/2026 10:19:45 PM,OD26010349,"7XXX  UPPER 17TH ST N, OAKDALE",TRAFFIC STOP
OAKDALE POLICE DEPARTMENT,OAKDALE,8/11/2026 11:11:16 PM,OD26010352,"2XXX  Henna Ave N, OAKDALE",SUSPICIOUS PERSON/ACTIVITY
OAKDALE POLICE DEPARTMENT,OAKDALE,8/12/2026 12:02:24 AM,OD26010353,"2XXX  Grenadier Ave N, OAKDALE",SUSPICIOUS PERSON/ACTIVITY
OAKDALE POLICE DEPARTMENT,OAKDALE,8/12/2026 1:30:46 AM,OD26010357,"7XXX  10TH ST N, OAKDALE",TRAFFIC STOP
OAKDALE POLICE DEPARTMENT,OAKDALE,8/12/2026 1:53:00 AM,OD26010358,"7XXX  3rd St N, OAKDALE",TRESPASSING
OAKDALE POLICE DEPARTMENT,OAKDALE,8/12/2026 3:53:56 AM,OD26010359,"4XXX  Gershwin Ave N, OAKDALE",ALARM-BUSINESS/RES/FIRE/MEDICAL/ETC
OAKDALE POLICE DEPARTMENT,OAKDALE,8/12/2026 4:00:25 AM,OD26010360,"7XXX  Upper 26th St N, OAKDALE",911 ABANDONED/HANGUP/OPEN LINE
OAKDALE POLICE DEPARTMENT,OAKDALE,8/12/2026 4:19:14 AM,OD26010361,"3XXX  HADLEY AVE N, OAKDALE",TRAFFIC STOP
OAKDALE POLICE DEPARTMENT,OAKDALE,8/12/2026 7:58:00 AM,OD26010364,"7XXX  10TH ST N, OAKDALE",FOUND PROPERTY/ITEM
OAKDALE POLICE DEPARTMENT,OAKDALE,8/12/2026 8:19:26 AM,OD26010366,"3XXX  Gershwin Pl N, OAKDALE",ANIMAL COMPLAINT
OAKDALE POLICE DEPARTMENT,OAKDALE,8/12/2026 9:05:59 AM,OD26010367,"7XXX  10TH ST N, OAKDALE",FOLLOW UP
OAKDALE POLICE DEPARTMENT,OAKDALE,8/12/2026 9:09:28 AM,OD26010368,"1XXX  HADLEY AVE N, OAKDALE",ALARM-BUSINESS/RES/FIRE/MEDICAL/ETC
OAKDALE POLICE DEPARTMENT,OAKDALE,8/12/2026 10:12:42 AM,OD26010371,"7XXX  10TH ST N, OAKDALE",CITIZEN/PUBLIC ASSIST
OAKDALE POLICE DEPARTMENT,OAKDALE,8/12/2026 11:21:09 AM,OD26010372,"4XXX  HEATHER RIDGE RD N, OAKDALE",WELFARE CHECK
OAKDALE POLICE DEPARTMENT,OAKDALE,8/12/2026 1:12:59 PM,OD26010377,"XXX Inwood Ave N, OAKDALE",UNWANTED PERSON/VEHICLE
OAKDALE POLICE DEPARTMENT,OAKDALE,8/12/2026 2:11:42 PM,OD26010378,"6XXX  STILLWATER BLVD N, OAKDALE",911 ABANDONED/HANGUP/OPEN LINE
OAKDALE POLICE DEPARTMENT,OAKDALE,8/12/2026 2:13:24 PM,OD26010379,"7XXX  10th St N, OAKDALE",VEHICLE UNLOCK
OAKDALE POLICE DEPARTMENT,OAKDALE,8/12/2026 2:33:46 PM,OD26010380,"6XXX  15TH ST N, OAKDALE",TRAFFIC STOP
OAKDALE POLICE DEPARTMENT,OAKDALE,8/12/2026 2:49:41 PM,OD26010381,"XXX INWOOD AVE N, OAKDALE",CIVIL MATTER/DISPUTE
OAKDALE POLICE DEPARTMENT,OAKDALE,8/12/2026 3:25:40 PM,OD26010382,"7XXX  34TH ST N, OAKDALE",WELFARE CHECK
OAKDALE POLICE DEPARTMENT,OAKDALE,8/12/2026 3:59:40 PM,OD26010384,"40th St N / Helmo Ave N, OAKDALE",JUVENILE COMPLAINT
OAKDALE POLICE DEPARTMENT,OAKDALE,8/12/2026 5:13:23 PM,OD26010386,"4XXX  HELENA RD N, OAKDALE",DISTURBANCE
OAKDALE POLICE DEPARTMENT,OAKDALE,8/12/2026 5:45:51 PM,OD26010387,"6XXX  15TH ST N, OAKDALE",NEIGHBOR DISPUTE
OAKDALE POLICE DEPARTMENT,OAKDALE,8/12/2026 6:08:29 PM,OD26010388,"2XXX  GUTHRIE AVE N, OAKDALE",911 ABANDONED/HANGUP/OPEN LINE
OAKDALE POLICE DEPARTMENT,OAKDALE,8/12/2026 6:45:06 PM,OD26010390,"Helmo Ave N / 10th St N, OAKDALE",ACCIDENT
OAKDALE POLICE DEPARTMENT,OAKDALE,8/12/2026 7:04:02 PM,OD26010391,"6XXX  15TH ST N, OAKDALE",FOLLOW UP
OAKDALE POLICE DEPARTMENT,OAKDALE,8/12/2026 7:23:38 PM,OD26010392,"6XXX  Highway 36 Blvd N, OAKDALE",CIVIL MATTER/DISPUTE
OAKDALE POLICE DEPARTMENT,OAKDALE,8/12/2026 7:28:06 PM,OD26010393,"3XXX  Goodwin Ave N, OAKDALE",911 ABANDONED/HANGUP/OPEN LINE
OAKDALE POLICE DEPARTMENT,OAKDALE,8/12/2026 8:30:13 PM,OD26010395,"7XXX  19TH ST N, OAKDALE",THREATS
OAKDALE POLICE DEPARTMENT,OAKDALE,8/12/2026 9:51:37 PM,OD26010398,"6XXX  Upper 20th St N, OAKDALE",DISTURBANCE
OAKDALE POLICE DEPARTMENT,OAKDALE,8/12/2026 9:59:26 PM,OD26010399,"7XXX  Stillwater Blvd N, OAKDALE",SUSPICIOUS PERSON/ACTIVITY
OAKDALE POLICE DEPARTMENT,OAKDALE,8/12/2026 10:38:00 PM,OD26010400,"7XXX  10TH ST N, OAKDALE",WELFARE CHECK
OAKDALE POLICE DEPARTMENT,OAKDALE,8/13/2026 12:17:17 AM,OD26010404,"XXX HOLLY LN N, OAKDALE",MEDICAL
OAKDALE POLICE DEPARTMENT,OAKDALE,8/13/2026 12:43:38 AM,OD26010405,"4XXX  Grenwich Trl N, OAKDALE",DISTURBANCE
OAKDALE POLICE DEPARTMENT,OAKDALE,8/13/2026 11:56:57 AM,OD26010422,"6XXX  11th St N, OAKDALE",PARKING COMPLAINT
OAKDALE POLICE DEPARTMENT,OAKDALE,8/13/2026 12:07:55 PM,OD26010423,"3XXX  HADLEY AVE N, OAKDALE",WELFARE CHECK
OAKDALE POLICE DEPARTMENT,OAKDALE,8/13/2026 12:19:28 PM,OD26010424,"Granada Ave N / Upper 28th St N, OAKDALE",PUBLIC WORKS CONCERN
OAKDALE POLICE DEPARTMENT,OAKDALE,8/13/2026 12:28:46 PM,OD26010425,"1XXX  HALLMARK CIR N, OAKDALE",WELFARE CHECK
OAKDALE POLICE DEPARTMENT,OAKDALE,8/13/2026 1:50:31 PM,OD26010427,"6XXX  40th St N, OAKDALE",ANIMAL COMPLAINT
OAKDALE POLICE DEPARTMENT,OAKDALE,8/13/2026 2:29:59 PM,OD26010429,"XXX Greenway Ave N, OAKDALE",CITIZEN/PUBLIC ASSIST
OAKDALE POLICE DEPARTMENT,OAKDALE,8/13/2026 2:46:11 PM,OD26010430,"8XXX  4TH ST N, OAKDALE",TRAFFIC STOP
OAKDALE POLICE DEPARTMENT,OAKDALE,8/13/2026 3:00:50 PM,OD26010431,"XXX HELMO AVE N, OAKDALE",TRAFFIC STOP
OAKDALE POLICE DEPARTMENT,OAKDALE,8/13/2026 4:16:10 PM,OD26010432,"1XXX  HELMO AVE N, OAKDALE",ALARM-BUSINESS/RES/FIRE/MEDICAL/ETC
OAKDALE POLICE DEPARTMENT,OAKDALE,8/13/2026 4:53:30 PM,OD26010434,"1XXX  HELMO AVE N, OAKDALE",CITIZEN/PUBLIC ASSIST
OAKDALE POLICE DEPARTMENT,OAKDALE,8/13/2026 5:26:50 PM,OD26010435,"1XXX  Glenbrook Ave N, OAKDALE",CITIZEN/PUBLIC ASSIST
OAKDALE POLICE DEPARTMENT,OAKDALE,8/13/2026 5:32:04 PM,OD26010436,"6XXX  STILLWATER BLVD N, OAKDALE",WELFARE CHECK
OAKDALE POLICE DEPARTMENT,OAKDALE,8/13/2026 6:16:32 PM,OD26010437,"6XXX  33RD ST N, OAKDALE",ACCIDENT
OAKDALE POLICE DEPARTMENT,OAKDALE,8/13/2026 6:34:40 PM,OD26010438,"3XXX  Gershwin Ave N, OAKDALE",RUNAWAY
OAKDALE POLICE DEPARTMENT,OAKDALE,8/13/2026 8:19:23 PM,OD26010439,"6XXX  Upper 35th St N, OAKDALE",HARASSMENT
OAKDALE POLICE DEPARTMENT,OAKDALE,8/13/2026 8:23:26 PM,OD26010440,"XXX Geneva Ave N, OAKDALE",MEDICAL
OAKDALE POLICE DEPARTMENT,OAKDALE,8/13/2026 9:43:42 PM,OD26010443,"7XXX  25th Street Cir N, OAKDALE",DISTURBANCE
OAKDALE POLICE DEPARTMENT,OAKDALE,8/13/2026 9:46:50 PM,OD26010442,"7XXX  55th St N, OAKDALE",ALARM-BUSINESS/RES/FIRE/MEDICAL/ETC
OAKDALE POLICE DEPARTMENT,OAKDALE,8/13/2026 10:17:41 PM,OD26010444,"4XXX  Gershwin Ave N, OAKDALE",MEDICAL
OAKDALE POLICE DEPARTMENT,OAKDALE,8/14/2026 12:02:00 AM,OD26010445,"4th ST N & Helmo Ave N, OAKDALE",SUSPICIOUS PERSON/ACTIVITY
OAKDALE POLICE DEPARTMENT,OAKDALE,8/14/2026 12:33:49 AM,OD26010446,"1XXX  HELMO AVE N, OAKDALE",ANIMAL COMPLAINT
OAKDALE POLICE DEPARTMENT,OAKDALE,8/14/2026 2:35:44 AM,OD26010447,"4XXX  HAMLET AVE N, OAKDALE",DISTURBANCE
OAKDALE POLICE DEPARTMENT,OAKDALE,8/14/2026 5:04:35 AM,OD26010449,"6XXX  50th St N, OAKDALE",ALARM-BUSINESS/RES/FIRE/MEDICAL/ETC
OAKDALE POLICE DEPARTMENT,OAKDALE,8/14/2026 5:24:31 AM,OD26010450,"XXX Imperial Ave N, OAKDALE",MEDICAL
OAKDALE POLICE DEPARTMENT,OAKDALE,8/14/2026 8:01:33 AM,OD26010451,"6XXX  Upper 5th St N, OAKDALE",ANIMAL COMPLAINT
OAKDALE POLICE DEPARTMENT,OAKDALE,8/14/2026 10:21:32 AM,OD26010457,"2XXX  GENEVA AVE N, OAKDALE",TRAFFIC STOP
OAKDALE POLICE DEPARTMENT,OAKDALE,8/14/2026 10:28:34 AM,OD26010458,"7XXX  Hudson Blvd N, OAKDALE",OFFICER INFORMATION
OAKDALE POLICE DEPARTMENT,OAKDALE,8/14/2026 10:40:25 AM,OD26010459,"6XXX  Hudson Blvd N, OAKDALE",MEDICAL
OAKDALE POLICE DEPARTMENT,OAKDALE,8/14/2026 10:47:24 AM,OD26010461,"XXX INWOOD AVE N, OAKDALE",TRAFFIC COMPLAINT
OAKDALE POLICE DEPARTMENT,OAKDALE,8/14/2026 11:56:32 AM,OD26010464,"2XXX  Gresham Ave N, OAKDALE",CITIZEN/PUBLIC ASSIST
OAKDALE POLICE DEPARTMENT,OAKDALE,8/14/2026 11:56:58 AM,OD26010465,"6XXX  56th St N, OAKDALE",DISTURBANCE
OAKDALE POLICE DEPARTMENT,OAKDALE,8/14/2026 12:27:08 PM,OD26010466,"XXX Glenbrook Ave N, OAKDALE",WELFARE CHECK
OAKDALE POLICE DEPARTMENT,OAKDALE,8/14/2026 1:10:19 PM,OD26010468,"1XXX  Helmo Ave N, OAKDALE",THREATS
OAKDALE POLICE DEPARTMENT,OAKDALE,8/14/2026 1:46:41 PM,OD26010470,"3XXX  Hadley Ave N, OAKDALE",SUSPICIOUS PERSON/ACTIVITY
OAKDALE POLICE DEPARTMENT,OAKDALE,8/14/2026 1:47:17 PM,OD26010469,"7XXX  Upper 36th St N, OAKDALE",911 ABANDONED/HANGUP/OPEN LINE
OAKDALE POLICE DEPARTMENT,OAKDALE,8/14/2026 3:11:20 PM,OD26010476,"6XXX  15th St N, OAKDALE",SUSPICIOUS PERSON/ACTIVITY
OAKDALE POLICE DEPARTMENT,OAKDALE,8/14/2026 3:11:31 PM,OD26010477,"7XXX  24th St N, OAKDALE",SUSPICIOUS PERSON/ACTIVITY
OAKDALE POLICE DEPARTMENT,OAKDALE,8/14/2026 3:33:57 PM,OD26010478,"2XXX  Helena Ave N, OAKDALE",CITIZEN/PUBLIC ASSIST
OAKDALE POLICE DEPARTMENT,OAKDALE,8/14/2026 3:41:28 PM,OD26010479,"7XXX  10th St N, OAKDALE",911 ABANDONED/HANGUP/OPEN LINE
OAKDALE POLICE DEPARTMENT,OAKDALE,8/14/2026 5:08:04 PM,OD26010481,"6XXX  15TH ST N, OAKDALE",SUICIDE ATTEMPT/THREATS OF
OAKDALE POLICE DEPARTMENT,OAKDALE,8/14/2026 7:50:51 PM,OD26010482,"7XXX  10th St N, OAKDALE",MEDICAL
OAKDALE POLICE DEPARTMENT,OAKDALE,8/14/2026 8:51:22 PM,OD26010484,"Holly Ln N / 4th St N, OAKDALE",SUSPICIOUS PERSON/ACTIVITY
OAKDALE POLICE DEPARTMENT,OAKDALE,8/14/2026 10:17:26 PM,OD26010486,"6XXX  10TH ST N, OAKDALE",SUSPICIOUS PERSON/ACTIVITY
OAKDALE POLICE DEPARTMENT,OAKDALE,8/14/2026 11:22:21 PM,OD26010489,"2XXX  GENEVA AVE N, OAKDALE",TRAFFIC STOP
OAKDALE POLICE DEPARTMENT,OAKDALE,8/14/2026 11:33:54 PM,OD26010492,"3XXX  GENEVA AVE N, OAKDALE",TRAFFIC STOP
OAKDALE POLICE DEPARTMENT,OAKDALE,8/14/2026 11:34:57 PM,OD26010493,"7XXX  15TH ST N, OAKDALE",MEDICAL
OAKDALE POLICE DEPARTMENT,OAKDALE,8/14/2026 11:46:00 PM,OD26010494,"4XXX  GENEVA AVE N, OAKDALE",TRAFFIC STOP
OAKDALE POLICE DEPARTMENT,OAKDALE,8/14/2026 11:50:09 PM,OD26010495,"7XXX  10th St N, OAKDALE",DRIVING COMPLAINT
OAKDALE POLICE DEPARTMENT,OAKDALE,8/15/2026 12:02:09 AM,OD26010496,"40TH ST N / GENEVA AVE N, OAKDALE",TRAFFIC STOP
OAKDALE POLICE DEPARTMENT,OAKDALE,8/15/2026 12:14:17 AM,OD26010497,"1XXX  HADLEY AVE N, OAKDALE",TRAFFIC STOP
OAKDALE POLICE DEPARTMENT,OAKDALE,8/15/2026 12:38:45 AM,OD26010498,"6XXX  Upper 35th St N, OAKDALE",SUSPICIOUS PERSON/ACTIVITY
OAKDALE POLICE DEPARTMENT,OAKDALE,8/15/2026 7:24:31 AM,OD26010501,"1XXX  GOODWIN AVE N, OAKDALE",FIRE
OAKDALE POLICE DEPARTMENT,OAKDALE,8/15/2026 9:25:45 AM,OD26010503,"4XXX  Gershwin Ave N, OAKDALE",PROPERTY DAMAGE
OAKDALE POLICE DEPARTMENT,OAKDALE,8/15/2026 9:58:36 AM,OD26010504,"1XXX  HELENA RD N, OAKDALE",DISTURBANCE
OAKDALE POLICE DEPARTMENT,OAKDALE,8/15/2026 10:30:44 AM,OD26010505,"6XXX  15TH ST N, OAKDALE",CITIZEN/PUBLIC ASSIST
OAKDALE POLICE DEPARTMENT,OAKDALE,8/15/2026 12:04:44 PM,OD26010506,"2XXX  Henslow Ave N, OAKDALE",911 ABANDONED/HANGUP/OPEN LINE
OAKDALE POLICE DEPARTMENT,OAKDALE,8/15/2026 1:51:24 PM,OD26010510,"1XXX  Heath Ave N, OAKDALE",MEDICAL
OAKDALE POLICE DEPARTMENT,OAKDALE,8/15/2026 3:25:40 PM,OD26010511,"6XXX  10th St N, OAKDALE",911 ABANDONED/HANGUP/OPEN LINE
OAKDALE POLICE DEPARTMENT,OAKDALE,8/15/2026 3:43:36 PM,OD26010512,"1XXX  GENTRY AVE N, OAKDALE",WELFARE CHECK
OAKDALE POLICE DEPARTMENT,OAKDALE,8/15/2026 4:13:37 PM,OD26010513,"7XXX  44th St N, OAKDALE",CIVIL MATTER/DISPUTE
OAKDALE POLICE DEPARTMENT,OAKDALE,8/15/2026 4:36:01 PM,OD26010514,"49th St N / Granada Ave N, OAKDALE",SUSPICIOUS PERSON/ACTIVITY
OAKDALE POLICE DEPARTMENT,OAKDALE,8/15/2026 5:23:41 PM,OD26010516,"6XXX  7th St N, OAKDALE",MEDICAL
OAKDALE POLICE DEPARTMENT,OAKDALE,8/15/2026 6:43:21 PM,OD26010517,"6XXX  Lower 12th St N, OAKDALE",WELFARE CHECK
OAKDALE POLICE DEPARTMENT,OAKDALE,8/15/2026 9:41:18 PM,OD26010519,"6XXX  13th Street Ct N, OAKDALE",MEDICAL
OAKDALE POLICE DEPARTMENT,OAKDALE,8/15/2026 10:10:20 PM,OD26010520,"1XXX  Goodwin Ave N, OAKDALE",WELFARE CHECK
OAKDALE POLICE DEPARTMENT,OAKDALE,8/15/2026 10:25:19 PM,OD26010521,"7XXX  44th St N, OAKDALE",MEDICAL
OAKDALE POLICE DEPARTMENT,OAKDALE,8/15/2026 11:09:10 PM,OD26010523,"6XXX  GOPHER BLVD N, OAKDALE",911 ABANDONED/HANGUP/OPEN LINE
OAKDALE POLICE DEPARTMENT,WOODBURY,8/12/2026 11:11:44 PM,OD26010401,"BIELENBERG DR & TAMARACK RD, WOODBURY",ASSIST OTHER AGENCY
OAKDALE POLICE DEPARTMENT,WOODBURY,8/13/2026 12:02:51 AM,OD26010403,"6XXX  SCHEEL DR, WOODBURY",ASSIST OTHER AGENCY
ST. PAUL PARK POLICE DEPARTMENT,SAINT PAUL PARK,8/10/2026 9:53:55 AM,SP26006818,"XXX 4TH ST, SAINT PAUL PARK",DEATH INVESTIGATION
ST. PAUL PARK POLICE DEPARTMENT,SAINT PAUL PARK,8/10/2026 2:55:46 PM,SP26006827,"XXX SUMMIT AVE, SAINT PAUL PARK",ASSIST OTHER AGENCY
ST. PAUL PARK POLICE DEPARTMENT,SAINT PAUL PARK,8/13/2026 10:24:37 AM,SP26006935,"1XXX  13th Ave, SAINT PAUL PARK",FRAUD/SCAM
ST. PAUL PARK POLICE DEPARTMENT,SAINT PAUL PARK,8/13/2026 2:45:55 PM,SP26006945,"XXX 3rd St, SAINT PAUL PARK",FRAUD/SCAM
STILLWATER POLICE DEPARTMENT,OAK PARK HEIGHTS,8/10/2026 8:44:44 PM,SW26007518,"5XXX  Neal Ave N, OAK PARK HEIGHTS",ASSIST OTHER AGENCY
STILLWATER POLICE DEPARTMENT,OAK PARK HEIGHTS,8/12/2026 1:44:37 AM,SW26007571,"14XXX  58th St N, OAK PARK HEIGHTS",ASSIST OTHER AGENCY
STILLWATER POLICE DEPARTMENT,OAK PARK HEIGHTS,8/14/2026 12:10:53 AM,SW26007634,"14XXX  58th St N, OAK PARK HEIGHTS",ASSIST OTHER AGENCY
STILLWATER POLICE DEPARTMENT,STILLWATER,8/9/2026 12:10:15 AM,SW26007451,"XXX Mulberry St E, STILLWATER",DISTURBANCE
STILLWATER POLICE DEPARTMENT,STILLWATER,8/9/2026 12:25:56 AM,SW26007452,"12XXX  Dellwood Rd N, STILLWATER",911 ABANDONED/HANGUP/OPEN LINE
STILLWATER POLICE DEPARTMENT,STILLWATER,8/9/2026 2:28:39 AM,SW26007453,"2XXX  Saddle Ct, STILLWATER",CIVIL MATTER/DISPUTE
STILLWATER POLICE DEPARTMENT,STILLWATER,8/9/2026 4:45:09 AM,SW26007456,"XXX WATER ST S, STILLWATER",PARKING COMPLAINT
STILLWATER POLICE DEPARTMENT,STILLWATER,8/9/2026 5:18:17 AM,SW26007458,"XXX WATER ST S, STILLWATER",PARKING VIOLATION
STILLWATER POLICE DEPARTMENT,STILLWATER,8/9/2026 7:52:05 AM,SW26007459,"XXX Lakeside Dr, STILLWATER",LIFT ASSIST
STILLWATER POLICE DEPARTMENT,STILLWATER,8/9/2026 8:10:55 AM,SW26007460,"XXX Holcombe St S, STILLWATER",LIFT ASSIST
STILLWATER POLICE DEPARTMENT,STILLWATER,8/9/2026 9:40:21 AM,SW26007461,"75th St N / Myrtle St W, STILLWATER",ANIMAL COMPLAINT
STILLWATER POLICE DEPARTMENT,STILLWATER,8/9/2026 10:06:51 AM,SW26007462,"1XXX  Owens St N, STILLWATER",MEDICAL
STILLWATER POLICE DEPARTMENT,STILLWATER,8/9/2026 10:28:37 AM,SW26007463,"1XXX  Swenson St, STILLWATER",BURGLARY
STILLWATER POLICE DEPARTMENT,STILLWATER,8/9/2026 10:41:15 AM,SW26007464,"XXX Marsh St W, STILLWATER",ALARM-BUSINESS/RES/FIRE/MEDICAL/ETC
STILLWATER POLICE DEPARTMENT,STILLWATER,8/9/2026 12:20:16 PM,SW26007465,"XXX Water St S, STILLWATER",CITIZEN/PUBLIC ASSIST
STILLWATER POLICE DEPARTMENT,STILLWATER,8/9/2026 1:07:24 PM,SW26007466,"XXX Stillwater Blvd N, STILLWATER",FRAUD/SCAM
STILLWATER POLICE DEPARTMENT,STILLWATER,8/9/2026 3:32:21 PM,SW26007467,"14XXX  60th St N, STILLWATER",ALARM-BUSINESS/RES/FIRE/MEDICAL/ETC
STILLWATER POLICE DEPARTMENT,STILLWATER,8/9/2026 3:37:16 PM,SW26007468,"3XXX  Settlers Way, STILLWATER",ANIMAL COMPLAINT
STILLWATER POLICE DEPARTMENT,STILLWATER,8/9/2026 3:43:13 PM,SW26007469,"XXX Linden St W, STILLWATER",MEDICAL
STILLWATER POLICE DEPARTMENT,STILLWATER,8/9/2026 4:59:50 PM,SW26007471,"XXX 2nd St N, STILLWATER",ANIMAL COMPLAINT
STILLWATER POLICE DEPARTMENT,STILLWATER,8/9/2026 6:50:35 PM,SW26007472,"XXX 2nd St N, STILLWATER",CITIZEN/PUBLIC ASSIST
STILLWATER POLICE DEPARTMENT,STILLWATER,8/9/2026 7:17:08 PM,SW26007474,"Manning Ave N / 87th St N, STILLWATER",ROAD HAZARD
STILLWATER POLICE DEPARTMENT,STILLWATER,8/9/2026 8:04:59 PM,SW26007475,"XXX Greeley St S, STILLWATER",MEDICAL
STILLWATER POLICE DEPARTMENT,STILLWATER,8/9/2026 8:44:18 PM,SW26007476,"1XXX  Nightingale Blvd, STILLWATER",SUSPICIOUS PERSON/ACTIVITY
STILLWATER POLICE DEPARTMENT,STILLWATER,8/9/2026 10:10:02 PM,SW26007478,"XXX 2nd St N, STILLWATER",PARKING COMPLAINT
STILLWATER POLICE DEPARTMENT,STILLWATER,8/9/2026 11:06:25 PM,SW26007481,"3XXX  Abercrombie Ln, STILLWATER",WELFARE CHECK
STILLWATER POLICE DEPARTMENT,STILLWATER,8/9/2026 11:36:29 PM,SW26007483,"GREELEY ST S / ORLEANS ST W, STILLWATER",TRAFFIC STOP
STILLWATER POLICE DEPARTMENT,STILLWATER,8/10/2026 12:08:00 AM,SW26007485,"2XXX  WASHINGTON AVE, STILLWATER",TRAFFIC STOP
STILLWATER POLICE DEPARTMENT,STILLWATER,8/10/2026 12:40:17 AM,SW26007486,"1XXX  Eastridge Ct, STILLWATER",MEDICAL
STILLWATER POLICE DEPARTMENT,STILLWATER,8/10/2026 1:41:50 AM,SW26007488,"1XXX  Paddock Cir, STILLWATER",ANIMAL COMPLAINT
STILLWATER POLICE DEPARTMENT,STILLWATER,8/10/2026 8:09:37 AM,SW26007489,"2ND ST S / NELSON ST, STILLWATER",ACCIDENT
STILLWATER POLICE DEPARTMENT,STILLWATER,8/10/2026 8:58:09 AM,SW26007490,"XXX Olive St W, STILLWATER",FOLLOW UP
STILLWATER POLICE DEPARTMENT,STILLWATER,8/10/2026 9:17:25 AM,SW26007491,"XXX Churchill St W, STILLWATER",OFFICER INFORMATION
STILLWATER POLICE DEPARTMENT,STILLWATER,8/10/2026 9:43:28 AM,SW26007492,"XXX Greeley St S, STILLWATER",MEDICAL
STILLWATER POLICE DEPARTMENT,STILLWATER,8/10/2026 10:21:15 AM,SW26007495,"1XXX  Stillwater Blvd N, STILLWATER",LOCKOUT
STILLWATER POLICE DEPARTMENT,STILLWATER,8/10/2026 10:22:17 AM,SW26007494,"XXX Owens St N, STILLWATER",911 ABANDONED/HANGUP/OPEN LINE
STILLWATER POLICE DEPARTMENT,STILLWATER,8/10/2026 10:49:41 AM,SW26007496,"1XXX  Cottage Dr, STILLWATER",MEDICAL
STILLWATER POLICE DEPARTMENT,STILLWATER,8/10/2026 10:54:22 AM,SW26007497,"XXX Seeley St S, STILLWATER",MEDICAL
STILLWATER POLICE DEPARTMENT,STILLWATER,8/10/2026 10:54:24 AM,SW26007498,"1XXX  Greeley St S, STILLWATER",911 ABANDONED/HANGUP/OPEN LINE
STILLWATER POLICE DEPARTMENT,STILLWATER,8/10/2026 10:59:03 AM,SW26007499,"XXX 4th St N, STILLWATER",CITIZEN/PUBLIC ASSIST
STILLWATER POLICE DEPARTMENT,STILLWATER,8/10/2026 11:07:30 AM,SW26007500,"Brick St S / Pine St W, STILLWATER",ANIMAL COMPLAINT
STILLWATER POLICE DEPARTMENT,STILLWATER,8/10/2026 12:08:17 PM,SW26007503,"XXX Nelson St, STILLWATER",CITIZEN/PUBLIC ASSIST
STILLWATER POLICE DEPARTMENT,STILLWATER,8/10/2026 12:41:07 PM,SW26007504,"XXX Linden St W, STILLWATER",MEDICAL
STILLWATER POLICE DEPARTMENT,STILLWATER,8/10/2026 12:50:26 PM,SW26007505,"1XXX  Market Dr, STILLWATER",LOCKOUT
STILLWATER POLICE DEPARTMENT,STILLWATER,8/10/2026 1:46:10 PM,SW26007506,"XXX Churchill St W, STILLWATER",DISTURBANCE
STILLWATER POLICE DEPARTMENT,STILLWATER,8/10/2026 2:00:45 PM,SW26007507,"1XXX  Frontage Rd W, STILLWATER",MEDICAL
STILLWATER POLICE DEPARTMENT,STILLWATER,8/10/2026 2:27:02 PM,SW26007508,"1XXX  Curve Crest Blvd, STILLWATER",ANIMAL COMPLAINT
STILLWATER POLICE DEPARTMENT,STILLWATER,8/10/2026 2:49:25 PM,SW26007509,"Unknown, STILLWATER",CITIZEN/PUBLIC ASSIST
STILLWATER POLICE DEPARTMENT,STILLWATER,8/10/2026 4:27:39 PM,SW26007510,"XXX Main St N, STILLWATER",ALARM-BUSINESS/RES/FIRE/MEDICAL/ETC
STILLWATER POLICE DEPARTMENT,STILLWATER,8/10/2026 4:47:26 PM,SW26007511,"XXX Churchill St W, STILLWATER",FOLLOW UP
STILLWATER POLICE DEPARTMENT,STILLWATER,8/10/2026 5:49:10 PM,SW26007512,"XXX Greeley St S, STILLWATER",MEDICAL
STILLWATER POLICE DEPARTMENT,STILLWATER,8/10/2026 6:48:23 PM,SW26007514,"2nd St S / Chestnut St E, STILLWATER",PROPERTY DAMAGE
STILLWATER POLICE DEPARTMENT,STILLWATER,8/10/2026 8:32:12 PM,SW26007516,"1XXX  FRONTAGE RD W, STILLWATER",ALARM-BUSINESS/RES/FIRE/MEDICAL/ETC
STILLWATER POLICE DEPARTMENT,STILLWATER,8/10/2026 8:35:12 PM,SW26007517,"1XXX  Parkwood Ln, STILLWATER",JUVENILE COMPLAINT
STILLWATER POLICE DEPARTMENT,STILLWATER,8/11/2026 12:37:35 AM,SW26007520,"Willard St E / 1st St S, STILLWATER",PUBLIC WORKS CONCERN
STILLWATER POLICE DEPARTMENT,STILLWATER,8/11/2026 4:43:26 AM,SW26007522,"5th St S / Orleans St W, STILLWATER",JUVENILE COMPLAINT
STILLWATER POLICE DEPARTMENT,STILLWATER,8/11/2026 5:07:07 AM,SW26007523,"Hillside Ln / Skyview Ct, STILLWATER",SUSPICIOUS PERSON/ACTIVITY
STILLWATER POLICE DEPARTMENT,STILLWATER,8/11/2026 7:06:23 AM,SW26007524,"XXX Owens St N, STILLWATER",CIVIL MATTER/DISPUTE
STILLWATER POLICE DEPARTMENT,STILLWATER,8/11/2026 8:17:04 AM,SW26007525,"XXX 4TH ST N, STILLWATER",CITIZEN/PUBLIC ASSIST
STILLWATER POLICE DEPARTMENT,STILLWATER,8/11/2026 8:57:24 AM,SW26007526,"2XXX  Market Dr, STILLWATER",UNWANTED PERSON/VEHICLE
STILLWATER POLICE DEPARTMENT,STILLWATER,8/11/2026 9:31:54 AM,SW26007527,"XXX Main St N, STILLWATER",ALARM-BUSINESS/RES/FIRE/MEDICAL/ETC
STILLWATER POLICE DEPARTMENT,STILLWATER,8/11/2026 10:12:04 AM,SW26007528,"1XXX  Bergmann Dr, STILLWATER",911 ABANDONED/HANGUP/OPEN LINE
STILLWATER POLICE DEPARTMENT,STILLWATER,8/11/2026 10:20:57 AM,SW26007529,"XXX 6th St S, STILLWATER",WELFARE CHECK
STILLWATER POLICE DEPARTMENT,STILLWATER,8/11/2026 11:12:36 AM,SW26007530,"XXX Sherburne St N, STILLWATER",CITIZEN/PUBLIC ASSIST
STILLWATER POLICE DEPARTMENT,STILLWATER,8/11/2026 12:17:57 PM,SW26007532,"2XXX  Curve Crest Blvd, STILLWATER",MEDICAL
STILLWATER POLICE DEPARTMENT,STILLWATER,8/11/2026 12:46:41 PM,SW26007533,"XXX 4th St N, STILLWATER",FRAUD/SCAM
STILLWATER POLICE DEPARTMENT,STILLWATER,8/11/2026 12:50:55 PM,SW26007534,"Croixwood Blvd / Stillwater Blvd N, STILLWATER",WELFARE CHECK
STILLWATER POLICE DEPARTMENT,STILLWATER,8/11/2026 12:57:00 PM,SW26007536,"XXX Stillwater Blvd N, STILLWATER",CITIZEN/PUBLIC ASSIST
STILLWATER POLICE DEPARTMENT,STILLWATER,8/11/2026 1:51:32 PM,SW26007537,"Greeley St S / Oak St W, STILLWATER",MEDICAL
STILLWATER POLICE DEPARTMENT,STILLWATER,8/11/2026 3:41:37 PM,SW26007540,"XXX Liberty Pkwy, STILLWATER",FRAUD/SCAM
STILLWATER POLICE DEPARTMENT,STILLWATER,8/11/2026 4:15:28 PM,SW26007541,"Hwy 36 Wb At Washington Ave N, STILLWATER",ROAD HAZARD
STILLWATER POLICE DEPARTMENT,STILLWATER,8/11/2026 4:38:50 PM,SW26007543,"XXX Main St S, STILLWATER",THEFT
STILLWATER POLICE DEPARTMENT,STILLWATER,8/11/2026 5:01:55 PM,SW26007544,"Nelson St / 2nd St S, STILLWATER",CITIZEN/PUBLIC ASSIST
STILLWATER POLICE DEPARTMENT,STILLWATER,8/11/2026 5:11:41 PM,SW26007545,"Pine St W / Greeley St S, STILLWATER",DRIVING COMPLAINT
STILLWATER POLICE DEPARTMENT,STILLWATER,8/11/2026 5:26:31 PM,SW26007546,"XXX 4th St N, STILLWATER",FOUND PROPERTY/ITEM
STILLWATER POLICE DEPARTMENT,STILLWATER,8/11/2026 5:29:57 PM,SW26007547,"Unknown, STILLWATER",CITIZEN/PUBLIC ASSIST
STILLWATER POLICE DEPARTMENT,STILLWATER,8/11/2026 5:35:53 PM,SW26007548,"1XXX  Curve Crest Blvd, STILLWATER",OFP VIOLATION
STILLWATER POLICE DEPARTMENT,STILLWATER,8/11/2026 6:44:01 PM,SW26007549,"XXX Croixwood Pl, STILLWATER",DRIVING COMPLAINT
STILLWATER POLICE DEPARTMENT,STILLWATER,8/11/2026 6:55:30 PM,SW26007550,"XXX Main St N, STILLWATER",FOUND PROPERTY/ITEM
STILLWATER POLICE DEPARTMENT,STILLWATER,8/11/2026 7:12:45 PM,SW26007551,"2XXX  Oakridge Rd, STILLWATER",MEDICAL
STILLWATER POLICE DEPARTMENT,STILLWATER,8/11/2026 7:21:46 PM,SW26007552,"6th Ave S / Burlington St E, STILLWATER",DRIVING COMPLAINT
STILLWATER POLICE DEPARTMENT,STILLWATER,8/11/2026 7:47:57 PM,SW26007553,"XXX Elm St W, STILLWATER",DISTURBANCE
STILLWATER POLICE DEPARTMENT,STILLWATER,8/11/2026 8:19:57 PM,SW26007555,"1XXX  FRONTAGE RD W, STILLWATER",ALARM-BUSINESS/RES/FIRE/MEDICAL/ETC
STILLWATER POLICE DEPARTMENT,STILLWATER,8/11/2026 8:32:32 PM,SW26007556,"1XXX  Market Dr, STILLWATER",ALARM-BUSINESS/RES/FIRE/MEDICAL/ETC
STILLWATER POLICE DEPARTMENT,STILLWATER,8/11/2026 8:59:20 PM,SW26007557,"14XXX  62nd St N, STILLWATER",CHILD CUSTODY
STILLWATER POLICE DEPARTMENT,STILLWATER,8/11/2026 9:01:42 PM,SW26007558," 2225 ORLEANS ST W   , STILLWATER",PARKING COMPLAINT
STILLWATER POLICE DEPARTMENT,STILLWATER,8/11/2026 9:11:55 PM,SW26007559,"1XXX  Eastridge Ct, STILLWATER",DRIVING COMPLAINT
STILLWATER POLICE DEPARTMENT,STILLWATER,8/11/2026 9:57:31 PM,SW26007562,"2XXX  Countryside Ct, STILLWATER",NOISE COMPLAINT/DISTURBANCE
STILLWATER POLICE DEPARTMENT,STILLWATER,8/11/2026 10:01:21 PM,SW26007563,"XXX WATER ST S, STILLWATER",DISTURBANCE
STILLWATER POLICE DEPARTMENT,STILLWATER,8/11/2026 10:46:29 PM,SW26007566,"XXX Water St S, STILLWATER",LOST PROPERTY/ITEM
STILLWATER POLICE DEPARTMENT,STILLWATER,8/11/2026 11:43:19 PM,SW26007568,"XXX Main St S, STILLWATER",TRESPASSING
STILLWATER POLICE DEPARTMENT,STILLWATER,8/11/2026 11:57:27 PM,SW26007569,"1XXX  Oak Glen Pl, STILLWATER",SUSPICIOUS PERSON/ACTIVITY
STILLWATER POLICE DEPARTMENT,STILLWATER,8/12/2026 6:22:35 AM,SW26007572,"2XXX  Washington Ave, STILLWATER",911 ABANDONED/HANGUP/OPEN LINE
STILLWATER POLICE DEPARTMENT,STILLWATER,8/12/2026 7:11:54 AM,SW26007573,"3XXX  White Pine Way, STILLWATER",FAMILY ASSIST
STILLWATER POLICE DEPARTMENT,STILLWATER,8/12/2026 8:14:12 AM,SW26007574,"2XXX  Oakridge Rd, STILLWATER",FRAUD/SCAM
STILLWATER POLICE DEPARTMENT,STILLWATER,8/12/2026 8:29:11 AM,SW26007575,"1XXX  Pond View Ln, STILLWATER",FAMILY ASSIST
STILLWATER POLICE DEPARTMENT,STILLWATER,8/12/2026 8:38:56 AM,SW26007576,"Unknown, STILLWATER",FOLLOW UP
STILLWATER POLICE DEPARTMENT,STILLWATER,8/12/2026 11:05:27 AM,SW26007577,"1XXX  PARKWOOD LN, STILLWATER",CITIZEN/PUBLIC ASSIST
STILLWATER POLICE DEPARTMENT,STILLWATER,8/12/2026 12:30:29 PM,SW26007578,"XXX Pine Hollow Grn, STILLWATER",THEFT
STILLWATER POLICE DEPARTMENT,STILLWATER,8/12/2026 12:43:38 PM,SW26007579,"XXX Birchwood Dr N, STILLWATER",CITIZEN/PUBLIC ASSIST
STILLWATER POLICE DEPARTMENT,STILLWATER,8/12/2026 12:53:15 PM,SW26007580,"2XXX  Market Dr, STILLWATER",CITIZEN/PUBLIC ASSIST
STILLWATER POLICE DEPARTMENT,STILLWATER,8/12/2026 2:02:45 PM,SW26007581,"Unknown, STILLWATER",CITIZEN/PUBLIC ASSIST
STILLWATER POLICE DEPARTMENT,STILLWATER,8/12/2026 3:27:49 PM,SW26007582,"1XXX  Gilbert Ct, STILLWATER",LIFT ASSIST
STILLWATER POLICE DEPARTMENT,STILLWATER,8/12/2026 4:17:12 PM,SW26007583,"Stillwater Blvd N Over Hwy 36, STILLWATER",ACCIDENT
STILLWATER POLICE DEPARTMENT,STILLWATER,8/12/2026 4:25:47 PM,SW26007584,"1XXX  William St N, STILLWATER",ALARM-BUSINESS/RES/FIRE/MEDICAL/ETC
STILLWATER POLICE DEPARTMENT,STILLWATER,8/12/2026 4:38:45 PM,SW26007585,"XXX WATER ST S, STILLWATER",PROPERTY DAMAGE
STILLWATER POLICE DEPARTMENT,STILLWATER,8/12/2026 4:42:07 PM,SW26007586,"XXX Water St S, STILLWATER",ACCIDENT
STILLWATER POLICE DEPARTMENT,STILLWATER,8/12/2026 5:26:10 PM,SW26007587,"XXX 4th St N, STILLWATER",CIVIL MATTER/DISPUTE
STILLWATER POLICE DEPARTMENT,STILLWATER,8/12/2026 6:18:27 PM,SW26007589,"XXX Laurel St W, STILLWATER",MEDICAL
STILLWATER POLICE DEPARTMENT,STILLWATER,8/12/2026 6:30:57 PM,SW26007590,"2XXX  Orleans St W, STILLWATER",ACCIDENT
STILLWATER POLICE DEPARTMENT,STILLWATER,8/12/2026 7:11:03 PM,SW26007592,"Chestnut St E / Main St S, STILLWATER",FIGHT
STILLWATER POLICE DEPARTMENT,STILLWATER,8/12/2026 8:04:54 PM,SW26007593,"1XXX  Carnelian St N, STILLWATER",911 ABANDONED/HANGUP/OPEN LINE
STILLWATER POLICE DEPARTMENT,STILLWATER,8/12/2026 8:20:59 PM,SW26007594,"XXX Everett St N, STILLWATER",911 ABANDONED/HANGUP/OPEN LINE
STILLWATER POLICE DEPARTMENT,STILLWATER,8/12/2026 8:28:20 PM,SW26007596,"XXX Water St S, STILLWATER",CITIZEN/PUBLIC ASSIST
STILLWATER POLICE DEPARTMENT,STILLWATER,8/12/2026 8:41:10 PM,SW26007597,"XXX Maryknoll Dr, STILLWATER",911 ABANDONED/HANGUP/OPEN LINE
STILLWATER POLICE DEPARTMENT,STILLWATER,8/12/2026 9:35:25 PM,SW26007598,"XXX Abbott St W, STILLWATER",PROPERTY DAMAGE
STILLWATER POLICE DEPARTMENT,STILLWATER,8/12/2026 10:26:06 PM,SW26007599,"XXX Hidden Valley Ct, STILLWATER",DISTURBANCE
STILLWATER POLICE DEPARTMENT,STILLWATER,8/12/2026 10:33:27 PM,SW26007601,"XXX 5th St S, STILLWATER",SUSPICIOUS PERSON/ACTIVITY
STILLWATER POLICE DEPARTMENT,STILLWATER,8/12/2026 11:00:05 PM,SW26007600,"XXX Chestnut St E, STILLWATER",DISTURBANCE
STILLWATER POLICE DEPARTMENT,STILLWATER,8/12/2026 11:38:03 PM,SW26007602,"2XXX  Hidden Valley Ln, STILLWATER",DISTURBANCE
STILLWATER POLICE DEPARTMENT,STILLWATER,8/13/2026 12:00:00 AM,SW26007608,"13XXX  60Th St N, STILLWATER",SUSPICIOUS PERSON/ACTIVITY
STILLWATER POLICE DEPARTMENT,STILLWATER,8/13/2026 12:59:21 AM,SW26007603,"1XXX  Market Dr, STILLWATER",SUSPICIOUS PERSON/ACTIVITY
STILLWATER POLICE DEPARTMENT,STILLWATER,8/13/2026 1:48:56 AM,SW26007604,"XXX Churchill St W, STILLWATER",HARASSMENT
STILLWATER POLICE DEPARTMENT,STILLWATER,8/13/2026 7:43:32 AM,SW26007605,"Main St N / Commercial St, STILLWATER",ACCIDENT
STILLWATER POLICE DEPARTMENT,STILLWATER,8/13/2026 8:30:22 AM,SW26007606,"Stillwater Lift Bridge (pedestrian) - Mn, STILLWATER",ASSIST OTHER AGENCY
STILLWATER POLICE DEPARTMENT,STILLWATER,8/13/2026 8:59:46 AM,SW26007607,"2XXX  Frontage Rd W, STILLWATER",ACCIDENT
STILLWATER POLICE DEPARTMENT,STILLWATER,8/13/2026 9:04:32 AM,SW26007609,"HIGHWAY 36/Stillwater Blvd, STILLWATER",PROPERTY DAMAGE
STILLWATER POLICE DEPARTMENT,STILLWATER,8/13/2026 10:18:17 AM,SW26007610,"XXX 2nd St N, STILLWATER",CITIZEN/PUBLIC ASSIST
STILLWATER POLICE DEPARTMENT,STILLWATER,8/13/2026 10:45:50 AM,SW26007611,"XXX 4th St N, STILLWATER",SUSPICIOUS PERSON/ACTIVITY
STILLWATER POLICE DEPARTMENT,STILLWATER,8/13/2026 11:43:15 AM,SW26007612,"XXX 4th St N, STILLWATER",CITIZEN/PUBLIC ASSIST
STILLWATER POLICE DEPARTMENT,STILLWATER,8/13/2026 11:57:49 AM,SW26007613,"XXX OWENS ST N, STILLWATER",WELFARE CHECK
STILLWATER POLICE DEPARTMENT,STILLWATER,8/13/2026 1:32:36 PM,SW26007615,"XXX Chestnut St E, STILLWATER",CITIZEN/PUBLIC ASSIST
STILLWATER POLICE DEPARTMENT,STILLWATER,8/13/2026 2:46:30 PM,SW26007618,"1XXX  Pine St W, STILLWATER",ANIMAL COMPLAINT
STILLWATER POLICE DEPARTMENT,STILLWATER,8/13/2026 4:16:43 PM,SW26007620,"Hwy 36 Eb At Oakgreen Ave N, STILLWATER",CITIZEN/PUBLIC ASSIST
STILLWATER POLICE DEPARTMENT,STILLWATER,8/13/2026 4:48:33 PM,SW26007624,"XXX 4th St N, STILLWATER",CITIZEN/PUBLIC ASSIST
STILLWATER POLICE DEPARTMENT,STILLWATER,8/13/2026 5:57:53 PM,SW26007625,"2nd St S / Burlington St E, STILLWATER",TRAFFIC COMPLAINT
STILLWATER POLICE DEPARTMENT,STILLWATER,8/13/2026 6:00:50 PM,SW26007626,"XXX 2nd St S, STILLWATER",CIVIL MATTER/DISPUTE
STILLWATER POLICE DEPARTMENT,STILLWATER,8/13/2026 6:15:17 PM,SW26007627,"PARKWOOD LN, STILLWATER",COMMUNITY CONTACT
STILLWATER POLICE DEPARTMENT,STILLWATER,8/13/2026 6:29:29 PM,SW26007628,"1XXX  Pine St W, STILLWATER",LOST PROPERTY/ITEM
STILLWATER POLICE DEPARTMENT,STILLWATER,8/13/2026 7:05:27 PM,SW26007629,"Washington Ave N At Hwy 36, STILLWATER",WELFARE CHECK
STILLWATER POLICE DEPARTMENT,STILLWATER,8/13/2026 8:48:22 PM,SW26007631,"Liberty Ave / Manning Ave N, STILLWATER",TRAFFIC COMPLAINT
STILLWATER POLICE DEPARTMENT,STILLWATER,8/13/2026 9:32:01 PM,SW26007632,"XXX Water St N, STILLWATER",DISABLED VEHICLE
STILLWATER POLICE DEPARTMENT,STILLWATER,8/14/2026 12:07:17 AM,SW26007633,"1XXX  Orleans Ct, STILLWATER",WELFARE CHECK
STILLWATER POLICE DEPARTMENT,STILLWATER,8/14/2026 4:38:26 AM,SW26007635,"3XXX  Macey Pl, STILLWATER",ALARM-BUSINESS/RES/FIRE/MEDICAL/ETC
STILLWATER POLICE DEPARTMENT,STILLWATER,8/14/2026 7:30:20 AM,SW26007636,"1XXX  Frontage Rd W, STILLWATER",DISTURBANCE
STILLWATER POLICE DEPARTMENT,STILLWATER,8/14/2026 9:18:32 AM,SW26007638,"XXX Main St S, STILLWATER",ALARM-BUSINESS/RES/FIRE/MEDICAL/ETC
STILLWATER POLICE DEPARTMENT,STILLWATER,8/14/2026 10:43:56 AM,SW26007639,"Settlers Way / Manning Ave N, STILLWATER",ACCIDENT
STILLWATER POLICE DEPARTMENT,STILLWATER,8/14/2026 11:01:06 AM,SW26007640,"1XXX  Curve Crest Blvd W, STILLWATER",MEDICAL
STILLWATER POLICE DEPARTMENT,STILLWATER,8/14/2026 11:03:15 AM,SW26007641,"1XXX  WILLIAM ST N, STILLWATER",CITIZEN/PUBLIC ASSIST
STILLWATER POLICE DEPARTMENT,STILLWATER,8/14/2026 11:11:41 AM,SW26007642,"14XXX  62nd St N, STILLWATER",DISTURBANCE
STILLWATER POLICE DEPARTMENT,STILLWATER,8/14/2026 12:08:57 PM,SW26007646,"14XXX  62nd St N, STILLWATER",CITIZEN/PUBLIC ASSIST
STILLWATER POLICE DEPARTMENT,STILLWATER,8/14/2026 1:43:24 PM,SW26007649,"1XXX  Frontage Rd W, STILLWATER",911 ABANDONED/HANGUP/OPEN LINE
STILLWATER POLICE DEPARTMENT,STILLWATER,8/14/2026 2:22:58 PM,SW26007650,"XXX Alder St E, STILLWATER",UNWANTED PERSON/VEHICLE
STILLWATER POLICE DEPARTMENT,STILLWATER,8/14/2026 3:13:36 PM,SW26007653,"XXX 4TH ST N, STILLWATER",CITIZEN/PUBLIC ASSIST
STILLWATER POLICE DEPARTMENT,STILLWATER,8/14/2026 4:12:05 PM,SW26007655,"XXX Water St S, STILLWATER",TRESPASSING
STILLWATER POLICE DEPARTMENT,STILLWATER,8/14/2026 5:32:24 PM,SW26007657,"XXX 2nd St S, STILLWATER",DISTURBANCE
STILLWATER POLICE DEPARTMENT,STILLWATER,8/14/2026 6:02:32 PM,SW26007659,"1XXX  1st St N, STILLWATER",FRAUD/SCAM
STILLWATER POLICE DEPARTMENT,STILLWATER,8/14/2026 6:30:22 PM,SW26007660,"XXX 4th St N, STILLWATER",FOLLOW UP
STILLWATER POLICE DEPARTMENT,STILLWATER,8/14/2026 7:26:53 PM,SW26007662,"XXX Water St N, STILLWATER",911 ABANDONED/HANGUP/OPEN LINE
STILLWATER POLICE DEPARTMENT,STILLWATER,8/14/2026 8:23:30 PM,SW26007663,"XXX 2nd St N, STILLWATER",HARASSMENT
STILLWATER POLICE DEPARTMENT,STILLWATER,8/14/2026 10:18:47 PM,SW26007666,"XXX Main St S, STILLWATER",DISTURBANCE
STILLWATER POLICE DEPARTMENT,STILLWATER,8/14/2026 10:44:15 PM,SW26007667,"2XXX  Cottage Dr, STILLWATER",FIREWORKS
STILLWATER POLICE DEPARTMENT,STILLWATER,8/14/2026 11:39:49 PM,SW26007668,"2XXX  Frontage Rd W, STILLWATER",CITIZEN/PUBLIC ASSIST
STILLWATER POLICE DEPARTMENT,STILLWATER,8/15/2026 1:11:00 AM,SW26007672,"XXX MAIN ST S, STILLWATER",ASSAULT
STILLWATER POLICE DEPARTMENT,STILLWATER,8/15/2026 1:15:59 AM,SW26007673,"XXX Water St S, STILLWATER",MEDICAL
STILLWATER POLICE DEPARTMENT,STILLWATER,8/15/2026 9:51:15 AM,SW26007676,"2ND ST N / MYRTLE ST E, STILLWATER",CITIZEN/PUBLIC ASSIST
STILLWATER POLICE DEPARTMENT,STILLWATER,8/15/2026 3:10:43 PM,SW26007681,"XXX Water St S, STILLWATER",CITIZEN/PUBLIC ASSIST
STILLWATER POLICE DEPARTMENT,STILLWATER,8/15/2026 3:46:23 PM,SW26007683,"XXX Northland Ave, STILLWATER",911 ABANDONED/HANGUP/OPEN LINE
STILLWATER POLICE DEPARTMENT,STILLWATER,8/15/2026 5:12:01 PM,SW26007685,"XXX Water St S, STILLWATER",SUSPICIOUS PERSON/ACTIVITY
STILLWATER POLICE DEPARTMENT,STILLWATER,8/15/2026 5:46:06 PM,SW26007688,"1XXX  Eagle Ridge Cir, STILLWATER",MEDICAL
STILLWATER POLICE DEPARTMENT,STILLWATER,8/15/2026 6:49:12 PM,SW26007690,"XX HWY 36 WB AT WASHINGTON AVE N, STILLWATER",WELFARE CHECK
STILLWATER POLICE DEPARTMENT,STILLWATER,8/15/2026 8:56:09 PM,SW26007694,"14XXX  62nd St N, STILLWATER",SUSPICIOUS PERSON/ACTIVITY
STILLWATER POLICE DEPARTMENT,STILLWATER,8/15/2026 9:38:07 PM,SW26007695,"XXX Main St S, STILLWATER",DISABLED VEHICLE
STILLWATER POLICE DEPARTMENT,STILLWATER,8/15/2026 10:02:51 PM,SW26007696,"Myrtle St W / Everett St N, STILLWATER",ASSIST OTHER AGENCY
STILLWATER POLICE DEPARTMENT,STILLWATER,8/15/2026 10:27:40 PM,SW26007697,"Myrtle St E / Water St S, STILLWATER",911 ABANDONED/HANGUP/OPEN LINE
STILLWATER POLICE DEPARTMENT,STILLWATER,8/15/2026 10:34:19 PM,SW26007698,"XXX Water St S, STILLWATER",CITIZEN/PUBLIC ASSIST
WASHINGTON COUNTY SHERIFFS OFFICE,AFTON,8/9/2026 11:13:19 AM,WC26040417,"12XXX  8th St S, AFTON",MEDICAL
WASHINGTON COUNTY SHERIFFS OFFICE,AFTON,8/9/2026 2:40:18 PM,WC26040442,"15XXX  Upper 34th St S, AFTON",911 ABANDONED/HANGUP/OPEN LINE
WASHINGTON COUNTY SHERIFFS OFFICE,AFTON,8/9/2026 3:31:25 PM,WC26040450,"15XXX  - 15899 AFTON BLVD S, AFTON",DIRECTED PATROL
WASHINGTON COUNTY SHERIFFS OFFICE,AFTON,8/9/2026 4:50:00 PM,WC26040468,"13XXX  - 14699 HUDSON RD S, AFTON",TRAFFIC STOP
WASHINGTON COUNTY SHERIFFS OFFICE,AFTON,8/9/2026 5:21:00 PM,WC26040477,"1XXX  - 1599 STAGECOACH TRL S, AFTON",TRAFFIC STOP
WASHINGTON COUNTY SHERIFFS OFFICE,AFTON,8/9/2026 5:46:19 PM,WC26040485,"Unknown, AFTON",SUICIDE ATTEMPT/THREATS OF
WASHINGTON COUNTY SHERIFFS OFFICE,AFTON,8/10/2026 2:30:42 PM,WC26040648,"15XXX  Afton Hills Dr S, AFTON",MEDICAL
WASHINGTON COUNTY SHERIFFS OFFICE,AFTON,8/10/2026 3:41:36 PM,WC26040665,"Unknown, AFTON",FOLLOW UP
WASHINGTON COUNTY SHERIFFS OFFICE,AFTON,8/10/2026 4:22:42 PM,WC26040674,"12XXX  40th St S, AFTON",FIRE
WASHINGTON COUNTY SHERIFFS OFFICE,AFTON,8/10/2026 5:26:53 PM,WC26040684,"I94 Eb At Neal Ave S, AFTON",ROAD HAZARD
WASHINGTON COUNTY SHERIFFS OFFICE,AFTON,8/10/2026 9:28:18 PM,WC26040708,"13XXX  50th St S, AFTON",OFFICER INFORMATION
WASHINGTON COUNTY SHERIFFS OFFICE,AFTON,8/11/2026 4:30:02 AM,WC26040750,"3XXX  Neal Ave S, AFTON",ALARM-BUSINESS/RES/FIRE/MEDICAL/ETC
WASHINGTON COUNTY SHERIFFS OFFICE,AFTON,8/11/2026 2:54:04 PM,WC26040842,"1XXX  Oakgreen Ave S, AFTON",911 ABANDONED/HANGUP/OPEN LINE
WASHINGTON COUNTY SHERIFFS OFFICE,AFTON,8/11/2026 3:32:35 PM,WC26040851,"Unknown, AFTON",FOLLOW UP
WASHINGTON COUNTY SHERIFFS OFFICE,AFTON,8/12/2026 4:30:15 PM,WC26041064,"12XXX  60th St S, AFTON",DUMPING COMPLAINT
WASHINGTON COUNTY SHERIFFS OFFICE,AFTON,8/13/2026 3:17:00 PM,WC26041234,"NEAL AVE S / 30TH ST S, AFTON",TRAFFIC STOP
WASHINGTON COUNTY SHERIFFS OFFICE,AFTON,8/14/2026 3:22:08 PM,WC26041423,"15XXX  - 15899 AFTON BLVD S, AFTON",DIRECTED PATROL
WASHINGTON COUNTY SHERIFFS OFFICE,AFTON,8/14/2026 4:00:14 PM,WC26041428,"16XXX  15th St S, AFTON",ANIMAL COMPLAINT
WASHINGTON COUNTY SHERIFFS OFFICE,BAYPORT,8/13/2026 9:26:00 PM,WC26041292,"XXX - 635 MINNESOTA ST S, BAYPORT",TRAFFIC STOP
WASHINGTON COUNTY SHERIFFS OFFICE,BAYTOWN TOWNSHIP,8/9/2026 6:58:12 AM,WC26040395,"Stagecoach Trl N / Railroad Tracks, BAYTOWN TOWNSHIP",MEDICAL
WASHINGTON COUNTY SHERIFFS OFFICE,BAYTOWN TOWNSHIP,8/9/2026 9:04:36 AM,WC26040406,"12XXX  53rd St N, BAYTOWN TOWNSHIP",PUBLIC WORKS CONCERN
WASHINGTON COUNTY SHERIFFS OFFICE,BAYTOWN TOWNSHIP,8/9/2026 9:22:35 AM,WC26040407,"3XXX  Manning Ave N, BAYTOWN TOWNSHIP",K9 ASSIST
WASHINGTON COUNTY SHERIFFS OFFICE,BAYTOWN TOWNSHIP,8/9/2026 8:46:55 PM,WC26040501,"3XXX  Oakgreen Ave N, BAYTOWN TOWNSHIP",ANIMAL COMPLAINT
WASHINGTON COUNTY SHERIFFS OFFICE,BAYTOWN TOWNSHIP,8/13/2026 6:25:14 PM,WC26041263,"3XXX  Oakgreen Ave N, BAYTOWN TOWNSHIP",MEDICAL
WASHINGTON COUNTY SHERIFFS OFFICE,BAYTOWN TOWNSHIP,8/13/2026 9:52:42 PM,WC26041300,"3XXX  OAKGREEN AVE N, BAYTOWN TOWNSHIP",WARRANT ATTEMPT
WASHINGTON COUNTY SHERIFFS OFFICE,BAYTOWN TOWNSHIP,8/13/2026 10:08:00 PM,WC26041308,"STAGECOACH TRL N / 40TH ST N, BAYTOWN TOWNSHIP",TRAFFIC STOP
WASHINGTON COUNTY SHERIFFS OFFICE,BAYTOWN TOWNSHIP,8/14/2026 4:17:00 PM,WC26041430,"4XXX  Morning Dove Ct N, BAYTOWN TOWNSHIP",911 ABANDONED/HANGUP/OPEN LINE
WASHINGTON COUNTY SHERIFFS OFFICE,BIRCHWOOD,8/10/2026 12:29:20 AM,WC26040533,"XXX Wildwood Ave, BIRCHWOOD",MEDICAL
WASHINGTON COUNTY SHERIFFS OFFICE,BIRCHWOOD,8/11/2026 1:19:28 AM,WC26040739,"XXX Lake Ave, BIRCHWOOD",NOISE COMPLAINT/DISTURBANCE
WASHINGTON COUNTY SHERIFFS OFFICE,COTTAGE GROVE,8/11/2026 1:58:16 AM,WC26040741,"70TH ST S / GOODVIEW CT S, COTTAGE GROVE",MOTORIST ASSIST
WASHINGTON COUNTY SHERIFFS OFFICE,COTTAGE GROVE,8/11/2026 7:22:58 PM,WC26040891,"6XXX  94TH ST S, COTTAGE GROVE",CIVIL MATTER/DISPUTE
WASHINGTON COUNTY SHERIFFS OFFICE,COTTAGE GROVE,8/13/2026 6:45:09 AM,WC26041163,"10XXX  85TH ST S, COTTAGE GROVE",OFFICER INFORMATION
WASHINGTON COUNTY SHERIFFS OFFICE,COTTAGE GROVE,8/13/2026 7:17:00 PM,WC26041278,"7XXX  EAST POINT DOUGLAS RD S, COTTAGE GROVE",TRAFFIC STOP
WASHINGTON COUNTY SHERIFFS OFFICE,COTTAGE GROVE,8/14/2026 6:31:00 PM,WC26041449,"9XXX  - 9998 MANNING AVE S, COTTAGE GROVE",TRAFFIC STOP
WASHINGTON COUNTY SHERIFFS OFFICE,DELLWOOD,8/10/2026 10:43:08 AM,WC26040594,"XX Many Levels Rd, DELLWOOD",MAIL THEFT
WASHINGTON COUNTY SHERIFFS OFFICE,DELLWOOD,8/10/2026 2:48:51 PM,WC26040654,"XX Dellwood Ave, DELLWOOD",WELFARE CHECK
WASHINGTON COUNTY SHERIFFS OFFICE,DELLWOOD,8/11/2026 10:09:09 AM,WC26040785,"XX Apple Orchard Ct, DELLWOOD",CITIZEN/PUBLIC ASSIST
WASHINGTON COUNTY SHERIFFS OFFICE,DELLWOOD,8/11/2026 2:47:00 PM,WC26040839,"MAHTOMEDI AVE / ECHO STREET, DELLWOOD",TRAFFIC STOP
WASHINGTON COUNTY SHERIFFS OFFICE,DELLWOOD,8/11/2026 6:17:41 PM,WC26040881,"Unknown, DELLWOOD",PROPERTY DAMAGE
WASHINGTON COUNTY SHERIFFS OFFICE,DELLWOOD,8/12/2026 11:28:32 AM,WC26041017,"Dellwood Ave / Peninsula Rd, DELLWOOD",ROAD HAZARD
WASHINGTON COUNTY SHERIFFS OFFICE,DELLWOOD,8/12/2026 9:31:34 PM,WC26041115,"XX Many Levels Rd, DELLWOOD",SUSPICIOUS PERSON/ACTIVITY
WASHINGTON COUNTY SHERIFFS OFFICE,DELLWOOD,8/13/2026 11:09:43 AM,WC26041208,"Ideal Ave N / Dellwood Rd N, DELLWOOD",FOLLOW UP
WASHINGTON COUNTY SHERIFFS OFFICE,DELLWOOD,8/14/2026 12:24:18 PM,WC26041397,"Dellwood Ave / Dellwood Rd N, DELLWOOD",FOLLOW UP
WASHINGTON COUNTY SHERIFFS OFFICE,DELLWOOD,8/15/2026 2:30:04 AM,WC26041535,"XX Augusta Ln, DELLWOOD",MEDICAL
WASHINGTON COUNTY SHERIFFS OFFICE,DELLWOOD,8/15/2026 2:22:45 PM,WC26041586,"XX Fenlea Cir, DELLWOOD",911 ABANDONED/HANGUP/OPEN LINE
WASHINGTON COUNTY SHERIFFS OFFICE,DENMARK TOWNSHIP,8/9/2026 3:05:28 PM,WC26040447,"6XXX  Peller Ave S, DENMARK TOWNSHIP",911 ABANDONED/HANGUP/OPEN LINE
WASHINGTON COUNTY SHERIFFS OFFICE,DENMARK TOWNSHIP,8/10/2026 1:11:51 AM,WC26040537,"Manning Ave S / 70th St S, DENMARK TOWNSHIP",911 ABANDONED/HANGUP/OPEN LINE
WASHINGTON COUNTY SHERIFFS OFFICE,DENMARK TOWNSHIP,8/10/2026 12:49:47 PM,WC26040621,"Saint Croix River Mile 4 - Mn, DENMARK TOWNSHIP",911 ABANDONED/HANGUP/OPEN LINE
WASHINGTON COUNTY SHERIFFS OFFICE,DENMARK TOWNSHIP,8/11/2026 7:55:00 PM,WC26040894,"7XXX  NEAL AVE S, DENMARK TOWNSHIP",CIVIL MATTER/DISPUTE
WASHINGTON COUNTY SHERIFFS OFFICE,DENMARK TOWNSHIP,8/11/2026 9:32:55 PM,WC26040916,"8XXX  Oakgreen Ave S, DENMARK TOWNSHIP",911 ABANDONED/HANGUP/OPEN LINE
WASHINGTON COUNTY SHERIFFS OFFICE,DENMARK TOWNSHIP,8/11/2026 10:29:56 PM,WC26040924,"14XXX  - 14999 102ND ST S, DENMARK TOWNSHIP",PARK INCIDENT-CITY/COUNTY
WASHINGTON COUNTY SHERIFFS OFFICE,DENMARK TOWNSHIP,8/12/2026 11:45:00 PM,WC26041129,"MANNING AVE S / 70TH ST S, DENMARK TOWNSHIP",TRAFFIC STOP
WASHINGTON COUNTY SHERIFFS OFFICE,DENMARK TOWNSHIP,8/13/2026 4:26:33 PM,WC26041245,"15XXX  - 15999 102ND ST S, DENMARK TOWNSHIP",PARK INCIDENT-CITY/COUNTY
WASHINGTON COUNTY SHERIFFS OFFICE,DENMARK TOWNSHIP,8/14/2026 6:11:00 PM,WC26041445,"70TH ST S / OMAR AVE S, DENMARK TOWNSHIP",TRAFFIC STOP
WASHINGTON COUNTY SHERIFFS OFFICE,DENMARK TOWNSHIP,8/15/2026 5:45:20 PM,WC26041616,"13XXX  122nd St S, DENMARK TOWNSHIP",INCIDENT
WASHINGTON COUNTY SHERIFFS OFFICE,FOREST LAKE,8/10/2026 2:29:46 PM,WC26040650,"Unknown, FOREST LAKE",CIVIL MATTER/DISPUTE
WASHINGTON COUNTY SHERIFFS OFFICE,FOREST LAKE,8/11/2026 2:37:50 AM,WC26040745,"XXX 15th St Sw, FOREST LAKE",ASSIST OTHER AGENCY
WASHINGTON COUNTY SHERIFFS OFFICE,FOREST LAKE,8/14/2026 2:54:55 PM,WC26041416,"Hwy 97 At Hwy 61, FOREST LAKE",ASSIST OTHER AGENCY
WASHINGTON COUNTY SHERIFFS OFFICE,FOREST LAKE,8/15/2026 8:42:35 AM,WC26041556,"19XXX  English Ave N, FOREST LAKE",CIVIL MATTER/DISPUTE
WASHINGTON COUNTY SHERIFFS OFFICE,FOREST LAKE,8/15/2026 5:56:42 PM,WC26041619,"XXX 9th Ave Sw, FOREST LAKE",ASSIST OTHER AGENCY
WASHINGTON COUNTY SHERIFFS OFFICE,GRANT,8/9/2026 1:21:14 PM,WC26040429,"Manning Ave N / 75th St N, GRANT",DRIVING COMPLAINT
WASHINGTON COUNTY SHERIFFS OFFICE,GRANT,8/9/2026 2:12:48 PM,WC26040441,"Gateway Trail Mile 11, GRANT",DISTURBANCE
WASHINGTON COUNTY SHERIFFS OFFICE,GRANT,8/9/2026 10:02:44 PM,WC26040512,"10XXX  Lansing Ave N, GRANT",ALARM-BUSINESS/RES/FIRE/MEDICAL/ETC
WASHINGTON COUNTY SHERIFFS OFFICE,GRANT,8/10/2026 11:16:23 AM,WC26040602,"75TH ST N / KIMBRO AVE N, GRANT",TRAFFIC STOP
WASHINGTON COUNTY SHERIFFS OFFICE,GRANT,8/10/2026 4:55:43 PM,WC26040677,"10XXX  119th St N, GRANT",911 ABANDONED/HANGUP/OPEN LINE
WASHINGTON COUNTY SHERIFFS OFFICE,GRANT,8/11/2026 11:53:33 AM,WC26040818,"11XXX  Irish Ave N, GRANT",ANIMAL BITE
WASHINGTON COUNTY SHERIFFS OFFICE,GRANT,8/11/2026 12:02:41 PM,WC26040814,"8XXX  Jamaca Ave N, GRANT",MISSING PERSON
WASHINGTON COUNTY SHERIFFS OFFICE,GRANT,8/11/2026 1:18:07 PM,WC26040823,"11XXX  Julianne Ave N, GRANT",MEDICAL
WASHINGTON COUNTY SHERIFFS OFFICE,GRANT,8/12/2026 11:18:55 AM,WC26041016,"11XXX  Dellwood Rd N, GRANT",OFP VIOLATION
WASHINGTON COUNTY SHERIFFS OFFICE,GRANT,8/13/2026 5:03:58 PM,WC26041250,"8XXX  Jamaca Ave N, GRANT",FRAUD/SCAM
WASHINGTON COUNTY SHERIFFS OFFICE,GRANT,8/13/2026 9:08:00 PM,WC26041290,"Keats Ave N / 117th St N, GRANT",ACCIDENT
WASHINGTON COUNTY SHERIFFS OFFICE,GRANT,8/14/2026 6:08:52 AM,WC26041356,"10XXX  Ideal Ave N, GRANT",SUSPICIOUS PERSON/ACTIVITY
WASHINGTON COUNTY SHERIFFS OFFICE,GRANT,8/14/2026 4:00:55 PM,WC26041427,"110th St N / Lockridge Ct N, GRANT",INCIDENT
WASHINGTON COUNTY SHERIFFS OFFICE,GRANT,8/14/2026 11:31:09 PM,WC26041503,"8XXX  Itasca Trl N, GRANT",NOISE COMPLAINT/DISTURBANCE
WASHINGTON COUNTY SHERIFFS OFFICE,GRANT,8/15/2026 3:12:00 AM,WC26041537,"8XXX  - 8999 MANNING AVE N, GRANT",TRAFFIC STOP
WASHINGTON COUNTY SHERIFFS OFFICE,GRANT,8/15/2026 7:04:31 PM,WC26041626,"7XXX  Dellwood Rd N, GRANT",SUSPICIOUS PERSON/ACTIVITY
WASHINGTON COUNTY SHERIFFS OFFICE,GRANT,8/15/2026 7:27:00 PM,WC26041630,"Manning Ave N / Dellwood Rd N, GRANT",TRAFFIC STOP
WASHINGTON COUNTY SHERIFFS OFFICE,GRANT,8/15/2026 9:31:02 PM,WC26041643,"11XXX  DELLWOOD RD N, GRANT",HARASSMENT
WASHINGTON COUNTY SHERIFFS OFFICE,HUGO,8/9/2026 7:55:34 AM,WC26040397,"17XXX  Ingersoll Ave N, HUGO",ALARM-BUSINESS/RES/FIRE/MEDICAL/ETC
WASHINGTON COUNTY SHERIFFS OFFICE,HUGO,8/9/2026 11:53:20 AM,WC26040421,"6XXX  157th St N, HUGO",MEDICAL
WASHINGTON COUNTY SHERIFFS OFFICE,HUGO,8/9/2026 12:18:04 PM,WC26040423,"6XXX  177th St N, HUGO",CIVIL MATTER/DISPUTE
WASHINGTON COUNTY SHERIFFS OFFICE,HUGO,8/9/2026 1:38:19 PM,WC26040433,"5XXX  124th Street Ct N, HUGO",911 ABANDONED/HANGUP/OPEN LINE
WASHINGTON COUNTY SHERIFFS OFFICE,HUGO,8/9/2026 1:44:50 PM,WC26040435,"5XXX  157th St N, HUGO",MEDICAL
WASHINGTON COUNTY SHERIFFS OFFICE,HUGO,8/9/2026 4:08:00 PM,WC26040459,"5XXX  Upper 146th St N, HUGO",911 ABANDONED/HANGUP/OPEN LINE
WASHINGTON COUNTY SHERIFFS OFFICE,HUGO,8/9/2026 4:40:34 PM,WC26040464,"15XXX  Forest Blvd N, HUGO",911 ABANDONED/HANGUP/OPEN LINE
WASHINGTON COUNTY SHERIFFS OFFICE,HUGO,8/9/2026 5:10:45 PM,WC26040475,"15XXX  Farnham Ave N, HUGO",DISTURBANCE
WASHINGTON COUNTY SHERIFFS OFFICE,HUGO,8/9/2026 8:47:14 PM,WC26040500,"5XXX  Upper 146th St N, HUGO",NUISANCE
WASHINGTON COUNTY SHERIFFS OFFICE,HUGO,8/9/2026 8:54:40 PM,WC26040504,"16XXX  ETHAN CT N, HUGO",MEDICAL
WASHINGTON COUNTY SHERIFFS OFFICE,HUGO,8/10/2026 6:52:52 AM,WC26040557,"15XXX  Forest Blvd N, HUGO",ALARM-BUSINESS/RES/FIRE/MEDICAL/ETC
WASHINGTON COUNTY SHERIFFS OFFICE,HUGO,8/10/2026 7:23:11 AM,WC26040562,"5XXX  165th St N, HUGO",DISTURBANCE
WASHINGTON COUNTY SHERIFFS OFFICE,HUGO,8/10/2026 1:28:00 PM,WC26040626,"FOREST BLVD N 120TH ST N , HUGO",TRAFFIC STOP
WASHINGTON COUNTY SHERIFFS OFFICE,HUGO,8/10/2026 1:34:39 PM,WC26040629,"14XXX  Geneva Ave N, HUGO",ASSIST OTHER AGENCY
WASHINGTON COUNTY SHERIFFS OFFICE,HUGO,8/10/2026 3:20:34 PM,WC26040661,"14XXX  Victor Hugo Blvd N, HUGO",MEDICAL
WASHINGTON COUNTY SHERIFFS OFFICE,HUGO,8/10/2026 4:19:32 PM,WC26040673,"5XXX  French Dr N, HUGO",SUICIDE
WASHINGTON COUNTY SHERIFFS OFFICE,HUGO,8/11/2026 5:49:10 AM,WC26040752,"7XXX  Oneka Lake Blvd N, HUGO",911 ABANDONED/HANGUP/OPEN LINE
WASHINGTON COUNTY SHERIFFS OFFICE,HUGO,8/11/2026 6:50:00 AM,WC26040753,"FRENCHMAND RD / VICTOR HUGO BLVD , HUGO",ACCIDENT
WASHINGTON COUNTY SHERIFFS OFFICE,HUGO,8/11/2026 10:31:37 AM,WC26040794,"15XXX  Foster Dr N, HUGO",DEATH
WASHINGTON COUNTY SHERIFFS OFFICE,HUGO,8/11/2026 11:36:33 AM,WC26040809,"15XXX  Farnham Ave N, HUGO",TRESPASSING
WASHINGTON COUNTY SHERIFFS OFFICE,HUGO,8/11/2026 3:04:03 PM,WC26040845,"9XXX  152nd St N, HUGO",DUMPING COMPLAINT
WASHINGTON COUNTY SHERIFFS OFFICE,HUGO,8/11/2026 3:05:49 PM,WC26040847,"4XXX  149th St N, HUGO",ANIMAL COMPLAINT
WASHINGTON COUNTY SHERIFFS OFFICE,HUGO,8/11/2026 3:35:37 PM,WC26040852,"6XXX  Egg Lake Rd N, HUGO",PARKING COMPLAINT
WASHINGTON COUNTY SHERIFFS OFFICE,HUGO,8/11/2026 4:30:29 PM,WC26040861,"6XXX  Egg Lake Rd N, HUGO",MEDICAL
WASHINGTON COUNTY SHERIFFS OFFICE,HUGO,8/11/2026 6:05:04 PM,WC26040878,"4XXX  Victor Path N, HUGO",PARKING COMPLAINT
WASHINGTON COUNTY SHERIFFS OFFICE,HUGO,8/12/2026 6:54:29 AM,WC26040970,"15XXX  Ingersoll Ave N, HUGO",UNWANTED PERSON/VEHICLE
WASHINGTON COUNTY SHERIFFS OFFICE,HUGO,8/12/2026 8:59:18 AM,WC26040983,"5XXX  150TH ST N, HUGO",ALARM-BUSINESS/RES/FIRE/MEDICAL/ETC
WASHINGTON COUNTY SHERIFFS OFFICE,HUGO,8/12/2026 9:49:47 AM,WC26040993,"Geneva Ave N / 147th St N, HUGO",OFFICER INFORMATION
WASHINGTON COUNTY SHERIFFS OFFICE,HUGO,8/12/2026 11:37:02 AM,WC26041021,"15XXX  Grafton Ave N, HUGO",911 ABANDONED/HANGUP/OPEN LINE
WASHINGTON COUNTY SHERIFFS OFFICE,HUGO,8/12/2026 2:33:21 PM,WC26041053,"15XXX  Granada Ave N, HUGO",ACCIDENT
WASHINGTON COUNTY SHERIFFS OFFICE,HUGO,8/12/2026 3:26:12 PM,WC26041062,"4XXX  Rosemary Way N, HUGO",VEHICLE UNLOCK
WASHINGTON COUNTY SHERIFFS OFFICE,HUGO,8/12/2026 5:09:23 PM,WC26041073,"Greystone Ave N / Goodview Ave N, HUGO",ANIMAL COMPLAINT
WASHINGTON COUNTY SHERIFFS OFFICE,HUGO,8/12/2026 5:26:00 PM,WC26041076,"15XXX  - 15741 FOREST BLVD N, HUGO",TRAFFIC STOP
WASHINGTON COUNTY SHERIFFS OFFICE,HUGO,8/12/2026 5:31:18 PM,WC26041080,"4XXX  130th St N, HUGO",PARKING COMPLAINT
WASHINGTON COUNTY SHERIFFS OFFICE,HUGO,8/12/2026 6:25:00 PM,WC26041059,"FOREST BLVD N / 159TH ST N, HUGO",TRAFFIC STOP
WASHINGTON COUNTY SHERIFFS OFFICE,HUGO,8/12/2026 9:38:24 PM,WC26041116,"4XXX  HERITAGE PKWY N, HUGO",SCHOOL CHECK
WASHINGTON COUNTY SHERIFFS OFFICE,HUGO,8/12/2026 11:05:22 PM,WC26041127,"14XXX  Oneka Pkwy N, HUGO",PROPERTY DAMAGE
WASHINGTON COUNTY SHERIFFS OFFICE,HUGO,8/13/2026 12:29:46 AM,WC26041137,"4XXX  159TH ST N, HUGO",CITIZEN/PUBLIC ASSIST
WASHINGTON COUNTY SHERIFFS OFFICE,HUGO,8/13/2026 2:06:13 AM,WC26041154,"4XXX  162nd Way N, HUGO",MEDICAL
WASHINGTON COUNTY SHERIFFS OFFICE,HUGO,8/13/2026 8:43:04 AM,WC26041177,"Unknown, HUGO",FOLLOW UP
WASHINGTON COUNTY SHERIFFS OFFICE,HUGO,8/13/2026 3:31:37 PM,WC26041236,"14XXX  Oneka Pkwy N, HUGO",FOLLOW UP
WASHINGTON COUNTY SHERIFFS OFFICE,HUGO,8/13/2026 3:43:23 PM,WC26041237,"132ND WAY N / 132ND ST N, HUGO",INCIDENT
WASHINGTON COUNTY SHERIFFS OFFICE,HUGO,8/13/2026 4:11:13 PM,WC26041240,"4XXX  Flora Way N, HUGO",911 ABANDONED/HANGUP/OPEN LINE
WASHINGTON COUNTY SHERIFFS OFFICE,HUGO,8/13/2026 5:40:15 PM,WC26041257,"5XXX  147th St N, HUGO",THREATS
WASHINGTON COUNTY SHERIFFS OFFICE,HUGO,8/13/2026 5:45:00 PM,WC26041258,"145TH ST N / GLENBROOK AVE N, HUGO",TRAFFIC STOP
WASHINGTON COUNTY SHERIFFS OFFICE,HUGO,8/13/2026 6:53:06 PM,WC26041270,"7XXX  147th St N, HUGO",ALARM-BUSINESS/RES/FIRE/MEDICAL/ETC
WASHINGTON COUNTY SHERIFFS OFFICE,HUGO,8/13/2026 8:10:17 PM,WC26041284,"15XXX  Emerald Dr N, HUGO",INCIDENT
WASHINGTON COUNTY SHERIFFS OFFICE,HUGO,8/13/2026 10:07:00 PM,WC26041307,"5XXX  - 5799 147TH ST N, HUGO",TRAFFIC STOP
WASHINGTON COUNTY SHERIFFS OFFICE,HUGO,8/14/2026 12:00:00 AM,WC26041434,"FOREST BLVD N / 134TH ST N, HUGO",TRAFFIC STOP
WASHINGTON COUNTY SHERIFFS OFFICE,HUGO,8/14/2026 7:08:32 AM,WC26041360,"6XXX  170th St N, HUGO",911 ABANDONED/HANGUP/OPEN LINE
WASHINGTON COUNTY SHERIFFS OFFICE,HUGO,8/14/2026 10:48:01 AM,WC26041386,"14XXX  Finale Ave N, HUGO",MEDICAL
WASHINGTON COUNTY SHERIFFS OFFICE,HUGO,8/14/2026 1:54:51 PM,WC26041407,"6XXX  145th St N, HUGO",MEDICAL
WASHINGTON COUNTY SHERIFFS OFFICE,HUGO,8/14/2026 3:12:26 PM,WC26041421,"15XXX  Ethan Trl N, HUGO",FOLLOW UP
WASHINGTON COUNTY SHERIFFS OFFICE,HUGO,8/14/2026 3:28:06 PM,WC26041424,"5XXX  127th St N, HUGO",MEDICAL
WASHINGTON COUNTY SHERIFFS OFFICE,HUGO,8/14/2026 5:21:31 PM,WC26041437,"Unknown, HUGO",CIVIL MATTER/DISPUTE
WASHINGTON COUNTY SHERIFFS OFFICE,HUGO,8/14/2026 5:59:00 PM,WC26041443,"HWY 61 JNO 152ND ST N, HUGO",TRAFFIC STOP
WASHINGTON COUNTY SHERIFFS OFFICE,HUGO,8/14/2026 6:54:00 PM,WC26041453,"14XXX  VICTOR HUGO BLVD N, HUGO",TRAFFIC STOP
WASHINGTON COUNTY SHERIFFS OFFICE,HUGO,8/14/2026 8:37:14 PM,WC26041472,"12XXX  Europa Ave N, HUGO",FIRE
WASHINGTON COUNTY SHERIFFS OFFICE,HUGO,8/14/2026 8:38:04 PM,WC26041473,"4XXX  149TH ST N, HUGO",NEIGHBOR DISPUTE
WASHINGTON COUNTY SHERIFFS OFFICE,HUGO,8/14/2026 10:17:09 PM,WC26041496,"140TH ST N / FLAY AVE N, HUGO",ACCIDENT
WASHINGTON COUNTY SHERIFFS OFFICE,HUGO,8/14/2026 10:25:55 PM,WC26041498,"5XXX  126th St N, HUGO",NOISE COMPLAINT/DISTURBANCE
WASHINGTON COUNTY SHERIFFS OFFICE,HUGO,8/14/2026 11:34:48 PM,WC26041504,"15XXX  Enfield Ave N, HUGO",DISTURBANCE
WASHINGTON COUNTY SHERIFFS OFFICE,HUGO,8/15/2026 12:14:57 AM,WC26041518,"15XXX  FOREST BLVD N, HUGO",LIFT ASSIST
WASHINGTON COUNTY SHERIFFS OFFICE,HUGO,8/15/2026 4:29:06 AM,WC26041543,"14XXX  Finale Ave N, HUGO",MEDICAL
WASHINGTON COUNTY SHERIFFS OFFICE,HUGO,8/15/2026 9:25:43 AM,WC26041560,"14XXX  Finale Ave N, HUGO",MEDICAL
WASHINGTON COUNTY SHERIFFS OFFICE,HUGO,8/15/2026 9:48:55 AM,WC26041564,"5XXX  159TH ST N, HUGO",CHILD CUSTODY
WASHINGTON COUNTY SHERIFFS OFFICE,HUGO,8/15/2026 12:31:55 PM,WC26041577,"180th St N / Elmcrest Ave N, HUGO",DRIVING COMPLAINT
WASHINGTON COUNTY SHERIFFS OFFICE,HUGO,8/15/2026 4:16:27 PM,WC26041604,"5XXX  130th Way N, HUGO",MEDICAL
WASHINGTON COUNTY SHERIFFS OFFICE,HUGO,8/15/2026 5:11:01 PM,WC26041611,"12XXX  Homestead Dr N, HUGO",FRAUD/SCAM
WASHINGTON COUNTY SHERIFFS OFFICE,HUGO,8/15/2026 7:51:37 PM,WC26041632,"6XXX  150th St N, HUGO",911 ABANDONED/HANGUP/OPEN LINE
WASHINGTON COUNTY SHERIFFS OFFICE,HUGO,8/15/2026 8:34:22 PM,WC26041634,"6XXX  144th St N, HUGO",MEDICAL
WASHINGTON COUNTY SHERIFFS OFFICE,HUGO,8/15/2026 11:29:59 PM,WC26041673,"Unknown, HUGO",WELFARE CHECK
WASHINGTON COUNTY SHERIFFS OFFICE,LAKE ELMO,8/9/2026 1:31:21 AM,WC26040372,"XX Lake Elmo Park Reserve Modern Campsite 20, LAKE ELMO",SUSPICIOUS PERSON/ACTIVITY
WASHINGTON COUNTY SHERIFFS OFFICE,LAKE ELMO,8/9/2026 5:09:11 AM,WC26040390,"XXX CIMARRON, LAKE ELMO",FIGHT
WASHINGTON COUNTY SHERIFFS OFFICE,LAKE ELMO,8/9/2026 3:49:38 PM,WC26040455,"9XXX  8th St N, LAKE ELMO",LIFT ASSIST
WASHINGTON COUNTY SHERIFFS OFFICE,LAKE ELMO,8/9/2026 8:35:11 PM,WC26040498,"XXX Julia Ave N, LAKE ELMO",TRESPASSING
WASHINGTON COUNTY SHERIFFS OFFICE,LAKE ELMO,8/9/2026 9:26:45 PM,WC26040508,"XX CIMARRON, LAKE ELMO",911 ABANDONED/HANGUP/OPEN LINE
WASHINGTON COUNTY SHERIFFS OFFICE,LAKE ELMO,8/9/2026 10:47:36 PM,WC26040521,"1XXX  KEATS AVE N, LAKE ELMO",SUSPICIOUS PERSON/ACTIVITY
WASHINGTON COUNTY SHERIFFS OFFICE,LAKE ELMO,8/9/2026 11:16:24 PM,WC26040525,"60th St N / Lake Elmo Ave N, LAKE ELMO",ASSIST OTHER AGENCY
WASHINGTON COUNTY SHERIFFS OFFICE,LAKE ELMO,8/10/2026 4:24:45 AM,WC26040551,"5XXX  Isle Ave N, LAKE ELMO",911 ABANDONED/HANGUP/OPEN LINE
WASHINGTON COUNTY SHERIFFS OFFICE,LAKE ELMO,8/10/2026 5:39:48 AM,WC26040554,"XXX 6th Street Ln N, LAKE ELMO",911 ABANDONED/HANGUP/OPEN LINE
WASHINGTON COUNTY SHERIFFS OFFICE,LAKE ELMO,8/10/2026 6:53:13 AM,WC26040558,"10XXX  38th Trl N, LAKE ELMO",ALARM-BUSINESS/RES/FIRE/MEDICAL/ETC
WASHINGTON COUNTY SHERIFFS OFFICE,LAKE ELMO,8/10/2026 7:50:26 AM,WC26040565,"9XXX  8th St N, LAKE ELMO",SUSPICIOUS PERSON/ACTIVITY
WASHINGTON COUNTY SHERIFFS OFFICE,LAKE ELMO,8/10/2026 8:10:34 AM,WC26040568,"XXX Cimarron, LAKE ELMO",MEDICAL
WASHINGTON COUNTY SHERIFFS OFFICE,LAKE ELMO,8/10/2026 8:56:54 AM,WC26040573,"Hwy 36 Eb Jwo Manning Ave N, LAKE ELMO",ROAD HAZARD
WASHINGTON COUNTY SHERIFFS OFFICE,LAKE ELMO,8/10/2026 10:47:17 AM,WC26040595,"9XXX  Hudson Blvd N, LAKE ELMO",CIVIL MATTER/DISPUTE
WASHINGTON COUNTY SHERIFFS OFFICE,LAKE ELMO,8/10/2026 10:55:45 AM,WC26040598,"11XXX  Stillwater Blvd N, LAKE ELMO",ALARM-BUSINESS/RES/FIRE/MEDICAL/ETC
WASHINGTON COUNTY SHERIFFS OFFICE,LAKE ELMO,8/10/2026 12:26:07 PM,WC26040618,"LAKE ELMO AVE N / 37TH ST N, LAKE ELMO",TRAFFIC STOP
WASHINGTON COUNTY SHERIFFS OFFICE,LAKE ELMO,8/10/2026 3:49:18 PM,WC26040668,"Knightsbridge Trl N / Knightsbridge Ln N, LAKE ELMO",ACCIDENT
WASHINGTON COUNTY SHERIFFS OFFICE,LAKE ELMO,8/10/2026 5:50:24 PM,WC26040686,"Hwy 36 Wb At Demontreville Trl N, LAKE ELMO",WELFARE CHECK
WASHINGTON COUNTY SHERIFFS OFFICE,LAKE ELMO,8/11/2026 3:08:46 AM,WC26040747,"XXX Cimarron, LAKE ELMO",ALARM-BUSINESS/RES/FIRE/MEDICAL/ETC
WASHINGTON COUNTY SHERIFFS OFFICE,LAKE ELMO,8/11/2026 6:56:20 AM,WC26040754,"8XXX  Eagle Point Cir N, LAKE ELMO",911 ABANDONED/HANGUP/OPEN LINE
WASHINGTON COUNTY SHERIFFS OFFICE,LAKE ELMO,8/11/2026 9:14:26 AM,WC26040775,"STILLWATER BLVD N / KLONDIKE AVE N, LAKE ELMO",ACCIDENT
WASHINGTON COUNTY SHERIFFS OFFICE,LAKE ELMO,8/11/2026 11:07:33 AM,WC26040799,"11XXX  41st St Cir N, LAKE ELMO",THEFT FROM MOTOR VEHICLE
WASHINGTON COUNTY SHERIFFS OFFICE,LAKE ELMO,8/11/2026 11:29:06 AM,WC26040805,"9XXX  60th St N, LAKE ELMO",911 ABANDONED/HANGUP/OPEN LINE
WASHINGTON COUNTY SHERIFFS OFFICE,LAKE ELMO,8/11/2026 11:32:12 AM,WC26040810,"XXX Manning Ave N, LAKE ELMO",911 ABANDONED/HANGUP/OPEN LINE
WASHINGTON COUNTY SHERIFFS OFFICE,LAKE ELMO,8/11/2026 11:44:46 AM,WC26040811,"11XXX  20TH ST N, LAKE ELMO",TRESPASSING
WASHINGTON COUNTY SHERIFFS OFFICE,LAKE ELMO,8/11/2026 12:20:24 PM,WC26040816,"11XXX  Queens Ct N, LAKE ELMO",THEFT FROM MOTOR VEHICLE
WASHINGTON COUNTY SHERIFFS OFFICE,LAKE ELMO,8/11/2026 1:47:36 PM,WC26040832,"5XXX  Jamaca Ave N, LAKE ELMO",911 ABANDONED/HANGUP/OPEN LINE
WASHINGTON COUNTY SHERIFFS OFFICE,LAKE ELMO,8/11/2026 2:44:29 PM,WC26040840,"KEATS AVE N TO I94 WB RAMP, LAKE ELMO",ACCIDENT
WASHINGTON COUNTY SHERIFFS OFFICE,LAKE ELMO,8/11/2026 3:20:46 PM,WC26040850,"11XXX  MASTERS ST N, LAKE ELMO",SUSPICIOUS PERSON/ACTIVITY
WASHINGTON COUNTY SHERIFFS OFFICE,LAKE ELMO,8/11/2026 4:57:05 PM,WC26040865,"8XXX  Eagle Point Blvd, LAKE ELMO",FOLLOW UP
WASHINGTON COUNTY SHERIFFS OFFICE,LAKE ELMO,8/11/2026 5:20:32 PM,WC26040868,"XX Cimarron, LAKE ELMO",MEDICAL
WASHINGTON COUNTY SHERIFFS OFFICE,LAKE ELMO,8/11/2026 5:59:35 PM,WC26040876,"8XXX  Eagle Point Blvd, LAKE ELMO",FOLLOW UP
WASHINGTON COUNTY SHERIFFS OFFICE,LAKE ELMO,8/11/2026 6:08:30 PM,WC26040879,"XX Hwy 36 Eb Jeo Keats Ave N, LAKE ELMO",ACCIDENT
WASHINGTON COUNTY SHERIFFS OFFICE,LAKE ELMO,8/11/2026 8:50:29 PM,WC26040905,"9XXX  Lower 8th St N, LAKE ELMO",MEDICAL
WASHINGTON COUNTY SHERIFFS OFFICE,LAKE ELMO,8/11/2026 8:55:17 PM,WC26040909,"9XXX  Jane Rd N, LAKE ELMO",FIRE
WASHINGTON COUNTY SHERIFFS OFFICE,LAKE ELMO,8/12/2026 5:33:44 AM,WC26040961,"8XXX  Upper 9th Pl N, LAKE ELMO",ALARM-BUSINESS/RES/FIRE/MEDICAL/ETC
WASHINGTON COUNTY SHERIFFS OFFICE,LAKE ELMO,8/12/2026 10:49:59 AM,WC26041008,"3XXX  IDEAL AVE N, LAKE ELMO",THEFT
WASHINGTON COUNTY SHERIFFS OFFICE,LAKE ELMO,8/12/2026 11:02:42 AM,WC26041013,"XXX Cimarron, LAKE ELMO",DISTURBANCE
WASHINGTON COUNTY SHERIFFS OFFICE,LAKE ELMO,8/12/2026 11:20:25 AM,WC26041015,"9XXX  Lake Jane Trl N, LAKE ELMO",TRAFFIC COMPLAINT
WASHINGTON COUNTY SHERIFFS OFFICE,LAKE ELMO,8/12/2026 11:29:54 AM,WC26041022,"9XXX  Hudson Blvd N, LAKE ELMO",911 ABANDONED/HANGUP/OPEN LINE
WASHINGTON COUNTY SHERIFFS OFFICE,LAKE ELMO,8/12/2026 11:55:45 AM,WC26041028,"8XXX  Stillwater Blvd N, LAKE ELMO",THEFT
WASHINGTON COUNTY SHERIFFS OFFICE,LAKE ELMO,8/12/2026 12:44:06 PM,WC26041034,"2XXX  LEGION AVE N, LAKE ELMO",LOST PROPERTY/ITEM
WASHINGTON COUNTY SHERIFFS OFFICE,LAKE ELMO,8/12/2026 1:36:16 PM,WC26041041,"8XXX  EAGLE POINT BLVD, LAKE ELMO",THEFT
WASHINGTON COUNTY SHERIFFS OFFICE,LAKE ELMO,8/12/2026 1:44:48 PM,WC26041046,"10TH ST N / LAKE ELMO AVE N, LAKE ELMO",ACCIDENT
WASHINGTON COUNTY SHERIFFS OFFICE,LAKE ELMO,8/12/2026 3:14:06 PM,WC26041058,"5XXX  57th Street Cir N, LAKE ELMO",PARKING COMPLAINT
WASHINGTON COUNTY SHERIFFS OFFICE,LAKE ELMO,8/12/2026 4:26:53 PM,WC26041063,"XXX Manning Ave N, LAKE ELMO",PARKING COMPLAINT
WASHINGTON COUNTY SHERIFFS OFFICE,LAKE ELMO,8/12/2026 4:46:36 PM,WC26041068,"XXX Manning Ave N, LAKE ELMO",ROAD HAZARD
WASHINGTON COUNTY SHERIFFS OFFICE,LAKE ELMO,8/12/2026 5:01:55 PM,WC26041071,"XXX Manning Ave N, LAKE ELMO",ROAD HAZARD
WASHINGTON COUNTY SHERIFFS OFFICE,LAKE ELMO,8/12/2026 6:10:53 PM,WC26041088,"5XXX  Kirkwood Ave N, LAKE ELMO",MEDICAL
WASHINGTON COUNTY SHERIFFS OFFICE,LAKE ELMO,8/12/2026 7:01:02 PM,WC26041097,"8XXX  LAKE JANE TRL N, LAKE ELMO",ORDINANCE VIOLATION
WASHINGTON COUNTY SHERIFFS OFFICE,LAKE ELMO,8/12/2026 7:14:01 PM,WC26041101,"Lake Demontreville, LAKE ELMO",WATER INCIDENT/VIOLATION
WASHINGTON COUNTY SHERIFFS OFFICE,LAKE ELMO,8/12/2026 8:07:15 PM,WC26041105,"11XXX  33rd St N, LAKE ELMO",MEDICAL
WASHINGTON COUNTY SHERIFFS OFFICE,LAKE ELMO,8/12/2026 8:50:21 PM,WC26041107,"XXX 6th Street Ln N, LAKE ELMO",ALARM-BUSINESS/RES/FIRE/MEDICAL/ETC
WASHINGTON COUNTY SHERIFFS OFFICE,LAKE ELMO,8/12/2026 10:35:31 PM,WC26041123,"11XXX  56th St N, LAKE ELMO",ALARM-BUSINESS/RES/FIRE/MEDICAL/ETC
WASHINGTON COUNTY SHERIFFS OFFICE,LAKE ELMO,8/12/2026 11:41:00 PM,WC26041130,"10TH ST N & KEATS AVE N, LAKE ELMO",TRAFFIC STOP
WASHINGTON COUNTY SHERIFFS OFFICE,LAKE ELMO,8/13/2026 1:27:00 AM,WC26041146,"XX HWY 36 WB JWO MANNING AVE N, LAKE ELMO",TRAFFIC STOP
WASHINGTON COUNTY SHERIFFS OFFICE,LAKE ELMO,8/13/2026 6:45:26 AM,WC26041164,"1XXX  KEATS AVE N, LAKE ELMO",OFFICER INFORMATION
WASHINGTON COUNTY SHERIFFS OFFICE,LAKE ELMO,8/13/2026 11:19:00 AM,WC26041209,"45TH ST N / TAPESTRY TRL, LAKE ELMO",TRAFFIC STOP
WASHINGTON COUNTY SHERIFFS OFFICE,LAKE ELMO,8/13/2026 12:36:41 PM,WC26041214,"1XXX  Ivory Ct N, LAKE ELMO",ALARM-BUSINESS/RES/FIRE/MEDICAL/ETC
WASHINGTON COUNTY SHERIFFS OFFICE,LAKE ELMO,8/13/2026 1:06:46 PM,WC26041217,"11XXX  Sunflower Ln N, LAKE ELMO",ALARM-BUSINESS/RES/FIRE/MEDICAL/ETC
WASHINGTON COUNTY SHERIFFS OFFICE,LAKE ELMO,8/13/2026 2:34:51 PM,WC26041225,"3XXX  Laverne Ave N, LAKE ELMO",911 ABANDONED/HANGUP/OPEN LINE
WASHINGTON COUNTY SHERIFFS OFFICE,LAKE ELMO,8/13/2026 3:11:20 PM,WC26041232,"11XXX  Stillwater Blvd N, LAKE ELMO",FIRE
WASHINGTON COUNTY SHERIFFS OFFICE,LAKE ELMO,8/13/2026 4:25:15 PM,WC26041243,"Unknown, LAKE ELMO",FOLLOW UP
WASHINGTON COUNTY SHERIFFS OFFICE,LAKE ELMO,8/13/2026 6:39:29 PM,WC26041265,"1XXX  Keats Ave N, LAKE ELMO",LOST PROPERTY/ITEM
WASHINGTON COUNTY SHERIFFS OFFICE,LAKE ELMO,8/13/2026 6:46:00 PM,WC26041266,"INWOOD AVE N / 27TH ST N, LAKE ELMO",TRAFFIC STOP
WASHINGTON COUNTY SHERIFFS OFFICE,LAKE ELMO,8/13/2026 6:47:00 PM,WC26041268,"8XXX  - 8640 CO RD 14, LAKE ELMO",TRAFFIC STOP
WASHINGTON COUNTY SHERIFFS OFFICE,LAKE ELMO,8/13/2026 6:48:31 PM,WC26041269,"9XXX  Hudson Blvd N, LAKE ELMO",ACCIDENT
WASHINGTON COUNTY SHERIFFS OFFICE,LAKE ELMO,8/13/2026 6:59:29 PM,WC26041271,"8XXX  LAKE JANE TRL N, LAKE ELMO",DIRECTED PATROL
WASHINGTON COUNTY SHERIFFS OFFICE,LAKE ELMO,8/13/2026 7:51:22 PM,WC26041282,"8XXX  Lake Jane Trl N, LAKE ELMO",NOISE COMPLAINT/DISTURBANCE
WASHINGTON COUNTY SHERIFFS OFFICE,LAKE ELMO,8/14/2026 10:46:53 AM,WC26041388,"5XXX  Marquess Trl N, LAKE ELMO",FRAUD/SCAM
WASHINGTON COUNTY SHERIFFS OFFICE,LAKE ELMO,8/14/2026 11:39:02 AM,WC26041394,"1XXX  Ivy Ave N, LAKE ELMO",CITIZEN/PUBLIC ASSIST
WASHINGTON COUNTY SHERIFFS OFFICE,LAKE ELMO,8/14/2026 11:58:48 AM,WC26041395,"Inwood Ave N / 21st St N, LAKE ELMO",ACCIDENT
WASHINGTON COUNTY SHERIFFS OFFICE,LAKE ELMO,8/14/2026 1:18:29 PM,WC26041403,"Manning Ave N / 40th St N, LAKE ELMO",DRIVING COMPLAINT
WASHINGTON COUNTY SHERIFFS OFFICE,LAKE ELMO,8/14/2026 1:18:36 PM,WC26041401,"2XXX  Jamley Ave N, LAKE ELMO",CITIZEN/PUBLIC ASSIST
WASHINGTON COUNTY SHERIFFS OFFICE,LAKE ELMO,8/14/2026 2:04:49 PM,WC26041409,"XX Hwy 36 Eb At Manning Ave N, LAKE ELMO",DRIVING COMPLAINT
WASHINGTON COUNTY SHERIFFS OFFICE,LAKE ELMO,8/14/2026 4:38:52 PM,WC26041432,"9XXX  jane rd, LAKE ELMO",BURNING COMPLAINT
WASHINGTON COUNTY SHERIFFS OFFICE,LAKE ELMO,8/14/2026 4:42:33 PM,WC26041433,"8XXX  42nd St N, LAKE ELMO",CITIZEN/PUBLIC ASSIST
WASHINGTON COUNTY SHERIFFS OFFICE,LAKE ELMO,8/14/2026 5:51:23 PM,WC26041442,"XXX Lake Elmo Ave N, LAKE ELMO",ALARM-BUSINESS/RES/FIRE/MEDICAL/ETC
WASHINGTON COUNTY SHERIFFS OFFICE,LAKE ELMO,8/14/2026 8:37:54 PM,WC26041474,"Hwy 36 Eb At Demontreville Trl N, LAKE ELMO",DRIVING COMPLAINT
WASHINGTON COUNTY SHERIFFS OFFICE,LAKE ELMO,8/14/2026 8:56:26 PM,WC26041477,"11XXX  Blazingstar Ln N, LAKE ELMO",CITIZEN/PUBLIC ASSIST
WASHINGTON COUNTY SHERIFFS OFFICE,LAKE ELMO,8/14/2026 9:32:05 PM,WC26041482,"58th St N / Linden Ave N, LAKE ELMO",DISTURBANCE
WASHINGTON COUNTY SHERIFFS OFFICE,LAKE ELMO,8/14/2026 11:01:42 PM,WC26041499,"8XXX  Lake Jane Trl N, LAKE ELMO",ALARM-BUSINESS/RES/FIRE/MEDICAL/ETC
WASHINGTON COUNTY SHERIFFS OFFICE,LAKE ELMO,8/15/2026 12:19:00 AM,WC26041519,"10XXX  - 10999 Highway 36, LAKE ELMO",TRAFFIC STOP
WASHINGTON COUNTY SHERIFFS OFFICE,LAKE ELMO,8/15/2026 1:47:00 AM,WC26041531,"Highway 36 & MANNING AVE N, LAKE ELMO",DWI
WASHINGTON COUNTY SHERIFFS OFFICE,LAKE ELMO,8/15/2026 8:30:36 AM,WC26041555,"10XXX  10th St N, LAKE ELMO",MOTORIST ASSIST
WASHINGTON COUNTY SHERIFFS OFFICE,LAKE ELMO,8/15/2026 9:09:22 AM,WC26041558,"11XXX  Blazingstar Ln N, LAKE ELMO",HARASSMENT
WASHINGTON COUNTY SHERIFFS OFFICE,LAKE ELMO,8/15/2026 10:36:45 AM,WC26041567,"9XXX  Hudson Blvd N, LAKE ELMO",MEDICAL
WASHINGTON COUNTY SHERIFFS OFFICE,LAKE ELMO,8/15/2026 11:56:58 AM,WC26041573,"8XXX  42nd St N, LAKE ELMO",CITIZEN/PUBLIC ASSIST
WASHINGTON COUNTY SHERIFFS OFFICE,LAKE ELMO,8/15/2026 1:02:31 PM,WC26041578,"XXX Jean Ave N, LAKE ELMO",DISTURBANCE
WASHINGTON COUNTY SHERIFFS OFFICE,LAKE ELMO,8/15/2026 1:34:57 PM,WC26041580,"XXX Ivywood Cir N, LAKE ELMO",LIFT ASSIST
WASHINGTON COUNTY SHERIFFS OFFICE,LAKE ELMO,8/15/2026 3:37:57 PM,WC26041593,"2XXX  KEATS AVE N, LAKE ELMO",PARKING VIOLATION
WASHINGTON COUNTY SHERIFFS OFFICE,LAKE ELMO,8/15/2026 3:42:28 PM,WC26041594,"9XXX  LAKE JANE TRL N, LAKE ELMO",COMMUNITY CONTACT
WASHINGTON COUNTY SHERIFFS OFFICE,LAKE ELMO,8/15/2026 3:52:38 PM,WC26041598,"2XXX  KEATS AVE N, LAKE ELMO",PARKING VIOLATION
WASHINGTON COUNTY SHERIFFS OFFICE,LAKE ELMO,8/15/2026 7:17:52 PM,WC26041628,"8XXX  Lake Jane Trl N, LAKE ELMO",DISTURBANCE
WASHINGTON COUNTY SHERIFFS OFFICE,LAKE SAINT CROIX BEACH,8/9/2026 2:15:00 PM,WC26040439,"2XXX  SAINT CROIX TRL S, LAKE SAINT CROIX BEACH",TRAFFIC STOP
WASHINGTON COUNTY SHERIFFS OFFICE,LAKE SAINT CROIX BEACH,8/10/2026 2:38:52 AM,WC26040545,"1XXX  Quinlan Ave S, LAKE SAINT CROIX BEACH",MEDICAL
WASHINGTON COUNTY SHERIFFS OFFICE,LAKE SAINT CROIX BEACH,8/13/2026 11:49:41 PM,WC26041330,"Quentin Ave S / 16th St S, LAKE SAINT CROIX BEACH",DISTURBANCE
WASHINGTON COUNTY SHERIFFS OFFICE,LAKE SAINT CROIX BEACH,8/14/2026 5:45:02 PM,WC26041441,"Saint Croix Trl S / 19th St S, LAKE SAINT CROIX BEACH",THREATS
WASHINGTON COUNTY SHERIFFS OFFICE,LAKELAND,8/9/2026 8:15:00 PM,WC26040495,"16XXX  1st St N, LAKELAND",MEDICAL
WASHINGTON COUNTY SHERIFFS OFFICE,LAKELAND,8/10/2026 12:00:00 AM,WC26040687,"SAINT CROIX TRL N / 4TH ST N, LAKELAND",TRAFFIC STOP
WASHINGTON COUNTY SHERIFFS OFFICE,LAKELAND,8/13/2026 12:06:44 PM,WC26041211,"XX Quamwell Ave S, LAKELAND",FOLLOW UP
WASHINGTON COUNTY SHERIFFS OFFICE,LAKELAND,8/14/2026 12:11:28 AM,WC26041336,"16XXX  Upper 2nd St N, LAKELAND",ANIMAL COMPLAINT
WASHINGTON COUNTY SHERIFFS OFFICE,LAKELAND,8/14/2026 9:20:49 PM,WC26041481,"16XXX  2nd St N, LAKELAND",MEDICAL
WASHINGTON COUNTY SHERIFFS OFFICE,LAKELAND SHORES,8/10/2026 4:16:22 PM,WC26040672,"XXX Quinlan Ave S, LAKELAND SHORES",911 ABANDONED/HANGUP/OPEN LINE
WASHINGTON COUNTY SHERIFFS OFFICE,LAKELAND SHORES,8/14/2026 9:52:40 PM,WC26041488,"Saint Croix Trl S / 4th St S, LAKELAND SHORES",DRIVING COMPLAINT
WASHINGTON COUNTY SHERIFFS OFFICE,LANDFALL,8/10/2026 7:57:42 AM,WC26040566,"XX 5th Ave, LANDFALL",911 ABANDONED/HANGUP/OPEN LINE
WASHINGTON COUNTY SHERIFFS OFFICE,LANDFALL,8/11/2026 6:32:11 PM,WC26040884,"XX 2nd Ave, LANDFALL",OFFICER INFORMATION
WASHINGTON COUNTY SHERIFFS OFFICE,LANDFALL,8/11/2026 11:11:46 PM,WC26040928,"XX Linden Ln, LANDFALL",FOLLOW UP
WASHINGTON COUNTY SHERIFFS OFFICE,LANDFALL,8/12/2026 8:28:02 AM,WC26040976,"XX - 20 IVY LN, LANDFALL",PARKING VIOLATION
WASHINGTON COUNTY SHERIFFS OFFICE,LANDFALL,8/13/2026 7:10:25 PM,WC26041275,"XX Juniper Curv, LANDFALL",MEDICAL
WASHINGTON COUNTY SHERIFFS OFFICE,LANDFALL,8/14/2026 8:48:11 AM,WC26041364,"2XXX  Hudson Blvd N, LANDFALL",CIVIL MATTER/DISPUTE
WASHINGTON COUNTY SHERIFFS OFFICE,MAHTOMEDI,8/9/2026 12:25:50 AM,WC26040365,"XXX Stillwater Rd, MAHTOMEDI",ALARM-BUSINESS/RES/FIRE/MEDICAL/ETC
WASHINGTON COUNTY SHERIFFS OFFICE,MAHTOMEDI,8/9/2026 12:43:40 PM,WC26040426,"XXX 60th St N, MAHTOMEDI",BURGLARY
WASHINGTON COUNTY SHERIFFS OFFICE,MAHTOMEDI,8/9/2026 6:57:00 PM,WC26040490,"DARTMOOR RD / FERNWOOD PL, MAHTOMEDI",TRAFFIC STOP
WASHINGTON COUNTY SHERIFFS OFFICE,MAHTOMEDI,8/9/2026 8:11:21 PM,WC26040494,"XXX Woodland Dr, MAHTOMEDI",WEAPON COMPLAINT/VIOLATION
WASHINGTON COUNTY SHERIFFS OFFICE,MAHTOMEDI,8/9/2026 8:25:39 PM,WC26040503,"XXX Woodland Dr, MAHTOMEDI",CIVIL MATTER/DISPUTE
WASHINGTON COUNTY SHERIFFS OFFICE,MAHTOMEDI,8/10/2026 3:59:24 AM,WC26040550,"XXX Mahtomedi Ave, MAHTOMEDI",DEATH
WASHINGTON COUNTY SHERIFFS OFFICE,MAHTOMEDI,8/10/2026 9:27:01 AM,WC26040575,"XXX Wildwood Rd, MAHTOMEDI",MEDICAL
WASHINGTON COUNTY SHERIFFS OFFICE,MAHTOMEDI,8/10/2026 9:33:48 AM,WC26040576,"XX Echo Lake Blvd, MAHTOMEDI",ALARM-BUSINESS/RES/FIRE/MEDICAL/ETC
WASHINGTON COUNTY SHERIFFS OFFICE,MAHTOMEDI,8/10/2026 10:35:23 AM,WC26040592,"Edith Ave / Robert St, MAHTOMEDI",ROAD HAZARD
WASHINGTON COUNTY SHERIFFS OFFICE,MAHTOMEDI,8/10/2026 10:54:20 AM,WC26040599,"XX Long Lake Rd, MAHTOMEDI",FOLLOW UP
WASHINGTON COUNTY SHERIFFS OFFICE,MAHTOMEDI,8/10/2026 11:20:11 AM,WC26040603,"XX Old Wildwood Rd, MAHTOMEDI",ALARM-BUSINESS/RES/FIRE/MEDICAL/ETC
WASHINGTON COUNTY SHERIFFS OFFICE,MAHTOMEDI,8/10/2026 11:45:27 AM,WC26040610,"XX Echo Lake Blvd, MAHTOMEDI",ALARM-BUSINESS/RES/FIRE/MEDICAL/ETC
WASHINGTON COUNTY SHERIFFS OFFICE,MAHTOMEDI,8/10/2026 2:56:29 PM,WC26040656,"1XXX  Lincolntown Ave, MAHTOMEDI",ALARM-BUSINESS/RES/FIRE/MEDICAL/ETC
WASHINGTON COUNTY SHERIFFS OFFICE,MAHTOMEDI,8/10/2026 3:58:41 PM,WC26040670,"XX Long Lake Rd, MAHTOMEDI",DRUGS
WASHINGTON COUNTY SHERIFFS OFFICE,MAHTOMEDI,8/10/2026 5:01:19 PM,WC26040680,"XX Long Lake Rd, MAHTOMEDI",PUBLIC WORKS CONCERN
WASHINGTON COUNTY SHERIFFS OFFICE,MAHTOMEDI,8/10/2026 10:02:12 PM,WC26040712,"XXX LINCOLNTOWN AVE, MAHTOMEDI",SUSPICIOUS PERSON/ACTIVITY
WASHINGTON COUNTY SHERIFFS OFFICE,MAHTOMEDI,8/10/2026 10:27:56 PM,WC26040715,"XXX Wedgewood Dr, MAHTOMEDI",911 ABANDONED/HANGUP/OPEN LINE
WASHINGTON COUNTY SHERIFFS OFFICE,MAHTOMEDI,8/10/2026 11:11:13 PM,WC26040719,"XX LONG LAKE RD, MAHTOMEDI",SUSPICIOUS PERSON/ACTIVITY
WASHINGTON COUNTY SHERIFFS OFFICE,MAHTOMEDI,8/11/2026 12:38:00 AM,WC26040734,"MAHTOMEDI AVE / JUNIPER ST, MAHTOMEDI",TRAFFIC STOP
WASHINGTON COUNTY SHERIFFS OFFICE,MAHTOMEDI,8/11/2026 8:12:02 AM,WC26040761,"XX Long Lake Rd, MAHTOMEDI",THEFT
WASHINGTON COUNTY SHERIFFS OFFICE,MAHTOMEDI,8/11/2026 9:11:36 AM,WC26040774,"XX Long Lake Rd, MAHTOMEDI",911 ABANDONED/HANGUP/OPEN LINE
WASHINGTON COUNTY SHERIFFS OFFICE,MAHTOMEDI,8/11/2026 10:21:46 AM,WC26040791,"XXX Hyde Ave N, MAHTOMEDI",ANIMAL COMPLAINT
WASHINGTON COUNTY SHERIFFS OFFICE,MAHTOMEDI,8/11/2026 12:05:48 PM,WC26040813,"XXX Woodland Dr, MAHTOMEDI",MEDICAL
WASHINGTON COUNTY SHERIFFS OFFICE,MAHTOMEDI,8/11/2026 4:04:10 PM,WC26040854,"Unknown, MAHTOMEDI",CITIZEN/PUBLIC ASSIST
WASHINGTON COUNTY SHERIFFS OFFICE,MAHTOMEDI,8/11/2026 4:11:54 PM,WC26040856,"XXX Stillwater Rd, MAHTOMEDI",DISTURBANCE
WASHINGTON COUNTY SHERIFFS OFFICE,MAHTOMEDI,8/11/2026 5:21:12 PM,WC26040869,"XX Long Lake Rd, MAHTOMEDI",DISTURBANCE
WASHINGTON COUNTY SHERIFFS OFFICE,MAHTOMEDI,8/11/2026 5:43:08 PM,WC26040873,"XXX Wildwood Rd, MAHTOMEDI",NOISE COMPLAINT/DISTURBANCE
WASHINGTON COUNTY SHERIFFS OFFICE,MAHTOMEDI,8/11/2026 7:15:49 PM,WC26040888,"XX Long Lake Rd, MAHTOMEDI",FIRE
WASHINGTON COUNTY SHERIFFS OFFICE,MAHTOMEDI,8/11/2026 8:37:25 PM,WC26040901,"WARNER AVE N / STILLWATER RD, MAHTOMEDI",DIRECTED PATROL
WASHINGTON COUNTY SHERIFFS OFFICE,MAHTOMEDI,8/11/2026 10:34:23 PM,WC26040925,"STILLWATER RD / WARNER AVE N, MAHTOMEDI",TRAFFIC STOP
WASHINGTON COUNTY SHERIFFS OFFICE,MAHTOMEDI,8/12/2026 5:35:28 AM,WC26040963,"XX Hickory St, MAHTOMEDI",MEDICAL
WASHINGTON COUNTY SHERIFFS OFFICE,MAHTOMEDI,8/12/2026 6:02:34 AM,WC26040968,"EAST AVE / HARDWOOD LN, MAHTOMEDI",DIRECTED PATROL
WASHINGTON COUNTY SHERIFFS OFFICE,MAHTOMEDI,8/12/2026 9:05:27 AM,WC26040985,"Unknown, MAHTOMEDI",CIVIL MATTER/DISPUTE
WASHINGTON COUNTY SHERIFFS OFFICE,MAHTOMEDI,8/12/2026 10:19:43 AM,WC26041003,"XX Mahtomedi Ave, MAHTOMEDI",WELFARE CHECK
WASHINGTON COUNTY SHERIFFS OFFICE,MAHTOMEDI,8/12/2026 10:27:14 AM,WC26041005,"XXX Woodridge Ct, MAHTOMEDI",ANIMAL COMPLAINT
WASHINGTON COUNTY SHERIFFS OFFICE,MAHTOMEDI,8/12/2026 11:17:45 AM,WC26041014,"XXX Mahtomedi Ave, MAHTOMEDI",SUSPICIOUS PERSON/ACTIVITY
WASHINGTON COUNTY SHERIFFS OFFICE,MAHTOMEDI,8/12/2026 11:59:18 AM,WC26041027,"XX Long Lake Rd, MAHTOMEDI",911 ABANDONED/HANGUP/OPEN LINE
WASHINGTON COUNTY SHERIFFS OFFICE,MAHTOMEDI,8/12/2026 1:11:45 PM,WC26041039,"XX Mahtomedi Ave, MAHTOMEDI",WELFARE CHECK
WASHINGTON COUNTY SHERIFFS OFFICE,MAHTOMEDI,8/12/2026 2:00:40 PM,WC26041050,"XX Mahtomedi Ave, MAHTOMEDI",TRESPASSING
WASHINGTON COUNTY SHERIFFS OFFICE,MAHTOMEDI,8/12/2026 3:11:48 PM,WC26041057,"XXX Warner Ave N, MAHTOMEDI",CITIZEN/PUBLIC ASSIST
WASHINGTON COUNTY SHERIFFS OFFICE,MAHTOMEDI,8/12/2026 3:28:26 PM,WC26041061,"XXX Wildwood Rd, MAHTOMEDI",WELFARE CHECK
WASHINGTON COUNTY SHERIFFS OFFICE,MAHTOMEDI,8/12/2026 4:58:34 PM,WC26041070,"XXX Bichner Ln, MAHTOMEDI",FRAUD/SCAM
WASHINGTON COUNTY SHERIFFS OFFICE,MAHTOMEDI,8/12/2026 4:59:52 PM,WC26041081,"XX Mahtomedi Ave, MAHTOMEDI",FOLLOW UP
WASHINGTON COUNTY SHERIFFS OFFICE,MAHTOMEDI,8/12/2026 5:34:59 PM,WC26041084,"XX Wildwood Beach Rd, MAHTOMEDI",THEFT FROM MOTOR VEHICLE
WASHINGTON COUNTY SHERIFFS OFFICE,MAHTOMEDI,8/12/2026 6:17:49 PM,WC26041091,"Park Ave / Hickory St, MAHTOMEDI",CITIZEN/PUBLIC ASSIST
WASHINGTON COUNTY SHERIFFS OFFICE,MAHTOMEDI,8/12/2026 7:07:04 PM,WC26041098,"XXX Quail St, MAHTOMEDI",CITIZEN/PUBLIC ASSIST
WASHINGTON COUNTY SHERIFFS OFFICE,MAHTOMEDI,8/12/2026 8:10:10 PM,WC26041108,"GROVE ST / PARK AVE, MAHTOMEDI",CITIZEN/PUBLIC ASSIST
WASHINGTON COUNTY SHERIFFS OFFICE,MAHTOMEDI,8/12/2026 9:02:12 PM,WC26041109,"Arbor Ave / Iris St, MAHTOMEDI",PARKING COMPLAINT
WASHINGTON COUNTY SHERIFFS OFFICE,MAHTOMEDI,8/13/2026 2:56:48 AM,WC26041156,"XXX Stillwater Rd, MAHTOMEDI",WELFARE CHECK
WASHINGTON COUNTY SHERIFFS OFFICE,MAHTOMEDI,8/13/2026 7:39:11 AM,WC26041169,"1XXX  Lincolntown Ave, MAHTOMEDI",OFFICER INFORMATION
WASHINGTON COUNTY SHERIFFS OFFICE,MAHTOMEDI,8/13/2026 7:46:08 AM,WC26041168,"XXX Hickory St, MAHTOMEDI",ALARM-BUSINESS/RES/FIRE/MEDICAL/ETC
WASHINGTON COUNTY SHERIFFS OFFICE,MAHTOMEDI,8/13/2026 8:45:40 AM,WC26041175,"1XXX  Summit Ave, MAHTOMEDI",ANIMAL BITE
WASHINGTON COUNTY SHERIFFS OFFICE,MAHTOMEDI,8/13/2026 9:33:42 AM,WC26041195,"XXX Ledgestone Dr, MAHTOMEDI",MEDICAL
WASHINGTON COUNTY SHERIFFS OFFICE,MAHTOMEDI,8/13/2026 10:50:33 AM,WC26041204,"XXX Griffin Ct, MAHTOMEDI",FOLLOW UP
WASHINGTON COUNTY SHERIFFS OFFICE,MAHTOMEDI,8/13/2026 10:51:48 AM,WC26041203,"XXX EAST AVE, MAHTOMEDI",CITIZEN/PUBLIC ASSIST
WASHINGTON COUNTY SHERIFFS OFFICE,MAHTOMEDI,8/13/2026 11:01:33 AM,WC26041206,"XXX Wildwood Rd, MAHTOMEDI",MEDICAL
WASHINGTON COUNTY SHERIFFS OFFICE,MAHTOMEDI,8/13/2026 12:20:06 PM,WC26041212,"XXX STILLWATER RD, MAHTOMEDI",FRAUD/SCAM
WASHINGTON COUNTY SHERIFFS OFFICE,MAHTOMEDI,8/13/2026 5:15:20 PM,WC26041253,"XXX Griffin Ct, MAHTOMEDI",HARASSMENT
WASHINGTON COUNTY SHERIFFS OFFICE,MAHTOMEDI,8/13/2026 7:04:35 PM,WC26041273,"3XXX  Century Ave, MAHTOMEDI",FIRE
WASHINGTON COUNTY SHERIFFS OFFICE,MAHTOMEDI,8/13/2026 7:10:56 PM,WC26041276,"XX Mahtomedi Ave, MAHTOMEDI",UNWANTED PERSON/VEHICLE
WASHINGTON COUNTY SHERIFFS OFFICE,MAHTOMEDI,8/14/2026 1:14:47 AM,WC26041344,"XXX Edgecumbe Dr, MAHTOMEDI",NOISE COMPLAINT/DISTURBANCE
WASHINGTON COUNTY SHERIFFS OFFICE,MAHTOMEDI,8/14/2026 10:01:32 AM,WC26041383,"XX Long Lake Rd, MAHTOMEDI",ACCIDENT
WASHINGTON COUNTY SHERIFFS OFFICE,MAHTOMEDI,8/14/2026 11:32:26 AM,WC26041392,"XXX Echo Shores Ct, MAHTOMEDI",FOLLOW UP
WASHINGTON COUNTY SHERIFFS OFFICE,MAHTOMEDI,8/14/2026 12:47:18 PM,WC26041399,"XXX Hickory St, MAHTOMEDI",PROPERTY DAMAGE
WASHINGTON COUNTY SHERIFFS OFFICE,MAHTOMEDI,8/14/2026 2:19:31 PM,WC26041411,"XXX Bevins Ln, MAHTOMEDI",THEFT
WASHINGTON COUNTY SHERIFFS OFFICE,MAHTOMEDI,8/14/2026 2:50:46 PM,WC26041415,"XXX Ledgestone Dr, MAHTOMEDI",CIVIL MATTER/DISPUTE
WASHINGTON COUNTY SHERIFFS OFFICE,MAHTOMEDI,8/14/2026 5:10:21 PM,WC26041435,"XXX Ledgestone Dr, MAHTOMEDI",DISTURBANCE
WASHINGTON COUNTY SHERIFFS OFFICE,MAHTOMEDI,8/14/2026 6:10:25 PM,WC26041447,"XXX Echo Shores Ct, MAHTOMEDI",INDECENT EXPOSURE
WASHINGTON COUNTY SHERIFFS OFFICE,MAHTOMEDI,8/14/2026 7:12:07 PM,WC26041462,"XX Long Lake Rd, MAHTOMEDI",ACCIDENT
WASHINGTON COUNTY SHERIFFS OFFICE,MAHTOMEDI,8/14/2026 8:14:43 PM,WC26041468,"XX MAHTOMEDI AVE, MAHTOMEDI",DISTURBANCE
WASHINGTON COUNTY SHERIFFS OFFICE,MAHTOMEDI,8/14/2026 10:09:33 PM,WC26041494,"XX Williams Woods Rd, MAHTOMEDI",SUSPICIOUS PERSON/ACTIVITY
WASHINGTON COUNTY SHERIFFS OFFICE,MAHTOMEDI,8/15/2026 6:36:00 AM,WC26041548,"XX Mahtomedi Ave, MAHTOMEDI",PARKING VIOLATION
WASHINGTON COUNTY SHERIFFS OFFICE,MAHTOMEDI,8/15/2026 6:59:00 AM,WC26041551,"XX MAHTOMEDI AVE, MAHTOMEDI",PARKING VIOLATION
WASHINGTON COUNTY SHERIFFS OFFICE,MAHTOMEDI,8/15/2026 9:07:39 AM,WC26041557,"1XXX  Summit Ave, MAHTOMEDI",MEDICAL
WASHINGTON COUNTY SHERIFFS OFFICE,MAHTOMEDI,8/15/2026 11:35:52 AM,WC26041572,"Mahtomedi Ave / Grove St, MAHTOMEDI",TRAFFIC COMPLAINT
WASHINGTON COUNTY SHERIFFS OFFICE,MAHTOMEDI,8/15/2026 9:26:53 PM,WC26041640,"Heidi Ln / Warner Ave N, MAHTOMEDI",BURNING COMPLAINT
WASHINGTON COUNTY SHERIFFS OFFICE,MAHTOMEDI,8/15/2026 9:28:33 PM,WC26041642,"XXX Dwinnell Ave, MAHTOMEDI",NOISE COMPLAINT/DISTURBANCE
WASHINGTON COUNTY SHERIFFS OFFICE,MAHTOMEDI,8/15/2026 9:37:28 PM,WC26041646,"XXX Heidi Ln, MAHTOMEDI",BURNING COMPLAINT
WASHINGTON COUNTY SHERIFFS OFFICE,MAHTOMEDI,8/15/2026 10:09:20 PM,WC26041650,"XXX East Ave, MAHTOMEDI",911 ABANDONED/HANGUP/OPEN LINE
WASHINGTON COUNTY SHERIFFS OFFICE,MAHTOMEDI,8/15/2026 10:20:57 PM,WC26041658,"XXX Dwinnell Ave, MAHTOMEDI",NOISE COMPLAINT/DISTURBANCE
WASHINGTON COUNTY SHERIFFS OFFICE,MAHTOMEDI,8/15/2026 10:21:02 PM,WC26041657,"XXX EAST AVE, MAHTOMEDI",911 ABANDONED/HANGUP/OPEN LINE
WASHINGTON COUNTY SHERIFFS OFFICE,MAHTOMEDI,8/15/2026 10:55:12 PM,WC26041666,"XXX Wildwood Rd, MAHTOMEDI",ALARM-BUSINESS/RES/FIRE/MEDICAL/ETC
WASHINGTON COUNTY SHERIFFS OFFICE,MAHTOMEDI,8/15/2026 10:56:46 PM,WC26041669,"XXX Wildwood Rd, MAHTOMEDI",ALARM-BUSINESS/RES/FIRE/MEDICAL/ETC
WASHINGTON COUNTY SHERIFFS OFFICE,MARINE ON SAINT CROIX,8/13/2026 7:04:33 AM,WC26041165,"18XXX  Saint Croix Trl N, MARINE ON SAINT CROIX",ANIMAL COMPLAINT
WASHINGTON COUNTY SHERIFFS OFFICE,MARINE ON SAINT CROIX,8/13/2026 10:29:20 AM,WC26041201,"1XXX  Quant Ave N, MARINE ON SAINT CROIX",911 ABANDONED/HANGUP/OPEN LINE
WASHINGTON COUNTY SHERIFFS OFFICE,MARINE ON SAINT CROIX,8/13/2026 11:12:43 AM,WC26041207,"18XXX  Saint Croix Trl N, MARINE ON SAINT CROIX",911 ABANDONED/HANGUP/OPEN LINE
WASHINGTON COUNTY SHERIFFS OFFICE,MAY TOWNSHIP,8/9/2026 4:32:41 AM,WC26040388,"14XXX  Ostlund Trl N, MAY TOWNSHIP",ALARM-BUSINESS/RES/FIRE/MEDICAL/ETC
WASHINGTON COUNTY SHERIFFS OFFICE,MAY TOWNSHIP,8/9/2026 7:59:12 AM,WC26040399,"15XXX  Square Lake Trl N, MAY TOWNSHIP",PROPERTY DAMAGE
WASHINGTON COUNTY SHERIFFS OFFICE,MAY TOWNSHIP,8/9/2026 12:02:28 PM,WC26040422,"12XXX  Otchipwe Ave N, MAY TOWNSHIP",HARASSMENT
WASHINGTON COUNTY SHERIFFS OFFICE,MAY TOWNSHIP,8/9/2026 2:56:18 PM,WC26040444,"12XXX  - 14198 MANNING TRL N, MAY TOWNSHIP",OTHER
WASHINGTON COUNTY SHERIFFS OFFICE,MAY TOWNSHIP,8/9/2026 4:24:31 PM,WC26040460,"12XXX  Square Lake Trail Ct N, MAY TOWNSHIP",MEDICAL
WASHINGTON COUNTY SHERIFFS OFFICE,MAY TOWNSHIP,8/9/2026 5:29:12 PM,WC26040479,"Manning Trl N / 155th St N, MAY TOWNSHIP",SUSPICIOUS PERSON/ACTIVITY
WASHINGTON COUNTY SHERIFFS OFFICE,MAY TOWNSHIP,8/10/2026 10:32:25 AM,WC26040591,"15XXX  - 16999 MANNING TRL N, MAY TOWNSHIP",DIRECTED PATROL
WASHINGTON COUNTY SHERIFFS OFFICE,MAY TOWNSHIP,8/10/2026 6:27:15 PM,WC26040689,"122nd St N / Manning Trl N, MAY TOWNSHIP",THEFT
WASHINGTON COUNTY SHERIFFS OFFICE,MAY TOWNSHIP,8/11/2026 10:38:16 AM,WC26040796,"14XXX  Ostlund Ct N, MAY TOWNSHIP",ROAD HAZARD
WASHINGTON COUNTY SHERIFFS OFFICE,MAY TOWNSHIP,8/11/2026 3:15:27 PM,WC26040848,"170th St N / May Ave N, MAY TOWNSHIP",SUICIDE ATTEMPT/THREATS OF
WASHINGTON COUNTY SHERIFFS OFFICE,MAY TOWNSHIP,8/11/2026 3:44:00 PM,WC26040853,"170TH ST N MANNING TRL N , MAY TOWNSHIP",TRAFFIC STOP
WASHINGTON COUNTY SHERIFFS OFFICE,MAY TOWNSHIP,8/11/2026 4:24:31 PM,WC26040860,"17XXX  MANNING TRL N, MAY TOWNSHIP",PARKING VIOLATION
WASHINGTON COUNTY SHERIFFS OFFICE,MAY TOWNSHIP,8/11/2026 9:27:55 PM,WC26040914,"Saint Croix Trl N / Arcola Trl N, MAY TOWNSHIP",TRAFFIC COMPLAINT
WASHINGTON COUNTY SHERIFFS OFFICE,MAY TOWNSHIP,8/12/2026 6:12:49 PM,WC26041089,"14XXX  Ostlund Ct N, MAY TOWNSHIP",SUSPICIOUS PERSON/ACTIVITY
WASHINGTON COUNTY SHERIFFS OFFICE,MAY TOWNSHIP,8/13/2026 8:03:40 AM,WC26041170,"17XXX  Manning Trl N, MAY TOWNSHIP",ALARM-BUSINESS/RES/FIRE/MEDICAL/ETC
WASHINGTON COUNTY SHERIFFS OFFICE,MAY TOWNSHIP,8/13/2026 5:27:00 PM,WC26041255,"13XXX  Otchipwe Ave N, MAY TOWNSHIP",ANIMAL COMPLAINT
WASHINGTON COUNTY SHERIFFS OFFICE,MAY TOWNSHIP,8/13/2026 9:35:31 PM,WC26041293,"16XXX  154th St N, MAY TOWNSHIP",MEDICAL
WASHINGTON COUNTY SHERIFFS OFFICE,MAY TOWNSHIP,8/15/2026 2:16:18 PM,WC26041584,"Big Marine Park Entrance Rd, MAY TOWNSHIP",911 ABANDONED/HANGUP/OPEN LINE
WASHINGTON COUNTY SHERIFFS OFFICE,MAY TOWNSHIP,8/15/2026 4:27:10 PM,WC26041606,"14XXX  Kirby Ave N, MAY TOWNSHIP",911 ABANDONED/HANGUP/OPEN LINE
WASHINGTON COUNTY SHERIFFS OFFICE,NEWPORT,8/9/2026 2:30:21 AM,WC26040383,"1XXX  - 1298 BAILEY RD, NEWPORT",DIRECTED PATROL
WASHINGTON COUNTY SHERIFFS OFFICE,NEWPORT,8/9/2026 3:01:00 AM,WC26040385,"1XXX  2nd Ave, NEWPORT",WELFARE CHECK
WASHINGTON COUNTY SHERIFFS OFFICE,NEWPORT,8/9/2026 5:03:46 AM,WC26040389,"1XXX  10th Ave, NEWPORT",INCIDENT
WASHINGTON COUNTY SHERIFFS OFFICE,NEWPORT,8/9/2026 5:31:34 AM,WC26040394,"1XXX  11th Ave, NEWPORT",ACCIDENT
WASHINGTON COUNTY SHERIFFS OFFICE,NEWPORT,8/9/2026 8:04:14 AM,WC26040398,"1XXX  10th Ave, NEWPORT",FOLLOW UP
WASHINGTON COUNTY SHERIFFS OFFICE,NEWPORT,8/9/2026 8:09:20 AM,WC26040400,"1XXX  11th Ave, NEWPORT",FOLLOW UP
WASHINGTON COUNTY SHERIFFS OFFICE,NEWPORT,8/9/2026 8:26:00 AM,WC26040401,"Hwy 61 Nb At Bailey, NEWPORT",TRAFFIC STOP
WASHINGTON COUNTY SHERIFFS OFFICE,NEWPORT,8/9/2026 12:41:18 PM,WC26040425,"1XXX  Hastings Ave, NEWPORT",DRUNK/INTOXICATED 
WASHINGTON COUNTY SHERIFFS OFFICE,NEWPORT,8/9/2026 1:27:43 PM,WC26040431,"1XXX  10th Ave, NEWPORT",WELFARE CHECK
WASHINGTON COUNTY SHERIFFS OFFICE,NEWPORT,8/9/2026 2:14:00 PM,WC26040440,"XXX 6th Ave, NEWPORT",DRIVING COMPLAINT
WASHINGTON COUNTY SHERIFFS OFFICE,NEWPORT,8/9/2026 3:08:00 PM,WC26040446,"HASTINGS AVE / 18TH ST, NEWPORT",TRAFFIC STOP
WASHINGTON COUNTY SHERIFFS OFFICE,NEWPORT,8/9/2026 7:15:45 PM,WC26040491,"XXX 4TH AVE, NEWPORT",INCIDENT
WASHINGTON COUNTY SHERIFFS OFFICE,NEWPORT,8/9/2026 9:23:01 PM,WC26040507,"BAILEY RD / I494, NEWPORT",MOTORIST ASSIST
WASHINGTON COUNTY SHERIFFS OFFICE,NEWPORT,8/9/2026 10:27:14 PM,WC26040518,"1XXX  10th Ave, NEWPORT",MEDICAL
WASHINGTON COUNTY SHERIFFS OFFICE,NEWPORT,8/10/2026 3:04:02 AM,WC26040547,"XXX 7TH AVE, NEWPORT",FOLLOW UP
WASHINGTON COUNTY SHERIFFS OFFICE,NEWPORT,8/10/2026 3:49:00 AM,WC26040549,"MAXWELL AVE/ HWY 61, NEWPORT",ABANDONED VEHICLE
WASHINGTON COUNTY SHERIFFS OFFICE,NEWPORT,8/10/2026 5:50:54 AM,WC26040555,"Bailey Rd / Military Rd, NEWPORT",WELFARE CHECK
WASHINGTON COUNTY SHERIFFS OFFICE,NEWPORT,8/10/2026 6:42:41 AM,WC26040556,"1XXX  10th Ave, NEWPORT",CITIZEN/PUBLIC ASSIST
WASHINGTON COUNTY SHERIFFS OFFICE,NEWPORT,8/10/2026 8:45:26 AM,WC26040571,"XXX 6th St, NEWPORT",MEDICAL
WASHINGTON COUNTY SHERIFFS OFFICE,NEWPORT,8/10/2026 11:51:53 AM,WC26040615,"1XXX  10th Ave, NEWPORT",WELFARE CHECK
WASHINGTON COUNTY SHERIFFS OFFICE,NEWPORT,8/10/2026 1:28:56 PM,WC26040627,"1XXX  BAILEY RD, NEWPORT",PROPERTY DAMAGE
WASHINGTON COUNTY SHERIFFS OFFICE,NEWPORT,8/10/2026 3:31:00 PM,WC26040662,"GLEN RD OVER HWY 61, NEWPORT",TRAFFIC STOP
WASHINGTON COUNTY SHERIFFS OFFICE,NEWPORT,8/10/2026 3:59:09 PM,WC26040669,"XXX Red Rock Xing, NEWPORT",MEDICAL
WASHINGTON COUNTY SHERIFFS OFFICE,NEWPORT,8/10/2026 7:12:27 PM,WC26040691,"1XXX  Hastings Ave, NEWPORT",SHOPLIFTING
WASHINGTON COUNTY SHERIFFS OFFICE,NEWPORT,8/10/2026 9:16:01 PM,WC26040707,"1XXX  10th Ave, NEWPORT",RUNAWAY
WASHINGTON COUNTY SHERIFFS OFFICE,NEWPORT,8/11/2026 8:09:00 AM,WC26040760,"GLEN RD OVER HWY 61, NEWPORT",TRAFFIC STOP
WASHINGTON COUNTY SHERIFFS OFFICE,NEWPORT,8/11/2026 8:17:00 AM,WC26040762,"XXX - 973 GLEN RD, NEWPORT",TRAFFIC STOP
WASHINGTON COUNTY SHERIFFS OFFICE,NEWPORT,8/11/2026 8:35:17 AM,WC26040764,"1XXX  10th Ave, NEWPORT",CITIZEN/PUBLIC ASSIST
WASHINGTON COUNTY SHERIFFS OFFICE,NEWPORT,8/11/2026 10:39:15 AM,WC26040795,"1XXX  10th Ave, NEWPORT",NOISE COMPLAINT/DISTURBANCE
WASHINGTON COUNTY SHERIFFS OFFICE,NEWPORT,8/11/2026 11:58:04 AM,WC26040812,"1XXX  10th Ave, NEWPORT",TRESPASSING
WASHINGTON COUNTY SHERIFFS OFFICE,NEWPORT,8/11/2026 1:59:22 PM,WC26040834,"XXX Red Rock Xing, NEWPORT",CIVIL MATTER/DISPUTE
WASHINGTON COUNTY SHERIFFS OFFICE,NEWPORT,8/11/2026 2:39:00 PM,WC26040838,"1XXX  Hastings Ave, NEWPORT",FRAUD/SCAM
WASHINGTON COUNTY SHERIFFS OFFICE,NEWPORT,8/11/2026 2:52:53 PM,WC26040841,"1XXX  10th Ave, NEWPORT",MEDICAL
WASHINGTON COUNTY SHERIFFS OFFICE,NEWPORT,8/11/2026 5:57:00 PM,WC26040875,"XXX Red Rock Xing, NEWPORT",DISTURBANCE
WASHINGTON COUNTY SHERIFFS OFFICE,NEWPORT,8/11/2026 6:03:44 PM,WC26040880,"1XXX  10TH AVE, NEWPORT",CITIZEN/PUBLIC ASSIST
WASHINGTON COUNTY SHERIFFS OFFICE,NEWPORT,8/11/2026 6:24:04 PM,WC26040883,"2XXX  Hastings Ave, NEWPORT",ALARM-BUSINESS/RES/FIRE/MEDICAL/ETC
WASHINGTON COUNTY SHERIFFS OFFICE,NEWPORT,8/11/2026 7:07:46 PM,WC26040887,"1XXX  Hastings Ave, NEWPORT",FRAUD/SCAM
WASHINGTON COUNTY SHERIFFS OFFICE,NEWPORT,8/11/2026 9:14:00 PM,WC26040911,"I494 NB JNO BAILEY RD, NEWPORT",TRAFFIC STOP
WASHINGTON COUNTY SHERIFFS OFFICE,NEWPORT,8/12/2026 12:00:00 AM,WC26041066,"XXX Redrock Crossing, NEWPORT",CIVIL MATTER/DISPUTE
WASHINGTON COUNTY SHERIFFS OFFICE,NEWPORT,8/12/2026 2:30:58 AM,WC26040941,"1XXX  11th Ave, NEWPORT",911 ABANDONED/HANGUP/OPEN LINE
WASHINGTON COUNTY SHERIFFS OFFICE,NEWPORT,8/12/2026 8:25:44 AM,WC26040975,"1XXX  - 1249 GLEN RD, NEWPORT",DIRECTED PATROL
WASHINGTON COUNTY SHERIFFS OFFICE,NEWPORT,8/12/2026 8:49:00 AM,WC26040978,"GLEN RD / WOODBURY RD, NEWPORT",TRAFFIC STOP
WASHINGTON COUNTY SHERIFFS OFFICE,NEWPORT,8/12/2026 9:08:00 AM,WC26040982,"GLEN RD / WOODBURY RD, NEWPORT",TRAFFIC STOP
WASHINGTON COUNTY SHERIFFS OFFICE,NEWPORT,8/12/2026 9:25:00 AM,WC26040991,"GLEN RD / WOODBURY RD, NEWPORT",TRAFFIC STOP
WASHINGTON COUNTY SHERIFFS OFFICE,NEWPORT,8/12/2026 11:57:38 AM,WC26041026,"2XXX  Maxwell Ave, NEWPORT",911 ABANDONED/HANGUP/OPEN LINE
WASHINGTON COUNTY SHERIFFS OFFICE,NEWPORT,8/12/2026 1:42:35 PM,WC26041044,"Oakwood Rd / Birchwood Ln, NEWPORT",CITIZEN/PUBLIC ASSIST
WASHINGTON COUNTY SHERIFFS OFFICE,NEWPORT,8/12/2026 2:55:39 PM,WC26041054,"Hwy 61 Sb Jno Glen Rd, NEWPORT",DRIVING COMPLAINT
WASHINGTON COUNTY SHERIFFS OFFICE,NEWPORT,8/12/2026 4:32:58 PM,WC26041065,"2XXX  1ST AVE, NEWPORT",CITIZEN/PUBLIC ASSIST
WASHINGTON COUNTY SHERIFFS OFFICE,NEWPORT,8/12/2026 7:39:48 PM,WC26041103,"1XXX  10th Ave, NEWPORT",ALARM-BUSINESS/RES/FIRE/MEDICAL/ETC
WASHINGTON COUNTY SHERIFFS OFFICE,NEWPORT,8/13/2026 12:00:00 AM,WC26041289,"2XXX  HASTINGS AVE, NEWPORT",SHOTS FIRED/SHOOTING COMPLAINT
WASHINGTON COUNTY SHERIFFS OFFICE,NEWPORT,8/13/2026 5:31:37 AM,WC26041162,"1XXX  8th Ave, NEWPORT",911 ABANDONED/HANGUP/OPEN LINE
WASHINGTON COUNTY SHERIFFS OFFICE,NEWPORT,8/13/2026 4:19:35 PM,WC26041242,"1XXX  10TH AVE, NEWPORT",CITIZEN/PUBLIC ASSIST
WASHINGTON COUNTY SHERIFFS OFFICE,NEWPORT,8/13/2026 9:41:23 PM,WC26041304,"Unknown, NEWPORT",DISTURBANCE
WASHINGTON COUNTY SHERIFFS OFFICE,NEWPORT,8/13/2026 10:29:01 PM,WC26041315,"Unknown, NEWPORT",FOLLOW UP
WASHINGTON COUNTY SHERIFFS OFFICE,NEWPORT,8/14/2026 6:51:40 AM,WC26041357,"XXX HASTINGS AVE, NEWPORT",CITIZEN/PUBLIC ASSIST
WASHINGTON COUNTY SHERIFFS OFFICE,NEWPORT,8/14/2026 6:57:01 AM,WC26041358,"XXX High St, NEWPORT",DEATH
WASHINGTON COUNTY SHERIFFS OFFICE,NEWPORT,8/14/2026 10:52:00 AM,WC26041387,"GLEN RD/HWY 61, NEWPORT",TRAFFIC STOP
WASHINGTON COUNTY SHERIFFS OFFICE,NEWPORT,8/14/2026 11:11:37 AM,WC26041391,"1XXX  13th St, NEWPORT",FRAUD/SCAM
WASHINGTON COUNTY SHERIFFS OFFICE,NEWPORT,8/14/2026 7:05:36 PM,WC26041457,"1XXX  2nd Ave, NEWPORT",MISSING PERSON
WASHINGTON COUNTY SHERIFFS OFFICE,NEWPORT,8/14/2026 8:00:00 PM,WC26041466,"HWY 61 NB AT MAXWELL AVE, NEWPORT",TRAFFIC STOP
WASHINGTON COUNTY SHERIFFS OFFICE,NEWPORT,8/14/2026 11:36:40 PM,WC26041506,"HWY 61 NB JNO 70TH ST S, NEWPORT",ASSIST OTHER AGENCY
WASHINGTON COUNTY SHERIFFS OFFICE,NEWPORT,8/15/2026 12:00:00 AM,WC26041621,"Glen Rd/Hasting Ave, NEWPORT",TRAFFIC STOP
WASHINGTON COUNTY SHERIFFS OFFICE,NEWPORT,8/15/2026 12:43:27 AM,WC26041521,"I494 WB At Maxwell Ave, NEWPORT",DWI
WASHINGTON COUNTY SHERIFFS OFFICE,NEWPORT,8/15/2026 2:41:06 PM,WC26041587,"1st Ave / 20th St, NEWPORT",DISTURBANCE
WASHINGTON COUNTY SHERIFFS OFFICE,NEWPORT,8/15/2026 3:51:14 PM,WC26041597,"1XXX  10th Ave, NEWPORT",DISTURBANCE
WASHINGTON COUNTY SHERIFFS OFFICE,NEWPORT,8/15/2026 4:05:25 PM,WC26041601,"70th St S To Hwy 61 Nb Ramp, NEWPORT",ROAD HAZARD
WASHINGTON COUNTY SHERIFFS OFFICE,NEWPORT,8/15/2026 9:15:00 PM,WC26041639,"Hwy 61 SB @ Maxwell Ave, NEWPORT",TRAFFIC STOP
WASHINGTON COUNTY SHERIFFS OFFICE,NEWPORT,8/15/2026 9:58:00 PM,WC26041647,"Hwy 61 SB @ Maxwell Ave, NEWPORT",TRAFFIC STOP
WASHINGTON COUNTY SHERIFFS OFFICE,OAK PARK HEIGHTS,8/10/2026 8:44:44 PM,WC26040704,"5XXX  Neal Ave N, OAK PARK HEIGHTS",ASSIST OTHER AGENCY
WASHINGTON COUNTY SHERIFFS OFFICE,OAK PARK HEIGHTS,8/10/2026 8:58:40 PM,WC26040706,"5XXX  Omar Ave N, OAK PARK HEIGHTS",ASSIST OTHER AGENCY
WASHINGTON COUNTY SHERIFFS OFFICE,OAK PARK HEIGHTS,8/11/2026 11:48:00 AM,WC26040808,"59TH ST N / NORELL AVE N, OAK PARK HEIGHTS",TRAFFIC STOP
WASHINGTON COUNTY SHERIFFS OFFICE,OAK PARK HEIGHTS,8/13/2026 2:47:00 PM,WC26041226,"5XXX  - 5899 NORELL AVE N, OAK PARK HEIGHTS",TRAFFIC STOP
WASHINGTON COUNTY SHERIFFS OFFICE,OAK PARK HEIGHTS,8/14/2026 12:10:53 AM,WC26041335,"14XXX  58th St N, OAK PARK HEIGHTS",DISTURBANCE
WASHINGTON COUNTY SHERIFFS OFFICE,OAK PARK HEIGHTS,8/14/2026 9:55:00 PM,WC26041489,"Highway 36, OAK PARK HEIGHTS",TRAFFIC STOP
WASHINGTON COUNTY SHERIFFS OFFICE,OAK PARK HEIGHTS,8/15/2026 12:14:40 PM,WC26041576,"5XXX  Norell Ave N, OAK PARK HEIGHTS",FRAUD/SCAM
WASHINGTON COUNTY SHERIFFS OFFICE,OAKDALE,8/11/2026 5:49:04 PM,WC26040874,"3XXX  GRANADA WAY N, OAKDALE",CIVIL MATTER/DISPUTE
WASHINGTON COUNTY SHERIFFS OFFICE,OAKDALE,8/11/2026 6:21:55 PM,WC26040882,"1XXX  HALE AVE N, OAKDALE",CIVIL MATTER/DISPUTE
WASHINGTON COUNTY SHERIFFS OFFICE,OAKDALE,8/12/2026 1:38:00 PM,WC26041043,"I694 & 15TH ST N, OAKDALE",TRAFFIC STOP
WASHINGTON COUNTY SHERIFFS OFFICE,OAKDALE,8/13/2026 12:43:38 AM,WC26041138,"4XXX  Grenwich Trl N, OAKDALE",ASSIST OTHER AGENCY
WASHINGTON COUNTY SHERIFFS OFFICE,OAKDALE,8/13/2026 9:31:29 PM,WC26041296,"2XXX  Helena Ave N, OAKDALE",ASSIST OTHER AGENCY
WASHINGTON COUNTY SHERIFFS OFFICE,OAKDALE,8/13/2026 9:43:42 PM,WC26041299,"7XXX  25th Street Cir N, OAKDALE",ASSIST OTHER AGENCY
WASHINGTON COUNTY SHERIFFS OFFICE,OAKDALE,8/13/2026 11:11:00 PM,WC26041321,"10th St N / Hallmark Ave N, OAKDALE",TRAFFIC STOP
WASHINGTON COUNTY SHERIFFS OFFICE,OAKDALE,8/14/2026 7:27:00 PM,WC26041463,"I694 NB Jso 34th ST N, OAKDALE",TRAFFIC STOP
WASHINGTON COUNTY SHERIFFS OFFICE,OAKDALE,8/15/2026 1:08:00 AM,WC26041526,"I694 NB JNO 34TH ST N, OAKDALE",TRAFFIC STOP
WASHINGTON COUNTY SHERIFFS OFFICE,OAKDALE,8/15/2026 9:58:36 AM,WC26041565,"1XXX  HELENA RD N, OAKDALE",ASSIST OTHER AGENCY
WASHINGTON COUNTY SHERIFFS OFFICE,PINE SPRINGS,8/9/2026 12:13:03 AM,WC26040364,"6XXX  Hilton Ct N, PINE SPRINGS",THEFT FROM MOTOR VEHICLE
WASHINGTON COUNTY SHERIFFS OFFICE,PINE SPRINGS,8/9/2026 5:41:08 PM,WC26040482,"HILTON TRL N / 60TH ST N, PINE SPRINGS",MOTORIST ASSIST
WASHINGTON COUNTY SHERIFFS OFFICE,PINE SPRINGS,8/9/2026 7:31:50 PM,WC26040493,"7XXX  64th St N, PINE SPRINGS",MEDICAL
WASHINGTON COUNTY SHERIFFS OFFICE,PINE SPRINGS,8/9/2026 8:14:33 PM,WC26040497,"6XXX  Hytrail Ct N, PINE SPRINGS",MEDICAL
WASHINGTON COUNTY SHERIFFS OFFICE,PINE SPRINGS,8/13/2026 11:22:34 PM,WC26041323,"Unknown, PINE SPRINGS",CITIZEN/PUBLIC ASSIST
WASHINGTON COUNTY SHERIFFS OFFICE,PINE SPRINGS,8/15/2026 4:57:54 AM,WC26041545,"Highway 36 & HILTON TRL N, PINE SPRINGS",TRAFFIC STOP
WASHINGTON COUNTY SHERIFFS OFFICE,SAINT MARYS POINT,8/10/2026 11:38:16 AM,WC26040609,"2XXX  Itasca Ave S, SAINT MARYS POINT",911 ABANDONED/HANGUP/OPEN LINE
WASHINGTON COUNTY SHERIFFS OFFICE,Saint Paul,8/9/2026 10:10:57 PM,WC26040514,"HWY 61 NB JNO BAILEY RD, Saint Paul",MOTORIST ASSIST
WASHINGTON COUNTY SHERIFFS OFFICE,Saint Paul,8/11/2026 8:41:00 AM,WC26040765,"HWY 61 NB JNO BAILEY RD, Saint Paul",TRAFFIC STOP
WASHINGTON COUNTY SHERIFFS OFFICE,SAINT PAUL PARK,8/10/2026 9:53:55 AM,WC26040584,"XXX 4TH ST, SAINT PAUL PARK",MEDICAL
WASHINGTON COUNTY SHERIFFS OFFICE,SAINT PAUL PARK,8/11/2026 12:25:00 AM,WC26040726,"HWY 61 NB TO 70TH ST S RAMP, SAINT PAUL PARK",TRAFFIC STOP
WASHINGTON COUNTY SHERIFFS OFFICE,SAINT PAUL PARK,8/11/2026 1:31:49 PM,WC26040829,"XXX Portland Ave, SAINT PAUL PARK",ASSIST OTHER AGENCY
WASHINGTON COUNTY SHERIFFS OFFICE,SAINT PAUL PARK,8/12/2026 10:52:52 PM,WC26041126,"XXX Pullman Ave, SAINT PAUL PARK",ASSIST OTHER AGENCY
WASHINGTON COUNTY SHERIFFS OFFICE,SAINT PAUL PARK,8/14/2026 6:40:00 PM,WC26041451,"SAINT PAUL PARK RD TO HWY 61 SB RAMP, SAINT PAUL PARK",TRAFFIC STOP
WASHINGTON COUNTY SHERIFFS OFFICE,SAINT PAUL PARK,8/14/2026 7:19:00 PM,WC26041460,"XXX - 598 BROADWAY AVE, SAINT PAUL PARK",TRAFFIC STOP
WASHINGTON COUNTY SHERIFFS OFFICE,SCANDIA,8/9/2026 5:21:17 AM,WC26040391,"15XXX  Old Marine Trl N, SCANDIA",ALARM-BUSINESS/RES/FIRE/MEDICAL/ETC
WASHINGTON COUNTY SHERIFFS OFFICE,SCANDIA,8/9/2026 11:28:25 AM,WC26040418,"18XXX  Layton Ave N, SCANDIA",VEHICLE TAMPERING
WASHINGTON COUNTY SHERIFFS OFFICE,SCANDIA,8/9/2026 1:30:17 PM,WC26040432,"11XXX  Mayberry Trl N, SCANDIA",911 ABANDONED/HANGUP/OPEN LINE
WASHINGTON COUNTY SHERIFFS OFFICE,SCANDIA,8/9/2026 6:26:23 PM,WC26040487,"14XXX  202nd St N, SCANDIA",CITIZEN/PUBLIC ASSIST
WASHINGTON COUNTY SHERIFFS OFFICE,SCANDIA,8/9/2026 7:30:41 PM,WC26040492,"14XXX  202nd St N, SCANDIA",CITIZEN/PUBLIC ASSIST
WASHINGTON COUNTY SHERIFFS OFFICE,SCANDIA,8/10/2026 9:51:57 AM,WC26040585,"14XXX  209th St N, SCANDIA",MEDICAL
WASHINGTON COUNTY SHERIFFS OFFICE,SCANDIA,8/10/2026 3:46:36 PM,WC26040667,"18XXX  Langly Ave N, SCANDIA",911 ABANDONED/HANGUP/OPEN LINE
WASHINGTON COUNTY SHERIFFS OFFICE,SCANDIA,8/10/2026 7:56:19 PM,WC26040695,"18XXX  Langly Ave N, SCANDIA",MEDICAL
WASHINGTON COUNTY SHERIFFS OFFICE,SCANDIA,8/11/2026 8:53:23 AM,WC26040767,"12XXX  - 13098 SCANDIA TRL N, SCANDIA",DIRECTED PATROL
WASHINGTON COUNTY SHERIFFS OFFICE,SCANDIA,8/11/2026 12:10:07 PM,WC26040815,"Unknown, SCANDIA",NOISE COMPLAINT/DISTURBANCE
WASHINGTON COUNTY SHERIFFS OFFICE,SCANDIA,8/12/2026 6:51:19 PM,WC26041094,"14XXX  Scandia Trl N, SCANDIA",911 ABANDONED/HANGUP/OPEN LINE
WASHINGTON COUNTY SHERIFFS OFFICE,SCANDIA,8/12/2026 9:52:14 PM,WC26041119,"15XXX  220th St N, SCANDIA",ALARM-BUSINESS/RES/FIRE/MEDICAL/ETC
WASHINGTON COUNTY SHERIFFS OFFICE,SCANDIA,8/12/2026 10:28:14 PM,WC26041121,"19XXX  OLINDA TRL N, SCANDIA",SUSPICIOUS PERSON/ACTIVITY
WASHINGTON COUNTY SHERIFFS OFFICE,SCANDIA,8/13/2026 10:50:02 PM,WC26041318,"22XXX  Peabody Trl N, SCANDIA",DISTURBANCE
WASHINGTON COUNTY SHERIFFS OFFICE,SCANDIA,8/14/2026 9:06:32 AM,WC26041366,"16XXX  Obrien Trl N, SCANDIA",ANIMAL COMPLAINT
WASHINGTON COUNTY SHERIFFS OFFICE,SCANDIA,8/14/2026 2:24:56 PM,WC26041412,"21XXX  Meadowbrook Cir N, SCANDIA",911 ABANDONED/HANGUP/OPEN LINE
WASHINGTON COUNTY SHERIFFS OFFICE,SCANDIA,8/14/2026 10:02:54 PM,WC26041491,"Scandia Trl N / Newberry Ave N, SCANDIA",TRAFFIC COMPLAINT
WASHINGTON COUNTY SHERIFFS OFFICE,SCANDIA,8/15/2026 7:54:01 AM,WC26041554,"14XXX  202nd St N, SCANDIA",MEDICAL
WASHINGTON COUNTY SHERIFFS OFFICE,SCANDIA,8/15/2026 9:36:00 AM,WC26041561,"11XXX  Mayberry Trl N, SCANDIA",DISORDERLY CONDUCT
WASHINGTON COUNTY SHERIFFS OFFICE,SCANDIA,8/15/2026 6:44:43 PM,WC26041622,"14XXX  Oakhill Rd N, SCANDIA",DRUNK/INTOXICATED 
WASHINGTON COUNTY SHERIFFS OFFICE,STILLWATER,8/9/2026 10:51:52 PM,WC26040523,"1XXX  Greeley St S, STILLWATER",ASSIST OTHER AGENCY
WASHINGTON COUNTY SHERIFFS OFFICE,STILLWATER,8/10/2026 8:08:02 AM,WC26040567,"MAIN ST N / ELM ST, STILLWATER",TRAFFIC STOP
WASHINGTON COUNTY SHERIFFS OFFICE,STILLWATER,8/10/2026 9:41:27 AM,WC26040582,"15XXX  62nd St N, STILLWATER",FUGITIVE FROM JUSTICE
WASHINGTON COUNTY SHERIFFS OFFICE,STILLWATER,8/10/2026 1:58:26 PM,WC26040633,"15XXX  62nd St N, STILLWATER",CITIZEN/PUBLIC ASSIST
WASHINGTON COUNTY SHERIFFS OFFICE,STILLWATER,8/11/2026 1:10:16 PM,WC26040824,"15XXX  62nd St N, STILLWATER",FOLLOW UP
WASHINGTON COUNTY SHERIFFS OFFICE,STILLWATER,8/11/2026 1:11:47 PM,WC26040825,"15XXX  62nd St N, STILLWATER",THEFT
WASHINGTON COUNTY SHERIFFS OFFICE,STILLWATER,8/11/2026 2:09:33 PM,WC26040837,"14XXX  62nd St N, STILLWATER",MEDICAL
WASHINGTON COUNTY SHERIFFS OFFICE,STILLWATER,8/12/2026 5:28:53 PM,WC26041078,"XXX Churchill St W, STILLWATER",FOLLOW UP
WASHINGTON COUNTY SHERIFFS OFFICE,STILLWATER,8/13/2026 3:20:00 PM,WC26041235,"14XXX  - 14898 62ND ST N, STILLWATER",TRAFFIC STOP
WASHINGTON COUNTY SHERIFFS OFFICE,STILLWATER,8/13/2026 10:41:00 PM,WC26041317,"WASHINGTON AV & HWY 36 EB, STILLWATER",TRAFFIC STOP
WASHINGTON COUNTY SHERIFFS OFFICE,STILLWATER,8/14/2026 11:11:41 AM,WC26041390,"14XXX  62nd St N, STILLWATER",SUSPICIOUS PERSON/ACTIVITY
WASHINGTON COUNTY SHERIFFS OFFICE,STILLWATER,8/15/2026 7:32:52 PM,WC26041631,"XXX SHERBURNE ST S, STILLWATER",CIVIL MATTER/DISPUTE
WASHINGTON COUNTY SHERIFFS OFFICE,STILLWATER TOWNSHIP,8/9/2026 2:21:06 AM,WC26040382,"10XXX  Quinlan Ave N, STILLWATER TOWNSHIP",ASSIST OTHER AGENCY
WASHINGTON COUNTY SHERIFFS OFFICE,STILLWATER TOWNSHIP,8/9/2026 3:17:06 AM,WC26040386,"10XXX  Arcola Trl N, STILLWATER TOWNSHIP",SUICIDE ATTEMPT/THREATS OF
WASHINGTON COUNTY SHERIFFS OFFICE,STILLWATER TOWNSHIP,8/9/2026 5:28:33 AM,WC26040392,"10XXX  Quinlan Ave N, STILLWATER TOWNSHIP",ASSIST OTHER AGENCY
WASHINGTON COUNTY SHERIFFS OFFICE,STILLWATER TOWNSHIP,8/9/2026 7:55:30 AM,WC26040396,"10XXX  ARCOLA TRL N, STILLWATER TOWNSHIP",SUICIDE
WASHINGTON COUNTY SHERIFFS OFFICE,STILLWATER TOWNSHIP,8/10/2026 9:51:47 AM,WC26040586,"Manning Ave N / Dellwood Rd N, STILLWATER TOWNSHIP",ACCIDENT
WASHINGTON COUNTY SHERIFFS OFFICE,STILLWATER TOWNSHIP,8/10/2026 10:04:09 AM,WC26040589,"10XXX  Arcola Trl N, STILLWATER TOWNSHIP",FOLLOW UP
WASHINGTON COUNTY SHERIFFS OFFICE,STILLWATER TOWNSHIP,8/10/2026 3:38:46 PM,WC26040664,"10XXX  Arcola Trl N, STILLWATER TOWNSHIP",FOLLOW UP
WASHINGTON COUNTY SHERIFFS OFFICE,STILLWATER TOWNSHIP,8/10/2026 5:23:21 PM,WC26040683,"10XXX  Arcola Trl N, STILLWATER TOWNSHIP",FOLLOW UP
WASHINGTON COUNTY SHERIFFS OFFICE,STILLWATER TOWNSHIP,8/13/2026 12:25:00 AM,WC26041136,"Highway 36, STILLWATER TOWNSHIP",TRAFFIC STOP
WASHINGTON COUNTY SHERIFFS OFFICE,WEST LAKELAND TOWNSHIP,8/9/2026 12:28:44 AM,WC26040366,"XXX Manning Ave N, WEST LAKELAND TOWNSHIP",SUSPICIOUS PERSON/ACTIVITY
WASHINGTON COUNTY SHERIFFS OFFICE,WEST LAKELAND TOWNSHIP,8/9/2026 9:29:45 AM,WC26040409,"Hwy 95 At Quant Ave N, WEST LAKELAND TOWNSHIP",TRAFFIC COMPLAINT
WASHINGTON COUNTY SHERIFFS OFFICE,WEST LAKELAND TOWNSHIP,8/9/2026 10:30:41 AM,WC26040414,"22nd St N / Manning Ave N, WEST LAKELAND TOWNSHIP",ACCIDENT
WASHINGTON COUNTY SHERIFFS OFFICE,WEST LAKELAND TOWNSHIP,8/9/2026 12:52:27 PM,WC26040427,"15XXX  Hudson Rd N, WEST LAKELAND TOWNSHIP",THEFT
WASHINGTON COUNTY SHERIFFS OFFICE,WEST LAKELAND TOWNSHIP,8/10/2026 7:23:50 AM,WC26040561,"XXX Neal Ave N, WEST LAKELAND TOWNSHIP",SUSPICIOUS PERSON/ACTIVITY
WASHINGTON COUNTY SHERIFFS OFFICE,WEST LAKELAND TOWNSHIP,8/10/2026 7:51:00 AM,WC26040564,"1XXX  - 1000 MANNING AVE N, WEST LAKELAND TOWNSHIP",TRAFFIC STOP
WASHINGTON COUNTY SHERIFFS OFFICE,WEST LAKELAND TOWNSHIP,8/10/2026 10:04:00 AM,WC26040588,"HUDSON RD N / STAGECOACH TRL N, WEST LAKELAND TOWNSHIP",TRAFFIC STOP
WASHINGTON COUNTY SHERIFFS OFFICE,WEST LAKELAND TOWNSHIP,8/11/2026 7:58:53 AM,WC26040759,"I94 Wb To Manning Ave N Ramp, WEST LAKELAND TOWNSHIP",PARKING COMPLAINT
WASHINGTON COUNTY SHERIFFS OFFICE,WEST LAKELAND TOWNSHIP,8/11/2026 10:09:21 AM,WC26040786,"14XXX  30th St N, WEST LAKELAND TOWNSHIP",911 ABANDONED/HANGUP/OPEN LINE
WASHINGTON COUNTY SHERIFFS OFFICE,WEST LAKELAND TOWNSHIP,8/11/2026 11:30:45 AM,WC26040807,"Manning Ave N / 10th St N, WEST LAKELAND TOWNSHIP",TRAFFIC COMPLAINT
WASHINGTON COUNTY SHERIFFS OFFICE,WEST LAKELAND TOWNSHIP,8/12/2026 11:53:16 AM,WC26041025,"Manning Ave N / 24th St N, WEST LAKELAND TOWNSHIP",DRIVING COMPLAINT
WASHINGTON COUNTY SHERIFFS OFFICE,WEST LAKELAND TOWNSHIP,8/12/2026 4:52:24 PM,WC26041069,"1XXX  Newberry Ave N, WEST LAKELAND TOWNSHIP",911 ABANDONED/HANGUP/OPEN LINE
WASHINGTON COUNTY SHERIFFS OFFICE,WEST LAKELAND TOWNSHIP,8/12/2026 7:08:57 PM,WC26041100,"1XXX  Nolan Ave N, WEST LAKELAND TOWNSHIP",MEDICAL
WASHINGTON COUNTY SHERIFFS OFFICE,WEST LAKELAND TOWNSHIP,8/12/2026 9:49:32 PM,WC26041118,"Hwy 95 At 22nd St N, WEST LAKELAND TOWNSHIP",TRAFFIC COMPLAINT
WASHINGTON COUNTY SHERIFFS OFFICE,WEST LAKELAND TOWNSHIP,8/14/2026 12:03:00 AM,WC26041333,"I94 / NEAL AVE N, WEST LAKELAND TOWNSHIP",TRAFFIC STOP
WASHINGTON COUNTY SHERIFFS OFFICE,WEST LAKELAND TOWNSHIP,8/14/2026 1:47:33 PM,WC26041406,"14XXX  30th St N, WEST LAKELAND TOWNSHIP",CITIZEN/PUBLIC ASSIST
WASHINGTON COUNTY SHERIFFS OFFICE,WEST LAKELAND TOWNSHIP,8/14/2026 1:58:20 PM,WC26041410,"2XXX  Osprey Ave N, WEST LAKELAND TOWNSHIP",FIRE
WASHINGTON COUNTY SHERIFFS OFFICE,WEST LAKELAND TOWNSHIP,8/15/2026 8:00:00 AM,WC26041550,"1XXX  Stagecoach Trl N, WEST LAKELAND TOWNSHIP",DRUGS
WASHINGTON COUNTY SHERIFFS OFFICE,WEST LAKELAND TOWNSHIP,8/15/2026 10:49:41 AM,WC26041569,"1XXX  Nolan Ave N, WEST LAKELAND TOWNSHIP",MEDICAL
WASHINGTON COUNTY SHERIFFS OFFICE,WEST LAKELAND TOWNSHIP,8/15/2026 11:23:20 AM,WC26041570,"NOLAN AVE N / 10TH ST N, WEST LAKELAND TOWNSHIP",SUSPICIOUS PERSON/ACTIVITY
WASHINGTON COUNTY SHERIFFS OFFICE,WILLERNIE,8/9/2026 1:14:00 AM,WC26040371,"STILLWATER RD / FOREST AVE, WILLERNIE",TRAFFIC STOP
WASHINGTON COUNTY SHERIFFS OFFICE,WILLERNIE,8/9/2026 1:06:41 PM,WC26040428,"XXX Stewart Rd, WILLERNIE",THEFT
WASHINGTON COUNTY SHERIFFS OFFICE,WILLERNIE,8/13/2026 7:35:36 AM,WC26041167,"XXX Stillwater Rd, WILLERNIE",911 ABANDONED/HANGUP/OPEN LINE
WASHINGTON COUNTY SHERIFFS OFFICE,WILLERNIE,8/15/2026 8:50:42 PM,WC26041637,"XXX Warner Ave S, WILLERNIE",MEDICAL
WASHINGTON COUNTY SHERIFFS OFFICE,WOODBURY,8/10/2026 2:46:46 PM,WC26040652,"WILD CANYON DR / WILD CANYON CT, WOODBURY",ROAD HAZARD
WASHINGTON COUNTY SHERIFFS OFFICE,WOODBURY,8/10/2026 6:14:00 PM,WC26040688,"I494 NB AT TAMARACK RD, WOODBURY",TRAFFIC STOP
WASHINGTON COUNTY SHERIFFS OFFICE,WOODBURY,8/11/2026 5:46:52 PM,WC26040872,"8XXX  MERIDIAN TRL, WOODBURY",CIVIL MATTER/DISPUTE
WASHINGTON COUNTY SHERIFFS OFFICE,WOODBURY,8/11/2026 11:13:00 PM,WC26040927,"I94 WB JEO CENTURY AVE, WOODBURY",TRAFFIC STOP
WASHINGTON COUNTY SHERIFFS OFFICE,WOODBURY,8/12/2026 12:46:00 PM,WC26041035,"I94 EB & CENTURY AV N, WOODBURY",TRAFFIC STOP
WASHINGTON COUNTY SHERIFFS OFFICE,WOODBURY,8/12/2026 1:23:00 PM,WC26041040,"I94 EB & CENTURY AV N, WOODBURY",TRAFFIC STOP
WASHINGTON COUNTY SHERIFFS OFFICE,WOODBURY,8/13/2026 4:26:31 PM,WC26041244,"I494 NB AT VALLEY CREEK RD, WOODBURY",ACCIDENT
WASHINGTON COUNTY SHERIFFS OFFICE,WOODBURY,8/13/2026 6:46:30 PM,WC26041267,"10XXX  NEWPORT PATH, WOODBURY",CIVIL MATTER/DISPUTE
WASHINGTON COUNTY SHERIFFS OFFICE,WOODBURY,8/13/2026 9:55:00 PM,WC26041303,"XX I94 Eb At Woodbury Dr, WOODBURY",TRAFFIC STOP
WASHINGTON COUNTY SHERIFFS OFFICE,WOODBURY,8/13/2026 10:09:00 PM,WC26041309,"XX I94 Eb At Woodbury Dr, WOODBURY",TRAFFIC STOP
WASHINGTON COUNTY SHERIFFS OFFICE,WOODBURY,8/13/2026 11:12:00 PM,WC26041322,"I94 EB & CENTURY AV N, WOODBURY",TRAFFIC STOP
WASHINGTON COUNTY SHERIFFS OFFICE,WOODBURY,8/13/2026 11:31:00 PM,WC26041324,"I94 EB & CENTURY AV N, WOODBURY",TRAFFIC STOP
WASHINGTON COUNTY SHERIFFS OFFICE,WOODBURY,8/13/2026 11:55:00 PM,WC26041331,"I94 EB & CENTURY AV N, WOODBURY",TRAFFIC STOP
WASHINGTON COUNTY SHERIFFS OFFICE,WOODBURY,8/14/2026 12:10:00 AM,WC26041334,"I94 EB & CENTURY AV N, WOODBURY",TRAFFIC STOP
WASHINGTON COUNTY SHERIFFS OFFICE,WOODBURY,8/14/2026 12:31:00 AM,WC26041337,"I94 EB RAMP, WOODBURY",TRAFFIC STOP
WASHINGTON COUNTY SHERIFFS OFFICE,WOODBURY,8/14/2026 8:37:00 PM,WC26041471,"XX I94 Wb At Radio Dr, WOODBURY",TRAFFIC STOP
WASHINGTON COUNTY SHERIFFS OFFICE,WOODBURY,8/15/2026 12:09:00 AM,WC26041516,"I94 Eb at Hwy 120, WOODBURY",TRAFFIC STOP
WASHINGTON COUNTY SHERIFFS OFFICE,WOODBURY,8/15/2026 12:11:00 AM,WC26041517,"I94 EB & CENTURY AV N, WOODBURY",DWI
WASHINGTON COUNTY SHERIFFS OFFICE,WOODBURY,8/15/2026 9:23:48 AM,WC26041562,"8XXX  Timberwood Rd, WOODBURY",ASSIST OTHER AGENCY
WOODBURY PUBLIC SAFETY,WOODBURY,8/9/2026 12:00:00 AM,WB26032763,"Raleigh Rd / Alexandria Dr, WOODBURY",UNDERAGE DRINKING
WOODBURY PUBLIC SAFETY,WOODBURY,8/9/2026 12:11:48 AM,WB26032760,"1XXX  Woodlane Dr, WOODBURY",THEFT
WOODBURY PUBLIC SAFETY,WOODBURY,8/9/2026 1:16:56 AM,WB26032766,"6XXX  Hudson Rd, WOODBURY",DISTURBANCE
WOODBURY PUBLIC SAFETY,WOODBURY,8/9/2026 8:12:36 AM,WB26032787,"6XXX  Sandlewood Rd, WOODBURY",DISTURBANCE
WOODBURY PUBLIC SAFETY,WOODBURY,8/9/2026 10:34:58 AM,WB26032799,"Radio Dr and Central Park Place, WOODBURY",E-Moto
WOODBURY PUBLIC SAFETY,WOODBURY,8/9/2026 11:42:27 AM,WB26032804,"Woodbury Dr / Fox Run Rd, WOODBURY",ACCIDENT
WOODBURY PUBLIC SAFETY,WOODBURY,8/9/2026 11:57:09 AM,WB26032806,"7XXX  Valley Creek Plz, WOODBURY",ACCIDENT
WOODBURY PUBLIC SAFETY,WOODBURY,8/9/2026 12:17:49 PM,WB26032810,"Unknown, WOODBURY",SUSPICIOUS PERSON/ACTIVITY
WOODBURY PUBLIC SAFETY,WOODBURY,8/9/2026 1:01:00 PM,WB26032814,"9XXX  Hudson Pl, WOODBURY",ACCIDENT
WOODBURY PUBLIC SAFETY,WOODBURY,8/9/2026 1:37:27 PM,WB26032818,"1XXX  Fallbrook Ln, WOODBURY",FIREWORKS
WOODBURY PUBLIC SAFETY,WOODBURY,8/9/2026 2:03:01 PM,WB26032820,"7XXX  Glenross Rd, WOODBURY",DEATH INVESTIGATION
WOODBURY PUBLIC SAFETY,WOODBURY,8/9/2026 2:09:46 PM,WB26032821,"1XXX  Queens Dr, WOODBURY",CRASH
WOODBURY PUBLIC SAFETY,WOODBURY,8/9/2026 2:33:45 PM,WB26032823,"9XXX  Hudson Rd, WOODBURY",ACCIDENT
WOODBURY PUBLIC SAFETY,WOODBURY,8/9/2026 2:54:26 PM,WB26032829,"11XXX  VALLEY CREEK RD, WOODBURY",ACCIDENT
WOODBURY PUBLIC SAFETY,WOODBURY,8/9/2026 3:44:34 PM,WB26032836,"XXX Radio Dr, WOODBURY",ACCIDENT
WOODBURY PUBLIC SAFETY,WOODBURY,8/9/2026 3:54:27 PM,WB26032837,"2XXX  Mallard Dr, WOODBURY",CIVIL MATTER/DISPUTE
WOODBURY PUBLIC SAFETY,WOODBURY,8/9/2026 5:21:19 PM,WB26032845,"9XXX  Hudson Rd, WOODBURY",ACCIDENT
WOODBURY PUBLIC SAFETY,WOODBURY,8/9/2026 6:15:10 PM,WB26032848,"8XXX  Tamarack Vlg, WOODBURY",ACCIDENT
WOODBURY PUBLIC SAFETY,WOODBURY,8/9/2026 7:38:11 PM,WB26032863,"11XXX  Middleton Trl, WOODBURY",WELFARE CHECK
WOODBURY PUBLIC SAFETY,WOODBURY,8/9/2026 7:56:18 PM,WB26032865,"6XXX  Falstaff Rd, WOODBURY",MEDICAL
WOODBURY PUBLIC SAFETY,WOODBURY,8/10/2026 1:04:00 AM,WB26032893,"CENTURY AVE S / I94, WOODBURY",TRAFFIC STOP
WOODBURY PUBLIC SAFETY,WOODBURY,8/10/2026 5:46:26 AM,WB26032899,"11XXX  WATERVIEW WAY, WOODBURY",WELFARE CHECK
WOODBURY PUBLIC SAFETY,WOODBURY,8/10/2026 8:14:00 AM,WB26032908,"8XXX  Meridian Way, WOODBURY",THEFT
WOODBURY PUBLIC SAFETY,WOODBURY,8/10/2026 8:32:41 AM,WB26032914,"6XXX  Hudson Rd, WOODBURY",DISTURBANCE
WOODBURY PUBLIC SAFETY,WOODBURY,8/10/2026 9:06:49 AM,WB26032917,"6XXX  Macbeth Ct, WOODBURY",FRAUD/SCAM
WOODBURY PUBLIC SAFETY,WOODBURY,8/10/2026 9:25:53 AM,WB26032918,"2XXX  Ventura Dr, WOODBURY",THEFT
WOODBURY PUBLIC SAFETY,WOODBURY,8/10/2026 9:44:49 AM,WB26032924,"Radio Dr / Hargis Pkwy, WOODBURY",ACCIDENT
WOODBURY PUBLIC SAFETY,WOODBURY,8/10/2026 9:46:59 AM,WB26032923,"1XXX  BRIAR GLEN LN, WOODBURY",DISTURBANCE
WOODBURY PUBLIC SAFETY,WOODBURY,8/10/2026 10:56:46 AM,WB26032934,"10XXX  Hudson Rd, WOODBURY",FRAUD/SCAM
WOODBURY PUBLIC SAFETY,WOODBURY,8/10/2026 11:03:45 AM,WB26032937,"2XXX  Mallard Dr, WOODBURY",OFP VIOLATION
WOODBURY PUBLIC SAFETY,WOODBURY,8/10/2026 12:20:14 PM,WB26032946,"VALLEY CREEK RD / WOODLANE DR, WOODBURY",TRAFFIC STOP
WOODBURY PUBLIC SAFETY,WOODBURY,8/10/2026 12:33:11 PM,WB26032950,"XXX Haute Ct, WOODBURY",CIVIL MATTER/DISPUTE
WOODBURY PUBLIC SAFETY,WOODBURY,8/10/2026 12:44:01 PM,WB26032953,"9XXX  Hudson Rd, WOODBURY",ACCIDENT
WOODBURY PUBLIC SAFETY,WOODBURY,8/10/2026 1:28:51 PM,WB26032958,"2XXX  Lamplight Dr, WOODBURY",MAIL THEFT
WOODBURY PUBLIC SAFETY,WOODBURY,8/10/2026 1:52:41 PM,WB26032962,"8XXX  Quarry Ridge Ln, WOODBURY",ACCIDENT
WOODBURY PUBLIC SAFETY,WOODBURY,8/10/2026 2:27:20 PM,WB26032967,"3XXX  CASWELL LN, WOODBURY",CIVIL MATTER/DISPUTE
WOODBURY PUBLIC SAFETY,WOODBURY,8/10/2026 3:43:11 PM,WB26032976,"2XXX  Manning Ave S, WOODBURY",FRAUD/SCAM
WOODBURY PUBLIC SAFETY,WOODBURY,8/10/2026 3:47:23 PM,WB26032978,"2XXX  Kings Dr, WOODBURY",CIVIL MATTER/DISPUTE
WOODBURY PUBLIC SAFETY,WOODBURY,8/10/2026 4:25:32 PM,WB26032988,"7XXX  Forest Blvd, WOODBURY",HARASSMENT
WOODBURY PUBLIC SAFETY,WOODBURY,8/10/2026 4:57:51 PM,WB26032993,"HUDSON RD / RADIO DR, WOODBURY",WANTED PERSON-KOPS ALERT/ATL
WOODBURY PUBLIC SAFETY,WOODBURY,8/10/2026 5:15:05 PM,WB26033003,"7XXX  Stratford Rd, WOODBURY",PROPERTY DAMAGE
WOODBURY PUBLIC SAFETY,WOODBURY,8/10/2026 6:41:38 PM,WB26033006,"XXX Weir Dr, WOODBURY",UNWANTED PERSON/VEHICLE
WOODBURY PUBLIC SAFETY,WOODBURY,8/10/2026 6:48:38 PM,WB26033011,"4XXX  EQUINE TRL, WOODBURY",CITIZEN/PUBLIC ASSIST
WOODBURY PUBLIC SAFETY,WOODBURY,8/10/2026 9:00:47 PM,WB26033032,"9XXX  Troon Ct, WOODBURY",HARASSMENT
WOODBURY PUBLIC SAFETY,WOODBURY,8/10/2026 10:01:39 PM,WB26033036,"XXX WEIR DR, WOODBURY",UNWANTED PERSON/VEHICLE
WOODBURY PUBLIC SAFETY,WOODBURY,8/10/2026 11:14:16 PM,WB26033041,"9XXX  Compass Pointe Rd, WOODBURY",JUVENILE COMPLAINT
WOODBURY PUBLIC SAFETY,WOODBURY,8/10/2026 11:39:00 PM,WB26033045,"11XXX  Wagon Wheel Curv, WOODBURY",DISTURBANCE
WOODBURY PUBLIC SAFETY,WOODBURY,8/11/2026 12:08:29 AM,WB26033049,"8XXX  Savanna Oaks Ln, WOODBURY",MISSING PERSON
WOODBURY PUBLIC SAFETY,WOODBURY,8/11/2026 1:06:14 AM,WB26033056,"8XXX  TAMARACK BAY, WOODBURY",DISABLED VEHICLE
WOODBURY PUBLIC SAFETY,WOODBURY,8/11/2026 1:48:59 AM,WB26033057,"VALLEY CREEK PLZ, WOODBURY",JUVENILE COMPLAINT
WOODBURY PUBLIC SAFETY,WOODBURY,8/11/2026 7:06:56 AM,WB26033071,"6XXX  Courtly Rd, WOODBURY",WELFARE CHECK
WOODBURY PUBLIC SAFETY,WOODBURY,8/11/2026 7:22:36 AM,WB26033074,"Settlers Ridge Pkwy / Conifer Pass, WOODBURY",ACCIDENT
WOODBURY PUBLIC SAFETY,WOODBURY,8/11/2026 10:11:36 AM,WB26033087,"7XXX  VALLEY CREEK PLZ, WOODBURY",UNWANTED PERSON/VEHICLE
WOODBURY PUBLIC SAFETY,WOODBURY,8/11/2026 10:36:33 AM,WB26033089,"8XXX  Tamarack Rd, WOODBURY",ACCIDENT
WOODBURY PUBLIC SAFETY,WOODBURY,8/11/2026 11:57:45 AM,WB26033102,"6XXX  HUDSON RD, WOODBURY",WARRANT ARREST
WOODBURY PUBLIC SAFETY,WOODBURY,8/11/2026 1:59:49 PM,WB26033121,"7XXX  Courtly Rd, WOODBURY",THEFT
WOODBURY PUBLIC SAFETY,WOODBURY,8/11/2026 2:06:45 PM,WB26033125,"7XXX  VALLEY CREEK PLZ, WOODBURY",SHOPLIFTING
WOODBURY PUBLIC SAFETY,WOODBURY,8/11/2026 2:12:12 PM,WB26033127,"XXX Radio Dr, WOODBURY",SHOPLIFTING
WOODBURY PUBLIC SAFETY,WOODBURY,8/11/2026 2:29:42 PM,WB26033131,"HUDSON RD E TO WB I94, WOODBURY",TRAFFIC STOP
WOODBURY PUBLIC SAFETY,WOODBURY,8/11/2026 2:34:38 PM,WB26033133,"XX I94 Eb To Radio Dr Ramp, WOODBURY",ACCIDENT
WOODBURY PUBLIC SAFETY,WOODBURY,8/11/2026 2:59:26 PM,WB26033139,"2XXX  BRITTANY LN, WOODBURY",WELFARE CHECK
WOODBURY PUBLIC SAFETY,WOODBURY,8/11/2026 3:40:24 PM,WB26033144,"3XXX  SUNBURY DR, WOODBURY",FRAUD/SCAM
WOODBURY PUBLIC SAFETY,WOODBURY,8/11/2026 4:14:36 PM,WB26033150,"Radio Dr / Hudson Rd, WOODBURY",ACCIDENT
WOODBURY PUBLIC SAFETY,WOODBURY,8/11/2026 4:21:03 PM,WB26033152,"8XXX  Tamarack Vlg, WOODBURY",SHOPLIFTING
WOODBURY PUBLIC SAFETY,WOODBURY,8/11/2026 4:23:40 PM,WB26033153,"1XXX  Weir Dr, WOODBURY",ACCIDENT
WOODBURY PUBLIC SAFETY,WOODBURY,8/11/2026 4:54:03 PM,WB26033160,"XX VALLEY CREEK RD OVER I494, WOODBURY",ACCIDENT
WOODBURY PUBLIC SAFETY,WOODBURY,8/11/2026 5:03:39 PM,WB26033162,"1XXX  Spinaker Dr, WOODBURY",REQUEST FOR EMERGENCY EXAM - 72 HR HOLD
WOODBURY PUBLIC SAFETY,WOODBURY,8/11/2026 5:10:52 PM,WB26033163,"XXX Weir Dr, WOODBURY",MISSING PERSON
WOODBURY PUBLIC SAFETY,WOODBURY,8/11/2026 6:07:28 PM,WB26033164,"10XXX  Ironwood Pkwy, WOODBURY",SUSPICIOUS PERSON/ACTIVITY
WOODBURY PUBLIC SAFETY,WOODBURY,8/11/2026 6:30:19 PM,WB26033166,"9XXX  Hudson Rd, WOODBURY",THEFT
WOODBURY PUBLIC SAFETY,WOODBURY,8/11/2026 7:49:29 PM,WB26033171,"3XXX  Century Ave, WOODBURY",SUSPICIOUS PERSON/ACTIVITY
WOODBURY PUBLIC SAFETY,WOODBURY,8/11/2026 8:20:16 PM,WB26033175,"2XXX  Mallard Dr, WOODBURY",HARASSMENT
WOODBURY PUBLIC SAFETY,WOODBURY,8/11/2026 9:26:50 PM,WB26033177,"WOODBURY DR / HUDSON RD, WOODBURY",PROPERTY DAMAGE
WOODBURY PUBLIC SAFETY,WOODBURY,8/12/2026 12:00:00 AM,WB26033283,"I94 WB JEO CENTURY AVE, WOODBURY",WARRANT ARREST
WOODBURY PUBLIC SAFETY,WOODBURY,8/12/2026 1:02:04 AM,WB26033191,"3XXX  - 3260 MANNING AVE S, WOODBURY",UNDERAGE DRINKING
WOODBURY PUBLIC SAFETY,WOODBURY,8/12/2026 2:11:57 AM,WB26033196,"7XXX  Hargis Pkwy, WOODBURY",PROPERTY DAMAGE
WOODBURY PUBLIC SAFETY,WOODBURY,8/12/2026 2:31:34 AM,WB26033197,"9XXX  Summerlin Rd, WOODBURY",PROPERTY DAMAGE
WOODBURY PUBLIC SAFETY,WOODBURY,8/12/2026 8:22:26 AM,WB26033203,"6XXX  LINDEN RD, WOODBURY",DEATH
WOODBURY PUBLIC SAFETY,WOODBURY,8/12/2026 8:28:28 AM,WB26033204,"8XXX  Tamarack Rd, WOODBURY",DISTURBANCE
WOODBURY PUBLIC SAFETY,WOODBURY,8/12/2026 10:25:02 AM,WB26033212,"8XXX  Tamarack Vlg, WOODBURY",DISTURBANCE
WOODBURY PUBLIC SAFETY,WOODBURY,8/12/2026 11:00:00 AM,WB26034078,"5XXX  Fair Haven Trl, WOODBURY",THEFT FROM MOTOR VEHICLE
WOODBURY PUBLIC SAFETY,WOODBURY,8/12/2026 11:24:31 AM,WB26033218,"9XXX  TAMARACK RD, WOODBURY",DRUGS
WOODBURY PUBLIC SAFETY,WOODBURY,8/12/2026 11:28:45 AM,WB26033219,"1XXX  Tamberwood Trl, WOODBURY",DEATH
WOODBURY PUBLIC SAFETY,WOODBURY,8/12/2026 1:58:00 PM,WB26033233,"CURRELL BLVD / BIELENBERG DR, WOODBURY",TRAFFIC STOP
WOODBURY PUBLIC SAFETY,WOODBURY,8/12/2026 2:40:44 PM,WB26033242,"LAKE RD OVER I494, WOODBURY",ACCIDENT
WOODBURY PUBLIC SAFETY,WOODBURY,8/12/2026 3:15:00 PM,WB26033246,"6XXX  - 6998 WYNDHAM WAY, WOODBURY",TRAFFIC STOP
WOODBURY PUBLIC SAFETY,WOODBURY,8/12/2026 3:20:55 PM,WB26033247,"4XXX  Woodbury Dr, WOODBURY",UNWANTED PERSON/VEHICLE
WOODBURY PUBLIC SAFETY,WOODBURY,8/12/2026 3:30:08 PM,WB26033250,"Woodbury Dr / Hudson Rd , WOODBURY",ACCIDENT
WOODBURY PUBLIC SAFETY,WOODBURY,8/12/2026 3:58:39 PM,WB26033255,"XXX Sherrie Ln, WOODBURY",WELFARE CHECK
WOODBURY PUBLIC SAFETY,WOODBURY,8/12/2026 4:18:00 PM,WB26033256,"6XXX  - 6819 FREMONT LN, WOODBURY",TRAFFIC STOP
WOODBURY PUBLIC SAFETY,WOODBURY,8/12/2026 4:35:17 PM,WB26033258,"7XXX  Valley Creek Plz, WOODBURY",DISTURBANCE
WOODBURY PUBLIC SAFETY,WOODBURY,8/12/2026 4:49:00 PM,WB26033261,"Radio Dr / Hudson Rd, WOODBURY",ACCIDENT
WOODBURY PUBLIC SAFETY,WOODBURY,8/12/2026 6:24:48 PM,WB26033279,"XXX Hideaway Ln, WOODBURY",FRAUD/SCAM
WOODBURY PUBLIC SAFETY,WOODBURY,8/12/2026 7:01:14 PM,WB26033284,"2XXX  Robinwood Way, WOODBURY",CIVIL MATTER/DISPUTE
WOODBURY PUBLIC SAFETY,WOODBURY,8/12/2026 7:03:24 PM,WB26033286,"2XXX  Ojibway Dr, WOODBURY",DISTURBANCE
WOODBURY PUBLIC SAFETY,WOODBURY,8/12/2026 7:24:11 PM,WB26033289,"6XXX  HUDSON RD, WOODBURY",TRAFFIC STOP
WOODBURY PUBLIC SAFETY,WOODBURY,8/12/2026 9:36:55 PM,WB26033306,"Valley Creek Rd / Queens Dr, WOODBURY",ACCIDENT
WOODBURY PUBLIC SAFETY,WOODBURY,8/12/2026 10:03:05 PM,WB26033308,"3XXX  Juliet Dr, WOODBURY",DEATH
WOODBURY PUBLIC SAFETY,WOODBURY,8/12/2026 10:57:47 PM,WB26033313,"6XXX  Lynn Way, WOODBURY",DISTURBANCE
WOODBURY PUBLIC SAFETY,WOODBURY,8/13/2026 12:12:20 AM,WB26033317,"10XXX  Mcgregor Blvd, WOODBURY",DISTURBANCE
WOODBURY PUBLIC SAFETY,WOODBURY,8/13/2026 9:44:53 AM,WB26033341,"11XXX  SAND CASTLE DR, WOODBURY",WARRANT ARREST
WOODBURY PUBLIC SAFETY,WOODBURY,8/13/2026 12:46:59 PM,WB26033372,"4XXX  BLAKE WAY, WOODBURY",WELFARE CHECK
WOODBURY PUBLIC SAFETY,WOODBURY,8/13/2026 1:06:00 PM,WB26033374,"Lake Rd / Radio Dr, WOODBURY",ACCIDENT
WOODBURY PUBLIC SAFETY,WOODBURY,8/13/2026 1:20:32 PM,WB26033375,"8XXX  Tamarack Vlg, WOODBURY",SUSPICIOUS PERSON/ACTIVITY
WOODBURY PUBLIC SAFETY,WOODBURY,8/13/2026 1:41:02 PM,WB26033382,"8XXX  Valley Creek Rd, WOODBURY",OFFICER COMPLAINT
WOODBURY PUBLIC SAFETY,WOODBURY,8/13/2026 2:28:37 PM,WB26033384,"7XXX  WINDGATE RD, WOODBURY",WARRANT ARREST
WOODBURY PUBLIC SAFETY,WOODBURY,8/13/2026 2:34:09 PM,WB26033389,"Woodbury Dr / Lake Rd, WOODBURY",ACCIDENT
WOODBURY PUBLIC SAFETY,WOODBURY,8/13/2026 2:43:00 PM,WB26033388,"KEATS AVE N, WOODBURY",DRUGS
WOODBURY PUBLIC SAFETY,WOODBURY,8/13/2026 2:46:35 PM,WB26033393,"1XXX  Woodlane Dr, WOODBURY",SHOPLIFTING
WOODBURY PUBLIC SAFETY,WOODBURY,8/13/2026 3:19:03 PM,WB26033398,"XXX Radio Dr, WOODBURY",PROPERTY DAMAGE
WOODBURY PUBLIC SAFETY,WOODBURY,8/13/2026 3:33:32 PM,WB26033401,"1XXX  Woodwinds Dr, WOODBURY",ACCIDENT
WOODBURY PUBLIC SAFETY,WOODBURY,8/13/2026 3:34:13 PM,WB26033400,"1XXX  - 1428 WOODLANE DR, WOODBURY",MEDICAL
WOODBURY PUBLIC SAFETY,WOODBURY,8/13/2026 6:04:00 PM,WB26033424,"RADIO DR / HUDSON RD, WOODBURY",TRAFFIC STOP
WOODBURY PUBLIC SAFETY,WOODBURY,8/13/2026 6:35:01 PM,WB26033428,"Unknown, WOODBURY",WELFARE CHECK
WOODBURY PUBLIC SAFETY,WOODBURY,8/13/2026 7:00:00 PM,WB26033432,"2XXX  Eagle Creek Ln, WOODBURY",DWI
WOODBURY PUBLIC SAFETY,WOODBURY,8/13/2026 7:45:27 PM,WB26033439,"1XXX  Donegal Dr, WOODBURY",ACCIDENT
WOODBURY PUBLIC SAFETY,WOODBURY,8/13/2026 8:51:45 PM,WB26033440,"9XXX  Hudson Pl, WOODBURY",DISTURBANCE
WOODBURY PUBLIC SAFETY,WOODBURY,8/13/2026 9:01:37 PM,WB26033442,"2XXX  Leyland Trl, WOODBURY",DISTURBANCE
WOODBURY PUBLIC SAFETY,WOODBURY,8/13/2026 9:11:10 PM,WB26033443,"6XXX  Chamberlain Cir, WOODBURY",WELFARE CHECK
WOODBURY PUBLIC SAFETY,WOODBURY,8/13/2026 10:30:00 PM,WB26033448,"2XXX  VENTURA DR, WOODBURY",TRESPASSING
WOODBURY PUBLIC SAFETY,WOODBURY,8/14/2026 12:00:00 AM,WB26033639,"LAKE RD TO I494 SB RAMP, WOODBURY",WARRANT ARREST
WOODBURY PUBLIC SAFETY,WOODBURY,8/14/2026 5:43:04 AM,WB26033464,"10XXX  Grand Isle Pl, WOODBURY",HARASSMENT
WOODBURY PUBLIC SAFETY,WOODBURY,8/14/2026 7:27:56 AM,WB26033465,"XXX Karen Trl, WOODBURY",WELFARE CHECK
WOODBURY PUBLIC SAFETY,WOODBURY,8/14/2026 8:52:00 AM,WB26033474,"1XXX  Hillcrest Dr, WOODBURY",RUNAWAY
WOODBURY PUBLIC SAFETY,WOODBURY,8/14/2026 8:57:00 AM,WB26033475,"10XXX  RETREAT LN, WOODBURY",DWI
WOODBURY PUBLIC SAFETY,WOODBURY,8/14/2026 10:25:52 AM,WB26033482,"8XXX  Tamarack Vlg, WOODBURY",PROPERTY DAMAGE
WOODBURY PUBLIC SAFETY,WOODBURY,8/14/2026 10:27:29 AM,WB26033483,"7XXX  Hargis Pkwy, WOODBURY",ASSAULT
WOODBURY PUBLIC SAFETY,WOODBURY,8/14/2026 11:04:54 AM,WB26033493,"7XXX  Tamarack Rd, WOODBURY",ACCIDENT
WOODBURY PUBLIC SAFETY,WOODBURY,8/14/2026 1:32:26 PM,WB26033519,"2XXX  Vining Dr, WOODBURY",OFFICER INFORMATION
WOODBURY PUBLIC SAFETY,WOODBURY,8/14/2026 1:32:54 PM,WB26033517,"10XXX  Waterfront, WOODBURY",CIVIL MATTER/DISPUTE
WOODBURY PUBLIC SAFETY,WOODBURY,8/14/2026 2:55:10 PM,WB26033537,"COMMERCE DR / WOODBURY DR, WOODBURY",ACCIDENT
WOODBURY PUBLIC SAFETY,WOODBURY,8/14/2026 4:11:14 PM,WB26033552,"8XXX  Valley Creek Rd, WOODBURY",FRAUD/SCAM
WOODBURY PUBLIC SAFETY,WOODBURY,8/14/2026 4:31:05 PM,WB26033565,"10XXX  Hudson Rd, WOODBURY",CIVIL MATTER/DISPUTE
WOODBURY PUBLIC SAFETY,WOODBURY,8/14/2026 7:22:44 PM,WB26033605,"8XXX  Tamarack Vlg, WOODBURY",SHOPLIFTING
WOODBURY PUBLIC SAFETY,WOODBURY,8/14/2026 10:01:28 PM,WB26033626,"3XXX  Parkers Dr, WOODBURY",DISTURBANCE
WOODBURY PUBLIC SAFETY,WOODBURY,8/14/2026 10:14:34 PM,WB26033631,"6XXX  Hudson Rd, WOODBURY",DWI
WOODBURY PUBLIC SAFETY,WOODBURY,8/14/2026 11:06:31 PM,WB26033640,"8XXX  Granite Cir, WOODBURY",WELFARE CHECK
WOODBURY PUBLIC SAFETY,WOODBURY,8/15/2026 12:00:00 AM,WB26033675,"XXX WEIR DR, WOODBURY",WARRANT ARREST
WOODBURY PUBLIC SAFETY,WOODBURY,8/15/2026 3:24:41 AM,WB26033650,"4XXX  Radio Dr, WOODBURY",JUVENILE COMPLAINT
WOODBURY PUBLIC SAFETY,WOODBURY,8/15/2026 9:23:48 AM,WB26033665,"8XXX  Timberwood Rd, WOODBURY",CIVIL MATTER/DISPUTE
WOODBURY PUBLIC SAFETY,WOODBURY,8/15/2026 10:35:39 AM,WB26033670,"1XXX  Woodlane Dr, WOODBURY",ACCIDENT
WOODBURY PUBLIC SAFETY,WOODBURY,8/15/2026 11:35:29 AM,WB26033676,"10XXX  Hudson Rd, WOODBURY",HARASSMENT
WOODBURY PUBLIC SAFETY,WOODBURY,8/15/2026 11:48:30 AM,WB26033681,"8XXX  Marsh Creek Alcove, WOODBURY",SUSPICIOUS PERSON/ACTIVITY
WOODBURY PUBLIC SAFETY,WOODBURY,8/15/2026 12:07:30 PM,WB26033683,"10XXX  CITY WALK DR, WOODBURY",CHILD CUSTODY
WOODBURY PUBLIC SAFETY,WOODBURY,8/15/2026 2:07:42 PM,WB26033705,"8XXX  TIMBERWOOD RD, WOODBURY",CIVIL MATTER/DISPUTE
WOODBURY PUBLIC SAFETY,WOODBURY,8/15/2026 2:20:59 PM,WB26033704,"HUDSON RD / TROON CT, WOODBURY",ACCIDENT
WOODBURY PUBLIC SAFETY,WOODBURY,8/15/2026 2:58:32 PM,WB26033709,"XXX Weir Dr, WOODBURY",UNWANTED PERSON/VEHICLE
WOODBURY PUBLIC SAFETY,WOODBURY,8/15/2026 3:22:33 PM,WB26033711,"1XXX  Queens Dr, WOODBURY",SHOPLIFTING
WOODBURY PUBLIC SAFETY,WOODBURY,8/15/2026 4:35:41 PM,WB26033722,"9XXX  Hudson Pl, WOODBURY",SHOPLIFTING
WOODBURY PUBLIC SAFETY,WOODBURY,8/15/2026 6:14:51 PM,WB26033729,"7XXX  GUIDER DR, WOODBURY",THEFT
WOODBURY PUBLIC SAFETY,WOODBURY,8/15/2026 6:59:00 PM,WB26033736,"3XXX  Dakota Ave, WOODBURY",THEFT
WOODBURY PUBLIC SAFETY,WOODBURY,8/15/2026 7:08:46 PM,WB26033738,"8XXX  City Centre Dr, WOODBURY",FIGHT
WOODBURY PUBLIC SAFETY,WOODBURY,8/15/2026 7:11:54 PM,WB26033739,"1XXX  CENTURY AVE S, WOODBURY",FOUND PROPERTY/ITEM
WOODBURY PUBLIC SAFETY,WOODBURY,8/15/2026 7:57:42 PM,WB26033747,"7XXX  AFTON RD, WOODBURY",TRESPASSING
WOODBURY PUBLIC SAFETY,WOODBURY,8/15/2026 8:09:22 PM,WB26033748,"Tahoe Rd / Tahoe Ct, WOODBURY",FOUND PERSON
WOODBURY PUBLIC SAFETY,WOODBURY,8/15/2026 9:17:24 PM,WB26033754,"11XXX  MIDDLETON TRL, WOODBURY",CIVIL MATTER/DISPUTE
WOODBURY PUBLIC SAFETY,WOODBURY,8/15/2026 10:26:46 PM,WB26033765,"SETTLERS RIDGE PKWY / HUDSON RD, WOODBURY",TRAFFIC STOP

