AgencyName,Address_City_Description,CreatedOn1,CaseNum,Textbox28,EventDescription
BAYPORT POLICE DEPARTMENT,BAYPORT,4/19/2026 12:19:36 AM,BP26001139,"XX CENTRAL AVE, BAYPORT",FOUND PROPERTY/ITEM
BAYPORT POLICE DEPARTMENT,BAYPORT,4/19/2026 2:40:33 AM,BP26001142,"XXX - 998 Highway 95 N, BAYPORT",ASSIST OTHER AGENCY
BAYPORT POLICE DEPARTMENT,BAYPORT,4/19/2026 5:58:20 AM,BP26001143,"XXX Inspiration Pkwy N, BAYPORT",911 ABANDONED/HANGUP/OPEN LINE
BAYPORT POLICE DEPARTMENT,BAYPORT,4/19/2026 8:53:26 AM,BP26001146,"XXX block Hwy 95, BAYPORT",FOUND PROPERTY/ITEM
BAYPORT POLICE DEPARTMENT,BAYPORT,4/19/2026 8:20:53 PM,BP26001153,"XXX 7th St N, BAYPORT",FRAUD/SCAM
BAYPORT POLICE DEPARTMENT,BAYPORT,4/20/2026 2:44:38 AM,BP26001155,"XXX 7TH ST N, BAYPORT",OPEN DOOR/WINDOW
BAYPORT POLICE DEPARTMENT,BAYPORT,4/20/2026 2:13:55 PM,BP26001159,"XXX 4TH ST N, BAYPORT",CITIZEN/PUBLIC ASSIST
BAYPORT POLICE DEPARTMENT,BAYPORT,4/20/2026 4:05:23 PM,BP26001160,"XXX 4th Ave N, BAYPORT",MEDICAL
BAYPORT POLICE DEPARTMENT,BAYPORT,4/21/2026 1:43:07 AM,BP26001162,"XX CENTRAL AVE, BAYPORT",PARK CLOSED
BAYPORT POLICE DEPARTMENT,BAYPORT,4/21/2026 6:29:50 AM,BP26001166,"XXX 3rd St N, BAYPORT",ALARM-BUSINESS/RES/FIRE/MEDICAL/ETC
BAYPORT POLICE DEPARTMENT,BAYPORT,4/21/2026 7:14:11 AM,BP26001167,"XXX 4TH ST N, BAYPORT",CITIZEN/PUBLIC ASSIST
BAYPORT POLICE DEPARTMENT,BAYPORT,4/21/2026 2:24:17 PM,BP26001180,"XXX 4TH ST N, BAYPORT",CITIZEN/PUBLIC ASSIST
BAYPORT POLICE DEPARTMENT,BAYPORT,4/21/2026 2:51:44 PM,BP26001183,"XXX Highway 95 N, BAYPORT",LIFT ASSIST
BAYPORT POLICE DEPARTMENT,BAYPORT,4/21/2026 6:22:40 PM,BP26001186,"6th St N / 5th Ave N, BAYPORT",MEDICAL
BAYPORT POLICE DEPARTMENT,BAYPORT,4/21/2026 8:58:20 PM,BP26001187,"XX CENTRAL AVE, BAYPORT",PARK CLOSED
BAYPORT POLICE DEPARTMENT,BAYPORT,4/22/2026 8:37:55 AM,BP26001190,"XXX Pickett St N, BAYPORT",MEDICAL
BAYPORT POLICE DEPARTMENT,BAYPORT,4/22/2026 8:32:33 PM,BP26001196,"XX Central Ave, BAYPORT",MOTORIST ASSIST
BAYPORT POLICE DEPARTMENT,BAYPORT,4/22/2026 9:42:26 PM,BP26001198,"XX CENTRAL AVE, BAYPORT",PARK CLOSED
BAYPORT POLICE DEPARTMENT,BAYPORT,4/23/2026 2:14:33 PM,BP26001205,"XXX 4TH ST N, BAYPORT",CITIZEN/PUBLIC ASSIST
BAYPORT POLICE DEPARTMENT,BAYPORT,4/23/2026 2:38:55 PM,BP26001206,"XXX PICKETT ST N, BAYPORT",MEDICAL
BAYPORT POLICE DEPARTMENT,BAYPORT,4/24/2026 2:53:06 AM,BP26001215,"XXX Highway 95 N, BAYPORT",LIFT ASSIST
BAYPORT POLICE DEPARTMENT,BAYPORT,4/24/2026 6:29:00 AM,BP26001216,"Minnesota St S / Osprey Blvd, BAYPORT",TRAFFIC STOP
BAYPORT POLICE DEPARTMENT,OAK PARK HEIGHTS,4/19/2026 1:20:25 AM,BP26001141,"6XXX  SAINT CROIX TRL N, OAK PARK HEIGHTS",ASSIST OTHER AGENCY
BAYPORT POLICE DEPARTMENT,OAK PARK HEIGHTS,4/19/2026 6:43:05 AM,BP26001144,"6XXX  Oxboro Ave N, OAK PARK HEIGHTS",AOA/STALKING
BAYPORT POLICE DEPARTMENT,OAK PARK HEIGHTS,4/19/2026 7:17:35 AM,BP26001145,"6XXX  Oxboro Ave N, OAK PARK HEIGHTS",AOA/STALKING
BAYPORT POLICE DEPARTMENT,OAK PARK HEIGHTS,4/19/2026 12:51:26 PM,BP26001147,"HWY 36 WB JEO OSGOOD AVE N, OAK PARK HEIGHTS",AOA/ACCIDENT
BAYPORT POLICE DEPARTMENT,OAK PARK HEIGHTS,4/20/2026 6:41:57 AM,BP26001157,"King Plant Rd / Saint Croix Trl N, OAK PARK HEIGHTS",ASSIST OTHER AGENCY
BAYPORT POLICE DEPARTMENT,OAK PARK HEIGHTS,4/21/2026 7:24:12 AM,BP26001168,"14XXX  58th St N, OAK PARK HEIGHTS",ASSIST OTHER AGENCY
BAYPORT POLICE DEPARTMENT,OAK PARK HEIGHTS,4/21/2026 2:16:53 PM,BP26001179,"60TH ST N / KRUEGER LN N, OAK PARK HEIGHTS",ASSIST OTHER AGENCY
BAYPORT POLICE DEPARTMENT,OAK PARK HEIGHTS,4/23/2026 2:21:55 AM,BP26001203,"15XXX  58TH ST N, OAK PARK HEIGHTS",ASSIST OTHER AGENCY
BAYPORT POLICE DEPARTMENT,STILLWATER,4/22/2026 8:57:25 PM,BP26001197,"1XXX  Macey Way, STILLWATER",ASSIST OTHER AGENCY
BAYPORT POLICE DEPARTMENT,WEST LAKELAND TOWNSHIP,4/20/2026 3:55:29 AM,BP26001156,"I94 WB AT MNDOT REST AREA, WEST LAKELAND TOWNSHIP",ASSIST OTHER AGENCY
COTTAGE GROVE POLICE DEPARTMENT,COTTAGE GROVE,4/19/2026 12:11:54 PM,CG26017214,"9XXX  EAST POINT DOUGLAS RD S, COTTAGE GROVE",ACCIDENT
COTTAGE GROVE POLICE DEPARTMENT,COTTAGE GROVE,4/19/2026 12:12:54 PM,CG26017215,"7XXX  East Point Douglas Rd S, COTTAGE GROVE",THEFT
COTTAGE GROVE POLICE DEPARTMENT,COTTAGE GROVE,4/19/2026 12:31:20 PM,CG26017216,"8XXX  90th St S, COTTAGE GROVE",WELFARE CHECK
COTTAGE GROVE POLICE DEPARTMENT,COTTAGE GROVE,4/19/2026 1:26:25 PM,CG26017221,"9XXX  79th St S, COTTAGE GROVE",MEDICAL
COTTAGE GROVE POLICE DEPARTMENT,COTTAGE GROVE,4/19/2026 2:44:01 PM,CG26017223,"8XXX  East Point Douglas Rd S, COTTAGE GROVE",WELFARE CHECK
COTTAGE GROVE POLICE DEPARTMENT,COTTAGE GROVE,4/19/2026 4:48:19 PM,CG26017229,"7XXX  East Point Douglas Rd S, COTTAGE GROVE",INCIDENT
COTTAGE GROVE POLICE DEPARTMENT,COTTAGE GROVE,4/19/2026 9:20:36 PM,CG26017250,"7XXX  Hidden Valley Trl S, COTTAGE GROVE",MEDICAL
COTTAGE GROVE POLICE DEPARTMENT,COTTAGE GROVE,4/20/2026 5:01:21 AM,CG26017261,"8XXX  Joliet Ave S, COTTAGE GROVE",MEDICAL
COTTAGE GROVE POLICE DEPARTMENT,COTTAGE GROVE,4/20/2026 8:37:25 AM,CG26017275,"7XXX  Irish Ave S, COTTAGE GROVE",MEDICAL
COTTAGE GROVE POLICE DEPARTMENT,COTTAGE GROVE,4/20/2026 8:45:16 AM,CG26017276,"9XXX  East Point Douglas Rd S, COTTAGE GROVE",SHOPLIFTING
COTTAGE GROVE POLICE DEPARTMENT,COTTAGE GROVE,4/20/2026 1:07:45 PM,CG26017313,"7XXX  Hardwood Ave S, COTTAGE GROVE",THEFT
COTTAGE GROVE POLICE DEPARTMENT,COTTAGE GROVE,4/20/2026 3:11:58 PM,CG26017332,"8XXX  Hornell Ave S, COTTAGE GROVE",MEDICAL
COTTAGE GROVE POLICE DEPARTMENT,COTTAGE GROVE,4/20/2026 4:11:17 PM,CG26017338,"8XXX  Hadley Ave S, COTTAGE GROVE",VEHICLE UNLOCK
COTTAGE GROVE POLICE DEPARTMENT,COTTAGE GROVE,4/20/2026 5:53:59 PM,CG26017350,"6XXX  Timber Ridge Trl S, COTTAGE GROVE",MEDICAL
COTTAGE GROVE POLICE DEPARTMENT,COTTAGE GROVE,4/20/2026 6:06:01 PM,CG26017356,"9XXX  Glendenning Rd S, COTTAGE GROVE",LOST PROPERTY/ITEM
COTTAGE GROVE POLICE DEPARTMENT,COTTAGE GROVE,4/20/2026 6:19:51 PM,CG26017357,"8XXX  79th St S, COTTAGE GROVE",RUNAWAY
COTTAGE GROVE POLICE DEPARTMENT,COTTAGE GROVE,4/20/2026 11:57:00 PM,CG26017371,"8XXX  JENSEN AVE S, COTTAGE GROVE",WARRANT ARREST
COTTAGE GROVE POLICE DEPARTMENT,COTTAGE GROVE,4/21/2026 12:20:34 AM,CG26017376,"8XXX  91st St S, COTTAGE GROVE",THREATS
COTTAGE GROVE POLICE DEPARTMENT,COTTAGE GROVE,4/21/2026 1:53:46 AM,CG26017382,"8XXX  80th St S, COTTAGE GROVE",MEDICAL
COTTAGE GROVE POLICE DEPARTMENT,COTTAGE GROVE,4/21/2026 8:48:01 AM,CG26017397,"10XXX  Henslowe Ave S, COTTAGE GROVE",VEHICLE UNLOCK
COTTAGE GROVE POLICE DEPARTMENT,COTTAGE GROVE,4/21/2026 9:19:56 AM,CG26017398,"7XXX  80th St S, COTTAGE GROVE",MEDICAL
COTTAGE GROVE POLICE DEPARTMENT,COTTAGE GROVE,4/21/2026 1:46:20 PM,CG26017446,"6XXX  90th St S, COTTAGE GROVE",VEHICLE UNLOCK
COTTAGE GROVE POLICE DEPARTMENT,COTTAGE GROVE,4/21/2026 2:02:06 PM,CG26017447,"13XXX  Ravine Pkwy S, COTTAGE GROVE",MEDICAL
COTTAGE GROVE POLICE DEPARTMENT,COTTAGE GROVE,4/21/2026 2:30:39 PM,CG26017449,"12XXX  Ravine Pkwy S, COTTAGE GROVE",WELFARE CHECK
COTTAGE GROVE POLICE DEPARTMENT,COTTAGE GROVE,4/21/2026 2:37:19 PM,CG26017450,"6XXX  PINE ARBOR DR S, COTTAGE GROVE",TRAFFIC STOP
COTTAGE GROVE POLICE DEPARTMENT,COTTAGE GROVE,4/21/2026 3:28:03 PM,CG26017457,"7XXX  Hardwood Ave S, COTTAGE GROVE",SHOPLIFTING
COTTAGE GROVE POLICE DEPARTMENT,COTTAGE GROVE,4/21/2026 6:34:00 PM,CG26017480,"8XXX  80TH ST S, COTTAGE GROVE",DISTURBANCE
COTTAGE GROVE POLICE DEPARTMENT,COTTAGE GROVE,4/21/2026 8:55:10 PM,CG26017501,"6XXX  80TH ST S, COTTAGE GROVE",MEDICAL
COTTAGE GROVE POLICE DEPARTMENT,COTTAGE GROVE,4/21/2026 9:17:19 PM,CG26017502,"80th St S / Jamaica Ave S, COTTAGE GROVE",ACCIDENT
COTTAGE GROVE POLICE DEPARTMENT,COTTAGE GROVE,4/21/2026 10:41:27 PM,CG26017518,"8XXX  63rd St S, COTTAGE GROVE",MEDICAL
COTTAGE GROVE POLICE DEPARTMENT,COTTAGE GROVE,4/22/2026 6:35:46 AM,CG26017537,"6XXX  104TH ST S, COTTAGE GROVE",WELFARE CHECK
COTTAGE GROVE POLICE DEPARTMENT,COTTAGE GROVE,4/22/2026 8:58:39 AM,CG26017555,"6XXX  Pine Arbor Ln S, COTTAGE GROVE",MEDICAL
COTTAGE GROVE POLICE DEPARTMENT,COTTAGE GROVE,4/22/2026 10:34:32 AM,CG26017563,"8XXX  Ingersoll Ave S, COTTAGE GROVE",FRAUD/SCAM
COTTAGE GROVE POLICE DEPARTMENT,COTTAGE GROVE,4/22/2026 10:51:28 AM,CG26017573,"9XXX  East Point Douglas Rd S, COTTAGE GROVE",SHOPLIFTING
COTTAGE GROVE POLICE DEPARTMENT,COTTAGE GROVE,4/22/2026 11:34:44 AM,CG26017589,"7XXX  EAST POINT DOUGLAS RD S, COTTAGE GROVE",THEFT
COTTAGE GROVE POLICE DEPARTMENT,COTTAGE GROVE,4/22/2026 12:19:59 PM,CG26017598,"9XXX  Indian Blvd S, COTTAGE GROVE",MEDICAL
COTTAGE GROVE POLICE DEPARTMENT,COTTAGE GROVE,4/22/2026 2:43:13 PM,CG26017615,"7XXX  East Point Douglas Rd S, COTTAGE GROVE",THEFT
COTTAGE GROVE POLICE DEPARTMENT,COTTAGE GROVE,4/22/2026 3:04:14 PM,CG26017619,"6XXX  98th St S, COTTAGE GROVE",MEDICAL
COTTAGE GROVE POLICE DEPARTMENT,COTTAGE GROVE,4/22/2026 3:24:28 PM,CG26017621,"7XXX  97TH ST S, COTTAGE GROVE",DANCO VIOLATION
COTTAGE GROVE POLICE DEPARTMENT,COTTAGE GROVE,4/22/2026 4:42:44 PM,CG26017636,"80TH ST S / EAST POINT DOUGLAS RD S, COTTAGE GROVE",OFFICER INFORMATION
COTTAGE GROVE POLICE DEPARTMENT,COTTAGE GROVE,4/22/2026 4:50:55 PM,CG26017640,"6XXX  Pine Arbor Dr S, COTTAGE GROVE",UNWANTED PERSON/VEHICLE
COTTAGE GROVE POLICE DEPARTMENT,COTTAGE GROVE,4/22/2026 6:19:02 PM,CG26017661,"80TH ST S / IDEAL AVE S, COTTAGE GROVE",E-BIKE STOP
COTTAGE GROVE POLICE DEPARTMENT,COTTAGE GROVE,4/22/2026 7:14:35 PM,CG26017674,"Unknown, COTTAGE GROVE",DISTURBANCE
COTTAGE GROVE POLICE DEPARTMENT,COTTAGE GROVE,4/22/2026 7:15:00 PM,CG26017673,"EAST POINT DOUGLAS RD S / INNOVATION RD S, COTTAGE GROVE",TRAFFIC STOP
COTTAGE GROVE POLICE DEPARTMENT,COTTAGE GROVE,4/22/2026 7:45:57 PM,CG26017676,"85th St S / Inwood Ave S, COTTAGE GROVE",DWI
COTTAGE GROVE POLICE DEPARTMENT,COTTAGE GROVE,4/22/2026 7:50:07 PM,CG26017677,"8XXX  100th St S, COTTAGE GROVE",MEDICAL
COTTAGE GROVE POLICE DEPARTMENT,COTTAGE GROVE,4/22/2026 9:04:17 PM,CG26017684,"8XXX  Hillside Trl S, COTTAGE GROVE",MEDICAL
COTTAGE GROVE POLICE DEPARTMENT,COTTAGE GROVE,4/22/2026 9:14:32 PM,CG26017685,"6XXX  94th St S, COTTAGE GROVE",MEDICAL
COTTAGE GROVE POLICE DEPARTMENT,COTTAGE GROVE,4/22/2026 10:06:42 PM,CG26017687,"7XXX  EAST POINT DOUGLAS RD S, COTTAGE GROVE",SUSPICIOUS PERSON/ACTIVITY
COTTAGE GROVE POLICE DEPARTMENT,COTTAGE GROVE,4/23/2026 9:49:32 AM,CG26017747,"10XXX  85TH ST S, COTTAGE GROVE",SUSPICIOUS PERSON/ACTIVITY
COTTAGE GROVE POLICE DEPARTMENT,COTTAGE GROVE,4/23/2026 11:24:12 AM,CG26017758,"7XXX  79TH ST S, COTTAGE GROVE",TRAFFIC STOP
COTTAGE GROVE POLICE DEPARTMENT,COTTAGE GROVE,4/23/2026 2:56:49 PM,CG26017780,"9XXX  Indian Blvd S, COTTAGE GROVE",SCHOOL/STUDENT ISSUE
COTTAGE GROVE POLICE DEPARTMENT,COTTAGE GROVE,4/23/2026 3:35:52 PM,CG26017782,"12XXX  Ravine Pkwy S, COTTAGE GROVE",FRAUD/SCAM
COTTAGE GROVE POLICE DEPARTMENT,COTTAGE GROVE,4/23/2026 3:42:48 PM,CG26017783,"83rd St S / Jensen Ave S, COTTAGE GROVE",MISSING PERSON
COTTAGE GROVE POLICE DEPARTMENT,COTTAGE GROVE,4/23/2026 3:44:58 PM,CG26017784,"13XXX  Ravine Pkwy S, COTTAGE GROVE",ASSIST OTHER AGENCY
COTTAGE GROVE POLICE DEPARTMENT,COTTAGE GROVE,4/23/2026 4:25:49 PM,CG26017789,"12XXX  Ravine Pkwy S, COTTAGE GROVE",FRAUD/SCAM
COTTAGE GROVE POLICE DEPARTMENT,COTTAGE GROVE,4/23/2026 5:42:47 PM,CG26017804,"7XXX  EAST POINT DOUGLAS RD S, COTTAGE GROVE",TRAFFIC STOP
COTTAGE GROVE POLICE DEPARTMENT,COTTAGE GROVE,4/23/2026 5:57:00 PM,CG26017809,"Hwy 61 Nb Jno Innovation Rd S, COTTAGE GROVE",TRAFFIC STOP
COTTAGE GROVE POLICE DEPARTMENT,COTTAGE GROVE,4/23/2026 8:05:55 PM,CG26017818,"70TH ST S / GOODVIEW AVE S, COTTAGE GROVE",WANTED PERSON-KOPS ALERT/ATL
COTTAGE GROVE POLICE DEPARTMENT,COTTAGE GROVE,4/24/2026 12:30:20 AM,CG26017849,"12XXX  Ravine Pkwy S, COTTAGE GROVE",HARASSMENT
COTTAGE GROVE POLICE DEPARTMENT,COTTAGE GROVE,4/24/2026 10:36:48 AM,CG26017874,"7XXX  East Point Douglas Rd S, COTTAGE GROVE",FRAUD/SCAM
COTTAGE GROVE POLICE DEPARTMENT,COTTAGE GROVE,4/24/2026 12:09:52 PM,CG26017881,"12XXX  RAVINE PKWY S, COTTAGE GROVE",STOP ARM VIOLATION
COTTAGE GROVE POLICE DEPARTMENT,COTTAGE GROVE,4/24/2026 3:14:00 PM,CG26017895,"8XXX  Hornell Ave S, COTTAGE GROVE",FRAUD/SCAM
COTTAGE GROVE POLICE DEPARTMENT,COTTAGE GROVE,4/24/2026 4:55:13 PM,CG26017904,"83RD ST S / HYDE AVE S, COTTAGE GROVE",TRAFFIC STOP
COTTAGE GROVE POLICE DEPARTMENT,COTTAGE GROVE,4/24/2026 8:22:08 PM,CG26017931,"80th St S Over Hwy 61, COTTAGE GROVE",DWI
COTTAGE GROVE POLICE DEPARTMENT,COTTAGE GROVE,4/24/2026 9:18:32 PM,CG26017935,"Unknown, COTTAGE GROVE",WELFARE CHECK
COTTAGE GROVE POLICE DEPARTMENT,COTTAGE GROVE,4/24/2026 10:02:40 PM,CG26017938,"80TH ST S OVER HWY 61, COTTAGE GROVE",DWI
COTTAGE GROVE POLICE DEPARTMENT,COTTAGE GROVE,4/24/2026 10:45:16 PM,CG26017941,"7XXX  East Point Douglas Rd S, COTTAGE GROVE",DISORDERLY CONDUCT
COTTAGE GROVE POLICE DEPARTMENT,COTTAGE GROVE,4/25/2026 4:06:14 PM,CG26018017,"80TH ST S / IDEAL AV S, COTTAGE GROVE",JUVENILE COMPLAINT
FOREST LAKE POLICE DEPARTMENT,FOREST LAKE,4/19/2026 2:18:32 AM,FL26004902,"XXX 8TH ST SW, FOREST LAKE",DWI
FOREST LAKE POLICE DEPARTMENT,FOREST LAKE,4/19/2026 11:36:20 AM,FL26004908,"1XXX  BROADWAY AVE W, FOREST LAKE",DISTURBANCE
FOREST LAKE POLICE DEPARTMENT,FOREST LAKE,4/19/2026 12:59:42 PM,FL26004913,"XXX 4TH ST SW, FOREST LAKE",THEFT FROM MOTOR VEHICLE
FOREST LAKE POLICE DEPARTMENT,FOREST LAKE,4/19/2026 2:14:00 PM,FL26004917,"FOREST RD N & SCANDIA TRL N, FOREST LAKE",TRAFFIC STOP
FOREST LAKE POLICE DEPARTMENT,FOREST LAKE,4/19/2026 2:46:29 PM,FL26004920,"XXX 7TH ST SE, FOREST LAKE",MISSING PERSON
FOREST LAKE POLICE DEPARTMENT,FOREST LAKE,4/19/2026 10:54:44 PM,FL26004934,"1XXX  LAKE ST S, FOREST LAKE",THEFT
FOREST LAKE POLICE DEPARTMENT,FOREST LAKE,4/20/2026 9:42:48 AM,FL26004940,"21XXX  GOODVIEW AVE N, FOREST LAKE",THEFT
FOREST LAKE POLICE DEPARTMENT,FOREST LAKE,4/20/2026 11:08:54 AM,FL26004952,"XXX 8TH AVE NE, FOREST LAKE",MEDICAL
FOREST LAKE POLICE DEPARTMENT,FOREST LAKE,4/20/2026 4:33:58 PM,FL26004967,"XXX 1ST AVE SW, FOREST LAKE",WELFARE CHECK
FOREST LAKE POLICE DEPARTMENT,FOREST LAKE,4/20/2026 4:59:55 PM,FL26004968,"1XXX  9TH ST SE, FOREST LAKE",FOUND PERSON
FOREST LAKE POLICE DEPARTMENT,FOREST LAKE,4/20/2026 5:08:29 PM,FL26004969,"1XXX  7TH AVE SW, FOREST LAKE",MOTOR VEHICLE THEFT
FOREST LAKE POLICE DEPARTMENT,FOREST LAKE,4/21/2026 2:32:27 AM,FL26005000,"XX Unknown, FOREST LAKE",RECOVERED STOLEN
FOREST LAKE POLICE DEPARTMENT,FOREST LAKE,4/21/2026 7:34:54 AM,FL26005004,"XXX LEE ST, FOREST LAKE",FOUND PROPERTY/ITEM
FOREST LAKE POLICE DEPARTMENT,FOREST LAKE,4/21/2026 1:55:00 PM,FL26005020,"BROADWAY AVE W & 4TH ST SW, FOREST LAKE",TRAFFIC STOP
FOREST LAKE POLICE DEPARTMENT,FOREST LAKE,4/21/2026 6:31:41 PM,FL26005031,"1XXX  Broadway Ave W, FOREST LAKE",DISTURBANCE
FOREST LAKE POLICE DEPARTMENT,FOREST LAKE,4/21/2026 8:01:12 PM,FL26005034,"6XXX  208TH STREET CIR N, FOREST LAKE",HARASSMENT
FOREST LAKE POLICE DEPARTMENT,FOREST LAKE,4/21/2026 9:28:05 PM,FL26005037,"HWY 8 EB OVER LAKE ST N, FOREST LAKE",ACCIDENT
FOREST LAKE POLICE DEPARTMENT,FOREST LAKE,4/22/2026 9:03:35 AM,FL26005057,"19XXX  FOREST RD N, FOREST LAKE",HARASSMENT
FOREST LAKE POLICE DEPARTMENT,FOREST LAKE,4/22/2026 2:51:08 PM,FL26005071,"XX 19TH ST SW, FOREST LAKE",LOCKOUT
FOREST LAKE POLICE DEPARTMENT,FOREST LAKE,4/22/2026 3:03:20 PM,FL26005072,"2XXX  BROADWAY AVE W, FOREST LAKE",SUICIDE ATTEMPT/THREATS OF
FOREST LAKE POLICE DEPARTMENT,FOREST LAKE,4/22/2026 3:44:41 PM,FL26005073,"XXX 1ST AVE SW, FOREST LAKE",FAMILY ASSIST
FOREST LAKE POLICE DEPARTMENT,FOREST LAKE,4/22/2026 4:34:25 PM,FL26005076,"FOREST RD N & 11TH AVE SW, FOREST LAKE",TRAFFIC STOP
FOREST LAKE POLICE DEPARTMENT,FOREST LAKE,4/22/2026 7:58:30 PM,FL26005086,"EVERTON AVE N & BROADWAY AVE W, FOREST LAKE",TRAFFIC STOP
FOREST LAKE POLICE DEPARTMENT,FOREST LAKE,4/22/2026 8:26:00 PM,FL26005090,"BROADWAY AVE W & I35, FOREST LAKE",TRAFFIC STOP
FOREST LAKE POLICE DEPARTMENT,FOREST LAKE,4/22/2026 8:30:06 PM,FL26005091,"XXX 8TH ST SW, FOREST LAKE",ASSAULT
FOREST LAKE POLICE DEPARTMENT,FOREST LAKE,4/22/2026 9:46:21 PM,FL26005095,"19XXX  FOREST RD N, FOREST LAKE",ASSAULT
FOREST LAKE POLICE DEPARTMENT,FOREST LAKE,4/22/2026 9:46:21 PM,FL26005106,"19XXX  FOREST RD N, FOREST LAKE",NIBRS REPORTING ONLY
FOREST LAKE POLICE DEPARTMENT,FOREST LAKE,4/22/2026 9:46:21 PM,FL26005107,"19XXX  FOREST RD N, FOREST LAKE",NIBRS REPORTING ONLY
FOREST LAKE POLICE DEPARTMENT,FOREST LAKE,4/23/2026 5:08:02 AM,FL26005100,"1XXX  7TH AVE SW, FOREST LAKE",OVERDOSE
FOREST LAKE POLICE DEPARTMENT,FOREST LAKE,4/23/2026 8:13:26 AM,FL26005103,"22XXX  JEFFREY AVE N, FOREST LAKE",ASSIST OTHER AGENCY
FOREST LAKE POLICE DEPARTMENT,FOREST LAKE,4/23/2026 10:44:21 AM,FL26005115,"Centennial Dr Nw / Broadway Ave W, FOREST LAKE",ACCIDENT
FOREST LAKE POLICE DEPARTMENT,FOREST LAKE,4/23/2026 12:43:10 PM,FL26005120,"XX 4th St Sw, FOREST LAKE",MEDICAL
FOREST LAKE POLICE DEPARTMENT,FOREST LAKE,4/23/2026 2:33:36 PM,FL26005122,"HEADWATERS PKWY & FITZGERALD TRL N, FOREST LAKE",ACCIDENT
FOREST LAKE POLICE DEPARTMENT,FOREST LAKE,4/23/2026 2:56:40 PM,FL26005124,"XXX LAKE ST S, FOREST LAKE",VEHICLE UNLOCK
FOREST LAKE POLICE DEPARTMENT,FOREST LAKE,4/23/2026 3:14:31 PM,FL26005125,"11TH AVE SW & CENTENNIAL DR SW, FOREST LAKE",HARASSMENT
FOREST LAKE POLICE DEPARTMENT,FOREST LAKE,4/23/2026 3:44:00 PM,FL26005127,"19XXX  Forest Rd N, FOREST LAKE",WARRANT ARREST
FOREST LAKE POLICE DEPARTMENT,FOREST LAKE,4/23/2026 6:12:55 PM,FL26005131,"20XXX  FITZGERALD TRL N, FOREST LAKE",THEFT FROM MOTOR VEHICLE
FOREST LAKE POLICE DEPARTMENT,FOREST LAKE,4/23/2026 9:18:20 PM,FL26005140,"20XXX  JUNO AVE N, FOREST LAKE",DISTURBANCE
FOREST LAKE POLICE DEPARTMENT,FOREST LAKE,4/24/2026 12:00:00 AM,FL26005178,"I35 & BROADWAY AVE W, FOREST LAKE",WARRANT ARREST
FOREST LAKE POLICE DEPARTMENT,FOREST LAKE,4/24/2026 8:11:02 AM,FL26005152,"XXX block 11th ave sw, FOREST LAKE",TRAFFIC STOP
FOREST LAKE POLICE DEPARTMENT,FOREST LAKE,4/24/2026 11:08:09 AM,FL26005164,"XXX 2ND ST SE, FOREST LAKE",THEFT
FOREST LAKE POLICE DEPARTMENT,FOREST LAKE,4/24/2026 1:24:00 PM,FL26005170,"5XXX  SCANDIA TRL N, FOREST LAKE",FIRE
FOREST LAKE POLICE DEPARTMENT,FOREST LAKE,4/24/2026 4:43:49 PM,FL26005176,"20XXX  GRANADA CIR N, FOREST LAKE",ANIMAL COMPLAINT
FOREST LAKE POLICE DEPARTMENT,FOREST LAKE,4/24/2026 7:15:38 PM,FL26005181,"XXX 13TH AVE SE, FOREST LAKE",THREATS
FOREST LAKE POLICE DEPARTMENT,FOREST LAKE,4/25/2026 11:01:35 PM,FL26005228,"XXX LAKE ST S, FOREST LAKE",ASSAULT
OAKDALE POLICE DEPARTMENT,COTTAGE GROVE,4/20/2026 11:25:12 AM,OD26004518,"12XXX  Ravine Pkwy S, COTTAGE GROVE",ASSIST OTHER AGENCY
OAKDALE POLICE DEPARTMENT,OAKDALE,4/19/2026 12:37:48 AM,OD26004472,"XXX Greenway Ave N, OAKDALE",MEDICAL
OAKDALE POLICE DEPARTMENT,OAKDALE,4/19/2026 12:42:48 AM,OD26004473,"7XXX  2nd St N, OAKDALE",ASSAULT
OAKDALE POLICE DEPARTMENT,OAKDALE,4/19/2026 1:18:31 AM,OD26004474,"7XXX  15th Street Ln N, OAKDALE",MEDICAL
OAKDALE POLICE DEPARTMENT,OAKDALE,4/19/2026 3:03:40 AM,OD26004476,"8XXX  9th St N, OAKDALE",CIVIL MATTER/DISPUTE
OAKDALE POLICE DEPARTMENT,OAKDALE,4/19/2026 11:26:49 AM,OD26004482,"7XXX  33rd St N, OAKDALE",ACCIDENT
OAKDALE POLICE DEPARTMENT,OAKDALE,4/19/2026 11:50:52 AM,OD26004483,"1XXX  HADLEY AVE N, OAKDALE",LOST PROPERTY/ITEM
OAKDALE POLICE DEPARTMENT,OAKDALE,4/19/2026 12:16:35 PM,OD26004485,"GENEVA AVE N, OAKDALE",TRAFFIC STOP
OAKDALE POLICE DEPARTMENT,OAKDALE,4/19/2026 1:37:28 PM,OD26004486,"4XXX  Hamlet Ave N, OAKDALE",ALARM-BUSINESS/RES/FIRE/MEDICAL/ETC
OAKDALE POLICE DEPARTMENT,OAKDALE,4/19/2026 1:44:47 PM,OD26004487,"6XXX  10TH STREET CT N, OAKDALE",911 ABANDONED/HANGUP/OPEN LINE
OAKDALE POLICE DEPARTMENT,OAKDALE,4/19/2026 2:48:24 PM,OD26004489,"3XXX  High Point Dr N, OAKDALE",SUSPICIOUS PERSON/ACTIVITY
OAKDALE POLICE DEPARTMENT,OAKDALE,4/19/2026 2:56:31 PM,OD26004490,"7XXX  13TH ST N, OAKDALE",ACCIDENT
OAKDALE POLICE DEPARTMENT,OAKDALE,4/19/2026 4:24:30 PM,OD26004494,"Granada Ave N / 13th St N, OAKDALE",SUSPICIOUS PERSON/ACTIVITY
OAKDALE POLICE DEPARTMENT,OAKDALE,4/19/2026 4:33:33 PM,OD26004495,"75XXX -BLK STILLWATER BLVD N, OAKDALE",FOUND PROPERTY/ITEM
OAKDALE POLICE DEPARTMENT,OAKDALE,4/19/2026 5:42:31 PM,OD26004496,"7XXX  10th St N, OAKDALE",FIGHT
OAKDALE POLICE DEPARTMENT,OAKDALE,4/19/2026 6:17:00 PM,OD26004497,"10TH ST N & HADLEY AVE N, OAKDALE",TRAFFIC STOP
OAKDALE POLICE DEPARTMENT,OAKDALE,4/19/2026 6:36:43 PM,OD26004498,"1XXX  Helena Rd N, OAKDALE",MEDICAL
OAKDALE POLICE DEPARTMENT,OAKDALE,4/19/2026 7:45:55 PM,OD26004502,"7XXX  10TH ST N, OAKDALE",TRESPASSING
OAKDALE POLICE DEPARTMENT,OAKDALE,4/19/2026 8:02:24 PM,OD26004503,"1XXX  HADLEY AVE N, OAKDALE",UNWANTED PERSON/VEHICLE
OAKDALE POLICE DEPARTMENT,OAKDALE,4/19/2026 9:24:27 PM,OD26004505,"1XXX  HADLEY AVE N, OAKDALE",FIGHT
OAKDALE POLICE DEPARTMENT,OAKDALE,4/19/2026 9:47:54 PM,OD26004506,"4XXX  Geneva Ave N, OAKDALE",LOST PERSON
OAKDALE POLICE DEPARTMENT,OAKDALE,4/19/2026 10:46:06 PM,OD26004508,"6XXX  15TH ST N, OAKDALE",WELFARE CHECK
OAKDALE POLICE DEPARTMENT,OAKDALE,4/19/2026 11:45:12 PM,OD26004509,"4XXX  Gershwin Ave N, OAKDALE",NOISE COMPLAINT/DISTURBANCE
OAKDALE POLICE DEPARTMENT,OAKDALE,4/20/2026 12:00:00 AM,OD26004515,"4XXX  HELENA RD N, OAKDALE",NOISE COMPLAINT/DISTURBANCE
OAKDALE POLICE DEPARTMENT,OAKDALE,4/20/2026 8:46:25 AM,OD26004512,"3XXX  GRANADA LN N, OAKDALE",ANIMAL BITE
OAKDALE POLICE DEPARTMENT,OAKDALE,4/20/2026 8:49:02 AM,OD26004513,"1XXX  GERSHWIN AVE N, OAKDALE",SUSPICIOUS PERSON/ACTIVITY
OAKDALE POLICE DEPARTMENT,OAKDALE,4/20/2026 11:29:47 AM,OD26004516,"1XXX  HADLEY AVE N, OAKDALE",CITIZEN/PUBLIC ASSIST
OAKDALE POLICE DEPARTMENT,OAKDALE,4/20/2026 11:36:42 AM,OD26004517,"6XXX  7th St N, OAKDALE",IDENTITY THEFT
OAKDALE POLICE DEPARTMENT,OAKDALE,4/20/2026 11:44:56 AM,OD26004519,"6XXX  15th St N, OAKDALE",TRESPASSING
OAKDALE POLICE DEPARTMENT,OAKDALE,4/20/2026 11:49:56 AM,OD26004520,"3XXX  Hadley Ave N, OAKDALE",DISTURBANCE
OAKDALE POLICE DEPARTMENT,OAKDALE,4/20/2026 1:34:27 PM,OD26004522,"8XXX  3rd St N, OAKDALE",SUSPICIOUS PERSON/ACTIVITY
OAKDALE POLICE DEPARTMENT,OAKDALE,4/20/2026 1:57:30 PM,OD26004523,"3XXX  GARDEN BLVD N, OAKDALE",BURNING COMPLAINT
OAKDALE POLICE DEPARTMENT,OAKDALE,4/20/2026 2:18:01 PM,OD26004524,"XXX GREENWAY AVE N, OAKDALE",ORDINANCE VIOLATION
OAKDALE POLICE DEPARTMENT,OAKDALE,4/20/2026 2:39:34 PM,OD26004525,"6XXX  Upper 56th St N, OAKDALE",LIFT ASSIST
OAKDALE POLICE DEPARTMENT,OAKDALE,4/20/2026 3:15:47 PM,OD26004527,"1XXX  Hadley Ave N, OAKDALE",FOLLOW UP
OAKDALE POLICE DEPARTMENT,OAKDALE,4/20/2026 3:21:39 PM,OD26004528,"1XXX  GENEVA AVE N, OAKDALE",ASSIST OTHER AGENCY
OAKDALE POLICE DEPARTMENT,OAKDALE,4/20/2026 3:32:36 PM,OD26004529,"6XXX  45TH ST N, OAKDALE",CIVIL MATTER/DISPUTE
OAKDALE POLICE DEPARTMENT,OAKDALE,4/20/2026 4:06:39 PM,OD26004531,"6XXX  KINGS DR N, OAKDALE",FRAUD/SCAM
OAKDALE POLICE DEPARTMENT,OAKDALE,4/20/2026 4:25:15 PM,OD26004532,"1XXX  HADLEY AVE N, OAKDALE",CITIZEN/PUBLIC ASSIST
OAKDALE POLICE DEPARTMENT,OAKDALE,4/20/2026 5:41:25 PM,OD26004533,"7XXX  36TH ST N, OAKDALE",MEDICAL
OAKDALE POLICE DEPARTMENT,OAKDALE,4/20/2026 5:41:44 PM,OD26004535,"2XXX  HYDRAM AVE N, OAKDALE",ACCIDENT
OAKDALE POLICE DEPARTMENT,OAKDALE,4/20/2026 5:42:44 PM,OD26004534,"XX GREYSTONE AVE N, OAKDALE",MEDICAL
OAKDALE POLICE DEPARTMENT,OAKDALE,4/20/2026 6:01:05 PM,OD26004536,"1XXX  GRANADA AVE N, OAKDALE",ALARM-BUSINESS/RES/FIRE/MEDICAL/ETC
OAKDALE POLICE DEPARTMENT,OAKDALE,4/20/2026 7:07:17 PM,OD26004537,"7XXX  11TH ST N, OAKDALE",MEDICAL
OAKDALE POLICE DEPARTMENT,OAKDALE,4/20/2026 7:34:36 PM,OD26004538,"XXX Hickory Ln N, OAKDALE",MISSING PERSON
OAKDALE POLICE DEPARTMENT,OAKDALE,4/20/2026 7:49:17 PM,OD26004540,"3XXX  Genevieve Ave N, OAKDALE",FOUND PERSON
OAKDALE POLICE DEPARTMENT,OAKDALE,4/20/2026 7:52:30 PM,OD26004541,"7XXX  10TH ST N, OAKDALE",UNWANTED PERSON/VEHICLE
OAKDALE POLICE DEPARTMENT,OAKDALE,4/20/2026 8:00:20 PM,OD26004542,"1XXX  Helmo Ave N, OAKDALE",MEDICAL
OAKDALE POLICE DEPARTMENT,OAKDALE,4/20/2026 8:11:26 PM,OD26004544,"HADLEY AVE N / 10TH ST N, OAKDALE",WELFARE CHECK
OAKDALE POLICE DEPARTMENT,OAKDALE,4/20/2026 9:43:27 PM,OD26004545,"XXX Hickory Ln N, OAKDALE",FOLLOW UP
OAKDALE POLICE DEPARTMENT,OAKDALE,4/20/2026 10:12:45 PM,OD26004546,"10th St N / Century Ave N, OAKDALE",ANIMAL COMPLAINT
OAKDALE POLICE DEPARTMENT,OAKDALE,4/20/2026 10:19:49 PM,OD26004547,"6XXX  10TH ST N, OAKDALE",SUSPICIOUS PERSON/ACTIVITY
OAKDALE POLICE DEPARTMENT,OAKDALE,4/20/2026 11:02:14 PM,OD26004548,"10TH ST N / HELMO AVE N, OAKDALE",WELFARE CHECK
OAKDALE POLICE DEPARTMENT,OAKDALE,4/20/2026 11:10:01 PM,OD26004549,"10th St N / Hadley Ave N, OAKDALE",WELFARE CHECK
OAKDALE POLICE DEPARTMENT,OAKDALE,4/20/2026 11:55:34 PM,OD26004550,"8XXX  3RD ST N, OAKDALE",TRAFFIC STOP
OAKDALE POLICE DEPARTMENT,OAKDALE,4/21/2026 12:06:06 AM,OD26004551,"3XXX  GENEVA AVE N, OAKDALE",TRAFFIC STOP
OAKDALE POLICE DEPARTMENT,OAKDALE,4/21/2026 12:08:35 AM,OD26004552,"7XXX  4TH ST N, OAKDALE",TRAFFIC STOP
OAKDALE POLICE DEPARTMENT,OAKDALE,4/21/2026 12:40:25 AM,OD26004553,"1XXX  Hadley Ave N, OAKDALE",OFP VIOLATION
OAKDALE POLICE DEPARTMENT,OAKDALE,4/21/2026 1:53:06 AM,OD26004557,"6XXX  10TH ST N, OAKDALE",TRAFFIC STOP
OAKDALE POLICE DEPARTMENT,OAKDALE,4/21/2026 6:05:59 AM,OD26004559,"Helmo Rd N / Helmo Ave N, OAKDALE",SUSPICIOUS PERSON/ACTIVITY
OAKDALE POLICE DEPARTMENT,OAKDALE,4/21/2026 7:41:32 AM,OD26004562,"6XXX  15TH ST N, OAKDALE",NEIGHBOR DISPUTE
OAKDALE POLICE DEPARTMENT,OAKDALE,4/21/2026 8:26:03 AM,OD26004563,"1XXX  HERON AVE N, OAKDALE",ASSIST OTHER AGENCY
OAKDALE POLICE DEPARTMENT,OAKDALE,4/21/2026 8:51:32 AM,OD26004564,"XXX GRANGE AVE N, OAKDALE",PARKING VIOLATION
OAKDALE POLICE DEPARTMENT,OAKDALE,4/21/2026 9:36:10 AM,OD26004565,"7XXX  10TH ST N, OAKDALE",WELFARE CHECK
OAKDALE POLICE DEPARTMENT,OAKDALE,4/21/2026 9:37:43 AM,OD26004566,"4XXX  Geneva Ave N, OAKDALE",MEDICAL
OAKDALE POLICE DEPARTMENT,OAKDALE,4/21/2026 11:10:50 AM,OD26004568,"1XXX  GENTRY AVE N, OAKDALE",FRAUD/SCAM
OAKDALE POLICE DEPARTMENT,OAKDALE,4/21/2026 11:17:15 AM,OD26004569,"6XXX  52ND ST N, OAKDALE",PROPERTY DAMAGE
OAKDALE POLICE DEPARTMENT,OAKDALE,4/21/2026 11:26:29 AM,OD26004570,"1XXX  Glenbrook Ave N, OAKDALE",WELFARE CHECK
OAKDALE POLICE DEPARTMENT,OAKDALE,4/21/2026 11:33:22 AM,OD26004571,"4XXX  Heather Ridge Rd N, OAKDALE",THEFT
OAKDALE POLICE DEPARTMENT,OAKDALE,4/21/2026 11:47:38 AM,OD26004572,"6XXX  35TH ST N, OAKDALE",THEFT
OAKDALE POLICE DEPARTMENT,OAKDALE,4/21/2026 11:55:56 AM,OD26004573,"3XXX  Genevieve Ave N, OAKDALE",PARKING COMPLAINT
OAKDALE POLICE DEPARTMENT,OAKDALE,4/21/2026 12:14:00 PM,OD26004574,"6XXX  42ND ST N, OAKDALE",PARKING COMPLAINT
OAKDALE POLICE DEPARTMENT,OAKDALE,4/21/2026 12:53:48 PM,OD26004575,"50th St N / Georgia Blvd N, OAKDALE",SUSPICIOUS PERSON/ACTIVITY
OAKDALE POLICE DEPARTMENT,OAKDALE,4/21/2026 12:54:54 PM,OD26004577,"1XXX  Hadley Ave N, OAKDALE",CITIZEN/PUBLIC ASSIST
OAKDALE POLICE DEPARTMENT,OAKDALE,4/21/2026 12:58:30 PM,OD26004576,"4TH ST N / INWOOD AVE N, OAKDALE",ACCIDENT
OAKDALE POLICE DEPARTMENT,OAKDALE,4/21/2026 12:59:47 PM,OD26004578,"1XXX  Hadley Ave N, OAKDALE",DRIVING COMPLAINT
OAKDALE POLICE DEPARTMENT,OAKDALE,4/21/2026 1:06:36 PM,OD26004579,"6XXX  13TH ST CIR N, OAKDALE",ANIMAL BITE
OAKDALE POLICE DEPARTMENT,OAKDALE,4/21/2026 2:04:26 PM,OD26004580,"6XXX  45th St N, OAKDALE",MEDICAL
OAKDALE POLICE DEPARTMENT,OAKDALE,4/21/2026 2:33:13 PM,OD26004582,"7XXX  Stillwater Blvd N, OAKDALE",CITIZEN/PUBLIC ASSIST
OAKDALE POLICE DEPARTMENT,OAKDALE,4/21/2026 2:58:22 PM,OD26004583,"XXX GREENWAY AVE N, OAKDALE",ACCIDENT
OAKDALE POLICE DEPARTMENT,OAKDALE,4/21/2026 3:03:42 PM,OD26004585,"5XXX  HADLEY AVE N, OAKDALE",UNWANTED PERSON/VEHICLE
OAKDALE POLICE DEPARTMENT,OAKDALE,4/21/2026 3:06:55 PM,OD26004584,"6XXX  15TH ST N, OAKDALE",TRESPASSING
OAKDALE POLICE DEPARTMENT,OAKDALE,4/21/2026 3:09:38 PM,OD26004586,"7XXX  43rd St N, OAKDALE",CITIZEN/PUBLIC ASSIST
OAKDALE POLICE DEPARTMENT,OAKDALE,4/21/2026 3:29:39 PM,OD26004587,"1XXX  HELENA RD N, OAKDALE",DISORDERLY CONDUCT
OAKDALE POLICE DEPARTMENT,OAKDALE,4/21/2026 4:03:01 PM,OD26004588,"1XXX  Hadley Ave N, OAKDALE",CITIZEN/PUBLIC ASSIST
OAKDALE POLICE DEPARTMENT,OAKDALE,4/21/2026 4:22:06 PM,OD26004589,"8XXX  4TH ST N, OAKDALE",SUSPICIOUS PERSON/ACTIVITY
OAKDALE POLICE DEPARTMENT,OAKDALE,4/21/2026 4:54:28 PM,OD26004590,"Hamlet Ave N / 50th St N, OAKDALE",DRIVING COMPLAINT
OAKDALE POLICE DEPARTMENT,OAKDALE,4/21/2026 5:17:32 PM,OD26004591,"47TH ST N / HADLEY AVE N, OAKDALE",TRAFFIC STOP
OAKDALE POLICE DEPARTMENT,OAKDALE,4/21/2026 5:55:54 PM,OD26004592,"8XXX  4th St N, OAKDALE",MEDICAL
OAKDALE POLICE DEPARTMENT,OAKDALE,4/21/2026 6:11:54 PM,OD26004593,"1XXX  HELENA RD N, OAKDALE",FOLLOW UP
OAKDALE POLICE DEPARTMENT,OAKDALE,4/21/2026 6:40:42 PM,OD26004595,"1XXX  Granada Ave N, OAKDALE",FIGHT
OAKDALE POLICE DEPARTMENT,OAKDALE,4/21/2026 6:48:18 PM,OD26004597,"1XXX  HELENA RD N, OAKDALE",FOLLOW UP
OAKDALE POLICE DEPARTMENT,OAKDALE,4/21/2026 7:35:14 PM,OD26004598,"XXX GRAFTON AVE N, OAKDALE",DISTURBANCE
OAKDALE POLICE DEPARTMENT,OAKDALE,4/21/2026 7:48:39 PM,OD26004599,"40th St N / Henna Ave N, OAKDALE",911 ABANDONED/HANGUP/OPEN LINE
OAKDALE POLICE DEPARTMENT,OAKDALE,4/21/2026 8:24:35 PM,OD26004601,"7XXX  46th St N, OAKDALE",MEDICAL
OAKDALE POLICE DEPARTMENT,OAKDALE,4/21/2026 8:33:21 PM,OD26004602,"7XXX  36TH ST N, OAKDALE",CIVIL MATTER/DISPUTE
OAKDALE POLICE DEPARTMENT,OAKDALE,4/21/2026 8:39:27 PM,OD26004604,"7XXX  10TH ST N, OAKDALE",TRAFFIC COMPLAINT
OAKDALE POLICE DEPARTMENT,OAKDALE,4/21/2026 8:40:22 PM,OD26004603,"XXX Geneva Ave N, OAKDALE",SHOPLIFTING
OAKDALE POLICE DEPARTMENT,OAKDALE,4/21/2026 9:32:50 PM,OD26004606,"Hudson Blvd N / Greenway Ave N, OAKDALE",911 ABANDONED/HANGUP/OPEN LINE
OAKDALE POLICE DEPARTMENT,OAKDALE,4/21/2026 11:49:31 PM,OD26004608,"7XXX  36TH ST N, OAKDALE",CIVIL MATTER/DISPUTE
OAKDALE POLICE DEPARTMENT,OAKDALE,4/22/2026 2:15:30 AM,OD26004610,"10th St N / Hadley Ave N, OAKDALE",WELFARE CHECK
OAKDALE POLICE DEPARTMENT,OAKDALE,4/22/2026 3:51:33 AM,OD26004611,"6XXX  45TH ST N, OAKDALE",911 ABANDONED/HANGUP/OPEN LINE
OAKDALE POLICE DEPARTMENT,OAKDALE,4/22/2026 5:27:03 PM,OD26004634,"34th St N / Hadley Ave N, OAKDALE",ACCIDENT
OAKDALE POLICE DEPARTMENT,OAKDALE,4/25/2026 1:45:00 AM,OD26004729,"7XXX  10TH ST N, OAKDALE",ASSAULT
ST. PAUL PARK POLICE DEPARTMENT,COTTAGE GROVE,4/19/2026 7:38:01 PM,SP26003052,"8XXX  89th Street Cir S, COTTAGE GROVE",ASSIST OTHER AGENCY
ST. PAUL PARK POLICE DEPARTMENT,SAINT PAUL PARK,4/19/2026 10:20:42 PM,SP26003059,"1XXX  MCCAMMON AVE, SAINT PAUL PARK",RUNAWAY
ST. PAUL PARK POLICE DEPARTMENT,SAINT PAUL PARK,4/20/2026 12:41:31 PM,SP26003072,"1XXX  LINCOLN AVE, SAINT PAUL PARK",ORDINANCE VIOLATION
ST. PAUL PARK POLICE DEPARTMENT,SAINT PAUL PARK,4/21/2026 12:44:52 PM,SP26003102,"XXX PORTLAND AVE, SAINT PAUL PARK",FOUND PROPERTY/ITEM
ST. PAUL PARK POLICE DEPARTMENT,SAINT PAUL PARK,4/21/2026 6:01:52 PM,SP26003117,"XXX Portland Ave, SAINT PAUL PARK",SUICIDE
ST. PAUL PARK POLICE DEPARTMENT,SAINT PAUL PARK,4/22/2026 9:56:42 AM,SP26003134,"XXX Pullman Ave, SAINT PAUL PARK",ASSIST OTHER AGENCY
ST. PAUL PARK POLICE DEPARTMENT,SAINT PAUL PARK,4/22/2026 2:48:42 PM,SP26003142,"1XXX  LINCOLN AVE, SAINT PAUL PARK",ORDINANCE VIOLATION
ST. PAUL PARK POLICE DEPARTMENT,SAINT PAUL PARK,4/24/2026 7:00:00 AM,SP26003185,"Saint Paul Park Rd/ Summit Ave, SAINT PAUL PARK",DWI
ST. PAUL PARK POLICE DEPARTMENT,SAINT PAUL PARK,4/24/2026 3:43:58 PM,SP26003201,"1XXX  PORTLAND AVE, SAINT PAUL PARK",ORDINANCE VIOLATION
STILLWATER POLICE DEPARTMENT,BAYPORT,4/23/2026 3:15:00 AM,SW26003222,"XXX - 999 Highway 95 N, BAYPORT",TRAFFIC STOP
STILLWATER POLICE DEPARTMENT,LAKE ELMO,4/21/2026 2:25:41 PM,SW26003173,"XX Hwy 36 Eb At Manning Ave N, LAKE ELMO",DRIVING COMPLAINT
STILLWATER POLICE DEPARTMENT,OAK PARK HEIGHTS,4/19/2026 1:20:25 AM,SW26003095,"6XXX  SAINT CROIX TRL N, OAK PARK HEIGHTS",ASSIST OTHER AGENCY
STILLWATER POLICE DEPARTMENT,OAK PARK HEIGHTS,4/20/2026 11:57:24 AM,SW26003137,"XX HWY 36 WB JWO OSGOOD AVE N, OAK PARK HEIGHTS",ASSIST OTHER AGENCY
STILLWATER POLICE DEPARTMENT,OAK PARK HEIGHTS,4/24/2026 11:38:30 AM,SW26003259,"Highway 36 / Hwy 36 Eb To Stillwater Blvd N Ramp, OAK PARK HEIGHTS",ASSIST OTHER AGENCY
STILLWATER POLICE DEPARTMENT,OAK PARK HEIGHTS,4/24/2026 11:38:44 AM,SW26003260,"Hwy 36 Eb Jwo Stillwater Blvd N, OAK PARK HEIGHTS",ASSIST OTHER AGENCY
STILLWATER POLICE DEPARTMENT,OAK PARK HEIGHTS,4/24/2026 1:27:11 PM,SW26003264,"14XXX  60TH ST N, OAK PARK HEIGHTS",ASSIST OTHER AGENCY
STILLWATER POLICE DEPARTMENT,OAK PARK HEIGHTS,4/25/2026 10:39:31 AM,SW26003295,"15XXX  60th St N, OAK PARK HEIGHTS",ASSIST OTHER AGENCY
STILLWATER POLICE DEPARTMENT,STILLWATER,4/19/2026 12:15:49 AM,SW26003093,"XXX MAIN ST S, STILLWATER",DISTURBANCE
STILLWATER POLICE DEPARTMENT,STILLWATER,4/19/2026 4:05:35 AM,SW26003099,"2XXX  Frontage Rd W, STILLWATER",MEDICAL
STILLWATER POLICE DEPARTMENT,STILLWATER,4/19/2026 7:08:37 AM,SW26003100,"1XXX  Northland Ave, STILLWATER",ANIMAL COMPLAINT
STILLWATER POLICE DEPARTMENT,STILLWATER,4/19/2026 10:54:37 AM,SW26003102,"XXX Edgewood Ave, STILLWATER",PROPERTY DAMAGE
STILLWATER POLICE DEPARTMENT,STILLWATER,4/19/2026 11:02:45 AM,SW26003103,"XXX Maple St W, STILLWATER",OFFICER INFORMATION
STILLWATER POLICE DEPARTMENT,STILLWATER,4/19/2026 1:46:12 PM,SW26003109,"Market Dr / Curve Crest Blvd, STILLWATER",ACCIDENT
STILLWATER POLICE DEPARTMENT,STILLWATER,4/19/2026 2:14:43 PM,SW26003110,"6XXX  Osman Ave N, STILLWATER",ALARM-BUSINESS/RES/FIRE/MEDICAL/ETC
STILLWATER POLICE DEPARTMENT,STILLWATER,4/19/2026 4:30:13 PM,SW26003111,"Manning Ave N / Linden Ave N, STILLWATER",LIFT ASSIST
STILLWATER POLICE DEPARTMENT,STILLWATER,4/19/2026 6:09:47 PM,SW26003113,"1XXX  4th St S, STILLWATER",VEHICLE UNLOCK
STILLWATER POLICE DEPARTMENT,STILLWATER,4/19/2026 6:18:16 PM,SW26003114,"2XXX  Dundee Pl, STILLWATER",NOISE COMPLAINT/DISTURBANCE
STILLWATER POLICE DEPARTMENT,STILLWATER,4/19/2026 6:55:33 PM,SW26003116,"1XXX  Orleans St W, STILLWATER",911 ABANDONED/HANGUP/OPEN LINE
STILLWATER POLICE DEPARTMENT,STILLWATER,4/19/2026 8:54:07 PM,SW26003120,"1XXX  MARKET DR, STILLWATER",SUSPICIOUS PERSON/ACTIVITY
STILLWATER POLICE DEPARTMENT,STILLWATER,4/19/2026 9:00:22 PM,SW26003121,"13XXX -1449 Surrey Ln, STILLWATER",ANIMAL COMPLAINT
STILLWATER POLICE DEPARTMENT,STILLWATER,4/19/2026 9:05:00 PM,SW26003122,"Stillwater Lift Bridge (pedestrian) - Mn, STILLWATER",FIREWORKS
STILLWATER POLICE DEPARTMENT,STILLWATER,4/19/2026 11:50:45 PM,SW26003129,"1XXX  Summit Ct, STILLWATER",WELFARE CHECK
STILLWATER POLICE DEPARTMENT,STILLWATER,4/20/2026 5:17:59 AM,SW26003130,"2XXX  Orleans St W, STILLWATER",SUSPICIOUS PERSON/ACTIVITY
STILLWATER POLICE DEPARTMENT,STILLWATER,4/20/2026 9:09:37 AM,SW26003131,"1XXX  Curve Crest Blvd, STILLWATER",ANIMAL BITE
STILLWATER POLICE DEPARTMENT,STILLWATER,4/20/2026 9:28:38 AM,SW26003132,"XXX 4th St N, STILLWATER",CITIZEN/PUBLIC ASSIST
STILLWATER POLICE DEPARTMENT,STILLWATER,4/20/2026 10:22:48 AM,SW26003134,"2XXX  Orleans St W, STILLWATER",CITIZEN/PUBLIC ASSIST
STILLWATER POLICE DEPARTMENT,STILLWATER,4/20/2026 11:04:00 AM,SW26003135,"2XXX  ORLEANS ST W, STILLWATER",TRESPASSING
STILLWATER POLICE DEPARTMENT,STILLWATER,4/20/2026 11:58:00 AM,SW26003136,"XXX 2ND ST S, STILLWATER",FOUND PROPERTY/ITEM
STILLWATER POLICE DEPARTMENT,STILLWATER,4/20/2026 12:55:02 PM,SW26003138,"XXX Main St N, STILLWATER",ASSIST OTHER AGENCY
STILLWATER POLICE DEPARTMENT,STILLWATER,4/20/2026 1:36:40 PM,SW26003139,"2XXX  Northwestern Ave, STILLWATER",SUSPICIOUS PERSON/ACTIVITY
STILLWATER POLICE DEPARTMENT,STILLWATER,4/20/2026 1:44:00 PM,SW26003140,"1XXX  2nd St S, STILLWATER",NEIGHBOR DISPUTE
STILLWATER POLICE DEPARTMENT,STILLWATER,4/20/2026 2:57:01 PM,SW26003142,"1XXX  Frontage Rd W, STILLWATER",WELFARE CHECK
STILLWATER POLICE DEPARTMENT,STILLWATER,4/20/2026 3:26:11 PM,SW26003143,"3XXX  White Pine Way, STILLWATER",PARKING COMPLAINT
STILLWATER POLICE DEPARTMENT,STILLWATER,4/20/2026 4:55:48 PM,SW26003144,"XXX Main St N, STILLWATER",VEHICLE UNLOCK
STILLWATER POLICE DEPARTMENT,STILLWATER,4/20/2026 5:59:02 PM,SW26003145,"XXX Greeley St S, STILLWATER",RUNAWAY
STILLWATER POLICE DEPARTMENT,STILLWATER,4/20/2026 6:15:31 PM,SW26003146,"1XXX  Market Dr, STILLWATER",SUSPICIOUS PERSON/ACTIVITY
STILLWATER POLICE DEPARTMENT,STILLWATER,4/20/2026 7:44:16 PM,SW26003149,"6XXX  OSMAN AVE N, STILLWATER",WELFARE CHECK
STILLWATER POLICE DEPARTMENT,STILLWATER,4/20/2026 8:17:48 PM,SW26003150,"1XXX  MARKET DR, STILLWATER",FOUND PROPERTY/ITEM
STILLWATER POLICE DEPARTMENT,STILLWATER,4/20/2026 8:53:36 PM,SW26003151,"1XXX  Owens St N, STILLWATER",NEIGHBOR DISPUTE
STILLWATER POLICE DEPARTMENT,STILLWATER,4/20/2026 9:56:03 PM,SW26003152,"XXX Main St N, STILLWATER",SUSPICIOUS PERSON/ACTIVITY
STILLWATER POLICE DEPARTMENT,STILLWATER,4/20/2026 11:49:23 PM,SW26003156,"XXX Maple St W, STILLWATER",DISTURBANCE
STILLWATER POLICE DEPARTMENT,STILLWATER,4/21/2026 12:30:44 AM,SW26003157,"XXX 2nd St N, STILLWATER",noise
STILLWATER POLICE DEPARTMENT,STILLWATER,4/21/2026 6:07:51 AM,SW26003158,"XXX Greeley St S, STILLWATER",MEDICAL
STILLWATER POLICE DEPARTMENT,STILLWATER,4/21/2026 7:44:09 AM,SW26003160,"2XXX  ORLEANS ST W, STILLWATER",UNWANTED PERSON/VEHICLE
STILLWATER POLICE DEPARTMENT,STILLWATER,4/21/2026 8:14:12 AM,SW26003161,"Stonebridge Trl N / Johnson Ct, STILLWATER",ANIMAL COMPLAINT
STILLWATER POLICE DEPARTMENT,STILLWATER,4/21/2026 8:33:06 AM,SW26003162,"1XXX  5th St S, STILLWATER",ANIMAL COMPLAINT
STILLWATER POLICE DEPARTMENT,STILLWATER,4/21/2026 8:44:19 AM,SW26003163,"XXX WILKINS ST W, STILLWATER",CIVIL MATTER/DISPUTE
STILLWATER POLICE DEPARTMENT,STILLWATER,4/21/2026 9:24:18 AM,SW26003164,"XXX STILLWATER AVE W, STILLWATER",911 ABANDONED/HANGUP/OPEN LINE
STILLWATER POLICE DEPARTMENT,STILLWATER,4/21/2026 10:40:41 AM,SW26003165,"14XXX  60th St N, STILLWATER",ALARM-BUSINESS/RES/FIRE/MEDICAL/ETC
STILLWATER POLICE DEPARTMENT,STILLWATER,4/21/2026 10:42:57 AM,SW26003166,"1XXX  MARKET DR, STILLWATER",911 ABANDONED/HANGUP/OPEN LINE
STILLWATER POLICE DEPARTMENT,STILLWATER,4/21/2026 10:50:32 AM,SW26003167,"Unknown, STILLWATER",FOLLOW UP
STILLWATER POLICE DEPARTMENT,STILLWATER,4/21/2026 11:52:26 AM,SW26003169,"2XXX  FAIRMEADOWS RD, STILLWATER",MEDICAL
STILLWATER POLICE DEPARTMENT,STILLWATER,4/21/2026 11:57:37 AM,SW26003170,"XXX OLIVE ST W (WORK ADDRESS), STILLWATER",CITIZEN/PUBLIC ASSIST
STILLWATER POLICE DEPARTMENT,STILLWATER,4/21/2026 1:50:13 PM,SW26003171,"14XXX  62nd St N, STILLWATER",VEHICLE UNLOCK
STILLWATER POLICE DEPARTMENT,STILLWATER,4/21/2026 2:02:20 PM,SW26003172," 716 LAUREL ST W   , STILLWATER",VEHICLE UNLOCK
STILLWATER POLICE DEPARTMENT,STILLWATER,4/21/2026 3:34:00 PM,SW26003176,"14XXX  62ND ST N, STILLWATER",DISTURBANCE
STILLWATER POLICE DEPARTMENT,STILLWATER,4/21/2026 3:49:09 PM,SW26003177,"3rd St S / Olive St E, STILLWATER",ACCIDENT
STILLWATER POLICE DEPARTMENT,STILLWATER,4/21/2026 5:57:42 PM,SW26003178,"1XXX  Frontage Rd W, STILLWATER",MEDICAL
STILLWATER POLICE DEPARTMENT,STILLWATER,4/21/2026 7:09:07 PM,SW26003179,"2XXX  Orleans St W, STILLWATER",JUVENILE COMPLAINT
STILLWATER POLICE DEPARTMENT,STILLWATER,4/21/2026 7:22:19 PM,SW26003180,"Curve Crest Blvd / Market Dr, STILLWATER",ACCIDENT
STILLWATER POLICE DEPARTMENT,STILLWATER,4/21/2026 9:55:30 PM,SW26003181,"HWY 95 / LOOKOUT TRAIL, STILLWATER",WARRANT ARREST
STILLWATER POLICE DEPARTMENT,STILLWATER,4/21/2026 10:11:00 PM,SW26003182,"XXX Churchill St W, STILLWATER",ALARM-BUSINESS/RES/FIRE/MEDICAL/ETC
STILLWATER POLICE DEPARTMENT,STILLWATER,4/21/2026 10:33:35 PM,SW26003184,"Unknown, STILLWATER",CITIZEN/PUBLIC ASSIST
STILLWATER POLICE DEPARTMENT,STILLWATER,4/21/2026 11:17:54 PM,SW26003185,"3XXX  87th St N, STILLWATER",MEDICAL
STILLWATER POLICE DEPARTMENT,STILLWATER,4/21/2026 11:46:03 PM,SW26003186,"3XXX  Abercrombie Ln, STILLWATER",VEHICLE UNLOCK
STILLWATER POLICE DEPARTMENT,STILLWATER,4/22/2026 2:41:49 AM,SW26003189,"XXX 4th St N, STILLWATER",MEDICAL
STILLWATER POLICE DEPARTMENT,STILLWATER,4/22/2026 5:02:48 AM,SW26003191,"XXX Greeley St S, STILLWATER",911 ABANDONED/HANGUP/OPEN LINE
STILLWATER POLICE DEPARTMENT,STILLWATER,4/22/2026 6:03:51 AM,SW26003192,"14XXX  60th St N, STILLWATER",ALARM-BUSINESS/RES/FIRE/MEDICAL/ETC
STILLWATER POLICE DEPARTMENT,STILLWATER,4/22/2026 7:55:01 AM,SW26003193,"XXX BRICK ST S, STILLWATER",CITIZEN/PUBLIC ASSIST
STILLWATER POLICE DEPARTMENT,STILLWATER,4/22/2026 9:30:28 AM,SW26003195,"XXX Main St S, STILLWATER",ALARM-BUSINESS/RES/FIRE/MEDICAL/ETC
STILLWATER POLICE DEPARTMENT,STILLWATER,4/22/2026 9:44:57 AM,SW26003196,"XXX Shelton Dr, STILLWATER",NOISE COMPLAINT/DISTURBANCE
STILLWATER POLICE DEPARTMENT,STILLWATER,4/22/2026 10:02:20 AM,SW26003197,"1XXX  4th St N, STILLWATER",911 ABANDONED/HANGUP/OPEN LINE
STILLWATER POLICE DEPARTMENT,STILLWATER,4/22/2026 10:16:58 AM,SW26003198,"1XXX  Market Dr, STILLWATER",MEDICAL
STILLWATER POLICE DEPARTMENT,STILLWATER,4/22/2026 1:34:32 PM,SW26003201,"3XXX  Abercrombie Ln, STILLWATER",FAMILY ASSIST
STILLWATER POLICE DEPARTMENT,STILLWATER,4/22/2026 1:37:28 PM,SW26003202,"3XXX  Maureen Ln, STILLWATER",PARKING COMPLAINT
STILLWATER POLICE DEPARTMENT,STILLWATER,4/22/2026 3:07:57 PM,SW26003203,"1XXX  BLK PINE ST W, STILLWATER",TRAFFIC STOP
STILLWATER POLICE DEPARTMENT,STILLWATER,4/22/2026 3:39:44 PM,SW26003205,"1XXX  Cottage Dr, STILLWATER",MEDICAL
STILLWATER POLICE DEPARTMENT,STILLWATER,4/22/2026 4:33:12 PM,SW26003206,"1XXX  Market Dr, STILLWATER",ACCIDENT
STILLWATER POLICE DEPARTMENT,STILLWATER,4/22/2026 5:18:23 PM,SW26003207,"75th St N / Maryknoll Dr, STILLWATER",MEDICAL
STILLWATER POLICE DEPARTMENT,STILLWATER,4/22/2026 7:07:49 PM,SW26003208,"CHURCHILL ST W / HOLCOMBE ST S, STILLWATER",WARRANT ARREST
STILLWATER POLICE DEPARTMENT,STILLWATER,4/22/2026 7:51:27 PM,SW26003211,"Croixwood Blvd / Hillside Ln, STILLWATER",ANIMAL COMPLAINT
STILLWATER POLICE DEPARTMENT,STILLWATER,4/22/2026 7:58:24 PM,SW26003213,"2XXX  ORLEANS ST W, STILLWATER",MEDICAL
STILLWATER POLICE DEPARTMENT,STILLWATER,4/22/2026 8:07:47 PM,SW26003214,"XXX Martha St S, STILLWATER",CITIZEN/PUBLIC ASSIST
STILLWATER POLICE DEPARTMENT,STILLWATER,4/22/2026 8:28:54 PM,SW26003216,"XXX BRIDGEWATER WAY, STILLWATER",SUSPICIOUS PERSON/ACTIVITY
STILLWATER POLICE DEPARTMENT,STILLWATER,4/22/2026 9:08:22 PM,SW26003219,"2XXX  Van Tassel Dr, STILLWATER",911 ABANDONED/HANGUP/OPEN LINE
STILLWATER POLICE DEPARTMENT,STILLWATER,4/22/2026 10:54:13 PM,SW26003220,"Unknown, STILLWATER",CITIZEN/PUBLIC ASSIST
STILLWATER POLICE DEPARTMENT,STILLWATER,4/23/2026 2:41:18 AM,SW26003221,"XXX Main St N, STILLWATER",MEDICAL
STILLWATER POLICE DEPARTMENT,STILLWATER,4/23/2026 3:42:30 AM,SW26003223,"1XXX  Nightingale Blvd, STILLWATER",SUSPICIOUS PERSON/ACTIVITY
STILLWATER POLICE DEPARTMENT,STILLWATER,4/23/2026 4:09:32 AM,SW26003225,"2XXX  Fairmeadows Rd, STILLWATER",MEDICAL
STILLWATER POLICE DEPARTMENT,STILLWATER,4/23/2026 6:45:51 AM,SW26003226,"2XXX  COTTAGE DR, STILLWATER",MEDICAL
STILLWATER POLICE DEPARTMENT,STILLWATER,4/23/2026 7:15:00 AM,SW26003227,"1XXX  4TH AVE S, STILLWATER",WARRANT ARREST
STILLWATER POLICE DEPARTMENT,STILLWATER,4/23/2026 8:03:30 AM,SW26003228,"XXX 2nd St S, STILLWATER",ALARM-BUSINESS/RES/FIRE/MEDICAL/ETC
STILLWATER POLICE DEPARTMENT,STILLWATER,4/23/2026 8:56:49 AM,SW26003229,"XXX 4th St N, STILLWATER",DRIVING COMPLAINT
STILLWATER POLICE DEPARTMENT,STILLWATER,4/23/2026 9:13:58 AM,SW26003230,"XXX Darrell Ct, STILLWATER",MEDICAL
STILLWATER POLICE DEPARTMENT,STILLWATER,4/23/2026 1:14:05 PM,SW26003236,"1XXX  Market Dr, STILLWATER",CIVIL MATTER/DISPUTE
STILLWATER POLICE DEPARTMENT,STILLWATER,4/23/2026 1:39:05 PM,SW26003238,"Hwy 36 Wb At Greeley St S, STILLWATER",DISABLED VEHICLE
STILLWATER POLICE DEPARTMENT,STILLWATER,4/23/2026 3:38:28 PM,SW26003241,"XXX 4TH ST N, STILLWATER",CITIZEN/PUBLIC ASSIST
STILLWATER POLICE DEPARTMENT,STILLWATER,4/23/2026 4:00:35 PM,SW26003242,"1XXX  2ND ST N, STILLWATER",ANIMAL COMPLAINT
STILLWATER POLICE DEPARTMENT,STILLWATER,4/23/2026 6:18:57 PM,SW26003244,"14XXX  62nd St N, STILLWATER",ASSAULT
STILLWATER POLICE DEPARTMENT,STILLWATER,4/23/2026 6:20:08 PM,SW26003243,"8XXX  Marylane Ave N, STILLWATER",MEDICAL
STILLWATER POLICE DEPARTMENT,STILLWATER,4/23/2026 8:18:35 PM,SW26003245,"1XXX  Orleans Ct, STILLWATER",ASSIST OTHER AGENCY
STILLWATER POLICE DEPARTMENT,STILLWATER,4/23/2026 10:11:14 PM,SW26003247,"XXX Hanson Pl, STILLWATER",NOISE COMPLAINT/DISTURBANCE
STILLWATER POLICE DEPARTMENT,STILLWATER,4/23/2026 10:29:24 PM,SW26003248,"3RD ST N / SAINT CROIX AVE E, STILLWATER",TRAFFIC STOP
STILLWATER POLICE DEPARTMENT,STILLWATER,4/23/2026 11:00:01 PM,SW26003249,"1XXX  - 1260 BREWERS LN, STILLWATER",TRAFFIC STOP
STILLWATER POLICE DEPARTMENT,STILLWATER,4/24/2026 12:07:51 AM,SW26003250,"XXX - 198 3RD ST S, STILLWATER",DWI
STILLWATER POLICE DEPARTMENT,STILLWATER,4/24/2026 2:52:52 AM,SW26003251,"1XXX  Market Dr, STILLWATER",ALARM-BUSINESS/RES/FIRE/MEDICAL/ETC
STILLWATER POLICE DEPARTMENT,STILLWATER,4/24/2026 3:10:18 AM,SW26003252,"1XXX  Market Dr, STILLWATER",ALARM-BUSINESS/RES/FIRE/MEDICAL/ETC
STILLWATER POLICE DEPARTMENT,STILLWATER,4/24/2026 10:06:24 AM,SW26003254,"6XXX  Stillwater Blvd N, STILLWATER",MEDICAL
STILLWATER POLICE DEPARTMENT,STILLWATER,4/24/2026 10:12:43 AM,SW26003255,"1XXX  Curve Crest Blvd W, STILLWATER",MEDICAL
STILLWATER POLICE DEPARTMENT,STILLWATER,4/24/2026 10:46:00 AM,SW26003256,"XXX 2ND ST N, STILLWATER",SUSPICIOUS PERSON/ACTIVITY
STILLWATER POLICE DEPARTMENT,STILLWATER,4/24/2026 10:49:48 AM,SW26003257,"OWENS ST N / WILKINS ST W, STILLWATER",CITIZEN/PUBLIC ASSIST
STILLWATER POLICE DEPARTMENT,STILLWATER,4/24/2026 10:56:59 AM,SW26003258,"Churchill St W / Everett St S, STILLWATER",WELFARE CHECK
STILLWATER POLICE DEPARTMENT,STILLWATER,4/24/2026 12:11:22 PM,SW26003261,"6XXX  OSMAN AVE N, STILLWATER",WELFARE CHECK
STILLWATER POLICE DEPARTMENT,STILLWATER,4/24/2026 12:21:33 PM,SW26003262,"Nelson St / 2nd St S, STILLWATER",PARKING COMPLAINT
STILLWATER POLICE DEPARTMENT,STILLWATER,4/24/2026 12:33:59 PM,SW26003263,"XXX 3RD ST N, STILLWATER",MEDICAL
STILLWATER POLICE DEPARTMENT,STILLWATER,4/24/2026 1:52:26 PM,SW26003265,"1XXX  Delano Ct, STILLWATER",911 ABANDONED/HANGUP/OPEN LINE
STILLWATER POLICE DEPARTMENT,STILLWATER,4/24/2026 1:56:28 PM,SW26003266,"XXX Bridgewater Way, STILLWATER",MEDICAL
STILLWATER POLICE DEPARTMENT,STILLWATER,4/24/2026 4:49:16 PM,SW26003270,"XXX WATER ST N, STILLWATER",OFFICER INFORMATION
STILLWATER POLICE DEPARTMENT,STILLWATER,4/24/2026 4:58:12 PM,SW26003273,"Unknown, STILLWATER",CITIZEN/PUBLIC ASSIST
STILLWATER POLICE DEPARTMENT,STILLWATER,4/24/2026 5:06:58 PM,SW26003274,"1XXX  Cottage Dr, STILLWATER",ALARM-BUSINESS/RES/FIRE/MEDICAL/ETC
STILLWATER POLICE DEPARTMENT,STILLWATER,4/24/2026 5:48:01 PM,SW26003275,"1XXX  Orleans St W, STILLWATER",FIRE
STILLWATER POLICE DEPARTMENT,STILLWATER,4/24/2026 6:33:01 PM,SW26003276,"1XXX  Curve Crest Blvd, STILLWATER",ALARM-BUSINESS/RES/FIRE/MEDICAL/ETC
STILLWATER POLICE DEPARTMENT,STILLWATER,4/24/2026 7:02:36 PM,SW26003277,"XXX 2nd St N, STILLWATER",MEDICAL
STILLWATER POLICE DEPARTMENT,STILLWATER,4/24/2026 7:55:13 PM,SW26003279,"XXX Nelson St, STILLWATER",WELFARE CHECK
STILLWATER POLICE DEPARTMENT,STILLWATER,4/24/2026 9:33:18 PM,SW26003282,"XXX Sherburne St N, STILLWATER",SUSPICIOUS PERSON/ACTIVITY
STILLWATER POLICE DEPARTMENT,STILLWATER,4/24/2026 9:54:00 PM,SW26003283,"XXX Main St S, STILLWATER",TRESPASSING
STILLWATER POLICE DEPARTMENT,STILLWATER,4/24/2026 11:07:26 PM,SW26003284,"14XXX  62ND ST N, STILLWATER",NOISE COMPLAINT/DISTURBANCE
STILLWATER POLICE DEPARTMENT,STILLWATER,4/25/2026 12:10:41 AM,SW26003286,"1XXX  FRONTAGE RD W, STILLWATER",WELFARE CHECK
STILLWATER POLICE DEPARTMENT,STILLWATER,4/25/2026 12:13:59 AM,SW26003287,"XXX BOUTWELL RD N, STILLWATER",ANIMAL COMPLAINT
STILLWATER POLICE DEPARTMENT,STILLWATER,4/25/2026 1:54:00 AM,SW26003291,"MYRTLE ST W / OWENS ST S, STILLWATER",DWI
STILLWATER POLICE DEPARTMENT,STILLWATER,4/25/2026 10:28:14 AM,SW26003294,"2XXX  Orleans St W, STILLWATER",ANIMAL COMPLAINT
STILLWATER POLICE DEPARTMENT,STILLWATER,4/25/2026 11:49:25 AM,SW26003298,"Churchill St E / 3rd St S, STILLWATER",DISTURBANCE
STILLWATER POLICE DEPARTMENT,STILLWATER,4/25/2026 11:59:13 AM,SW26003299,"XXX 4TH ST N, STILLWATER",CITIZEN/PUBLIC ASSIST
STILLWATER POLICE DEPARTMENT,STILLWATER,4/25/2026 12:31:02 PM,SW26003301,"XXX 6th Ave S, STILLWATER",ALARM-BUSINESS/RES/FIRE/MEDICAL/ETC
STILLWATER POLICE DEPARTMENT,STILLWATER,4/25/2026 3:19:57 PM,SW26003303,"2XXX  Market Dr, STILLWATER",THEFT
STILLWATER POLICE DEPARTMENT,STILLWATER,4/25/2026 4:11:38 PM,SW26003304,"Parkwood Ln / Wildpines Ln, STILLWATER",CITIZEN/PUBLIC ASSIST
STILLWATER POLICE DEPARTMENT,STILLWATER,4/25/2026 4:29:40 PM,SW26003306,"2XXX  Orleans St W, STILLWATER",MEDICAL
STILLWATER POLICE DEPARTMENT,STILLWATER,4/25/2026 6:54:00 PM,SW26003307,"XXX 2nd St N, STILLWATER",MEDICAL
STILLWATER POLICE DEPARTMENT,STILLWATER,4/25/2026 6:55:05 PM,SW26003308,"Hwy 36 Eb At Oakgreen Ave N, STILLWATER",WELFARE CHECK
STILLWATER POLICE DEPARTMENT,STILLWATER,4/25/2026 7:45:40 PM,SW26003309,"1XXX  Frontage Rd W, STILLWATER",WELFARE CHECK
STILLWATER POLICE DEPARTMENT,STILLWATER,4/25/2026 8:08:19 PM,SW26003310,"2XXX  Market Dr, STILLWATER",MEDICAL
STILLWATER POLICE DEPARTMENT,STILLWATER,4/25/2026 10:44:35 PM,SW26003312,"1XXX  Atwood Ln, STILLWATER",911 ABANDONED/HANGUP/OPEN LINE
STILLWATER POLICE DEPARTMENT,STILLWATER,4/25/2026 11:13:00 PM,SW26003313,"1XXX  Frontage Rd W, STILLWATER",CITIZEN/PUBLIC ASSIST
STILLWATER POLICE DEPARTMENT,STILLWATER,4/25/2026 11:48:54 PM,SW26003314,"XXX Churchill St W, STILLWATER",TRESPASSING
WASHINGTON COUNTY SHERIFFS OFFICE,AFTON,4/20/2026 7:39:25 PM,WC26018436,"Stagecoach Trl S / Valley Creek Trl S, AFTON",ACCIDENT
WASHINGTON COUNTY SHERIFFS OFFICE,AFTON,4/21/2026 9:36:39 AM,WC26018514,"12XXX  Hudson Rd S, AFTON",THEFT
WASHINGTON COUNTY SHERIFFS OFFICE,AFTON,4/21/2026 6:12:45 PM,WC26018610,"1XXX  Indian Trl S, AFTON",SUSPICIOUS PERSON/ACTIVITY
WASHINGTON COUNTY SHERIFFS OFFICE,AFTON,4/22/2026 8:55:02 AM,WC26018702,"16XXX  15th St S, AFTON",MEDICAL
WASHINGTON COUNTY SHERIFFS OFFICE,AFTON,4/22/2026 9:07:41 AM,WC26018703,"Manning Ave S / Bailey Rd, AFTON",DRIVING COMPLAINT
WASHINGTON COUNTY SHERIFFS OFFICE,AFTON,4/22/2026 4:58:31 PM,WC26018791,"3XXX  Trading Post Trl S, AFTON",ALARM-BUSINESS/RES/FIRE/MEDICAL/ETC
WASHINGTON COUNTY SHERIFFS OFFICE,AFTON,4/22/2026 6:23:10 PM,WC26018809,"I94 Eb At Mndot Rest Area, AFTON",ROAD HAZARD
WASHINGTON COUNTY SHERIFFS OFFICE,AFTON,4/23/2026 10:01:37 AM,WC26018916,"XXX Neal Ave S, AFTON",PROPERTY DAMAGE
WASHINGTON COUNTY SHERIFFS OFFICE,AFTON,4/23/2026 3:46:00 PM,WC26018967,"12XXX  - 12998 HUDSON RD S, AFTON",TRAFFIC STOP
WASHINGTON COUNTY SHERIFFS OFFICE,AFTON,4/23/2026 6:54:55 PM,WC26018991,"14XXX  42nd St S, AFTON",CITIZEN/PUBLIC ASSIST
WASHINGTON COUNTY SHERIFFS OFFICE,AFTON,4/24/2026 8:27:52 AM,WC26019055,"12XXX  Hudson Rd S, AFTON",THEFT
WASHINGTON COUNTY SHERIFFS OFFICE,AFTON,4/24/2026 11:31:18 PM,WC26019260,"XXX STAGECOACH TRL S, AFTON",SUSPICIOUS PERSON/ACTIVITY
WASHINGTON COUNTY SHERIFFS OFFICE,AFTON,4/25/2026 9:41:08 AM,WC26019324,"12XXX  15th St S, AFTON",BURGLARY
WASHINGTON COUNTY SHERIFFS OFFICE,AFTON,4/25/2026 7:39:29 PM,WC26019388,"Hudson Rd S / Indian Trl S, AFTON",WELFARE CHECK
WASHINGTON COUNTY SHERIFFS OFFICE,BAYPORT,4/19/2026 2:40:33 AM,WC26018171,"XXX - 998 Highway 95 N, BAYPORT",ASSIST OTHER AGENCY
WASHINGTON COUNTY SHERIFFS OFFICE,BAYTOWN TOWNSHIP,4/24/2026 12:17:50 PM,WC26019121,"13XXX  49th St N, BAYTOWN TOWNSHIP",911 ABANDONED/HANGUP/OPEN LINE
WASHINGTON COUNTY SHERIFFS OFFICE,BIRCHWOOD VILLAGE,4/21/2026 8:31:54 AM,WC26018499,"Cedar St / Birchwood Ave, BIRCHWOOD VILLAGE",OFFICER INFORMATION
WASHINGTON COUNTY SHERIFFS OFFICE,COTTAGE GROVE,4/19/2026 7:38:01 PM,WC26018261,"8XXX  89th Street Cir S, COTTAGE GROVE",ASSIST OTHER AGENCY
WASHINGTON COUNTY SHERIFFS OFFICE,COTTAGE GROVE,4/21/2026 3:23:58 PM,WC26018584,"6XXX  - 6998 MANNING AVE S, COTTAGE GROVE",DIRECTED PATROL
WASHINGTON COUNTY SHERIFFS OFFICE,COTTAGE GROVE,4/22/2026 2:42:00 AM,WC26018678,"70TH ST S / GOODVIEW AVE S, COTTAGE GROVE",DWI
WASHINGTON COUNTY SHERIFFS OFFICE,COTTAGE GROVE,4/23/2026 9:10:49 AM,WC26018902,"6XXX  - 6998 MANNING AVE S, COTTAGE GROVE",DIRECTED PATROL
WASHINGTON COUNTY SHERIFFS OFFICE,COTTAGE GROVE,4/23/2026 3:44:58 PM,WC26018969,"13XXX  Ravine Pkwy S, COTTAGE GROVE",WARRANT ARREST
WASHINGTON COUNTY SHERIFFS OFFICE,COTTAGE GROVE,4/23/2026 10:42:00 PM,WC26019014,"HWY 61 SB AT 80TH ST S, COTTAGE GROVE",TRAFFIC STOP
WASHINGTON COUNTY SHERIFFS OFFICE,COTTAGE GROVE,4/25/2026 12:24:00 AM,WC26019276,"HWY 61 NB AT 80TH ST S, COTTAGE GROVE",TRAFFIC STOP
WASHINGTON COUNTY SHERIFFS OFFICE,COTTAGE GROVE,4/25/2026 3:37:27 AM,WC26019304,"8XXX  Hadley Ave S, COTTAGE GROVE",ASSIST OTHER AGENCY
WASHINGTON COUNTY SHERIFFS OFFICE,COTTAGE GROVE,4/25/2026 3:53:37 AM,WC26019306,"7XXX  HEMINGWAY AVE S, COTTAGE GROVE",ASSIST OTHER AGENCY
WASHINGTON COUNTY SHERIFFS OFFICE,COTTAGE GROVE,4/25/2026 10:49:42 AM,WC26019332,"6XXX  70TH ST S, COTTAGE GROVE",ACCIDENT
WASHINGTON COUNTY SHERIFFS OFFICE,DELLWOOD,4/21/2026 3:59:28 AM,WC26018484,"XX DELLWOOD AVE, DELLWOOD",PUBLIC WORKS CONCERN
WASHINGTON COUNTY SHERIFFS OFFICE,DELLWOOD,4/22/2026 3:51:08 PM,WC26018774,"XX Fenlea Cir, DELLWOOD",MEDICAL
WASHINGTON COUNTY SHERIFFS OFFICE,DELLWOOD,4/24/2026 1:16:24 AM,WC26019034,"XX Peninsula Rd, DELLWOOD",MEDICAL
WASHINGTON COUNTY SHERIFFS OFFICE,DENMARK TOWNSHIP,4/19/2026 3:07:06 PM,WC26018218,"13XXX  Point Douglas Dr S, DENMARK TOWNSHIP",BURGLARY
WASHINGTON COUNTY SHERIFFS OFFICE,DENMARK TOWNSHIP,4/19/2026 6:53:43 PM,WC26018254,"6XXX  Peller Ave S, DENMARK TOWNSHIP",FIRE
WASHINGTON COUNTY SHERIFFS OFFICE,DENMARK TOWNSHIP,4/20/2026 1:38:10 PM,WC26018390,"6XXX  Saint Croix Trl S, DENMARK TOWNSHIP",Medical
WASHINGTON COUNTY SHERIFFS OFFICE,DENMARK TOWNSHIP,4/21/2026 10:45:50 AM,WC26018522,"10XXX  Paris Ave S, DENMARK TOWNSHIP",ALARM-BUSINESS/RES/FIRE/MEDICAL/ETC
WASHINGTON COUNTY SHERIFFS OFFICE,DENMARK TOWNSHIP,4/21/2026 1:15:50 PM,WC26018551,"8XXX  Neal Ave S, DENMARK TOWNSHIP",911 ABANDONED/HANGUP/OPEN LINE
WASHINGTON COUNTY SHERIFFS OFFICE,DENMARK TOWNSHIP,4/21/2026 4:40:57 PM,WC26018597,"14XXX  Point Douglas Dr S, DENMARK TOWNSHIP",SUSPICIOUS PERSON/ACTIVITY
WASHINGTON COUNTY SHERIFFS OFFICE,DENMARK TOWNSHIP,4/21/2026 7:39:40 PM,WC26018629,"Saint Croix Trl S / 70th St S, DENMARK TOWNSHIP",TRAFFIC COMPLAINT
WASHINGTON COUNTY SHERIFFS OFFICE,DENMARK TOWNSHIP,4/24/2026 4:32:00 PM,WC26019164,"Highway 61 At Highway 10, DENMARK TOWNSHIP",TRAFFIC STOP
WASHINGTON COUNTY SHERIFFS OFFICE,DENMARK TOWNSHIP,4/24/2026 6:32:22 PM,WC26019191,"14XXX  Point Douglas Dr S, DENMARK TOWNSHIP",FOUND PROPERTY/ITEM
WASHINGTON COUNTY SHERIFFS OFFICE,DENMARK TOWNSHIP,4/24/2026 10:47:29 PM,WC26019252,"12XXX  Point Douglas Dr S, DENMARK TOWNSHIP",WELFARE CHECK
WASHINGTON COUNTY SHERIFFS OFFICE,DENMARK TOWNSHIP,4/25/2026 3:55:05 PM,WC26019359,"Manning Ave S / 70th St S, DENMARK TOWNSHIP",CITIZEN/PUBLIC ASSIST
WASHINGTON COUNTY SHERIFFS OFFICE,FOREST LAKE,4/19/2026 11:20:00 PM,WC26018280,"20XXX -BLK FOREST RD N, FOREST LAKE",DWI
WASHINGTON COUNTY SHERIFFS OFFICE,FOREST LAKE,4/22/2026 9:46:21 PM,WC26018843,"19XXX  Forest Rd N, FOREST LAKE",ASSIST OTHER AGENCY
WASHINGTON COUNTY SHERIFFS OFFICE,GRANT,4/19/2026 4:12:58 AM,WC26018177,"10XXX  Dellwood Rd N, GRANT",MEDICAL
WASHINGTON COUNTY SHERIFFS OFFICE,GRANT,4/19/2026 7:02:00 PM,WC26018256,"Highway 36 & Keats Ave N, GRANT",TRAFFIC STOP
WASHINGTON COUNTY SHERIFFS OFFICE,GRANT,4/20/2026 2:07:00 AM,WC26018129,"Highway 36, GRANT",TRAFFIC STOP
WASHINGTON COUNTY SHERIFFS OFFICE,GRANT,4/20/2026 8:52:53 AM,WC26018327,"Manning Ave N / Dellwood Rd N, GRANT",DRIVING COMPLAINT
WASHINGTON COUNTY SHERIFFS OFFICE,GRANT,4/20/2026 9:20:38 AM,WC26018337,"MANNING TRL N / 110TH ST N, GRANT",DRIVING COMPLAINT
WASHINGTON COUNTY SHERIFFS OFFICE,GRANT,4/20/2026 11:55:56 AM,WC26018369,"3XXX  Briarwood Ave, GRANT",CIVIL MATTER/DISPUTE
WASHINGTON COUNTY SHERIFFS OFFICE,GRANT,4/20/2026 1:31:00 PM,WC26018387,"Highway 36, GRANT",TRAFFIC STOP
WASHINGTON COUNTY SHERIFFS OFFICE,GRANT,4/20/2026 4:45:01 PM,WC26018416,"Lake Elmo Ave N / 75th St N, GRANT",ACCIDENT
WASHINGTON COUNTY SHERIFFS OFFICE,GRANT,4/20/2026 4:57:24 PM,WC26018418,"8XXX  75th St N, GRANT",MEDICAL
WASHINGTON COUNTY SHERIFFS OFFICE,GRANT,4/21/2026 8:33:57 AM,WC26018501,"9XXX  Dellwood Road Ln N, GRANT",MEDICAL
WASHINGTON COUNTY SHERIFFS OFFICE,GRANT,4/21/2026 12:10:26 PM,WC26018535,"9XXX  Jeffrey Blvd N, GRANT",FIRE
WASHINGTON COUNTY SHERIFFS OFFICE,GRANT,4/21/2026 2:08:28 PM,WC26018567,"100th St N / Heron Ave N, GRANT",SUSPICIOUS PERSON/ACTIVITY
WASHINGTON COUNTY SHERIFFS OFFICE,GRANT,4/21/2026 2:30:06 PM,WC26018575,"11XXX  Irish Ave N, GRANT",FIRE
WASHINGTON COUNTY SHERIFFS OFFICE,GRANT,4/22/2026 6:20:36 AM,WC26018693,"75th St N / Kimbro Ave N, GRANT",CITIZEN/PUBLIC ASSIST
WASHINGTON COUNTY SHERIFFS OFFICE,GRANT,4/22/2026 7:51:39 AM,WC26018698,"10XXX  83rd St N, GRANT",SUSPICIOUS PERSON/ACTIVITY
WASHINGTON COUNTY SHERIFFS OFFICE,GRANT,4/22/2026 10:36:34 AM,WC26018732,"11XXX  80th St N, GRANT",FRAUD/SCAM
WASHINGTON COUNTY SHERIFFS OFFICE,GRANT,4/22/2026 1:50:34 PM,WC26018753,"75th St N / Manning Ave N, GRANT",DRIVING COMPLAINT
WASHINGTON COUNTY SHERIFFS OFFICE,GRANT,4/22/2026 4:33:33 PM,WC26018785,"11XXX  Manning Trl N, GRANT",FOLLOW UP
WASHINGTON COUNTY SHERIFFS OFFICE,GRANT,4/23/2026 8:08:36 AM,WC26018894,"Unknown, GRANT",FOLLOW UP
WASHINGTON COUNTY SHERIFFS OFFICE,GRANT,4/23/2026 12:43:24 PM,WC26018936,"8XXX  75th St N, GRANT",911 ABANDONED/HANGUP/OPEN LINE
WASHINGTON COUNTY SHERIFFS OFFICE,GRANT,4/23/2026 3:01:12 PM,WC26018961,"75th St N / Ideal Ave N, GRANT",ACCIDENT
WASHINGTON COUNTY SHERIFFS OFFICE,GRANT,4/24/2026 1:53:35 PM,WC26019138,"8XXX  75th St N, GRANT",MEDICAL
WASHINGTON COUNTY SHERIFFS OFFICE,GRANT,4/24/2026 3:00:29 PM,WC26019147,"XXX Maple St, GRANT",MEDICAL
WASHINGTON COUNTY SHERIFFS OFFICE,GRANT,4/24/2026 3:18:21 PM,WC26019151,"11XXX  Honeye Ave N, GRANT",ACCIDENT
WASHINGTON COUNTY SHERIFFS OFFICE,GRANT,4/24/2026 3:22:33 PM,WC26019149,"9XXX  75th St N, GRANT",MEDICAL
WASHINGTON COUNTY SHERIFFS OFFICE,GRANT,4/24/2026 6:05:28 PM,WC26019181,"6XXX  Keats Ave N, GRANT",ALARM-BUSINESS/RES/FIRE/MEDICAL/ETC
WASHINGTON COUNTY SHERIFFS OFFICE,GRANT,4/24/2026 7:20:00 PM,WC26019200,"Manning Trl N / Manning Avenue Ct N, GRANT",TRAFFIC STOP
WASHINGTON COUNTY SHERIFFS OFFICE,GRANT,4/25/2026 9:50:18 AM,WC26019325,"Manning Ave N / 97th St N, GRANT",ANIMAL COMPLAINT
WASHINGTON COUNTY SHERIFFS OFFICE,GRANT,4/25/2026 12:10:54 PM,WC26019336,"9XXX  83rd St N, GRANT",CITIZEN/PUBLIC ASSIST
WASHINGTON COUNTY SHERIFFS OFFICE,GRANT,4/25/2026 1:37:09 PM,WC26019342,"8XXX  75th St N, GRANT",CITIZEN/PUBLIC ASSIST
WASHINGTON COUNTY SHERIFFS OFFICE,GRANT,4/25/2026 2:35:47 PM,WC26019352,"6XXX  Keats Ave N, GRANT",MEDICAL
WASHINGTON COUNTY SHERIFFS OFFICE,GREY CLOUD ISLAND TOWNSHIP,4/25/2026 10:28:37 AM,WC26019329,"5XXX  105th St S, GREY CLOUD ISLAND TOWNSHIP",ALARM-BUSINESS/RES/FIRE/MEDICAL/ETC
WASHINGTON COUNTY SHERIFFS OFFICE,HUGO,4/19/2026 12:21:33 AM,WC26018153,"6XXX  Egg Lake Rd N, HUGO",TRAFFIC COMPLAINT
WASHINGTON COUNTY SHERIFFS OFFICE,HUGO,4/19/2026 9:33:27 AM,WC26018196,"12XXX  Everton Cir N, HUGO",911 ABANDONED/HANGUP/OPEN LINE
WASHINGTON COUNTY SHERIFFS OFFICE,HUGO,4/19/2026 9:05:37 PM,WC26018266,"14XXX  Empress Ave N, HUGO",MEDICAL
WASHINGTON COUNTY SHERIFFS OFFICE,HUGO,4/20/2026 4:13:31 AM,WC26018311,"Evergreen Dr N / Education Dr N, HUGO",ALARM-BUSINESS/RES/FIRE/MEDICAL/ETC
WASHINGTON COUNTY SHERIFFS OFFICE,HUGO,4/20/2026 6:14:45 AM,WC26018318,"12XXX  Ingersoll Ave N, HUGO",MEDICAL
WASHINGTON COUNTY SHERIFFS OFFICE,HUGO,4/20/2026 9:30:10 AM,WC26018339,"17XXX  Farnham Ave N, HUGO",SUSPICIOUS PERSON/ACTIVITY
WASHINGTON COUNTY SHERIFFS OFFICE,HUGO,4/20/2026 2:34:22 PM,WC26018404,"15XXX  FOREST BLVD N, HUGO",HARASSMENT
WASHINGTON COUNTY SHERIFFS OFFICE,HUGO,4/20/2026 4:55:32 PM,WC26018419,"4XXX  Heritage Pkwy N, HUGO",PROPERTY DAMAGE
WASHINGTON COUNTY SHERIFFS OFFICE,HUGO,4/21/2026 12:33:20 AM,WC26018473,"9XXX  170th St N, HUGO",MEDICAL
WASHINGTON COUNTY SHERIFFS OFFICE,HUGO,4/21/2026 10:37:58 AM,WC26018520,"5XXX  158th St N, HUGO",MEDICAL
WASHINGTON COUNTY SHERIFFS OFFICE,HUGO,4/21/2026 11:57:29 AM,WC26018531,"14XXX  Flay Ave N, HUGO",FOUND PROPERTY/ITEM
WASHINGTON COUNTY SHERIFFS OFFICE,HUGO,4/21/2026 4:01:05 PM,WC26018591,"Unknown, HUGO",CIVIL MATTER/DISPUTE
WASHINGTON COUNTY SHERIFFS OFFICE,HUGO,4/21/2026 5:45:28 PM,WC26018606,"5XXX  157th Way N, HUGO",911 ABANDONED/HANGUP/OPEN LINE
WASHINGTON COUNTY SHERIFFS OFFICE,HUGO,4/21/2026 5:54:31 PM,WC26018607,"14XXX  Fitzgerald Ave N, HUGO",INCIDENT
WASHINGTON COUNTY SHERIFFS OFFICE,HUGO,4/21/2026 6:03:03 PM,WC26018609,"5XXX  Oneka Lake Blvd N, HUGO",THREATS
WASHINGTON COUNTY SHERIFFS OFFICE,HUGO,4/21/2026 6:40:54 PM,WC26018614,"6XXX  170th St N, HUGO",CIVIL MATTER/DISPUTE
WASHINGTON COUNTY SHERIFFS OFFICE,HUGO,4/21/2026 6:46:56 PM,WC26018617,"15XXX  Farnham Ave N, HUGO",ALARM-BUSINESS/RES/FIRE/MEDICAL/ETC
WASHINGTON COUNTY SHERIFFS OFFICE,HUGO,4/21/2026 7:56:58 PM,WC26018627,"8XXX  126th St N, HUGO",911 ABANDONED/HANGUP/OPEN LINE
WASHINGTON COUNTY SHERIFFS OFFICE,HUGO,4/22/2026 6:14:34 AM,WC26018692,"FRENCHMAN RD / FOREST BLVD N, HUGO",ACCIDENT
WASHINGTON COUNTY SHERIFFS OFFICE,HUGO,4/22/2026 9:47:20 AM,WC26018721,"6XXX  157th Ct N, HUGO",ANIMAL COMPLAINT
WASHINGTON COUNTY SHERIFFS OFFICE,HUGO,4/22/2026 3:33:26 PM,WC26018767,"14XXX  Victor Hugo Blvd N, HUGO",ACCIDENT
WASHINGTON COUNTY SHERIFFS OFFICE,HUGO,4/22/2026 4:27:05 PM,WC26018783,"5XXX  134th St N, HUGO",SUSPICIOUS PERSON/ACTIVITY
WASHINGTON COUNTY SHERIFFS OFFICE,HUGO,4/22/2026 5:33:26 PM,WC26018796,"14XXX  Victor Hugo Blvd N, HUGO",TRESPASSING
WASHINGTON COUNTY SHERIFFS OFFICE,HUGO,4/22/2026 8:21:03 PM,WC26018828,"14XXX  Mercantile Dr N, HUGO",THEFT
WASHINGTON COUNTY SHERIFFS OFFICE,HUGO,4/22/2026 9:13:59 PM,WC26018835,"6XXX  170TH ST N, HUGO",FOLLOW UP
WASHINGTON COUNTY SHERIFFS OFFICE,HUGO,4/22/2026 10:56:34 PM,WC26018848,"7XXX  137TH ST N, HUGO",ANIMAL COMPLAINT
WASHINGTON COUNTY SHERIFFS OFFICE,HUGO,4/23/2026 9:57:23 AM,WC26018915,"6XXX  170th St N, HUGO",CIVIL MATTER/DISPUTE
WASHINGTON COUNTY SHERIFFS OFFICE,HUGO,4/23/2026 10:30:51 AM,WC26018920,"4XXX  170TH ST N, HUGO",SUSPICIOUS PERSON/ACTIVITY
WASHINGTON COUNTY SHERIFFS OFFICE,HUGO,4/23/2026 1:39:01 PM,WC26018947,"14XXX  Victor Hugo Blvd N, HUGO",SUSPICIOUS PERSON/ACTIVITY
WASHINGTON COUNTY SHERIFFS OFFICE,HUGO,4/23/2026 2:59:50 PM,WC26018958,"14XXX  Victor Hugo Blvd N, HUGO",911 ABANDONED/HANGUP/OPEN LINE
WASHINGTON COUNTY SHERIFFS OFFICE,HUGO,4/23/2026 5:25:12 PM,WC26018981,"6XXX  135th St N, HUGO",MEDICAL
WASHINGTON COUNTY SHERIFFS OFFICE,HUGO,4/23/2026 8:07:29 PM,WC26018997,"13XXX  Europa Trl N, HUGO",HARASSMENT
WASHINGTON COUNTY SHERIFFS OFFICE,HUGO,4/24/2026 12:00:00 AM,WC26019161,"FOREST BLVD N/148TH ST N, HUGO",TRAFFIC STOP
WASHINGTON COUNTY SHERIFFS OFFICE,HUGO,4/24/2026 8:15:19 AM,WC26019052,"14XXX  Glenbrook Ave N, HUGO",ANIMAL COMPLAINT
WASHINGTON COUNTY SHERIFFS OFFICE,HUGO,4/24/2026 9:05:48 AM,WC26019063,"4XXX  158TH ST N, HUGO",ANIMAL COMPLAINT
WASHINGTON COUNTY SHERIFFS OFFICE,HUGO,4/24/2026 10:02:21 AM,WC26019101,"6XXX  170th St N, HUGO",CIVIL MATTER/DISPUTE
WASHINGTON COUNTY SHERIFFS OFFICE,HUGO,4/24/2026 12:16:30 PM,WC26019120,"6XXX  Oneka Lake Blvd N, HUGO",ANIMAL COMPLAINT
WASHINGTON COUNTY SHERIFFS OFFICE,HUGO,4/24/2026 1:43:01 PM,WC26019135,"14XXX  Empress Ave N, HUGO",SUSPICIOUS PERSON/ACTIVITY
WASHINGTON COUNTY SHERIFFS OFFICE,HUGO,4/24/2026 3:27:06 PM,WC26019150,"Unknown, HUGO",FRAUD/SCAM
WASHINGTON COUNTY SHERIFFS OFFICE,HUGO,4/24/2026 3:52:38 PM,WC26019158,"15XXX  Forest Blvd N, HUGO",PROPERTY DAMAGE
WASHINGTON COUNTY SHERIFFS OFFICE,HUGO,4/24/2026 5:00:21 PM,WC26019169,"14XXX  Francesca Ave N, HUGO",FRAUD/SCAM
WASHINGTON COUNTY SHERIFFS OFFICE,HUGO,4/24/2026 6:09:46 PM,WC26019184,"9XXX  122ND ST N, HUGO",SUICIDE ATTEMPT/THREATS OF
WASHINGTON COUNTY SHERIFFS OFFICE,HUGO,4/24/2026 8:35:06 PM,WC26019220,"16XXX  Jeffrey Ave N, HUGO",ANIMAL COMPLAINT
WASHINGTON COUNTY SHERIFFS OFFICE,HUGO,4/24/2026 9:06:59 PM,WC26019226,"4XXX  Empress Way N, HUGO",ALARM-BUSINESS/RES/FIRE/MEDICAL/ETC
WASHINGTON COUNTY SHERIFFS OFFICE,HUGO,4/24/2026 10:13:25 PM,WC26019244,"4XXX  ROSEMARY WAY N, HUGO",DRIVING COMPLAINT
WASHINGTON COUNTY SHERIFFS OFFICE,HUGO,4/24/2026 11:02:32 PM,WC26019256,"14XXX  Finale Ave N, HUGO",MEDICAL
WASHINGTON COUNTY SHERIFFS OFFICE,HUGO,4/25/2026 9:06:10 PM,WC26019400,"4XXX  158th St N, HUGO",DISTURBANCE
WASHINGTON COUNTY SHERIFFS OFFICE,LAKE ELMO,4/19/2026 8:41:38 AM,WC26018188,"XXX Julia Ave N, LAKE ELMO",ALARM-BUSINESS/RES/FIRE/MEDICAL/ETC
WASHINGTON COUNTY SHERIFFS OFFICE,LAKE ELMO,4/19/2026 9:28:26 AM,WC26018195,"9XXX  Hudson Blvd N, LAKE ELMO",ALARM-BUSINESS/RES/FIRE/MEDICAL/ETC
WASHINGTON COUNTY SHERIFFS OFFICE,LAKE ELMO,4/19/2026 11:11:36 AM,WC26018200,"JAMACA AVE N / JAMACA BLVD N, LAKE ELMO",ANIMAL COMPLAINT
WASHINGTON COUNTY SHERIFFS OFFICE,LAKE ELMO,4/19/2026 1:44:45 PM,WC26018210,"1XXX  Palmer Dr N, LAKE ELMO",ALARM-BUSINESS/RES/FIRE/MEDICAL/ETC
WASHINGTON COUNTY SHERIFFS OFFICE,LAKE ELMO,4/19/2026 3:56:00 PM,WC26018225,"XXX Cimarron, LAKE ELMO",FRAUD/SCAM
WASHINGTON COUNTY SHERIFFS OFFICE,LAKE ELMO,4/19/2026 4:16:00 PM,WC26018226,"LAKE ELMO AV & 10TH ST N, LAKE ELMO",TRAFFIC STOP
WASHINGTON COUNTY SHERIFFS OFFICE,LAKE ELMO,4/19/2026 6:06:08 PM,WC26018243,"XXX JEWEL AVE N, LAKE ELMO",ANIMAL COMPLAINT
WASHINGTON COUNTY SHERIFFS OFFICE,LAKE ELMO,4/19/2026 6:30:58 PM,WC26018249,"9XXX  Jade Way N, LAKE ELMO",911 ABANDONED/HANGUP/OPEN LINE
WASHINGTON COUNTY SHERIFFS OFFICE,LAKE ELMO,4/19/2026 6:52:19 PM,WC26018252,"3XXX  Laverne Ave N, LAKE ELMO",CITIZEN/PUBLIC ASSIST
WASHINGTON COUNTY SHERIFFS OFFICE,LAKE ELMO,4/19/2026 11:36:35 PM,WC26018282,"3XXX  Lake Elmo Ave N, LAKE ELMO",SUSPICIOUS PERSON/ACTIVITY
WASHINGTON COUNTY SHERIFFS OFFICE,LAKE ELMO,4/20/2026 12:26:51 AM,WC26018285,"10TH ST N / LAKE ELMO AVE N, LAKE ELMO",TRAFFIC STOP
WASHINGTON COUNTY SHERIFFS OFFICE,LAKE ELMO,4/20/2026 8:22:07 AM,WC26018325,"3XXX  Lake Elmo Ave N, LAKE ELMO",FOLLOW UP
WASHINGTON COUNTY SHERIFFS OFFICE,LAKE ELMO,4/20/2026 8:46:42 AM,WC26018326,"Hwy 36 Wb Jeo Keats Ave N, LAKE ELMO",ACCIDENT
WASHINGTON COUNTY SHERIFFS OFFICE,LAKE ELMO,4/20/2026 8:58:00 AM,WC26018330,"10XXX  - 10999 Highway 36, LAKE ELMO",TRAFFIC STOP
WASHINGTON COUNTY SHERIFFS OFFICE,LAKE ELMO,4/20/2026 10:59:58 AM,WC26018360,"2XXX  Lisbon Avenue Ct N, LAKE ELMO",FRAUD/SCAM
WASHINGTON COUNTY SHERIFFS OFFICE,LAKE ELMO,4/20/2026 11:13:50 AM,WC26018365,"11XXX  Upper 31st St N, LAKE ELMO",OFFICER INFORMATION
WASHINGTON COUNTY SHERIFFS OFFICE,LAKE ELMO,4/20/2026 11:53:35 AM,WC26018368,"Unknown, LAKE ELMO",CITIZEN/PUBLIC ASSIST
WASHINGTON COUNTY SHERIFFS OFFICE,LAKE ELMO,4/20/2026 2:14:46 PM,WC26018396,"3XXX  Lake Elmo Ave N, LAKE ELMO",FOLLOW UP
WASHINGTON COUNTY SHERIFFS OFFICE,LAKE ELMO,4/20/2026 2:43:55 PM,WC26018403,"10TH ST N / KEATS AVE N, LAKE ELMO",ACCIDENT
WASHINGTON COUNTY SHERIFFS OFFICE,LAKE ELMO,4/20/2026 4:19:04 PM,WC26018414,"XXX Cimarron, LAKE ELMO",TRAFFIC COMPLAINT
WASHINGTON COUNTY SHERIFFS OFFICE,LAKE ELMO,4/20/2026 5:03:00 PM,WC26018421,"1XXX  KEATS AVE N, LAKE ELMO",PARKING VIOLATION
WASHINGTON COUNTY SHERIFFS OFFICE,LAKE ELMO,4/20/2026 5:23:00 PM,WC26018426,"2XXX  KEATS AVE N, LAKE ELMO",PARKING VIOLATION
WASHINGTON COUNTY SHERIFFS OFFICE,LAKE ELMO,4/20/2026 5:26:54 PM,WC26018427,"Manning Ave N / Hudson Blvd N, LAKE ELMO",DRIVING COMPLAINT
WASHINGTON COUNTY SHERIFFS OFFICE,LAKE ELMO,4/20/2026 6:02:37 PM,WC26018428,"8XXX  EAGLE POINT BLVD, LAKE ELMO",ALARM-BUSINESS/RES/FIRE/MEDICAL/ETC
WASHINGTON COUNTY SHERIFFS OFFICE,LAKE ELMO,4/20/2026 8:59:28 PM,WC26018449,"2XXX  Lisbon Ave N, LAKE ELMO",ALARM-BUSINESS/RES/FIRE/MEDICAL/ETC
WASHINGTON COUNTY SHERIFFS OFFICE,LAKE ELMO,4/20/2026 9:32:12 PM,WC26018455,"4XXX  Stillwater Way N, LAKE ELMO",DISORDERLY CONDUCT
WASHINGTON COUNTY SHERIFFS OFFICE,LAKE ELMO,4/20/2026 11:17:25 PM,WC26018465,"Hudson Blvd N / Keats Ave N, LAKE ELMO",WELFARE CHECK
WASHINGTON COUNTY SHERIFFS OFFICE,LAKE ELMO,4/21/2026 7:42:45 AM,WC26018494,"11XXX  35th St N, LAKE ELMO",DISABLED VEHICLE
WASHINGTON COUNTY SHERIFFS OFFICE,LAKE ELMO,4/21/2026 12:04:00 PM,WC26018534,"Highway 36, LAKE ELMO",TRAFFIC STOP
WASHINGTON COUNTY SHERIFFS OFFICE,LAKE ELMO,4/21/2026 3:02:00 PM,WC26018581,"2XXX  - 2998 LAKE ELMO AVE N, LAKE ELMO",TRAFFIC STOP
WASHINGTON COUNTY SHERIFFS OFFICE,LAKE ELMO,4/21/2026 4:43:33 PM,WC26018598,"3XXX  Linden Ln N, LAKE ELMO",DRIVING COMPLAINT
WASHINGTON COUNTY SHERIFFS OFFICE,LAKE ELMO,4/21/2026 5:24:09 PM,WC26018602,"Lake Elmo, LAKE ELMO",WATER COMPLAINT
WASHINGTON COUNTY SHERIFFS OFFICE,LAKE ELMO,4/21/2026 6:33:38 PM,WC26018611,"30th St N / Lake Elmo Ave N, LAKE ELMO",WATER COMPLAINT
WASHINGTON COUNTY SHERIFFS OFFICE,LAKE ELMO,4/21/2026 7:20:14 PM,WC26018626,"8XXX  Lake Jane Trl N, LAKE ELMO",NUISANCE
WASHINGTON COUNTY SHERIFFS OFFICE,LAKE ELMO,4/21/2026 9:34:02 PM,WC26018638,"XXX Julep Ave N, LAKE ELMO",THEFT
WASHINGTON COUNTY SHERIFFS OFFICE,LAKE ELMO,4/21/2026 10:03:36 PM,WC26018641,"XXX JULEP AVE N, LAKE ELMO",ASSAULT
WASHINGTON COUNTY SHERIFFS OFFICE,LAKE ELMO,4/22/2026 12:00:00 AM,WC26018759,"11XXX  30TH ST N, LAKE ELMO",child explotation
WASHINGTON COUNTY SHERIFFS OFFICE,LAKE ELMO,4/22/2026 8:09:29 AM,WC26018699,"Hwy 36 Eb At Lake Elmo Ave N, LAKE ELMO",MEDICAL
WASHINGTON COUNTY SHERIFFS OFFICE,LAKE ELMO,4/22/2026 11:04:25 AM,WC26018734,"5XXX  Lake Elmo Ave N, LAKE ELMO",MEDICAL
WASHINGTON COUNTY SHERIFFS OFFICE,LAKE ELMO,4/22/2026 11:38:43 AM,WC26018740,"8XXX  Hudson Blvd N, LAKE ELMO",SUICIDE ATTEMPT/THREATS OF
WASHINGTON COUNTY SHERIFFS OFFICE,LAKE ELMO,4/22/2026 3:38:39 PM,WC26018771,"XX Cimarron, LAKE ELMO",MISSING PERSON
WASHINGTON COUNTY SHERIFFS OFFICE,LAKE ELMO,4/22/2026 3:51:00 PM,WC26018773,"I94 WB TO INWOOD AVE N RAMP, LAKE ELMO",TRAFFIC STOP
WASHINGTON COUNTY SHERIFFS OFFICE,LAKE ELMO,4/22/2026 4:48:20 PM,WC26018787,"XXX Jade Trl N, LAKE ELMO",911 ABANDONED/HANGUP/OPEN LINE
WASHINGTON COUNTY SHERIFFS OFFICE,LAKE ELMO,4/22/2026 7:12:55 PM,WC26018818,"8XXX  LAKE JANE TRL N, LAKE ELMO",PARK COMPLAINT
WASHINGTON COUNTY SHERIFFS OFFICE,LAKE ELMO,4/22/2026 7:30:33 PM,WC26018819,"XXX Cimarron, LAKE ELMO",CHILD CUSTODY
WASHINGTON COUNTY SHERIFFS OFFICE,LAKE ELMO,4/23/2026 8:22:00 AM,WC26018779,"Stillwater Blvd N / Mcdonald Dr N, LAKE ELMO",ACCIDENT
WASHINGTON COUNTY SHERIFFS OFFICE,LAKE ELMO,4/23/2026 8:38:52 AM,WC26018895,"3XXX  KEATS AVE N, LAKE ELMO",OTHER
WASHINGTON COUNTY SHERIFFS OFFICE,LAKE ELMO,4/23/2026 8:39:55 AM,WC26018898,"4XXX  Stillwater Way N, LAKE ELMO",VEHICLE UNLOCK
WASHINGTON COUNTY SHERIFFS OFFICE,LAKE ELMO,4/23/2026 10:09:49 AM,WC26018918,"3XXX  Lake Elmo Ave N, LAKE ELMO",CIVIL MATTER/DISPUTE
WASHINGTON COUNTY SHERIFFS OFFICE,LAKE ELMO,4/23/2026 11:08:47 AM,WC26018924,"XXX Ivywood Cir N, LAKE ELMO",FRAUD/SCAM
WASHINGTON COUNTY SHERIFFS OFFICE,LAKE ELMO,4/23/2026 11:24:08 AM,WC26018925,"8XXX  Lake Jane Trl N, LAKE ELMO",NOISE COMPLAINT/DISTURBANCE
WASHINGTON COUNTY SHERIFFS OFFICE,LAKE ELMO,4/23/2026 12:32:06 PM,WC26018932,"1XXX  Ivy Ave N, LAKE ELMO",PROPERTY DAMAGE
WASHINGTON COUNTY SHERIFFS OFFICE,LAKE ELMO,4/23/2026 6:40:00 PM,WC26018990,"Inwood Ave N / 3rd St N, LAKE ELMO",TRAFFIC STOP
WASHINGTON COUNTY SHERIFFS OFFICE,LAKE ELMO,4/23/2026 9:28:02 PM,WC26019005,"8XXX  59th St N, LAKE ELMO",MEDICAL
WASHINGTON COUNTY SHERIFFS OFFICE,LAKE ELMO,4/23/2026 10:49:03 PM,WC26019017,"5TH ST N / INWOOD AVE N, LAKE ELMO",MOTORIST ASSIST
WASHINGTON COUNTY SHERIFFS OFFICE,LAKE ELMO,4/24/2026 12:14:21 AM,WC26019027,"GOOSE LAKE, LAKE ELMO",SUSPICIOUS PERSON/ACTIVITY
WASHINGTON COUNTY SHERIFFS OFFICE,LAKE ELMO,4/24/2026 12:52:25 AM,WC26019032,"XXX CIMARRON, LAKE ELMO",DRUNK/INTOXICATED 
WASHINGTON COUNTY SHERIFFS OFFICE,LAKE ELMO,4/24/2026 8:16:33 AM,WC26019053,"XX Cimarron, LAKE ELMO",MEDICAL
WASHINGTON COUNTY SHERIFFS OFFICE,LAKE ELMO,4/24/2026 10:39:06 AM,WC26019106,"8XXX  9th Pl N, LAKE ELMO",SUSPICIOUS PERSON/ACTIVITY
WASHINGTON COUNTY SHERIFFS OFFICE,LAKE ELMO,4/24/2026 12:49:11 PM,WC26019123,"Hwy 36 Eb At Lake Elmo Ave N, LAKE ELMO",MOTORIST ASSIST
WASHINGTON COUNTY SHERIFFS OFFICE,LAKE ELMO,4/24/2026 1:11:41 PM,WC26019128,"11XXX  Stillwater Blvd N, LAKE ELMO",SUSPICIOUS PERSON/ACTIVITY
WASHINGTON COUNTY SHERIFFS OFFICE,LAKE ELMO,4/24/2026 1:24:26 PM,WC26019131,"2XXX  Innsdale Ave N, LAKE ELMO",ACCIDENT
WASHINGTON COUNTY SHERIFFS OFFICE,LAKE ELMO,4/24/2026 1:30:07 PM,WC26019132,"Unknown, LAKE ELMO",FOLLOW UP
WASHINGTON COUNTY SHERIFFS OFFICE,LAKE ELMO,4/24/2026 6:23:29 PM,WC26019190,"XXX Jade Trl N, LAKE ELMO",CIVIL MATTER/DISPUTE
WASHINGTON COUNTY SHERIFFS OFFICE,LAKE ELMO,4/24/2026 7:05:01 PM,WC26019198,"8XXX  Hill Trl N, LAKE ELMO",FRAUD/SCAM
WASHINGTON COUNTY SHERIFFS OFFICE,LAKE ELMO,4/24/2026 7:15:21 PM,WC26019199,"8XXX  Lake Jane Trl N, LAKE ELMO",ORDINANCE VIOLATION
WASHINGTON COUNTY SHERIFFS OFFICE,LAKE ELMO,4/24/2026 7:31:00 PM,WC26019204,"XXX Cimarron, LAKE ELMO",CHILD CUSTODY
WASHINGTON COUNTY SHERIFFS OFFICE,LAKE ELMO,4/24/2026 10:34:00 PM,WC26019249,"Highway 36 & DEMONTREVILLE TRL N, LAKE ELMO",TRAFFIC STOP
WASHINGTON COUNTY SHERIFFS OFFICE,LAKE ELMO,4/24/2026 11:59:00 PM,WC26019218,"EB HWY 36 / DEMONTREVILLE TRL N, LAKE ELMO",TRAFFIC STOP
WASHINGTON COUNTY SHERIFFS OFFICE,LAKE ELMO,4/25/2026 2:32:00 AM,WC26019286,"10TH ST N & KEATS AVE N, LAKE ELMO",DWI
WASHINGTON COUNTY SHERIFFS OFFICE,LAKE ELMO,4/25/2026 2:35:09 AM,WC26019301,"XXX Julep Ave N, LAKE ELMO",FOLLOW UP
WASHINGTON COUNTY SHERIFFS OFFICE,LAKE ELMO,4/25/2026 6:24:52 PM,WC26019379,"11XXX  Upper 33rd St N, LAKE ELMO",ATV/OHV COMPLAINT
WASHINGTON COUNTY SHERIFFS OFFICE,LAKE ELMO,4/25/2026 6:36:00 PM,WC26019381,"HWY 36 WB AT LAKE ELMO AVE N, LAKE ELMO",TRAFFIC STOP
WASHINGTON COUNTY SHERIFFS OFFICE,LAKE ELMO,4/25/2026 7:14:34 PM,WC26019385,"8XXX  Lake Jane Trl N, LAKE ELMO",ORDINANCE VIOLATION
WASHINGTON COUNTY SHERIFFS OFFICE,LAKE ELMO,4/25/2026 8:40:22 PM,WC26019394,"XXX Cimarron, LAKE ELMO",ASSAULT
WASHINGTON COUNTY SHERIFFS OFFICE,LAKE ELMO,4/25/2026 9:00:19 PM,WC26019398,"10XXX  3RD STREET PL N, LAKE ELMO",CIVIL MATTER/DISPUTE
WASHINGTON COUNTY SHERIFFS OFFICE,LAKE ELMO,4/25/2026 9:00:33 PM,WC26019399,"8XXX  Lake Jane Trl N, LAKE ELMO",ALARM-BUSINESS/RES/FIRE/MEDICAL/ETC
WASHINGTON COUNTY SHERIFFS OFFICE,LAKE ELMO,4/25/2026 9:36:00 PM,WC26019406,"10TH ST N / KEATS AVE N, LAKE ELMO",TRAFFIC STOP
WASHINGTON COUNTY SHERIFFS OFFICE,LAKE ELMO,4/25/2026 11:18:28 PM,WC26019427,"9XXX  Hudson Blvd N, LAKE ELMO",WELFARE CHECK
WASHINGTON COUNTY SHERIFFS OFFICE,LAKE SAINT CROIX BEACH,4/19/2026 12:54:24 PM,WC26018206,"1XXX  Saint Croix Trl S, LAKE SAINT CROIX BEACH",OFFICER INFORMATION
WASHINGTON COUNTY SHERIFFS OFFICE,LAKE SAINT CROIX BEACH,4/20/2026 9:24:00 PM,WC26018453,"2XXX  Quebec Ave S, LAKE SAINT CROIX BEACH",MEDICAL
WASHINGTON COUNTY SHERIFFS OFFICE,LAKE SAINT CROIX BEACH,4/25/2026 11:28:20 PM,WC26019428,"16XXX  18th St S, LAKE SAINT CROIX BEACH",WELFARE CHECK
WASHINGTON COUNTY SHERIFFS OFFICE,LAKELAND,4/19/2026 4:21:03 PM,WC26018227,"XXX Quinmore Ave N, LAKELAND",FOUND PROPERTY/ITEM
WASHINGTON COUNTY SHERIFFS OFFICE,LAKELAND,4/19/2026 6:27:51 PM,WC26018247,"XXX Quinnell Ave N, LAKELAND",911 ABANDONED/HANGUP/OPEN LINE
WASHINGTON COUNTY SHERIFFS OFFICE,LAKELAND,4/19/2026 9:43:30 PM,WC26018272,"XXX Quant Ave N, LAKELAND",SUSPICIOUS PERSON/ACTIVITY
WASHINGTON COUNTY SHERIFFS OFFICE,LAKELAND,4/19/2026 10:01:58 PM,WC26018273,"XX Quant Ave N, LAKELAND",FOLLOW UP
WASHINGTON COUNTY SHERIFFS OFFICE,LAKELAND,4/19/2026 11:11:12 PM,WC26018279,"1XXX  Quentin Ave S, LAKELAND",ALARM-BUSINESS/RES/FIRE/MEDICAL/ETC
WASHINGTON COUNTY SHERIFFS OFFICE,LAKELAND,4/20/2026 2:15:20 PM,WC26018395,"Quality Ave N / 1st St N, LAKELAND",911 ABANDONED/HANGUP/OPEN LINE
WASHINGTON COUNTY SHERIFFS OFFICE,LAKELAND,4/21/2026 12:27:17 PM,WC26018538,"16XXX  7th St S, LAKELAND",911 ABANDONED/HANGUP/OPEN LINE
WASHINGTON COUNTY SHERIFFS OFFICE,LAKELAND,4/21/2026 4:43:15 PM,WC26018596,"16XXX  6th St N, LAKELAND",911 ABANDONED/HANGUP/OPEN LINE
WASHINGTON COUNTY SHERIFFS OFFICE,LAKELAND,4/21/2026 5:01:04 PM,WC26018599,"XXX Quixote Ave N, LAKELAND",ANIMAL COMPLAINT
WASHINGTON COUNTY SHERIFFS OFFICE,LAKELAND,4/21/2026 5:43:26 PM,WC26018605,"XXX Quixote Ave N, LAKELAND",FOLLOW UP
WASHINGTON COUNTY SHERIFFS OFFICE,LAKELAND,4/22/2026 5:31:32 PM,WC26018795,"I94 BRIDGE (HUDSON): I94 WB - MN, LAKELAND",ASSIST OTHER AGENCY
WASHINGTON COUNTY SHERIFFS OFFICE,LAKELAND,4/22/2026 8:59:00 PM,WC26018832,"XXX Saint Croix Trl S, LAKELAND",SUSPICIOUS PERSON/ACTIVITY
WASHINGTON COUNTY SHERIFFS OFFICE,LAKELAND,4/23/2026 9:17:34 PM,WC26019004,"XX Saint Croix Trl S, LAKELAND",ACCIDENT
WASHINGTON COUNTY SHERIFFS OFFICE,LAKELAND,4/24/2026 3:44:24 PM,WC26019154,"XX Saint Croix Trl S, LAKELAND",FOLLOW UP
WASHINGTON COUNTY SHERIFFS OFFICE,LAKELAND,4/25/2026 3:46:23 PM,WC26019357,"XXX SAINT CROIX TRL S, LAKELAND",OTHER
WASHINGTON COUNTY SHERIFFS OFFICE,LAKELAND,4/25/2026 8:06:16 PM,WC26019391,"16XXX  6th St N, LAKELAND",MEDICAL
WASHINGTON COUNTY SHERIFFS OFFICE,LAKELAND,4/25/2026 11:07:01 PM,WC26019424,"XXX Saint Croix Trl S, LAKELAND",ALARM-BUSINESS/RES/FIRE/MEDICAL/ETC
WASHINGTON COUNTY SHERIFFS OFFICE,LANDFALL,4/20/2026 2:39:49 PM,WC26018405,"XX 2nd Ave, LANDFALL",911 ABANDONED/HANGUP/OPEN LINE
WASHINGTON COUNTY SHERIFFS OFFICE,LANDFALL,4/20/2026 6:24:19 PM,WC26018430,"XX - 59 ASPEN WAY, LANDFALL",COMMUNITY CONTACT
WASHINGTON COUNTY SHERIFFS OFFICE,LANDFALL,4/20/2026 8:09:15 PM,WC26018439,"XX Heather Way, LANDFALL",HARASSMENT
WASHINGTON COUNTY SHERIFFS OFFICE,LANDFALL,4/21/2026 9:29:36 AM,WC26018511,"XX 2nd Ave, LANDFALL",911 ABANDONED/HANGUP/OPEN LINE
WASHINGTON COUNTY SHERIFFS OFFICE,LANDFALL,4/21/2026 4:31:40 PM,WC26018595,"XX 3rd Ave, LANDFALL",MOTOR VEHICLE THEFT
WASHINGTON COUNTY SHERIFFS OFFICE,LANDFALL,4/22/2026 7:29:24 PM,WC26018820,"XX Birch Ln, LANDFALL",MEDICAL
WASHINGTON COUNTY SHERIFFS OFFICE,LANDFALL,4/22/2026 9:59:05 PM,WC26018842,"XXX Dellwood Sq S, LANDFALL",911 ABANDONED/HANGUP/OPEN LINE
WASHINGTON COUNTY SHERIFFS OFFICE,LANDFALL,4/23/2026 1:07:20 AM,WC26018859,"XXX Dellwood Sq N, LANDFALL",911 ABANDONED/HANGUP/OPEN LINE
WASHINGTON COUNTY SHERIFFS OFFICE,LANDFALL,4/23/2026 8:03:47 AM,WC26018889,"XX 3rd Ave, LANDFALL",FOLLOW UP
WASHINGTON COUNTY SHERIFFS OFFICE,LANDFALL,4/23/2026 10:05:47 PM,WC26019012,"XX GARDEN GLN, LANDFALL",WELFARE CHECK
WASHINGTON COUNTY SHERIFFS OFFICE,LANDFALL,4/23/2026 11:39:55 PM,WC26019021,"XX Evergreen Dr, LANDFALL",NOISE COMPLAINT/DISTURBANCE
WASHINGTON COUNTY SHERIFFS OFFICE,LANDFALL,4/24/2026 1:03:14 AM,WC26019037,"XX Evergreen Dr, LANDFALL",NOISE COMPLAINT/DISTURBANCE
WASHINGTON COUNTY SHERIFFS OFFICE,LANDFALL,4/25/2026 2:58:16 AM,WC26019300,"XX Linden Ln, LANDFALL",MEDICAL
WASHINGTON COUNTY SHERIFFS OFFICE,MAHTOMEDI,4/19/2026 6:53:09 AM,WC26018183,"1XXX  Mahtomedi Ave, MAHTOMEDI",ALARM-BUSINESS/RES/FIRE/MEDICAL/ETC
WASHINGTON COUNTY SHERIFFS OFFICE,MAHTOMEDI,4/19/2026 8:45:26 AM,WC26018191,"XXX Quail St, MAHTOMEDI",MEDICAL
WASHINGTON COUNTY SHERIFFS OFFICE,MAHTOMEDI,4/19/2026 9:12:25 AM,WC26018192,"XXX - 999 LINCOLNTOWN AVE, MAHTOMEDI",SUSPICIOUS PERSON/ACTIVITY
WASHINGTON COUNTY SHERIFFS OFFICE,MAHTOMEDI,4/19/2026 9:14:36 AM,WC26018193,"XXX Jesse James Ln, MAHTOMEDI",RUNAWAY
WASHINGTON COUNTY SHERIFFS OFFICE,MAHTOMEDI,4/19/2026 12:28:42 PM,WC26018204,"1XXX  Warner Ave N, MAHTOMEDI",CITIZEN/PUBLIC ASSIST
WASHINGTON COUNTY SHERIFFS OFFICE,MAHTOMEDI,4/19/2026 3:36:50 PM,WC26018223,"XXX Woodland Ct, MAHTOMEDI",VEHICLE TAMPERING
WASHINGTON COUNTY SHERIFFS OFFICE,MAHTOMEDI,4/19/2026 6:18:41 PM,WC26018246,"XXX Jesse James Ln, MAHTOMEDI",FOLLOW UP
WASHINGTON COUNTY SHERIFFS OFFICE,MAHTOMEDI,4/19/2026 10:24:49 PM,WC26018274,"XX Mahtomedi Ave, MAHTOMEDI",MEDICAL
WASHINGTON COUNTY SHERIFFS OFFICE,MAHTOMEDI,4/20/2026 2:30:04 AM,WC26018297,"XXX Hallam Ave S, MAHTOMEDI",911 ABANDONED/HANGUP/OPEN LINE
WASHINGTON COUNTY SHERIFFS OFFICE,MAHTOMEDI,4/20/2026 8:59:04 AM,WC26018329,"XXX WOODLAND CT, MAHTOMEDI",WELFARE CHECK
WASHINGTON COUNTY SHERIFFS OFFICE,MAHTOMEDI,4/20/2026 10:27:51 AM,WC26018352,"XXX Mahtomedi Ave, MAHTOMEDI",ex
WASHINGTON COUNTY SHERIFFS OFFICE,MAHTOMEDI,4/20/2026 10:53:47 AM,WC26018358,"XXX JUNIPER ST, MAHTOMEDI",FAMILY ASSIST
WASHINGTON COUNTY SHERIFFS OFFICE,MAHTOMEDI,4/20/2026 12:17:33 PM,WC26018371,"XXX Wildwood Rd, MAHTOMEDI",CITIZEN/PUBLIC ASSIST
WASHINGTON COUNTY SHERIFFS OFFICE,MAHTOMEDI,4/20/2026 1:37:35 PM,WC26018388,"XXX East Ave, MAHTOMEDI",INDECENT EXPOSURE
WASHINGTON COUNTY SHERIFFS OFFICE,MAHTOMEDI,4/20/2026 6:27:00 PM,WC26018431,"XXX STILLWATER RD, MAHTOMEDI",PARKING VIOLATION
WASHINGTON COUNTY SHERIFFS OFFICE,MAHTOMEDI,4/20/2026 8:12:36 PM,WC26018440,"XXX Dartmoor Rd, MAHTOMEDI",WELFARE CHECK
WASHINGTON COUNTY SHERIFFS OFFICE,MAHTOMEDI,4/20/2026 9:24:25 PM,WC26018452,"XXX WILDWOOD RD, MAHTOMEDI",SUSPICIOUS PERSON/ACTIVITY
WASHINGTON COUNTY SHERIFFS OFFICE,MAHTOMEDI,4/20/2026 9:31:44 PM,WC26018456,"Wildwood Rd / Century Ave N, MAHTOMEDI",CITIZEN/PUBLIC ASSIST
WASHINGTON COUNTY SHERIFFS OFFICE,MAHTOMEDI,4/21/2026 8:19:14 AM,WC26018497,"XXX East Ave, MAHTOMEDI",MEDICAL
WASHINGTON COUNTY SHERIFFS OFFICE,MAHTOMEDI,4/21/2026 8:31:43 AM,WC26018500,"XXX Wildridge Ct, MAHTOMEDI",ANIMAL COMPLAINT
WASHINGTON COUNTY SHERIFFS OFFICE,MAHTOMEDI,4/21/2026 9:07:00 AM,WC26018503,"Century Ave / I694 Wb To Century Ave N Ramp, MAHTOMEDI",TRAFFIC STOP
WASHINGTON COUNTY SHERIFFS OFFICE,MAHTOMEDI,4/21/2026 9:19:00 AM,WC26018505,"XX Century Ave / Century Ave N, MAHTOMEDI",TRAFFIC STOP
WASHINGTON COUNTY SHERIFFS OFFICE,MAHTOMEDI,4/21/2026 10:02:00 AM,WC26018516,"XXX - 649 WILDWOOD RD, MAHTOMEDI",TRAFFIC STOP
WASHINGTON COUNTY SHERIFFS OFFICE,MAHTOMEDI,4/21/2026 10:36:05 AM,WC26018519,"XXX Wildwood Rd, MAHTOMEDI",WELFARE CHECK
WASHINGTON COUNTY SHERIFFS OFFICE,MAHTOMEDI,4/21/2026 1:20:54 PM,WC26018553,"EAST AVE / DAHLIA ST, MAHTOMEDI",TRAFFIC STOP
WASHINGTON COUNTY SHERIFFS OFFICE,MAHTOMEDI,4/21/2026 1:42:31 PM,WC26018560,"XXX Mcgregor Ave N, MAHTOMEDI",FRAUD/SCAM
WASHINGTON COUNTY SHERIFFS OFFICE,MAHTOMEDI,4/21/2026 3:17:33 PM,WC26018583,"Unknown, MAHTOMEDI",FOLLOW UP
WASHINGTON COUNTY SHERIFFS OFFICE,MAHTOMEDI,4/21/2026 3:38:07 PM,WC26018586,"XXX JESSE JAMES LN, MAHTOMEDI",FOLLOW UP
WASHINGTON COUNTY SHERIFFS OFFICE,MAHTOMEDI,4/21/2026 6:47:34 PM,WC26018616,"Unknown, MAHTOMEDI",OFFICER INFORMATION
WASHINGTON COUNTY SHERIFFS OFFICE,MAHTOMEDI,4/21/2026 7:12:19 PM,WC26018623,"XXX Wedgewood Dr, MAHTOMEDI",ANIMAL BITE
WASHINGTON COUNTY SHERIFFS OFFICE,MAHTOMEDI,4/21/2026 7:18:25 PM,WC26018625,"XXX Woodland Ct, MAHTOMEDI",FAMILY ASSIST
WASHINGTON COUNTY SHERIFFS OFFICE,MAHTOMEDI,4/21/2026 9:20:01 PM,WC26018635,"XXX EAST AVE, MAHTOMEDI",WARRANT ATTEMPT
WASHINGTON COUNTY SHERIFFS OFFICE,MAHTOMEDI,4/21/2026 10:05:13 PM,WC26018642,"XXX KALE ST, MAHTOMEDI",CIVIL MATTER/DISPUTE
WASHINGTON COUNTY SHERIFFS OFFICE,MAHTOMEDI,4/21/2026 10:07:40 PM,WC26018643,"XX Iris St, MAHTOMEDI",SUSPICIOUS PERSON/ACTIVITY
WASHINGTON COUNTY SHERIFFS OFFICE,MAHTOMEDI,4/21/2026 10:13:00 PM,WC26018644,"HILTON TRL N / 69TH ST N, MAHTOMEDI",TRAFFIC STOP
WASHINGTON COUNTY SHERIFFS OFFICE,MAHTOMEDI,4/21/2026 10:16:10 PM,WC26018645,"1XXX  Griffin Ave, MAHTOMEDI",MEDICAL
WASHINGTON COUNTY SHERIFFS OFFICE,MAHTOMEDI,4/22/2026 5:40:17 AM,WC26018686,"XXX MAHTOMEDI AVE, MAHTOMEDI",DIRECTED PATROL
WASHINGTON COUNTY SHERIFFS OFFICE,MAHTOMEDI,4/22/2026 5:58:20 AM,WC26018689,"XXX - 649 WILDWOOD RD, MAHTOMEDI",TRAFFIC STOP
WASHINGTON COUNTY SHERIFFS OFFICE,MAHTOMEDI,4/22/2026 7:24:14 AM,WC26018695,"XX Hickory St, MAHTOMEDI",MEDICAL
WASHINGTON COUNTY SHERIFFS OFFICE,MAHTOMEDI,4/22/2026 7:44:52 AM,WC26018696,"Stillwater Rd / Hilton Trl N, MAHTOMEDI",ROAD HAZARD
WASHINGTON COUNTY SHERIFFS OFFICE,MAHTOMEDI,4/22/2026 11:25:56 AM,WC26018738,"XXX Wedgewood Dr, MAHTOMEDI",OFFICER INFORMATION
WASHINGTON COUNTY SHERIFFS OFFICE,MAHTOMEDI,4/22/2026 11:29:37 AM,WC26018739,"1XXX  Griffin Ave, MAHTOMEDI",ANIMAL BITE
WASHINGTON COUNTY SHERIFFS OFFICE,MAHTOMEDI,4/22/2026 11:52:08 AM,WC26018741,"Unknown, MAHTOMEDI",FOLLOW UP
WASHINGTON COUNTY SHERIFFS OFFICE,MAHTOMEDI,4/22/2026 12:00:13 PM,WC26018742,"XX Mahtomedi Ave, MAHTOMEDI",MEDICAL
WASHINGTON COUNTY SHERIFFS OFFICE,MAHTOMEDI,4/22/2026 12:26:45 PM,WC26018744,"XXX Griffin Ct, MAHTOMEDI",MEDICAL
WASHINGTON COUNTY SHERIFFS OFFICE,MAHTOMEDI,4/22/2026 3:37:53 PM,WC26018772,"Unknown, MAHTOMEDI",FOLLOW UP
WASHINGTON COUNTY SHERIFFS OFFICE,MAHTOMEDI,4/22/2026 4:25:15 PM,WC26018782,"Unknown, MAHTOMEDI",OFFICER INFORMATION
WASHINGTON COUNTY SHERIFFS OFFICE,MAHTOMEDI,4/22/2026 4:47:42 PM,WC26018789,"XXX Ridge Way, MAHTOMEDI",TRESPASSING
WASHINGTON COUNTY SHERIFFS OFFICE,MAHTOMEDI,4/22/2026 6:13:00 PM,WC26018807,"XX Mahtomedi Ave, MAHTOMEDI",DISTURBANCE
WASHINGTON COUNTY SHERIFFS OFFICE,MAHTOMEDI,4/22/2026 6:35:47 PM,WC26018810,"XXX HALLAM AVE N, MAHTOMEDI",FOLLOW UP
WASHINGTON COUNTY SHERIFFS OFFICE,MAHTOMEDI,4/22/2026 11:20:34 PM,WC26018851,"Unknown, MAHTOMEDI",OFFICER INFORMATION
WASHINGTON COUNTY SHERIFFS OFFICE,MAHTOMEDI,4/23/2026 3:11:22 AM,WC26018873,"Unknown, MAHTOMEDI",RUNAWAY
WASHINGTON COUNTY SHERIFFS OFFICE,MAHTOMEDI,4/23/2026 4:39:10 AM,WC26018880,"XX Long Lake Rd, MAHTOMEDI",VEHICLE UNLOCK
WASHINGTON COUNTY SHERIFFS OFFICE,MAHTOMEDI,4/23/2026 5:08:23 AM,WC26018882,"XXX STILLWATER RD, MAHTOMEDI",911 ABANDONED/HANGUP/OPEN LINE
WASHINGTON COUNTY SHERIFFS OFFICE,MAHTOMEDI,4/23/2026 2:30:42 PM,WC26018955,"XX Hickory St, MAHTOMEDI",MEDICAL
WASHINGTON COUNTY SHERIFFS OFFICE,MAHTOMEDI,4/23/2026 3:28:41 PM,WC26018965,"XXX Wildwood Rd, MAHTOMEDI",LOCKOUT
WASHINGTON COUNTY SHERIFFS OFFICE,MAHTOMEDI,4/23/2026 4:08:42 PM,WC26018972,"XXX WILDWOOD RD, MAHTOMEDI",LOCKOUT
WASHINGTON COUNTY SHERIFFS OFFICE,MAHTOMEDI,4/23/2026 4:15:09 PM,WC26018975,"Unknown, MAHTOMEDI",FOLLOW UP
WASHINGTON COUNTY SHERIFFS OFFICE,MAHTOMEDI,4/23/2026 8:06:59 PM,WC26018998,"XXX Kale St, MAHTOMEDI",HRO VIOLATION
WASHINGTON COUNTY SHERIFFS OFFICE,MAHTOMEDI,4/23/2026 8:42:34 PM,WC26019000,"1XXX  East Shore Ave, MAHTOMEDI",911 ABANDONED/HANGUP/OPEN LINE
WASHINGTON COUNTY SHERIFFS OFFICE,MAHTOMEDI,4/24/2026 12:19:57 AM,WC26019029,"1XXX  Echo Lake Ct, MAHTOMEDI",FOLLOW UP
WASHINGTON COUNTY SHERIFFS OFFICE,MAHTOMEDI,4/24/2026 7:18:40 AM,WC26019046,"XX Neptune St, MAHTOMEDI",ALARM-BUSINESS/RES/FIRE/MEDICAL/ETC
WASHINGTON COUNTY SHERIFFS OFFICE,MAHTOMEDI,4/24/2026 7:45:43 AM,WC26019048,"XXX View Rd, MAHTOMEDI",CIVIL MATTER/DISPUTE
WASHINGTON COUNTY SHERIFFS OFFICE,MAHTOMEDI,4/24/2026 7:54:29 AM,WC26019049,"1XXX  Berwick Ln, MAHTOMEDI",MEDICAL
WASHINGTON COUNTY SHERIFFS OFFICE,MAHTOMEDI,4/24/2026 9:51:28 AM,WC26019098,"XXX Stillwater Rd, MAHTOMEDI",FOUND PROPERTY/ITEM
WASHINGTON COUNTY SHERIFFS OFFICE,MAHTOMEDI,4/24/2026 10:14:22 AM,WC26019103,"XXX Greenwood St, MAHTOMEDI",WELFARE CHECK
WASHINGTON COUNTY SHERIFFS OFFICE,MAHTOMEDI,4/24/2026 1:04:53 PM,WC26019125,"XXX Stillwater Rd, MAHTOMEDI",SUSPICIOUS PERSON/ACTIVITY
WASHINGTON COUNTY SHERIFFS OFFICE,MAHTOMEDI,4/24/2026 6:21:49 PM,WC26019189,"XXX Wildwood Rd, MAHTOMEDI",ANIMAL COMPLAINT
WASHINGTON COUNTY SHERIFFS OFFICE,MAHTOMEDI,4/24/2026 7:53:50 PM,WC26019210,"XXX Wildwood Rd, MAHTOMEDI",VEHICLE UNLOCK
WASHINGTON COUNTY SHERIFFS OFFICE,MAHTOMEDI,4/24/2026 8:28:24 PM,WC26019217,"XXX STILLWATER RD, MAHTOMEDI",VEHICLE UNLOCK
WASHINGTON COUNTY SHERIFFS OFFICE,MAHTOMEDI,4/24/2026 9:50:47 PM,WC26019237,"XXX Woodland Ct, MAHTOMEDI",FOLLOW UP
WASHINGTON COUNTY SHERIFFS OFFICE,MAHTOMEDI,4/24/2026 11:01:17 PM,WC26019255,"XXX Iris St, MAHTOMEDI",DISTURBANCE
WASHINGTON COUNTY SHERIFFS OFFICE,MAHTOMEDI,4/25/2026 8:04:14 AM,WC26019317,"XXX Stillwater Rd, MAHTOMEDI",MEDICAL
WASHINGTON COUNTY SHERIFFS OFFICE,MAHTOMEDI,4/25/2026 1:45:55 PM,WC26019343,"XXX Kale St, MAHTOMEDI",ALARM-BUSINESS/RES/FIRE/MEDICAL/ETC
WASHINGTON COUNTY SHERIFFS OFFICE,MAHTOMEDI,4/25/2026 8:49:33 PM,WC26019396,"XXX 72nd St N, MAHTOMEDI",DISTURBANCE
WASHINGTON COUNTY SHERIFFS OFFICE,MAHTOMEDI,4/25/2026 10:12:35 PM,WC26019412,"XX Robert St, MAHTOMEDI",DISTURBANCE
WASHINGTON COUNTY SHERIFFS OFFICE,MARINE ON SAINT CROIX,4/19/2026 8:40:12 AM,WC26018190,"1XXX  Nason Hill Rd, MARINE ON SAINT CROIX",WELFARE CHECK
WASHINGTON COUNTY SHERIFFS OFFICE,MARINE ON SAINT CROIX,4/22/2026 5:49:00 AM,WC26018687,"SAINT CROIX TRL N / BUTTERNUT FALLS TRL, MARINE ON SAINT CROIX",TRAFFIC STOP
WASHINGTON COUNTY SHERIFFS OFFICE,MAY TOWNSHIP,4/19/2026 1:12:31 PM,WC26018207,"Manning Trl N / 148th St N, MAY TOWNSHIP",ACCIDENT
WASHINGTON COUNTY SHERIFFS OFFICE,MAY TOWNSHIP,4/19/2026 1:35:27 PM,WC26018209,"122nd St N / Keystone Ave N, MAY TOWNSHIP",ROAD HAZARD
WASHINGTON COUNTY SHERIFFS OFFICE,MAY TOWNSHIP,4/20/2026 12:33:56 PM,WC26018375,"12XXX  Morris Trl N, MAY TOWNSHIP",IDENTITY THEFT
WASHINGTON COUNTY SHERIFFS OFFICE,MAY TOWNSHIP,4/20/2026 1:48:04 PM,WC26018392,"Manning Trl N / 148th St N, MAY TOWNSHIP",FOLLOW UP
WASHINGTON COUNTY SHERIFFS OFFICE,MAY TOWNSHIP,4/21/2026 1:18:00 PM,WC26018552,"12XXX  - 12704 MANNING TRL N, MAY TOWNSHIP",TRAFFIC STOP
WASHINGTON COUNTY SHERIFFS OFFICE,MAY TOWNSHIP,4/21/2026 1:19:56 PM,WC26018554,"Unknown, MAY TOWNSHIP",FOLLOW UP
WASHINGTON COUNTY SHERIFFS OFFICE,MAY TOWNSHIP,4/21/2026 1:36:00 PM,WC26018558,"14XXX  - 15498 MANNING TRL N, MAY TOWNSHIP",TRAFFIC STOP
WASHINGTON COUNTY SHERIFFS OFFICE,MAY TOWNSHIP,4/21/2026 2:08:01 PM,WC26018568,"XX Arcola Bridge (rr High Brg Swt) - Mn, MAY TOWNSHIP",FIRE
WASHINGTON COUNTY SHERIFFS OFFICE,MAY TOWNSHIP,4/21/2026 2:54:00 PM,WC26018578,"15XXX  - 16998 MANNING TRL N, MAY TOWNSHIP",TRAFFIC STOP
WASHINGTON COUNTY SHERIFFS OFFICE,MAY TOWNSHIP,4/22/2026 1:41:17 PM,WC26018752,"14XXX  Saint Croix Trl N, MAY TOWNSHIP",FOLLOW UP
WASHINGTON COUNTY SHERIFFS OFFICE,MAY TOWNSHIP,4/22/2026 2:05:32 PM,WC26018758,"16XXX  Orwell Rd N, MAY TOWNSHIP",ANIMAL COMPLAINT
WASHINGTON COUNTY SHERIFFS OFFICE,MAY TOWNSHIP,4/22/2026 5:29:27 PM,WC26018799,"12XXX  Keller Ave N, MAY TOWNSHIP",FRAUD/SCAM
WASHINGTON COUNTY SHERIFFS OFFICE,MAY TOWNSHIP,4/23/2026 10:22:24 AM,WC26018922,"14XXX  Saint Croix Trl N, MAY TOWNSHIP",CITIZEN/PUBLIC ASSIST
WASHINGTON COUNTY SHERIFFS OFFICE,MAY TOWNSHIP,4/24/2026 12:00:00 AM,WC26019180,"SAINT CROIX TRL N / 154TH ST N, MAY TOWNSHIP",TRAFFIC STOP
WASHINGTON COUNTY SHERIFFS OFFICE,MAY TOWNSHIP,4/24/2026 3:01:56 PM,WC26019148,"12XXX  Otchipwe Ave N, MAY TOWNSHIP",FIRE
WASHINGTON COUNTY SHERIFFS OFFICE,MAY TOWNSHIP,4/25/2026 3:37:41 PM,WC26019355,"13XXX  SAINT CROIX TRL N, MAY TOWNSHIP",SUSPICIOUS PERSON/ACTIVITY
WASHINGTON COUNTY SHERIFFS OFFICE,NEWPORT,4/19/2026 3:22:00 AM,WC26018174,"BAILEY RD / BAILEY CT, NEWPORT",TRAFFIC STOP
WASHINGTON COUNTY SHERIFFS OFFICE,NEWPORT,4/19/2026 5:36:04 AM,WC26018182,"1XXX  4TH AVE, NEWPORT",MEDICAL
WASHINGTON COUNTY SHERIFFS OFFICE,NEWPORT,4/19/2026 7:52:18 AM,WC26018185,"XXX 7th Ave, NEWPORT",ALARM-BUSINESS/RES/FIRE/MEDICAL/ETC
WASHINGTON COUNTY SHERIFFS OFFICE,NEWPORT,4/19/2026 9:19:20 AM,WC26018194,"15th St / Hastings Ave, NEWPORT",PARKING COMPLAINT
WASHINGTON COUNTY SHERIFFS OFFICE,NEWPORT,4/19/2026 3:52:49 PM,WC26018224,"2nd Ave / 20th St, NEWPORT",ANIMAL COMPLAINT
WASHINGTON COUNTY SHERIFFS OFFICE,NEWPORT,4/19/2026 5:48:00 PM,WC26018239,"HWY 61 SB @ MAXWELL AV, NEWPORT",TRAFFIC STOP
WASHINGTON COUNTY SHERIFFS OFFICE,NEWPORT,4/19/2026 7:09:00 PM,WC26018257,"HWY 61 SB @ MAXWELL AV, NEWPORT",TRAFFIC STOP
WASHINGTON COUNTY SHERIFFS OFFICE,NEWPORT,4/19/2026 8:24:38 PM,WC26018262,"Unknown, NEWPORT",FOLLOW UP
WASHINGTON COUNTY SHERIFFS OFFICE,NEWPORT,4/19/2026 10:32:46 PM,WC26018275,"XXX 7th Ave, NEWPORT",911 ABANDONED/HANGUP/OPEN LINE
WASHINGTON COUNTY SHERIFFS OFFICE,NEWPORT,4/20/2026 12:00:00 AM,WC26018286,"Highway 61/ 80th St S, NEWPORT",TRAFFIC STOP
WASHINGTON COUNTY SHERIFFS OFFICE,NEWPORT,4/20/2026 12:00:00 AM,WC26018284,"HASTINGS AVE JNO 70TH ST S, NEWPORT",OTHER
WASHINGTON COUNTY SHERIFFS OFFICE,NEWPORT,4/20/2026 12:23:00 AM,WC26018241,"HWY 61 NB JSO GLEN RD, NEWPORT",TRAFFIC STOP
WASHINGTON COUNTY SHERIFFS OFFICE,NEWPORT,4/20/2026 1:55:33 AM,WC26018295,"XXX Spruce St, NEWPORT",SUSPICIOUS PERSON/ACTIVITY
WASHINGTON COUNTY SHERIFFS OFFICE,NEWPORT,4/20/2026 4:36:23 AM,WC26018313,"XXX Red Rock Xing, NEWPORT",MEDICAL
WASHINGTON COUNTY SHERIFFS OFFICE,NEWPORT,4/20/2026 6:07:50 AM,WC26018316,"Bailey Rd / Military Rd, NEWPORT",ACCIDENT
WASHINGTON COUNTY SHERIFFS OFFICE,NEWPORT,4/20/2026 9:51:26 AM,WC26018345,"XXX 15TH ST, NEWPORT",PARKING VIOLATION
WASHINGTON COUNTY SHERIFFS OFFICE,NEWPORT,4/20/2026 2:33:02 PM,WC26018402,"1XXX  MILITARY RD, NEWPORT",IDENTITY THEFT
WASHINGTON COUNTY SHERIFFS OFFICE,NEWPORT,4/20/2026 5:13:18 PM,WC26018425,"XXX Red Rock Xing, NEWPORT",FIRE
WASHINGTON COUNTY SHERIFFS OFFICE,NEWPORT,4/21/2026 6:29:00 AM,WC26018489,"HWY 61 NB AT GLEN RD, NEWPORT",TRAFFIC STOP
WASHINGTON COUNTY SHERIFFS OFFICE,NEWPORT,4/21/2026 10:41:00 AM,WC26018521,"Highway 61, NEWPORT",TRAFFIC STOP
WASHINGTON COUNTY SHERIFFS OFFICE,NEWPORT,4/21/2026 10:50:52 AM,WC26018523,"1XXX  Glen Rd, NEWPORT",SUSPICIOUS PERSON/ACTIVITY
WASHINGTON COUNTY SHERIFFS OFFICE,NEWPORT,4/21/2026 11:45:32 AM,WC26018528,"2XXX  1st Ave, NEWPORT",FRAUD/SCAM
WASHINGTON COUNTY SHERIFFS OFFICE,NEWPORT,4/21/2026 1:58:00 PM,WC26018564,"2XXX  - 2859 STERLING AVE, NEWPORT",TRAFFIC STOP
WASHINGTON COUNTY SHERIFFS OFFICE,NEWPORT,4/21/2026 2:07:00 PM,WC26018566,"STERLING ST S AND BAILEY RD, NEWPORT",TRAFFIC STOP
WASHINGTON COUNTY SHERIFFS OFFICE,NEWPORT,4/21/2026 2:44:00 PM,WC26018577,"7TH AVE / 4TH ST, NEWPORT",TRAFFIC STOP
WASHINGTON COUNTY SHERIFFS OFFICE,NEWPORT,4/21/2026 3:01:04 PM,WC26018579,"XXX - 998 7TH AVE, NEWPORT",DIRECTED PATROL
WASHINGTON COUNTY SHERIFFS OFFICE,NEWPORT,4/21/2026 4:22:19 PM,WC26018593,"1XXX  - 2099 2ND AVE, NEWPORT",COMMUNITY CONTACT
WASHINGTON COUNTY SHERIFFS OFFICE,NEWPORT,4/21/2026 8:04:39 PM,WC26018628,"1XXX  Hastings Ave, NEWPORT",FOUND PROPERTY/ITEM
WASHINGTON COUNTY SHERIFFS OFFICE,NEWPORT,4/21/2026 9:57:50 PM,WC26018646,"1XXX  10th Ave, NEWPORT",WELFARE CHECK
WASHINGTON COUNTY SHERIFFS OFFICE,NEWPORT,4/21/2026 10:44:49 PM,WC26018652,"Hwy 61 Sb To 70th St S Ramp, NEWPORT",TRAFFIC COMPLAINT
WASHINGTON COUNTY SHERIFFS OFFICE,NEWPORT,4/22/2026 4:42:08 AM,WC26018684,"1XXX  10th Ave, NEWPORT",TRESPASSING
WASHINGTON COUNTY SHERIFFS OFFICE,NEWPORT,4/22/2026 12:28:47 PM,WC26018746,"1XXX  10th Ave, NEWPORT",DISTURBANCE
WASHINGTON COUNTY SHERIFFS OFFICE,NEWPORT,4/22/2026 4:16:44 PM,WC26018781,"Hwy 61 Sb At South Footbridge, NEWPORT",SUSPICIOUS PERSON/ACTIVITY
WASHINGTON COUNTY SHERIFFS OFFICE,NEWPORT,4/22/2026 4:48:52 PM,WC26018790,"1XXX  Glen Rd, NEWPORT",CIVIL MATTER/DISPUTE
WASHINGTON COUNTY SHERIFFS OFFICE,NEWPORT,4/22/2026 6:13:07 PM,WC26018806,"XXX 8th St, NEWPORT",DISTURBANCE
WASHINGTON COUNTY SHERIFFS OFFICE,NEWPORT,4/22/2026 6:48:00 PM,WC26018813,"NB HWY 61/ Glen RD, NEWPORT",TRAFFIC STOP
WASHINGTON COUNTY SHERIFFS OFFICE,NEWPORT,4/22/2026 7:55:11 PM,WC26018825,"1XXX  10th Ave, NEWPORT",FAMILY ASSIST
WASHINGTON COUNTY SHERIFFS OFFICE,NEWPORT,4/22/2026 8:32:15 PM,WC26018829,"1XXX  2nd Ave, NEWPORT",ALARM-BUSINESS/RES/FIRE/MEDICAL/ETC
WASHINGTON COUNTY SHERIFFS OFFICE,NEWPORT,4/22/2026 9:08:29 PM,WC26018834,"I494 Sb At Bailey Rd, NEWPORT",DRIVING COMPLAINT
WASHINGTON COUNTY SHERIFFS OFFICE,NEWPORT,4/22/2026 10:40:45 PM,WC26018846,"XXX 18th St, NEWPORT",ASSIST OTHER AGENCY
WASHINGTON COUNTY SHERIFFS OFFICE,NEWPORT,4/23/2026 12:01:33 AM,WC26018852,"1XXX  Hastings Ave, NEWPORT",911 ABANDONED/HANGUP/OPEN LINE
WASHINGTON COUNTY SHERIFFS OFFICE,NEWPORT,4/23/2026 8:04:58 AM,WC26018890,"1XXX  MARK CT, NEWPORT",NOISE COMPLAINT/DISTURBANCE
WASHINGTON COUNTY SHERIFFS OFFICE,NEWPORT,4/23/2026 8:45:00 AM,WC26018897,"7TH AVE / 6TH ST, NEWPORT",TRAFFIC STOP
WASHINGTON COUNTY SHERIFFS OFFICE,NEWPORT,4/23/2026 9:25:27 AM,WC26018909,"1XXX  Mark Ct, NEWPORT",FOLLOW UP
WASHINGTON COUNTY SHERIFFS OFFICE,NEWPORT,4/23/2026 10:36:00 AM,WC26018921,"BAILEY RD OVER I494, NEWPORT",TRAFFIC STOP
WASHINGTON COUNTY SHERIFFS OFFICE,NEWPORT,4/23/2026 1:06:44 PM,WC26018940,"1XXX  Woodbury Rd, NEWPORT",MEDICAL
WASHINGTON COUNTY SHERIFFS OFFICE,NEWPORT,4/23/2026 1:10:05 PM,WC26018941,"1XXX  Hastings Ave, NEWPORT",MEDICAL
WASHINGTON COUNTY SHERIFFS OFFICE,NEWPORT,4/23/2026 1:26:49 PM,WC26018945,"1XXX  10th Ave, NEWPORT",911 ABANDONED/HANGUP/OPEN LINE
WASHINGTON COUNTY SHERIFFS OFFICE,NEWPORT,4/23/2026 4:35:52 PM,WC26018976,"XXX 18th St, NEWPORT",ASSIST OTHER AGENCY
WASHINGTON COUNTY SHERIFFS OFFICE,NEWPORT,4/23/2026 5:10:07 PM,WC26018986,"1XXX  10th Ave, NEWPORT",CITIZEN/PUBLIC ASSIST
WASHINGTON COUNTY SHERIFFS OFFICE,NEWPORT,4/23/2026 8:14:34 PM,WC26018999,"1XXX  10TH AVE, NEWPORT",911 ABANDONED/HANGUP/OPEN LINE
WASHINGTON COUNTY SHERIFFS OFFICE,NEWPORT,4/24/2026 12:22:59 AM,WC26019028,"8TH AVE / 20TH ST, NEWPORT",TRAFFIC STOP
WASHINGTON COUNTY SHERIFFS OFFICE,NEWPORT,4/24/2026 8:43:00 AM,WC26019057,"BAILEY RD / BAILEY CT, NEWPORT",TRAFFIC STOP
WASHINGTON COUNTY SHERIFFS OFFICE,NEWPORT,4/24/2026 9:55:00 AM,WC26019099,"BAILEY RD / 494, NEWPORT",TRAFFIC STOP
WASHINGTON COUNTY SHERIFFS OFFICE,NEWPORT,4/24/2026 10:08:00 AM,WC26019102,"MAXWELL RD / 494, NEWPORT",TRAFFIC STOP
WASHINGTON COUNTY SHERIFFS OFFICE,NEWPORT,4/24/2026 4:30:15 PM,WC26019165,"14XXX -blk 10th Ave, NEWPORT",WELFARE CHECK
WASHINGTON COUNTY SHERIFFS OFFICE,NEWPORT,4/24/2026 6:36:00 PM,WC26019192,"Unknown, NEWPORT",CITIZEN/PUBLIC ASSIST
WASHINGTON COUNTY SHERIFFS OFFICE,NEWPORT,4/24/2026 7:51:02 PM,WC26019209,"Hastings Ave / 20th St, NEWPORT",DRIVING COMPLAINT
WASHINGTON COUNTY SHERIFFS OFFICE,NEWPORT,4/24/2026 9:11:50 PM,WC26019234,"XXX 18th St, NEWPORT",FAMILY ASSIST
WASHINGTON COUNTY SHERIFFS OFFICE,NEWPORT,4/24/2026 9:40:00 PM,WC26019236,"HWY 61 SB @ MAXWELL AV, NEWPORT",TRAFFIC STOP
WASHINGTON COUNTY SHERIFFS OFFICE,NEWPORT,4/25/2026 1:38:00 AM,WC26019292,"Highway 61, NEWPORT",TRAFFIC STOP
WASHINGTON COUNTY SHERIFFS OFFICE,NEWPORT,4/25/2026 2:08:46 AM,WC26019297,"1XXX  8TH AVE, NEWPORT",TRAFFIC STOP
WASHINGTON COUNTY SHERIFFS OFFICE,NEWPORT,4/25/2026 2:53:00 AM,WC26019299,"1XXX  10TH AVE, NEWPORT",MEDICAL
WASHINGTON COUNTY SHERIFFS OFFICE,NEWPORT,4/25/2026 3:40:28 AM,WC26019305,"1XXX  10TH AVE, NEWPORT",NOISE COMPLAINT/DISTURBANCE
WASHINGTON COUNTY SHERIFFS OFFICE,NEWPORT,4/25/2026 8:07:45 AM,WC26019318,"HWY 61 NB AT GLEN RD, NEWPORT",TRAFFIC STOP
WASHINGTON COUNTY SHERIFFS OFFICE,NEWPORT,4/25/2026 9:36:42 AM,WC26019323,"10th Ave / Mark Ct, NEWPORT",ANIMAL COMPLAINT
WASHINGTON COUNTY SHERIFFS OFFICE,NEWPORT,4/25/2026 1:25:00 PM,WC26019340,"MAXWELL AVE TO S HWY 61, NEWPORT",TRAFFIC STOP
WASHINGTON COUNTY SHERIFFS OFFICE,NEWPORT,4/25/2026 2:14:00 PM,WC26019348,"HASTINGS AVE/GLEN RD, NEWPORT",TRAFFIC STOP
WASHINGTON COUNTY SHERIFFS OFFICE,NEWPORT,4/25/2026 3:38:15 PM,WC26019356,"1XXX  10th Ave, NEWPORT",THEFT
WASHINGTON COUNTY SHERIFFS OFFICE,NEWPORT,4/25/2026 5:57:42 PM,WC26019375,"1XXX  Wild Ridge Trl, NEWPORT",ALARM-BUSINESS/RES/FIRE/MEDICAL/ETC
WASHINGTON COUNTY SHERIFFS OFFICE,OAK PARK HEIGHTS,4/19/2026 1:20:25 AM,WC26018163,"6XXX  SAINT CROIX TRL N, OAK PARK HEIGHTS",ASSIST OTHER AGENCY
WASHINGTON COUNTY SHERIFFS OFFICE,OAK PARK HEIGHTS,4/19/2026 2:36:00 PM,WC26018214,"6XXX  - 5860 OAKGREEN AVE N, OAK PARK HEIGHTS",TRAFFIC STOP
WASHINGTON COUNTY SHERIFFS OFFICE,OAK PARK HEIGHTS,4/20/2026 9:19:00 AM,WC26018336,"5XXX  - 5910 OSGOOD AVE N, OAK PARK HEIGHTS",TRAFFIC STOP
WASHINGTON COUNTY SHERIFFS OFFICE,OAK PARK HEIGHTS,4/20/2026 9:32:00 AM,WC26018338,"5XXX  - 5910 OSGOOD AVE N, OAK PARK HEIGHTS",TRAFFIC STOP
WASHINGTON COUNTY SHERIFFS OFFICE,OAK PARK HEIGHTS,4/20/2026 9:48:00 AM,WC26018343,"59TH ST N, OAK PARK HEIGHTS",TRAFFIC STOP
WASHINGTON COUNTY SHERIFFS OFFICE,OAK PARK HEIGHTS,4/20/2026 10:00:00 AM,WC26018347,"6XXX  - 6219 OSGOOD AVE N, OAK PARK HEIGHTS",TRAFFIC STOP
WASHINGTON COUNTY SHERIFFS OFFICE,OAK PARK HEIGHTS,4/20/2026 10:33:00 AM,WC26018354,"59TH ST N, OAK PARK HEIGHTS",TRAFFIC STOP
WASHINGTON COUNTY SHERIFFS OFFICE,OAK PARK HEIGHTS,4/20/2026 11:29:00 AM,WC26018364,"13XXX  - 13968 60TH ST N, OAK PARK HEIGHTS",TRAFFIC STOP
WASHINGTON COUNTY SHERIFFS OFFICE,OAK PARK HEIGHTS,4/20/2026 11:47:00 AM,WC26018366,"5XXX  - 5910 OSGOOD AVE N, OAK PARK HEIGHTS",TRAFFIC STOP
WASHINGTON COUNTY SHERIFFS OFFICE,OAK PARK HEIGHTS,4/20/2026 11:57:24 AM,WC26018370,"XX HWY 36 WB JWO OSGOOD AVE N, OAK PARK HEIGHTS",ASSIST OTHER AGENCY
WASHINGTON COUNTY SHERIFFS OFFICE,OAK PARK HEIGHTS,4/24/2026 1:27:11 PM,WC26019134,"14XXX  60TH ST N, OAK PARK HEIGHTS",K9 ASSIST
WASHINGTON COUNTY SHERIFFS OFFICE,OAK PARK HEIGHTS,4/25/2026 7:35:00 AM,WC26019313,"HWY 36 EB EXIT & STILLWATER BLVD N, OAK PARK HEIGHTS",TRAFFIC STOP
WASHINGTON COUNTY SHERIFFS OFFICE,OAK PARK HEIGHTS,4/25/2026 5:43:00 PM,WC26019374,"58TH ST N / STILLWATER BLVD N, OAK PARK HEIGHTS",TRAFFIC STOP
WASHINGTON COUNTY SHERIFFS OFFICE,OAKDALE,4/19/2026 5:42:31 PM,WC26018245,"7XXX  10th St N, OAKDALE",ASSIST OTHER AGENCY
WASHINGTON COUNTY SHERIFFS OFFICE,OAKDALE,4/19/2026 6:17:12 PM,WC26018244,"10TH ST N / HADLEY AVE N, OAKDALE",ASSIST OTHER AGENCY
WASHINGTON COUNTY SHERIFFS OFFICE,OAKDALE,4/20/2026 9:42:00 AM,WC26018342,"I694, OAKDALE",TRAFFIC STOP
WASHINGTON COUNTY SHERIFFS OFFICE,OAKDALE,4/21/2026 12:46:00 AM,WC26018474,"HADLEY AVE N / 50TH ST N, OAKDALE",DWI
WASHINGTON COUNTY SHERIFFS OFFICE,OAKDALE,4/21/2026 12:00:00 PM,WC26018532,"DIVISION ST N / 50TH ST N, OAKDALE",TRAFFIC STOP
WASHINGTON COUNTY SHERIFFS OFFICE,OAKDALE,4/21/2026 6:37:55 PM,WC26018624,"1XXX  Heron Ave N, OAKDALE",ASSIST OTHER AGENCY
WASHINGTON COUNTY SHERIFFS OFFICE,OAKDALE,4/21/2026 6:40:42 PM,WC26018615,"1XXX  Granada Ave N, OAKDALE",ASSIST OTHER AGENCY
WASHINGTON COUNTY SHERIFFS OFFICE,OAKDALE,4/21/2026 10:24:21 PM,WC26018647,"I694 WB JEO CENTURY AVE N, OAKDALE",TRAFFIC STOP
WASHINGTON COUNTY SHERIFFS OFFICE,OAKDALE,4/24/2026 1:14:00 AM,WC26019033,"10th St N / Century Ave N, OAKDALE",TRAFFIC STOP
WASHINGTON COUNTY SHERIFFS OFFICE,OAKDALE,4/24/2026 7:28:00 PM,WC26019202,"I694 SB & STILLWATER BLVD N, OAKDALE",TRAFFIC STOP
WASHINGTON COUNTY SHERIFFS OFFICE,OAKDALE,4/24/2026 9:19:51 PM,WC26019230,"7XXX  STILLWATER BLVD N, OAKDALE",TRAFFIC STOP
WASHINGTON COUNTY SHERIFFS OFFICE,OAKDALE,4/24/2026 10:04:05 PM,WC26019242,"HWY 36 WB AT 50TH ST N, OAKDALE",TRAFFIC STOP
WASHINGTON COUNTY SHERIFFS OFFICE,OAKDALE,4/25/2026 1:44:27 AM,WC26019295,"7XXX  10th St N, OAKDALE",ASSIST OTHER AGENCY
WASHINGTON COUNTY SHERIFFS OFFICE,PINE SPRINGS,4/20/2026 9:37:55 AM,WC26018341,"Hwy 36 Wb At I694, PINE SPRINGS",OFFICER INFORMATION
WASHINGTON COUNTY SHERIFFS OFFICE,PINE SPRINGS,4/20/2026 4:53:11 PM,WC26018420,"Viking Dr / Roscoe Rd, PINE SPRINGS",ANIMAL COMPLAINT
WASHINGTON COUNTY SHERIFFS OFFICE,PINE SPRINGS,4/21/2026 3:09:29 PM,WC26018580,"XX HILTON TRAIL N TO HWY 36 WB RAMP, PINE SPRINGS",TRAFFIC STOP
WASHINGTON COUNTY SHERIFFS OFFICE,PINE SPRINGS,4/22/2026 4:51:51 AM,WC26018685,"I694 Nb To Hwy 36 Eb Ramp, PINE SPRINGS",ACCIDENT
WASHINGTON COUNTY SHERIFFS OFFICE,PINE SPRINGS,4/22/2026 9:20:59 AM,WC26018709,"7XXX  64th St N, PINE SPRINGS",MEDICAL
WASHINGTON COUNTY SHERIFFS OFFICE,PINE SPRINGS,4/25/2026 9:04:50 AM,WC26019321,"7XXX  64th St N, PINE SPRINGS",ALARM-BUSINESS/RES/FIRE/MEDICAL/ETC
WASHINGTON COUNTY SHERIFFS OFFICE,PINE SPRINGS,4/25/2026 5:17:19 PM,WC26019371,"7XXX  Pinehurst Ct, PINE SPRINGS",911 ABANDONED/HANGUP/OPEN LINE
WASHINGTON COUNTY SHERIFFS OFFICE,SAINT MARYS POINT,4/24/2026 12:00:16 PM,WC26019119,"2XXX  Itasca Ave S, SAINT MARYS POINT",AIRCRAFT/DRONE/UFO COMPLAINT
WASHINGTON COUNTY SHERIFFS OFFICE,Saint Paul,4/19/2026 4:22:00 AM,WC26018175,"2XXX  Old Hudson Rd, Saint Paul",WARRANT ARREST
WASHINGTON COUNTY SHERIFFS OFFICE,Saint Paul,4/22/2026 1:16:40 AM,WC26018671,"HWY 61 NB JNO BAILEY RD, Saint Paul",TRAFFIC STOP
WASHINGTON COUNTY SHERIFFS OFFICE,Saint Paul,4/23/2026 9:48:00 AM,WC26018912,"2XXX  Old Hudson Rd, Saint Paul",WARRANT ARREST
WASHINGTON COUNTY SHERIFFS OFFICE,SAINT PAUL PARK,4/21/2026 6:01:28 PM,WC26018608,"XXX Portland Ave, SAINT PAUL PARK",SUICIDE
WASHINGTON COUNTY SHERIFFS OFFICE,SAINT PAUL PARK,4/22/2026 1:58:38 PM,WC26018755,"Unknown, SAINT PAUL PARK",CIVIL MATTER/DISPUTE
WASHINGTON COUNTY SHERIFFS OFFICE,SCANDIA,4/19/2026 9:35:38 PM,WC26018271,"14XXX  202nd St N, SCANDIA",ALARM-BUSINESS/RES/FIRE/MEDICAL/ETC
WASHINGTON COUNTY SHERIFFS OFFICE,SCANDIA,4/20/2026 5:06:04 AM,WC26018314,"192nd St N / Manning Trl N, SCANDIA",ANIMAL COMPLAINT
WASHINGTON COUNTY SHERIFFS OFFICE,SCANDIA,4/20/2026 9:51:56 AM,WC26018344,"11XXX  218TH ST N, SCANDIA",FOLLOW UP
WASHINGTON COUNTY SHERIFFS OFFICE,SCANDIA,4/21/2026 12:00:00 AM,WC26018559,"16XXX  - 16499 220TH ST N, SCANDIA",TRAFFIC STOP
WASHINGTON COUNTY SHERIFFS OFFICE,SCANDIA,4/21/2026 7:29:07 AM,WC26018492,"14XXX  Oakhill Ct N, SCANDIA",MEDICAL
WASHINGTON COUNTY SHERIFFS OFFICE,SCANDIA,4/21/2026 8:24:56 AM,WC26018498,"15XXX  Oakhill Rd N, SCANDIA",ASSIST OTHER AGENCY
WASHINGTON COUNTY SHERIFFS OFFICE,SCANDIA,4/21/2026 10:33:34 AM,WC26018517,"21XXX  Ozark Ct N, SCANDIA",ALARM-BUSINESS/RES/FIRE/MEDICAL/ETC
WASHINGTON COUNTY SHERIFFS OFFICE,SCANDIA,4/21/2026 3:13:20 PM,WC26018582,"10XXX  - 10599 SCANDIA TRL N, SCANDIA",ROAD HAZARD
WASHINGTON COUNTY SHERIFFS OFFICE,SCANDIA,4/21/2026 8:23:11 PM,WC26018631,"16XXX  O'brien Trl N, SCANDIA",CITIZEN/PUBLIC ASSIST
WASHINGTON COUNTY SHERIFFS OFFICE,SCANDIA,4/22/2026 3:05:45 AM,WC26018679,"12XXX  235th St N, SCANDIA",DISTURBANCE
WASHINGTON COUNTY SHERIFFS OFFICE,SCANDIA,4/22/2026 10:49:43 AM,WC26018733,"22XXX  Meadowbrook Ave N, SCANDIA",SUSPICIOUS PERSON/ACTIVITY
WASHINGTON COUNTY SHERIFFS OFFICE,SCANDIA,4/22/2026 2:00:14 PM,WC26018754,"16XXX  OBRIEN TRL N, SCANDIA",MEDICAL
WASHINGTON COUNTY SHERIFFS OFFICE,SCANDIA,4/22/2026 5:02:14 PM,WC26018794,"14XXX  Oakhill Ct N, SCANDIA",MEDICAL
WASHINGTON COUNTY SHERIFFS OFFICE,SCANDIA,4/22/2026 5:05:32 PM,WC26018792,"MELANIE TRL N / MEADOWBROOK AVE N, SCANDIA",ANIMAL COMPLAINT
WASHINGTON COUNTY SHERIFFS OFFICE,SCANDIA,4/22/2026 5:37:50 PM,WC26018797,"21XXX  Meadowbrook Cir N, SCANDIA",CIVIL MATTER/DISPUTE
WASHINGTON COUNTY SHERIFFS OFFICE,SCANDIA,4/22/2026 6:59:14 PM,WC26018817,"11XXX  MAYBERRY TRL N, SCANDIA",SUSPICIOUS PERSON/ACTIVITY
WASHINGTON COUNTY SHERIFFS OFFICE,SCANDIA,4/22/2026 7:34:43 PM,WC26018821,"10XXX  - 11799 SCANDIA TRL N, SCANDIA",ANIMAL COMPLAINT
WASHINGTON COUNTY SHERIFFS OFFICE,SCANDIA,4/23/2026 8:11:43 AM,WC26018892,"21XXX  Olinda Trl N, SCANDIA",MEDICAL
WASHINGTON COUNTY SHERIFFS OFFICE,SCANDIA,4/23/2026 7:06:52 PM,WC26018994,"16XXX  205th St N, SCANDIA",PROPERTY DAMAGE
WASHINGTON COUNTY SHERIFFS OFFICE,SCANDIA,4/24/2026 1:34:39 AM,WC26019036,"SCANDIA TRL N / PENROSE AVE N, SCANDIA",ACCIDENT
WASHINGTON COUNTY SHERIFFS OFFICE,SCANDIA,4/24/2026 10:51:00 AM,WC26019109,"Orwell Ave N / Old Marine Trl N, SCANDIA",PARKING VIOLATION
WASHINGTON COUNTY SHERIFFS OFFICE,SCANDIA,4/24/2026 5:39:40 PM,WC26019179,"Unknown, SCANDIA",CHILD CUSTODY
WASHINGTON COUNTY SHERIFFS OFFICE,SCANDIA,4/25/2026 2:23:48 PM,WC26019350,"20XXX  Saint Croix Trl N, SCANDIA",CITIZEN/PUBLIC ASSIST
WASHINGTON COUNTY SHERIFFS OFFICE,SCANDIA,4/25/2026 3:32:02 PM,WC26019354,"21XXX  Oldfield Ave N, SCANDIA",ANIMAL COMPLAINT
WASHINGTON COUNTY SHERIFFS OFFICE,SCANDIA,4/25/2026 6:36:28 PM,WC26019382,"12XXX  235th St N, SCANDIA",MEDICAL
WASHINGTON COUNTY SHERIFFS OFFICE,STILLWATER,4/19/2026 8:46:42 PM,WC26018264,"15XXX  62nd St N, STILLWATER",MISSING PERSON
WASHINGTON COUNTY SHERIFFS OFFICE,STILLWATER,4/20/2026 8:22:00 AM,WC26018324,"XXX MAIN ST S, STILLWATER",TRAFFIC STOP
WASHINGTON COUNTY SHERIFFS OFFICE,STILLWATER,4/20/2026 7:00:10 PM,WC26018434,"15XXX  62nd St N, STILLWATER",WARRANT ARREST
WASHINGTON COUNTY SHERIFFS OFFICE,STILLWATER,4/20/2026 9:59:33 PM,WC26018459,"3XXX  Abercrombie Ln, STILLWATER",ASSIST OTHER AGENCY
WASHINGTON COUNTY SHERIFFS OFFICE,STILLWATER,4/21/2026 1:13:02 AM,WC26018475,"15XXX  62ND ST N, STILLWATER",FUGITIVE FROM JUSTICE
WASHINGTON COUNTY SHERIFFS OFFICE,STILLWATER,4/21/2026 12:01:03 PM,WC26018533,"15XXX  62ND ST N, STILLWATER",ASSIST OTHER AGENCY
WASHINGTON COUNTY SHERIFFS OFFICE,STILLWATER,4/22/2026 7:24:38 AM,WC26018694,"15XXX  62ND ST N, STILLWATER",FUGITIVE FROM JUSTICE
WASHINGTON COUNTY SHERIFFS OFFICE,STILLWATER,4/22/2026 3:00:45 PM,WC26018762,"15XXX  62nd St N, STILLWATER",CITIZEN/PUBLIC ASSIST
WASHINGTON COUNTY SHERIFFS OFFICE,STILLWATER,4/23/2026 7:20:14 AM,WC26018888,"1XXX  4TH AVE S, STILLWATER",ASSIST OTHER AGENCY
WASHINGTON COUNTY SHERIFFS OFFICE,STILLWATER,4/23/2026 9:39:15 AM,WC26018911,"14XXX  62ND ST N, STILLWATER",FOLLOW UP
WASHINGTON COUNTY SHERIFFS OFFICE,STILLWATER,4/23/2026 9:03:52 PM,WC26019002,"15XXX  62nd St N, STILLWATER",CITIZEN/PUBLIC ASSIST
WASHINGTON COUNTY SHERIFFS OFFICE,STILLWATER,4/24/2026 3:26:18 PM,WC26019156,"15XXX  62nd St N, STILLWATER",FOLLOW UP
WASHINGTON COUNTY SHERIFFS OFFICE,STILLWATER,4/24/2026 6:19:00 PM,WC26019188,"XXX PINE ST W, STILLWATER",SUSPICIOUS PERSON/ACTIVITY
WASHINGTON COUNTY SHERIFFS OFFICE,STILLWATER,4/24/2026 10:26:00 PM,WC26019247,"HWY 36 EB AT STILLWATER BLVD N, STILLWATER",TRAFFIC STOP
WASHINGTON COUNTY SHERIFFS OFFICE,STILLWATER,4/25/2026 7:32:00 PM,WC26019387,"STILLWATER BLVD N OVER HWY 36, STILLWATER",TRAFFIC STOP
WASHINGTON COUNTY SHERIFFS OFFICE,STILLWATER,4/25/2026 9:29:48 PM,WC26019404,"15XXX  62nd St N, STILLWATER",CITIZEN/PUBLIC ASSIST
WASHINGTON COUNTY SHERIFFS OFFICE,STILLWATER,4/25/2026 10:09:23 PM,WC26019411,"15XXX  62ND ST N, STILLWATER",FOLLOW UP
WASHINGTON COUNTY SHERIFFS OFFICE,STILLWATER TOWNSHIP,4/19/2026 7:30:00 PM,WC26018258,"9XXX  - 10498 NORELL AVE N, STILLWATER TOWNSHIP",TRAFFIC STOP
WASHINGTON COUNTY SHERIFFS OFFICE,STILLWATER TOWNSHIP,4/19/2026 9:05:01 PM,WC26018265,"11XXX  Penfield Ave N, STILLWATER TOWNSHIP",DISTURBANCE
WASHINGTON COUNTY SHERIFFS OFFICE,STILLWATER TOWNSHIP,4/22/2026 6:11:40 AM,WC26018691,"Arcola Trl N / Rivard Rd N, STILLWATER TOWNSHIP",FIRE
WASHINGTON COUNTY SHERIFFS OFFICE,STILLWATER TOWNSHIP,4/22/2026 10:05:32 AM,WC26018725,"Boom Site Historical Marker, STILLWATER TOWNSHIP",CITIZEN/PUBLIC ASSIST
WASHINGTON COUNTY SHERIFFS OFFICE,STILLWATER TOWNSHIP,4/22/2026 8:56:28 PM,WC26018831,"10XXX  Pawnee Ave N, STILLWATER TOWNSHIP",SUSPICIOUS PERSON/ACTIVITY
WASHINGTON COUNTY SHERIFFS OFFICE,STILLWATER TOWNSHIP,4/24/2026 8:53:04 AM,WC26019059,"Hwy 36 Eb At Manning Ave N, STILLWATER TOWNSHIP",INCIDENT
WASHINGTON COUNTY SHERIFFS OFFICE,STILLWATER TOWNSHIP,4/24/2026 11:19:34 AM,WC26019115,"14XXX  97th St N, STILLWATER TOWNSHIP",VEHICLE UNLOCK
WASHINGTON COUNTY SHERIFFS OFFICE,STILLWATER TOWNSHIP,4/24/2026 12:42:25 PM,WC26019122,"Stonebridge Trl N / Ottawa Ave N, STILLWATER TOWNSHIP",ROAD HAZARD
WASHINGTON COUNTY SHERIFFS OFFICE,STILLWATER TOWNSHIP,4/24/2026 5:15:27 PM,WC26019174,"11XXX  Saint Croix Trl N, STILLWATER TOWNSHIP",CIVIL MATTER/DISPUTE
WASHINGTON COUNTY SHERIFFS OFFICE,WEST LAKELAND TOWNSHIP,4/19/2026 3:13:00 PM,WC26018219,"I94 & NEAL AV, WEST LAKELAND TOWNSHIP",TRAFFIC STOP
WASHINGTON COUNTY SHERIFFS OFFICE,WEST LAKELAND TOWNSHIP,4/19/2026 3:25:00 PM,WC26018220,"I94 EB & Neal Ave, WEST LAKELAND TOWNSHIP",TRAFFIC STOP
WASHINGTON COUNTY SHERIFFS OFFICE,WEST LAKELAND TOWNSHIP,4/19/2026 3:31:00 PM,WC26018221,"I94 & NEAL AV, WEST LAKELAND TOWNSHIP",TRAFFIC STOP
WASHINGTON COUNTY SHERIFFS OFFICE,WEST LAKELAND TOWNSHIP,4/20/2026 3:55:00 AM,WC26018310,"I94 WB AT MNDOT REST AREA, WEST LAKELAND TOWNSHIP",TRAFFIC STOP
WASHINGTON COUNTY SHERIFFS OFFICE,WEST LAKELAND TOWNSHIP,4/20/2026 6:47:00 PM,WC26018422,"OAKGREEN AVE N / 10TH ST N, WEST LAKELAND TOWNSHIP",TRAFFIC STOP
WASHINGTON COUNTY SHERIFFS OFFICE,WEST LAKELAND TOWNSHIP,4/21/2026 10:56:00 PM,WC26018653,"22ND ST N / SAINT CROIX TRL N, WEST LAKELAND TOWNSHIP",TRAFFIC STOP
WASHINGTON COUNTY SHERIFFS OFFICE,WEST LAKELAND TOWNSHIP,4/22/2026 7:56:04 PM,WC26018824,"15XXX  Hudson Rd N, WEST LAKELAND TOWNSHIP",911 ABANDONED/HANGUP/OPEN LINE
WASHINGTON COUNTY SHERIFFS OFFICE,WEST LAKELAND TOWNSHIP,4/23/2026 3:20:03 AM,WC26018874,"2XXX  Northridge Ln N, WEST LAKELAND TOWNSHIP",ALARM-BUSINESS/RES/FIRE/MEDICAL/ETC
WASHINGTON COUNTY SHERIFFS OFFICE,WEST LAKELAND TOWNSHIP,4/23/2026 5:31:20 PM,WC26018982,"Stagecoach Trl N / Hudson Rd N, WEST LAKELAND TOWNSHIP",DRIVING COMPLAINT
WASHINGTON COUNTY SHERIFFS OFFICE,WEST LAKELAND TOWNSHIP,4/23/2026 6:20:00 PM,WC26018988,"I94 Wb Jwo Stagecoach Trl N, WEST LAKELAND TOWNSHIP",TRAFFIC STOP
WASHINGTON COUNTY SHERIFFS OFFICE,WEST LAKELAND TOWNSHIP,4/25/2026 8:08:00 PM,WC26019390,"I94 West of Stagecoach Trl. , WEST LAKELAND TOWNSHIP",TRAFFIC STOP
WASHINGTON COUNTY SHERIFFS OFFICE,WILLERNIE,4/19/2026 8:32:39 PM,WC26018263,"XXX Warner Ave S, WILLERNIE",MEDICAL
WASHINGTON COUNTY SHERIFFS OFFICE,WILLERNIE,4/20/2026 8:14:20 PM,WC26018441,"XXX Stewart Rd, WILLERNIE",CITIZEN/PUBLIC ASSIST
WASHINGTON COUNTY SHERIFFS OFFICE,WOODBURY,4/19/2026 12:15:00 AM,WC26018152,"I494 NB TO TAMARACK RD RAMP, WOODBURY",TRAFFIC STOP
WASHINGTON COUNTY SHERIFFS OFFICE,WOODBURY,4/19/2026 10:48:24 AM,WC26018199,"MANNING AVE S / 22ND ST S, WOODBURY",MOTORIST ASSIST
WASHINGTON COUNTY SHERIFFS OFFICE,WOODBURY,4/19/2026 5:11:00 PM,WC26018232,"I94 WB JEO INWOOD AVE N, WOODBURY",TRAFFIC STOP
WASHINGTON COUNTY SHERIFFS OFFICE,WOODBURY,4/19/2026 6:42:00 PM,WC26018251,"I494 SB JNO LAKE RD, WOODBURY",TRAFFIC STOP
WASHINGTON COUNTY SHERIFFS OFFICE,WOODBURY,4/20/2026 10:16:00 AM,WC26018349,"I94 EB & CENTURY AV N, WOODBURY",TRAFFIC STOP
WASHINGTON COUNTY SHERIFFS OFFICE,WOODBURY,4/20/2026 10:42:00 AM,WC26018356,"I94 WB TO CENTURY AVE N RAMP, WOODBURY",TRAFFIC STOP
WASHINGTON COUNTY SHERIFFS OFFICE,WOODBURY,4/20/2026 10:54:00 AM,WC26018359,"I94 EB & CENTURY AV, WOODBURY",TRAFFIC STOP
WASHINGTON COUNTY SHERIFFS OFFICE,WOODBURY,4/20/2026 2:30:00 PM,WC26018401,"I94 EB TO RADIO DR RAMP, WOODBURY",TRAFFIC STOP
WASHINGTON COUNTY SHERIFFS OFFICE,WOODBURY,4/20/2026 11:40:00 PM,WC26018466,"MILITARY RD / RADIO DR, WOODBURY",TRAFFIC STOP
WASHINGTON COUNTY SHERIFFS OFFICE,WOODBURY,4/21/2026 5:04:26 PM,WC26018601,"TAMARACK RD / BIELENBERG DR, WOODBURY",K9 ASSIST
WASHINGTON COUNTY SHERIFFS OFFICE,WOODBURY,4/24/2026 7:58:00 PM,WC26019211,"I94 EB & CENTURY AV N, WOODBURY",TRAFFIC STOP
WASHINGTON COUNTY SHERIFFS OFFICE,WOODBURY,4/25/2026 12:16:00 AM,WC26019271,"I94 & Woodbury Dr, WOODBURY",TRAFFIC STOP
WASHINGTON COUNTY SHERIFFS OFFICE,WOODBURY,4/25/2026 12:54:00 AM,WC26019281,"I494 & TAMARACK RD, WOODBURY",TRAFFIC STOP
WASHINGTON COUNTY SHERIFFS OFFICE,WOODBURY,4/25/2026 10:01:00 PM,WC26019409,"I94EB AT CENTURY AV N, WOODBURY",TRAFFIC STOP
WASHINGTON COUNTY SHERIFFS OFFICE,WOODBURY,4/25/2026 10:26:00 PM,WC26019415,"I94 EB & CENTURY AV N, WOODBURY",TRAFFIC STOP
WASHINGTON COUNTY SHERIFFS OFFICE,WOODBURY,4/25/2026 10:48:21 PM,WC26019419,"I94, WOODBURY",TRAFFIC STOP
WASHINGTON COUNTY SHERIFFS OFFICE,WOODBURY,4/25/2026 10:49:50 PM,WC26019420,"XX I94 EB TO WOODBURY DR RAMP, WOODBURY",TRAFFIC STOP
WOODBURY PUBLIC SAFETY,WOODBURY,4/19/2026 2:06:54 AM,WB26015207,"XXX Radio Dr, WOODBURY",MEDICAL
WOODBURY PUBLIC SAFETY,WOODBURY,4/19/2026 6:20:51 AM,WB26015212,"10XXX  Bailey Rd, WOODBURY",DEATH INVESTIGATION
WOODBURY PUBLIC SAFETY,WOODBURY,4/19/2026 9:23:08 AM,WB26015223,"XXX Woodbury Dr, WOODBURY",DISTURBANCE
WOODBURY PUBLIC SAFETY,WOODBURY,4/19/2026 9:28:48 AM,WB26015225,"5XXX  Tower Dr, WOODBURY",ACCIDENT
WOODBURY PUBLIC SAFETY,WOODBURY,4/19/2026 10:04:39 AM,WB26015227,"5XXX  Stable View Dr, WOODBURY",WELFARE CHECK
WOODBURY PUBLIC SAFETY,WOODBURY,4/19/2026 11:18:50 AM,WB26015234,"XXX Radio Dr, WOODBURY",LOST PROPERTY/ITEM
WOODBURY PUBLIC SAFETY,WOODBURY,4/19/2026 2:34:33 PM,WB26015251,"1XXX  Regency Dr, WOODBURY",CIVIL MATTER/DISPUTE
WOODBURY PUBLIC SAFETY,WOODBURY,4/19/2026 2:44:12 PM,WB26015254,"10XXX  Grand Valley Ln, WOODBURY",DEATH
WOODBURY PUBLIC SAFETY,WOODBURY,4/19/2026 3:20:05 PM,WB26015258,"8XXX  Tamarack Vlg, WOODBURY",INCIDENT
WOODBURY PUBLIC SAFETY,WOODBURY,4/19/2026 3:45:56 PM,WB26015262,"10XXX  Hudson Rd, WOODBURY",THEFT
WOODBURY PUBLIC SAFETY,WOODBURY,4/19/2026 4:13:00 PM,WB26015269,"9XXX  Tamarack Rd, WOODBURY",DWI
WOODBURY PUBLIC SAFETY,WOODBURY,4/19/2026 4:50:22 PM,WB26015275,"1XXX  Queens Dr, WOODBURY",THEFT
WOODBURY PUBLIC SAFETY,WOODBURY,4/19/2026 5:28:57 PM,WB26015283,"TAMARACK RD, WOODBURY",TRAFFIC STOP
WOODBURY PUBLIC SAFETY,WOODBURY,4/19/2026 6:20:57 PM,WB26015290,"4XXX  Stable View Dr, WOODBURY",DISTURBANCE
WOODBURY PUBLIC SAFETY,WOODBURY,4/19/2026 7:39:31 PM,WB26015301,"Bailey Rd / Salem Dr, WOODBURY",ACCIDENT
WOODBURY PUBLIC SAFETY,WOODBURY,4/19/2026 8:08:47 PM,WB26015303,"2XXX  Saint Johns Ct, WOODBURY",FRAUD/SCAM
WOODBURY PUBLIC SAFETY,WOODBURY,4/19/2026 8:59:51 PM,WB26015307,"2XXX  Cypress Dr, WOODBURY",DISTURBANCE
WOODBURY PUBLIC SAFETY,WOODBURY,4/20/2026 12:00:00 AM,WB26015408,"XXX Commerce Dr, WOODBURY",MOTOR VEHICLE THEFT
WOODBURY PUBLIC SAFETY,WOODBURY,4/20/2026 8:35:05 AM,WB26015344,"6XXX  Applewood Ct, WOODBURY",ASSIST OTHER AGENCY
WOODBURY PUBLIC SAFETY,WOODBURY,4/20/2026 9:33:00 AM,WB26015346,"8XXX  City Centre Dr, WOODBURY",DISORDERLY CONDUCT
WOODBURY PUBLIC SAFETY,WOODBURY,4/20/2026 9:48:02 AM,WB26015348,"1XXX  Century Cir, WOODBURY",WELFARE CHECK
WOODBURY PUBLIC SAFETY,WOODBURY,4/20/2026 10:06:33 AM,WB26015350,"8XXX  PROMENADE LN, WOODBURY",FRAUD/SCAM
WOODBURY PUBLIC SAFETY,WOODBURY,4/20/2026 10:58:37 AM,WB26015357,"Hudson Rd / Woodbury Dr, WOODBURY",ACCIDENT
WOODBURY PUBLIC SAFETY,WOODBURY,4/20/2026 11:04:49 AM,WB26015358,"XXX Pendryn Hill Cir, WOODBURY",CIVIL MATTER/DISPUTE
WOODBURY PUBLIC SAFETY,WOODBURY,4/20/2026 11:30:56 AM,WB26015364,"7XXX  Greenbriar Ln, WOODBURY",SUSPICIOUS PERSON/ACTIVITY
WOODBURY PUBLIC SAFETY,WOODBURY,4/20/2026 12:06:57 PM,WB26015366,"9XXX  NORMA LN, WOODBURY",WARRANT ARREST
WOODBURY PUBLIC SAFETY,WOODBURY,4/20/2026 12:51:18 PM,WB26015378,"10XXX  KINGSFIELD LN, WOODBURY",WARRANT ARREST
WOODBURY PUBLIC SAFETY,WOODBURY,4/20/2026 1:46:13 PM,WB26015388,"2XXX  Woodcrest Dr, WOODBURY",RUNAWAY
WOODBURY PUBLIC SAFETY,WOODBURY,4/20/2026 2:01:25 PM,WB26015393,"7XXX  Hudson Rd, WOODBURY",ACCIDENT
WOODBURY PUBLIC SAFETY,WOODBURY,4/20/2026 2:56:04 PM,WB26015404,"4XXX  Benjamin Dr, WOODBURY",ACCIDENT
WOODBURY PUBLIC SAFETY,WOODBURY,4/20/2026 3:01:00 PM,WB26015405,"Radio Dr / Cobblestone Rd, WOODBURY",DWI
WOODBURY PUBLIC SAFETY,WOODBURY,4/20/2026 3:10:30 PM,WB26015406,"2XXX  WOODLANE DR, WOODBURY",THREATS
WOODBURY PUBLIC SAFETY,WOODBURY,4/20/2026 3:12:31 PM,WB26015407,"RADIO DR / ENCLAVE RD, WOODBURY",DWI
WOODBURY PUBLIC SAFETY,WOODBURY,4/20/2026 3:21:39 PM,WB26015409,"8XXX  Tamarack Vlg, WOODBURY",SHOPLIFTING
WOODBURY PUBLIC SAFETY,WOODBURY,4/20/2026 3:26:09 PM,WB26015419,"8XXX  Quarry Ridge Ln, WOODBURY",JUVENILE COMPLAINT
WOODBURY PUBLIC SAFETY,WOODBURY,4/20/2026 3:52:37 PM,WB26015415,"XXX Bielenberg Dr, WOODBURY",DISTURBANCE
WOODBURY PUBLIC SAFETY,WOODBURY,4/20/2026 3:54:23 PM,WB26015413,"SETTLERS RIDGE PKWY / EAGLE VIEW BLVD, WOODBURY",ACCIDENT
WOODBURY PUBLIC SAFETY,WOODBURY,4/20/2026 3:57:52 PM,WB26015417,"7XXX  Pinehurst Rd, WOODBURY",SUSPICIOUS PERSON/ACTIVITY
WOODBURY PUBLIC SAFETY,WOODBURY,4/20/2026 4:06:55 PM,WB26015418,"1XXX  WOODLANE DR, WOODBURY",THEFT
WOODBURY PUBLIC SAFETY,WOODBURY,4/20/2026 4:27:36 PM,WB26015421,"2XXX  Radio Dr, WOODBURY",SUSPICIOUS PERSON/ACTIVITY
WOODBURY PUBLIC SAFETY,WOODBURY,4/20/2026 6:01:54 PM,WB26015429,"9XXX  Preserve Trl, WOODBURY",HARASSMENT
WOODBURY PUBLIC SAFETY,WOODBURY,4/20/2026 6:18:28 PM,WB26015431,"MILITARY RD & RADIO DR, WOODBURY",ACCIDENT
WOODBURY PUBLIC SAFETY,WOODBURY,4/20/2026 6:40:51 PM,WB26015432,"1XXX  Bridle Path Ct, WOODBURY",RUNAWAY
WOODBURY PUBLIC SAFETY,WOODBURY,4/20/2026 7:29:07 PM,WB26015437,"2XXX  Cypress Dr, WOODBURY",JUVENILE COMPLAINT
WOODBURY PUBLIC SAFETY,WOODBURY,4/20/2026 8:01:19 PM,WB26015442,"XXX Bielenberg Dr, WOODBURY",HRO VIOLATION
WOODBURY PUBLIC SAFETY,WOODBURY,4/20/2026 9:02:45 PM,WB26015451,"4XXX  Benjamin Dr, WOODBURY",WELFARE CHECK
WOODBURY PUBLIC SAFETY,WOODBURY,4/20/2026 9:48:53 PM,WB26015456,"1XXX  Weir Dr, WOODBURY",SUSPICIOUS PERSON/ACTIVITY
WOODBURY PUBLIC SAFETY,WOODBURY,4/20/2026 10:35:41 PM,WB26015462,"3XXX  Cheshunt Dr, WOODBURY",DISTURBANCE
WOODBURY PUBLIC SAFETY,WOODBURY,4/20/2026 11:41:43 PM,WB26015470,"WOODLANE DR / WOODDALE DR, WOODBURY",WARRANT ARREST
WOODBURY PUBLIC SAFETY,WOODBURY,4/20/2026 11:56:46 PM,WB26015471,"7XXX  - 7125 TAMARACK RD, WOODBURY",TRAFFIC STOP
WOODBURY PUBLIC SAFETY,WOODBURY,4/21/2026 1:59:13 AM,WB26015480,"1XXX  WEIR DR, WOODBURY",SUSPICIOUS PERSON/ACTIVITY
WOODBURY PUBLIC SAFETY,WOODBURY,4/21/2026 10:23:00 AM,WB26015505,"Radio Dr / Valley Creek Rd, WOODBURY",ACCIDENT
WOODBURY PUBLIC SAFETY,WOODBURY,4/21/2026 10:36:56 AM,WB26015511,"6XXX  Courtly Alcove, WOODBURY",DISTURBANCE
WOODBURY PUBLIC SAFETY,WOODBURY,4/21/2026 10:59:12 AM,WB26015516,"XXX Radio Dr, WOODBURY",ACCIDENT
WOODBURY PUBLIC SAFETY,WOODBURY,4/21/2026 11:09:33 AM,WB26015517,"10XXX  SAILOR WAY, WOODBURY",FRAUD/SCAM
WOODBURY PUBLIC SAFETY,WOODBURY,4/21/2026 11:26:11 AM,WB26015519,"1XXX  Queens Dr, WOODBURY",SHOPLIFTING
WOODBURY PUBLIC SAFETY,WOODBURY,4/21/2026 11:51:47 AM,WB26015524,"8XXX  Hudson Rd, WOODBURY",ACCIDENT
WOODBURY PUBLIC SAFETY,WOODBURY,4/21/2026 12:19:39 PM,WB26015530,"8XXX  Valley Creek Rd, WOODBURY",ACCIDENT
WOODBURY PUBLIC SAFETY,WOODBURY,4/21/2026 12:35:37 PM,WB26015538,"2XXX  Radio Dr, WOODBURY",LOST PROPERTY/ITEM
WOODBURY PUBLIC SAFETY,WOODBURY,4/21/2026 12:40:09 PM,WB26015535,"TAMARACK RD / I494, WOODBURY",FOUND PROPERTY/ITEM
WOODBURY PUBLIC SAFETY,WOODBURY,4/21/2026 1:41:39 PM,WB26015546,"8XXX  TAMARACK VLG, WOODBURY",FRAUD/SCAM
WOODBURY PUBLIC SAFETY,WOODBURY,4/21/2026 1:43:00 PM,WB26015662,"10XXX  ARROWWOOD PATH, WOODBURY",CPS REFERRAL
WOODBURY PUBLIC SAFETY,WOODBURY,4/21/2026 2:26:12 PM,WB26015560,"2XXX  Cypress Dr, WOODBURY",REQUEST FOR EMERGENCY EXAM - 72 HR HOLD
WOODBURY PUBLIC SAFETY,WOODBURY,4/21/2026 3:35:36 PM,WB26015572,"1XXX  Woodwinds Dr, WOODBURY",ACCIDENT
WOODBURY PUBLIC SAFETY,WOODBURY,4/21/2026 3:38:04 PM,WB26015573,"Radio Dr / Hudson Rd, WOODBURY",ACCIDENT
WOODBURY PUBLIC SAFETY,WOODBURY,4/21/2026 5:04:26 PM,WB26015585,"TAMARACK RD / BIELENBERG DR, WOODBURY",TRAFFIC STOP
WOODBURY PUBLIC SAFETY,WOODBURY,4/21/2026 6:08:34 PM,WB26015592,"2XXX  Mallard Dr, WOODBURY",DISTURBANCE
WOODBURY PUBLIC SAFETY,WOODBURY,4/21/2026 6:54:10 PM,WB26015597,"XXX Radio Dr, WOODBURY",ACCIDENT
WOODBURY PUBLIC SAFETY,WOODBURY,4/21/2026 6:58:59 PM,WB26015599,"2XXX  Queensport Rd, WOODBURY",HARASSMENT
WOODBURY PUBLIC SAFETY,WOODBURY,4/21/2026 7:28:41 PM,WB26015603,"VALLEY CREEK RD / LOCHAVEN DR, WOODBURY",MEDICAL
WOODBURY PUBLIC SAFETY,WOODBURY,4/21/2026 8:06:37 PM,WB26015607,"8XXX  Tamarack Vlg, WOODBURY",THEFT
WOODBURY PUBLIC SAFETY,WOODBURY,4/21/2026 9:50:58 PM,WB26015617,"6XXX  Courtly Alcove, WOODBURY",OVERDOSE
WOODBURY PUBLIC SAFETY,WOODBURY,4/21/2026 11:58:23 PM,WB26015638,"XXX Radio Dr, WOODBURY",JUVENILE COMPLAINT
WOODBURY PUBLIC SAFETY,WOODBURY,4/22/2026 6:27:53 AM,WB26015645,"9XXX  Andrea Dr, WOODBURY",DEATH INVESTIGATION
WOODBURY PUBLIC SAFETY,WOODBURY,4/22/2026 7:50:38 AM,WB26015648,"10XXX  Block Hudson Rd , WOODBURY",ACCIDENT
WOODBURY PUBLIC SAFETY,WOODBURY,4/22/2026 8:15:12 AM,WB26015651,"1XXX  School Dr, WOODBURY",ACCIDENT
WOODBURY PUBLIC SAFETY,WOODBURY,4/22/2026 9:16:47 AM,WB26015655,"UPPER AFTON RD / WEIR DR, WOODBURY",ACCIDENT
WOODBURY PUBLIC SAFETY,WOODBURY,4/22/2026 11:01:49 AM,WB26015670,"11XXX  Riverstone Trl, WOODBURY",IDENTITY THEFT
WOODBURY PUBLIC SAFETY,WOODBURY,4/22/2026 12:31:49 PM,WB26015688,"7XXX  VALLEY CREEK PLZ, WOODBURY",SHOPLIFTING
WOODBURY PUBLIC SAFETY,WOODBURY,4/22/2026 1:10:59 PM,WB26015691,"9XXX  Hudson Pl, WOODBURY",THEFT
WOODBURY PUBLIC SAFETY,WOODBURY,4/22/2026 1:30:10 PM,WB26015694,"8XXX  Rainier Dr, WOODBURY",FRAUD/SCAM
WOODBURY PUBLIC SAFETY,WOODBURY,4/22/2026 1:51:11 PM,WB26015700,"4XXX  Pioneer Dr., WOODBURY",ACCIDENT
WOODBURY PUBLIC SAFETY,WOODBURY,4/22/2026 2:14:57 PM,WB26015707,"6XXX  Courtly Alcove, WOODBURY",CIVIL MATTER/DISPUTE
WOODBURY PUBLIC SAFETY,WOODBURY,4/22/2026 3:08:08 PM,WB26015715,"7XXX  VALLEY CREEK PLZ, WOODBURY",SUSPICIOUS PERSON/ACTIVITY
WOODBURY PUBLIC SAFETY,WOODBURY,4/22/2026 3:43:51 PM,WB26015722,"XXX Woodbury Dr, WOODBURY",PROPERTY DAMAGE
WOODBURY PUBLIC SAFETY,WOODBURY,4/22/2026 4:04:22 PM,WB26015723,"HUDSON RD / RADIO DR, WOODBURY",TRAFFIC STOP
WOODBURY PUBLIC SAFETY,WOODBURY,4/22/2026 5:48:06 PM,WB26015735,"7XXX  Currell Blvd, WOODBURY",TRESPASSING
WOODBURY PUBLIC SAFETY,WOODBURY,4/22/2026 5:49:36 PM,WB26015734,"8XXX  SAVANNA OAKS BAY, WOODBURY",BURGLARY
WOODBURY PUBLIC SAFETY,WOODBURY,4/22/2026 6:56:47 PM,WB26015745,"2XXX  Radio Dr, WOODBURY",PROPERTY DAMAGE
WOODBURY PUBLIC SAFETY,WOODBURY,4/22/2026 9:38:09 PM,WB26015762,"6XXX  HUDSON RD, WOODBURY",THEFT
WOODBURY PUBLIC SAFETY,WOODBURY,4/22/2026 11:14:11 PM,WB26015769,"2XXX  JORDAN CT, WOODBURY",ANIMAL COMPLAINT
WOODBURY PUBLIC SAFETY,WOODBURY,4/23/2026 12:00:00 AM,WB26014851,"7XXX  STEEPLEVIEW RD, WOODBURY",FOUND PROPERTY/ITEM
WOODBURY PUBLIC SAFETY,WOODBURY,4/23/2026 12:43:18 AM,WB26015777,"8XXX  Hudson Rd, WOODBURY",SUSPICIOUS PERSON/ACTIVITY
WOODBURY PUBLIC SAFETY,WOODBURY,4/23/2026 12:03:02 PM,WB26015832,"2XXX  Eagle Creek Ln, WOODBURY",FRAUD/SCAM
WOODBURY PUBLIC SAFETY,WOODBURY,4/23/2026 12:44:38 PM,WB26015838,"7XXX  Currell Blvd, WOODBURY",REQUEST FOR EMERGENCY EXAM - 72 HR HOLD
WOODBURY PUBLIC SAFETY,WOODBURY,4/23/2026 1:13:00 PM,WB26015842,"VALLEY CREEK RD / WOODLANE DR, WOODBURY",TRAFFIC STOP
WOODBURY PUBLIC SAFETY,WOODBURY,4/23/2026 2:09:00 PM,WB26015846,"VALLEY CREEK RD / I494, WOODBURY",WARRANT ARREST
WOODBURY PUBLIC SAFETY,WOODBURY,4/23/2026 4:22:08 PM,WB26015867,"2XXX  Sumac Way, WOODBURY",DISTURBANCE
WOODBURY PUBLIC SAFETY,WOODBURY,4/23/2026 5:01:00 PM,WB26015875,"NORMA LN / HUDSON RD, WOODBURY",TRAFFIC STOP
WOODBURY PUBLIC SAFETY,WOODBURY,4/23/2026 5:28:12 PM,WB26015878,"1XXX  WOODLANE DR, WOODBURY",WARRANT ARREST
WOODBURY PUBLIC SAFETY,WOODBURY,4/23/2026 5:45:01 PM,WB26015881,"Woodbury Dr / Bailey Rd, WOODBURY",MOTORIST ASSIST
WOODBURY PUBLIC SAFETY,WOODBURY,4/23/2026 5:58:06 PM,WB26015883,"7XXX  VALLEY CREEK PLZ, WOODBURY",COUNTERFEIT/FORGERY
WOODBURY PUBLIC SAFETY,WOODBURY,4/23/2026 6:07:42 PM,WB26015884,"7XXX  Foxboro Ln, WOODBURY",DANCO VIOLATION
WOODBURY PUBLIC SAFETY,WOODBURY,4/23/2026 7:16:59 PM,WB2601,"8XXX  Hudson Rd, WOODBURY",ACCIDENT
WOODBURY PUBLIC SAFETY,WOODBURY,4/23/2026 11:31:14 PM,WB26015924,"Weir Dr / Valley Creek Rd, WOODBURY",ACCIDENT
WOODBURY PUBLIC SAFETY,WOODBURY,4/24/2026 12:19:49 AM,WB26015927,"4XXX  SONOMA CT, WOODBURY",INTERNET CRIMES
WOODBURY PUBLIC SAFETY,WOODBURY,4/24/2026 4:09:48 AM,WB26015935,"2XXX  Alpine Dr, WOODBURY",PROPERTY DAMAGE
WOODBURY PUBLIC SAFETY,WOODBURY,4/24/2026 10:01:27 AM,WB26015963,"XXX Commerce Dr, WOODBURY",DANCO VIOLATION
WOODBURY PUBLIC SAFETY,WOODBURY,4/24/2026 10:37:24 AM,WB26015968,"Hudson Rd / Woodbury Dr, WOODBURY",ACCIDENT
WOODBURY PUBLIC SAFETY,WOODBURY,4/24/2026 12:03:01 PM,WB26015983,"HILL RD / HILL TER, WOODBURY",DWI
WOODBURY PUBLIC SAFETY,WOODBURY,4/24/2026 1:14:57 PM,WB26016004,"7XXX  Currell Blvd, WOODBURY",THEFT
WOODBURY PUBLIC SAFETY,WOODBURY,4/24/2026 2:11:00 PM,WB26016020,"10XXX  HUDSON RD, WOODBURY",SHOPLIFTING
WOODBURY PUBLIC SAFETY,WOODBURY,4/24/2026 2:40:04 PM,WB26016028,"4XXX  Equine Trl, WOODBURY",IDENTITY THEFT
WOODBURY PUBLIC SAFETY,WOODBURY,4/24/2026 2:57:32 PM,WB26016031,"8XXX  HUDSON RD, WOODBURY",ASSIST OTHER AGENCY
WOODBURY PUBLIC SAFETY,WOODBURY,4/24/2026 3:24:09 PM,WB26016041,"7XXX  Afton Rd, WOODBURY",DISTURBANCE
WOODBURY PUBLIC SAFETY,WOODBURY,4/24/2026 3:46:00 PM,WB26016044,"GLOBE DR / HUDSON RD, WOODBURY",WEAPON COMPLAINT/VIOLATION
WOODBURY PUBLIC SAFETY,WOODBURY,4/24/2026 3:50:04 PM,WB26016045,"Radio Dr / Tamarack Rd, WOODBURY",FIGHT
WOODBURY PUBLIC SAFETY,WOODBURY,4/24/2026 3:55:48 PM,WB26016047,"8XXX  CITY CENTRE DR, WOODBURY",MOTOR VEHICLE THEFT
WOODBURY PUBLIC SAFETY,WOODBURY,4/24/2026 4:30:00 PM,WB26016054,"11XXX  WHITEWATER DR, WOODBURY",MAIL THEFT
WOODBURY PUBLIC SAFETY,WOODBURY,4/24/2026 8:18:26 PM,WB26016084,"10XXX  City Walk Dr, WOODBURY",THEFT
WOODBURY PUBLIC SAFETY,WOODBURY,4/24/2026 9:09:35 PM,WB26016093,"XXX Bielenberg Dr, WOODBURY",DISTURBANCE
WOODBURY PUBLIC SAFETY,WOODBURY,4/24/2026 10:53:06 PM,WB26016112,"1XXX  Weir Dr, WOODBURY",THEFT
WOODBURY PUBLIC SAFETY,WOODBURY,4/25/2026 12:03:13 AM,WB26016124,"7XXX  VALLEY CREEK PLZ, WOODBURY",THREATS
WOODBURY PUBLIC SAFETY,WOODBURY,4/25/2026 1:09:14 AM,WB26016131,"2XXX  OJIBWAY DR, WOODBURY",FOUND PROPERTY/ITEM
WOODBURY PUBLIC SAFETY,WOODBURY,4/25/2026 2:33:45 AM,WB26016136,"XXX Commons Dr, WOODBURY",DISTURBANCE
WOODBURY PUBLIC SAFETY,WOODBURY,4/25/2026 8:27:57 AM,WB26016150,"7XXX  Cobblestone Rd, WOODBURY",SUSPICIOUS PERSON/ACTIVITY
WOODBURY PUBLIC SAFETY,WOODBURY,4/25/2026 8:55:01 AM,WB26016153,"9XXX  Preserve Trl, WOODBURY",HARASSMENT
WOODBURY PUBLIC SAFETY,WOODBURY,4/25/2026 12:55:27 PM,WB26016178,"2XXX  Vining Dr, WOODBURY",TRESPASSING
WOODBURY PUBLIC SAFETY,WOODBURY,4/25/2026 12:57:21 PM,WB26016176,"8XXX  TAMARACK VLG, WOODBURY",WANTED PERSON-KOPS ALERT/ATL
WOODBURY PUBLIC SAFETY,WOODBURY,4/25/2026 2:11:13 PM,WB26016189,"3XXX  Copper Oaks Draw, WOODBURY",THEFT FROM MOTOR VEHICLE
WOODBURY PUBLIC SAFETY,WOODBURY,4/25/2026 3:04:18 PM,WB26016199,"9XXX  NEWCASTLE RD, WOODBURY",WELFARE CHECK
WOODBURY PUBLIC SAFETY,WOODBURY,4/25/2026 4:25:30 PM,WB26016208,"8XXX  TAMARACK BAY, WOODBURY",WANTED PERSON-KOPS ALERT/ATL
WOODBURY PUBLIC SAFETY,WOODBURY,4/25/2026 5:37:00 PM,WB26016205,"8XXX  TAMARACK VLG, WOODBURY",DWI
WOODBURY PUBLIC SAFETY,WOODBURY,4/25/2026 6:43:25 PM,WB26016218,"Pioneer Dr / Bailey Rd, WOODBURY",VEHICLE TAMPERING
WOODBURY PUBLIC SAFETY,WOODBURY,4/25/2026 7:27:23 PM,WB26016222,"11XXX  SAND CASTLE DR, WOODBURY",JUVENILE COMPLAINT
WOODBURY PUBLIC SAFETY,WOODBURY,4/25/2026 7:50:02 PM,WB26016224,"9XXX  Wedgewood Dr, WOODBURY",TRAFFIC COMPLAINT
WOODBURY PUBLIC SAFETY,WOODBURY,4/25/2026 9:28:59 PM,WB26016232,"1XXX  Queens Dr, WOODBURY",SHOPLIFTING
WOODBURY PUBLIC SAFETY,WOODBURY,4/25/2026 10:06:00 PM,WB26016235,"7XXX  VALLEY CREEK PLZ, WOODBURY",SHOPLIFTING

