AgencyName,Address_City_Description,CreatedOn1,CaseNum,Textbox28,EventDescription
BAYPORT POLICE DEPARTMENT,BAYPORT,6/21/2026 9:57:17 AM,BP26001969,"XXX - 299 2ND AVE N, BAYPORT",TRAFFIC STOP
BAYPORT POLICE DEPARTMENT,BAYPORT,6/21/2026 1:11:43 PM,BP26001971,"XXX Highway 95 N, BAYPORT",MEDICAL
BAYPORT POLICE DEPARTMENT,BAYPORT,6/21/2026 1:28:38 PM,BP26001972,"XXX Minnesota St S, BAYPORT",MOTORIST ASSIST
BAYPORT POLICE DEPARTMENT,BAYPORT,6/21/2026 2:24:20 PM,BP26001973,"XXX Minnesota St S, BAYPORT",ANIMAL BITE
BAYPORT POLICE DEPARTMENT,BAYPORT,6/21/2026 5:04:00 PM,BP26001975,"XX Central Ave, BAYPORT",PARKING VIOLATION
BAYPORT POLICE DEPARTMENT,BAYPORT,6/22/2026 6:14:29 AM,BP26001983,"XXX - 999 Highway 95 N, BAYPORT",TRAFFIC STOP
BAYPORT POLICE DEPARTMENT,BAYPORT,6/22/2026 10:12:49 AM,BP26001985,"XXX 6th St N, BAYPORT",ALARM-BUSINESS/RES/FIRE/MEDICAL/ETC
BAYPORT POLICE DEPARTMENT,BAYPORT,6/22/2026 11:05:06 AM,BP26001986,"5TH AVE N / MAINE ST N, BAYPORT",PARKING VIOLATION
BAYPORT POLICE DEPARTMENT,BAYPORT,6/22/2026 4:52:04 PM,BP26001989,"XXX - 998 Highway 95 N, BAYPORT",TRAFFIC STOP
BAYPORT POLICE DEPARTMENT,BAYPORT,6/22/2026 5:08:06 PM,BP26001991,"3RD ST N / 4TH AVE N, BAYPORT",DIRECTED PATROL
BAYPORT POLICE DEPARTMENT,BAYPORT,6/22/2026 5:21:25 PM,BP26001992,"PRIVATE DR, BAYPORT",TRAFFIC STOP
BAYPORT POLICE DEPARTMENT,BAYPORT,6/22/2026 10:25:17 PM,BP26001994,"XX Central Ave, BAYPORT",Park Close
BAYPORT POLICE DEPARTMENT,BAYPORT,6/23/2026 10:10:06 AM,BP26002002,"5TH AVE N / MAINE ST N, BAYPORT",PARKING VIOLATION
BAYPORT POLICE DEPARTMENT,BAYPORT,6/23/2026 1:01:31 PM,BP26002007,"XXX 3RD ST S, BAYPORT",MEDICAL
BAYPORT POLICE DEPARTMENT,BAYPORT,6/23/2026 1:15:48 PM,BP26002008,"XXX - 741 3RD ST N, BAYPORT",TRAFFIC STOP
BAYPORT POLICE DEPARTMENT,BAYPORT,6/23/2026 2:31:23 PM,BP26002009,"XXX 4th Ave N, BAYPORT",MEDICAL
BAYPORT POLICE DEPARTMENT,BAYPORT,6/23/2026 4:45:17 PM,BP26002010,"XXX Pickett St N, BAYPORT",MEDICAL
BAYPORT POLICE DEPARTMENT,BAYPORT,6/23/2026 6:12:47 PM,BP26002011,"XXX - 198 3RD ST N, BAYPORT",TRAFFIC STOP
BAYPORT POLICE DEPARTMENT,BAYPORT,6/23/2026 11:50:35 PM,BP26002014,"XX Central Ave, BAYPORT",Park Close
BAYPORT POLICE DEPARTMENT,BAYPORT,6/24/2026 12:15:55 AM,BP26002015,"XXX 6th St N, BAYPORT",MEDICAL
BAYPORT POLICE DEPARTMENT,BAYPORT,6/24/2026 8:24:46 AM,BP26002019,"XXX Prairie Way N, BAYPORT",MEDICAL
BAYPORT POLICE DEPARTMENT,BAYPORT,6/24/2026 9:02:07 AM,BP26002020,"1XXX  INSPIRATION PKWY N, BAYPORT",ORDINANCE VIOLATION
BAYPORT POLICE DEPARTMENT,BAYPORT,6/24/2026 9:15:06 AM,BP26002021,"XXX 3rd St N, BAYPORT",FRAUD/SCAM
BAYPORT POLICE DEPARTMENT,BAYPORT,6/24/2026 9:26:17 AM,BP26002022,"XXX Minnesota St S, BAYPORT",911 ABANDONED/HANGUP/OPEN LINE
BAYPORT POLICE DEPARTMENT,BAYPORT,6/24/2026 10:45:12 AM,BP26002023,"XXX 6th St N, BAYPORT",WELFARE CHECK
BAYPORT POLICE DEPARTMENT,BAYPORT,6/24/2026 11:31:00 AM,BP26002025,"1XXX  Block 5th Ave N, BAYPORT",TRAFFIC STOP
BAYPORT POLICE DEPARTMENT,BAYPORT,6/24/2026 12:24:20 PM,BP26002026,"XXX 6th St N, BAYPORT",WELFARE CHECK
BAYPORT POLICE DEPARTMENT,BAYPORT,6/24/2026 3:06:24 PM,BP26002027,"XX CENTRAL AVE, BAYPORT",COMMUNITY CONTACT
BAYPORT POLICE DEPARTMENT,BAYPORT,6/24/2026 5:17:28 PM,BP26002029,"XXX Primrose Path, BAYPORT",911 ABANDONED/HANGUP/OPEN LINE
BAYPORT POLICE DEPARTMENT,BAYPORT,6/24/2026 6:35:59 PM,BP26002031,"Inspiration Pkwy S / Prairie Way S, BAYPORT",ACCIDENT
BAYPORT POLICE DEPARTMENT,BAYPORT,6/25/2026 1:49:52 PM,BP26002039,"XX CENTRAL AVE, BAYPORT",BOAT ENVELOPES
BAYPORT POLICE DEPARTMENT,BAYPORT,6/25/2026 2:58:00 PM,BP26002040,"Stagecoach Trl N / 40th St N, BAYPORT",TRAFFIC STOP
BAYPORT POLICE DEPARTMENT,BAYPORT,6/25/2026 3:28:03 PM,BP26002041,"XXX 3RD ST N, BAYPORT",CITIZEN/PUBLIC ASSIST
BAYPORT POLICE DEPARTMENT,BAYPORT,6/25/2026 4:59:25 PM,BP26002042,"XXX 5th Ave N, BAYPORT",ALARM-BUSINESS/RES/FIRE/MEDICAL/ETC
BAYPORT POLICE DEPARTMENT,BAYPORT,6/25/2026 7:33:43 PM,BP26002044,"XXX 6th St S, BAYPORT",VEHICLE UNLOCK
BAYPORT POLICE DEPARTMENT,BAYPORT,6/25/2026 9:16:05 PM,BP26002046,"XX CENTRAL AVE, BAYPORT",CITIZEN/PUBLIC ASSIST
BAYPORT POLICE DEPARTMENT,BAYPORT,6/25/2026 9:24:19 PM,BP26002047,"XX CENTRAL AVE, BAYPORT",CITIZEN/PUBLIC ASSIST
BAYPORT POLICE DEPARTMENT,BAYPORT,6/25/2026 9:27:31 PM,BP26002048,"XX CENTRAL AVE, BAYPORT",SUSPICIOUS PERSON/ACTIVITY
BAYPORT POLICE DEPARTMENT,BAYPORT,6/26/2026 12:00:00 AM,BP26002056,"XXX - 636 MINNESOTA ST S, BAYPORT",CIT DAR
BAYPORT POLICE DEPARTMENT,BAYPORT,6/26/2026 3:28:05 AM,BP26002050,"XXX Pickett St N, BAYPORT",MEDICAL
BAYPORT POLICE DEPARTMENT,BAYPORT,6/26/2026 8:34:51 AM,BP26002052,"4XXX  Stagecoach Trl N, BAYPORT",911 ABANDONED/HANGUP/OPEN LINE
BAYPORT POLICE DEPARTMENT,BAYPORT,6/26/2026 5:54:01 PM,BP26002057,"XXX Periwinkle Pl, BAYPORT",911 ABANDONED/HANGUP/OPEN LINE
BAYPORT POLICE DEPARTMENT,BAYPORT,6/27/2026 12:08:48 PM,BP26002065,"XXX 3rd St N, BAYPORT",ABANDONED VEHICLE
BAYPORT POLICE DEPARTMENT,BAYTOWN TOWNSHIP,6/25/2026 8:50:57 AM,BP26002037,"Stagecoach Trl N / 30th St N, BAYTOWN TOWNSHIP",ASSIST OTHER AGENCY
BAYPORT POLICE DEPARTMENT,LAKE ELMO,6/21/2026 4:56:57 PM,BP26001974,"Hwy 36 Eb At Keats Ave N, LAKE ELMO",DRIVING COMPLAINT
BAYPORT POLICE DEPARTMENT,LAKELAND,6/23/2026 1:15:03 AM,BP26001997,"1XXX  - 1076 SAINT CROIX TRL N, LAKELAND",TRAFFIC STOP
BAYPORT POLICE DEPARTMENT,LAKELAND,6/24/2026 5:38:23 PM,BP26002030,"XXX Quehl Ave N, LAKELAND",ASSIST OTHER AGENCY
BAYPORT POLICE DEPARTMENT,OAK PARK HEIGHTS,6/21/2026 7:57:11 AM,BP26001968,"14XXX  60th St N, OAK PARK HEIGHTS",ASSIST OTHER AGENCY
BAYPORT POLICE DEPARTMENT,OAK PARK HEIGHTS,6/21/2026 5:27:00 PM,BP26001976,"OSGOOD AVE N / 56TH ST N, OAK PARK HEIGHTS",TRAFFIC STOP
BAYPORT POLICE DEPARTMENT,OAK PARK HEIGHTS,6/22/2026 10:14:15 PM,BP26001993,"Saint Croix Crossing Bridge: Hwy 36 Wb - Mn, OAK PARK HEIGHTS",ASSIST OTHER AGENCY
BAYPORT POLICE DEPARTMENT,OAK PARK HEIGHTS,6/22/2026 11:48:02 PM,BP26001995,"OAKGREEN AVE N / 60TH ST N, OAK PARK HEIGHTS",ASSIST OTHER AGENCY
BAYPORT POLICE DEPARTMENT,OAK PARK HEIGHTS,6/23/2026 2:11:20 AM,BP26001998,"Saint Croix Crossing Bridge: Hwy 36 Eb - Mn, OAK PARK HEIGHTS",ASSIST OTHER AGENCY
BAYPORT POLICE DEPARTMENT,OAK PARK HEIGHTS,6/23/2026 8:47:15 PM,BP26002012,"14XXX  Upper 56th St N, OAK PARK HEIGHTS",ASSIST OTHER AGENCY
BAYPORT POLICE DEPARTMENT,OAK PARK HEIGHTS,6/24/2026 1:30:30 AM,BP26002016,"14XXX  Upper 56th St N, OAK PARK HEIGHTS",ASSIST OTHER AGENCY
BAYPORT POLICE DEPARTMENT,OAK PARK HEIGHTS,6/24/2026 3:12:26 PM,BP26002028,"HWY 95 TO HWY 36 WB RAMP, OAK PARK HEIGHTS",ASSIST OTHER AGENCY
BAYPORT POLICE DEPARTMENT,OAK PARK HEIGHTS,6/26/2026 12:45:30 AM,BP26002049,"14XXX  58TH ST N, OAK PARK HEIGHTS",ASSIST OTHER AGENCY
BAYPORT POLICE DEPARTMENT,OAK PARK HEIGHTS,6/26/2026 2:10:35 PM,BP26002055,"14XXX  58TH ST N, OAK PARK HEIGHTS",ASSIST OTHER AGENCY
BAYPORT POLICE DEPARTMENT,STILLWATER,6/23/2026 10:14:03 PM,BP26002013,"1XXX  MARKET DR, STILLWATER",ASSIST OTHER AGENCY
BAYPORT POLICE DEPARTMENT,STILLWATER,6/25/2026 6:13:17 PM,BP26002043,"15XXX  62nd St N, STILLWATER",SUICIDE ATTEMPT/THREATS OF
BAYPORT POLICE DEPARTMENT,WEST LAKELAND TOWNSHIP,6/24/2026 7:11:21 AM,BP26002018,"Saint Croix Trl N / Quant Ave N, WEST LAKELAND TOWNSHIP",DRIVING COMPLAINT
COTTAGE GROVE POLICE DEPARTMENT,COTTAGE GROVE,6/21/2026 12:42:08 AM,CG26026753,"9XXX  75th St S, COTTAGE GROVE",ATV/OHV ACCIDENT
COTTAGE GROVE POLICE DEPARTMENT,COTTAGE GROVE,6/21/2026 2:46:53 AM,CG26026760,"8XXX  East Point Douglas Rd S, COTTAGE GROVE",WELFARE CHECK
COTTAGE GROVE POLICE DEPARTMENT,COTTAGE GROVE,6/21/2026 6:15:41 AM,CG26026765,"6XXX  East Point Douglas Rd S, COTTAGE GROVE",MEDICAL
COTTAGE GROVE POLICE DEPARTMENT,COTTAGE GROVE,6/21/2026 6:23:20 AM,CG26026766,"8XXX  81st St S, COTTAGE GROVE",ALARM-BUSINESS/RES/FIRE/MEDICAL/ETC
COTTAGE GROVE POLICE DEPARTMENT,COTTAGE GROVE,6/21/2026 7:36:06 AM,CG26026769,"10XXX  Innovation Rd S, COTTAGE GROVE",MEDICAL
COTTAGE GROVE POLICE DEPARTMENT,COTTAGE GROVE,6/21/2026 8:53:13 AM,CG26026774,"13XXX  - 11998 RAVINE PKWY S, COTTAGE GROVE",FOUND PROPERTY/ITEM
COTTAGE GROVE POLICE DEPARTMENT,COTTAGE GROVE,6/21/2026 10:18:19 AM,CG26026790,"7XXX  East Point Douglas Rd S, COTTAGE GROVE",THEFT
COTTAGE GROVE POLICE DEPARTMENT,COTTAGE GROVE,6/21/2026 11:33:16 AM,CG26026801,"12XXX  RAVINE PKWY S, COTTAGE GROVE",FOUND PROPERTY/ITEM
COTTAGE GROVE POLICE DEPARTMENT,COTTAGE GROVE,6/21/2026 12:06:03 PM,CG26026804,"7XXX  East Point Douglas Rd S, COTTAGE GROVE",MEDICAL
COTTAGE GROVE POLICE DEPARTMENT,COTTAGE GROVE,6/21/2026 12:10:15 PM,CG26026805,"12XXX  RAVINE PKWY S, COTTAGE GROVE",FOUND PROPERTY/ITEM
COTTAGE GROVE POLICE DEPARTMENT,COTTAGE GROVE,6/21/2026 12:26:51 PM,CG26026808,"12XXX  RAVINE PKWY S, COTTAGE GROVE",FOUND PROPERTY/ITEM
COTTAGE GROVE POLICE DEPARTMENT,COTTAGE GROVE,6/21/2026 12:27:46 PM,CG26026809,"12XXX  Ravine Pkwy S, COTTAGE GROVE",DISTURBANCE
COTTAGE GROVE POLICE DEPARTMENT,COTTAGE GROVE,6/21/2026 12:36:30 PM,CG26026811,"Unknown, COTTAGE GROVE",LOST PROPERTY/ITEM
COTTAGE GROVE POLICE DEPARTMENT,COTTAGE GROVE,6/21/2026 12:41:40 PM,CG26026813,"12XXX  RAVINE PKWY S, COTTAGE GROVE",FOUND PROPERTY/ITEM
COTTAGE GROVE POLICE DEPARTMENT,COTTAGE GROVE,6/21/2026 12:49:32 PM,CG26026814,"12XXX  RAVINE PKWY S, COTTAGE GROVE",FOUND PROPERTY/ITEM
COTTAGE GROVE POLICE DEPARTMENT,COTTAGE GROVE,6/21/2026 12:59:20 PM,CG26026816,"9XXX  East Point Douglas Rd S, COTTAGE GROVE",ACCIDENT
COTTAGE GROVE POLICE DEPARTMENT,COTTAGE GROVE,6/21/2026 1:00:42 PM,CG26026815,"9XXX  75TH ST S, COTTAGE GROVE",FOUND PROPERTY/ITEM
COTTAGE GROVE POLICE DEPARTMENT,COTTAGE GROVE,6/21/2026 1:10:37 PM,CG26026818,"12XXX  RAVINE PKWY S, COTTAGE GROVE",FOUND PROPERTY/ITEM
COTTAGE GROVE POLICE DEPARTMENT,COTTAGE GROVE,6/21/2026 1:19:31 PM,CG26026819,"12XXX  RAVINE PKWY S, COTTAGE GROVE",FOUND PROPERTY/ITEM
COTTAGE GROVE POLICE DEPARTMENT,COTTAGE GROVE,6/21/2026 1:30:01 PM,CG26026820,"12XXX  RAVINE PKWY S, COTTAGE GROVE",FOUND PROPERTY/ITEM
COTTAGE GROVE POLICE DEPARTMENT,COTTAGE GROVE,6/21/2026 1:38:14 PM,CG26026822,"13XXX  - 11999 RAVINE PKWY S, COTTAGE GROVE",FOUND PROPERTY/ITEM
COTTAGE GROVE POLICE DEPARTMENT,COTTAGE GROVE,6/21/2026 1:51:23 PM,CG26026827,"12XXX  RAVINE PKWY S, COTTAGE GROVE",FOUND PROPERTY/ITEM
COTTAGE GROVE POLICE DEPARTMENT,COTTAGE GROVE,6/21/2026 3:19:04 PM,CG26026839,"7XXX  Innsdale Ave S, COTTAGE GROVE",MEDICAL
COTTAGE GROVE POLICE DEPARTMENT,COTTAGE GROVE,6/21/2026 4:27:05 PM,CG26026845,"84th St S / Hale Ave S, COTTAGE GROVE",WELFARE CHECK
COTTAGE GROVE POLICE DEPARTMENT,COTTAGE GROVE,6/21/2026 5:04:55 PM,CG26026850,"9XXX  Heath Ave S, COTTAGE GROVE",HARASSMENT
COTTAGE GROVE POLICE DEPARTMENT,COTTAGE GROVE,6/21/2026 5:29:29 PM,CG26026853,"8XXX  East Point Douglas Rd S, COTTAGE GROVE",ALARM-BUSINESS/RES/FIRE/MEDICAL/ETC
COTTAGE GROVE POLICE DEPARTMENT,COTTAGE GROVE,6/21/2026 6:00:32 PM,CG26026861,"8XXX  East Point Douglas Rd S, COTTAGE GROVE",ASSAULT
COTTAGE GROVE POLICE DEPARTMENT,COTTAGE GROVE,6/21/2026 10:46:00 PM,CG26026888,"8XXX  HADLEY AVE S, COTTAGE GROVE",Traffic stop
COTTAGE GROVE POLICE DEPARTMENT,COTTAGE GROVE,6/21/2026 11:19:50 PM,CG26026891,"8XXX  Hyde Ave S, COTTAGE GROVE",ANIMAL COMPLAINT
COTTAGE GROVE POLICE DEPARTMENT,COTTAGE GROVE,6/22/2026 8:32:05 AM,CG26026908,"6XXX  80th St S, COTTAGE GROVE",MEDICAL
COTTAGE GROVE POLICE DEPARTMENT,COTTAGE GROVE,6/22/2026 8:35:45 AM,CG26026909,"7XXX  Granada Cir S, COTTAGE GROVE",PARKING VIOLATION
COTTAGE GROVE POLICE DEPARTMENT,COTTAGE GROVE,6/22/2026 8:41:53 AM,CG26026910,"8XXX  Hamlet Ave S, COTTAGE GROVE",FRAUD/SCAM
COTTAGE GROVE POLICE DEPARTMENT,COTTAGE GROVE,6/22/2026 9:06:34 AM,CG26026914,"8XXX  GREENE AVE S, COTTAGE GROVE",DWI
COTTAGE GROVE POLICE DEPARTMENT,COTTAGE GROVE,6/22/2026 10:37:33 AM,CG26026928,"6XXX  Ideal Ave S, COTTAGE GROVE",WELFARE CHECK
COTTAGE GROVE POLICE DEPARTMENT,COTTAGE GROVE,6/22/2026 11:36:13 AM,CG26026936,"80th St S / Jamaica Ave S, COTTAGE GROVE",ACCIDENT
COTTAGE GROVE POLICE DEPARTMENT,COTTAGE GROVE,6/22/2026 12:12:14 PM,CG26026939,"6XXX  80th St S, COTTAGE GROVE",MEDICAL
COTTAGE GROVE POLICE DEPARTMENT,COTTAGE GROVE,6/22/2026 1:07:11 PM,CG26026943,"11XXX  West Point Douglas Rd S, COTTAGE GROVE",MEDICAL
COTTAGE GROVE POLICE DEPARTMENT,COTTAGE GROVE,6/22/2026 2:07:53 PM,CG26026948,"7XXX  Hearthside Ave S, COTTAGE GROVE",ALARM-BUSINESS/RES/FIRE/MEDICAL/ETC
COTTAGE GROVE POLICE DEPARTMENT,COTTAGE GROVE,6/22/2026 3:04:18 PM,CG26026955,"8XXX  81ST ST S, COTTAGE GROVE",IDENTITY THEFT
COTTAGE GROVE POLICE DEPARTMENT,COTTAGE GROVE,6/22/2026 3:12:06 PM,CG26026956,"6XXX  80th St S, COTTAGE GROVE",MEDICAL
COTTAGE GROVE POLICE DEPARTMENT,COTTAGE GROVE,6/22/2026 3:57:26 PM,CG26026958,"12XXX  RAVINE PKWY S, COTTAGE GROVE",RIDE ALONG
COTTAGE GROVE POLICE DEPARTMENT,COTTAGE GROVE,6/22/2026 4:29:36 PM,CG26026960,"12XXX  Ravine Pkwy S, COTTAGE GROVE",FOUND PROPERTY/ITEM
COTTAGE GROVE POLICE DEPARTMENT,COTTAGE GROVE,6/22/2026 4:36:46 PM,CG26026959,"7XXX  West Point Douglas Rd S, COTTAGE GROVE",ALARM-BUSINESS/RES/FIRE/MEDICAL/ETC
COTTAGE GROVE POLICE DEPARTMENT,COTTAGE GROVE,6/22/2026 6:23:08 PM,CG26026975,"6XXX  80th St S, COTTAGE GROVE",MEDICAL
COTTAGE GROVE POLICE DEPARTMENT,COTTAGE GROVE,6/22/2026 9:19:36 PM,CG26026994,"7XXX  EAST POINT DOUGLAS RD S, COTTAGE GROVE",ACCIDENT
COTTAGE GROVE POLICE DEPARTMENT,COTTAGE GROVE,6/23/2026 12:38:55 AM,CG26027027,"7XXX  99th St S, COTTAGE GROVE",MEDICAL
COTTAGE GROVE POLICE DEPARTMENT,COTTAGE GROVE,6/23/2026 5:37:43 AM,CG26027041,"7XXX  Hardwood Ave S, COTTAGE GROVE",ALARM-BUSINESS/RES/FIRE/MEDICAL/ETC
COTTAGE GROVE POLICE DEPARTMENT,COTTAGE GROVE,6/23/2026 9:04:44 AM,CG26027047,"9XXX  Indian Blvd S, COTTAGE GROVE",ACCIDENT
COTTAGE GROVE POLICE DEPARTMENT,COTTAGE GROVE,6/23/2026 12:06:55 PM,CG26027075,"12XXX  RAVINE PKWY S, COTTAGE GROVE",FOUND PROPERTY/ITEM
COTTAGE GROVE POLICE DEPARTMENT,COTTAGE GROVE,6/23/2026 12:27:24 PM,CG26027076,"9XXX  DUNES AVE S, COTTAGE GROVE",PROPERTY DAMAGE
COTTAGE GROVE POLICE DEPARTMENT,COTTAGE GROVE,6/23/2026 1:20:44 PM,CG26027081,"MANNING AVE S / 70TH ST S, COTTAGE GROVE",TRAFFIC COMPLAINT
COTTAGE GROVE POLICE DEPARTMENT,COTTAGE GROVE,6/23/2026 1:38:23 PM,CG26027084,"88th St S / Isle Ave S, COTTAGE GROVE",MEDICAL
COTTAGE GROVE POLICE DEPARTMENT,COTTAGE GROVE,6/23/2026 2:07:29 PM,CG26027087,"7XXX  Lawton Ave S, COTTAGE GROVE",FRAUD/SCAM
COTTAGE GROVE POLICE DEPARTMENT,COTTAGE GROVE,6/23/2026 2:48:30 PM,CG26027090,"8XXX  Hyde Ct S, COTTAGE GROVE",HARASSMENT
COTTAGE GROVE POLICE DEPARTMENT,COTTAGE GROVE,6/23/2026 4:37:49 PM,CG26027097,"9XXX  71ST BAY S, COTTAGE GROVE",PROPERTY DAMAGE
COTTAGE GROVE POLICE DEPARTMENT,COTTAGE GROVE,6/23/2026 8:02:14 PM,CG26027117,"7XXX  East Point Douglas Rd S, COTTAGE GROVE",MEDICAL
COTTAGE GROVE POLICE DEPARTMENT,COTTAGE GROVE,6/23/2026 8:42:46 PM,CG26027118,"6XXX  East Point Douglas Rd S, COTTAGE GROVE",MEDICAL
COTTAGE GROVE POLICE DEPARTMENT,COTTAGE GROVE,6/23/2026 8:47:30 PM,CG26027119,"8XXX  71st St S, COTTAGE GROVE",CIVIL MATTER/DISPUTE
COTTAGE GROVE POLICE DEPARTMENT,COTTAGE GROVE,6/23/2026 9:49:00 PM,CG26027136,"7XXX  - 7859 HADLEY AVE S, COTTAGE GROVE",TRAFFIC STOP
COTTAGE GROVE POLICE DEPARTMENT,COTTAGE GROVE,6/23/2026 11:16:30 PM,CG26027141,"Hardwood Ave S / Hardwood Ct S, COTTAGE GROVE",DRUNK/INTOXICATED 
COTTAGE GROVE POLICE DEPARTMENT,COTTAGE GROVE,6/24/2026 1:47:21 AM,CG26027152,"8XXX  Jasmine Ave S, COTTAGE GROVE",MEDICAL
COTTAGE GROVE POLICE DEPARTMENT,COTTAGE GROVE,6/24/2026 4:06:44 AM,CG26027153,"6XXX  East Point Douglas Rd S, COTTAGE GROVE",MEDICAL
COTTAGE GROVE POLICE DEPARTMENT,COTTAGE GROVE,6/24/2026 9:35:57 AM,CG26027162,"6XXX  Pine Arbor Dr S, COTTAGE GROVE",MEDICAL
COTTAGE GROVE POLICE DEPARTMENT,COTTAGE GROVE,6/24/2026 10:36:20 AM,CG26027168,"6XXX  Jensen Alcove S, COTTAGE GROVE",MEDICAL
COTTAGE GROVE POLICE DEPARTMENT,COTTAGE GROVE,6/24/2026 10:39:46 AM,CG26027167,"12XXX  RAVINE PKWY S, COTTAGE GROVE",FOUND PROPERTY/ITEM
COTTAGE GROVE POLICE DEPARTMENT,COTTAGE GROVE,6/24/2026 10:47:15 AM,CG26027169,"9XXX  63rd St S, COTTAGE GROVE",IDENTITY THEFT
COTTAGE GROVE POLICE DEPARTMENT,COTTAGE GROVE,6/24/2026 11:25:31 AM,CG26027173,"7XXX  IMPERIAL AVE S, COTTAGE GROVE",WARRANT ARREST
COTTAGE GROVE POLICE DEPARTMENT,COTTAGE GROVE,6/24/2026 11:26:58 AM,CG26027175,"8XXX  Hadley Ave S, COTTAGE GROVE",ACCIDENT
COTTAGE GROVE POLICE DEPARTMENT,COTTAGE GROVE,6/24/2026 1:54:39 PM,CG26027193,"6XXX  94th St S, COTTAGE GROVE",CITIZEN/PUBLIC ASSIST
COTTAGE GROVE POLICE DEPARTMENT,COTTAGE GROVE,6/24/2026 1:54:47 PM,CG26027192,"8XXX  JOLIET AVE S, COTTAGE GROVE",PARKING COMPLAINT
COTTAGE GROVE POLICE DEPARTMENT,COTTAGE GROVE,6/24/2026 3:13:14 PM,CG26027198,"7XXX  Hillside Trl S, COTTAGE GROVE",MEDICAL
COTTAGE GROVE POLICE DEPARTMENT,COTTAGE GROVE,6/24/2026 4:10:36 PM,CG26027208,"8XXX  80th St S, COTTAGE GROVE",WELFARE CHECK
COTTAGE GROVE POLICE DEPARTMENT,COTTAGE GROVE,6/24/2026 4:20:26 PM,CG26027214,"9XXX  90th St S, COTTAGE GROVE",FOUND PROPERTY/ITEM
COTTAGE GROVE POLICE DEPARTMENT,COTTAGE GROVE,6/24/2026 4:54:27 PM,CG26027221,"6XXX  Jody Ave S, COTTAGE GROVE",MEDICAL
COTTAGE GROVE POLICE DEPARTMENT,COTTAGE GROVE,6/24/2026 5:37:28 PM,CG26027228,"12XXX  Ravine Pkwy S, COTTAGE GROVE",ANIMAL COMPLAINT
COTTAGE GROVE POLICE DEPARTMENT,COTTAGE GROVE,6/24/2026 6:48:54 PM,CG26027240,"Unknown, COTTAGE GROVE",PROPERTY DAMAGE
COTTAGE GROVE POLICE DEPARTMENT,COTTAGE GROVE,6/24/2026 6:56:32 PM,CG26027247,"7XXX  West Point Douglas Rd S, COTTAGE GROVE",MISSING PERSON
COTTAGE GROVE POLICE DEPARTMENT,COTTAGE GROVE,6/24/2026 7:09:12 PM,CG26027248,"7XXX  EAST POINT DOUGLAS RD S, COTTAGE GROVE",ACCIDENT
COTTAGE GROVE POLICE DEPARTMENT,COTTAGE GROVE,6/24/2026 8:27:11 PM,CG26027252,"6XXX  Jensen Ave S, COTTAGE GROVE",MEDICAL
COTTAGE GROVE POLICE DEPARTMENT,COTTAGE GROVE,6/24/2026 8:40:30 PM,CG26027253,"8XXX  JASMINE LN S, COTTAGE GROVE",WARRANT ARREST
COTTAGE GROVE POLICE DEPARTMENT,COTTAGE GROVE,6/24/2026 9:34:51 PM,CG26027269,"6XXX  Idsen Ln S, COTTAGE GROVE",MEDICAL
COTTAGE GROVE POLICE DEPARTMENT,COTTAGE GROVE,6/24/2026 10:42:01 PM,CG26027285,"8XXX  Grenadier Ave S, COTTAGE GROVE",VEHICLE UNLOCK
COTTAGE GROVE POLICE DEPARTMENT,COTTAGE GROVE,6/25/2026 6:41:45 AM,CG26027328,"9XXX  Harrow Ct S, COTTAGE GROVE",CIVIL MATTER/DISPUTE
COTTAGE GROVE POLICE DEPARTMENT,COTTAGE GROVE,6/25/2026 7:44:00 AM,CG26027333,"JAMAICA AVE S / 97TH ST S, COTTAGE GROVE",TRAFFIC STOP
COTTAGE GROVE POLICE DEPARTMENT,COTTAGE GROVE,6/25/2026 9:50:50 AM,CG26027338,"6XXX  Jensen Alcove S, COTTAGE GROVE",MEDICAL
COTTAGE GROVE POLICE DEPARTMENT,COTTAGE GROVE,6/25/2026 11:37:46 AM,CG26027359,"9XXX  West Point Douglas Rd S, COTTAGE GROVE",THEFT
COTTAGE GROVE POLICE DEPARTMENT,COTTAGE GROVE,6/25/2026 11:42:33 AM,CG26027360,"6XXX  East Point Douglas Rd S, COTTAGE GROVE",MEDICAL
COTTAGE GROVE POLICE DEPARTMENT,COTTAGE GROVE,6/25/2026 12:08:01 PM,CG26027370,"7XXX  Goodview Ave S, COTTAGE GROVE",MEDICAL
COTTAGE GROVE POLICE DEPARTMENT,COTTAGE GROVE,6/25/2026 1:42:24 PM,CG26027401,"7XXX  80th St S, COTTAGE GROVE",WELFARE CHECK
COTTAGE GROVE POLICE DEPARTMENT,COTTAGE GROVE,6/25/2026 2:17:21 PM,CG26027410,"8XXX  East Point Douglas Rd S, COTTAGE GROVE",ACCIDENT
COTTAGE GROVE POLICE DEPARTMENT,COTTAGE GROVE,6/25/2026 2:26:05 PM,CG26027411,"8XXX  HAMLET AVE S, COTTAGE GROVE",DISTURBANCE
COTTAGE GROVE POLICE DEPARTMENT,COTTAGE GROVE,6/25/2026 3:35:05 PM,CG26027413,"7XXX  Hardwood Ct S, COTTAGE GROVE",COUNTERFEIT/FORGERY
COTTAGE GROVE POLICE DEPARTMENT,COTTAGE GROVE,6/25/2026 5:08:36 PM,CG26027429,"9XXX  Jareau Ave S, COTTAGE GROVE",TRAFFIC COMPLAINT
COTTAGE GROVE POLICE DEPARTMENT,COTTAGE GROVE,6/25/2026 7:46:06 PM,CG26027473,"XX HWY 61 NB JNO INNOVATION RD S, COTTAGE GROVE",TRAFFIC COMPLAINT
COTTAGE GROVE POLICE DEPARTMENT,COTTAGE GROVE,6/25/2026 11:04:00 PM,CG26027505,"HWY 61 SB AT JAMAICA AVE S, COTTAGE GROVE",DWI
COTTAGE GROVE POLICE DEPARTMENT,COTTAGE GROVE,6/25/2026 11:08:30 PM,CG26027506,"7XXX  East Point Douglas Rd S, COTTAGE GROVE",ALARM-BUSINESS/RES/FIRE/MEDICAL/ETC
COTTAGE GROVE POLICE DEPARTMENT,COTTAGE GROVE,6/26/2026 12:36:46 AM,CG26027514,"7XXX  Hinton Ave S, COTTAGE GROVE",MEDICAL
COTTAGE GROVE POLICE DEPARTMENT,COTTAGE GROVE,6/26/2026 12:39:13 AM,CG26027515,"9XXX  Harrow Ct S, COTTAGE GROVE",CIVIL MATTER/DISPUTE
COTTAGE GROVE POLICE DEPARTMENT,COTTAGE GROVE,6/26/2026 1:55:42 AM,CG26027519,"8XXX  Jasmine Ave S, COTTAGE GROVE",BURGLARY
COTTAGE GROVE POLICE DEPARTMENT,COTTAGE GROVE,6/26/2026 3:28:27 AM,CG26027526,"8XXX  Jasmine Ave S, COTTAGE GROVE",SUSPICIOUS PERSON/ACTIVITY
COTTAGE GROVE POLICE DEPARTMENT,COTTAGE GROVE,6/26/2026 6:12:56 AM,CG26027528,"10XXX  Hinton Ave S, COTTAGE GROVE",ALARM-BUSINESS/RES/FIRE/MEDICAL/ETC
COTTAGE GROVE POLICE DEPARTMENT,COTTAGE GROVE,6/26/2026 6:18:13 AM,CG26027529,"6XXX  80th St S, COTTAGE GROVE",MEDICAL
COTTAGE GROVE POLICE DEPARTMENT,COTTAGE GROVE,6/26/2026 7:48:47 AM,CG26027535,"6XXX  70th St S, COTTAGE GROVE",ACCIDENT
COTTAGE GROVE POLICE DEPARTMENT,COTTAGE GROVE,6/26/2026 8:37:38 AM,CG26027551,"7XXX  79th St S, COTTAGE GROVE",PROPERTY DAMAGE
COTTAGE GROVE POLICE DEPARTMENT,COTTAGE GROVE,6/26/2026 11:10:08 AM,CG26027569,"HWY 61 SB JSO 80TH ST S, COTTAGE GROVE",WELFARE CHECK
COTTAGE GROVE POLICE DEPARTMENT,COTTAGE GROVE,6/26/2026 1:33:04 PM,CG26027586,"6XXX  East Point Douglas Rd S, COTTAGE GROVE",MEDICAL
COTTAGE GROVE POLICE DEPARTMENT,COTTAGE GROVE,6/26/2026 2:04:34 PM,CG26027588,"7XXX  JORGENSEN LN S, COTTAGE GROVE",FOUND PROPERTY/ITEM
COTTAGE GROVE POLICE DEPARTMENT,COTTAGE GROVE,6/26/2026 2:21:04 PM,CG26027592,"8XXX  81st St S, COTTAGE GROVE",MEDICAL
COTTAGE GROVE POLICE DEPARTMENT,COTTAGE GROVE,6/26/2026 2:54:00 PM,CG26027595,"11XXX  Grey Cloud Trl S, COTTAGE GROVE",TRESPASSING
COTTAGE GROVE POLICE DEPARTMENT,COTTAGE GROVE,6/26/2026 2:58:57 PM,CG26027596,"6XXX  Inman Alcove S, COTTAGE GROVE",HARASSMENT
COTTAGE GROVE POLICE DEPARTMENT,COTTAGE GROVE,6/26/2026 5:31:57 PM,CG26027621,"8XXX  77th St S, COTTAGE GROVE",FRAUD/SCAM
COTTAGE GROVE POLICE DEPARTMENT,COTTAGE GROVE,6/26/2026 6:32:24 PM,CG26027633,"8XXX  92nd St S, COTTAGE GROVE",MEDICAL
COTTAGE GROVE POLICE DEPARTMENT,COTTAGE GROVE,6/26/2026 7:09:43 PM,CG26027640,"7XXX  Harkness Ave S, COTTAGE GROVE",ASSAULT
COTTAGE GROVE POLICE DEPARTMENT,COTTAGE GROVE,6/26/2026 7:56:56 PM,CG26027644,"Hyde Ave S / Hilo Trl S, COTTAGE GROVE",ACCIDENT
COTTAGE GROVE POLICE DEPARTMENT,COTTAGE GROVE,6/26/2026 11:41:30 PM,CG26027695,"11XXX  Grey Cloud Trl S, COTTAGE GROVE",DISTURBANCE
COTTAGE GROVE POLICE DEPARTMENT,COTTAGE GROVE,6/27/2026 2:58:54 AM,CG26027708,"7XXX  Hemingway Ave S, COTTAGE GROVE",MEDICAL
COTTAGE GROVE POLICE DEPARTMENT,COTTAGE GROVE,6/27/2026 4:14:00 AM,CG26027717,"11XXX  HIGHWAY 61 S, COTTAGE GROVE",DWI
COTTAGE GROVE POLICE DEPARTMENT,COTTAGE GROVE,6/27/2026 8:24:26 PM,CG26027855,"6XXX  Hadley Ave S, COTTAGE GROVE",PROPERTY DAMAGE
COTTAGE GROVE POLICE DEPARTMENT,COTTAGE GROVE,6/27/2026 9:10:12 PM,CG26027863,"9XXX  75th St S, COTTAGE GROVE",ACCIDENT
COTTAGE GROVE POLICE DEPARTMENT,COTTAGE GROVE,6/27/2026 9:31:27 PM,CG26027868,"6XXX  - 6769 Highway 61, COTTAGE GROVE",ACCIDENT
COTTAGE GROVE POLICE DEPARTMENT,COTTAGE GROVE,6/27/2026 9:55:28 PM,CG26027880,"7XXX  80th St S, COTTAGE GROVE",TRESPASS NOTICE
COTTAGE GROVE POLICE DEPARTMENT,NEWPORT,6/24/2026 10:09:00 PM,CG26027277,"HASTINGS AVE / 13TH ST, NEWPORT",TRAFFIC STOP
COTTAGE GROVE POLICE DEPARTMENT,WOODBURY,6/22/2026 12:43:36 AM,CG26026902,"1XXX  Wooddale Dr, WOODBURY",ALARM-BUSINESS/RES/FIRE/MEDICAL/ETC
FOREST LAKE POLICE DEPARTMENT,FOREST LAKE,6/21/2026 2:13:08 PM,FL26008028,"22XXX  ELSTON AVE N, FOREST LAKE",THEFT
FOREST LAKE POLICE DEPARTMENT,FOREST LAKE,6/21/2026 5:40:00 PM,FL26008033,"2XXX  Broadway Ave W, FOREST LAKE",HARASSMENT
FOREST LAKE POLICE DEPARTMENT,FOREST LAKE,6/21/2026 6:02:30 PM,FL26008034,"XX LEE ST, FOREST LAKE",CHILD CUSTODY
FOREST LAKE POLICE DEPARTMENT,FOREST LAKE,6/21/2026 8:20:00 PM,FL26008038,"1XXX  BAYPOINT DR, FOREST LAKE",CIVIL MATTER/DISPUTE
FOREST LAKE POLICE DEPARTMENT,FOREST LAKE,6/21/2026 9:45:10 PM,FL26008040,"XXX 12TH ST SW, FOREST LAKE",LOST PROPERTY/ITEM
FOREST LAKE POLICE DEPARTMENT,FOREST LAKE,6/22/2026 12:52:10 AM,FL26008041,"XXX BROADWAY AVE W, FOREST LAKE",THEFT
FOREST LAKE POLICE DEPARTMENT,FOREST LAKE,6/22/2026 2:40:55 AM,FL26008042,"1XXX  6TH ST SE, FOREST LAKE",911 ABANDONED/HANGUP/OPEN LINE
FOREST LAKE POLICE DEPARTMENT,FOREST LAKE,6/22/2026 8:06:16 AM,FL26008048,"XX 7TH ST NW, FOREST LAKE",HARASSMENT
FOREST LAKE POLICE DEPARTMENT,FOREST LAKE,6/22/2026 2:20:51 PM,FL26008059,"1XXX  BEACH DR SE, FOREST LAKE",WARRANT ARREST
FOREST LAKE POLICE DEPARTMENT,FOREST LAKE,6/22/2026 3:22:53 PM,FL26008063,"1XXX  LAKE ST S, FOREST LAKE",FOUND PROPERTY/ITEM
FOREST LAKE POLICE DEPARTMENT,FOREST LAKE,6/22/2026 4:40:53 PM,FL26008067,"Hwy 61 At 202nd St N, FOREST LAKE",PARKING VIOLATION
FOREST LAKE POLICE DEPARTMENT,FOREST LAKE,6/23/2026 1:40:00 AM,FL26008083,"SOUTH SHORE DR & 13TH AVE SE, FOREST LAKE",WARRANT ARREST
FOREST LAKE POLICE DEPARTMENT,FOREST LAKE,6/23/2026 7:50:22 AM,FL26008090,"1XXX  4TH ST SE, FOREST LAKE",JUVENILE COMPLAINT
FOREST LAKE POLICE DEPARTMENT,FOREST LAKE,6/23/2026 9:19:37 AM,FL26008092,"XXX 12TH ST SW, FOREST LAKE",ACCIDENT
FOREST LAKE POLICE DEPARTMENT,FOREST LAKE,6/23/2026 9:40:39 AM,FL26008096,"22XXX  JASON AVE N, FOREST LAKE",FRAUD/SCAM
FOREST LAKE POLICE DEPARTMENT,FOREST LAKE,6/23/2026 11:14:42 AM,FL26008102,"XXX WOODLAND DR, FOREST LAKE",FIRE
FOREST LAKE POLICE DEPARTMENT,FOREST LAKE,6/23/2026 11:22:31 AM,FL26008103,"11TH AVE SW & 12TH ST SW, FOREST LAKE",TRAFFIC STOP
FOREST LAKE POLICE DEPARTMENT,FOREST LAKE,6/23/2026 12:11:39 PM,FL26008107,"6XXX  North Shore Trl N, FOREST LAKE",THREATS
FOREST LAKE POLICE DEPARTMENT,FOREST LAKE,6/23/2026 12:37:08 PM,FL26008110,"2XXX  BROADWAY AVE W, FOREST LAKE",SHOPLIFTING
FOREST LAKE POLICE DEPARTMENT,FOREST LAKE,6/23/2026 3:15:19 PM,FL26008121,"1XXX  BROADWAY AVE W, FOREST LAKE",ACCIDENT
FOREST LAKE POLICE DEPARTMENT,FOREST LAKE,6/23/2026 3:42:41 PM,FL26008124,"XXX 1ST ST NE, FOREST LAKE",WELFARE CHECK
FOREST LAKE POLICE DEPARTMENT,FOREST LAKE,6/23/2026 8:45:26 PM,FL26008134,"GRANADA AVE N & GREENWAY AVE N, FOREST LAKE",PROPERTY DAMAGE
FOREST LAKE POLICE DEPARTMENT,FOREST LAKE,6/23/2026 9:51:59 PM,FL26008137,"LAKE ST N & NORTH SHORE DR, FOREST LAKE",WARRANT ARREST
FOREST LAKE POLICE DEPARTMENT,FOREST LAKE,6/24/2026 6:33:24 PM,FL26008167,"XXX 9TH AVE SW, FOREST LAKE",FOUND PROPERTY/ITEM
FOREST LAKE POLICE DEPARTMENT,FOREST LAKE,6/24/2026 6:35:00 PM,FL26008166,"LAKE BLVD N TO 2ND ST NW RAMP, FOREST LAKE",TRAFFIC STOP
FOREST LAKE POLICE DEPARTMENT,FOREST LAKE,6/24/2026 8:28:46 PM,FL26008170,"XXX 12TH ST SW, FOREST LAKE",SHOPLIFTING
FOREST LAKE POLICE DEPARTMENT,FOREST LAKE,6/25/2026 12:00:00 PM,FL26008189,"XXX 12TH ST SW, FOREST LAKE",COMPLIANCE CHECK VIOLATIONS
FOREST LAKE POLICE DEPARTMENT,FOREST LAKE,6/25/2026 9:33:18 PM,FL26008205,"XXX 4TH ST SW, FOREST LAKE",CIVIL MATTER/DISPUTE
FOREST LAKE POLICE DEPARTMENT,FOREST LAKE,6/26/2026 11:14:00 AM,FL26008221,"XXX 12TH ST SW, FOREST LAKE",TRAFFIC STOP
FOREST LAKE POLICE DEPARTMENT,FOREST LAKE,6/26/2026 11:16:00 AM,FL26008222,"LAKE ST S & 8TH AVE SW, FOREST LAKE",TRAFFIC STOP
FOREST LAKE POLICE DEPARTMENT,FOREST LAKE,6/26/2026 1:34:58 PM,FL26008227,"XXX SOUTH SHORE DR, FOREST LAKE",CHILD CUSTODY
FOREST LAKE POLICE DEPARTMENT,FOREST LAKE,6/26/2026 6:44:21 PM,FL26008241,"19XXX  HEADWATERS BLVD N, FOREST LAKE",NOISE COMPLAINT/DISTURBANCE
FOREST LAKE POLICE DEPARTMENT,FOREST LAKE,6/26/2026 7:24:42 PM,FL26008244,"1XXX  BROADWAY AVE W, FOREST LAKE",WELFARE CHECK
FOREST LAKE POLICE DEPARTMENT,FOREST LAKE,6/26/2026 8:48:52 PM,FL26008248,"1XXX  11TH ST SE, FOREST LAKE",PROPERTY DAMAGE
FOREST LAKE POLICE DEPARTMENT,FOREST LAKE,6/26/2026 9:55:12 PM,FL26008250,"XXX 11TH AVE SW, FOREST LAKE",SUICIDE ATTEMPT/THREATS OF
FOREST LAKE POLICE DEPARTMENT,FOREST LAKE,6/27/2026 12:00:00 AM,FL26008291,"XXX 12TH ST SW, FOREST LAKE",TRAFFIC STOP
FOREST LAKE POLICE DEPARTMENT,FOREST LAKE,6/27/2026 3:35:30 AM,FL26008258,"SCANDIA TRL N & FLORAL BAY N, FOREST LAKE",CURFEW VIOLATION
FOREST LAKE POLICE DEPARTMENT,FOREST LAKE,6/27/2026 9:00:41 AM,FL26008262,"9XXX  NORTH SHORE TRL N, FOREST LAKE",PROPERTY DAMAGE
FOREST LAKE POLICE DEPARTMENT,FOREST LAKE,6/27/2026 6:17:27 PM,FL26008284,"XXX 12TH ST SW, FOREST LAKE",PROPERTY DAMAGE
FOREST LAKE POLICE DEPARTMENT,FOREST LAKE,6/27/2026 9:34:27 PM,FL26008290,"XXX 12TH ST SW, FOREST LAKE",DISTURBANCE
FOREST LAKE POLICE DEPARTMENT,FOREST LAKE,6/27/2026 10:29:46 PM,FL26008293,"1XXX  11TH AVE SW, FOREST LAKE",WELFARE CHECK
FOREST LAKE POLICE DEPARTMENT,FOREST LAKE,6/27/2026 11:37:06 PM,FL26008297,"XXX 5TH ST NW, FOREST LAKE",FIRE
OAKDALE POLICE DEPARTMENT,NEWPORT,6/27/2026 9:32:00 AM,OD26007943,"1XXX  GENEVA AVE N, NEWPORT",TRAFFIC STOP
OAKDALE POLICE DEPARTMENT,OAKDALE,6/21/2026 12:03:16 AM,OD26007573,"1XXX  Granada Ave N, OAKDALE",FIGHT
OAKDALE POLICE DEPARTMENT,OAKDALE,6/21/2026 12:35:38 AM,OD26007574,"6XXX  STILLWATER BLVD N, OAKDALE",NOISE COMPLAINT/DISTURBANCE
OAKDALE POLICE DEPARTMENT,OAKDALE,6/21/2026 1:14:45 AM,OD26007575,"HELMO AVE N / HAYWARD AVE N, OAKDALE",TRAFFIC STOP
OAKDALE POLICE DEPARTMENT,OAKDALE,6/21/2026 1:19:26 AM,OD26007576,"XXX GLENBROOK AVE N, OAKDALE",DISTURBANCE
OAKDALE POLICE DEPARTMENT,OAKDALE,6/21/2026 1:45:00 AM,OD26007577,"2XXX  Geneva Ave N, OAKDALE",DWI
OAKDALE POLICE DEPARTMENT,OAKDALE,6/21/2026 1:46:15 AM,OD26007578,"7XXX  15th Street Ln N, OAKDALE",CIVIL MATTER/DISPUTE
OAKDALE POLICE DEPARTMENT,OAKDALE,6/21/2026 1:58:01 AM,OD26007579,"7XXX  10th St N, OAKDALE",911 ABANDONED/HANGUP/OPEN LINE
OAKDALE POLICE DEPARTMENT,OAKDALE,6/21/2026 1:58:01 AM,OD26007580,"4XXX  Gershwin Ave N, OAKDALE",NOISE COMPLAINT/DISTURBANCE
OAKDALE POLICE DEPARTMENT,OAKDALE,6/21/2026 8:46:55 AM,OD26007584,"4XXX  GENEVA AVE N, OAKDALE",ASSIST OTHER AGENCY
OAKDALE POLICE DEPARTMENT,OAKDALE,6/21/2026 12:03:02 PM,OD26007585,"XXX Inwood Ave N, OAKDALE",911 ABANDONED/HANGUP/OPEN LINE
OAKDALE POLICE DEPARTMENT,OAKDALE,6/21/2026 12:38:10 PM,OD26007586,"5XXX  HADLEY AVE N, OAKDALE",MEDICAL
OAKDALE POLICE DEPARTMENT,OAKDALE,6/21/2026 2:14:57 PM,OD26007589,"3XXX  GRANADA AVE N, OAKDALE",WELFARE CHECK
OAKDALE POLICE DEPARTMENT,OAKDALE,6/21/2026 2:36:29 PM,OD26007590,"5XXX  HADLEY AVE N, OAKDALE",911 ABANDONED/HANGUP/OPEN LINE
OAKDALE POLICE DEPARTMENT,OAKDALE,6/21/2026 2:46:19 PM,OD26007591,"7XXX  UPPER 17TH ST N, OAKDALE",CHILD CUSTODY
OAKDALE POLICE DEPARTMENT,OAKDALE,6/21/2026 4:23:12 PM,OD26007593,"3XXX  Gershwin Ave N, OAKDALE",911 ABANDONED/HANGUP/OPEN LINE
OAKDALE POLICE DEPARTMENT,OAKDALE,6/21/2026 5:54:45 PM,OD26007596,"1XXX  HALLMARK CIR N, OAKDALE",UNWANTED PERSON/VEHICLE
OAKDALE POLICE DEPARTMENT,OAKDALE,6/21/2026 5:55:16 PM,OD26007595,"5XXX  Geneva Ave N, OAKDALE",DRUGS
OAKDALE POLICE DEPARTMENT,OAKDALE,6/21/2026 6:11:49 PM,OD26007597,"6XXX  40th St N, OAKDALE",CHILD CUSTODY
OAKDALE POLICE DEPARTMENT,OAKDALE,6/21/2026 6:59:34 PM,OD26007599,"6XXX  37th St N, OAKDALE",DISTURBANCE
OAKDALE POLICE DEPARTMENT,OAKDALE,6/21/2026 7:00:58 PM,OD26007600,"1XXX  GENEVA AVE N, OAKDALE",911 ABANDONED/HANGUP/OPEN LINE
OAKDALE POLICE DEPARTMENT,OAKDALE,6/21/2026 7:29:08 PM,OD26007601,"2XXX  Helena Ave N, OAKDALE",ANIMAL COMPLAINT
OAKDALE POLICE DEPARTMENT,OAKDALE,6/21/2026 7:31:54 PM,OD26007602,"5XXX  Helmo Ave N, OAKDALE",ACCIDENT
OAKDALE POLICE DEPARTMENT,OAKDALE,6/21/2026 7:32:30 PM,OD26007603,"6XXX  Hudson Blvd N, OAKDALE",MEDICAL
OAKDALE POLICE DEPARTMENT,OAKDALE,6/21/2026 8:20:54 PM,OD26007605,"7XXX  32nd St N, OAKDALE",FRAUD/SCAM
OAKDALE POLICE DEPARTMENT,OAKDALE,6/21/2026 9:16:52 PM,OD26007607,"3XXX  GENEVA AVE N, OAKDALE",TRAFFIC STOP
OAKDALE POLICE DEPARTMENT,OAKDALE,6/21/2026 9:31:09 PM,OD26007608,"XXX Hadley Ln N, OAKDALE",NOISE COMPLAINT/DISTURBANCE
OAKDALE POLICE DEPARTMENT,OAKDALE,6/21/2026 9:41:58 PM,OD26007609,"7XXX  50TH ST N, OAKDALE",TRAFFIC STOP
OAKDALE POLICE DEPARTMENT,OAKDALE,6/21/2026 9:54:26 PM,OD26007610,"XXX Glenbrook Ave N, OAKDALE",DISTURBANCE
OAKDALE POLICE DEPARTMENT,OAKDALE,6/21/2026 10:10:54 PM,OD26007611,"3XXX  GENEVA AVE N, OAKDALE",DWI
OAKDALE POLICE DEPARTMENT,OAKDALE,6/21/2026 11:17:30 PM,OD26007612,"10TH ST N / GERSHWIN AVE N, OAKDALE",TRAFFIC STOP
OAKDALE POLICE DEPARTMENT,OAKDALE,6/21/2026 11:33:00 PM,OD26007613,"6XXX  10TH ST N, OAKDALE",TRAFFIC STOP
OAKDALE POLICE DEPARTMENT,OAKDALE,6/22/2026 12:00:00 AM,OD26007631,"6XXX  10th St N, OAKDALE",ANIMAL COMPLAINT
OAKDALE POLICE DEPARTMENT,OAKDALE,6/22/2026 12:00:00 AM,OD26007657,"6XXX  - 6298 12TH ST N, OAKDALE",PARKING VIOLATION
OAKDALE POLICE DEPARTMENT,OAKDALE,6/22/2026 12:02:00 AM,OD26007614,"GENEVA AVE N / 10TH ST N, OAKDALE",TRAFFIC STOP
OAKDALE POLICE DEPARTMENT,OAKDALE,6/22/2026 12:29:24 AM,OD26007617,"1XXX  HADLEY AVE N, OAKDALE",MEDICAL
OAKDALE POLICE DEPARTMENT,OAKDALE,6/22/2026 12:50:42 AM,OD26007619,"1XXX  HADLEY AVE N, OAKDALE",MOTORIST ASSIST
OAKDALE POLICE DEPARTMENT,OAKDALE,6/22/2026 1:23:07 AM,OD26007620,"1XXX  HADLEY AVE N, OAKDALE",FIREWORKS
OAKDALE POLICE DEPARTMENT,OAKDALE,6/22/2026 1:59:44 AM,OD26007621,"5XXX  HADLEY AVE N, OAKDALE",SUSPICIOUS PERSON/ACTIVITY
OAKDALE POLICE DEPARTMENT,OAKDALE,6/22/2026 2:10:29 AM,OD26007623,"3XXX  I694, OAKDALE",TRAFFIC COMPLAINT
OAKDALE POLICE DEPARTMENT,OAKDALE,6/22/2026 2:40:59 AM,OD26007625,"1XXX  HADLEY AVE N, OAKDALE",PARK INCIDENT-CITY/COUNTY
OAKDALE POLICE DEPARTMENT,OAKDALE,6/22/2026 5:44:00 AM,OD26007627,"2XXX  GRANADA AVE N, OAKDALE",TRAFFIC STOP
OAKDALE POLICE DEPARTMENT,OAKDALE,6/22/2026 6:08:38 AM,OD26007628,"15TH ST N / GRANITE AVE N, OAKDALE",TRAFFIC STOP
OAKDALE POLICE DEPARTMENT,OAKDALE,6/22/2026 6:43:05 AM,OD26007629,"XXX Gresham Ave N, OAKDALE",MEDICAL
OAKDALE POLICE DEPARTMENT,OAKDALE,6/22/2026 9:06:34 AM,OD26007633,"4XXX  GENEVA AVE N, OAKDALE",911 ABANDONED/HANGUP/OPEN LINE
OAKDALE POLICE DEPARTMENT,OAKDALE,6/22/2026 9:46:00 AM,OD26007635,"10th St N / Heron Ave N, OAKDALE",TRAFFIC STOP
OAKDALE POLICE DEPARTMENT,OAKDALE,6/22/2026 10:08:32 AM,OD26007637,"4XXX  GENEVA AVE N, OAKDALE",DANCO VIOLATION
OAKDALE POLICE DEPARTMENT,OAKDALE,6/22/2026 10:11:20 AM,OD26007639,"4XXX  GOODWIN AVE N, OAKDALE",CITIZEN/PUBLIC ASSIST
OAKDALE POLICE DEPARTMENT,OAKDALE,6/22/2026 10:18:31 AM,OD26007641,"1XXX  Greene Ave N, OAKDALE",911 ABANDONED/HANGUP/OPEN LINE
OAKDALE POLICE DEPARTMENT,OAKDALE,6/22/2026 10:32:18 AM,OD26007642,"7XXX  10TH ST N, OAKDALE",FIRE
OAKDALE POLICE DEPARTMENT,OAKDALE,6/22/2026 10:34:32 AM,OD26007643,"6XXX  13th St N, OAKDALE",SUSPICIOUS PERSON/ACTIVITY
OAKDALE POLICE DEPARTMENT,OAKDALE,6/22/2026 11:08:37 AM,OD26007645,"6XXX  4th St N, OAKDALE",CITIZEN/PUBLIC ASSIST
OAKDALE POLICE DEPARTMENT,OAKDALE,6/22/2026 11:40:44 AM,OD26007647,"XXX Gentry Ave N, OAKDALE",FOUND PROPERTY/ITEM
OAKDALE POLICE DEPARTMENT,OAKDALE,6/22/2026 12:18:16 PM,OD26007649,"XXX Grafton Ave N, OAKDALE",THEFT
OAKDALE POLICE DEPARTMENT,OAKDALE,6/22/2026 12:25:24 PM,OD26007651,"6XXX  5TH STREET CT N, OAKDALE",DISTURBANCE
OAKDALE POLICE DEPARTMENT,OAKDALE,6/22/2026 12:25:32 PM,OD26007650,"XXX Geneva Ave N, OAKDALE",911 ABANDONED/HANGUP/OPEN LINE
OAKDALE POLICE DEPARTMENT,OAKDALE,6/22/2026 12:57:56 PM,OD26007654,"7XXX  32ND ST N, OAKDALE",SHOPLIFTING
OAKDALE POLICE DEPARTMENT,OAKDALE,6/22/2026 1:03:35 PM,OD26007656,"7XXX  24th St N, OAKDALE",MEDICAL
OAKDALE POLICE DEPARTMENT,OAKDALE,6/22/2026 2:09:34 PM,OD26007659,"2XXX  Helena Ave N, OAKDALE",DISTURBANCE
OAKDALE POLICE DEPARTMENT,OAKDALE,6/22/2026 2:18:36 PM,OD26007660,"1XXX  HEMINGWAY AVE N, OAKDALE",911 ABANDONED/HANGUP/OPEN LINE
OAKDALE POLICE DEPARTMENT,OAKDALE,6/22/2026 2:40:17 PM,OD26007663,"2XXX  Gershwin Ave N, OAKDALE",WELFARE CHECK
OAKDALE POLICE DEPARTMENT,OAKDALE,6/22/2026 2:47:09 PM,OD26007664,"6XXX  Upper 55th St N, OAKDALE",ANIMAL BITE
OAKDALE POLICE DEPARTMENT,OAKDALE,6/22/2026 2:58:27 PM,OD26007665,"7XXX  32ND ST N, OAKDALE",SHOPLIFTING
OAKDALE POLICE DEPARTMENT,OAKDALE,6/22/2026 4:54:37 PM,OD26007667,"7XXX  32ND ST N, OAKDALE",SHOPLIFTING
OAKDALE POLICE DEPARTMENT,OAKDALE,6/22/2026 5:26:37 PM,OD26007668,"7XXX  33rd St N, OAKDALE",DISTURBANCE
OAKDALE POLICE DEPARTMENT,OAKDALE,6/22/2026 5:47:41 PM,OD26007669,"1XXX  GLENBROOK AVE N, OAKDALE",911 ABANDONED/HANGUP/OPEN LINE
OAKDALE POLICE DEPARTMENT,OAKDALE,6/22/2026 5:53:04 PM,OD26007671,"1XXX  HILO AVE N, OAKDALE",911 ABANDONED/HANGUP/OPEN LINE
OAKDALE POLICE DEPARTMENT,OAKDALE,6/22/2026 5:53:45 PM,OD26007670,"7XXX  38th St N, OAKDALE",MAIL THEFT
OAKDALE POLICE DEPARTMENT,OAKDALE,6/22/2026 5:59:01 PM,OD26007672,"7XXX  32ND ST N, OAKDALE",SHOPLIFTING
OAKDALE POLICE DEPARTMENT,OAKDALE,6/22/2026 6:32:34 PM,OD26007674,"7XXX  38TH ST N, OAKDALE",OFFICER COMPLAINT/ALLEGATION
OAKDALE POLICE DEPARTMENT,OAKDALE,6/22/2026 6:33:51 PM,OD26007673,"XXX GLENBROOK AVE N, OAKDALE",911 ABANDONED/HANGUP/OPEN LINE
OAKDALE POLICE DEPARTMENT,OAKDALE,6/22/2026 6:42:01 PM,OD26007675,"6XXX  45TH ST N, OAKDALE",DISTURBANCE
OAKDALE POLICE DEPARTMENT,OAKDALE,6/22/2026 8:35:06 PM,OD26007678,"7XXX  43rd St N, OAKDALE",911 ABANDONED/HANGUP/OPEN LINE
OAKDALE POLICE DEPARTMENT,OAKDALE,6/22/2026 10:03:17 PM,OD26007683,"7XXX  33rd St N, OAKDALE",CITIZEN/PUBLIC ASSIST
OAKDALE POLICE DEPARTMENT,OAKDALE,6/22/2026 10:05:59 PM,OD26007682,"GENEVA AVE N / 40TH ST N, OAKDALE",TRAFFIC STOP
OAKDALE POLICE DEPARTMENT,OAKDALE,6/22/2026 11:07:33 PM,OD26007684,"1XXX  HELENA RD N, OAKDALE",WARRANT ATTEMPT
OAKDALE POLICE DEPARTMENT,OAKDALE,6/23/2026 12:09:23 AM,OD26007686,"3XXX  HADLEY AVE N, OAKDALE",TRAFFIC STOP
OAKDALE POLICE DEPARTMENT,OAKDALE,6/23/2026 1:18:36 AM,OD26007687,"XXX INWOOD AVE N, OAKDALE",DWI
OAKDALE POLICE DEPARTMENT,OAKDALE,6/23/2026 2:02:22 AM,OD26007689,"8XXX  4th St N, OAKDALE",MEDICAL
OAKDALE POLICE DEPARTMENT,OAKDALE,6/23/2026 6:26:35 AM,OD26007693,"XXX GOODVIEW AVE N, OAKDALE",NOISE COMPLAINT/DISTURBANCE
OAKDALE POLICE DEPARTMENT,OAKDALE,6/23/2026 6:32:25 AM,OD26007694,"2XXX  Granada Ln N, OAKDALE",MEDICAL
OAKDALE POLICE DEPARTMENT,OAKDALE,6/23/2026 7:04:36 AM,OD26007695,"7XXX  36th St N, OAKDALE",MEDICAL
OAKDALE POLICE DEPARTMENT,OAKDALE,6/23/2026 9:35:27 AM,OD26007698,"4XXX  Hamlet Way N, OAKDALE",SUSPICIOUS PERSON/ACTIVITY
OAKDALE POLICE DEPARTMENT,OAKDALE,6/23/2026 10:17:11 AM,OD26007702,"4XXX  Geneva Ave N, OAKDALE",DANCO VIOLATION
OAKDALE POLICE DEPARTMENT,OAKDALE,6/23/2026 10:17:25 AM,OD26007700,"6XXX  15TH ST N, OAKDALE",SUSPICIOUS PERSON/ACTIVITY
OAKDALE POLICE DEPARTMENT,OAKDALE,6/23/2026 10:21:16 AM,OD26007701,"2XXX  GENEVA AVE N, OAKDALE",ASSAULT
OAKDALE POLICE DEPARTMENT,OAKDALE,6/23/2026 10:32:05 AM,OD26007703,"3XXX  HAYWARD AVE N, OAKDALE",CITIZEN/PUBLIC ASSIST
OAKDALE POLICE DEPARTMENT,OAKDALE,6/23/2026 11:15:23 AM,OD26007704,"Century Ave N / I94, OAKDALE",ASSIST OTHER AGENCY
OAKDALE POLICE DEPARTMENT,OAKDALE,6/23/2026 11:52:18 AM,OD26007705,"7XXX  19th St N, OAKDALE",MEDICAL
OAKDALE POLICE DEPARTMENT,OAKDALE,6/23/2026 12:34:59 PM,OD26007706,"1XXX  GENTRY AVE N, OAKDALE",UNWANTED PERSON/VEHICLE
OAKDALE POLICE DEPARTMENT,OAKDALE,6/23/2026 1:28:26 PM,OD26007708,"6XXX  UPPER 5TH ST N, OAKDALE",SUSPICIOUS PERSON/ACTIVITY
OAKDALE POLICE DEPARTMENT,OAKDALE,6/23/2026 2:31:57 PM,OD26007712,"7XXX  28th St N, OAKDALE",MEDICAL
OAKDALE POLICE DEPARTMENT,OAKDALE,6/23/2026 2:39:35 PM,OD26007713,"6XXX  15th St N, OAKDALE",BURNING COMPLAINT
OAKDALE POLICE DEPARTMENT,OAKDALE,6/23/2026 3:01:41 PM,OD26007716,"2XXX  Grenadier Ave N, OAKDALE",CITIZEN/PUBLIC ASSIST
OAKDALE POLICE DEPARTMENT,OAKDALE,6/23/2026 3:02:42 PM,OD26007717,"XXX Goodview Ave N, OAKDALE",OFFICER INFORMATION
OAKDALE POLICE DEPARTMENT,OAKDALE,6/23/2026 3:21:00 PM,OD26007720,"7XXX  Hadley Ave N, OAKDALE",DRIVING COMPLAINT
OAKDALE POLICE DEPARTMENT,OAKDALE,6/23/2026 4:06:24 PM,OD26007723,"2XXX  Helena Ave N, OAKDALE",WELFARE CHECK
OAKDALE POLICE DEPARTMENT,OAKDALE,6/23/2026 4:15:38 PM,OD26007724,"8XXX  3RD ST N, OAKDALE",SHOPLIFTING
OAKDALE POLICE DEPARTMENT,OAKDALE,6/23/2026 4:42:51 PM,OD26007725,"2XXX  GRENADIER AVE N, OAKDALE",CITIZEN/PUBLIC ASSIST
OAKDALE POLICE DEPARTMENT,OAKDALE,6/23/2026 5:25:43 PM,OD26007726,"7XXX  38TH ST N, OAKDALE",911 ABANDONED/HANGUP/OPEN LINE
OAKDALE POLICE DEPARTMENT,OAKDALE,6/23/2026 5:29:28 PM,OD26007727,"4XXX  Gershwin Ave N, OAKDALE",CITIZEN/PUBLIC ASSIST
OAKDALE POLICE DEPARTMENT,OAKDALE,6/23/2026 6:34:38 PM,OD26007728,"5XXX  HADLEY AVE N, OAKDALE",ABANDONED VEHICLE
OAKDALE POLICE DEPARTMENT,OAKDALE,6/23/2026 6:44:10 PM,OD26007729,"4XXX  HELENA WAY N, OAKDALE",HARASSMENT
OAKDALE POLICE DEPARTMENT,OAKDALE,6/23/2026 7:19:59 PM,OD26007730,"5XXX  Hadley Ave N, OAKDALE",DISTURBANCE
OAKDALE POLICE DEPARTMENT,OAKDALE,6/23/2026 7:49:20 PM,OD26007732,"7XXX  29TH ST N, OAKDALE",911 ABANDONED/HANGUP/OPEN LINE
OAKDALE POLICE DEPARTMENT,OAKDALE,6/23/2026 7:54:24 PM,OD26007734,"XXX GRENADIER AVE N, OAKDALE",ANIMAL COMPLAINT
OAKDALE POLICE DEPARTMENT,OAKDALE,6/23/2026 9:18:12 PM,OD26007735,"7XXX  17TH ST N, OAKDALE",911 ABANDONED/HANGUP/OPEN LINE
OAKDALE POLICE DEPARTMENT,OAKDALE,6/23/2026 9:23:02 PM,OD26007736,"2XXX  GRENADIER AVE N, OAKDALE",CITIZEN/PUBLIC ASSIST
OAKDALE POLICE DEPARTMENT,OAKDALE,6/23/2026 9:38:30 PM,OD26007737,"3XXX  Granada Ave N, OAKDALE",DWI
OAKDALE POLICE DEPARTMENT,OAKDALE,6/23/2026 11:24:40 PM,OD26007738,"4XXX  GERSHWIN AVE N, OAKDALE",NOISE COMPLAINT/DISTURBANCE
OAKDALE POLICE DEPARTMENT,OAKDALE,6/24/2026 12:00:00 AM,OD26007848,"6XXX  Upper 51st St N, OAKDALE",THEFT FROM MOTOR VEHICLE
OAKDALE POLICE DEPARTMENT,OAKDALE,6/24/2026 12:46:24 AM,OD26007740,"6XXX  10TH ST N, OAKDALE",NOISE COMPLAINT/DISTURBANCE
OAKDALE POLICE DEPARTMENT,OAKDALE,6/24/2026 1:20:04 AM,OD26007741,"56XXX -BLK GENEVA AVE N, OAKDALE",ASSIST OTHER AGENCY
OAKDALE POLICE DEPARTMENT,OAKDALE,6/24/2026 1:59:39 AM,OD26007743,"6XXX  13th St N, OAKDALE",SUSPICIOUS PERSON/ACTIVITY
OAKDALE POLICE DEPARTMENT,OAKDALE,6/24/2026 4:37:00 AM,OD26007744,"4XXX  Grenwich Way N, OAKDALE",WELFARE CHECK
OAKDALE POLICE DEPARTMENT,OAKDALE,6/24/2026 4:43:56 AM,OD26007745,"7XXX  5th St N, OAKDALE",LIFT ASSIST
OAKDALE POLICE DEPARTMENT,OAKDALE,6/24/2026 5:16:32 AM,OD26007746,"1XXX  HALLMARK AVE N, OAKDALE",TRAFFIC STOP
OAKDALE POLICE DEPARTMENT,OAKDALE,6/24/2026 6:57:18 AM,OD26007748,"5XXX  GENEVA AVE N, OAKDALE",VEHICLE TAMPERING
OAKDALE POLICE DEPARTMENT,OAKDALE,6/24/2026 8:58:26 AM,OD26007751,"7XXX  29TH ST N, OAKDALE",911 ABANDONED/HANGUP/OPEN LINE
OAKDALE POLICE DEPARTMENT,OAKDALE,6/24/2026 9:19:21 AM,OD26007753,"1XXX  HADLEY AVE N, OAKDALE",CITIZEN/PUBLIC ASSIST
OAKDALE POLICE DEPARTMENT,OAKDALE,6/24/2026 9:44:33 AM,OD26007754,"7XXX  2nd St N, OAKDALE",PARKING VIOLATION
OAKDALE POLICE DEPARTMENT,OAKDALE,6/24/2026 10:56:58 AM,OD26007756,"4XXX  Grenwich Trl N, OAKDALE",TRESPASSING
OAKDALE POLICE DEPARTMENT,OAKDALE,6/24/2026 12:19:21 PM,OD26007758,"3XXX  Hayward Ave N, OAKDALE",DISTURBANCE
OAKDALE POLICE DEPARTMENT,OAKDALE,6/24/2026 12:21:59 PM,OD26007759,"5XXX  HADLEY AVE N, OAKDALE",ACCIDENT
OAKDALE POLICE DEPARTMENT,OAKDALE,6/24/2026 1:04:22 PM,OD26007760,"7XXX  10th St N, OAKDALE",HARASSMENT
OAKDALE POLICE DEPARTMENT,OAKDALE,6/24/2026 1:13:19 PM,OD26007761,"XXX GENTRY AVE N, OAKDALE",CITIZEN/PUBLIC ASSIST
OAKDALE POLICE DEPARTMENT,OAKDALE,6/24/2026 2:14:48 PM,OD26007768,"6XXX  15TH ST N, OAKDALE",FOLLOW UP
OAKDALE POLICE DEPARTMENT,OAKDALE,6/24/2026 3:18:56 PM,OD26007770,"7XXX  19th St N, OAKDALE",LOST PROPERTY/ITEM
OAKDALE POLICE DEPARTMENT,OAKDALE,6/24/2026 3:26:25 PM,OD26007771,"6XXX  7TH ST N, OAKDALE",IDENTITY THEFT
OAKDALE POLICE DEPARTMENT,OAKDALE,6/24/2026 3:56:33 PM,OD26007772,"3XXX  HAYWARD AVE N, OAKDALE",CIVIL MATTER/DISPUTE
OAKDALE POLICE DEPARTMENT,OAKDALE,6/24/2026 3:58:36 PM,OD26007773,"2XXX  GENEVA AVE N, OAKDALE",CITIZEN/PUBLIC ASSIST
OAKDALE POLICE DEPARTMENT,OAKDALE,6/24/2026 4:18:33 PM,OD26007776,"3XXX  HAYWARD AVE N, OAKDALE",DISTURBANCE
OAKDALE POLICE DEPARTMENT,OAKDALE,6/24/2026 5:04:27 PM,OD26007778,"XXX GENEVA AVE N, OAKDALE",DISTURBANCE
OAKDALE POLICE DEPARTMENT,OAKDALE,6/24/2026 5:19:42 PM,OD26007779,"7XXX  36th St N, OAKDALE",DISTURBANCE
OAKDALE POLICE DEPARTMENT,OAKDALE,6/24/2026 5:30:44 PM,OD26007780,"1XXX  HILO AVE N, OAKDALE",MEDICAL
OAKDALE POLICE DEPARTMENT,OAKDALE,6/24/2026 5:57:35 PM,OD26007781,"2XXX  HEATH AVE N, OAKDALE",WELFARE CHECK
OAKDALE POLICE DEPARTMENT,OAKDALE,6/24/2026 6:15:18 PM,OD26007782,"7XXX  32ND ST N, OAKDALE",TRESPASS NOTICE
OAKDALE POLICE DEPARTMENT,OAKDALE,6/24/2026 8:28:26 PM,OD26007784,"7XXX  47th St N, OAKDALE",TRAFFIC COMPLAINT
OAKDALE POLICE DEPARTMENT,OAKDALE,6/24/2026 9:06:53 PM,OD26007786,"XXX GENTRY AVE N, OAKDALE",911 ABANDONED/HANGUP/OPEN LINE
OAKDALE POLICE DEPARTMENT,OAKDALE,6/24/2026 9:22:00 PM,OD26007787,"34TH ST N / HADLEY AVE N, OAKDALE",TRAFFIC STOP
OAKDALE POLICE DEPARTMENT,OAKDALE,6/24/2026 9:31:26 PM,OD26007789,"UPPER 45TH ST N & HELMO AVE N, OAKDALE",TRAFFIC STOP
OAKDALE POLICE DEPARTMENT,OAKDALE,6/24/2026 9:54:55 PM,OD26007790,"HADLEY AVE N & 50TH ST N, OAKDALE",TRAFFIC STOP
OAKDALE POLICE DEPARTMENT,OAKDALE,6/24/2026 10:04:13 PM,OD26007791,"34TH ST N / GENEVA AVE N, OAKDALE",ACCIDENT
OAKDALE POLICE DEPARTMENT,OAKDALE,6/24/2026 10:41:13 PM,OD26007792,"1XXX  Granada Ave N, OAKDALE",MEDICAL
OAKDALE POLICE DEPARTMENT,OAKDALE,6/24/2026 10:41:59 PM,OD26007793,"2XXX  GRENADIER AVE N, OAKDALE",NOISE COMPLAINT/DISTURBANCE
OAKDALE POLICE DEPARTMENT,OAKDALE,6/25/2026 1:10:45 AM,OD26007798,"6XXX  UPPER 5TH ST N, OAKDALE",UNWANTED PERSON/VEHICLE
OAKDALE POLICE DEPARTMENT,OAKDALE,6/25/2026 1:53:12 AM,OD26007799,"6XXX  15TH ST N, OAKDALE",WELFARE CHECK
OAKDALE POLICE DEPARTMENT,OAKDALE,6/25/2026 4:31:38 AM,OD26007801,"6XXX  UPPER 13TH ST N, OAKDALE",MEDICAL
OAKDALE POLICE DEPARTMENT,OAKDALE,6/25/2026 7:33:50 AM,OD26007802,"7XXX  21st St N, OAKDALE",MEDICAL
OAKDALE POLICE DEPARTMENT,OAKDALE,6/25/2026 8:53:39 AM,OD26007803,"2XXX  Hale Ave N, OAKDALE",CIVIL MATTER/DISPUTE
OAKDALE POLICE DEPARTMENT,OAKDALE,6/25/2026 9:29:20 AM,OD26007805,"6XXX  49TH ST N, OAKDALE",SUSPICIOUS PERSON/ACTIVITY
OAKDALE POLICE DEPARTMENT,OAKDALE,6/25/2026 10:14:29 AM,OD26007809,"7XXX  10th St N, OAKDALE",VEHICLE UNLOCK
OAKDALE POLICE DEPARTMENT,OAKDALE,6/25/2026 10:18:25 AM,OD26007808,"1XXX  GRANADA AVE N, OAKDALE",NOISE COMPLAINT/DISTURBANCE
OAKDALE POLICE DEPARTMENT,OAKDALE,6/25/2026 10:57:43 AM,OD26007810,"7XXX  Stillwater Way N, OAKDALE",CIVIL MATTER/DISPUTE
OAKDALE POLICE DEPARTMENT,OAKDALE,6/25/2026 11:35:34 AM,OD26007814,"3XXX  GERSHWIN LN N, OAKDALE",SUSPICIOUS PERSON/ACTIVITY
OAKDALE POLICE DEPARTMENT,OAKDALE,6/25/2026 12:03:02 PM,OD26007815,"6XXX  50th St N, OAKDALE",SUSPICIOUS PERSON/ACTIVITY
OAKDALE POLICE DEPARTMENT,OAKDALE,6/25/2026 12:06:22 PM,OD26007816,"7XXX  32nd St N, OAKDALE",SUICIDE ATTEMPT/THREATS OF
OAKDALE POLICE DEPARTMENT,OAKDALE,6/25/2026 12:17:00 PM,OD26007817,"1XXX  GENTRY AVE N, OAKDALE",PARKING VIOLATION
OAKDALE POLICE DEPARTMENT,OAKDALE,6/25/2026 12:24:00 PM,OD26007819,"1XXX  GENTRY AVE N, OAKDALE",PARKING VIOLATION
OAKDALE POLICE DEPARTMENT,OAKDALE,6/25/2026 12:27:34 PM,OD26007821,"1XXX  HELENA RD N, OAKDALE",SUSPICIOUS PERSON/ACTIVITY
OAKDALE POLICE DEPARTMENT,OAKDALE,6/25/2026 12:27:35 PM,OD26007823,"6XXX  15th St N, OAKDALE",CITIZEN/PUBLIC ASSIST
OAKDALE POLICE DEPARTMENT,OAKDALE,6/25/2026 12:28:00 PM,OD26007820,"1XXX  GENTRY AVE N, OAKDALE",PARKING VIOLATION
OAKDALE POLICE DEPARTMENT,OAKDALE,6/25/2026 12:28:11 PM,OD26007824,"6XXX  15th St N, OAKDALE",LOST PROPERTY/ITEM
OAKDALE POLICE DEPARTMENT,OAKDALE,6/25/2026 12:44:48 PM,OD26007825,"XXX HELENA AVE N, OAKDALE",WELFARE CHECK
OAKDALE POLICE DEPARTMENT,OAKDALE,6/25/2026 1:13:00 PM,OD26007826,"1XXX  GENTRY AVE N, OAKDALE",PARKING VIOLATION
OAKDALE POLICE DEPARTMENT,OAKDALE,6/25/2026 1:17:00 PM,OD26007827,"1XXX  GENTRY AVE N, OAKDALE",PARKING VIOLATION
OAKDALE POLICE DEPARTMENT,OAKDALE,6/25/2026 1:21:00 PM,OD26007828,"1XXX  GENTRY AVE N, OAKDALE",PARKING VIOLATION
OAKDALE POLICE DEPARTMENT,OAKDALE,6/25/2026 1:27:00 PM,OD26007829,"1XXX  GENTRY AVE N, OAKDALE",PARKING VIOLATION
OAKDALE POLICE DEPARTMENT,OAKDALE,6/25/2026 1:27:17 PM,OD26007831,"8XXX  4th St N, OAKDALE",MISSING PERSON
OAKDALE POLICE DEPARTMENT,OAKDALE,6/25/2026 1:31:00 PM,OD26007830,"1XXX  GENTRY AVE N, OAKDALE",PARKING VIOLATION
OAKDALE POLICE DEPARTMENT,OAKDALE,6/25/2026 1:47:37 PM,OD26007834,"6XXX  Upper 51st St N, OAKDALE",BURGLARY
OAKDALE POLICE DEPARTMENT,OAKDALE,6/25/2026 2:02:28 PM,OD26007835,"7XXX  2nd St N, OAKDALE",THEFT FROM MOTOR VEHICLE
OAKDALE POLICE DEPARTMENT,OAKDALE,6/25/2026 2:11:45 PM,OD26007838,"5XXX  Hadley Ave N, OAKDALE",SHOPLIFTING
OAKDALE POLICE DEPARTMENT,OAKDALE,6/25/2026 2:23:52 PM,OD26007839,"XXX HELENA AVE N, OAKDALE",DISTURBANCE
OAKDALE POLICE DEPARTMENT,OAKDALE,6/25/2026 3:54:28 PM,OD26007844,"6XXX  UPPER 51ST ST N, OAKDALE",VEHICLE TAMPERING
OAKDALE POLICE DEPARTMENT,OAKDALE,6/25/2026 4:30:20 PM,OD26007847,"1XXX  GROSPOINT AVE N, OAKDALE",UNWANTED PERSON/VEHICLE
OAKDALE POLICE DEPARTMENT,OAKDALE,6/25/2026 7:34:45 PM,OD26007851,"7XXX  21ST ST N, OAKDALE",MEDICAL
OAKDALE POLICE DEPARTMENT,OAKDALE,6/25/2026 7:40:09 PM,OD26007852,"1XXX  Granada Ave N, OAKDALE",NOISE COMPLAINT/DISTURBANCE
OAKDALE POLICE DEPARTMENT,OAKDALE,6/25/2026 8:02:48 PM,OD26007853,"6XXX  52nd St N, OAKDALE",DISTURBANCE
OAKDALE POLICE DEPARTMENT,OAKDALE,6/25/2026 8:46:04 PM,OD26007854,"7XXX  UPPER 42ND ST N, OAKDALE",MEDICAL
OAKDALE POLICE DEPARTMENT,OAKDALE,6/25/2026 9:38:34 PM,OD26007855,"Hadley Ave N / 13th St N, OAKDALE",TRAFFIC STOP
OAKDALE POLICE DEPARTMENT,OAKDALE,6/25/2026 10:17:25 PM,OD26007856,"XXX Glenbrook Ave N, OAKDALE",SUSPICIOUS PERSON/ACTIVITY
OAKDALE POLICE DEPARTMENT,OAKDALE,6/25/2026 10:21:09 PM,OD26007857,"4XXX  HADLEY AVE N, OAKDALE",TRAFFIC STOP
OAKDALE POLICE DEPARTMENT,OAKDALE,6/25/2026 10:29:26 PM,OD26007858,"35TH ST N / HADLEY AVE N, OAKDALE",TRAFFIC STOP
OAKDALE POLICE DEPARTMENT,OAKDALE,6/25/2026 10:40:18 PM,OD26007859,"34TH ST N TO I694 NB RAMP, OAKDALE",TRAFFIC STOP
OAKDALE POLICE DEPARTMENT,OAKDALE,6/25/2026 10:53:46 PM,OD26007860,"34TH ST N / GRANADA AVE N, OAKDALE",TRAFFIC STOP
OAKDALE POLICE DEPARTMENT,OAKDALE,6/25/2026 11:07:36 PM,OD26007862,"6XXX  10TH ST N, OAKDALE",SUSPICIOUS PERSON/ACTIVITY
OAKDALE POLICE DEPARTMENT,OAKDALE,6/25/2026 11:15:17 PM,OD26007863,"3XXX  HAYWARD AVE N, OAKDALE",DISTURBANCE
OAKDALE POLICE DEPARTMENT,OAKDALE,6/26/2026 12:00:55 AM,OD26007864,"6XXX  UPPER 44TH ST N, OAKDALE",ALARM-BUSINESS/RES/FIRE/MEDICAL/ETC
OAKDALE POLICE DEPARTMENT,OAKDALE,6/26/2026 12:34:21 AM,OD26007865,"GENEVA AVE N / 4TH ST N, OAKDALE",TRAFFIC STOP
OAKDALE POLICE DEPARTMENT,OAKDALE,6/26/2026 12:38:18 AM,OD26007866,"1XXX  GENEVA AVE N, OAKDALE",TRAFFIC STOP
OAKDALE POLICE DEPARTMENT,OAKDALE,6/26/2026 12:57:43 AM,OD26007867,"10th St N / Hadley Ave N, OAKDALE",ACCIDENT
OAKDALE POLICE DEPARTMENT,OAKDALE,6/26/2026 12:59:57 AM,OD26007870,"I694 SB JNO 34TH ST N, OAKDALE",ASSIST OTHER AGENCY
OAKDALE POLICE DEPARTMENT,OAKDALE,6/26/2026 1:03:51 AM,OD26007869,"5XXX  HADLEY AVE N, OAKDALE",SUSPICIOUS PERSON/ACTIVITY
OAKDALE POLICE DEPARTMENT,OAKDALE,6/26/2026 1:13:31 AM,OD26007871,"XXX GLENBROOK AVE N, OAKDALE",PARK INCIDENT-CITY/COUNTY
OAKDALE POLICE DEPARTMENT,OAKDALE,6/26/2026 3:12:55 AM,OD26007872,"6XXX  UPPER 13TH ST N, OAKDALE",DISTURBANCE
OAKDALE POLICE DEPARTMENT,OAKDALE,6/26/2026 6:52:55 AM,OD26007873,"7XXX  2ND ST N, OAKDALE",FOUND PROPERTY/ITEM
OAKDALE POLICE DEPARTMENT,OAKDALE,6/26/2026 8:09:17 AM,OD26007875,"7XXX  32nd St N, OAKDALE",911 ABANDONED/HANGUP/OPEN LINE
OAKDALE POLICE DEPARTMENT,OAKDALE,6/26/2026 8:18:54 AM,OD26007876,"4XXX  Grenwich Trl N, OAKDALE",DISTURBANCE
OAKDALE POLICE DEPARTMENT,OAKDALE,6/26/2026 12:55:00 PM,OD26007886,"1XXX  GENTRY AVE N, OAKDALE",PARKING VIOLATION
OAKDALE POLICE DEPARTMENT,OAKDALE,6/26/2026 1:10:54 PM,OD26007887,"38TH ST N / IDEAL AVE N, OAKDALE",TRAFFIC STOP
OAKDALE POLICE DEPARTMENT,OAKDALE,6/26/2026 1:14:00 PM,OD26007888,"6XXX  15TH ST N, OAKDALE",PARKING VIOLATION
OAKDALE POLICE DEPARTMENT,OAKDALE,6/26/2026 1:34:39 PM,OD26007890,"3XXX  Hayward Ave N, OAKDALE",CIVIL MATTER/DISPUTE
OAKDALE POLICE DEPARTMENT,OAKDALE,6/26/2026 2:05:07 PM,OD26007892,"Helena Rd N / Helena Way N, OAKDALE",TRAFFIC COMPLAINT
OAKDALE POLICE DEPARTMENT,OAKDALE,6/26/2026 2:38:43 PM,OD26007893,"3XXX  Hayward Ave N, OAKDALE",CIVIL MATTER/DISPUTE
OAKDALE POLICE DEPARTMENT,OAKDALE,6/26/2026 4:15:44 PM,OD26007895,"1XXX  HADLEY AVE N, OAKDALE",MEDICAL
OAKDALE POLICE DEPARTMENT,OAKDALE,6/26/2026 4:28:58 PM,OD26007897,"3XXX  High Point Dr N, OAKDALE",FOUND PROPERTY/ITEM
OAKDALE POLICE DEPARTMENT,OAKDALE,6/26/2026 4:34:13 PM,OD26007898,"4XXX  Heather Ridge Rd N, OAKDALE",CITIZEN/PUBLIC ASSIST
OAKDALE POLICE DEPARTMENT,OAKDALE,6/26/2026 4:52:53 PM,OD26007899,"5XXX  HADLEY AVE N, OAKDALE",FOLLOW UP
OAKDALE POLICE DEPARTMENT,OAKDALE,6/26/2026 5:28:20 PM,OD26007901,"5XXX  Hadley Ave N, OAKDALE",CHILD CUSTODY
OAKDALE POLICE DEPARTMENT,OAKDALE,6/26/2026 6:37:25 PM,OD26007905,"7XXX  40th St N, OAKDALE",TRAFFIC STOP
OAKDALE POLICE DEPARTMENT,OAKDALE,6/26/2026 6:41:38 PM,OD26007907,"GENEVA AVE N / 4TH ST N, OAKDALE",MEDICAL
OAKDALE POLICE DEPARTMENT,OAKDALE,6/26/2026 7:06:42 PM,OD26007909,"XXX GLENBROOK AVE N, OAKDALE",LOST PROPERTY/ITEM
OAKDALE POLICE DEPARTMENT,OAKDALE,6/26/2026 8:05:17 PM,OD26007910,"1XXX  HADLEY AVE N, OAKDALE",CITIZEN/PUBLIC ASSIST
OAKDALE POLICE DEPARTMENT,OAKDALE,6/26/2026 8:15:32 PM,OD26007911,"7XXX  4TH ST N, OAKDALE",TRAFFIC STOP
OAKDALE POLICE DEPARTMENT,OAKDALE,6/26/2026 9:12:22 PM,OD26007913,"6XXX  Upper 51st St N, OAKDALE",SUSPICIOUS PERSON/ACTIVITY
OAKDALE POLICE DEPARTMENT,OAKDALE,6/26/2026 9:33:41 PM,OD26007914,"1XXX  HELMO AVE N, OAKDALE",NOISE COMPLAINT/DISTURBANCE
OAKDALE POLICE DEPARTMENT,OAKDALE,6/26/2026 10:06:00 PM,OD26007915,"1XXX  HADLEY AVE N, OAKDALE",FIGHT
OAKDALE POLICE DEPARTMENT,OAKDALE,6/26/2026 10:44:00 PM,OD26007916,"1XXX  HADLEY AVE N, OAKDALE",NOISE COMPLAINT/DISTURBANCE
OAKDALE POLICE DEPARTMENT,OAKDALE,6/26/2026 10:47:14 PM,OD26007917,"10th St N / 10th St N To I694 Sb Ramp, OAKDALE",MEDICAL
OAKDALE POLICE DEPARTMENT,OAKDALE,6/26/2026 10:52:56 PM,OD26007918,"1XXX  HADLEY AVE N, OAKDALE",TRAFFIC STOP
OAKDALE POLICE DEPARTMENT,OAKDALE,6/26/2026 10:57:48 PM,OD26007919,"7XXX  10TH ST N, OAKDALE",TRAFFIC STOP
OAKDALE POLICE DEPARTMENT,OAKDALE,6/26/2026 11:08:16 PM,OD26007920,"3XXX  HADLEY AVE N, OAKDALE",PARK INCIDENT-CITY/COUNTY
OAKDALE POLICE DEPARTMENT,OAKDALE,6/26/2026 11:11:42 PM,OD26007922,"6XXX  14TH ST N, OAKDALE",FIREWORKS
OAKDALE POLICE DEPARTMENT,OAKDALE,6/26/2026 11:16:18 PM,OD26007923,"4XXX  HADLEY AVE N, OAKDALE",PARK INCIDENT-CITY/COUNTY
OAKDALE POLICE DEPARTMENT,OAKDALE,6/26/2026 11:19:22 PM,OD26007924,"7XXX  10TH ST N, OAKDALE",WELFARE CHECK
OAKDALE POLICE DEPARTMENT,OAKDALE,6/26/2026 11:29:04 PM,OD26007925,"7XXX  15TH ST N, OAKDALE",SUSPICIOUS PERSON/ACTIVITY
OAKDALE POLICE DEPARTMENT,OAKDALE,6/26/2026 11:44:15 PM,OD26007926,"7XXX  10th St N, OAKDALE",JUVENILE COMPLAINT
OAKDALE POLICE DEPARTMENT,OAKDALE,6/26/2026 11:57:55 PM,OD26007927,"1XXX  GRANITE LN N, OAKDALE",CITIZEN/PUBLIC ASSIST
OAKDALE POLICE DEPARTMENT,OAKDALE,6/27/2026 12:53:14 AM,OD26007929,"5XXX  Geneva Ave N, OAKDALE",CITIZEN/PUBLIC ASSIST
OAKDALE POLICE DEPARTMENT,OAKDALE,6/27/2026 1:04:03 AM,OD26007930," Tanners Lake Park, OAKDALE",SUSPICIOUS PERSON/ACTIVITY
OAKDALE POLICE DEPARTMENT,OAKDALE,6/27/2026 1:24:43 AM,OD26007932,"6XXX  Upper 20th St N, OAKDALE",911 ABANDONED/HANGUP/OPEN LINE
OAKDALE POLICE DEPARTMENT,OAKDALE,6/27/2026 2:50:51 AM,OD26007933,"5XXX  Golfview Ave N, OAKDALE",911 ABANDONED/HANGUP/OPEN LINE
OAKDALE POLICE DEPARTMENT,OAKDALE,6/27/2026 3:18:25 AM,OD26007934,"3XXX  Genevieve Ave N, OAKDALE",BURGLARY
OAKDALE POLICE DEPARTMENT,OAKDALE,6/27/2026 3:55:41 AM,OD26007935,"1XXX  Hadley Ave N, OAKDALE",WELFARE CHECK
OAKDALE POLICE DEPARTMENT,OAKDALE,6/27/2026 4:26:21 AM,OD26007936,"4XXX  Helena Way N, OAKDALE",MEDICAL
OAKDALE POLICE DEPARTMENT,OAKDALE,6/27/2026 7:03:26 AM,OD26007937,"1XXX  GRANADA AVE N, OAKDALE",PROPERTY DAMAGE
OAKDALE POLICE DEPARTMENT,OAKDALE,6/27/2026 8:39:07 AM,OD26007939,"8XXX  4th St N, OAKDALE",SUSPICIOUS PERSON/ACTIVITY
OAKDALE POLICE DEPARTMENT,OAKDALE,6/27/2026 9:09:01 AM,OD26007940,"5XXX  Hadley Ave N, OAKDALE",CITIZEN/PUBLIC ASSIST
OAKDALE POLICE DEPARTMENT,OAKDALE,6/27/2026 9:14:44 AM,OD26007941,"XXX HELMO AVE N, OAKDALE",TRAFFIC STOP
OAKDALE POLICE DEPARTMENT,OAKDALE,6/27/2026 9:31:24 AM,OD26007942,"XXX HELMO AVE N, OAKDALE",TRAFFIC STOP
OAKDALE POLICE DEPARTMENT,OAKDALE,6/27/2026 9:35:24 AM,OD26007944,"7XXX  13th St N, OAKDALE",ALARM-BUSINESS/RES/FIRE/MEDICAL/ETC
OAKDALE POLICE DEPARTMENT,OAKDALE,6/27/2026 10:33:21 AM,OD26007947,"1XXX  Granite Ave N, OAKDALE",911 ABANDONED/HANGUP/OPEN LINE
OAKDALE POLICE DEPARTMENT,OAKDALE,6/27/2026 10:42:17 AM,OD26007948,"6XXX  Stillwater Blvd N, OAKDALE",ALARM-BUSINESS/RES/FIRE/MEDICAL/ETC
OAKDALE POLICE DEPARTMENT,OAKDALE,6/27/2026 11:27:25 AM,OD26007951,"2XXX  GENEVA AVE N, OAKDALE",CITIZEN/PUBLIC ASSIST
OAKDALE POLICE DEPARTMENT,OAKDALE,6/27/2026 11:46:02 AM,OD26007952,"15TH ST N / HADLEY AVE N, OAKDALE",SUSPICIOUS PERSON/ACTIVITY
OAKDALE POLICE DEPARTMENT,OAKDALE,6/27/2026 11:59:55 AM,OD26007953,"XXX Glenbrook Ave N, OAKDALE",PARKING COMPLAINT
OAKDALE POLICE DEPARTMENT,OAKDALE,6/27/2026 12:19:15 PM,OD26007955,"7XXX  51st St N, OAKDALE",CIVIL MATTER/DISPUTE
OAKDALE POLICE DEPARTMENT,OAKDALE,6/27/2026 12:42:03 PM,OD26007957,"1XXX  Glenbrook Ave N, OAKDALE",911 ABANDONED/HANGUP/OPEN LINE
OAKDALE POLICE DEPARTMENT,OAKDALE,6/27/2026 12:51:05 PM,OD26007959,"XXX Inwood Ave N, OAKDALE",WELFARE CHECK
OAKDALE POLICE DEPARTMENT,OAKDALE,6/27/2026 12:53:10 PM,OD26007960,"1XXX  Glenbrook Ave N, OAKDALE",911 ABANDONED/HANGUP/OPEN LINE
OAKDALE POLICE DEPARTMENT,OAKDALE,6/27/2026 1:12:37 PM,OD26007961,"3XXX  GRANADA LN N, OAKDALE",911 ABANDONED/HANGUP/OPEN LINE
OAKDALE POLICE DEPARTMENT,OAKDALE,6/27/2026 1:16:50 PM,OD26007962,"XXX Gresham Ave N, OAKDALE",ANIMAL COMPLAINT
OAKDALE POLICE DEPARTMENT,OAKDALE,6/27/2026 2:41:05 PM,OD26007964,"3XXX  Hayward Ave N, OAKDALE",CITIZEN/PUBLIC ASSIST
OAKDALE POLICE DEPARTMENT,OAKDALE,6/27/2026 3:42:04 PM,OD26007968,"7XXX  15TH ST N, OAKDALE",CIVIL MATTER/DISPUTE
OAKDALE POLICE DEPARTMENT,OAKDALE,6/27/2026 4:10:22 PM,OD26007970,"6XXX  35TH ST N, OAKDALE",MEDICAL
OAKDALE POLICE DEPARTMENT,OAKDALE,6/27/2026 4:25:31 PM,OD26007972,"XXX INWOOD AVE N, OAKDALE",ASSIGNED & CLEARED
OAKDALE POLICE DEPARTMENT,OAKDALE,6/27/2026 4:34:29 PM,OD26007973,"1XXX  HADLEY AVE N, OAKDALE",DISTURBANCE
OAKDALE POLICE DEPARTMENT,OAKDALE,6/27/2026 4:35:10 PM,OD26007974,"1XXX  HADLEY AVE N, OAKDALE",DISTURBANCE
OAKDALE POLICE DEPARTMENT,OAKDALE,6/27/2026 4:47:24 PM,OD26007975,"2XXX  GRESHAM AVE N, OAKDALE",911 ABANDONED/HANGUP/OPEN LINE
OAKDALE POLICE DEPARTMENT,OAKDALE,6/27/2026 4:51:51 PM,OD26007976,"Grospoint Ave N / 15th St N, OAKDALE",SUSPICIOUS PERSON/ACTIVITY
OAKDALE POLICE DEPARTMENT,OAKDALE,6/27/2026 5:11:51 PM,OD26007978,"5XXX  Hadley Ave N, OAKDALE",SHOPLIFTING
OAKDALE POLICE DEPARTMENT,OAKDALE,6/27/2026 5:26:10 PM,OD26007979,"4XXX  GERSHWIN AVE N, OAKDALE",911 ABANDONED/HANGUP/OPEN LINE
OAKDALE POLICE DEPARTMENT,OAKDALE,6/27/2026 6:10:46 PM,OD26007982,"6XXX  STILLWATER BLVD N, OAKDALE",911 ABANDONED/HANGUP/OPEN LINE
OAKDALE POLICE DEPARTMENT,OAKDALE,6/27/2026 6:13:41 PM,OD26007983,"4XXX  HADLEY AVE N, OAKDALE",ANIMAL COMPLAINT
OAKDALE POLICE DEPARTMENT,OAKDALE,6/27/2026 6:27:00 PM,OD26007984,"34TH ST N & GENEVA AVE N, OAKDALE",TRAFFIC STOP
OAKDALE POLICE DEPARTMENT,OAKDALE,6/27/2026 6:51:12 PM,OD26007985,"6XXX  55TH ST N, OAKDALE",ANIMAL COMPLAINT
OAKDALE POLICE DEPARTMENT,OAKDALE,6/27/2026 8:43:27 PM,OD26007987,"1XXX  HADLEY AVE N, OAKDALE",DISORDERLY CONDUCT
OAKDALE POLICE DEPARTMENT,OAKDALE,6/27/2026 8:50:04 PM,OD26007988,"6XXX  48th St N, OAKDALE",DRIVING COMPLAINT
OAKDALE POLICE DEPARTMENT,OAKDALE,6/27/2026 9:37:40 PM,OD26007989,"8XXX  9TH ST N, OAKDALE",CHILD CUSTODY
OAKDALE POLICE DEPARTMENT,OAKDALE,6/27/2026 9:38:46 PM,OD26007990,"7XXX  10th St N, OAKDALE",HARASSMENT
OAKDALE POLICE DEPARTMENT,OAKDALE,6/27/2026 9:43:04 PM,OD26007991,"Stillwater Blvd N / 22nd St N, OAKDALE",DISTURBANCE
OAKDALE POLICE DEPARTMENT,OAKDALE,6/27/2026 10:03:07 PM,OD26007995,"GROSPOINT AVE N & 15TH ST N, OAKDALE",TRAFFIC COMPLAINT
OAKDALE POLICE DEPARTMENT,OAKDALE,6/27/2026 10:04:52 PM,OD26007994,"1XXX  Hadley Ave N, OAKDALE",NOISE COMPLAINT/DISTURBANCE
OAKDALE POLICE DEPARTMENT,OAKDALE,6/27/2026 10:07:40 PM,OD26007996,"1XXX  Hadley Ave N, OAKDALE",OFFICER INFORMATION
OAKDALE POLICE DEPARTMENT,OAKDALE,6/27/2026 10:10:59 PM,OD26007997,"15TH ST N / GRANADA AVE N, OAKDALE",DISTURBANCE
OAKDALE POLICE DEPARTMENT,OAKDALE,6/27/2026 10:18:53 PM,OD26007998,"7XXX  32ND ST N, OAKDALE",SUSPICIOUS PERSON/ACTIVITY
OAKDALE POLICE DEPARTMENT,OAKDALE,6/27/2026 10:43:02 PM,OD26007999,"6XXX  10TH ST N, OAKDALE",MEDICAL
OAKDALE POLICE DEPARTMENT,OAKDALE,6/27/2026 10:54:47 PM,OD26008000,"Greenway Ave N / 5th St N, OAKDALE",SUSPICIOUS PERSON/ACTIVITY
OAKDALE POLICE DEPARTMENT,OAKDALE,6/27/2026 11:04:18 PM,OD26008001,"1XXX  HADLEY AVE N, OAKDALE",911 ABANDONED/HANGUP/OPEN LINE
OAKDALE POLICE DEPARTMENT,OAKDALE,6/27/2026 11:12:00 PM,OD26008002,"1XXX  HADLEY AVE N, OAKDALE",ASSIGNED & CLEARED
OAKDALE POLICE DEPARTMENT,OAKDALE,6/27/2026 11:12:40 PM,OD26008003,"7XXX  15TH STREET LN N, OAKDALE",NOISE COMPLAINT/DISTURBANCE
OAKDALE POLICE DEPARTMENT,OAKDALE,6/27/2026 11:19:25 PM,OD26008004,"4XXX  Helmo Ave N, OAKDALE",FLEEING
OAKDALE POLICE DEPARTMENT,OAKDALE,6/27/2026 11:22:45 PM,OD26008005,"1XXX  HADLEY AVE N, OAKDALE",ACCIDENT
OAKDALE POLICE DEPARTMENT,OAKDALE,6/27/2026 11:22:53 PM,OD26008006,"3XXX  Hadley Ave N, OAKDALE",SUSPICIOUS PERSON/ACTIVITY
OAKDALE POLICE DEPARTMENT,OAKDALE,6/27/2026 11:31:34 PM,OD26008007,"1XXX  HADLEY AVE N, OAKDALE",DISTURBANCE
OAKDALE POLICE DEPARTMENT,OAKDALE,6/27/2026 11:36:33 PM,OD26008010,"2XXX  HOMESTEAD AVE N, OAKDALE",NOISE COMPLAINT/DISTURBANCE
ST. PAUL PARK POLICE DEPARTMENT,COTTAGE GROVE,6/23/2026 9:49:23 PM,SP26005030,"7XXX  - 7859 HADLEY AVE S, COTTAGE GROVE",ASSIST OTHER AGENCY
ST. PAUL PARK POLICE DEPARTMENT,COTTAGE GROVE,6/24/2026 1:52:02 AM,SP26005039,"110th St S / Hemingway Ave S, COTTAGE GROVE",ASSIST OTHER AGENCY
ST. PAUL PARK POLICE DEPARTMENT,NEWPORT,6/21/2026 2:55:23 AM,SP26004927,"XX HWY 61 SB JSO GLEN RD, NEWPORT",ASSIST OTHER AGENCY
ST. PAUL PARK POLICE DEPARTMENT,SAINT PAUL PARK,6/21/2026 12:28:08 AM,SP26004918,"XXX BROADWAY AVE, SAINT PAUL PARK",DISTURBANCE
ST. PAUL PARK POLICE DEPARTMENT,SAINT PAUL PARK,6/21/2026 7:52:20 AM,SP26004929,"1XXX  HOLLEY AVE, SAINT PAUL PARK",TRESPASSING
ST. PAUL PARK POLICE DEPARTMENT,SAINT PAUL PARK,6/22/2026 11:39:31 AM,SP26004971,"4th St / 7th Ave, SAINT PAUL PARK",ANIMAL COMPLAINT
ST. PAUL PARK POLICE DEPARTMENT,SAINT PAUL PARK,6/22/2026 4:27:55 PM,SP26004981,"Unknown, SAINT PAUL PARK",ORDINANCE VIOLATION
ST. PAUL PARK POLICE DEPARTMENT,SAINT PAUL PARK,6/22/2026 5:56:21 PM,SP26004982,"1XXX  Gary Dr, SAINT PAUL PARK",NEIGHBOR DISPUTE
ST. PAUL PARK POLICE DEPARTMENT,SAINT PAUL PARK,6/22/2026 7:10:39 PM,SP26004983,"Pullman Ave / Summit Ave, SAINT PAUL PARK",DISABLED VEHICLE
ST. PAUL PARK POLICE DEPARTMENT,SAINT PAUL PARK,6/22/2026 7:47:04 PM,SP26004984,"1XXX  SUMMIT AVE, SAINT PAUL PARK",WARRANT ARREST
ST. PAUL PARK POLICE DEPARTMENT,SAINT PAUL PARK,6/23/2026 11:47:35 AM,SP26005015,"SUMMIT AVE / 8TH AVE, SAINT PAUL PARK",HARASSMENT
ST. PAUL PARK POLICE DEPARTMENT,SAINT PAUL PARK,6/26/2026 10:03:14 PM,SP26005108,"XXX SUMMIT AVE, SAINT PAUL PARK",Drove With A Revoked Driver License
ST. PAUL PARK POLICE DEPARTMENT,SAINT PAUL PARK,6/27/2026 11:44:50 AM,SP26005132,"XXX 3rd St, SAINT PAUL PARK",FOUND PERSON
STILLWATER POLICE DEPARTMENT,OAK PARK HEIGHTS,6/21/2026 7:07:29 PM,SW26005478,"Hwy 36 Eb At Osgood Ave N, OAK PARK HEIGHTS",TRAFFIC COMPLAINT
STILLWATER POLICE DEPARTMENT,OAK PARK HEIGHTS,6/23/2026 8:58:00 PM,SW26005538,"5XXX  Norell Ave N, OAK PARK HEIGHTS",ASSIST OTHER AGENCY
STILLWATER POLICE DEPARTMENT,OAK PARK HEIGHTS,6/24/2026 1:30:30 AM,SW26005546,"14XXX  Upper 56th St N, OAK PARK HEIGHTS",ASSIST OTHER AGENCY
STILLWATER POLICE DEPARTMENT,OAK PARK HEIGHTS,6/24/2026 10:42:40 PM,SW26005573,"60th St N / Beach Rd N, OAK PARK HEIGHTS",DRIVING COMPLAINT
STILLWATER POLICE DEPARTMENT,OAK PARK HEIGHTS,6/26/2026 11:47:54 PM,SW26005656,"5XXX  Neal Ave N, OAK PARK HEIGHTS",DISTURBANCE
STILLWATER POLICE DEPARTMENT,STILLWATER,6/21/2026 12:14:11 AM,SW26005452,"XXX Mulberry St E, STILLWATER",OFFICER INFORMATION
STILLWATER POLICE DEPARTMENT,STILLWATER,6/21/2026 12:25:44 AM,SW26005453,"XXX Main St S, STILLWATER",HARASSMENT
STILLWATER POLICE DEPARTMENT,STILLWATER,6/21/2026 12:31:29 AM,SW26005454,"XXX Laurel St W, STILLWATER",FOUND PROPERTY/ITEM
STILLWATER POLICE DEPARTMENT,STILLWATER,6/21/2026 12:42:45 AM,SW26005455,"1XXX  Pine St W, STILLWATER",NOISE COMPLAINT/DISTURBANCE
STILLWATER POLICE DEPARTMENT,STILLWATER,6/21/2026 1:27:35 AM,SW26005457,"XXX 3RD ST S, STILLWATER",911 ABANDONED/HANGUP/OPEN LINE
STILLWATER POLICE DEPARTMENT,STILLWATER,6/21/2026 2:26:00 AM,SW26005458,"Sam Bloomer Way / Chestnut St E, STILLWATER",ASSAULT
STILLWATER POLICE DEPARTMENT,STILLWATER,6/21/2026 3:07:42 AM,SW26005459,"2XXX  ORLEANS ST W, STILLWATER",WELFARE CHECK
STILLWATER POLICE DEPARTMENT,STILLWATER,6/21/2026 4:01:40 AM,SW26005460,"1XXX  Pine St W, STILLWATER",NOISE COMPLAINT/DISTURBANCE
STILLWATER POLICE DEPARTMENT,STILLWATER,6/21/2026 4:30:43 AM,SW26005461,"4th St S / Willard St W, STILLWATER",911 ABANDONED/HANGUP/OPEN LINE
STILLWATER POLICE DEPARTMENT,STILLWATER,6/21/2026 5:16:53 AM,SW26005463,"1XXX  4th St N, STILLWATER",ALARM-BUSINESS/RES/FIRE/MEDICAL/ETC
STILLWATER POLICE DEPARTMENT,STILLWATER,6/21/2026 5:20:41 AM,SW26005464,"XXX Sherburne St N, STILLWATER",DISTURBANCE
STILLWATER POLICE DEPARTMENT,STILLWATER,6/21/2026 9:49:47 AM,SW26005465,"XXX Rice St W, STILLWATER",MEDICAL
STILLWATER POLICE DEPARTMENT,STILLWATER,6/21/2026 11:01:08 AM,SW26005467,"14XXX  62ND ST N , STILLWATER",OFP VIOLATION
STILLWATER POLICE DEPARTMENT,STILLWATER,6/21/2026 12:46:51 PM,SW26005468,"XXX Newman Trl, STILLWATER",OFFICER INFORMATION
STILLWATER POLICE DEPARTMENT,STILLWATER,6/21/2026 12:56:14 PM,SW26005469,"1XXX  Market Dr, STILLWATER",ALARM-BUSINESS/RES/FIRE/MEDICAL/ETC
STILLWATER POLICE DEPARTMENT,STILLWATER,6/21/2026 1:47:02 PM,SW26005471,"XXX 2nd St N, STILLWATER",SUICIDE ATTEMPT/THREATS OF
STILLWATER POLICE DEPARTMENT,STILLWATER,6/21/2026 2:46:10 PM,SW26005473,"XXX Water St S, STILLWATER",DISTURBANCE
STILLWATER POLICE DEPARTMENT,STILLWATER,6/21/2026 3:16:46 PM,SW26005474,"2XXX  Brewers Ln, STILLWATER",DISTURBANCE
STILLWATER POLICE DEPARTMENT,STILLWATER,6/21/2026 3:34:48 PM,SW26005475,"1XXX  Atwood Ln, STILLWATER",911 ABANDONED/HANGUP/OPEN LINE
STILLWATER POLICE DEPARTMENT,STILLWATER,6/21/2026 5:16:02 PM,SW26005476,"XXX Nelson St, STILLWATER",MEDICAL
STILLWATER POLICE DEPARTMENT,STILLWATER,6/21/2026 6:10:25 PM,SW26005477," 0 ADDRESS UNKNOWN   , STILLWATER",SUSPICIOUS PERSON/ACTIVITY
STILLWATER POLICE DEPARTMENT,STILLWATER,6/21/2026 7:05:49 PM,SW26005479,"XXX Sherburne St N, STILLWATER",DISTURBANCE
STILLWATER POLICE DEPARTMENT,STILLWATER,6/21/2026 7:15:37 PM,SW26005480,"Unknown, STILLWATER",CIVIL MATTER/DISPUTE
STILLWATER POLICE DEPARTMENT,STILLWATER,6/21/2026 8:21:27 PM,SW26005481,"XXX 2nd St N, STILLWATER",ALARM-BUSINESS/RES/FIRE/MEDICAL/ETC
STILLWATER POLICE DEPARTMENT,STILLWATER,6/21/2026 8:28:40 PM,SW26005482,"XXX Boutwell Rd N, STILLWATER",SUSPICIOUS PERSON/ACTIVITY
STILLWATER POLICE DEPARTMENT,STILLWATER,6/21/2026 9:22:59 PM,SW26005483,"Mckusick Rd / Laurel St W, STILLWATER",ANIMAL COMPLAINT
STILLWATER POLICE DEPARTMENT,STILLWATER,6/22/2026 7:30:00 AM,SW26005523,"XXX WATER ST N, STILLWATER",FOUND PROPERTY/ITEM
STILLWATER POLICE DEPARTMENT,STILLWATER,6/22/2026 9:27:46 AM,SW26005484,"13XXX  Mckusick Rd N, STILLWATER",CIVIL MATTER/DISPUTE
STILLWATER POLICE DEPARTMENT,STILLWATER,6/22/2026 9:53:07 AM,SW26005485,"XXX Hazel St E, STILLWATER",ANIMAL COMPLAINT
STILLWATER POLICE DEPARTMENT,STILLWATER,6/22/2026 10:19:42 AM,SW26005486,"XXX Laurel St W, STILLWATER",ACCIDENT
STILLWATER POLICE DEPARTMENT,STILLWATER,6/22/2026 11:00:09 AM,SW26005487,"XXX 6th Ave S, STILLWATER",ALARM-BUSINESS/RES/FIRE/MEDICAL/ETC
STILLWATER POLICE DEPARTMENT,STILLWATER,6/22/2026 11:07:13 AM,SW26005488,"1XXX  Curve Crest Blvd, STILLWATER",TRESPASSING
STILLWATER POLICE DEPARTMENT,STILLWATER,6/22/2026 11:50:36 AM,SW26005490,"XXX Stillwater Blvd N, STILLWATER",DEATH
STILLWATER POLICE DEPARTMENT,STILLWATER,6/22/2026 12:08:12 PM,SW26005493,"1XXX  Westridge Cir, STILLWATER",DISTURBANCE
STILLWATER POLICE DEPARTMENT,STILLWATER,6/22/2026 12:25:21 PM,SW26005494,"XXX 4th St N, STILLWATER",CITIZEN/PUBLIC ASSIST
STILLWATER POLICE DEPARTMENT,STILLWATER,6/22/2026 12:48:41 PM,SW26005495,"2XXX  Orleans St W, STILLWATER",MEDICAL
STILLWATER POLICE DEPARTMENT,STILLWATER,6/22/2026 3:40:52 PM,SW26005499,"1XXX  Greeley St S, STILLWATER",WELFARE CHECK
STILLWATER POLICE DEPARTMENT,STILLWATER,6/22/2026 4:36:11 PM,SW26005500,"XXX Chestnut St E, STILLWATER",UNWANTED PERSON/VEHICLE
STILLWATER POLICE DEPARTMENT,STILLWATER,6/22/2026 5:42:28 PM,SW26005501,"Unknown, STILLWATER",ASSIST OTHER AGENCY
STILLWATER POLICE DEPARTMENT,STILLWATER,6/22/2026 7:26:30 PM,SW26005502,"XXX 4th St N, STILLWATER",CIVIL MATTER/DISPUTE
STILLWATER POLICE DEPARTMENT,STILLWATER,6/22/2026 7:36:19 PM,SW26005503,"XXX Willard St W, STILLWATER",PARKING COMPLAINT
STILLWATER POLICE DEPARTMENT,STILLWATER,6/22/2026 7:47:28 PM,SW26005504,"Unknown, STILLWATER",CIVIL MATTER/DISPUTE
STILLWATER POLICE DEPARTMENT,STILLWATER,6/22/2026 10:40:51 PM,SW26005508,"1XXX  Market Dr, STILLWATER",CITIZEN/PUBLIC ASSIST
STILLWATER POLICE DEPARTMENT,STILLWATER,6/22/2026 11:00:26 PM,SW26005509,"1XXX  Owens St N, STILLWATER",MEDICAL
STILLWATER POLICE DEPARTMENT,STILLWATER,6/22/2026 11:23:45 PM,SW26005510,"XXX 2nd St N, STILLWATER",CIVIL MATTER/DISPUTE
STILLWATER POLICE DEPARTMENT,STILLWATER,6/22/2026 11:55:09 PM,SW26005511,"XXX Main St S, STILLWATER",UNWANTED PERSON/VEHICLE
STILLWATER POLICE DEPARTMENT,STILLWATER,6/23/2026 1:01:05 AM,SW26005513,"Unknown, STILLWATER",CIVIL MATTER/DISPUTE
STILLWATER POLICE DEPARTMENT,STILLWATER,6/23/2026 8:43:48 AM,SW26005516,"1XXX  Greeley St S, STILLWATER",UNWANTED PERSON/VEHICLE
STILLWATER POLICE DEPARTMENT,STILLWATER,6/23/2026 9:21:53 AM,SW26005517,"Greeley St S / Churchill St W, STILLWATER",CITIZEN/PUBLIC ASSIST
STILLWATER POLICE DEPARTMENT,STILLWATER,6/23/2026 11:52:52 AM,SW26005519,"XXX Nelson St, STILLWATER",911 ABANDONED/HANGUP/OPEN LINE
STILLWATER POLICE DEPARTMENT,STILLWATER,6/23/2026 12:43:30 PM,SW26005520,"1XXX  Myrtle St W, STILLWATER",ANIMAL COMPLAINT
STILLWATER POLICE DEPARTMENT,STILLWATER,6/23/2026 1:24:43 PM,SW26005522,"15XXX  60th St N, STILLWATER",CIVIL MATTER/DISPUTE
STILLWATER POLICE DEPARTMENT,STILLWATER,6/23/2026 2:59:26 PM,SW26005524,"75TH ST N / EAGLE RIDGE TRL, STILLWATER",ROAD HAZARD
STILLWATER POLICE DEPARTMENT,STILLWATER,6/23/2026 3:07:01 PM,SW26005525,"2XXX  Orleans St W, STILLWATER",FOUND PROPERTY/ITEM
STILLWATER POLICE DEPARTMENT,STILLWATER,6/23/2026 3:13:54 PM,SW26005527,"1XXX  2nd St N, STILLWATER",ANIMAL COMPLAINT
STILLWATER POLICE DEPARTMENT,STILLWATER,6/23/2026 3:22:36 PM,SW26005526,"Main St S / Nelson St, STILLWATER",MEDICAL
STILLWATER POLICE DEPARTMENT,STILLWATER,6/23/2026 5:27:44 PM,SW26005529,"Manning Ave N / 62nd St N, STILLWATER",ASSIST OTHER AGENCY
STILLWATER POLICE DEPARTMENT,STILLWATER,6/23/2026 5:46:42 PM,SW26005530,"XXX 4TH ST S, STILLWATER",PUBLIC WORKS CONCERN
STILLWATER POLICE DEPARTMENT,STILLWATER,6/23/2026 6:34:08 PM,SW26005532,"XXX Greeley St S, STILLWATER",CIVIL MATTER/DISPUTE
STILLWATER POLICE DEPARTMENT,STILLWATER,6/23/2026 6:35:02 PM,SW26005533,"1XXX  MARKET DR, STILLWATER",MEDICAL
STILLWATER POLICE DEPARTMENT,STILLWATER,6/23/2026 7:08:17 PM,SW26005534,"XXX 2ND ST N, STILLWATER",CITIZEN/PUBLIC ASSIST
STILLWATER POLICE DEPARTMENT,STILLWATER,6/23/2026 8:03:00 PM,SW26005536,"XXX - 522 MAPLE ST W, STILLWATER",TRAFFIC STOP
STILLWATER POLICE DEPARTMENT,STILLWATER,6/23/2026 8:35:39 PM,SW26005537,"XXX Hidden Valley Ct, STILLWATER",MEDICAL
STILLWATER POLICE DEPARTMENT,STILLWATER,6/23/2026 9:31:54 PM,SW26005539,"Unknown, STILLWATER",CITIZEN/PUBLIC ASSIST
STILLWATER POLICE DEPARTMENT,STILLWATER,6/23/2026 10:14:03 PM,SW26005540,"ORLEANS ST W & HIGHLAND RD, STILLWATER",FLEEING
STILLWATER POLICE DEPARTMENT,STILLWATER,6/24/2026 12:26:12 AM,SW26005542,"1XXX  Washington Ave, STILLWATER",911 ABANDONED/HANGUP/OPEN LINE
STILLWATER POLICE DEPARTMENT,STILLWATER,6/24/2026 1:10:32 AM,SW26005545,"1XXX  4th St N, STILLWATER",ALARM-BUSINESS/RES/FIRE/MEDICAL/ETC
STILLWATER POLICE DEPARTMENT,STILLWATER,6/24/2026 7:49:13 AM,SW26005547,"XXX Greeley St S, STILLWATER",911 ABANDONED/HANGUP/OPEN LINE
STILLWATER POLICE DEPARTMENT,STILLWATER,6/24/2026 8:06:20 AM,SW26005548,"Orleans St W/Cottage DR, STILLWATER",ACCIDENT
STILLWATER POLICE DEPARTMENT,STILLWATER,6/24/2026 8:07:28 AM,SW26005549,"3XXX  Abercrombie Ln, STILLWATER",VEHICLE UNLOCK
STILLWATER POLICE DEPARTMENT,STILLWATER,6/24/2026 10:21:08 AM,SW26005551,"XXX 4TH ST N, STILLWATER",SQUAD DAMAGE
STILLWATER POLICE DEPARTMENT,STILLWATER,6/24/2026 2:07:49 PM,SW26005553,"8XXX  Neal Ave N, STILLWATER",911 ABANDONED/HANGUP/OPEN LINE
STILLWATER POLICE DEPARTMENT,STILLWATER,6/24/2026 2:27:59 PM,SW26005554,"1XXX  Mckusick Rd, STILLWATER",ACCIDENT
STILLWATER POLICE DEPARTMENT,STILLWATER,6/24/2026 3:48:31 PM,SW26005555,"1XXX  Bergmann Dr, STILLWATER",911 ABANDONED/HANGUP/OPEN LINE
STILLWATER POLICE DEPARTMENT,STILLWATER,6/24/2026 3:49:56 PM,SW26005556,"XXX Greeley St S, STILLWATER",DRUGS
STILLWATER POLICE DEPARTMENT,STILLWATER,6/24/2026 4:00:14 PM,SW26005557,"2XXX  Market Dr, STILLWATER",THEFT
STILLWATER POLICE DEPARTMENT,STILLWATER,6/24/2026 4:02:33 PM,SW26005558,"Hwy 95 At Hwy 96, STILLWATER",ROAD HAZARD
STILLWATER POLICE DEPARTMENT,STILLWATER,6/24/2026 4:28:20 PM,SW26005561,"XXX 2nd St S, STILLWATER",SUSPICIOUS PERSON/ACTIVITY
STILLWATER POLICE DEPARTMENT,STILLWATER,6/24/2026 6:27:57 PM,SW26005563,"1XXX  Oak Glen Dr, STILLWATER",ANIMAL COMPLAINT
STILLWATER POLICE DEPARTMENT,STILLWATER,6/24/2026 7:52:00 PM,SW26005568,"1XXX  6th St S, STILLWATER",CIVIL MATTER/DISPUTE
STILLWATER POLICE DEPARTMENT,STILLWATER,6/24/2026 7:53:46 PM,SW26005566,"XXX WILLARD ST W, STILLWATER",FOLLOW UP
STILLWATER POLICE DEPARTMENT,STILLWATER,6/24/2026 8:51:44 PM,SW26005569,"1XXX  Holcombe St S, STILLWATER",ALARM-BUSINESS/RES/FIRE/MEDICAL/ETC
STILLWATER POLICE DEPARTMENT,STILLWATER,6/24/2026 9:01:32 PM,SW26005570,"1XXX  3RD ST S, STILLWATER",NOISE COMPLAINT/DISTURBANCE
STILLWATER POLICE DEPARTMENT,STILLWATER,6/24/2026 10:08:25 PM,SW26005572,"XX Stillwater Lift Bridge (pedestrian) - Mn, STILLWATER",JUVENILE COMPLAINT
STILLWATER POLICE DEPARTMENT,STILLWATER,6/24/2026 11:20:00 PM,sw26005574,"stillwater blvd/curve crest, STILLWATER",TRAFFIC STOP
STILLWATER POLICE DEPARTMENT,STILLWATER,6/25/2026 12:00:00 AM,SW26005588,"Boutwell Rd / Neal Ave N, STILLWATER",TRAFFIC STOP
STILLWATER POLICE DEPARTMENT,STILLWATER,6/25/2026 12:00:00 AM,SW26005603,"XXX BLOCK 2ND ST N, STILLWATER",WARRANT ARREST
STILLWATER POLICE DEPARTMENT,STILLWATER,6/25/2026 12:40:10 AM,SW26005576,"Brick St S / Pine St W, STILLWATER",DISTURBANCE
STILLWATER POLICE DEPARTMENT,STILLWATER,6/25/2026 1:49:00 AM,SW26005578,"XXX MYRTLE ST W, STILLWATER",TRAFFIC STOP
STILLWATER POLICE DEPARTMENT,STILLWATER,6/25/2026 1:57:00 AM,SW26005579,"2XXX  - 2399 FAIRY FALLS RD N, STILLWATER",DWI
STILLWATER POLICE DEPARTMENT,STILLWATER,6/25/2026 4:19:00 AM,SW26005580,"MARKET DR, STILLWATER",TRAFFIC STOP
STILLWATER POLICE DEPARTMENT,STILLWATER,6/25/2026 4:24:18 AM,SW26005581,"2XXX  WHITE PINE WAY, STILLWATER",911 ABANDONED/HANGUP/OPEN LINE
STILLWATER POLICE DEPARTMENT,STILLWATER,6/25/2026 7:14:04 AM,SW26005582,"XXX 3rd St S, STILLWATER",LIFT ASSIST
STILLWATER POLICE DEPARTMENT,STILLWATER,6/25/2026 7:33:07 AM,SW26005583,"65TH ST N / 4TH AVE S, STILLWATER",TRAFFIC STOP
STILLWATER POLICE DEPARTMENT,STILLWATER,6/25/2026 8:02:45 AM,SW26005585,"Unknown, STILLWATER",OFFICER INFORMATION
STILLWATER POLICE DEPARTMENT,STILLWATER,6/25/2026 11:30:05 AM,SW26005590,"XXX 2ND ST N, STILLWATER",DISTURBANCE
STILLWATER POLICE DEPARTMENT,STILLWATER,6/25/2026 11:33:51 AM,SW26005589,"1XXX  3rd Ave S, STILLWATER",WELFARE CHECK
STILLWATER POLICE DEPARTMENT,STILLWATER,6/25/2026 11:56:10 AM,SW26005591,"1XXX  OWENS ST N, STILLWATER",911 ABANDONED/HANGUP/OPEN LINE
STILLWATER POLICE DEPARTMENT,STILLWATER,6/25/2026 1:10:29 PM,SW26005593,"XXX Greeley St S, STILLWATER",MEDICAL
STILLWATER POLICE DEPARTMENT,STILLWATER,6/25/2026 1:34:56 PM,SW26005594,"2XXX  Curve Crest Blvd, STILLWATER",DWI
STILLWATER POLICE DEPARTMENT,STILLWATER,6/25/2026 2:21:58 PM,SW26005595,"Owens St S / Olive St W, STILLWATER",ANIMAL COMPLAINT
STILLWATER POLICE DEPARTMENT,STILLWATER,6/25/2026 2:22:28 PM,SW26005596,"2XXX  Oak Glen Dr, STILLWATER",ANIMAL COMPLAINT
STILLWATER POLICE DEPARTMENT,STILLWATER,6/25/2026 3:02:46 PM,SW26005597,"XXX Churchill St W, STILLWATER",ALARM-BUSINESS/RES/FIRE/MEDICAL/ETC
STILLWATER POLICE DEPARTMENT,STILLWATER,6/25/2026 5:48:28 PM,SW26005598,"1XXX  MEADOWVIEW DR, STILLWATER",MEDICAL
STILLWATER POLICE DEPARTMENT,STILLWATER,6/25/2026 5:53:00 PM,SW26005599,"XXX Chestnut St E, STILLWATER",911 ABANDONED/HANGUP/OPEN LINE
STILLWATER POLICE DEPARTMENT,STILLWATER,6/25/2026 6:28:33 PM,SW26005601,"XXX MAPLE ST W, STILLWATER",ANIMAL COMPLAINT
STILLWATER POLICE DEPARTMENT,STILLWATER,6/25/2026 7:00:50 PM,SW26005602,"Main St S / Olive St E, STILLWATER",Driving After Cancellation?Inimical to Public Safety
STILLWATER POLICE DEPARTMENT,STILLWATER,6/25/2026 7:43:31 PM,SW26005604,"Hancock St W / Everett St S, STILLWATER",PARKING COMPLAINT
STILLWATER POLICE DEPARTMENT,STILLWATER,6/25/2026 7:52:53 PM,SW26005605,"XXX Greeley St S, STILLWATER",MEDICAL
STILLWATER POLICE DEPARTMENT,STILLWATER,6/25/2026 7:59:35 PM,SW26005606,"1XXX  Mckusick Road Ct N, STILLWATER",FIREWORKS
STILLWATER POLICE DEPARTMENT,STILLWATER,6/25/2026 9:51:59 PM,SW26005608,"XXX Water St S, STILLWATER",MISSING PERSON
STILLWATER POLICE DEPARTMENT,STILLWATER,6/25/2026 10:25:44 PM,SW26005610,"15XXX  62nd St N, STILLWATER",SUSPICIOUS PERSON/ACTIVITY
STILLWATER POLICE DEPARTMENT,STILLWATER,6/25/2026 11:03:38 PM,SW26005611,"1XXX  ORLEANS ST W, STILLWATER",SUSPICIOUS PERSON/ACTIVITY
STILLWATER POLICE DEPARTMENT,STILLWATER,6/26/2026 12:00:00 AM,SW26005635,"Saint Croix River Jno Lift Bridge-sw, STILLWATER",WARRANT ARREST
STILLWATER POLICE DEPARTMENT,STILLWATER,6/26/2026 12:31:37 AM,SW26005615,"Unknown, STILLWATER",CITIZEN/PUBLIC ASSIST
STILLWATER POLICE DEPARTMENT,STILLWATER,6/26/2026 2:15:28 AM,SW26005618,"2XXX  CROIXWOOD BLVD, STILLWATER",ASSIST OTHER AGENCY
STILLWATER POLICE DEPARTMENT,STILLWATER,6/26/2026 6:42:18 AM,SW26005622,"2XXX  Frontage Rd W, STILLWATER",ALARM-BUSINESS/RES/FIRE/MEDICAL/ETC
STILLWATER POLICE DEPARTMENT,STILLWATER,6/26/2026 7:24:52 AM,SW26005623,"1XXX  Frontage Rd W, STILLWATER",DISTURBANCE
STILLWATER POLICE DEPARTMENT,STILLWATER,6/26/2026 7:35:31 AM,SW26005624,"XXX Water St S, STILLWATER",FOLLOW UP
STILLWATER POLICE DEPARTMENT,STILLWATER,6/26/2026 8:54:00 AM,SW26005625,"1XXX  Curve Crest Blvd W, STILLWATER",ANIMAL COMPLAINT
STILLWATER POLICE DEPARTMENT,STILLWATER,6/26/2026 9:44:15 AM,SW26005626,"Everett St S / Anderson St W, STILLWATER",PARKING COMPLAINT
STILLWATER POLICE DEPARTMENT,STILLWATER,6/26/2026 10:06:51 AM,SW26005627,"2XXX  Market Dr, STILLWATER",MEDICAL
STILLWATER POLICE DEPARTMENT,STILLWATER,6/26/2026 10:58:41 AM,SW26005628,"XXX 5th St S, STILLWATER",WELFARE CHECK
STILLWATER POLICE DEPARTMENT,STILLWATER,6/26/2026 12:13:21 PM,SW26005630,"XXX Linden St W, STILLWATER",CITIZEN/PUBLIC ASSIST
STILLWATER POLICE DEPARTMENT,STILLWATER,6/26/2026 12:41:32 PM,SW26005632,"12XXX  62nd St N, STILLWATER",911 ABANDONED/HANGUP/OPEN LINE
STILLWATER POLICE DEPARTMENT,STILLWATER,6/26/2026 2:58:01 PM,SW26005636,"Everett St S / Anderson St W, STILLWATER",PARKING COMPLAINT
STILLWATER POLICE DEPARTMENT,STILLWATER,6/26/2026 3:07:55 PM,SW26005637,"Washington Ave / Frontage Rd W, STILLWATER",ACCIDENT
STILLWATER POLICE DEPARTMENT,STILLWATER,6/26/2026 3:32:23 PM,SW26005639,"XXX Main St S, STILLWATER",NOISE COMPLAINT/DISTURBANCE
STILLWATER POLICE DEPARTMENT,STILLWATER,6/26/2026 3:48:51 PM,SW26005640,"1XXX  Frontage Rd W, STILLWATER",THEFT
STILLWATER POLICE DEPARTMENT,STILLWATER,6/26/2026 4:13:01 PM,SW26005642,"XXX 2nd St N, STILLWATER",MEDICAL
STILLWATER POLICE DEPARTMENT,STILLWATER,6/26/2026 4:52:46 PM,SW26005643,"XXX Deer Path Ct, STILLWATER",MEDICAL
STILLWATER POLICE DEPARTMENT,STILLWATER,6/26/2026 5:43:55 PM,SW26005644,"2XXX  Hidden Valley Ln, STILLWATER",MEDICAL
STILLWATER POLICE DEPARTMENT,STILLWATER,6/26/2026 6:01:55 PM,SW26005645,"EVERETT ST S / HANCOCK ST W, STILLWATER",PARKING COMPLAINT
STILLWATER POLICE DEPARTMENT,STILLWATER,6/26/2026 8:19:15 PM,SW26005647,"Brown's Creek Trail Mile 2, STILLWATER",ANIMAL COMPLAINT
STILLWATER POLICE DEPARTMENT,STILLWATER,6/26/2026 8:31:07 PM,SW26005648,"2XXX  Orwell Ct N, STILLWATER",CIVIL MATTER/DISPUTE
STILLWATER POLICE DEPARTMENT,STILLWATER,6/26/2026 8:43:31 PM,SW26005649,"Myrtle St E / Sam Bloomer Way, STILLWATER",SUSPICIOUS PERSON/ACTIVITY
STILLWATER POLICE DEPARTMENT,STILLWATER,6/26/2026 8:45:18 PM,SW26005650,"1XXX  FRONTAGE RD W, STILLWATER",ALARM-BUSINESS/RES/FIRE/MEDICAL/ETC
STILLWATER POLICE DEPARTMENT,STILLWATER,6/26/2026 10:30:46 PM,SW26005654,"XXX Main St N, STILLWATER",DISTURBANCE
STILLWATER POLICE DEPARTMENT,STILLWATER,6/26/2026 10:51:49 PM,SW26005655,"XXX MAIN ST S, STILLWATER",FIGHT
STILLWATER POLICE DEPARTMENT,STILLWATER,6/27/2026 2:23:32 AM,SW26005660,"XXX - 129 2ND ST S, STILLWATER",TRAFFIC STOP
STILLWATER POLICE DEPARTMENT,STILLWATER,6/27/2026 6:49:10 AM,SW26005662,"1XXX  Washington Ave, STILLWATER",PARKING COMPLAINT
STILLWATER POLICE DEPARTMENT,STILLWATER,6/27/2026 8:04:05 AM,SW26005663,"XXX Mulberry St E, STILLWATER",FOLLOW UP
STILLWATER POLICE DEPARTMENT,STILLWATER,6/27/2026 8:55:21 AM,SW26005664,"1XXX  Washington Ave, STILLWATER",PARKING COMPLAINT
STILLWATER POLICE DEPARTMENT,STILLWATER,6/27/2026 10:36:02 AM,SW26005666,"Unknown, STILLWATER",HARASSMENT
STILLWATER POLICE DEPARTMENT,STILLWATER,6/27/2026 12:13:08 PM,SW26005668,"Hwy 36 Eb At Oakgreen Ave N, STILLWATER",ANIMAL COMPLAINT
STILLWATER POLICE DEPARTMENT,STILLWATER,6/27/2026 2:10:08 PM,SW26005670,"XXX 2nd St N, STILLWATER",ANIMAL COMPLAINT
STILLWATER POLICE DEPARTMENT,STILLWATER,6/27/2026 2:31:13 PM,SW26005671,"1XXX  COTTAGE DR, STILLWATER",PARKING VIOLATION
STILLWATER POLICE DEPARTMENT,STILLWATER,6/27/2026 4:39:34 PM,SW26005676,"XXX Water St S, STILLWATER",ANIMAL COMPLAINT
STILLWATER POLICE DEPARTMENT,STILLWATER,6/27/2026 5:52:43 PM,SW26005680,"3XXX  White Pine Way, STILLWATER",PARKING COMPLAINT
STILLWATER POLICE DEPARTMENT,STILLWATER,6/27/2026 6:03:13 PM,SW26005681,"XXX 3rd St N, STILLWATER",FOUND PROPERTY/ITEM
STILLWATER POLICE DEPARTMENT,STILLWATER,6/27/2026 6:36:59 PM,SW26005682,"XXX Churchill St W, STILLWATER",911 ABANDONED/HANGUP/OPEN LINE
STILLWATER POLICE DEPARTMENT,STILLWATER,6/27/2026 7:29:44 PM,SW26005684,"XXX Greeley St S, STILLWATER",MEDICAL
STILLWATER POLICE DEPARTMENT,STILLWATER,6/27/2026 8:20:25 PM,SW26005686,"XXX William St N, STILLWATER",CIVIL MATTER/DISPUTE
STILLWATER POLICE DEPARTMENT,STILLWATER,6/27/2026 8:28:19 PM,SW26005687,"XXX Water St S, STILLWATER",MEDICAL
STILLWATER POLICE DEPARTMENT,STILLWATER,6/27/2026 9:04:04 PM,SW26005690,"1XXX  1st St S, STILLWATER",FIRE
STILLWATER POLICE DEPARTMENT,STILLWATER TOWNSHIP,6/25/2026 8:08:29 PM,SW26005607,"HWY 36 EB JEO MANNING AVE N, STILLWATER TOWNSHIP",DRIVING COMPLAINT
WASHINGTON COUNTY SHERIFFS OFFICE,AFTON,6/21/2026 11:04:51 AM,WC26030362,"16XXX  Putnam Blvd S, AFTON",ATV/OHV COMPLAINT
WASHINGTON COUNTY SHERIFFS OFFICE,AFTON,6/21/2026 12:38:09 PM,WC26030374,"SAINT CROIX RIVER-A, AFTON",BOAT STOP
WASHINGTON COUNTY SHERIFFS OFFICE,AFTON,6/21/2026 4:32:31 PM,WC26030398,"50XXX -BLK SAINT CROIX TRL S, AFTON",ANIMAL COMPLAINT
WASHINGTON COUNTY SHERIFFS OFFICE,AFTON,6/21/2026 4:50:00 PM,WC26030401,"5XXX  - 5999 MANNING AVE S, AFTON",TRAFFIC STOP
WASHINGTON COUNTY SHERIFFS OFFICE,AFTON,6/21/2026 10:35:07 PM,WC26030467,"XX I94 WB JEO NEAL AVE N, AFTON",ASSIST OTHER AGENCY
WASHINGTON COUNTY SHERIFFS OFFICE,AFTON,6/22/2026 9:35:05 AM,WC26030537,"13XXX  30th St S, AFTON",ALARM-BUSINESS/RES/FIRE/MEDICAL/ETC
WASHINGTON COUNTY SHERIFFS OFFICE,AFTON,6/22/2026 3:47:13 PM,WC26030611,"15XXX  11th St S, AFTON",ALARM-BUSINESS/RES/FIRE/MEDICAL/ETC
WASHINGTON COUNTY SHERIFFS OFFICE,AFTON,6/22/2026 6:41:35 PM,WC26030637,"15th St S / Neal Ave S, AFTON",ATV/OHV COMPLAINT
WASHINGTON COUNTY SHERIFFS OFFICE,AFTON,6/23/2026 1:24:57 PM,WC26030820,"15XXX  15th St S, AFTON",MEDICAL
WASHINGTON COUNTY SHERIFFS OFFICE,AFTON,6/24/2026 4:49:44 AM,WC26030911,"14XXX  Afton Blvd S, AFTON",ANIMAL COMPLAINT
WASHINGTON COUNTY SHERIFFS OFFICE,AFTON,6/24/2026 3:05:38 PM,WC26031004,"16XXX  Swede Hill Dr S, AFTON",CITIZEN/PUBLIC ASSIST
WASHINGTON COUNTY SHERIFFS OFFICE,AFTON,6/24/2026 9:25:42 PM,WC26031074,"3XXX  Nybeck Ave S, AFTON",ANIMAL COMPLAINT
WASHINGTON COUNTY SHERIFFS OFFICE,AFTON,6/25/2026 11:42:06 AM,WC26031174,"13XXX  30th St S, AFTON",DRIVING COMPLAINT
WASHINGTON COUNTY SHERIFFS OFFICE,AFTON,6/25/2026 8:10:16 PM,WC26031270,"14XXX  Afton Boulevard Ct S, AFTON",ANIMAL COMPLAINT
WASHINGTON COUNTY SHERIFFS OFFICE,AFTON,6/25/2026 8:44:08 PM,WC26031272,"42nd St S / Trading Post Trl S, AFTON",TRAFFIC COMPLAINT
WASHINGTON COUNTY SHERIFFS OFFICE,AFTON,6/26/2026 2:06:21 PM,WC26031427,"Saint Croix Trl S / Stagecoach Trl S, AFTON",ANIMAL COMPLAINT
WASHINGTON COUNTY SHERIFFS OFFICE,AFTON,6/26/2026 2:53:11 PM,WC26031432,"15XXX  - 15899 AFTON BLVD S, AFTON",DIRECTED PATROL
WASHINGTON COUNTY SHERIFFS OFFICE,AFTON,6/26/2026 4:56:00 PM,WC26031457,"1XXX  - 2099 STAGECOACH TRL S, AFTON",TRAFFIC STOP
WASHINGTON COUNTY SHERIFFS OFFICE,AFTON,6/26/2026 5:14:07 PM,WC26031462,"14XXX  Hudson Rd S, AFTON",911 ABANDONED/HANGUP/OPEN LINE
WASHINGTON COUNTY SHERIFFS OFFICE,AFTON,6/26/2026 5:36:50 PM,WC26031466,"16XXX  Putnam Blvd S, AFTON",TRAFFIC COMPLAINT
WASHINGTON COUNTY SHERIFFS OFFICE,AFTON,6/27/2026 4:21:56 PM,WC26031597,"Saint Croix Trl S / 33rd St S, AFTON",ACCIDENT
WASHINGTON COUNTY SHERIFFS OFFICE,AFTON,6/27/2026 7:11:37 PM,WC26031618,"1XXX  Manning Ave S, AFTON",911 ABANDONED/HANGUP/OPEN LINE
WASHINGTON COUNTY SHERIFFS OFFICE,BAYTOWN TOWNSHIP,6/21/2026 6:44:55 PM,WC26030424,"3XXX  Oakgreen Ave N, BAYTOWN TOWNSHIP",MEDICAL
WASHINGTON COUNTY SHERIFFS OFFICE,BAYTOWN TOWNSHIP,6/21/2026 9:35:37 PM,WC26030461,"13XXX  40th St N, BAYTOWN TOWNSHIP",TRAFFIC COMPLAINT
WASHINGTON COUNTY SHERIFFS OFFICE,BAYTOWN TOWNSHIP,6/22/2026 8:59:53 PM,WC26030659,"4XXX  Morning Dove Ct N, BAYTOWN TOWNSHIP",ATV/OHV COMPLAINT
WASHINGTON COUNTY SHERIFFS OFFICE,BAYTOWN TOWNSHIP,6/23/2026 12:43:41 PM,WC26030807,"30th St N / Omaha Ave N, BAYTOWN TOWNSHIP",SUSPICIOUS PERSON/ACTIVITY
WASHINGTON COUNTY SHERIFFS OFFICE,BAYTOWN TOWNSHIP,6/24/2026 8:47:23 AM,WC26030928,"3XXX  PETE MILLER AVE N, BAYTOWN TOWNSHIP",DIRECTED PATROL
WASHINGTON COUNTY SHERIFFS OFFICE,BAYTOWN TOWNSHIP,6/24/2026 1:30:42 PM,WC26030987,"13XXX  53RD STREET PL N, BAYTOWN TOWNSHIP",FIRE
WASHINGTON COUNTY SHERIFFS OFFICE,BAYTOWN TOWNSHIP,6/24/2026 7:00:00 PM,WC26031054,"4XXX  - 4369 STILLWATER BLVD N, BAYTOWN TOWNSHIP",TRAFFIC STOP
WASHINGTON COUNTY SHERIFFS OFFICE,BAYTOWN TOWNSHIP,6/25/2026 8:50:57 AM,WC26031146,"Stagecoach Trl N / 30th St N, BAYTOWN TOWNSHIP",ACCIDENT
WASHINGTON COUNTY SHERIFFS OFFICE,BAYTOWN TOWNSHIP,6/25/2026 3:15:38 PM,WC26031206,"4XXX  Ogden Trail Ln N, BAYTOWN TOWNSHIP",THEFT
WASHINGTON COUNTY SHERIFFS OFFICE,BIRCHWOOD,6/24/2026 1:39:40 PM,WC26030989,"XXX Wildwood Ave, BIRCHWOOD",911 ABANDONED/HANGUP/OPEN LINE
WASHINGTON COUNTY SHERIFFS OFFICE,BIRCHWOOD,6/25/2026 10:55:36 AM,WC26031169,"XX Birchwood Ave, BIRCHWOOD",THEFT FROM MOTOR VEHICLE
WASHINGTON COUNTY SHERIFFS OFFICE,BIRCHWOOD,6/26/2026 7:42:39 AM,WC26031353,"XXX Lake Ave, BIRCHWOOD",ALARM-BUSINESS/RES/FIRE/MEDICAL/ETC
WASHINGTON COUNTY SHERIFFS OFFICE,BIRCHWOOD,6/26/2026 11:37:44 PM,WC26031518,"XX Oakhill Ct, BIRCHWOOD",NOISE COMPLAINT/DISTURBANCE
WASHINGTON COUNTY SHERIFFS OFFICE,BIRCHWOOD,6/27/2026 11:35:06 PM,WC26031656,"Wildwood Ave / East County Line Rd N, BIRCHWOOD",ASSIST OTHER AGENCY
WASHINGTON COUNTY SHERIFFS OFFICE,COTTAGE GROVE,6/21/2026 11:48:00 AM,WC26030367,"COTTAGE GROVE RAVINE PARK ENTRANCE RD, COTTAGE GROVE",PARKING VIOLATION
WASHINGTON COUNTY SHERIFFS OFFICE,COTTAGE GROVE,6/21/2026 12:11:00 PM,WC26030371,"COTTAGE GROVE RAVINE PARK ENTRANCE RD, COTTAGE GROVE",PARKING VIOLATION
WASHINGTON COUNTY SHERIFFS OFFICE,COTTAGE GROVE,6/21/2026 12:24:00 PM,WC26030372,"COTTAGE GROVE RAVINE PARK ENTRANCE RD, COTTAGE GROVE",PARKING VIOLATION
WASHINGTON COUNTY SHERIFFS OFFICE,COTTAGE GROVE,6/24/2026 1:52:02 AM,WC26030899,"110th St S / Hemingway Ave S, COTTAGE GROVE",ASSIST OTHER AGENCY
WASHINGTON COUNTY SHERIFFS OFFICE,COTTAGE GROVE,6/24/2026 11:04:00 AM,WC26030961,"11XXX  70TH ST S, COTTAGE GROVE",TRAFFIC STOP
WASHINGTON COUNTY SHERIFFS OFFICE,COTTAGE GROVE,6/24/2026 5:27:00 PM,WC26031034,"COTTAGE GROVE RAVINE PARK ENTRANCE RD, COTTAGE GROVE",PARKING VIOLATION
WASHINGTON COUNTY SHERIFFS OFFICE,COTTAGE GROVE,6/25/2026 6:11:00 PM,WC26031248,"COTTAGE GROVE RAVINE PARK ENTRANCE RD, COTTAGE GROVE",PARKING VIOLATION
WASHINGTON COUNTY SHERIFFS OFFICE,COTTAGE GROVE,6/25/2026 6:25:00 PM,WC26031253,"COTTAGE GROVE RAVINE PARK ENTRANCE RD, COTTAGE GROVE",PARKING VIOLATION
WASHINGTON COUNTY SHERIFFS OFFICE,COTTAGE GROVE,6/25/2026 6:35:00 PM,WC26031258,"COTTAGE GROVE RAVINE PARK ENTRANCE RD, COTTAGE GROVE",PARKING VIOLATION
WASHINGTON COUNTY SHERIFFS OFFICE,COTTAGE GROVE,6/26/2026 3:28:27 AM,WC26031340,"8XXX  Jasmine Ave S, COTTAGE GROVE",ASSIST OTHER AGENCY
WASHINGTON COUNTY SHERIFFS OFFICE,COTTAGE GROVE,6/27/2026 4:14:45 AM,WC26031543,"11XXX  HIGHWAY 61 S, COTTAGE GROVE",ASSIST OTHER AGENCY
WASHINGTON COUNTY SHERIFFS OFFICE,DELLWOOD,6/21/2026 2:28:32 PM,WC26030385,"XX DORAL RD, DELLWOOD",CIVIL MATTER/DISPUTE
WASHINGTON COUNTY SHERIFFS OFFICE,DELLWOOD,6/22/2026 2:03:38 PM,WC26030590,"Dellwood Rd N / Dellwood Ave, DELLWOOD",TRAFFIC COMPLAINT
WASHINGTON COUNTY SHERIFFS OFFICE,DELLWOOD,6/22/2026 4:42:25 PM,WC26030617,"Dellwood Ave / Peninsula Rd, DELLWOOD",FOLLOW UP
WASHINGTON COUNTY SHERIFFS OFFICE,DELLWOOD,6/23/2026 10:20:55 AM,WC26030779,"XX Apple Orchard Rd, DELLWOOD",THEFT FROM MOTOR VEHICLE
WASHINGTON COUNTY SHERIFFS OFFICE,DELLWOOD,6/23/2026 2:29:21 PM,WC26030836,"Unknown, DELLWOOD",BURNING COMPLAINT
WASHINGTON COUNTY SHERIFFS OFFICE,DELLWOOD,6/23/2026 10:42:00 PM,WC26030875,"HWY 244 JNO TAMARACK ST, DELLWOOD",TRAFFIC STOP
WASHINGTON COUNTY SHERIFFS OFFICE,DELLWOOD,6/24/2026 6:05:01 AM,WC26030915,"XX Dellwood Ave, DELLWOOD",ALARM-BUSINESS/RES/FIRE/MEDICAL/ETC
WASHINGTON COUNTY SHERIFFS OFFICE,DELLWOOD,6/24/2026 11:02:55 AM,WC26030958,"XX Dellwood Ave, DELLWOOD",OFFICER INFORMATION
WASHINGTON COUNTY SHERIFFS OFFICE,DELLWOOD,6/26/2026 10:24:38 PM,WC26031498,"DELLWOOD RD N / APPLE ORCHARD RD, DELLWOOD",ROAD HAZARD
WASHINGTON COUNTY SHERIFFS OFFICE,DELLWOOD,6/27/2026 9:00:00 AM,WC26031553,"Dellwood Rd/Dellwood Ave, DELLWOOD",TRAFFIC STOP
WASHINGTON COUNTY SHERIFFS OFFICE,DELLWOOD,6/27/2026 5:54:14 PM,WC26031611,"XXX Dellwood Ave, DELLWOOD",MEDICAL
WASHINGTON COUNTY SHERIFFS OFFICE,DENMARK TOWNSHIP,6/21/2026 2:32:28 AM,WC26030321,"Norell Rd S / Point Douglas Dr S, DENMARK TOWNSHIP",MEDICAL
WASHINGTON COUNTY SHERIFFS OFFICE,DENMARK TOWNSHIP,6/21/2026 9:14:00 AM,WC26030346,"15XXX  - 16000 102ND ST S, DENMARK TOWNSHIP",PARKING VIOLATION
WASHINGTON COUNTY SHERIFFS OFFICE,DENMARK TOWNSHIP,6/21/2026 10:15:00 AM,WC26030353,"15XXX  - 16000 102ND ST S, DENMARK TOWNSHIP",PARKING VIOLATION
WASHINGTON COUNTY SHERIFFS OFFICE,DENMARK TOWNSHIP,6/21/2026 10:44:00 AM,WC26030358,"POINT DOUGLAS PARK ACCESS ROAD, DENMARK TOWNSHIP",PARKING VIOLATION
WASHINGTON COUNTY SHERIFFS OFFICE,DENMARK TOWNSHIP,6/21/2026 10:58:00 AM,WC26030361,"POINT DOUGLAS PARK ACCESS ROAD, DENMARK TOWNSHIP",PARKING VIOLATION
WASHINGTON COUNTY SHERIFFS OFFICE,DENMARK TOWNSHIP,6/21/2026 11:14:00 AM,WC26030363,"POINT DOUGLAS PARK ACCESS ROAD, DENMARK TOWNSHIP",PARKING VIOLATION
WASHINGTON COUNTY SHERIFFS OFFICE,DENMARK TOWNSHIP,6/21/2026 1:21:24 PM,WC26030379,"6XXX  Oakgreen Ave S, DENMARK TOWNSHIP",MEDICAL
WASHINGTON COUNTY SHERIFFS OFFICE,DENMARK TOWNSHIP,6/21/2026 3:22:00 PM,WC26030387,"14XXX  POINT DOUGLAS DR S, DENMARK TOWNSHIP",PARKING VIOLATION
WASHINGTON COUNTY SHERIFFS OFFICE,DENMARK TOWNSHIP,6/21/2026 5:45:00 PM,WC26030415,"15XXX  - 16000 102ND ST S, DENMARK TOWNSHIP",PARKING VIOLATION
WASHINGTON COUNTY SHERIFFS OFFICE,DENMARK TOWNSHIP,6/21/2026 5:58:00 PM,WC26030416,"15XXX  - 15999 102ND ST S, DENMARK TOWNSHIP",PARKING VIOLATION
WASHINGTON COUNTY SHERIFFS OFFICE,DENMARK TOWNSHIP,6/21/2026 6:48:00 PM,WC26030426,"POINT DOUGLAS PARK ACCESS ROAD, DENMARK TOWNSHIP",PARKING VIOLATION
WASHINGTON COUNTY SHERIFFS OFFICE,DENMARK TOWNSHIP,6/21/2026 6:58:00 PM,WC26030428,"POINT DOUGLAS PARK ACCESS ROAD, DENMARK TOWNSHIP",PARKING VIOLATION
WASHINGTON COUNTY SHERIFFS OFFICE,DENMARK TOWNSHIP,6/21/2026 7:05:00 PM,WC26030429,"POINT DOUGLAS PARK ACCESS ROAD, DENMARK TOWNSHIP",PARKING VIOLATION
WASHINGTON COUNTY SHERIFFS OFFICE,DENMARK TOWNSHIP,6/21/2026 7:14:00 PM,WC26030433,"POINT DOUGLAS PARK ACCESS ROAD, DENMARK TOWNSHIP",PARKING VIOLATION
WASHINGTON COUNTY SHERIFFS OFFICE,DENMARK TOWNSHIP,6/21/2026 7:24:27 PM,WC26030437,"POINT DOUGLAS PARK ACCESS ROAD, DENMARK TOWNSHIP",PARKING VIOLATION
WASHINGTON COUNTY SHERIFFS OFFICE,DENMARK TOWNSHIP,6/21/2026 7:32:00 PM,WC26030438,"POINT DOUGLAS PARK ACCESS ROAD, DENMARK TOWNSHIP",PARKING VIOLATION
WASHINGTON COUNTY SHERIFFS OFFICE,DENMARK TOWNSHIP,6/21/2026 7:39:00 PM,WC26030440,"POINT DOUGLAS PARK ACCESS ROAD, DENMARK TOWNSHIP",PARKING VIOLATION
WASHINGTON COUNTY SHERIFFS OFFICE,DENMARK TOWNSHIP,6/21/2026 7:49:00 PM,WC26030441,"POINT DOUGLAS PARK ACCESS ROAD, DENMARK TOWNSHIP",PARKING VIOLATION
WASHINGTON COUNTY SHERIFFS OFFICE,DENMARK TOWNSHIP,6/21/2026 7:59:00 PM,WC26030442,"POINT DOUGLAS PARK ACCESS ROAD, DENMARK TOWNSHIP",PARKING VIOLATION
WASHINGTON COUNTY SHERIFFS OFFICE,DENMARK TOWNSHIP,6/21/2026 8:07:00 PM,WC26030444,"POINT DOUGLAS PARK ACCESS ROAD, DENMARK TOWNSHIP",PARKING VIOLATION
WASHINGTON COUNTY SHERIFFS OFFICE,DENMARK TOWNSHIP,6/21/2026 8:18:00 PM,WC26030447,"POINT DOUGLAS PARK ACCESS ROAD, DENMARK TOWNSHIP",PARKING VIOLATION
WASHINGTON COUNTY SHERIFFS OFFICE,DENMARK TOWNSHIP,6/21/2026 8:24:00 PM,WC26030448,"POINT DOUGLAS PARK ACCESS ROAD, DENMARK TOWNSHIP",PARKING VIOLATION
WASHINGTON COUNTY SHERIFFS OFFICE,DENMARK TOWNSHIP,6/22/2026 9:08:00 AM,WC26030519,"15XXX  - 16000 102ND ST S, DENMARK TOWNSHIP",PARKING VIOLATION
WASHINGTON COUNTY SHERIFFS OFFICE,DENMARK TOWNSHIP,6/22/2026 12:40:00 PM,WC26030570,"15XXX  102ND ST S, DENMARK TOWNSHIP",PARKING VIOLATION
WASHINGTON COUNTY SHERIFFS OFFICE,DENMARK TOWNSHIP,6/22/2026 12:59:00 PM,WC26030574,"15XXX  - 16000 102ND ST S, DENMARK TOWNSHIP",PARKING VIOLATION
WASHINGTON COUNTY SHERIFFS OFFICE,DENMARK TOWNSHIP,6/22/2026 1:27:00 PM,WC26030581,"POINT DOUGLAS PARK ACCESS ROAD, DENMARK TOWNSHIP",PARKING VIOLATION
WASHINGTON COUNTY SHERIFFS OFFICE,DENMARK TOWNSHIP,6/22/2026 1:42:00 PM,WC26030582,"POINT DOUGLAS PARK ACCESS ROAD, DENMARK TOWNSHIP",PARKING VIOLATION
WASHINGTON COUNTY SHERIFFS OFFICE,DENMARK TOWNSHIP,6/22/2026 1:50:00 PM,WC26030585,"POINT DOUGLAS PARK ACCESS ROAD, DENMARK TOWNSHIP",PARKING VIOLATION
WASHINGTON COUNTY SHERIFFS OFFICE,DENMARK TOWNSHIP,6/22/2026 2:01:00 PM,WC26030588,"POINT DOUGLAS PARK ACCESS ROAD, DENMARK TOWNSHIP",PARKING VIOLATION
WASHINGTON COUNTY SHERIFFS OFFICE,DENMARK TOWNSHIP,6/22/2026 4:57:16 PM,WC26030620,"14XXX  Point Douglas Dr S, DENMARK TOWNSHIP",PARK COMPLAINT
WASHINGTON COUNTY SHERIFFS OFFICE,DENMARK TOWNSHIP,6/23/2026 10:32:04 AM,WC26030783,"14XXX  OCALA BLVD S, DENMARK TOWNSHIP",SUSPICIOUS PERSON/ACTIVITY
WASHINGTON COUNTY SHERIFFS OFFICE,DENMARK TOWNSHIP,6/23/2026 11:13:00 AM,WC26030791,"15XXX  - 16000 102ND ST S, DENMARK TOWNSHIP",PARKING VIOLATION
WASHINGTON COUNTY SHERIFFS OFFICE,DENMARK TOWNSHIP,6/23/2026 11:26:00 AM,WC26030792,"15XXX  - 16000 102ND ST S, DENMARK TOWNSHIP",PARKING VIOLATION
WASHINGTON COUNTY SHERIFFS OFFICE,DENMARK TOWNSHIP,6/24/2026 10:20:00 AM,WC26030952,"POINT DOUGLAS PARK ACCESS ROAD, DENMARK TOWNSHIP",PARKING VIOLATION
WASHINGTON COUNTY SHERIFFS OFFICE,DENMARK TOWNSHIP,6/24/2026 11:37:18 AM,WC26030969,"14XXX  Point Douglas Dr S, DENMARK TOWNSHIP",CITIZEN/PUBLIC ASSIST
WASHINGTON COUNTY SHERIFFS OFFICE,DENMARK TOWNSHIP,6/24/2026 4:12:00 PM,WC26031016,"15XXX  102ND ST S, DENMARK TOWNSHIP",PARKING VIOLATION
WASHINGTON COUNTY SHERIFFS OFFICE,DENMARK TOWNSHIP,6/24/2026 4:33:00 PM,WC26031024,"POINT DOUGLAS PARK ACCESS ROAD, DENMARK TOWNSHIP",PARKING VIOLATION
WASHINGTON COUNTY SHERIFFS OFFICE,DENMARK TOWNSHIP,6/24/2026 4:41:00 PM,WC26031025,"POINT DOUGLAS PARK ACCESS ROAD, DENMARK TOWNSHIP",PARKING VIOLATION
WASHINGTON COUNTY SHERIFFS OFFICE,DENMARK TOWNSHIP,6/24/2026 4:49:00 PM,WC26031028,"POINT DOUGLAS PARK ACCESS ROAD, DENMARK TOWNSHIP",PARKING VIOLATION
WASHINGTON COUNTY SHERIFFS OFFICE,DENMARK TOWNSHIP,6/24/2026 5:03:00 PM,WC26031031,"POINT DOUGLAS PARK ACCESS ROAD, DENMARK TOWNSHIP",PARKING VIOLATION
WASHINGTON COUNTY SHERIFFS OFFICE,DENMARK TOWNSHIP,6/24/2026 5:58:38 PM,WC26031041,"14XXX  POINT DOUGLAS DR S, DENMARK TOWNSHIP",PARKING VIOLATION
WASHINGTON COUNTY SHERIFFS OFFICE,DENMARK TOWNSHIP,6/25/2026 1:42:00 PM,WC26031187,"15XXX  102ND ST S, DENMARK TOWNSHIP",PARKING VIOLATION
WASHINGTON COUNTY SHERIFFS OFFICE,DENMARK TOWNSHIP,6/25/2026 2:07:00 PM,WC26031196,"POINT DOUGLAS PARK ACCESS ROAD, DENMARK TOWNSHIP",PARKING VIOLATION
WASHINGTON COUNTY SHERIFFS OFFICE,DENMARK TOWNSHIP,6/25/2026 2:21:00 PM,WC26031198,"POINT DOUGLAS PARK ACCESS ROAD, DENMARK TOWNSHIP",PARKING VIOLATION
WASHINGTON COUNTY SHERIFFS OFFICE,DENMARK TOWNSHIP,6/25/2026 2:34:00 PM,WC26031200,"POINT DOUGLAS PARK ACCESS ROAD, DENMARK TOWNSHIP",PARKING VIOLATION
WASHINGTON COUNTY SHERIFFS OFFICE,DENMARK TOWNSHIP,6/25/2026 4:05:00 PM,WC26031219,"15XXX  102ND ST S, DENMARK TOWNSHIP",PARKING VIOLATION
WASHINGTON COUNTY SHERIFFS OFFICE,DENMARK TOWNSHIP,6/25/2026 4:26:00 PM,WC26031226,"15XXX  102ND ST S, DENMARK TOWNSHIP",PARKING VIOLATION
WASHINGTON COUNTY SHERIFFS OFFICE,DENMARK TOWNSHIP,6/25/2026 5:03:00 PM,WC26031233,"POINT DOUGLAS PARK ACCESS ROAD, DENMARK TOWNSHIP",PARKING VIOLATION
WASHINGTON COUNTY SHERIFFS OFFICE,DENMARK TOWNSHIP,6/25/2026 5:40:00 PM,WC26031243,"POINT DOUGLAS PARK ACCESS ROAD, DENMARK TOWNSHIP",PARKING VIOLATION
WASHINGTON COUNTY SHERIFFS OFFICE,DENMARK TOWNSHIP,6/25/2026 5:50:00 PM,WC26031246,"POINT DOUGLAS PARK ACCESS ROAD, DENMARK TOWNSHIP",PARKING VIOLATION
WASHINGTON COUNTY SHERIFFS OFFICE,DENMARK TOWNSHIP,6/25/2026 6:43:00 PM,WC26031261,"12XXX  - 12999 70TH ST S, DENMARK TOWNSHIP",TRAFFIC STOP
WASHINGTON COUNTY SHERIFFS OFFICE,DENMARK TOWNSHIP,6/26/2026 9:45:45 AM,WC26031372,"12XXX  Block of 127TH ST S, DENMARK TOWNSHIP",ABANDONED VEHICLE
WASHINGTON COUNTY SHERIFFS OFFICE,DENMARK TOWNSHIP,6/26/2026 3:04:28 PM,WC26031438,"Saint Croix Trl S / 70th St S, DENMARK TOWNSHIP",DRIVING COMPLAINT
WASHINGTON COUNTY SHERIFFS OFFICE,DENMARK TOWNSHIP,6/26/2026 11:40:25 PM,WC26031519,"10XXX  Saint Croix Trl S, DENMARK TOWNSHIP",NOISE COMPLAINT/DISTURBANCE
WASHINGTON COUNTY SHERIFFS OFFICE,DENMARK TOWNSHIP,6/27/2026 6:40:24 PM,WC26031616,"14XXX  Point Douglas Dr S, DENMARK TOWNSHIP",DRIVING COMPLAINT
WASHINGTON COUNTY SHERIFFS OFFICE,FOREST LAKE,6/21/2026 8:45:11 PM,WC26030452,"Forest Lake, FOREST LAKE",WATERCRAFT COMPLAINT
WASHINGTON COUNTY SHERIFFS OFFICE,GRANT,6/21/2026 1:15:52 AM,WC26030309,"11XXX  Julianne Ave N, GRANT",MEDICAL
WASHINGTON COUNTY SHERIFFS OFFICE,GRANT,6/21/2026 1:18:00 PM,WC26030190,"MANNING AVE N & 97TH ST N, GRANT",TRAFFIC STOP
WASHINGTON COUNTY SHERIFFS OFFICE,GRANT,6/21/2026 4:49:51 PM,WC26030402,"9XXX  Joliet Ave N, GRANT",ALARM-BUSINESS/RES/FIRE/MEDICAL/ETC
WASHINGTON COUNTY SHERIFFS OFFICE,GRANT,6/21/2026 4:53:21 PM,WC26030404,"9XXX  65th St N, GRANT",ALARM-BUSINESS/RES/FIRE/MEDICAL/ETC
WASHINGTON COUNTY SHERIFFS OFFICE,GRANT,6/21/2026 5:05:48 PM,WC26030408,"11XXX  60th St N, GRANT",MEDICAL
WASHINGTON COUNTY SHERIFFS OFFICE,GRANT,6/21/2026 8:43:00 PM,WC26030450,"Manning Ave N / Dellwood Rd N, GRANT",TRAFFIC STOP
WASHINGTON COUNTY SHERIFFS OFFICE,GRANT,6/22/2026 10:41:19 AM,WC26030547,"10XXX  Manning Ave N, GRANT",CIVIL MATTER/DISPUTE
WASHINGTON COUNTY SHERIFFS OFFICE,GRANT,6/22/2026 12:06:48 PM,WC26030565,"6XXX  Manning Ave N, GRANT",ANIMAL COMPLAINT
WASHINGTON COUNTY SHERIFFS OFFICE,GRANT,6/22/2026 5:54:40 PM,WC26030629,"10XXX  Kimbro Avenue Ct N, GRANT",911 ABANDONED/HANGUP/OPEN LINE
WASHINGTON COUNTY SHERIFFS OFFICE,GRANT,6/23/2026 5:39:53 AM,WC26030720,"11XXX  Jasmine Trl N, GRANT",MEDICAL
WASHINGTON COUNTY SHERIFFS OFFICE,GRANT,6/24/2026 12:04:24 PM,WC26030971,"6XXX  JAMACA AVE N, GRANT",DANCO VIOLATION
WASHINGTON COUNTY SHERIFFS OFFICE,GRANT,6/24/2026 3:38:41 PM,WC26031010,"Joliet Ave N / 110th St N, GRANT",ACCIDENT
WASHINGTON COUNTY SHERIFFS OFFICE,GRANT,6/24/2026 3:55:34 PM,WC26031014,"10XXX  Dellwood Rd N, GRANT",MEDICAL
WASHINGTON COUNTY SHERIFFS OFFICE,GRANT,6/24/2026 8:54:29 PM,WC26031066,"8XXX  Lake Elmo Ave N, GRANT",SUSPICIOUS PERSON/ACTIVITY
WASHINGTON COUNTY SHERIFFS OFFICE,GRANT,6/25/2026 1:25:49 AM,WC26031124,"8XXX  75TH ST N, GRANT",SUSPICIOUS PERSON/ACTIVITY
WASHINGTON COUNTY SHERIFFS OFFICE,GRANT,6/25/2026 1:05:58 PM,WC26031181,"10XXX  Manning Trl N, GRANT",MEDICAL
WASHINGTON COUNTY SHERIFFS OFFICE,GRANT,6/26/2026 9:16:06 AM,WC26031362,"9XXX  Dellwood Rd N, GRANT",FIRE
WASHINGTON COUNTY SHERIFFS OFFICE,GRANT,6/26/2026 2:33:41 PM,WC26031430,"7XXX  Manning Ave N, GRANT",MEDICAL
WASHINGTON COUNTY SHERIFFS OFFICE,GRANT,6/26/2026 5:55:12 PM,WC26031473,"10XXX  62nd St N, GRANT",911 ABANDONED/HANGUP/OPEN LINE
WASHINGTON COUNTY SHERIFFS OFFICE,GRANT,6/26/2026 6:12:48 PM,WC26031472,"10XXX  119th St N, GRANT",ACCIDENT
WASHINGTON COUNTY SHERIFFS OFFICE,GRANT,6/26/2026 6:55:33 PM,WC26031479,"11XXX  Julianne Ave N, GRANT",THREATS
WASHINGTON COUNTY SHERIFFS OFFICE,GRANT,6/26/2026 7:01:00 PM,WC26031481,"11XXX  Dellwood Rd N, GRANT",FOLLOW UP
WASHINGTON COUNTY SHERIFFS OFFICE,GRANT,6/27/2026 6:37:38 AM,WC26031547,"11XXX  Julianne Ave N, GRANT",FOLLOW UP
WASHINGTON COUNTY SHERIFFS OFFICE,HUGO,6/21/2026 1:45:51 AM,WC26030313,"4XXX  Fable Rd N, HUGO",ALARM-BUSINESS/RES/FIRE/MEDICAL/ETC
WASHINGTON COUNTY SHERIFFS OFFICE,HUGO,6/21/2026 6:08:33 AM,WC26030330,"14XXX  Victor Hugo Blvd N, HUGO",SHOPLIFTING
WASHINGTON COUNTY SHERIFFS OFFICE,HUGO,6/21/2026 9:30:45 AM,WC26030348,"12XXX  Fiona Ave N, HUGO",ALARM-BUSINESS/RES/FIRE/MEDICAL/ETC
WASHINGTON COUNTY SHERIFFS OFFICE,HUGO,6/21/2026 9:59:52 AM,WC26030350,"13XXX  Hadley Cir N, HUGO",DEATH
WASHINGTON COUNTY SHERIFFS OFFICE,HUGO,6/21/2026 12:00:39 PM,WC26030368,"6XXX  158th St N, HUGO",SUICIDE
WASHINGTON COUNTY SHERIFFS OFFICE,HUGO,6/21/2026 12:51:00 PM,WC26030163,"FOREST BLVD N / 120TH ST N, HUGO",TRAFFIC STOP
WASHINGTON COUNTY SHERIFFS OFFICE,HUGO,6/21/2026 3:31:38 PM,WC26030388,"5XXX  147th St N, HUGO",THEFT
WASHINGTON COUNTY SHERIFFS OFFICE,HUGO,6/21/2026 5:09:22 PM,WC26030409,"4XXX  Emmit Dr N, HUGO",CHILD CUSTODY
WASHINGTON COUNTY SHERIFFS OFFICE,HUGO,6/21/2026 5:45:22 PM,WC26030422,"8XXX  132nd St N, HUGO",911 ABANDONED/HANGUP/OPEN LINE
WASHINGTON COUNTY SHERIFFS OFFICE,HUGO,6/21/2026 7:36:56 PM,WC26030439,"6XXX  146th St N, HUGO",911 ABANDONED/HANGUP/OPEN LINE
WASHINGTON COUNTY SHERIFFS OFFICE,HUGO,6/21/2026 8:02:00 PM,WC26030443,"15XXX  Falcon Cir N, HUGO",VEHICLE UNLOCK
WASHINGTON COUNTY SHERIFFS OFFICE,HUGO,6/21/2026 10:21:52 PM,WC26030466,"6XXX  145th St N, HUGO",DEATH
WASHINGTON COUNTY SHERIFFS OFFICE,HUGO,6/22/2026 7:38:51 AM,WC26030504,"14XXX  Forest Blvd N, HUGO",WELFARE CHECK
WASHINGTON COUNTY SHERIFFS OFFICE,HUGO,6/22/2026 8:41:54 AM,WC26030515,"Goodview Ave N / Egg Lake Rd N, HUGO",ACCIDENT
WASHINGTON COUNTY SHERIFFS OFFICE,HUGO,6/22/2026 9:29:23 AM,WC26030539,"10XXX  122nd St N, HUGO",BURGLARY
WASHINGTON COUNTY SHERIFFS OFFICE,HUGO,6/22/2026 9:35:00 AM,WC26030533,"EGG LAKE RD/FOXHILL AVE N, HUGO",TRAFFIC STOP
WASHINGTON COUNTY SHERIFFS OFFICE,HUGO,6/22/2026 9:36:06 AM,WC26030538,"12XXX  ETHAN AVE N, HUGO",ACCIDENT
WASHINGTON COUNTY SHERIFFS OFFICE,HUGO,6/22/2026 12:45:56 PM,WC26030573,"13XXX  Isleton Ave N, HUGO",911 ABANDONED/HANGUP/OPEN LINE
WASHINGTON COUNTY SHERIFFS OFFICE,HUGO,6/22/2026 1:26:19 PM,WC26030580,"12XXX  Ingersoll Ave N, HUGO",WELFARE CHECK
WASHINGTON COUNTY SHERIFFS OFFICE,HUGO,6/22/2026 2:28:00 PM,WC26030594,"ELMCREST/FRENCHMAND RD , HUGO",TRAFFIC STOP
WASHINGTON COUNTY SHERIFFS OFFICE,HUGO,6/22/2026 5:15:06 PM,WC26030623,"140th St N / Fondant Ave N, HUGO",SUSPICIOUS PERSON/ACTIVITY
WASHINGTON COUNTY SHERIFFS OFFICE,HUGO,6/22/2026 7:20:01 PM,WC26030642,"4XXX  Victor Path N, HUGO",MEDICAL
WASHINGTON COUNTY SHERIFFS OFFICE,HUGO,6/22/2026 8:30:54 PM,WC26030656,"4XXX  162nd St N, HUGO",DISTURBANCE
WASHINGTON COUNTY SHERIFFS OFFICE,HUGO,6/22/2026 9:01:14 PM,WC26030660,"162ND ST N / FENWAY CT N, HUGO",ACCIDENT
WASHINGTON COUNTY SHERIFFS OFFICE,HUGO,6/22/2026 11:55:12 PM,WC26030695,"5XXX  140th St N, HUGO",ALARM-BUSINESS/RES/FIRE/MEDICAL/ETC
WASHINGTON COUNTY SHERIFFS OFFICE,HUGO,6/23/2026 2:56:02 AM,WC26030715,"4XXX  Rosemary Way N, HUGO",OTHER
WASHINGTON COUNTY SHERIFFS OFFICE,HUGO,6/23/2026 2:04:00 PM,WC26030830,"6XXX  - 7599 170TH ST N, HUGO",TRAFFIC STOP
WASHINGTON COUNTY SHERIFFS OFFICE,HUGO,6/23/2026 3:00:29 PM,WC26030839,"17XXX  Henna Ave N, HUGO",911 ABANDONED/HANGUP/OPEN LINE
WASHINGTON COUNTY SHERIFFS OFFICE,HUGO,6/23/2026 3:38:08 PM,WC26030844,"Forest Blvd N / 130th St N, HUGO",WELFARE CHECK
WASHINGTON COUNTY SHERIFFS OFFICE,HUGO,6/23/2026 4:56:31 PM,WC26030853,"12XXX  Keystone Ave N, HUGO",ALARM-BUSINESS/RES/FIRE/MEDICAL/ETC
WASHINGTON COUNTY SHERIFFS OFFICE,HUGO,6/23/2026 5:03:57 PM,WC26030854,"14XXX  Finale Ave N, HUGO",MEDICAL
WASHINGTON COUNTY SHERIFFS OFFICE,HUGO,6/23/2026 8:16:46 PM,WC26030869,"14XXX  Glenbrook Ave N, HUGO",RUNAWAY
WASHINGTON COUNTY SHERIFFS OFFICE,HUGO,6/24/2026 12:45:18 AM,WC26030890,"15XXX  Jeffrey Ave N, HUGO",WELFARE CHECK
WASHINGTON COUNTY SHERIFFS OFFICE,HUGO,6/24/2026 5:12:03 AM,WC26030913,"13XXX  Fondant Trl N, HUGO",SUSPICIOUS PERSON/ACTIVITY
WASHINGTON COUNTY SHERIFFS OFFICE,HUGO,6/24/2026 5:28:04 AM,WC26030914,"14XXX  Forest Blvd N, HUGO",MOTOR VEHICLE THEFT
WASHINGTON COUNTY SHERIFFS OFFICE,HUGO,6/24/2026 7:16:46 AM,WC26030921,"FRENCHMAN RD / VICTOR HUGO BLVD N, HUGO",DRIVING COMPLAINT
WASHINGTON COUNTY SHERIFFS OFFICE,HUGO,6/24/2026 9:33:09 AM,WC26030934,"4XXX  Victor Path N, HUGO",911 ABANDONED/HANGUP/OPEN LINE
WASHINGTON COUNTY SHERIFFS OFFICE,HUGO,6/24/2026 10:23:29 AM,WC26030954,"5XXX  - 5810 LOWER 147TH ST N, HUGO",PARKING COMPLAINT
WASHINGTON COUNTY SHERIFFS OFFICE,HUGO,6/24/2026 10:25:49 AM,WC26030955,"13XXX  Fenway Blvd N, HUGO",911 ABANDONED/HANGUP/OPEN LINE
WASHINGTON COUNTY SHERIFFS OFFICE,HUGO,6/24/2026 11:12:43 AM,WC26030965,"14XXX  Glenbrook Ave N, HUGO",RUNAWAY
WASHINGTON COUNTY SHERIFFS OFFICE,HUGO,6/24/2026 11:17:50 AM,WC26030976,"4XXX  Victor Path N, HUGO",CITIZEN/PUBLIC ASSIST
WASHINGTON COUNTY SHERIFFS OFFICE,HUGO,6/24/2026 11:50:52 AM,WC26030970,"5XXX  145th St N, HUGO",ALARM-BUSINESS/RES/FIRE/MEDICAL/ETC
WASHINGTON COUNTY SHERIFFS OFFICE,HUGO,6/24/2026 2:14:17 PM,WC26030997,"170th St N / Fenway Ave N, HUGO",ANIMAL COMPLAINT
WASHINGTON COUNTY SHERIFFS OFFICE,HUGO,6/24/2026 4:49:59 PM,WC26031029,"8XXX  126th St N, HUGO",DRUGS
WASHINGTON COUNTY SHERIFFS OFFICE,HUGO,6/24/2026 6:59:00 PM,WC26031053,"4XXX  - 4950 159TH ST N, HUGO",TRAFFIC STOP
WASHINGTON COUNTY SHERIFFS OFFICE,HUGO,6/24/2026 9:23:43 PM,WC26031072,"6XXX  Egg Lake Rd N, HUGO",DISTURBANCE
WASHINGTON COUNTY SHERIFFS OFFICE,HUGO,6/24/2026 10:14:00 PM,WC26031089,"5XXX  - 5060 FRENCHMAN RD, HUGO",TRAFFIC STOP
WASHINGTON COUNTY SHERIFFS OFFICE,HUGO,6/24/2026 10:28:00 PM,WC26031094,"5XXX  - 5060 FRENCHMAN RD, HUGO",TRAFFIC STOP
WASHINGTON COUNTY SHERIFFS OFFICE,HUGO,6/24/2026 10:37:40 PM,WC26031098,"FREELAND AVE N / 152ND ST N, HUGO",NOISE COMPLAINT/DISTURBANCE
WASHINGTON COUNTY SHERIFFS OFFICE,HUGO,6/24/2026 11:59:00 PM,WC26031247,"14XXX  - 14498 FOREST BLVD N, HUGO",TRAFFIC STOP
WASHINGTON COUNTY SHERIFFS OFFICE,HUGO,6/25/2026 12:00:00 AM,WC26031139,"ONEKA LAKE BLVD N / GENEVA AVE N, HUGO",TRAFFIC STOP
WASHINGTON COUNTY SHERIFFS OFFICE,HUGO,6/25/2026 12:48:00 AM,WC26031118,"FRENCHMAN RD / EVERTON AVE N, HUGO",TRAFFIC STOP
WASHINGTON COUNTY SHERIFFS OFFICE,HUGO,6/25/2026 2:10:06 AM,WC26031127,"120TH ST N / HEATHER AVE N, HUGO",MOTORIST ASSIST
WASHINGTON COUNTY SHERIFFS OFFICE,HUGO,6/25/2026 8:36:52 AM,WC26031144,"Hwy 61 At 170th St N, HUGO",DRIVING COMPLAINT
WASHINGTON COUNTY SHERIFFS OFFICE,HUGO,6/25/2026 3:48:55 PM,WC26031218,"6XXX  151st St N, HUGO",FRAUD/SCAM
WASHINGTON COUNTY SHERIFFS OFFICE,HUGO,6/25/2026 4:34:00 PM,WC26031227,"Frenchman Rd / Forest Blvd N, HUGO",TRAFFIC STOP
WASHINGTON COUNTY SHERIFFS OFFICE,HUGO,6/25/2026 4:55:53 PM,WC26031231,"14XXX  Fondant Ave N, HUGO",CITIZEN/PUBLIC ASSIST
WASHINGTON COUNTY SHERIFFS OFFICE,HUGO,6/25/2026 9:51:49 PM,WC26031298,"165th St N / Forest Blvd N, HUGO",ANIMAL COMPLAINT
WASHINGTON COUNTY SHERIFFS OFFICE,HUGO,6/25/2026 10:14:24 PM,WC26031308,"4XXX  159th St N, HUGO",TRESPASSING
WASHINGTON COUNTY SHERIFFS OFFICE,HUGO,6/26/2026 2:52:06 AM,WC26031338,"14XXX  VICTOR HUGO BLVD N, HUGO",DISTURBANCE
WASHINGTON COUNTY SHERIFFS OFFICE,HUGO,6/26/2026 9:14:58 AM,WC26031361,"14XXX  Fondant Ave N, HUGO",DISTURBANCE
WASHINGTON COUNTY SHERIFFS OFFICE,HUGO,6/26/2026 11:45:06 AM,WC26031404,"15XXX  Forest Blvd N, HUGO",911 ABANDONED/HANGUP/OPEN LINE
WASHINGTON COUNTY SHERIFFS OFFICE,HUGO,6/26/2026 1:26:53 PM,WC26031418,"5XXX  150th St N, HUGO",MEDICAL
WASHINGTON COUNTY SHERIFFS OFFICE,HUGO,6/26/2026 4:12:00 PM,WC26031446,"FOREST BLVD N/FRENCHMAN RD , HUGO",TRAFFIC STOP
WASHINGTON COUNTY SHERIFFS OFFICE,HUGO,6/26/2026 4:15:39 PM,WC26031451,"Hwy 61 Jso 140th St N, HUGO",ACCIDENT
WASHINGTON COUNTY SHERIFFS OFFICE,HUGO,6/26/2026 6:40:17 PM,WC26031476,"5XXX  FENSON CT N, HUGO",911 ABANDONED/HANGUP/OPEN LINE
WASHINGTON COUNTY SHERIFFS OFFICE,HUGO,6/26/2026 9:14:19 PM,WC26031491,"165th St N / Ingersoll Ave N, HUGO",DRIVING COMPLAINT
WASHINGTON COUNTY SHERIFFS OFFICE,HUGO,6/26/2026 9:34:50 PM,WC26031494,"14XXX  Forest Blvd N, HUGO",DRIVING COMPLAINT
WASHINGTON COUNTY SHERIFFS OFFICE,HUGO,6/27/2026 1:37:43 AM,WC26031534,"6XXX  135th St N, HUGO",WELFARE CHECK
WASHINGTON COUNTY SHERIFFS OFFICE,HUGO,6/27/2026 5:24:50 PM,WC26031606,"13XXX  Keystone Ave N, HUGO",DRIVING COMPLAINT
WASHINGTON COUNTY SHERIFFS OFFICE,HUGO,6/27/2026 7:11:06 PM,WC26031619,"5XXX  127TH ST N, HUGO",CIVIL MATTER/DISPUTE
WASHINGTON COUNTY SHERIFFS OFFICE,HUGO,6/27/2026 7:35:04 PM,WC26031625,"15XXX  Glenbrook Ave N, HUGO",DISTURBANCE
WASHINGTON COUNTY SHERIFFS OFFICE,HUGO,6/27/2026 9:28:34 PM,WC26031638,"5XXX  147th St N, HUGO",SUSPICIOUS PERSON/ACTIVITY
WASHINGTON COUNTY SHERIFFS OFFICE,HUGO,6/27/2026 11:25:44 PM,WC26031654,"Goodview Ave N / 151st St N, HUGO",WELFARE CHECK
WASHINGTON COUNTY SHERIFFS OFFICE,HUGO,6/27/2026 11:57:48 PM,WC26031659,"12XXX  Hilo Ave N, HUGO",BURNING COMPLAINT
WASHINGTON COUNTY SHERIFFS OFFICE,LAKE ELMO,6/21/2026 12:23:19 AM,WC26030303,"XX Lake Elmo Park Reserve Modern Campsite 21, LAKE ELMO",DISTURBANCE
WASHINGTON COUNTY SHERIFFS OFFICE,LAKE ELMO,6/21/2026 11:37:45 AM,WC26030365,"XX Stillwater Blvd N / Stillwater Way N, LAKE ELMO",TRAFFIC STOP
WASHINGTON COUNTY SHERIFFS OFFICE,LAKE ELMO,6/21/2026 12:54:27 PM,WC26030377,"1XXX  Keats Ave N, LAKE ELMO",911 ABANDONED/HANGUP/OPEN LINE
WASHINGTON COUNTY SHERIFFS OFFICE,LAKE ELMO,6/21/2026 4:17:08 PM,WC26030396,"9XXX  Jade Way N, LAKE ELMO",911 ABANDONED/HANGUP/OPEN LINE
WASHINGTON COUNTY SHERIFFS OFFICE,LAKE ELMO,6/21/2026 4:26:30 PM,WC26030399,"8XXX  59th St N, LAKE ELMO",MEDICAL
WASHINGTON COUNTY SHERIFFS OFFICE,LAKE ELMO,6/21/2026 4:56:57 PM,WC26030405,"Hwy 36 Eb At Keats Ave N, LAKE ELMO",DRIVING COMPLAINT
WASHINGTON COUNTY SHERIFFS OFFICE,LAKE ELMO,6/21/2026 5:41:29 PM,WC26030413,"XXX Julia Ave N, LAKE ELMO",TRESPASSING
WASHINGTON COUNTY SHERIFFS OFFICE,LAKE ELMO,6/21/2026 6:39:44 PM,WC26030427,"Hwy 36 Eb At Lake Elmo Ave N, LAKE ELMO",OFFICER INFORMATION
WASHINGTON COUNTY SHERIFFS OFFICE,LAKE ELMO,6/21/2026 7:16:27 PM,WC26030434,"10XXX  Hudson Blvd N, LAKE ELMO",WELFARE CHECK
WASHINGTON COUNTY SHERIFFS OFFICE,LAKE ELMO,6/21/2026 9:21:49 PM,WC26030459,"32nd St N / Lake Elmo Ave N, LAKE ELMO",FIREWORKS
WASHINGTON COUNTY SHERIFFS OFFICE,LAKE ELMO,6/21/2026 11:54:00 PM,WC26030470,"HWY 36 WB AT MANNING AVE N, LAKE ELMO",TRAFFIC STOP
WASHINGTON COUNTY SHERIFFS OFFICE,LAKE ELMO,6/22/2026 12:16:00 AM,WC26030472,"HWY 36 WB JWO STILLWATER BLVD N, LAKE ELMO",TRAFFIC STOP
WASHINGTON COUNTY SHERIFFS OFFICE,LAKE ELMO,6/22/2026 5:22:26 AM,WC26030500,"11XXX  12th St N, LAKE ELMO",ALARM-BUSINESS/RES/FIRE/MEDICAL/ETC
WASHINGTON COUNTY SHERIFFS OFFICE,LAKE ELMO,6/22/2026 8:36:22 AM,WC26030513,"1XXX  Palmer Dr N, LAKE ELMO",HARASSMENT
WASHINGTON COUNTY SHERIFFS OFFICE,LAKE ELMO,6/22/2026 9:24:20 AM,WC26030531,"10th St N / Lake Elmo Ave N, LAKE ELMO",TRAFFIC COMPLAINT
WASHINGTON COUNTY SHERIFFS OFFICE,LAKE ELMO,6/22/2026 11:26:27 AM,WC26030556,"XX Ideal Ave N / Stillwater Blvd N, LAKE ELMO",ACCIDENT
WASHINGTON COUNTY SHERIFFS OFFICE,LAKE ELMO,6/22/2026 11:35:38 AM,WC26030559,"3XXX  Lake Elmo Ave N, LAKE ELMO",DISTURBANCE
WASHINGTON COUNTY SHERIFFS OFFICE,LAKE ELMO,6/22/2026 11:44:08 AM,WC26030560,"9XXX  Hudson Blvd N, LAKE ELMO",ANIMAL COMPLAINT
WASHINGTON COUNTY SHERIFFS OFFICE,LAKE ELMO,6/22/2026 11:50:34 AM,WC26030566,"11XXX  Hudson Blvd N, LAKE ELMO",JUVENILE COMPLAINT
WASHINGTON COUNTY SHERIFFS OFFICE,LAKE ELMO,6/22/2026 2:11:13 PM,WC26030593,"Inwood Ave N / 10th St N, LAKE ELMO",ACCIDENT
WASHINGTON COUNTY SHERIFFS OFFICE,LAKE ELMO,6/22/2026 4:01:06 PM,WC26030612,"XX 40th St N / Stillwater Blvd N, LAKE ELMO",ACCIDENT
WASHINGTON COUNTY SHERIFFS OFFICE,LAKE ELMO,6/22/2026 5:09:00 PM,WC26030621,"HWY 36 WB AT KEATS AVE N, LAKE ELMO",TRAFFIC STOP
WASHINGTON COUNTY SHERIFFS OFFICE,LAKE ELMO,6/22/2026 5:27:40 PM,WC26030627,"2XXX  Lake Elmo Ave N, LAKE ELMO",ACCIDENT
WASHINGTON COUNTY SHERIFFS OFFICE,LAKE ELMO,6/22/2026 5:45:50 PM,WC26030631,"9XXX  Jade Cir N, LAKE ELMO",ANIMAL COMPLAINT
WASHINGTON COUNTY SHERIFFS OFFICE,LAKE ELMO,6/22/2026 6:19:31 PM,WC26030633,"8XXX  Lake Jane Trl N, LAKE ELMO",MEDICAL
WASHINGTON COUNTY SHERIFFS OFFICE,LAKE ELMO,6/22/2026 6:51:15 PM,WC26030641,"9XXX  Jade Cir N, LAKE ELMO",FOLLOW UP
WASHINGTON COUNTY SHERIFFS OFFICE,LAKE ELMO,6/22/2026 6:59:00 PM,WC26030639,"XX I94 WB TO KEATS AVE N RAMP, LAKE ELMO",TRAFFIC STOP
WASHINGTON COUNTY SHERIFFS OFFICE,LAKE ELMO,6/22/2026 7:23:21 PM,WC26030643,"8XXX  LAKE JANE TRL N, LAKE ELMO",NOISE COMPLAINT/DISTURBANCE
WASHINGTON COUNTY SHERIFFS OFFICE,LAKE ELMO,6/22/2026 8:22:49 PM,WC26030653,"8XXX  Lake Jane Trl N, LAKE ELMO",NOISE COMPLAINT/DISTURBANCE
WASHINGTON COUNTY SHERIFFS OFFICE,LAKE ELMO,6/22/2026 8:33:00 PM,WC26030655,"STILLWATER BLVD N / STILLWATER WAY N, LAKE ELMO",TRAFFIC STOP
WASHINGTON COUNTY SHERIFFS OFFICE,LAKE ELMO,6/22/2026 8:57:12 PM,WC26030658,"11XXX  Hudson Blvd N, LAKE ELMO",ALARM-BUSINESS/RES/FIRE/MEDICAL/ETC
WASHINGTON COUNTY SHERIFFS OFFICE,LAKE ELMO,6/22/2026 9:25:49 PM,WC26030668,"9XXX  - 9838 45TH ST N, LAKE ELMO",DIRECTED PATROL
WASHINGTON COUNTY SHERIFFS OFFICE,LAKE ELMO,6/22/2026 10:04:06 PM,WC26030675,"10TH ST N / CIMARRON, LAKE ELMO",MOTORIST ASSIST
WASHINGTON COUNTY SHERIFFS OFFICE,LAKE ELMO,6/23/2026 12:02:04 AM,WC26030696,"9XXX  HUDSON BLVD N, LAKE ELMO",SUSPICIOUS PERSON/ACTIVITY
WASHINGTON COUNTY SHERIFFS OFFICE,LAKE ELMO,6/23/2026 1:52:25 AM,WC26030708,"60TH ST N / LAKE ELMO AVE N, LAKE ELMO",ACCIDENT
WASHINGTON COUNTY SHERIFFS OFFICE,LAKE ELMO,6/23/2026 8:13:10 AM,WC26030726,"9XXX  60th St N, LAKE ELMO",ASSIST OTHER AGENCY
WASHINGTON COUNTY SHERIFFS OFFICE,LAKE ELMO,6/23/2026 8:49:08 AM,WC26030731,"9XXX  4th St N, LAKE ELMO",ALARM-BUSINESS/RES/FIRE/MEDICAL/ETC
WASHINGTON COUNTY SHERIFFS OFFICE,LAKE ELMO,6/23/2026 9:02:07 AM,WC26030733,"1XXX  Palmer Dr N, LAKE ELMO",911 ABANDONED/HANGUP/OPEN LINE
WASHINGTON COUNTY SHERIFFS OFFICE,LAKE ELMO,6/23/2026 10:02:01 AM,WC26030760,"2XXX  Keats Ave N, LAKE ELMO",FOLLOW UP
WASHINGTON COUNTY SHERIFFS OFFICE,LAKE ELMO,6/23/2026 11:15:08 AM,WC26030789,"Lake Elmo Ave N / Stillwater Blvd N, LAKE ELMO",TRAFFIC STOP
WASHINGTON COUNTY SHERIFFS OFFICE,LAKE ELMO,6/23/2026 12:06:55 PM,WC26030801,"3XXX  KNIGHTSBRIDGE TRL N, LAKE ELMO",THEFT
WASHINGTON COUNTY SHERIFFS OFFICE,LAKE ELMO,6/23/2026 12:36:18 PM,WC26030806,"11XXX  Sunflower Ln N, LAKE ELMO",SUSPICIOUS PERSON/ACTIVITY
WASHINGTON COUNTY SHERIFFS OFFICE,LAKE ELMO,6/23/2026 12:54:28 PM,WC26030811,"Hwy 36 Eb At Keats Ave N, LAKE ELMO",DRIVING COMPLAINT
WASHINGTON COUNTY SHERIFFS OFFICE,LAKE ELMO,6/23/2026 1:36:47 PM,WC26030826,"Hudson Blvd N / Inwood Ave N, LAKE ELMO",ACCIDENT
WASHINGTON COUNTY SHERIFFS OFFICE,LAKE ELMO,6/23/2026 2:54:28 PM,WC26030838,"11XXX  Lower 31st St N, LAKE ELMO",DRIVING COMPLAINT
WASHINGTON COUNTY SHERIFFS OFFICE,LAKE ELMO,6/23/2026 3:55:03 PM,WC26030846,"9XXX  - 9839 45TH ST N, LAKE ELMO",DIRECTED PATROL
WASHINGTON COUNTY SHERIFFS OFFICE,LAKE ELMO,6/23/2026 5:23:11 PM,WC26030855,"XXX Cimarron, LAKE ELMO",CIVIL MATTER/DISPUTE
WASHINGTON COUNTY SHERIFFS OFFICE,LAKE ELMO,6/23/2026 5:48:31 PM,WC26030860,"11XXX  20th St N, LAKE ELMO",ACCIDENT
WASHINGTON COUNTY SHERIFFS OFFICE,LAKE ELMO,6/23/2026 9:34:27 PM,WC26030874,"9XXX  Jade Cir N, LAKE ELMO",ANIMAL COMPLAINT
WASHINGTON COUNTY SHERIFFS OFFICE,LAKE ELMO,6/24/2026 2:06:45 AM,WC26030901,"XXX Jean Ave N, LAKE ELMO",MEDICAL
WASHINGTON COUNTY SHERIFFS OFFICE,LAKE ELMO,6/24/2026 3:01:06 AM,WC26030903,"1XXX  KEATS AVE N, LAKE ELMO",CITIZEN/PUBLIC ASSIST
WASHINGTON COUNTY SHERIFFS OFFICE,LAKE ELMO,6/24/2026 3:31:00 AM,WC26030907," STILLWATER BLVD N / 50TH ST N, LAKE ELMO",TRAFFIC STOP
WASHINGTON COUNTY SHERIFFS OFFICE,LAKE ELMO,6/24/2026 9:02:42 AM,WC26030930,"8XXX  50TH ST N, LAKE ELMO",CIVIL MATTER/DISPUTE
WASHINGTON COUNTY SHERIFFS OFFICE,LAKE ELMO,6/24/2026 10:54:03 AM,WC26030959,"Unknown, LAKE ELMO",CITIZEN/PUBLIC ASSIST
WASHINGTON COUNTY SHERIFFS OFFICE,LAKE ELMO,6/24/2026 11:17:14 AM,WC26030966,"9XXX  4TH ST N, LAKE ELMO",911 ABANDONED/HANGUP/OPEN LINE
WASHINGTON COUNTY SHERIFFS OFFICE,LAKE ELMO,6/24/2026 12:05:31 PM,WC26030972,"9XXX  5th Street Ln N, LAKE ELMO",MEDICAL
WASHINGTON COUNTY SHERIFFS OFFICE,LAKE ELMO,6/24/2026 2:12:58 PM,WC26030996,"11XXX  Lower 31st St N, LAKE ELMO",MEDICAL
WASHINGTON COUNTY SHERIFFS OFFICE,LAKE ELMO,6/24/2026 2:26:33 PM,WC26031000,"XXX Jade Trl N, LAKE ELMO",MEDICAL
WASHINGTON COUNTY SHERIFFS OFFICE,LAKE ELMO,6/24/2026 2:52:33 PM,WC26031001,"39TH ST N / LAKE ELMO AVE N, LAKE ELMO",TRAFFIC STOP
WASHINGTON COUNTY SHERIFFS OFFICE,LAKE ELMO,6/24/2026 8:29:58 PM,WC26031060,"9XXX  Jade Cir N, LAKE ELMO",ANIMAL COMPLAINT
WASHINGTON COUNTY SHERIFFS OFFICE,LAKE ELMO,6/24/2026 10:28:00 PM,WC26031095,"HWY 36 WB JEO LAKE ELMO AVE N, LAKE ELMO",TRAFFIC STOP
WASHINGTON COUNTY SHERIFFS OFFICE,LAKE ELMO,6/24/2026 10:40:54 PM,WC26031099,"11XXX  Stillwater Blvd N, LAKE ELMO",ALARM-BUSINESS/RES/FIRE/MEDICAL/ETC
WASHINGTON COUNTY SHERIFFS OFFICE,LAKE ELMO,6/25/2026 1:50:00 AM,WC26031125,"LAKE ELMO AVE N / CIMARRON, LAKE ELMO",TRAFFIC STOP
WASHINGTON COUNTY SHERIFFS OFFICE,LAKE ELMO,6/25/2026 10:51:10 AM,WC26031168,"5XXX  Jamaca Ave N, LAKE ELMO",CIVIL MATTER/DISPUTE
WASHINGTON COUNTY SHERIFFS OFFICE,LAKE ELMO,6/25/2026 5:07:48 PM,WC26031235,"10TH ST N / CIMARRON, LAKE ELMO",TRAFFIC STOP
WASHINGTON COUNTY SHERIFFS OFFICE,LAKE ELMO,6/25/2026 5:12:04 PM,WC26031245,"Manning Ave N / 30th St N, LAKE ELMO",ACCIDENT
WASHINGTON COUNTY SHERIFFS OFFICE,LAKE ELMO,6/25/2026 6:40:02 PM,WC26031266,"XXX Cimarron, LAKE ELMO",NOISE COMPLAINT/DISTURBANCE
WASHINGTON COUNTY SHERIFFS OFFICE,LAKE ELMO,6/25/2026 8:15:21 PM,WC26031271,"1XXX  Annika Dr N, LAKE ELMO",ALARM-BUSINESS/RES/FIRE/MEDICAL/ETC
WASHINGTON COUNTY SHERIFFS OFFICE,LAKE ELMO,6/26/2026 7:16:41 AM,WC26031349,"11XXX  Stillwater Blvd N, LAKE ELMO",ALARM-BUSINESS/RES/FIRE/MEDICAL/ETC
WASHINGTON COUNTY SHERIFFS OFFICE,LAKE ELMO,6/26/2026 7:20:20 AM,WC26031350,"12XXX  55th St N, LAKE ELMO",ALARM-BUSINESS/RES/FIRE/MEDICAL/ETC
WASHINGTON COUNTY SHERIFFS OFFICE,LAKE ELMO,6/26/2026 7:39:33 AM,WC26031352,"8XXX  36th St N, LAKE ELMO",DUMPING COMPLAINT
WASHINGTON COUNTY SHERIFFS OFFICE,LAKE ELMO,6/26/2026 10:26:39 AM,WC26031391,"XX Cimarron, LAKE ELMO",FAMILY ASSIST
WASHINGTON COUNTY SHERIFFS OFFICE,LAKE ELMO,6/26/2026 11:09:31 AM,WC26031401,"1XXX  Keats Ave N, LAKE ELMO",WANTED PERSON-KOPS ALERT/ATL
WASHINGTON COUNTY SHERIFFS OFFICE,LAKE ELMO,6/26/2026 12:18:22 PM,WC26031415,"XX Cimarron, LAKE ELMO",WELFARE CHECK
WASHINGTON COUNTY SHERIFFS OFFICE,LAKE ELMO,6/26/2026 12:47:11 PM,WC26031408,"1XXX  Keats Ave N, LAKE ELMO",ACCIDENT
WASHINGTON COUNTY SHERIFFS OFFICE,LAKE ELMO,6/26/2026 12:55:34 PM,WC26031410,"9XXX  Jade Cir N, LAKE ELMO",MEDICAL
WASHINGTON COUNTY SHERIFFS OFFICE,LAKE ELMO,6/26/2026 1:56:32 PM,WC26031423,"10th St N / Lake Elmo Ave N, LAKE ELMO",ACCIDENT
WASHINGTON COUNTY SHERIFFS OFFICE,LAKE ELMO,6/26/2026 2:20:40 PM,WC26031428,"5XXX  Lake Elmo Ave N, LAKE ELMO",911 ABANDONED/HANGUP/OPEN LINE
WASHINGTON COUNTY SHERIFFS OFFICE,LAKE ELMO,6/26/2026 2:46:00 PM,WC26031431,"XXX Cimarron, LAKE ELMO",THEFT
WASHINGTON COUNTY SHERIFFS OFFICE,LAKE ELMO,6/26/2026 3:41:32 PM,WC26031442,"I94 Wb To Keats Ave N Ramp, LAKE ELMO",ASSIST OTHER AGENCY
WASHINGTON COUNTY SHERIFFS OFFICE,LAKE ELMO,6/26/2026 3:59:50 PM,WC26031447,"5th St N / Keats Ave N, LAKE ELMO",ANIMAL COMPLAINT
WASHINGTON COUNTY SHERIFFS OFFICE,LAKE ELMO,6/26/2026 4:09:51 PM,WC26031450,"Lake Elmo, LAKE ELMO",WATERCRAFT COMPLAINT
WASHINGTON COUNTY SHERIFFS OFFICE,LAKE ELMO,6/26/2026 4:46:47 PM,WC26031455,"2XXX  Keats Ave N, LAKE ELMO",SUSPICIOUS PERSON/ACTIVITY
WASHINGTON COUNTY SHERIFFS OFFICE,LAKE ELMO,6/26/2026 5:41:29 PM,WC26031471,"4XXX  Kimbro Ave N, LAKE ELMO",OFFICER INFORMATION
WASHINGTON COUNTY SHERIFFS OFFICE,LAKE ELMO,6/26/2026 6:24:00 PM,WC26031474,"8XXX  22nd St N, LAKE ELMO",911 ABANDONED/HANGUP/OPEN LINE
WASHINGTON COUNTY SHERIFFS OFFICE,LAKE ELMO,6/26/2026 7:31:51 PM,WC26031482,"8XXX  Lake Jane Trl N, LAKE ELMO",PARK COMPLAINT
WASHINGTON COUNTY SHERIFFS OFFICE,LAKE ELMO,6/26/2026 9:11:10 PM,WC26031489,"10XXX  Tapestry Bnd, LAKE ELMO",PARKING COMPLAINT
WASHINGTON COUNTY SHERIFFS OFFICE,LAKE ELMO,6/26/2026 9:13:14 PM,WC26031490,"1XXX  Keats Ave N, LAKE ELMO",thef
WASHINGTON COUNTY SHERIFFS OFFICE,LAKE ELMO,6/27/2026 10:59:00 AM,WC26031563,"Highway 36, LAKE ELMO",TRAFFIC STOP
WASHINGTON COUNTY SHERIFFS OFFICE,LAKE ELMO,6/27/2026 11:33:52 AM,WC26031570,"Hwy 36 Eb At Keats Ave N, LAKE ELMO",ROAD HAZARD
WASHINGTON COUNTY SHERIFFS OFFICE,LAKE ELMO,6/27/2026 12:18:00 PM,WC26031576,"STILLWATER BLVD N / LAVERNE AVE N, LAKE ELMO",TRAFFIC STOP
WASHINGTON COUNTY SHERIFFS OFFICE,LAKE ELMO,6/27/2026 2:29:12 PM,WC26031582,"Lake Elmo Ave N At Hwy 36, LAKE ELMO",DISORDERLY CONDUCT
WASHINGTON COUNTY SHERIFFS OFFICE,LAKE ELMO,6/27/2026 3:07:08 PM,WC26031585,"39th St N / Lake Elmo Ave N, LAKE ELMO",ACCIDENT
WASHINGTON COUNTY SHERIFFS OFFICE,LAKE ELMO,6/27/2026 8:15:06 PM,WC26031630,"XXX Julia Ave N, LAKE ELMO",ALARM-BUSINESS/RES/FIRE/MEDICAL/ETC
WASHINGTON COUNTY SHERIFFS OFFICE,LAKE ELMO,6/27/2026 10:52:00 PM,WC26031652,"NB Inwood Ave N JSO 26th St N, LAKE ELMO",TRAFFIC STOP
WASHINGTON COUNTY SHERIFFS OFFICE,LAKE SAINT CROIX BEACH,6/21/2026 9:16:32 AM,WC26030347,"1XXX  Quant Ave S, LAKE SAINT CROIX BEACH",CITIZEN/PUBLIC ASSIST
WASHINGTON COUNTY SHERIFFS OFFICE,LAKE SAINT CROIX BEACH,6/22/2026 8:07:01 AM,WC26030507,"2XXX  Quarry Ave S, LAKE SAINT CROIX BEACH",911 ABANDONED/HANGUP/OPEN LINE
WASHINGTON COUNTY SHERIFFS OFFICE,LAKE SAINT CROIX BEACH,6/22/2026 2:29:38 PM,WC26030596,"SAINT CROIX TRL S / 19TH ST S, LAKE SAINT CROIX BEACH",TRAFFIC STOP
WASHINGTON COUNTY SHERIFFS OFFICE,LAKE SAINT CROIX BEACH,6/22/2026 9:57:05 PM,WC26030673,"1XXX  Quinlan Cir S, LAKE SAINT CROIX BEACH",WELFARE CHECK
WASHINGTON COUNTY SHERIFFS OFFICE,LAKE SAINT CROIX BEACH,6/24/2026 7:56:09 AM,WC26030926,"1XXX  Riviera Ave S, LAKE SAINT CROIX BEACH",MEDICAL
WASHINGTON COUNTY SHERIFFS OFFICE,LAKE SAINT CROIX BEACH,6/25/2026 12:10:46 PM,WC26031177,"1XXX  Quant Ave S, LAKE SAINT CROIX BEACH",CITIZEN/PUBLIC ASSIST
WASHINGTON COUNTY SHERIFFS OFFICE,LAKE SAINT CROIX BEACH,6/25/2026 2:08:30 PM,WC26031195,"1XXX  Riviera Ave S, LAKE SAINT CROIX BEACH",MEDICAL
WASHINGTON COUNTY SHERIFFS OFFICE,LAKE SAINT CROIX BEACH,6/25/2026 10:12:46 PM,WC26031309,"16XXX  16th St S, LAKE SAINT CROIX BEACH",SUSPICIOUS PERSON/ACTIVITY
WASHINGTON COUNTY SHERIFFS OFFICE,LAKE SAINT CROIX BEACH,6/27/2026 7:59:34 PM,WC26031628,"Quebec Ave S / 21st St S, LAKE SAINT CROIX BEACH",BURNING COMPLAINT
WASHINGTON COUNTY SHERIFFS OFFICE,LAKE SAINT CROIX BEACH,6/27/2026 11:29:05 PM,WC26031655,"1XXX  Saint Croix Trl S, LAKE SAINT CROIX BEACH",OFFICER INFORMATION
WASHINGTON COUNTY SHERIFFS OFFICE,LAKELAND,6/21/2026 10:56:17 AM,WC26030359,"SAINT CROIX RIVER-LL, LAKELAND",BOAT STOP
WASHINGTON COUNTY SHERIFFS OFFICE,LAKELAND,6/21/2026 4:39:59 PM,WC26030400,"XXX Quehl Ave N, LAKELAND",911 ABANDONED/HANGUP/OPEN LINE
WASHINGTON COUNTY SHERIFFS OFFICE,LAKELAND,6/21/2026 5:45:12 PM,WC26030414,"SAINT CROIX RIVER-LL, LAKELAND",BOAT STOP
WASHINGTON COUNTY SHERIFFS OFFICE,LAKELAND,6/21/2026 6:04:24 PM,WC26030417,"2nd St N / Quality Ave N, LAKELAND",FIRE
WASHINGTON COUNTY SHERIFFS OFFICE,LAKELAND,6/22/2026 4:41:52 AM,WC26030499,"XXX Saint Croix Trl S, LAKELAND",ALARM-BUSINESS/RES/FIRE/MEDICAL/ETC
WASHINGTON COUNTY SHERIFFS OFFICE,LAKELAND,6/22/2026 7:24:43 PM,WC26030644,"16XXX  1st St N, LAKELAND",ANIMAL COMPLAINT
WASHINGTON COUNTY SHERIFFS OFFICE,LAKELAND,6/22/2026 8:07:30 PM,WC26030650,"I94 Eb At Saint Croix Trl N, LAKELAND",WELFARE CHECK
WASHINGTON COUNTY SHERIFFS OFFICE,LAKELAND,6/25/2026 12:47:38 PM,WC26031179,"16XXX  Upper 2nd St N, LAKELAND",LOST PROPERTY/ITEM
WASHINGTON COUNTY SHERIFFS OFFICE,LAKELAND,6/27/2026 12:16:55 AM,WC26031525,"1XXX  Rivercrest Rd N, LAKELAND",911 ABANDONED/HANGUP/OPEN LINE
WASHINGTON COUNTY SHERIFFS OFFICE,LAKELAND,6/27/2026 4:24:06 PM,WC26031596,"SAINT CROIX RIVER HUDSON CHANNEL-LL, LAKELAND",WATERCRAFT ASSIST/RESCUE
WASHINGTON COUNTY SHERIFFS OFFICE,LAKELAND SHORES,6/25/2026 4:22:52 PM,WC26031223,"XXX Saint Croix Trl S, LAKELAND SHORES",CITIZEN/PUBLIC ASSIST
WASHINGTON COUNTY SHERIFFS OFFICE,LAKELAND SHORES,6/26/2026 1:03:56 PM,WC26031412,"XXX Saint Croix Trl S, LAKELAND SHORES",CIVIL MATTER/DISPUTE
WASHINGTON COUNTY SHERIFFS OFFICE,LANDFALL,6/22/2026 3:13:16 AM,WC26030489,"XXX Dellwood Sq S, LANDFALL",ANIMAL COMPLAINT
WASHINGTON COUNTY SHERIFFS OFFICE,LANDFALL,6/23/2026 2:07:34 PM,WC26030833,"DELLWOOD LN / DELLWOOD SQ N, LANDFALL",CITIZEN/PUBLIC ASSIST
WASHINGTON COUNTY SHERIFFS OFFICE,LANDFALL,6/24/2026 5:08:46 PM,WC26031032,"XXX Dellwood Sq N, LANDFALL",CITIZEN/PUBLIC ASSIST
WASHINGTON COUNTY SHERIFFS OFFICE,MAHTOMEDI,6/21/2026 1:29:50 AM,WC26030312,"XXX Stillwater Rd, MAHTOMEDI",ASSIST OTHER AGENCY
WASHINGTON COUNTY SHERIFFS OFFICE,MAHTOMEDI,6/21/2026 2:15:38 AM,WC26030318,"1XXX  Echo Lake Ct, MAHTOMEDI",SUSPICIOUS PERSON/ACTIVITY
WASHINGTON COUNTY SHERIFFS OFFICE,MAHTOMEDI,6/21/2026 3:05:00 AM,WC26030323,"I694 Southbound East of Century Avenue, MAHTOMEDI",TRAFFIC STOP
WASHINGTON COUNTY SHERIFFS OFFICE,MAHTOMEDI,6/21/2026 3:57:22 AM,WC26030326,"1XXX  Echo Lake Ct, MAHTOMEDI",FOLLOW UP
WASHINGTON COUNTY SHERIFFS OFFICE,MAHTOMEDI,6/21/2026 5:20:31 AM,WC26030329,"XXX Wildwood Rd, MAHTOMEDI",911 ABANDONED/HANGUP/OPEN LINE
WASHINGTON COUNTY SHERIFFS OFFICE,MAHTOMEDI,6/21/2026 10:28:37 AM,WC26030355,"Unknown, MAHTOMEDI",CITIZEN/PUBLIC ASSIST
WASHINGTON COUNTY SHERIFFS OFFICE,MAHTOMEDI,6/21/2026 4:15:14 PM,WC26030394,"XXX STILLWATER RD, MAHTOMEDI",CITIZEN/PUBLIC ASSIST
WASHINGTON COUNTY SHERIFFS OFFICE,MAHTOMEDI,6/21/2026 5:27:57 PM,WC26030411,"XXX Wildwood Rd, MAHTOMEDI",SUSPICIOUS PERSON/ACTIVITY
WASHINGTON COUNTY SHERIFFS OFFICE,MAHTOMEDI,6/21/2026 6:20:37 PM,WC26030418,"XXX Stillwater Rd, MAHTOMEDI",911 ABANDONED/HANGUP/OPEN LINE
WASHINGTON COUNTY SHERIFFS OFFICE,MAHTOMEDI,6/21/2026 6:22:30 PM,WC26030420,"XXX East Ave, MAHTOMEDI",OFFICER INFORMATION
WASHINGTON COUNTY SHERIFFS OFFICE,MAHTOMEDI,6/21/2026 7:14:39 PM,WC26030431,"XXX Wildwood Rd, MAHTOMEDI",MEDICAL
WASHINGTON COUNTY SHERIFFS OFFICE,MAHTOMEDI,6/21/2026 9:00:33 PM,WC26030454,"XXX Lincolntown Ave, MAHTOMEDI",WELFARE CHECK
WASHINGTON COUNTY SHERIFFS OFFICE,MAHTOMEDI,6/21/2026 9:21:19 PM,WC26030458,"XXX Wildwood Rd, MAHTOMEDI",SUSPICIOUS PERSON/ACTIVITY
WASHINGTON COUNTY SHERIFFS OFFICE,MAHTOMEDI,6/22/2026 4:14:27 AM,WC26030497,"XX Long Lake Rd, MAHTOMEDI",VEHICLE UNLOCK
WASHINGTON COUNTY SHERIFFS OFFICE,MAHTOMEDI,6/22/2026 9:12:52 AM,WC26030520,"1XXX  Lincolntown Ave, MAHTOMEDI",PARK COMPLAINT
WASHINGTON COUNTY SHERIFFS OFFICE,MAHTOMEDI,6/22/2026 9:59:00 AM,WC26030541,"HILTON TRL N / HALLAM AVE S, MAHTOMEDI",TRAFFIC STOP
WASHINGTON COUNTY SHERIFFS OFFICE,MAHTOMEDI,6/22/2026 12:28:09 PM,WC26030568,"3XXX  Century Ave, MAHTOMEDI",MEDICAL
WASHINGTON COUNTY SHERIFFS OFFICE,MAHTOMEDI,6/22/2026 12:45:45 PM,WC26030571,"WOODLAND DR / CENTURY AVE N, MAHTOMEDI",SUSPICIOUS PERSON/ACTIVITY
WASHINGTON COUNTY SHERIFFS OFFICE,MAHTOMEDI,6/22/2026 5:19:03 PM,WC26030624,"XXX Stillwater Rd, MAHTOMEDI",MEDICAL
WASHINGTON COUNTY SHERIFFS OFFICE,MAHTOMEDI,6/22/2026 5:43:11 PM,WC26030628,"XXX Kale St, MAHTOMEDI",CITIZEN/PUBLIC ASSIST
WASHINGTON COUNTY SHERIFFS OFFICE,MAHTOMEDI,6/22/2026 6:50:27 PM,WC26030638,"1XXX  LINCOLNTOWN AVE, MAHTOMEDI",TRAFFIC STOP
WASHINGTON COUNTY SHERIFFS OFFICE,MAHTOMEDI,6/22/2026 8:31:57 PM,WC26030661,"XXX Griffin Ct, MAHTOMEDI",CITIZEN/PUBLIC ASSIST
WASHINGTON COUNTY SHERIFFS OFFICE,MAHTOMEDI,6/22/2026 9:14:04 PM,WC26030663,"1XXX  Park Ave, MAHTOMEDI",ORDINANCE VIOLATION
WASHINGTON COUNTY SHERIFFS OFFICE,MAHTOMEDI,6/22/2026 9:34:07 PM,WC26030670,"XX Mahtomedi Ave, MAHTOMEDI",WELFARE CHECK
WASHINGTON COUNTY SHERIFFS OFFICE,MAHTOMEDI,6/22/2026 10:35:16 PM,WC26030682,"XXX Quail St, MAHTOMEDI",MEDICAL
WASHINGTON COUNTY SHERIFFS OFFICE,MAHTOMEDI,6/22/2026 10:37:15 PM,WC26030679,"1XXX  LINCOLNTOWN AVE, MAHTOMEDI",ORDINANCE VIOLATION
WASHINGTON COUNTY SHERIFFS OFFICE,MAHTOMEDI,6/23/2026 5:26:28 AM,WC26030719,"XXX East Ave, MAHTOMEDI",911 ABANDONED/HANGUP/OPEN LINE
WASHINGTON COUNTY SHERIFFS OFFICE,MAHTOMEDI,6/23/2026 12:37:49 PM,WC26030805,"XXX Warner Ave N, MAHTOMEDI",MEDICAL
WASHINGTON COUNTY SHERIFFS OFFICE,MAHTOMEDI,6/23/2026 1:02:57 PM,WC26030812,"XXX Wedgewood Dr, MAHTOMEDI",WELFARE CHECK
WASHINGTON COUNTY SHERIFFS OFFICE,MAHTOMEDI,6/23/2026 5:56:18 PM,WC26030859,"XX Long Lake Rd, MAHTOMEDI",911 ABANDONED/HANGUP/OPEN LINE
WASHINGTON COUNTY SHERIFFS OFFICE,MAHTOMEDI,6/23/2026 6:22:47 PM,WC26030865,"XX MAHTOMEDI AVE, MAHTOMEDI",WELFARE CHECK
WASHINGTON COUNTY SHERIFFS OFFICE,MAHTOMEDI,6/23/2026 8:29:34 PM,WC26030870,"XXX Hallam Curv, MAHTOMEDI",FOLLOW UP
WASHINGTON COUNTY SHERIFFS OFFICE,MAHTOMEDI,6/23/2026 9:49:43 PM,WC26030876,"XXX Mahtomedi Ave, MAHTOMEDI",ALARM-BUSINESS/RES/FIRE/MEDICAL/ETC
WASHINGTON COUNTY SHERIFFS OFFICE,MAHTOMEDI,6/24/2026 12:18:21 AM,WC26030888,"XXX STILLWATER RD, MAHTOMEDI",SUSPICIOUS PERSON/ACTIVITY
WASHINGTON COUNTY SHERIFFS OFFICE,MAHTOMEDI,6/24/2026 4:40:53 AM,WC26030910,"XXX East Ave, MAHTOMEDI",MEDICAL
WASHINGTON COUNTY SHERIFFS OFFICE,MAHTOMEDI,6/24/2026 7:36:33 AM,WC26030924,"XXX East Ave, MAHTOMEDI",CIVIL MATTER/DISPUTE
WASHINGTON COUNTY SHERIFFS OFFICE,MAHTOMEDI,6/24/2026 9:20:44 AM,WC26030932,"XXX Wedgewood Dr, MAHTOMEDI",ALARM-BUSINESS/RES/FIRE/MEDICAL/ETC
WASHINGTON COUNTY SHERIFFS OFFICE,MAHTOMEDI,6/24/2026 1:24:47 PM,WC26030984,"Unknown, MAHTOMEDI",CITIZEN/PUBLIC ASSIST
WASHINGTON COUNTY SHERIFFS OFFICE,MAHTOMEDI,6/24/2026 2:06:06 PM,WC26030994,"XX Long Lake Rd, MAHTOMEDI",911 ABANDONED/HANGUP/OPEN LINE
WASHINGTON COUNTY SHERIFFS OFFICE,MAHTOMEDI,6/24/2026 6:33:43 PM,WC26031050,"XXX Wildwood Rd, MAHTOMEDI",MEDICAL
WASHINGTON COUNTY SHERIFFS OFFICE,MAHTOMEDI,6/24/2026 8:40:47 PM,WC26031062,"XXX Stillwater Rd, MAHTOMEDI",CIVIL MATTER/DISPUTE
WASHINGTON COUNTY SHERIFFS OFFICE,MAHTOMEDI,6/25/2026 11:30:54 AM,WC26031173,"XX Wildwood Beach Rd, MAHTOMEDI",THEFT FROM MOTOR VEHICLE
WASHINGTON COUNTY SHERIFFS OFFICE,MAHTOMEDI,6/25/2026 1:33:45 PM,WC26031185,"XXX Wildwood Rd, MAHTOMEDI",CIVIL MATTER/DISPUTE
WASHINGTON COUNTY SHERIFFS OFFICE,MAHTOMEDI,6/25/2026 1:37:04 PM,WC26031186,"1XXX  East Shore Ave, MAHTOMEDI",FRAUD/SCAM
WASHINGTON COUNTY SHERIFFS OFFICE,MAHTOMEDI,6/25/2026 1:55:04 PM,WC26031191,"XXX East Ave, MAHTOMEDI",FRAUD/SCAM
WASHINGTON COUNTY SHERIFFS OFFICE,MAHTOMEDI,6/25/2026 2:11:54 PM,WC26031197,"XX Mahtomedi Ave, MAHTOMEDI",CITIZEN/PUBLIC ASSIST
WASHINGTON COUNTY SHERIFFS OFFICE,MAHTOMEDI,6/25/2026 4:20:03 PM,WC26031222,"XXX WILDWOOD RD, MAHTOMEDI",FOLLOW UP
WASHINGTON COUNTY SHERIFFS OFFICE,MAHTOMEDI,6/25/2026 9:13:24 PM,WC26031285,"XXX Pineridge Ct, MAHTOMEDI",SUSPICIOUS PERSON/ACTIVITY
WASHINGTON COUNTY SHERIFFS OFFICE,MAHTOMEDI,6/25/2026 10:07:42 PM,WC26031305,"XXX Wedgewood Dr, MAHTOMEDI",JUVENILE COMPLAINT
WASHINGTON COUNTY SHERIFFS OFFICE,MAHTOMEDI,6/25/2026 11:23:40 PM,WC26031319,"XXX Wildwood Rd, MAHTOMEDI",NOISE COMPLAINT/DISTURBANCE
WASHINGTON COUNTY SHERIFFS OFFICE,MAHTOMEDI,6/25/2026 11:54:36 PM,WC26031325,"XXX Griffin Ct, MAHTOMEDI",NOISE COMPLAINT/DISTURBANCE
WASHINGTON COUNTY SHERIFFS OFFICE,MAHTOMEDI,6/26/2026 10:01:50 AM,WC26031376,"XXX Hallam Curv, MAHTOMEDI",MEDICAL
WASHINGTON COUNTY SHERIFFS OFFICE,MAHTOMEDI,6/26/2026 10:42:23 AM,WC26031399,"XXX Rose St, MAHTOMEDI",WELFARE CHECK
WASHINGTON COUNTY SHERIFFS OFFICE,MAHTOMEDI,6/26/2026 3:08:19 PM,WC26031439,"XXX Wildwood Rd, MAHTOMEDI",WELFARE CHECK
WASHINGTON COUNTY SHERIFFS OFFICE,MAHTOMEDI,6/26/2026 3:53:58 PM,WC26031444,"XX Mahtomedi Ave, MAHTOMEDI",WELFARE CHECK
WASHINGTON COUNTY SHERIFFS OFFICE,MAHTOMEDI,6/26/2026 5:37:56 PM,WC26031463,"1XXX  Mahtomedi Ave, MAHTOMEDI",ALARM-BUSINESS/RES/FIRE/MEDICAL/ETC
WASHINGTON COUNTY SHERIFFS OFFICE,MAHTOMEDI,6/26/2026 7:06:08 PM,WC26031480,"XX Birchwood Rd, MAHTOMEDI",MEDICAL
WASHINGTON COUNTY SHERIFFS OFFICE,MAHTOMEDI,6/26/2026 7:43:48 PM,WC26031487,"XXX East Ave, MAHTOMEDI",ALARM-BUSINESS/RES/FIRE/MEDICAL/ETC
WASHINGTON COUNTY SHERIFFS OFFICE,MAHTOMEDI,6/26/2026 8:50:41 PM,WC26031488,"XX Hickory St, MAHTOMEDI",MEDICAL
WASHINGTON COUNTY SHERIFFS OFFICE,MAHTOMEDI,6/26/2026 11:04:49 PM,WC26031504,"XXX WEDGEWOOD DR, MAHTOMEDI",SUSPICIOUS PERSON/ACTIVITY
WASHINGTON COUNTY SHERIFFS OFFICE,MAHTOMEDI,6/26/2026 11:11:06 PM,WC26031506,"1XXX  Park Ave, MAHTOMEDI",SUSPICIOUS PERSON/ACTIVITY
WASHINGTON COUNTY SHERIFFS OFFICE,MAHTOMEDI,6/26/2026 11:22:16 PM,WC26031514,"Wildwood Rd / Lincolntown Ave, MAHTOMEDI",ANIMAL COMPLAINT
WASHINGTON COUNTY SHERIFFS OFFICE,MAHTOMEDI,6/27/2026 12:19:53 AM,WC26031526,"XXX Stillwater Rd, MAHTOMEDI",ASSIST OTHER AGENCY
WASHINGTON COUNTY SHERIFFS OFFICE,MAHTOMEDI,6/27/2026 3:51:55 AM,WC26031539,"XXX WILDWOOD RD, MAHTOMEDI",ASSIST OTHER AGENCY
WASHINGTON COUNTY SHERIFFS OFFICE,MAHTOMEDI,6/27/2026 6:31:00 AM,WC26031545,"XX Mahtomedi Ave, MAHTOMEDI",PARKING VIOLATION
WASHINGTON COUNTY SHERIFFS OFFICE,MAHTOMEDI,6/27/2026 7:22:01 AM,WC26031550,"1XXX  Echo Lake Ct, MAHTOMEDI",WELFARE CHECK
WASHINGTON COUNTY SHERIFFS OFFICE,MAHTOMEDI,6/27/2026 10:17:59 AM,WC26031556,"XXX Mahtomedi Ave, MAHTOMEDI",TRESPASS NOTICE
WASHINGTON COUNTY SHERIFFS OFFICE,MAHTOMEDI,6/27/2026 3:09:34 PM,WC26031586,"WILDWOOD RD / WEDGEWOOD DR, MAHTOMEDI",WELFARE CHECK
WASHINGTON COUNTY SHERIFFS OFFICE,MAHTOMEDI,6/27/2026 3:40:04 PM,WC26031589,"XXX Wildwood Rd, MAHTOMEDI",SUSPICIOUS PERSON/ACTIVITY
WASHINGTON COUNTY SHERIFFS OFFICE,MAHTOMEDI,6/27/2026 7:44:09 PM,WC26031624,"XXX Wedgewood Dr, MAHTOMEDI",911 ABANDONED/HANGUP/OPEN LINE
WASHINGTON COUNTY SHERIFFS OFFICE,MAHTOMEDI,6/27/2026 7:55:39 PM,WC26031627,"XXX Warner Ave S, MAHTOMEDI",GAS LINE CUT
WASHINGTON COUNTY SHERIFFS OFFICE,MAHTOMEDI,6/27/2026 8:24:07 PM,WC26031632,"Hilton Trl N / 72nd St N, MAHTOMEDI",TRAFFIC HAZARD
WASHINGTON COUNTY SHERIFFS OFFICE,MAHTOMEDI,6/27/2026 9:56:29 PM,WC26031646,"STILLWATER RD / KINDROSS RD, MAHTOMEDI",TRAFFIC STOP
WASHINGTON COUNTY SHERIFFS OFFICE,MARINE ON SAINT CROIX,6/24/2026 12:33:51 PM,WC26030975,"XXX 5th St, MARINE ON SAINT CROIX",911 ABANDONED/HANGUP/OPEN LINE
WASHINGTON COUNTY SHERIFFS OFFICE,MARINE ON SAINT CROIX,6/26/2026 12:47:16 AM,WC26031331,"XXX PINE ST, MARINE ON SAINT CROIX",SUSPICIOUS PERSON/ACTIVITY
WASHINGTON COUNTY SHERIFFS OFFICE,MARINE ON SAINT CROIX,6/27/2026 6:32:13 AM,WC26031546,"15XXX  Old Marine Trl N, MARINE ON SAINT CROIX",MEDICAL
WASHINGTON COUNTY SHERIFFS OFFICE,MAY TOWNSHIP,6/21/2026 12:52:58 PM,WC26030376,"14XXX  130th Street Ln N, MAY TOWNSHIP",911 ABANDONED/HANGUP/OPEN LINE
WASHINGTON COUNTY SHERIFFS OFFICE,MAY TOWNSHIP,6/22/2026 10:34:52 PM,WC26030680,"Manning Trl N / 170th St N, MAY TOWNSHIP",ACCIDENT
WASHINGTON COUNTY SHERIFFS OFFICE,MAY TOWNSHIP,6/23/2026 8:33:58 AM,WC26030728,"12XXX  Parade Ave N, MAY TOWNSHIP",DEATH
WASHINGTON COUNTY SHERIFFS OFFICE,MAY TOWNSHIP,6/23/2026 6:10:57 PM,WC26030862,"Manning Trl N / 176th St N, MAY TOWNSHIP",DRIVING COMPLAINT
WASHINGTON COUNTY SHERIFFS OFFICE,MAY TOWNSHIP,6/24/2026 6:23:13 AM,WC26030916,"MANNING TRL N / 155TH ST N, MAY TOWNSHIP",DRIVING COMPLAINT
WASHINGTON COUNTY SHERIFFS OFFICE,MAY TOWNSHIP,6/24/2026 5:58:58 PM,WC26031044,"13XXX  Manning Trl N, MAY TOWNSHIP",ANIMAL COMPLAINT
WASHINGTON COUNTY SHERIFFS OFFICE,MAY TOWNSHIP,6/24/2026 9:31:45 PM,WC26031073,"17XXX  Manning Trl N, MAY TOWNSHIP",PROPERTY DAMAGE
WASHINGTON COUNTY SHERIFFS OFFICE,MAY TOWNSHIP,6/24/2026 9:40:38 PM,WC26031075,"13XXX -block Saint Croix Trl N, MAY TOWNSHIP",ACCIDENT
WASHINGTON COUNTY SHERIFFS OFFICE,MAY TOWNSHIP,6/25/2026 8:11:45 AM,WC26031143,"11XXX  Norell Ave N, MAY TOWNSHIP",DIRECTED PATROL
WASHINGTON COUNTY SHERIFFS OFFICE,MAY TOWNSHIP,6/26/2026 3:39:11 PM,WC26031441,"Arcola Bridge (rr High Brg Swt) - Mn, MAY TOWNSHIP",WELFARE CHECK
WASHINGTON COUNTY SHERIFFS OFFICE,MAY TOWNSHIP,6/26/2026 4:06:40 PM,WC26031448,"11XXX  124th St N, MAY TOWNSHIP",CIVIL MATTER/DISPUTE
WASHINGTON COUNTY SHERIFFS OFFICE,MAY TOWNSHIP,6/26/2026 6:46:51 PM,WC26031477,"Arcola Bridge (rr High Brg Swt) - Mn, MAY TOWNSHIP",DISTURBANCE
WASHINGTON COUNTY SHERIFFS OFFICE,MAY TOWNSHIP,6/26/2026 10:46:50 PM,WC26031499,"11XXX  NORELL AVE N, MAY TOWNSHIP",SUSPICIOUS PERSON/ACTIVITY
WASHINGTON COUNTY SHERIFFS OFFICE,MAY TOWNSHIP,6/27/2026 10:55:40 AM,WC26031564,"15XXX  Square Lake Trl N, MAY TOWNSHIP",SUSPICIOUS PERSON/ACTIVITY
WASHINGTON COUNTY SHERIFFS OFFICE,MAY TOWNSHIP,6/27/2026 4:00:56 PM,WC26031594,"Manning Trl N / 170th St N, MAY TOWNSHIP",DRIVING COMPLAINT
WASHINGTON COUNTY SHERIFFS OFFICE,MAY TOWNSHIP,6/27/2026 4:03:22 PM,WC26031593,"17XXX  MANNING TRL N, MAY TOWNSHIP",PARKING VIOLATION
WASHINGTON COUNTY SHERIFFS OFFICE,MAY TOWNSHIP,6/27/2026 4:12:44 PM,WC26031595,"Manning Trl N / 170th St N, MAY TOWNSHIP",DRIVING COMPLAINT
WASHINGTON COUNTY SHERIFFS OFFICE,MAY TOWNSHIP,6/27/2026 4:25:00 PM,WC26031598,"MANNING TRL N / 155TH ST N, MAY TOWNSHIP",TRAFFIC STOP
WASHINGTON COUNTY SHERIFFS OFFICE,NEWPORT,6/21/2026 12:34:00 AM,WC26030305,"2XXX  Hastings Ave, NEWPORT",DISORDERLY CONDUCT
WASHINGTON COUNTY SHERIFFS OFFICE,NEWPORT,6/21/2026 2:55:23 AM,WC26030322,"XX HWY 61 SB JSO GLEN RD, NEWPORT",ACCIDENT
WASHINGTON COUNTY SHERIFFS OFFICE,NEWPORT,6/21/2026 8:14:42 AM,WC26030338,"1XXX  8th Ave, NEWPORT",MOTOR VEHICLE THEFT
WASHINGTON COUNTY SHERIFFS OFFICE,NEWPORT,6/21/2026 10:56:42 AM,WC26030360,"1XXX  Hastings Ave, NEWPORT",911 ABANDONED/HANGUP/OPEN LINE
WASHINGTON COUNTY SHERIFFS OFFICE,NEWPORT,6/21/2026 11:59:53 AM,WC26030369,"XXX 17th St, NEWPORT",MEDICAL
WASHINGTON COUNTY SHERIFFS OFFICE,NEWPORT,6/21/2026 5:03:32 PM,WC26030407,"1XXX  Hastings Ave, NEWPORT",UNWANTED PERSON/VEHICLE
WASHINGTON COUNTY SHERIFFS OFFICE,NEWPORT,6/21/2026 5:34:37 PM,WC26030412,"2XXX  Hastings Ave, NEWPORT",MEDICAL
WASHINGTON COUNTY SHERIFFS OFFICE,NEWPORT,6/21/2026 9:06:38 PM,WC26030455,"XXX Hastings Ave, NEWPORT",DISTURBANCE
WASHINGTON COUNTY SHERIFFS OFFICE,NEWPORT,6/22/2026 12:00:00 AM,WC26030616,"Highway 61 & 70 Street South, NEWPORT",TRAFFIC STOP
WASHINGTON COUNTY SHERIFFS OFFICE,NEWPORT,6/22/2026 12:36:53 AM,WC26030476,"1XXX  10TH AVE, NEWPORT",MEDICAL
WASHINGTON COUNTY SHERIFFS OFFICE,NEWPORT,6/22/2026 8:31:12 AM,WC26030511,"1XXX  12th St, NEWPORT",OFFICER INFORMATION
WASHINGTON COUNTY SHERIFFS OFFICE,NEWPORT,6/22/2026 11:05:17 AM,WC26030554,"XXX 12th St, NEWPORT",MEDICAL
WASHINGTON COUNTY SHERIFFS OFFICE,NEWPORT,6/22/2026 12:04:17 PM,WC26030564,"Unknown, NEWPORT",FOLLOW UP
WASHINGTON COUNTY SHERIFFS OFFICE,NEWPORT,6/22/2026 1:21:31 PM,WC26030578,"XXX 18th St, NEWPORT",MEDICAL
WASHINGTON COUNTY SHERIFFS OFFICE,NEWPORT,6/22/2026 1:54:00 PM,WC26030584,"BAILEY RD / POINT DOUGLAS RD, NEWPORT",TRAFFIC STOP
WASHINGTON COUNTY SHERIFFS OFFICE,NEWPORT,6/22/2026 1:54:17 PM,WC26030586,"Maxwell Ave At I494, NEWPORT",ASSIST OTHER AGENCY
WASHINGTON COUNTY SHERIFFS OFFICE,NEWPORT,6/22/2026 3:11:16 PM,WC26030601,"2XXX  - 2198 HASTINGS AVE, NEWPORT",DIRECTED PATROL
WASHINGTON COUNTY SHERIFFS OFFICE,NEWPORT,6/22/2026 3:20:00 PM,WC26030604,"BAILEY RD OVER I494, NEWPORT",TRAFFIC STOP
WASHINGTON COUNTY SHERIFFS OFFICE,NEWPORT,6/22/2026 3:23:26 PM,WC26030607,"2XXX  Hastings Ave, NEWPORT",MEDICAL
WASHINGTON COUNTY SHERIFFS OFFICE,NEWPORT,6/22/2026 5:16:09 PM,WC26030622,"I494 EB JEO HWY 61, NEWPORT",ACCIDENT
WASHINGTON COUNTY SHERIFFS OFFICE,NEWPORT,6/22/2026 6:34:05 PM,WC26030634,"1XXX  GLEN RD, NEWPORT",INDECENT EXPOSURE
WASHINGTON COUNTY SHERIFFS OFFICE,NEWPORT,6/22/2026 8:13:37 PM,WC26030652,"XXX Red Rock Xing, NEWPORT",UNWANTED PERSON/VEHICLE
WASHINGTON COUNTY SHERIFFS OFFICE,NEWPORT,6/22/2026 11:33:05 PM,WC26030693,"XXX HASTINGS AVE, NEWPORT",SUSPICIOUS PERSON/ACTIVITY
WASHINGTON COUNTY SHERIFFS OFFICE,NEWPORT,6/23/2026 12:34:19 AM,WC26030698,"1XXX  - 1298 BAILEY RD, NEWPORT",DIRECTED PATROL
WASHINGTON COUNTY SHERIFFS OFFICE,NEWPORT,6/23/2026 12:45:00 AM,WC26030699,"MILITARY RD / CENTURY AVE, NEWPORT",TRAFFIC STOP
WASHINGTON COUNTY SHERIFFS OFFICE,NEWPORT,6/23/2026 8:03:12 AM,WC26030725,"XXX TULARE TER, NEWPORT",ALARM-BUSINESS/RES/FIRE/MEDICAL/ETC
WASHINGTON COUNTY SHERIFFS OFFICE,NEWPORT,6/23/2026 9:27:15 AM,WC26030737,"XXX Red Rock Xing, NEWPORT",MEDICAL
WASHINGTON COUNTY SHERIFFS OFFICE,NEWPORT,6/23/2026 10:38:00 AM,WC26030782,"GLEN RD / HASTINGS AVE, NEWPORT",TRAFFIC STOP
WASHINGTON COUNTY SHERIFFS OFFICE,NEWPORT,6/23/2026 10:59:01 AM,WC26030784,"GLEN RD / WOODBURY RD, NEWPORT",CITIZEN/PUBLIC ASSIST
WASHINGTON COUNTY SHERIFFS OFFICE,NEWPORT,6/23/2026 11:14:00 AM,WC26030788,"5TH AVE / 13TH ST, NEWPORT",TRAFFIC STOP
WASHINGTON COUNTY SHERIFFS OFFICE,NEWPORT,6/23/2026 12:20:43 PM,WC26030803,"XXX Tulare Ter, NEWPORT",911 ABANDONED/HANGUP/OPEN LINE
WASHINGTON COUNTY SHERIFFS OFFICE,NEWPORT,6/23/2026 12:23:37 PM,WC26030804,"1XXX  Hastings Ave, NEWPORT",FRAUD/SCAM
WASHINGTON COUNTY SHERIFFS OFFICE,NEWPORT,6/23/2026 12:58:21 PM,WC26030813,"Unknown, NEWPORT",CITIZEN/PUBLIC ASSIST
WASHINGTON COUNTY SHERIFFS OFFICE,NEWPORT,6/23/2026 1:20:02 PM,WC26030817,"1XXX  10th Ave, NEWPORT",FRAUD/SCAM
WASHINGTON COUNTY SHERIFFS OFFICE,NEWPORT,6/23/2026 1:37:33 PM,WC26030824,"2XXX  Hastings Ave, NEWPORT",ALARM-BUSINESS/RES/FIRE/MEDICAL/ETC
WASHINGTON COUNTY SHERIFFS OFFICE,NEWPORT,6/23/2026 4:14:15 PM,WC26030850,"Unknown, NEWPORT",FOLLOW UP
WASHINGTON COUNTY SHERIFFS OFFICE,NEWPORT,6/23/2026 4:49:31 PM,WC26030856,"XXX 6th St, NEWPORT",911 ABANDONED/HANGUP/OPEN LINE
WASHINGTON COUNTY SHERIFFS OFFICE,NEWPORT,6/23/2026 7:21:39 PM,WC26030867,"1XXX  12TH AVE, NEWPORT",INCIDENT
WASHINGTON COUNTY SHERIFFS OFFICE,NEWPORT,6/23/2026 10:35:00 PM,WC26030879,"XXX 6th St, NEWPORT",911 ABANDONED/HANGUP/OPEN LINE
WASHINGTON COUNTY SHERIFFS OFFICE,NEWPORT,6/23/2026 11:39:15 PM,WC26030885,"1XXX  - 1198 7TH AVE, NEWPORT",DIRECTED PATROL
WASHINGTON COUNTY SHERIFFS OFFICE,NEWPORT,6/24/2026 12:05:12 AM,WC26030886,"1XXX  2nd Ave, NEWPORT",ANIMAL COMPLAINT
WASHINGTON COUNTY SHERIFFS OFFICE,NEWPORT,6/24/2026 1:42:54 AM,WC26030898,"1XXX  2nd Ave, NEWPORT",CIVIL MATTER/DISPUTE
WASHINGTON COUNTY SHERIFFS OFFICE,NEWPORT,6/24/2026 3:11:58 AM,WC26030904,"1XXX  GLEN RD, NEWPORT",SUSPICIOUS PERSON/ACTIVITY
WASHINGTON COUNTY SHERIFFS OFFICE,NEWPORT,6/24/2026 6:51:11 AM,WC26030917,"XXX Red Rock Xing, NEWPORT",911 ABANDONED/HANGUP/OPEN LINE
WASHINGTON COUNTY SHERIFFS OFFICE,NEWPORT,6/24/2026 8:10:37 AM,WC26030927,"1XXX  2nd Ave, NEWPORT",CITIZEN/PUBLIC ASSIST
WASHINGTON COUNTY SHERIFFS OFFICE,NEWPORT,6/24/2026 1:17:00 PM,WC26030981,"RED ROCK RD / MAXWELL AVE, NEWPORT",TRAFFIC STOP
WASHINGTON COUNTY SHERIFFS OFFICE,NEWPORT,6/24/2026 2:52:26 PM,WC26031002,"Bailey Rd / Military Rd, NEWPORT",ROAD HAZARD
WASHINGTON COUNTY SHERIFFS OFFICE,NEWPORT,6/24/2026 3:07:23 PM,WC26031005,"1XXX  10TH AVE, NEWPORT",DISTURBANCE
WASHINGTON COUNTY SHERIFFS OFFICE,NEWPORT,6/24/2026 4:22:32 PM,WC26031019,"6th St / 6th Ave, NEWPORT",CITIZEN/PUBLIC ASSIST
WASHINGTON COUNTY SHERIFFS OFFICE,NEWPORT,6/24/2026 4:31:52 PM,WC26031023,"2XXX  3rd Ave, NEWPORT",PUBLIC WORKS CONCERN
WASHINGTON COUNTY SHERIFFS OFFICE,NEWPORT,6/24/2026 4:49:17 PM,WC26031027,"1XXX  10th Ave, NEWPORT",CITIZEN/PUBLIC ASSIST
WASHINGTON COUNTY SHERIFFS OFFICE,NEWPORT,6/24/2026 4:50:27 PM,WC26031030,"Military Rd / Bailey Rd, NEWPORT",CITIZEN/PUBLIC ASSIST
WASHINGTON COUNTY SHERIFFS OFFICE,NEWPORT,6/24/2026 5:17:00 PM,WC26031033,"Hwy 61 SB @ Maxwell Ave, NEWPORT",TRAFFIC STOP
WASHINGTON COUNTY SHERIFFS OFFICE,NEWPORT,6/24/2026 5:42:00 PM,WC26031037,"Hwy 61 SB @ Maxwell Ave, NEWPORT",TRAFFIC STOP
WASHINGTON COUNTY SHERIFFS OFFICE,NEWPORT,6/24/2026 6:00:00 PM,WC26031042,"Hwy 61 SB @ Maxwell Ave, NEWPORT",TRAFFIC STOP
WASHINGTON COUNTY SHERIFFS OFFICE,NEWPORT,6/24/2026 6:25:06 PM,WC26031046,"1XXX  Hastings Ave, NEWPORT",SUSPICIOUS PERSON/ACTIVITY
WASHINGTON COUNTY SHERIFFS OFFICE,NEWPORT,6/24/2026 6:28:54 PM,WC26031048,"XX Hwy 61 Nb Jno Glen Rd, NEWPORT",DRIVING COMPLAINT
WASHINGTON COUNTY SHERIFFS OFFICE,NEWPORT,6/24/2026 6:33:00 PM,WC26031049,"Hwy 61 SB @ Maxwell Ave, NEWPORT",TRAFFIC STOP
WASHINGTON COUNTY SHERIFFS OFFICE,NEWPORT,6/24/2026 7:55:00 PM,WC26031058,"Hwy 61 SB @ Maxwell Ave, NEWPORT",TRAFFIC STOP
WASHINGTON COUNTY SHERIFFS OFFICE,NEWPORT,6/24/2026 7:55:11 PM,WC26031059,"XXX 21st St, NEWPORT",WELFARE CHECK
WASHINGTON COUNTY SHERIFFS OFFICE,NEWPORT,6/24/2026 9:23:37 PM,WC26031071,"XXX 16th St, NEWPORT",PUBLIC WORKS CONCERN
WASHINGTON COUNTY SHERIFFS OFFICE,NEWPORT,6/24/2026 10:09:55 PM,WC26031088,"HASTINGS AVE / 13TH ST, NEWPORT",ASSIST OTHER AGENCY
WASHINGTON COUNTY SHERIFFS OFFICE,NEWPORT,6/24/2026 10:10:48 PM,WC26031093,"1XXX  Mark Ct, NEWPORT",NOISE COMPLAINT/DISTURBANCE
WASHINGTON COUNTY SHERIFFS OFFICE,NEWPORT,6/24/2026 11:02:00 PM,WC26031105,"1XXX  HASTINGS AVE, NEWPORT",TRAFFIC STOP
WASHINGTON COUNTY SHERIFFS OFFICE,NEWPORT,6/24/2026 11:04:07 PM,WC26031107,"1XXX  Mark Ct, NEWPORT",NOISE COMPLAINT/DISTURBANCE
WASHINGTON COUNTY SHERIFFS OFFICE,NEWPORT,6/25/2026 8:55:22 AM,WC26031148,"1XXX  1st Ave, NEWPORT",911 ABANDONED/HANGUP/OPEN LINE
WASHINGTON COUNTY SHERIFFS OFFICE,NEWPORT,6/25/2026 10:34:43 AM,WC26031165,"6th Ave / 6th St., NEWPORT",TRAFFIC COMPLAINT
WASHINGTON COUNTY SHERIFFS OFFICE,NEWPORT,6/25/2026 2:48:00 PM,WC26031202,"BAILEY RD / POINT DOUGLAS RD, NEWPORT",TRAFFIC STOP
WASHINGTON COUNTY SHERIFFS OFFICE,NEWPORT,6/25/2026 8:49:42 PM,WC26031274,"2XXX  Hastings Ave, NEWPORT",MEDICAL
WASHINGTON COUNTY SHERIFFS OFFICE,NEWPORT,6/25/2026 8:54:00 PM,WC26031275,"HWY 61 SB AT MAXWELL AV, NEWPORT",TRAFFIC STOP
WASHINGTON COUNTY SHERIFFS OFFICE,NEWPORT,6/25/2026 9:17:00 PM,WC26031283,"HWY 61 SB AT MAXWELL AVE, NEWPORT",TRAFFIC STOP
WASHINGTON COUNTY SHERIFFS OFFICE,NEWPORT,6/25/2026 9:41:00 PM,WC26031292,"HWY 61 SB AT MAXWELL AVE, NEWPORT",TRAFFIC STOP
WASHINGTON COUNTY SHERIFFS OFFICE,NEWPORT,6/25/2026 10:09:00 PM,WC26031303,"Hwy 61 SB @ Maxwell Ave, NEWPORT",TRAFFIC STOP
WASHINGTON COUNTY SHERIFFS OFFICE,NEWPORT,6/25/2026 10:15:00 PM,WC26031307,"HWY 61 SB AT MAXWELL AVE, NEWPORT",TRAFFIC STOP
WASHINGTON COUNTY SHERIFFS OFFICE,NEWPORT,6/25/2026 10:31:00 PM,WC26031310,"Hwy 61 SB @ Maxwell Ave, NEWPORT",TRAFFIC STOP
WASHINGTON COUNTY SHERIFFS OFFICE,NEWPORT,6/25/2026 11:19:00 PM,WC26031317,"Hwy 61 SB @ Maxwell Ave, NEWPORT",TRAFFIC STOP
WASHINGTON COUNTY SHERIFFS OFFICE,NEWPORT,6/25/2026 11:34:51 PM,WC26031320,"GLEN RD OVER HWY 61, NEWPORT",TRAFFIC STOP
WASHINGTON COUNTY SHERIFFS OFFICE,NEWPORT,6/26/2026 7:39:02 AM,WC26031351,"1XXX  Hastings Ave, NEWPORT",TRESPASSING
WASHINGTON COUNTY SHERIFFS OFFICE,NEWPORT,6/26/2026 9:03:04 AM,WC26031360,"Century Ave / Glen Rd, NEWPORT",TRAFFIC COMPLAINT
WASHINGTON COUNTY SHERIFFS OFFICE,NEWPORT,6/26/2026 9:46:03 AM,WC26031371,"1XXX  GLEN RD, NEWPORT",OTHER
WASHINGTON COUNTY SHERIFFS OFFICE,NEWPORT,6/26/2026 11:24:27 AM,WC26031402,"XXX Hastings Ave, NEWPORT",CITIZEN/PUBLIC ASSIST
WASHINGTON COUNTY SHERIFFS OFFICE,NEWPORT,6/26/2026 11:28:34 AM,WC26031403,"1XXX  2nd Ave, NEWPORT",WELFARE CHECK
WASHINGTON COUNTY SHERIFFS OFFICE,NEWPORT,6/26/2026 4:27:06 PM,WC26031452,"1XXX  Hastings Ave, NEWPORT",MEDICAL
WASHINGTON COUNTY SHERIFFS OFFICE,NEWPORT,6/26/2026 5:13:48 PM,WC26031461,"4th Ave / 15th St, NEWPORT",SUSPICIOUS PERSON/ACTIVITY
WASHINGTON COUNTY SHERIFFS OFFICE,NEWPORT,6/26/2026 5:45:48 PM,WC26031464,"1XXX  2nd Ave, NEWPORT",ALARM-BUSINESS/RES/FIRE/MEDICAL/ETC
WASHINGTON COUNTY SHERIFFS OFFICE,NEWPORT,6/26/2026 6:00:16 PM,WC26031467,"XXX 7th Ave, NEWPORT",FIRE
WASHINGTON COUNTY SHERIFFS OFFICE,NEWPORT,6/26/2026 6:02:37 PM,WC26031468,"1XXX  Mark Ct, NEWPORT",SUSPICIOUS PERSON/ACTIVITY
WASHINGTON COUNTY SHERIFFS OFFICE,NEWPORT,6/26/2026 11:30:28 PM,WC26031516,"1XXX  HASTINGS AVE, NEWPORT",OFFICER INFORMATION
WASHINGTON COUNTY SHERIFFS OFFICE,NEWPORT,6/26/2026 11:33:11 PM,WC26031517,"1XXX  HASTINGS AVE, NEWPORT",ASSIST OTHER AGENCY
WASHINGTON COUNTY SHERIFFS OFFICE,NEWPORT,6/26/2026 11:57:00 PM,WC26031523,"1XXX  10th Ave, NEWPORT",ROBBERY
WASHINGTON COUNTY SHERIFFS OFFICE,NEWPORT,6/27/2026 12:46:07 AM,WC26031538,"1XXX  10th Ave, NEWPORT",NOISE COMPLAINT/DISTURBANCE
WASHINGTON COUNTY SHERIFFS OFFICE,NEWPORT,6/27/2026 1:54:41 AM,WC26031537,"1XXX  10th Ave, NEWPORT",MEDICAL
WASHINGTON COUNTY SHERIFFS OFFICE,NEWPORT,6/27/2026 11:11:41 AM,WC26031567,"1XXX  10th Ave, NEWPORT",FOLLOW UP
WASHINGTON COUNTY SHERIFFS OFFICE,NEWPORT,6/27/2026 1:25:54 PM,WC26031579,"1XXX  Hastings Ave, NEWPORT",COUNTERFEIT/FORGERY
WASHINGTON COUNTY SHERIFFS OFFICE,NEWPORT,6/27/2026 4:57:57 PM,WC26031603,"2XXX  1st Ave, NEWPORT",WELFARE CHECK
WASHINGTON COUNTY SHERIFFS OFFICE,NEWPORT,6/27/2026 5:35:27 PM,WC26031608,"1XXX  Hastings Ave, NEWPORT",FRAUD/SCAM
WASHINGTON COUNTY SHERIFFS OFFICE,NEWPORT,6/27/2026 6:27:49 PM,WC26031614,"Hwy 61 Sb Jso I494, NEWPORT",ASSIST OTHER AGENCY
WASHINGTON COUNTY SHERIFFS OFFICE,NEWPORT,6/27/2026 6:40:43 PM,WC26031617,"1XXX  11th Ave, NEWPORT",ANIMAL COMPLAINT
WASHINGTON COUNTY SHERIFFS OFFICE,NEWPORT,6/27/2026 7:33:25 PM,WC26031621,"1XXX  3rd Ave, NEWPORT",PUBLIC WORKS CONCERN
WASHINGTON COUNTY SHERIFFS OFFICE,NEWPORT,6/27/2026 9:23:37 PM,WC26031637,"XX Hwy 61 Nb To I494 Wb Ramp, NEWPORT",TRAFFIC COMPLAINT
WASHINGTON COUNTY SHERIFFS OFFICE,NEWPORT,6/27/2026 10:08:50 PM,WC26031648,"XXX GLEN TER, NEWPORT",MISSING PERSON
WASHINGTON COUNTY SHERIFFS OFFICE,NEWPORT,6/27/2026 11:24:01 PM,WC26031653,"XXX Red Rock Xing, NEWPORT",MEDICAL
WASHINGTON COUNTY SHERIFFS OFFICE,OAK PARK HEIGHTS,6/21/2026 12:29:00 AM,WC26030304,"Highway 36 at Stillwater Blvd N, OAK PARK HEIGHTS",TRAFFIC STOP
WASHINGTON COUNTY SHERIFFS OFFICE,OAK PARK HEIGHTS,6/22/2026 10:14:15 PM,WC26030677,"Saint Croix Crossing Bridge: Hwy 36 Wb - Mn, OAK PARK HEIGHTS",ASSIST OTHER AGENCY
WASHINGTON COUNTY SHERIFFS OFFICE,OAK PARK HEIGHTS,6/23/2026 3:14:00 PM,WC26030841,"OSGOOD AVE N / 56TH ST N, OAK PARK HEIGHTS",TRAFFIC STOP
WASHINGTON COUNTY SHERIFFS OFFICE,OAK PARK HEIGHTS,6/24/2026 9:13:00 PM,WC26031069,"HWY 36 WB JEO OSGOOD AVE N, OAK PARK HEIGHTS",TRAFFIC STOP
WASHINGTON COUNTY SHERIFFS OFFICE,OAK PARK HEIGHTS,6/24/2026 10:11:00 PM,WC26031086,"HWY 95 TO HWY 36 WB RAMP, OAK PARK HEIGHTS",TRAFFIC STOP
WASHINGTON COUNTY SHERIFFS OFFICE,OAK PARK HEIGHTS,6/27/2026 12:19:33 AM,WC26031527,"Saint Croix Crossing Bridge: Hwy 36 Wb - Mn, OAK PARK HEIGHTS",ASSIST OTHER AGENCY
WASHINGTON COUNTY SHERIFFS OFFICE,OAKDALE,6/23/2026 1:18:36 AM,WC26030707,"XXX INWOOD AVE N, OAKDALE",ASSIST OTHER AGENCY
WASHINGTON COUNTY SHERIFFS OFFICE,OAKDALE,6/23/2026 2:50:17 AM,WC26030714,"4XXX  Hamlet Ave N, OAKDALE",ASSIST OTHER AGENCY
WASHINGTON COUNTY SHERIFFS OFFICE,OAKDALE,6/23/2026 3:22:55 PM,WC26030842,"34TH ST N / IDEAL AVE N, OAKDALE",MOTORIST ASSIST
WASHINGTON COUNTY SHERIFFS OFFICE,OAKDALE,6/23/2026 5:53:07 PM,WC26030857,"I694 Sb Jso Hwy 36, OAKDALE",ASSIST OTHER AGENCY
WASHINGTON COUNTY SHERIFFS OFFICE,OAKDALE,6/24/2026 1:20:04 AM,WC26030894,"56XXX -BLK GENEVA AVE N, OAKDALE",ASSIST OTHER AGENCY
WASHINGTON COUNTY SHERIFFS OFFICE,OAKDALE,6/26/2026 12:59:00 AM,WC26031334,"I694 SB JNO 34TH ST N, OAKDALE",DWI
WASHINGTON COUNTY SHERIFFS OFFICE,OAKDALE,6/26/2026 11:15:59 PM,WC26031508,"HWY 36 WB JEO GENEVA AVE N, OAKDALE",TRAFFIC STOP
WASHINGTON COUNTY SHERIFFS OFFICE,OAKDALE,6/27/2026 3:18:25 AM,WC26031536,"3XXX  Genevieve Ave N, OAKDALE",ASSIST OTHER AGENCY
WASHINGTON COUNTY SHERIFFS OFFICE,OAKDALE,6/27/2026 10:28:19 AM,WC26031649,"1XXX  HADLEY AVE N, OAKDALE",ASSIST OTHER AGENCY
WASHINGTON COUNTY SHERIFFS OFFICE,PINE SPRINGS,6/22/2026 11:39:00 PM,WC26030694,"Highway 36 & I694, PINE SPRINGS",TRAFFIC STOP
WASHINGTON COUNTY SHERIFFS OFFICE,PINE SPRINGS,6/23/2026 11:01:00 PM,WC26030880,"HWY 36 WB OVER HILTON TRL N, PINE SPRINGS",TRAFFIC STOP
WASHINGTON COUNTY SHERIFFS OFFICE,PINE SPRINGS,6/24/2026 7:53:18 AM,WC26030925,"3XXX  Long Lake Rd, PINE SPRINGS",CIVIL MATTER/DISPUTE
WASHINGTON COUNTY SHERIFFS OFFICE,PINE SPRINGS,6/24/2026 12:40:16 PM,WC26030977,"3XXX  Long Lake Rd, PINE SPRINGS",CIVIL MATTER/DISPUTE
WASHINGTON COUNTY SHERIFFS OFFICE,PINE SPRINGS,6/26/2026 9:41:36 AM,WC26031367,"3XXX  Long Lake Rd, PINE SPRINGS",FRAUD/SCAM
WASHINGTON COUNTY SHERIFFS OFFICE,SAINT PAUL PARK,6/23/2026 11:47:35 AM,WC26030796,"SUMMIT AVE / 8TH AVE, SAINT PAUL PARK",ASSIST OTHER AGENCY
WASHINGTON COUNTY SHERIFFS OFFICE,SAINT PAUL PARK,6/24/2026 12:13:49 AM,WC26030887,"XXX 4th St, SAINT PAUL PARK",ASSIST OTHER AGENCY
WASHINGTON COUNTY SHERIFFS OFFICE,SCANDIA,6/21/2026 12:45:25 AM,WC26030307,"12XXX  238th St N, SCANDIA",MEDICAL
WASHINGTON COUNTY SHERIFFS OFFICE,SCANDIA,6/21/2026 8:54:57 AM,WC26030343,"Hwy 95 At Pilar Rd N, SCANDIA",ASSIST OTHER AGENCY
WASHINGTON COUNTY SHERIFFS OFFICE,SCANDIA,6/21/2026 12:49:54 PM,WC26030375,"12XXX  182nd St N, SCANDIA",OFFICER INFORMATION
WASHINGTON COUNTY SHERIFFS OFFICE,SCANDIA,6/21/2026 6:35:44 PM,WC26030423,"20XXX  Saint Croix Trl N, SCANDIA",ANIMAL BITE
WASHINGTON COUNTY SHERIFFS OFFICE,SCANDIA,6/21/2026 7:19:21 PM,WC26030435,"12XXX  238th St N, SCANDIA",MEDICAL
WASHINGTON COUNTY SHERIFFS OFFICE,SCANDIA,6/21/2026 8:18:21 PM,WC26030446,"22XXX  Mallard Ave N, SCANDIA",911 ABANDONED/HANGUP/OPEN LINE
WASHINGTON COUNTY SHERIFFS OFFICE,SCANDIA,6/22/2026 1:16:38 AM,WC26030480,"14XXX  Oakhill Rd N, SCANDIA",ALARM-BUSINESS/RES/FIRE/MEDICAL/ETC
WASHINGTON COUNTY SHERIFFS OFFICE,SCANDIA,6/22/2026 7:50:28 PM,WC26030647,"15XXX  240th St N, SCANDIA",MEDICAL
WASHINGTON COUNTY SHERIFFS OFFICE,SCANDIA,6/22/2026 8:51:29 PM,WC26030657,"12XXX  Lakamaga Trl N, SCANDIA",ANIMAL COMPLAINT
WASHINGTON COUNTY SHERIFFS OFFICE,SCANDIA,6/23/2026 3:30:18 AM,WC26030717,"19XXX  Orwell Ave N, SCANDIA",MEDICAL
WASHINGTON COUNTY SHERIFFS OFFICE,SCANDIA,6/23/2026 3:02:46 PM,WC26030840,"19XXX  Newgate Ave N, SCANDIA",CITIZEN/PUBLIC ASSIST
WASHINGTON COUNTY SHERIFFS OFFICE,SCANDIA,6/23/2026 11:04:15 PM,WC26030881,"14XXX  223rd St N, SCANDIA",SUICIDE ATTEMPT/THREATS OF
WASHINGTON COUNTY SHERIFFS OFFICE,SCANDIA,6/24/2026 5:01:07 AM,WC26030912,"Hwy 95 At Obrien Trl N, SCANDIA",ANIMAL COMPLAINT
WASHINGTON COUNTY SHERIFFS OFFICE,SCANDIA,6/24/2026 4:16:33 PM,WC26031017,"19XXX  Newgate Ave N, SCANDIA",SHOTS FIRED/SHOOTING COMPLAINT
WASHINGTON COUNTY SHERIFFS OFFICE,SCANDIA,6/25/2026 8:52:01 AM,WC26031147,"15XXX  240th St N, SCANDIA",MEDICAL
WASHINGTON COUNTY SHERIFFS OFFICE,SCANDIA,6/25/2026 3:38:24 PM,WC26031214,"20XXX  Quint Ave N, SCANDIA",WELFARE CHECK
WASHINGTON COUNTY SHERIFFS OFFICE,SCANDIA,6/25/2026 8:52:59 PM,WC26031277,"12XXX  Lakamaga Trl N, SCANDIA",CITIZEN/PUBLIC ASSIST
WASHINGTON COUNTY SHERIFFS OFFICE,SCANDIA,6/25/2026 11:46:49 PM,WC26031322,"14XXX  SCANDIA TRL N, SCANDIA",SUSPICIOUS PERSON/ACTIVITY
WASHINGTON COUNTY SHERIFFS OFFICE,SCANDIA,6/26/2026 7:13:38 PM,WC26031484,"19XXX  Layton Ave N, SCANDIA",FIREWORKS
WASHINGTON COUNTY SHERIFFS OFFICE,SCANDIA,6/27/2026 1:11:15 AM,WC26031532,"14XXX  Oakhill Ct N, SCANDIA",WELFARE CHECK
WASHINGTON COUNTY SHERIFFS OFFICE,SCANDIA,6/27/2026 11:37:29 AM,WC26031571,"14XXX  Oakhill Ln N, SCANDIA",ACCIDENT
WASHINGTON COUNTY SHERIFFS OFFICE,SCANDIA,6/27/2026 1:07:30 PM,WC26031578,"15XXX  Scandia Trl N, SCANDIA",MEDICAL
WASHINGTON COUNTY SHERIFFS OFFICE,SCANDIA,6/27/2026 1:39:38 PM,WC26031580,"21XXX  Olinda Trl N, SCANDIA",ALARM-BUSINESS/RES/FIRE/MEDICAL/ETC
WASHINGTON COUNTY SHERIFFS OFFICE,SCANDIA,6/27/2026 4:36:57 PM,WC26031601,"22XXX  Peabody Trl N, SCANDIA",ANIMAL COMPLAINT
WASHINGTON COUNTY SHERIFFS OFFICE,SCANDIA,6/27/2026 8:15:22 PM,WC26031631,"21XXX  Ozark Ct N, SCANDIA",SUSPICIOUS PERSON/ACTIVITY
WASHINGTON COUNTY SHERIFFS OFFICE,STILLWATER,6/22/2026 9:39:00 PM,WC26030669,"Highway 36 / Stillwater Blvd N, STILLWATER",TRAFFIC STOP
WASHINGTON COUNTY SHERIFFS OFFICE,STILLWATER,6/22/2026 9:52:00 PM,WC26030672,"HWY 36 WB TO STILLWATER BLVD N RAMP, STILLWATER",TRAFFIC STOP
WASHINGTON COUNTY SHERIFFS OFFICE,STILLWATER,6/23/2026 3:22:36 PM,WC26030843,"Main St S / Nelson St, STILLWATER",ACCIDENT
WASHINGTON COUNTY SHERIFFS OFFICE,STILLWATER,6/23/2026 10:14:03 PM,WC26030877,"1XXX  MARKET DR, STILLWATER",K9 ASSIST
WASHINGTON COUNTY SHERIFFS OFFICE,STILLWATER,6/24/2026 12:48:39 PM,WC26030979,"15XXX  62ND ST N, STILLWATER",ASSIST OTHER AGENCY
WASHINGTON COUNTY SHERIFFS OFFICE,STILLWATER,6/25/2026 2:28:30 PM,WC26031199,"14XXX  62ND ST N, STILLWATER",HRO VIOLATION
WASHINGTON COUNTY SHERIFFS OFFICE,STILLWATER,6/25/2026 4:41:37 PM,WC26031229,"15XXX  62nd St N, STILLWATER",FUGITIVE FROM JUSTICE
WASHINGTON COUNTY SHERIFFS OFFICE,STILLWATER,6/26/2026 2:32:47 PM,WC26031429,"Saint Croix River Jno Lift Bridge-sw, STILLWATER",WATER INCIDENT/VIOLATION
WASHINGTON COUNTY SHERIFFS OFFICE,STILLWATER TOWNSHIP,6/21/2026 12:10:40 AM,WC26030301,"XX Pillar Island, STILLWATER TOWNSHIP",WELFARE CHECK
WASHINGTON COUNTY SHERIFFS OFFICE,STILLWATER TOWNSHIP,6/21/2026 7:25:02 AM,WC26030333,"9XXX  - 9153 SAINT CROIX TRL N, STILLWATER TOWNSHIP",PARKING VIOLATION
WASHINGTON COUNTY SHERIFFS OFFICE,STILLWATER TOWNSHIP,6/21/2026 7:36:05 AM,WC26030334,"9XXX  - 9153 SAINT CROIX TRL N, STILLWATER TOWNSHIP",PARKING VIOLATION
WASHINGTON COUNTY SHERIFFS OFFICE,STILLWATER TOWNSHIP,6/21/2026 1:01:48 PM,WC26030378,"Norell Ave N / Dellwood Rd N, STILLWATER TOWNSHIP",MEDICAL
WASHINGTON COUNTY SHERIFFS OFFICE,STILLWATER TOWNSHIP,6/23/2026 1:45:51 PM,WC26030827,"15XXX  113th St N, STILLWATER TOWNSHIP",ALARM-BUSINESS/RES/FIRE/MEDICAL/ETC
WASHINGTON COUNTY SHERIFFS OFFICE,STILLWATER TOWNSHIP,6/23/2026 4:46:59 PM,WC26030852,"Dellwood Rd N / Norell Ave N, STILLWATER TOWNSHIP",ACCIDENT
WASHINGTON COUNTY SHERIFFS OFFICE,STILLWATER TOWNSHIP,6/24/2026 10:58:57 AM,WC26030960,"9XXX  Otchipwe Ave N, STILLWATER TOWNSHIP",ANIMAL COMPLAINT
WASHINGTON COUNTY SHERIFFS OFFICE,STILLWATER TOWNSHIP,6/24/2026 1:39:15 PM,WC26030990,"9XXX  Stonebridge Trl N, STILLWATER TOWNSHIP",ROAD HAZARD
WASHINGTON COUNTY SHERIFFS OFFICE,STILLWATER TOWNSHIP,6/24/2026 3:22:50 PM,WC26031008,"Hwy 36 Wb At Manning Ave N, STILLWATER TOWNSHIP",DRIVING COMPLAINT
WASHINGTON COUNTY SHERIFFS OFFICE,STILLWATER TOWNSHIP,6/24/2026 11:12:00 PM,WC26031108,"SAINT CROIX RIVER BOOM SITE CAVES-SWT, STILLWATER TOWNSHIP",SUSPICIOUS PERSON/ACTIVITY
WASHINGTON COUNTY SHERIFFS OFFICE,STILLWATER TOWNSHIP,6/25/2026 7:14:02 AM,WC26031137,"9XXX  Fairy Falls Rd N, STILLWATER TOWNSHIP",MEDICAL
WASHINGTON COUNTY SHERIFFS OFFICE,STILLWATER TOWNSHIP,6/25/2026 7:01:31 PM,WC26031264,"Partridge Rd N / Stonebridge Trl N, STILLWATER TOWNSHIP",CITIZEN/PUBLIC ASSIST
WASHINGTON COUNTY SHERIFFS OFFICE,STILLWATER TOWNSHIP,6/26/2026 11:02:56 AM,WC26031400,"9XXX  Fairy Falls Rd N, STILLWATER TOWNSHIP",CITIZEN/PUBLIC ASSIST
WASHINGTON COUNTY SHERIFFS OFFICE,STILLWATER TOWNSHIP,6/26/2026 1:50:26 PM,WC26031422,"Arcola Trl N / Arcola Ct N, STILLWATER TOWNSHIP",TRAFFIC COMPLAINT
WASHINGTON COUNTY SHERIFFS OFFICE,STILLWATER TOWNSHIP,6/26/2026 11:19:00 PM,WC26031509,"SAINT CROIX TRL N / QUAIL AVE N, STILLWATER TOWNSHIP",DWI
WASHINGTON COUNTY SHERIFFS OFFICE,STILLWATER TOWNSHIP,6/27/2026 7:58:13 AM,WC26031551,"16XXX  110th St N, STILLWATER TOWNSHIP",ALARM-BUSINESS/RES/FIRE/MEDICAL/ETC
WASHINGTON COUNTY SHERIFFS OFFICE,WEST LAKELAND TOWNSHIP,6/21/2026 5:12:38 PM,WC26030410,"XXX Nordic Ave N, WEST LAKELAND TOWNSHIP",ANIMAL COMPLAINT
WASHINGTON COUNTY SHERIFFS OFFICE,WEST LAKELAND TOWNSHIP,6/21/2026 6:30:10 PM,WC26030421,"12XXX  22nd St N, WEST LAKELAND TOWNSHIP",MEDICAL
WASHINGTON COUNTY SHERIFFS OFFICE,WEST LAKELAND TOWNSHIP,6/22/2026 8:20:40 AM,WC26030509,"13XXX  21ST ST N, WEST LAKELAND TOWNSHIP",CIVIL MATTER/DISPUTE
WASHINGTON COUNTY SHERIFFS OFFICE,WEST LAKELAND TOWNSHIP,6/22/2026 9:27:37 AM,WC26030532,"13XXX  26th St N, WEST LAKELAND TOWNSHIP",THEFT
WASHINGTON COUNTY SHERIFFS OFFICE,WEST LAKELAND TOWNSHIP,6/23/2026 8:52:51 AM,WC26030734,"13XXX  Hudson Blvd N, WEST LAKELAND TOWNSHIP",TRESPASSING
WASHINGTON COUNTY SHERIFFS OFFICE,WEST LAKELAND TOWNSHIP,6/23/2026 1:36:18 PM,WC26030825,"14XXX  19th St N, WEST LAKELAND TOWNSHIP",IDENTITY THEFT
WASHINGTON COUNTY SHERIFFS OFFICE,WEST LAKELAND TOWNSHIP,6/24/2026 7:11:21 AM,WC26030919,"Saint Croix Trl N / Quant Ave N, WEST LAKELAND TOWNSHIP",DRIVING COMPLAINT
WASHINGTON COUNTY SHERIFFS OFFICE,WEST LAKELAND TOWNSHIP,6/24/2026 9:20:18 AM,WC26030931,"13XXX  Hudson Blvd N, WEST LAKELAND TOWNSHIP",DIRECTED PATROL
WASHINGTON COUNTY SHERIFFS OFFICE,WEST LAKELAND TOWNSHIP,6/24/2026 9:43:44 PM,WC26031076,"I94 WB JEO STAGECOACH TRL N, WEST LAKELAND TOWNSHIP",ROAD HAZARD
WASHINGTON COUNTY SHERIFFS OFFICE,WEST LAKELAND TOWNSHIP,6/25/2026 4:16:20 PM,WC26031221,"14XXX  21st St N, WEST LAKELAND TOWNSHIP",MEDICAL
WASHINGTON COUNTY SHERIFFS OFFICE,WEST LAKELAND TOWNSHIP,6/25/2026 6:39:42 PM,WC26031260,"2XXX  Norcrest Ave N, WEST LAKELAND TOWNSHIP",FIRE
WASHINGTON COUNTY SHERIFFS OFFICE,WEST LAKELAND TOWNSHIP,6/25/2026 9:55:22 PM,WC26031299,"14XXX  Interstate 94, WEST LAKELAND TOWNSHIP",CITIZEN/PUBLIC ASSIST
WASHINGTON COUNTY SHERIFFS OFFICE,WEST LAKELAND TOWNSHIP,6/26/2026 11:02:02 PM,WC26031505,"XXX Manning Ave N, WEST LAKELAND TOWNSHIP",THREATS
WASHINGTON COUNTY SHERIFFS OFFICE,WEST LAKELAND TOWNSHIP,6/27/2026 3:43:33 PM,WC26031591,"15XXX  Hudson Blvd N, WEST LAKELAND TOWNSHIP",911 ABANDONED/HANGUP/OPEN LINE
WASHINGTON COUNTY SHERIFFS OFFICE,WEST LAKELAND TOWNSHIP,6/27/2026 8:02:49 PM,WC26031629,"Saint Croix River Jno Swing Bridge-wlt, WEST LAKELAND TOWNSHIP",WATER INCIDENT/VIOLATION
WASHINGTON COUNTY SHERIFFS OFFICE,WILLERNIE,6/23/2026 12:50:11 PM,WC26030809,"XXX Wildwood Rd, WILLERNIE",FOLLOW UP
WASHINGTON COUNTY SHERIFFS OFFICE,WILLERNIE,6/23/2026 11:26:10 PM,WC26030884,"XXX STILLWATER RD, WILLERNIE",SUSPICIOUS PERSON/ACTIVITY
WASHINGTON COUNTY SHERIFFS OFFICE,WILLERNIE,6/25/2026 10:02:11 PM,WC26031301,"XXX WILDWOOD RD, WILLERNIE",911 ABANDONED/HANGUP/OPEN LINE
WASHINGTON COUNTY SHERIFFS OFFICE,WILLERNIE,6/26/2026 6:46:18 PM,WC26031478,"XXX Kimberly Rd, WILLERNIE",ANIMAL COMPLAINT
WASHINGTON COUNTY SHERIFFS OFFICE,WOODBURY,6/22/2026 1:58:00 AM,WC26030484,"I94 Wb Jeo Inwood Ave N, WOODBURY",DWI
WASHINGTON COUNTY SHERIFFS OFFICE,WOODBURY,6/22/2026 11:16:00 PM,WC26030687,"KAREN DR, WOODBURY",TRAFFIC STOP
WASHINGTON COUNTY SHERIFFS OFFICE,WOODBURY,6/23/2026 2:20:00 AM,WC26030710,"BAILEY RD / WOODLANE DR, WOODBURY",TRAFFIC STOP
WASHINGTON COUNTY SHERIFFS OFFICE,WOODBURY,6/24/2026 2:28:00 PM,WC26030999,"BAILEY RD / BENJAMIN DR, WOODBURY",TRAFFIC STOP
WASHINGTON COUNTY SHERIFFS OFFICE,WOODBURY,6/24/2026 3:50:56 PM,WC26031026,"8XXX  Savanna Oaks Ln, WOODBURY",ASSIST OTHER AGENCY
WASHINGTON COUNTY SHERIFFS OFFICE,WOODBURY,6/26/2026 2:42:07 AM,WC26031337,"BAILEY RD / LYDIA LN, WOODBURY",TRAFFIC STOP
WASHINGTON COUNTY SHERIFFS OFFICE,WOODBURY,6/26/2026 2:15:00 PM,WC26031426,"I94, WOODBURY",TRAFFIC STOP
WASHINGTON COUNTY SHERIFFS OFFICE,WOODBURY,6/27/2026 9:57:00 AM,WC26031555,"I94 WB AT MANNING AVE S, WOODBURY",TRAFFIC STOP
WASHINGTON COUNTY SHERIFFS OFFICE,WOODBURY,6/27/2026 9:14:41 PM,WC26031636,"4XXX  BENJAMIN DR, WOODBURY",ASSIST OTHER AGENCY
WASHINGTON COUNTY SHERIFFS OFFICE,WOODBURY,6/27/2026 9:47:00 PM,WC26031642,"MANNING AVE S / 15TH ST S, WOODBURY",TRAFFIC STOP
WOODBURY PUBLIC SAFETY,OAKDALE,6/22/2026 1:52:03 PM,WB26025265,"XXX - 699 GENEVA AVE N, OAKDALE",TRAFFIC STOP
WOODBURY PUBLIC SAFETY,WOODBURY,6/21/2026 9:47:33 AM,WB26025098,"4XXX  Radio Dr, WOODBURY",DISORDERLY CONDUCT
WOODBURY PUBLIC SAFETY,WOODBURY,6/21/2026 11:13:57 AM,WB26025106,"1XXX  Queens Dr, WOODBURY",THEFT
WOODBURY PUBLIC SAFETY,WOODBURY,6/21/2026 12:31:01 PM,WB26025113,"8XXX  Promenade Ln, WOODBURY",DEATH
WOODBURY PUBLIC SAFETY,WOODBURY,6/21/2026 1:16:56 PM,WB26025120,"8XXX  TAMARACK VLG, WOODBURY",WANTED PERSON-KOPS ALERT/ATL
WOODBURY PUBLIC SAFETY,WOODBURY,6/21/2026 2:20:12 PM,WB26025123,"4XXX  CORN SILK LN, WOODBURY",SUICIDE ATTEMPT/THREATS OF
WOODBURY PUBLIC SAFETY,WOODBURY,6/21/2026 3:23:24 PM,WB26025129,"2XXX  EYRIE DR, WOODBURY",THREATS
WOODBURY PUBLIC SAFETY,WOODBURY,6/21/2026 3:45:16 PM,WB26025135,"2XXX  Alpine Dr, WOODBURY",MISSING PERSON
WOODBURY PUBLIC SAFETY,WOODBURY,6/21/2026 3:51:57 PM,WB26025137,"XXX Commons Dr, WOODBURY",ACCIDENT
WOODBURY PUBLIC SAFETY,WOODBURY,6/21/2026 6:05:46 PM,WB26025151,"WOODBURY DR / TAMARACK RD, WOODBURY",TRAFFIC STOP
WOODBURY PUBLIC SAFETY,WOODBURY,6/21/2026 6:44:36 PM,WB26025155,"7XXX  Valley Creek Plz, WOODBURY",SHOPLIFTING
WOODBURY PUBLIC SAFETY,WOODBURY,6/21/2026 7:44:38 PM,WB26025164,"XXX Radio Dr, WOODBURY",ACCIDENT
WOODBURY PUBLIC SAFETY,WOODBURY,6/21/2026 9:45:12 PM,WB26025173,"3XXX  CAMELOT DR, WOODBURY",JUVENILE COMPLAINT
WOODBURY PUBLIC SAFETY,WOODBURY,6/21/2026 10:55:05 PM,WB26025180,"4XXX  Arbor Bay, WOODBURY",DEATH INVESTIGATION
WOODBURY PUBLIC SAFETY,WOODBURY,6/22/2026 12:00:00 AM,WB26024008,"1XXX  WEIR DR, WOODBURY",ABANDONED VEHICLE
WOODBURY PUBLIC SAFETY,WOODBURY,6/22/2026 12:00:00 AM,WB26026518,"8XXX  SEQUOIA RD, WOODBURY",ORDINANCE VIOLATION
WOODBURY PUBLIC SAFETY,WOODBURY,6/22/2026 12:02:37 AM,WB26025181,"6XXX  ASHWOOD RD, WOODBURY",WELFARE CHECK
WOODBURY PUBLIC SAFETY,WOODBURY,6/22/2026 12:50:07 AM,WB26025185,"10XXX  Hudson Rd, WOODBURY",ROBBERY
WOODBURY PUBLIC SAFETY,WOODBURY,6/22/2026 3:41:10 AM,WB26025190,"2XXX  Woodbridge Way, WOODBURY",MISSING PERSON
WOODBURY PUBLIC SAFETY,WOODBURY,6/22/2026 7:12:02 AM,WB26025193,"Unknown, WOODBURY",OFFICER INFORMATION
WOODBURY PUBLIC SAFETY,WOODBURY,6/22/2026 8:38:57 AM,WB26025206,"WOODBURY DR / HUDSON RD, WOODBURY",OFFICER INFORMATION
WOODBURY PUBLIC SAFETY,WOODBURY,6/22/2026 8:44:53 AM,WB26025208,"1XXX  Silverwood Rd, WOODBURY",DISTURBANCE
WOODBURY PUBLIC SAFETY,WOODBURY,6/22/2026 9:28:41 AM,WB26025210,"8XXX  Tamarack Vlg, WOODBURY",SHOPLIFTING
WOODBURY PUBLIC SAFETY,WOODBURY,6/22/2026 10:52:03 AM,WB26025223,"Woodbury Dr / Valley Creek Rd, WOODBURY",ACCIDENT
WOODBURY PUBLIC SAFETY,WOODBURY,6/22/2026 11:10:55 AM,WB26025225,"8XXX  Tamarack Vlg, WOODBURY",SUSPICIOUS PERSON/ACTIVITY
WOODBURY PUBLIC SAFETY,WOODBURY,6/22/2026 12:02:50 PM,WB26025237,"Lake Rd / Wyndham Way, WOODBURY",ACCIDENT
WOODBURY PUBLIC SAFETY,WOODBURY,6/22/2026 12:37:51 PM,WB26025244,"XXX Woodduck Dr, WOODBURY",WELFARE CHECK
WOODBURY PUBLIC SAFETY,WOODBURY,6/22/2026 1:03:16 PM,WB26025247,"8XXX  TAMARACK VLG, WOODBURY",SHOPLIFTING
WOODBURY PUBLIC SAFETY,WOODBURY,6/22/2026 1:06:13 PM,WB26025250,"8XXX  Central Park Pl, WOODBURY",FOUND PROPERTY/ITEM
WOODBURY PUBLIC SAFETY,WOODBURY,6/22/2026 1:44:35 PM,WB26025262,"1XXX  Weir Dr, WOODBURY",ACCIDENT
WOODBURY PUBLIC SAFETY,WOODBURY,6/22/2026 2:24:02 PM,WB26025271,"6XXX  - 6458 COURTLY RD, WOODBURY",TRAFFIC STOP
WOODBURY PUBLIC SAFETY,WOODBURY,6/22/2026 2:36:12 PM,WB26025277,"8XXX  Afton Rd, WOODBURY",DISTURBANCE
WOODBURY PUBLIC SAFETY,WOODBURY,6/22/2026 2:43:13 PM,WB26025276,"7XXX  HARGIS PKWY, WOODBURY",TRAFFIC STOP
WOODBURY PUBLIC SAFETY,WOODBURY,6/22/2026 3:00:07 PM,WB26025280,"1XXX  Weir Dr, WOODBURY",ACCIDENT
WOODBURY PUBLIC SAFETY,WOODBURY,6/22/2026 3:18:00 PM,WB26025281,"7XXX  VALLEY CREEK PLZ, WOODBURY",SHOPLIFTING
WOODBURY PUBLIC SAFETY,WOODBURY,6/22/2026 3:30:56 PM,WB26025287,"XXX Woodbury Dr, WOODBURY",ACCIDENT
WOODBURY PUBLIC SAFETY,WOODBURY,6/22/2026 3:40:48 PM,WB26025288,"8XXX  TAMARACK VLG, WOODBURY",SHOPLIFTING
WOODBURY PUBLIC SAFETY,WOODBURY,6/22/2026 4:01:00 PM,WB26025292,"HUDSON RD / WOODBURY DR, WOODBURY",OFP VIOLATION
WOODBURY PUBLIC SAFETY,WOODBURY,6/22/2026 4:40:34 PM,WB26025297,"10XXX  HUDSON RD, WOODBURY",SHOPLIFTING
WOODBURY PUBLIC SAFETY,WOODBURY,6/22/2026 5:11:12 PM,WB26025303,"XXX COMMERCE DR, WOODBURY",SHOPLIFTING
WOODBURY PUBLIC SAFETY,WOODBURY,6/22/2026 5:18:00 PM,WB26025306,"10XXX  HUDSON RD, WOODBURY",SHOPLIFTING
WOODBURY PUBLIC SAFETY,WOODBURY,6/22/2026 5:56:56 PM,WB26025311,"7XXX  VALLEY CREEK PLZ, WOODBURY",SHOPLIFTING
WOODBURY PUBLIC SAFETY,WOODBURY,6/22/2026 6:21:00 PM,WB26025315,"7XXX  VALLEY CREEK PLZ, WOODBURY",SHOPLIFTING
WOODBURY PUBLIC SAFETY,WOODBURY,6/22/2026 7:25:24 PM,WB26025328,"2XXX  Cascade Plz S, WOODBURY",HARASSMENT
WOODBURY PUBLIC SAFETY,WOODBURY,6/22/2026 7:25:50 PM,WB26025326,"4XXX  Radio Dr, WOODBURY",JUVENILE COMPLAINT
WOODBURY PUBLIC SAFETY,WOODBURY,6/22/2026 7:47:21 PM,WB26025333,"4XXX  RADIO DR, WOODBURY",TRAFFIC STOP
WOODBURY PUBLIC SAFETY,WOODBURY,6/22/2026 7:52:00 PM,WB26025334,"7XXX  VALLEY CREEK PLZ, WOODBURY",SHOPLIFTING
WOODBURY PUBLIC SAFETY,WOODBURY,6/22/2026 7:57:13 PM,WB26025335,"XXX COMMERCE DR, WOODBURY",SHOPLIFTING
WOODBURY PUBLIC SAFETY,WOODBURY,6/22/2026 7:57:50 PM,WB26025338,"11XXX  SAND CASTLE DR, WOODBURY",LOST PROPERTY/ITEM
WOODBURY PUBLIC SAFETY,WOODBURY,6/22/2026 8:07:26 PM,WB26025339,"TAMARACK VLG / RADIO DR, WOODBURY",DWI
WOODBURY PUBLIC SAFETY,WOODBURY,6/22/2026 8:11:53 PM,WB26025342,"HUDSON RD / TAMARACK VLG, WOODBURY",TRAFFIC STOP
WOODBURY PUBLIC SAFETY,WOODBURY,6/22/2026 8:19:52 PM,WB26025344,"POWERS LAKE TRL, WOODBURY",TRAFFIC COMPLAINT
WOODBURY PUBLIC SAFETY,WOODBURY,6/22/2026 8:22:58 PM,WB26025347,"6XXX  Oakwood Rd, WOODBURY",FRAUD/SCAM
WOODBURY PUBLIC SAFETY,WOODBURY,6/22/2026 8:35:01 PM,WB26025348,"3XXX  Walden Dr, WOODBURY",RUNAWAY
WOODBURY PUBLIC SAFETY,WOODBURY,6/22/2026 8:44:35 PM,WB26025352,"11XXX  Oak Grove Cir, WOODBURY",WELFARE CHECK
WOODBURY PUBLIC SAFETY,WOODBURY,6/23/2026 12:00:00 AM,WB26025449,"4XXX  RADIO DR / Speedway Gas Station, WOODBURY",PARKING VIOLATION
WOODBURY PUBLIC SAFETY,WOODBURY,6/23/2026 1:00:27 AM,WB26025374,"11XXX  BROOKVIEW RD, WOODBURY",911 ABANDONED/HANGUP/OPEN LINE
WOODBURY PUBLIC SAFETY,WOODBURY,6/23/2026 7:06:42 AM,WB26025384,"3XXX  YORK CIR, WOODBURY",DISTURBANCE
WOODBURY PUBLIC SAFETY,WOODBURY,6/23/2026 8:16:44 AM,WB26025389,"6XXX  HUDSON RD, WOODBURY",WARRANT ARREST
WOODBURY PUBLIC SAFETY,WOODBURY,6/23/2026 8:18:58 AM,WB26025390,"Woodlane Dr / Newbury Rd, WOODBURY",ACCIDENT
WOODBURY PUBLIC SAFETY,WOODBURY,6/23/2026 8:20:46 AM,WB26025391,"1XXX  Autumn Dr, WOODBURY",HARASSMENT
WOODBURY PUBLIC SAFETY,WOODBURY,6/23/2026 9:42:45 AM,WB26025399,"10XXX  HUDSON RD, WOODBURY",OFP VIOLATION
WOODBURY PUBLIC SAFETY,WOODBURY,6/23/2026 9:49:20 AM,WB26025401,"3XXX  York Alcove, WOODBURY",THEFT
WOODBURY PUBLIC SAFETY,WOODBURY,6/23/2026 9:52:50 AM,WB26025402,"10XXX  Glen Eagle Pl, WOODBURY",WELFARE CHECK
WOODBURY PUBLIC SAFETY,WOODBURY,6/23/2026 9:59:12 AM,WB26025403,"XXX COMMERCE DR, WOODBURY",DWI
WOODBURY PUBLIC SAFETY,WOODBURY,6/23/2026 11:15:23 AM,WB26025416,"CENTURY AVE N, WOODBURY",TRAFFIC STOP
WOODBURY PUBLIC SAFETY,WOODBURY,6/23/2026 12:10:03 PM,WB26025428,"1XXX  BELMONT DR, WOODBURY",HARASSMENT
WOODBURY PUBLIC SAFETY,WOODBURY,6/23/2026 12:39:40 PM,WB26025430,"LAKE RD / COURTLY RD, WOODBURY",ACCIDENT
WOODBURY PUBLIC SAFETY,WOODBURY,6/23/2026 12:59:37 PM,WB26025433,"9XXX  Hudson Rd, WOODBURY",ACCIDENT
WOODBURY PUBLIC SAFETY,WOODBURY,6/23/2026 1:32:13 PM,WB26025436,"XXX Woodduck Dr, WOODBURY",PROPERTY DAMAGE
WOODBURY PUBLIC SAFETY,WOODBURY,6/23/2026 1:41:15 PM,WB26025437,"2XXX  Vining Dr, WOODBURY",CIVIL MATTER/DISPUTE
WOODBURY PUBLIC SAFETY,WOODBURY,6/23/2026 1:49:00 PM,WB26025438,"8XXX  Central Park Pl, WOODBURY",ROBBERY
WOODBURY PUBLIC SAFETY,WOODBURY,6/23/2026 1:49:44 PM,WB26025439,"XXX Commerce Dr, WOODBURY",CIVIL MATTER/DISPUTE
WOODBURY PUBLIC SAFETY,WOODBURY,6/23/2026 2:26:58 PM,WB26025443,"11XXX  WHITEWATER DR, WOODBURY",FRAUD/SCAM
WOODBURY PUBLIC SAFETY,WOODBURY,6/23/2026 3:05:46 PM,WB26025450,"3XXX  Richmond Pkwy, WOODBURY",CIVIL MATTER/DISPUTE
WOODBURY PUBLIC SAFETY,WOODBURY,6/23/2026 4:05:34 PM,WB26025464,"Radio Dr Nb Over I94, WOODBURY",ACCIDENT
WOODBURY PUBLIC SAFETY,WOODBURY,6/23/2026 6:15:45 PM,WB26025474,"7XXX  Valley Creek Plz, WOODBURY",DISTURBANCE
WOODBURY PUBLIC SAFETY,WOODBURY,6/23/2026 8:29:56 PM,WB26025491,"9XXX  Arrowwood Trl, WOODBURY",CIVIL MATTER/DISPUTE
WOODBURY PUBLIC SAFETY,WOODBURY,6/23/2026 9:06:48 PM,WB26025493,"6XXX  Courtly Alcove, WOODBURY",PROPERTY DAMAGE
WOODBURY PUBLIC SAFETY,WOODBURY,6/23/2026 9:18:00 PM,WB26025496,"1XXX  Century Cir, WOODBURY",CIVIL MATTER/DISPUTE
WOODBURY PUBLIC SAFETY,WOODBURY,6/23/2026 9:24:23 PM,WB26025494,"7XXX  HUDSON RD, WOODBURY",PROPERTY DAMAGE
WOODBURY PUBLIC SAFETY,WOODBURY,6/23/2026 9:26:31 PM,WB26025495,"9XXX  Norma Ln, WOODBURY",DISTURBANCE
WOODBURY PUBLIC SAFETY,WOODBURY,6/23/2026 10:31:12 PM,WB26025504,"10XXX  - 10730 HAWTHORN TRL, WOODBURY",TRAFFIC STOP
WOODBURY PUBLIC SAFETY,WOODBURY,6/23/2026 10:35:45 PM,WB26025505,"AFTON RD / DUNMORE RD, WOODBURY",CURFEW VIOLATION
WOODBURY PUBLIC SAFETY,WOODBURY,6/23/2026 11:53:00 PM,WB26025518,"BAILEY RD / WOODBURY DR, WOODBURY",JUVENILE COMPLAINT
WOODBURY PUBLIC SAFETY,WOODBURY,6/24/2026 12:21:50 AM,WB26025524,"8XXX  Tamarack Rd, WOODBURY",ASSAULT
WOODBURY PUBLIC SAFETY,WOODBURY,6/24/2026 1:07:53 AM,WB26025528,"1XXX  Donegal Dr, WOODBURY",THEFT
WOODBURY PUBLIC SAFETY,WOODBURY,6/24/2026 3:04:00 AM,WB26025532,"9XXX  PRINCETON CT, WOODBURY",DWI
WOODBURY PUBLIC SAFETY,WOODBURY,6/24/2026 9:38:34 AM,WB26025551,"10XXX  Hudson Rd, WOODBURY",SHOPLIFTING
WOODBURY PUBLIC SAFETY,WOODBURY,6/24/2026 10:38:54 AM,WB26025563,"3XXX  Alexandria Dr, WOODBURY",RUNAWAY
WOODBURY PUBLIC SAFETY,WOODBURY,6/24/2026 11:25:33 AM,WB26025569,"7XXX  Barrymore Ln, WOODBURY",FRAUD/SCAM
WOODBURY PUBLIC SAFETY,WOODBURY,6/24/2026 11:39:35 AM,WB26025575,"9XXX  Hudson Pl, WOODBURY",SUSPICIOUS PERSON/ACTIVITY
WOODBURY PUBLIC SAFETY,WOODBURY,6/24/2026 12:45:17 PM,WB26025588,"XXX CENTURY AVE, WOODBURY",ASSIST OTHER AGENCY
WOODBURY PUBLIC SAFETY,WOODBURY,6/24/2026 2:32:25 PM,WB26025605,"2XXX  - 2558 COBBLE HILL DR, WOODBURY",ORDINANCE VIOLATION
WOODBURY PUBLIC SAFETY,WOODBURY,6/24/2026 2:45:08 PM,WB26025609,"XXX Bielenberg Dr, WOODBURY",TRESPASSING
WOODBURY PUBLIC SAFETY,WOODBURY,6/24/2026 3:11:56 PM,WB26025613,"8XXX  Valley Creek Rd, WOODBURY",ACCIDENT
WOODBURY PUBLIC SAFETY,WOODBURY,6/24/2026 3:50:56 PM,WB26025624,"8XXX  Savanna Oaks Ln, WOODBURY",WARRANT ARREST
WOODBURY PUBLIC SAFETY,WOODBURY,6/24/2026 5:16:00 PM,WB26025644,"7XXX  TAMARACK RD, WOODBURY",ACCIDENT
WOODBURY PUBLIC SAFETY,WOODBURY,6/24/2026 5:56:31 PM,WB26025652,"1XXX  Century Cir, WOODBURY",FRAUD/SCAM
WOODBURY PUBLIC SAFETY,WOODBURY,6/24/2026 7:41:50 PM,WB26025666,"10XXX  MAPLE BLVD, WOODBURY",ASSAULT
WOODBURY PUBLIC SAFETY,WOODBURY,6/24/2026 7:43:26 PM,WB26025665,"CENTURY AVE S, WOODBURY",TRAFFIC STOP
WOODBURY PUBLIC SAFETY,WOODBURY,6/24/2026 7:53:29 PM,WB26025667,"City Place Loop / City Place Blvd, WOODBURY",ACCIDENT
WOODBURY PUBLIC SAFETY,WOODBURY,6/24/2026 8:03:14 PM,WB26025668,"7XXX  Cayenne Plz W, WOODBURY",DISTURBANCE
WOODBURY PUBLIC SAFETY,WOODBURY,6/25/2026 1:30:21 AM,WB26025695,"1XXX  Woodwinds Dr, WOODBURY",TRAFFIC COMPLAINT
WOODBURY PUBLIC SAFETY,WOODBURY,6/25/2026 5:18:59 AM,WB26025704,"XXX Lake Ridge Alcove, WOODBURY",THEFT
WOODBURY PUBLIC SAFETY,WOODBURY,6/25/2026 9:37:31 AM,WB26025721,"5XXX  Stable View Dr, WOODBURY",THEFT
WOODBURY PUBLIC SAFETY,WOODBURY,6/25/2026 10:02:58 AM,WB26025728,"4XXX  Radio Drive, WOODBURY",ACCIDENT
WOODBURY PUBLIC SAFETY,WOODBURY,6/25/2026 10:16:00 AM,WB26025730,"1XXX  Weir Dr, WOODBURY",ACCIDENT
WOODBURY PUBLIC SAFETY,WOODBURY,6/25/2026 11:21:45 AM,WB26025734,"NORMA LN / HUDSON RD, WOODBURY",ACCIDENT
WOODBURY PUBLIC SAFETY,WOODBURY,6/25/2026 11:28:59 AM,WB26025738,"6XXX  FALSTAFF RD, WOODBURY",WELFARE CHECK
WOODBURY PUBLIC SAFETY,WOODBURY,6/25/2026 11:31:00 AM,WB26025739,"7XXX  MILITARY RD, WOODBURY",FOUND PROPERTY/ITEM
WOODBURY PUBLIC SAFETY,WOODBURY,6/25/2026 12:30:25 PM,WB26025750,"9XXX  - 9210 TAMARACK RD, WOODBURY",DWI
WOODBURY PUBLIC SAFETY,WOODBURY,6/25/2026 12:53:27 PM,WB26025755,"10XXX  OAK GROVE CIR, WOODBURY",SUSPICIOUS PERSON/ACTIVITY
WOODBURY PUBLIC SAFETY,WOODBURY,6/25/2026 1:25:21 PM,WB26025758,"XXX Woodbury Dr, WOODBURY",ACCIDENT
WOODBURY PUBLIC SAFETY,WOODBURY,6/25/2026 1:36:50 PM,WB26025761,"I494, WOODBURY",TRAFFIC STOP
WOODBURY PUBLIC SAFETY,WOODBURY,6/25/2026 2:36:02 PM,WB26025766,"1XXX  WOODLANE DR, WOODBURY",WARRANT ARREST
WOODBURY PUBLIC SAFETY,WOODBURY,6/25/2026 3:15:31 PM,WB26025776,"6XXX  Buckingham Ct, WOODBURY",WELFARE CHECK
WOODBURY PUBLIC SAFETY,WOODBURY,6/25/2026 3:40:59 PM,WB26025778,"2XXX  Double Eagle Ln, WOODBURY",DISTURBANCE
WOODBURY PUBLIC SAFETY,WOODBURY,6/25/2026 3:57:33 PM,WB26025780,"8XXX  TAMARACK VLG, WOODBURY",SHOPLIFTING
WOODBURY PUBLIC SAFETY,WOODBURY,6/25/2026 6:21:23 PM,WB26025794,"Fairway Dr / Heritage Way, WOODBURY",SUSPICIOUS PERSON/ACTIVITY
WOODBURY PUBLIC SAFETY,WOODBURY,6/25/2026 6:34:31 PM,WB26025796,"2XXX  Wooddale Dr, WOODBURY",BURGLARY
WOODBURY PUBLIC SAFETY,WOODBURY,6/25/2026 8:35:12 PM,WB26025803,"XXX Radio Dr, WOODBURY",THEFT FROM MOTOR VEHICLE
WOODBURY PUBLIC SAFETY,WOODBURY,6/25/2026 9:16:53 PM,WB26025808,"2XXX  Ojibway Dr, WOODBURY",ASSAULT
WOODBURY PUBLIC SAFETY,WOODBURY,6/25/2026 10:05:24 PM,WB26025812,"2XXX  Mallard Dr, WOODBURY",ASSAULT
WOODBURY PUBLIC SAFETY,WOODBURY,6/25/2026 10:13:32 PM,WB26025813,"8XXX  TAMARACK RD, WOODBURY",DISTURBANCE
WOODBURY PUBLIC SAFETY,WOODBURY,6/25/2026 10:35:06 PM,WB26025814,"3XXX  Fairfax Ln, WOODBURY",FRAUD/SCAM
WOODBURY PUBLIC SAFETY,WOODBURY,6/25/2026 10:45:30 PM,WB26025816,"2XXX  OJIBWAY DR, WOODBURY",FOUND PROPERTY/ITEM
WOODBURY PUBLIC SAFETY,WOODBURY,6/26/2026 8:49:37 AM,WB26025838,"4XXX  Radio Dr, WOODBURY",THEFT
WOODBURY PUBLIC SAFETY,WOODBURY,6/26/2026 9:23:56 AM,WB26025839,"Lake Rd / Kingsfield Ln, WOODBURY",ANIMAL BITE
WOODBURY PUBLIC SAFETY,WOODBURY,6/26/2026 10:23:14 AM,WB26025848,"XXX Radio Dr, WOODBURY",WELFARE CHECK
WOODBURY PUBLIC SAFETY,WOODBURY,6/26/2026 10:47:51 AM,WB26025854,"Unknown, WOODBURY",ACCIDENT
WOODBURY PUBLIC SAFETY,WOODBURY,6/26/2026 11:34:28 AM,WB26025859,"XXX Bielenberg Dr, WOODBURY",SUSPICIOUS PERSON/ACTIVITY
WOODBURY PUBLIC SAFETY,WOODBURY,6/26/2026 12:08:26 PM,WB26025866,"4XXX  Benjamin Dr, WOODBURY",BURGLARY
WOODBURY PUBLIC SAFETY,WOODBURY,6/26/2026 12:19:54 PM,WB26025868,"2XXX  Eagle Creek Ln, WOODBURY",ACCIDENT
WOODBURY PUBLIC SAFETY,WOODBURY,6/26/2026 12:37:40 PM,WB26025874,"1XXX  Cedarwood Dr, WOODBURY",DISTURBANCE
WOODBURY PUBLIC SAFETY,WOODBURY,6/26/2026 2:03:18 PM,WB26025888,"1XXX  Belmont Dr, WOODBURY",INTERNET CRIMES
WOODBURY PUBLIC SAFETY,WOODBURY,6/26/2026 2:33:00 PM,WB26025893,"LAKE RD TO I494 NB RAMP, WOODBURY",TRAFFIC STOP
WOODBURY PUBLIC SAFETY,WOODBURY,6/26/2026 3:32:06 PM,WB26025897,"9XXX  Hillingdon Rd, WOODBURY",WELFARE CHECK
WOODBURY PUBLIC SAFETY,WOODBURY,6/26/2026 3:47:55 PM,WB26025903,"6XXX  Lake Road Ter, WOODBURY",HARASSMENT
WOODBURY PUBLIC SAFETY,WOODBURY,6/26/2026 4:58:15 PM,WB26025913,"1XXX  Queens Dr, WOODBURY",SHOPLIFTING
WOODBURY PUBLIC SAFETY,WOODBURY,6/26/2026 5:25:00 PM,WB26025917,"Valley Creek Rd / Woodlane Dr, WOODBURY",ACCIDENT
WOODBURY PUBLIC SAFETY,WOODBURY,6/26/2026 6:48:00 PM,WB26025929,"1XXX  - 1788 BIELENBERG DR, WOODBURY",TRAFFIC STOP
WOODBURY PUBLIC SAFETY,WOODBURY,6/26/2026 7:04:15 PM,WB26025932,"2XXX  Amberwood Dr, WOODBURY",CHILD CUSTODY
WOODBURY PUBLIC SAFETY,WOODBURY,6/26/2026 7:27:00 PM,WB26025937,"Weir Dr / Valley Creek Rd, WOODBURY",DWI
WOODBURY PUBLIC SAFETY,WOODBURY,6/26/2026 9:41:25 PM,WB26025952,"4XXX  RADIO DR, WOODBURY",MEDICAL
WOODBURY PUBLIC SAFETY,WOODBURY,6/26/2026 10:59:28 PM,WB26025961,"XXX Radio Dr, WOODBURY",FOUND PROPERTY/ITEM
WOODBURY PUBLIC SAFETY,WOODBURY,6/26/2026 11:51:32 PM,WB26025972,"1XXX  Regency Dr, WOODBURY",DISTURBANCE
WOODBURY PUBLIC SAFETY,WOODBURY,6/27/2026 12:00:00 AM,WB26026029,"Radio Drive / Hudson Road, WOODBURY",TRAFFIC STOP
WOODBURY PUBLIC SAFETY,WOODBURY,6/27/2026 1:02:17 AM,WB26025988,"XXX Commons Dr, WOODBURY",MEDICAL
WOODBURY PUBLIC SAFETY,WOODBURY,6/27/2026 1:16:30 AM,WB26025991,"7XXX  Lake Rd, WOODBURY",MISSING PERSON
WOODBURY PUBLIC SAFETY,WOODBURY,6/27/2026 2:19:45 AM,WB26025996,"RADIO DR/CITY PLACE BLVD, WOODBURY",DWI
WOODBURY PUBLIC SAFETY,WOODBURY,6/27/2026 8:08:54 AM,WB26026006,"1XXX  QUEENS DR, WOODBURY",WARRANT ARREST
WOODBURY PUBLIC SAFETY,WOODBURY,6/27/2026 9:13:23 AM,WB26026014,"Hargis Pkwy / Radio Dr, WOODBURY",ACCIDENT
WOODBURY PUBLIC SAFETY,WOODBURY,6/27/2026 12:04:22 PM,WB26026030,"7XXX  Cayenne Plz W, WOODBURY",DISTURBANCE
WOODBURY PUBLIC SAFETY,WOODBURY,6/27/2026 12:13:15 PM,WB26026031,"2XXX  VINING DR, WOODBURY",FRAUD/SCAM
WOODBURY PUBLIC SAFETY,WOODBURY,6/27/2026 1:21:00 PM,WB26026034,"Woodbury Dr / Antrim Rd, WOODBURY",ACCIDENT
WOODBURY PUBLIC SAFETY,WOODBURY,6/27/2026 1:41:38 PM,WB26026035,"XXX KAREN TRL, WOODBURY",THEFT
WOODBURY PUBLIC SAFETY,WOODBURY,6/27/2026 2:27:47 PM,WB26026043,"6XXX  Collingwood Ln, WOODBURY",FRAUD/SCAM
WOODBURY PUBLIC SAFETY,WOODBURY,6/27/2026 2:45:19 PM,WB26026044,"7XXX  Hargis Pkwy, WOODBURY",ACCIDENT
WOODBURY PUBLIC SAFETY,WOODBURY,6/27/2026 3:22:12 PM,WB26026049,"I94 Wb At Inwood Ave N, WOODBURY",ASSIST OTHER AGENCY
WOODBURY PUBLIC SAFETY,WOODBURY,6/27/2026 3:38:59 PM,WB26026052,"1XXX  Pinewood Dr, WOODBURY",DISTURBANCE
WOODBURY PUBLIC SAFETY,WOODBURY,6/27/2026 4:02:56 PM,WB26026054,"2XXX  Vining Dr, WOODBURY",BURGLARY
WOODBURY PUBLIC SAFETY,WOODBURY,6/27/2026 4:13:55 PM,WB26026057,"XXX Commerce Dr, WOODBURY",SHOPLIFTING
WOODBURY PUBLIC SAFETY,WOODBURY,6/27/2026 4:19:26 PM,WB26026059,"9XXX  Wedgewood Dr, WOODBURY",MEDICAL
WOODBURY PUBLIC SAFETY,WOODBURY,6/27/2026 6:42:46 PM,WB26026077,"1XXX  WEIR DR, WOODBURY",THEFT
WOODBURY PUBLIC SAFETY,WOODBURY,6/27/2026 7:06:00 PM,WB26026081,"10XXX  - 10288 LAKE RD, WOODBURY",TRAFFIC STOP
WOODBURY PUBLIC SAFETY,WOODBURY,6/27/2026 7:17:51 PM,WB26026083,"7XXX  Guider Dr, WOODBURY",MOTOR VEHICLE THEFT
WOODBURY PUBLIC SAFETY,WOODBURY,6/27/2026 7:54:36 PM,WB26026086,"10XXX  - 10369 HUDSON RD, WOODBURY",TRAFFIC STOP
WOODBURY PUBLIC SAFETY,WOODBURY,6/27/2026 8:17:00 PM,WB26026089,"11XXX  Brookview Rd, WOODBURY",PROPERTY DAMAGE
WOODBURY PUBLIC SAFETY,WOODBURY,6/27/2026 9:25:48 PM,WB26026095,"7XXX  Valley Creek Plz, WOODBURY",PROPERTY DAMAGE
WOODBURY PUBLIC SAFETY,WOODBURY,6/27/2026 9:54:14 PM,WB26026099,"VALLEY CREEK PLZ, WOODBURY",WARRANT ARREST
WOODBURY PUBLIC SAFETY,WOODBURY,6/27/2026 11:43:39 PM,WB26026116,"3XXX  Commonwealth Ave, WOODBURY",JUVENILE COMPLAINT

