AgencyName,Address_City_Description,CreatedOn1,CaseNum,Textbox28,EventDescription
BAYPORT POLICE DEPARTMENT,BAYPORT,5/31/2026 12:01:25 AM,BP26001712,"XXX 5th St S, BAYPORT",JUVENILE COMPLAINT
BAYPORT POLICE DEPARTMENT,BAYPORT,5/31/2026 1:30:40 AM,BP26001714,"XX CENTRAL AVE, BAYPORT",Park Close
BAYPORT POLICE DEPARTMENT,BAYPORT,5/31/2026 2:24:48 AM,BP26001717,"XXX - 973 MINNESOTA ST S, BAYPORT",WELFARE CHECK
BAYPORT POLICE DEPARTMENT,BAYPORT,5/31/2026 10:02:40 PM,BP26001724,"XX CENTRAL AVE, BAYPORT",Park Close
BAYPORT POLICE DEPARTMENT,BAYPORT,6/1/2026 8:12:25 AM,BP26001727,"XXX Highway 95 N, BAYPORT",MEDICAL
BAYPORT POLICE DEPARTMENT,BAYPORT,6/1/2026 1:57:30 PM,BP26001729,"XXX - 898 6TH ST N, BAYPORT",SPEED TRAILER DEPLOYED
BAYPORT POLICE DEPARTMENT,BAYPORT,6/2/2026 1:08:44 AM,BP26001732,"XXX 5th Ave N, BAYPORT",ALARM-BUSINESS/RES/FIRE/MEDICAL/ETC
BAYPORT POLICE DEPARTMENT,BAYPORT,6/2/2026 2:04:26 AM,BP26001733,"XX CENTRAL AVE, BAYPORT",PARK CLOSED
BAYPORT POLICE DEPARTMENT,BAYPORT,6/2/2026 7:49:58 AM,BP26001734,"XXX 3rd St N, BAYPORT",ORDINANCE VIOLATION
BAYPORT POLICE DEPARTMENT,BAYPORT,6/2/2026 10:36:18 AM,BP26001735,"XXX 6th St N, BAYPORT",WELFARE CHECK
BAYPORT POLICE DEPARTMENT,BAYPORT,6/2/2026 11:48:13 AM,BP26001737,"XX Central Ave, BAYPORT",ANIMAL COMPLAINT
BAYPORT POLICE DEPARTMENT,BAYPORT,6/2/2026 12:54:17 PM,BP26001738,"XXX 5th Ave N, BAYPORT",THEFT
BAYPORT POLICE DEPARTMENT,BAYPORT,6/2/2026 9:15:00 PM,BP26001740,"XX CENTRAL AVE, BAYPORT",PARK CLOSED
BAYPORT POLICE DEPARTMENT,BAYPORT,6/3/2026 7:42:16 AM,BP26001743,"5th Ave N, BAYPORT",CHALK TIRES
BAYPORT POLICE DEPARTMENT,BAYPORT,6/3/2026 9:48:00 AM,BP26001744,"5th Ave N , BAYPORT",PARKING VIOLATION
BAYPORT POLICE DEPARTMENT,BAYPORT,6/3/2026 9:58:46 AM,BP26001745,"XXX - 198 5TH AVE N, BAYPORT",PARKING VIOLATION
BAYPORT POLICE DEPARTMENT,BAYPORT,6/3/2026 10:04:50 AM,BP26001746,"XXX blk 5th ave n, BAYPORT",PARKING VIOLATION
BAYPORT POLICE DEPARTMENT,BAYPORT,6/3/2026 10:07:47 AM,BP26001747,"5th Ave N, BAYPORT",PARKING VIOLATION
BAYPORT POLICE DEPARTMENT,BAYPORT,6/3/2026 10:10:20 AM,BP26001748,"5TH AVE N / MAINE ST N, BAYPORT",PARKING VIOLATION
BAYPORT POLICE DEPARTMENT,BAYPORT,6/3/2026 10:16:00 AM,BP26001750,"5th Ave N, BAYPORT",PARKING VIOLATION
BAYPORT POLICE DEPARTMENT,BAYPORT,6/3/2026 10:16:04 AM,BP26001749,"XXX blk 5th ave n, BAYPORT",PARKING VIOLATION
BAYPORT POLICE DEPARTMENT,BAYPORT,6/3/2026 10:21:34 AM,BP26001751,"XXX blk 5th ave n, BAYPORT",PARKING VIOLATION
BAYPORT POLICE DEPARTMENT,BAYPORT,6/3/2026 10:22:27 AM,BP26001752,"XX - 98 5TH AVE N, BAYPORT",TRAFFIC STOP
BAYPORT POLICE DEPARTMENT,BAYPORT,6/3/2026 11:38:58 AM,BP26001755,"XXX 4th Ave N, BAYPORT",VEHICLE UNLOCK
BAYPORT POLICE DEPARTMENT,BAYPORT,6/3/2026 5:27:10 PM,BP26001760,"XXX 3rd St S, BAYPORT",LIFT ASSIST
BAYPORT POLICE DEPARTMENT,BAYPORT,6/3/2026 5:48:16 PM,BP26001761,"XX CENTRAL AVE, BAYPORT",COMMUNITY CONTACT
BAYPORT POLICE DEPARTMENT,BAYPORT,6/4/2026 11:20:00 AM,BP26001769,"5th Ave N, BAYPORT",PARKING CITATION
BAYPORT POLICE DEPARTMENT,BAYPORT,6/4/2026 11:30:00 AM,BP26001770,"5th Ave N, BAYPORT",PARKING CITATION
BAYPORT POLICE DEPARTMENT,BAYPORT,6/4/2026 11:36:00 AM,BP26001771,"5th Ave N, BAYPORT",PARKING CITATION
BAYPORT POLICE DEPARTMENT,BAYPORT,6/4/2026 6:08:32 PM,BP26001772,"5th St N / Central Ave, BAYPORT",MEDICAL
BAYPORT POLICE DEPARTMENT,BAYPORT,6/4/2026 10:08:38 PM,BP26001775,"XX Central Ave, BAYPORT",CITIZEN/PUBLIC ASSIST
BAYPORT POLICE DEPARTMENT,BAYPORT,6/5/2026 6:57:58 AM,BP26001779,"3RD ST N / CENTRAL AVE, BAYPORT",MOTORIST ASSIST
BAYPORT POLICE DEPARTMENT,BAYPORT,6/5/2026 6:59:45 AM,BP26001780,"1XXX  Inspiration Pkwy N, BAYPORT",ALARM-BUSINESS/RES/FIRE/MEDICAL/ETC
BAYPORT POLICE DEPARTMENT,BAYPORT,6/5/2026 10:28:00 AM,BP26001783,"XXX - 972 MINNESOTA ST S, BAYPORT",TRAFFIC STOP
BAYPORT POLICE DEPARTMENT,BAYPORT,6/5/2026 8:17:32 PM,BP26001787,"XXX 6th St N, BAYPORT",TRESPASSING
BAYPORT POLICE DEPARTMENT,BAYPORT,6/6/2026 2:27:36 AM,BP26001789,"XX CENTRAL AVE, BAYPORT",PARK CLOSED
BAYPORT POLICE DEPARTMENT,BAYPORT,6/6/2026 6:53:53 PM,BP26001797,"XXX 4th St S, BAYPORT",MEDICAL
BAYPORT POLICE DEPARTMENT,BAYTOWN TOWNSHIP,6/3/2026 10:02:04 PM,BP26001765,"3XXX  - 3498 SAINT CROIX TRL N, BAYTOWN TOWNSHIP",TRAFFIC STOP
BAYPORT POLICE DEPARTMENT,NEWPORT,6/3/2026 11:24:00 AM,BP26001753,"XXX 4TH ST, NEWPORT",HANDICAPPED PARKING VIOLATION
BAYPORT POLICE DEPARTMENT,OAK PARK HEIGHTS,5/31/2026 1:54:58 AM,BP26001715,"HWY 95 TO HWY 36 WB RAMP, OAK PARK HEIGHTS",ASSIST OTHER AGENCY
BAYPORT POLICE DEPARTMENT,OAK PARK HEIGHTS,6/1/2026 2:44:31 AM,BP26001725,"14XXX  60th St N, OAK PARK HEIGHTS",ASSIST OTHER AGENCY
BAYPORT POLICE DEPARTMENT,OAK PARK HEIGHTS,6/3/2026 10:40:15 PM,BP26001766,"Hwy 36 Eb At Osgood Ave N, OAK PARK HEIGHTS",ASSIST OTHER AGENCY
BAYPORT POLICE DEPARTMENT,OAK PARK HEIGHTS,6/4/2026 7:22:59 PM,BP26001773,"SAINT CROIX TRL N / HWY 36 EB TO HWY 95 RAMP, OAK PARK HEIGHTS",ASSIST OTHER AGENCY
BAYPORT POLICE DEPARTMENT,OAK PARK HEIGHTS,6/5/2026 2:46:57 PM,BP26001786,"Osgood Ave N / 56th St N, OAK PARK HEIGHTS",ASSIST OTHER AGENCY
BAYPORT POLICE DEPARTMENT,OAK PARK HEIGHTS,6/6/2026 10:27:43 PM,BP26001798,"HWY 36 EB AT OSGOOD AVE N, OAK PARK HEIGHTS",ASSIST OTHER AGENCY
BAYPORT POLICE DEPARTMENT,STILLWATER,6/6/2026 12:40:52 AM,BP26001788,"XXX - 1028 MAIN ST S, STILLWATER",ASSIST OTHER AGENCY
BAYPORT POLICE DEPARTMENT,STILLWATER,6/6/2026 4:58:47 PM,BP26001796,"XXX Main St S, STILLWATER",ASSIST OTHER AGENCY
BAYPORT POLICE DEPARTMENT,WEST LAKELAND TOWNSHIP,5/31/2026 2:36:22 AM,BP26001718,"2XXX  - 2898 SAINT CROIX TRL N, WEST LAKELAND TOWNSHIP",MOTORIST ASSIST
COTTAGE GROVE POLICE DEPARTMENT,COTTAGE GROVE,5/31/2026 1:28:31 AM,CG26023842,"6XXX  82nd St S, COTTAGE GROVE",ASSIST OTHER AGENCY
COTTAGE GROVE POLICE DEPARTMENT,COTTAGE GROVE,5/31/2026 5:49:07 AM,CG26023846,"6XXX  Goodview Ave S, COTTAGE GROVE",MEDICAL
COTTAGE GROVE POLICE DEPARTMENT,COTTAGE GROVE,5/31/2026 9:47:13 AM,CG26023862,"7XXX  Harkness Ave S, COTTAGE GROVE",DISTURBANCE
COTTAGE GROVE POLICE DEPARTMENT,COTTAGE GROVE,5/31/2026 9:58:28 AM,CG26023868,"7XXX  99th St S, COTTAGE GROVE",PARKING COMPLAINT
COTTAGE GROVE POLICE DEPARTMENT,COTTAGE GROVE,5/31/2026 10:06:18 AM,CG26023867,"7XXX  Hinton Ave S, COTTAGE GROVE",DISTURBANCE
COTTAGE GROVE POLICE DEPARTMENT,COTTAGE GROVE,5/31/2026 10:28:27 AM,CG26023869,"8XXX  Jeffery Ln S, COTTAGE GROVE",MEDICAL
COTTAGE GROVE POLICE DEPARTMENT,COTTAGE GROVE,5/31/2026 12:52:16 PM,CG26023888,"8XXX  East Point Douglas Rd S, COTTAGE GROVE",DISTURBANCE
COTTAGE GROVE POLICE DEPARTMENT,COTTAGE GROVE,5/31/2026 2:18:34 PM,CG26023902,"8XXX  East Point Douglas Rd S, COTTAGE GROVE",ACCIDENT
COTTAGE GROVE POLICE DEPARTMENT,COTTAGE GROVE,5/31/2026 3:19:48 PM,CG26023910,"8XXX  East Point Douglas Rd S, COTTAGE GROVE",MEDICAL
COTTAGE GROVE POLICE DEPARTMENT,COTTAGE GROVE,5/31/2026 5:53:01 PM,CG26023923,"8XXX  Hearthside Rd S, COTTAGE GROVE",DEATH
COTTAGE GROVE POLICE DEPARTMENT,COTTAGE GROVE,5/31/2026 6:56:04 PM,CG26023936,"12XXX  RAVINE PKWY S, COTTAGE GROVE",TRAFFIC COMPLAINT
COTTAGE GROVE POLICE DEPARTMENT,COTTAGE GROVE,6/1/2026 2:54:11 AM,CG26023979,"6XXX  East Point Douglas Rd S, COTTAGE GROVE",MEDICAL
COTTAGE GROVE POLICE DEPARTMENT,COTTAGE GROVE,6/1/2026 9:42:09 AM,CG26023989,"10XXX  Innovation Rd S, COTTAGE GROVE",MEDICAL
COTTAGE GROVE POLICE DEPARTMENT,COTTAGE GROVE,6/1/2026 9:52:26 AM,CG26023991,"7XXX  80TH ST S, COTTAGE GROVE",WELFARE CHECK
COTTAGE GROVE POLICE DEPARTMENT,COTTAGE GROVE,6/1/2026 11:06:55 AM,CG26023996,"8XXX  HINTON AVE S, COTTAGE GROVE",OFFICER INFORMATION
COTTAGE GROVE POLICE DEPARTMENT,COTTAGE GROVE,6/1/2026 11:40:03 AM,CG26023997,"8XXX  Inman Ave S, COTTAGE GROVE",ANIMAL BITE
COTTAGE GROVE POLICE DEPARTMENT,COTTAGE GROVE,6/1/2026 12:12:13 PM,CG26023998,"6XXX  92nd Bay S, COTTAGE GROVE",MEDICAL
COTTAGE GROVE POLICE DEPARTMENT,COTTAGE GROVE,6/1/2026 12:55:21 PM,CG26024001,"8XXX  East Point Douglas Rd S, COTTAGE GROVE",WELFARE CHECK
COTTAGE GROVE POLICE DEPARTMENT,COTTAGE GROVE,6/1/2026 1:36:10 PM,CG26024007,"8XXX  IMPERIAL AVE S, COTTAGE GROVE",CIVIL MATTER/DISPUTE
COTTAGE GROVE POLICE DEPARTMENT,COTTAGE GROVE,6/1/2026 1:55:18 PM,CG26024009,"7XXX  Hinton Ave S, COTTAGE GROVE",MEDICAL
COTTAGE GROVE POLICE DEPARTMENT,COTTAGE GROVE,6/1/2026 2:01:24 PM,CG26024010,"8XXX  80TH ST S, COTTAGE GROVE",SUSPICIOUS PERSON/ACTIVITY
COTTAGE GROVE POLICE DEPARTMENT,COTTAGE GROVE,6/1/2026 2:47:59 PM,CG26024016,"8XXX  East Point Douglas Rd S, COTTAGE GROVE",BURGLARY
COTTAGE GROVE POLICE DEPARTMENT,COTTAGE GROVE,6/1/2026 3:20:42 PM,CG26024021,"7XXX  Hemingway Ave S, COTTAGE GROVE",THEFT
COTTAGE GROVE POLICE DEPARTMENT,COTTAGE GROVE,6/1/2026 4:00:33 PM,CG26024024,"6XXX  99th St S, COTTAGE GROVE",MEDICAL
COTTAGE GROVE POLICE DEPARTMENT,COTTAGE GROVE,6/1/2026 4:46:49 PM,CG26024026,"6XXX  Pine Arbor Dr S, COTTAGE GROVE",CITIZEN/PUBLIC ASSIST
COTTAGE GROVE POLICE DEPARTMENT,COTTAGE GROVE,6/1/2026 5:34:32 PM,CG26024031,"8XXX  92nd St S, COTTAGE GROVE",CIVIL MATTER/DISPUTE
COTTAGE GROVE POLICE DEPARTMENT,COTTAGE GROVE,6/1/2026 5:37:48 PM,CG26024032,"8XXX  90th St S, COTTAGE GROVE",MEDICAL
COTTAGE GROVE POLICE DEPARTMENT,COTTAGE GROVE,6/1/2026 6:48:28 PM,CG26024047,"8XXX  Jensen Ave S, COTTAGE GROVE",CIVIL MATTER/DISPUTE
COTTAGE GROVE POLICE DEPARTMENT,COTTAGE GROVE,6/1/2026 10:05:20 PM,CG26024093,"8XXX  Hale Ave S, COTTAGE GROVE",MEDICAL
COTTAGE GROVE POLICE DEPARTMENT,COTTAGE GROVE,6/1/2026 10:50:13 PM,CG26024111,"Keats Ave S / 80th St S, COTTAGE GROVE",ACCIDENT
COTTAGE GROVE POLICE DEPARTMENT,COTTAGE GROVE,6/1/2026 11:20:57 PM,CG26024118,"6XXX  Pine Arbor Dr S, COTTAGE GROVE",PROPERTY DAMAGE
COTTAGE GROVE POLICE DEPARTMENT,COTTAGE GROVE,6/1/2026 11:40:00 PM,CG26024117,"9XXX  Jasmine Ave, COTTAGE GROVE",INCIDENT
COTTAGE GROVE POLICE DEPARTMENT,COTTAGE GROVE,6/2/2026 12:00:00 AM,CG26024121,"BELDEN BLVD S / GRENADIER AVE S, COTTAGE GROVE",TRAFFIC STOP
COTTAGE GROVE POLICE DEPARTMENT,COTTAGE GROVE,6/2/2026 1:00:00 AM,CG26024114,"6XXX  - 6998 HINTON AVE S, COTTAGE GROVE",TRAFFIC STOP
COTTAGE GROVE POLICE DEPARTMENT,COTTAGE GROVE,6/2/2026 7:01:53 AM,CG26024146,"8XXX  Jasmine Ln S, COTTAGE GROVE",DISTURBANCE
COTTAGE GROVE POLICE DEPARTMENT,COTTAGE GROVE,6/2/2026 9:23:30 AM,CG26024152,"Innovation Rd S / East Point Douglas Rd S, COTTAGE GROVE",ACCIDENT
COTTAGE GROVE POLICE DEPARTMENT,COTTAGE GROVE,6/2/2026 10:13:22 AM,CG26024156,"8XXX  Grospoint Ave S, COTTAGE GROVE",PROPERTY DAMAGE
COTTAGE GROVE POLICE DEPARTMENT,COTTAGE GROVE,6/2/2026 10:15:39 AM,CG26024155,"6XXX  East Point Douglas Rd S, COTTAGE GROVE",MEDICAL
COTTAGE GROVE POLICE DEPARTMENT,COTTAGE GROVE,6/2/2026 10:24:30 AM,CG26024157,"8XXX  HADLEY AVE S, COTTAGE GROVE",DISTURBANCE
COTTAGE GROVE POLICE DEPARTMENT,COTTAGE GROVE,6/2/2026 11:52:48 AM,CG26024159,"9XXX  East Point Douglas Rd S, COTTAGE GROVE",THEFT
COTTAGE GROVE POLICE DEPARTMENT,COTTAGE GROVE,6/2/2026 1:20:40 PM,CG26024163,"8XXX  92ND ST S, COTTAGE GROVE",THEFT
COTTAGE GROVE POLICE DEPARTMENT,COTTAGE GROVE,6/2/2026 2:32:58 PM,CG26024168,"8XXX  110th St S, COTTAGE GROVE",911 ABANDONED/HANGUP/OPEN LINE
COTTAGE GROVE POLICE DEPARTMENT,COTTAGE GROVE,6/2/2026 2:50:47 PM,CG26024169,"7XXX  HILLSIDE TRL S, COTTAGE GROVE",FOLLOW UP
COTTAGE GROVE POLICE DEPARTMENT,COTTAGE GROVE,6/2/2026 3:29:55 PM,CG26024177,"8XXX  Hillside Trl S, COTTAGE GROVE",MEDICAL
COTTAGE GROVE POLICE DEPARTMENT,COTTAGE GROVE,6/2/2026 4:19:33 PM,CG26024186,"Unknown, COTTAGE GROVE",LOST PROPERTY/ITEM
COTTAGE GROVE POLICE DEPARTMENT,COTTAGE GROVE,6/2/2026 4:37:14 PM,CG26024187,"6XXX  East Point Douglas Rd S, COTTAGE GROVE",MEDICAL
COTTAGE GROVE POLICE DEPARTMENT,COTTAGE GROVE,6/2/2026 6:04:51 PM,CG26024202,"7XXX  Hinton Ave S, COTTAGE GROVE",FAMILY ASSIST
COTTAGE GROVE POLICE DEPARTMENT,COTTAGE GROVE,6/2/2026 6:13:10 PM,CG26024203,"7XXX  East Point Douglas Rd S, COTTAGE GROVE",UNWANTED PERSON/VEHICLE
COTTAGE GROVE POLICE DEPARTMENT,COTTAGE GROVE,6/2/2026 6:21:59 PM,CG26024205,"9XXX  Hames Ave S, COTTAGE GROVE",PROPERTY DAMAGE
COTTAGE GROVE POLICE DEPARTMENT,COTTAGE GROVE,6/2/2026 6:23:59 PM,CG26024204,"9XXX  Hamlet Ave S, COTTAGE GROVE",FOUND PERSON
COTTAGE GROVE POLICE DEPARTMENT,COTTAGE GROVE,6/2/2026 7:04:01 PM,CG26024217,"8XXX  Ivywood Ave S, COTTAGE GROVE",DISTURBANCE
COTTAGE GROVE POLICE DEPARTMENT,COTTAGE GROVE,6/2/2026 7:54:36 PM,CG26024225,"7XXX  East Point Douglas Rd S, COTTAGE GROVE",TRESPASS NOTICE
COTTAGE GROVE POLICE DEPARTMENT,COTTAGE GROVE,6/2/2026 8:00:47 PM,CG26024226,"7XXX  Innsdale Ave S, COTTAGE GROVE",MEDICAL
COTTAGE GROVE POLICE DEPARTMENT,COTTAGE GROVE,6/2/2026 8:20:49 PM,CG26024227,"6XXX  Idsen Ave S, COTTAGE GROVE",CIVIL MATTER/DISPUTE
COTTAGE GROVE POLICE DEPARTMENT,COTTAGE GROVE,6/2/2026 9:31:46 PM,CG26024245,"7XXX  Hardwood Ave S, COTTAGE GROVE",DISTURBANCE
COTTAGE GROVE POLICE DEPARTMENT,COTTAGE GROVE,6/2/2026 9:58:07 PM,CG26024249,"8XXX  77th St S, COTTAGE GROVE",MEDICAL
COTTAGE GROVE POLICE DEPARTMENT,COTTAGE GROVE,6/2/2026 11:07:50 PM,CG26024259,"9XXX  65th St S, COTTAGE GROVE",MEDICAL
COTTAGE GROVE POLICE DEPARTMENT,COTTAGE GROVE,6/2/2026 11:32:08 PM,CG26024262,"7XXX  Hardwood Ave S, COTTAGE GROVE",DISTURBANCE
COTTAGE GROVE POLICE DEPARTMENT,COTTAGE GROVE,6/3/2026 1:54:33 AM,CG26024280,"7XXX  80th St S, COTTAGE GROVE",MEDICAL
COTTAGE GROVE POLICE DEPARTMENT,COTTAGE GROVE,6/3/2026 3:18:56 AM,CG26024284,"8XXX  Janero Ave S, COTTAGE GROVE",MEDICAL
COTTAGE GROVE POLICE DEPARTMENT,COTTAGE GROVE,6/3/2026 8:41:50 AM,CG26024301,"8XXX  East Point Douglas Rd S, COTTAGE GROVE",THEFT
COTTAGE GROVE POLICE DEPARTMENT,COTTAGE GROVE,6/3/2026 9:01:37 AM,CG26024302,"7XXX  Hinton Ave S, COTTAGE GROVE",CIVIL MATTER/DISPUTE
COTTAGE GROVE POLICE DEPARTMENT,COTTAGE GROVE,6/3/2026 9:14:35 AM,CG26024306,"7XXX  Homestead Ave S, COTTAGE GROVE",CITIZEN/PUBLIC ASSIST
COTTAGE GROVE POLICE DEPARTMENT,COTTAGE GROVE,6/3/2026 9:15:05 AM,CG26024303,"8XXX  80TH ST S, COTTAGE GROVE",PARKING VIOLATION
COTTAGE GROVE POLICE DEPARTMENT,COTTAGE GROVE,6/3/2026 9:15:05 AM,CG26024304,"8XXX  80TH ST S, COTTAGE GROVE",PARKING VIOLATION
COTTAGE GROVE POLICE DEPARTMENT,COTTAGE GROVE,6/3/2026 9:15:05 AM,CG26024305,"8XXX  80TH ST S, COTTAGE GROVE",PARKING VIOLATION
COTTAGE GROVE POLICE DEPARTMENT,COTTAGE GROVE,6/3/2026 9:25:22 AM,CG26024307,"8XXX  Joliet Ave S, COTTAGE GROVE",UNWANTED PERSON/VEHICLE
COTTAGE GROVE POLICE DEPARTMENT,COTTAGE GROVE,6/3/2026 9:49:58 AM,CG26024309,"7XXX  69th Street Ct S, COTTAGE GROVE",MEDICAL
COTTAGE GROVE POLICE DEPARTMENT,COTTAGE GROVE,6/3/2026 10:23:53 AM,CG26024314,"7XXX  Imperial Avenue Cir S, COTTAGE GROVE",FAMILY ASSIST
COTTAGE GROVE POLICE DEPARTMENT,COTTAGE GROVE,6/3/2026 10:26:13 AM,CG26024315,"6XXX  101st St S, COTTAGE GROVE",MEDICAL
COTTAGE GROVE POLICE DEPARTMENT,COTTAGE GROVE,6/3/2026 12:11:53 PM,CG26024328,"8XXX  Hyde Ave S, COTTAGE GROVE",FRAUD/SCAM
COTTAGE GROVE POLICE DEPARTMENT,COTTAGE GROVE,6/3/2026 1:38:00 PM,CG26024333,"8XXX  EAST POINT DOUGLAS RD S, COTTAGE GROVE",TRAFFIC STOP
COTTAGE GROVE POLICE DEPARTMENT,COTTAGE GROVE,6/3/2026 1:52:15 PM,CG26024336,"Hwy 61 Sb To Innovation Rd Ramp, COTTAGE GROVE",DRIVING COMPLAINT
COTTAGE GROVE POLICE DEPARTMENT,COTTAGE GROVE,6/3/2026 2:36:04 PM,CG26024339,"6XXX  East Point Douglas Rd S, COTTAGE GROVE",MEDICAL
COTTAGE GROVE POLICE DEPARTMENT,COTTAGE GROVE,6/3/2026 2:40:13 PM,CG26024340,"XX MANNING AVE S AT HWY 61, COTTAGE GROVE",ACCIDENT
COTTAGE GROVE POLICE DEPARTMENT,COTTAGE GROVE,6/3/2026 2:54:08 PM,CG26024341,"7XXX  Hinton Ave S, COTTAGE GROVE",BURGLARY
COTTAGE GROVE POLICE DEPARTMENT,COTTAGE GROVE,6/3/2026 3:06:34 PM,CG26024343,"9XXX  East Point Douglas Rd S, COTTAGE GROVE",THEFT
COTTAGE GROVE POLICE DEPARTMENT,COTTAGE GROVE,6/3/2026 3:18:07 PM,CG26024346,"8XXX  GRANADA AVE S, COTTAGE GROVE",911 ABANDONED/HANGUP/OPEN LINE
COTTAGE GROVE POLICE DEPARTMENT,COTTAGE GROVE,6/3/2026 3:30:27 PM,CG26024355,"7XXX  Jocelyn Ave S, COTTAGE GROVE",SUSPICIOUS PERSON/ACTIVITY
COTTAGE GROVE POLICE DEPARTMENT,COTTAGE GROVE,6/3/2026 4:10:13 PM,CG26024365,"7XXX  61st St S, COTTAGE GROVE",SUSPICIOUS PERSON/ACTIVITY
COTTAGE GROVE POLICE DEPARTMENT,COTTAGE GROVE,6/3/2026 6:41:50 PM,CG26024389,"7XXX  Hardwood Ave S, COTTAGE GROVE",WELFARE CHECK
COTTAGE GROVE POLICE DEPARTMENT,COTTAGE GROVE,6/3/2026 7:45:00 PM,CG26024390,"9XXX  East Point Douglas Rd S, COTTAGE GROVE",WANTED PERSON-KOPS ALERT/ATL
COTTAGE GROVE POLICE DEPARTMENT,COTTAGE GROVE,6/3/2026 7:54:08 PM,CG26024393,"9XXX  69th St S, COTTAGE GROVE",SUICIDE ATTEMPT/THREATS OF
COTTAGE GROVE POLICE DEPARTMENT,COTTAGE GROVE,6/3/2026 8:14:02 PM,CG26024394,"7XXX  East Point Douglas Rd S, COTTAGE GROVE",DISTURBANCE
COTTAGE GROVE POLICE DEPARTMENT,COTTAGE GROVE,6/3/2026 9:42:02 PM,CG26024399,"8XXX  East Point Douglas Rd S, COTTAGE GROVE",THEFT
COTTAGE GROVE POLICE DEPARTMENT,COTTAGE GROVE,6/3/2026 10:32:54 PM,CG26024403,"8XXX  Hinton Ave S, COTTAGE GROVE",INTERNET CRIMES
COTTAGE GROVE POLICE DEPARTMENT,COTTAGE GROVE,6/3/2026 10:48:45 PM,CG26024404,"8XXX  East Point Douglas Rd S, COTTAGE GROVE",ACCIDENT
COTTAGE GROVE POLICE DEPARTMENT,COTTAGE GROVE,6/3/2026 11:17:00 PM,CG26024413,"8XXX  EAST POINT DOUGLAS RD S, COTTAGE GROVE",WARRANT ARREST
COTTAGE GROVE POLICE DEPARTMENT,COTTAGE GROVE,6/3/2026 11:43:11 PM,CG26024418,"JAMAICA AVE S / 95TH ST S, COTTAGE GROVE",TRAFFIC STOP
COTTAGE GROVE POLICE DEPARTMENT,COTTAGE GROVE,6/3/2026 11:48:26 PM,CG26024420,"7XXX  62nd St S, COTTAGE GROVE",MEDICAL
COTTAGE GROVE POLICE DEPARTMENT,COTTAGE GROVE,6/4/2026 12:00:43 AM,CG26024421,"7XXX  Jensen Ave S, COTTAGE GROVE",SUICIDE
COTTAGE GROVE POLICE DEPARTMENT,COTTAGE GROVE,6/4/2026 5:21:44 AM,CG26024436,"8XXX  East Point Douglas Rd S, COTTAGE GROVE",CIVIL MATTER/DISPUTE
COTTAGE GROVE POLICE DEPARTMENT,COTTAGE GROVE,6/4/2026 9:41:41 AM,CG26024445,"7XXX  74th St S, COTTAGE GROVE",WELFARE CHECK
COTTAGE GROVE POLICE DEPARTMENT,COTTAGE GROVE,6/4/2026 12:14:42 PM,CG26024458,"7XXX  61st St S, COTTAGE GROVE",TRESPASS NOTICE
COTTAGE GROVE POLICE DEPARTMENT,COTTAGE GROVE,6/4/2026 1:11:12 PM,CG26024463,"7XXX  Meadow Grass Cv S, COTTAGE GROVE",NEIGHBOR DISPUTE
COTTAGE GROVE POLICE DEPARTMENT,COTTAGE GROVE,6/4/2026 1:19:35 PM,CG26024464,"HWY 61 NB JNO INNOVATION RD S, COTTAGE GROVE",CITIZEN/PUBLIC ASSIST
COTTAGE GROVE POLICE DEPARTMENT,COTTAGE GROVE,6/4/2026 1:33:58 PM,CG26024466,"7XXX  HINTON AVE S, COTTAGE GROVE",WELFARE CHECK
COTTAGE GROVE POLICE DEPARTMENT,COTTAGE GROVE,6/4/2026 2:12:34 PM,CG26024468,"6XXX  Janero Ave S, COTTAGE GROVE",MEDICAL
COTTAGE GROVE POLICE DEPARTMENT,COTTAGE GROVE,6/4/2026 3:18:22 PM,CG26024484,"6XXX  80th St S, COTTAGE GROVE",MEDICAL
COTTAGE GROVE POLICE DEPARTMENT,COTTAGE GROVE,6/4/2026 4:19:02 PM,CG26024502,"8XXX  80TH ST S, COTTAGE GROVE",FOUND PROPERTY/ITEM
COTTAGE GROVE POLICE DEPARTMENT,COTTAGE GROVE,6/4/2026 5:21:54 PM,CG26024506,"8XXX  - 8498 GREENWAY AVE S, COTTAGE GROVE",PARKING VIOLATION
COTTAGE GROVE POLICE DEPARTMENT,COTTAGE GROVE,6/4/2026 6:07:57 PM,CG26024517,"6XXX  Genevieve Trl S, COTTAGE GROVE",MEDICAL
COTTAGE GROVE POLICE DEPARTMENT,COTTAGE GROVE,6/4/2026 6:27:09 PM,CG26024521,"11XXX  Grey Cloud Trl S, COTTAGE GROVE",TRESPASSING
COTTAGE GROVE POLICE DEPARTMENT,COTTAGE GROVE,6/4/2026 8:40:54 PM,CG26024538,"8XXX  Homestead Ave S, COTTAGE GROVE",MEDICAL
COTTAGE GROVE POLICE DEPARTMENT,COTTAGE GROVE,6/5/2026 1:04:04 AM,CG26024592,"8XXX  HALE AVE S, COTTAGE GROVE",INCIDENT
COTTAGE GROVE POLICE DEPARTMENT,COTTAGE GROVE,6/5/2026 1:10:06 AM,CG26024594,"7XXX  Timber Crest Dr S, COTTAGE GROVE",SUICIDE ATTEMPT/THREATS OF
COTTAGE GROVE POLICE DEPARTMENT,COTTAGE GROVE,6/5/2026 1:58:58 AM,CG26024596,"6XXX  101st St S, COTTAGE GROVE",MEDICAL
COTTAGE GROVE POLICE DEPARTMENT,COTTAGE GROVE,6/5/2026 5:51:26 AM,CG26024601,"8XXX  Jasmine Ln S, COTTAGE GROVE",MEDICAL
COTTAGE GROVE POLICE DEPARTMENT,COTTAGE GROVE,6/5/2026 7:08:56 AM,CG26024604,"7XXX  Timber Crest Dr S, COTTAGE GROVE",CIVIL MATTER/DISPUTE
COTTAGE GROVE POLICE DEPARTMENT,COTTAGE GROVE,6/5/2026 7:59:17 AM,CG26024609,"6XXX  East Point Douglas Rd S, COTTAGE GROVE",MEDICAL
COTTAGE GROVE POLICE DEPARTMENT,COTTAGE GROVE,6/5/2026 11:13:38 AM,CG26024625,"7XXX  East Point Douglas Rd S, COTTAGE GROVE",TRESPASSING
COTTAGE GROVE POLICE DEPARTMENT,COTTAGE GROVE,6/5/2026 11:19:52 AM,CG26024628,"6XXX  104th St S, COTTAGE GROVE",THEFT
COTTAGE GROVE POLICE DEPARTMENT,COTTAGE GROVE,6/5/2026 12:22:00 PM,CG26024635,"7XXX  - 7198 HINTON AVE S, COTTAGE GROVE",TRAFFIC STOP
COTTAGE GROVE POLICE DEPARTMENT,COTTAGE GROVE,6/5/2026 1:27:16 PM,CG26024643,"9XXX  69th St S, COTTAGE GROVE",WELFARE CHECK
COTTAGE GROVE POLICE DEPARTMENT,COTTAGE GROVE,6/5/2026 1:35:09 PM,CG26024644,"8XXX  East Point Douglas Rd S, COTTAGE GROVE",MEDICAL
COTTAGE GROVE POLICE DEPARTMENT,COTTAGE GROVE,6/5/2026 3:51:08 PM,CG26024660,"8XXX  Hinton Ave S, COTTAGE GROVE",OFFICER INFORMATION
COTTAGE GROVE POLICE DEPARTMENT,COTTAGE GROVE,6/5/2026 4:07:46 PM,CG26024661,"7XXX  Hearthside Ave S, COTTAGE GROVE",MEDICAL
COTTAGE GROVE POLICE DEPARTMENT,COTTAGE GROVE,6/5/2026 4:33:11 PM,CG26024664,"7XXX  Inman Ave S, COTTAGE GROVE",WELFARE CHECK
COTTAGE GROVE POLICE DEPARTMENT,COTTAGE GROVE,6/5/2026 5:02:00 PM,CG26024665,"74TH ST S / HINTON AVE S, COTTAGE GROVE",TRAFFIC STOP
COTTAGE GROVE POLICE DEPARTMENT,COTTAGE GROVE,6/5/2026 5:25:00 PM,CG26024667,"8XXX  Ivystone Ct S, COTTAGE GROVE",DWI
COTTAGE GROVE POLICE DEPARTMENT,COTTAGE GROVE,6/5/2026 8:27:37 PM,CG26024679,"9XXX  Janie Ave S, COTTAGE GROVE",FAMILY ASSIST
COTTAGE GROVE POLICE DEPARTMENT,COTTAGE GROVE,6/5/2026 8:50:08 PM,CG26024681,"9XXX  Jergen Ave S, COTTAGE GROVE",SUSPICIOUS PERSON/ACTIVITY
COTTAGE GROVE POLICE DEPARTMENT,COTTAGE GROVE,6/5/2026 10:54:09 PM,CG26024695,"6XXX  70th St S, COTTAGE GROVE",MEDICAL
COTTAGE GROVE POLICE DEPARTMENT,COTTAGE GROVE,6/6/2026 12:05:25 AM,CG26024708,"7XXX  80th St S, COTTAGE GROVE",MEDICAL
COTTAGE GROVE POLICE DEPARTMENT,COTTAGE GROVE,6/6/2026 2:08:00 AM,CG26024736,"9XXX  Inwood Ave S, COTTAGE GROVE",TRESPASS NOTICE
COTTAGE GROVE POLICE DEPARTMENT,COTTAGE GROVE,6/6/2026 2:09:44 AM,CG26024737,"8XXX  JEWEL AVE S, COTTAGE GROVE",MEDICAL
COTTAGE GROVE POLICE DEPARTMENT,COTTAGE GROVE,6/6/2026 5:32:48 AM,CG26024742,"7XXX  Jensen Ave S, COTTAGE GROVE",MEDICAL
COTTAGE GROVE POLICE DEPARTMENT,COTTAGE GROVE,6/6/2026 7:28:11 AM,CG26024746,"8XXX  Ingleside Ave S, COTTAGE GROVE",MEDICAL
COTTAGE GROVE POLICE DEPARTMENT,COTTAGE GROVE,6/6/2026 10:12:00 AM,CG26024754,"9XXX  - 8780 Highway 61, COTTAGE GROVE",TRAFFIC STOP
COTTAGE GROVE POLICE DEPARTMENT,COTTAGE GROVE,6/6/2026 11:08:54 AM,CG26024760,"7XXX  Hardwood Ave S, COTTAGE GROVE",WARRANT ARREST
COTTAGE GROVE POLICE DEPARTMENT,COTTAGE GROVE,6/6/2026 5:55:29 PM,CG26024800,"9XXX  Hames Ave S, COTTAGE GROVE",MEDICAL
COTTAGE GROVE POLICE DEPARTMENT,COTTAGE GROVE,6/6/2026 7:19:00 PM,CG26024806,"6XXX  Highland Hills Blvd S, COTTAGE GROVE",DISORDERLY CONDUCT
COTTAGE GROVE POLICE DEPARTMENT,COTTAGE GROVE,6/6/2026 7:56:45 PM,CG26024811,"8XXX  61st St S, COTTAGE GROVE",MEDICAL
COTTAGE GROVE POLICE DEPARTMENT,NEWPORT,6/4/2026 2:14:00 AM,CG26024434,"1XXX  HASTINGS AVE, NEWPORT",TRAFFIC STOP
COTTAGE GROVE POLICE DEPARTMENT,NEWPORT,6/6/2026 1:20:00 AM,CG26024734,"3XXX  - 3699 MAXWELL AVE, NEWPORT",FLEEING
COTTAGE GROVE POLICE DEPARTMENT,SAINT PAUL PARK,6/1/2026 1:35:07 AM,CG26023978,"70TH ST S / HASTINGS AVE, SAINT PAUL PARK",OFFICER INFORMATION
COTTAGE GROVE POLICE DEPARTMENT,SAINT PAUL PARK,6/2/2026 9:25:41 PM,CG26024243,"HASTINGS AVE / 70TH ST S, SAINT PAUL PARK",WELFARE CHECK
COTTAGE GROVE POLICE DEPARTMENT,WOODBURY,5/31/2026 2:23:35 AM,CG26023844,"XXX Commons Dr, WOODBURY",ASSIST OTHER AGENCY
FOREST LAKE POLICE DEPARTMENT,FOREST LAKE,5/31/2026 1:23:04 AM,FL26006953,"XXX 4TH ST SW, FOREST LAKE",PROPERTY DAMAGE
FOREST LAKE POLICE DEPARTMENT,FOREST LAKE,5/31/2026 6:30:24 AM,FL26006955,"19XXX  FOREST RD N, FOREST LAKE",UNWANTED PERSON/VEHICLE
FOREST LAKE POLICE DEPARTMENT,FOREST LAKE,5/31/2026 9:00:00 AM,FL26006957,"BROADWAY AVE W & 8TH ST NW, FOREST LAKE",TRAFFIC STOP
FOREST LAKE POLICE DEPARTMENT,FOREST LAKE,5/31/2026 10:15:51 AM,FL26006961,"XXX 9TH AVE SW, FOREST LAKE",PROPERTY DAMAGE
FOREST LAKE POLICE DEPARTMENT,FOREST LAKE,5/31/2026 10:43:47 AM,FL26006963,"XXX 11TH AVE SE, FOREST LAKE",FOUND PROPERTY/ITEM
FOREST LAKE POLICE DEPARTMENT,FOREST LAKE,5/31/2026 12:11:01 PM,FL26006968,"7XXX  NORTH SHORE TRL N, FOREST LAKE",ANIMAL COMPLAINT
FOREST LAKE POLICE DEPARTMENT,FOREST LAKE,5/31/2026 12:47:21 PM,FL26006970,"21XXX  HEATH AVE N, FOREST LAKE",DISTURBANCE
FOREST LAKE POLICE DEPARTMENT,FOREST LAKE,5/31/2026 2:57:41 PM,FL26006980,"XXX 12TH ST SW, FOREST LAKE",ACCIDENT
FOREST LAKE POLICE DEPARTMENT,FOREST LAKE,5/31/2026 4:58:37 PM,FL26006986,"22XXX  ELSTON AVE, FOREST LAKE",PARKING VIOLATION
FOREST LAKE POLICE DEPARTMENT,FOREST LAKE,5/31/2026 5:11:46 PM,FL26006987,"7XXX  208TH CV N, FOREST LAKE",MEDICAL
FOREST LAKE POLICE DEPARTMENT,FOREST LAKE,5/31/2026 7:37:43 PM,FL26006990,"XXX 5TH ST NW, FOREST LAKE",WELFARE CHECK
FOREST LAKE POLICE DEPARTMENT,FOREST LAKE,6/1/2026 6:55:23 AM,FL26006997,"Broadway Ave W Over I35, FOREST LAKE",ACCIDENT
FOREST LAKE POLICE DEPARTMENT,FOREST LAKE,6/1/2026 2:28:59 PM,FL26007011,"LAKE ST S & 1ST ST SE, FOREST LAKE",TRAFFIC STOP
FOREST LAKE POLICE DEPARTMENT,FOREST LAKE,6/1/2026 2:53:35 PM,FL26007012,"12TH ST SW & 3RD AVE SW, FOREST LAKE",TRAFFIC STOP
FOREST LAKE POLICE DEPARTMENT,FOREST LAKE,6/1/2026 3:26:00 PM,FL26007014,"XXX SOUTH SHORE DR, FOREST LAKE",SUICIDE ATTEMPT/THREATS OF
FOREST LAKE POLICE DEPARTMENT,FOREST LAKE,6/1/2026 4:18:03 PM,FL26007019,"LAKE ST S & BROADWAY AVE E, FOREST LAKE",TRAFFIC STOP
FOREST LAKE POLICE DEPARTMENT,FOREST LAKE,6/1/2026 4:36:32 PM,FL26007022,"LAKE ST S & BROADWAY AVE E, FOREST LAKE",TRAFFIC STOP
FOREST LAKE POLICE DEPARTMENT,FOREST LAKE,6/1/2026 4:56:56 PM,FL26007023,"LAKE ST S & 8TH AVE SE, FOREST LAKE",TRAFFIC STOP
FOREST LAKE POLICE DEPARTMENT,FOREST LAKE,6/2/2026 11:27:00 AM,FL26007049,"XXX 12TH ST SW, FOREST LAKE",ANIMAL COMPLAINT
FOREST LAKE POLICE DEPARTMENT,FOREST LAKE,6/2/2026 12:06:03 PM,FL26007053,"19XXX  Forest Rd N, FOREST LAKE",SUICIDE ATTEMPT/THREATS OF
FOREST LAKE POLICE DEPARTMENT,FOREST LAKE,6/2/2026 12:48:48 PM,FL26007054,"19XXX  Headwaters Blvd N, FOREST LAKE",OFP VIOLATION
FOREST LAKE POLICE DEPARTMENT,FOREST LAKE,6/2/2026 2:23:55 PM,FL26007060,"Clear Lake Boat Landing, FOREST LAKE",HARASSMENT
FOREST LAKE POLICE DEPARTMENT,FOREST LAKE,6/2/2026 8:32:29 PM,FL26007075,"XXX Lake St S, FOREST LAKE",THEFT
FOREST LAKE POLICE DEPARTMENT,FOREST LAKE,6/3/2026 9:39:48 AM,FL26007093,"1XXX  LAKE ST S, FOREST LAKE",FRAUD/SCAM
FOREST LAKE POLICE DEPARTMENT,FOREST LAKE,6/3/2026 9:53:06 AM,FL26007094,"1XXX  Broadway Ave W, FOREST LAKE",FRAUD/SCAM
FOREST LAKE POLICE DEPARTMENT,FOREST LAKE,6/3/2026 10:02:26 AM,FL26007095,"21XXX  GOODVIEW AVE N, FOREST LAKE",JUVENILE COMPLAINT
FOREST LAKE POLICE DEPARTMENT,FOREST LAKE,6/3/2026 1:44:17 PM,FL26007102,"7XXX  208TH ST N, FOREST LAKE",FRAUD/SCAM
FOREST LAKE POLICE DEPARTMENT,FOREST LAKE,6/3/2026 3:16:34 PM,FL26007109,"LAKE ST S & 11TH AVE SE, FOREST LAKE",ACCIDENT
FOREST LAKE POLICE DEPARTMENT,FOREST LAKE,6/3/2026 4:17:54 PM,FL26007114,"1XXX  LAKE ST S, FOREST LAKE",CIVIL MATTER/DISPUTE
FOREST LAKE POLICE DEPARTMENT,FOREST LAKE,6/3/2026 7:55:31 PM,FL26007128,"FOREST BLVD N & 240TH ST N, FOREST LAKE",TRAFFIC STOP
FOREST LAKE POLICE DEPARTMENT,FOREST LAKE,6/3/2026 8:35:05 PM,FL26007132,"10XXX  190TH ST N, FOREST LAKE",ACCIDENT
FOREST LAKE POLICE DEPARTMENT,FOREST LAKE,6/4/2026 8:29:52 AM,FL26007160,"5XXX  207TH ST N, FOREST LAKE",HARASSMENT
FOREST LAKE POLICE DEPARTMENT,FOREST LAKE,6/4/2026 11:38:40 AM,FL26007172,"XXX 12th St Sw, FOREST LAKE",THEFT
FOREST LAKE POLICE DEPARTMENT,FOREST LAKE,6/4/2026 1:00:32 PM,FL26007176,"XX Lee St, FOREST LAKE",CITIZEN/PUBLIC ASSIST
FOREST LAKE POLICE DEPARTMENT,FOREST LAKE,6/4/2026 3:58:02 PM,FL26007186,"XXX 12TH ST SW, FOREST LAKE",WELFARE CHECK
FOREST LAKE POLICE DEPARTMENT,FOREST LAKE,6/4/2026 4:25:05 PM,FL26007189,"BROADWAY AVE W & EVERTON AVE N, FOREST LAKE",ACCIDENT
FOREST LAKE POLICE DEPARTMENT,FOREST LAKE,6/4/2026 5:19:40 PM,FL26007193,"22XXX  EVERTON AVE N, FOREST LAKE",VEHICLE UNLOCK
FOREST LAKE POLICE DEPARTMENT,FOREST LAKE,6/4/2026 9:20:48 PM,FL26007205,"22XXX  ETHAN AVE N, FOREST LAKE",FRAUD/SCAM
FOREST LAKE POLICE DEPARTMENT,FOREST LAKE,6/4/2026 11:03:15 PM,FL26007209,"20XXX  Fern Glen Ln N, FOREST LAKE",LOST PROPERTY/ITEM
FOREST LAKE POLICE DEPARTMENT,FOREST LAKE,6/4/2026 11:20:19 PM,FL26007211,"XXX 12th St Sw, FOREST LAKE",ASSAULT
FOREST LAKE POLICE DEPARTMENT,FOREST LAKE,6/5/2026 12:43:00 AM,FL26007196,"FOREST RD N & 11TH AVE SW, FOREST LAKE",TRAFFIC STOP
FOREST LAKE POLICE DEPARTMENT,FOREST LAKE,6/5/2026 1:00:00 AM,FL26007194,"11TH AVE SW & LAKE ST S, FOREST LAKE",TRAFFIC STOP
FOREST LAKE POLICE DEPARTMENT,FOREST LAKE,6/5/2026 2:40:41 AM,FL26007216,"XXX 12TH ST SW, FOREST LAKE",LOCKOUT
FOREST LAKE POLICE DEPARTMENT,FOREST LAKE,6/5/2026 10:01:14 AM,FL26007226,"XXX 9TH AVE SW, FOREST LAKE",SCHOOL/STUDENT ISSUE
FOREST LAKE POLICE DEPARTMENT,FOREST LAKE,6/5/2026 10:22:39 AM,FL26007227,"4XXX  208TH ST N, FOREST LAKE",COUNTERFEIT/FORGERY
FOREST LAKE POLICE DEPARTMENT,FOREST LAKE,6/5/2026 11:38:10 AM,FL26007232,"21XXX  BRIDLE PASS DR, FOREST LAKE",FAMILY ASSIST
FOREST LAKE POLICE DEPARTMENT,FOREST LAKE,6/5/2026 11:39:41 AM,FL26007233,"XXX BROADWAY AVE W, FOREST LAKE",ANIMAL COMPLAINT
FOREST LAKE POLICE DEPARTMENT,FOREST LAKE,6/5/2026 12:17:38 PM,FL26007235,"XXX 15TH ST SW, FOREST LAKE",ACCIDENT
FOREST LAKE POLICE DEPARTMENT,FOREST LAKE,6/5/2026 1:30:30 PM,FL26007241,"XXX 1ST AVE NW, FOREST LAKE",ACCIDENT
FOREST LAKE POLICE DEPARTMENT,FOREST LAKE,6/5/2026 2:29:37 PM,FL26007246,"20XXX  GLENBROOK AVE CT N, FOREST LAKE",FRAUD/SCAM
FOREST LAKE POLICE DEPARTMENT,FOREST LAKE,6/5/2026 2:55:15 PM,FL26007251,"XXX 4TH ST NW, FOREST LAKE",CIVIL MATTER/DISPUTE
FOREST LAKE POLICE DEPARTMENT,FOREST LAKE,6/5/2026 5:05:24 PM,FL26007262,"19XXX  FOREST RD N, FOREST LAKE",PROPERTY DAMAGE
FOREST LAKE POLICE DEPARTMENT,FOREST LAKE,6/5/2026 7:15:00 PM,FL26007273,"XX - 99 6TH ST NW, FOREST LAKE",TRAFFIC STOP
FOREST LAKE POLICE DEPARTMENT,FOREST LAKE,6/5/2026 10:29:17 PM,FL26007286,"LAKE ST S & 11TH AVE SW, FOREST LAKE",DWI
FOREST LAKE POLICE DEPARTMENT,FOREST LAKE,6/6/2026 12:51:00 AM,FL26007281,"BROADWAY AVE W & 12TH ST SW, FOREST LAKE",TRAFFIC STOP
FOREST LAKE POLICE DEPARTMENT,FOREST LAKE,6/6/2026 10:43:15 AM,FL26007299,"XXX 12TH ST SW, FOREST LAKE",TRESPASSING
FOREST LAKE POLICE DEPARTMENT,FOREST LAKE,6/6/2026 11:16:42 AM,FL26007300,"1XXX  7TH AVE SW, FOREST LAKE",CHILD CUSTODY
FOREST LAKE POLICE DEPARTMENT,FOREST LAKE,6/6/2026 11:37:00 AM,FL26007301,"3RD AVE SW & 12TH ST SW, FOREST LAKE",ACCIDENT
FOREST LAKE POLICE DEPARTMENT,FOREST LAKE,6/6/2026 12:23:55 PM,FL26007302,"XXX 5th St Nw, FOREST LAKE",HARASSMENT
FOREST LAKE POLICE DEPARTMENT,FOREST LAKE,6/6/2026 1:40:44 PM,FL26007305,"XXX SOUTH SHORE DR, FOREST LAKE",HARASSMENT
FOREST LAKE POLICE DEPARTMENT,FOREST LAKE,6/6/2026 4:08:02 PM,FL26007309,"XXX 8TH AVE SE, FOREST LAKE",CIVIL MATTER/DISPUTE
FOREST LAKE POLICE DEPARTMENT,FOREST LAKE,6/6/2026 9:36:00 PM,FL26007317,"12TH ST SW & 3RD AVE SW, FOREST LAKE",TRAFFIC STOP
FOREST LAKE POLICE DEPARTMENT,FOREST LAKE,6/6/2026 9:39:00 PM,FL26007322,"BROADWAY AVE W, FOREST LAKE",TRAFFIC STOP
FOREST LAKE POLICE DEPARTMENT,FOREST LAKE,6/6/2026 11:29:00 PM,FL26007327,"XXX - 100 BROADWAY AVE W, FOREST LAKE",TRAFFIC STOP
OAKDALE POLICE DEPARTMENT,OAKDALE,5/31/2026 12:05:11 AM,OD26006504,"Helmo Ave N / 46th St N, OAKDALE",SUSPICIOUS PERSON/ACTIVITY
OAKDALE POLICE DEPARTMENT,OAKDALE,5/31/2026 12:32:11 AM,OD26006506,"4XXX  HEATHER RIDGE RD N, OAKDALE",DISTURBANCE
OAKDALE POLICE DEPARTMENT,OAKDALE,5/31/2026 12:48:10 AM,OD26006509,"8XXX  3RD ST N, OAKDALE",ALARM-BUSINESS/RES/FIRE/MEDICAL/ETC
OAKDALE POLICE DEPARTMENT,OAKDALE,5/31/2026 12:52:24 AM,OD26006510,"4XXX  HEATHER RIDGE RD N, OAKDALE",CITIZEN/PUBLIC ASSIST
OAKDALE POLICE DEPARTMENT,OAKDALE,5/31/2026 1:08:19 AM,OD26006512,"GENEVA AVE N / 48TH ST N, OAKDALE",ASSIST OTHER AGENCY
OAKDALE POLICE DEPARTMENT,OAKDALE,5/31/2026 1:46:46 AM,OD26006516,"Upper 28th St N / 29th St N, OAKDALE",TRAFFIC STOP
OAKDALE POLICE DEPARTMENT,OAKDALE,5/31/2026 2:43:17 AM,OD26006518,"3XXX  Hadley Ave N, OAKDALE",ANIMAL COMPLAINT
OAKDALE POLICE DEPARTMENT,OAKDALE,5/31/2026 5:36:18 AM,OD26006519,"6XXX  54TH ST N, OAKDALE",FOUND PROPERTY/ITEM
OAKDALE POLICE DEPARTMENT,OAKDALE,5/31/2026 6:17:33 AM,OD26006520,"6XXX  15TH ST N, OAKDALE",ANIMAL COMPLAINT
OAKDALE POLICE DEPARTMENT,OAKDALE,5/31/2026 8:22:48 AM,OD26006521,"5XXX  Hadley Ave N, OAKDALE",911 ABANDONED/HANGUP/OPEN LINE
OAKDALE POLICE DEPARTMENT,OAKDALE,5/31/2026 8:53:50 AM,OD26006522,"7XXX  44th Street Ct N, OAKDALE",911 ABANDONED/HANGUP/OPEN LINE
OAKDALE POLICE DEPARTMENT,OAKDALE,5/31/2026 9:13:42 AM,OD26006523,"6XXX  Gretchen Ln N, OAKDALE",RUNAWAY
OAKDALE POLICE DEPARTMENT,OAKDALE,5/31/2026 11:51:55 AM,OD26006525,"1XXX  HYDRAM AVE N, OAKDALE",ANIMAL BITE
OAKDALE POLICE DEPARTMENT,OAKDALE,5/31/2026 12:30:37 PM,OD26006527,"6XXX  7th St N, OAKDALE",WELFARE CHECK
OAKDALE POLICE DEPARTMENT,OAKDALE,5/31/2026 1:14:58 PM,OD26006529,"GRANADA AVE N / 21ST ST N, OAKDALE",JUVENILE COMPLAINT
OAKDALE POLICE DEPARTMENT,OAKDALE,5/31/2026 1:48:07 PM,OD26006532,"1XXX  GENTRY AVE N, OAKDALE",DISTURBANCE
OAKDALE POLICE DEPARTMENT,OAKDALE,5/31/2026 2:04:33 PM,OD26006533,"Grafton Ave N / 7th St N, OAKDALE",PARKING COMPLAINT
OAKDALE POLICE DEPARTMENT,OAKDALE,5/31/2026 2:08:43 PM,OD26006534,"10TH ST N / HALLMARK AVE N, OAKDALE",WANTED PERSON-KOPS ALERT/ATL
OAKDALE POLICE DEPARTMENT,OAKDALE,5/31/2026 2:14:20 PM,OD26006535,"6XXX  UPPER 35TH ST N, OAKDALE",MISSING PERSON
OAKDALE POLICE DEPARTMENT,OAKDALE,5/31/2026 2:23:42 PM,OD26006536,"7XXX  Upper 36th St N, OAKDALE",WELFARE CHECK
OAKDALE POLICE DEPARTMENT,OAKDALE,5/31/2026 2:43:25 PM,OD26006537,"1XXX  HELMO RD N, OAKDALE",FIRE
OAKDALE POLICE DEPARTMENT,OAKDALE,5/31/2026 3:53:24 PM,OD26006539,"5XXX  Hadley Ave N, OAKDALE",MEDICAL
OAKDALE POLICE DEPARTMENT,OAKDALE,5/31/2026 4:17:27 PM,OD26006540,"6XXX  33rd St N, OAKDALE",CIVIL MATTER/DISPUTE
OAKDALE POLICE DEPARTMENT,OAKDALE,5/31/2026 5:05:42 PM,OD26006542,"3XXX  Gresham Ave N, OAKDALE",CIVIL MATTER/DISPUTE
OAKDALE POLICE DEPARTMENT,OAKDALE,5/31/2026 5:40:56 PM,OD26006544,"6XXX  15TH ST N, OAKDALE",IDENTITY THEFT
OAKDALE POLICE DEPARTMENT,OAKDALE,5/31/2026 6:03:55 PM,OD26006545,"Hwy 120 At 34th St N, OAKDALE",ACCIDENT
OAKDALE POLICE DEPARTMENT,OAKDALE,5/31/2026 7:24:50 PM,OD26006548,"2XXX  Grange Ave N, OAKDALE",THREATS
OAKDALE POLICE DEPARTMENT,OAKDALE,5/31/2026 7:56:01 PM,OD26006549,"4XXX  GERSHWIN AVE N, OAKDALE",DISTURBANCE
OAKDALE POLICE DEPARTMENT,OAKDALE,5/31/2026 8:28:29 PM,OD26006550,"7XXX  19th St N, OAKDALE",NOISE COMPLAINT/DISTURBANCE
OAKDALE POLICE DEPARTMENT,OAKDALE,5/31/2026 8:56:09 PM,OD26006551,"2XXX  HILLVALE CT N, OAKDALE",CIVIL MATTER/DISPUTE
OAKDALE POLICE DEPARTMENT,OAKDALE,5/31/2026 9:05:39 PM,OD26006552,"1XXX  Granada Ave N, OAKDALE",SUSPICIOUS PERSON/ACTIVITY
OAKDALE POLICE DEPARTMENT,OAKDALE,5/31/2026 9:18:49 PM,OD26006553,"7XXX  53rd St N, OAKDALE",ANIMAL COMPLAINT
OAKDALE POLICE DEPARTMENT,OAKDALE,5/31/2026 9:26:25 PM,OD26006556,"3XXX  GERSHWIN LN N, OAKDALE",ANIMAL COMPLAINT
OAKDALE POLICE DEPARTMENT,OAKDALE,5/31/2026 9:35:50 PM,OD26006555,"XXX Goodview Ave N, OAKDALE",NOISE COMPLAINT/DISTURBANCE
OAKDALE POLICE DEPARTMENT,OAKDALE,5/31/2026 9:46:33 PM,OD26006557,"40TH ST N & HADLEY AVE N, OAKDALE",ANIMAL COMPLAINT
OAKDALE POLICE DEPARTMENT,OAKDALE,5/31/2026 10:47:55 PM,OD26006558,"50th St N / Hadley Ave N, OAKDALE",SUSPICIOUS PERSON/ACTIVITY
OAKDALE POLICE DEPARTMENT,OAKDALE,5/31/2026 10:57:58 PM,OD26006560,"5XXX  HADLEY AVE N, OAKDALE",CITIZEN/PUBLIC ASSIST
OAKDALE POLICE DEPARTMENT,OAKDALE,6/1/2026 12:44:42 AM,OD26006562,"38th St N / 36th St N, OAKDALE",SUSPICIOUS PERSON/ACTIVITY
OAKDALE POLICE DEPARTMENT,OAKDALE,6/1/2026 6:10:35 AM,OD26006565,"2XXX  HELENA RD N, OAKDALE",ANIMAL COMPLAINT
OAKDALE POLICE DEPARTMENT,OAKDALE,6/1/2026 6:10:48 AM,OD26006564,"6XXX  40th St N, OAKDALE",911 ABANDONED/HANGUP/OPEN LINE
OAKDALE POLICE DEPARTMENT,OAKDALE,6/1/2026 8:43:55 AM,OD26006569,"4XXX  Hamlet Ave N, OAKDALE",PARKING VIOLATION
OAKDALE POLICE DEPARTMENT,OAKDALE,6/1/2026 8:44:00 AM,OD26006568,"I694 SB JNO I94, OAKDALE",ACCIDENT
OAKDALE POLICE DEPARTMENT,OAKDALE,6/1/2026 8:55:32 AM,OD26006570,"1XXX  HELMO AVE N, OAKDALE",CIVIL MATTER/DISPUTE
OAKDALE POLICE DEPARTMENT,OAKDALE,6/1/2026 9:37:18 AM,OD26006571,"7XXX  18th Street Ct N, OAKDALE",ANIMAL COMPLAINT
OAKDALE POLICE DEPARTMENT,OAKDALE,6/1/2026 10:21:50 AM,OD26006572,"3XXX  Hadley Ave N, OAKDALE",ACCIDENT
OAKDALE POLICE DEPARTMENT,OAKDALE,6/1/2026 10:46:35 AM,OD26006573,"34th St N / Ideal Ave N, OAKDALE",911 ABANDONED/HANGUP/OPEN LINE
OAKDALE POLICE DEPARTMENT,OAKDALE,6/1/2026 11:23:39 AM,OD26006574,"7XXX  32nd St N, OAKDALE",SUSPICIOUS PERSON/ACTIVITY
OAKDALE POLICE DEPARTMENT,OAKDALE,6/1/2026 11:40:19 AM,OD26006575,"7XXX  23RD ST N, OAKDALE",911 ABANDONED/HANGUP/OPEN LINE
OAKDALE POLICE DEPARTMENT,OAKDALE,6/1/2026 12:32:16 PM,OD26006577,"Hudson Blvd N / Birch Ln, OAKDALE",OVERDOSE
OAKDALE POLICE DEPARTMENT,OAKDALE,6/1/2026 12:51:30 PM,OD26006578,"XXX Grospoint Ave N, OAKDALE",CITIZEN/PUBLIC ASSIST
OAKDALE POLICE DEPARTMENT,OAKDALE,6/1/2026 1:17:32 PM,OD26006580,"2XXX  HILLVALE CT N, OAKDALE",DISTURBANCE
OAKDALE POLICE DEPARTMENT,OAKDALE,6/1/2026 1:18:33 PM,OD26006581,"XXX Greene Ave N, OAKDALE",LIFT ASSIST
OAKDALE POLICE DEPARTMENT,OAKDALE,6/1/2026 1:38:02 PM,OD26006586,"3XXX  Hadley Ave N, OAKDALE",ACCIDENT
OAKDALE POLICE DEPARTMENT,OAKDALE,6/1/2026 1:50:31 PM,OD26006584,"6XXX  54th St N, OAKDALE",DISTURBANCE
OAKDALE POLICE DEPARTMENT,OAKDALE,6/1/2026 2:28:17 PM,OD26006588,"6XXX  54th St N, OAKDALE",DISTURBANCE
OAKDALE POLICE DEPARTMENT,OAKDALE,6/1/2026 2:45:53 PM,OD26006589,"6XXX  40TH ST N, OAKDALE",CIVIL MATTER/DISPUTE
OAKDALE POLICE DEPARTMENT,OAKDALE,6/1/2026 2:58:29 PM,OD26006590,"7XXX  38TH ST N, OAKDALE",JUVENILE COMPLAINT
OAKDALE POLICE DEPARTMENT,OAKDALE,6/1/2026 3:48:39 PM,OD26006591,"6XXX  15TH ST N, OAKDALE",CITIZEN/PUBLIC ASSIST
OAKDALE POLICE DEPARTMENT,OAKDALE,6/1/2026 3:54:48 PM,OD26006592,"7XXX  36TH ST N, OAKDALE",WELFARE CHECK
OAKDALE POLICE DEPARTMENT,OAKDALE,6/1/2026 3:56:57 PM,OD26006594,"1XXX  GRANADA AVE N, OAKDALE",PROPERTY DAMAGE
OAKDALE POLICE DEPARTMENT,OAKDALE,6/1/2026 4:03:54 PM,OD26006593,"7XXX  11th St N, OAKDALE",MEDICAL
OAKDALE POLICE DEPARTMENT,OAKDALE,6/1/2026 4:19:21 PM,OD26006595,"2XXX  HILLVALE CT N, OAKDALE",CIVIL MATTER/DISPUTE
OAKDALE POLICE DEPARTMENT,OAKDALE,6/1/2026 5:34:09 PM,OD26006598,"1XXX  Hadley Ave N, OAKDALE",MEDICAL
OAKDALE POLICE DEPARTMENT,OAKDALE,6/1/2026 6:17:23 PM,OD26006600,"7XXX  10th St N, OAKDALE",SUSPICIOUS PERSON/ACTIVITY
OAKDALE POLICE DEPARTMENT,OAKDALE,6/1/2026 6:43:00 PM,OD26006601,"1XXX  Geneva Ave N, OAKDALE",MEDICAL
OAKDALE POLICE DEPARTMENT,OAKDALE,6/1/2026 7:15:56 PM,OD26006602,"1XXX  GRANADA AVE N, OAKDALE",CIVIL MATTER/DISPUTE
OAKDALE POLICE DEPARTMENT,OAKDALE,6/1/2026 7:46:45 PM,OD26006603,"XXX GREENWAY AVE N, OAKDALE",911 ABANDONED/HANGUP/OPEN LINE
OAKDALE POLICE DEPARTMENT,OAKDALE,6/1/2026 8:00:07 PM,OD26006604,"7XXX  32ND ST N, OAKDALE",SUSPICIOUS PERSON/ACTIVITY
OAKDALE POLICE DEPARTMENT,OAKDALE,6/1/2026 8:43:15 PM,OD26006606,"XXX Helena Ave N, OAKDALE",DISTURBANCE
OAKDALE POLICE DEPARTMENT,OAKDALE,6/1/2026 9:24:52 PM,OD26006607,"6XXX  Upper 28th St N, OAKDALE",FIRE
OAKDALE POLICE DEPARTMENT,OAKDALE,6/1/2026 11:10:51 PM,OD26006610,"1XXX  HADLEY AVE N, OAKDALE",PARK INCIDENT-CITY/COUNTY
OAKDALE POLICE DEPARTMENT,OAKDALE,6/1/2026 11:19:45 PM,OD26006611,"4XXX  GENEVA AVE N, OAKDALE",TRAFFIC STOP
OAKDALE POLICE DEPARTMENT,OAKDALE,6/1/2026 11:32:15 PM,OD26006612,"10TH ST N / GENEVA AVE N, OAKDALE",TRAFFIC STOP
OAKDALE POLICE DEPARTMENT,OAKDALE,6/2/2026 1:23:54 AM,OD26006615,"1XXX  HADLEY AVE N, OAKDALE",SUSPICIOUS PERSON/ACTIVITY
OAKDALE POLICE DEPARTMENT,OAKDALE,6/2/2026 1:32:28 AM,OD26006616,"7XXX  10TH ST N, OAKDALE",SUSPICIOUS PERSON/ACTIVITY
OAKDALE POLICE DEPARTMENT,OAKDALE,6/2/2026 1:58:00 AM,OD26006617,"7XXX  HALLMARK AVE N, OAKDALE",TRAFFIC STOP
OAKDALE POLICE DEPARTMENT,OAKDALE,6/2/2026 2:12:12 AM,OD26006618,"3XXX  Goodwin Ave N, OAKDALE",FRAUD/SCAM
OAKDALE POLICE DEPARTMENT,OAKDALE,6/2/2026 7:58:38 AM,OD26006620,"1XXX  Hadley Ave N, OAKDALE",SUSPICIOUS PERSON/ACTIVITY
OAKDALE POLICE DEPARTMENT,OAKDALE,6/2/2026 8:10:49 AM,OD26006621,"1XXX  Hilo Ave N, OAKDALE",MEDICAL
OAKDALE POLICE DEPARTMENT,OAKDALE,6/2/2026 8:55:38 AM,OD26006622,"6XXX  15TH ST N, OAKDALE",CITIZEN/PUBLIC ASSIST
OAKDALE POLICE DEPARTMENT,OAKDALE,6/2/2026 9:22:45 AM,OD26006625,"6XXX  10th Street Ct N, OAKDALE",ASSIGNED & CLEARED
OAKDALE POLICE DEPARTMENT,OAKDALE,6/2/2026 9:30:07 AM,OD26006626,"7XXX  15th St N, OAKDALE",LEAKING LOAD
OAKDALE POLICE DEPARTMENT,OAKDALE,6/2/2026 9:34:25 AM,OD26006627,"6XXX  10th Street Ct N, OAKDALE",ALARM-BUSINESS/RES/FIRE/MEDICAL/ETC
OAKDALE POLICE DEPARTMENT,OAKDALE,6/2/2026 9:47:38 AM,OD26006628,"3XXX  HALLMARK AVE N, OAKDALE",ANIMAL COMPLAINT
OAKDALE POLICE DEPARTMENT,OAKDALE,6/2/2026 9:59:40 AM,OD26006629,"7XXX  10th St N, OAKDALE",ACCIDENT
OAKDALE POLICE DEPARTMENT,OAKDALE,6/2/2026 10:12:29 AM,OD26006630,"7XXX  21st St N, OAKDALE",LIFT ASSIST
OAKDALE POLICE DEPARTMENT,OAKDALE,6/2/2026 10:38:33 AM,OD26006631,"1XXX  HALLMARK CIR N, OAKDALE",CIVIL MATTER/DISPUTE
OAKDALE POLICE DEPARTMENT,OAKDALE,6/2/2026 10:55:42 AM,OD26006633,"1XXX  Helmo Ave N, OAKDALE",DRIVING COMPLAINT
OAKDALE POLICE DEPARTMENT,OAKDALE,6/2/2026 11:19:41 AM,OD26006635,"Hwy 36 Wb At Hwy 120, OAKDALE",DRIVING COMPLAINT
OAKDALE POLICE DEPARTMENT,OAKDALE,6/2/2026 11:26:20 AM,OD26006636,"1XXX  Geneva Ave N, OAKDALE",CIVIL MATTER/DISPUTE
OAKDALE POLICE DEPARTMENT,OAKDALE,6/2/2026 12:01:43 PM,OD26006637,"6XXX  Hudson Blvd N, OAKDALE",CIVIL MATTER/DISPUTE
OAKDALE POLICE DEPARTMENT,OAKDALE,6/2/2026 1:20:01 PM,OD26006639,"XXX GREENWAY AVE N, OAKDALE",THREATS
OAKDALE POLICE DEPARTMENT,OAKDALE,6/2/2026 1:46:26 PM,OD26006640,"7XXX  11th St N, OAKDALE",MEDICAL
OAKDALE POLICE DEPARTMENT,OAKDALE,6/2/2026 2:09:11 PM,OD26006641,"XXX INWOOD AVE N, OAKDALE",ALARM-BUSINESS/RES/FIRE/MEDICAL/ETC
OAKDALE POLICE DEPARTMENT,OAKDALE,6/2/2026 2:17:25 PM,OD26006642,"2XXX  Hillvale Ct N, OAKDALE",CIVIL MATTER/DISPUTE
OAKDALE POLICE DEPARTMENT,OAKDALE,6/2/2026 2:51:56 PM,OD26006645,"7XXX  46th Street Ct N, OAKDALE",JUVENILE COMPLAINT
OAKDALE POLICE DEPARTMENT,OAKDALE,6/2/2026 3:00:07 PM,OD26006646,"3XXX  Gresham Ct N, OAKDALE",ANIMAL COMPLAINT
OAKDALE POLICE DEPARTMENT,OAKDALE,6/2/2026 3:07:59 PM,OD26006647,"XXX Greenway Ave N, OAKDALE",DISTURBANCE
OAKDALE POLICE DEPARTMENT,OAKDALE,6/2/2026 3:37:19 PM,OD26006649,"6XXX  UPPER 51ST ST N, OAKDALE",ANIMAL COMPLAINT
OAKDALE POLICE DEPARTMENT,OAKDALE,6/2/2026 4:04:44 PM,OD26006650,"3XXX  I694, OAKDALE",ASSIST OTHER AGENCY
OAKDALE POLICE DEPARTMENT,OAKDALE,6/2/2026 4:09:24 PM,OD26006651,"6XXX  8TH ST LN N, OAKDALE",ANIMAL BITE
OAKDALE POLICE DEPARTMENT,OAKDALE,6/2/2026 4:26:30 PM,OD26006652,"XXX GRAFTON AVE N, OAKDALE",DISTURBANCE
OAKDALE POLICE DEPARTMENT,OAKDALE,6/2/2026 5:37:11 PM,OD26006653,"7XXX  Upper 17th St N, OAKDALE",CIVIL MATTER/DISPUTE
OAKDALE POLICE DEPARTMENT,OAKDALE,6/2/2026 5:54:36 PM,OD26006654,"6XXX  10th Street Ct N, OAKDALE",ANIMAL COMPLAINT
OAKDALE POLICE DEPARTMENT,OAKDALE,6/2/2026 6:31:23 PM,OD26006655,"Hadley Ave N / 7th St N, OAKDALE",ACCIDENT
OAKDALE POLICE DEPARTMENT,OAKDALE,6/2/2026 6:41:33 PM,OD26006656,"XXX Helena Ave N, OAKDALE",RUNAWAY
OAKDALE POLICE DEPARTMENT,OAKDALE,6/2/2026 6:47:39 PM,OD26006657,"6XXX  24TH ST N, OAKDALE",MEDICAL
OAKDALE POLICE DEPARTMENT,OAKDALE,6/2/2026 7:26:58 PM,OD26006658,"1XXX  Glenbrook Ave N, OAKDALE",OFFICER INFORMATION
OAKDALE POLICE DEPARTMENT,OAKDALE,6/2/2026 8:41:00 PM,OD26006659,"4XXX  Geneva Ave N, OAKDALE",SUICIDE ATTEMPT/THREATS OF
OAKDALE POLICE DEPARTMENT,OAKDALE,6/2/2026 9:43:15 PM,OD26006663,"1XXX  Helmo Ave N, OAKDALE",DISTURBANCE
OAKDALE POLICE DEPARTMENT,OAKDALE,6/2/2026 10:28:58 PM,OD26006664,"6XXX  24th St N, OAKDALE",WELFARE CHECK
OAKDALE POLICE DEPARTMENT,OAKDALE,6/2/2026 11:17:45 PM,OD26006665,"XXX HELENA AVE N, OAKDALE",FOUND PERSON
OAKDALE POLICE DEPARTMENT,OAKDALE,6/2/2026 11:56:38 PM,OD26006666,"6XXX  Hudson Blvd N, OAKDALE",MEDICAL
OAKDALE POLICE DEPARTMENT,OAKDALE,6/3/2026 2:16:16 AM,OD26006668,"7XXX  10TH ST N, OAKDALE",FOLLOW UP
OAKDALE POLICE DEPARTMENT,OAKDALE,6/3/2026 5:13:45 AM,OD26006670,"1XXX  Gentry Ave N, OAKDALE",MEDICAL
OAKDALE POLICE DEPARTMENT,OAKDALE,6/3/2026 5:46:25 AM,OD26006671,"1XXX  Helmo Ave N, OAKDALE",ALARM-BUSINESS/RES/FIRE/MEDICAL/ETC
OAKDALE POLICE DEPARTMENT,OAKDALE,6/3/2026 8:12:05 AM,OD26006673,"7XXX  3RD ST N, OAKDALE",FOUND PROPERTY/ITEM
OAKDALE POLICE DEPARTMENT,OAKDALE,6/3/2026 9:07:35 AM,OD26006675,"1XXX  GLENBROOK AVE N, OAKDALE",SUSPICIOUS PERSON/ACTIVITY
OAKDALE POLICE DEPARTMENT,OAKDALE,6/3/2026 9:27:27 AM,OD26006676,"XXX GREENWAY AVE N, OAKDALE",DISTURBANCE
OAKDALE POLICE DEPARTMENT,OAKDALE,6/3/2026 9:57:57 AM,OD26006678,"7XXX  Stillwater Blvd N, OAKDALE",CIVIL MATTER/DISPUTE
OAKDALE POLICE DEPARTMENT,OAKDALE,6/3/2026 10:45:32 AM,OD26006679,"XXX GREENWAY AVE N, OAKDALE",DISTURBANCE
OAKDALE POLICE DEPARTMENT,OAKDALE,6/3/2026 10:49:31 AM,OD26006680,"3XXX  Gresham Ave N, OAKDALE",THEFT
OAKDALE POLICE DEPARTMENT,OAKDALE,6/3/2026 11:01:47 AM,OD26006682,"6XXX  15TH ST N, OAKDALE",ACCIDENT
OAKDALE POLICE DEPARTMENT,OAKDALE,6/3/2026 11:18:27 AM,OD26006683,"1XXX  HADLEY AVE N, OAKDALE",FOUND PROPERTY/ITEM
OAKDALE POLICE DEPARTMENT,OAKDALE,6/3/2026 12:46:54 PM,OD26006686,"Hadley Ave N / 10th St N, OAKDALE",ACCIDENT
OAKDALE POLICE DEPARTMENT,OAKDALE,6/3/2026 2:40:00 PM,OD26006688,"5XXX  Hadley Ave N, OAKDALE",CIVIL MATTER/DISPUTE
OAKDALE POLICE DEPARTMENT,OAKDALE,6/3/2026 3:06:50 PM,OD26006690,"7XXX  STILLWATER WAY N, OAKDALE",CIVIL MATTER/DISPUTE
OAKDALE POLICE DEPARTMENT,OAKDALE,6/3/2026 3:24:50 PM,OD26006691,"1XXX  HADLEY AVE N, OAKDALE",CITIZEN/PUBLIC ASSIST
OAKDALE POLICE DEPARTMENT,OAKDALE,6/3/2026 4:02:44 PM,OD26006693,"6XXX  15th St N, OAKDALE",FOLLOW UP
OAKDALE POLICE DEPARTMENT,OAKDALE,6/3/2026 4:20:50 PM,OD26006696,"7XXX  STILLWATER WAY N, OAKDALE",NEIGHBOR DISPUTE
OAKDALE POLICE DEPARTMENT,OAKDALE,6/3/2026 4:27:38 PM,OD26006695,"I694 SB AT 34TH ST N, OAKDALE",ASSIST OTHER AGENCY
OAKDALE POLICE DEPARTMENT,OAKDALE,6/3/2026 6:05:00 PM,OD26006700,"XXX Geneva Ave N, OAKDALE",SHOPLIFTING
OAKDALE POLICE DEPARTMENT,OAKDALE,6/3/2026 6:08:09 PM,OD26006701,"7XXX  10th St N, OAKDALE",ACCIDENT
OAKDALE POLICE DEPARTMENT,OAKDALE,6/3/2026 7:03:00 PM,OD26006702," 5635 Hadley Ave N, OAKDALE",SHOPLIFTING
OAKDALE POLICE DEPARTMENT,OAKDALE,6/3/2026 7:07:04 PM,OD26006703,"5XXX  Hadley Ave N, OAKDALE",WELFARE CHECK
OAKDALE POLICE DEPARTMENT,OAKDALE,6/3/2026 7:41:03 PM,OD26006704,"7XXX  40TH ST N, OAKDALE",CIVIL MATTER/DISPUTE
OAKDALE POLICE DEPARTMENT,OAKDALE,6/3/2026 8:38:21 PM,OD26006705,"1XXX  GREENE AVE N, OAKDALE",MEDICAL
OAKDALE POLICE DEPARTMENT,OAKDALE,6/3/2026 9:47:34 PM,OD26006707,"6XXX  40TH ST N, OAKDALE",DISTURBANCE
OAKDALE POLICE DEPARTMENT,OAKDALE,6/3/2026 10:24:20 PM,OD26006709,"1XXX  HELENA RD N, OAKDALE",911 ABANDONED/HANGUP/OPEN LINE
OAKDALE POLICE DEPARTMENT,OAKDALE,6/3/2026 11:32:44 PM,OD26006711,"4XXX  HADLEY AVE N, OAKDALE",PARK INCIDENT-CITY/COUNTY
OAKDALE POLICE DEPARTMENT,OAKDALE,6/3/2026 11:32:46 PM,OD26006712,"1XXX  Hadley Ave N, OAKDALE",ASSIST OTHER AGENCY
OAKDALE POLICE DEPARTMENT,OAKDALE,6/4/2026 12:00:00 AM,OD26006742,"3XXX  HADLEY AVE N, OAKDALE",PARKING VIOLATION
OAKDALE POLICE DEPARTMENT,OAKDALE,6/4/2026 12:57:25 AM,OD26006713,"1XXX  Hadley Ave N, OAKDALE",DISTURBANCE
OAKDALE POLICE DEPARTMENT,OAKDALE,6/4/2026 1:18:21 AM,OD26006714,"1XXX  HADLEY AVE N, OAKDALE",SUSPICIOUS PERSON/ACTIVITY
OAKDALE POLICE DEPARTMENT,OAKDALE,6/4/2026 5:51:06 AM,OD26006717,"3XXX  HADLEY AVE N, OAKDALE",SUSPICIOUS PERSON/ACTIVITY
OAKDALE POLICE DEPARTMENT,OAKDALE,6/4/2026 7:23:00 AM,OD26006718,"1XXX  GERSHWIN AVE N, OAKDALE",MEDICAL
OAKDALE POLICE DEPARTMENT,OAKDALE,6/4/2026 7:54:26 AM,OD26006721,"55th St N / Hadley Ave N, OAKDALE",CITIZEN/PUBLIC ASSIST
OAKDALE POLICE DEPARTMENT,OAKDALE,6/4/2026 7:56:51 AM,OD26006723,"Hadley Ave N / 50th St N, OAKDALE",CITIZEN/PUBLIC ASSIST
OAKDALE POLICE DEPARTMENT,OAKDALE,6/4/2026 8:16:18 AM,OD26006724,"7XXX  24TH ST N, OAKDALE",MEDICAL
OAKDALE POLICE DEPARTMENT,OAKDALE,6/4/2026 8:22:23 AM,OD26006725,"XXX Helmo Ave N, OAKDALE",911 ABANDONED/HANGUP/OPEN LINE
OAKDALE POLICE DEPARTMENT,OAKDALE,6/4/2026 8:48:01 AM,OD26006729,"1XXX  HELENA RD N, OAKDALE",PARKING COMPLAINT
OAKDALE POLICE DEPARTMENT,OAKDALE,6/4/2026 9:23:34 AM,OD26006732,"6XXX  HUDSON BLVD N, OAKDALE",WELFARE CHECK
OAKDALE POLICE DEPARTMENT,OAKDALE,6/4/2026 9:41:55 AM,OD26006733,"8XXX  3rd St N, OAKDALE",ACCIDENT
OAKDALE POLICE DEPARTMENT,OAKDALE,6/4/2026 9:50:37 AM,OD26006734,"2XXX  Hayward Ave N, OAKDALE",ASSIST OTHER AGENCY
OAKDALE POLICE DEPARTMENT,OAKDALE,6/4/2026 9:57:04 AM,OD26006735,"6XXX  48TH ST N, OAKDALE",FOUND PROPERTY/ITEM
OAKDALE POLICE DEPARTMENT,OAKDALE,6/4/2026 10:57:00 AM,OD26006738,"5XXX  Hadley Ave N, OAKDALE",SHOPLIFTING
OAKDALE POLICE DEPARTMENT,OAKDALE,6/4/2026 10:59:06 AM,OD26006737,"7XXX  12TH ST N, OAKDALE",911 ABANDONED/HANGUP/OPEN LINE
OAKDALE POLICE DEPARTMENT,OAKDALE,6/4/2026 11:37:23 AM,OD26006741,"7XXX  10TH ST N, OAKDALE",911 ABANDONED/HANGUP/OPEN LINE
OAKDALE POLICE DEPARTMENT,OAKDALE,6/4/2026 1:53:26 PM,OD26006747,"6XXX  UPPER 20TH ST N, OAKDALE",CITIZEN/PUBLIC ASSIST
OAKDALE POLICE DEPARTMENT,OAKDALE,6/4/2026 2:38:41 PM,OD26006751,"GENEVA AVE N & 15TH ST N, OAKDALE",CITIZEN/PUBLIC ASSIST
OAKDALE POLICE DEPARTMENT,OAKDALE,6/4/2026 2:42:44 PM,OD26006752,"2XXX  HYDRAM AVE N, OAKDALE",911 ABANDONED/HANGUP/OPEN LINE
OAKDALE POLICE DEPARTMENT,OAKDALE,6/4/2026 2:46:59 PM,OD26006753,"3XXX  GRANADA WAY N, OAKDALE",WELFARE CHECK
OAKDALE POLICE DEPARTMENT,OAKDALE,6/4/2026 3:25:51 PM,OD26006755,"2XXX  Hillvale Ct N, OAKDALE",DISTURBANCE
OAKDALE POLICE DEPARTMENT,OAKDALE,6/4/2026 3:50:53 PM,OD26006756,"1XXX  GLENBROOK AVE N, OAKDALE",IDENTITY THEFT
OAKDALE POLICE DEPARTMENT,OAKDALE,6/4/2026 4:07:49 PM,OD26006757,"1XXX  Geneva Ave N, OAKDALE",ASSIST OTHER AGENCY
OAKDALE POLICE DEPARTMENT,OAKDALE,6/4/2026 4:15:09 PM,OD26006758,"12TH ST N / GENEVA AVE N, OAKDALE",TRAFFIC STOP
OAKDALE POLICE DEPARTMENT,OAKDALE,6/4/2026 4:35:46 PM,OD26006760,"1XXX  Granada Ave N, OAKDALE",ALARM-BUSINESS/RES/FIRE/MEDICAL/ETC
OAKDALE POLICE DEPARTMENT,OAKDALE,6/4/2026 4:57:09 PM,OD26006761,"1XXX  HADLEY AVE N, OAKDALE",SUSPICIOUS PERSON/ACTIVITY
OAKDALE POLICE DEPARTMENT,OAKDALE,6/4/2026 5:32:29 PM,OD26006762,"2XXX  GENEVA AVE N, OAKDALE",TRAFFIC STOP
OAKDALE POLICE DEPARTMENT,OAKDALE,6/4/2026 5:53:16 PM,OD26006763,"1XXX  HALLMARK CIR N, OAKDALE",UNWANTED PERSON/VEHICLE
OAKDALE POLICE DEPARTMENT,OAKDALE,6/4/2026 6:08:10 PM,OD26006765,"Helmo Ave N / 2nd St N, OAKDALE",ANIMAL COMPLAINT
OAKDALE POLICE DEPARTMENT,OAKDALE,6/4/2026 6:14:00 PM,OD26006766,"10TH ST N & HELMO AVE N, OAKDALE",TRAFFIC STOP
OAKDALE POLICE DEPARTMENT,OAKDALE,6/4/2026 7:33:34 PM,OD26006769,"7XXX  19TH ST N, OAKDALE",ANIMAL BITE
OAKDALE POLICE DEPARTMENT,OAKDALE,6/4/2026 9:03:04 PM,OD26006770,"4XXX  HELENA RD N, OAKDALE",CIVIL MATTER/DISPUTE
OAKDALE POLICE DEPARTMENT,OAKDALE,6/4/2026 9:13:14 PM,OD26006771,"XXX Hale Ave N, OAKDALE",ALARM-BUSINESS/RES/FIRE/MEDICAL/ETC
OAKDALE POLICE DEPARTMENT,OAKDALE,6/4/2026 9:40:22 PM,OD26006772,"6XXX  52nd St N, OAKDALE",FOLLOW UP
OAKDALE POLICE DEPARTMENT,OAKDALE,6/5/2026 12:22:45 AM,OD26006775,"4XXX  GRENWICH TRL N, OAKDALE",MEDICAL
OAKDALE POLICE DEPARTMENT,OAKDALE,6/5/2026 1:49:27 AM,OD26006779,"1XXX  GLENBROOK AVE N, OAKDALE",911 ABANDONED/HANGUP/OPEN LINE
OAKDALE POLICE DEPARTMENT,OAKDALE,6/5/2026 7:55:27 AM,OD26006783,"XXX Greenway Ave N, OAKDALE",GAS LEAK
OAKDALE POLICE DEPARTMENT,OAKDALE,6/5/2026 8:37:01 AM,OD26006784,"1XXX  HADLEY AVE N, OAKDALE",PROPERTY DAMAGE
OAKDALE POLICE DEPARTMENT,OAKDALE,6/5/2026 9:18:41 AM,OD26006786,"XXX Imperial Ave N, OAKDALE",911 ABANDONED/HANGUP/OPEN LINE
OAKDALE POLICE DEPARTMENT,OAKDALE,6/5/2026 10:37:12 AM,OD26006790,"XXX GREENWAY AVE N, OAKDALE",SUSPICIOUS PERSON/ACTIVITY
OAKDALE POLICE DEPARTMENT,OAKDALE,6/5/2026 10:55:37 AM,OD26006791,"7XXX  5th St N, OAKDALE",SUSPICIOUS PERSON/ACTIVITY
OAKDALE POLICE DEPARTMENT,OAKDALE,6/5/2026 12:21:30 PM,OD26006792,"4XXX  GENEVA AVE N, OAKDALE",VEHICLE TAMPERING
OAKDALE POLICE DEPARTMENT,OAKDALE,6/5/2026 12:37:16 PM,OD26006793,"2XXX  Helmo Cir N, OAKDALE",MEDICAL
OAKDALE POLICE DEPARTMENT,OAKDALE,6/5/2026 12:42:45 PM,OD26006794,"7XXX  36TH ST N, OAKDALE",WELFARE CHECK
OAKDALE POLICE DEPARTMENT,OAKDALE,6/5/2026 12:49:32 PM,OD26006795,"6XXX  21ST ST N, OAKDALE",ORDINANCE VIOLATION
OAKDALE POLICE DEPARTMENT,OAKDALE,6/5/2026 1:35:58 PM,OD26006797,"1XXX  HADLEY AVE N, OAKDALE",CITIZEN/PUBLIC ASSIST
OAKDALE POLICE DEPARTMENT,OAKDALE,6/5/2026 2:04:20 PM,OD26006799,"5XXX  HADLEY AVE N, OAKDALE",SUSPICIOUS PERSON/ACTIVITY
OAKDALE POLICE DEPARTMENT,OAKDALE,6/5/2026 2:35:55 PM,OD26006800,"XXX GREENWAY AVE N, OAKDALE",DISTURBANCE
OAKDALE POLICE DEPARTMENT,OAKDALE,6/5/2026 3:48:00 PM,OD26006805,"1XXX  Granada Ave N, OAKDALE",NEIGHBOR DISPUTE
OAKDALE POLICE DEPARTMENT,OAKDALE,6/5/2026 4:31:56 PM,OD26006807,"1XXX  HADLEY AVE N, OAKDALE",FOLLOW UP
OAKDALE POLICE DEPARTMENT,OAKDALE,6/5/2026 4:37:32 PM,OD26006808,"3XXX  Henna Ave N, OAKDALE",CITIZEN/PUBLIC ASSIST
OAKDALE POLICE DEPARTMENT,OAKDALE,6/5/2026 4:58:05 PM,OD26006809,"3XXX  Henna Ave N, OAKDALE",CITIZEN/PUBLIC ASSIST
OAKDALE POLICE DEPARTMENT,OAKDALE,6/5/2026 6:20:12 PM,OD26006811,"4XXX  Hamlet Ave N, OAKDALE",MEDICAL
OAKDALE POLICE DEPARTMENT,OAKDALE,6/5/2026 6:25:08 PM,OD26006812,"6XXX  10TH ST N, OAKDALE",DRIVING COMPLAINT
OAKDALE POLICE DEPARTMENT,OAKDALE,6/5/2026 6:41:52 PM,OD26006813,"Hallmark Ave N / Hale Ave N, OAKDALE",SUSPICIOUS PERSON/ACTIVITY
OAKDALE POLICE DEPARTMENT,OAKDALE,6/5/2026 7:45:14 PM,OD26006814,"1XXX  Glenbrook Ave N, OAKDALE",911 ABANDONED/HANGUP/OPEN LINE
OAKDALE POLICE DEPARTMENT,OAKDALE,6/5/2026 8:16:24 PM,OD26006816,"1XXX  Gentry Ave N, OAKDALE",ANIMAL COMPLAINT
OAKDALE POLICE DEPARTMENT,OAKDALE,6/5/2026 9:20:51 PM,OD26006818,"2XXX  HELMO CT N, OAKDALE",TRAFFIC STOP
OAKDALE POLICE DEPARTMENT,OAKDALE,6/5/2026 9:51:11 PM,OD26006820,"7XXX  Upper 17th St N, OAKDALE",FOUND PERSON
OAKDALE POLICE DEPARTMENT,OAKDALE,6/5/2026 10:02:07 PM,OD26006821,"3XXX  GENEVA AVE N, OAKDALE",TRAFFIC STOP
OAKDALE POLICE DEPARTMENT,OAKDALE,6/5/2026 10:12:39 PM,OD26006822,"3XXX  GENEVA ST N, OAKDALE",TRAFFIC STOP
OAKDALE POLICE DEPARTMENT,OAKDALE,6/5/2026 10:59:40 PM,OD26006824,"6XXX  34TH ST N, OAKDALE",TRAFFIC STOP
OAKDALE POLICE DEPARTMENT,OAKDALE,6/5/2026 11:04:55 PM,OD26006825,"1XXX  HADLEY AVE N, OAKDALE",TRAFFIC STOP
OAKDALE POLICE DEPARTMENT,OAKDALE,6/5/2026 11:30:12 PM,OD26006826,"7XXX  34TH ST N, OAKDALE",TRAFFIC STOP
OAKDALE POLICE DEPARTMENT,OAKDALE,6/5/2026 11:41:11 PM,OD26006827,"XXX Greenway Ave N, OAKDALE",NOISE COMPLAINT/DISTURBANCE
OAKDALE POLICE DEPARTMENT,OAKDALE,6/5/2026 11:57:39 PM,OD26006828,"HELMO AVE N / 4TH ST N, OAKDALE",TRAFFIC STOP
OAKDALE POLICE DEPARTMENT,OAKDALE,6/6/2026 12:05:04 AM,OD26006830,"XXX HELMO AVE N, OAKDALE",TRAFFIC STOP
OAKDALE POLICE DEPARTMENT,OAKDALE,6/6/2026 12:05:06 AM,OD26006831,"3XXX  Goodwin Ave N, OAKDALE",OVERDOSE
OAKDALE POLICE DEPARTMENT,OAKDALE,6/6/2026 12:49:22 AM,OD26006832,"HADLEY LN N / 9TH ST N, OAKDALE",TRAFFIC STOP
OAKDALE POLICE DEPARTMENT,OAKDALE,6/6/2026 4:46:44 AM,OD26006833,"2XXX  Gresham Ave N, OAKDALE",MEDICAL
OAKDALE POLICE DEPARTMENT,OAKDALE,6/6/2026 7:11:29 AM,OD26006834,"6XXX  50th St N, OAKDALE",911 ABANDONED/HANGUP/OPEN LINE
OAKDALE POLICE DEPARTMENT,OAKDALE,6/6/2026 8:00:22 AM,OD26006835,"3XXX  GENTRY AVE N, OAKDALE",DEATH INVESTIGATION
OAKDALE POLICE DEPARTMENT,OAKDALE,6/6/2026 8:02:19 AM,OD26006836,"2XXX  Henslow Ave N, OAKDALE",911 ABANDONED/HANGUP/OPEN LINE
OAKDALE POLICE DEPARTMENT,OAKDALE,6/6/2026 10:36:35 AM,OD26006837,"7XXX  16TH STREET CT N, OAKDALE",911 ABANDONED/HANGUP/OPEN LINE
OAKDALE POLICE DEPARTMENT,OAKDALE,6/6/2026 10:58:43 AM,OD26006838,"6XXX  45th St N, OAKDALE",TRAFFIC COMPLAINT
OAKDALE POLICE DEPARTMENT,OAKDALE,6/6/2026 12:01:17 PM,OD26006840,"Hadley Ave N / Upper 44th St N, OAKDALE",ROAD HAZARD
OAKDALE POLICE DEPARTMENT,OAKDALE,6/6/2026 12:08:46 PM,OD26006841,"1XXX  HADLEY AVE N, OAKDALE",TRAFFIC STOP
OAKDALE POLICE DEPARTMENT,OAKDALE,6/6/2026 12:35:59 PM,OD26006842,"XXX HELMO AVE N, OAKDALE",TRAFFIC STOP
OAKDALE POLICE DEPARTMENT,OAKDALE,6/6/2026 12:54:16 PM,OD26006843,"4XXX  HELENA RD N, OAKDALE",MEDICAL
OAKDALE POLICE DEPARTMENT,OAKDALE,6/6/2026 1:06:51 PM,OD26006844,"50TH ST N/ HADLEY AVE N, OAKDALE",TRAFFIC STOP
OAKDALE POLICE DEPARTMENT,OAKDALE,6/6/2026 1:47:12 PM,OD26006846,"7XXX  22nd Street Ct N, OAKDALE",DUMPING COMPLAINT
OAKDALE POLICE DEPARTMENT,OAKDALE,6/6/2026 3:14:40 PM,OD26006848,"1XXX  Hadley Ave N, OAKDALE",MEDICAL
OAKDALE POLICE DEPARTMENT,OAKDALE,6/6/2026 3:46:51 PM,OD26006849,"2XXX  Henslow Ave N, OAKDALE",ANIMAL COMPLAINT
OAKDALE POLICE DEPARTMENT,OAKDALE,6/6/2026 5:55:53 PM,OD26006851,"2XXX  Hillvale Ct N, OAKDALE",CIVIL MATTER/DISPUTE
OAKDALE POLICE DEPARTMENT,OAKDALE,6/6/2026 6:09:46 PM,OD26006852,"6XXX  UPPER 44TH ST N, OAKDALE",ANIMAL COMPLAINT
OAKDALE POLICE DEPARTMENT,OAKDALE,6/6/2026 6:25:36 PM,OD26006853,"I694 Sb To I94 Wb Ramp, OAKDALE",ANIMAL COMPLAINT
OAKDALE POLICE DEPARTMENT,OAKDALE,6/6/2026 8:16:07 PM,OD26006855,"3XXX  GRANADA LN N, OAKDALE",ANIMAL COMPLAINT
OAKDALE POLICE DEPARTMENT,OAKDALE,6/6/2026 9:24:24 PM,OD26006858,"1XXX  Helmo Ave N, OAKDALE",JUVENILE COMPLAINT
OAKDALE POLICE DEPARTMENT,OAKDALE,6/6/2026 10:32:09 PM,OD26006861,"1XXX  HADLEY AVE N, OAKDALE",PARK INCIDENT-CITY/COUNTY
OAKDALE POLICE DEPARTMENT,OAKDALE,6/6/2026 10:37:55 PM,OD26006862,"XXX GRAFTON AVE N, OAKDALE",PARK INCIDENT-CITY/COUNTY
OAKDALE POLICE DEPARTMENT,OAKDALE,6/6/2026 10:43:39 PM,OD26006863,"1XXX  GENEVA AVE N, OAKDALE",CITIZEN/PUBLIC ASSIST
OAKDALE POLICE DEPARTMENT,OAKDALE,6/6/2026 11:24:25 PM,OD26006865,"34TH ST N / HADLEY AVE N, OAKDALE",DRIVING COMPLAINT
OAKDALE POLICE DEPARTMENT,OAKDALE,6/6/2026 11:39:41 PM,OD26006866,"2XXX  GENEVA AVE N, OAKDALE",SUSPICIOUS PERSON/ACTIVITY
OAKDALE POLICE DEPARTMENT,WOODBURY,6/3/2026 2:09:09 AM,OD26006667,"I94 WB AT I494, WOODBURY",ASSIST OTHER AGENCY
OAKDALE POLICE DEPARTMENT,WOODBURY,6/6/2026 11:10:33 PM,OD26006864,"I494 Nb At Tamarack Rd, WOODBURY",ASSIST OTHER AGENCY
ST. PAUL PARK POLICE DEPARTMENT,COTTAGE GROVE,6/2/2026 9:41:43 PM,SP26004395,"8XXX  Jewel Ave S, COTTAGE GROVE",ASSIST OTHER AGENCY
ST. PAUL PARK POLICE DEPARTMENT,COTTAGE GROVE,6/2/2026 10:01:09 PM,SP26004394,"7XXX  East Point Douglas Rd S, COTTAGE GROVE",ASSIST OTHER AGENCY
ST. PAUL PARK POLICE DEPARTMENT,SAINT PAUL PARK,5/31/2026 12:47:53 PM,SP26004335,"XXX Pleasant Ave, SAINT PAUL PARK",FRAUD/SCAM
ST. PAUL PARK POLICE DEPARTMENT,SAINT PAUL PARK,6/1/2026 8:38:08 AM,SP26004352,"XXX BROADWAY AVE, SAINT PAUL PARK",ACCIDENT
ST. PAUL PARK POLICE DEPARTMENT,SAINT PAUL PARK,6/2/2026 12:00:44 PM,SP26004380,"Summit Ave / Broadway Ave, SAINT PAUL PARK",ACCIDENT
ST. PAUL PARK POLICE DEPARTMENT,SAINT PAUL PARK,6/3/2026 6:11:19 PM,SP26004413,"1XXX  Portland Ave, SAINT PAUL PARK",Death - Natural
ST. PAUL PARK POLICE DEPARTMENT,SAINT PAUL PARK,6/4/2026 2:33:48 AM,SP26004424,"1XXX  Holley Ave, SAINT PAUL PARK",THREATS
ST. PAUL PARK POLICE DEPARTMENT,SAINT PAUL PARK,6/4/2026 2:48:53 PM,SP26004435,"XXX Hastings Ave, SAINT PAUL PARK",MAIL THEFT
ST. PAUL PARK POLICE DEPARTMENT,SAINT PAUL PARK,6/4/2026 10:21:20 PM,SP26004445,"XX 7th Ave W, SAINT PAUL PARK",DISORDERLY CONDUCT
ST. PAUL PARK POLICE DEPARTMENT,SAINT PAUL PARK,6/5/2026 10:14:18 AM,SP26004455,"XXX 9th Ave W, SAINT PAUL PARK",MOTOR VEHICLE THEFT
ST. PAUL PARK POLICE DEPARTMENT,SAINT PAUL PARK,6/5/2026 12:32:45 PM,SP26004458,"XXX Portland Ave, SAINT PAUL PARK",FOUND PROPERTY/ITEM
ST. PAUL PARK POLICE DEPARTMENT,SAINT PAUL PARK,6/5/2026 10:45:04 PM,SP26004488,"XXX Broadway Ave, SAINT PAUL PARK",WELFARE CHECK
ST. PAUL PARK POLICE DEPARTMENT,SAINT PAUL PARK,6/6/2026 2:08:37 PM,SP26004510,"XXX 3rd St, SAINT PAUL PARK",Aggravated Robbery
STILLWATER POLICE DEPARTMENT,OAK PARK HEIGHTS,6/2/2026 12:14:33 AM,SW26004729,"Hwy 36 Eb At Norell Ave N, OAK PARK HEIGHTS",ACCIDENT
STILLWATER POLICE DEPARTMENT,OAK PARK HEIGHTS,6/3/2026 10:40:15 PM,SW26004802,"Hwy 36 Eb At Osgood Ave N, OAK PARK HEIGHTS",ASSIST OTHER AGENCY
STILLWATER POLICE DEPARTMENT,OAK PARK HEIGHTS,6/3/2026 11:17:14 PM,SW26004805,"13XXX  60th St N, OAK PARK HEIGHTS",DRIVING COMPLAINT
STILLWATER POLICE DEPARTMENT,OAK PARK HEIGHTS,6/4/2026 7:22:59 PM,SW26004835,"SAINT CROIX TRL N / HWY 36 EB TO HWY 95 RAMP, OAK PARK HEIGHTS",PURSUIT
STILLWATER POLICE DEPARTMENT,OAK PARK HEIGHTS,6/4/2026 8:55:25 PM,SW26004839,"HIGHWAY 36 EB & Norrell Ave N, OAK PARK HEIGHTS",ACCIDENT
STILLWATER POLICE DEPARTMENT,OAK PARK HEIGHTS,6/6/2026 10:27:43 PM,SW26004938,"HWY 36 EB AT OSGOOD AVE N, OAK PARK HEIGHTS",ASSIST OTHER AGENCY
STILLWATER POLICE DEPARTMENT,STILLWATER,5/31/2026 12:51:55 AM,SW26004656,"Water St S / Chestnut St E, STILLWATER",DISTURBANCE
STILLWATER POLICE DEPARTMENT,STILLWATER,5/31/2026 1:01:00 AM,SW26004657,"XXX Main St S, STILLWATER",DISORDERLY CONDUCT
STILLWATER POLICE DEPARTMENT,STILLWATER,5/31/2026 1:02:30 AM,SW26004658,"1XXX  Benson Blvd W, STILLWATER",NOISE COMPLAINT/DISTURBANCE
STILLWATER POLICE DEPARTMENT,STILLWATER,5/31/2026 2:27:15 AM,SW26004659,"XXX - 1029 MAIN ST S, STILLWATER",CITIZEN/PUBLIC ASSIST
STILLWATER POLICE DEPARTMENT,STILLWATER,5/31/2026 5:04:19 AM,SW26004661,"XXX Bridgewater Way, STILLWATER",Medical
STILLWATER POLICE DEPARTMENT,STILLWATER,5/31/2026 5:50:45 AM,SW26004662,"XXX Marsh St W, STILLWATER",ALARM-BUSINESS/RES/FIRE/MEDICAL/ETC
STILLWATER POLICE DEPARTMENT,STILLWATER,5/31/2026 9:06:33 AM,SW26004665,"XXX Seeley St S, STILLWATER",ORDINANCE VIOLATION
STILLWATER POLICE DEPARTMENT,STILLWATER,5/31/2026 9:22:34 AM,SW26004666,"1XXX  Frontage Rd W, STILLWATER",911 ABANDONED/HANGUP/OPEN LINE
STILLWATER POLICE DEPARTMENT,STILLWATER,5/31/2026 11:03:28 AM,SW26004667,"1XXX  Swenson St, STILLWATER",VEHICLE UNLOCK
STILLWATER POLICE DEPARTMENT,STILLWATER,5/31/2026 11:17:21 AM,SW26004668,"1XXX  3rd St N, STILLWATER",HARASSMENT
STILLWATER POLICE DEPARTMENT,STILLWATER,5/31/2026 11:30:29 AM,SW26004669,"XXX Holcombe St S, STILLWATER",OFFICER INFORMATION
STILLWATER POLICE DEPARTMENT,STILLWATER,5/31/2026 2:00:09 PM,SW26004672,"MYRTLE ST E / MAIN ST N, STILLWATER",TRAFFIC STOP
STILLWATER POLICE DEPARTMENT,STILLWATER,5/31/2026 4:01:50 PM,SW26004675,"1XXX  Stillwater Blvd N, STILLWATER",WELFARE CHECK
STILLWATER POLICE DEPARTMENT,STILLWATER,5/31/2026 4:35:41 PM,SW26004677,"1XXX  Atwood Ln, STILLWATER",911 ABANDONED/HANGUP/OPEN LINE
STILLWATER POLICE DEPARTMENT,STILLWATER,5/31/2026 5:34:59 PM,SW26004679,"14XXX  62nd St N, STILLWATER",VEHICLE TAMPERING
STILLWATER POLICE DEPARTMENT,STILLWATER,5/31/2026 6:24:59 PM,SW26004680,"2XXX  Oak Glen Trl, STILLWATER",MEDICAL
STILLWATER POLICE DEPARTMENT,STILLWATER,5/31/2026 6:41:11 PM,SW26004681,"2XXX  Frontage Rd W, STILLWATER",UNWANTED PERSON/VEHICLE
STILLWATER POLICE DEPARTMENT,STILLWATER,5/31/2026 7:29:46 PM,sw26004682,"XXX Main St N, STILLWATER",ALARM-BUSINESS/RES/FIRE/MEDICAL/ETC
STILLWATER POLICE DEPARTMENT,STILLWATER,5/31/2026 7:34:10 PM,SW26004683,"2XXX  Edgewood Ct, STILLWATER",911 ABANDONED/HANGUP/OPEN LINE
STILLWATER POLICE DEPARTMENT,STILLWATER,5/31/2026 8:19:43 PM,SW26004685,"2XXX  Saddle Ct, STILLWATER",CIVIL MATTER/DISPUTE
STILLWATER POLICE DEPARTMENT,STILLWATER,5/31/2026 8:33:41 PM,SW26004686,"XXX Owens St N, STILLWATER",TRAFFIC COMPLAINT
STILLWATER POLICE DEPARTMENT,STILLWATER,5/31/2026 9:16:10 PM,SW26004687," 2225 ORLEANS ST W   , STILLWATER",SHOTS FIRED/SHOOTING COMPLAINT
STILLWATER POLICE DEPARTMENT,STILLWATER,5/31/2026 9:23:40 PM,SW26004688,"XXX Myrtle St W, STILLWATER",BURGLARY
STILLWATER POLICE DEPARTMENT,STILLWATER,5/31/2026 10:21:11 PM,SW26004689,"Main St S / Nelson St, STILLWATER",ROAD HAZARD
STILLWATER POLICE DEPARTMENT,STILLWATER,5/31/2026 10:26:34 PM,SW26004690,"1XXX  Parkwood Ln, STILLWATER",CITIZEN/PUBLIC ASSIST
STILLWATER POLICE DEPARTMENT,STILLWATER,6/1/2026 12:36:56 AM,SW26004692,"XXX Union Aly, STILLWATER",CITIZEN/PUBLIC ASSIST
STILLWATER POLICE DEPARTMENT,STILLWATER,6/1/2026 7:29:59 AM,SW26004694,"6XXX  Osman Ave N, STILLWATER",ALARM-BUSINESS/RES/FIRE/MEDICAL/ETC
STILLWATER POLICE DEPARTMENT,STILLWATER,6/1/2026 8:52:38 AM,SW26004695,"1XXX  Driving Park Rd, STILLWATER",THEFT
STILLWATER POLICE DEPARTMENT,STILLWATER,6/1/2026 9:19:09 AM,SW26004696,"62nd St N / Legend Blvd, STILLWATER",ANIMAL COMPLAINT
STILLWATER POLICE DEPARTMENT,STILLWATER,6/1/2026 9:21:14 AM,SW26004697,"Manning Ave N / Hwy 36 Eb To Manning Ave N Ramp, STILLWATER",DRIVING COMPLAINT
STILLWATER POLICE DEPARTMENT,STILLWATER,6/1/2026 10:42:52 AM,SW26004700,"1XXX  Market Dr, STILLWATER",ANIMAL COMPLAINT
STILLWATER POLICE DEPARTMENT,STILLWATER,6/1/2026 11:02:26 AM,SW26004701,"2XXX  Curve Crest Blvd, STILLWATER",DISTURBANCE
STILLWATER POLICE DEPARTMENT,STILLWATER,6/1/2026 11:10:44 AM,SW26004702,"1XXX  Mcdougal Grn, STILLWATER",PARKING COMPLAINT
STILLWATER POLICE DEPARTMENT,STILLWATER,6/1/2026 11:49:27 AM,SW26004703,"Oak St W / Martha St S, STILLWATER",WELFARE CHECK
STILLWATER POLICE DEPARTMENT,STILLWATER,6/1/2026 11:53:30 AM,SW26004704,"1XXX  Market Dr, STILLWATER",CITIZEN/PUBLIC ASSIST
STILLWATER POLICE DEPARTMENT,STILLWATER,6/1/2026 12:43:40 PM,SW26004705,"XXX Linden St W, STILLWATER",VEHICLE TAMPERING
STILLWATER POLICE DEPARTMENT,STILLWATER,6/1/2026 1:29:36 PM,SW26004706,"1XXX  4th St N, STILLWATER",911 ABANDONED/HANGUP/OPEN LINE
STILLWATER POLICE DEPARTMENT,STILLWATER,6/1/2026 1:44:16 PM,SW26004708,"3XXX  Lowell Ct, STILLWATER",CITIZEN/PUBLIC ASSIST
STILLWATER POLICE DEPARTMENT,STILLWATER,6/1/2026 2:11:00 PM,SW26004709,"2XXX  Pinehurst St, STILLWATER",911 ABANDONED/HANGUP/OPEN LINE
STILLWATER POLICE DEPARTMENT,STILLWATER,6/1/2026 2:15:06 PM,SW26004710,"XXX Greeley St S, STILLWATER",CITIZEN/PUBLIC ASSIST
STILLWATER POLICE DEPARTMENT,STILLWATER,6/1/2026 3:05:54 PM,SW26004713,"XXX Greeley St S, STILLWATER",MEDICAL
STILLWATER POLICE DEPARTMENT,STILLWATER,6/1/2026 3:42:30 PM,SW26004714,"XXX MYRTLE ST W, STILLWATER",VEHICLE UNLOCK
STILLWATER POLICE DEPARTMENT,STILLWATER,6/1/2026 4:01:14 PM,SW26004717,"2XXX  Orleans St W, STILLWATER",MEDICAL
STILLWATER POLICE DEPARTMENT,STILLWATER,6/1/2026 4:06:59 PM,SW26004720,"2XXX  Northwestern Ave, STILLWATER",CIVIL MATTER/DISPUTE
STILLWATER POLICE DEPARTMENT,STILLWATER,6/1/2026 4:16:04 PM,SW26004719,"XXX 4TH ST N, STILLWATER",OFFICER INFORMATION
STILLWATER POLICE DEPARTMENT,STILLWATER,6/1/2026 5:12:47 PM,SW26004721,"XXX 3rd St S, STILLWATER",ALARM-BUSINESS/RES/FIRE/MEDICAL/ETC
STILLWATER POLICE DEPARTMENT,STILLWATER,6/1/2026 5:49:32 PM,SW26004722,"14XXX  62nd St N, STILLWATER",ASSIST OTHER AGENCY
STILLWATER POLICE DEPARTMENT,STILLWATER,6/1/2026 6:09:02 PM,SW26004723,"1XXX  Brewers Ln, STILLWATER",CITIZEN/PUBLIC ASSIST
STILLWATER POLICE DEPARTMENT,STILLWATER,6/1/2026 9:01:44 PM,SW26004726,"XXX Newman Trl, STILLWATER",SUSPICIOUS PERSON/ACTIVITY
STILLWATER POLICE DEPARTMENT,STILLWATER,6/1/2026 9:51:49 PM,SW26004727,"1XXX  Curve Crest Blvd, STILLWATER",WELFARE CHECK
STILLWATER POLICE DEPARTMENT,STILLWATER,6/2/2026 1:10:57 AM,SW26004730,"XXX 2ND ST N, STILLWATER",SUSPICIOUS PERSON/ACTIVITY
STILLWATER POLICE DEPARTMENT,STILLWATER,6/2/2026 2:52:31 AM,SW26004731,"XXX William St S, STILLWATER",CITIZEN/PUBLIC ASSIST
STILLWATER POLICE DEPARTMENT,STILLWATER,6/2/2026 4:51:22 AM,SW26004732,"1XXX  Macey Way, STILLWATER",911 ABANDONED/HANGUP/OPEN LINE
STILLWATER POLICE DEPARTMENT,STILLWATER,6/2/2026 7:33:32 AM,SW26004734,"XXX 3rd St N, STILLWATER",CITIZEN/PUBLIC ASSIST
STILLWATER POLICE DEPARTMENT,STILLWATER,6/2/2026 8:49:01 AM,SW26004735,"XXX Pine Tree Trl, STILLWATER",CIVIL MATTER/DISPUTE
STILLWATER POLICE DEPARTMENT,STILLWATER,6/2/2026 8:56:27 AM,SW26004736,"XXX SEELEY ST S, STILLWATER",COMMUNITY CONTACT
STILLWATER POLICE DEPARTMENT,STILLWATER,6/2/2026 9:14:53 AM,SW26004737,"14XXX  62nd St N, STILLWATER",COMMUNITY CONTACT
STILLWATER POLICE DEPARTMENT,STILLWATER,6/2/2026 9:57:40 AM,SW26004738,"2XXX  Curve Crest Blvd, STILLWATER",HARASSMENT
STILLWATER POLICE DEPARTMENT,STILLWATER,6/2/2026 11:19:25 AM,SW26004740,"3XXX  Curve Crest Blvd, STILLWATER",911 ABANDONED/HANGUP/OPEN LINE
STILLWATER POLICE DEPARTMENT,STILLWATER,6/2/2026 1:03:33 PM,SW26004743,"XXX Newman Trl, STILLWATER",UNWANTED PERSON/VEHICLE
STILLWATER POLICE DEPARTMENT,STILLWATER,6/2/2026 1:17:16 PM,SW26004745,"XXX Main St S, STILLWATER",ACCIDENT
STILLWATER POLICE DEPARTMENT,STILLWATER,6/2/2026 2:00:57 PM,SW26004747,"1XXX  Creekside Xing, STILLWATER",911 ABANDONED/HANGUP/OPEN LINE
STILLWATER POLICE DEPARTMENT,STILLWATER,6/2/2026 2:19:11 PM,SW26004748,"Greeley St S At Hwy 36, STILLWATER",ROAD HAZARD
STILLWATER POLICE DEPARTMENT,STILLWATER,6/2/2026 4:02:44 PM,SW26004751,"1XXX  Market Dr, STILLWATER",CITIZEN/PUBLIC ASSIST
STILLWATER POLICE DEPARTMENT,STILLWATER,6/2/2026 5:04:20 PM,SW26004753,"XXX 4th St N, STILLWATER",CITIZEN/PUBLIC ASSIST
STILLWATER POLICE DEPARTMENT,STILLWATER,6/2/2026 5:51:05 PM,SW26004754,"XXX Elm St W, STILLWATER",CITIZEN/PUBLIC ASSIST
STILLWATER POLICE DEPARTMENT,STILLWATER,6/2/2026 6:43:49 PM,SW26004755,"1XXX  Curve Crest Blvd, STILLWATER",ALARM-BUSINESS/RES/FIRE/MEDICAL/ETC
STILLWATER POLICE DEPARTMENT,STILLWATER,6/2/2026 6:51:36 PM,SW26004756,"XXX 4th St N, STILLWATER",CITIZEN/PUBLIC ASSIST
STILLWATER POLICE DEPARTMENT,STILLWATER,6/2/2026 7:13:11 PM,SW26004757,"1XXX  Holcombe St S, STILLWATER",ALARM-BUSINESS/RES/FIRE/MEDICAL/ETC
STILLWATER POLICE DEPARTMENT,STILLWATER,6/2/2026 7:34:27 PM,SW26004758,"XXX - 207 6TH ST S, STILLWATER",FOUND PROPERTY/ITEM
STILLWATER POLICE DEPARTMENT,STILLWATER,6/2/2026 7:39:51 PM,SW26004759,"XXX Laurie Ln, STILLWATER",ALARM-BUSINESS/RES/FIRE/MEDICAL/ETC
STILLWATER POLICE DEPARTMENT,STILLWATER,6/2/2026 8:04:34 PM,SW26004760,"XXX William St S, STILLWATER",CITIZEN/PUBLIC ASSIST
STILLWATER POLICE DEPARTMENT,STILLWATER,6/2/2026 9:19:01 PM,SW26004761,"1XXX  Delano Way, STILLWATER",UNWANTED PERSON/VEHICLE
STILLWATER POLICE DEPARTMENT,STILLWATER,6/2/2026 10:16:41 PM,SW26004762,"Stillwater Blvd N Over Hwy 36, STILLWATER",ACCIDENT
STILLWATER POLICE DEPARTMENT,STILLWATER,6/2/2026 11:48:40 PM,SW26004765,"2XXX  Long Lake Dr, STILLWATER",MEDICAL
STILLWATER POLICE DEPARTMENT,STILLWATER,6/3/2026 5:52:57 AM,SW26004767,"XXX William St S, STILLWATER",911 ABANDONED/HANGUP/OPEN LINE
STILLWATER POLICE DEPARTMENT,STILLWATER,6/3/2026 8:19:19 AM,SW26004768,"1XXX  Frontage Rd W, STILLWATER",INDECENT EXPOSURE
STILLWATER POLICE DEPARTMENT,STILLWATER,6/3/2026 11:20:57 AM,SW26004769,"2XXX  Woodridge Ln, STILLWATER",FOUND PROPERTY/ITEM
STILLWATER POLICE DEPARTMENT,STILLWATER,6/3/2026 1:18:23 PM,SW26004771,"XXX ANDERSON ST W, STILLWATER",FRAUD/SCAM
STILLWATER POLICE DEPARTMENT,STILLWATER,6/3/2026 2:08:23 PM,SW26004772,"Nelson St / Main St S, STILLWATER",MEDICAL
STILLWATER POLICE DEPARTMENT,STILLWATER,6/3/2026 2:08:28 PM,SW26004775,"1XXX  6th St S, STILLWATER",VEHICLE UNLOCK
STILLWATER POLICE DEPARTMENT,STILLWATER,6/3/2026 2:18:45 PM,SW26004774,"XXX 4th St N, STILLWATER",CITIZEN/PUBLIC ASSIST
STILLWATER POLICE DEPARTMENT,STILLWATER,6/3/2026 2:42:43 PM,SW26004776,"1XXX  Paddock Cir, STILLWATER",MEDICAL
STILLWATER POLICE DEPARTMENT,STILLWATER,6/3/2026 3:08:29 PM,SW26004778,"XXX 4th St N, STILLWATER",LOST PROPERTY/ITEM
STILLWATER POLICE DEPARTMENT,STILLWATER,6/3/2026 4:06:57 PM,SW26004779,"XXX Chestnut St E, STILLWATER",JUVENILE COMPLAINT
STILLWATER POLICE DEPARTMENT,STILLWATER,6/3/2026 4:09:50 PM,SW26004782,"XXX Water St S, STILLWATER",ACCIDENT
STILLWATER POLICE DEPARTMENT,STILLWATER,6/3/2026 4:12:17 PM,SW26004781,"XXX Newman Trl, STILLWATER",ASSIST OTHER AGENCY
STILLWATER POLICE DEPARTMENT,STILLWATER,6/3/2026 4:16:35 PM,SW26004780,"XXX 4TH ST N, STILLWATER",ACCIDENT
STILLWATER POLICE DEPARTMENT,STILLWATER,6/3/2026 4:19:35 PM,SW26004783,"XXX 4th St N, STILLWATER",FOUND PROPERTY/ITEM
STILLWATER POLICE DEPARTMENT,STILLWATER,6/3/2026 4:37:14 PM,SW26004784,"XXX MAIN ST S, STILLWATER",FOUND PROPERTY/ITEM
STILLWATER POLICE DEPARTMENT,STILLWATER,6/3/2026 4:47:11 PM,SW26004785,"1XXX  4th Ave S, STILLWATER",DRIVING COMPLAINT
STILLWATER POLICE DEPARTMENT,STILLWATER,6/3/2026 4:54:37 PM,SW26004786,"XXX 4TH ST N, STILLWATER",FOUND PROPERTY/ITEM
STILLWATER POLICE DEPARTMENT,STILLWATER,6/3/2026 5:02:10 PM,SW26004787,"XXX Saint Croix Ave W, STILLWATER",ANIMAL COMPLAINT
STILLWATER POLICE DEPARTMENT,STILLWATER,6/3/2026 5:07:32 PM,SW26004788,"XXX Main St S, STILLWATER",ACCIDENT
STILLWATER POLICE DEPARTMENT,STILLWATER,6/3/2026 5:37:41 PM,SW26004789,"XXX Olive St W, STILLWATER",MEDICAL
STILLWATER POLICE DEPARTMENT,STILLWATER,6/3/2026 7:16:10 PM,SW26004790,"XXX Water St S, STILLWATER",JUVENILE COMPLAINT
STILLWATER POLICE DEPARTMENT,STILLWATER,6/3/2026 7:31:36 PM,SW26004791,"XXX 3rd St S, STILLWATER",ALARM-BUSINESS/RES/FIRE/MEDICAL/ETC
STILLWATER POLICE DEPARTMENT,STILLWATER,6/3/2026 7:55:40 PM,SW26004794,"3XXX  White Pine Way, STILLWATER",ANIMAL COMPLAINT
STILLWATER POLICE DEPARTMENT,STILLWATER,6/3/2026 8:06:50 PM,SW26004795,"3XXX  ABERCROMBIE LN, STILLWATER",CITIZEN/PUBLIC ASSIST
STILLWATER POLICE DEPARTMENT,STILLWATER,6/3/2026 9:28:29 PM,SW26004798,"XXX Bridgewater Way, STILLWATER",MEDICAL
STILLWATER POLICE DEPARTMENT,STILLWATER,6/3/2026 10:47:11 PM,SW26004803,"Curve Crest Blvd / Industrial Blvd, STILLWATER",SUSPICIOUS PERSON/ACTIVITY
STILLWATER POLICE DEPARTMENT,STILLWATER,6/3/2026 11:57:04 PM,SW26004807,"XXX Chestnut St E, STILLWATER",SUSPICIOUS PERSON/ACTIVITY
STILLWATER POLICE DEPARTMENT,STILLWATER,6/4/2026 12:00:00 AM,SW26004819,"2XXX  Market Dr, STILLWATER",DRUGS
STILLWATER POLICE DEPARTMENT,STILLWATER,6/4/2026 2:55:10 AM,SW26004808,"1XXX  Market Dr, STILLWATER",ALARM-BUSINESS/RES/FIRE/MEDICAL/ETC
STILLWATER POLICE DEPARTMENT,STILLWATER,6/4/2026 4:24:59 AM,SW26004809,"2XXX  ORLEANS ST W, STILLWATER",NOISE COMPLAINT/DISTURBANCE
STILLWATER POLICE DEPARTMENT,STILLWATER,6/4/2026 4:59:42 AM,SW26004810,"XXX Bridgewater Way, STILLWATER",MEDICAL
STILLWATER POLICE DEPARTMENT,STILLWATER,6/4/2026 5:34:17 AM,SW26004811,"1XXX  4th St N, STILLWATER",MEDICAL
STILLWATER POLICE DEPARTMENT,STILLWATER,6/4/2026 11:54:04 AM,SW26004816,"XXX Laurel St W, STILLWATER",ANIMAL COMPLAINT
STILLWATER POLICE DEPARTMENT,STILLWATER,6/4/2026 12:11:10 PM,SW26004817,"2XXX  Orleans St W, STILLWATER",DISTURBANCE
STILLWATER POLICE DEPARTMENT,STILLWATER,6/4/2026 1:33:53 PM,SW26004822,"1XXX  CURVE CREST BLVD, STILLWATER",DISTURBANCE
STILLWATER POLICE DEPARTMENT,STILLWATER,6/4/2026 2:17:43 PM,SW26004823,"1XXX  Curve Crest Blvd, STILLWATER",911 ABANDONED/HANGUP/OPEN LINE
STILLWATER POLICE DEPARTMENT,STILLWATER,6/4/2026 2:23:01 PM,SW26004824,"1XXX  Cottage Dr, STILLWATER",MEDICAL
STILLWATER POLICE DEPARTMENT,STILLWATER,6/4/2026 2:26:05 PM,SW26004825,"2XXX  Orleans St W, STILLWATER",DISTURBANCE
STILLWATER POLICE DEPARTMENT,STILLWATER,6/4/2026 2:46:12 PM,SW26004826,"Unknown, STILLWATER",OFFICER COMPLAINT/ALLEGATION
STILLWATER POLICE DEPARTMENT,STILLWATER,6/4/2026 3:34:25 PM,SW26004827,"XXX - 289 DEER PATH, STILLWATER",TRAFFIC STOP
STILLWATER POLICE DEPARTMENT,STILLWATER,6/4/2026 4:12:34 PM,SW26004828,"XXX - 211 DEER PATH, STILLWATER",TRAFFIC STOP
STILLWATER POLICE DEPARTMENT,STILLWATER,6/4/2026 5:07:36 PM,SW26004830,"XXX MAIN ST N, STILLWATER",ANIMAL COMPLAINT
STILLWATER POLICE DEPARTMENT,STILLWATER,6/4/2026 5:15:11 PM,SW26004831,"2XXX  Myrtle St W, STILLWATER",FOUND PROPERTY/ITEM
STILLWATER POLICE DEPARTMENT,STILLWATER,6/4/2026 6:58:54 PM,SW26004832,"XXX Main St N, STILLWATER",MEDICAL
STILLWATER POLICE DEPARTMENT,STILLWATER,6/4/2026 7:05:53 PM,SW26004833,"2nd St N / River Heights Dr, STILLWATER",911 ABANDONED/HANGUP/OPEN LINE
STILLWATER POLICE DEPARTMENT,STILLWATER,6/4/2026 7:19:37 PM,SW26004834,"1XXX  2ND ST N, STILLWATER",SUSPICIOUS PERSON/ACTIVITY
STILLWATER POLICE DEPARTMENT,STILLWATER,6/4/2026 7:42:04 PM,SW26004836,"XXX Churchill St W, STILLWATER",911 ABANDONED/HANGUP/OPEN LINE
STILLWATER POLICE DEPARTMENT,STILLWATER,6/4/2026 8:14:17 PM,SW26004838,"1XXX  Owens St N, STILLWATER",911 ABANDONED/HANGUP/OPEN LINE
STILLWATER POLICE DEPARTMENT,STILLWATER,6/4/2026 9:09:24 PM,SW26004840,"1XXX  Cottage Dr, STILLWATER",MEDICAL
STILLWATER POLICE DEPARTMENT,STILLWATER,6/4/2026 11:05:54 PM,SW26004843,"XXX - 219 MYRTLE ST E, STILLWATER",ASSIST OTHER AGENCY
STILLWATER POLICE DEPARTMENT,STILLWATER,6/4/2026 11:33:00 PM,SW26004846,"XXX blk greeley st s, STILLWATER",TRAFFIC STOP
STILLWATER POLICE DEPARTMENT,STILLWATER,6/4/2026 11:47:00 PM,SW26004848,"1XXX  - 1418 PINE ST W, STILLWATER",TRAFFIC STOP
STILLWATER POLICE DEPARTMENT,STILLWATER,6/5/2026 12:42:00 AM,SW26004898,"XXX block  MAIN ST S, STILLWATER",DWI
STILLWATER POLICE DEPARTMENT,STILLWATER,6/5/2026 12:58:50 AM,SW26004850,"2XXX  ORLEANS ST W, STILLWATER",NOISE COMPLAINT/DISTURBANCE
STILLWATER POLICE DEPARTMENT,STILLWATER,6/5/2026 1:03:01 AM,SW26004852,"1XXX  Frontage Rd W, STILLWATER",WELFARE CHECK
STILLWATER POLICE DEPARTMENT,STILLWATER,6/5/2026 5:29:02 AM,SW26004855,"XXX Greeley St S, STILLWATER",WELFARE CHECK
STILLWATER POLICE DEPARTMENT,STILLWATER,6/5/2026 7:16:54 AM,SW26004856,"XXX Bridgewater Way, STILLWATER",MEDICAL
STILLWATER POLICE DEPARTMENT,STILLWATER,6/5/2026 9:26:54 AM,SW26004857,"XXX Rutherford Rd, STILLWATER",CITIZEN/PUBLIC ASSIST
STILLWATER POLICE DEPARTMENT,STILLWATER,6/5/2026 9:31:14 AM,SW26004859,"2XXX  Frontage Rd W, STILLWATER",ASSIST OTHER AGENCY
STILLWATER POLICE DEPARTMENT,STILLWATER,6/5/2026 11:03:59 AM,SW26004861,"1XXX  Center St N, STILLWATER",CITIZEN/PUBLIC ASSIST
STILLWATER POLICE DEPARTMENT,STILLWATER,6/5/2026 11:12:30 AM,SW26004862,"XXX Pine Tree Trl, STILLWATER",SUSPICIOUS PERSON/ACTIVITY
STILLWATER POLICE DEPARTMENT,STILLWATER,6/5/2026 11:16:49 AM,SW26004863,"1XXX  Orleans Ct, STILLWATER",DEATH
STILLWATER POLICE DEPARTMENT,STILLWATER,6/5/2026 11:32:42 AM,SW26004864,"1XXX  COTTAGE DR, STILLWATER",CITIZEN/PUBLIC ASSIST
STILLWATER POLICE DEPARTMENT,STILLWATER,6/5/2026 12:34:28 PM,SW26004866,"1XXX  Market Dr, STILLWATER",ACCIDENT
STILLWATER POLICE DEPARTMENT,STILLWATER,6/5/2026 12:45:34 PM,SW26004867,"1XXX  Cottage Dr, STILLWATER",CIVIL MATTER/DISPUTE
STILLWATER POLICE DEPARTMENT,STILLWATER,6/5/2026 1:07:31 PM,SW26004868,"XXX Myrtle St W, STILLWATER",MEDICAL
STILLWATER POLICE DEPARTMENT,STILLWATER,6/5/2026 1:13:06 PM,SW26004869,"XXX Lake Dr, STILLWATER",SUSPICIOUS PERSON/ACTIVITY
STILLWATER POLICE DEPARTMENT,STILLWATER,6/5/2026 1:56:02 PM,SW26004870,"XXX Main St S, STILLWATER",911 ABANDONED/HANGUP/OPEN LINE
STILLWATER POLICE DEPARTMENT,STILLWATER,6/5/2026 2:27:27 PM,SW26004872,"XXX Nelson St, STILLWATER",MEDICAL
STILLWATER POLICE DEPARTMENT,STILLWATER,6/5/2026 3:45:15 PM,SW26004874,"2XXX  Orleans St W, STILLWATER",NEIGHBOR DISPUTE
STILLWATER POLICE DEPARTMENT,STILLWATER,6/5/2026 4:17:05 PM,SW26004875,"Unknown, STILLWATER",CITIZEN/PUBLIC ASSIST
STILLWATER POLICE DEPARTMENT,STILLWATER,6/5/2026 4:24:37 PM,SW26004876,"XXX 4th St N, STILLWATER",CITIZEN/PUBLIC ASSIST
STILLWATER POLICE DEPARTMENT,STILLWATER,6/5/2026 4:25:33 PM,SW26004877,"6XXX  Osgood Ave N, STILLWATER",PUBLIC WORKS CONCERN
STILLWATER POLICE DEPARTMENT,STILLWATER,6/5/2026 4:43:53 PM,SW26004878,"1XXX  Greeley St S, STILLWATER",CIVIL MATTER/DISPUTE
STILLWATER POLICE DEPARTMENT,STILLWATER,6/5/2026 4:48:31 PM,SW26004879,"1XXX  Market Dr, STILLWATER",ACCIDENT
STILLWATER POLICE DEPARTMENT,STILLWATER,6/5/2026 5:17:30 PM,SW26004881,"2XXX  2nd St N, STILLWATER",DUMPING COMPLAINT
STILLWATER POLICE DEPARTMENT,STILLWATER,6/5/2026 5:17:33 PM,SW26004880,"XXX Nelson St, STILLWATER",911 ABANDONED/HANGUP/OPEN LINE
STILLWATER POLICE DEPARTMENT,STILLWATER,6/5/2026 6:19:57 PM,SW26004882,"1XXX  Market Dr, STILLWATER",911 ABANDONED/HANGUP/OPEN LINE
STILLWATER POLICE DEPARTMENT,STILLWATER,6/5/2026 7:23:19 PM,SW26004884,"Unknown, STILLWATER",LOST PROPERTY/ITEM
STILLWATER POLICE DEPARTMENT,STILLWATER,6/5/2026 7:58:03 PM,SW26004885,"XXX Mulberry St E, STILLWATER",UNWANTED PERSON/VEHICLE
STILLWATER POLICE DEPARTMENT,STILLWATER,6/5/2026 9:13:11 PM,SW26004887,"Hwy 36 Eb At Oakgreen Ave N, STILLWATER",ROAD HAZARD
STILLWATER POLICE DEPARTMENT,STILLWATER,6/5/2026 9:18:46 PM,SW26004889,"1XXX  Market Dr, STILLWATER",SUSPICIOUS PERSON/ACTIVITY
STILLWATER POLICE DEPARTMENT,STILLWATER,6/5/2026 9:51:11 PM,SW26004890,"XXX Main St S, STILLWATER",DISORDERLY CONDUCT
STILLWATER POLICE DEPARTMENT,STILLWATER,6/5/2026 10:14:25 PM,SW26004892,"XXX Main St N, STILLWATER",MEDICAL
STILLWATER POLICE DEPARTMENT,STILLWATER,6/5/2026 10:39:50 PM,SW26004893,"XXX Mulberry St E, STILLWATER",ACCIDENT
STILLWATER POLICE DEPARTMENT,STILLWATER,6/5/2026 11:26:41 PM,SW26004894,"75th St N / Northland Ave, STILLWATER",OFFICER INFORMATION
STILLWATER POLICE DEPARTMENT,STILLWATER,6/5/2026 11:35:00 PM,sw26004896,"MAIN ST, STILLWATER",NOISE COMPLAINT/DISTURBANCE
STILLWATER POLICE DEPARTMENT,STILLWATER,6/6/2026 12:38:39 AM,SW26004899,"XXX Mulberry St E, STILLWATER",WELFARE CHECK
STILLWATER POLICE DEPARTMENT,STILLWATER,6/6/2026 2:03:53 AM,SW26004900,"14XXX  62nd St N, STILLWATER",MEDICAL
STILLWATER POLICE DEPARTMENT,STILLWATER,6/6/2026 2:04:50 AM,SW26004901,"XXX Water St S, STILLWATER",LOST PROPERTY/ITEM
STILLWATER POLICE DEPARTMENT,STILLWATER,6/6/2026 2:22:03 AM,SW26004902,"XXX Main St S, STILLWATER",ALARM-BUSINESS/RES/FIRE/MEDICAL/ETC
STILLWATER POLICE DEPARTMENT,STILLWATER,6/6/2026 3:23:25 AM,SW26004903,"2XXX  Oakridge Rd, STILLWATER",CITIZEN/PUBLIC ASSIST
STILLWATER POLICE DEPARTMENT,STILLWATER,6/6/2026 5:52:19 AM,SW26004904,"XXX MAIN ST S, STILLWATER",ANIMAL COMPLAINT
STILLWATER POLICE DEPARTMENT,STILLWATER,6/6/2026 10:45:44 AM,SW26004907,"1XXX  Greeley St S, STILLWATER",911 ABANDONED/HANGUP/OPEN LINE
STILLWATER POLICE DEPARTMENT,STILLWATER,6/6/2026 1:03:07 PM,SW26004910,"XXX 4th St N, STILLWATER",OFFICER INFORMATION
STILLWATER POLICE DEPARTMENT,STILLWATER,6/6/2026 1:36:32 PM,SW26004911,"XXX Main St S, STILLWATER",MEDICAL
STILLWATER POLICE DEPARTMENT,STILLWATER,6/6/2026 1:52:28 PM,SW26004912,"2XXX  Orleans St W, STILLWATER",CITIZEN/PUBLIC ASSIST
STILLWATER POLICE DEPARTMENT,STILLWATER,6/6/2026 3:19:25 PM,SW26004915,"XXX 2nd St N, STILLWATER",OFFICER INFORMATION
STILLWATER POLICE DEPARTMENT,STILLWATER,6/6/2026 3:19:51 PM,SW26004914,"1XXX  Benson Blvd W, STILLWATER",MEDICAL
STILLWATER POLICE DEPARTMENT,STILLWATER,6/6/2026 3:39:54 PM,SW26004916,"Chestnut St E / 2nd St S, STILLWATER",VEHICLE UNLOCK
STILLWATER POLICE DEPARTMENT,STILLWATER,6/6/2026 4:58:47 PM,SW26004920,"XXX Main St S, STILLWATER",DISTURBANCE
STILLWATER POLICE DEPARTMENT,STILLWATER,6/6/2026 5:08:53 PM,SW26004921,"2XXX  Orleans St W, STILLWATER",WELFARE CHECK
STILLWATER POLICE DEPARTMENT,STILLWATER,6/6/2026 6:17:33 PM,SW26004923,"1XXX  Market Dr, STILLWATER",WELFARE CHECK
STILLWATER POLICE DEPARTMENT,STILLWATER,6/6/2026 6:41:04 PM,SW26004925,"Wilkins St W / Owens St N, STILLWATER",DRIVING COMPLAINT
STILLWATER POLICE DEPARTMENT,STILLWATER,6/6/2026 6:44:00 PM,SW26004926,"XXX 2nd St N, STILLWATER",HRO VIOLATION
STILLWATER POLICE DEPARTMENT,STILLWATER,6/6/2026 7:00:14 PM,SW26004928,"Olive St E / 2nd St S, STILLWATER",PARK COMPLAINT
STILLWATER POLICE DEPARTMENT,STILLWATER,6/6/2026 8:26:41 PM,SW26004930,"XXX 2ND ST N, STILLWATER",WELFARE CHECK
STILLWATER POLICE DEPARTMENT,STILLWATER,6/6/2026 8:41:38 PM,SW26004931,"XXX Main St N, STILLWATER",MEDICAL
STILLWATER POLICE DEPARTMENT,STILLWATER,6/6/2026 8:48:27 PM,SW26004932,"1XXX  Owens St N, STILLWATER",MEDICAL
STILLWATER POLICE DEPARTMENT,STILLWATER,6/6/2026 9:02:49 PM,SW26004933,"XXX Main St N, STILLWATER",VEHICLE UNLOCK
STILLWATER POLICE DEPARTMENT,STILLWATER,6/6/2026 9:26:09 PM,SW26004935,"XXX pine st w, STILLWATER",CITIZEN/PUBLIC ASSIST
STILLWATER POLICE DEPARTMENT,STILLWATER,6/6/2026 9:39:40 PM,SW26004936,"2XXX  Washington Ave, STILLWATER",DISTURBANCE
STILLWATER POLICE DEPARTMENT,STILLWATER,6/6/2026 10:08:03 PM,SW26004937,"XXX New England Pl, STILLWATER",ALARM-BUSINESS/RES/FIRE/MEDICAL/ETC
STILLWATER POLICE DEPARTMENT,STILLWATER,6/6/2026 10:30:17 PM,SW26004940,"7XXX  Mid Oaks Ave N, STILLWATER",911 ABANDONED/HANGUP/OPEN LINE
WASHINGTON COUNTY SHERIFFS OFFICE,AFTON,5/31/2026 8:45:56 AM,WC26026040,"4XXX  - 4998 SAINT CROIX TRL S, AFTON",INCIDENT
WASHINGTON COUNTY SHERIFFS OFFICE,AFTON,5/31/2026 10:38:25 AM,WC26026053,"XXX Neal Ave S, AFTON",INCIDENT
WASHINGTON COUNTY SHERIFFS OFFICE,AFTON,5/31/2026 3:30:30 PM,WC26026075,"15XXX  - 15899 AFTON BLVD S, AFTON",DIRECTED PATROL
WASHINGTON COUNTY SHERIFFS OFFICE,AFTON,6/1/2026 11:19:14 AM,WC26026206,"4XXX  RIVER RD S, AFTON",SUSPICIOUS PERSON/ACTIVITY
WASHINGTON COUNTY SHERIFFS OFFICE,AFTON,6/1/2026 12:09:18 PM,WC26026214,"XXX Fahlstrom Pl, AFTON",ALARM-BUSINESS/RES/FIRE/MEDICAL/ETC
WASHINGTON COUNTY SHERIFFS OFFICE,AFTON,6/1/2026 3:46:13 PM,WC26026261,"4XXX  NEAL AVE S, AFTON",ASSIST OTHER AGENCY
WASHINGTON COUNTY SHERIFFS OFFICE,AFTON,6/1/2026 7:35:12 PM,WC26026294,"4XXX  Trading Post Trl S, AFTON",MEDICAL
WASHINGTON COUNTY SHERIFFS OFFICE,AFTON,6/1/2026 11:00:18 PM,WC26026326,"14XXX  15th St S, AFTON",ALARM-BUSINESS/RES/FIRE/MEDICAL/ETC
WASHINGTON COUNTY SHERIFFS OFFICE,AFTON,6/3/2026 6:25:56 PM,WC26026702,"16XXX  Swede Hill Dr S, AFTON",CITIZEN/PUBLIC ASSIST
WASHINGTON COUNTY SHERIFFS OFFICE,AFTON,6/3/2026 7:31:07 PM,WC26026710,"16XXX  31st St S, AFTON",TRESPASS NOTICE
WASHINGTON COUNTY SHERIFFS OFFICE,AFTON,6/4/2026 11:07:49 PM,WC26026994,"3XXX  Saint Croix Trl S, AFTON",SUSPICIOUS PERSON/ACTIVITY
WASHINGTON COUNTY SHERIFFS OFFICE,AFTON,6/5/2026 2:51:15 PM,WC26027125,"4XXX  Trading Post Trl S, AFTON",FOLLOW UP
WASHINGTON COUNTY SHERIFFS OFFICE,AFTON,6/5/2026 3:37:58 PM,WC26027136,"2XXX  - 2999 SAINT CROIX TRL S, AFTON",DIRECTED PATROL
WASHINGTON COUNTY SHERIFFS OFFICE,AFTON,6/5/2026 4:22:09 PM,WC26027153,"3XXX  Trading Post Trl S, AFTON",ALARM-BUSINESS/RES/FIRE/MEDICAL/ETC
WASHINGTON COUNTY SHERIFFS OFFICE,AFTON,6/5/2026 4:49:00 PM,WC26027159,"14XXX  30th St S, AFTON",REQUEST FOR EMERGENCY EXAM - 72 HR HOLD
WASHINGTON COUNTY SHERIFFS OFFICE,AFTON,6/5/2026 5:13:49 PM,WC26027161,"I94 EB JEO MANNING AVE S, AFTON",TRAFFIC STOP
WASHINGTON COUNTY SHERIFFS OFFICE,AFTON,6/5/2026 6:05:00 PM,WC26027175,"13XXX  - 14698 HUDSON RD S, AFTON",TRAFFIC STOP
WASHINGTON COUNTY SHERIFFS OFFICE,AFTON,6/5/2026 9:17:14 PM,WC26027220,"I94 EB AT MNDOT REST AREA, AFTON",ASSIST OTHER AGENCY
WASHINGTON COUNTY SHERIFFS OFFICE,AFTON,6/6/2026 10:45:15 AM,WC26027331,"I94 Eb At Mndot Rest Area, AFTON",MEDICAL
WASHINGTON COUNTY SHERIFFS OFFICE,AFTON,6/6/2026 1:56:16 PM,WC26027359,"15XXX  Afton Blvd S, AFTON",911 ABANDONED/HANGUP/OPEN LINE
WASHINGTON COUNTY SHERIFFS OFFICE,AFTON,6/6/2026 7:04:51 PM,WC26027451,"2XXX  Nybeck Ave S, AFTON",ANIMAL COMPLAINT
WASHINGTON COUNTY SHERIFFS OFFICE,BAYTOWN TOWNSHIP,5/31/2026 3:43:25 PM,WC26026081,"4XXX  Neal Ave N, BAYTOWN TOWNSHIP",MEDICAL
WASHINGTON COUNTY SHERIFFS OFFICE,BIRCHWOOD VILLAGE,6/1/2026 2:22:55 PM,WC26026238,"XXX Cedar St, BIRCHWOOD VILLAGE",CIVIL MATTER/DISPUTE
WASHINGTON COUNTY SHERIFFS OFFICE,BIRCHWOOD VILLAGE,6/3/2026 12:03:00 AM,WC26026545,"XXX Birchwood Ave, BIRCHWOOD VILLAGE",ANIMAL COMPLAINT
WASHINGTON COUNTY SHERIFFS OFFICE,BIRCHWOOD VILLAGE,6/3/2026 11:58:28 AM,WC26026632,"XXX Hall Ave, BIRCHWOOD VILLAGE",UNWANTED PERSON/VEHICLE
WASHINGTON COUNTY SHERIFFS OFFICE,BIRCHWOOD VILLAGE,6/3/2026 5:15:17 PM,WC26026686,"XXX Wildwood Ave, BIRCHWOOD VILLAGE",NEIGHBOR DISPUTE
WASHINGTON COUNTY SHERIFFS OFFICE,BIRCHWOOD VILLAGE,6/4/2026 1:49:11 PM,WC26026867,"XXX Wildwood Ave, BIRCHWOOD VILLAGE",ANIMAL COMPLAINT
WASHINGTON COUNTY SHERIFFS OFFICE,COTTAGE GROVE,6/5/2026 7:29:52 PM,WC26027193,"6XXX  85TH ST S, COTTAGE GROVE",CITIZEN/PUBLIC ASSIST
WASHINGTON COUNTY SHERIFFS OFFICE,COTTAGE GROVE,6/6/2026 12:11:48 PM,WC26027341,"7XXX  Hearthside Ave S, COTTAGE GROVE",ASSIST OTHER AGENCY
WASHINGTON COUNTY SHERIFFS OFFICE,DELLWOOD,5/31/2026 2:20:00 AM,WC26026023,"Dellwood ave across from 74 Dellwood Ave, DELLWOOD",PARKING VIOLATION
WASHINGTON COUNTY SHERIFFS OFFICE,DELLWOOD,5/31/2026 12:36:22 PM,WC26026066,"XXX Dellwood Rd N, DELLWOOD",ACCIDENT
WASHINGTON COUNTY SHERIFFS OFFICE,DELLWOOD,5/31/2026 8:50:00 PM,WC26026121,"DELLWOOD AVE / PENNINSULA RD, DELLWOOD",TRAFFIC STOP
WASHINGTON COUNTY SHERIFFS OFFICE,DELLWOOD,6/2/2026 9:24:08 AM,WC26026383,"XX APPLE ORCHARD CT, DELLWOOD",SUSPICIOUS PERSON/ACTIVITY
WASHINGTON COUNTY SHERIFFS OFFICE,DELLWOOD,6/3/2026 11:06:03 AM,WC26026626,"XX Apple Orchard Ct, DELLWOOD",911 ABANDONED/HANGUP/OPEN LINE
WASHINGTON COUNTY SHERIFFS OFFICE,DELLWOOD,6/3/2026 11:45:18 AM,WC26026627,"XX - 499 APPLE ORCHARD RD, DELLWOOD",PARKING VIOLATION
WASHINGTON COUNTY SHERIFFS OFFICE,DELLWOOD,6/3/2026 1:57:48 PM,WC26026651,"XX Dellwood Ave, DELLWOOD",ALARM-BUSINESS/RES/FIRE/MEDICAL/ETC
WASHINGTON COUNTY SHERIFFS OFFICE,DELLWOOD,6/5/2026 11:00:53 AM,WC26027085,"XX Dellwood Ave, DELLWOOD",PARKING COMPLAINT
WASHINGTON COUNTY SHERIFFS OFFICE,DELLWOOD,6/5/2026 3:03:39 PM,WC26027128,"XX Fenlea Cir, DELLWOOD",MEDICAL
WASHINGTON COUNTY SHERIFFS OFFICE,DENMARK TOWNSHIP,5/31/2026 10:11:03 AM,WC26026051,"Mississippi River Prescott Channel-dt, DENMARK TOWNSHIP",WATER INCIDENT/VIOLATION
WASHINGTON COUNTY SHERIFFS OFFICE,DENMARK TOWNSHIP,5/31/2026 12:10:50 PM,WC26026061,"8XXX  Neal Ave S, DENMARK TOWNSHIP",ANIMAL COMPLAINT
WASHINGTON COUNTY SHERIFFS OFFICE,DENMARK TOWNSHIP,6/1/2026 6:28:00 AM,WC26026164,"MANNING AVE S / 70TH ST S, DENMARK TOWNSHIP",TRAFFIC STOP
WASHINGTON COUNTY SHERIFFS OFFICE,DENMARK TOWNSHIP,6/2/2026 5:03:13 AM,WC26026361,"HWY 61 NB AT HWY 10, DENMARK TOWNSHIP",ASSIST OTHER AGENCY
WASHINGTON COUNTY SHERIFFS OFFICE,DENMARK TOWNSHIP,6/2/2026 9:43:22 AM,WC26026389,"8XXX  Neal Ave S, DENMARK TOWNSHIP",MEDICAL
WASHINGTON COUNTY SHERIFFS OFFICE,DENMARK TOWNSHIP,6/3/2026 8:16:49 PM,WC26026713,"70TH ST S / SAINT CROIX TRL S, DENMARK TOWNSHIP",MOTORIST ASSIST
WASHINGTON COUNTY SHERIFFS OFFICE,DENMARK TOWNSHIP,6/4/2026 7:05:54 AM,WC26026792,"70th St S / Manning Ave S, DENMARK TOWNSHIP",ABANDONED VEHICLE
WASHINGTON COUNTY SHERIFFS OFFICE,DENMARK TOWNSHIP,6/4/2026 10:30:00 AM,WC26026831,"11XXX  Paris Ave S, DENMARK TOWNSHIP",MEDICAL
WASHINGTON COUNTY SHERIFFS OFFICE,DENMARK TOWNSHIP,6/5/2026 1:31:09 PM,WC26027105,"14XXX  Point Douglas Dr S, DENMARK TOWNSHIP",SUSPICIOUS PERSON/ACTIVITY
WASHINGTON COUNTY SHERIFFS OFFICE,DENMARK TOWNSHIP,6/5/2026 8:38:54 PM,WC26027206,"110th St S / Nyberg Ave S, DENMARK TOWNSHIP",ACCIDENT
WASHINGTON COUNTY SHERIFFS OFFICE,DENMARK TOWNSHIP,6/5/2026 9:47:03 PM,WC26027233,"6XXX  Peller Ave S, DENMARK TOWNSHIP",SUSPICIOUS PERSON/ACTIVITY
WASHINGTON COUNTY SHERIFFS OFFICE,DENMARK TOWNSHIP,6/6/2026 12:00:00 AM,WC26027371,"10XXX  SAINT CROIX TRL S, DENMARK TOWNSHIP",PARKING VIOLATION
WASHINGTON COUNTY SHERIFFS OFFICE,DENMARK TOWNSHIP,6/6/2026 7:33:11 AM,WC26027295,"11XXX  - 12198 SAINT CROIX TRL S, DENMARK TOWNSHIP",ANIMAL COMPLAINT
WASHINGTON COUNTY SHERIFFS OFFICE,DENMARK TOWNSHIP,6/6/2026 12:45:00 PM,WC26027346,"70th St S & Neal Av, DENMARK TOWNSHIP",TRAFFIC STOP
WASHINGTON COUNTY SHERIFFS OFFICE,DENMARK TOWNSHIP,6/6/2026 1:00:00 PM,WC26027347,"13XXX  - 13998 70TH ST S, DENMARK TOWNSHIP",TRAFFIC STOP
WASHINGTON COUNTY SHERIFFS OFFICE,DENMARK TOWNSHIP,6/6/2026 1:13:00 PM,WC26027350,"14XXX  - 14539 70TH ST S, DENMARK TOWNSHIP",TRAFFIC STOP
WASHINGTON COUNTY SHERIFFS OFFICE,DENMARK TOWNSHIP,6/6/2026 5:03:50 PM,WC26027416,"14XXX  Point Douglas Dr S, DENMARK TOWNSHIP",DRIVING COMPLAINT
WASHINGTON COUNTY SHERIFFS OFFICE,FOREST LAKE,5/31/2026 7:37:43 PM,WC26026112,"XXX 5th St Nw, FOREST LAKE",ASSIST OTHER AGENCY
WASHINGTON COUNTY SHERIFFS OFFICE,FOREST LAKE,6/2/2026 9:01:04 PM,WC26026533,"Forest Lake, FOREST LAKE",WATERCRAFT COMPLAINT
WASHINGTON COUNTY SHERIFFS OFFICE,FOREST LAKE,6/3/2026 4:14:04 PM,WC26026673,"1XXX  4th St Se, FOREST LAKE",ASSIST OTHER AGENCY
WASHINGTON COUNTY SHERIFFS OFFICE,FOREST LAKE,6/3/2026 8:35:05 PM,WC26026718,"10XXX  190th St N, FOREST LAKE",ASSIST OTHER AGENCY
WASHINGTON COUNTY SHERIFFS OFFICE,GRANT,5/31/2026 2:21:00 AM,WC26026026,"LAKE ELMO AVE N / 60TH ST N, GRANT",TRAFFIC STOP
WASHINGTON COUNTY SHERIFFS OFFICE,GRANT,5/31/2026 12:18:29 PM,WC26026063,"11XXX  Hamlet Ave N, GRANT",ASSIST OTHER AGENCY
WASHINGTON COUNTY SHERIFFS OFFICE,GRANT,5/31/2026 11:12:51 PM,WC26026136,"7XXX  Jamaca Ave N, GRANT",SUSPICIOUS PERSON/ACTIVITY
WASHINGTON COUNTY SHERIFFS OFFICE,GRANT,6/1/2026 8:22:23 AM,WC26026172,"Dellwood Rd N / Jamaca Ave N, GRANT",WELFARE CHECK
WASHINGTON COUNTY SHERIFFS OFFICE,GRANT,6/1/2026 10:14:51 AM,WC26026193,"9XXX  Justen Trl N, GRANT",WELFARE CHECK
WASHINGTON COUNTY SHERIFFS OFFICE,GRANT,6/1/2026 11:22:36 AM,WC26026207,"7XXX  Keswick Ct N, GRANT",INCIDENT
WASHINGTON COUNTY SHERIFFS OFFICE,GRANT,6/1/2026 1:31:05 PM,WC26026227,"8XXX  60th St N, GRANT",CITIZEN/PUBLIC ASSIST
WASHINGTON COUNTY SHERIFFS OFFICE,GRANT,6/1/2026 2:25:53 PM,WC26026241,"9XXX  Ideal Ave N, GRANT",CITIZEN/PUBLIC ASSIST
WASHINGTON COUNTY SHERIFFS OFFICE,GRANT,6/1/2026 8:20:10 PM,WC26026299,"8XXX  75th St N, GRANT",DWI
WASHINGTON COUNTY SHERIFFS OFFICE,GRANT,6/2/2026 4:00:00 AM,WC26026356,"MANNING AVE N / 97TH ST N, GRANT",TRAFFIC STOP
WASHINGTON COUNTY SHERIFFS OFFICE,GRANT,6/3/2026 12:21:36 PM,WC26026634,"8XXX  75TH ST N, GRANT",ACCIDENT
WASHINGTON COUNTY SHERIFFS OFFICE,GRANT,6/3/2026 6:14:23 PM,WC26026697,"8XXX  75th St N, GRANT",911 ABANDONED/HANGUP/OPEN LINE
WASHINGTON COUNTY SHERIFFS OFFICE,GRANT,6/3/2026 9:34:46 PM,WC26026726,"11XXX  60th St N, GRANT",CITIZEN/PUBLIC ASSIST
WASHINGTON COUNTY SHERIFFS OFFICE,GRANT,6/4/2026 8:30:10 PM,WC26026962,"7XXX  Jocelyn Rd N, GRANT",911 ABANDONED/HANGUP/OPEN LINE
WASHINGTON COUNTY SHERIFFS OFFICE,GRANT,6/4/2026 10:51:00 PM,WC26026989,"75TH ST N / KEATS AVE N, GRANT",FLEEING
WASHINGTON COUNTY SHERIFFS OFFICE,GRANT,6/5/2026 12:00:00 AM,WC26027043,"MANNING TRL N / 115TH ST N, GRANT",TRAFFIC STOP
WASHINGTON COUNTY SHERIFFS OFFICE,GRANT,6/5/2026 8:06:35 AM,WC26027032,"9XXX  - 9331 75TH ST N, GRANT",DIRECTED PATROL
WASHINGTON COUNTY SHERIFFS OFFICE,GRANT,6/5/2026 10:50:50 AM,WC26027080,"9XXX  - 9698 MANNING AVE N, GRANT",PARKING COMPLAINT
WASHINGTON COUNTY SHERIFFS OFFICE,GRANT,6/5/2026 11:33:40 AM,WC26027093,"9XXX  71st St N, GRANT",MEDICAL
WASHINGTON COUNTY SHERIFFS OFFICE,GRANT,6/5/2026 3:49:54 PM,WC26027140,"10XXX  65th St N, GRANT",TRESPASSING
WASHINGTON COUNTY SHERIFFS OFFICE,GRANT,6/5/2026 5:56:04 PM,WC26027174,"10XXX  HADLEY AVE N, GRANT",MEDICAL
WASHINGTON COUNTY SHERIFFS OFFICE,GRANT,6/5/2026 11:20:34 PM,WC26027255,"11XXX  Jasmine Trl N, GRANT",MEDICAL
WASHINGTON COUNTY SHERIFFS OFFICE,GRANT,6/6/2026 2:36:00 AM,WC26027283,"Highway 36, GRANT",TRAFFIC STOP
WASHINGTON COUNTY SHERIFFS OFFICE,GRANT,6/6/2026 7:16:14 PM,WC26027456,"75th St N / Jamaca Ave N, GRANT",CIVIL MATTER/DISPUTE
WASHINGTON COUNTY SHERIFFS OFFICE,GRANT,6/6/2026 7:53:36 PM,WC26027463,"8XXX  80th St N, GRANT",CITIZEN/PUBLIC ASSIST
WASHINGTON COUNTY SHERIFFS OFFICE,GRANT,6/6/2026 10:53:56 PM,WC26027509,"XXX Maple St, GRANT",FIRE
WASHINGTON COUNTY SHERIFFS OFFICE,GREY CLOUD ISLAND TOWNSHIP,6/4/2026 12:49:30 AM,WC26026766,"10XXX  Grey Cloud Island Dr S, GREY CLOUD ISLAND TOWNSHIP",ACCIDENT
WASHINGTON COUNTY SHERIFFS OFFICE,GREY CLOUD ISLAND TOWNSHIP,6/5/2026 1:29:41 PM,WC26027102,"5XXX  Pioneer Rd S, GREY CLOUD ISLAND TOWNSHIP",ALARM-BUSINESS/RES/FIRE/MEDICAL/ETC
WASHINGTON COUNTY SHERIFFS OFFICE,GREY CLOUD ISLAND TOWNSHIP,6/5/2026 3:14:18 PM,WC26027131,"8XXX  Grey Cloud Island Dr S, GREY CLOUD ISLAND TOWNSHIP",TRAFFIC COMPLAINT
WASHINGTON COUNTY SHERIFFS OFFICE,GREY CLOUD ISLAND TOWNSHIP,6/5/2026 10:25:52 PM,WC26027240,"10XXX  Grey Cloud Island Dr S, GREY CLOUD ISLAND TOWNSHIP",PARKING COMPLAINT
WASHINGTON COUNTY SHERIFFS OFFICE,GREY CLOUD ISLAND TOWNSHIP,6/6/2026 12:26:07 PM,WC26027342,"9XXX  GREY CLOUD ISLAND DR S, GREY CLOUD ISLAND TOWNSHIP",911 ABANDONED/HANGUP/OPEN LINE
WASHINGTON COUNTY SHERIFFS OFFICE,HUGO,5/31/2026 1:07:12 AM,WC26026015,"15XXX  Forest Blvd N, HUGO",MEDICAL
WASHINGTON COUNTY SHERIFFS OFFICE,HUGO,5/31/2026 1:44:52 AM,WC26026020,"15XXX  Goodview Ave N, HUGO",ANIMAL COMPLAINT
WASHINGTON COUNTY SHERIFFS OFFICE,HUGO,5/31/2026 8:42:38 AM,WC26026041,"13XXX  Goodview Ave N, HUGO",PROPERTY DAMAGE
WASHINGTON COUNTY SHERIFFS OFFICE,HUGO,5/31/2026 10:13:00 AM,WC26026049,"140TH ST N/FOREST BLVD N, HUGO",TRAFFIC STOP
WASHINGTON COUNTY SHERIFFS OFFICE,HUGO,5/31/2026 11:22:34 AM,WC26026056,"14XXX  Hyde Ave N, HUGO",ALARM-BUSINESS/RES/FIRE/MEDICAL/ETC
WASHINGTON COUNTY SHERIFFS OFFICE,HUGO,5/31/2026 1:16:52 PM,WC26026069,"14XXX  Glenbrook Ave N, HUGO",DEATH INVESTIGATION
WASHINGTON COUNTY SHERIFFS OFFICE,HUGO,5/31/2026 4:49:10 PM,WC26026096,"4XXX  Elm Dr N, HUGO",WELFARE CHECK
WASHINGTON COUNTY SHERIFFS OFFICE,HUGO,6/1/2026 5:01:23 AM,WC26026160,"14XXX  Flay Ave N, HUGO",MEDICAL
WASHINGTON COUNTY SHERIFFS OFFICE,HUGO,6/1/2026 6:13:12 AM,WC26026163,"Oneka Pkwy N / Prairie Trl N, HUGO",ACCIDENT
WASHINGTON COUNTY SHERIFFS OFFICE,HUGO,6/1/2026 11:22:45 AM,WC26026208,"5XXX  149th St N, HUGO",CITIZEN/PUBLIC ASSIST
WASHINGTON COUNTY SHERIFFS OFFICE,HUGO,6/1/2026 11:55:48 AM,WC26026210,"12XXX  Ethan Ave N, HUGO",FRAUD/SCAM
WASHINGTON COUNTY SHERIFFS OFFICE,HUGO,6/1/2026 12:49:16 PM,WC26026219,"15XXX  FARNHAM AVE N, HUGO",MEDICAL
WASHINGTON COUNTY SHERIFFS OFFICE,HUGO,6/1/2026 1:29:53 PM,WC26026225,"12XXX  Goodview Ave N, HUGO",PROPERTY DAMAGE
WASHINGTON COUNTY SHERIFFS OFFICE,HUGO,6/1/2026 1:52:51 PM,WC26026233,"9XXX  130th St N, HUGO",FIRE
WASHINGTON COUNTY SHERIFFS OFFICE,HUGO,6/1/2026 2:44:22 PM,WC26026246,"5XXX  127th St N, HUGO",MEDICAL
WASHINGTON COUNTY SHERIFFS OFFICE,HUGO,6/1/2026 3:45:00 PM,WC26026260,"FRENCHMAN RD / ELMCREST AVE N, HUGO",TRAFFIC STOP
WASHINGTON COUNTY SHERIFFS OFFICE,HUGO,6/1/2026 3:50:59 PM,WC26026263,"6XXX  165th St N, HUGO",CIVIL MATTER/DISPUTE
WASHINGTON COUNTY SHERIFFS OFFICE,HUGO,6/1/2026 5:55:03 PM,WC26026281,"14XXX  Geneva Way N, HUGO",911 ABANDONED/HANGUP/OPEN LINE
WASHINGTON COUNTY SHERIFFS OFFICE,HUGO,6/1/2026 6:25:09 PM,WC26026286,"170TH ST N / HENNA AVE N, HUGO",ANIMAL COMPLAINT
WASHINGTON COUNTY SHERIFFS OFFICE,HUGO,6/1/2026 9:26:00 PM,WC26026311,"5XXX  - 5060 FRENCHMAN RD, HUGO",TRAFFIC STOP
WASHINGTON COUNTY SHERIFFS OFFICE,HUGO,6/1/2026 9:31:14 PM,WC26026313,"5XXX  135th St N, HUGO",NOISE COMPLAINT/DISTURBANCE
WASHINGTON COUNTY SHERIFFS OFFICE,HUGO,6/1/2026 10:52:02 PM,WC26026323,"15XXX  Goodview Ave N, HUGO",ANIMAL COMPLAINT
WASHINGTON COUNTY SHERIFFS OFFICE,HUGO,6/2/2026 12:44:34 AM,WC26026342,"Unknown, HUGO",FOLLOW UP
WASHINGTON COUNTY SHERIFFS OFFICE,HUGO,6/2/2026 12:54:51 AM,WC26026346,"15XXX  Goodview Ave N, HUGO",ANIMAL COMPLAINT
WASHINGTON COUNTY SHERIFFS OFFICE,HUGO,6/2/2026 12:26:56 PM,WC26026431,"Unknown, HUGO",FOLLOW UP
WASHINGTON COUNTY SHERIFFS OFFICE,HUGO,6/2/2026 1:49:41 PM,WC26026452,"16XXX  Forest Blvd N, HUGO",911 ABANDONED/HANGUP/OPEN LINE
WASHINGTON COUNTY SHERIFFS OFFICE,HUGO,6/2/2026 2:12:00 PM,WC26026457,"16XXX  FOREST BLVD N, HUGO",TRAFFIC STOP
WASHINGTON COUNTY SHERIFFS OFFICE,HUGO,6/2/2026 2:53:00 PM,WC26026462,"HERITAGE PKWY N / EUROPA AVE N, HUGO",TRAFFIC STOP
WASHINGTON COUNTY SHERIFFS OFFICE,HUGO,6/2/2026 3:20:16 PM,WC26026469,"4XXX  Fable Hill Pkwy N, HUGO",CIVIL MATTER/DISPUTE
WASHINGTON COUNTY SHERIFFS OFFICE,HUGO,6/2/2026 4:15:22 PM,WC26026484,"6XXX  150th St N, HUGO",MEDICAL
WASHINGTON COUNTY SHERIFFS OFFICE,HUGO,6/2/2026 4:44:04 PM,WC26026489,"ELMCREST AVE N / FRENCHMAN RD, HUGO",PARKING VIOLATION
WASHINGTON COUNTY SHERIFFS OFFICE,HUGO,6/2/2026 6:55:09 PM,WC26026518,"15XXX  Farnham Ave N, HUGO",CIVIL MATTER/DISPUTE
WASHINGTON COUNTY SHERIFFS OFFICE,HUGO,6/2/2026 7:18:02 PM,WC26026523,"13XXX  Europa Trail Way N, HUGO",MAIL THEFT
WASHINGTON COUNTY SHERIFFS OFFICE,HUGO,6/2/2026 7:28:43 PM,WC26026524,"5XXX  Egg Lake Rd N, HUGO",FOUND PROPERTY/ITEM
WASHINGTON COUNTY SHERIFFS OFFICE,HUGO,6/3/2026 7:41:08 AM,WC26026581,"14XXX  Fitzgerald Ave N, HUGO",911 ABANDONED/HANGUP/OPEN LINE
WASHINGTON COUNTY SHERIFFS OFFICE,HUGO,6/3/2026 11:10:54 AM,WC26026624,"6XXX  158th St N, HUGO",911 ABANDONED/HANGUP/OPEN LINE
WASHINGTON COUNTY SHERIFFS OFFICE,HUGO,6/3/2026 1:27:01 PM,WC26026644,"16XXX  Forest Blvd N, HUGO",VEHICLE UNLOCK
WASHINGTON COUNTY SHERIFFS OFFICE,HUGO,6/3/2026 2:47:49 PM,WC26026662,"13XXX  Europa Bay N, HUGO",FRAUD/SCAM
WASHINGTON COUNTY SHERIFFS OFFICE,HUGO,6/3/2026 3:18:17 PM,WC26026664,"13XXX  Fenway Blvd N, HUGO",MEDICAL
WASHINGTON COUNTY SHERIFFS OFFICE,HUGO,6/3/2026 6:14:15 PM,WC26026696,"12XXX  Ferrara Ave N, HUGO",OFFICER INFORMATION
WASHINGTON COUNTY SHERIFFS OFFICE,HUGO,6/3/2026 8:44:29 PM,WC26026720,"10XXX  170th St N, HUGO",CITIZEN/PUBLIC ASSIST
WASHINGTON COUNTY SHERIFFS OFFICE,HUGO,6/3/2026 8:52:36 PM,WC26026722,"15XXX  Freedom Dr N, HUGO",OFFICER INFORMATION
WASHINGTON COUNTY SHERIFFS OFFICE,HUGO,6/3/2026 9:25:05 PM,WC26026724,"Everton Ave N / 165th St N, HUGO",WELFARE CHECK
WASHINGTON COUNTY SHERIFFS OFFICE,HUGO,6/3/2026 9:47:18 PM,WC26026727,"4XXX  149th St N, HUGO",NEIGHBOR DISPUTE
WASHINGTON COUNTY SHERIFFS OFFICE,HUGO,6/4/2026 12:53:01 AM,WC26026763,"4XXX  Victor Path N, HUGO",MEDICAL
WASHINGTON COUNTY SHERIFFS OFFICE,HUGO,6/4/2026 9:38:40 AM,WC26026802,"5XXX  - 5950 ONEKA LAKE BLVD N, HUGO",TRAFFIC STOP
WASHINGTON COUNTY SHERIFFS OFFICE,HUGO,6/4/2026 10:27:54 AM,WC26026830,"14XXX  Fountain Ave N, HUGO",SUSPICIOUS PERSON/ACTIVITY
WASHINGTON COUNTY SHERIFFS OFFICE,HUGO,6/4/2026 11:51:48 AM,WC26026845,"5XXX  137th St N, HUGO",DRIVING COMPLAINT
WASHINGTON COUNTY SHERIFFS OFFICE,HUGO,6/4/2026 12:06:09 PM,WC26026849,"4XXX  149th St N, HUGO",DISTURBANCE
WASHINGTON COUNTY SHERIFFS OFFICE,HUGO,6/4/2026 12:42:16 PM,WC26026850,"9XXX  152nd St N, HUGO",911 ABANDONED/HANGUP/OPEN LINE
WASHINGTON COUNTY SHERIFFS OFFICE,HUGO,6/4/2026 3:18:00 PM,WC26026889,"FOREST BLVD N / 125TH ST N, HUGO",TRAFFIC STOP
WASHINGTON COUNTY SHERIFFS OFFICE,HUGO,6/4/2026 3:26:39 PM,WC26026892,"6XXX  145th St N, HUGO",911 ABANDONED/HANGUP/OPEN LINE
WASHINGTON COUNTY SHERIFFS OFFICE,HUGO,6/4/2026 3:32:53 PM,WC26026895,"7XXX  180th St N, HUGO",WELFARE CHECK
WASHINGTON COUNTY SHERIFFS OFFICE,HUGO,6/4/2026 5:01:10 PM,WC26026906,"4XXX  Empress Dr N, HUGO",DISTURBANCE
WASHINGTON COUNTY SHERIFFS OFFICE,HUGO,6/4/2026 6:10:53 PM,WC26026928,"4XXX  Rosemary Way N, HUGO",911 ABANDONED/HANGUP/OPEN LINE
WASHINGTON COUNTY SHERIFFS OFFICE,HUGO,6/4/2026 7:40:08 PM,WC26026951,"14XXX  Foxhill Ave N, HUGO",DISTURBANCE
WASHINGTON COUNTY SHERIFFS OFFICE,HUGO,6/4/2026 8:28:42 PM,WC26026961,"4XXX  Emmit Dr N, HUGO",PROPERTY DAMAGE
WASHINGTON COUNTY SHERIFFS OFFICE,HUGO,6/4/2026 9:24:00 PM,WC26026969,"14XXX  - 14751 FOREST BLVD N, HUGO",TRAFFIC STOP
WASHINGTON COUNTY SHERIFFS OFFICE,HUGO,6/4/2026 9:33:00 PM,WC26026971,"14XXX  - 14498 FOREST BLVD N, HUGO",TRAFFIC STOP
WASHINGTON COUNTY SHERIFFS OFFICE,HUGO,6/4/2026 10:43:00 PM,WC26026988,"14XXX  - 14499 FOREST BLVD N, HUGO",TRAFFIC STOP
WASHINGTON COUNTY SHERIFFS OFFICE,HUGO,6/5/2026 5:31:00 AM,WC26027024,"5XXX  - 5599 145TH ST N, HUGO",TRAFFIC STOP
WASHINGTON COUNTY SHERIFFS OFFICE,HUGO,6/5/2026 5:39:02 AM,WC26027027,"6XXX  157th St N, HUGO",NOISE COMPLAINT/DISTURBANCE
WASHINGTON COUNTY SHERIFFS OFFICE,HUGO,6/5/2026 8:22:47 AM,WC26027036,"149TH ST N / EVERTON AVE N, HUGO",INCIDENT
WASHINGTON COUNTY SHERIFFS OFFICE,HUGO,6/5/2026 8:58:38 AM,WC26027039,"4XXX  124TH ST CIR N, HUGO",CIVIL MATTER/DISPUTE
WASHINGTON COUNTY SHERIFFS OFFICE,HUGO,6/5/2026 9:43:12 AM,WC26027058,"Forest Blvd N / 170th St N, HUGO",ANIMAL COMPLAINT
WASHINGTON COUNTY SHERIFFS OFFICE,HUGO,6/5/2026 10:03:23 AM,WC26027072,"13XXX  Elmcrest Ave N, HUGO",MEDICAL
WASHINGTON COUNTY SHERIFFS OFFICE,HUGO,6/5/2026 12:38:24 PM,WC26027098,"Hwy 61 At 130th St N, HUGO",ASSIST OTHER AGENCY
WASHINGTON COUNTY SHERIFFS OFFICE,HUGO,6/5/2026 1:50:00 PM,WC26027111,"15XXX  French Dr N, HUGO",ANIMAL COMPLAINT
WASHINGTON COUNTY SHERIFFS OFFICE,HUGO,6/5/2026 2:59:06 PM,WC26027126,"16XXX  Granada Ct N, HUGO",911 ABANDONED/HANGUP/OPEN LINE
WASHINGTON COUNTY SHERIFFS OFFICE,HUGO,6/5/2026 6:04:18 PM,WC26027179,"5XXX  147th St N, HUGO",911 ABANDONED/HANGUP/OPEN LINE
WASHINGTON COUNTY SHERIFFS OFFICE,HUGO,6/5/2026 6:05:20 PM,WC26027177,"5XXX  Upper 146th St N, HUGO",911 ABANDONED/HANGUP/OPEN LINE
WASHINGTON COUNTY SHERIFFS OFFICE,HUGO,6/5/2026 8:49:00 PM,WC26027207,"170TH ST N / FOREST BLVD N, HUGO",TRAFFIC STOP
WASHINGTON COUNTY SHERIFFS OFFICE,HUGO,6/5/2026 8:50:00 PM,WC26027209,"145th St N / Forest Blvd N, HUGO",TRAFFIC STOP
WASHINGTON COUNTY SHERIFFS OFFICE,HUGO,6/5/2026 9:09:34 PM,WC26027213,"5XXX  134TH ST N, HUGO",CIVIL MATTER/DISPUTE
WASHINGTON COUNTY SHERIFFS OFFICE,HUGO,6/5/2026 9:14:00 PM,WC26027218,"5XXX  - 5598 147TH ST N, HUGO",TRAFFIC STOP
WASHINGTON COUNTY SHERIFFS OFFICE,HUGO,6/5/2026 9:30:00 PM,WC26027225,"6XXX  - 7598 170TH ST N, HUGO",TRAFFIC STOP
WASHINGTON COUNTY SHERIFFS OFFICE,HUGO,6/5/2026 9:37:00 PM,WC26027227,"HERITAGE PKWY N / ONEKA PKWY N, HUGO",TRAFFIC STOP
WASHINGTON COUNTY SHERIFFS OFFICE,HUGO,6/5/2026 11:23:59 PM,WC26027258,"170th St N / Henna Ave N, HUGO",ACCIDENT
WASHINGTON COUNTY SHERIFFS OFFICE,HUGO,6/6/2026 1:01:06 AM,WC26027272,"13XXX  135th Ct N, HUGO",SUSPICIOUS PERSON/ACTIVITY
WASHINGTON COUNTY SHERIFFS OFFICE,HUGO,6/6/2026 2:32:00 AM,WC26027281,"5XXX  UPPER 146TH ST N, HUGO",ORDINANCE VIOLATION
WASHINGTON COUNTY SHERIFFS OFFICE,HUGO,6/6/2026 4:50:29 AM,WC26027292,"12XXX  Illies Ave N, HUGO",MEDICAL
WASHINGTON COUNTY SHERIFFS OFFICE,HUGO,6/6/2026 6:55:49 AM,WC26027294,"5XXX  126th St N, HUGO",ANIMAL COMPLAINT
WASHINGTON COUNTY SHERIFFS OFFICE,HUGO,6/6/2026 9:10:41 AM,WC26027315,"7XXX  137th Street Ct N, HUGO",911 ABANDONED/HANGUP/OPEN LINE
WASHINGTON COUNTY SHERIFFS OFFICE,HUGO,6/6/2026 9:16:25 AM,WC26027318,"14XXX  Francesca Ave N, HUGO",PARKING COMPLAINT
WASHINGTON COUNTY SHERIFFS OFFICE,HUGO,6/6/2026 10:12:35 AM,WC26027325,"17XXX  Forest Blvd N, HUGO",911 ABANDONED/HANGUP/OPEN LINE
WASHINGTON COUNTY SHERIFFS OFFICE,HUGO,6/6/2026 1:01:05 PM,WC26027349,"13XXX  Elmcrest Ave N, HUGO",WELFARE CHECK
WASHINGTON COUNTY SHERIFFS OFFICE,HUGO,6/6/2026 2:15:16 PM,WC26027361,"4XXX  Provence Way N, HUGO",911 ABANDONED/HANGUP/OPEN LINE
WASHINGTON COUNTY SHERIFFS OFFICE,HUGO,6/6/2026 2:17:55 PM,WC26027363,"17XXX  Forest Blvd N, HUGO",911 ABANDONED/HANGUP/OPEN LINE
WASHINGTON COUNTY SHERIFFS OFFICE,HUGO,6/6/2026 5:21:56 PM,WC26027421,"5XXX  UPPER 146TH ST N, HUGO",DISORDERLY CONDUCT
WASHINGTON COUNTY SHERIFFS OFFICE,HUGO,6/6/2026 6:00:00 PM,WC26027433,"5XXX  UPPER 146TH ST N, HUGO",DWI
WASHINGTON COUNTY SHERIFFS OFFICE,HUGO,6/6/2026 6:38:32 PM,WC26027448,"177th St N / Forest Blvd N, HUGO",PARKING COMPLAINT
WASHINGTON COUNTY SHERIFFS OFFICE,HUGO,6/6/2026 6:40:19 PM,WC26027449,"13XXX  Elmcrest Ave N, HUGO",DEATH
WASHINGTON COUNTY SHERIFFS OFFICE,HUGO,6/6/2026 7:06:39 PM,WC26027454,"17XXX  Forest Blvd N, HUGO",PARKING COMPLAINT
WASHINGTON COUNTY SHERIFFS OFFICE,HUGO,6/6/2026 8:21:00 PM,WC26027469,"4XXX  149th St N, HUGO",ALARM-BUSINESS/RES/FIRE/MEDICAL/ETC
WASHINGTON COUNTY SHERIFFS OFFICE,HUGO,6/6/2026 9:18:45 PM,WC26027485,"6XXX  132nd St N, HUGO",MEDICAL
WASHINGTON COUNTY SHERIFFS OFFICE,HUGO,6/6/2026 9:28:24 PM,WC26027487,"5XXX  UPPER 146TH ST N, HUGO",FOUND PROPERTY/ITEM
WASHINGTON COUNTY SHERIFFS OFFICE,HUGO,6/6/2026 9:44:29 PM,WC26027492,"14XXX  - 14199 FOREST BLVD N, HUGO",TRAFFIC STOP
WASHINGTON COUNTY SHERIFFS OFFICE,HUGO,6/6/2026 9:46:32 PM,WC26027494,"14XXX  Geneva Ave N, HUGO",BURNING COMPLAINT
WASHINGTON COUNTY SHERIFFS OFFICE,HUGO,6/6/2026 9:53:53 PM,WC26027495,"5XXX  Upper 146th St N, HUGO",LOST PROPERTY/ITEM
WASHINGTON COUNTY SHERIFFS OFFICE,HUGO,6/6/2026 10:09:33 PM,WC26027498,"5XXX  UPPER 146TH ST N, HUGO",VEHICLE UNLOCK
WASHINGTON COUNTY SHERIFFS OFFICE,HUGO,6/6/2026 11:58:00 PM,WC26027520,"5XXX  - 5620 140TH ST N, HUGO",TRAFFIC STOP
WASHINGTON COUNTY SHERIFFS OFFICE,LAKE ELMO,5/31/2026 12:10:09 AM,WC26026008,"11XXX  Stillwater Blvd N, LAKE ELMO",ALARM-BUSINESS/RES/FIRE/MEDICAL/ETC
WASHINGTON COUNTY SHERIFFS OFFICE,LAKE ELMO,5/31/2026 12:11:26 AM,WC26026007,"Unknown, LAKE ELMO",FOLLOW UP
WASHINGTON COUNTY SHERIFFS OFFICE,LAKE ELMO,5/31/2026 2:34:00 AM,WC26026028,"KEATS AVE N AT HWY 36, LAKE ELMO",DWI
WASHINGTON COUNTY SHERIFFS OFFICE,LAKE ELMO,5/31/2026 9:20:00 AM,WC26026044,"9XXX  LAKE JANE TRL N, LAKE ELMO",PARKING VIOLATION
WASHINGTON COUNTY SHERIFFS OFFICE,LAKE ELMO,5/31/2026 12:29:46 PM,WC26026065,"11XXX  10TH ST N, LAKE ELMO",TRESPASSING
WASHINGTON COUNTY SHERIFFS OFFICE,LAKE ELMO,5/31/2026 5:22:00 PM,WC26026098,"50TH ST N / LINDEN TRL N, LAKE ELMO",TRAFFIC STOP
WASHINGTON COUNTY SHERIFFS OFFICE,LAKE ELMO,5/31/2026 5:33:58 PM,WC26026099,"STILLWATER BLVD N / 39TH ST N, LAKE ELMO",TRAFFIC STOP
WASHINGTON COUNTY SHERIFFS OFFICE,LAKE ELMO,5/31/2026 6:12:57 PM,WC26026105,"1XXX  KEATS AVE N, LAKE ELMO",WARRANT ARREST
WASHINGTON COUNTY SHERIFFS OFFICE,LAKE ELMO,6/1/2026 8:44:18 AM,WC26026174,"8XXX  22nd St N, LAKE ELMO",MEDICAL
WASHINGTON COUNTY SHERIFFS OFFICE,LAKE ELMO,6/1/2026 9:18:03 AM,WC26026183,"1XXX  Palmer Dr N, LAKE ELMO",ALARM-BUSINESS/RES/FIRE/MEDICAL/ETC
WASHINGTON COUNTY SHERIFFS OFFICE,LAKE ELMO,6/1/2026 9:43:44 AM,WC26026187,"Unknown, LAKE ELMO",CITIZEN/PUBLIC ASSIST
WASHINGTON COUNTY SHERIFFS OFFICE,LAKE ELMO,6/1/2026 2:24:51 PM,WC26026239,"9XXX  Hudson Blvd N, LAKE ELMO",MEDICAL
WASHINGTON COUNTY SHERIFFS OFFICE,LAKE ELMO,6/1/2026 3:16:10 PM,WC26026254,"9XXX  Hudson Blvd N, LAKE ELMO",NOISE COMPLAINT/DISTURBANCE
WASHINGTON COUNTY SHERIFFS OFFICE,LAKE ELMO,6/1/2026 4:48:07 PM,WC26026269,"8XXX  Irving Cir N, LAKE ELMO",DISORDERLY CONDUCT
WASHINGTON COUNTY SHERIFFS OFFICE,LAKE ELMO,6/1/2026 7:32:20 PM,WC26026293,"8XXX  Lake Jane Trl N, LAKE ELMO",PARK COMPLAINT
WASHINGTON COUNTY SHERIFFS OFFICE,LAKE ELMO,6/1/2026 8:05:16 PM,WC26026297,"XXX Julia Ave N, LAKE ELMO",ALARM-BUSINESS/RES/FIRE/MEDICAL/ETC
WASHINGTON COUNTY SHERIFFS OFFICE,LAKE ELMO,6/1/2026 9:16:55 PM,WC26026308,"8XXX  Lake Jane Trl N, LAKE ELMO",NOISE COMPLAINT/DISTURBANCE
WASHINGTON COUNTY SHERIFFS OFFICE,LAKE ELMO,6/1/2026 9:59:00 PM,WC26026315,"XX Hwy 36 Wb At Keats Ave N, LAKE ELMO",TRAFFIC STOP
WASHINGTON COUNTY SHERIFFS OFFICE,LAKE ELMO,6/1/2026 11:08:00 PM,WC26026328,"MANNING AVE N / 40TH ST N, LAKE ELMO",TRAFFIC STOP
WASHINGTON COUNTY SHERIFFS OFFICE,LAKE ELMO,6/2/2026 9:22:51 AM,WC26026384,"XXX Ivywood Cir N, LAKE ELMO",MEDICAL
WASHINGTON COUNTY SHERIFFS OFFICE,LAKE ELMO,6/2/2026 1:12:13 PM,WC26026439,"XXX CIMARRON, LAKE ELMO",CIVIL MATTER/DISPUTE
WASHINGTON COUNTY SHERIFFS OFFICE,LAKE ELMO,6/2/2026 1:16:37 PM,WC26026441,"9XXX  Hudson Blvd N, LAKE ELMO",ACCIDENT
WASHINGTON COUNTY SHERIFFS OFFICE,LAKE ELMO,6/2/2026 1:38:56 PM,WC26026447,"XXX CIMARRON, LAKE ELMO",TRAFFIC STOP
WASHINGTON COUNTY SHERIFFS OFFICE,LAKE ELMO,6/2/2026 2:51:51 PM,WC26026463,"XXX KEATS AVE N, LAKE ELMO",SUSPICIOUS PERSON/ACTIVITY
WASHINGTON COUNTY SHERIFFS OFFICE,LAKE ELMO,6/2/2026 4:14:53 PM,WC26026483,"1XXX  Palmer Dr N, LAKE ELMO",911 ABANDONED/HANGUP/OPEN LINE
WASHINGTON COUNTY SHERIFFS OFFICE,LAKE ELMO,6/2/2026 6:42:26 PM,WC26026510,"Klondike Ave N / 32nd St N, LAKE ELMO",911 ABANDONED/HANGUP/OPEN LINE
WASHINGTON COUNTY SHERIFFS OFFICE,LAKE ELMO,6/2/2026 6:43:24 PM,WC26026514,"3XXX  Klondike Ave N, LAKE ELMO",MEDICAL
WASHINGTON COUNTY SHERIFFS OFFICE,LAKE ELMO,6/2/2026 9:11:55 PM,WC26026534,"XXX Julia Ave N, LAKE ELMO",TRESPASSING
WASHINGTON COUNTY SHERIFFS OFFICE,LAKE ELMO,6/3/2026 7:20:58 AM,WC26026579,"XX Hwy 36 Eb Jwo Lake Elmo Ave N, LAKE ELMO",ANIMAL COMPLAINT
WASHINGTON COUNTY SHERIFFS OFFICE,LAKE ELMO,6/3/2026 10:14:06 AM,WC26026613,"8XXX  15th St N, LAKE ELMO",THEFT
WASHINGTON COUNTY SHERIFFS OFFICE,LAKE ELMO,6/3/2026 10:34:11 AM,WC26026619,"5XXX  Highlands Trl N, LAKE ELMO",CIVIL MATTER/DISPUTE
WASHINGTON COUNTY SHERIFFS OFFICE,LAKE ELMO,6/3/2026 11:03:16 AM,WC26026622,"8XXX  Demontreville Trl N, LAKE ELMO",911 ABANDONED/HANGUP/OPEN LINE
WASHINGTON COUNTY SHERIFFS OFFICE,LAKE ELMO,6/3/2026 12:53:10 PM,WC26026637,"11XXX  10th St N, LAKE ELMO",THEFT
WASHINGTON COUNTY SHERIFFS OFFICE,LAKE ELMO,6/3/2026 1:55:21 PM,WC26026653,"Keats Ave N / 10th St N, LAKE ELMO",CITIZEN/PUBLIC ASSIST
WASHINGTON COUNTY SHERIFFS OFFICE,LAKE ELMO,6/3/2026 3:22:10 PM,WC26026665,"3XXX  Lake Elmo Ave N, LAKE ELMO",PARKING COMPLAINT
WASHINGTON COUNTY SHERIFFS OFFICE,LAKE ELMO,6/3/2026 3:57:04 PM,WC26026670,"8XXX  Eagle Point Blvd, LAKE ELMO",MEDICAL
WASHINGTON COUNTY SHERIFFS OFFICE,LAKE ELMO,6/3/2026 4:13:32 PM,WC26026672,"4XXX  Stillwater Way N, LAKE ELMO",SUSPICIOUS PERSON/ACTIVITY
WASHINGTON COUNTY SHERIFFS OFFICE,LAKE ELMO,6/3/2026 4:32:49 PM,WC26026678,"9XXX  Hudson Blvd N, LAKE ELMO",PROPERTY DAMAGE
WASHINGTON COUNTY SHERIFFS OFFICE,LAKE ELMO,6/3/2026 4:45:56 PM,WC26026681,"Stillwater Blvd N / Inwood Ave N, LAKE ELMO",DRIVING COMPLAINT
WASHINGTON COUNTY SHERIFFS OFFICE,LAKE ELMO,6/3/2026 7:00:33 PM,WC26026706,"10TH ST N / KEATS AVE N, LAKE ELMO",MOTORIST ASSIST
WASHINGTON COUNTY SHERIFFS OFFICE,LAKE ELMO,6/3/2026 7:36:26 PM,WC26026711,"XXX Cimarron, LAKE ELMO",CHILD CUSTODY
WASHINGTON COUNTY SHERIFFS OFFICE,LAKE ELMO,6/3/2026 8:58:43 PM,WC26026721,"Hwy 36 Eb Jwo Lake Elmo Ave N, LAKE ELMO",ACCIDENT
WASHINGTON COUNTY SHERIFFS OFFICE,LAKE ELMO,6/3/2026 10:58:00 PM,WC26026739,"HUDSON BLVD N / LAKE ELMO AVE N, LAKE ELMO",WARRANT ARREST
WASHINGTON COUNTY SHERIFFS OFFICE,LAKE ELMO,6/4/2026 1:17:00 AM,WC26026745,"10TH ST N / KEATS AVE N, LAKE ELMO",TRAFFIC STOP
WASHINGTON COUNTY SHERIFFS OFFICE,LAKE ELMO,6/4/2026 1:24:00 AM,WC26026758,"10th St N / Keats Av N, LAKE ELMO",TRAFFIC STOP
WASHINGTON COUNTY SHERIFFS OFFICE,LAKE ELMO,6/4/2026 8:08:45 AM,WC26026796,"10th St N / Whistling Valley Rd, LAKE ELMO",ROAD HAZARD
WASHINGTON COUNTY SHERIFFS OFFICE,LAKE ELMO,6/4/2026 9:54:17 AM,WC26026818,"2XXX  LAKE ELMO AVE N, LAKE ELMO",911 ABANDONED/HANGUP/OPEN LINE
WASHINGTON COUNTY SHERIFFS OFFICE,LAKE ELMO,6/4/2026 9:55:37 AM,WC26026814,"INWOOD AVE N / 21ST ST N, LAKE ELMO",ACCIDENT
WASHINGTON COUNTY SHERIFFS OFFICE,LAKE ELMO,6/4/2026 11:02:22 AM,WC26026837,"9XXX  Hudson Blvd N, LAKE ELMO",MEDICAL
WASHINGTON COUNTY SHERIFFS OFFICE,LAKE ELMO,6/4/2026 2:05:53 PM,WC26026876,"8XXX  Eagle Point Blvd, LAKE ELMO",MEDICAL
WASHINGTON COUNTY SHERIFFS OFFICE,LAKE ELMO,6/4/2026 5:16:46 PM,WC26026910,"8XXX  33rd St N, LAKE ELMO",911 ABANDONED/HANGUP/OPEN LINE
WASHINGTON COUNTY SHERIFFS OFFICE,LAKE ELMO,6/4/2026 7:24:03 PM,WC26026948,"8XXX  Lake Jane Trl N, LAKE ELMO",NOISE COMPLAINT/DISTURBANCE
WASHINGTON COUNTY SHERIFFS OFFICE,LAKE ELMO,6/4/2026 9:07:49 PM,WC26026967,"XXX CIMARRON, LAKE ELMO",WARRANT ATTEMPT
WASHINGTON COUNTY SHERIFFS OFFICE,LAKE ELMO,6/4/2026 9:49:00 PM,WC26026937,"STILLWATER BLVD N / LAKE ELMO AVE N, LAKE ELMO",TRAFFIC STOP
WASHINGTON COUNTY SHERIFFS OFFICE,LAKE ELMO,6/4/2026 11:17:00 PM,WC26026997,"30TH ST N & VILLAGE PKWY N, LAKE ELMO",TRAFFIC STOP
WASHINGTON COUNTY SHERIFFS OFFICE,LAKE ELMO,6/5/2026 12:00:00 AM,WC26027196,"LARKSPUR LN N & LINDEN TRL N, LAKE ELMO",PARKING COMPLAINT
WASHINGTON COUNTY SHERIFFS OFFICE,LAKE ELMO,6/5/2026 12:00:00 AM,WC26027031,"INWOOD AVE N & STILLWATER BLVD N, LAKE ELMO",DRIVING COMPLAINT
WASHINGTON COUNTY SHERIFFS OFFICE,LAKE ELMO,6/5/2026 1:24:12 AM,WC26027009,"3XXX  35th St N, LAKE ELMO",MEDICAL
WASHINGTON COUNTY SHERIFFS OFFICE,LAKE ELMO,6/5/2026 2:38:05 AM,WC26027019,"XXX Cimarron, LAKE ELMO",911 ABANDONED/HANGUP/OPEN LINE
WASHINGTON COUNTY SHERIFFS OFFICE,LAKE ELMO,6/5/2026 9:51:15 AM,WC26027074,"XXX CIMARRON, LAKE ELMO",FOLLOW UP
WASHINGTON COUNTY SHERIFFS OFFICE,LAKE ELMO,6/5/2026 10:03:42 AM,WC26027076,"9XXX  Hudson Blvd N, LAKE ELMO",CIVIL MATTER/DISPUTE
WASHINGTON COUNTY SHERIFFS OFFICE,LAKE ELMO,6/5/2026 11:20:46 AM,WC26027088,"11XXX  Hudson Blvd N, LAKE ELMO",SUSPICIOUS PERSON/ACTIVITY
WASHINGTON COUNTY SHERIFFS OFFICE,LAKE ELMO,6/5/2026 1:21:31 PM,WC26027101,"XXX CIMARRON, LAKE ELMO",WARRANT ATTEMPT
WASHINGTON COUNTY SHERIFFS OFFICE,LAKE ELMO,6/5/2026 1:37:43 PM,WC26027107,"Lake Elmo Ave N / 10th St N, LAKE ELMO",ACCIDENT
WASHINGTON COUNTY SHERIFFS OFFICE,LAKE ELMO,6/5/2026 2:22:46 PM,WC26027117,"JULIA AVE N / HUDSON BLVD N, LAKE ELMO",MOTORIST ASSIST
WASHINGTON COUNTY SHERIFFS OFFICE,LAKE ELMO,6/5/2026 2:33:27 PM,WC26027121,"11XXX  10th St N, LAKE ELMO",ALARM-BUSINESS/RES/FIRE/MEDICAL/ETC
WASHINGTON COUNTY SHERIFFS OFFICE,LAKE ELMO,6/5/2026 2:40:13 PM,WC26027122,"4XXX  Jerome Ave N, LAKE ELMO",FRAUD/SCAM
WASHINGTON COUNTY SHERIFFS OFFICE,LAKE ELMO,6/5/2026 3:57:13 PM,WC26027143,"Hwy 36 Eb At Lake Elmo Ave N, LAKE ELMO",ACCIDENT
WASHINGTON COUNTY SHERIFFS OFFICE,LAKE ELMO,6/5/2026 4:10:24 PM,WC26027150,"11XXX  34th St N, LAKE ELMO",DRIVING COMPLAINT
WASHINGTON COUNTY SHERIFFS OFFICE,LAKE ELMO,6/5/2026 7:30:18 PM,WC26027191,"XXX Cimarron, LAKE ELMO",CIVIL MATTER/DISPUTE
WASHINGTON COUNTY SHERIFFS OFFICE,LAKE ELMO,6/5/2026 7:37:55 PM,WC26027194,"8XXX  Lake Jane Trl N, LAKE ELMO",NOISE COMPLAINT/DISTURBANCE
WASHINGTON COUNTY SHERIFFS OFFICE,LAKE ELMO,6/5/2026 7:57:42 PM,WC26027198,"47th St N / Kimbro Ave N, LAKE ELMO",DISTURBANCE
WASHINGTON COUNTY SHERIFFS OFFICE,LAKE ELMO,6/5/2026 9:58:29 PM,WC26027235,"XXX Cimarron, LAKE ELMO",ACCIDENT
WASHINGTON COUNTY SHERIFFS OFFICE,LAKE ELMO,6/5/2026 11:03:39 PM,WC26027249,"Hwy 36 Wb At Lake Elmo Ave N, LAKE ELMO",DRIVING COMPLAINT
WASHINGTON COUNTY SHERIFFS OFFICE,LAKE ELMO,6/6/2026 12:12:00 AM,WC26027262,"MANNING AVE N / 32nd St N, LAKE ELMO",TRAFFIC STOP
WASHINGTON COUNTY SHERIFFS OFFICE,LAKE ELMO,6/6/2026 12:13:55 AM,WC26027263,"9XXX  HUDSON BLVD N, LAKE ELMO",MEDICAL
WASHINGTON COUNTY SHERIFFS OFFICE,LAKE ELMO,6/6/2026 2:40:13 AM,WC26027284,"2XXX  Jamley Ave N, LAKE ELMO",MEDICAL
WASHINGTON COUNTY SHERIFFS OFFICE,LAKE ELMO,6/6/2026 7:52:11 AM,WC26027303,"MANNING AVE N TO I94 WB RAMP, LAKE ELMO",ACCIDENT
WASHINGTON COUNTY SHERIFFS OFFICE,LAKE ELMO,6/6/2026 8:02:00 AM,WC26027306,"XX - 2 KEATS AVE N, LAKE ELMO",TRAFFIC STOP
WASHINGTON COUNTY SHERIFFS OFFICE,LAKE ELMO,6/6/2026 10:26:43 AM,WC26027328,"10th St N / Inwood Ave N, LAKE ELMO",DRIVING COMPLAINT
WASHINGTON COUNTY SHERIFFS OFFICE,LAKE ELMO,6/6/2026 11:58:02 AM,WC26027339,"Hwy 36 Eb At Keats Ave N, LAKE ELMO",DRIVING COMPLAINT
WASHINGTON COUNTY SHERIFFS OFFICE,LAKE ELMO,6/6/2026 3:05:39 PM,WC26027372,"9XXX  Hudson Blvd N, LAKE ELMO",ANIMAL COMPLAINT
WASHINGTON COUNTY SHERIFFS OFFICE,LAKE ELMO,6/6/2026 3:09:52 PM,WC26027376,"2XXX  Inwood Ave N, LAKE ELMO",911 ABANDONED/HANGUP/OPEN LINE
WASHINGTON COUNTY SHERIFFS OFFICE,LAKE ELMO,6/6/2026 3:27:17 PM,WC26027381,"1XXX  KEATS AVE N, LAKE ELMO",PARKING VIOLATION
WASHINGTON COUNTY SHERIFFS OFFICE,LAKE ELMO,6/6/2026 3:35:50 PM,WC26027383,"1XXX  KEATS AVE N, LAKE ELMO",PARKING VIOLATION
WASHINGTON COUNTY SHERIFFS OFFICE,LAKE ELMO,6/6/2026 3:36:39 PM,WC26027385,"32nd St N / Lake Elmo Ave N, LAKE ELMO",WATER INCIDENT/VIOLATION
WASHINGTON COUNTY SHERIFFS OFFICE,LAKE ELMO,6/6/2026 3:59:01 PM,WC26027396,"1XXX  KEATS AVE N, LAKE ELMO",PARKING VIOLATION
WASHINGTON COUNTY SHERIFFS OFFICE,LAKE ELMO,6/6/2026 4:10:59 PM,WC26027400,"1XXX  KEATS AVE N, LAKE ELMO",PARKING VIOLATION
WASHINGTON COUNTY SHERIFFS OFFICE,LAKE ELMO,6/6/2026 5:24:25 PM,WC26027426,"4XXX  Olson Lake Trl N, LAKE ELMO",ALARM-BUSINESS/RES/FIRE/MEDICAL/ETC
WASHINGTON COUNTY SHERIFFS OFFICE,LAKE ELMO,6/6/2026 6:55:57 PM,WC26027450,"2XXX  Keats Ave N, LAKE ELMO",FIREWORKS
WASHINGTON COUNTY SHERIFFS OFFICE,LAKE ELMO,6/6/2026 9:29:06 PM,WC26027488,"11XXX  32nd St N, LAKE ELMO",NOISE COMPLAINT/DISTURBANCE
WASHINGTON COUNTY SHERIFFS OFFICE,LAKE ELMO,6/6/2026 9:37:21 PM,WC26027491,"Hwy 36 Eb At Demontreville Trl N, LAKE ELMO",DRIVING COMPLAINT
WASHINGTON COUNTY SHERIFFS OFFICE,LAKE ELMO,6/6/2026 10:11:05 PM,WC26027500,"2XXX  Legion Ln N, LAKE ELMO",SUICIDE ATTEMPT/THREATS OF
WASHINGTON COUNTY SHERIFFS OFFICE,LAKE ELMO,6/6/2026 10:13:01 PM,WC26027504,"11XXX  Hudson Blvd N, LAKE ELMO",911 ABANDONED/HANGUP/OPEN LINE
WASHINGTON COUNTY SHERIFFS OFFICE,LAKE ELMO,6/6/2026 11:32:44 PM,WC26027515,"8XXX  9th Pl N, LAKE ELMO",MEDICAL
WASHINGTON COUNTY SHERIFFS OFFICE,LAKE ELMO,6/6/2026 11:38:58 PM,WC26027521,"2XXX  Keats Ave N, LAKE ELMO",OFFICER INFORMATION
WASHINGTON COUNTY SHERIFFS OFFICE,LAKE SAINT CROIX BEACH,5/31/2026 9:48:56 AM,WC26026046,"16XXX  13TH ST S, LAKE SAINT CROIX BEACH",INCIDENT
WASHINGTON COUNTY SHERIFFS OFFICE,LAKE SAINT CROIX BEACH,6/2/2026 6:46:01 PM,WC26026513,"16XXX  18th St S, LAKE SAINT CROIX BEACH",ANIMAL COMPLAINT
WASHINGTON COUNTY SHERIFFS OFFICE,LAKE SAINT CROIX BEACH,6/3/2026 7:52:36 PM,WC26026712,"Beach At Lake St Croix Beach Park, LAKE SAINT CROIX BEACH",DISTURBANCE
WASHINGTON COUNTY SHERIFFS OFFICE,LAKE SAINT CROIX BEACH,6/5/2026 2:13:51 AM,WC26027016,"1XXX  Queens Ave S, LAKE SAINT CROIX BEACH",CITIZEN/PUBLIC ASSIST
WASHINGTON COUNTY SHERIFFS OFFICE,LAKE SAINT CROIX BEACH,6/5/2026 2:57:32 PM,WC26027129,"1XXX  Ramada Ave S, LAKE SAINT CROIX BEACH",ACCIDENT
WASHINGTON COUNTY SHERIFFS OFFICE,LAKE SAINT CROIX BEACH,6/5/2026 4:03:34 PM,WC26027151,"16XXX  18th St S, LAKE SAINT CROIX BEACH",OFFICER INFORMATION
WASHINGTON COUNTY SHERIFFS OFFICE,LAKE SAINT CROIX BEACH,6/5/2026 10:17:36 PM,WC26027237,"2XXX  Quarry Ave S, LAKE SAINT CROIX BEACH",911 ABANDONED/HANGUP/OPEN LINE
WASHINGTON COUNTY SHERIFFS OFFICE,LAKE SAINT CROIX BEACH,6/6/2026 12:00:00 AM,WC26027393,"1XXX  - 1898 RAMADA AVE S, LAKE SAINT CROIX BEACH",PARKING VIOLATION
WASHINGTON COUNTY SHERIFFS OFFICE,LAKE SAINT CROIX BEACH,6/6/2026 2:21:38 PM,WC26027364,"RIVIERA AVE S / 17TH ST S, LAKE SAINT CROIX BEACH",MEDICAL
WASHINGTON COUNTY SHERIFFS OFFICE,LAKE SAINT CROIX BEACH,6/6/2026 3:57:45 PM,WC26027395,"16XXX  18TH ST S, LAKE SAINT CROIX BEACH",FOUND PROPERTY/ITEM
WASHINGTON COUNTY SHERIFFS OFFICE,LAKELAND,5/31/2026 12:19:54 AM,WC26026012,"XXX Quentin Ave S, LAKELAND",CIVIL MATTER/DISPUTE
WASHINGTON COUNTY SHERIFFS OFFICE,LAKELAND,5/31/2026 2:16:13 AM,WC26026025,"XXX Quentin Ave S, LAKELAND",CIVIL MATTER/DISPUTE
WASHINGTON COUNTY SHERIFFS OFFICE,LAKELAND,5/31/2026 9:13:51 AM,WC26026043,"SAINT CROIX TRL N TO I94 EB RAMP, LAKELAND",TRAFFIC STOP
WASHINGTON COUNTY SHERIFFS OFFICE,LAKELAND,5/31/2026 11:31:30 AM,WC26026057,"XXX Quentin Ave S, LAKELAND",INCIDENT
WASHINGTON COUNTY SHERIFFS OFFICE,LAKELAND,5/31/2026 4:41:16 PM,WC26026091,"XXX Quentin Ave S, LAKELAND",WELFARE CHECK
WASHINGTON COUNTY SHERIFFS OFFICE,LAKELAND,5/31/2026 8:50:35 PM,WC26026122,"16XXX  3rd St N, LAKELAND",MEDICAL
WASHINGTON COUNTY SHERIFFS OFFICE,LAKELAND,6/1/2026 10:13:29 AM,WC26026190,"8TH ST N / QUALITY AVE N, LAKELAND",TRAFFIC STOP
WASHINGTON COUNTY SHERIFFS OFFICE,LAKELAND,6/1/2026 4:56:02 PM,WC26026270,"16XXX  3rd St N, LAKELAND",JUVENILE COMPLAINT
WASHINGTON COUNTY SHERIFFS OFFICE,LAKELAND,6/2/2026 4:53:08 PM,WC26026491,"XXX Saint Croix Trl S, LAKELAND",DWI
WASHINGTON COUNTY SHERIFFS OFFICE,LAKELAND,6/4/2026 5:16:59 PM,WC26026914,"10th Street Ct S / Saint Croix Trl S, LAKELAND",ACCIDENT
WASHINGTON COUNTY SHERIFFS OFFICE,LAKELAND,6/5/2026 4:02:00 PM,WC26027145,"SAINT CROIX TRL N / 11TH ST N, LAKELAND",ACCIDENT
WASHINGTON COUNTY SHERIFFS OFFICE,LAKELAND,6/5/2026 6:55:41 PM,WC26027188,"16XXX  6th St N, LAKELAND",ASSIST OTHER AGENCY
WASHINGTON COUNTY SHERIFFS OFFICE,LAKELAND,6/5/2026 10:55:15 PM,WC26027246,"XXX Quant Avenue Ct N, LAKELAND",THREATS
WASHINGTON COUNTY SHERIFFS OFFICE,LAKELAND,6/6/2026 11:20:50 AM,WC26027336,"XXX Quentin Ave S, LAKELAND",CITIZEN/PUBLIC ASSIST
WASHINGTON COUNTY SHERIFFS OFFICE,LAKELAND,6/6/2026 12:41:27 PM,WC26027344,"Saint Croix River-ll, LAKELAND",911 ABANDONED/HANGUP/OPEN LINE
WASHINGTON COUNTY SHERIFFS OFFICE,LAKELAND,6/6/2026 8:38:31 PM,WC26027472,"1XXX  Quentin Ave S, LAKELAND",ALARM-BUSINESS/RES/FIRE/MEDICAL/ETC
WASHINGTON COUNTY SHERIFFS OFFICE,LANDFALL,5/31/2026 8:25:52 PM,WC26026116,"XXX Dellwood Sq S, LANDFALL",WELFARE CHECK
WASHINGTON COUNTY SHERIFFS OFFICE,LANDFALL,6/2/2026 4:40:05 AM,WC26026360,"XXX Dellwood Sq N, LANDFALL",CIVIL MATTER/DISPUTE
WASHINGTON COUNTY SHERIFFS OFFICE,LANDFALL,6/2/2026 3:31:02 PM,WC26026471,"XXX DELLWOOD SQ S, LANDFALL",911 ABANDONED/HANGUP/OPEN LINE
WASHINGTON COUNTY SHERIFFS OFFICE,LANDFALL,6/3/2026 10:07:00 PM,WC26026657,"XXX Dellwood Sq N, LANDFALL",UNWANTED PERSON/VEHICLE
WASHINGTON COUNTY SHERIFFS OFFICE,LANDFALL,6/4/2026 2:15:43 PM,WC26026878,"XX 2nd Ave, LANDFALL",WARRANT ARREST
WASHINGTON COUNTY SHERIFFS OFFICE,LANDFALL,6/4/2026 6:47:50 PM,WC26026941,"XX Garden Gln, LANDFALL",911 ABANDONED/HANGUP/OPEN LINE
WASHINGTON COUNTY SHERIFFS OFFICE,MAHTOMEDI,5/31/2026 6:24:46 AM,WC26026035,"XX Mahtomedi Ave, MAHTOMEDI",THEFT
WASHINGTON COUNTY SHERIFFS OFFICE,MAHTOMEDI,5/31/2026 8:52:04 AM,WC26026042,"XXX Warner Ave N, MAHTOMEDI",MEDICAL
WASHINGTON COUNTY SHERIFFS OFFICE,MAHTOMEDI,5/31/2026 12:24:35 PM,WC26026064,"XXX Arcwood Rd, MAHTOMEDI",MEDICAL
WASHINGTON COUNTY SHERIFFS OFFICE,MAHTOMEDI,5/31/2026 1:10:02 PM,WC26026071,"Warner Ave N / Heidi Ln, MAHTOMEDI",ANIMAL COMPLAINT
WASHINGTON COUNTY SHERIFFS OFFICE,MAHTOMEDI,5/31/2026 3:42:59 PM,WC26026080,"STILLWATER RD / HILTON TRL N, MAHTOMEDI",TRAFFIC STOP
WASHINGTON COUNTY SHERIFFS OFFICE,MAHTOMEDI,6/1/2026 12:06:00 AM,WC26026141,"STILLWATER RD / WARNER AVE N, MAHTOMEDI",TRAFFIC STOP
WASHINGTON COUNTY SHERIFFS OFFICE,MAHTOMEDI,6/1/2026 12:19:56 AM,WC26026142,"XXX LINCOLNTOWN AVE, MAHTOMEDI",SUSPICIOUS PERSON/ACTIVITY
WASHINGTON COUNTY SHERIFFS OFFICE,MAHTOMEDI,6/1/2026 4:12:09 AM,WC26026158,"XX Hickory St, MAHTOMEDI",MEDICAL
WASHINGTON COUNTY SHERIFFS OFFICE,MAHTOMEDI,6/1/2026 9:15:26 AM,WC26026181,"XXX Stillwater Rd, MAHTOMEDI",HRO VIOLATION
WASHINGTON COUNTY SHERIFFS OFFICE,MAHTOMEDI,6/1/2026 10:53:54 AM,WC26026204,"3XXX  Century Ave, MAHTOMEDI",ANIMAL COMPLAINT
WASHINGTON COUNTY SHERIFFS OFFICE,MAHTOMEDI,6/1/2026 2:57:45 PM,WC26026249,"XXX Wildwood Rd, MAHTOMEDI",CITIZEN/PUBLIC ASSIST
WASHINGTON COUNTY SHERIFFS OFFICE,MAHTOMEDI,6/1/2026 3:41:12 PM,WC26026259,"XXX Dartmoor Rd, MAHTOMEDI",VEHICLE UNLOCK
WASHINGTON COUNTY SHERIFFS OFFICE,MAHTOMEDI,6/1/2026 5:27:31 PM,WC26026276,"XXX Wildwood Rd, MAHTOMEDI",ACCIDENT
WASHINGTON COUNTY SHERIFFS OFFICE,MAHTOMEDI,6/1/2026 6:17:21 PM,WC26026285,"XX Mahtomedi Ave, MAHTOMEDI",CITIZEN/PUBLIC ASSIST
WASHINGTON COUNTY SHERIFFS OFFICE,MAHTOMEDI,6/1/2026 8:06:23 PM,WC26026298,"3XXX  Century Ave, MAHTOMEDI",ACCIDENT
WASHINGTON COUNTY SHERIFFS OFFICE,MAHTOMEDI,6/1/2026 9:20:19 PM,WC26026310,"XX Long Lake Rd, MAHTOMEDI",911 ABANDONED/HANGUP/OPEN LINE
WASHINGTON COUNTY SHERIFFS OFFICE,MAHTOMEDI,6/1/2026 10:07:12 PM,WC26026318,"XXX Wedgewood Dr, MAHTOMEDI",NOISE COMPLAINT/DISTURBANCE
WASHINGTON COUNTY SHERIFFS OFFICE,MAHTOMEDI,6/1/2026 10:54:11 PM,WC26026325,"XXX Frankland St, MAHTOMEDI",FAMILY ASSIST
WASHINGTON COUNTY SHERIFFS OFFICE,MAHTOMEDI,6/2/2026 4:36:34 AM,WC26026359,"XXX East Ave, MAHTOMEDI",MEDICAL
WASHINGTON COUNTY SHERIFFS OFFICE,MAHTOMEDI,6/2/2026 3:16:03 PM,WC26026468,"XXX Mahtomedi Ave, MAHTOMEDI",FOLLOW UP
WASHINGTON COUNTY SHERIFFS OFFICE,MAHTOMEDI,6/3/2026 5:27:00 AM,WC26026570,"CENTURY AVE / LONG LAKE RD, MAHTOMEDI",TRAFFIC STOP
WASHINGTON COUNTY SHERIFFS OFFICE,MAHTOMEDI,6/3/2026 7:00:05 AM,WC26026575,"1XXX  Lincolntown Ave, MAHTOMEDI",FOUND PROPERTY/ITEM
WASHINGTON COUNTY SHERIFFS OFFICE,MAHTOMEDI,6/3/2026 7:08:23 AM,WC26026577,"XXX Mahtomedi Ave, MAHTOMEDI",MEDICAL
WASHINGTON COUNTY SHERIFFS OFFICE,MAHTOMEDI,6/3/2026 7:12:07 AM,WC26026584,"XXX Mahtomedi Ave, MAHTOMEDI",TRESPASS NOTICE
WASHINGTON COUNTY SHERIFFS OFFICE,MAHTOMEDI,6/3/2026 9:14:21 AM,WC26026589,"XXX GROVE ST, MAHTOMEDI",FOLLOW UP
WASHINGTON COUNTY SHERIFFS OFFICE,MAHTOMEDI,6/3/2026 10:04:00 AM,WC26026610,"WILDWOOD RD / CENTURY AVE N, MAHTOMEDI",TRAFFIC STOP
WASHINGTON COUNTY SHERIFFS OFFICE,MAHTOMEDI,6/3/2026 11:01:19 AM,WC26026621,"XXX Cedarleaf Ct, MAHTOMEDI",WELFARE CHECK
WASHINGTON COUNTY SHERIFFS OFFICE,MAHTOMEDI,6/3/2026 12:57:47 PM,WC26026640,"Wildwood Rd / Mahtomedi Ave, MAHTOMEDI",TRAFFIC COMPLAINT
WASHINGTON COUNTY SHERIFFS OFFICE,MAHTOMEDI,6/3/2026 1:28:11 PM,WC26026645,"Wildwood Rd / Stillwater Rd, MAHTOMEDI",ANIMAL COMPLAINT
WASHINGTON COUNTY SHERIFFS OFFICE,MAHTOMEDI,6/3/2026 2:02:49 PM,WC26026655,"Unknown, MAHTOMEDI",CIVIL MATTER/DISPUTE
WASHINGTON COUNTY SHERIFFS OFFICE,MAHTOMEDI,6/3/2026 6:02:36 PM,WC26026694,"1XXX  Mahtomedi Ave, MAHTOMEDI",911 ABANDONED/HANGUP/OPEN LINE
WASHINGTON COUNTY SHERIFFS OFFICE,MAHTOMEDI,6/3/2026 9:54:23 PM,WC26026728,"XXX Mahtomedi Ave, MAHTOMEDI",ALARM-BUSINESS/RES/FIRE/MEDICAL/ETC
WASHINGTON COUNTY SHERIFFS OFFICE,MAHTOMEDI,6/3/2026 9:55:20 PM,WC26026729,"XXX East Ave, MAHTOMEDI",MEDICAL
WASHINGTON COUNTY SHERIFFS OFFICE,MAHTOMEDI,6/4/2026 5:47:39 AM,WC26026787,"XXX Stillwater Rd, MAHTOMEDI",MEDICAL
WASHINGTON COUNTY SHERIFFS OFFICE,MAHTOMEDI,6/4/2026 9:45:47 AM,WC26026805,"XXX Mahtomedi Ave, MAHTOMEDI",ALARM-BUSINESS/RES/FIRE/MEDICAL/ETC
WASHINGTON COUNTY SHERIFFS OFFICE,MAHTOMEDI,6/4/2026 10:33:32 AM,WC26026832,"1XXX  Park Ave, MAHTOMEDI",WELFARE CHECK
WASHINGTON COUNTY SHERIFFS OFFICE,MAHTOMEDI,6/4/2026 11:16:25 AM,WC26026838,"XXX JUNIPER ST, MAHTOMEDI",TRAFFIC COMPLAINT
WASHINGTON COUNTY SHERIFFS OFFICE,MAHTOMEDI,6/4/2026 1:46:20 PM,WC26026865,"Unknown, MAHTOMEDI",FOLLOW UP
WASHINGTON COUNTY SHERIFFS OFFICE,MAHTOMEDI,6/4/2026 3:14:56 PM,WC26026891,"HILTON TRL N / STILLWATER RD, MAHTOMEDI",DISABLED VEHICLE
WASHINGTON COUNTY SHERIFFS OFFICE,MAHTOMEDI,6/4/2026 4:30:21 PM,WC26026898,"XX Grove St, MAHTOMEDI",OFFICER INFORMATION
WASHINGTON COUNTY SHERIFFS OFFICE,MAHTOMEDI,6/4/2026 7:13:00 PM,WC26026944,"Wildwood Rd / Ridge Way, MAHTOMEDI",ANIMAL COMPLAINT
WASHINGTON COUNTY SHERIFFS OFFICE,MAHTOMEDI,6/4/2026 7:13:21 PM,WC26026945,"XXX Wedgewood Dr, MAHTOMEDI",PROPERTY DAMAGE
WASHINGTON COUNTY SHERIFFS OFFICE,MAHTOMEDI,6/4/2026 9:50:54 PM,WC26026975,"XXX Quail St, MAHTOMEDI",ROAD HAZARD
WASHINGTON COUNTY SHERIFFS OFFICE,MAHTOMEDI,6/5/2026 5:36:31 AM,WC26027026,"XXX Stillwater Rd, MAHTOMEDI",FOUND PROPERTY/ITEM
WASHINGTON COUNTY SHERIFFS OFFICE,MAHTOMEDI,6/5/2026 11:02:00 AM,WC26027082,"XX - 99 MAHTOMEDI AVE, MAHTOMEDI",TRAFFIC STOP
WASHINGTON COUNTY SHERIFFS OFFICE,MAHTOMEDI,6/5/2026 2:13:58 PM,WC26027116,"XXX Old Wildwood Rd, MAHTOMEDI",ALARM-BUSINESS/RES/FIRE/MEDICAL/ETC
WASHINGTON COUNTY SHERIFFS OFFICE,MAHTOMEDI,6/5/2026 2:18:01 PM,WC26027118,"XX Grove St, MAHTOMEDI",CIVIL MATTER/DISPUTE
WASHINGTON COUNTY SHERIFFS OFFICE,MAHTOMEDI,6/5/2026 4:58:00 PM,WC26027158,"XX GROVE ST, MAHTOMEDI",ACCIDENT
WASHINGTON COUNTY SHERIFFS OFFICE,MAHTOMEDI,6/5/2026 5:19:01 PM,WC26027164,"1XXX  East Shore Ave, MAHTOMEDI",MEDICAL
WASHINGTON COUNTY SHERIFFS OFFICE,MAHTOMEDI,6/5/2026 7:26:57 PM,WC26027190,"Hallam Ave N / Maple St, MAHTOMEDI",SUSPICIOUS PERSON/ACTIVITY
WASHINGTON COUNTY SHERIFFS OFFICE,MAHTOMEDI,6/5/2026 7:42:02 PM,WC26027195,"XXX Mahtomedi Ave, MAHTOMEDI",MEDICAL
WASHINGTON COUNTY SHERIFFS OFFICE,MAHTOMEDI,6/5/2026 9:11:00 PM,WC26027216,"EAST AVE / STILLWATER RD, MAHTOMEDI",TRAFFIC STOP
WASHINGTON COUNTY SHERIFFS OFFICE,MAHTOMEDI,6/5/2026 10:47:52 PM,WC26027244,"XXX Dahlia St, MAHTOMEDI",LIFT ASSIST
WASHINGTON COUNTY SHERIFFS OFFICE,MAHTOMEDI,6/6/2026 8:46:53 AM,WC26027311,"XXX Bichner Ln, MAHTOMEDI",MEDICAL
WASHINGTON COUNTY SHERIFFS OFFICE,MAHTOMEDI,6/6/2026 9:11:44 AM,WC26027316,"XXX Stillwater Rd, MAHTOMEDI",ALARM-BUSINESS/RES/FIRE/MEDICAL/ETC
WASHINGTON COUNTY SHERIFFS OFFICE,MAHTOMEDI,6/6/2026 10:19:21 AM,WC26027326,"WILDWOOD RD / WEDGEWOOD DR, MAHTOMEDI",ANIMAL COMPLAINT
WASHINGTON COUNTY SHERIFFS OFFICE,MAHTOMEDI,6/6/2026 1:53:59 PM,WC26027358,"XXX Wildwood Rd, MAHTOMEDI",MEDICAL
WASHINGTON COUNTY SHERIFFS OFFICE,MAHTOMEDI,6/6/2026 3:52:00 PM,WC26027392,"1XXX  - 1361 BERWICK LN, MAHTOMEDI",TRAFFIC STOP
WASHINGTON COUNTY SHERIFFS OFFICE,MAHTOMEDI,6/6/2026 6:35:42 PM,WC26027447,"XXX Wildwood Rd, MAHTOMEDI",MEDICAL
WASHINGTON COUNTY SHERIFFS OFFICE,MAHTOMEDI,6/6/2026 8:55:37 PM,WC26027476,"XXX Wildwood Rd, MAHTOMEDI",VEHICLE UNLOCK
WASHINGTON COUNTY SHERIFFS OFFICE,MAHTOMEDI,6/6/2026 9:15:31 PM,WC26027484,"XXX East Ave, MAHTOMEDI",ALARM-BUSINESS/RES/FIRE/MEDICAL/ETC
WASHINGTON COUNTY SHERIFFS OFFICE,MAHTOMEDI,6/6/2026 9:44:01 PM,WC26027493,"XXX Hardwood Ln, MAHTOMEDI",BURNING COMPLAINT
WASHINGTON COUNTY SHERIFFS OFFICE,MAHTOMEDI,6/6/2026 10:16:28 PM,WC26027503,"XXX Wildwood Rd, MAHTOMEDI",DISTURBANCE
WASHINGTON COUNTY SHERIFFS OFFICE,MAHTOMEDI,6/6/2026 10:34:34 PM,WC26027507,"XXX East Ave, MAHTOMEDI",ALARM-BUSINESS/RES/FIRE/MEDICAL/ETC
WASHINGTON COUNTY SHERIFFS OFFICE,MARINE ON SAINT CROIX,5/31/2026 8:45:02 PM,WC26026119,"1XXX  Nason Hill Rd, MARINE ON SAINT CROIX",ALARM-BUSINESS/RES/FIRE/MEDICAL/ETC
WASHINGTON COUNTY SHERIFFS OFFICE,MARINE ON SAINT CROIX,6/2/2026 5:40:00 AM,WC26026363,"SAINT CROIX TRL N / MAPLE ST, MARINE ON SAINT CROIX",TRAFFIC STOP
WASHINGTON COUNTY SHERIFFS OFFICE,MARINE ON SAINT CROIX,6/2/2026 6:27:00 AM,WC26026364,"SAINT CROIX TRL N & Maple St, MARINE ON SAINT CROIX",TRAFFIC STOP
WASHINGTON COUNTY SHERIFFS OFFICE,MARINE ON SAINT CROIX,6/5/2026 12:00:00 AM,WC26027239,"SAINT CROIX RIVER WM OBRIEN-MAR, MARINE ON SAINT CROIX",TRAFFIC STOP
WASHINGTON COUNTY SHERIFFS OFFICE,MARINE ON SAINT CROIX,6/6/2026 1:39:18 PM,WC26027357,"XXX Parker St, MARINE ON SAINT CROIX",911 ABANDONED/HANGUP/OPEN LINE
WASHINGTON COUNTY SHERIFFS OFFICE,MARINE ON SAINT CROIX,6/6/2026 3:11:29 PM,WC26027375,"XXX - 599 OAK ST, MARINE ON SAINT CROIX",DIRECTED PATROL
WASHINGTON COUNTY SHERIFFS OFFICE,MARINE ON SAINT CROIX,6/6/2026 4:02:00 PM,WC26027397,"SAINT CROIX TRL N / ELM ST, MARINE ON SAINT CROIX",TRAFFIC STOP
WASHINGTON COUNTY SHERIFFS OFFICE,MAY TOWNSHIP,5/31/2026 5:36:19 PM,WC26026101,"15XXX  SQUARE LAKE TRL N, MAY TOWNSHIP",PARKING VIOLATION
WASHINGTON COUNTY SHERIFFS OFFICE,MAY TOWNSHIP,5/31/2026 5:44:40 PM,WC26026102,"15XXX  SQUARE LAKE TRL N, MAY TOWNSHIP",PARKING VIOLATION
WASHINGTON COUNTY SHERIFFS OFFICE,MAY TOWNSHIP,6/1/2026 9:04:59 AM,WC26026180,"15XXX  SQUARE LAKE TRL N, MAY TOWNSHIP",PARK INCIDENT-CITY/COUNTY
WASHINGTON COUNTY SHERIFFS OFFICE,MAY TOWNSHIP,6/1/2026 2:34:25 PM,WC26026242,"15XXX  SQUARE LAKE TRL N, MAY TOWNSHIP",PARK INCIDENT-CITY/COUNTY
WASHINGTON COUNTY SHERIFFS OFFICE,MAY TOWNSHIP,6/1/2026 2:35:40 PM,WC26026247,"17XXX  Manning Trl N, MAY TOWNSHIP",DRIVING COMPLAINT
WASHINGTON COUNTY SHERIFFS OFFICE,MAY TOWNSHIP,6/1/2026 2:59:21 PM,WC26026248,"15XXX  SQUARE LAKE TRL N, MAY TOWNSHIP",PARK INCIDENT-CITY/COUNTY
WASHINGTON COUNTY SHERIFFS OFFICE,MAY TOWNSHIP,6/1/2026 5:21:04 PM,WC26026275,"Square Lake Boat Landing, MAY TOWNSHIP",DISTURBANCE
WASHINGTON COUNTY SHERIFFS OFFICE,MAY TOWNSHIP,6/1/2026 11:34:24 PM,WC26026329,"15XXX  SQUARE LAKE TRL N, MAY TOWNSHIP",SUSPICIOUS PERSON/ACTIVITY
WASHINGTON COUNTY SHERIFFS OFFICE,MAY TOWNSHIP,6/2/2026 9:59:11 AM,WC26026392,"BIG MARINE PARK ENTRANCE RD, MAY TOWNSHIP",PARK INCIDENT-CITY/COUNTY
WASHINGTON COUNTY SHERIFFS OFFICE,MAY TOWNSHIP,6/2/2026 6:52:13 PM,WC26026517,"16XXX  Kirby Ave N, MAY TOWNSHIP",INCIDENT
WASHINGTON COUNTY SHERIFFS OFFICE,MAY TOWNSHIP,6/2/2026 6:56:27 PM,WC26026521,"Square Lake, MAY TOWNSHIP",WATERCRAFT COMPLAINT
WASHINGTON COUNTY SHERIFFS OFFICE,MAY TOWNSHIP,6/3/2026 12:00:00 AM,WC26026623,"BIG MARINE PARK ENTRANCE RD, MAY TOWNSHIP",TRAFFIC STOP
WASHINGTON COUNTY SHERIFFS OFFICE,MAY TOWNSHIP,6/3/2026 10:36:45 AM,WC26026617,"15XXX  133rd St N, MAY TOWNSHIP",INCIDENT
WASHINGTON COUNTY SHERIFFS OFFICE,MAY TOWNSHIP,6/3/2026 4:34:16 PM,WC26026679,"16XXX  Kirby Ave N, MAY TOWNSHIP",CITIZEN/PUBLIC ASSIST
WASHINGTON COUNTY SHERIFFS OFFICE,MAY TOWNSHIP,6/5/2026 10:39:11 AM,WC26027078,"SAINT CROIX TRL N / RIVERVIEW TRL N, MAY TOWNSHIP",JUVENILE COMPLAINT
WASHINGTON COUNTY SHERIFFS OFFICE,MAY TOWNSHIP,6/5/2026 10:43:34 AM,WC26027079,"13XXX  Ozark Avenue Ct N, MAY TOWNSHIP",911 ABANDONED/HANGUP/OPEN LINE
WASHINGTON COUNTY SHERIFFS OFFICE,MAY TOWNSHIP,6/5/2026 11:30:30 AM,WC26027095,"11XXX  180th St N, MAY TOWNSHIP",911 ABANDONED/HANGUP/OPEN LINE
WASHINGTON COUNTY SHERIFFS OFFICE,MAY TOWNSHIP,6/5/2026 9:14:00 PM,WC26027219,"12XXX  - 12705 MANNING TRL N, MAY TOWNSHIP",TRAFFIC STOP
WASHINGTON COUNTY SHERIFFS OFFICE,MAY TOWNSHIP,6/5/2026 11:17:00 PM,WC26027253,"12XXX  - 14199 MANNING TRL N, MAY TOWNSHIP",TRAFFIC STOP
WASHINGTON COUNTY SHERIFFS OFFICE,MAY TOWNSHIP,6/6/2026 9:31:00 AM,WC26027320,"MANNING TRL N / 155TH ST N, MAY TOWNSHIP",TRAFFIC STOP
WASHINGTON COUNTY SHERIFFS OFFICE,MAY TOWNSHIP,6/6/2026 3:24:00 PM,WC26027380,"15XXX  SQUARE LAKE TRL N, MAY TOWNSHIP",PARKING VIOLATION
WASHINGTON COUNTY SHERIFFS OFFICE,MAY TOWNSHIP,6/6/2026 3:36:45 PM,WC26027384,"15XXX  SQUARE LAKE TRL N, MAY TOWNSHIP",PARKING VIOLATION
WASHINGTON COUNTY SHERIFFS OFFICE,MAY TOWNSHIP,6/6/2026 4:52:00 PM,WC26027408,"17XXX  MANNING TRL N, MAY TOWNSHIP",PARKING VIOLATION
WASHINGTON COUNTY SHERIFFS OFFICE,MAY TOWNSHIP,6/6/2026 5:01:00 PM,WC26027411,"17XXX  MANNING TRL N, MAY TOWNSHIP",PARKING VIOLATION
WASHINGTON COUNTY SHERIFFS OFFICE,MAY TOWNSHIP,6/6/2026 5:02:00 PM,WC26027412,"MANNING TRL N / 142ND ST N, MAY TOWNSHIP",TRAFFIC STOP
WASHINGTON COUNTY SHERIFFS OFFICE,NEWPORT,5/31/2026 2:19:00 AM,WC26026027,"Hwy 61 Sb At Glen Rd, NEWPORT",DWI
WASHINGTON COUNTY SHERIFFS OFFICE,NEWPORT,5/31/2026 7:05:10 PM,WC26026109,"1XXX  Hastings Ave, NEWPORT",STALKING
WASHINGTON COUNTY SHERIFFS OFFICE,NEWPORT,5/31/2026 10:30:42 PM,WC26026134,"1XXX  10th Ave, NEWPORT",MEDICAL
WASHINGTON COUNTY SHERIFFS OFFICE,NEWPORT,5/31/2026 11:38:41 PM,WC26026140,"1XXX  Glen Rd, NEWPORT",SUICIDE ATTEMPT/THREATS OF
WASHINGTON COUNTY SHERIFFS OFFICE,NEWPORT,6/1/2026 1:43:40 AM,WC26026149,"1XXX  10TH AVE, NEWPORT",NOISE COMPLAINT/DISTURBANCE
WASHINGTON COUNTY SHERIFFS OFFICE,NEWPORT,6/1/2026 11:33:01 AM,WC26026209,"Hastings Ave / Bailey Rd, NEWPORT",ACCIDENT
WASHINGTON COUNTY SHERIFFS OFFICE,NEWPORT,6/1/2026 5:52:05 PM,WC26026279,"1XXX  Bailey Rd, NEWPORT",ALARM-BUSINESS/RES/FIRE/MEDICAL/ETC
WASHINGTON COUNTY SHERIFFS OFFICE,NEWPORT,6/1/2026 7:43:15 PM,WC26026295,"XXX 18th St, NEWPORT",CITIZEN/PUBLIC ASSIST
WASHINGTON COUNTY SHERIFFS OFFICE,NEWPORT,6/1/2026 8:56:51 PM,WC26026306,"1XXX  10th Ave, NEWPORT",MEDICAL
WASHINGTON COUNTY SHERIFFS OFFICE,NEWPORT,6/2/2026 3:45:02 AM,WC26026355,"HWY 61 NB TO GLEN RD RAMP, NEWPORT",ASSIST OTHER AGENCY
WASHINGTON COUNTY SHERIFFS OFFICE,NEWPORT,6/2/2026 9:23:05 AM,WC26026385,"1XXX  10th Ave, NEWPORT",FOLLOW UP
WASHINGTON COUNTY SHERIFFS OFFICE,NEWPORT,6/2/2026 1:37:34 PM,WC26026449,"2XXX  1st Ave, NEWPORT",FRAUD/SCAM
WASHINGTON COUNTY SHERIFFS OFFICE,NEWPORT,6/2/2026 2:03:21 PM,WC26026456,"1XXX  11th Ave, NEWPORT",MEDICAL
WASHINGTON COUNTY SHERIFFS OFFICE,NEWPORT,6/2/2026 3:35:00 PM,WC26026473,"Bailey Rd & I494, NEWPORT",TRAFFIC STOP
WASHINGTON COUNTY SHERIFFS OFFICE,NEWPORT,6/2/2026 4:06:54 PM,WC26026482,"Maxwell Ave / Bailey Rd, NEWPORT",ACCIDENT
WASHINGTON COUNTY SHERIFFS OFFICE,NEWPORT,6/2/2026 4:54:56 PM,WC26026493,"3rd Ave / 17th St, NEWPORT",DRIVING COMPLAINT
WASHINGTON COUNTY SHERIFFS OFFICE,NEWPORT,6/2/2026 8:41:00 PM,WC26026530,"XXX Ford Rd, NEWPORT",DWI
WASHINGTON COUNTY SHERIFFS OFFICE,NEWPORT,6/3/2026 2:33:17 AM,WC26026563,"1XXX  10th Ave, NEWPORT",INCIDENT
WASHINGTON COUNTY SHERIFFS OFFICE,NEWPORT,6/3/2026 7:54:45 AM,WC26026585,"2XXX  2nd Ave, NEWPORT",DEATH INVESTIGATION
WASHINGTON COUNTY SHERIFFS OFFICE,NEWPORT,6/3/2026 11:42:20 AM,WC26026628,"1XXX  10th Ave, NEWPORT",CIVIL MATTER/DISPUTE
WASHINGTON COUNTY SHERIFFS OFFICE,NEWPORT,6/3/2026 1:34:26 PM,WC26026648,"1XXX  10TH AVE, NEWPORT",CIVIL MATTER/DISPUTE
WASHINGTON COUNTY SHERIFFS OFFICE,NEWPORT,6/3/2026 2:25:15 PM,WC26026659,"2XXX  2nd Ave, NEWPORT",FOLLOW UP
WASHINGTON COUNTY SHERIFFS OFFICE,NEWPORT,6/3/2026 5:20:58 PM,WC26026688,"SOUTH FOOTBRIDGE (EAST ENTRANCE), NEWPORT",DISTURBANCE
WASHINGTON COUNTY SHERIFFS OFFICE,NEWPORT,6/3/2026 6:57:37 PM,WC26026705,"1XXX  10th Ave, NEWPORT",TRESPASSING
WASHINGTON COUNTY SHERIFFS OFFICE,NEWPORT,6/4/2026 12:23:00 AM,WC26026757,"I494 Eb To Hwy 61 Sb Ramp, NEWPORT",SUSPICIOUS PERSON/ACTIVITY
WASHINGTON COUNTY SHERIFFS OFFICE,NEWPORT,6/4/2026 12:50:24 AM,WC26026762,"1XXX  10th Ave, NEWPORT",NOISE COMPLAINT/DISTURBANCE
WASHINGTON COUNTY SHERIFFS OFFICE,NEWPORT,6/4/2026 3:54:09 AM,WC26026785,"1XXX  10th Ave, NEWPORT",NOISE COMPLAINT/DISTURBANCE
WASHINGTON COUNTY SHERIFFS OFFICE,NEWPORT,6/4/2026 7:04:03 AM,WC26026791,"1XXX  10th Ave, NEWPORT",CITIZEN/PUBLIC ASSIST
WASHINGTON COUNTY SHERIFFS OFFICE,NEWPORT,6/4/2026 7:32:31 AM,WC26026793,"1XXX  10TH AVE, NEWPORT",SUSPICIOUS PERSON/ACTIVITY
WASHINGTON COUNTY SHERIFFS OFFICE,NEWPORT,6/4/2026 12:47:03 PM,WC26026853,"XX Bailey Rd To Hwy 61 Sb Ramp, NEWPORT",ACCIDENT
WASHINGTON COUNTY SHERIFFS OFFICE,NEWPORT,6/4/2026 1:32:30 PM,WC26026860,"XXX 4th Ave, NEWPORT",SUSPICIOUS PERSON/ACTIVITY
WASHINGTON COUNTY SHERIFFS OFFICE,NEWPORT,6/4/2026 3:28:46 PM,WC26026894,"XXX 17th St, NEWPORT",SUSPICIOUS PERSON/ACTIVITY
WASHINGTON COUNTY SHERIFFS OFFICE,NEWPORT,6/4/2026 5:20:00 PM,WC26026912,"Hwy 61 SB @ Maxwell Ave, NEWPORT",TRAFFIC STOP
WASHINGTON COUNTY SHERIFFS OFFICE,NEWPORT,6/4/2026 6:03:00 PM,WC26026927,"Hwy 61 SB @ Maxwell Ave, NEWPORT",TRAFFIC STOP
WASHINGTON COUNTY SHERIFFS OFFICE,NEWPORT,6/4/2026 6:24:00 PM,WC26026933,"Hwy 61 SB @ Maxwell Ave, NEWPORT",TRAFFIC STOP
WASHINGTON COUNTY SHERIFFS OFFICE,NEWPORT,6/4/2026 6:50:00 PM,WC26026942,"Hwy 61 SB @ Maxwell Ave, NEWPORT",TRAFFIC STOP
WASHINGTON COUNTY SHERIFFS OFFICE,NEWPORT,6/4/2026 7:34:33 PM,WC26026950,"HWY 61 SB JNO GLEN RD, NEWPORT",MOTORIST ASSIST
WASHINGTON COUNTY SHERIFFS OFFICE,NEWPORT,6/4/2026 8:02:00 PM,WC26026954,"1XXX  10th Ave, NEWPORT",TRESPASSING
WASHINGTON COUNTY SHERIFFS OFFICE,NEWPORT,6/4/2026 9:05:19 PM,WC26026968,"I494 Wb Jwo Hwy 61, NEWPORT",DRIVING COMPLAINT
WASHINGTON COUNTY SHERIFFS OFFICE,NEWPORT,6/4/2026 10:27:51 PM,WC26026983,"1XXX  10th Ave, NEWPORT",HARASSMENT
WASHINGTON COUNTY SHERIFFS OFFICE,NEWPORT,6/4/2026 11:58:50 PM,WC26027003,"1XXX  10th Ave, NEWPORT",CIVIL MATTER/DISPUTE
WASHINGTON COUNTY SHERIFFS OFFICE,NEWPORT,6/5/2026 3:19:56 AM,WC26027021,"1XXX  Mark Ct, NEWPORT",SUSPICIOUS PERSON/ACTIVITY
WASHINGTON COUNTY SHERIFFS OFFICE,NEWPORT,6/5/2026 11:24:28 AM,WC26027089,"1XXX  Hastings Ave, NEWPORT",911 ABANDONED/HANGUP/OPEN LINE
WASHINGTON COUNTY SHERIFFS OFFICE,NEWPORT,6/5/2026 12:56:35 PM,WC26027099,"1XXX  Hastings Ave, NEWPORT",JUVENILE COMPLAINT
WASHINGTON COUNTY SHERIFFS OFFICE,NEWPORT,6/5/2026 4:08:48 PM,WC26027152,"2XXX  Hastings Ave, NEWPORT",CITIZEN/PUBLIC ASSIST
WASHINGTON COUNTY SHERIFFS OFFICE,NEWPORT,6/5/2026 7:50:45 PM,WC26027197,"3rd Ave / 20th St, NEWPORT",WELFARE CHECK
WASHINGTON COUNTY SHERIFFS OFFICE,NEWPORT,6/5/2026 9:20:00 PM,WC26027222,"65TH ST / HASTINGS AVE, NEWPORT",WARRANT ARREST
WASHINGTON COUNTY SHERIFFS OFFICE,NEWPORT,6/6/2026 2:34:36 PM,WC26027365,"XXX Red Rock Rd, NEWPORT",ALARM-BUSINESS/RES/FIRE/MEDICAL/ETC
WASHINGTON COUNTY SHERIFFS OFFICE,NEWPORT,6/6/2026 4:18:25 PM,WC26027402,"1XXX  2nd Ave, NEWPORT",MEDICAL
WASHINGTON COUNTY SHERIFFS OFFICE,NEWPORT,6/6/2026 5:02:00 PM,WC26027413,"Hwy 61 SB @ Maxwell Ave, NEWPORT",TRAFFIC STOP
WASHINGTON COUNTY SHERIFFS OFFICE,NEWPORT,6/6/2026 5:23:00 PM,WC26027424,"XXX - 399 6TH ST, NEWPORT",TRAFFIC STOP
WASHINGTON COUNTY SHERIFFS OFFICE,NEWPORT,6/6/2026 5:31:00 PM,WC26027427,"Hwy 61 SB @ Maxwell Ave, NEWPORT",TRAFFIC STOP
WASHINGTON COUNTY SHERIFFS OFFICE,NEWPORT,6/6/2026 5:40:00 PM,WC26027428,"1XXX  Glen Rd, NEWPORT",SUSPICIOUS PERSON/ACTIVITY
WASHINGTON COUNTY SHERIFFS OFFICE,NEWPORT,6/6/2026 6:29:00 PM,WC26027442,"Hwy 61 SB @ Maxwell Ave, NEWPORT",TRAFFIC STOP
WASHINGTON COUNTY SHERIFFS OFFICE,NEWPORT,6/6/2026 7:07:00 PM,WC26027452,"Hwy 61 SB @ Maxwell Ave, NEWPORT",TRAFFIC STOP
WASHINGTON COUNTY SHERIFFS OFFICE,NEWPORT,6/6/2026 8:35:12 PM,WC26027470,"Unknown, NEWPORT",ASSIST OTHER AGENCY
WASHINGTON COUNTY SHERIFFS OFFICE,NEWPORT,6/6/2026 8:55:00 PM,WC26027475,"Hwy 61 SB @ Maxwell Ave, NEWPORT",TRAFFIC STOP
WASHINGTON COUNTY SHERIFFS OFFICE,NEWPORT,6/6/2026 9:10:00 PM,WC26027480,"Maxwell Ave / Red Rock Rd, NEWPORT",TRAFFIC STOP
WASHINGTON COUNTY SHERIFFS OFFICE,NEWPORT,6/6/2026 9:39:00 PM,WC26027490,"Hwy 61 SB @ Maxwell Ave, NEWPORT",TRAFFIC STOP
WASHINGTON COUNTY SHERIFFS OFFICE,OAK PARK HEIGHTS,5/31/2026 6:25:19 PM,WC26026106,"HWY 36 WB JWO OSGOOD AVE N, OAK PARK HEIGHTS",ASSIST OTHER AGENCY
WASHINGTON COUNTY SHERIFFS OFFICE,OAK PARK HEIGHTS,6/2/2026 12:14:33 AM,WC26026334,"Hwy 36 Eb At Norell Ave N, OAK PARK HEIGHTS",ASSIST OTHER AGENCY
WASHINGTON COUNTY SHERIFFS OFFICE,OAK PARK HEIGHTS,6/2/2026 10:41:00 AM,WC26026414,"OSGOOD AVE N / 50000 block, OAK PARK HEIGHTS",TRAFFIC STOP
WASHINGTON COUNTY SHERIFFS OFFICE,OAK PARK HEIGHTS,6/2/2026 1:57:50 PM,WC26026453,"OSGOOD AVE N / HWY 36, OAK PARK HEIGHTS",ASSIST OTHER AGENCY
WASHINGTON COUNTY SHERIFFS OFFICE,OAK PARK HEIGHTS,6/3/2026 10:40:15 PM,WC26026736,"Hwy 36 Eb At Osgood Ave N, OAK PARK HEIGHTS",ASSIST OTHER AGENCY
WASHINGTON COUNTY SHERIFFS OFFICE,OAK PARK HEIGHTS,6/4/2026 7:22:59 PM,WC26026949,"SAINT CROIX TRL N / HWY 36 EB TO HWY 95 RAMP, OAK PARK HEIGHTS",ASSIST OTHER AGENCY
WASHINGTON COUNTY SHERIFFS OFFICE,OAKDALE,6/1/2026 12:44:42 AM,WC26026147,"38th St N / 36th St N, OAKDALE",ASSIST OTHER AGENCY
WASHINGTON COUNTY SHERIFFS OFFICE,OAKDALE,6/2/2026 12:54:00 AM,WC26026345,"GENEVA AVE N / 54TH ST N, OAKDALE",TRAFFIC STOP
WASHINGTON COUNTY SHERIFFS OFFICE,OAKDALE,6/2/2026 1:30:00 AM,WC26026349,"GENEVA AVE N / HADLEY AVE N, OAKDALE",TRAFFIC STOP
WASHINGTON COUNTY SHERIFFS OFFICE,OAKDALE,6/2/2026 2:51:02 AM,WC26026352,"1XXX  Hallmark Cir N, OAKDALE",ASSIST OTHER AGENCY
WASHINGTON COUNTY SHERIFFS OFFICE,OAKDALE,6/2/2026 6:41:33 PM,WC26026520,"XXX Helena Ave N, OAKDALE",ASSIST OTHER AGENCY
WASHINGTON COUNTY SHERIFFS OFFICE,PINE SPRINGS,5/31/2026 12:37:00 AM,WC26026013,"Hwy 36 Wb At HILTON, PINE SPRINGS",TRAFFIC STOP
WASHINGTON COUNTY SHERIFFS OFFICE,PINE SPRINGS,6/3/2026 1:11:30 AM,WC26026554,"Hwy 36 Wb Jwo Hilton Trl N, PINE SPRINGS",ANIMAL COMPLAINT
WASHINGTON COUNTY SHERIFFS OFFICE,PINE SPRINGS,6/6/2026 6:23:56 PM,WC26027441,"7XXX  64th St N, PINE SPRINGS",LIFT ASSIST
WASHINGTON COUNTY SHERIFFS OFFICE,Saint Paul,6/3/2026 8:38:48 PM,WC26026719,"XX BAILEY RD TO HWY 61 NB RAMP, Saint Paul",TRAFFIC STOP
WASHINGTON COUNTY SHERIFFS OFFICE,SAINT PAUL PARK,6/3/2026 12:18:45 AM,WC26026546,"1XXX  Holley Ave, SAINT PAUL PARK",ASSIST OTHER AGENCY
WASHINGTON COUNTY SHERIFFS OFFICE,SAINT PAUL PARK,6/3/2026 6:11:19 PM,WC26026708,"1XXX  Portland Ave, SAINT PAUL PARK",ASSIST OTHER AGENCY
WASHINGTON COUNTY SHERIFFS OFFICE,SAINT PAUL PARK,6/6/2026 2:08:37 PM,WC26027360,"XXX 3rd St, SAINT PAUL PARK",ASSIST OTHER AGENCY
WASHINGTON COUNTY SHERIFFS OFFICE,SCANDIA,5/31/2026 11:50:33 AM,WC26026059,"15XXX  Old Marine Trl N, SCANDIA",SUSPICIOUS PERSON/ACTIVITY
WASHINGTON COUNTY SHERIFFS OFFICE,SCANDIA,5/31/2026 1:53:55 PM,WC26026073,"11XXX  Scandia Trl N, SCANDIA",ANIMAL BITE
WASHINGTON COUNTY SHERIFFS OFFICE,SCANDIA,5/31/2026 6:04:59 PM,WC26026104,"22XXX  Penfield Ave N, SCANDIA",SUSPICIOUS PERSON/ACTIVITY
WASHINGTON COUNTY SHERIFFS OFFICE,SCANDIA,5/31/2026 10:46:14 PM,WC26026135,"14XXX  Oakhill Ct N, SCANDIA",MEDICAL
WASHINGTON COUNTY SHERIFFS OFFICE,SCANDIA,6/1/2026 8:47:12 PM,WC26026303,"14XXX  202nd St N, SCANDIA",CITIZEN/PUBLIC ASSIST
WASHINGTON COUNTY SHERIFFS OFFICE,SCANDIA,6/2/2026 5:33:27 PM,WC26026496,"Manning Trl N / 220th St N, SCANDIA",ACCIDENT
WASHINGTON COUNTY SHERIFFS OFFICE,SCANDIA,6/3/2026 4:21:40 AM,WC26026569,"13XXX  Mayberry Trl N, SCANDIA",MEDICAL
WASHINGTON COUNTY SHERIFFS OFFICE,SCANDIA,6/3/2026 12:30:22 PM,WC26026635,"20XXX  Kirby Ave N, SCANDIA",911 ABANDONED/HANGUP/OPEN LINE
WASHINGTON COUNTY SHERIFFS OFFICE,SCANDIA,6/3/2026 3:33:04 PM,WC26026666,"19XXX  Manning Trl N, SCANDIA",CITIZEN/PUBLIC ASSIST
WASHINGTON COUNTY SHERIFFS OFFICE,SCANDIA,6/3/2026 5:32:40 PM,WC26026689,"Unknown, SCANDIA",CITIZEN/PUBLIC ASSIST
WASHINGTON COUNTY SHERIFFS OFFICE,SCANDIA,6/3/2026 10:29:38 PM,WC26026733,"22XXX  Meadowbrook Ave N, SCANDIA",SUSPICIOUS PERSON/ACTIVITY
WASHINGTON COUNTY SHERIFFS OFFICE,SCANDIA,6/4/2026 6:32:35 AM,WC26026789,"Unknown, SCANDIA",CIVIL MATTER/DISPUTE
WASHINGTON COUNTY SHERIFFS OFFICE,SCANDIA,6/4/2026 2:54:09 PM,WC26026888,"Unknown, SCANDIA",OFFICER INFORMATION
WASHINGTON COUNTY SHERIFFS OFFICE,SCANDIA,6/4/2026 4:15:31 PM,WC26026896,"11XXX  Scandia Trl N, SCANDIA",FOLLOW UP
WASHINGTON COUNTY SHERIFFS OFFICE,SCANDIA,6/4/2026 5:17:10 PM,WC26026911,"21XXX  Ozark Ct N, SCANDIA",911 ABANDONED/HANGUP/OPEN LINE
WASHINGTON COUNTY SHERIFFS OFFICE,SCANDIA,6/5/2026 12:00:00 AM,WC26027214,"SCANDIA TRL N / SAINT CROIX TRL N, SCANDIA",TRAFFIC STOP
WASHINGTON COUNTY SHERIFFS OFFICE,SCANDIA,6/5/2026 12:00:00 AM,WC26027182,"20XXX  - 20899 QUINNELL AVE N, SCANDIA",TRAFFIC STOP
WASHINGTON COUNTY SHERIFFS OFFICE,SCANDIA,6/5/2026 3:54:55 PM,WC26027142,"12XXX  238th St N, SCANDIA",CIVIL MATTER/DISPUTE
WASHINGTON COUNTY SHERIFFS OFFICE,SCANDIA,6/6/2026 9:16:00 AM,WC26027317,"19XXX  - 19799 MANNING TRL N, SCANDIA",TRAFFIC STOP
WASHINGTON COUNTY SHERIFFS OFFICE,SCANDIA,6/6/2026 11:00:55 AM,WC26027333,"21XXX  Olinda Trl N, SCANDIA",ALARM-BUSINESS/RES/FIRE/MEDICAL/ETC
WASHINGTON COUNTY SHERIFFS OFFICE,SCANDIA,6/6/2026 6:04:40 PM,WC26027435,"10XXX  216th St N, SCANDIA",CITIZEN/PUBLIC ASSIST
WASHINGTON COUNTY SHERIFFS OFFICE,SCANDIA,6/6/2026 8:16:02 PM,WC26027468,"Saint Croix Trl N / 220th St N, SCANDIA",ACCIDENT
WASHINGTON COUNTY SHERIFFS OFFICE,SCANDIA,6/6/2026 9:56:19 PM,WC26027496,"Manning Trl N / 202nd St N, SCANDIA",SUSPICIOUS PERSON/ACTIVITY
WASHINGTON COUNTY SHERIFFS OFFICE,SCANDIA,6/6/2026 10:13:24 PM,WC26027501,"14XXX  236th St N, SCANDIA",SUSPICIOUS PERSON/ACTIVITY
WASHINGTON COUNTY SHERIFFS OFFICE,STILLWATER,5/31/2026 8:28:02 AM,WC26026039,"15XXX  62ND ST N, STILLWATER",INCIDENT
WASHINGTON COUNTY SHERIFFS OFFICE,STILLWATER,5/31/2026 12:11:47 PM,WC26026062,"15XXX  62nd St N, STILLWATER",INCIDENT
WASHINGTON COUNTY SHERIFFS OFFICE,STILLWATER,6/2/2026 9:23:23 AM,WC26026382,"15XXX  62ND ST N, STILLWATER",CITIZEN/PUBLIC ASSIST
WASHINGTON COUNTY SHERIFFS OFFICE,STILLWATER,6/2/2026 10:28:51 AM,WC26026410,"STILLWATER BLVD N / CURVE CREST BLVD, STILLWATER",MOTORIST ASSIST
WASHINGTON COUNTY SHERIFFS OFFICE,STILLWATER,6/2/2026 10:49:35 AM,WC26026419,"15XXX  62ND ST N, STILLWATER",ASSIST OTHER AGENCY
WASHINGTON COUNTY SHERIFFS OFFICE,STILLWATER,6/3/2026 4:01:20 PM,WC26026671,"15XXX  60th St N, STILLWATER",CITIZEN/PUBLIC ASSIST
WASHINGTON COUNTY SHERIFFS OFFICE,STILLWATER,6/4/2026 11:21:54 AM,WC26026843,"15XXX  62ND ST N, STILLWATER",FUGITIVE FROM JUSTICE
WASHINGTON COUNTY SHERIFFS OFFICE,STILLWATER,6/4/2026 12:29:20 PM,WC26026857,"1XXX  GREELEY ST S, STILLWATER",ASSIST OTHER AGENCY
WASHINGTON COUNTY SHERIFFS OFFICE,STILLWATER,6/4/2026 1:54:11 PM,WC26026870,"15XXX  62nd St N, STILLWATER",ACCIDENT
WASHINGTON COUNTY SHERIFFS OFFICE,STILLWATER,6/4/2026 11:06:39 PM,WC26026991,"15XXX  62ND ST N, STILLWATER",TRESPASSING
WASHINGTON COUNTY SHERIFFS OFFICE,STILLWATER,6/4/2026 11:11:13 PM,WC26026996,"12XXX  - 12198 80TH ST N, STILLWATER",TRAFFIC STOP
WASHINGTON COUNTY SHERIFFS OFFICE,STILLWATER,6/5/2026 11:16:49 AM,WC26027087,"1XXX  Orleans Ct, STILLWATER",ASSIST OTHER AGENCY
WASHINGTON COUNTY SHERIFFS OFFICE,STILLWATER,6/5/2026 8:48:33 PM,WC26027208,"15XXX  62nd St N, STILLWATER",FUGITIVE FROM JUSTICE
WASHINGTON COUNTY SHERIFFS OFFICE,STILLWATER,6/6/2026 12:45:00 AM,WC26027268,"Highway 36 & GREELEY ST S, STILLWATER",TRAFFIC STOP
WASHINGTON COUNTY SHERIFFS OFFICE,STILLWATER,6/6/2026 7:59:44 AM,WC26027304,"15XXX  62ND ST N, STILLWATER",FUGITIVE FROM JUSTICE
WASHINGTON COUNTY SHERIFFS OFFICE,STILLWATER,6/6/2026 10:46:57 PM,WC26027508,"2XXX  ORLEANS ST W, STILLWATER",ASSIST OTHER AGENCY
WASHINGTON COUNTY SHERIFFS OFFICE,STILLWATER TOWNSHIP,5/31/2026 4:40:06 PM,WC26026090,"14XXX  114th St N, STILLWATER TOWNSHIP",MEDICAL
WASHINGTON COUNTY SHERIFFS OFFICE,STILLWATER TOWNSHIP,5/31/2026 7:01:17 PM,WC26026108,"15XXX  113th St N, STILLWATER TOWNSHIP",MEDICAL
WASHINGTON COUNTY SHERIFFS OFFICE,STILLWATER TOWNSHIP,6/1/2026 2:27:10 PM,WC26026240,"11XXX  MYERON RD N, STILLWATER TOWNSHIP",ACCIDENT
WASHINGTON COUNTY SHERIFFS OFFICE,STILLWATER TOWNSHIP,6/1/2026 8:49:04 PM,WC26026317,"10XXX  Norell Ave N, STILLWATER TOWNSHIP",sus
WASHINGTON COUNTY SHERIFFS OFFICE,STILLWATER TOWNSHIP,6/3/2026 12:00:00 AM,WC26026571,"MANNING AVE N / DELLWOOD RD N, STILLWATER TOWNSHIP",TRAFFIC STOP
WASHINGTON COUNTY SHERIFFS OFFICE,STILLWATER TOWNSHIP,6/4/2026 6:28:47 PM,WC26026935,"16XXX  110th St N, STILLWATER TOWNSHIP",MEDICAL
WASHINGTON COUNTY SHERIFFS OFFICE,STILLWATER TOWNSHIP,6/4/2026 9:36:55 PM,WC26026973,"Boom Site, STILLWATER TOWNSHIP",DISTURBANCE
WASHINGTON COUNTY SHERIFFS OFFICE,STILLWATER TOWNSHIP,6/5/2026 3:17:52 PM,WC26027132,"9XXX  Pawnee Ave N, STILLWATER TOWNSHIP",OVERDOSE
WASHINGTON COUNTY SHERIFFS OFFICE,STILLWATER TOWNSHIP,6/5/2026 3:45:00 PM,WC26027138,"10XXX  - 11198 MYERON RD N, STILLWATER TOWNSHIP",TRAFFIC STOP
WASHINGTON COUNTY SHERIFFS OFFICE,STILLWATER TOWNSHIP,6/5/2026 11:13:57 PM,WC26027252,"15XXX  100th St N, STILLWATER TOWNSHIP",ALARM-BUSINESS/RES/FIRE/MEDICAL/ETC
WASHINGTON COUNTY SHERIFFS OFFICE,STILLWATER TOWNSHIP,6/5/2026 11:36:18 PM,WC26027260,"11XXX  Myeron Rd N, STILLWATER TOWNSHIP",ALARM-BUSINESS/RES/FIRE/MEDICAL/ETC
WASHINGTON COUNTY SHERIFFS OFFICE,STILLWATER TOWNSHIP,6/6/2026 8:20:37 AM,WC26027309,"10XXX  Norell Ave N, STILLWATER TOWNSHIP",ANIMAL COMPLAINT
WASHINGTON COUNTY SHERIFFS OFFICE,STILLWATER TOWNSHIP,6/6/2026 9:11:38 PM,WC26027482,"10XXX  Norell Ave N, STILLWATER TOWNSHIP",911 ABANDONED/HANGUP/OPEN LINE
WASHINGTON COUNTY SHERIFFS OFFICE,WEST LAKELAND TOWNSHIP,5/31/2026 7:17:58 AM,WC26026036,"STAGECOACH TRL N / PERIWINKLE AVE N, WEST LAKELAND TOWNSHIP",TRAFFIC STOP
WASHINGTON COUNTY SHERIFFS OFFICE,WEST LAKELAND TOWNSHIP,5/31/2026 10:10:59 AM,WC26026052,"XXX Oakgreen Ave N, WEST LAKELAND TOWNSHIP",ANIMAL COMPLAINT
WASHINGTON COUNTY SHERIFFS OFFICE,WEST LAKELAND TOWNSHIP,5/31/2026 11:58:42 AM,WC26026060,"Saint Croix Trl N / Quant Ave N, WEST LAKELAND TOWNSHIP",DISABLED VEHICLE
WASHINGTON COUNTY SHERIFFS OFFICE,WEST LAKELAND TOWNSHIP,5/31/2026 7:09:05 PM,WC26026110,"XXX Oakgreen Ave N, WEST LAKELAND TOWNSHIP",ANIMAL COMPLAINT
WASHINGTON COUNTY SHERIFFS OFFICE,WEST LAKELAND TOWNSHIP,6/1/2026 11:50:39 PM,WC26026332,"13XXX  22nd St N, WEST LAKELAND TOWNSHIP",911 ABANDONED/HANGUP/OPEN LINE
WASHINGTON COUNTY SHERIFFS OFFICE,WEST LAKELAND TOWNSHIP,6/2/2026 2:37:36 PM,WC26026461,"2XXX  Neal Ave N, WEST LAKELAND TOWNSHIP",ANIMAL BITE
WASHINGTON COUNTY SHERIFFS OFFICE,WEST LAKELAND TOWNSHIP,6/2/2026 3:41:52 PM,WC26026476,"1XXX  Nolan Ave N, WEST LAKELAND TOWNSHIP",THEFT
WASHINGTON COUNTY SHERIFFS OFFICE,WEST LAKELAND TOWNSHIP,6/2/2026 7:52:03 PM,WC26026527,"I94 EB AT STAGECOACH TRL N, WEST LAKELAND TOWNSHIP",ANIMAL COMPLAINT
WASHINGTON COUNTY SHERIFFS OFFICE,WEST LAKELAND TOWNSHIP,6/3/2026 10:12:00 AM,WC26026611,"13XXX  I-94 , WEST LAKELAND TOWNSHIP",TRAFFIC STOP
WASHINGTON COUNTY SHERIFFS OFFICE,WEST LAKELAND TOWNSHIP,6/3/2026 1:06:52 PM,WC26026642,"13XXX  Hudson Blvd N, WEST LAKELAND TOWNSHIP",MEDICAL
WASHINGTON COUNTY SHERIFFS OFFICE,WEST LAKELAND TOWNSHIP,6/3/2026 1:07:28 PM,WC26026641,"XXX Norell Ave N, WEST LAKELAND TOWNSHIP",MEDICAL
WASHINGTON COUNTY SHERIFFS OFFICE,WEST LAKELAND TOWNSHIP,6/3/2026 9:16:28 PM,WC26026723,"Manning Ave N / 22nd St N, WEST LAKELAND TOWNSHIP",DRIVING COMPLAINT
WASHINGTON COUNTY SHERIFFS OFFICE,WEST LAKELAND TOWNSHIP,6/4/2026 5:55:18 PM,WC26026924,"XXX Neal Ave N, WEST LAKELAND TOWNSHIP",MEDICAL
WASHINGTON COUNTY SHERIFFS OFFICE,WEST LAKELAND TOWNSHIP,6/6/2026 1:29:09 AM,WC26027275,"13XXX  - 13299 10TH ST N, WEST LAKELAND TOWNSHIP",ANIMAL COMPLAINT
WASHINGTON COUNTY SHERIFFS OFFICE,WEST LAKELAND TOWNSHIP,6/6/2026 6:47:00 AM,WC26027293,"2XXX  - 2298 MANNING AVE N, WEST LAKELAND TOWNSHIP",TRAFFIC STOP
WASHINGTON COUNTY SHERIFFS OFFICE,WEST LAKELAND TOWNSHIP,6/6/2026 7:47:00 AM,WC26027298,"I94 WB AT STAGECOACH TRL N, WEST LAKELAND TOWNSHIP",TRAFFIC STOP
WASHINGTON COUNTY SHERIFFS OFFICE,WEST LAKELAND TOWNSHIP,6/6/2026 12:43:23 PM,WC26027345,"2XXX  Oakgreen Ave N, WEST LAKELAND TOWNSHIP",911 ABANDONED/HANGUP/OPEN LINE
WASHINGTON COUNTY SHERIFFS OFFICE,WEST LAKELAND TOWNSHIP,6/6/2026 3:13:57 PM,WC26027378,"2XXX  NORTHRIDGE AVE N, WEST LAKELAND TOWNSHIP",911 ABANDONED/HANGUP/OPEN LINE
WASHINGTON COUNTY SHERIFFS OFFICE,WILLERNIE,5/31/2026 11:32:00 PM,WC26026137,"STILLWATER RD / WILDWOOD RD, WILLERNIE",TRAFFIC STOP
WASHINGTON COUNTY SHERIFFS OFFICE,WILLERNIE,6/1/2026 7:17:41 AM,WC26026167,"XXX Penway Rd, WILLERNIE",NOISE COMPLAINT/DISTURBANCE
WASHINGTON COUNTY SHERIFFS OFFICE,WILLERNIE,6/5/2026 9:10:58 AM,WC26027045,"XXX Stillwater Rd, WILLERNIE",CIVIL MATTER/DISPUTE
WASHINGTON COUNTY SHERIFFS OFFICE,WILLERNIE,6/5/2026 1:33:08 PM,WC26027106,"XXX Stillwater Rd, WILLERNIE",FOLLOW UP
WASHINGTON COUNTY SHERIFFS OFFICE,WILLERNIE,6/5/2026 11:23:00 PM,WC26027254,"STILLWATER RD / WARNER AVE N, WILLERNIE",TRAFFIC STOP
WASHINGTON COUNTY SHERIFFS OFFICE,WOODBURY,5/31/2026 8:38:32 PM,WC26026117,"6XXX  ASHWOOD RD, WOODBURY",FOLLOW UP
WASHINGTON COUNTY SHERIFFS OFFICE,WOODBURY,6/1/2026 12:15:19 PM,WC26026215,"1XXX  Woodlane Dr, WOODBURY",INCIDENT
WASHINGTON COUNTY SHERIFFS OFFICE,WOODBURY,6/2/2026 5:17:07 PM,WC26026499,"RADIO DR / HARGIS PKWY, WOODBURY",ASSIST OTHER AGENCY
WASHINGTON COUNTY SHERIFFS OFFICE,WOODBURY,6/2/2026 7:49:29 PM,WC26026529,"BAILEY RD / WOODLANE DR, WOODBURY",ASSIST OTHER AGENCY
WASHINGTON COUNTY SHERIFFS OFFICE,WOODBURY,6/4/2026 12:11:25 PM,WC26026848,"COMMERCE DR / WOODBURY DR, WOODBURY",THEFT
WASHINGTON COUNTY SHERIFFS OFFICE,WOODBURY,6/4/2026 10:15:46 PM,WC26026984,"XXX - 505 RADIO DR, WOODBURY",K9 ASSIST
WASHINGTON COUNTY SHERIFFS OFFICE,WOODBURY,6/5/2026 9:57:00 AM,WC26027063,"I94 EB JWO MANNING AVE S, WOODBURY",TRAFFIC STOP
WASHINGTON COUNTY SHERIFFS OFFICE,WOODBURY,6/5/2026 5:23:32 PM,WC26027166,"I494 Nb At Valley Creek Rd, WOODBURY",ASSIST OTHER AGENCY
WASHINGTON COUNTY SHERIFFS OFFICE,WOODBURY,6/6/2026 10:08:28 AM,WC26027323,"5XXX  Long Pointe Pass, WOODBURY",CIVIL MATTER/DISPUTE
WASHINGTON COUNTY SHERIFFS OFFICE,WOODBURY,6/6/2026 10:10:56 AM,WC26027322,"I94 WB JEO INWOOD AVE N, WOODBURY",TRAFFIC STOP
WOODBURY PUBLIC SAFETY,NEWPORT,6/4/2026 2:14:07 AM,WB26022435,"1XXX  HASTINGS AVE, NEWPORT",ASSIST OTHER AGENCY
WOODBURY PUBLIC SAFETY,WOODBURY,5/31/2026 12:04:00 AM,WB26021830,"XXX Radio Dr, WOODBURY",WARRANT ARREST
WOODBURY PUBLIC SAFETY,WOODBURY,5/31/2026 12:21:49 AM,WB26021833,"3XXX  Copper Oaks Trl, WOODBURY",FAMILY ASSIST
WOODBURY PUBLIC SAFETY,WOODBURY,5/31/2026 12:42:27 AM,WB26021836,"Lake Rd To I494 Sb Ramp, WOODBURY",ACCIDENT
WOODBURY PUBLIC SAFETY,WOODBURY,5/31/2026 2:44:00 AM,WB26021849,"XXX Commons Dr, WOODBURY",DWI
WOODBURY PUBLIC SAFETY,WOODBURY,5/31/2026 12:45:12 PM,WB26021889,"XXX Commerce Dr, WOODBURY",THEFT
WOODBURY PUBLIC SAFETY,WOODBURY,5/31/2026 12:58:48 PM,WB26021892,"2XXX  Radio Dr, WOODBURY",THEFT
WOODBURY PUBLIC SAFETY,WOODBURY,5/31/2026 1:08:00 PM,WB26021895,"Woodbury Dr / Eagle Valley Dr, WOODBURY",ACCIDENT
WOODBURY PUBLIC SAFETY,WOODBURY,5/31/2026 1:34:28 PM,WB26021899,"3XXX  Cherry Ln, WOODBURY",CIVIL MATTER/DISPUTE
WOODBURY PUBLIC SAFETY,WOODBURY,5/31/2026 2:10:54 PM,WB26021910,"3XXX  Westin Ave, WOODBURY",HARASSMENT
WOODBURY PUBLIC SAFETY,WOODBURY,5/31/2026 2:28:42 PM,WB26021904,"8XXX  Globe Dr, WOODBURY",BURGLARY
WOODBURY PUBLIC SAFETY,WOODBURY,5/31/2026 3:19:21 PM,WB26021912,"Lake Rd / Wyndham Way, WOODBURY",FOUND PROPERTY/ITEM
WOODBURY PUBLIC SAFETY,WOODBURY,5/31/2026 3:45:50 PM,WB26021917,"Bielenberg Dr / Valley Creek Rd, WOODBURY",FOUND PROPERTY/ITEM
WOODBURY PUBLIC SAFETY,WOODBURY,5/31/2026 4:26:32 PM,WB26021926,"5XXX  Jennifer Ave, WOODBURY",BURGLARY
WOODBURY PUBLIC SAFETY,WOODBURY,5/31/2026 5:36:28 PM,WB26021935,"1XXX  Woodlane Dr, WOODBURY",DISTURBANCE
WOODBURY PUBLIC SAFETY,WOODBURY,5/31/2026 6:47:10 PM,WB26021941,"XXX Woodbury Dr, WOODBURY",ACCIDENT
WOODBURY PUBLIC SAFETY,WOODBURY,5/31/2026 11:50:28 PM,WB26021958,"I94, WOODBURY",TRAFFIC STOP
WOODBURY PUBLIC SAFETY,WOODBURY,6/1/2026 12:00:00 AM,WB26022052,"4XXX  Cobalt Dr, WOODBURY",WARRANT ARREST
WOODBURY PUBLIC SAFETY,WOODBURY,6/1/2026 1:09:07 AM,WB26021963,"1XXX  WOODLANE DR, WOODBURY",ASSIST OTHER AGENCY
WOODBURY PUBLIC SAFETY,WOODBURY,6/1/2026 3:15:56 AM,WB26021966,"7XXX  Robinwood Trl, WOODBURY",MISSING PERSON
WOODBURY PUBLIC SAFETY,WOODBURY,6/1/2026 9:27:37 AM,WB26021990,"6XXX  Aspenwood Plz, WOODBURY",THEFT
WOODBURY PUBLIC SAFETY,WOODBURY,6/1/2026 10:04:26 AM,WB26021993,"VALLEY CREEK RD / QUEENS DR, WOODBURY",WARRANT ARREST
WOODBURY PUBLIC SAFETY,WOODBURY,6/1/2026 10:05:26 AM,WB26021996,"1XXX  Clipper Way, WOODBURY",FRAUD/SCAM
WOODBURY PUBLIC SAFETY,WOODBURY,6/1/2026 10:08:00 AM,WB26021995,"6XXX  Hudson Rd, WOODBURY",ACCIDENT
WOODBURY PUBLIC SAFETY,WOODBURY,6/1/2026 10:36:00 AM,WB26022000,"7XXX  CAYENNE PLZ W, WOODBURY",WARRANT ARREST
WOODBURY PUBLIC SAFETY,WOODBURY,6/1/2026 12:25:21 PM,WB26022025,"8XXX  Ashford Rd, WOODBURY",HARASSMENT
WOODBURY PUBLIC SAFETY,WOODBURY,6/1/2026 1:08:08 PM,WB26022030,"8XXX  Quarry Ridge LN, WOODBURY",DISTURBANCE
WOODBURY PUBLIC SAFETY,WOODBURY,6/1/2026 1:46:36 PM,WB26022037,"VALLEY CREEK RD / DANCING WATERS PKWY, WOODBURY",ACCIDENT
WOODBURY PUBLIC SAFETY,WOODBURY,6/1/2026 1:48:40 PM,WB26022038,"8XXX  TAMARACK VLG, WOODBURY",SHOPLIFTING
WOODBURY PUBLIC SAFETY,WOODBURY,6/1/2026 1:54:49 PM,WB26022040,"XXX Karen Dr, WOODBURY",CIVIL MATTER/DISPUTE
WOODBURY PUBLIC SAFETY,WOODBURY,6/1/2026 4:58:18 PM,WB26022069,"6XXX  ASHWOOD RD, WOODBURY",WARRANT ARREST
WOODBURY PUBLIC SAFETY,WOODBURY,6/1/2026 5:01:07 PM,WB26022070,"8XXX  Valley Creek Rd, WOODBURY",TRESPASS NOTICE
WOODBURY PUBLIC SAFETY,WOODBURY,6/1/2026 5:07:01 PM,WB26022071,"7XXX  VALLEY CREEK PLZ, WOODBURY",TRESPASSING
WOODBURY PUBLIC SAFETY,WOODBURY,6/1/2026 5:25:10 PM,WB26022075,"8XXX  Tamarack Vlg, WOODBURY",ACCIDENT
WOODBURY PUBLIC SAFETY,WOODBURY,6/1/2026 5:31:14 PM,WB26022078,"8XXX  Tamarack Vlg, WOODBURY",ANIMAL COMPLAINT
WOODBURY PUBLIC SAFETY,WOODBURY,6/1/2026 5:37:23 PM,WB26022079,"1XXX  COLBY LAKE CT, WOODBURY",WELFARE CHECK
WOODBURY PUBLIC SAFETY,WOODBURY,6/1/2026 9:29:57 PM,WB26022106,"8XXX  Tamarack Vlg, WOODBURY",DISTURBANCE
WOODBURY PUBLIC SAFETY,WOODBURY,6/1/2026 10:40:30 PM,WB26022118,"9XXX  Brookview Ct, WOODBURY",FIRE
WOODBURY PUBLIC SAFETY,WOODBURY,6/2/2026 3:57:09 AM,WB26022146,"XXX Karen Dr, WOODBURY",HARASSMENT
WOODBURY PUBLIC SAFETY,WOODBURY,6/2/2026 5:53:42 AM,WB26022151,"3XXX  Mount Vernon Ct, WOODBURY",DEATH INVESTIGATION
WOODBURY PUBLIC SAFETY,WOODBURY,6/2/2026 7:35:50 AM,WB26022155,"Upper Afton Rd / School Dr, WOODBURY",ACCIDENT
WOODBURY PUBLIC SAFETY,WOODBURY,6/2/2026 9:36:43 AM,WB26022164,"9XXX  Bailey Rd, WOODBURY",BURGLARY
WOODBURY PUBLIC SAFETY,WOODBURY,6/2/2026 11:23:22 AM,WB26022177,"XXX Commons Dr, WOODBURY",SUSPICIOUS PERSON/ACTIVITY
WOODBURY PUBLIC SAFETY,WOODBURY,6/2/2026 12:00:00 PM,WB26022184,"6XXX  Valley Creek Rd, WOODBURY",ACCIDENT
WOODBURY PUBLIC SAFETY,WOODBURY,6/2/2026 12:33:23 PM,WB26022190,"1XXX  Belmont Dr, WOODBURY",DISTURBANCE
WOODBURY PUBLIC SAFETY,WOODBURY,6/2/2026 2:30:25 PM,WB26022208,"1XXX  MANNING AVE S, WOODBURY",CIVIL MATTER/DISPUTE
WOODBURY PUBLIC SAFETY,WOODBURY,6/2/2026 2:53:08 PM,WB26022209,"TAMARACK RD / COMMONS DR, WOODBURY",TRAFFIC STOP
WOODBURY PUBLIC SAFETY,WOODBURY,6/2/2026 3:25:32 PM,WB26022214,"8XXX  TAMARACK VLG, WOODBURY",SHOPLIFTING
WOODBURY PUBLIC SAFETY,WOODBURY,6/2/2026 4:09:07 PM,WB26022221,"6XXX  Ashwood Rd, WOODBURY",PROPERTY DAMAGE
WOODBURY PUBLIC SAFETY,WOODBURY,6/2/2026 5:08:59 PM,WB26022231,"1XXX  Weir Dr, WOODBURY",FRAUD/SCAM
WOODBURY PUBLIC SAFETY,WOODBURY,6/2/2026 5:12:00 PM,WB26022232,"Lake Rd / Woodbury Dr, WOODBURY",ACCIDENT
WOODBURY PUBLIC SAFETY,WOODBURY,6/2/2026 5:15:00 PM,WB26022316,"XXX EAGLE RIDGE RD, WOODBURY",MAARC
WOODBURY PUBLIC SAFETY,WOODBURY,6/2/2026 5:17:07 PM,WB26022235,"RADIO DR / HARGIS PKWY, WOODBURY",WANTED PERSON-KOPS ALERT/ATL
WOODBURY PUBLIC SAFETY,WOODBURY,6/2/2026 6:18:36 PM,WB26022244,"8XXX  HUDSON RD, WOODBURY",WANTED PERSON-KOPS ALERT/ATL
WOODBURY PUBLIC SAFETY,WOODBURY,6/2/2026 6:58:46 PM,WB26022251,"XXX Commerce Dr, WOODBURY",ACCIDENT
WOODBURY PUBLIC SAFETY,WOODBURY,6/2/2026 7:49:29 PM,WB26022261,"BAILEY RD / WOODLANE DR, WOODBURY",DWI
WOODBURY PUBLIC SAFETY,WOODBURY,6/2/2026 8:05:42 PM,WB26022264,"1XXX  Autumn Bay, WOODBURY",ANIMAL BITE
WOODBURY PUBLIC SAFETY,WOODBURY,6/2/2026 8:33:17 PM,WB26022250,"8XXX  Valley Creek Rd, WOODBURY",DISTURBANCE
WOODBURY PUBLIC SAFETY,WOODBURY,6/2/2026 8:47:00 PM,WB26022270,"6XXX  Lake Road Ter, WOODBURY",THEFT
WOODBURY PUBLIC SAFETY,WOODBURY,6/2/2026 11:06:37 PM,WB26022278,"11XXX  Sand Castle Dr, WOODBURY",WARRANT ARREST
WOODBURY PUBLIC SAFETY,WOODBURY,6/2/2026 11:24:00 PM,WB26022279,"7XXX  VALLEY CREEK PLZ, WOODBURY",DWI
WOODBURY PUBLIC SAFETY,WOODBURY,6/3/2026 1:47:00 AM,WB26022292,"Woodbury Dr / Tamarack Rd, WOODBURY",DWI
WOODBURY PUBLIC SAFETY,WOODBURY,6/3/2026 2:09:09 AM,WB26022293,"I94 / I494, WOODBURY",WARRANT ARREST
WOODBURY PUBLIC SAFETY,WOODBURY,6/3/2026 7:58:25 AM,WB26022303,"8XXX  Marsh Creek Alcove, WOODBURY",DEATH
WOODBURY PUBLIC SAFETY,WOODBURY,6/3/2026 8:20:12 AM,WB26022307,"Woodlane Dr / Lake Rd, WOODBURY",ACCIDENT
WOODBURY PUBLIC SAFETY,WOODBURY,6/3/2026 9:54:00 AM,WB26022310,"10XXX  - 10164 BRIDGEWATER PKWY, WOODBURY",OFFICER INFORMATION
WOODBURY PUBLIC SAFETY,WOODBURY,6/3/2026 10:11:10 AM,WB26022314,"2XXX  RADIO DR, WOODBURY",LICENSE
WOODBURY PUBLIC SAFETY,WOODBURY,6/3/2026 10:48:46 AM,WB26022322,"1XXX  Lamplight Dr, WOODBURY",ANIMAL COMPLAINT
WOODBURY PUBLIC SAFETY,WOODBURY,6/3/2026 11:01:40 AM,WB26022321,"XXX Century Ave, WOODBURY",ACCIDENT
WOODBURY PUBLIC SAFETY,WOODBURY,6/3/2026 11:07:53 AM,WB26022323,"1XXX  WEIR DR, WOODBURY",ACCIDENT
WOODBURY PUBLIC SAFETY,WOODBURY,6/3/2026 11:20:33 AM,WB26022328,"XXX Weir Dr, WOODBURY",ACCIDENT
WOODBURY PUBLIC SAFETY,WOODBURY,6/3/2026 12:15:12 PM,WB26022335,"UNKNOWN, WOODBURY",DANCO VIOLATION
WOODBURY PUBLIC SAFETY,WOODBURY,6/3/2026 12:41:54 PM,WB26022338,"10XXX  - 10369 HUDSON RD, WOODBURY",TRAFFIC STOP
WOODBURY PUBLIC SAFETY,WOODBURY,6/3/2026 2:34:00 PM,WB26022364,"Radio Dr To I94 Eb Ramp / Woodbury Lakes Rd, WOODBURY",ACCIDENT
WOODBURY PUBLIC SAFETY,WOODBURY,6/3/2026 2:52:57 PM,WB26022369,"1XXX  Century Cir, WOODBURY",FOLLOW UP
WOODBURY PUBLIC SAFETY,WOODBURY,6/3/2026 2:53:35 PM,WB26022370,"9XXX  HUDSON RD, WOODBURY",FOUND PROPERTY/ITEM
WOODBURY PUBLIC SAFETY,WOODBURY,6/3/2026 3:09:26 PM,WB26022373,"6XXX  SANDLEWOOD RD, WOODBURY",ASSIST OTHER AGENCY
WOODBURY PUBLIC SAFETY,WOODBURY,6/3/2026 3:40:18 PM,WB26022378,"XXX Commerce Dr, WOODBURY",THEFT
WOODBURY PUBLIC SAFETY,WOODBURY,6/3/2026 3:42:43 PM,WB26022380,"4XXX  Radio Dr, WOODBURY",THEFT
WOODBURY PUBLIC SAFETY,WOODBURY,6/3/2026 4:00:58 PM,WB26022382,"9XXX  BLK Woodbury Lakes Rd, WOODBURY",ACCIDENT
WOODBURY PUBLIC SAFETY,WOODBURY,6/3/2026 4:01:13 PM,WB26022383,"1XXX  Bielenberg Dr, WOODBURY",CHILD CUSTODY
WOODBURY PUBLIC SAFETY,WOODBURY,6/3/2026 5:04:50 PM,WB26022390,"10XXX  Hudson Rd, WOODBURY",HARASSMENT
WOODBURY PUBLIC SAFETY,WOODBURY,6/3/2026 5:32:09 PM,WB26022395,"3XXX  Dakota Ave, WOODBURY",FAMILY ASSIST
WOODBURY PUBLIC SAFETY,WOODBURY,6/3/2026 6:46:59 PM,WB26022399,"2XXX  Woodcrest Dr, WOODBURY",JUVENILE COMPLAINT
WOODBURY PUBLIC SAFETY,WOODBURY,6/3/2026 6:54:27 PM,WB26022400,"Radio Dr / Valley Creek Rd, WOODBURY",ACCIDENT
WOODBURY PUBLIC SAFETY,WOODBURY,6/3/2026 8:47:06 PM,WB26022410,"Bailey Lake Rd / Zinc Dr, WOODBURY",ACCIDENT
WOODBURY PUBLIC SAFETY,WOODBURY,6/3/2026 9:18:00 PM,WB26022412,"Woodlane Dr/Valley Creek Rd, WOODBURY",TRAFFIC STOP
WOODBURY PUBLIC SAFETY,WOODBURY,6/3/2026 9:31:50 PM,WB26022413,"1XXX  Bielenberg Dr, WOODBURY",CIVIL MATTER/DISPUTE
WOODBURY PUBLIC SAFETY,WOODBURY,6/3/2026 9:57:03 PM,WB26022418,"XXX Woodduck Dr, WOODBURY",FIRE
WOODBURY PUBLIC SAFETY,WOODBURY,6/3/2026 10:23:38 PM,WB26022425,"4XXX  Radio Dr, WOODBURY",FAMILY ASSIST
WOODBURY PUBLIC SAFETY,WOODBURY,6/3/2026 10:41:47 PM,WB26022427,"BIELENBERG DR / STEPHENS WAY, WOODBURY",TRAFFIC STOP
WOODBURY PUBLIC SAFETY,WOODBURY,6/4/2026 12:00:00 AM,WB26022486,"Eastview Rd / Settlers Ridge Pkwy, WOODBURY",ACCIDENT
WOODBURY PUBLIC SAFETY,WOODBURY,6/4/2026 6:01:17 AM,WB26022438,"7XXX  AFTON RD, WOODBURY",FOUND PROPERTY/ITEM
WOODBURY PUBLIC SAFETY,WOODBURY,6/4/2026 7:38:00 AM,WB26022441,"XXX Commerce Dr, WOODBURY",ACCIDENT
WOODBURY PUBLIC SAFETY,WOODBURY,6/4/2026 8:06:53 AM,WB26022445,"1XXX  Queens Dr, WOODBURY",THEFT
WOODBURY PUBLIC SAFETY,WOODBURY,6/4/2026 9:15:19 AM,WB26022453,"8XXX  Quarry Ridge Ln, WOODBURY",HARASSMENT
WOODBURY PUBLIC SAFETY,WOODBURY,6/4/2026 10:03:09 AM,WB26022458,"XXX Radio Dr, WOODBURY",ACCIDENT
WOODBURY PUBLIC SAFETY,WOODBURY,6/4/2026 10:36:27 AM,WB26022461,"XXX Karen Ln, WOODBURY",TRESPASSING
WOODBURY PUBLIC SAFETY,WOODBURY,6/4/2026 11:17:00 AM,WB26022469,"7XXX  Afton Rd, WOODBURY",ANIMAL BITE
WOODBURY PUBLIC SAFETY,WOODBURY,6/4/2026 1:22:42 PM,WB26022479,"10XXX  Hudson Rd, WOODBURY",THEFT
WOODBURY PUBLIC SAFETY,WOODBURY,6/4/2026 1:36:02 PM,WB26022482,"2XXX  Windsor Ln, WOODBURY",CHILD CUSTODY
WOODBURY PUBLIC SAFETY,WOODBURY,6/4/2026 1:56:19 PM,WB26022485,"2XXX  WOODLANE DR, WOODBURY",DRUGS
WOODBURY PUBLIC SAFETY,WOODBURY,6/4/2026 2:11:41 PM,WB26022489,"7XXX  Valley Creek Plz, WOODBURY",ACCIDENT
WOODBURY PUBLIC SAFETY,WOODBURY,6/4/2026 3:08:00 PM,WB26022496,"11XXX  - 11598 HUDSON RD, WOODBURY",TRAFFIC STOP
WOODBURY PUBLIC SAFETY,WOODBURY,6/4/2026 3:33:40 PM,WB26022500,"XXX Pendryn Hill Bay, WOODBURY",WELFARE CHECK
WOODBURY PUBLIC SAFETY,WOODBURY,6/4/2026 3:49:50 PM,WB26022503,"7XXX  VALLEY CREEK PLZ, WOODBURY",LOST PROPERTY/ITEM
WOODBURY PUBLIC SAFETY,WOODBURY,6/4/2026 4:15:16 PM,WB26022511,"10XXX  Bentwater Ln, WOODBURY",DISTURBANCE
WOODBURY PUBLIC SAFETY,WOODBURY,6/4/2026 4:32:38 PM,WB26022514,"1XXX  Queens Dr, WOODBURY",TRESPASS NOTICE
WOODBURY PUBLIC SAFETY,WOODBURY,6/4/2026 4:33:16 PM,WB26022515,"4XXX  Woodlane Dr, WOODBURY",WELFARE CHECK
WOODBURY PUBLIC SAFETY,WOODBURY,6/4/2026 5:13:21 PM,WB26022517,"1XXX  Queens Dr, WOODBURY",TRESPASSING
WOODBURY PUBLIC SAFETY,WOODBURY,6/4/2026 5:24:19 PM,WB26022518,"8XXX  Valley Creek Rd, WOODBURY",CIVIL MATTER/DISPUTE
WOODBURY PUBLIC SAFETY,WOODBURY,6/4/2026 6:04:13 PM,WB26022523,"Woodbury Dr / Eagle Valley Dr, WOODBURY",ACCIDENT
WOODBURY PUBLIC SAFETY,WOODBURY,6/4/2026 6:16:43 PM,WB26022527,"2XXX  Prairie Oak Trl, WOODBURY",OFFICER INFORMATION
WOODBURY PUBLIC SAFETY,WOODBURY,6/4/2026 6:33:18 PM,WB26022531,"Seasons Pkwy / Radio Dr, WOODBURY",ACCIDENT
WOODBURY PUBLIC SAFETY,WOODBURY,6/4/2026 6:45:03 PM,WB26022532,"1XXX  Woodlane Dr, WOODBURY",CIVIL MATTER/DISPUTE
WOODBURY PUBLIC SAFETY,WOODBURY,6/4/2026 7:05:37 PM,WB26022536,"1XXX  Century Cir, WOODBURY",ACCIDENT
WOODBURY PUBLIC SAFETY,WOODBURY,6/4/2026 7:46:41 PM,WB26022543,"7XXX  Hargis Pkwy, WOODBURY",SHOPLIFTING
WOODBURY PUBLIC SAFETY,WOODBURY,6/4/2026 8:03:34 PM,WB26022545,"3XXX  Parkers Dr, WOODBURY",DISTURBANCE
WOODBURY PUBLIC SAFETY,WOODBURY,6/4/2026 8:18:59 PM,WB26022549,"1XXX  Corral Ln, WOODBURY",THREATS
WOODBURY PUBLIC SAFETY,WOODBURY,6/4/2026 8:24:18 PM,WB26022550,"1XXX  WOODLANE DR, WOODBURY",WARRANT ARREST
WOODBURY PUBLIC SAFETY,WOODBURY,6/4/2026 9:29:17 PM,WB26022555,"Weir Dr / Valley Creek Rd, WOODBURY",MEDICAL
WOODBURY PUBLIC SAFETY,WOODBURY,6/4/2026 10:15:46 PM,WB26022560,"XXX - 505 RADIO DR, WOODBURY",DRUGS
WOODBURY PUBLIC SAFETY,WOODBURY,6/4/2026 10:55:49 PM,WB26022567,"XXX Martha Ln, WOODBURY",DISORDERLY CONDUCT
WOODBURY PUBLIC SAFETY,WOODBURY,6/5/2026 12:00:00 AM,WB26022556,"TAMARACK RD / BIELENBERG DR, WOODBURY",TRAFFIC STOP
WOODBURY PUBLIC SAFETY,WOODBURY,6/5/2026 12:00:00 AM,WB26022639,"Tamarack Rd / Sunrise Dr, WOODBURY",ACCIDENT
WOODBURY PUBLIC SAFETY,WOODBURY,6/5/2026 12:27:40 AM,WB26022574,"1XXX  WOODLANE DR, WOODBURY",WARRANT ARREST
WOODBURY PUBLIC SAFETY,WOODBURY,6/5/2026 12:35:18 AM,WB26022576,"4XXX  RADIO DR, WOODBURY",CURFEW VIOLATION
WOODBURY PUBLIC SAFETY,WOODBURY,6/5/2026 1:37:09 AM,WB26022581,"RADIO DR / VALLEY CREEK RD, WOODBURY",DWI
WOODBURY PUBLIC SAFETY,WOODBURY,6/5/2026 2:44:17 AM,WB26022583,"5XXX  Stable View Dr, WOODBURY",DISORDERLY CONDUCT
WOODBURY PUBLIC SAFETY,WOODBURY,6/5/2026 7:41:36 AM,WB26022591,"10XXX  Hudson Rd, WOODBURY",DISTURBANCE
WOODBURY PUBLIC SAFETY,WOODBURY,6/5/2026 8:16:00 AM,WB26022629,"2XXX  MALLARD DR, WOODBURY",MAARC
WOODBURY PUBLIC SAFETY,WOODBURY,6/5/2026 10:20:22 AM,WB26022605,"2XXX  Parkview Ln, WOODBURY",INTERNET CRIMES
WOODBURY PUBLIC SAFETY,WOODBURY,6/5/2026 10:23:02 AM,WB26022606,"2XXX  Aldrich Trl, WOODBURY",FOUND PROPERTY/ITEM
WOODBURY PUBLIC SAFETY,WOODBURY,6/5/2026 11:18:00 AM,WB26022615,"7XXX  GLENROSS RD, WOODBURY",WARRANT ARREST
WOODBURY PUBLIC SAFETY,WOODBURY,6/5/2026 11:45:00 AM,WB26023099,"2XXX  PRAIRIE OAK TRL, WOODBURY",MAARC
WOODBURY PUBLIC SAFETY,WOODBURY,6/5/2026 11:47:23 AM,WB26022622,"QUEENS DR / VALLEY CREEK RD, WOODBURY",WANTED PERSON-KOPS ALERT/ATL
WOODBURY PUBLIC SAFETY,WOODBURY,6/5/2026 1:45:19 PM,WB26022637,"Lake Rd / Cornelia Trl, WOODBURY",ACCIDENT
WOODBURY PUBLIC SAFETY,WOODBURY,6/5/2026 1:52:00 PM,WB26022640,"XXX Radio Dr, WOODBURY",ACCIDENT
WOODBURY PUBLIC SAFETY,WOODBURY,6/5/2026 3:07:43 PM,WB26022648,"4XXX  PIONEER DR, WOODBURY",SUSPICIOUS PERSON/ACTIVITY
WOODBURY PUBLIC SAFETY,WOODBURY,6/5/2026 3:09:54 PM,WB26022650,"2XXX  Prairie Oak Trl, WOODBURY",WELFARE CHECK
WOODBURY PUBLIC SAFETY,WOODBURY,6/5/2026 3:12:01 PM,WB26022649,"2XXX  RADIO DR, WOODBURY",DISTURBANCE
WOODBURY PUBLIC SAFETY,WOODBURY,6/5/2026 3:27:59 PM,WB26022651,"2XXX  MANNING AVE S, WOODBURY",FRAUD/SCAM
WOODBURY PUBLIC SAFETY,WOODBURY,6/5/2026 3:34:41 PM,WB26022652,"7XXX  Valley Creek Plz, WOODBURY",ACCIDENT
WOODBURY PUBLIC SAFETY,WOODBURY,6/5/2026 3:54:11 PM,WB26022656,"XXX LAKE VIEW ECHO, WOODBURY",WELFARE CHECK
WOODBURY PUBLIC SAFETY,WOODBURY,6/5/2026 4:03:33 PM,WB26022660,"2XXX  Sumac Cir, WOODBURY",DISTURBANCE
WOODBURY PUBLIC SAFETY,WOODBURY,6/5/2026 4:13:10 PM,WB26022659,"XXX - 342 RADIO DR, WOODBURY",WARRANT ARREST
WOODBURY PUBLIC SAFETY,WOODBURY,6/5/2026 5:22:13 PM,WB26022669,"XXX Woodbury Dr, WOODBURY",ACCIDENT
WOODBURY PUBLIC SAFETY,WOODBURY,6/5/2026 5:23:32 PM,WB26022670,"I494 Nb At Valley Creek Rd, WOODBURY",ASSAULT
WOODBURY PUBLIC SAFETY,WOODBURY,6/5/2026 5:24:39 PM,WB26022671,"4XXX  RADIO DR, WOODBURY",FIGHT
WOODBURY PUBLIC SAFETY,WOODBURY,6/5/2026 9:30:18 PM,WB26022704,"10XXX  Hudson Rd, WOODBURY",DRIVING COMPLAINT
WOODBURY PUBLIC SAFETY,WOODBURY,6/5/2026 9:33:57 PM,WB26022705,"XXX Sutherland Dr, WOODBURY",THREATS
WOODBURY PUBLIC SAFETY,WOODBURY,6/5/2026 10:08:47 PM,WB26022712,"8XXX  TAMARACK RD, WOODBURY",TRAFFIC COMPLAINT
WOODBURY PUBLIC SAFETY,WOODBURY,6/6/2026 1:02:00 AM,WB26022756,"LAKE RD / WOODDALE DR, WOODBURY",DWI
WOODBURY PUBLIC SAFETY,WOODBURY,6/6/2026 1:19:27 AM,WB26022760,"8XXX  - 8199 LAKE RD, WOODBURY",SUSPICIOUS PERSON/ACTIVITY
WOODBURY PUBLIC SAFETY,WOODBURY,6/6/2026 7:33:13 AM,WB26022771,"EAGLE VALLEY DR / EAGLE CREEK LN, WOODBURY",DWI
WOODBURY PUBLIC SAFETY,WOODBURY,6/6/2026 10:16:00 AM,WB26022781,"XXX - 966 RADIO DR, WOODBURY",TRAFFIC STOP
WOODBURY PUBLIC SAFETY,WOODBURY,6/6/2026 12:14:35 PM,WB26022797,"3XXX  Dakota Ave, WOODBURY",HARASSMENT
WOODBURY PUBLIC SAFETY,WOODBURY,6/6/2026 12:31:00 PM,WB26022799,"RADIO DR / TAMARACK RD, WOODBURY",TRAFFIC STOP
WOODBURY PUBLIC SAFETY,WOODBURY,6/6/2026 1:36:29 PM,WB26022815,"Lake Rd / Woodwinds Dr, WOODBURY",ACCIDENT
WOODBURY PUBLIC SAFETY,WOODBURY,6/6/2026 1:37:59 PM,WB26022816,"10XXX  Fox Run Rd, WOODBURY",DISTURBANCE
WOODBURY PUBLIC SAFETY,WOODBURY,6/6/2026 1:49:52 PM,WB26022817,"7XXX  Courtly Rd, WOODBURY",ACCIDENT
WOODBURY PUBLIC SAFETY,WOODBURY,6/6/2026 2:29:58 PM,WB26022829,"BAILEY RD / HOPE RD, WOODBURY",FOUND PROPERTY/ITEM
WOODBURY PUBLIC SAFETY,WOODBURY,6/6/2026 2:39:16 PM,WB26022831,"5XXX  Long Pointe Pass, WOODBURY",CIVIL MATTER/DISPUTE
WOODBURY PUBLIC SAFETY,WOODBURY,6/6/2026 3:26:38 PM,WB26022839,"3XXX  MAHLE LN, WOODBURY",FOUND PROPERTY/ITEM
WOODBURY PUBLIC SAFETY,WOODBURY,6/6/2026 4:44:00 PM,WB26022847,"2XXX  WOODBRIDGE WAY, WOODBURY",WARRANT ARREST
WOODBURY PUBLIC SAFETY,WOODBURY,6/6/2026 6:38:37 PM,WB26022865,"Radio Dr / I94, WOODBURY",ACCIDENT
WOODBURY PUBLIC SAFETY,WOODBURY,6/6/2026 7:37:00 PM,WB26022877,"7XXX  Hargis Pkwy, WOODBURY",JUVENILE COMPLAINT
WOODBURY PUBLIC SAFETY,WOODBURY,6/6/2026 8:02:25 PM,WB26022880,"I94 EB JEO RADIO DR, WOODBURY",TRAFFIC STOP
WOODBURY PUBLIC SAFETY,WOODBURY,6/6/2026 8:04:59 PM,WB26022881,"1XXX  QUEENS DR, WOODBURY",SHOPLIFTING
WOODBURY PUBLIC SAFETY,WOODBURY,6/6/2026 8:08:45 PM,WB26022882,"7XXX  Currell Blvd, WOODBURY",ACCIDENT
WOODBURY PUBLIC SAFETY,WOODBURY,6/6/2026 9:14:07 PM,WB26022889,"7XXX  Valley Creek Plz, WOODBURY",DWI
WOODBURY PUBLIC SAFETY,WOODBURY,6/6/2026 10:00:18 PM,WB26022898,"3XXX  CENTURY AVE, WOODBURY",JUVENILE COMPLAINT
WOODBURY PUBLIC SAFETY,WOODBURY,6/6/2026 11:18:33 PM,WB26022907,"Tamarack Rd / Woodbury Dr, WOODBURY",ACCIDENT

