AgencyName,Address_City_Description,CreatedOn1,CaseNum,Textbox28,EventDescription
BAYPORT POLICE DEPARTMENT,BAYPORT,7/26/2026 1:29:01 AM,BP26002407,"XX CENTRAL AVE, BAYPORT",Park Close
BAYPORT POLICE DEPARTMENT,BAYPORT,7/26/2026 2:53:04 AM,BP26002409,"XXX 3rd St S, BAYPORT",MEDICAL
BAYPORT POLICE DEPARTMENT,BAYPORT,7/26/2026 3:45:20 AM,BP26002410,"XXX 3rd St N, BAYPORT",TRAFFIC COMPLAINT
BAYPORT POLICE DEPARTMENT,BAYPORT,7/26/2026 4:20:17 PM,BP26002413,"XX CENTRAL AVE, BAYPORT",PARKING VIOLATION
BAYPORT POLICE DEPARTMENT,BAYPORT,7/26/2026 4:26:33 PM,BP26002414,"Saint Croix River - Mnr7, BAYPORT",ASSIST OTHER AGENCY
BAYPORT POLICE DEPARTMENT,BAYPORT,7/26/2026 7:09:01 PM,BP26002415,"XXX Pickett St N, BAYPORT",MEDICAL
BAYPORT POLICE DEPARTMENT,BAYPORT,7/26/2026 8:27:03 PM,BP26002416,"XX Lake Cir, BAYPORT",ACCIDENT
BAYPORT POLICE DEPARTMENT,BAYPORT,7/26/2026 11:19:56 PM,BP26002417,"XX CENTRAL AVE, BAYPORT",Park Close
BAYPORT POLICE DEPARTMENT,BAYPORT,7/27/2026 1:08:58 AM,BP26002418,"XXX 1st Ave S, BAYPORT",ANIMAL COMPLAINT
BAYPORT POLICE DEPARTMENT,BAYPORT,7/27/2026 2:44:41 AM,BP26002419,"XXX 4th Ave N, BAYPORT",911 ABANDONED/HANGUP/OPEN LINE
BAYPORT POLICE DEPARTMENT,BAYPORT,7/27/2026 8:25:41 AM,BP26002420,"XXX 4th Ave N, BAYPORT",911 ABANDONED/HANGUP/OPEN LINE
BAYPORT POLICE DEPARTMENT,BAYPORT,7/27/2026 1:07:20 PM,BP26002425,"XXX 3RD ST N, BAYPORT",FOUND PROPERTY/ITEM
BAYPORT POLICE DEPARTMENT,BAYPORT,7/27/2026 4:58:37 PM,BP26002426,"7TH AVE S, BAYPORT",CITIZEN/PUBLIC ASSIST
BAYPORT POLICE DEPARTMENT,BAYPORT,7/27/2026 10:07:01 PM,BP26002427,"XX Central Ave, BAYPORT",DISTURBANCE
BAYPORT POLICE DEPARTMENT,BAYPORT,7/27/2026 11:36:46 PM,BP26002428,"XXX Pickett St N, BAYPORT",MEDICAL
BAYPORT POLICE DEPARTMENT,BAYPORT,7/28/2026 4:43:43 AM,BP26002429,"CENTRAL AVE / 2ND ST S, BAYPORT",TRAFFIC STOP
BAYPORT POLICE DEPARTMENT,BAYPORT,7/28/2026 5:10:00 AM,BP26002430,"XX CENTRAL AVE, BAYPORT",PARK CLOSED
BAYPORT POLICE DEPARTMENT,BAYPORT,7/28/2026 12:47:36 PM,BP26002433,"XXX Prairie Way S, BAYPORT",911 ABANDONED/HANGUP/OPEN LINE
BAYPORT POLICE DEPARTMENT,BAYPORT,7/28/2026 7:52:04 PM,BP26002434,"XXX 4TH AVE N, BAYPORT",MEDICAL
BAYPORT POLICE DEPARTMENT,BAYPORT,7/28/2026 8:13:04 PM,BP26002435,"XXX 6th St N, BAYPORT",MEDICAL
BAYPORT POLICE DEPARTMENT,BAYPORT,7/28/2026 8:39:40 PM,BP26002436,"XXX - 998 5TH AVE N, BAYPORT",SUSPICIOUS PERSON/ACTIVITY
BAYPORT POLICE DEPARTMENT,BAYPORT,7/28/2026 9:49:56 PM,BP26002438,"XX CENTRAL AVE, BAYPORT",PARK CLOSED
BAYPORT POLICE DEPARTMENT,BAYPORT,7/29/2026 8:21:28 AM,BP26002439,"XX CENTRAL AVE, BAYPORT",CITIZEN/PUBLIC ASSIST
BAYPORT POLICE DEPARTMENT,BAYPORT,7/29/2026 10:22:25 AM,BP26002440,"XXX 3rd St N, BAYPORT",CITIZEN/PUBLIC ASSIST
BAYPORT POLICE DEPARTMENT,BAYPORT,7/29/2026 9:54:52 PM,BP26002442,"XXX PICKETT ST N, BAYPORT",TRESPASSING
BAYPORT POLICE DEPARTMENT,BAYPORT,7/30/2026 4:08:04 AM,BP26002446,"XX CENTRAL AVE, BAYPORT",Park Close
BAYPORT POLICE DEPARTMENT,BAYPORT,7/30/2026 5:10:19 PM,BP26002448,"Minnesota St S / 5th Ave S, BAYPORT",ACCIDENT
BAYPORT POLICE DEPARTMENT,BAYPORT,7/30/2026 8:47:30 PM,BP26002449,"Unknown, BAYPORT",FOLLOW UP
BAYPORT POLICE DEPARTMENT,BAYPORT,7/30/2026 11:07:40 PM,BP26002450,"XX CENTRAL AVE, BAYPORT",Park Close
BAYPORT POLICE DEPARTMENT,BAYPORT,8/1/2026 12:17:03 AM,BP26002462,"XX CENTRAL AVE, BAYPORT",PARK CLOSED
BAYPORT POLICE DEPARTMENT,BAYPORT,8/1/2026 4:18:38 AM,BP26002464,"XXX MARINER DR, BAYPORT",THREATS
BAYPORT POLICE DEPARTMENT,BAYPORT,8/1/2026 7:05:27 AM,BP26002465,"XXX Highway 95 N, BAYPORT",MEDICAL
BAYPORT POLICE DEPARTMENT,BAYPORT,8/1/2026 8:56:20 AM,BP26002466,"XX CENTRAL AVE, BAYPORT",CITIZEN/PUBLIC ASSIST
BAYPORT POLICE DEPARTMENT,BAYPORT,8/1/2026 9:35:46 AM,BP26002467,"XXX - 972 MINNESOTA ST S, BAYPORT",TRAFFIC STOP
BAYPORT POLICE DEPARTMENT,BAYPORT,8/1/2026 11:18:14 AM,BP26002470,"XXX - 899 Highway 95 N, BAYPORT",TRAFFIC STOP
BAYPORT POLICE DEPARTMENT,BAYPORT,8/1/2026 6:56:10 PM,BP26002484,"Minnesota St S / 7th Ave S, BAYPORT",DRIVING COMPLAINT
BAYPORT POLICE DEPARTMENT,BAYPORT,8/1/2026 7:51:27 PM,BP26002487,"XX POINT RD, BAYPORT",ORDINANCE VIOLATION
BAYPORT POLICE DEPARTMENT,BAYPORT,8/1/2026 10:07:31 PM,BP26002491,"XX POINT RD, BAYPORT",CIVIL MATTER/DISPUTE
BAYPORT POLICE DEPARTMENT,GRANT,7/30/2026 12:58:21 AM,BP26002445,"Dellwood Rd N / Manning Ave N, GRANT",ASSIST OTHER AGENCY
BAYPORT POLICE DEPARTMENT,OAK PARK HEIGHTS,7/28/2026 9:22:24 PM,BP26002437,"HWY 95 TO HWY 36 EB RAMP, OAK PARK HEIGHTS",ASSIST OTHER AGENCY
BAYPORT POLICE DEPARTMENT,OAK PARK HEIGHTS,7/29/2026 11:56:56 PM,BP26002443,"6XXX  Saint Croix Trl N, OAK PARK HEIGHTS",ASSIST OTHER AGENCY
BAYPORT POLICE DEPARTMENT,OAK PARK HEIGHTS,7/30/2026 12:22:48 AM,BP26002444,"14XXX  61st Street Ct N, OAK PARK HEIGHTS",ASSIST OTHER AGENCY
BAYPORT POLICE DEPARTMENT,OAK PARK HEIGHTS,7/30/2026 8:51:30 AM,BP26002447,"15XXX  58TH ST N, OAK PARK HEIGHTS",ASSIST OTHER AGENCY
BAYPORT POLICE DEPARTMENT,OAK PARK HEIGHTS,7/31/2026 1:14:06 AM,BP26002453,"Saint Croix Crossing Bridge: Hwy 36 Eb - Mn, OAK PARK HEIGHTS",ASSIST OTHER AGENCY
BAYPORT POLICE DEPARTMENT,OAK PARK HEIGHTS,7/31/2026 9:41:45 PM,BP26002460,"Beach Rd N / 60th St N, OAK PARK HEIGHTS",ASSIST OTHER AGENCY
BAYPORT POLICE DEPARTMENT,OAK PARK HEIGHTS,8/1/2026 10:14:48 PM,BP26002492,"6XXX  Saint Croix Trl N, OAK PARK HEIGHTS",ASSIST OTHER AGENCY
BAYPORT POLICE DEPARTMENT,STILLWATER,7/26/2026 1:13:50 AM,BP26002408,"MANNING AVE N / LINDEN AVE N, STILLWATER",ASSIST OTHER AGENCY
COTTAGE GROVE POLICE DEPARTMENT,COTTAGE GROVE,7/26/2026 1:46:03 AM,CG26032382,"7XXX  Hardwood Ct S, COTTAGE GROVE",WELFARE CHECK
COTTAGE GROVE POLICE DEPARTMENT,COTTAGE GROVE,7/26/2026 6:02:09 AM,CG26032386,"8XXX  Jeffery Ln S, COTTAGE GROVE",MEDICAL
COTTAGE GROVE POLICE DEPARTMENT,COTTAGE GROVE,7/26/2026 8:57:55 AM,CG26032398,"Manning Ave S At Hwy 61, COTTAGE GROVE",ASSIST OTHER AGENCY
COTTAGE GROVE POLICE DEPARTMENT,COTTAGE GROVE,7/26/2026 9:34:13 AM,CG26032402,"7XXX  HINTON AVE S, COTTAGE GROVE",FOUND PROPERTY/ITEM
COTTAGE GROVE POLICE DEPARTMENT,COTTAGE GROVE,7/26/2026 1:31:34 PM,CG26032428,"8XXX  77th St S, COTTAGE GROVE",MEDICAL
COTTAGE GROVE POLICE DEPARTMENT,COTTAGE GROVE,7/26/2026 2:31:27 PM,CG26032435,"6XXX  Hearthstone Ave S, COTTAGE GROVE",MEDICAL
COTTAGE GROVE POLICE DEPARTMENT,COTTAGE GROVE,7/26/2026 3:27:51 PM,CG26032441,"10XXX  Griffin Ave S, COTTAGE GROVE",THEFT
COTTAGE GROVE POLICE DEPARTMENT,COTTAGE GROVE,7/26/2026 6:17:53 PM,CG26032445,"9XXX  Heath Ave S, COTTAGE GROVE",MEDICAL
COTTAGE GROVE POLICE DEPARTMENT,COTTAGE GROVE,7/26/2026 6:48:54 PM,CG26032447,"6XXX  East Point Douglas Rd S, COTTAGE GROVE",MEDICAL
COTTAGE GROVE POLICE DEPARTMENT,COTTAGE GROVE,7/26/2026 9:26:23 PM,CG26032451,"6XXX  80th St S, COTTAGE GROVE",MEDICAL
COTTAGE GROVE POLICE DEPARTMENT,COTTAGE GROVE,7/26/2026 10:28:51 PM,CG26032462,"7XXX  East Point Douglas Rd S, COTTAGE GROVE",ALARM-BUSINESS/RES/FIRE/MEDICAL/ETC
COTTAGE GROVE POLICE DEPARTMENT,COTTAGE GROVE,7/26/2026 11:06:32 PM,CG26032469,"9XXX  East Point Douglas Rd S, COTTAGE GROVE",DISTURBANCE
COTTAGE GROVE POLICE DEPARTMENT,COTTAGE GROVE,7/27/2026 12:15:17 AM,CG26032479,"8XXX  77th St S, COTTAGE GROVE",MEDICAL
COTTAGE GROVE POLICE DEPARTMENT,COTTAGE GROVE,7/27/2026 1:30:33 AM,CG26032484,"8XXX  Hilo Trl S, COTTAGE GROVE",MEDICAL
COTTAGE GROVE POLICE DEPARTMENT,COTTAGE GROVE,7/27/2026 7:44:17 AM,CG26032488,"6XXX  80th St S, COTTAGE GROVE",MEDICAL
COTTAGE GROVE POLICE DEPARTMENT,COTTAGE GROVE,7/27/2026 12:04:27 PM,CG26032525,"11XXX  West Point Douglas Rd S, COTTAGE GROVE",MEDICAL
COTTAGE GROVE POLICE DEPARTMENT,COTTAGE GROVE,7/27/2026 1:33:12 PM,CG26032542,"7XXX  Jewel Ave S, COTTAGE GROVE",MEDICAL
COTTAGE GROVE POLICE DEPARTMENT,COTTAGE GROVE,7/27/2026 3:15:46 PM,CG26032562,"Highway 61, COTTAGE GROVE",TRAFFIC STOP
COTTAGE GROVE POLICE DEPARTMENT,COTTAGE GROVE,7/27/2026 3:16:41 PM,CG26032564,"12XXX  Ravine Pkwy S, COTTAGE GROVE",ASSAULT
COTTAGE GROVE POLICE DEPARTMENT,COTTAGE GROVE,7/27/2026 3:29:31 PM,CG26032566,"11XXX  Layton Ave S, COTTAGE GROVE",MEDICAL
COTTAGE GROVE POLICE DEPARTMENT,COTTAGE GROVE,7/27/2026 5:49:53 PM,CG26032585,"Hwy 61 Nb To 80th St S Ramp, COTTAGE GROVE",ACCIDENT
COTTAGE GROVE POLICE DEPARTMENT,COTTAGE GROVE,7/27/2026 7:28:16 PM,CG26032595,"Jamaica Ave S / Hillside Trl S, COTTAGE GROVE",ACCIDENT
COTTAGE GROVE POLICE DEPARTMENT,COTTAGE GROVE,7/27/2026 7:41:34 PM,CG26032596,"9XXX  Ideal Ave S, COTTAGE GROVE",ACCIDENT
COTTAGE GROVE POLICE DEPARTMENT,COTTAGE GROVE,7/27/2026 7:56:58 PM,CG26032599,"8XXX  East Point Douglas Rd S, COTTAGE GROVE",UNWANTED PERSON/VEHICLE
COTTAGE GROVE POLICE DEPARTMENT,COTTAGE GROVE,7/27/2026 7:58:15 PM,CG26032598,"8XXX  HENSLOWE AVE S, COTTAGE GROVE",TRAFFIC STOP
COTTAGE GROVE POLICE DEPARTMENT,COTTAGE GROVE,7/27/2026 11:57:00 PM,CG26032632,"JAMAICA AVE S / EAST POINT DOUGLAS RD S, COTTAGE GROVE",TRAFFIC STOP
COTTAGE GROVE POLICE DEPARTMENT,COTTAGE GROVE,7/28/2026 3:55:55 AM,CG26032633,"7XXX  Hinton Ave S, COTTAGE GROVE",RUNAWAY
COTTAGE GROVE POLICE DEPARTMENT,COTTAGE GROVE,7/28/2026 7:09:32 AM,CG26032635,"7XXX  JENNER CIR S, COTTAGE GROVE",REQUEST FOR EMERGENCY EXAM - 72 HR HOLD
COTTAGE GROVE POLICE DEPARTMENT,COTTAGE GROVE,7/28/2026 7:32:20 AM,CG26032636,"Ideal Ave S / 95th St S, COTTAGE GROVE",ACCIDENT
COTTAGE GROVE POLICE DEPARTMENT,COTTAGE GROVE,7/28/2026 7:32:30 AM,CG26032637,"10XXX  Hadley Ct S, COTTAGE GROVE",THEFT
COTTAGE GROVE POLICE DEPARTMENT,COTTAGE GROVE,7/28/2026 8:07:43 AM,CG26032638,"6XXX  90th St S, COTTAGE GROVE",MEDICAL
COTTAGE GROVE POLICE DEPARTMENT,COTTAGE GROVE,7/28/2026 9:43:33 AM,CG26032643,"6XXX  Homestead Ave S, COTTAGE GROVE",HARASSMENT
COTTAGE GROVE POLICE DEPARTMENT,COTTAGE GROVE,7/28/2026 10:37:13 AM,CG26032652,"7XXX  Hinton Park Ave S, COTTAGE GROVE",MEDICAL
COTTAGE GROVE POLICE DEPARTMENT,COTTAGE GROVE,7/28/2026 11:10:05 AM,CG26032660,"9XXX  - 9498 JAMAICA AVE S, COTTAGE GROVE",TRAFFIC STOP
COTTAGE GROVE POLICE DEPARTMENT,COTTAGE GROVE,7/28/2026 11:32:52 AM,CG26032665,"9XXX  62nd St S, COTTAGE GROVE",MEDICAL
COTTAGE GROVE POLICE DEPARTMENT,COTTAGE GROVE,7/28/2026 1:57:11 PM,CG26032695,"8XXX  60th St S, COTTAGE GROVE",MEDICAL
COTTAGE GROVE POLICE DEPARTMENT,COTTAGE GROVE,7/28/2026 2:10:17 PM,CG26032696,"12XXX  RAVINE PKWY S, COTTAGE GROVE",FRAUD/SCAM
COTTAGE GROVE POLICE DEPARTMENT,COTTAGE GROVE,7/28/2026 2:33:51 PM,CG26032703,"7XXX  - 7428 EAST POINT DOUGLAS RD S, COTTAGE GROVE",TRAFFIC STOP
COTTAGE GROVE POLICE DEPARTMENT,COTTAGE GROVE,7/28/2026 3:10:25 PM,CG26032707,"7XXX  River Acres Rd S, COTTAGE GROVE",MEDICAL
COTTAGE GROVE POLICE DEPARTMENT,COTTAGE GROVE,7/28/2026 3:37:47 PM,CG26032710,"6XXX  80th St S, COTTAGE GROVE",MEDICAL
COTTAGE GROVE POLICE DEPARTMENT,COTTAGE GROVE,7/28/2026 4:18:32 PM,CG26032711,"8XXX  Jasmine Ln S, COTTAGE GROVE",MEDICAL
COTTAGE GROVE POLICE DEPARTMENT,COTTAGE GROVE,7/28/2026 5:10:16 PM,CG26032719,"Hardwood Ave S / 80th St S, COTTAGE GROVE",ACCIDENT
COTTAGE GROVE POLICE DEPARTMENT,COTTAGE GROVE,7/28/2026 6:31:28 PM,CG26032745,"6XXX  Joliet Ave S, COTTAGE GROVE",UNWANTED PERSON/VEHICLE
COTTAGE GROVE POLICE DEPARTMENT,COTTAGE GROVE,7/28/2026 8:37:00 PM,CG26032755,"8XXX  Grafton Ave S, COTTAGE GROVE",DWI
COTTAGE GROVE POLICE DEPARTMENT,COTTAGE GROVE,7/28/2026 10:54:49 PM,CG26032762,"8XXX  Hadley Ave S, COTTAGE GROVE",MEDICAL
COTTAGE GROVE POLICE DEPARTMENT,COTTAGE GROVE,7/29/2026 4:50:09 AM,CG26032780,"7XXX  79th St S, COTTAGE GROVE",REQUEST FOR EMERGENCY EXAM - 72 HR HOLD
COTTAGE GROVE POLICE DEPARTMENT,COTTAGE GROVE,7/29/2026 6:43:25 AM,CG26032781,"7XXX  Jorgensen Ct S, COTTAGE GROVE",MEDICAL
COTTAGE GROVE POLICE DEPARTMENT,COTTAGE GROVE,7/29/2026 8:22:41 AM,CG26032788,"8XXX  West Point Douglas Rd S, COTTAGE GROVE",MEDICAL
COTTAGE GROVE POLICE DEPARTMENT,COTTAGE GROVE,7/29/2026 8:33:13 AM,CG26032790,"10XXX  Goodview Ave S, COTTAGE GROVE",THEFT
COTTAGE GROVE POLICE DEPARTMENT,COTTAGE GROVE,7/29/2026 8:35:04 AM,CG26032791,"9XXX  Hamlet Ln S, COTTAGE GROVE",VEHICLE TAMPERING
COTTAGE GROVE POLICE DEPARTMENT,COTTAGE GROVE,7/29/2026 9:35:59 AM,CG26032792,"12XXX  Ravine Pkwy S, COTTAGE GROVE",FRAUD/SCAM
COTTAGE GROVE POLICE DEPARTMENT,COTTAGE GROVE,7/29/2026 11:06:38 AM,CG26032799,"8XXX  Grange Blvd S, COTTAGE GROVE",MEDICAL
COTTAGE GROVE POLICE DEPARTMENT,COTTAGE GROVE,7/29/2026 11:15:11 AM,CG26032800,"6XXX  Highland Hills Blvd S, COTTAGE GROVE",WELFARE CHECK
COTTAGE GROVE POLICE DEPARTMENT,COTTAGE GROVE,7/29/2026 1:31:54 PM,CG26032814,"7XXX  - 7899 HINTON AVE S, COTTAGE GROVE",STOP ARM VIOLATION
COTTAGE GROVE POLICE DEPARTMENT,COTTAGE GROVE,7/29/2026 2:47:28 PM,CG26032835,"EAST POINT DOUGLAS RD S / 92ND ST S, COTTAGE GROVE",TRAFFIC STOP
COTTAGE GROVE POLICE DEPARTMENT,COTTAGE GROVE,7/29/2026 5:06:46 PM,CG26032867,"8XXX  - 8498 95TH ST S, COTTAGE GROVE",TRAFFIC STOP
COTTAGE GROVE POLICE DEPARTMENT,COTTAGE GROVE,7/29/2026 7:35:09 PM,CG26032890,"8XXX  Jeffery Ave S, COTTAGE GROVE",MEDICAL
COTTAGE GROVE POLICE DEPARTMENT,COTTAGE GROVE,7/29/2026 8:19:57 PM,CG26032895,"8XXX  92nd St S, COTTAGE GROVE",CIVIL MATTER/DISPUTE
COTTAGE GROVE POLICE DEPARTMENT,COTTAGE GROVE,7/29/2026 8:44:51 PM,CG26032898,"6XXX  Highland Hills Ln S, COTTAGE GROVE",ASSIST OTHER AGENCY
COTTAGE GROVE POLICE DEPARTMENT,COTTAGE GROVE,7/29/2026 8:45:37 PM,CG26032899,"Jamaica Ave S / West Point Douglas Rd S, COTTAGE GROVE",ACCIDENT
COTTAGE GROVE POLICE DEPARTMENT,COTTAGE GROVE,7/29/2026 9:21:28 PM,CG26032902,"6XXX  Jewel Ave S, COTTAGE GROVE",MISSING PERSON
COTTAGE GROVE POLICE DEPARTMENT,COTTAGE GROVE,7/29/2026 11:07:36 PM,CG26032905,"8XXX  71st St S, COTTAGE GROVE",CITIZEN/PUBLIC ASSIST
COTTAGE GROVE POLICE DEPARTMENT,COTTAGE GROVE,7/30/2026 1:28:49 AM,CG26032939,"7XXX  Hearthside Ave S, COTTAGE GROVE",MEDICAL
COTTAGE GROVE POLICE DEPARTMENT,COTTAGE GROVE,7/30/2026 7:24:39 AM,CG26032958,"6XXX  Pointe Pl S, COTTAGE GROVE",MEDICAL
COTTAGE GROVE POLICE DEPARTMENT,COTTAGE GROVE,7/30/2026 10:22:23 AM,CG26032979,"6XXX  Pine Arbor Dr S, COTTAGE GROVE",MEDICAL
COTTAGE GROVE POLICE DEPARTMENT,COTTAGE GROVE,7/30/2026 12:50:50 PM,CG26033001,"70TH ST S / INNSDALE AVE S, COTTAGE GROVE",ACCIDENT
COTTAGE GROVE POLICE DEPARTMENT,COTTAGE GROVE,7/30/2026 3:35:25 PM,CG26033017,"9XXX  EAST POINT DOUGLAS RD S, COTTAGE GROVE",THEFT
COTTAGE GROVE POLICE DEPARTMENT,COTTAGE GROVE,7/30/2026 4:25:28 PM,CG26033025,"7XXX  Lamar Ave S, COTTAGE GROVE",PROPERTY DAMAGE
COTTAGE GROVE POLICE DEPARTMENT,COTTAGE GROVE,7/30/2026 5:51:55 PM,CG26033036,"7XXX  Jocelyn Pl S, COTTAGE GROVE",MEDICAL
COTTAGE GROVE POLICE DEPARTMENT,COTTAGE GROVE,7/30/2026 8:20:29 PM,CG26033052,"8XXX  Granada Ave S, COTTAGE GROVE",THEFT
COTTAGE GROVE POLICE DEPARTMENT,COTTAGE GROVE,7/30/2026 9:21:01 PM,CG26033058,"6XXX  Innsdale Ave S, COTTAGE GROVE",MISSING PERSON
COTTAGE GROVE POLICE DEPARTMENT,COTTAGE GROVE,7/30/2026 9:49:00 PM,CG26033063,"7XXX  HOMESTEAD AVE S, COTTAGE GROVE",WARRANT ARREST
COTTAGE GROVE POLICE DEPARTMENT,COTTAGE GROVE,7/30/2026 9:50:22 PM,CG26033064,"7XXX  Hinton Park Ave S, COTTAGE GROVE",MEDICAL
COTTAGE GROVE POLICE DEPARTMENT,COTTAGE GROVE,7/30/2026 10:47:21 PM,CG26033070,"7XXX  Hemingway Ave S, COTTAGE GROVE",MEDICAL
COTTAGE GROVE POLICE DEPARTMENT,COTTAGE GROVE,7/30/2026 11:04:26 PM,CG26033073,"6XXX  Joliet Ave S, COTTAGE GROVE",CIVIL MATTER/DISPUTE
COTTAGE GROVE POLICE DEPARTMENT,COTTAGE GROVE,7/31/2026 8:18:09 AM,CG26033126,"8XXX  Inman Ave S, COTTAGE GROVE",MEDICAL
COTTAGE GROVE POLICE DEPARTMENT,COTTAGE GROVE,7/31/2026 10:55:39 AM,CG26033135,"6XXX  East Point Douglas Rd S, COTTAGE GROVE",MEDICAL
COTTAGE GROVE POLICE DEPARTMENT,COTTAGE GROVE,7/31/2026 1:16:12 PM,CG26033145,"7XXX  East Point Douglas Rd S, COTTAGE GROVE",SHOPLIFTING
COTTAGE GROVE POLICE DEPARTMENT,COTTAGE GROVE,7/31/2026 4:15:33 PM,CG26033156,"8XXX  92nd St S, COTTAGE GROVE",DANCO VIOLATION
COTTAGE GROVE POLICE DEPARTMENT,COTTAGE GROVE,7/31/2026 4:23:38 PM,CG26033157,"6XXX  Pine Crest Trl S, COTTAGE GROVE",MEDICAL
COTTAGE GROVE POLICE DEPARTMENT,COTTAGE GROVE,7/31/2026 7:26:00 PM,CG26033180,"Hwy 61 Sb At Innovation Rd S, COTTAGE GROVE",TRAFFIC STOP
COTTAGE GROVE POLICE DEPARTMENT,COTTAGE GROVE,7/31/2026 7:56:41 PM,CG26033182,"8XXX  East Point Douglas Rd S, COTTAGE GROVE",ASSAULT
COTTAGE GROVE POLICE DEPARTMENT,COTTAGE GROVE,7/31/2026 11:58:27 PM,CG26033231,"6XXX  East Point Douglas Rd S, COTTAGE GROVE",MEDICAL
COTTAGE GROVE POLICE DEPARTMENT,COTTAGE GROVE,8/1/2026 1:25:58 AM,CG26033253,"8XXX  - 9249 Highway 61, COTTAGE GROVE",TRAFFIC STOP
COTTAGE GROVE POLICE DEPARTMENT,COTTAGE GROVE,8/1/2026 7:41:19 AM,CG26033265,"7XXX  Hearthside Ave S, COTTAGE GROVE",MEDICAL
COTTAGE GROVE POLICE DEPARTMENT,COTTAGE GROVE,8/1/2026 12:12:00 PM,CG26033301,"8XXX  EAST POINT DOUGLAS RD S, COTTAGE GROVE",TRAFFIC STOP
COTTAGE GROVE POLICE DEPARTMENT,COTTAGE GROVE,8/1/2026 12:48:59 PM,CG26033305,"8XXX  Hornell Ave S, COTTAGE GROVE",MEDICAL
COTTAGE GROVE POLICE DEPARTMENT,COTTAGE GROVE,8/1/2026 1:03:09 PM,CG26033306,"6XXX  80th St S, COTTAGE GROVE",MEDICAL
COTTAGE GROVE POLICE DEPARTMENT,COTTAGE GROVE,8/1/2026 2:19:49 PM,CG26033316,"Unknown, COTTAGE GROVE",WELFARE CHECK
COTTAGE GROVE POLICE DEPARTMENT,COTTAGE GROVE,8/1/2026 4:19:46 PM,CG26033326,"7XXX  Homestead Ave S, COTTAGE GROVE",MEDICAL
COTTAGE GROVE POLICE DEPARTMENT,COTTAGE GROVE,8/1/2026 4:28:41 PM,CG26033327,"7XXX  GRANADA AVE S, COTTAGE GROVE",TRAFFIC STOP
COTTAGE GROVE POLICE DEPARTMENT,COTTAGE GROVE,8/1/2026 6:52:28 PM,CG26033338,"JAMAICA AVE S / EAST POINT DOUGLAS RD S, COTTAGE GROVE",WANTED PERSON-KOPS ALERT/ATL
COTTAGE GROVE POLICE DEPARTMENT,COTTAGE GROVE,8/1/2026 8:10:29 PM,CG26033343,"10XXX  Innovation Rd S, COTTAGE GROVE",MEDICAL
COTTAGE GROVE POLICE DEPARTMENT,COTTAGE GROVE,8/1/2026 8:40:00 PM,CG26033346,"6XXX  Genevieve Trl S, COTTAGE GROVE",MEDICAL
COTTAGE GROVE POLICE DEPARTMENT,COTTAGE GROVE,8/1/2026 9:45:00 PM,CG26033356,"7XXX  - 7429 EAST POINT DOUGLAS RD S, COTTAGE GROVE",TRAFFIC STOP
COTTAGE GROVE POLICE DEPARTMENT,COTTAGE GROVE,8/1/2026 10:09:27 PM,CG26033363,"6XXX  Jody Ave S, COTTAGE GROVE",MEDICAL
COTTAGE GROVE POLICE DEPARTMENT,NEWPORT,7/28/2026 7:43:24 PM,CG26032750,"XXX Red Rock Xing, NEWPORT",ASSIST OTHER AGENCY
COTTAGE GROVE POLICE DEPARTMENT,NEWPORT,7/28/2026 11:23:43 PM,CG26032764,"I494 Eb Jeo Wakota Bridge, NEWPORT",ACCIDENT
COTTAGE GROVE POLICE DEPARTMENT,SAINT PAUL PARK,7/29/2026 12:41:00 AM,CG26032777,"HWY 61 SB TO 70TH ST S RAMP, SAINT PAUL PARK",TRAFFIC STOP
FOREST LAKE POLICE DEPARTMENT,FOREST LAKE,7/26/2026 12:27:19 AM,FL26009712,"23XXX  HENNA AVE N, FOREST LAKE",DISTURBANCE
FOREST LAKE POLICE DEPARTMENT,FOREST LAKE,7/26/2026 12:45:39 AM,FL26009716,"4XXX  206TH ST N, FOREST LAKE",UNDERAGE DRINKING
FOREST LAKE POLICE DEPARTMENT,FOREST LAKE,7/26/2026 12:45:39 AM,FL26009810,"4XXX  206TH ST N, FOREST LAKE",**NIBRS REPORTING ONLY**
FOREST LAKE POLICE DEPARTMENT,FOREST LAKE,7/26/2026 12:45:39 AM,FL26009811,"4XXX  206TH ST N, FOREST LAKE",**NIBRS REPORTING ONLY**
FOREST LAKE POLICE DEPARTMENT,FOREST LAKE,7/26/2026 12:45:39 AM,FL26009815,"4XXX  206TH ST N, FOREST LAKE",**NIBRS REPORTING ONLY**
FOREST LAKE POLICE DEPARTMENT,FOREST LAKE,7/26/2026 12:53:03 AM,FL26009714,"21XXX  INWOOD AVE N, FOREST LAKE",DRUGS
FOREST LAKE POLICE DEPARTMENT,FOREST LAKE,7/26/2026 1:23:29 AM,FL26009715,"6XXX  207th St N, FOREST LAKE",OTHER
FOREST LAKE POLICE DEPARTMENT,FOREST LAKE,7/26/2026 2:12:27 AM,FL26009717,"XXX 12TH ST SW, FOREST LAKE",ASSAULT
FOREST LAKE POLICE DEPARTMENT,FOREST LAKE,7/26/2026 10:35:00 AM,FL26009728,"12TH ST SW & 7TH AVE SW, FOREST LAKE",TRAFFIC STOP
FOREST LAKE POLICE DEPARTMENT,FOREST LAKE,7/26/2026 1:35:55 PM,FL26009735,"LAKE ST S & 2ND AVE SW, FOREST LAKE",TRAFFIC STOP
FOREST LAKE POLICE DEPARTMENT,FOREST LAKE,7/26/2026 5:31:55 PM,FL26009748,"XXX 12TH ST SW, FOREST LAKE",LOCKOUT
FOREST LAKE POLICE DEPARTMENT,FOREST LAKE,7/26/2026 6:52:00 PM,FL26009752,"BROADWAY AVE W & 12TH ST SW, FOREST LAKE",TRAFFIC STOP
FOREST LAKE POLICE DEPARTMENT,FOREST LAKE,7/27/2026 11:32:17 AM,FL26009768,"1XXX  BROADWAY AVE W, FOREST LAKE",TRESPASSING
FOREST LAKE POLICE DEPARTMENT,FOREST LAKE,7/27/2026 1:48:00 PM,FL26009775,"BROADWAY AVE W & 12TH ST SW, FOREST LAKE",TRAFFIC STOP
FOREST LAKE POLICE DEPARTMENT,FOREST LAKE,7/27/2026 2:35:52 PM,FL26009778,"XXX 12TH ST SW, FOREST LAKE",ASSIST OTHER AGENCY
FOREST LAKE POLICE DEPARTMENT,FOREST LAKE,7/27/2026 3:42:44 PM,FL26009782,"7XXX  NORTH SHORE TRL N, FOREST LAKE",RUNAWAY
FOREST LAKE POLICE DEPARTMENT,FOREST LAKE,7/27/2026 4:04:42 PM,FL26009783,"XXX 12TH ST SW, FOREST LAKE",ACCIDENT
FOREST LAKE POLICE DEPARTMENT,FOREST LAKE,7/27/2026 5:10:00 PM,FL26009788,"XXX 12TH ST SW, FOREST LAKE",SHOPLIFTING
FOREST LAKE POLICE DEPARTMENT,FOREST LAKE,7/27/2026 6:20:07 PM,FL26009790,"1XXX  9TH ST SE, FOREST LAKE",NEIGHBOR DISPUTE
FOREST LAKE POLICE DEPARTMENT,FOREST LAKE,7/27/2026 6:47:10 PM,FL26009793,"XXX 2ND AVE NW, FOREST LAKE",PROPERTY DAMAGE
FOREST LAKE POLICE DEPARTMENT,FOREST LAKE,7/27/2026 9:53:03 PM,FL26009801,"XXX 12TH ST SW, FOREST LAKE",ASSAULT
FOREST LAKE POLICE DEPARTMENT,FOREST LAKE,7/28/2026 5:08:00 AM,FL26009806,"BROADWAY AVE W & 12TH ST SW, FOREST LAKE",ACCIDENT
FOREST LAKE POLICE DEPARTMENT,FOREST LAKE,7/28/2026 9:09:37 AM,FL26009813,"XXX 11TH AVE SW, FOREST LAKE",WELFARE CHECK
FOREST LAKE POLICE DEPARTMENT,FOREST LAKE,7/28/2026 3:08:03 PM,FL26009823,"1XXX  BAYPOINT DR, FOREST LAKE",PROPERTY DAMAGE
FOREST LAKE POLICE DEPARTMENT,FOREST LAKE,7/28/2026 3:55:36 PM,FL26009828,"HEADWATERS PKWY & FOREST BLVD N, FOREST LAKE",TRAFFIC STOP
FOREST LAKE POLICE DEPARTMENT,FOREST LAKE,7/28/2026 5:20:23 PM,FL26009831,"XXX 16TH AVE SE, FOREST LAKE",WELFARE CHECK
FOREST LAKE POLICE DEPARTMENT,FOREST LAKE,7/28/2026 6:28:32 PM,FL26009835,"XXX 12TH ST SW, FOREST LAKE",WELFARE CHECK
FOREST LAKE POLICE DEPARTMENT,FOREST LAKE,7/28/2026 6:37:52 PM,FL26009836,"XXX 15th St Sw, FOREST LAKE",THEFT FROM MOTOR VEHICLE
FOREST LAKE POLICE DEPARTMENT,FOREST LAKE,7/28/2026 7:08:31 PM,FL26009838,"5XXX  214TH ST N, FOREST LAKE",RUNAWAY
FOREST LAKE POLICE DEPARTMENT,FOREST LAKE,7/28/2026 9:37:33 PM,FL26009841,"XXX 12TH ST SW, FOREST LAKE",ACCIDENT
FOREST LAKE POLICE DEPARTMENT,FOREST LAKE,7/29/2026 1:13:04 AM,FL26009847,"XXX 4TH ST SW, FOREST LAKE",OFFICER INFORMATION
FOREST LAKE POLICE DEPARTMENT,FOREST LAKE,7/29/2026 9:15:42 AM,FL26009856,"XXX 4TH ST SW, FOREST LAKE",RUNAWAY
FOREST LAKE POLICE DEPARTMENT,FOREST LAKE,7/29/2026 12:05:17 PM,FL26009865,"19XXX  ENGLISH AVE N, FOREST LAKE",DANCO VIOLATION
FOREST LAKE POLICE DEPARTMENT,FOREST LAKE,7/29/2026 3:40:39 PM,FL26009868,"7XXX  NORTH SHORE TRL N, FOREST LAKE",RUNAWAY
FOREST LAKE POLICE DEPARTMENT,FOREST LAKE,7/29/2026 6:46:42 PM,FL26009876,"XXX LAKE ST N, FOREST LAKE",CIVIL MATTER/DISPUTE
FOREST LAKE POLICE DEPARTMENT,FOREST LAKE,7/29/2026 7:14:18 PM,FL26009878,"XXX 12TH ST SW, FOREST LAKE",WELFARE CHECK
FOREST LAKE POLICE DEPARTMENT,FOREST LAKE,7/30/2026 8:00:42 AM,FL26009891,"8XXX  NORTH SHORE TRL N, FOREST LAKE",CIVIL MATTER/DISPUTE
FOREST LAKE POLICE DEPARTMENT,FOREST LAKE,7/30/2026 8:13:15 AM,FL26009893,"20XXX  FARNHAM LN N, FOREST LAKE",CIVIL MATTER/DISPUTE
FOREST LAKE POLICE DEPARTMENT,FOREST LAKE,7/30/2026 10:54:56 AM,FL26009904,"220TH ST N & EVERTON AVE N, FOREST LAKE",TRAFFIC STOP
FOREST LAKE POLICE DEPARTMENT,FOREST LAKE,7/30/2026 12:20:44 PM,FL26009909,"XXX 12th St Sw, FOREST LAKE",ACCIDENT
FOREST LAKE POLICE DEPARTMENT,FOREST LAKE,7/30/2026 1:43:00 PM,FL26009912,"7XXX  218TH ST N, FOREST LAKE",BURGLARY
FOREST LAKE POLICE DEPARTMENT,FOREST LAKE,7/30/2026 6:15:50 PM,FL26009926,"1XXX  BROADWAY AVE W, FOREST LAKE",ASSIST OTHER AGENCY
FOREST LAKE POLICE DEPARTMENT,FOREST LAKE,7/30/2026 9:13:58 PM,FL26009931,"XXX SOUTH SHORE DR, FOREST LAKE",DEATH
FOREST LAKE POLICE DEPARTMENT,FOREST LAKE,7/31/2026 8:38:48 AM,FL26009944,"XXX 12TH ST SW, FOREST LAKE",DISTURBANCE
FOREST LAKE POLICE DEPARTMENT,FOREST LAKE,7/31/2026 9:52:41 AM,FL26009950,"XXX 12TH ST SW, FOREST LAKE",ASSIST OTHER AGENCY
FOREST LAKE POLICE DEPARTMENT,FOREST LAKE,7/31/2026 10:10:12 AM,FL26009952,"202ND ST N & JODY AVE N, FOREST LAKE",ANIMAL COMPLAINT
FOREST LAKE POLICE DEPARTMENT,FOREST LAKE,7/31/2026 2:01:00 PM,FL26009964,"19XXX  Forest Rd N, FOREST LAKE",THEFT
FOREST LAKE POLICE DEPARTMENT,FOREST LAKE,7/31/2026 2:03:00 PM,FL26009963,"LAKE ST N & 2ND AVE NW, FOREST LAKE",TRAFFIC STOP
FOREST LAKE POLICE DEPARTMENT,FOREST LAKE,7/31/2026 9:24:16 PM,FL26009986,"XXX 12TH ST SW, FOREST LAKE",THEFT
FOREST LAKE POLICE DEPARTMENT,FOREST LAKE,7/31/2026 9:38:00 PM,FL26009987,"1XXX  Broadway Ave W, FOREST LAKE",DRUGS
FOREST LAKE POLICE DEPARTMENT,FOREST LAKE,7/31/2026 11:51:00 PM,FL26009993,"LAKE ST S & 11TH AVE SE, FOREST LAKE",TRAFFIC STOP
FOREST LAKE POLICE DEPARTMENT,FOREST LAKE,8/1/2026 11:17:33 AM,FL26010002,"1XXX  7TH AVE SW, FOREST LAKE",CHILD CUSTODY
FOREST LAKE POLICE DEPARTMENT,FOREST LAKE,8/1/2026 1:29:23 PM,FL26010012,"XXX 12TH ST SW, FOREST LAKE",WELFARE CHECK
FOREST LAKE POLICE DEPARTMENT,FOREST LAKE,8/1/2026 8:41:18 PM,FL26010034,"XXX SCHILLING CIR NW, FOREST LAKE",VEHICLE UNLOCK
OAKDALE POLICE DEPARTMENT,OAKDALE,7/26/2026 2:29:42 AM,OD26009440,"3XXX  GERSHWIN PL N, OAKDALE",911 ABANDONED/HANGUP/OPEN LINE
OAKDALE POLICE DEPARTMENT,OAKDALE,7/26/2026 9:35:08 AM,OD26009442,"4XXX  Hamlet Ave N, OAKDALE",PARKING COMPLAINT
OAKDALE POLICE DEPARTMENT,OAKDALE,7/26/2026 11:12:19 AM,OD26009443,"6XXX  15TH ST N, OAKDALE",CIVIL MATTER/DISPUTE
OAKDALE POLICE DEPARTMENT,OAKDALE,7/26/2026 11:17:31 AM,OD26009444,"7XXX  12th St N, OAKDALE",MEDICAL
OAKDALE POLICE DEPARTMENT,OAKDALE,7/26/2026 11:30:03 AM,OD26009445,"XXX Inwood Ave N, OAKDALE",MEDICAL
OAKDALE POLICE DEPARTMENT,OAKDALE,7/26/2026 1:41:01 PM,OD26009447,"1XXX  Granada Ave N, OAKDALE",911 ABANDONED/HANGUP/OPEN LINE
OAKDALE POLICE DEPARTMENT,OAKDALE,7/26/2026 1:51:28 PM,OD26009448,"10TH ST N / GREENWAY AVE N, OAKDALE",MOTORIST ASSIST
OAKDALE POLICE DEPARTMENT,OAKDALE,7/26/2026 2:25:45 PM,OD26009450,"1XXX  Hadley Ave N, OAKDALE",ASSIST OTHER AGENCY
OAKDALE POLICE DEPARTMENT,OAKDALE,7/26/2026 2:37:06 PM,OD26009451,"4XXX  HELENA RD N, OAKDALE",SUICIDE ATTEMPT/THREATS OF
OAKDALE POLICE DEPARTMENT,OAKDALE,7/26/2026 3:09:47 PM,OD26009452,"1XXX  HELENA RD N, OAKDALE",NEIGHBOR DISPUTE
OAKDALE POLICE DEPARTMENT,OAKDALE,7/26/2026 3:14:29 PM,OD26009453,"6XXX  40TH ST N, OAKDALE",911 ABANDONED/HANGUP/OPEN LINE
OAKDALE POLICE DEPARTMENT,OAKDALE,7/26/2026 3:26:29 PM,OD26009454,"1XXX  HELENA RD N, OAKDALE",PARKING VIOLATION
OAKDALE POLICE DEPARTMENT,OAKDALE,7/26/2026 4:19:06 PM,OD26009457,"6XXX  42ND ST N, OAKDALE",PARKING VIOLATION
OAKDALE POLICE DEPARTMENT,OAKDALE,7/26/2026 7:02:57 PM,OD26009462,"XXX Glenbrook Ave N, OAKDALE",NOISE COMPLAINT/DISTURBANCE
OAKDALE POLICE DEPARTMENT,OAKDALE,7/26/2026 7:06:15 PM,OD26009467,"6XXX  10th St N, OAKDALE",911 ABANDONED/HANGUP/OPEN LINE
OAKDALE POLICE DEPARTMENT,OAKDALE,7/26/2026 7:07:03 PM,OD26009463,"10Th St N & Hadley Ave N, OAKDALE",ROAD HAZARD
OAKDALE POLICE DEPARTMENT,OAKDALE,7/26/2026 7:17:17 PM,OD26009468,"5XXX  HADLEY AVE N, OAKDALE",WELFARE CHECK
OAKDALE POLICE DEPARTMENT,OAKDALE,7/26/2026 7:28:28 PM,OD26009469,"6XXX  52nd St N, OAKDALE",CITIZEN/PUBLIC ASSIST
OAKDALE POLICE DEPARTMENT,OAKDALE,7/26/2026 7:33:53 PM,OD26009465,"HADLEY AVE N / 27TH ST N, OAKDALE",ACCIDENT
OAKDALE POLICE DEPARTMENT,OAKDALE,7/26/2026 7:44:30 PM,OD26009466,"6XXX  52ND ST N, OAKDALE",DISTURBANCE
OAKDALE POLICE DEPARTMENT,OAKDALE,7/26/2026 10:41:52 PM,OD26009472,"XXX GREENWAY AVE N, OAKDALE",ASSIST OTHER AGENCY
OAKDALE POLICE DEPARTMENT,OAKDALE,7/26/2026 11:46:32 PM,OD26009475,"6XXX  15TH ST N, OAKDALE",OFFICER INFORMATION
OAKDALE POLICE DEPARTMENT,OAKDALE,7/27/2026 12:00:00 AM,OD26009496,"7XXX  2ND ST N, OAKDALE",CITIZEN/PUBLIC ASSIST
OAKDALE POLICE DEPARTMENT,OAKDALE,7/27/2026 2:51:58 AM,OD26009477,"4XXX  Geneva Ave N, OAKDALE",NEIGHBOR DISPUTE
OAKDALE POLICE DEPARTMENT,OAKDALE,7/27/2026 5:52:09 AM,OD26009480,"7XXX  13th St N, OAKDALE",CHILD CUSTODY
OAKDALE POLICE DEPARTMENT,OAKDALE,7/27/2026 7:18:38 AM,OD26009481,"Unknown, OAKDALE",CITIZEN/PUBLIC ASSIST
OAKDALE POLICE DEPARTMENT,OAKDALE,7/27/2026 8:31:00 AM,OD26009483,"UNKNOWN, OAKDALE",FOLLOW UP
OAKDALE POLICE DEPARTMENT,OAKDALE,7/27/2026 8:49:03 AM,OD26009484,"1XXX  Gershwin Ave N, OAKDALE",MEDICAL
OAKDALE POLICE DEPARTMENT,OAKDALE,7/27/2026 9:42:18 AM,OD26009487,"XXX Greenway Ave N, OAKDALE",FOLLOW UP
OAKDALE POLICE DEPARTMENT,OAKDALE,7/27/2026 11:15:33 AM,OD26009489,"7XXX  2ND ST N, OAKDALE",ASSIST OTHER AGENCY
OAKDALE POLICE DEPARTMENT,OAKDALE,7/27/2026 11:49:25 AM,OD26009491,"4XXX  Geneva Ave N, OAKDALE",MAIL THEFT
OAKDALE POLICE DEPARTMENT,OAKDALE,7/27/2026 11:51:41 AM,OD26009490,"4XXX  Gershwin Ave N, OAKDALE",PARKING COMPLAINT
OAKDALE POLICE DEPARTMENT,OAKDALE,7/27/2026 12:32:22 PM,OD26009493,"XXX Greene Ave N, OAKDALE",LIFT ASSIST
OAKDALE POLICE DEPARTMENT,OAKDALE,7/27/2026 12:39:08 PM,OD26009494,"XXX Inwood Ave N, OAKDALE",ANIMAL COMPLAINT
OAKDALE POLICE DEPARTMENT,OAKDALE,7/27/2026 2:20:46 PM,OD26009501,"6XXX  56th St N, OAKDALE",WELFARE CHECK
OAKDALE POLICE DEPARTMENT,OAKDALE,7/27/2026 2:25:04 PM,OD26009502,"7XXX  Upper 17th St N, OAKDALE",ANIMAL COMPLAINT
OAKDALE POLICE DEPARTMENT,OAKDALE,7/27/2026 2:47:59 PM,OD26009503,"6XXX  50th St N, OAKDALE",MEDICAL
OAKDALE POLICE DEPARTMENT,OAKDALE,7/27/2026 2:59:00 PM,OD26009504,"7XXX  10th St N, OAKDALE",PROPERTY DAMAGE
OAKDALE POLICE DEPARTMENT,OAKDALE,7/27/2026 6:31:00 PM,OD26009508,"1XXX  GENEVA AVE N, OAKDALE",TRAFFIC STOP
OAKDALE POLICE DEPARTMENT,OAKDALE,7/27/2026 7:16:29 PM,OD26009509,"XXX Hale Ave N, OAKDALE",911 ABANDONED/HANGUP/OPEN LINE
OAKDALE POLICE DEPARTMENT,OAKDALE,7/27/2026 7:42:37 PM,OD26009510,"3XXX  Heath Ave N, OAKDALE",DISTURBANCE
OAKDALE POLICE DEPARTMENT,OAKDALE,7/27/2026 7:57:21 PM,OD26009511,"3XXX  Granada Way N, OAKDALE",MEDICAL
OAKDALE POLICE DEPARTMENT,OAKDALE,7/27/2026 8:00:34 PM,OD26009512,"XXX Inwood Ave N, OAKDALE",911 ABANDONED/HANGUP/OPEN LINE
OAKDALE POLICE DEPARTMENT,OAKDALE,7/27/2026 8:34:16 PM,OD26009513,"5XXX  Hadley Ave N, OAKDALE",SHOPLIFTING
OAKDALE POLICE DEPARTMENT,OAKDALE,7/27/2026 9:10:36 PM,OD26009514,"26th St N / Glenbrook Ave N, OAKDALE",DISTURBANCE
OAKDALE POLICE DEPARTMENT,OAKDALE,7/27/2026 9:51:32 PM,OD26009515,"GREYSTONE AVE N / HUDSON BLVD N, OAKDALE",TRAFFIC STOP
OAKDALE POLICE DEPARTMENT,OAKDALE,7/27/2026 10:03:02 PM,OD26009516,"XXX GOODVIEW AVE N, OAKDALE",NOISE COMPLAINT/DISTURBANCE
OAKDALE POLICE DEPARTMENT,OAKDALE,7/27/2026 10:15:44 PM,OD26009517,"5XXX  Hadley Ave N, OAKDALE",FIGHT
OAKDALE POLICE DEPARTMENT,OAKDALE,7/27/2026 10:36:17 PM,OD26009518,"3XXX  Hadley Ave N, OAKDALE",WELFARE CHECK
OAKDALE POLICE DEPARTMENT,OAKDALE,7/27/2026 11:45:42 PM,OD26009520,"13XXX -BLK GENEVA AVE N, OAKDALE",TRAFFIC STOP
OAKDALE POLICE DEPARTMENT,OAKDALE,7/28/2026 12:00:00 AM,OD26009556,"6XXX  15TH ST N, OAKDALE",FRAUD/SCAM
OAKDALE POLICE DEPARTMENT,OAKDALE,7/28/2026 12:14:49 AM,OD26009521,"1XXX  GENTRY AVE N, OAKDALE",WARRANT ATTEMPT
OAKDALE POLICE DEPARTMENT,OAKDALE,7/28/2026 12:17:53 AM,OD26009522,"XXX Helena Ave N, OAKDALE",SUSPICIOUS PERSON/ACTIVITY
OAKDALE POLICE DEPARTMENT,OAKDALE,7/28/2026 12:37:55 AM,OD26009523,"2XXX  Geneva Ave N, OAKDALE",TRAFFIC STOP
OAKDALE POLICE DEPARTMENT,OAKDALE,7/28/2026 12:46:08 AM,OD26009524,"1XXX  GENEVA AVE N, OAKDALE",TRAFFIC STOP
OAKDALE POLICE DEPARTMENT,OAKDALE,7/28/2026 12:56:26 AM,OD26009526,"1XXX  Glenbrook Ave N, OAKDALE",HARASSMENT
OAKDALE POLICE DEPARTMENT,OAKDALE,7/28/2026 12:59:23 AM,OD26009525,"2XXX  GENEVA AVE N, OAKDALE",TRAFFIC STOP
OAKDALE POLICE DEPARTMENT,OAKDALE,7/28/2026 1:26:32 AM,OD26009527,"6XXX  34TH ST N, OAKDALE",TRAFFIC STOP
OAKDALE POLICE DEPARTMENT,OAKDALE,7/28/2026 1:40:42 AM,OD26009528,"1XXX  Helena Rd N, OAKDALE",PARKING COMPLAINT
OAKDALE POLICE DEPARTMENT,OAKDALE,7/28/2026 2:14:21 AM,OD26009529,"6XXX  HUDSON BLVD N, OAKDALE",TRAFFIC STOP
OAKDALE POLICE DEPARTMENT,OAKDALE,7/28/2026 6:37:36 AM,OD26009531,"1XXX  Hadley Ave N, OAKDALE",911 ABANDONED/HANGUP/OPEN LINE
OAKDALE POLICE DEPARTMENT,OAKDALE,7/28/2026 8:02:29 AM,OD26009533,"4XXX  Hamlet Ave N, OAKDALE",CITIZEN/PUBLIC ASSIST
OAKDALE POLICE DEPARTMENT,OAKDALE,7/28/2026 8:57:44 AM,OD26009536,"1XXX  GREYSTONE AVE N, OAKDALE",PARKING COMPLAINT
OAKDALE POLICE DEPARTMENT,OAKDALE,7/28/2026 10:44:40 AM,OD26009537,"3XXX  Hayward Ave N, OAKDALE",SUICIDE ATTEMPT/THREATS OF
OAKDALE POLICE DEPARTMENT,OAKDALE,7/28/2026 10:59:59 AM,OD26009538,"4XXX  HAMLET AVE N, OAKDALE",THEFT
OAKDALE POLICE DEPARTMENT,OAKDALE,7/28/2026 11:38:25 AM,OD26009540,"3XXX  GRANADA LN N, OAKDALE",FRAUD/SCAM
OAKDALE POLICE DEPARTMENT,OAKDALE,7/28/2026 11:43:33 AM,OD26009541,"3XXX  GENEVIEVE AVE N, OAKDALE",PROPERTY DAMAGE
OAKDALE POLICE DEPARTMENT,OAKDALE,7/28/2026 12:06:05 PM,OD26009542,"7XXX  46TH STREET WAY N, OAKDALE",INCIDENT
OAKDALE POLICE DEPARTMENT,OAKDALE,7/28/2026 12:24:52 PM,OD26009544,"6XXX  22ND ST N, OAKDALE",MEDICAL
OAKDALE POLICE DEPARTMENT,OAKDALE,7/28/2026 1:47:23 PM,OD26009548,"XXX GUTHRIE AVE N, OAKDALE",PARKING COMPLAINT
OAKDALE POLICE DEPARTMENT,OAKDALE,7/28/2026 3:16:28 PM,OD26009550,"6XXX  15TH ST N, OAKDALE",JUVENILE COMPLAINT
OAKDALE POLICE DEPARTMENT,OAKDALE,7/28/2026 3:34:46 PM,OD26009552,"7XXX  10TH ST N, OAKDALE",ALARM-BUSINESS/RES/FIRE/MEDICAL/ETC
OAKDALE POLICE DEPARTMENT,OAKDALE,7/28/2026 3:35:00 PM,OD26009551,"5XXX  HADLEY AVE N, OAKDALE",SHOPLIFTING
OAKDALE POLICE DEPARTMENT,OAKDALE,7/28/2026 3:50:00 PM,OD26009553,"7XXX  2ND ST N, OAKDALE",IDENTITY THEFT
OAKDALE POLICE DEPARTMENT,OAKDALE,7/28/2026 4:03:36 PM,OD26009557,"7XXX  9th St N, OAKDALE",911 ABANDONED/HANGUP/OPEN LINE
OAKDALE POLICE DEPARTMENT,OAKDALE,7/28/2026 4:17:44 PM,OD26009558,"6XXX  15TH ST N, OAKDALE",TRESPASSING
OAKDALE POLICE DEPARTMENT,OAKDALE,7/28/2026 4:21:08 PM,OD26009559,"7XXX  42nd Street Ct N, OAKDALE",PARKING COMPLAINT
OAKDALE POLICE DEPARTMENT,OAKDALE,7/28/2026 4:25:28 PM,OD26009560,"7XXX  43RD ST N, OAKDALE",PARKING COMPLAINT
OAKDALE POLICE DEPARTMENT,OAKDALE,7/28/2026 5:31:35 PM,OD26009562,"6XXX  40th St N, OAKDALE",CIVIL MATTER/DISPUTE
OAKDALE POLICE DEPARTMENT,OAKDALE,7/28/2026 5:37:46 PM,OD26009563,"6XXX  15th St N, OAKDALE",FRAUD/SCAM
OAKDALE POLICE DEPARTMENT,OAKDALE,7/28/2026 6:01:17 PM,OD26009565,"2XXX  Glenbrook Ave N, OAKDALE",JUVENILE COMPLAINT
OAKDALE POLICE DEPARTMENT,OAKDALE,7/28/2026 6:05:06 PM,OD26009566,"I94 Wb To I694 Nb Ramp, OAKDALE",ACCIDENT
OAKDALE POLICE DEPARTMENT,OAKDALE,7/28/2026 6:18:10 PM,OD26009567,"4XXX  Gershwin Ave N, OAKDALE",DISTURBANCE
OAKDALE POLICE DEPARTMENT,OAKDALE,7/28/2026 6:37:38 PM,OD26009568,"1XXX  HADLEY AVE N, OAKDALE",DEATH
OAKDALE POLICE DEPARTMENT,OAKDALE,7/28/2026 7:10:34 PM,OD26009569,"XXX Geneva Ave N, OAKDALE",SHOPLIFTING
OAKDALE POLICE DEPARTMENT,OAKDALE,7/28/2026 7:14:21 PM,OD26009570,"7XXX  32ND ST N, OAKDALE",DISTURBANCE
OAKDALE POLICE DEPARTMENT,OAKDALE,7/28/2026 7:34:10 PM,OD26009571,"7XXX  9th Street Ct N, OAKDALE",911 ABANDONED/HANGUP/OPEN LINE
OAKDALE POLICE DEPARTMENT,OAKDALE,7/28/2026 7:58:58 PM,OD26009572,"XXX Inwood Ave N, OAKDALE",UNWANTED PERSON/VEHICLE
OAKDALE POLICE DEPARTMENT,OAKDALE,7/28/2026 8:52:39 PM,OD26009573,"XXX Inwood Ave N, OAKDALE",DISTURBANCE
OAKDALE POLICE DEPARTMENT,OAKDALE,7/28/2026 9:10:30 PM,OD26009574,"3XXX  HAYWARD AVE N, OAKDALE",ASSIST OTHER AGENCY
OAKDALE POLICE DEPARTMENT,OAKDALE,7/28/2026 9:15:36 PM,OD26009575,"6XXX  7th St N, OAKDALE",DISTURBANCE
OAKDALE POLICE DEPARTMENT,OAKDALE,7/28/2026 9:19:08 PM,OD26009576,"XXX INWOOD AVE N, OAKDALE",FOUND PROPERTY/ITEM
OAKDALE POLICE DEPARTMENT,OAKDALE,7/28/2026 10:07:59 PM,OD26009578,"6XXX  Upper 35th St N, OAKDALE",MEDICAL
OAKDALE POLICE DEPARTMENT,OAKDALE,7/28/2026 10:14:09 PM,OD26009579,"47TH ST N / HADLEY AVE N, OAKDALE",TRAFFIC STOP
OAKDALE POLICE DEPARTMENT,OAKDALE,7/28/2026 10:18:58 PM,OD26009580,"7XXX  10th St N, OAKDALE",SHOPLIFTING
OAKDALE POLICE DEPARTMENT,OAKDALE,7/28/2026 10:32:32 PM,OD26009581,"6XXX  21ST ST N, OAKDALE",DISTURBANCE
OAKDALE POLICE DEPARTMENT,OAKDALE,7/28/2026 10:52:57 PM,OD26009582,"3XXX  GENEVA AVE N, OAKDALE",TRAFFIC STOP
OAKDALE POLICE DEPARTMENT,OAKDALE,7/28/2026 11:14:31 PM,OD26009583,"6XXX  15th St N, OAKDALE",CITIZEN/PUBLIC ASSIST
OAKDALE POLICE DEPARTMENT,OAKDALE,7/28/2026 11:30:49 PM,OD26009584,"6XXX  21ST ST N, OAKDALE",DISTURBANCE
OAKDALE POLICE DEPARTMENT,OAKDALE,7/28/2026 11:58:22 PM,OD26009585,"GENEVA AVE N & HADLEY AVE N, OAKDALE",TRAFFIC STOP
OAKDALE POLICE DEPARTMENT,OAKDALE,7/29/2026 12:00:00 AM,OD26009632,"GENEVA AVE N & 10TH ST N, OAKDALE",TRAFFIC STOP
OAKDALE POLICE DEPARTMENT,OAKDALE,7/29/2026 1:11:24 AM,OD26009587,"4XXX  GENEVA AVE N, OAKDALE",TRAFFIC STOP
OAKDALE POLICE DEPARTMENT,OAKDALE,7/29/2026 1:45:01 AM,OD26009589,"UPPER 35TH ST N / GENEVA AVE N, OAKDALE",TRAFFIC STOP
OAKDALE POLICE DEPARTMENT,OAKDALE,7/29/2026 3:19:24 AM,OD26009590,"4XXX  Grenwich Trl N, OAKDALE",PROPERTY DAMAGE
OAKDALE POLICE DEPARTMENT,OAKDALE,7/29/2026 11:23:20 AM,OD26009593,"7XXX  15TH ST N, OAKDALE",THEFT
OAKDALE POLICE DEPARTMENT,OAKDALE,7/29/2026 11:42:40 AM,OD26009595,"6XXX  21ST ST N, OAKDALE",HARASSMENT
OAKDALE POLICE DEPARTMENT,OAKDALE,7/29/2026 11:45:52 AM,OD26009594,"3XXX  HADLEY AVE N, OAKDALE",FOUND PROPERTY/ITEM
OAKDALE POLICE DEPARTMENT,OAKDALE,7/29/2026 12:20:27 PM,OD26009597,"XXX Glenbrook Ave N, OAKDALE",ALARM-BUSINESS/RES/FIRE/MEDICAL/ETC
OAKDALE POLICE DEPARTMENT,OAKDALE,7/29/2026 1:04:35 PM,OD26009598,"6XXX  40TH ST N, OAKDALE",PARKING VIOLATION
OAKDALE POLICE DEPARTMENT,OAKDALE,7/29/2026 1:13:57 PM,OD26009599,"34TH ST N / IDEAL AVE N, OAKDALE",TRAFFIC COMPLAINT
OAKDALE POLICE DEPARTMENT,OAKDALE,7/29/2026 1:26:24 PM,OD26009600,"7XXX  41ST ST N, OAKDALE",NEIGHBOR DISPUTE
OAKDALE POLICE DEPARTMENT,OAKDALE,7/29/2026 1:43:57 PM,OD26009602,"7XXX  11th St N, OAKDALE",MEDICAL
OAKDALE POLICE DEPARTMENT,OAKDALE,7/29/2026 1:56:38 PM,OD26009603,"1XXX  HALLMARK LN N, OAKDALE",WELFARE CHECK
OAKDALE POLICE DEPARTMENT,OAKDALE,7/29/2026 2:38:30 PM,OD26009604,"3XXX  Hadley Ave N, OAKDALE",CIVIL MATTER/DISPUTE
OAKDALE POLICE DEPARTMENT,OAKDALE,7/29/2026 2:54:00 PM,OD26009605,"6XXX  15TH ST N, OAKDALE",WARRANT ARREST
OAKDALE POLICE DEPARTMENT,OAKDALE,7/29/2026 2:57:45 PM,OD26009606,"Upper 26th St N / Hydram Ave N, OAKDALE",ACCIDENT
OAKDALE POLICE DEPARTMENT,OAKDALE,7/29/2026 3:08:51 PM,OD26009607,"8XXX  3RD ST N, OAKDALE",SHOPLIFTING
OAKDALE POLICE DEPARTMENT,OAKDALE,7/29/2026 3:14:41 PM,OD26009610,"1XXX  Gentry Ave N, OAKDALE",ANIMAL COMPLAINT
OAKDALE POLICE DEPARTMENT,OAKDALE,7/29/2026 3:47:13 PM,OD26009611,"Geneva Ave N / Stillwater Blvd N, OAKDALE",WELFARE CHECK
OAKDALE POLICE DEPARTMENT,OAKDALE,7/29/2026 4:18:31 PM,OD26009613,"5XXX  HADLEY AVE N, OAKDALE",SHOPLIFTING
OAKDALE POLICE DEPARTMENT,OAKDALE,7/29/2026 4:25:15 PM,OD26009614,"Granada Ave N / 40th St N, OAKDALE",JUVENILE COMPLAINT
OAKDALE POLICE DEPARTMENT,OAKDALE,7/29/2026 4:37:00 PM,OD26009615,"GRANADA AVE N / 31ST ST N, OAKDALE",TRAFFIC STOP
OAKDALE POLICE DEPARTMENT,OAKDALE,7/29/2026 4:46:00 PM,OD26009616,"34TH ST N & GRANADA AVE N, OAKDALE",MOTORIST ASSIST
OAKDALE POLICE DEPARTMENT,OAKDALE,7/29/2026 5:00:45 PM,OD26009619,"XXX Grafton Ave N, OAKDALE",DISTURBANCE
OAKDALE POLICE DEPARTMENT,OAKDALE,7/29/2026 5:03:04 PM,OD26009618,"3XXX  Hadley Ave N, OAKDALE",ASSIST OTHER AGENCY
OAKDALE POLICE DEPARTMENT,OAKDALE,7/29/2026 5:23:09 PM,OD26009620,"8XXX  3rd St N, OAKDALE",SUSPICIOUS PERSON/ACTIVITY
OAKDALE POLICE DEPARTMENT,OAKDALE,7/29/2026 8:31:48 PM,OD26009629,"3XXX  Hadley Ave N, OAKDALE",WELFARE CHECK
OAKDALE POLICE DEPARTMENT,OAKDALE,7/29/2026 9:00:01 PM,OD26009628,"6XXX  22nd St N, OAKDALE",911 ABANDONED/HANGUP/OPEN LINE
OAKDALE POLICE DEPARTMENT,OAKDALE,7/29/2026 9:28:08 PM,OD26009630,"1XXX  GENTRY AVE N, OAKDALE",SUSPICIOUS PERSON/ACTIVITY
OAKDALE POLICE DEPARTMENT,OAKDALE,7/29/2026 9:41:05 PM,OD26009631,"1XXX  Granada Trl N, OAKDALE",SUSPICIOUS PERSON/ACTIVITY
OAKDALE POLICE DEPARTMENT,OAKDALE,7/29/2026 10:13:07 PM,OD26009633,"XXX GLENBROOK AVE N, OAKDALE",SUSPICIOUS PERSON/ACTIVITY
OAKDALE POLICE DEPARTMENT,OAKDALE,7/29/2026 10:15:56 PM,OD26009634,"4XXX  GENEVA AVE N, OAKDALE",TRAFFIC STOP
OAKDALE POLICE DEPARTMENT,OAKDALE,7/29/2026 10:29:52 PM,OD26009635,"6XXX  50th St N, OAKDALE",WELFARE CHECK
OAKDALE POLICE DEPARTMENT,OAKDALE,7/29/2026 10:37:26 PM,OD26009636,"6XXX  15TH ST N, OAKDALE",ALARM-BUSINESS/RES/FIRE/MEDICAL/ETC
OAKDALE POLICE DEPARTMENT,OAKDALE,7/29/2026 11:37:25 PM,OD26009639,"4XXX  HADLEY AVE N, OAKDALE",PARK INCIDENT-CITY/COUNTY
OAKDALE POLICE DEPARTMENT,OAKDALE,7/30/2026 12:00:00 AM,OD26009642,"3XXX  HADLEY AVE N, OAKDALE",DRUGS
OAKDALE POLICE DEPARTMENT,OAKDALE,7/30/2026 12:00:00 AM,OD26009651,"7XXX  Upper 26th St N, OAKDALE",ANIMAL COMPLAINT
OAKDALE POLICE DEPARTMENT,OAKDALE,7/30/2026 12:00:00 AM,OD26009653,"4XXX  Gershwin Ave N, OAKDALE",PARKING VIOLATION
OAKDALE POLICE DEPARTMENT,OAKDALE,7/30/2026 12:00:00 AM,OD26009667,"7XXX  10TH ST N, OAKDALE",ACCIDENT
OAKDALE POLICE DEPARTMENT,OAKDALE,7/30/2026 1:16:35 AM,OD26009644,"XXX GLENBROOK AVE N, OAKDALE",FIREWORKS
OAKDALE POLICE DEPARTMENT,OAKDALE,7/30/2026 1:42:00 AM,OD26009645,"GENEVA AVE N / 15TH ST N, OAKDALE",TRAFFIC STOP
OAKDALE POLICE DEPARTMENT,OAKDALE,7/30/2026 1:50:41 AM,OD26009646,"I694 SB JNO 34TH ST N, OAKDALE",TRAFFIC STOP
OAKDALE POLICE DEPARTMENT,OAKDALE,7/30/2026 6:54:59 AM,OD26009647,"34TH ST N / I694, OAKDALE",ACCIDENT
OAKDALE POLICE DEPARTMENT,OAKDALE,7/30/2026 8:02:29 AM,OD26009650,"1XXX  Gentry Ave N, OAKDALE",HARASSMENT
OAKDALE POLICE DEPARTMENT,OAKDALE,7/30/2026 9:00:48 AM,OD26009654,"XXX GENEVA AVE N, OAKDALE",CITIZEN/PUBLIC ASSIST
OAKDALE POLICE DEPARTMENT,OAKDALE,7/30/2026 10:07:13 AM,OD26009655,"6XXX  10TH ST N, OAKDALE",MEDICAL
OAKDALE POLICE DEPARTMENT,OAKDALE,7/30/2026 10:18:48 AM,OD26009656,"5XXX  Geneva Ave N, OAKDALE",MEDICAL
OAKDALE POLICE DEPARTMENT,OAKDALE,7/30/2026 11:22:04 AM,OD26009663,"XXX Greenway Ave N, OAKDALE",PROPERTY DAMAGE
OAKDALE POLICE DEPARTMENT,OAKDALE,7/30/2026 11:30:12 AM,OD26009664,"HADLEY AVE N / 34TH ST N, OAKDALE",MOTORIST ASSIST
OAKDALE POLICE DEPARTMENT,OAKDALE,7/30/2026 11:51:58 AM,OD26009666,"6XXX  13TH STREET CIR N, OAKDALE",DRIVING COMPLAINT
OAKDALE POLICE DEPARTMENT,OAKDALE,7/30/2026 12:32:45 PM,OD26009670,"6XXX  15th St N, OAKDALE",TRAFFIC COMPLAINT
OAKDALE POLICE DEPARTMENT,OAKDALE,7/30/2026 1:41:50 PM,OD26009676,"3XXX  Gershwin Ln N, OAKDALE",FRAUD/SCAM
OAKDALE POLICE DEPARTMENT,OAKDALE,7/30/2026 3:35:25 PM,OD26009680,"15TH ST N / GENEVA AVE N, OAKDALE",MOTORIST ASSIST
OAKDALE POLICE DEPARTMENT,OAKDALE,7/30/2026 3:35:42 PM,OD26009681,"XXX Gershwin Ave N, OAKDALE",BURGLARY
OAKDALE POLICE DEPARTMENT,OAKDALE,7/30/2026 4:43:04 PM,OD26009683,"1XXX  HELMO AVE N, OAKDALE",VEHICLE UNLOCK
OAKDALE POLICE DEPARTMENT,OAKDALE,7/30/2026 5:42:25 PM,OD26009685,"1XXX  GRANADA TRL N, OAKDALE",DISTURBANCE
OAKDALE POLICE DEPARTMENT,OAKDALE,7/30/2026 5:49:24 PM,OD26009686,"1XXX  Helmo Ave N, OAKDALE",ACCIDENT
OAKDALE POLICE DEPARTMENT,OAKDALE,7/30/2026 6:38:53 PM,OD26009688,"1XXX  GENEVA AVE N, OAKDALE",SUSPICIOUS PERSON/ACTIVITY
OAKDALE POLICE DEPARTMENT,OAKDALE,7/30/2026 6:50:44 PM,OD26009689,"7XXX  32ND ST N, OAKDALE",CITIZEN/PUBLIC ASSIST
OAKDALE POLICE DEPARTMENT,OAKDALE,7/30/2026 8:38:00 PM,OD26009690,"4XXX  GENEVA AVE N, OAKDALE",TRAFFIC STOP
OAKDALE POLICE DEPARTMENT,OAKDALE,7/30/2026 8:38:57 PM,OD26009691,"34th St N / Hadley Ave N, OAKDALE",ACCIDENT
OAKDALE POLICE DEPARTMENT,OAKDALE,7/30/2026 9:03:27 PM,OD26009693,"8XXX  4TH ST N, OAKDALE",MEDICAL
OAKDALE POLICE DEPARTMENT,OAKDALE,7/30/2026 9:23:49 PM,OD26009694,"1XXX  HELMO RD N, OAKDALE",JUVENILE COMPLAINT
OAKDALE POLICE DEPARTMENT,OAKDALE,7/30/2026 9:53:12 PM,OD26009695,"3XXX  GERSHWIN LN N, OAKDALE",MEDICAL
OAKDALE POLICE DEPARTMENT,OAKDALE,7/30/2026 9:57:50 PM,OD26009697,"7XXX  55TH ST N, OAKDALE",ASSIST OTHER AGENCY
OAKDALE POLICE DEPARTMENT,OAKDALE,7/31/2026 4:23:44 AM,OD26009702,"7XXX  33rd St N, OAKDALE",ALARM-BUSINESS/RES/FIRE/MEDICAL/ETC
OAKDALE POLICE DEPARTMENT,OAKDALE,7/31/2026 6:05:04 AM,OD26009703,"XXX Grafton Ave N, OAKDALE",MEDICAL
OAKDALE POLICE DEPARTMENT,OAKDALE,7/31/2026 9:44:33 AM,OD26009707,"1XXX  Hallmark Ln N, OAKDALE",CITIZEN/PUBLIC ASSIST
OAKDALE POLICE DEPARTMENT,OAKDALE,7/31/2026 10:45:27 AM,OD26009709,"6XXX  15TH ST N, OAKDALE",MEDICAL
OAKDALE POLICE DEPARTMENT,OAKDALE,7/31/2026 11:08:41 AM,OD26009712,"7XXX  32nd St N, OAKDALE",TRESPASSING
OAKDALE POLICE DEPARTMENT,OAKDALE,7/31/2026 11:48:14 AM,OD26009715,"1XXX  GENTRY AVE N, OAKDALE",CITIZEN/PUBLIC ASSIST
OAKDALE POLICE DEPARTMENT,OAKDALE,7/31/2026 12:59:46 PM,OD26009717,"7XXX  15th Street Ln N, OAKDALE",ALARM-BUSINESS/RES/FIRE/MEDICAL/ETC
OAKDALE POLICE DEPARTMENT,OAKDALE,7/31/2026 1:01:59 PM,OD26009718,"6XXX  7th St N, OAKDALE",MOTOR VEHICLE THEFT
OAKDALE POLICE DEPARTMENT,OAKDALE,7/31/2026 1:31:04 PM,OD26009721,"6XXX  7TH ST N, OAKDALE",VEHICLE TAMPERING
OAKDALE POLICE DEPARTMENT,OAKDALE,7/31/2026 1:59:23 PM,OD26009722,"7XXX  46th St N, OAKDALE",SUSPICIOUS PERSON/ACTIVITY
OAKDALE POLICE DEPARTMENT,OAKDALE,7/31/2026 2:09:37 PM,OD26009723,"6XXX  15th St N, OAKDALE",FOLLOW UP
OAKDALE POLICE DEPARTMENT,OAKDALE,7/31/2026 2:45:33 PM,OD26009724,"63XXX -BLK 6TH ST N, OAKDALE",RECOVERED STOLEN
OAKDALE POLICE DEPARTMENT,OAKDALE,7/31/2026 3:01:29 PM,OD26009725,"6XXX  15th St N, OAKDALE",ACCIDENT
OAKDALE POLICE DEPARTMENT,OAKDALE,7/31/2026 5:02:38 PM,OD26009729,"XXX GOODVIEW AVE N, OAKDALE",NOISE COMPLAINT/DISTURBANCE
OAKDALE POLICE DEPARTMENT,OAKDALE,7/31/2026 5:05:22 PM,OD26009728,"Geneva Ave N / Minnehaha Ave E, OAKDALE",ASSIST OTHER AGENCY
OAKDALE POLICE DEPARTMENT,OAKDALE,7/31/2026 5:23:03 PM,OD26009731,"1XXX  Glenbrook Ave N, OAKDALE",SUSPICIOUS PERSON/ACTIVITY
OAKDALE POLICE DEPARTMENT,OAKDALE,7/31/2026 5:43:50 PM,OD26009730,"4XXX  HAMLET AVE N, OAKDALE",911 ABANDONED/HANGUP/OPEN LINE
OAKDALE POLICE DEPARTMENT,OAKDALE,7/31/2026 6:45:03 PM,OD26009733,"6XXX  Stillwater Blvd N, OAKDALE",SUICIDE
OAKDALE POLICE DEPARTMENT,OAKDALE,7/31/2026 7:02:19 PM,OD26009735,"XXX HALE AVE N, OAKDALE",911 ABANDONED/HANGUP/OPEN LINE
OAKDALE POLICE DEPARTMENT,OAKDALE,7/31/2026 7:33:15 PM,OD26009744,"6XXX  21st St N, OAKDALE",DISTURBANCE
OAKDALE POLICE DEPARTMENT,OAKDALE,7/31/2026 7:52:08 PM,OD26009740,"1XXX  Hadley Ave N, OAKDALE",FOLLOW UP
OAKDALE POLICE DEPARTMENT,OAKDALE,7/31/2026 8:18:19 PM,OD26009741,"1XXX  HERON AVE N, OAKDALE",DISTURBANCE
OAKDALE POLICE DEPARTMENT,OAKDALE,7/31/2026 8:25:01 PM,OD26009742,"8XXX  4th St N, OAKDALE",MEDICAL
OAKDALE POLICE DEPARTMENT,OAKDALE,7/31/2026 8:29:58 PM,OD26009743,"XXX GREENE AVE N, OAKDALE",SUSPICIOUS PERSON/ACTIVITY
OAKDALE POLICE DEPARTMENT,OAKDALE,7/31/2026 9:24:23 PM,OD26009745,"Helmo Ave N / 40th St N, OAKDALE",ACCIDENT
OAKDALE POLICE DEPARTMENT,OAKDALE,7/31/2026 9:37:59 PM,OD26009746,"10th St N / Hadley Ave N, OAKDALE",DISTURBANCE
OAKDALE POLICE DEPARTMENT,OAKDALE,7/31/2026 11:19:45 PM,OD26009749,"4XXX  HADLEY AVE N, OAKDALE",TRAFFIC STOP
OAKDALE POLICE DEPARTMENT,OAKDALE,7/31/2026 11:42:01 PM,OD26009750,"6XXX  Stillwater Blvd N, OAKDALE",FOLLOW UP
OAKDALE POLICE DEPARTMENT,OAKDALE,7/31/2026 11:54:14 PM,OD26009751,"4XXX  GENEVA AVE N, OAKDALE",TRAFFIC STOP
OAKDALE POLICE DEPARTMENT,OAKDALE,8/1/2026 12:17:51 AM,OD26009752,"34TH ST N / GENEVA AVE N, OAKDALE",TRAFFIC STOP
OAKDALE POLICE DEPARTMENT,OAKDALE,8/1/2026 12:22:02 AM,OD26009753,"6XXX  25th St N, OAKDALE",MEDICAL
OAKDALE POLICE DEPARTMENT,OAKDALE,8/1/2026 1:12:45 AM,OD26009754,"XXX Geneva Ave N, OAKDALE",TRAFFIC STOP
OAKDALE POLICE DEPARTMENT,OAKDALE,8/1/2026 1:20:04 AM,OD26009755,"3XXX  Geneva Ave North, OAKDALE",TRAFFIC STOP
OAKDALE POLICE DEPARTMENT,OAKDALE,8/1/2026 1:20:27 AM,OD26009756,"Upper 35th St N / Grovner Rd N, OAKDALE",SUSPICIOUS PERSON/ACTIVITY
OAKDALE POLICE DEPARTMENT,OAKDALE,8/1/2026 2:07:00 AM,OD26009757,"GENEVA AVE N / I694, OAKDALE",TRAFFIC STOP
OAKDALE POLICE DEPARTMENT,OAKDALE,8/1/2026 2:12:36 AM,OD26009758,"HAMLET AVE N / 50TH ST N, OAKDALE",TRAFFIC STOP
OAKDALE POLICE DEPARTMENT,OAKDALE,8/1/2026 2:20:38 AM,OD26009759,"5XXX  Hadley Ave N, OAKDALE",TRAFFIC STOP
OAKDALE POLICE DEPARTMENT,OAKDALE,8/1/2026 3:44:11 AM,OD26009761,"6XXX  34TH ST N, OAKDALE",TRAFFIC STOP
OAKDALE POLICE DEPARTMENT,OAKDALE,8/1/2026 4:02:59 AM,OD26009763,"10TH ST N / GENEVA AVE N, OAKDALE",TRAFFIC STOP
OAKDALE POLICE DEPARTMENT,OAKDALE,8/1/2026 6:05:16 AM,OD26009767,"6XXX  40th St N, OAKDALE",CIVIL MATTER/DISPUTE
OAKDALE POLICE DEPARTMENT,OAKDALE,8/1/2026 7:59:20 AM,OD26009768,"2XXX  GRENADIER AVE N, OAKDALE",NOISE COMPLAINT/DISTURBANCE
OAKDALE POLICE DEPARTMENT,OAKDALE,8/1/2026 8:03:24 AM,OD26009769,"7XXX  16TH ST N, OAKDALE",DISTURBANCE
OAKDALE POLICE DEPARTMENT,OAKDALE,8/1/2026 9:18:16 AM,OD26009771,"8XXX  4TH ST N, OAKDALE",TRAFFIC STOP
OAKDALE POLICE DEPARTMENT,OAKDALE,8/1/2026 9:24:13 AM,OD26009772,"1XXX  Granada Rd N, OAKDALE",SUSPICIOUS PERSON/ACTIVITY
OAKDALE POLICE DEPARTMENT,OAKDALE,8/1/2026 10:32:30 AM,OD26009773,"XXX Hadley Ave N, OAKDALE",911 ABANDONED/HANGUP/OPEN LINE
OAKDALE POLICE DEPARTMENT,OAKDALE,8/1/2026 11:19:15 AM,OD26009774,"6XXX  40th St N, OAKDALE",ANIMAL COMPLAINT
OAKDALE POLICE DEPARTMENT,OAKDALE,8/1/2026 4:04:15 PM,OD26009779,"2XXX  GRENADIER AVE N, OAKDALE",CIVIL MATTER/DISPUTE
OAKDALE POLICE DEPARTMENT,OAKDALE,8/1/2026 4:34:36 PM,OD26009781,"7XXX  38TH ST N, OAKDALE",MISSING PERSON
OAKDALE POLICE DEPARTMENT,OAKDALE,8/1/2026 4:44:41 PM,OD26009782,"32ND ST N / IDEAL AVE N, OAKDALE",JUVENILE COMPLAINT
OAKDALE POLICE DEPARTMENT,OAKDALE,8/1/2026 4:52:05 PM,OD26009783,"3XXX  Goodwin Ave N, OAKDALE",MEDICAL
OAKDALE POLICE DEPARTMENT,OAKDALE,8/1/2026 4:54:17 PM,OD26009784,"6XXX  23RD ST N, OAKDALE",CIVIL MATTER/DISPUTE
OAKDALE POLICE DEPARTMENT,OAKDALE,8/1/2026 5:29:08 PM,OD26009785,"2XXX  HAYWARD AVE N, OAKDALE",911 ABANDONED/HANGUP/OPEN LINE
OAKDALE POLICE DEPARTMENT,OAKDALE,8/1/2026 5:46:42 PM,OD26009786,"GENEVA AVE N / 40TH ST N, OAKDALE",ASSIST OTHER AGENCY
OAKDALE POLICE DEPARTMENT,OAKDALE,8/1/2026 5:59:36 PM,OD26009787,"XX Greenway Ave N, OAKDALE",WELFARE CHECK
OAKDALE POLICE DEPARTMENT,OAKDALE,8/1/2026 7:57:02 PM,OD26009788,"5XXX  Hadley Ave N, OAKDALE",DISTURBANCE
OAKDALE POLICE DEPARTMENT,OAKDALE,8/1/2026 9:39:30 PM,OD26009790,"6XXX  15TH ST N, OAKDALE",OFFICER COMPLAINT/ALLEGATION
OAKDALE POLICE DEPARTMENT,OAKDALE,8/1/2026 9:46:22 PM,OD26009791,"6XXX  10TH ST N, OAKDALE",TRAFFIC STOP
OAKDALE POLICE DEPARTMENT,OAKDALE,8/1/2026 10:23:33 PM,OD26009793,"GENEVA AVE N & 22ND ST N, OAKDALE",TRAFFIC STOP
OAKDALE POLICE DEPARTMENT,OAKDALE,8/1/2026 10:23:47 PM,OD26009794,"3XXX  HADLEY AVE N, OAKDALE",TRAFFIC STOP
OAKDALE POLICE DEPARTMENT,OAKDALE,8/1/2026 11:05:59 PM,OD26009795,"TANNERS LAKE, OAKDALE",SUSPICIOUS PERSON/ACTIVITY
OAKDALE POLICE DEPARTMENT,OAKDALE,8/1/2026 11:08:48 PM,OD26009796,"HADLEY AVE N / GENEVA AVE N, OAKDALE",TRAFFIC STOP
OAKDALE POLICE DEPARTMENT,OAKDALE,8/1/2026 11:20:05 PM,OD26009797,"6XXX  10TH ST N , OAKDALE",TRAFFIC STOP
OAKDALE POLICE DEPARTMENT,OAKDALE,8/1/2026 11:21:56 PM,OD26009798,"7XXX  10TH ST N, OAKDALE",TRAFFIC STOP
OAKDALE POLICE DEPARTMENT,OAKDALE,8/1/2026 11:36:56 PM,OD26009799,"6XXX  GEORGIA BLVD N, OAKDALE",911 ABANDONED/HANGUP/OPEN LINE
OAKDALE POLICE DEPARTMENT,OAKDALE,8/1/2026 11:51:08 PM,OD26009801,"48XXX -BLK HADLEY AVE N, OAKDALE",TRAFFIC STOP
OAKDALE POLICE DEPARTMENT,WOODBURY,7/29/2026 11:38:00 PM,OD26009640,"I94 EB AT RADIO DR, WOODBURY",TRAFFIC STOP
ST. PAUL PARK POLICE DEPARTMENT,NEWPORT,7/28/2026 7:43:24 PM,SP26006350,"XXX Red Rock Xing, NEWPORT",ASSIST OTHER AGENCY
ST. PAUL PARK POLICE DEPARTMENT,SAINT PAUL PARK,7/28/2026 4:13:13 AM,SP26006328,"1XXX  Dixon Dr, SAINT PAUL PARK",RUNAWAY
ST. PAUL PARK POLICE DEPARTMENT,SAINT PAUL PARK,7/29/2026 2:52:13 PM,SP26006377,"1XXX  - 1421 5TH ST, SAINT PAUL PARK",ORDINANCE VIOLATION
ST. PAUL PARK POLICE DEPARTMENT,SAINT PAUL PARK,7/30/2026 8:11:27 PM,SP26006419,"1XXX  10TH AVE, SAINT PAUL PARK",Driving After Revocation
STILLWATER POLICE DEPARTMENT,BAYPORT,7/26/2026 3:45:20 AM,SW26006874,"XXX 3rd St N, BAYPORT",ASSIST OTHER AGENCY
STILLWATER POLICE DEPARTMENT,BAYTOWN TOWNSHIP,7/26/2026 6:40:49 PM,SW26006889,"3XXX  NORCREST AVE N, BAYTOWN TOWNSHIP",ASSIST OTHER AGENCY
STILLWATER POLICE DEPARTMENT,GRANT,7/30/2026 12:58:21 AM,SW26007017,"Dellwood Rd N / Manning Ave N, GRANT",ASSIST OTHER AGENCY
STILLWATER POLICE DEPARTMENT,LAKE ELMO,7/26/2026 2:56:53 AM,SW26006871,"3XXX  KNIGHTSBRIDGE TRL N, LAKE ELMO",CITIZEN/PUBLIC ASSIST
STILLWATER POLICE DEPARTMENT,LAKE ELMO,7/30/2026 12:00:00 AM,SW26007011,"XX HWY 36 WB JWO MANNING AVE N, LAKE ELMO",TRAFFIC STOP
STILLWATER POLICE DEPARTMENT,OAK PARK HEIGHTS,7/30/2026 12:22:48 AM,SW26007016,"14XXX  61st Street Ct N, OAK PARK HEIGHTS",ASSIST OTHER AGENCY
STILLWATER POLICE DEPARTMENT,OAK PARK HEIGHTS,8/1/2026 10:14:48 PM,SW26007203,"6XXX  Saint Croix Trl N, OAK PARK HEIGHTS",ASSIST OTHER AGENCY
STILLWATER POLICE DEPARTMENT,STILLWATER,7/26/2026 12:35:24 AM,SW26006867,"Dellwood Rd N / Millbrook Cir, STILLWATER",TRAFFIC COMPLAINT
STILLWATER POLICE DEPARTMENT,STILLWATER,7/26/2026 1:13:50 AM,SW26006868,"MANNING AVE N / LINDEN AVE N, STILLWATER",ASSIST OTHER AGENCY
STILLWATER POLICE DEPARTMENT,STILLWATER,7/26/2026 1:36:21 AM,SW26006869,"2XXX  Curve Crest Blvd, STILLWATER",WELFARE CHECK
STILLWATER POLICE DEPARTMENT,STILLWATER,7/26/2026 2:35:29 AM,SW26006870,"1XXX  4th St S, STILLWATER",WELFARE CHECK
STILLWATER POLICE DEPARTMENT,STILLWATER,7/26/2026 3:28:19 AM,SW26006872,"XXX Marsh St W, STILLWATER",ALARM-BUSINESS/RES/FIRE/MEDICAL/ETC
STILLWATER POLICE DEPARTMENT,STILLWATER,7/26/2026 3:48:58 AM,SW26006873,"XXX MARSH ST W, STILLWATER",ALARM-BUSINESS/RES/FIRE/MEDICAL/ETC
STILLWATER POLICE DEPARTMENT,STILLWATER,7/26/2026 9:52:33 AM,SW26006876,"1XXX  Greeley St S, STILLWATER",MEDICAL
STILLWATER POLICE DEPARTMENT,STILLWATER,7/26/2026 11:40:00 AM,SW26006877,"XXX Broadway St S, STILLWATER",FOUND PROPERTY/ITEM
STILLWATER POLICE DEPARTMENT,STILLWATER,7/26/2026 11:53:28 AM,SW26006878,"Unknown, STILLWATER",ASSIST OTHER AGENCY
STILLWATER POLICE DEPARTMENT,STILLWATER,7/26/2026 12:24:18 PM,SW26006880,"XXX Bridgewater Way, STILLWATER",MEDICAL
STILLWATER POLICE DEPARTMENT,STILLWATER,7/26/2026 1:26:58 PM,SW26006882,"XXX Bridgewater Way, STILLWATER",MEDICAL
STILLWATER POLICE DEPARTMENT,STILLWATER,7/26/2026 2:33:31 PM,SW26006883,"1XXX  Owens St N, STILLWATER",MEDICAL
STILLWATER POLICE DEPARTMENT,STILLWATER,7/26/2026 3:31:08 PM,SW26006884,"1XXX  Olive St W, STILLWATER",ANIMAL COMPLAINT
STILLWATER POLICE DEPARTMENT,STILLWATER,7/26/2026 5:50:14 PM,SW26006888,"3XXX  White Pine Way, STILLWATER",NOISE COMPLAINT/DISTURBANCE
STILLWATER POLICE DEPARTMENT,STILLWATER,7/26/2026 7:41:39 PM,SW26006891,"1XXX  Curve Crest Blvd, STILLWATER",MEDICAL
STILLWATER POLICE DEPARTMENT,STILLWATER,7/26/2026 8:34:40 PM,SW26006892,"XXX 2ND ST N, STILLWATER",ALARM-BUSINESS/RES/FIRE/MEDICAL/ETC
STILLWATER POLICE DEPARTMENT,STILLWATER,7/26/2026 8:43:57 PM,SW26006893,"3RD ST N / MYRTLE ST W, STILLWATER",WARRANT ATTEMPT
STILLWATER POLICE DEPARTMENT,STILLWATER,7/26/2026 9:08:47 PM,SW26006894,"XXX 2ND ST N, STILLWATER",SUSPICIOUS PERSON/ACTIVITY
STILLWATER POLICE DEPARTMENT,STILLWATER,7/26/2026 9:44:46 PM,SW26006895,"15XXX  60th St N, STILLWATER",CIVIL MATTER/DISPUTE
STILLWATER POLICE DEPARTMENT,STILLWATER,7/26/2026 11:40:32 PM,SW26006902,"3XXX  Tall Pine Trl, STILLWATER",JUVENILE COMPLAINT
STILLWATER POLICE DEPARTMENT,STILLWATER,7/27/2026 5:28:14 AM,SW26006905,"XXX Main St S, STILLWATER",ALARM-BUSINESS/RES/FIRE/MEDICAL/ETC
STILLWATER POLICE DEPARTMENT,STILLWATER,7/27/2026 6:50:29 AM,SW26006906,"Unknown, STILLWATER",civil
STILLWATER POLICE DEPARTMENT,STILLWATER,7/27/2026 8:43:13 AM,SW26006907,"2XXX  Washington Ave, STILLWATER",CITIZEN/PUBLIC ASSIST
STILLWATER POLICE DEPARTMENT,STILLWATER,7/27/2026 8:50:50 AM,SW26006909,"2XXX  Cottage Dr, STILLWATER",ANIMAL COMPLAINT
STILLWATER POLICE DEPARTMENT,STILLWATER,7/27/2026 8:55:25 AM,SW26006908,"Unknown, STILLWATER",MISSING PERSON
STILLWATER POLICE DEPARTMENT,STILLWATER,7/27/2026 11:49:11 AM,SW26006910,"3XXX  Summit Ln, STILLWATER",SUSPICIOUS PERSON/ACTIVITY
STILLWATER POLICE DEPARTMENT,STILLWATER,7/27/2026 11:50:52 AM,SW26006911,"1XXX  Curve Crest Blvd W, STILLWATER",MEDICAL
STILLWATER POLICE DEPARTMENT,STILLWATER,7/27/2026 12:23:49 PM,SW26006912,"XXX 4th St N, STILLWATER",CITIZEN/PUBLIC ASSIST
STILLWATER POLICE DEPARTMENT,STILLWATER,7/27/2026 1:02:05 PM,SW26006913,"XXX Greeley St N, STILLWATER",MEDICAL
STILLWATER POLICE DEPARTMENT,STILLWATER,7/27/2026 1:10:22 PM,SW26006914,"Unknown, STILLWATER",SUSPICIOUS PERSON/ACTIVITY
STILLWATER POLICE DEPARTMENT,STILLWATER,7/27/2026 1:30:33 PM,SW26006916,"1XXX  Cottage Dr, STILLWATER",NOISE COMPLAINT/DISTURBANCE
STILLWATER POLICE DEPARTMENT,STILLWATER,7/27/2026 1:35:24 PM,SW26006917,"Unknown, STILLWATER",FOLLOW UP
STILLWATER POLICE DEPARTMENT,STILLWATER,7/27/2026 1:54:30 PM,SW26006918,"Stillwater Blvd N / Croixwood Blvd, STILLWATER",ANIMAL COMPLAINT
STILLWATER POLICE DEPARTMENT,STILLWATER,7/27/2026 2:42:52 PM,SW26006920,"1XXX  1st St S, STILLWATER",FRAUD/SCAM
STILLWATER POLICE DEPARTMENT,STILLWATER,7/27/2026 2:49:44 PM,SW26006921,"7XXX  Manning Ave N, STILLWATER",ACCIDENT
STILLWATER POLICE DEPARTMENT,STILLWATER,7/27/2026 4:03:52 PM,SW26006922,"XXX Deer Path Ct, STILLWATER",911 ABANDONED/HANGUP/OPEN LINE
STILLWATER POLICE DEPARTMENT,STILLWATER,7/27/2026 4:05:51 PM,SW26006923,"Sherburne St S / Olive St W, STILLWATER",ACCIDENT
STILLWATER POLICE DEPARTMENT,STILLWATER,7/27/2026 4:07:26 PM,SW26006924,"XXX 2nd St N, STILLWATER",WELFARE CHECK
STILLWATER POLICE DEPARTMENT,STILLWATER,7/27/2026 6:24:23 PM,SW26006927,"Myrtle St E / Main St N, STILLWATER",ACCIDENT
STILLWATER POLICE DEPARTMENT,STILLWATER,7/27/2026 7:06:41 PM,SW26006929,"XXX William St N, STILLWATER",FOLLOW UP
STILLWATER POLICE DEPARTMENT,STILLWATER,7/27/2026 7:06:47 PM,SW26006930,"XXX Maple St W, STILLWATER",CITIZEN/PUBLIC ASSIST
STILLWATER POLICE DEPARTMENT,STILLWATER,7/27/2026 7:37:37 PM,SW26006931,"1XXX  Frontage Rd W, STILLWATER",MEDICAL
STILLWATER POLICE DEPARTMENT,STILLWATER,7/27/2026 7:46:10 PM,SW26006932,"XXX 6th Ave S, STILLWATER",MEDICAL
STILLWATER POLICE DEPARTMENT,STILLWATER,7/27/2026 7:53:09 PM,SW26006933,"2XXX  Market Dr, STILLWATER",THEFT
STILLWATER POLICE DEPARTMENT,STILLWATER,7/27/2026 7:54:14 PM,SW26006934,"XXX William St N, STILLWATER",CITIZEN/PUBLIC ASSIST
STILLWATER POLICE DEPARTMENT,STILLWATER,7/27/2026 10:46:01 PM,SW26006935,"XXX 4th St N, STILLWATER",CITIZEN/PUBLIC ASSIST
STILLWATER POLICE DEPARTMENT,STILLWATER,7/28/2026 4:00:17 AM,SW26006938,"1XXX  Owens St N, STILLWATER",Medical
STILLWATER POLICE DEPARTMENT,STILLWATER,7/28/2026 7:01:45 AM,SW26006939,"2XXX  Saddle Ct, STILLWATER",CIVIL MATTER/DISPUTE
STILLWATER POLICE DEPARTMENT,STILLWATER,7/28/2026 7:43:01 AM,SW26006940,"XXX 4th St N, STILLWATER",DRIVING COMPLAINT
STILLWATER POLICE DEPARTMENT,STILLWATER,7/28/2026 8:00:00 AM,SW26006941,"2XXX  SADDLE CT, STILLWATER",CIVIL MATTER/DISPUTE
STILLWATER POLICE DEPARTMENT,STILLWATER,7/28/2026 8:18:01 AM,SW26006942,"STILLWATER BLVD N / CURVE CREST BLVD, STILLWATER",ANIMAL COMPLAINT
STILLWATER POLICE DEPARTMENT,STILLWATER,7/28/2026 9:27:49 AM,SW26006943,"XXX 2nd St S, STILLWATER",FOUND PROPERTY/ITEM
STILLWATER POLICE DEPARTMENT,STILLWATER,7/28/2026 9:40:19 AM,SW26006944,"XXX 4th St N, STILLWATER",CITIZEN/PUBLIC ASSIST
STILLWATER POLICE DEPARTMENT,STILLWATER,7/28/2026 9:43:54 AM,SW26006945,"Greeley St S / Pine St W, STILLWATER",ACCIDENT
STILLWATER POLICE DEPARTMENT,STILLWATER,7/28/2026 10:02:14 AM,SW26006946,"1XXX  Oak Glen Pl, STILLWATER",CONDITIONAL RELEASE VIOLATION
STILLWATER POLICE DEPARTMENT,STILLWATER,7/28/2026 11:40:56 AM,SW26006949,"XXX Owens St N, STILLWATER",911 ABANDONED/HANGUP/OPEN LINE
STILLWATER POLICE DEPARTMENT,STILLWATER,7/28/2026 12:49:41 PM,SW26006950,"XXX Harvest Grn, STILLWATER",CITIZEN/PUBLIC ASSIST
STILLWATER POLICE DEPARTMENT,STILLWATER,7/28/2026 12:53:22 PM,SW26006951,"2XXX  ORLEANS ST W, STILLWATER",FOLLOW UP
STILLWATER POLICE DEPARTMENT,STILLWATER,7/28/2026 1:26:39 PM,SW26006952,"1XXX  Johnson Dr, STILLWATER",PROPERTY DAMAGE
STILLWATER POLICE DEPARTMENT,STILLWATER,7/28/2026 1:29:06 PM,SW26006953,"1XXX  Pine St W, STILLWATER",MEDICAL
STILLWATER POLICE DEPARTMENT,STILLWATER,7/28/2026 2:41:10 PM,SW26006956,"XXX Water St S, STILLWATER",PARKING COMPLAINT
STILLWATER POLICE DEPARTMENT,STILLWATER,7/28/2026 2:59:34 PM,SW26006957,"XXX Everett Dr, STILLWATER",CIVIL MATTER/DISPUTE
STILLWATER POLICE DEPARTMENT,STILLWATER,7/28/2026 3:35:24 PM,SW26006958,"15XXX  60th St N, STILLWATER",FOLLOW UP
STILLWATER POLICE DEPARTMENT,STILLWATER,7/28/2026 4:18:44 PM,SW26006961,"XXX Olive St W, STILLWATER",DEATH
STILLWATER POLICE DEPARTMENT,STILLWATER,7/28/2026 5:51:36 PM,SW26006964,"Unknown, STILLWATER",CITIZEN/PUBLIC ASSIST
STILLWATER POLICE DEPARTMENT,STILLWATER,7/28/2026 6:02:56 PM,SW26006965,"2XXX  Tower Dr, STILLWATER",VEHICLE UNLOCK
STILLWATER POLICE DEPARTMENT,STILLWATER,7/28/2026 6:11:46 PM,SW26006966,"XXX Greeley St S, STILLWATER",MEDICAL
STILLWATER POLICE DEPARTMENT,STILLWATER,7/28/2026 7:24:20 PM,SW26006967,"1XXX  Carnelian St N, STILLWATER",MEDICAL
STILLWATER POLICE DEPARTMENT,STILLWATER,7/28/2026 10:26:37 PM,SW26006969,"1XXX  OWENS ST N, STILLWATER",OFFICER INFORMATION
STILLWATER POLICE DEPARTMENT,STILLWATER,7/28/2026 11:13:41 PM,SW26006970,"2XXX  Orleans St W, STILLWATER",NOISE COMPLAINT/DISTURBANCE
STILLWATER POLICE DEPARTMENT,STILLWATER,7/28/2026 11:45:42 PM,SW26006971,"XXX - 499 3RD ST S, STILLWATER",DWI
STILLWATER POLICE DEPARTMENT,STILLWATER,7/29/2026 1:36:19 AM,SW26006974,"1XXX  6th St S, STILLWATER",SUSPICIOUS PERSON/ACTIVITY
STILLWATER POLICE DEPARTMENT,STILLWATER,7/29/2026 1:36:28 AM,SW26006975,"XXX Saint Croix Ave W, STILLWATER",SUSPICIOUS PERSON/ACTIVITY
STILLWATER POLICE DEPARTMENT,STILLWATER,7/29/2026 4:09:43 AM,SW26006976,"XXX Saint Croix Ave W, STILLWATER",SUSPICIOUS PERSON/ACTIVITY
STILLWATER POLICE DEPARTMENT,STILLWATER,7/29/2026 6:05:34 AM,SW26006977,"XXX Tamarack Ct, STILLWATER",911 ABANDONED/HANGUP/OPEN LINE
STILLWATER POLICE DEPARTMENT,STILLWATER,7/29/2026 6:36:58 AM,SW26006978,"XXX Linden St W, STILLWATER",DEATH
STILLWATER POLICE DEPARTMENT,STILLWATER,7/29/2026 7:04:15 AM,SW26006979,"XXX Tamarack Ct, STILLWATER",FOLLOW UP
STILLWATER POLICE DEPARTMENT,STILLWATER,7/29/2026 9:29:16 AM,SW26006980,"XXX Olive St W, STILLWATER",FOLLOW UP
STILLWATER POLICE DEPARTMENT,STILLWATER,7/29/2026 9:40:06 AM,SW26006981,"XX Hwy 36 Wb To Stillwater Blvd N Ramp, STILLWATER",ACCIDENT
STILLWATER POLICE DEPARTMENT,STILLWATER,7/29/2026 11:06:57 AM,SW26006983,"62nd St N / Timber Way, STILLWATER",ASSIST OTHER AGENCY
STILLWATER POLICE DEPARTMENT,STILLWATER,7/29/2026 11:15:20 AM,SW26006984,"1XXX  Frontage Rd W, STILLWATER",OVERDOSE
STILLWATER POLICE DEPARTMENT,STILLWATER,7/29/2026 11:54:48 AM,SW26006985,"1XXX  Market Dr, STILLWATER",CITIZEN/PUBLIC ASSIST
STILLWATER POLICE DEPARTMENT,STILLWATER,7/29/2026 12:23:19 PM,SW26006986,"14XXX  62nd St N, STILLWATER",CITIZEN/PUBLIC ASSIST
STILLWATER POLICE DEPARTMENT,STILLWATER,7/29/2026 12:38:27 PM,SW26006987,"1XXX  Market Dr, STILLWATER",911 ABANDONED/HANGUP/OPEN LINE
STILLWATER POLICE DEPARTMENT,STILLWATER,7/29/2026 12:42:59 PM,SW26006988,"3rd St S / Pine St W, STILLWATER",ROAD HAZARD
STILLWATER POLICE DEPARTMENT,STILLWATER,7/29/2026 12:59:42 PM,SW26006989,"XXX William St N, STILLWATER",TRAFFIC COMPLAINT
STILLWATER POLICE DEPARTMENT,STILLWATER,7/29/2026 1:12:31 PM,SW26006990,"1XXX  Sterling Way, STILLWATER",ANIMAL COMPLAINT
STILLWATER POLICE DEPARTMENT,STILLWATER,7/29/2026 1:22:21 PM,SW26006991,"MYRTLE ST W / GREELEY ST N, STILLWATER",ROAD HAZARD
STILLWATER POLICE DEPARTMENT,STILLWATER,7/29/2026 2:37:42 PM,SW26006993,"2XXX  Market Dr, STILLWATER",DISTURBANCE
STILLWATER POLICE DEPARTMENT,STILLWATER,7/29/2026 3:07:20 PM,SW26006996,"XXX Main St S, STILLWATER",MEDICAL
STILLWATER POLICE DEPARTMENT,STILLWATER,7/29/2026 3:23:50 PM,SW26006997,"XXX SEELEY ST S, STILLWATER",WELFARE CHECK
STILLWATER POLICE DEPARTMENT,STILLWATER,7/29/2026 7:40:00 PM,SW26007003,"XXX Pine St W, STILLWATER",CIVIL MATTER/DISPUTE
STILLWATER POLICE DEPARTMENT,STILLWATER,7/29/2026 9:30:48 PM,SW26007007,"2XXX  Pinehurst St, STILLWATER",MEDICAL
STILLWATER POLICE DEPARTMENT,STILLWATER,7/29/2026 9:40:35 PM,SW26007008,"XXX Greeley St S, STILLWATER",MEDICAL
STILLWATER POLICE DEPARTMENT,STILLWATER,7/29/2026 10:04:22 PM,SW26007009,"XXX Everett Dr, STILLWATER",CIVIL MATTER/DISPUTE
STILLWATER POLICE DEPARTMENT,STILLWATER,7/29/2026 10:13:00 PM,SW26007010,"MAIN ST N / MULBERRY ST E, STILLWATER",TRAFFIC STOP
STILLWATER POLICE DEPARTMENT,STILLWATER,7/29/2026 11:14:02 PM,SW26007013,"XX HWY 95 SB JSO LOOKOUT TRL N, STILLWATER",TRAFFIC STOP
STILLWATER POLICE DEPARTMENT,STILLWATER,7/30/2026 1:13:45 AM,SW26007018,"1XXX  MARKET DR, STILLWATER",ALARM-BUSINESS/RES/FIRE/MEDICAL/ETC
STILLWATER POLICE DEPARTMENT,STILLWATER,7/30/2026 2:59:20 AM,SW26007019,"XXX Linden St W, STILLWATER",911 ABANDONED/HANGUP/OPEN LINE
STILLWATER POLICE DEPARTMENT,STILLWATER,7/30/2026 5:15:11 AM,SW26007022,"XXX Churchill St W, STILLWATER",WELFARE CHECK
STILLWATER POLICE DEPARTMENT,STILLWATER,7/30/2026 8:16:34 AM,SW26007023,"6th St S / Churchill St W, STILLWATER",CITIZEN/PUBLIC ASSIST
STILLWATER POLICE DEPARTMENT,STILLWATER,7/30/2026 9:08:50 AM,SW26007024,"Cottage Dr / Orleans St W, STILLWATER",ANIMAL COMPLAINT
STILLWATER POLICE DEPARTMENT,STILLWATER,7/30/2026 9:19:32 AM,SW26007025,"1XXX  Curve Crest Blvd, STILLWATER",SUSPICIOUS PERSON/ACTIVITY
STILLWATER POLICE DEPARTMENT,STILLWATER,7/30/2026 9:41:24 AM,SW26007026,"XXX Nelson St, STILLWATER",LOCKOUT
STILLWATER POLICE DEPARTMENT,STILLWATER,7/30/2026 10:45:29 AM,SW26007027,"XXX 2nd St N, STILLWATER",TRESPASSING
STILLWATER POLICE DEPARTMENT,STILLWATER,7/30/2026 10:46:29 AM,SW26007028,"2XXX  Orleans St W, STILLWATER",OFP VIOLATION
STILLWATER POLICE DEPARTMENT,STILLWATER,7/30/2026 12:25:03 PM,SW26007029,"Main St S / Chestnut St E, STILLWATER",WELFARE CHECK
STILLWATER POLICE DEPARTMENT,STILLWATER,7/30/2026 2:30:54 PM,SW26007034,"Unknown, STILLWATER",CITIZEN/PUBLIC ASSIST
STILLWATER POLICE DEPARTMENT,STILLWATER,7/30/2026 3:59:04 PM,SW26007035,"80th St N / Abercrombie Ln, STILLWATER",FOLLOW UP
STILLWATER POLICE DEPARTMENT,STILLWATER,7/30/2026 4:04:24 PM,SW26007036,"2XXX  Curve Crest Blvd, STILLWATER",FOUND PROPERTY/ITEM
STILLWATER POLICE DEPARTMENT,STILLWATER,7/30/2026 4:42:56 PM,SW26007037,"XXX Owens St N, STILLWATER",PARKING COMPLAINT
STILLWATER POLICE DEPARTMENT,STILLWATER,7/30/2026 4:51:56 PM,SW26007038,"XXX 2nd St S, STILLWATER",MEDICAL
STILLWATER POLICE DEPARTMENT,STILLWATER,7/30/2026 5:35:50 PM,SW26007040,"Washington Ave / Tower Dr, STILLWATER",WELFARE CHECK
STILLWATER POLICE DEPARTMENT,STILLWATER,7/30/2026 5:40:19 PM,SW26007041,"XXX Main St S, STILLWATER",MEDICAL
STILLWATER POLICE DEPARTMENT,STILLWATER,7/30/2026 5:52:46 PM,SW26007043,"XXX 5TH ST N, STILLWATER",911 ABANDONED/HANGUP/OPEN LINE
STILLWATER POLICE DEPARTMENT,STILLWATER,7/30/2026 6:21:15 PM,SW26007044,"14XXX  62nd St N, STILLWATER",CITIZEN/PUBLIC ASSIST
STILLWATER POLICE DEPARTMENT,STILLWATER,7/30/2026 6:30:00 PM,SW26007042,"XXX MARTHA ST N, STILLWATER",WELFARE CHECK
STILLWATER POLICE DEPARTMENT,STILLWATER,7/30/2026 7:34:17 PM,SW26007045,"Unknown, STILLWATER",CITIZEN/PUBLIC ASSIST
STILLWATER POLICE DEPARTMENT,STILLWATER,7/30/2026 8:02:17 PM,SW26007047,"2XXX  FRONTAGE RD W, STILLWATER",MEDICAL
STILLWATER POLICE DEPARTMENT,STILLWATER,7/30/2026 11:31:14 PM,SW26007053,"2XXX  Orleans St W, STILLWATER",NOISE COMPLAINT/DISTURBANCE
STILLWATER POLICE DEPARTMENT,STILLWATER,7/31/2026 12:48:48 AM,SW26007054,"1XXX  Greeley St S, STILLWATER",911 ABANDONED/HANGUP/OPEN LINE
STILLWATER POLICE DEPARTMENT,STILLWATER,7/31/2026 12:15:45 PM,SW26007058,"1XXX  MAIN ST N, STILLWATER",SUSPICIOUS PERSON/ACTIVITY
STILLWATER POLICE DEPARTMENT,STILLWATER,7/31/2026 12:42:58 PM,SW26007059,"1XXX  Mckusick Road Ln N, STILLWATER",ALARM-BUSINESS/RES/FIRE/MEDICAL/ETC
STILLWATER POLICE DEPARTMENT,STILLWATER,7/31/2026 12:51:27 PM,SW26007061,"6th St S / Myrtle St W, STILLWATER",FOLLOW UP
STILLWATER POLICE DEPARTMENT,STILLWATER,7/31/2026 12:58:24 PM,SW26007060,"MAIN ST N / ELM ST, STILLWATER",ROAD HAZARD
STILLWATER POLICE DEPARTMENT,STILLWATER,7/31/2026 1:32:27 PM,SW26007064,"1XXX  BENSON BLVD E, STILLWATER",DIRECTED PATROL
STILLWATER POLICE DEPARTMENT,STILLWATER,7/31/2026 1:43:02 PM,SW26007065,"1XXX  Cottage Dr, STILLWATER",MEDICAL
STILLWATER POLICE DEPARTMENT,STILLWATER,7/31/2026 4:57:26 PM,SW26007079,"8XXX  Marylane Ave N, STILLWATER",MEDICAL
STILLWATER POLICE DEPARTMENT,STILLWATER,7/31/2026 4:59:39 PM,SW26007080,"1XXX  Greeley St S, STILLWATER",CITIZEN/PUBLIC ASSIST
STILLWATER POLICE DEPARTMENT,STILLWATER,7/31/2026 5:41:21 PM,SW26007081,"Mulberry St E / 2nd St N, STILLWATER",ROAD HAZARD
STILLWATER POLICE DEPARTMENT,STILLWATER,7/31/2026 5:43:46 PM,SW26007083,"XXX 2nd St N, STILLWATER",911 ABANDONED/HANGUP/OPEN LINE
STILLWATER POLICE DEPARTMENT,STILLWATER,7/31/2026 5:43:48 PM,SW26007082,"1XXX  Market Dr, STILLWATER",MEDICAL
STILLWATER POLICE DEPARTMENT,STILLWATER,7/31/2026 5:44:35 PM,SW26007084,"1XXX  Greeley St S, STILLWATER",911 ABANDONED/HANGUP/OPEN LINE
STILLWATER POLICE DEPARTMENT,STILLWATER,7/31/2026 6:23:44 PM,SW26007085,"XXX Chestnut St E, STILLWATER",PARKING COMPLAINT
STILLWATER POLICE DEPARTMENT,STILLWATER,7/31/2026 6:49:07 PM,SW26007089,"XXX HIDDEN VALLEY CT, STILLWATER",SUSPICIOUS PERSON/ACTIVITY
STILLWATER POLICE DEPARTMENT,STILLWATER,7/31/2026 7:25:28 PM,SW26007094,"3XXX  ABERCROMBIE LN, STILLWATER",PROPERTY DAMAGE
STILLWATER POLICE DEPARTMENT,STILLWATER,7/31/2026 7:39:10 PM,SW26007095,"3XXX  87th St N, STILLWATER",911 ABANDONED/HANGUP/OPEN LINE
STILLWATER POLICE DEPARTMENT,STILLWATER,7/31/2026 8:04:23 PM,SW26007096,"Unknown, STILLWATER",OFFICER INFORMATION
STILLWATER POLICE DEPARTMENT,Stillwater,7/31/2026 9:01:40 PM,SW26007103,"1XXX  6th Ave S, Stillwater",DIRECTED PATROL
STILLWATER POLICE DEPARTMENT,STILLWATER,7/31/2026 9:17:23 PM,SW26007104,"1XXX  Benson Blvd E, STILLWATER",DIRECTED PATROL
STILLWATER POLICE DEPARTMENT,STILLWATER,7/31/2026 9:31:35 PM,SW26007105,"1XXX  Northland Ave, STILLWATER",DIRECTED PATROL
STILLWATER POLICE DEPARTMENT,STILLWATER,7/31/2026 9:54:28 PM,SW26007106,"3XXX  Millbrook Cir, STILLWATER",DIRECTED PATROL
STILLWATER POLICE DEPARTMENT,STILLWATER,7/31/2026 9:56:30 PM,SW26007107,"XXX Main St S, STILLWATER",911 ABANDONED/HANGUP/OPEN LINE
STILLWATER POLICE DEPARTMENT,STILLWATER,7/31/2026 10:16:52 PM,SW26007108,"XXX Greeley St N, STILLWATER",DIRECTED PATROL
STILLWATER POLICE DEPARTMENT,STILLWATER,7/31/2026 11:35:11 PM,SW26007115,"2XXX  Orleans St W, STILLWATER",SUSPICIOUS PERSON/ACTIVITY
STILLWATER POLICE DEPARTMENT,STILLWATER,7/31/2026 11:37:43 PM,SW26007117,"4th Ave S / Burlington St E, STILLWATER",NOISE COMPLAINT/DISTURBANCE
STILLWATER POLICE DEPARTMENT,STILLWATER,8/1/2026 12:37:33 AM,SW26007124,"3XXX  Webster Ct, STILLWATER",ALARM-BUSINESS/RES/FIRE/MEDICAL/ETC
STILLWATER POLICE DEPARTMENT,STILLWATER,8/1/2026 12:58:54 AM,SW26007127,"XXX HICKORY ST W, STILLWATER",OFFICER INFORMATION
STILLWATER POLICE DEPARTMENT,STILLWATER,8/1/2026 1:57:54 AM,SW26007131,"Unknown, STILLWATER",FOLLOW UP
STILLWATER POLICE DEPARTMENT,STILLWATER,8/1/2026 3:54:36 AM,SW26007141,"XXX Cherry St E, STILLWATER",SUSPICIOUS PERSON/ACTIVITY
STILLWATER POLICE DEPARTMENT,STILLWATER,8/1/2026 5:47:51 AM,SW26007147,"1XXX  Market Dr, STILLWATER",FIRE
STILLWATER POLICE DEPARTMENT,STILLWATER,8/1/2026 6:32:28 AM,SW26007148,"XXX Darrell Ct, STILLWATER",ANIMAL COMPLAINT
STILLWATER POLICE DEPARTMENT,STILLWATER,8/1/2026 8:55:01 AM,SW26007149,"1XXX  Frontage Rd W, STILLWATER",MEDICAL
STILLWATER POLICE DEPARTMENT,STILLWATER,8/1/2026 9:25:00 AM,SW26007151,"1XXX  Market Dr, STILLWATER",ALARM-BUSINESS/RES/FIRE/MEDICAL/ETC
STILLWATER POLICE DEPARTMENT,STILLWATER,8/1/2026 9:45:58 AM,SW26007152,"2XXX  Market Dr, STILLWATER",MEDICAL
STILLWATER POLICE DEPARTMENT,STILLWATER,8/1/2026 10:47:15 AM,SW26007154,"1XXX  Greeley St S, STILLWATER",ALARM-BUSINESS/RES/FIRE/MEDICAL/ETC
STILLWATER POLICE DEPARTMENT,STILLWATER,8/1/2026 10:51:42 AM,SW26007155,"1XXX  Eagle Ridge Trl, STILLWATER",CITIZEN/PUBLIC ASSIST
STILLWATER POLICE DEPARTMENT,STILLWATER,8/1/2026 11:19:55 AM,SW26007158,"1XXX  Curve Crest Blvd, STILLWATER",WELFARE CHECK
STILLWATER POLICE DEPARTMENT,STILLWATER,8/1/2026 11:30:24 AM,SW26007159,"3XXX  - 3374 MILLBROOK CIR, STILLWATER",DIRECTED PATROL
STILLWATER POLICE DEPARTMENT,STILLWATER,8/1/2026 11:41:37 AM,SW26007160,"XXX - 128 OWENS ST N, STILLWATER",DIRECTED PATROL
STILLWATER POLICE DEPARTMENT,STILLWATER,8/1/2026 12:41:50 PM,SW26007161,"Myrtle St E / Water St S, STILLWATER",PARKING COMPLAINT
STILLWATER POLICE DEPARTMENT,STILLWATER,8/1/2026 1:06:29 PM,SW26007162,"XXX Main St S, STILLWATER",ACCIDENT
STILLWATER POLICE DEPARTMENT,STILLWATER,8/1/2026 1:27:37 PM,SW26007163,"XXX Sunrise Ave, STILLWATER",MEDICAL
STILLWATER POLICE DEPARTMENT,STILLWATER,8/1/2026 1:40:34 PM,SW26007164,"Unknown, STILLWATER",FOLLOW UP
STILLWATER POLICE DEPARTMENT,STILLWATER,8/1/2026 3:18:16 PM,SW26007171,"XXX Mulberry St E, STILLWATER",VEHICLE UNLOCK
STILLWATER POLICE DEPARTMENT,STILLWATER,8/1/2026 3:22:48 PM,SW26007172,"XXX 4th St N, STILLWATER",FOUND PROPERTY/ITEM
STILLWATER POLICE DEPARTMENT,STILLWATER,8/1/2026 4:05:19 PM,SW26007174,"XXX Nelson St, STILLWATER",DISTURBANCE
STILLWATER POLICE DEPARTMENT,STILLWATER,8/1/2026 4:57:06 PM,SW26007180,"2XXX  Orleans St W, STILLWATER",CIVIL MATTER/DISPUTE
STILLWATER POLICE DEPARTMENT,STILLWATER,8/1/2026 6:17:53 PM,SW26007186,"XXX Harriet Dr, STILLWATER",ALARM-BUSINESS/RES/FIRE/MEDICAL/ETC
STILLWATER POLICE DEPARTMENT,STILLWATER,8/1/2026 6:32:23 PM,SW26007188,"2ND ST N / LINDEN ST E, STILLWATER",FOUND PROPERTY/ITEM
STILLWATER POLICE DEPARTMENT,STILLWATER,8/1/2026 7:08:16 PM,SW26007189,"XXX Olive St W, STILLWATER",LOST PROPERTY/ITEM
STILLWATER POLICE DEPARTMENT,STILLWATER,8/1/2026 7:22:11 PM,SW26007190,"XXX 4th St S, STILLWATER",911 ABANDONED/HANGUP/OPEN LINE
STILLWATER POLICE DEPARTMENT,STILLWATER,8/1/2026 7:57:00 PM,SW26007191,"Oak St W / Owens St S, STILLWATER",TRAFFIC COMPLAINT
STILLWATER POLICE DEPARTMENT,STILLWATER,8/1/2026 8:14:37 PM,SW26007192,"XXX Oak St W, STILLWATER",911 ABANDONED/HANGUP/OPEN LINE
WASHINGTON COUNTY SHERIFFS OFFICE,AFTON,7/26/2026 3:35:48 PM,WC26037573,"15XXX  - 15899 AFTON BLVD S, AFTON",DIRECTED PATROL
WASHINGTON COUNTY SHERIFFS OFFICE,AFTON,7/26/2026 4:47:13 PM,WC26037587,"SAINT CROIX TRL S / 34TH ST S, AFTON",TRAFFIC STOP
WASHINGTON COUNTY SHERIFFS OFFICE,AFTON,7/26/2026 11:15:29 PM,WC26037653,"12XXX  15th St S, AFTON",CITIZEN/PUBLIC ASSIST
WASHINGTON COUNTY SHERIFFS OFFICE,AFTON,7/27/2026 8:45:28 AM,WC26037708,"4XXX  Neal Ave S, AFTON",911 ABANDONED/HANGUP/OPEN LINE
WASHINGTON COUNTY SHERIFFS OFFICE,AFTON,7/27/2026 10:24:00 AM,WC26037722,"SAINT CROIX TRL S / 34TH ST S, AFTON",TRAFFIC STOP
WASHINGTON COUNTY SHERIFFS OFFICE,AFTON,7/27/2026 3:22:16 PM,WC26037786,"10th St S / Neal Ave S, AFTON",WELFARE CHECK
WASHINGTON COUNTY SHERIFFS OFFICE,AFTON,7/27/2026 4:01:07 PM,WC26037803,"12XXX  Hudson Rd S, AFTON",911 ABANDONED/HANGUP/OPEN LINE
WASHINGTON COUNTY SHERIFFS OFFICE,AFTON,7/27/2026 6:32:00 PM,WC26037836,"13XXX  Hudson Rd S, AFTON",TRAFFIC STOP
WASHINGTON COUNTY SHERIFFS OFFICE,AFTON,7/27/2026 6:53:00 PM,WC26037845,"I94 EB AT MNDOT REST AREA, AFTON",TRAFFIC STOP
WASHINGTON COUNTY SHERIFFS OFFICE,AFTON,7/29/2026 3:15:17 PM,WC26038227,"12XXX  50th St S, AFTON",DUMPING COMPLAINT
WASHINGTON COUNTY SHERIFFS OFFICE,AFTON,7/30/2026 3:58:07 PM,WC26038474,"2XXX  Stagecoach Trl S, AFTON",CITIZEN/PUBLIC ASSIST
WASHINGTON COUNTY SHERIFFS OFFICE,AFTON,7/30/2026 5:37:50 PM,WC26038492,"13XXX  Tomahawk Dr S, AFTON",CITIZEN/PUBLIC ASSIST
WASHINGTON COUNTY SHERIFFS OFFICE,AFTON,7/30/2026 8:25:48 PM,WC26038527,"1XXX  Stagecoach Trl S, AFTON",ACCIDENT
WASHINGTON COUNTY SHERIFFS OFFICE,AFTON,7/31/2026 10:33:16 AM,WC26038627,"Saint Croix Trl S / 45th St S, AFTON",PUBLIC WORKS CONCERN
WASHINGTON COUNTY SHERIFFS OFFICE,AFTON,7/31/2026 1:47:08 PM,WC26038641,"Unknown, AFTON",FOLLOW UP
WASHINGTON COUNTY SHERIFFS OFFICE,AFTON,7/31/2026 3:12:30 PM,WC26038651,"15XXX  - 15899 AFTON BLVD S, AFTON",DIRECTED PATROL
WASHINGTON COUNTY SHERIFFS OFFICE,AFTON,7/31/2026 3:49:30 PM,WC26038652,"40th St S / Neal Ave S, AFTON",ROAD HAZARD
WASHINGTON COUNTY SHERIFFS OFFICE,AFTON,7/31/2026 5:57:00 PM,WC26038672,"13XXX  - 14699 HUDSON RD S, AFTON",TRAFFIC STOP
WASHINGTON COUNTY SHERIFFS OFFICE,AFTON,7/31/2026 6:08:00 PM,WC26038676,"Manning Ave S / Hudson Rd, AFTON",TRAFFIC STOP
WASHINGTON COUNTY SHERIFFS OFFICE,AFTON,8/1/2026 1:40:34 PM,WC26038807,"Unknown, AFTON",FOLLOW UP
WASHINGTON COUNTY SHERIFFS OFFICE,AFTON,8/1/2026 3:22:30 PM,WC26038823,"Neal Ave S / Valley Creek Trl S, AFTON",ANIMAL COMPLAINT
WASHINGTON COUNTY SHERIFFS OFFICE,AFTON,8/1/2026 5:27:17 PM,WC26038844,"3XXX  Saint Croix Trl S, AFTON",LOST PROPERTY/ITEM
WASHINGTON COUNTY SHERIFFS OFFICE,BAYPORT,8/1/2026 3:21:05 PM,WC26038822,"Saint Croix River Mile 20 - Mn, BAYPORT",WATERCRAFT ASSIST/RESCUE
WASHINGTON COUNTY SHERIFFS OFFICE,BAYTOWN TOWNSHIP,7/26/2026 1:27:27 AM,WC26037502,"Stagecoach Trl N / Inspiration Pkwy S, BAYTOWN TOWNSHIP",TRAIN COMPLAINT
WASHINGTON COUNTY SHERIFFS OFFICE,BAYTOWN TOWNSHIP,7/26/2026 2:08:14 PM,WC26037561,"Oakgreen Ave N / 34th St N, BAYTOWN TOWNSHIP",DRIVING COMPLAINT
WASHINGTON COUNTY SHERIFFS OFFICE,BAYTOWN TOWNSHIP,7/26/2026 3:04:00 PM,WC26037569,"40TH ST N / OAKGREEN AVE N, BAYTOWN TOWNSHIP",TRAFFIC STOP
WASHINGTON COUNTY SHERIFFS OFFICE,BAYTOWN TOWNSHIP,7/26/2026 6:40:49 PM,WC26037612,"3XXX  NORCREST AVE N, BAYTOWN TOWNSHIP",WELFARE CHECK
WASHINGTON COUNTY SHERIFFS OFFICE,BAYTOWN TOWNSHIP,7/27/2026 12:21:15 PM,WC26037749,"12XXX  40th St N, BAYTOWN TOWNSHIP",MEDICAL
WASHINGTON COUNTY SHERIFFS OFFICE,BAYTOWN TOWNSHIP,7/29/2026 11:45:00 AM,WC26038190,"MANNING AVE N, BAYTOWN TOWNSHIP",ACCIDENT
WASHINGTON COUNTY SHERIFFS OFFICE,BAYTOWN TOWNSHIP,7/30/2026 1:56:25 PM,WC26038445,"Mcfair Ave N / 41 1/2 St N, BAYTOWN TOWNSHIP",911 ABANDONED/HANGUP/OPEN LINE
WASHINGTON COUNTY SHERIFFS OFFICE,BAYTOWN TOWNSHIP,7/30/2026 2:21:59 PM,WC26038451,"13XXX  51st St N, BAYTOWN TOWNSHIP",MEDICAL
WASHINGTON COUNTY SHERIFFS OFFICE,BAYTOWN TOWNSHIP,7/30/2026 3:26:00 PM,WC26038464,"12XXX  40TH ST N, BAYTOWN TOWNSHIP",COMMUNITY CONTACT
WASHINGTON COUNTY SHERIFFS OFFICE,BAYTOWN TOWNSHIP,7/30/2026 4:47:15 PM,WC26038480,"12XXX  40TH ST N, BAYTOWN TOWNSHIP",COMMUNITY CONTACT
WASHINGTON COUNTY SHERIFFS OFFICE,BAYTOWN TOWNSHIP,7/30/2026 10:35:00 PM,WC26038559,"12XXX  40TH ST N, BAYTOWN TOWNSHIP",DRUNK/INTOXICATED 
WASHINGTON COUNTY SHERIFFS OFFICE,BAYTOWN TOWNSHIP,7/31/2026 2:04:07 PM,WC26038644,"2XXX  Stagecoach Trl N, BAYTOWN TOWNSHIP",CITIZEN/PUBLIC ASSIST
WASHINGTON COUNTY SHERIFFS OFFICE,BAYTOWN TOWNSHIP,7/31/2026 6:22:55 PM,WC26038678,"Osgood Ave N / 47th St N, BAYTOWN TOWNSHIP",ACCIDENT
WASHINGTON COUNTY SHERIFFS OFFICE,BAYTOWN TOWNSHIP,7/31/2026 9:06:40 PM,WC26038697,"4XXX  - 4099 MCFAIR AVE N, BAYTOWN TOWNSHIP",UNDERAGE DRINKING
WASHINGTON COUNTY SHERIFFS OFFICE,BAYTOWN TOWNSHIP,7/31/2026 9:43:00 PM,WC26038705,"12XXX  40TH ST N, BAYTOWN TOWNSHIP",UNDERAGE DRINKING
WASHINGTON COUNTY SHERIFFS OFFICE,BAYTOWN TOWNSHIP,8/1/2026 11:15:17 AM,WC26038788,"12XXX  40TH ST N, BAYTOWN TOWNSHIP",CITIZEN/PUBLIC ASSIST
WASHINGTON COUNTY SHERIFFS OFFICE,BAYTOWN TOWNSHIP,8/1/2026 12:03:05 PM,WC26038796,"12XXX  40th St N, BAYTOWN TOWNSHIP",MISSING PERSON
WASHINGTON COUNTY SHERIFFS OFFICE,BAYTOWN TOWNSHIP,8/1/2026 4:18:52 PM,WC26038832,"12XXX  40TH ST N, BAYTOWN TOWNSHIP",MEDICAL
WASHINGTON COUNTY SHERIFFS OFFICE,BAYTOWN TOWNSHIP,8/1/2026 6:31:10 PM,WC26038856,"4XXX  Block of Mcfair Ave N, BAYTOWN TOWNSHIP",911 ABANDONED/HANGUP/OPEN LINE
WASHINGTON COUNTY SHERIFFS OFFICE,BAYTOWN TOWNSHIP,8/1/2026 6:36:52 PM,WC26038857,"12XXX  40TH ST N, BAYTOWN TOWNSHIP",PARKING VIOLATION
WASHINGTON COUNTY SHERIFFS OFFICE,BAYTOWN TOWNSHIP,8/1/2026 8:16:52 PM,WC26038871,"12XXX  40TH ST N, BAYTOWN TOWNSHIP",CITIZEN/PUBLIC ASSIST
WASHINGTON COUNTY SHERIFFS OFFICE,BAYTOWN TOWNSHIP,8/1/2026 11:02:30 PM,WC26038902,"12XXX  40TH ST N, BAYTOWN TOWNSHIP",ASSAULT
WASHINGTON COUNTY SHERIFFS OFFICE,BIRCHWOOD,7/26/2026 9:26:56 AM,WC26037530,"XXX Cedar St, BIRCHWOOD",MAIL THEFT
WASHINGTON COUNTY SHERIFFS OFFICE,BIRCHWOOD,7/30/2026 2:27:53 PM,WC26038453,"XXX Lake Ave, BIRCHWOOD",FRAUD/SCAM
WASHINGTON COUNTY SHERIFFS OFFICE,COTTAGE GROVE,7/26/2026 3:42:15 AM,WC26037511,"7XXX  HINTON AVE S, COTTAGE GROVE",ASSIST OTHER AGENCY
WASHINGTON COUNTY SHERIFFS OFFICE,COTTAGE GROVE,7/26/2026 8:47:18 AM,WC26037525,"7XXX  HINTON AVE S, COTTAGE GROVE",ASSIST OTHER AGENCY
WASHINGTON COUNTY SHERIFFS OFFICE,COTTAGE GROVE,7/26/2026 8:57:55 AM,WC26037526,"Manning Ave S At Hwy 61, COTTAGE GROVE",ASSIST OTHER AGENCY
WASHINGTON COUNTY SHERIFFS OFFICE,COTTAGE GROVE,7/29/2026 1:52:06 PM,WC26038210,"13XXX  Ravine Pkwy S, COTTAGE GROVE",PROBATION VIOLATION
WASHINGTON COUNTY SHERIFFS OFFICE,COTTAGE GROVE,7/29/2026 4:39:00 PM,WC26038247,"HWY 61 NB AT 80TH ST S, COTTAGE GROVE",TRAFFIC STOP
WASHINGTON COUNTY SHERIFFS OFFICE,COTTAGE GROVE,7/29/2026 5:50:12 PM,WC26038263,"HWY 61 NB JNO JAMAICA AVE S, COTTAGE GROVE",MOTORIST ASSIST
WASHINGTON COUNTY SHERIFFS OFFICE,COTTAGE GROVE,7/30/2026 4:08:00 AM,WC26038361,"6XXX  - 6618 70TH ST S, COTTAGE GROVE",TRAFFIC STOP
WASHINGTON COUNTY SHERIFFS OFFICE,COTTAGE GROVE,8/1/2026 1:08:22 PM,WC26038802,"HWY 61 SB JSO 80TH ST S, COTTAGE GROVE",MOTORIST ASSIST
WASHINGTON COUNTY SHERIFFS OFFICE,COTTAGE GROVE,8/1/2026 9:37:00 PM,WC26038887,"8XXX  - 7250 Highway 61, COTTAGE GROVE",TRAFFIC STOP
WASHINGTON COUNTY SHERIFFS OFFICE,DELLWOOD,7/26/2026 8:36:00 PM,WC26037621,"DELLWOOD RD N / DELLWOOD AVE, DELLWOOD",DWI
WASHINGTON COUNTY SHERIFFS OFFICE,DELLWOOD,7/26/2026 8:42:51 PM,WC26037623,"XX High Point Rd, DELLWOOD",MEDICAL
WASHINGTON COUNTY SHERIFFS OFFICE,DELLWOOD,7/27/2026 2:13:34 PM,WC26037780,"XX Augusta Ln, DELLWOOD",ALARM-BUSINESS/RES/FIRE/MEDICAL/ETC
WASHINGTON COUNTY SHERIFFS OFFICE,DELLWOOD,7/27/2026 3:40:01 PM,WC26037793,"Unknown, DELLWOOD",CITIZEN/PUBLIC ASSIST
WASHINGTON COUNTY SHERIFFS OFFICE,DELLWOOD,7/28/2026 9:48:04 PM,WC26038087,"XX Dellwood Rd N, DELLWOOD",DRIVING COMPLAINT
WASHINGTON COUNTY SHERIFFS OFFICE,DELLWOOD,7/29/2026 10:25:58 AM,WC26038174,"XX Dellwood Ave, DELLWOOD",FRAUD/SCAM
WASHINGTON COUNTY SHERIFFS OFFICE,DELLWOOD,7/30/2026 12:45:35 PM,WC26038430,"Dellwood Ave / Echo St, DELLWOOD",ANIMAL COMPLAINT
WASHINGTON COUNTY SHERIFFS OFFICE,DELLWOOD,8/1/2026 6:08:26 AM,WC26038758,"XX Dellwood Ave, DELLWOOD",ALARM-BUSINESS/RES/FIRE/MEDICAL/ETC
WASHINGTON COUNTY SHERIFFS OFFICE,DELLWOOD,8/1/2026 9:53:25 AM,WC26038778,"XX Tamarisk Rd, DELLWOOD",ANIMAL COMPLAINT
WASHINGTON COUNTY SHERIFFS OFFICE,DELLWOOD,8/1/2026 11:50:13 AM,WC26038793,"XX Evergreen Rd, DELLWOOD",PROPERTY DAMAGE
WASHINGTON COUNTY SHERIFFS OFFICE,DENMARK TOWNSHIP,7/26/2026 9:13:14 AM,WC26037529,"7XXX  Saint Croix Trl S, DENMARK TOWNSHIP",MEDICAL
WASHINGTON COUNTY SHERIFFS OFFICE,DENMARK TOWNSHIP,7/26/2026 2:56:43 PM,WC26037568,"6XXX  Peller Ave S, DENMARK TOWNSHIP",MEDICAL
WASHINGTON COUNTY SHERIFFS OFFICE,DENMARK TOWNSHIP,7/27/2026 1:46:00 AM,WC26037674,"MANNING AVE S / 100TH ST S, DENMARK TOWNSHIP",TRAFFIC STOP
WASHINGTON COUNTY SHERIFFS OFFICE,DENMARK TOWNSHIP,7/29/2026 3:45:27 PM,WC26038235,"6XXX  Oakgreen Ave S, DENMARK TOWNSHIP",MEDICAL
WASHINGTON COUNTY SHERIFFS OFFICE,DENMARK TOWNSHIP,7/30/2026 6:17:59 PM,WC26038504,"14XXX  104th St S, DENMARK TOWNSHIP",MEDICAL
WASHINGTON COUNTY SHERIFFS OFFICE,DENMARK TOWNSHIP,8/1/2026 1:07:01 PM,WC26038803,"7XXX  Quadrant Ave S, DENMARK TOWNSHIP",ALARM-BUSINESS/RES/FIRE/MEDICAL/ETC
WASHINGTON COUNTY SHERIFFS OFFICE,FOREST LAKE,7/26/2026 1:23:29 AM,WC26037500,"6XXX  207th St N, FOREST LAKE",ASSIST OTHER AGENCY
WASHINGTON COUNTY SHERIFFS OFFICE,FOREST LAKE,7/27/2026 6:48:00 PM,WC26037841,"XXX 4TH AVE NE, FOREST LAKE",CIVIL MATTER/DISPUTE
WASHINGTON COUNTY SHERIFFS OFFICE,FOREST LAKE,8/1/2026 9:17:56 PM,WC26038879,"Forest Lake, FOREST LAKE",WATER COMPLAINT
WASHINGTON COUNTY SHERIFFS OFFICE,GRANT,7/26/2026 11:39:50 AM,WC26037544,"9XXX  - 9331 75TH ST N, GRANT",ANIMAL COMPLAINT
WASHINGTON COUNTY SHERIFFS OFFICE,GRANT,7/26/2026 12:54:45 PM,WC26037553,"9XXX  65th St N, GRANT",SUSPICIOUS PERSON/ACTIVITY
WASHINGTON COUNTY SHERIFFS OFFICE,GRANT,7/26/2026 5:30:16 PM,WC26037589,"8XXX  Jamaca Ave N, GRANT",ACCIDENT
WASHINGTON COUNTY SHERIFFS OFFICE,GRANT,7/26/2026 7:24:00 PM,WC26037858,"8XXX  105th St N, GRANT",NOISE COMPLAINT/DISTURBANCE
WASHINGTON COUNTY SHERIFFS OFFICE,GRANT,7/27/2026 7:10:00 AM,WC26037695,"MANNING TRL N / 115TH ST N, GRANT",TRAFFIC STOP
WASHINGTON COUNTY SHERIFFS OFFICE,GRANT,7/27/2026 8:01:33 AM,WC26037701,"9XXX  Jamaca Ave N, GRANT",MEDICAL
WASHINGTON COUNTY SHERIFFS OFFICE,GRANT,7/27/2026 11:24:27 AM,WC26037734,"9XXX  60th St N, GRANT",SUSPICIOUS PERSON/ACTIVITY
WASHINGTON COUNTY SHERIFFS OFFICE,GRANT,7/27/2026 12:11:33 PM,WC26037746,"Gateway Trail Mile 16, GRANT",THREATS
WASHINGTON COUNTY SHERIFFS OFFICE,GRANT,7/27/2026 2:49:44 PM,WC26037783,"MANNING AVE N / 75TH ST N, GRANT",ACCIDENT
WASHINGTON COUNTY SHERIFFS OFFICE,GRANT,7/27/2026 3:27:18 PM,WC26037787,"10XXX  Ideal Ave N, GRANT",911 ABANDONED/HANGUP/OPEN LINE
WASHINGTON COUNTY SHERIFFS OFFICE,GRANT,7/27/2026 3:37:11 PM,WC26037790,"MANNING AVE N / 97TH ST N, GRANT",MOTORIST ASSIST
WASHINGTON COUNTY SHERIFFS OFFICE,GRANT,7/27/2026 6:28:07 PM,WC26037835,"7XXX  Manning Ave N, GRANT",CITIZEN/PUBLIC ASSIST
WASHINGTON COUNTY SHERIFFS OFFICE,GRANT,7/27/2026 7:35:00 PM,WC26037856,"10XXX  Kismet Ave N, GRANT",MEDICAL
WASHINGTON COUNTY SHERIFFS OFFICE,GRANT,7/28/2026 7:38:46 AM,WC26037920,"8XXX  Jamaca Ave N, GRANT",ROAD HAZARD
WASHINGTON COUNTY SHERIFFS OFFICE,GRANT,7/28/2026 8:31:49 AM,WC26037930,"11XXX  Dellwood Rd N, GRANT",MEDICAL
WASHINGTON COUNTY SHERIFFS OFFICE,GRANT,7/28/2026 8:32:24 AM,WC26037931,"7XXX  Lone Oak Trl N, GRANT",911 ABANDONED/HANGUP/OPEN LINE
WASHINGTON COUNTY SHERIFFS OFFICE,GRANT,7/28/2026 9:08:32 AM,WC26037936,"Unknown, GRANT",LOST PROPERTY/ITEM
WASHINGTON COUNTY SHERIFFS OFFICE,GRANT,7/28/2026 3:14:00 PM,WC26038017,"MANNING AVE N / 80TH ST N, GRANT",TRAFFIC STOP
WASHINGTON COUNTY SHERIFFS OFFICE,GRANT,7/28/2026 3:21:10 PM,WC26038019,"10XXX  110th St N, GRANT",WELFARE CHECK
WASHINGTON COUNTY SHERIFFS OFFICE,GRANT,7/29/2026 7:22:30 PM,WC26038294,"Justen Trl N / Joliet Ave N, GRANT",TRAFFIC COMPLAINT
WASHINGTON COUNTY SHERIFFS OFFICE,GRANT,7/29/2026 8:59:07 PM,WC26038305,"9XXX  83rd St N, GRANT",911 ABANDONED/HANGUP/OPEN LINE
WASHINGTON COUNTY SHERIFFS OFFICE,GRANT,7/30/2026 12:58:00 AM,WC26038354,"Dellwood Rd N / Manning Ave N, GRANT",ACCIDENT
WASHINGTON COUNTY SHERIFFS OFFICE,GRANT,7/30/2026 11:26:17 AM,WC26038421,"11XXX  66TH ST N, GRANT",911 ABANDONED/HANGUP/OPEN LINE
WASHINGTON COUNTY SHERIFFS OFFICE,GRANT,7/30/2026 12:58:01 PM,WC26038432,"9XXX  Ivy Ave N, GRANT",911 ABANDONED/HANGUP/OPEN LINE
WASHINGTON COUNTY SHERIFFS OFFICE,GRANT,7/30/2026 1:56:54 PM,WC26038442,"9XXX  Jeffrey Blvd N, GRANT",MEDICAL
WASHINGTON COUNTY SHERIFFS OFFICE,GRANT,7/30/2026 2:39:59 PM,WC26038457,"11XXX  60th St N, GRANT",ALARM-BUSINESS/RES/FIRE/MEDICAL/ETC
WASHINGTON COUNTY SHERIFFS OFFICE,GRANT,7/30/2026 3:40:07 PM,WC26038467,"9XXX  83rd St N, GRANT",MEDICAL
WASHINGTON COUNTY SHERIFFS OFFICE,GRANT,7/30/2026 3:45:00 PM,WC26038468,"7XXX  Manning Ave N, GRANT",MEDICAL
WASHINGTON COUNTY SHERIFFS OFFICE,GRANT,7/30/2026 4:06:30 PM,WC26038475,"Unknown, GRANT",CITIZEN/PUBLIC ASSIST
WASHINGTON COUNTY SHERIFFS OFFICE,GRANT,7/31/2026 7:53:37 AM,WC26038601,"Dellwood Rd N / Dellwood Road Ct N, GRANT",ROAD HAZARD
WASHINGTON COUNTY SHERIFFS OFFICE,GRANT,7/31/2026 11:31:25 AM,WC26038630,"11XXX  Julianne Ave N, GRANT",WARRANT ARREST
WASHINGTON COUNTY SHERIFFS OFFICE,GRANT,7/31/2026 12:57:05 PM,WC26038638,"Manning Ave N / Dellwood Rd N, GRANT",MOTORIST ASSIST
WASHINGTON COUNTY SHERIFFS OFFICE,GRANT,8/1/2026 4:21:52 PM,WC26038833,"JAMACA AVE N / 88TH ST N, GRANT",TRAFFIC STOP
WASHINGTON COUNTY SHERIFFS OFFICE,GRANT,8/1/2026 6:19:26 PM,WC26038853,"11XXX  DELLWOOD RD N, GRANT",CIVIL MATTER/DISPUTE
WASHINGTON COUNTY SHERIFFS OFFICE,GRANT,8/1/2026 6:42:42 PM,WC26038860,"Manning Ave N / 80th St N, GRANT",DRIVING COMPLAINT
WASHINGTON COUNTY SHERIFFS OFFICE,GRANT,8/1/2026 10:32:00 PM,WC26038869,"9XXX  75TH ST N, GRANT",ASSAULT
WASHINGTON COUNTY SHERIFFS OFFICE,HUGO,7/26/2026 12:00:00 AM,WC26037484,"FOREST/137TH, HUGO",TRAFFIC STOP
WASHINGTON COUNTY SHERIFFS OFFICE,HUGO,7/26/2026 12:16:51 AM,WC26037493,"4XXX  Heritage Pkwy N, HUGO",FIRE
WASHINGTON COUNTY SHERIFFS OFFICE,HUGO,7/26/2026 4:55:56 AM,WC26037515,"5XXX  138th St N, HUGO",FAMILY ASSIST
WASHINGTON COUNTY SHERIFFS OFFICE,HUGO,7/26/2026 11:12:00 AM,WC26037542,"170TH ST & INGERSOLL AVE (JWO), HUGO",TRAFFIC STOP
WASHINGTON COUNTY SHERIFFS OFFICE,HUGO,7/26/2026 12:05:00 PM,WC26037549,"FOREST BLVD N / FRENCHMAN RD, HUGO",TRAFFIC STOP
WASHINGTON COUNTY SHERIFFS OFFICE,HUGO,7/26/2026 3:20:00 PM,WC26037572,"140TH ST N & FOREST BLVD N, HUGO",TRAFFIC STOP
WASHINGTON COUNTY SHERIFFS OFFICE,HUGO,7/26/2026 3:36:13 PM,WC26037574,"14XXX  Forest Blvd N, HUGO",SUSPICIOUS PERSON/ACTIVITY
WASHINGTON COUNTY SHERIFFS OFFICE,HUGO,7/27/2026 9:21:34 AM,WC26037716,"5XXX  120th St N, HUGO",911 ABANDONED/HANGUP/OPEN LINE
WASHINGTON COUNTY SHERIFFS OFFICE,HUGO,7/27/2026 11:16:45 AM,WC26037732,"5XXX  129th Dr N, HUGO",CIVIL MATTER/DISPUTE
WASHINGTON COUNTY SHERIFFS OFFICE,HUGO,7/27/2026 12:59:12 PM,WC26037759,"15XXX  Forest Blvd N, HUGO",911 ABANDONED/HANGUP/OPEN LINE
WASHINGTON COUNTY SHERIFFS OFFICE,HUGO,7/27/2026 1:46:00 PM,WC26037768,"FRENCHMAND RD & VICTORY HUGO BLVD , HUGO",TRAFFIC STOP
WASHINGTON COUNTY SHERIFFS OFFICE,HUGO,7/27/2026 2:09:11 PM,WC26037778,"FRENCHMAN RD / ONEKA PKWY N, HUGO",TRAFFIC STOP
WASHINGTON COUNTY SHERIFFS OFFICE,HUGO,7/27/2026 2:12:00 PM,WC26037775,"4500BLOCK OF HERRITAGE PKWY , HUGO",TRAFFIC STOP
WASHINGTON COUNTY SHERIFFS OFFICE,HUGO,7/27/2026 3:30:52 PM,WC26037789,"15XXX  Farnham Ave N, HUGO",CIVIL MATTER/DISPUTE
WASHINGTON COUNTY SHERIFFS OFFICE,HUGO,7/27/2026 3:57:54 PM,WC26037794,"8XXX  140TH ST N, HUGO",FOLLOW UP
WASHINGTON COUNTY SHERIFFS OFFICE,HUGO,7/27/2026 4:13:00 PM,WC26037,"130TH ST N & FOREST BLVD N , HUGO",TRAFFIC STOP
WASHINGTON COUNTY SHERIFFS OFFICE,HUGO,7/27/2026 5:04:30 PM,WC26037813,"15XXX  FOSTER DR N, HUGO",COMPLIANCE CHECK VIOLATIONS
WASHINGTON COUNTY SHERIFFS OFFICE,HUGO,7/27/2026 6:08:26 PM,WC26037830,"16XXX  Ethan Ct N, HUGO",FOLLOW UP
WASHINGTON COUNTY SHERIFFS OFFICE,HUGO,7/27/2026 7:23:00 PM,WC26037852,"7XXX  147th St N, HUGO",PROPERTY DAMAGE
WASHINGTON COUNTY SHERIFFS OFFICE,HUGO,7/27/2026 7:29:18 PM,WC26037853,"5XXX  140th St N, HUGO",MEDICAL
WASHINGTON COUNTY SHERIFFS OFFICE,HUGO,7/27/2026 8:17:21 PM,WC26037862,"Victor Path N / Frenchman Rd, HUGO",TRAFFIC COMPLAINT
WASHINGTON COUNTY SHERIFFS OFFICE,HUGO,7/27/2026 10:42:21 PM,WC26037884,"4XXX  HERITAGE PKWY N, HUGO",DISTURBANCE
WASHINGTON COUNTY SHERIFFS OFFICE,HUGO,7/28/2026 12:00:00 AM,WC26037896,"4XXX  HERITAGE PKWY N, HUGO",TRAFFIC STOP
WASHINGTON COUNTY SHERIFFS OFFICE,HUGO,7/28/2026 7:00:15 AM,WC26037916,"14XXX  Hyde Ave N, HUGO",SUSPICIOUS PERSON/ACTIVITY
WASHINGTON COUNTY SHERIFFS OFFICE,HUGO,7/28/2026 9:49:00 AM,WC26037963,"FRENCHMAND RD/VICTOR HUGO BLVD , HUGO",ACCIDENT
WASHINGTON COUNTY SHERIFFS OFFICE,HUGO,7/28/2026 1:14:00 PM,WC26037992,"ELMCREST AVE N / ROSEMARY WAY N, HUGO",TRAFFIC STOP
WASHINGTON COUNTY SHERIFFS OFFICE,HUGO,7/28/2026 1:24:02 PM,WC26037993,"7XXX  137th St N, HUGO",FOLLOW UP
WASHINGTON COUNTY SHERIFFS OFFICE,HUGO,7/28/2026 1:50:00 PM,WC26037999,"FOREST BLVD N & 146TH ST N , HUGO",TRAFFIC STOP
WASHINGTON COUNTY SHERIFFS OFFICE,HUGO,7/28/2026 2:03:40 PM,WC26038003,"5XXX  150th St N, HUGO",MEDICAL
WASHINGTON COUNTY SHERIFFS OFFICE,HUGO,7/28/2026 2:22:14 PM,WC26038008,"14XXX  Irish Ave N, HUGO",WELFARE CHECK
WASHINGTON COUNTY SHERIFFS OFFICE,HUGO,7/28/2026 4:39:00 PM,WC26038032,"FOREST BLVD N/170TH ST N , HUGO",TRAFFIC STOP
WASHINGTON COUNTY SHERIFFS OFFICE,HUGO,7/28/2026 8:08:52 PM,WC26038070,"14XXX  Irish Ave N, HUGO",ROAD HAZARD
WASHINGTON COUNTY SHERIFFS OFFICE,HUGO,7/28/2026 8:46:23 PM,WC26038077,"12XXX  Farnham Ave N, HUGO",911 ABANDONED/HANGUP/OPEN LINE
WASHINGTON COUNTY SHERIFFS OFFICE,HUGO,7/28/2026 9:18:00 PM,WC26038085,"5XXX  159th St N, HUGO",WANTED PERSON-KOPS ALERT/ATL
WASHINGTON COUNTY SHERIFFS OFFICE,HUGO,7/28/2026 9:25:46 PM,WC26038086,"Hwy 61 Jno 130th St N, HUGO",OFFICER INFORMATION
WASHINGTON COUNTY SHERIFFS OFFICE,HUGO,7/29/2026 1:41:34 PM,WC26038206,"12XXX  Foxhill Ave N, HUGO",911 ABANDONED/HANGUP/OPEN LINE
WASHINGTON COUNTY SHERIFFS OFFICE,HUGO,7/29/2026 4:19:00 PM,WC26038241,"FONDANT TRL N / 131ST ST N, HUGO",TRAFFIC STOP
WASHINGTON COUNTY SHERIFFS OFFICE,HUGO,7/29/2026 5:06:26 PM,WC26038255,"14XXX  Victor Hugo Blvd N, HUGO",MEDICAL
WASHINGTON COUNTY SHERIFFS OFFICE,HUGO,7/29/2026 6:40:30 PM,WC26038284,"12XXX  Exhall Ave N, HUGO",FATIGUED INDIVIDUAL
WASHINGTON COUNTY SHERIFFS OFFICE,HUGO,7/29/2026 10:52:02 PM,WC26038334,"14XXX  Victor Hugo Blvd N, HUGO",FRAUD/SCAM
WASHINGTON COUNTY SHERIFFS OFFICE,HUGO,7/29/2026 11:19:12 PM,WC26038338,"FOREST BLVD N / 159TH ST N, HUGO",TRAFFIC STOP
WASHINGTON COUNTY SHERIFFS OFFICE,HUGO,7/30/2026 12:00:00 AM,WC26038534,"170TH ST N / FOREST BLVD N, HUGO",TRAFFIC STOP
WASHINGTON COUNTY SHERIFFS OFFICE,HUGO,7/30/2026 12:00:13 AM,WC26038342,"16XXX  - 16928 FOREST BLVD N, HUGO",TRAFFIC STOP
WASHINGTON COUNTY SHERIFFS OFFICE,HUGO,7/30/2026 12:56:21 AM,WC26038352,"FRENCHMAN RD / VICTOR HUGO BLVD N, HUGO",TRAFFIC STOP
WASHINGTON COUNTY SHERIFFS OFFICE,HUGO,7/30/2026 1:37:34 AM,WC26038355,"13XXX  Geneva Ave N, HUGO",MEDICAL
WASHINGTON COUNTY SHERIFFS OFFICE,HUGO,7/30/2026 2:26:04 AM,WC26038358,"15XXX  Farnham Ave N, HUGO",ALARM-BUSINESS/RES/FIRE/MEDICAL/ETC
WASHINGTON COUNTY SHERIFFS OFFICE,HUGO,7/30/2026 3:48:56 AM,WC26038360,"15XXX  Farnham Ave N, HUGO",FOLLOW UP
WASHINGTON COUNTY SHERIFFS OFFICE,HUGO,7/30/2026 5:59:00 AM,WC26038363,"Forest Blvd & 120th St N, HUGO",TRAFFIC STOP
WASHINGTON COUNTY SHERIFFS OFFICE,HUGO,7/30/2026 1:49:55 PM,WC26038446,"15XXX  Everton Ave N, HUGO",FRAUD/SCAM
WASHINGTON COUNTY SHERIFFS OFFICE,HUGO,7/30/2026 1:59:00 PM,WC26038441,"5XXX  BLOCK 140TH ST N, HUGO",TRAFFIC STOP
WASHINGTON COUNTY SHERIFFS OFFICE,HUGO,7/30/2026 3:09:48 PM,WC26038461,"170th St N / Forest Blvd N, HUGO",THEFT
WASHINGTON COUNTY SHERIFFS OFFICE,HUGO,7/30/2026 5:32:02 PM,WC26038490,"14XXX  Forest Blvd N, HUGO",HARASSMENT
WASHINGTON COUNTY SHERIFFS OFFICE,HUGO,7/30/2026 6:29:10 PM,WC26038510,"Unknown, HUGO",FRAUD/SCAM
WASHINGTON COUNTY SHERIFFS OFFICE,HUGO,7/30/2026 8:55:00 PM,WC26038538,"INGERSOLL AVE N / 165TH ST N, HUGO",SUSPICIOUS PERSON/ACTIVITY
WASHINGTON COUNTY SHERIFFS OFFICE,HUGO,7/31/2026 12:06:00 AM,WC26038569,"FOREST BLVD N / 120TH ST N, HUGO",TRAFFIC STOP
WASHINGTON COUNTY SHERIFFS OFFICE,HUGO,7/31/2026 12:40:05 AM,WC26038575,"6XXX  151st Street Ct N, HUGO",INCIDENT
WASHINGTON COUNTY SHERIFFS OFFICE,HUGO,7/31/2026 9:36:00 AM,WC26038620,"FOREST BLVD N / 140th ST N, HUGO",TRAFFIC STOP
WASHINGTON COUNTY SHERIFFS OFFICE,HUGO,7/31/2026 5:54:21 PM,WC26038670,"Unknown, HUGO",CIVIL MATTER/DISPUTE
WASHINGTON COUNTY SHERIFFS OFFICE,HUGO,7/31/2026 6:29:47 PM,WC26038679,"4XXX  Rosemary Way N, HUGO",WELFARE CHECK
WASHINGTON COUNTY SHERIFFS OFFICE,HUGO,7/31/2026 9:58:51 PM,WC26038708,"8XXX  147th St N, HUGO",911 ABANDONED/HANGUP/OPEN LINE
WASHINGTON COUNTY SHERIFFS OFFICE,HUGO,7/31/2026 10:48:18 PM,WC26038715,"159th St N / Fenway Ave N, HUGO",DRIVING COMPLAINT
WASHINGTON COUNTY SHERIFFS OFFICE,HUGO,8/1/2026 12:31:36 AM,WC26038731,"FOREST BLVD N / 159TH ST N, HUGO",TRAFFIC STOP
WASHINGTON COUNTY SHERIFFS OFFICE,HUGO,8/1/2026 12:45:25 AM,WC26038736,"17XXX  Keystone Ave N, HUGO",ASSIST OTHER AGENCY
WASHINGTON COUNTY SHERIFFS OFFICE,HUGO,8/1/2026 12:58:46 AM,WC26038737,"4XXX  Rosemary Way N, HUGO",MEDICAL
WASHINGTON COUNTY SHERIFFS OFFICE,HUGO,8/1/2026 3:11:50 AM,WC26038750,"4XXX  PRAIRIE TRAIL CT N, HUGO",MEDICAL
WASHINGTON COUNTY SHERIFFS OFFICE,HUGO,8/1/2026 5:10:28 AM,WC26038755,"5XXX  170th St N, HUGO",ANIMAL COMPLAINT
WASHINGTON COUNTY SHERIFFS OFFICE,HUGO,8/1/2026 6:36:43 AM,WC26038759,"4XXX  Emmit Dr N, HUGO",911 ABANDONED/HANGUP/OPEN LINE
WASHINGTON COUNTY SHERIFFS OFFICE,HUGO,8/1/2026 9:13:45 AM,WC26038770,"15XXX  - 16998 JEFFREY AVE N, HUGO",CITIZEN/PUBLIC ASSIST
WASHINGTON COUNTY SHERIFFS OFFICE,HUGO,8/1/2026 10:54:04 AM,WC26038785,"7XXX  Oneka Lake Blvd N, HUGO",ALARM-BUSINESS/RES/FIRE/MEDICAL/ETC
WASHINGTON COUNTY SHERIFFS OFFICE,HUGO,8/1/2026 11:39:28 AM,WC26038794,"12XXX  Goodview Ave N, HUGO",TRAFFIC COMPLAINT
WASHINGTON COUNTY SHERIFFS OFFICE,HUGO,8/1/2026 11:39:34 AM,WC26038792,"14XXX  Fountain Ave N, HUGO",DISTURBANCE
WASHINGTON COUNTY SHERIFFS OFFICE,HUGO,8/1/2026 2:18:08 PM,WC26038812,"13XXX  GOODVIEW AVE N, HUGO",SUSPICIOUS PERSON/ACTIVITY
WASHINGTON COUNTY SHERIFFS OFFICE,HUGO,8/1/2026 5:10:32 PM,WC26038841,"5XXX  150th St N, HUGO",MEDICAL
WASHINGTON COUNTY SHERIFFS OFFICE,HUGO,8/1/2026 5:20:12 PM,WC26038843,"15XXX  Forest Blvd N, HUGO",TRESPASSING
WASHINGTON COUNTY SHERIFFS OFFICE,HUGO,8/1/2026 6:00:42 PM,WC26038850,"13XXX  Europa Ct N, HUGO",MEDICAL
WASHINGTON COUNTY SHERIFFS OFFICE,HUGO,8/1/2026 7:56:50 PM,WC26038867,"5XXX  138th St N, HUGO",ALARM-BUSINESS/RES/FIRE/MEDICAL/ETC
WASHINGTON COUNTY SHERIFFS OFFICE,HUGO,8/1/2026 8:13:43 PM,WC26038870,"13XXX  Europa Ct N, HUGO",MEDICAL
WASHINGTON COUNTY SHERIFFS OFFICE,HUGO,8/1/2026 8:37:46 PM,WC26038875,"12XXX  Irish Ave N, HUGO",MEDICAL
WASHINGTON COUNTY SHERIFFS OFFICE,HUGO,8/1/2026 8:48:02 PM,WC26038877,"5XXX  140th St N, HUGO",TRAFFIC COMPLAINT
WASHINGTON COUNTY SHERIFFS OFFICE,HUGO,8/1/2026 10:31:05 PM,WC26038898,"8XXX  132nd St N, HUGO",911 ABANDONED/HANGUP/OPEN LINE
WASHINGTON COUNTY SHERIFFS OFFICE,LAKE ELMO,7/26/2026 1:13:50 AM,WC26037499,"12XXX  55th St N, LAKE ELMO",ABANDONED VEHICLE
WASHINGTON COUNTY SHERIFFS OFFICE,LAKE ELMO,7/26/2026 5:39:01 AM,WC26037516,"8XXX  Upper 9th Pl N, LAKE ELMO",MEDICAL
WASHINGTON COUNTY SHERIFFS OFFICE,LAKE ELMO,7/26/2026 6:40:59 AM,WC26037517,"Laverne Ave N / 39th St N, LAKE ELMO",TRAFFIC STOP
WASHINGTON COUNTY SHERIFFS OFFICE,LAKE ELMO,7/26/2026 9:51:12 AM,WC26037533,"11XXX  Hudson Blvd N, LAKE ELMO",MEDICAL
WASHINGTON COUNTY SHERIFFS OFFICE,LAKE ELMO,7/26/2026 9:56:19 AM,WC26037535,"8XXX  37th St N, LAKE ELMO",ANIMAL COMPLAINT
WASHINGTON COUNTY SHERIFFS OFFICE,LAKE ELMO,7/26/2026 1:31:18 PM,WC26037555,"11XXX  Little Bluestem Ct N, LAKE ELMO",MEDICAL
WASHINGTON COUNTY SHERIFFS OFFICE,LAKE ELMO,7/26/2026 1:45:00 PM,WC26037556,"5TH ST N / INWOOD AVE N, LAKE ELMO",TRAFFIC STOP
WASHINGTON COUNTY SHERIFFS OFFICE,LAKE ELMO,7/26/2026 4:27:58 PM,WC26037583,"9XXX  - 9839 45TH ST N, LAKE ELMO",DIRECTED PATROL
WASHINGTON COUNTY SHERIFFS OFFICE,LAKE ELMO,7/26/2026 5:43:08 PM,WC26037592,"8XXX  Hidden Bay Trl N, LAKE ELMO",DEATH INVESTIGATION
WASHINGTON COUNTY SHERIFFS OFFICE,LAKE ELMO,7/26/2026 6:05:11 PM,WC26037594,"2XXX  Keats Ave N, LAKE ELMO",FOUND PERSON
WASHINGTON COUNTY SHERIFFS OFFICE,LAKE ELMO,7/26/2026 6:33:04 PM,WC26037597,"Hudson Blvd N / Julia Ave N, LAKE ELMO",SUSPICIOUS PERSON/ACTIVITY
WASHINGTON COUNTY SHERIFFS OFFICE,LAKE ELMO,7/26/2026 9:18:36 PM,WC26037631,"Lake Elmo Ave N / Stillwater Blvd N, LAKE ELMO",TRAFFIC STOP
WASHINGTON COUNTY SHERIFFS OFFICE,LAKE ELMO,7/26/2026 9:37:15 PM,WC26037636,"Lake Elmo, LAKE ELMO",WATER COMPLAINT
WASHINGTON COUNTY SHERIFFS OFFICE,LAKE ELMO,7/27/2026 1:36:49 AM,WC26037672,"KEATS AVE N / 10TH ST N, LAKE ELMO",TRAFFIC STOP
WASHINGTON COUNTY SHERIFFS OFFICE,LAKE ELMO,7/27/2026 9:16:45 AM,WC26037715,"8XXX  Eagle Point Blvd, LAKE ELMO",THREATS
WASHINGTON COUNTY SHERIFFS OFFICE,LAKE ELMO,7/27/2026 9:45:30 AM,WC26037718,"9XXX  Hudson Blvd N, LAKE ELMO",WELFARE CHECK
WASHINGTON COUNTY SHERIFFS OFFICE,LAKE ELMO,7/27/2026 12:27:07 PM,WC26037752,"11XXX  Prairieview Trl N, LAKE ELMO",MEDICAL
WASHINGTON COUNTY SHERIFFS OFFICE,LAKE ELMO,7/27/2026 12:47:00 PM,WC26037753,"10XXX  Tapestry Bnd, LAKE ELMO",FAMILY ASSIST
WASHINGTON COUNTY SHERIFFS OFFICE,LAKE ELMO,7/27/2026 3:00:15 PM,WC26037784,"3XXX  Knightsbridge Ln N, LAKE ELMO",911 ABANDONED/HANGUP/OPEN LINE
WASHINGTON COUNTY SHERIFFS OFFICE,LAKE ELMO,7/27/2026 6:21:49 PM,WC26037832,"9XXX  Hudson Blvd N, LAKE ELMO",ROAD HAZARD
WASHINGTON COUNTY SHERIFFS OFFICE,LAKE ELMO,7/27/2026 6:50:32 PM,WC26037843,"5XXX  Isle Ave N, LAKE ELMO",SUSPICIOUS PERSON/ACTIVITY
WASHINGTON COUNTY SHERIFFS OFFICE,LAKE ELMO,7/27/2026 7:08:00 PM,WC26037848,"I94 WB AT MANNING AVE N, LAKE ELMO",TRAFFIC STOP
WASHINGTON COUNTY SHERIFFS OFFICE,LAKE ELMO,7/27/2026 8:58:18 PM,WC26037865,"9XXX  4th Street Ln N, LAKE ELMO",ANIMAL COMPLAINT
WASHINGTON COUNTY SHERIFFS OFFICE,LAKE ELMO,7/27/2026 10:10:00 PM,WC26037874,"STILLWATER BLVD N / 55TH ST N, LAKE ELMO",TRAFFIC STOP
WASHINGTON COUNTY SHERIFFS OFFICE,LAKE ELMO,7/28/2026 2:14:09 AM,WC26037904,"3XXX  LAKE ELMO AVE N, LAKE ELMO",WARRANT ATTEMPT
WASHINGTON COUNTY SHERIFFS OFFICE,LAKE ELMO,7/28/2026 6:37:00 AM,WC26037914,"11XXX  - 11599 STILLWATER BLVD N, LAKE ELMO",TRAFFIC STOP
WASHINGTON COUNTY SHERIFFS OFFICE,LAKE ELMO,7/28/2026 8:06:57 AM,WC26037924,"3XXX  Lake Elmo Ave N, LAKE ELMO",CITIZEN/PUBLIC ASSIST
WASHINGTON COUNTY SHERIFFS OFFICE,LAKE ELMO,7/28/2026 8:49:03 AM,WC26037934,"5XXX  Lake Elmo Ave N, LAKE ELMO",MEDICAL
WASHINGTON COUNTY SHERIFFS OFFICE,LAKE ELMO,7/28/2026 10:55:34 AM,WC26037974,"11XXX  Masters St N, LAKE ELMO",911 ABANDONED/HANGUP/OPEN LINE
WASHINGTON COUNTY SHERIFFS OFFICE,LAKE ELMO,7/28/2026 3:52:43 PM,WC26038024,"10XXX  38th St N, LAKE ELMO",CHILD CUSTODY
WASHINGTON COUNTY SHERIFFS OFFICE,LAKE ELMO,7/28/2026 4:03:10 PM,WC26038026,"XX Cimarron, LAKE ELMO",MEDICAL
WASHINGTON COUNTY SHERIFFS OFFICE,LAKE ELMO,7/28/2026 5:11:47 PM,WC26038039,"8XXX  Hudson Blvd N, LAKE ELMO",ALARM-BUSINESS/RES/FIRE/MEDICAL/ETC
WASHINGTON COUNTY SHERIFFS OFFICE,LAKE ELMO,7/28/2026 6:17:00 PM,WC26038051,"10TH ST N / LAKE ELMO AVE N, LAKE ELMO",TRAFFIC STOP
WASHINGTON COUNTY SHERIFFS OFFICE,LAKE ELMO,7/28/2026 7:01:16 PM,WC26038060,"8XXX  LAKE JANE TRL N, LAKE ELMO",DIRECTED PATROL
WASHINGTON COUNTY SHERIFFS OFFICE,LAKE ELMO,7/28/2026 7:51:32 PM,WC26038069,"11XXX  30th St N, LAKE ELMO",MEDICAL
WASHINGTON COUNTY SHERIFFS OFFICE,LAKE ELMO,7/28/2026 8:40:42 PM,WC26038075,"XXX Cimarron, LAKE ELMO",DRUNK/INTOXICATED 
WASHINGTON COUNTY SHERIFFS OFFICE,LAKE ELMO,7/28/2026 11:08:22 PM,WC26038093,"LAKE ELMO AVE N / STILLWATER BLVD N, LAKE ELMO",TRAFFIC STOP
WASHINGTON COUNTY SHERIFFS OFFICE,LAKE ELMO,7/29/2026 4:02:32 AM,WC26038127,"XXX Jade Trl N, LAKE ELMO",LIFT ASSIST
WASHINGTON COUNTY SHERIFFS OFFICE,LAKE ELMO,7/29/2026 10:34:06 AM,WC26038176,"Unknown, LAKE ELMO",FRAUD/SCAM
WASHINGTON COUNTY SHERIFFS OFFICE,LAKE ELMO,7/29/2026 10:41:39 AM,WC26038180,"Unknown, LAKE ELMO",FOLLOW UP
WASHINGTON COUNTY SHERIFFS OFFICE,LAKE ELMO,7/29/2026 10:50:34 AM,WC26038185,"9XXX  Hudson Blvd N, LAKE ELMO",TRESPASSING
WASHINGTON COUNTY SHERIFFS OFFICE,LAKE ELMO,7/29/2026 2:17:43 PM,WC26038214,"10XXX  56th Pl N, LAKE ELMO",911 ABANDONED/HANGUP/OPEN LINE
WASHINGTON COUNTY SHERIFFS OFFICE,LAKE ELMO,7/29/2026 2:46:18 PM,WC26038221,"Unknown, LAKE ELMO",THREATS
WASHINGTON COUNTY SHERIFFS OFFICE,LAKE ELMO,7/29/2026 3:31:55 PM,WC26038232,"3XXX  Laverne Ave N, LAKE ELMO",THREATS
WASHINGTON COUNTY SHERIFFS OFFICE,LAKE ELMO,7/29/2026 4:20:44 PM,WC26038244,"XX Hwy 36 Wb Jwo Manning Ave N, LAKE ELMO",ASSIST OTHER AGENCY
WASHINGTON COUNTY SHERIFFS OFFICE,LAKE ELMO,7/29/2026 5:25:25 PM,WC26038258,"9XXX  Hudson Blvd N, LAKE ELMO",ANIMAL COMPLAINT
WASHINGTON COUNTY SHERIFFS OFFICE,LAKE ELMO,7/29/2026 6:21:17 PM,WC26038275,"9XXX  5th Street Ln N, LAKE ELMO",ANIMAL COMPLAINT
WASHINGTON COUNTY SHERIFFS OFFICE,LAKE ELMO,7/30/2026 12:47:04 PM,WC26038431,"Unknown, LAKE ELMO",FOLLOW UP
WASHINGTON COUNTY SHERIFFS OFFICE,LAKE ELMO,7/30/2026 4:17:00 PM,WC26038476,"XXX Cimarron, LAKE ELMO",CIVIL MATTER/DISPUTE
WASHINGTON COUNTY SHERIFFS OFFICE,LAKE ELMO,7/30/2026 4:45:01 PM,WC26038481,"3XXX  Kelvin Ct N, LAKE ELMO",MEDICAL
WASHINGTON COUNTY SHERIFFS OFFICE,LAKE ELMO,7/30/2026 5:10:00 PM,WC26038486,"XXX CIMARRON, LAKE ELMO",FOLLOW UP
WASHINGTON COUNTY SHERIFFS OFFICE,LAKE ELMO,7/30/2026 5:29:00 PM,WC26038316,"34th St N / Ideal Ave N, LAKE ELMO",TRAFFIC STOP
WASHINGTON COUNTY SHERIFFS OFFICE,LAKE ELMO,7/30/2026 7:09:32 PM,WC26038517,"9XXX  4th Street Ln N, LAKE ELMO",ANIMAL COMPLAINT
WASHINGTON COUNTY SHERIFFS OFFICE,LAKE ELMO,7/30/2026 7:38:11 PM,WC26038520,"8XXX  Lake Jane Trl N, LAKE ELMO",ORDINANCE VIOLATION
WASHINGTON COUNTY SHERIFFS OFFICE,LAKE ELMO,7/30/2026 11:41:39 PM,WC26038566,"11XXX  32nd St N, LAKE ELMO",NOISE COMPLAINT/DISTURBANCE
WASHINGTON COUNTY SHERIFFS OFFICE,LAKE ELMO,7/31/2026 4:42:20 AM,WC26038597,"10XXX  - 10640 10TH ST N, LAKE ELMO",TRAFFIC STOP
WASHINGTON COUNTY SHERIFFS OFFICE,LAKE ELMO,7/31/2026 9:29:40 AM,WC26038618,"Inwood Ave N / 10th St N, LAKE ELMO",DRIVING COMPLAINT
WASHINGTON COUNTY SHERIFFS OFFICE,LAKE ELMO,7/31/2026 12:26:49 PM,WC26038633,"XX 3rd St N To I94 Wb Ramp, LAKE ELMO",ACCIDENT
WASHINGTON COUNTY SHERIFFS OFFICE,LAKE ELMO,7/31/2026 12:30:27 PM,WC26038634,"XX Cimarron, LAKE ELMO",MEDICAL
WASHINGTON COUNTY SHERIFFS OFFICE,LAKE ELMO,7/31/2026 1:11:00 PM,WC26038563,"2XXX  - 2998 MANNING AVE N, LAKE ELMO",DRUNK/INTOXICATED 
WASHINGTON COUNTY SHERIFFS OFFICE,LAKE ELMO,7/31/2026 4:37:11 PM,WC26038660,"5XXX  57th Street Cv N, LAKE ELMO",ALARM-BUSINESS/RES/FIRE/MEDICAL/ETC
WASHINGTON COUNTY SHERIFFS OFFICE,LAKE ELMO,7/31/2026 5:50:47 PM,WC26038668,"11XXX  Arnie Way N, LAKE ELMO",911 ABANDONED/HANGUP/OPEN LINE
WASHINGTON COUNTY SHERIFFS OFFICE,LAKE ELMO,7/31/2026 7:19:18 PM,WC26038686,"XX Cimarron, LAKE ELMO",WELFARE CHECK
WASHINGTON COUNTY SHERIFFS OFFICE,LAKE ELMO,7/31/2026 8:05:36 PM,WC26038691,"8XXX  Hidden Bay Trl N, LAKE ELMO",MEDICAL
WASHINGTON COUNTY SHERIFFS OFFICE,LAKE ELMO,7/31/2026 11:19:49 PM,WC26038721,"11XXX  Stillwater Blvd N, LAKE ELMO",911 ABANDONED/HANGUP/OPEN LINE
WASHINGTON COUNTY SHERIFFS OFFICE,LAKE ELMO,8/1/2026 12:40:00 AM,WC26038734,"10TH ST N / JASMINE AVE N, LAKE ELMO",TRAFFIC STOP
WASHINGTON COUNTY SHERIFFS OFFICE,LAKE ELMO,8/1/2026 3:20:22 AM,WC26038751,"4XXX  35th St N, LAKE ELMO",MEDICAL
WASHINGTON COUNTY SHERIFFS OFFICE,LAKE ELMO,8/1/2026 4:41:16 AM,WC26038754,"9XXX  5th Street Ln N, LAKE ELMO",MEDICAL
WASHINGTON COUNTY SHERIFFS OFFICE,LAKE ELMO,8/1/2026 7:13:12 AM,WC26038763,"4XXX  35th St N, LAKE ELMO",DEATH
WASHINGTON COUNTY SHERIFFS OFFICE,LAKE ELMO,8/1/2026 8:07:11 AM,WC26038766,"JAMACA AVE N / 34TH ST N, LAKE ELMO",ACCIDENT
WASHINGTON COUNTY SHERIFFS OFFICE,LAKE ELMO,8/1/2026 10:04:38 AM,WC26038779,"Lake Elmo Ave N / 24th St N, LAKE ELMO",PARK COMPLAINT
WASHINGTON COUNTY SHERIFFS OFFICE,LAKE ELMO,8/1/2026 1:02:09 PM,WC26038800,"Hwy 36 Eb Jwo Keats Ave N, LAKE ELMO",DRIVING COMPLAINT
WASHINGTON COUNTY SHERIFFS OFFICE,LAKE ELMO,8/1/2026 2:12:09 PM,WC26038811,"XX HWY 36 EB AT HIGHLANDS TRL N, LAKE ELMO",ASSIST OTHER AGENCY
WASHINGTON COUNTY SHERIFFS OFFICE,LAKE ELMO,8/1/2026 2:33:51 PM,WC26038815,"HUDSON BLVD N / KEATS AVE N, LAKE ELMO",DISTURBANCE
WASHINGTON COUNTY SHERIFFS OFFICE,LAKE ELMO,8/1/2026 3:51:28 PM,WC26038828,"8XXX  50th St N, LAKE ELMO",PARKING COMPLAINT
WASHINGTON COUNTY SHERIFFS OFFICE,LAKE ELMO,8/1/2026 8:32:07 PM,WC26038873,"8XXX  Lake Jane Trl N, LAKE ELMO",NOISE COMPLAINT/DISTURBANCE
WASHINGTON COUNTY SHERIFFS OFFICE,LAKE ELMO,8/1/2026 9:06:25 PM,WC26038878,"Lake Demontreville, LAKE ELMO",FIREWORKS
WASHINGTON COUNTY SHERIFFS OFFICE,LAKE ELMO,8/1/2026 9:22:22 PM,WC26038880,"XX Hwy 36 Wb Jwo Manning Ave N, LAKE ELMO",DRIVING COMPLAINT
WASHINGTON COUNTY SHERIFFS OFFICE,LAKE ELMO,8/1/2026 9:37:26 PM,WC26038889,"8XXX  50th St N, LAKE ELMO",FIREWORKS
WASHINGTON COUNTY SHERIFFS OFFICE,LAKE ELMO,8/1/2026 10:27:23 PM,WC26038897,"8XXX  27th St N, LAKE ELMO",FIREWORKS
WASHINGTON COUNTY SHERIFFS OFFICE,LAKE ELMO,8/1/2026 10:43:05 PM,WC26038900,"8XXX  Stillwater Blvd N, LAKE ELMO",FIREWORKS
WASHINGTON COUNTY SHERIFFS OFFICE,LAKE SAINT CROIX BEACH,7/26/2026 9:46:36 AM,WC26037534,"1XXX  Quinlan Avenue Ct S, LAKE SAINT CROIX BEACH",ANIMAL COMPLAINT
WASHINGTON COUNTY SHERIFFS OFFICE,LAKE SAINT CROIX BEACH,7/26/2026 4:11:28 PM,WC26037581,"16XXX  Upper 19th St S, LAKE SAINT CROIX BEACH",NOISE COMPLAINT/DISTURBANCE
WASHINGTON COUNTY SHERIFFS OFFICE,LAKE SAINT CROIX BEACH,7/26/2026 10:12:55 PM,WC26037638,"19th St S / Riviera Ave S, LAKE SAINT CROIX BEACH",NOISE COMPLAINT/DISTURBANCE
WASHINGTON COUNTY SHERIFFS OFFICE,LAKE SAINT CROIX BEACH,7/27/2026 3:36:55 PM,WC26037792,"Lake St Croix Beach Stairs 8, LAKE SAINT CROIX BEACH",WATER INCIDENT/VIOLATION
WASHINGTON COUNTY SHERIFFS OFFICE,LAKE SAINT CROIX BEACH,7/28/2026 5:01:02 PM,WC26038036,"Saint Croix Trl S / 19th St S, LAKE SAINT CROIX BEACH",ACCIDENT
WASHINGTON COUNTY SHERIFFS OFFICE,LAKE SAINT CROIX BEACH,7/28/2026 9:04:16 PM,WC26038080,"16XXX  18th St S, LAKE SAINT CROIX BEACH",CITIZEN/PUBLIC ASSIST
WASHINGTON COUNTY SHERIFFS OFFICE,LAKE SAINT CROIX BEACH,7/28/2026 11:51:33 PM,WC26038102,"16XXX  18th St S, LAKE SAINT CROIX BEACH",DISTURBANCE
WASHINGTON COUNTY SHERIFFS OFFICE,LAKE SAINT CROIX BEACH,7/29/2026 11:29:16 AM,WC26038188,"Quarry Ave S / 20th St S, LAKE SAINT CROIX BEACH",ACCIDENT
WASHINGTON COUNTY SHERIFFS OFFICE,LAKE SAINT CROIX BEACH,8/1/2026 11:07:06 PM,WC26038905,"2XXX  Quebec Ave S, LAKE SAINT CROIX BEACH",FIREWORKS
WASHINGTON COUNTY SHERIFFS OFFICE,LAKE SAINT CROIX BEACH,8/1/2026 11:52:43 PM,WC26038912,"2XXX  Quebec Ave S, LAKE SAINT CROIX BEACH",FOLLOW UP
WASHINGTON COUNTY SHERIFFS OFFICE,LAKELAND,7/26/2026 12:02:45 AM,WC26037491,"Quamwell Ave N / 1st St N, LAKELAND",WELFARE CHECK
WASHINGTON COUNTY SHERIFFS OFFICE,LAKELAND,7/26/2026 6:49:30 PM,WC26037601,"XXX QUINNELL AVE N, LAKELAND",WARRANT ATTEMPT
WASHINGTON COUNTY SHERIFFS OFFICE,LAKELAND,7/26/2026 7:01:01 PM,WC26037604,"XXX QUANT AVE N, LAKELAND",CIVIL MATTER/DISPUTE
WASHINGTON COUNTY SHERIFFS OFFICE,LAKELAND,7/26/2026 8:47:26 PM,WC26037624,"XXX QUINNELL AVE N, LAKELAND",WARRANT ARREST
WASHINGTON COUNTY SHERIFFS OFFICE,LAKELAND,7/27/2026 8:34:20 AM,WC26037706,"Saint Croix Trl S / 7th St S, LAKELAND",ACCIDENT
WASHINGTON COUNTY SHERIFFS OFFICE,LAKELAND,7/27/2026 7:44:53 PM,WC26037859,"16XXX  Upper 4th St N, LAKELAND",MEDICAL
WASHINGTON COUNTY SHERIFFS OFFICE,LAKELAND,7/29/2026 1:19:45 PM,WC26038202,"1XXX  RIVERCREST RD N, LAKELAND",WARRANT ARREST
WASHINGTON COUNTY SHERIFFS OFFICE,LAKELAND,7/29/2026 2:25:16 PM,WC26038217,"16XXX  Division St, LAKELAND",FOLLOW UP
WASHINGTON COUNTY SHERIFFS OFFICE,LAKELAND,7/29/2026 8:22:53 PM,WC26038299,"XXX Quinlan Ave N, LAKELAND",FOLLOW UP
WASHINGTON COUNTY SHERIFFS OFFICE,LAKELAND,7/29/2026 10:06:19 PM,WC26038324,"1XXX  Saint Croix Trl S, LAKELAND",REQUEST FOR EMERGENCY EXAM - 72 HR HOLD
WASHINGTON COUNTY SHERIFFS OFFICE,LAKELAND,7/31/2026 10:13:11 AM,WC26038624,"16XXX  Upper 2nd St N, LAKELAND",ANIMAL COMPLAINT
WASHINGTON COUNTY SHERIFFS OFFICE,LAKELAND,7/31/2026 2:23:32 PM,WC26038646,"I94 Bridge (hudson): I94 Wb - Mn, LAKELAND",DRIVING COMPLAINT
WASHINGTON COUNTY SHERIFFS OFFICE,LAKELAND,8/1/2026 1:45:50 PM,WC26038806,"XXX Quinnell Ave N, LAKELAND",MEDICAL
WASHINGTON COUNTY SHERIFFS OFFICE,LANDFALL,7/26/2026 9:24:31 PM,WC26037633,"XX Ivy Ln, LANDFALL",FRAUD/SCAM
WASHINGTON COUNTY SHERIFFS OFFICE,LANDFALL,7/27/2026 12:20:05 AM,WC26037661,"XX Forest Hts, LANDFALL",NOISE COMPLAINT/DISTURBANCE
WASHINGTON COUNTY SHERIFFS OFFICE,LANDFALL,7/29/2026 6:30:13 PM,WC26038279,"XX Linden Ln, LANDFALL",FRAUD/SCAM
WASHINGTON COUNTY SHERIFFS OFFICE,LANDFALL,7/31/2026 4:07:33 PM,WC26038656,"XX Heather Way, LANDFALL",FOLLOW UP
WASHINGTON COUNTY SHERIFFS OFFICE,MAHTOMEDI,7/26/2026 1:04:29 AM,WC26037498,"XXX WILDWOOD RD, MAHTOMEDI",LOCKOUT
WASHINGTON COUNTY SHERIFFS OFFICE,MAHTOMEDI,7/26/2026 1:25:21 AM,WC26037501,"XXX 69th St N, MAHTOMEDI",MEDICAL
WASHINGTON COUNTY SHERIFFS OFFICE,MAHTOMEDI,7/26/2026 3:47:18 AM,WC26037510,"WOODLAND CT / WOODLAND DR, MAHTOMEDI",TRAFFIC STOP
WASHINGTON COUNTY SHERIFFS OFFICE,MAHTOMEDI,7/26/2026 7:51:41 AM,WC26037521,"XX Mahtomedi Ave, MAHTOMEDI",MEDICAL
WASHINGTON COUNTY SHERIFFS OFFICE,MAHTOMEDI,7/26/2026 10:51:34 AM,WC26037540,"XX Mahtomedi Ave, MAHTOMEDI",SUSPICIOUS PERSON/ACTIVITY
WASHINGTON COUNTY SHERIFFS OFFICE,MAHTOMEDI,7/26/2026 5:36:28 PM,WC26037590,"XXX Wedgewood Dr, MAHTOMEDI",ANIMAL COMPLAINT
WASHINGTON COUNTY SHERIFFS OFFICE,MAHTOMEDI,7/26/2026 5:51:51 PM,WC26037593,"XXX East Ave, MAHTOMEDI",MEDICAL
WASHINGTON COUNTY SHERIFFS OFFICE,MAHTOMEDI,7/26/2026 6:39:00 PM,WC26037598,"WILDWOOD RD / LINCOLNTOWN AVE, MAHTOMEDI",TRAFFIC STOP
WASHINGTON COUNTY SHERIFFS OFFICE,MAHTOMEDI,7/26/2026 6:53:59 PM,WC26037603,"Lincolntown Ave / Dunbar Way, MAHTOMEDI",JUVENILE COMPLAINT
WASHINGTON COUNTY SHERIFFS OFFICE,MAHTOMEDI,7/26/2026 7:00:00 PM,WC26037847,"XX Mahtomedi Ave, MAHTOMEDI",DISTURBANCE
WASHINGTON COUNTY SHERIFFS OFFICE,MAHTOMEDI,7/26/2026 7:06:38 PM,WC26037605,"Wildwood Rd / Wedgewood Dr, MAHTOMEDI",PARK COMPLAINT
WASHINGTON COUNTY SHERIFFS OFFICE,MAHTOMEDI,7/26/2026 8:43:03 PM,WC26037627,"XXX Wildwood Rd, MAHTOMEDI",ANIMAL COMPLAINT
WASHINGTON COUNTY SHERIFFS OFFICE,MAHTOMEDI,7/26/2026 9:05:07 PM,WC26037630,"XX Mahtomedi Ave, MAHTOMEDI",MEDICAL
WASHINGTON COUNTY SHERIFFS OFFICE,MAHTOMEDI,7/26/2026 9:52:41 PM,WC26037637,"XXX STILLWATER RD, MAHTOMEDI",WARRANT ATTEMPT
WASHINGTON COUNTY SHERIFFS OFFICE,MAHTOMEDI,7/26/2026 10:28:21 PM,WC26037643,"XXX Wildwood Rd, MAHTOMEDI",MEDICAL
WASHINGTON COUNTY SHERIFFS OFFICE,MAHTOMEDI,7/26/2026 11:17:31 PM,WC26037652,"XXX WILDWOOD RD, MAHTOMEDI",TRAFFIC STOP
WASHINGTON COUNTY SHERIFFS OFFICE,MAHTOMEDI,7/26/2026 11:53:00 PM,WC26037658,"XXX Elm St, MAHTOMEDI",MEDICAL
WASHINGTON COUNTY SHERIFFS OFFICE,MAHTOMEDI,7/27/2026 1:09:10 AM,WC26037666,"XX Mahtomedi Ave, MAHTOMEDI",ALARM-BUSINESS/RES/FIRE/MEDICAL/ETC
WASHINGTON COUNTY SHERIFFS OFFICE,MAHTOMEDI,7/27/2026 2:00:00 AM,WC26037677,"XXX WEDGEWOOD DR, MAHTOMEDI",TRAFFIC STOP
WASHINGTON COUNTY SHERIFFS OFFICE,MAHTOMEDI,7/27/2026 4:36:02 AM,WC26037688,"XX Long Lake Rd, MAHTOMEDI",911 ABANDONED/HANGUP/OPEN LINE
WASHINGTON COUNTY SHERIFFS OFFICE,MAHTOMEDI,7/27/2026 4:42:55 AM,WC26037690,"XX Mahtomedi Ave, MAHTOMEDI",ALARM-BUSINESS/RES/FIRE/MEDICAL/ETC
WASHINGTON COUNTY SHERIFFS OFFICE,MAHTOMEDI,7/27/2026 9:23:45 AM,WC26037717,"XXX Bichner Ln, MAHTOMEDI",ANIMAL COMPLAINT
WASHINGTON COUNTY SHERIFFS OFFICE,MAHTOMEDI,7/27/2026 9:53:07 AM,WC26037721,"XXX Dartmoor Rd, MAHTOMEDI",CIVIL MATTER/DISPUTE
WASHINGTON COUNTY SHERIFFS OFFICE,MAHTOMEDI,7/27/2026 12:07:05 PM,WC26037743,"XXX Elm St, MAHTOMEDI",PROPERTY DAMAGE
WASHINGTON COUNTY SHERIFFS OFFICE,MAHTOMEDI,7/27/2026 12:20:14 PM,WC26037750,"XXX Wildwood Rd, MAHTOMEDI",CITIZEN/PUBLIC ASSIST
WASHINGTON COUNTY SHERIFFS OFFICE,MAHTOMEDI,7/27/2026 3:36:07 PM,WC26037791,"XXX Wildwood Bay Dr, MAHTOMEDI",MEDICAL
WASHINGTON COUNTY SHERIFFS OFFICE,MAHTOMEDI,7/27/2026 4:01:38 PM,WC26037797,"1XXX  MAHTOMEDI AVE, MAHTOMEDI",PARKING COMPLAINT
WASHINGTON COUNTY SHERIFFS OFFICE,MAHTOMEDI,7/27/2026 4:06:47 PM,WC26037800,"Unknown, MAHTOMEDI",CITIZEN/PUBLIC ASSIST
WASHINGTON COUNTY SHERIFFS OFFICE,MAHTOMEDI,7/27/2026 5:53:23 PM,WC26037824,"XXX Jesse James Ln, MAHTOMEDI",ALARM-BUSINESS/RES/FIRE/MEDICAL/ETC
WASHINGTON COUNTY SHERIFFS OFFICE,MAHTOMEDI,7/27/2026 10:04:00 PM,WC26037872,"HWY 120 AT CENTURY COLLEGE, MAHTOMEDI",TRAFFIC STOP
WASHINGTON COUNTY SHERIFFS OFFICE,MAHTOMEDI,7/27/2026 10:08:45 PM,WC26037873,"XXX WEDGEWOOD DR, MAHTOMEDI",SUSPICIOUS PERSON/ACTIVITY
WASHINGTON COUNTY SHERIFFS OFFICE,MAHTOMEDI,7/27/2026 11:11:29 PM,WC26037890,"XXX Mahtomedi Ave, MAHTOMEDI",911 ABANDONED/HANGUP/OPEN LINE
WASHINGTON COUNTY SHERIFFS OFFICE,MAHTOMEDI,7/28/2026 8:42:30 AM,WC26037933,"XXX Wildwood Bay Dr, MAHTOMEDI",FOLLOW UP
WASHINGTON COUNTY SHERIFFS OFFICE,MAHTOMEDI,7/28/2026 11:01:00 AM,WC26037975,"WILDWOOD RD / WEDGEWOOD DR, MAHTOMEDI",TRAFFIC STOP
WASHINGTON COUNTY SHERIFFS OFFICE,MAHTOMEDI,7/28/2026 11:35:14 AM,WC26037983,"1XXX  MAHTOMEDI AVE, MAHTOMEDI",PARKING COMPLAINT
WASHINGTON COUNTY SHERIFFS OFFICE,MAHTOMEDI,7/28/2026 3:09:19 PM,WC26038016,"XXX Mcgregor Ave N, MAHTOMEDI",SUSPICIOUS PERSON/ACTIVITY
WASHINGTON COUNTY SHERIFFS OFFICE,MAHTOMEDI,7/28/2026 3:17:06 PM,WC26038018,"XXX Wildwood Rd, MAHTOMEDI",CITIZEN/PUBLIC ASSIST
WASHINGTON COUNTY SHERIFFS OFFICE,MAHTOMEDI,7/28/2026 5:59:59 PM,WC26038047,"CENTURY AVE & LONG LAKE RD, MAHTOMEDI",MEDICAL
WASHINGTON COUNTY SHERIFFS OFFICE,MAHTOMEDI,7/28/2026 7:33:02 PM,WC26038066,"XXX Wildwood Rd, MAHTOMEDI",ALARM-BUSINESS/RES/FIRE/MEDICAL/ETC
WASHINGTON COUNTY SHERIFFS OFFICE,MAHTOMEDI,7/28/2026 7:34:00 PM,WC26038065,"WOODLAND DR / CENTURY AVE N, MAHTOMEDI",TRAFFIC STOP
WASHINGTON COUNTY SHERIFFS OFFICE,MAHTOMEDI,7/28/2026 8:37:39 PM,WC26038073,"WARNER AVE N / STILLWATER RD, MAHTOMEDI",DIRECTED PATROL
WASHINGTON COUNTY SHERIFFS OFFICE,MAHTOMEDI,7/28/2026 8:58:54 PM,WC26038079,"XXX Wildwood Rd, MAHTOMEDI",WELFARE CHECK
WASHINGTON COUNTY SHERIFFS OFFICE,MAHTOMEDI,7/28/2026 9:53:00 PM,WC26038088,"1XXX  LINCOLNTOWN AVE, MAHTOMEDI",TRAFFIC STOP
WASHINGTON COUNTY SHERIFFS OFFICE,MAHTOMEDI,7/28/2026 10:50:34 PM,WC26038092,"XX Long Lake Rd, MAHTOMEDI",WELFARE CHECK
WASHINGTON COUNTY SHERIFFS OFFICE,MAHTOMEDI,7/29/2026 5:57:00 AM,WC26038130,"XXX Wildwood Rd, MAHTOMEDI",PROPERTY DAMAGE
WASHINGTON COUNTY SHERIFFS OFFICE,MAHTOMEDI,7/29/2026 9:09:00 AM,WC26038141,"XX Century College, MAHTOMEDI",911 ABANDONED/HANGUP/OPEN LINE
WASHINGTON COUNTY SHERIFFS OFFICE,MAHTOMEDI,7/29/2026 10:17:17 AM,WC26038173,"XXX Hickory St, MAHTOMEDI",MEDICAL
WASHINGTON COUNTY SHERIFFS OFFICE,MAHTOMEDI,7/29/2026 11:41:48 AM,WC26038192,"3XXX  Century Ave, MAHTOMEDI",DISTURBANCE
WASHINGTON COUNTY SHERIFFS OFFICE,MAHTOMEDI,7/29/2026 1:29:10 PM,WC26038204,"XXX East Ave, MAHTOMEDI",MEDICAL
WASHINGTON COUNTY SHERIFFS OFFICE,MAHTOMEDI,7/29/2026 3:52:55 PM,WC26038237,"XXX East Ave, MAHTOMEDI",911 ABANDONED/HANGUP/OPEN LINE
WASHINGTON COUNTY SHERIFFS OFFICE,MAHTOMEDI,7/29/2026 4:30:33 PM,WC26038245,"XXX East Ave, MAHTOMEDI",VEHICLE UNLOCK
WASHINGTON COUNTY SHERIFFS OFFICE,MAHTOMEDI,7/29/2026 5:07:00 PM,WC26038254,"HALLAM AVE S / STILLWATER RD, MAHTOMEDI",TRAFFIC STOP
WASHINGTON COUNTY SHERIFFS OFFICE,MAHTOMEDI,7/29/2026 6:48:53 PM,WC26038286,"XXX WILDWOOD RD, MAHTOMEDI",Paper Service
WASHINGTON COUNTY SHERIFFS OFFICE,MAHTOMEDI,7/29/2026 8:28:28 PM,WC26038301,"Warner Ave N / Stillwater Rd, MAHTOMEDI",MEDICAL
WASHINGTON COUNTY SHERIFFS OFFICE,MAHTOMEDI,7/29/2026 9:39:03 PM,WC26038314,"XXX Wildwood Rd, MAHTOMEDI",DRIVING COMPLAINT
WASHINGTON COUNTY SHERIFFS OFFICE,MAHTOMEDI,7/29/2026 9:47:13 PM,WC26038317,"Unknown, MAHTOMEDI",ASSIST OTHER AGENCY
WASHINGTON COUNTY SHERIFFS OFFICE,MAHTOMEDI,7/30/2026 4:48:00 AM,WC26038362,"XXX Woodland Ct, MAHTOMEDI",RUNAWAY
WASHINGTON COUNTY SHERIFFS OFFICE,MAHTOMEDI,7/30/2026 11:29:20 AM,WC26038425,"XXX Wildwood Rd, MAHTOMEDI",MEDICAL
WASHINGTON COUNTY SHERIFFS OFFICE,MAHTOMEDI,7/30/2026 1:56:04 PM,WC26038444,"XXX Wildwood Rd, MAHTOMEDI",WELFARE CHECK
WASHINGTON COUNTY SHERIFFS OFFICE,MAHTOMEDI,7/30/2026 2:37:23 PM,WC26038456,"XXX LEDGESTONE DR, MAHTOMEDI",CIVIL MATTER/DISPUTE
WASHINGTON COUNTY SHERIFFS OFFICE,MAHTOMEDI,7/30/2026 3:05:11 PM,WC26038460,"XX Mahtomedi Ave, MAHTOMEDI",LIFT ASSIST
WASHINGTON COUNTY SHERIFFS OFFICE,MAHTOMEDI,7/30/2026 8:25:59 PM,WC26038528,"1XXX  Park Ave, MAHTOMEDI",MEDICAL
WASHINGTON COUNTY SHERIFFS OFFICE,MAHTOMEDI,7/30/2026 9:23:13 PM,WC26038544,"XXX WILDWOOD RD, MAHTOMEDI",CIVIL MATTER/DISPUTE
WASHINGTON COUNTY SHERIFFS OFFICE,MAHTOMEDI,7/31/2026 12:21:00 AM,WC26038570,"WILDWOOD RD / CENTURY AVE N, MAHTOMEDI",DWI
WASHINGTON COUNTY SHERIFFS OFFICE,MAHTOMEDI,7/31/2026 4:21:45 AM,WC26038595,"XX Mahtomedi Ave, MAHTOMEDI",ALARM-BUSINESS/RES/FIRE/MEDICAL/ETC
WASHINGTON COUNTY SHERIFFS OFFICE,MAHTOMEDI,7/31/2026 8:31:57 AM,WC26038604,"XX Long Lake Rd, MAHTOMEDI",911 ABANDONED/HANGUP/OPEN LINE
WASHINGTON COUNTY SHERIFFS OFFICE,MAHTOMEDI,7/31/2026 12:13:05 PM,WC26038632,"Wildwood Ct / Warner Ave N, MAHTOMEDI",ROAD HAZARD
WASHINGTON COUNTY SHERIFFS OFFICE,MAHTOMEDI,7/31/2026 12:40:59 PM,WC26038636,"XXX Stillwater Rd, MAHTOMEDI",ALARM-BUSINESS/RES/FIRE/MEDICAL/ETC
WASHINGTON COUNTY SHERIFFS OFFICE,MAHTOMEDI,7/31/2026 1:50:26 PM,WC26038643,"XXX 72nd St N, MAHTOMEDI",PROPERTY DAMAGE
WASHINGTON COUNTY SHERIFFS OFFICE,MAHTOMEDI,7/31/2026 4:10:35 PM,WC26038657,"XXX East Ave, MAHTOMEDI",MEDICAL
WASHINGTON COUNTY SHERIFFS OFFICE,MAHTOMEDI,7/31/2026 5:00:13 PM,WC26038664,"Unknown, MAHTOMEDI",HARASSMENT
WASHINGTON COUNTY SHERIFFS OFFICE,MAHTOMEDI,7/31/2026 7:03:00 PM,WC26038683,"XXX - 669 EDITH AVE, MAHTOMEDI",TRAFFIC STOP
WASHINGTON COUNTY SHERIFFS OFFICE,MAHTOMEDI,7/31/2026 10:53:00 PM,WC26038706,"XXX - 899 STILLWATER RD, MAHTOMEDI",TRAFFIC STOP
WASHINGTON COUNTY SHERIFFS OFFICE,MAHTOMEDI,7/31/2026 11:40:28 PM,WC26038727,"XXX WOODLAND DR, MAHTOMEDI",MISSING PERSON
WASHINGTON COUNTY SHERIFFS OFFICE,MAHTOMEDI,8/1/2026 11:40:20 AM,WC26038791,"HILTON TRL N / STILLWATER RD, MAHTOMEDI",TRAFFIC STOP
WASHINGTON COUNTY SHERIFFS OFFICE,MAHTOMEDI,8/1/2026 12:15:40 PM,WC26038799,"Unknown, MAHTOMEDI",HARASSMENT
WASHINGTON COUNTY SHERIFFS OFFICE,MAHTOMEDI,8/1/2026 4:24:21 PM,WC26038834,"XXX Wedgewood Dr, MAHTOMEDI",DRUGS
WASHINGTON COUNTY SHERIFFS OFFICE,MAHTOMEDI,8/1/2026 5:07:29 PM,WC26038840,"XXX Wildwood Rd, MAHTOMEDI",TRAFFIC COMPLAINT
WASHINGTON COUNTY SHERIFFS OFFICE,MAHTOMEDI,8/1/2026 5:09:21 PM,WC26038842,"1XXX  Echo Lake Ct, MAHTOMEDI",CIVIL MATTER/DISPUTE
WASHINGTON COUNTY SHERIFFS OFFICE,MAHTOMEDI,8/1/2026 7:45:53 PM,WC26038866,"XX Dunbar Way, MAHTOMEDI",MEDICAL
WASHINGTON COUNTY SHERIFFS OFFICE,MAHTOMEDI,8/1/2026 11:37:58 PM,WC26038911,"XXX Woodland Ct, MAHTOMEDI",ASSIST OTHER AGENCY
WASHINGTON COUNTY SHERIFFS OFFICE,MARINE ON SAINT CROIX,7/29/2026 10:39:00 AM,WC26038178,"JUDD ST / SAINT CROIX TRL N, MARINE ON SAINT CROIX",TRAFFIC STOP
WASHINGTON COUNTY SHERIFFS OFFICE,MARINE ON SAINT CROIX,7/30/2026 12:00:00 AM,WC26038511,"SAINT CROIX TRL N / BUTTERNUT FALLS TRL, MARINE ON SAINT CROIX",TRAFFIC STOP
WASHINGTON COUNTY SHERIFFS OFFICE,MARINE ON SAINT CROIX,7/30/2026 2:56:31 PM,WC26038458,"18XXX  Saint Croix Trl N, MARINE ON SAINT CROIX",MEDICAL
WASHINGTON COUNTY SHERIFFS OFFICE,MAY TOWNSHIP,7/26/2026 3:40:50 AM,WC26037509,"Saint Croix Trl N / 152nd St N, MAY TOWNSHIP",ACCIDENT
WASHINGTON COUNTY SHERIFFS OFFICE,MAY TOWNSHIP,7/26/2026 7:17:44 AM,WC26037520,"SAINT CROIX TRL N / SQUARE LAKE TRL N, MAY TOWNSHIP",ACCIDENT
WASHINGTON COUNTY SHERIFFS OFFICE,MAY TOWNSHIP,7/26/2026 7:19:59 PM,WC26037610,"12XXX  Otchipwe Ave N, MAY TOWNSHIP",FIRE
WASHINGTON COUNTY SHERIFFS OFFICE,MAY TOWNSHIP,7/26/2026 8:20:14 PM,WC26037618,"13XXX  Square Lake Trl N, MAY TOWNSHIP",CIVIL MATTER/DISPUTE
WASHINGTON COUNTY SHERIFFS OFFICE,MAY TOWNSHIP,7/26/2026 11:41:00 PM,WC26037656,"150th St N / Morgan Ave N, MAY TOWNSHIP",CITIZEN/PUBLIC ASSIST
WASHINGTON COUNTY SHERIFFS OFFICE,MAY TOWNSHIP,7/27/2026 1:45:31 PM,WC26037771,"13XXX  Manning Trl N, MAY TOWNSHIP",911 ABANDONED/HANGUP/OPEN LINE
WASHINGTON COUNTY SHERIFFS OFFICE,MAY TOWNSHIP,7/27/2026 2:03:36 PM,WC26037777,"15XXX  Square Lake Trl N, MAY TOWNSHIP",FOUND PROPERTY/ITEM
WASHINGTON COUNTY SHERIFFS OFFICE,MAY TOWNSHIP,7/27/2026 5:25:28 PM,WC26037818,"SQUARE LAKE TRL N / NORELL AVE N, MAY TOWNSHIP",MOTORIST ASSIST
WASHINGTON COUNTY SHERIFFS OFFICE,MAY TOWNSHIP,7/27/2026 5:39:56 PM,WC26037820,"13XXX  Paragon Ave N, MAY TOWNSHIP",MEDICAL
WASHINGTON COUNTY SHERIFFS OFFICE,MAY TOWNSHIP,7/27/2026 6:10:38 PM,WC26037829,"15XXX  - 15510 SQUARE LAKE TRL N, MAY TOWNSHIP",PARKING VIOLATION
WASHINGTON COUNTY SHERIFFS OFFICE,MAY TOWNSHIP,7/27/2026 6:52:23 PM,WC26037844,"15XXX  SQUARE LAKE TRL N, MAY TOWNSHIP",PARKING VIOLATION
WASHINGTON COUNTY SHERIFFS OFFICE,MAY TOWNSHIP,7/27/2026 7:32:37 PM,WC26037855,"15XXX  SQUARE LAKE TRL N, MAY TOWNSHIP",PARKING VIOLATION
WASHINGTON COUNTY SHERIFFS OFFICE,MAY TOWNSHIP,7/27/2026 8:08:00 PM,WC26037860,"SQUARE LAKE TRL N / PARTRIDGE RD N, MAY TOWNSHIP",TRAFFIC STOP
WASHINGTON COUNTY SHERIFFS OFFICE,MAY TOWNSHIP,7/27/2026 10:11:53 PM,WC26037875,"BIG MARINE PARK ENTRANCE RD, MAY TOWNSHIP",PARK INCIDENT-CITY/COUNTY
WASHINGTON COUNTY SHERIFFS OFFICE,MAY TOWNSHIP,7/27/2026 10:29:30 PM,WC26037882,"15XXX  - 15510 SQUARE LAKE TRL N, MAY TOWNSHIP",PARK INCIDENT-CITY/COUNTY
WASHINGTON COUNTY SHERIFFS OFFICE,MAY TOWNSHIP,7/28/2026 11:30:58 AM,WC26037982,"12XXX  Square Lake Trail Ct N, MAY TOWNSHIP",MEDICAL
WASHINGTON COUNTY SHERIFFS OFFICE,MAY TOWNSHIP,7/28/2026 7:18:18 PM,WC26038062,"15XXX  SQUARE LAKE TRL N, MAY TOWNSHIP",PARKING VIOLATION
WASHINGTON COUNTY SHERIFFS OFFICE,MAY TOWNSHIP,7/28/2026 7:28:44 PM,WC26038064,"15XXX  SQUARE LAKE TRL N, MAY TOWNSHIP",PARKING VIOLATION
WASHINGTON COUNTY SHERIFFS OFFICE,MAY TOWNSHIP,7/28/2026 7:36:38 PM,WC26038067,"15XXX  SQUARE LAKE TRL N, MAY TOWNSHIP",PARKING VIOLATION
WASHINGTON COUNTY SHERIFFS OFFICE,MAY TOWNSHIP,7/29/2026 11:12:06 AM,WC26038184,"Manning Trl N / 120th St N, MAY TOWNSHIP",DRIVING COMPLAINT
WASHINGTON COUNTY SHERIFFS OFFICE,MAY TOWNSHIP,7/29/2026 3:04:01 PM,WC26038226,"12XXX  Square Lake Trail Ct N, MAY TOWNSHIP",UNKNOWN SITAUATION
WASHINGTON COUNTY SHERIFFS OFFICE,MAY TOWNSHIP,7/29/2026 7:02:53 PM,WC26038289,"15XXX  SQUARE LAKE TRL N, MAY TOWNSHIP",PARKING VIOLATION
WASHINGTON COUNTY SHERIFFS OFFICE,MAY TOWNSHIP,7/29/2026 7:20:36 PM,WC26038291,"15XXX  SQUARE LAKE TRL N, MAY TOWNSHIP",PARKING VIOLATION
WASHINGTON COUNTY SHERIFFS OFFICE,MAY TOWNSHIP,7/29/2026 7:42:21 PM,WC26038296,"15XXX  SQUARE LAKE TRL N, MAY TOWNSHIP",PARKING VIOLATION
WASHINGTON COUNTY SHERIFFS OFFICE,MAY TOWNSHIP,7/30/2026 7:40:33 AM,WC26038367,"170TH ST N / NORELL AVE N, MAY TOWNSHIP",TRAFFIC STOP
WASHINGTON COUNTY SHERIFFS OFFICE,MAY TOWNSHIP,7/30/2026 10:34:48 AM,WC26038408,"Manning Trl N / 170th St N, MAY TOWNSHIP",DRIVING COMPLAINT
WASHINGTON COUNTY SHERIFFS OFFICE,MAY TOWNSHIP,7/30/2026 1:00:10 PM,WC26038434,"13XXX  Parade Ave N, MAY TOWNSHIP",SUSPICIOUS PERSON/ACTIVITY
WASHINGTON COUNTY SHERIFFS OFFICE,MAY TOWNSHIP,7/30/2026 5:22:52 PM,WC26038488,"11XXX  180th St N, MAY TOWNSHIP",911 ABANDONED/HANGUP/OPEN LINE
WASHINGTON COUNTY SHERIFFS OFFICE,MAY TOWNSHIP,7/30/2026 7:54:59 PM,WC26038522,"12XXX  Saint Croix Trl N, MAY TOWNSHIP",MEDICAL
WASHINGTON COUNTY SHERIFFS OFFICE,MAY TOWNSHIP,7/31/2026 7:42:15 AM,WC26038600,"Norell Ave N / Oldfield Rd N, MAY TOWNSHIP",DUMPING COMPLAINT
WASHINGTON COUNTY SHERIFFS OFFICE,MAY TOWNSHIP,7/31/2026 12:53:14 PM,WC26038637,"13XXX  Otchipwe Ave N, MAY TOWNSHIP",911 ABANDONED/HANGUP/OPEN LINE
WASHINGTON COUNTY SHERIFFS OFFICE,MAY TOWNSHIP,7/31/2026 5:54:28 PM,WC26038671,"Ozark Ave N / Ozark Avenue Ct N, MAY TOWNSHIP",PUBLIC WORKS CONCERN
WASHINGTON COUNTY SHERIFFS OFFICE,MAY TOWNSHIP,7/31/2026 6:01:47 PM,WC26038675,"15XXX  Square Lake Trl N, MAY TOWNSHIP",PUBLIC WORKS CONCERN
WASHINGTON COUNTY SHERIFFS OFFICE,MAY TOWNSHIP,8/1/2026 12:06:12 AM,WC26038729,"124th St N / Manning Trl N, MAY TOWNSHIP",WELFARE CHECK
WASHINGTON COUNTY SHERIFFS OFFICE,MAY TOWNSHIP,8/1/2026 7:06:48 AM,WC26038762,"15XXX  Square Lake Trl N, MAY TOWNSHIP",ROAD HAZARD
WASHINGTON COUNTY SHERIFFS OFFICE,MAY TOWNSHIP,8/1/2026 5:42:57 PM,WC26038846,"15XXX  MAY AVE N, MAY TOWNSHIP",CIVIL MATTER/DISPUTE
WASHINGTON COUNTY SHERIFFS OFFICE,NEWPORT,7/26/2026 3:01:04 AM,WC26037505,"MILITARY RD / CENTURY AVE, NEWPORT",DWI
WASHINGTON COUNTY SHERIFFS OFFICE,NEWPORT,7/26/2026 9:00:38 AM,WC26037528,"1XXX  10th Ave, NEWPORT",ALARM-BUSINESS/RES/FIRE/MEDICAL/ETC
WASHINGTON COUNTY SHERIFFS OFFICE,NEWPORT,7/26/2026 10:23:27 AM,WC26037537,"1XXX  10th Ave, NEWPORT",ALARM-BUSINESS/RES/FIRE/MEDICAL/ETC
WASHINGTON COUNTY SHERIFFS OFFICE,NEWPORT,7/26/2026 10:40:40 AM,WC26037539,"17TH ST / 1ST AVE, NEWPORT",PARKING COMPLAINT
WASHINGTON COUNTY SHERIFFS OFFICE,NEWPORT,7/26/2026 2:17:19 PM,WC26037562,"1XXX  Hastings Ave, NEWPORT",CITIZEN/PUBLIC ASSIST
WASHINGTON COUNTY SHERIFFS OFFICE,NEWPORT,7/26/2026 8:23:03 PM,WC26037620,"XXX 21st St, NEWPORT",MEDICAL
WASHINGTON COUNTY SHERIFFS OFFICE,NEWPORT,7/27/2026 2:52:00 AM,WC26037680,"HWY 61 NB JSO GLEN RD, NEWPORT",TRAFFIC STOP
WASHINGTON COUNTY SHERIFFS OFFICE,NEWPORT,7/27/2026 3:12:01 AM,WC26037681,"XXX 18th St, NEWPORT",INCIDENT
WASHINGTON COUNTY SHERIFFS OFFICE,NEWPORT,7/27/2026 8:52:00 AM,WC26037709,"1XXX  - 1698 GLEN RD, NEWPORT",TRAFFIC STOP
WASHINGTON COUNTY SHERIFFS OFFICE,NEWPORT,7/27/2026 10:29:47 AM,WC26037724,"2XXX  2nd Ave, NEWPORT",CIVIL MATTER/DISPUTE
WASHINGTON COUNTY SHERIFFS OFFICE,NEWPORT,7/27/2026 11:03:00 AM,WC26037727,"HWY 61 SB JSO GLEN RD, NEWPORT",TRAFFIC STOP
WASHINGTON COUNTY SHERIFFS OFFICE,NEWPORT,7/27/2026 12:05:00 PM,WC26037742,"HWY 61 SB JNO 70TH ST S, NEWPORT",TRAFFIC STOP
WASHINGTON COUNTY SHERIFFS OFFICE,NEWPORT,7/27/2026 4:19:52 PM,WC26037802,"2XXX  2ND AVE, NEWPORT",FOLLOW UP
WASHINGTON COUNTY SHERIFFS OFFICE,NEWPORT,7/27/2026 9:09:27 PM,WC26037867,"1XXX  10th Ave, NEWPORT",CITIZEN/PUBLIC ASSIST
WASHINGTON COUNTY SHERIFFS OFFICE,NEWPORT,7/27/2026 10:19:39 PM,WC26037879,"XXX - 236 21ST ST, NEWPORT",DIRECTED PATROL
WASHINGTON COUNTY SHERIFFS OFFICE,NEWPORT,7/28/2026 7:25:37 AM,WC26037919,"Unknown, NEWPORT",CITIZEN/PUBLIC ASSIST
WASHINGTON COUNTY SHERIFFS OFFICE,NEWPORT,7/28/2026 8:15:30 AM,WC26037927,"1XXX  Hastings Ave, NEWPORT",911 ABANDONED/HANGUP/OPEN LINE
WASHINGTON COUNTY SHERIFFS OFFICE,NEWPORT,7/28/2026 11:17:55 AM,WC26037979,"2XXX  Hastings Ave, NEWPORT",MEDICAL
WASHINGTON COUNTY SHERIFFS OFFICE,NEWPORT,7/28/2026 1:36:20 PM,WC26037997,"1XXX  10th Ave, NEWPORT",ALARM-BUSINESS/RES/FIRE/MEDICAL/ETC
WASHINGTON COUNTY SHERIFFS OFFICE,NEWPORT,7/28/2026 7:43:24 PM,WC26038068,"XXX Red Rock Xing, NEWPORT",SHOTS FIRED/SHOOTING COMPLAINT
WASHINGTON COUNTY SHERIFFS OFFICE,NEWPORT,7/28/2026 11:23:43 PM,WC26038096,"I494 Eb Jeo Wakota Bridge, NEWPORT",ACCIDENT
WASHINGTON COUNTY SHERIFFS OFFICE,NEWPORT,7/29/2026 1:18:14 AM,WC26038114,"1XXX  Mark Ct, NEWPORT",CIVIL MATTER/DISPUTE
WASHINGTON COUNTY SHERIFFS OFFICE,NEWPORT,7/29/2026 2:14:21 AM,WC26038120,"1XXX  11th Ave, NEWPORT",MEDICAL
WASHINGTON COUNTY SHERIFFS OFFICE,NEWPORT,7/29/2026 10:08:55 AM,WC26038170,"1XXX  Hastings Ave, NEWPORT",911 ABANDONED/HANGUP/OPEN LINE
WASHINGTON COUNTY SHERIFFS OFFICE,NEWPORT,7/29/2026 11:32:56 AM,WC26038187,"1XXX  - 1699 GLEN RD, NEWPORT",DIRECTED PATROL
WASHINGTON COUNTY SHERIFFS OFFICE,NEWPORT,7/29/2026 11:35:00 AM,WC26038189,"GLEN RD / WOODBURY RD, NEWPORT",TRAFFIC STOP
WASHINGTON COUNTY SHERIFFS OFFICE,NEWPORT,7/29/2026 3:06:14 PM,WC26038225,"XXX 7th Ave, NEWPORT",MEDICAL
WASHINGTON COUNTY SHERIFFS OFFICE,NEWPORT,7/29/2026 5:19:58 PM,WC26038259,"Unknown, NEWPORT",CITIZEN/PUBLIC ASSIST
WASHINGTON COUNTY SHERIFFS OFFICE,NEWPORT,7/29/2026 6:23:29 PM,WC26038276,"1XXX  10th Ave, NEWPORT",WARRANT ATTEMPT
WASHINGTON COUNTY SHERIFFS OFFICE,NEWPORT,7/29/2026 9:56:56 PM,WC26038321,"1XXX  Military Rd, NEWPORT",CITIZEN/PUBLIC ASSIST
WASHINGTON COUNTY SHERIFFS OFFICE,NEWPORT,7/29/2026 10:18:00 PM,WC26038329,"HWY 61 SB AT MAXWELL AVE, NEWPORT",TRAFFIC STOP
WASHINGTON COUNTY SHERIFFS OFFICE,NEWPORT,7/29/2026 10:56:00 PM,WC26038335,"HASTINGS AVE / GLEN RD, NEWPORT",TRAFFIC STOP
WASHINGTON COUNTY SHERIFFS OFFICE,NEWPORT,7/30/2026 2:23:41 AM,WC26038357,"7th Ave / 2nd St, NEWPORT",ACCIDENT
WASHINGTON COUNTY SHERIFFS OFFICE,NEWPORT,7/30/2026 7:07:25 AM,WC26038365,"1XXX  10th Ave, NEWPORT",MISSING PERSON
WASHINGTON COUNTY SHERIFFS OFFICE,NEWPORT,7/30/2026 9:14:33 AM,WC26038392,"2XXX  Hastings Ave, NEWPORT",THEFT
WASHINGTON COUNTY SHERIFFS OFFICE,NEWPORT,7/30/2026 11:24:56 AM,WC26038423,"XXX 20th St, NEWPORT",CIVIL MATTER/DISPUTE
WASHINGTON COUNTY SHERIFFS OFFICE,NEWPORT,7/30/2026 11:26:00 AM,WC26038418,"HWY 61 NB / 494, NEWPORT",TRAFFIC STOP
WASHINGTON COUNTY SHERIFFS OFFICE,NEWPORT,7/30/2026 12:27:27 PM,WC26038429,"2XXX  Hastings Ave, NEWPORT",MEDICAL
WASHINGTON COUNTY SHERIFFS OFFICE,NEWPORT,7/30/2026 2:01:00 PM,WC26038443,"BAILEY RD / POINT DOUGLAS RD, NEWPORT",TRAFFIC STOP
WASHINGTON COUNTY SHERIFFS OFFICE,NEWPORT,7/30/2026 2:29:00 PM,WC26038452,"BAILEY CT / BAILEY RD, NEWPORT",TRAFFIC STOP
WASHINGTON COUNTY SHERIFFS OFFICE,NEWPORT,7/30/2026 3:58:00 PM,WC26038473,"HWY 61 SB / Glen Rd, NEWPORT",TRAFFIC STOP
WASHINGTON COUNTY SHERIFFS OFFICE,NEWPORT,7/30/2026 4:39:01 PM,WC26038479,"XXX Red Rock Xing, NEWPORT",NOISE COMPLAINT/DISTURBANCE
WASHINGTON COUNTY SHERIFFS OFFICE,NEWPORT,7/30/2026 6:47:42 PM,WC26038515,"2XXX  HASTINGS AVE, NEWPORT",THREATS
WASHINGTON COUNTY SHERIFFS OFFICE,NEWPORT,7/30/2026 8:26:57 PM,WC26038530,"XXX 16th St, NEWPORT",CITIZEN/PUBLIC ASSIST
WASHINGTON COUNTY SHERIFFS OFFICE,NEWPORT,7/30/2026 8:36:46 PM,WC26038533,"XXX Red Rock Xing, NEWPORT",ALARM-BUSINESS/RES/FIRE/MEDICAL/ETC
WASHINGTON COUNTY SHERIFFS OFFICE,NEWPORT,7/31/2026 12:00:00 AM,WC26038707,"1XXX  Mark Ct, NEWPORT",SUSPICIOUS PERSON/ACTIVITY
WASHINGTON COUNTY SHERIFFS OFFICE,NEWPORT,7/31/2026 5:58:01 PM,WC26038673,"XXX Red Rock Xing, NEWPORT",MISSING PERSON
WASHINGTON COUNTY SHERIFFS OFFICE,NEWPORT,7/31/2026 6:53:00 PM,WC26038681,"XXX - 498 BAILEY RD, NEWPORT",TRAFFIC STOP
WASHINGTON COUNTY SHERIFFS OFFICE,NEWPORT,7/31/2026 10:39:00 PM,WC26038713,"1XXX  - 1678 10TH AVE, NEWPORT",DWI
WASHINGTON COUNTY SHERIFFS OFFICE,NEWPORT,8/1/2026 12:00:00 AM,WC26038884,"2XXX  1st Ave, NEWPORT",CITIZEN/PUBLIC ASSIST
WASHINGTON COUNTY SHERIFFS OFFICE,NEWPORT,8/1/2026 8:52:55 AM,WC26038768,"10th Ave / Glen Rd, NEWPORT",CITIZEN/PUBLIC ASSIST
WASHINGTON COUNTY SHERIFFS OFFICE,NEWPORT,8/1/2026 10:13:27 AM,WC26038780,"1XXX  Oakwood Rd, NEWPORT",911 ABANDONED/HANGUP/OPEN LINE
WASHINGTON COUNTY SHERIFFS OFFICE,NEWPORT,8/1/2026 3:16:21 PM,WC26038820,"1XXX  10th Ave, NEWPORT",WELFARE CHECK
WASHINGTON COUNTY SHERIFFS OFFICE,NEWPORT,8/1/2026 5:37:00 PM,WC26038845,"1XXX  - 1670 65TH ST, NEWPORT",TRAFFIC STOP
WASHINGTON COUNTY SHERIFFS OFFICE,NEWPORT,8/1/2026 5:40:56 PM,WC26038847,"Hwy 61 Nb To Bailey Rd Ramp, NEWPORT",ROAD HAZARD
WASHINGTON COUNTY SHERIFFS OFFICE,NEWPORT,8/1/2026 8:06:04 PM,WC26038868,"XXX 4th Ave, NEWPORT",SUSPICIOUS PERSON/ACTIVITY
WASHINGTON COUNTY SHERIFFS OFFICE,OAK PARK HEIGHTS,7/26/2026 2:28:55 PM,WC26037563,"Saint Croix River Sunnyside Marina-oph, OAK PARK HEIGHTS",WATER INCIDENT/VIOLATION
WASHINGTON COUNTY SHERIFFS OFFICE,OAK PARK HEIGHTS,7/28/2026 4:04:00 AM,WC26037911,"HWY 36 EB AT OSGOOD AVE N, OAK PARK HEIGHTS",TRAFFIC STOP
WASHINGTON COUNTY SHERIFFS OFFICE,OAK PARK HEIGHTS,7/30/2026 11:20:00 AM,WC26038417,"58th St N & Stillwater Blvd N, OAK PARK HEIGHTS",TRAFFIC STOP
WASHINGTON COUNTY SHERIFFS OFFICE,OAK PARK HEIGHTS,7/30/2026 3:50:00 PM,WC26038469,"STAGECOACH TRL N / 56TH ST N, OAK PARK HEIGHTS",TRAFFIC STOP
WASHINGTON COUNTY SHERIFFS OFFICE,OAKDALE,7/26/2026 6:37:56 PM,WC26037599,"1XXX  Hilo Ave N, OAKDALE",ASSIST OTHER AGENCY
WASHINGTON COUNTY SHERIFFS OFFICE,OAKDALE,7/26/2026 7:28:28 PM,WC26037619,"6XXX  52nd St N, OAKDALE",ASSIST OTHER AGENCY
WASHINGTON COUNTY SHERIFFS OFFICE,OAKDALE,7/26/2026 7:44:30 PM,WC26037616,"6XXX  52nd St N, OAKDALE",ASSIST OTHER AGENCY
WASHINGTON COUNTY SHERIFFS OFFICE,OAKDALE,7/26/2026 10:40:00 PM,WC26037645,"I694 NB JNO 50TH ST N, OAKDALE",TRAFFIC STOP
WASHINGTON COUNTY SHERIFFS OFFICE,OAKDALE,7/26/2026 10:41:52 PM,WC26037646,"XXX GREENWAY AVE N, OAKDALE",WARRANT ATTEMPT
WASHINGTON COUNTY SHERIFFS OFFICE,OAKDALE,7/27/2026 4:53:00 PM,WC26037809,"5XXX  - 5498 HADLEY AVE N, OAKDALE",TRAFFIC STOP
WASHINGTON COUNTY SHERIFFS OFFICE,OAKDALE,7/27/2026 7:21:00 PM,WC26037851," 5635 Hadley Ave N, OAKDALE",WARRANT ARREST
WASHINGTON COUNTY SHERIFFS OFFICE,OAKDALE,7/27/2026 8:34:16 PM,WC26037863,"5XXX  Hadley Ave N, OAKDALE",ASSIST OTHER AGENCY
WASHINGTON COUNTY SHERIFFS OFFICE,OAKDALE,7/27/2026 10:15:44 PM,WC26037878,"5XXX  Hadley Ave N, OAKDALE",ASSIST OTHER AGENCY
WASHINGTON COUNTY SHERIFFS OFFICE,OAKDALE,7/27/2026 11:31:00 PM,WC26037893,"HWY 36 WB JWO I694, OAKDALE",TRAFFIC STOP
WASHINGTON COUNTY SHERIFFS OFFICE,OAKDALE,7/28/2026 12:50:39 AM,WC26037901,"CENTURY AVE / I694 WB TO CENTURY AVE N RAMP, OAKDALE",FLEEING
WASHINGTON COUNTY SHERIFFS OFFICE,OAKDALE,7/28/2026 6:05:06 PM,WC26038050,"I94 Wb To I694 Nb Ramp, OAKDALE",ASSIST OTHER AGENCY
WASHINGTON COUNTY SHERIFFS OFFICE,OAKDALE,7/28/2026 6:51:00 PM,WC26038057,"S/B 694 N. of 50th St. N., OAKDALE",TRAFFIC STOP
WASHINGTON COUNTY SHERIFFS OFFICE,OAKDALE,7/28/2026 9:57:29 PM,WC26038089,"I694 NB JNO STILLWATER BLVD N, OAKDALE",TRAFFIC STOP
WASHINGTON COUNTY SHERIFFS OFFICE,OAKDALE,7/29/2026 1:09:00 AM,WC26038113,"I694 SB JSO 50TH ST N, OAKDALE",TRAFFIC STOP
WASHINGTON COUNTY SHERIFFS OFFICE,OAKDALE,7/31/2026 7:35:42 PM,WC26038688,"7XXX  12th St N, OAKDALE",ASSIST OTHER AGENCY
WASHINGTON COUNTY SHERIFFS OFFICE,OAKDALE,7/31/2026 8:29:00 PM,WC26038694,"5XXX  HADLEY AVE N, OAKDALE",WARRANT ARREST
WASHINGTON COUNTY SHERIFFS OFFICE,PINE SPRINGS,7/26/2026 8:47:00 PM,WC26037625,"HILTON TRL N / 62ND ST N, PINE SPRINGS",TRAFFIC STOP
WASHINGTON COUNTY SHERIFFS OFFICE,PINE SPRINGS,7/27/2026 5:34:00 AM,WC26037692,"HWY 36 WB AT I694, PINE SPRINGS",TRAFFIC STOP
WASHINGTON COUNTY SHERIFFS OFFICE,PINE SPRINGS,7/27/2026 11:16:19 AM,WC26037731,"I694 Sb To Hwy 36 Eb Ramp, PINE SPRINGS",ACCIDENT
WASHINGTON COUNTY SHERIFFS OFFICE,PINE SPRINGS,7/27/2026 1:42:08 PM,WC26037769,"7XXX  64th St N, PINE SPRINGS",MEDICAL
WASHINGTON COUNTY SHERIFFS OFFICE,PINE SPRINGS,7/27/2026 6:00:00 PM,WC26037842,"62ND ST N / WARNER RD S, PINE SPRINGS",ANIMAL COMPLAINT
WASHINGTON COUNTY SHERIFFS OFFICE,PINE SPRINGS,7/28/2026 4:53:11 PM,WC26038035,"XX Hwy 36 Wb To I694 Sb Ramp, PINE SPRINGS",ACCIDENT
WASHINGTON COUNTY SHERIFFS OFFICE,PINE SPRINGS,7/28/2026 5:05:00 PM,WC26038037,"HWY 36 WB OVER HILTON TRL N, PINE SPRINGS",TRAFFIC STOP
WASHINGTON COUNTY SHERIFFS OFFICE,PINE SPRINGS,7/31/2026 3:29:41 AM,WC26038592,"HILTON TRL N / VIKING DR, PINE SPRINGS",WELFARE CHECK
WASHINGTON COUNTY SHERIFFS OFFICE,PINE SPRINGS,7/31/2026 1:16:26 PM,WC26038640,"Hwy 36 Eb Over Hilton Trl N, PINE SPRINGS",MOTORIST ASSIST
WASHINGTON COUNTY SHERIFFS OFFICE,PINE SPRINGS,8/1/2026 2:56:08 AM,WC26038749,"3XXX  Viking Dr, PINE SPRINGS",SUSPICIOUS PERSON/ACTIVITY
WASHINGTON COUNTY SHERIFFS OFFICE,Saint Paul,7/27/2026 7:15:00 PM,WC26037849,"BROADWAY ST / 6TH ST E, Saint Paul",TRAFFIC STOP
WASHINGTON COUNTY SHERIFFS OFFICE,Saint Paul,7/30/2026 4:56:49 PM,WC26038483,"2XXX  - 2212 BAILEY RD, Saint Paul",ACCIDENT
WASHINGTON COUNTY SHERIFFS OFFICE,SAINT PAUL PARK,7/26/2026 8:16:12 AM,WC26037523,"XXX Pullman Ave, SAINT PAUL PARK",ASSIST OTHER AGENCY
WASHINGTON COUNTY SHERIFFS OFFICE,SAINT PAUL PARK,7/26/2026 9:25:03 AM,WC26037532,"XXX Holley Ave, SAINT PAUL PARK",ASSIST OTHER AGENCY
WASHINGTON COUNTY SHERIFFS OFFICE,SAINT PAUL PARK,7/28/2026 10:23:59 PM,WC26038090,"XX Saint Paul Park Rd To Hwy 61 Sb Ramp, SAINT PAUL PARK",ASSIST OTHER AGENCY
WASHINGTON COUNTY SHERIFFS OFFICE,SAINT PAUL PARK,7/29/2026 10:46:00 PM,WC26038333,"XXX - 598 4TH ST, SAINT PAUL PARK",TRAFFIC STOP
WASHINGTON COUNTY SHERIFFS OFFICE,SAINT PAUL PARK,7/30/2026 8:03:39 AM,WC26038372,"Hastings Ave / 70th St S, SAINT PAUL PARK",ASSIST OTHER AGENCY
WASHINGTON COUNTY SHERIFFS OFFICE,SAINT PAUL PARK,8/1/2026 2:54:00 AM,WC26038748,"HWY 61 SB JSO SUMMIT AVE, SAINT PAUL PARK",DWI
WASHINGTON COUNTY SHERIFFS OFFICE,SCANDIA,7/26/2026 5:40:04 PM,WC26037591,"Scandia Trl N / Manning Trl N, SCANDIA",DISABLED VEHICLE
WASHINGTON COUNTY SHERIFFS OFFICE,SCANDIA,7/26/2026 7:07:37 PM,WC26037606,"22XXX  Meadowbrook Ave N, SCANDIA",RUNAWAY
WASHINGTON COUNTY SHERIFFS OFFICE,SCANDIA,7/26/2026 9:00:46 PM,WC26037629,"Scandia Trl N / Manning Trl N, SCANDIA",DRIVING COMPLAINT
WASHINGTON COUNTY SHERIFFS OFFICE,SCANDIA,7/27/2026 4:12:18 PM,WC26037799,"13XXX  202nd St N, SCANDIA",MISSING PERSON
WASHINGTON COUNTY SHERIFFS OFFICE,SCANDIA,7/27/2026 9:14:30 PM,WC26037866,"14XXX  202nd St N, SCANDIA",MEDICAL
WASHINGTON COUNTY SHERIFFS OFFICE,SCANDIA,7/28/2026 4:37:43 PM,WC26038033,"16XXX  O'brien Trl N, SCANDIA",CITIZEN/PUBLIC ASSIST
WASHINGTON COUNTY SHERIFFS OFFICE,SCANDIA,7/29/2026 6:12:25 PM,WC26038270,"Big Marine Lake, SCANDIA",WATER INCIDENT/VIOLATION
WASHINGTON COUNTY SHERIFFS OFFICE,SCANDIA,7/29/2026 7:01:22 PM,WC26038288,"20XXX  Saint Croix Trl N, SCANDIA",MEDICAL
WASHINGTON COUNTY SHERIFFS OFFICE,SCANDIA,7/30/2026 12:58:14 PM,WC26038433,"12XXX  235th St N, SCANDIA",FAMILY ASSIST
WASHINGTON COUNTY SHERIFFS OFFICE,SCANDIA,7/31/2026 3:58:07 PM,WC26038655,"16XXX  OBRIEN TRL N, SCANDIA",DISTURBANCE
WASHINGTON COUNTY SHERIFFS OFFICE,SCANDIA,7/31/2026 8:07:41 PM,WC26038692,"15XXX  220th St N, SCANDIA",SHOTS FIRED/SHOOTING COMPLAINT
WASHINGTON COUNTY SHERIFFS OFFICE,SCANDIA,8/1/2026 6:48:20 AM,WC26038761,"14XXX  Oakhill Ln N, SCANDIA",ANIMAL COMPLAINT
WASHINGTON COUNTY SHERIFFS OFFICE,SCANDIA,8/1/2026 10:53:56 AM,WC26038784,"Scandia Trl N / 213th St N, SCANDIA",TRAFFIC COMPLAINT
WASHINGTON COUNTY SHERIFFS OFFICE,SCANDIA,8/1/2026 2:37:34 PM,WC26038817,"18XXX  Layton Ave N, SCANDIA",PROPERTY DAMAGE
WASHINGTON COUNTY SHERIFFS OFFICE,SCANDIA,8/1/2026 3:11:40 PM,WC26038818,"11XXX  238th St N, SCANDIA",TRAFFIC COMPLAINT
WASHINGTON COUNTY SHERIFFS OFFICE,SCANDIA,8/1/2026 4:58:49 PM,WC26038839,"15XXX  Old Marine Trl N, SCANDIA",PARKING COMPLAINT
WASHINGTON COUNTY SHERIFFS OFFICE,SCANDIA,8/1/2026 6:01:33 PM,WC26038851,"14XXX  OAKHILL LN N, SCANDIA",ANIMAL COMPLAINT
WASHINGTON COUNTY SHERIFFS OFFICE,STILLWATER,7/26/2026 3:11:55 AM,WC26037506,"15XXX  62nd St N, STILLWATER",CITIZEN/PUBLIC ASSIST
WASHINGTON COUNTY SHERIFFS OFFICE,STILLWATER,7/26/2026 9:34:14 PM,WC26037634,"15XXX  62ND ST N, STILLWATER",ACCIDENT
WASHINGTON COUNTY SHERIFFS OFFICE,STILLWATER,7/27/2026 9:45:31 AM,WC26037719,"15XXX  62nd St N, STILLWATER",CIVIL MATTER/DISPUTE
WASHINGTON COUNTY SHERIFFS OFFICE,STILLWATER,7/28/2026 5:51:36 PM,WC26038048,"Unknown, STILLWATER",CITIZEN/PUBLIC ASSIST
WASHINGTON COUNTY SHERIFFS OFFICE,STILLWATER,7/29/2026 3:12:19 AM,WC26038122,"MANNING AVE N / HWY 36 EB TO MANNING AVE N RAMP, STILLWATER",TRAFFIC STOP
WASHINGTON COUNTY SHERIFFS OFFICE,STILLWATER,7/29/2026 10:31:00 PM,WC26038330,"15XXX  62nd St N, STILLWATER",WARRANT ARREST
WASHINGTON COUNTY SHERIFFS OFFICE,STILLWATER,7/30/2026 10:32:58 AM,WC26038407,"15XXX  62nd St N, STILLWATER",ASSIST OTHER AGENCY
WASHINGTON COUNTY SHERIFFS OFFICE,STILLWATER,7/30/2026 10:44:08 AM,WC26038410,"15XXX  62ND ST N, STILLWATER",ASSIST OTHER AGENCY
WASHINGTON COUNTY SHERIFFS OFFICE,STILLWATER,7/30/2026 1:35:21 PM,WC26038438,"15XXX  62ND ST N, STILLWATER",CITIZEN/PUBLIC ASSIST
WASHINGTON COUNTY SHERIFFS OFFICE,STILLWATER,7/30/2026 5:32:40 PM,WC26038489,"HWY 36 WB JEO STILLWATER BLVD N, STILLWATER",ROAD HAZARD
WASHINGTON COUNTY SHERIFFS OFFICE,STILLWATER,7/30/2026 6:16:00 PM,WC26038503,"75th St N / Rutherford Rd, STILLWATER",TRAFFIC STOP
WASHINGTON COUNTY SHERIFFS OFFICE,STILLWATER,8/1/2026 1:02:17 PM,WC26038801,"15XXX  62nd St N, STILLWATER",CITIZEN/PUBLIC ASSIST
WASHINGTON COUNTY SHERIFFS OFFICE,STILLWATER TOWNSHIP,7/26/2026 7:39:54 PM,WC26037615,"14XXX  97th St N, STILLWATER TOWNSHIP",FAMILY ASSIST
WASHINGTON COUNTY SHERIFFS OFFICE,STILLWATER TOWNSHIP,7/27/2026 11:42:56 AM,WC26037740,"116th St N / Norell Ave N, STILLWATER TOWNSHIP",DRIVING COMPLAINT
WASHINGTON COUNTY SHERIFFS OFFICE,STILLWATER TOWNSHIP,7/27/2026 5:19:03 PM,WC26037815,"Highway 36, STILLWATER TOWNSHIP",TRAFFIC STOP
WASHINGTON COUNTY SHERIFFS OFFICE,STILLWATER TOWNSHIP,7/27/2026 5:45:00 PM,WC26037823,"HWY 36 EB & I694, STILLWATER TOWNSHIP",TRAFFIC STOP
WASHINGTON COUNTY SHERIFFS OFFICE,STILLWATER TOWNSHIP,7/28/2026 11:14:02 AM,WC26037977,"9XXX  Neal Ave N, STILLWATER TOWNSHIP",911 ABANDONED/HANGUP/OPEN LINE
WASHINGTON COUNTY SHERIFFS OFFICE,STILLWATER TOWNSHIP,7/29/2026 4:16:59 PM,WC26038242,"11XXX  Partridge Rd N, STILLWATER TOWNSHIP",MEDICAL
WASHINGTON COUNTY SHERIFFS OFFICE,STILLWATER TOWNSHIP,7/29/2026 9:04:23 PM,WC26038306,"10XXX  Oakgreen Ave N, STILLWATER TOWNSHIP",911 ABANDONED/HANGUP/OPEN LINE
WASHINGTON COUNTY SHERIFFS OFFICE,STILLWATER TOWNSHIP,7/30/2026 5:00:10 PM,WC26038484,"11XXX  Saint Croix Trl N, STILLWATER TOWNSHIP",CITIZEN/PUBLIC ASSIST
WASHINGTON COUNTY SHERIFFS OFFICE,STILLWATER TOWNSHIP,8/1/2026 6:40:36 AM,WC26038760,"15XXX  116th Cir N, STILLWATER TOWNSHIP",WELFARE CHECK
WASHINGTON COUNTY SHERIFFS OFFICE,STILLWATER TOWNSHIP,8/1/2026 9:19:10 AM,WC26038772,"15XXX  116th Cir N, STILLWATER TOWNSHIP",FOLLOW UP
WASHINGTON COUNTY SHERIFFS OFFICE,STILLWATER TOWNSHIP,8/1/2026 12:15:17 PM,WC26038797,"Dellwood Rd N / Stonebridge Trl N, STILLWATER TOWNSHIP",DRIVING COMPLAINT
WASHINGTON COUNTY SHERIFFS OFFICE,WEST LAKELAND TOWNSHIP,7/26/2026 10:48:24 PM,WC26037650,"12XXX  24th St N, WEST LAKELAND TOWNSHIP",911 ABANDONED/HANGUP/OPEN LINE
WASHINGTON COUNTY SHERIFFS OFFICE,WEST LAKELAND TOWNSHIP,7/26/2026 11:53:48 PM,WC26037657,"MANNING AVE N / 10TH ST N, WEST LAKELAND TOWNSHIP",TRAFFIC STOP
WASHINGTON COUNTY SHERIFFS OFFICE,WEST LAKELAND TOWNSHIP,7/27/2026 11:56:46 AM,WC26037741,"XXX Manning Ave N, WEST LAKELAND TOWNSHIP",MEDICAL
WASHINGTON COUNTY SHERIFFS OFFICE,WEST LAKELAND TOWNSHIP,7/27/2026 12:03:48 PM,WC26037747,"12XXX  22nd St N, WEST LAKELAND TOWNSHIP",SUSPICIOUS PERSON/ACTIVITY
WASHINGTON COUNTY SHERIFFS OFFICE,WEST LAKELAND TOWNSHIP,7/27/2026 6:08:00 PM,WC26037827,"2XXX  - 2398 MANNING AVE N, WEST LAKELAND TOWNSHIP",TRAFFIC STOP
WASHINGTON COUNTY SHERIFFS OFFICE,WEST LAKELAND TOWNSHIP,7/27/2026 9:44:25 PM,WC26037871,"SAINT CROIX TRL N / QUANT AVE N, WEST LAKELAND TOWNSHIP",TRAFFIC STOP
WASHINGTON COUNTY SHERIFFS OFFICE,WEST LAKELAND TOWNSHIP,7/28/2026 3:27:42 AM,WC26037908,"MANNING AVE N / 18TH ST N, WEST LAKELAND TOWNSHIP",TRAFFIC STOP
WASHINGTON COUNTY SHERIFFS OFFICE,WEST LAKELAND TOWNSHIP,7/28/2026 9:10:41 PM,WC26038082,"14XXX  10th St N, WEST LAKELAND TOWNSHIP",TRESPASSING
WASHINGTON COUNTY SHERIFFS OFFICE,WEST LAKELAND TOWNSHIP,7/29/2026 5:36:54 AM,WC26038128,"Hwy 95 At Quant Ave N, WEST LAKELAND TOWNSHIP",ANIMAL COMPLAINT
WASHINGTON COUNTY SHERIFFS OFFICE,WEST LAKELAND TOWNSHIP,7/29/2026 5:16:48 PM,WC26038256,"SAINT CROIX RIVER-BP, WEST LAKELAND TOWNSHIP",WATER INCIDENT/VIOLATION
WASHINGTON COUNTY SHERIFFS OFFICE,WEST LAKELAND TOWNSHIP,7/29/2026 9:12:00 PM,WC26038278,"12XXX  - 12189 22ND ST N, WEST LAKELAND TOWNSHIP",TRAFFIC STOP
WASHINGTON COUNTY SHERIFFS OFFICE,WEST LAKELAND TOWNSHIP,7/30/2026 5:21:00 PM,WC26038487,"SAINT CROIX TRL N / QUANT AVE N, WEST LAKELAND TOWNSHIP",TRAFFIC STOP
WASHINGTON COUNTY SHERIFFS OFFICE,WEST LAKELAND TOWNSHIP,7/31/2026 8:05:16 AM,WC26038602,"1XXX  Nordic Ave N, WEST LAKELAND TOWNSHIP",PUBLIC WORKS CONCERN
WASHINGTON COUNTY SHERIFFS OFFICE,WEST LAKELAND TOWNSHIP,8/1/2026 9:07:33 AM,WC26038769,"Unknown, WEST LAKELAND TOWNSHIP",CIVIL MATTER/DISPUTE
WASHINGTON COUNTY SHERIFFS OFFICE,WEST LAKELAND TOWNSHIP,8/1/2026 3:38:41 PM,WC26038825,"SAINT CROIX RIVER JSO SWING BRIDGE-WLT, WEST LAKELAND TOWNSHIP",BOAT STOP
WASHINGTON COUNTY SHERIFFS OFFICE,WILLERNIE,7/26/2026 2:30:37 PM,WC26037564,"Kimberly Rd / Chatham Rd, WILLERNIE",ANIMAL COMPLAINT
WASHINGTON COUNTY SHERIFFS OFFICE,WILLERNIE,7/30/2026 2:28:46 PM,WC26038454,"XXX Kimberly Rd, WILLERNIE",NEIGHBOR DISPUTE
WASHINGTON COUNTY SHERIFFS OFFICE,WILLERNIE,8/1/2026 10:04:29 AM,WC26038782,"Unknown, WILLERNIE",OFFICER INFORMATION
WASHINGTON COUNTY SHERIFFS OFFICE,WILLERNIE,8/1/2026 12:01:25 PM,WC26038795,"Paddington Rd / Chatham Rd, WILLERNIE",ANIMAL BITE
WASHINGTON COUNTY SHERIFFS OFFICE,WILLERNIE,8/1/2026 7:43:00 PM,WC26038865,"XXX - 198 WILDWOOD RD, WILLERNIE",PARKING VIOLATION
WASHINGTON COUNTY SHERIFFS OFFICE,WOODBURY,7/26/2026 12:10:40 AM,WC26037492,"8XXX  Tamarack Rd, WOODBURY",ASSIST OTHER AGENCY
WASHINGTON COUNTY SHERIFFS OFFICE,WOODBURY,7/26/2026 7:13:23 PM,WC26037607,"3XXX  OAK VIEW DR, WOODBURY",CIVIL MATTER/DISPUTE
WASHINGTON COUNTY SHERIFFS OFFICE,WOODBURY,7/27/2026 6:41:00 PM,WC26037838,"I94 EB AT WOODBURY DR, WOODBURY",TRAFFIC STOP
WASHINGTON COUNTY SHERIFFS OFFICE,WOODBURY,7/29/2026 6:23:00 PM,WC26038274,"I94 EB AT Woodbury Dr, WOODBURY",TRAFFIC STOP
WASHINGTON COUNTY SHERIFFS OFFICE,WOODBURY,7/29/2026 6:44:00 PM,WC26038281,"XX I94 Eb At Woodbury Dr, WOODBURY",TRAFFIC STOP
WASHINGTON COUNTY SHERIFFS OFFICE,WOODBURY,7/29/2026 6:48:00 PM,WC26038285,"I94 AT WOODBURY DR, WOODBURY",TRAFFIC STOP
WASHINGTON COUNTY SHERIFFS OFFICE,WOODBURY,7/29/2026 7:45:08 PM,WC26038298,"2XXX  Woodcrest Dr, WOODBURY",ASSIST OTHER AGENCY
WASHINGTON COUNTY SHERIFFS OFFICE,WOODBURY,7/29/2026 9:38:00 PM,WC26038312,"I494 SB AT LAKE RD, WOODBURY",TRAFFIC STOP
WASHINGTON COUNTY SHERIFFS OFFICE,WOODBURY,7/30/2026 8:27:00 PM,WC26038529,"I94 / WOODBURY DR, WOODBURY",TRAFFIC STOP
WASHINGTON COUNTY SHERIFFS OFFICE,WOODBURY,7/30/2026 9:07:00 PM,WC26038541,"I94 EB / WOODBURY DR, WOODBURY",TRAFFIC STOP
WASHINGTON COUNTY SHERIFFS OFFICE,WOODBURY,7/30/2026 9:13:00 PM,WC26038542,"XX I94 Eb At Woodbury Dr, WOODBURY",TRAFFIC STOP
WASHINGTON COUNTY SHERIFFS OFFICE,WOODBURY,7/30/2026 9:47:00 PM,WC26038547,"I94 EB / WOODBURY DR, WOODBURY",TRAFFIC STOP
WASHINGTON COUNTY SHERIFFS OFFICE,WOODBURY,7/30/2026 9:49:00 PM,WC26038548,"XX I94 Eb At Woodbury Dr, WOODBURY",TRAFFIC STOP
WASHINGTON COUNTY SHERIFFS OFFICE,WOODBURY,7/31/2026 8:33:53 AM,WC26038603,"I94 WB AT INWOOD AVE N, WOODBURY",TRAFFIC STOP
WASHINGTON COUNTY SHERIFFS OFFICE,WOODBURY,8/1/2026 9:16:30 AM,WC26038771,"I94 Eb Jwo Settlers Ridge Pkwy, WOODBURY",ASSIST OTHER AGENCY
WASHINGTON COUNTY SHERIFFS OFFICE,WOODBURY,8/1/2026 11:12:30 PM,WC26038906,"I94 EB JWO RADIO DR, WOODBURY",MOTORIST ASSIST
WOODBURY PUBLIC SAFETY,WOODBURY,7/26/2026 9:13:31 AM,WB26030653,"2XXX  Hemlock Blvd, WOODBURY",FOUND PROPERTY/ITEM
WOODBURY PUBLIC SAFETY,WOODBURY,7/26/2026 11:10:29 AM,WB26030668,"Unknown, WOODBURY",CHILD CUSTODY
WOODBURY PUBLIC SAFETY,WOODBURY,7/26/2026 11:25:40 AM,WB26030672,"7XXX  VALLEY CREEK PLZ, WOODBURY",WARRANT ARREST
WOODBURY PUBLIC SAFETY,WOODBURY,7/26/2026 12:15:57 PM,WB26030681,"1XXX  Woodwinds Dr, WOODBURY",WELFARE CHECK
WOODBURY PUBLIC SAFETY,WOODBURY,7/26/2026 12:36:16 PM,WB26030684,"6XXX  Hudson Rd, WOODBURY",TRESPASSING
WOODBURY PUBLIC SAFETY,WOODBURY,7/26/2026 12:52:00 PM,WB26030685,"9XXX  HUDSON RD, WOODBURY",ACCIDENT
WOODBURY PUBLIC SAFETY,WOODBURY,7/26/2026 2:35:15 PM,WB26030697,"9XXX  Hudson Pl, WOODBURY",PROPERTY DAMAGE
WOODBURY PUBLIC SAFETY,WOODBURY,7/26/2026 4:49:18 PM,WB26030725,"1XXX  WOODLANE DR, WOODBURY",WARRANT ARREST
WOODBURY PUBLIC SAFETY,WOODBURY,7/26/2026 5:42:57 PM,WB26030730,"7XXX  Cayenne Plz W, WOODBURY",DISTURBANCE
WOODBURY PUBLIC SAFETY,WOODBURY,7/26/2026 6:17:00 PM,WB26030734,"Pioneer Dr / Bailey Rd, WOODBURY",ACCIDENT
WOODBURY PUBLIC SAFETY,WOODBURY,7/26/2026 7:48:48 PM,WB26030742,"10XXX  Grand Oaks Trl, WOODBURY",THEFT
WOODBURY PUBLIC SAFETY,WOODBURY,7/26/2026 9:00:00 PM,WB26030732,"6XXX  HUDSON RD, WOODBURY",OFP VIOLATION
WOODBURY PUBLIC SAFETY,WOODBURY,7/26/2026 9:15:22 PM,WB26030747,"10XXX  Hudson Rd, WOODBURY",MEDICAL
WOODBURY PUBLIC SAFETY,WOODBURY,7/26/2026 11:56:22 PM,WB26030756,"HWY 120 NB JNO I94, WOODBURY",WARRANT ARREST
WOODBURY PUBLIC SAFETY,WOODBURY,7/27/2026 2:13:15 AM,WB26030759,"XXX HIDEAWAY LN, WOODBURY",ASSIST OTHER AGENCY
WOODBURY PUBLIC SAFETY,WOODBURY,7/27/2026 8:19:23 AM,WB26030768,"Radio Dr / Military Rd, WOODBURY",ACCIDENT
WOODBURY PUBLIC SAFETY,WOODBURY,7/27/2026 9:53:57 AM,WB26030788,"7XXX  Winter Wheat Way, WOODBURY",SUSPICIOUS PERSON/ACTIVITY
WOODBURY PUBLIC SAFETY,WOODBURY,7/27/2026 10:11:58 AM,WB26030793,"1XXX  Cedarwood Pl, WOODBURY",FOUND PROPERTY/ITEM
WOODBURY PUBLIC SAFETY,WOODBURY,7/27/2026 11:11:00 AM,WB26030799,"8XXX  VALLEY CREEK RD, WOODBURY",FOUND PROPERTY/ITEM
WOODBURY PUBLIC SAFETY,WOODBURY,7/27/2026 11:41:31 AM,WB26030808,"BOULDER RIDGE RD / BOULDER RIDGE LN, WOODBURY",ACCIDENT
WOODBURY PUBLIC SAFETY,WOODBURY,7/27/2026 12:40:26 PM,WB26030817,"7XXX  Valley Creek Plz, WOODBURY",PROPERTY DAMAGE
WOODBURY PUBLIC SAFETY,WOODBURY,7/27/2026 1:28:38 PM,WB26030824,"8XXX  Tamarack Vlg, WOODBURY",CIVIL MATTER/DISPUTE
WOODBURY PUBLIC SAFETY,WOODBURY,7/27/2026 1:28:44 PM,WB26030825,"7XXX  Tamarack Rd, WOODBURY",ASSAULT
WOODBURY PUBLIC SAFETY,WOODBURY,7/27/2026 2:14:28 PM,WB26030840,"7XXX  Hargis Pkwy, WOODBURY",ACCIDENT
WOODBURY PUBLIC SAFETY,WOODBURY,7/27/2026 2:14:58 PM,WB26030839,"7XXX  Valley Creek Plz, WOODBURY",ACCIDENT
WOODBURY PUBLIC SAFETY,WOODBURY,7/27/2026 2:20:31 PM,WB26030842,"7XXX  SOMERSET RD, WOODBURY",HARASSMENT
WOODBURY PUBLIC SAFETY,WOODBURY,7/27/2026 2:21:08 PM,WB26030841,"WOODLANE DR / VALLEY CREEK RD, WOODBURY",PROPERTY DAMAGE
WOODBURY PUBLIC SAFETY,WOODBURY,7/27/2026 2:27:04 PM,WB26030845,"2XXX  Sumac Way, WOODBURY",WELFARE CHECK
WOODBURY PUBLIC SAFETY,WOODBURY,7/27/2026 3:23:43 PM,WB26030852,"3XXX  Cherry Ln, WOODBURY",PROPERTY DAMAGE
WOODBURY PUBLIC SAFETY,WOODBURY,7/27/2026 4:28:00 PM,WB26030863,"Bailey Rd / Radio Dr, WOODBURY",ACCIDENT
WOODBURY PUBLIC SAFETY,WOODBURY,7/27/2026 5:24:33 PM,WB26030874,"8XXX  SUMMER WIND CIR, WOODBURY",CIVIL MATTER/DISPUTE
WOODBURY PUBLIC SAFETY,WOODBURY,7/27/2026 5:30:00 PM,WB26030875,"4XXX  RADIO DR, WOODBURY",DRUGS
WOODBURY PUBLIC SAFETY,WOODBURY,7/27/2026 6:04:32 PM,WB26030883,"2XXX  Mallard Dr, WOODBURY",SUSPICIOUS PERSON/ACTIVITY
WOODBURY PUBLIC SAFETY,WOODBURY,7/27/2026 6:09:40 PM,WB26030885,"XXX Radio Dr, WOODBURY",ACCIDENT
WOODBURY PUBLIC SAFETY,WOODBURY,7/27/2026 6:20:25 PM,WB26030886,"XXX Commerce Dr, WOODBURY",PROPERTY DAMAGE
WOODBURY PUBLIC SAFETY,WOODBURY,7/27/2026 6:48:14 PM,WB26030889,"10XXX  Hudson Rd, WOODBURY",SHOPLIFTING
WOODBURY PUBLIC SAFETY,WOODBURY,7/27/2026 6:58:08 PM,WB26030890,"10XXX  City Walk Dr, WOODBURY",WELFARE CHECK
WOODBURY PUBLIC SAFETY,WOODBURY,7/27/2026 8:40:53 PM,WB26030902,"7XXX  Tamarack Rd, WOODBURY",ACCIDENT
WOODBURY PUBLIC SAFETY,WOODBURY,7/27/2026 9:52:14 PM,WB26030911,"Pinehurst Rd / Silverwood Rd, WOODBURY",DISTURBANCE
WOODBURY PUBLIC SAFETY,WOODBURY,7/27/2026 10:43:00 PM,WB26030916,"1XXX  SCHOOL DR, WOODBURY",FLEEING
WOODBURY PUBLIC SAFETY,WOODBURY,7/28/2026 1:04:15 AM,WB26030924,"PROMENADE LN / VINING DR, WOODBURY",CITIZEN/PUBLIC ASSIST
WOODBURY PUBLIC SAFETY,WOODBURY,7/28/2026 7:55:25 AM,WB26030936,"2XXX  Hemlock Blvd, WOODBURY",SUICIDE ATTEMPT/THREATS OF
WOODBURY PUBLIC SAFETY,WOODBURY,7/28/2026 8:33:08 AM,WB26030940,"6XXX  Jenny Ln, WOODBURY",DISTURBANCE
WOODBURY PUBLIC SAFETY,WOODBURY,7/28/2026 9:11:24 AM,WB26030948,"10XXX  GRAND ISLE PL, WOODBURY",SUSPICIOUS PERSON/ACTIVITY
WOODBURY PUBLIC SAFETY,WOODBURY,7/28/2026 9:13:00 AM,WB26030949,"CENTURY JSO I94, WOODBURY",ACCIDENT
WOODBURY PUBLIC SAFETY,WOODBURY,7/28/2026 10:20:54 AM,WB26030955,"1XXX  Woodwinds Dr, WOODBURY",STALKING
WOODBURY PUBLIC SAFETY,WOODBURY,7/28/2026 10:52:06 AM,WB26030960,"Radio Dr To I94 Eb Ramp / Woodbury Lakes Rd, WOODBURY",ACCIDENT
WOODBURY PUBLIC SAFETY,WOODBURY,7/28/2026 11:09:27 AM,WB26030964,"1XXX  Belmont Dr, WOODBURY",DISORDERLY CONDUCT
WOODBURY PUBLIC SAFETY,WOODBURY,7/28/2026 1:07:46 PM,WB26030973,"10XXX  Grand Valley Ln, WOODBURY",HARASSMENT
WOODBURY PUBLIC SAFETY,WOODBURY,7/28/2026 1:55:09 PM,WB26030979,"4XXX  Pioneer Dr, WOODBURY",ACCIDENT
WOODBURY PUBLIC SAFETY,WOODBURY,7/28/2026 2:26:54 PM,WB26030983,"8XXX  Boulder Ridge Rd, WOODBURY",DISTURBANCE
WOODBURY PUBLIC SAFETY,WOODBURY,7/28/2026 3:09:41 PM,WB26030991,"8XXX  Tamarack Rd, WOODBURY",ACCIDENT
WOODBURY PUBLIC SAFETY,WOODBURY,7/28/2026 4:05:52 PM,WB26030999,"8XXX  TAMARACK VLG, WOODBURY",PROPERTY DAMAGE
WOODBURY PUBLIC SAFETY,WOODBURY,7/28/2026 4:08:27 PM,WB26031000,"XXX COMMERCE DR, WOODBURY",SHOPLIFTING
WOODBURY PUBLIC SAFETY,WOODBURY,7/28/2026 4:54:26 PM,WB26031005,"TAMARACK BAY / TAMARACK VLG, WOODBURY",TRAFFIC STOP
WOODBURY PUBLIC SAFETY,WOODBURY,7/28/2026 5:17:17 PM,WB26031007,"9XXX  NORMA LN, WOODBURY",COMPLIANCE CHECK VIOLATIONS
WOODBURY PUBLIC SAFETY,WOODBURY,7/28/2026 5:51:06 PM,WB26031012,"9XXX  HUDSON PL, WOODBURY",COMPLIANCE CHECK VIOLATIONS
WOODBURY PUBLIC SAFETY,WOODBURY,7/28/2026 11:30:56 PM,WB26031052,"1XXX  Century Cir, WOODBURY",ASSAULT
WOODBURY PUBLIC SAFETY,WOODBURY,7/29/2026 8:37:13 AM,WB26031071,"10XXX  City Walk Dr, WOODBURY",DISTURBANCE
WOODBURY PUBLIC SAFETY,WOODBURY,7/29/2026 11:43:23 AM,WB26031091,"3XXX  Charleston Dr, WOODBURY",DUMPING COMPLAINT
WOODBURY PUBLIC SAFETY,WOODBURY,7/29/2026 11:53:26 AM,WB26031092,"RADIO DR / HUDSON RD, WOODBURY",WANTED PERSON-KOPS ALERT/ATL
WOODBURY PUBLIC SAFETY,WOODBURY,7/29/2026 11:59:15 AM,WB26031093,"11XXX  Riverstone Trl, WOODBURY",SUSPICIOUS PERSON/ACTIVITY
WOODBURY PUBLIC SAFETY,WOODBURY,7/29/2026 12:52:55 PM,WB26031109,"9XXX  Hillingdon Rd, WOODBURY",FRAUD/SCAM
WOODBURY PUBLIC SAFETY,WOODBURY,7/29/2026 12:54:38 PM,WB26031106,"9XXX  Hudson Rd, WOODBURY",ACCIDENT
WOODBURY PUBLIC SAFETY,WOODBURY,7/29/2026 2:45:35 PM,WB26031123,"Radio Dr / Tamarack Rd, WOODBURY",ACCIDENT
WOODBURY PUBLIC SAFETY,WOODBURY,7/29/2026 3:30:34 PM,WB26031132,"XXX Lake View Dr, WOODBURY",SUICIDE ATTEMPT/THREATS OF
WOODBURY PUBLIC SAFETY,WOODBURY,7/29/2026 3:31:18 PM,WB26031131,"XXX - 311 COMMERCE DR, WOODBURY",TRAFFIC STOP
WOODBURY PUBLIC SAFETY,WOODBURY,7/29/2026 3:52:05 PM,WB26031135,"7XXX  Valley Creek Plz, WOODBURY",SUSPICIOUS PERSON/ACTIVITY
WOODBURY PUBLIC SAFETY,WOODBURY,7/29/2026 5:02:01 PM,WB26031143,"7XXX  Tamarack Rd, WOODBURY",CIVIL MATTER/DISPUTE
WOODBURY PUBLIC SAFETY,WOODBURY,7/29/2026 5:03:05 PM,WB26031144," LAKE RD / TAHOE RD, WOODBURY",ACCIDENT
WOODBURY PUBLIC SAFETY,WOODBURY,7/29/2026 6:00:20 PM,WB26031154,"XXX Weir Dr, WOODBURY",WELFARE CHECK
WOODBURY PUBLIC SAFETY,WOODBURY,7/29/2026 6:24:38 PM,WB26031156,"1XXX  Woodhill Dr, WOODBURY",SUSPICIOUS PERSON/ACTIVITY
WOODBURY PUBLIC SAFETY,WOODBURY,7/29/2026 6:33:26 PM,WB26031157,"1XXX  WEIR DR, WOODBURY",COMPLIANCE CHECK VIOLATIONS
WOODBURY PUBLIC SAFETY,WOODBURY,7/29/2026 6:41:21 PM,WB26031159,"8XXX  TAMARACK VLG, WOODBURY",THEFT
WOODBURY PUBLIC SAFETY,WOODBURY,7/29/2026 7:04:39 PM,WB26031164,"6XXX  HUDSON RD, WOODBURY",CIVIL MATTER/DISPUTE
WOODBURY PUBLIC SAFETY,WOODBURY,7/29/2026 7:35:49 PM,WB26031168,"XXX BIELENBERG DR, WOODBURY",COMPLIANCE CHECK VIOLATIONS
WOODBURY PUBLIC SAFETY,WOODBURY,7/29/2026 7:45:08 PM,WB26031170,"2XXX  Woodcrest Dr, WOODBURY",DISTURBANCE
WOODBURY PUBLIC SAFETY,WOODBURY,7/29/2026 8:32:28 PM,WB26031179,"9XXX  Wedgewood Dr, WOODBURY",ACCIDENT
WOODBURY PUBLIC SAFETY,WOODBURY,7/29/2026 9:10:24 PM,WB26031183,"4XXX  Silverado Dr, WOODBURY",DISTURBANCE
WOODBURY PUBLIC SAFETY,WOODBURY,7/30/2026 1:01:50 AM,WB26031198,"10XXX  CITY WALK DR, WOODBURY",RUNAWAY
WOODBURY PUBLIC SAFETY,WOODBURY,7/30/2026 5:47:18 AM,WB26031203,"7XXX  Dunmore Rd, WOODBURY",DISTURBANCE
WOODBURY PUBLIC SAFETY,WOODBURY,7/30/2026 6:21:52 AM,WB26031205,"2XXX  Grand Birch Ln, WOODBURY",THEFT FROM MOTOR VEHICLE
WOODBURY PUBLIC SAFETY,WOODBURY,7/30/2026 7:56:11 AM,WB26031211,"XXX Spring Hill Bay, WOODBURY",THEFT FROM MOTOR VEHICLE
WOODBURY PUBLIC SAFETY,WOODBURY,7/30/2026 8:03:53 AM,WB26031212,"8XXX  Valley Creek Rd, WOODBURY",FRAUD/SCAM
WOODBURY PUBLIC SAFETY,WOODBURY,7/30/2026 1:05:01 PM,WB26031254,"9XXX  WEDGEWOOD DR, WOODBURY",DISTURBANCE
WOODBURY PUBLIC SAFETY,WOODBURY,7/30/2026 1:42:38 PM,WB26031258,"CENTURY AVE N TO I94 EB RAMP, WOODBURY",TRAFFIC STOP
WOODBURY PUBLIC SAFETY,WOODBURY,7/30/2026 2:21:15 PM,WB26031265,"10XXX  City Walk Dr, WOODBURY",RUNAWAY
WOODBURY PUBLIC SAFETY,WOODBURY,7/30/2026 2:43:40 PM,WB26031270,"8XXX  VALLEY CREEK RD, WOODBURY",DISORDERLY CONDUCT
WOODBURY PUBLIC SAFETY,WOODBURY,7/30/2026 3:02:34 PM,WB26031280,"4XXX  Benjamin Dr, WOODBURY",FAMILY ASSIST
WOODBURY PUBLIC SAFETY,WOODBURY,7/30/2026 4:10:00 PM,WB26031290,"Radio Dr To I94 Eb Ramp / Woodbury Lakes Rd, WOODBURY",ACCIDENT
WOODBURY PUBLIC SAFETY,WOODBURY,7/30/2026 4:14:59 PM,WB26031292,"1XXX  Clipper Way, WOODBURY",FRAUD/SCAM
WOODBURY PUBLIC SAFETY,WOODBURY,7/30/2026 4:15:17 PM,WB26031295,"10XXX  Falling Water Ln, WOODBURY",VEHICLE TAMPERING
WOODBURY PUBLIC SAFETY,WOODBURY,7/30/2026 5:06:42 PM,WB26031301,"9XXX  Dartford Rd, WOODBURY",FRAUD/SCAM
WOODBURY PUBLIC SAFETY,WOODBURY,7/30/2026 5:38:31 PM,WB26031303,"Valley Creek Rd / Woodlane Dr, WOODBURY",ACCIDENT
WOODBURY PUBLIC SAFETY,WOODBURY,7/30/2026 5:45:07 PM,WB26031304,"4XXX  Sunflower Pl, WOODBURY",ANIMAL BITE
WOODBURY PUBLIC SAFETY,WOODBURY,7/30/2026 6:26:32 PM,WB26031310,"1XXX  Donegal Dr, WOODBURY",CIVIL MATTER/DISPUTE
WOODBURY PUBLIC SAFETY,WOODBURY,7/30/2026 7:04:10 PM,WB26031316,"6XXX  Lake Road Ter, WOODBURY",DISTURBANCE
WOODBURY PUBLIC SAFETY,WOODBURY,7/30/2026 9:41:57 PM,WB26031330,"8XXX  QUARRY RIDGE LN, WOODBURY",THREATS
WOODBURY PUBLIC SAFETY,WOODBURY,7/31/2026 2:20:20 AM,WB26031350,"XXX Karen Dr, WOODBURY",UNWANTED PERSON/VEHICLE
WOODBURY PUBLIC SAFETY,WOODBURY,7/31/2026 6:06:57 AM,WB26031351,"1XXX  Weir Dr, WOODBURY",FOUND PROPERTY/ITEM
WOODBURY PUBLIC SAFETY,WOODBURY,7/31/2026 7:33:26 AM,WB26031357,"5XXX  Pine Island Rd, WOODBURY",DEATH INVESTIGATION
WOODBURY PUBLIC SAFETY,WOODBURY,7/31/2026 8:43:29 AM,WB26031367,"Woodbury Dr / Lake Rd, WOODBURY",ACCIDENT
WOODBURY PUBLIC SAFETY,WOODBURY,7/31/2026 10:03:25 AM,WB26031381,"2XXX  Vining Dr, WOODBURY",DWI
WOODBURY PUBLIC SAFETY,WOODBURY,7/31/2026 11:25:31 AM,WB26031388,"1XXX  Donegal Dr, WOODBURY",CIVIL MATTER/DISPUTE
WOODBURY PUBLIC SAFETY,WOODBURY,7/31/2026 2:48:54 PM,WB26031415,"10XXX  HUDSON RD, WOODBURY",TRAFFIC STOP
WOODBURY PUBLIC SAFETY,WOODBURY,7/31/2026 3:06:02 PM,WB26031419,"7XXX  Bailey Rd, WOODBURY",FRAUD/SCAM
WOODBURY PUBLIC SAFETY,WOODBURY,7/31/2026 3:06:28 PM,WB26031420,"Woodbury Dr / Tamarack Rd, WOODBURY",ACCIDENT
WOODBURY PUBLIC SAFETY,WOODBURY,7/31/2026 3:20:58 PM,WB26031422,"7XXX  Valley Creek Plz, WOODBURY",SHOPLIFTING
WOODBURY PUBLIC SAFETY,WOODBURY,7/31/2026 4:05:20 PM,WB26031427,"2XXX  Eagle Trace Ln, WOODBURY",FRAUD/SCAM
WOODBURY PUBLIC SAFETY,WOODBURY,7/31/2026 4:37:01 PM,WB26031433,"1XXX  Century Cir, WOODBURY",DRUNK/INTOXICATED 
WOODBURY PUBLIC SAFETY,WOODBURY,7/31/2026 5:47:39 PM,WB26031445,"7XXX  Valley Creek Plz, WOODBURY",FRAUD/SCAM
WOODBURY PUBLIC SAFETY,WOODBURY,7/31/2026 8:10:08 PM,WB26031450,"1XXX  Queens Dr, WOODBURY",SHOPLIFTING
WOODBURY PUBLIC SAFETY,WOODBURY,7/31/2026 8:17:05 PM,WB26031452,"7XXX  Tamarack Rd, WOODBURY",THREATS
WOODBURY PUBLIC SAFETY,WOODBURY,7/31/2026 8:41:13 PM,WB26031456,"1XXX  Queens Dr, WOODBURY",SHOPLIFTING
WOODBURY PUBLIC SAFETY,WOODBURY,7/31/2026 9:11:48 PM,WB26031460,"7XXX  Valley Creek Plz, WOODBURY",MISSING PERSON
WOODBURY PUBLIC SAFETY,WOODBURY,7/31/2026 10:48:20 PM,WB26031468,"XXX HAUTE CT, WOODBURY",DISTURBANCE
WOODBURY PUBLIC SAFETY,WOODBURY,8/1/2026 12:00:00 AM,WB26031492,"RADIO DR / HARGIS PKWY, WOODBURY",TRAFFIC STOP
WOODBURY PUBLIC SAFETY,WOODBURY,8/1/2026 12:00:00 AM,WB26031501,"6XXX  HUDSON RD, WOODBURY",WARRANT ARREST
WOODBURY PUBLIC SAFETY,WOODBURY,8/1/2026 12:00:00 AM,WB26031524,"CENTURY AVE N TO I94 WB RAMP, WOODBURY",WARRANT ARREST
WOODBURY PUBLIC SAFETY,WOODBURY,8/1/2026 12:00:00 AM,WB26031552,"4XXX  Woodbury Dr, WOODBURY",TRAFFIC STOP
WOODBURY PUBLIC SAFETY,WOODBURY,8/1/2026 9:16:30 AM,WB26031497,"I94 Eb Jwo Settlers Ridge Pkwy, WOODBURY",ASSIST OTHER AGENCY
WOODBURY PUBLIC SAFETY,WOODBURY,8/1/2026 10:43:15 AM,WB26031504,"1XXX  Deephaven Dr, WOODBURY",DISTURBANCE
WOODBURY PUBLIC SAFETY,WOODBURY,8/1/2026 12:05:56 PM,WB26031517,"8XXX  City Centre Dr, WOODBURY",ACCIDENT
WOODBURY PUBLIC SAFETY,WOODBURY,8/1/2026 12:09:12 PM,WB26031519,"6XXX  HUDSON RD, WOODBURY",WARRANT ARREST
WOODBURY PUBLIC SAFETY,WOODBURY,8/1/2026 12:29:46 PM,WB26031522,"2XXX  Mallard Dr, WOODBURY",FOUND PROPERTY/ITEM
WOODBURY PUBLIC SAFETY,WOODBURY,8/1/2026 12:42:47 PM,WB26031523,"PIONEER DR / DALE RD, WOODBURY",ROAD HAZARD
WOODBURY PUBLIC SAFETY,WOODBURY,8/1/2026 1:18:48 PM,WB26031528,"XXX Elan Ct, WOODBURY",DISTURBANCE
WOODBURY PUBLIC SAFETY,WOODBURY,8/1/2026 4:19:00 PM,WB26031561,"RADIO DR / HUDSON RD, WOODBURY",TRAFFIC STOP
WOODBURY PUBLIC SAFETY,WOODBURY,8/1/2026 4:25:15 PM,WB26031563,"Weir Dr / Valley Creek Rd, WOODBURY",FOUND PROPERTY/ITEM
WOODBURY PUBLIC SAFETY,WOODBURY,8/1/2026 5:57:47 PM,WB26031574,"10XXX  Ironwood Pkwy, WOODBURY",CIVIL MATTER/DISPUTE
WOODBURY PUBLIC SAFETY,WOODBURY,8/1/2026 6:45:04 PM,WB26031584,"9XXX  Hudson Rd, WOODBURY",ACCIDENT
WOODBURY PUBLIC SAFETY,WOODBURY,8/1/2026 7:44:58 PM,WB26031593,"10XXX  Ironwood Pkwy, WOODBURY",WELFARE CHECK

