AgencyName,Address_City_Description,CreatedOn1,CaseNum,Textbox28,EventDescription
BAYPORT POLICE DEPARTMENT,BAYPORT,9/13/2026 12:15:18 AM,BP26002992,"XXX 8TH ST N, BAYPORT",LIFT ASSIST
BAYPORT POLICE DEPARTMENT,BAYPORT,9/13/2026 8:12:04 AM,BP26002994,"XXX 3RD ST S, BAYPORT",MEDICAL
BAYPORT POLICE DEPARTMENT,BAYPORT,9/13/2026 9:39:56 AM,BP26002995,"XXX INSPIRATION PKWY N, BAYPORT",PARKING COMPLAINT
BAYPORT POLICE DEPARTMENT,BAYPORT,9/13/2026 5:40:02 PM,BP26002998,"1XXX  BAYTOWN LN N, BAYPORT",ALARM-BUSINESS/RES/FIRE/MEDICAL/ETC
BAYPORT POLICE DEPARTMENT,BAYPORT,9/13/2026 5:55:15 PM,BP26002999,"2ND AVE S / MINNESOTA ST S, BAYPORT",SUSPICIOUS PERSON/ACTIVITY
BAYPORT POLICE DEPARTMENT,BAYPORT,9/13/2026 10:12:06 PM,BP26003002,"XXX 4TH AVE N, BAYPORT",VEHICLE UNLOCK
BAYPORT POLICE DEPARTMENT,BAYPORT,9/13/2026 11:38:34 PM,BP26003003,"XX CENTRAL AVE, BAYPORT",PARK CLOSED
BAYPORT POLICE DEPARTMENT,BAYPORT,9/13/2026 11:44:24 PM,BP26003004,"XX CENTRAL AVE, BAYPORT",SUSPICIOUS PERSON/ACTIVITY
BAYPORT POLICE DEPARTMENT,BAYPORT,9/14/2026 4:22:38 AM,BP26003006,"XXX 5TH AVE N, BAYPORT",SUSPICIOUS PERSON/ACTIVITY
BAYPORT POLICE DEPARTMENT,BAYPORT,9/14/2026 7:57:52 AM,BP26003008,"1XXX  Inspiration Pkwy N, BAYPORT",CITIZEN/PUBLIC ASSIST
BAYPORT POLICE DEPARTMENT,BAYPORT,9/14/2026 9:28:24 AM,BP26003009,"XXX 3RD ST S, BAYPORT",ALARM-BUSINESS/RES/FIRE/MEDICAL/ETC
BAYPORT POLICE DEPARTMENT,BAYPORT,9/14/2026 10:44:24 AM,BP26003010,"XXX 6th St N, BAYPORT",DISORDERLY CONDUCT
BAYPORT POLICE DEPARTMENT,BAYPORT,9/14/2026 3:20:02 PM,BP26003011,"XXX 3RD ST S, BAYPORT",MEDICAL
BAYPORT POLICE DEPARTMENT,BAYPORT,9/14/2026 4:39:39 PM,BP26003012,"XXX 6TH ST N, BAYPORT",KNOCK AND TALK
BAYPORT POLICE DEPARTMENT,BAYPORT,9/14/2026 4:54:07 PM,BP26003013,"XXX 3RD ST N, BAYPORT",ALARM-BUSINESS/RES/FIRE/MEDICAL/ETC
BAYPORT POLICE DEPARTMENT,BAYPORT,9/14/2026 5:02:32 PM,BP26003014,"XXX 6TH AVE N, BAYPORT",HRO VIOLATION
BAYPORT POLICE DEPARTMENT,BAYPORT,9/15/2026 1:30:56 AM,BP26003017,"XXX 3RD ST S, BAYPORT",MEDICAL
BAYPORT POLICE DEPARTMENT,BAYPORT,9/15/2026 2:19:06 AM,BP26003018,"XX CENTRAL AVE, BAYPORT",Park Close
BAYPORT POLICE DEPARTMENT,BAYPORT,9/15/2026 9:17:17 AM,BP26003019,"XXX Highway 95 N, BAYPORT",MEDICAL
BAYPORT POLICE DEPARTMENT,BAYPORT,9/15/2026 9:40:52 AM,BP26003021,"1XXX  INSPIRATION PKWY N, BAYPORT",CITIZEN/PUBLIC ASSIST
BAYPORT POLICE DEPARTMENT,BAYPORT,9/15/2026 9:41:48 AM,BP26003020,"XXX 4TH AVE N, BAYPORT",911 ABANDONED/HANGUP/OPEN LINE
BAYPORT POLICE DEPARTMENT,BAYPORT,9/15/2026 10:20:03 AM,BP26003022,"XXX 4TH AVE N, BAYPORT",911 ABANDONED/HANGUP/OPEN LINE
BAYPORT POLICE DEPARTMENT,BAYPORT,9/15/2026 5:41:25 PM,BP26003023,"XXX 4TH AVE N, BAYPORT",ALARM-BUSINESS/RES/FIRE/MEDICAL/ETC
BAYPORT POLICE DEPARTMENT,BAYPORT,9/15/2026 11:59:37 PM,BP26003027,"XX CENTRAL AVE, BAYPORT",Park Close
BAYPORT POLICE DEPARTMENT,BAYPORT,9/16/2026 2:07:03 AM,BP26003028,"XXX 3RD ST S, BAYPORT",OPEN DOOR/WINDOW
BAYPORT POLICE DEPARTMENT,BAYPORT,9/16/2026 2:23:19 AM,BP26003029,"XXX 3RD ST N, BAYPORT",CITIZEN/PUBLIC ASSIST
BAYPORT POLICE DEPARTMENT,BAYPORT,9/16/2026 10:01:48 AM,BP26003031,"XXX Highway 95 N, BAYPORT",MEDICAL
BAYPORT POLICE DEPARTMENT,BAYPORT,9/17/2026 6:04:58 PM,BP26003037,"XXX - 750 Highway 95 N, BAYPORT",TRAFFIC STOP
BAYPORT POLICE DEPARTMENT,BAYPORT,9/19/2026 1:34:27 AM,BP26003061,"XX CENTRAL AVE, BAYPORT",Park Close
BAYPORT POLICE DEPARTMENT,BAYPORT,9/19/2026 6:15:43 AM,BP26003063,"XXX Highway 95 N, BAYPORT",ALARM-BUSINESS/RES/FIRE/MEDICAL/ETC
BAYPORT POLICE DEPARTMENT,BAYPORT,9/19/2026 5:51:58 PM,BP26003070,"XXX PERRO CREEK DR S, BAYPORT",911 ABANDONED/HANGUP/OPEN LINE
BAYPORT POLICE DEPARTMENT,BAYPORT,9/19/2026 7:02:26 PM,BP26003071,"XXX LAKE CIR N, BAYPORT",BURNING COMPLAINT
BAYPORT POLICE DEPARTMENT,BAYPORT,9/19/2026 7:16:04 PM,BP26003072,"XX CENTRAL AVE, BAYPORT",COMMUNITY CONTACT
BAYPORT POLICE DEPARTMENT,BAYPORT,9/19/2026 9:07:28 PM,BP26003076,"XX CENTRAL AVE, BAYPORT",COMMUNITY CONTACT
BAYPORT POLICE DEPARTMENT,OAK PARK HEIGHTS,9/13/2026 10:11:39 AM,BP26002996,"14XXX  58TH ST N, OAK PARK HEIGHTS",ASSIST OTHER AGENCY
BAYPORT POLICE DEPARTMENT,OAK PARK HEIGHTS,9/13/2026 3:18:47 PM,BP26002997,"SAINT CROIX TRL N SB JNO HWY 36, OAK PARK HEIGHTS",DRIVING COMPLAINT
BAYPORT POLICE DEPARTMENT,OAK PARK HEIGHTS,9/14/2026 12:10:32 AM,BP26003005,"5XXX  - 5698 OAKGREEN AVE N, OAK PARK HEIGHTS",ASSIST OTHER AGENCY
BAYPORT POLICE DEPARTMENT,OAK PARK HEIGHTS,9/14/2026 5:25:06 PM,BP26003015,"14XXX  58TH ST N, OAK PARK HEIGHTS",UNKNOWN SITUATION
BAYPORT POLICE DEPARTMENT,OAK PARK HEIGHTS,9/15/2026 6:33:35 PM,BP26003024,"14XXX  58TH ST N, OAK PARK HEIGHTS",ASSIST OTHER AGENCY
BAYPORT POLICE DEPARTMENT,OAK PARK HEIGHTS,9/15/2026 7:08:10 PM,BP26003025,"HWY 36 EB AT OSGOOD AVE N, OAK PARK HEIGHTS",ASSIST OTHER AGENCY
BAYPORT POLICE DEPARTMENT,OAK PARK HEIGHTS,9/18/2026 2:57:29 PM,BP26003052,"15XXX  60TH ST N, OAK PARK HEIGHTS",ASSIST OTHER AGENCY
BAYPORT POLICE DEPARTMENT,OAK PARK HEIGHTS,9/18/2026 7:59:34 PM,BP26003054,"13XXX  60TH ST N, OAK PARK HEIGHTS",ASSIST OTHER AGENCY
BAYPORT POLICE DEPARTMENT,OAK PARK HEIGHTS,9/19/2026 10:57:25 AM,BP26003068,"5XXX  NORELL AVE N, OAK PARK HEIGHTS",ASSIST OTHER AGENCY
BAYPORT POLICE DEPARTMENT,OAK PARK HEIGHTS,9/19/2026 11:12:12 AM,BP26003069,"Highway 36, OAK PARK HEIGHTS",TRAFFIC STOP
BAYPORT POLICE DEPARTMENT,OAK PARK HEIGHTS,9/19/2026 7:48:40 PM,BP26003073,"14XXX  60TH ST N, OAK PARK HEIGHTS",ASSIST OTHER AGENCY
BAYPORT POLICE DEPARTMENT,STILLWATER,9/13/2026 7:59:05 PM,BP26003001,"2XXX  - 1947 WASHINGTON AVE, STILLWATER",TRAFFIC STOP
BAYPORT POLICE DEPARTMENT,STILLWATER,9/14/2026 4:26:09 AM,BP26003007,"2XXX  LONG LAKE DR, STILLWATER",ASSIST OTHER AGENCY
BAYPORT POLICE DEPARTMENT,STILLWATER,9/14/2026 10:45:09 PM,BP26003016,"XXX LAUREL ST W, STILLWATER",ASSIST OTHER AGENCY
BAYPORT POLICE DEPARTMENT,STILLWATER,9/15/2026 7:36:29 PM,BP26003026,"1XXX  OLIVE ST W, STILLWATER",ASSIST OTHER AGENCY
COTTAGE GROVE POLICE DEPARTMENT,COTTAGE GROVE,9/13/2026 12:28:00 AM,CG26039785,"7XXX  HARDWOOD AVE S, COTTAGE GROVE",UNDERAGE DRINKING
COTTAGE GROVE POLICE DEPARTMENT,COTTAGE GROVE,9/13/2026 1:02:20 PM,CG26039815,"8XXX  66TH ST S, COTTAGE GROVE",NOISE COMPLAINT/DISTURBANCE
COTTAGE GROVE POLICE DEPARTMENT,COTTAGE GROVE,9/13/2026 2:58:46 PM,CG26039835,"84TH ST S / HADLEY AVE S, COTTAGE GROVE",ACCIDENT
COTTAGE GROVE POLICE DEPARTMENT,COTTAGE GROVE,9/13/2026 9:20:34 PM,CG26039871,"9XXX  63RD ST S, COTTAGE GROVE",MEDICAL
COTTAGE GROVE POLICE DEPARTMENT,COTTAGE GROVE,9/14/2026 12:45:30 AM,CG26039893,"7XXX  99TH ST S, COTTAGE GROVE",MEDICAL
COTTAGE GROVE POLICE DEPARTMENT,COTTAGE GROVE,9/14/2026 6:54:20 AM,CG26039922,"JAMAICA AVE S / WEST POINT DOUGLAS RD S, COTTAGE GROVE",ACCIDENT
COTTAGE GROVE POLICE DEPARTMENT,COTTAGE GROVE,9/14/2026 6:58:11 AM,CG26039923,"7XXX  JORGENSEN LN S, COTTAGE GROVE",ALARM-BUSINESS/RES/FIRE/MEDICAL/ETC
COTTAGE GROVE POLICE DEPARTMENT,COTTAGE GROVE,9/14/2026 7:44:28 AM,CG26039926,"7XXX  JEFFERY AVE S, COTTAGE GROVE",MEDICAL
COTTAGE GROVE POLICE DEPARTMENT,COTTAGE GROVE,9/14/2026 8:37:52 AM,CG26039935,"7XXX  HEMINGWAY AVE S, COTTAGE GROVE",PARKING COMPLAINT
COTTAGE GROVE POLICE DEPARTMENT,COTTAGE GROVE,9/14/2026 9:00:26 AM,CG26039938,"12XXX  RAVINE PKWY S, COTTAGE GROVE",FRAUD/SCAM
COTTAGE GROVE POLICE DEPARTMENT,COTTAGE GROVE,9/14/2026 10:15:16 AM,CG26039944,"10XXX  HINTON AVE S, COTTAGE GROVE",MEDICAL
COTTAGE GROVE POLICE DEPARTMENT,COTTAGE GROVE,9/14/2026 11:26:25 AM,CG26039960,"7XXX  JORGENSEN LN S, COTTAGE GROVE",MEDICAL
COTTAGE GROVE POLICE DEPARTMENT,COTTAGE GROVE,9/14/2026 11:38:56 AM,CG26039962,"6XXX  EAST POINT DOUGLAS RD S, COTTAGE GROVE",MEDICAL
COTTAGE GROVE POLICE DEPARTMENT,COTTAGE GROVE,9/14/2026 12:40:20 PM,CG26039977,"8XXX  83RD ST S, COTTAGE GROVE",MEDICAL
COTTAGE GROVE POLICE DEPARTMENT,COTTAGE GROVE,9/14/2026 12:50:47 PM,CG26039979,"7XXX  106TH ST S, COTTAGE GROVE",FRAUD/SCAM
COTTAGE GROVE POLICE DEPARTMENT,COTTAGE GROVE,9/14/2026 12:56:29 PM,CG26039980,"PRIVATE RD, COTTAGE GROVE",TRAFFIC STOP
COTTAGE GROVE POLICE DEPARTMENT,COTTAGE GROVE,9/14/2026 1:53:47 PM,CG26039989,"8XXX  HALE AVE S, COTTAGE GROVE",CIVIL MATTER/DISPUTE
COTTAGE GROVE POLICE DEPARTMENT,COTTAGE GROVE,9/14/2026 2:08:57 PM,CG26039992,"80TH ST S / HYDE AVE S, COTTAGE GROVE",TRAFFIC COMPLAINT
COTTAGE GROVE POLICE DEPARTMENT,COTTAGE GROVE,9/14/2026 3:10:33 PM,CG26039998,"9XXX  91ST ST S, COTTAGE GROVE",SUSPICIOUS PERSON/ACTIVITY
COTTAGE GROVE POLICE DEPARTMENT,COTTAGE GROVE,9/14/2026 3:37:21 PM,CG26040003,"8XXX  JERGEN AVE S, COTTAGE GROVE",PARKING COMPLAINT
COTTAGE GROVE POLICE DEPARTMENT,COTTAGE GROVE,9/14/2026 4:41:19 PM,CG26040012,"8XXX  EAST POINT DOUGLAS RD S, COTTAGE GROVE",ACCIDENT
COTTAGE GROVE POLICE DEPARTMENT,COTTAGE GROVE,9/14/2026 5:45:48 PM,CG26040029,"JAMAICA AVE S / 95TH ST S, COTTAGE GROVE",TRAFFIC STOP
COTTAGE GROVE POLICE DEPARTMENT,COTTAGE GROVE,9/14/2026 6:15:38 PM,CG26040032,"8XXX  66TH ST S, COTTAGE GROVE",HARASSMENT
COTTAGE GROVE POLICE DEPARTMENT,COTTAGE GROVE,9/14/2026 6:33:25 PM,CG26040033,"9XXX  67TH ST S, COTTAGE GROVE",CITIZEN/PUBLIC ASSIST
COTTAGE GROVE POLICE DEPARTMENT,COTTAGE GROVE,9/14/2026 8:11:35 PM,CG26040040,"6XXX  EAST POINT DOUGLAS RD S, COTTAGE GROVE",MEDICAL
COTTAGE GROVE POLICE DEPARTMENT,COTTAGE GROVE,9/14/2026 9:09:47 PM,CG26040046,"10XXX  INNOVATION RD S, COTTAGE GROVE",MEDICAL
COTTAGE GROVE POLICE DEPARTMENT,COTTAGE GROVE,9/14/2026 10:16:57 PM,CG26040060,"8XXX  66TH ST S, COTTAGE GROVE",DISTURBANCE
COTTAGE GROVE POLICE DEPARTMENT,COTTAGE GROVE,9/15/2026 2:50:43 AM,CG26040079,"9XXX  JAMAICA AVE S, COTTAGE GROVE",MEDICAL
COTTAGE GROVE POLICE DEPARTMENT,COTTAGE GROVE,9/15/2026 8:00:39 AM,CG26040085,"8XXX  77TH ST S, COTTAGE GROVE",MEDICAL
COTTAGE GROVE POLICE DEPARTMENT,COTTAGE GROVE,9/15/2026 8:19:20 AM,CG26040087,"7XXX  WEST POINT DOUGLAS RD S, COTTAGE GROVE",ALARM-BUSINESS/RES/FIRE/MEDICAL/ETC
COTTAGE GROVE POLICE DEPARTMENT,COTTAGE GROVE,9/15/2026 8:24:50 AM,CG26040088,"JAMAICA AVE S / EAST POINT DOUGLAS RD S, COTTAGE GROVE",TRAFFIC STOP
COTTAGE GROVE POLICE DEPARTMENT,COTTAGE GROVE,9/15/2026 8:53:14 AM,CG26040092,"8XXX  JEWEL AVE S, COTTAGE GROVE",MEDICAL
COTTAGE GROVE POLICE DEPARTMENT,COTTAGE GROVE,9/15/2026 12:41:37 PM,CG26040126,"7XXX  HARDWOOD AVE S, COTTAGE GROVE",ALARM-BUSINESS/RES/FIRE/MEDICAL/ETC
COTTAGE GROVE POLICE DEPARTMENT,COTTAGE GROVE,9/15/2026 1:56:37 PM,CG26040136,"9XXX  90TH ST S, COTTAGE GROVE",THEFT
COTTAGE GROVE POLICE DEPARTMENT,COTTAGE GROVE,9/15/2026 2:28:27 PM,CG26040145,"8XXX  66TH STREET CT S, COTTAGE GROVE",MEDICAL
COTTAGE GROVE POLICE DEPARTMENT,COTTAGE GROVE,9/15/2026 3:00:51 PM,CG26040151,"8XXX  IRA AVE S, COTTAGE GROVE",CIVIL MATTER/DISPUTE
COTTAGE GROVE POLICE DEPARTMENT,COTTAGE GROVE,9/15/2026 3:29:38 PM,CG26040154,"6XXX  EAST POINT DOUGLAS RD S, COTTAGE GROVE",MEDICAL
COTTAGE GROVE POLICE DEPARTMENT,COTTAGE GROVE,9/15/2026 3:53:04 PM,CG26040159,"7XXX  JENSEN AVE S, COTTAGE GROVE",FOUND PROPERTY/ITEM
COTTAGE GROVE POLICE DEPARTMENT,COTTAGE GROVE,9/15/2026 4:08:16 PM,CG26040163,"6XXX  90TH ST S, COTTAGE GROVE",PARKING VIOLATION
COTTAGE GROVE POLICE DEPARTMENT,COTTAGE GROVE,9/15/2026 4:09:11 PM,CG26040164,"7XXX  EAST POINT DOUGLAS RD S, COTTAGE GROVE",THEFT
COTTAGE GROVE POLICE DEPARTMENT,COTTAGE GROVE,9/15/2026 4:53:22 PM,CG26040171,"8XXX  80TH ST S, COTTAGE GROVE",MEDICAL
COTTAGE GROVE POLICE DEPARTMENT,COTTAGE GROVE,9/15/2026 4:53:58 PM,CG26040172,"7XXX  WEST POINT DOUGLAS RD S, COTTAGE GROVE",MISSING PERSON
COTTAGE GROVE POLICE DEPARTMENT,COTTAGE GROVE,9/15/2026 5:08:04 PM,CG26040175,"7XXX  EAST POINT DOUGLAS RD S, COTTAGE GROVE",FRAUD/SCAM
COTTAGE GROVE POLICE DEPARTMENT,COTTAGE GROVE,9/15/2026 5:26:22 PM,CG26040181,"70TH ST S / KEATS AVE S, COTTAGE GROVE",ACCIDENT
COTTAGE GROVE POLICE DEPARTMENT,COTTAGE GROVE,9/15/2026 9:29:14 PM,CG26040215,"8XXX  EAST POINT DOUGLAS RD S, COTTAGE GROVE",ALARM-BUSINESS/RES/FIRE/MEDICAL/ETC
COTTAGE GROVE POLICE DEPARTMENT,COTTAGE GROVE,9/16/2026 8:22:44 AM,CG26040262,"7XXX  HINTON AVE S, COTTAGE GROVE",WELFARE CHECK
COTTAGE GROVE POLICE DEPARTMENT,COTTAGE GROVE,9/16/2026 10:51:56 AM,CG26040269,"7XXX  EAST POINT DOUGLAS RD S, COTTAGE GROVE",SHOPLIFTING
COTTAGE GROVE POLICE DEPARTMENT,COTTAGE GROVE,9/16/2026 11:10:50 AM,CG26040273,"7XXX  HINTON PARK AVE S, COTTAGE GROVE",MEDICAL
COTTAGE GROVE POLICE DEPARTMENT,COTTAGE GROVE,9/16/2026 11:12:08 AM,CG26040272,"7XXX  - 7180 EAST POINT DOUGLAS RD S, COTTAGE GROVE",TRAFFIC STOP
COTTAGE GROVE POLICE DEPARTMENT,COTTAGE GROVE,9/16/2026 11:28:48 AM,CG26040275,"8XXX  HALLMARK AVE S, COTTAGE GROVE",TRAFFIC STOP
COTTAGE GROVE POLICE DEPARTMENT,COTTAGE GROVE,9/16/2026 11:36:36 AM,CG26040278,"8XXX  INDIAN BLVD S, COTTAGE GROVE",CIVIL MATTER/DISPUTE
COTTAGE GROVE POLICE DEPARTMENT,COTTAGE GROVE,9/16/2026 12:31:01 PM,CG26040295,"8XXX  HADLEY AVE S, COTTAGE GROVE",MEDICAL
COTTAGE GROVE POLICE DEPARTMENT,COTTAGE GROVE,9/16/2026 2:21:12 PM,CG26040307,"8XXX  EAST POINT DOUGLAS RD S, COTTAGE GROVE",OVERDOSE
COTTAGE GROVE POLICE DEPARTMENT,COTTAGE GROVE,9/16/2026 2:58:52 PM,CG26040311,"70TH ST S / HINTON AVE S, COTTAGE GROVE",DISABLED VEHICLE
COTTAGE GROVE POLICE DEPARTMENT,COTTAGE GROVE,9/16/2026 3:53:35 PM,CG26040319,"RED PINE RD S / 73RD ST S, COTTAGE GROVE",DWI
COTTAGE GROVE POLICE DEPARTMENT,COTTAGE GROVE,9/16/2026 4:21:21 PM,CG26040322,"8XXX  INDIAN BLVD S, COTTAGE GROVE",DRUNK/INTOXICATED 
COTTAGE GROVE POLICE DEPARTMENT,COTTAGE GROVE,9/16/2026 4:41:58 PM,CG26040325,"7XXX  HINTON AVE S, COTTAGE GROVE",WELFARE CHECK
COTTAGE GROVE POLICE DEPARTMENT,COTTAGE GROVE,9/16/2026 5:11:00 PM,CG26040330,"9XXX  EAST POINT DOUGLAS RD S, COTTAGE GROVE",WARRANT ARREST
COTTAGE GROVE POLICE DEPARTMENT,COTTAGE GROVE,9/16/2026 6:38:08 PM,CG26040348,"9XXX  75TH ST S, COTTAGE GROVE",TRAFFIC STOP
COTTAGE GROVE POLICE DEPARTMENT,COTTAGE GROVE,9/16/2026 7:51:11 PM,CG26040352,"8XXX  HADLEY AVE S, COTTAGE GROVE",CIVIL MATTER/DISPUTE
COTTAGE GROVE POLICE DEPARTMENT,COTTAGE GROVE,9/16/2026 8:09:07 PM,CG26040354,"7XXX  HIDDEN VALLEY TRL S, COTTAGE GROVE",ACCIDENT
COTTAGE GROVE POLICE DEPARTMENT,COTTAGE GROVE,9/16/2026 9:35:48 PM,CG26040365,"70TH ST S / KEATS AVE S, COTTAGE GROVE",ASSIST OTHER AGENCY
COTTAGE GROVE POLICE DEPARTMENT,COTTAGE GROVE,9/16/2026 9:40:19 PM,CG26040367,"7XXX  HARDWOOD AVE S, COTTAGE GROVE",DWI
COTTAGE GROVE POLICE DEPARTMENT,COTTAGE GROVE,9/16/2026 9:45:00 PM,CG26040373,"9XXX  HARROW CT S, COTTAGE GROVE",BURGLARY
COTTAGE GROVE POLICE DEPARTMENT,COTTAGE GROVE,9/16/2026 9:45:01 PM,CG26040368,"8XXX  81ST ST S, COTTAGE GROVE",MEDICAL
COTTAGE GROVE POLICE DEPARTMENT,COTTAGE GROVE,9/16/2026 11:38:03 PM,CG26040375,"6XXX  JEFFERY AVE S, COTTAGE GROVE",MEDICAL
COTTAGE GROVE POLICE DEPARTMENT,COTTAGE GROVE,9/17/2026 6:51:12 AM,CG26040393,"89TH ST S / HAMLET AVE S, COTTAGE GROVE",RECOVERED STOLEN
COTTAGE GROVE POLICE DEPARTMENT,COTTAGE GROVE,9/17/2026 8:10:39 AM,CG26040395,"9XXX  INDIAN BLVD S, COTTAGE GROVE",BOMB THREAT
COTTAGE GROVE POLICE DEPARTMENT,COTTAGE GROVE,9/17/2026 8:54:58 AM,CG26040399,"7XXX  JENNER LN S, COTTAGE GROVE",ANIMAL COMPLAINT
COTTAGE GROVE POLICE DEPARTMENT,COTTAGE GROVE,9/17/2026 10:00:23 AM,CG26040400,"INNOVATION RD S / HWY 61 SB TO INNOVATION RD RAMP, COTTAGE GROVE",PARKING COMPLAINT
COTTAGE GROVE POLICE DEPARTMENT,COTTAGE GROVE,9/17/2026 12:41:30 PM,CG26040415,"8XXX  - 8269 GRANADA AVE S, COTTAGE GROVE",TRAFFIC STOP
COTTAGE GROVE POLICE DEPARTMENT,COTTAGE GROVE,9/17/2026 1:32:46 PM,CG26040422,"8XXX  EAST POINT DOUGLAS RD S, COTTAGE GROVE",PARKING COMPLAINT
COTTAGE GROVE POLICE DEPARTMENT,COTTAGE GROVE,9/17/2026 2:45:43 PM,CG26040430,"9XXX  ISLAY AVE S, COTTAGE GROVE",MEDICAL
COTTAGE GROVE POLICE DEPARTMENT,COTTAGE GROVE,9/17/2026 3:11:52 PM,CG26040432,"9XXX  EAST POINT DOUGLAS RD S, COTTAGE GROVE",MEDICAL
COTTAGE GROVE POLICE DEPARTMENT,COTTAGE GROVE,9/17/2026 4:48:12 PM,CG26040441,"7XXX  HEARTHSIDE AVE S, COTTAGE GROVE",PROPERTY DAMAGE
COTTAGE GROVE POLICE DEPARTMENT,COTTAGE GROVE,9/17/2026 5:09:54 PM,CG26040443,"8XXX  IVYWOOD AVE S, COTTAGE GROVE",CIVIL MATTER/DISPUTE
COTTAGE GROVE POLICE DEPARTMENT,COTTAGE GROVE,9/17/2026 5:21:45 PM,CG26040444,"8XXX  JORGENSEN AVE S, COTTAGE GROVE",MEDICAL
COTTAGE GROVE POLICE DEPARTMENT,COTTAGE GROVE,9/17/2026 5:57:34 PM,CG26040445,"7XXX  77TH ST S, COTTAGE GROVE",PARKING VIOLATION
COTTAGE GROVE POLICE DEPARTMENT,COTTAGE GROVE,9/17/2026 7:13:05 PM,CG26040454,"7XXX  HARDWOOD CT S, COTTAGE GROVE",SHOPLIFTING
COTTAGE GROVE POLICE DEPARTMENT,COTTAGE GROVE,9/17/2026 7:20:31 PM,CG26040455,"KEATS AVE S / COTTAGE GROVE RAVINE PARK ENTRANCE RD, COTTAGE GROVE",ACCIDENT
COTTAGE GROVE POLICE DEPARTMENT,COTTAGE GROVE,9/17/2026 7:50:00 PM,CG26040458,"8XXX  - 9194 EAST POINT DOUGLAS RD S, COTTAGE GROVE",TRAFFIC STOP
COTTAGE GROVE POLICE DEPARTMENT,COTTAGE GROVE,9/18/2026 2:57:41 AM,CG26040489,"6XXX  GOLDENROD CIR S, COTTAGE GROVE",MEDICAL
COTTAGE GROVE POLICE DEPARTMENT,COTTAGE GROVE,9/18/2026 6:32:10 AM,CG26040490,"6XXX  EAST POINT DOUGLAS RD S, COTTAGE GROVE",MEDICAL
COTTAGE GROVE POLICE DEPARTMENT,COTTAGE GROVE,9/18/2026 7:29:13 AM,CG26040492,"6XXX  80TH ST S, COTTAGE GROVE",MEDICAL
COTTAGE GROVE POLICE DEPARTMENT,COTTAGE GROVE,9/18/2026 7:40:07 AM,CG26040493,"7XXX  67TH STREET CT S, COTTAGE GROVE",MEDICAL
COTTAGE GROVE POLICE DEPARTMENT,COTTAGE GROVE,9/18/2026 8:58:42 AM,CG26040501,"6XXX  101ST ST S, COTTAGE GROVE",CIVIL MATTER/DISPUTE
COTTAGE GROVE POLICE DEPARTMENT,COTTAGE GROVE,9/18/2026 9:00:00 AM,CG26040502,"8XXX  79TH ST S, COTTAGE GROVE",MEDICAL
COTTAGE GROVE POLICE DEPARTMENT,COTTAGE GROVE,9/18/2026 9:35:21 AM,CG26040507,"79TH ST S / HEMINGWAY AVE S, COTTAGE GROVE",PARK COMPLAINT
COTTAGE GROVE POLICE DEPARTMENT,COTTAGE GROVE,9/18/2026 11:38:06 AM,CG26040522,"6XXX  EAST POINT DOUGLAS RD S, COTTAGE GROVE",MEDICAL
COTTAGE GROVE POLICE DEPARTMENT,COTTAGE GROVE,9/18/2026 12:56:15 PM,CG26040528,"12XXX  RAVINE PKWY S, COTTAGE GROVE",FRAUD/SCAM
COTTAGE GROVE POLICE DEPARTMENT,COTTAGE GROVE,9/18/2026 1:45:06 PM,CG26040531,"6XXX  80TH ST S, COTTAGE GROVE",MEDICAL
COTTAGE GROVE POLICE DEPARTMENT,COTTAGE GROVE,9/18/2026 3:00:47 PM,CG26040536,"6XXX  HINTERLAND TRL S, COTTAGE GROVE",CIVIL MATTER/DISPUTE
COTTAGE GROVE POLICE DEPARTMENT,COTTAGE GROVE,9/18/2026 3:21:23 PM,CG26040542,"6XXX  GOODVIEW AVE S, COTTAGE GROVE",VEHICLE UNLOCK
COTTAGE GROVE POLICE DEPARTMENT,COTTAGE GROVE,9/18/2026 4:35:47 PM,CG26040546,"8XXX  ISLE AVE S, COTTAGE GROVE",ANIMAL COMPLAINT
COTTAGE GROVE POLICE DEPARTMENT,COTTAGE GROVE,9/18/2026 5:23:22 PM,CG26040559,"8XXX  66TH STREET CT S, COTTAGE GROVE",FRAUD/SCAM
COTTAGE GROVE POLICE DEPARTMENT,COTTAGE GROVE,9/18/2026 5:41:37 PM,CG26040564,"6XXX  JODY AVE S, COTTAGE GROVE",WELFARE CHECK
COTTAGE GROVE POLICE DEPARTMENT,COTTAGE GROVE,9/18/2026 8:52:00 PM,CG26040582,"7XXX  EAST POINT DOUGLAS RD S, COTTAGE GROVE",DWI
COTTAGE GROVE POLICE DEPARTMENT,COTTAGE GROVE,9/18/2026 8:56:32 PM,CG26040584,"8XXX  HAMLET AVE S, COTTAGE GROVE",SUSPICIOUS PERSON/ACTIVITY
COTTAGE GROVE POLICE DEPARTMENT,COTTAGE GROVE,9/19/2026 12:14:00 AM,CG26040608,"6XXX  - 6000 Highway 61, COTTAGE GROVE",TRAFFIC STOP
COTTAGE GROVE POLICE DEPARTMENT,COTTAGE GROVE,9/19/2026 12:14:23 AM,CG26040633,"6XXX  91ST ST S, COTTAGE GROVE",MEDICAL
COTTAGE GROVE POLICE DEPARTMENT,COTTAGE GROVE,9/19/2026 3:00:39 AM,CG26040641,"9XXX  JAMAICA AVE S, COTTAGE GROVE",ALARM-BUSINESS/RES/FIRE/MEDICAL/ETC
COTTAGE GROVE POLICE DEPARTMENT,COTTAGE GROVE,9/19/2026 5:37:00 AM,CG26040642,"9XXX  - 9101 JAMAICA AVE S, COTTAGE GROVE",TRAFFIC STOP
COTTAGE GROVE POLICE DEPARTMENT,COTTAGE GROVE,9/19/2026 9:51:53 AM,CG26040644,"6XXX  EAST POINT DOUGLAS RD S, COTTAGE GROVE",MEDICAL
COTTAGE GROVE POLICE DEPARTMENT,COTTAGE GROVE,9/19/2026 11:56:19 AM,CG26040656,"9XXX  JARVIS AVE S, COTTAGE GROVE",ALARM-BUSINESS/RES/FIRE/MEDICAL/ETC
COTTAGE GROVE POLICE DEPARTMENT,COTTAGE GROVE,9/19/2026 12:21:02 PM,CG26040658,"8XXX  90TH ST S, COTTAGE GROVE",HARASSMENT
COTTAGE GROVE POLICE DEPARTMENT,COTTAGE GROVE,9/19/2026 12:32:37 PM,CG26040660,"EAST POINT DOUGLAS RD S / JAMAICA AVE S, COTTAGE GROVE",ACCIDENT
COTTAGE GROVE POLICE DEPARTMENT,COTTAGE GROVE,9/19/2026 1:27:50 PM,CG26040661,"8XXX  EAST POINT DOUGLAS RD S, COTTAGE GROVE",TRAFFIC STOP
COTTAGE GROVE POLICE DEPARTMENT,COTTAGE GROVE,9/19/2026 2:40:17 PM,CG26040666,"7XXX  HEMINGWAY AVE S, COTTAGE GROVE",NOISE COMPLAINT/DISTURBANCE
COTTAGE GROVE POLICE DEPARTMENT,COTTAGE GROVE,9/19/2026 3:53:10 PM,CG26040668,"7XXX  EAST POINT DOUGLAS RD S, COTTAGE GROVE",SHOPLIFTING
COTTAGE GROVE POLICE DEPARTMENT,COTTAGE GROVE,9/19/2026 5:15:04 PM,CG26040675,"10XXX  GREY CLOUD TRL S, COTTAGE GROVE",MEDICAL
COTTAGE GROVE POLICE DEPARTMENT,COTTAGE GROVE,9/19/2026 5:54:49 PM,CG26040678,"80TH ST S/EAST POINT DOUGLAS RD S, COTTAGE GROVE",ACCIDENT
COTTAGE GROVE POLICE DEPARTMENT,COTTAGE GROVE,9/19/2026 7:44:48 PM,CG26040680,"8XXX  JEFFERY LN S, COTTAGE GROVE",CIVIL MATTER/DISPUTE
COTTAGE GROVE POLICE DEPARTMENT,COTTAGE GROVE,9/19/2026 9:01:07 PM,CG26040684,"10XXX  EAST POINT DOUGLAS RD S, COTTAGE GROVE",MEDICAL
COTTAGE GROVE POLICE DEPARTMENT,COTTAGE GROVE,9/19/2026 9:23:18 PM,CG26040687,"8XXX  EAST POINT DOUGLAS RD S, COTTAGE GROVE",ALARM-BUSINESS/RES/FIRE/MEDICAL/ETC
COTTAGE GROVE POLICE DEPARTMENT,COTTAGE GROVE,9/19/2026 10:46:18 PM,CG26040705,"8XXX  90TH ST S, COTTAGE GROVE",MEDICAL
COTTAGE GROVE POLICE DEPARTMENT,DENMARK TOWNSHIP,9/16/2026 4:19:56 PM,CG26040323,"14XXX  POINT DOUGLAS DR S, DENMARK TOWNSHIP",SUSPICIOUS PERSON/ACTIVITY
COTTAGE GROVE POLICE DEPARTMENT,SAINT PAUL PARK,9/14/2026 8:41:13 AM,CG26039936,"1XXX  MCCAMMON AVE, SAINT PAUL PARK",ASSIST OTHER AGENCY
FOREST LAKE POLICE DEPARTMENT,FOREST LAKE,9/13/2026 12:04:24 AM,FL26011941,"XXX Broadway Ave W, FOREST LAKE",DISTURBANCE
FOREST LAKE POLICE DEPARTMENT,FOREST LAKE,9/13/2026 11:36:38 AM,FL26011951,"7XXX  NORTH SHORE TRL N, FOREST LAKE",THREATS
FOREST LAKE POLICE DEPARTMENT,FOREST LAKE,9/13/2026 9:19:02 PM,FL26011960,"20XXX  FITZGERALD TRL N, FOREST LAKE",DISTURBANCE
FOREST LAKE POLICE DEPARTMENT,FOREST LAKE,9/14/2026 8:32:00 AM,FL26011965,"NORTH SHORE TRL N & 236TH STREET CIR N, FOREST LAKE",TRAFFIC STOP
FOREST LAKE POLICE DEPARTMENT,FOREST LAKE,9/14/2026 2:24:50 PM,FL26011981,"1XXX  BROADWAY AVE W, FOREST LAKE",ACCIDENT
FOREST LAKE POLICE DEPARTMENT,FOREST LAKE,9/14/2026 4:59:58 PM,FL26011990,"11TH AVE SW / 4TH ST SW, FOREST LAKE",ACCIDENT
FOREST LAKE POLICE DEPARTMENT,FOREST LAKE,9/14/2026 5:23:01 PM,FL26011991,"5XXX  212TH ST N, FOREST LAKE",MEDICAL
FOREST LAKE POLICE DEPARTMENT,FOREST LAKE,9/15/2026 8:04:38 AM,FL26012007,"XXX LAKE ST S, FOREST LAKE",THEFT
FOREST LAKE POLICE DEPARTMENT,FOREST LAKE,9/15/2026 10:02:47 AM,FL26012009,"21XXX  GOODVIEW AVE N, FOREST LAKE",JUVENILE COMPLAINT
FOREST LAKE POLICE DEPARTMENT,FOREST LAKE,9/15/2026 10:58:24 AM,FL26012011,"XXX 4TH ST SW, FOREST LAKE",THREATS
FOREST LAKE POLICE DEPARTMENT,FOREST LAKE,9/15/2026 8:28:55 PM,FL26012037,"4XXX  232ND ST N, FOREST LAKE",SCHOOL/STUDENT ISSUE
FOREST LAKE POLICE DEPARTMENT,FOREST LAKE,9/16/2026 7:28:04 AM,FL26012045,"NORTH SHORE TRL N & 235TH ST N, FOREST LAKE",ACCIDENT
FOREST LAKE POLICE DEPARTMENT,FOREST LAKE,9/16/2026 9:43:44 AM,FL26012051,"21XXX  GOODVIEW AVE N, FOREST LAKE",HARASSMENT
FOREST LAKE POLICE DEPARTMENT,FOREST LAKE,9/16/2026 1:05:37 PM,FL26012061,"1XXX  LAKE ST S, FOREST LAKE",FOUND PROPERTY/ITEM
FOREST LAKE POLICE DEPARTMENT,FOREST LAKE,9/16/2026 1:59:30 PM,FL26012062,"XX 6TH AVE SW, FOREST LAKE",FOUND PROPERTY/ITEM
FOREST LAKE POLICE DEPARTMENT,FOREST LAKE,9/16/2026 2:47:14 PM,FL26012065,"4XXX  232ND ST N, FOREST LAKE",RUNAWAY
FOREST LAKE POLICE DEPARTMENT,FOREST LAKE,9/16/2026 7:33:26 PM,FL26012078,"XXX 12TH ST SW, FOREST LAKE",SHOPLIFTING
FOREST LAKE POLICE DEPARTMENT,FOREST LAKE,9/17/2026 7:56:21 AM,FL26012088,"21XXX  GOODVIEW AVE N, FOREST LAKE",THEFT
FOREST LAKE POLICE DEPARTMENT,FOREST LAKE,9/17/2026 12:09:46 PM,FL26012094,"4XXX  WYNGATE BLVD, FOREST LAKE",THEFT
FOREST LAKE POLICE DEPARTMENT,FOREST LAKE,9/17/2026 1:06:18 PM,FL26012099,"XXX 12TH ST SW, FOREST LAKE",ACCIDENT
FOREST LAKE POLICE DEPARTMENT,FOREST LAKE,9/17/2026 6:12:17 PM,FL26012118,"EVERTON AVE N & 19TH ST SW, FOREST LAKE",TRAFFIC STOP
FOREST LAKE POLICE DEPARTMENT,FOREST LAKE,9/18/2026 9:18:57 AM,FL26012141,"XX 5TH AVE NE, FOREST LAKE",DRUGS
FOREST LAKE POLICE DEPARTMENT,FOREST LAKE,9/18/2026 9:20:00 AM,FL26012142,"XXX 12TH ST SW, FOREST LAKE",TRESPASSING
FOREST LAKE POLICE DEPARTMENT,FOREST LAKE,9/18/2026 9:42:00 AM,FL26012145,"11TH AVE SW & 12TH ST SW, FOREST LAKE",FOUND PERSON
FOREST LAKE POLICE DEPARTMENT,FOREST LAKE,9/18/2026 12:35:09 PM,FL26012151,"19XXX  FITZGERALD TRL N, FOREST LAKE",PROPERTY DAMAGE
FOREST LAKE POLICE DEPARTMENT,FOREST LAKE,9/18/2026 1:04:01 PM,FL26012153,"XXX LAKE ST S, FOREST LAKE",TRESPASSING
FOREST LAKE POLICE DEPARTMENT,FOREST LAKE,9/18/2026 1:36:01 PM,FL26012154,"XXX Lake St S, FOREST LAKE",TRESPASSING
FOREST LAKE POLICE DEPARTMENT,FOREST LAKE,9/18/2026 4:31:06 PM,FL26012162,"5XXX  Scandia Trl N, FOREST LAKE",VEHICLE UNLOCK
FOREST LAKE POLICE DEPARTMENT,FOREST LAKE,9/18/2026 4:34:34 PM,FL26012163,"1XXX  LAKE ST S, FOREST LAKE",HARASSMENT
FOREST LAKE POLICE DEPARTMENT,FOREST LAKE,9/18/2026 6:02:13 PM,FL26012169,"XXX 12TH ST SW, FOREST LAKE",LOCKOUT
FOREST LAKE POLICE DEPARTMENT,FOREST LAKE,9/18/2026 6:10:39 PM,FL26012170,"7XXX  NORTH SHORE TRL N, FOREST LAKE",PARKING VIOLATION
FOREST LAKE POLICE DEPARTMENT,FOREST LAKE,9/19/2026 7:30:36 AM,FL26012185,"1XXX  BROADWAY AVE W, FOREST LAKE",WARRANT ARREST
FOREST LAKE POLICE DEPARTMENT,FOREST LAKE,9/19/2026 8:53:00 AM,FL26012191,"LAKE ST S & SCANDIA TRL N, FOREST LAKE",TRAFFIC STOP
FOREST LAKE POLICE DEPARTMENT,FOREST LAKE,9/19/2026 10:06:50 AM,FL26012197,"19XXX  HEADWATERS BLVD N, FOREST LAKE",THREATS
FOREST LAKE POLICE DEPARTMENT,FOREST LAKE,9/19/2026 11:23:48 AM,FL26012200,"5XXX  217TH ST N, FOREST LAKE",ANIMAL COMPLAINT
FOREST LAKE POLICE DEPARTMENT,FOREST LAKE,9/19/2026 5:44:02 PM,FL26012215,"1XXX  BROADWAY AVE W, FOREST LAKE",JUVENILE COMPLAINT
OAKDALE POLICE DEPARTMENT,OAKDALE,9/13/2026 12:00:00 AM,OD26011889,"5XXX  HADLEY AVE N, OAKDALE",FOLLOW UP
OAKDALE POLICE DEPARTMENT,OAKDALE,9/13/2026 12:00:00 AM,OD26011891,"7XXX  38TH ST N, OAKDALE",FOLLOW UP
OAKDALE POLICE DEPARTMENT,OAKDALE,9/13/2026 12:42:46 AM,OD26011866,"1XXX  GENEVA AVE N, OAKDALE",SUSPICIOUS PERSON/ACTIVITY
OAKDALE POLICE DEPARTMENT,OAKDALE,9/13/2026 1:02:44 AM,OD26011868,"I694 SB / 4TH ST, OAKDALE",TRAFFIC STOP
OAKDALE POLICE DEPARTMENT,OAKDALE,9/13/2026 2:37:27 AM,OD26011872,"6XXX  UPPER 48TH ST N, OAKDALE",MEDICAL
OAKDALE POLICE DEPARTMENT,OAKDALE,9/13/2026 2:40:39 AM,OD26011873,"15TH ST N / GRANADA AVE N, OAKDALE",TRAFFIC STOP
OAKDALE POLICE DEPARTMENT,OAKDALE,9/13/2026 3:13:57 AM,OD26011874,"6XXX  37TH ST N, OAKDALE",MEDICAL
OAKDALE POLICE DEPARTMENT,OAKDALE,9/13/2026 3:17:20 AM,OD26011875,"2XXX  GRENADIER AVE N, OAKDALE",SUSPICIOUS PERSON/ACTIVITY
OAKDALE POLICE DEPARTMENT,OAKDALE,9/13/2026 7:02:21 AM,OD26011877,"7XXX  36TH ST N, OAKDALE",MEDICAL
OAKDALE POLICE DEPARTMENT,OAKDALE,9/13/2026 7:42:30 AM,OD26011878,"5XXX  HADLEY AVE N, OAKDALE",ALARM-BUSINESS/RES/FIRE/MEDICAL/ETC
OAKDALE POLICE DEPARTMENT,OAKDALE,9/13/2026 8:57:59 AM,OD26011879,"1XXX  HELENA RD N, OAKDALE",DEATH INVESTIGATION
OAKDALE POLICE DEPARTMENT,OAKDALE,9/13/2026 11:23:57 AM,OD26011881,"7XXX  UPPER 42ND ST N, OAKDALE",ALARM-BUSINESS/RES/FIRE/MEDICAL/ETC
OAKDALE POLICE DEPARTMENT,OAKDALE,9/13/2026 12:29:05 PM,OD26011882,"15th St N / Hadley Ave N, OAKDALE",ACCIDENT
OAKDALE POLICE DEPARTMENT,OAKDALE,9/13/2026 12:37:00 PM,OD26011883,"2XXX  Granada Ln N, OAKDALE",911 ABANDONED/HANGUP/OPEN LINE
OAKDALE POLICE DEPARTMENT,OAKDALE,9/13/2026 2:14:48 PM,OD26011884,"1XXX  HADLEY AVE N, OAKDALE",MEDICAL
OAKDALE POLICE DEPARTMENT,OAKDALE,9/13/2026 3:10:44 PM,OD26011887,"7XXX  15TH ST N, OAKDALE",TRAFFIC STOP
OAKDALE POLICE DEPARTMENT,OAKDALE,9/13/2026 3:50:36 PM,OD26011888,"7XXX  STILLWATER BLVD N, OAKDALE",CIVIL MATTER/DISPUTE
OAKDALE POLICE DEPARTMENT,OAKDALE,9/13/2026 4:02:37 PM,OD26011890,"7XXX  UPPER 39TH ST N, OAKDALE",911 ABANDONED/HANGUP/OPEN LINE
OAKDALE POLICE DEPARTMENT,OAKDALE,9/13/2026 5:13:58 PM,OD26011892,"7XXX  19TH ST N, OAKDALE",911 ABANDONED/HANGUP/OPEN LINE
OAKDALE POLICE DEPARTMENT,OAKDALE,9/13/2026 5:56:24 PM,OD26011893,"2XXX  Hydram Ave N, OAKDALE",ALARM-BUSINESS/RES/FIRE/MEDICAL/ETC
OAKDALE POLICE DEPARTMENT,OAKDALE,9/13/2026 6:37:06 PM,OD26011894,"3XXX  HALLMARK AVE N, OAKDALE",WELFARE CHECK
OAKDALE POLICE DEPARTMENT,OAKDALE,9/13/2026 6:42:23 PM,OD26011896,"Hadley Ave N / 40th St N, OAKDALE",DRIVING COMPLAINT
OAKDALE POLICE DEPARTMENT,OAKDALE,9/13/2026 6:59:43 PM,OD26011897,"I694 SB TO 10TH ST N RAMP, OAKDALE",MOTORIST ASSIST
OAKDALE POLICE DEPARTMENT,OAKDALE,9/13/2026 10:54:58 PM,OD26011904,"2XXX  HYDRAM AVE N, OAKDALE",CITIZEN/PUBLIC ASSIST
OAKDALE POLICE DEPARTMENT,OAKDALE,9/14/2026 12:48:51 AM,OD26011905,"1XXX  HADLEY AVE N, OAKDALE",TRESPASSING
OAKDALE POLICE DEPARTMENT,OAKDALE,9/14/2026 3:37:49 AM,OD26011906,"7XXX  40TH ST N, OAKDALE",TRAFFIC STOP
OAKDALE POLICE DEPARTMENT,OAKDALE,9/14/2026 4:47:20 AM,OD26011908,"7XXX  10TH ST N, OAKDALE",SUSPICIOUS PERSON/ACTIVITY
OAKDALE POLICE DEPARTMENT,OAKDALE,9/14/2026 9:02:37 AM,OD26011909,"7XXX  UPPER 24TH ST N, OAKDALE",ALARM-BUSINESS/RES/FIRE/MEDICAL/ETC
OAKDALE POLICE DEPARTMENT,OAKDALE,9/14/2026 9:12:48 AM,OD26011911,"6XXX  15TH ST N, OAKDALE",FOUND PROPERTY/ITEM
OAKDALE POLICE DEPARTMENT,OAKDALE,9/14/2026 9:39:33 AM,OD26011913,"4XXX  HAMLET AVE N, OAKDALE",UNWANTED PERSON/VEHICLE
OAKDALE POLICE DEPARTMENT,OAKDALE,9/14/2026 9:45:00 AM,OD26011912,"7XXX  16TH ST N, OAKDALE",CITIZEN/PUBLIC ASSIST
OAKDALE POLICE DEPARTMENT,OAKDALE,9/14/2026 10:18:48 AM,OD26011914,"6XXX  4TH STREET CT N, OAKDALE",LIFT ASSIST
OAKDALE POLICE DEPARTMENT,OAKDALE,9/14/2026 10:29:46 AM,OD26011915,"6XXX  15TH ST N, OAKDALE",CITIZEN/PUBLIC ASSIST
OAKDALE POLICE DEPARTMENT,OAKDALE,9/14/2026 10:33:17 AM,OD26011917,"3XXX  GRESHAM AVE N, OAKDALE",CITIZEN/PUBLIC ASSIST
OAKDALE POLICE DEPARTMENT,OAKDALE,9/14/2026 10:38:47 AM,OD26011916,"7XXX  19TH ST N, OAKDALE",HAZMAT
OAKDALE POLICE DEPARTMENT,OAKDALE,9/14/2026 10:46:45 AM,OD26011919,"8XXX  3RD ST N, OAKDALE",CITIZEN/PUBLIC ASSIST
OAKDALE POLICE DEPARTMENT,OAKDALE,9/14/2026 12:31:17 PM,OD26011920,"7XXX  38TH ST N, OAKDALE",FRAUD/SCAM
OAKDALE POLICE DEPARTMENT,OAKDALE,9/14/2026 2:29:57 PM,OD26011923,"XXX GLENBROOK AVE N, OAKDALE",ANIMAL COMPLAINT
OAKDALE POLICE DEPARTMENT,OAKDALE,9/14/2026 2:44:00 PM,OD26011925,"3XXX  HADLEY AVE N, OAKDALE",HRO VIOLATION
OAKDALE POLICE DEPARTMENT,OAKDALE,9/14/2026 2:49:08 PM,OD26011926,"XXX GENEVA AVE N, OAKDALE",911 ABANDONED/HANGUP/OPEN LINE
OAKDALE POLICE DEPARTMENT,OAKDALE,9/14/2026 2:55:37 PM,OD26011927,"HADLEY AVE N / STILLWATER BLVD N, OAKDALE",ACCIDENT
OAKDALE POLICE DEPARTMENT,OAKDALE,9/14/2026 3:27:08 PM,OD26011928,"XXX GOODVIEW AVE N, OAKDALE",SUSPICIOUS PERSON/ACTIVITY
OAKDALE POLICE DEPARTMENT,OAKDALE,9/14/2026 3:32:17 PM,OD26011929,"1XXX  GENTRY AVE N, OAKDALE",ACCIDENT
OAKDALE POLICE DEPARTMENT,OAKDALE,9/14/2026 4:45:54 PM,OD26011930,"2XXX  HALLMARK AVE N, OAKDALE",ALARM-BUSINESS/RES/FIRE/MEDICAL/ETC
OAKDALE POLICE DEPARTMENT,OAKDALE,9/14/2026 5:49:53 PM,OD26011931,"XXX Hale Ave N, OAKDALE",ALARM-BUSINESS/RES/FIRE/MEDICAL/ETC
OAKDALE POLICE DEPARTMENT,OAKDALE,9/14/2026 6:19:44 PM,OD26011933,"5XXX  HADLEY AVE N, OAKDALE",TRAFFIC STOP
OAKDALE POLICE DEPARTMENT,OAKDALE,9/14/2026 8:05:43 PM,OD26011934,"2XXX  GRESHAM AVE N, OAKDALE",ANIMAL COMPLAINT
OAKDALE POLICE DEPARTMENT,OAKDALE,9/14/2026 10:41:57 PM,OD26011935,"6XXX  45TH ST N, OAKDALE",MEDICAL
OAKDALE POLICE DEPARTMENT,OAKDALE,9/14/2026 11:21:34 PM,OD26011936,"XXX GLENBROOK AVE N, OAKDALE",PARK INCIDENT-CITY/COUNTY
OAKDALE POLICE DEPARTMENT,OAKDALE,9/15/2026 12:00:03 AM,OD26011937,"6XXX  13TH ST N, OAKDALE",MEDICAL
OAKDALE POLICE DEPARTMENT,OAKDALE,9/15/2026 2:32:53 AM,OD26011938,"1XXX  GRANADA AVE N, OAKDALE",MEDICAL
OAKDALE POLICE DEPARTMENT,OAKDALE,9/15/2026 7:19:19 AM,OD26011939,"6XXX  9TH ST N, OAKDALE",THREATS
OAKDALE POLICE DEPARTMENT,OAKDALE,9/15/2026 7:48:52 AM,OD26011940,"1XXX  HADLEY AVE N, OAKDALE",MEDICAL
OAKDALE POLICE DEPARTMENT,OAKDALE,9/15/2026 8:25:35 AM,OD26011941,"4XXX  HAYWARD RD N, OAKDALE",PARKING COMPLAINT
OAKDALE POLICE DEPARTMENT,OAKDALE,9/15/2026 9:35:59 AM,OD26011942,"7XXX  UPPER 17TH ST N, OAKDALE",911 ABANDONED/HANGUP/OPEN LINE
OAKDALE POLICE DEPARTMENT,OAKDALE,9/15/2026 9:44:12 AM,OD26011943,"1XXX  GOODVIEW AVE N, OAKDALE",ANIMAL COMPLAINT
OAKDALE POLICE DEPARTMENT,OAKDALE,9/15/2026 10:09:50 AM,OD26011944,"1XXX  GENTRY AVE N, OAKDALE",ANIMAL COMPLAINT
OAKDALE POLICE DEPARTMENT,OAKDALE,9/15/2026 10:53:56 AM,OD26011946,"6XXX  GRENWICH LN N, OAKDALE",MEDICAL
OAKDALE POLICE DEPARTMENT,OAKDALE,9/15/2026 11:16:49 AM,OD26011947,"XX GREENWAY AVE N, OAKDALE",LIFT ASSIST
OAKDALE POLICE DEPARTMENT,OAKDALE,9/15/2026 12:14:50 PM,OD26011948,"Unknown, OAKDALE",FOLLOW UP
OAKDALE POLICE DEPARTMENT,OAKDALE,9/15/2026 12:25:18 PM,OD26011949,"6XXX  40TH ST N, OAKDALE",TRAFFIC STOP
OAKDALE POLICE DEPARTMENT,OAKDALE,9/15/2026 1:38:17 PM,OD26011952,"3XXX  HADLEY AVE N, OAKDALE",ASSAULT
OAKDALE POLICE DEPARTMENT,OAKDALE,9/15/2026 2:09:00 PM,OD26011953,"6XXX  15TH ST N, OAKDALE",STALKING
OAKDALE POLICE DEPARTMENT,OAKDALE,9/15/2026 3:25:00 PM,OD26011956,"XXX HOLLY LN N, OAKDALE",MEDICAL
OAKDALE POLICE DEPARTMENT,OAKDALE,9/15/2026 3:26:12 PM,OD26011955,"4XXX  HADLEY AVE N, OAKDALE",CUT GAS LINE
OAKDALE POLICE DEPARTMENT,OAKDALE,9/15/2026 7:15:58 PM,OD26011960,"5XXX  GERSHWIN AVE N, OAKDALE",ALARM-BUSINESS/RES/FIRE/MEDICAL/ETC
OAKDALE POLICE DEPARTMENT,OAKDALE,9/15/2026 8:03:35 PM,OD26011963,"XXX GENEVA AVE N, OAKDALE",DISTURBANCE
OAKDALE POLICE DEPARTMENT,OAKDALE,9/15/2026 9:26:43 PM,OD26011964,"7XXX  11TH ST N, OAKDALE",MEDICAL
OAKDALE POLICE DEPARTMENT,OAKDALE,9/15/2026 10:25:07 PM,OD26011965,"XXX Inwood Ave N, OAKDALE",SUSPICIOUS PERSON/ACTIVITY
OAKDALE POLICE DEPARTMENT,OAKDALE,9/15/2026 10:50:47 PM,OD26011966,"7XXX  51ST ST N, OAKDALE",ALARM-BUSINESS/RES/FIRE/MEDICAL/ETC
OAKDALE POLICE DEPARTMENT,OAKDALE,9/15/2026 11:24:06 PM,OD26011967,"3XXX  Hayward Ave N, OAKDALE",WELFARE CHECK
OAKDALE POLICE DEPARTMENT,OAKDALE,9/16/2026 2:47:55 AM,OD26011968,"4XXX  GERSHWIN AVE N, OAKDALE",MEDICAL
OAKDALE POLICE DEPARTMENT,OAKDALE,9/16/2026 9:13:51 AM,OD26011973,"6XXX  7TH ST N, OAKDALE",ABANDONED VEHICLE
OAKDALE POLICE DEPARTMENT,OAKDALE,9/16/2026 10:01:13 AM,OD26011974,"6XXX  25TH ST N, OAKDALE",PARKING COMPLAINT
OAKDALE POLICE DEPARTMENT,OAKDALE,9/16/2026 10:48:58 AM,OD26011976,"4XXX  HAMLET WAY N, OAKDALE",MEDICAL
OAKDALE POLICE DEPARTMENT,OAKDALE,9/16/2026 10:59:21 AM,OD26011977,"4XXX  HAMLET AVE N, OAKDALE",FOLLOW UP
OAKDALE POLICE DEPARTMENT,OAKDALE,9/16/2026 12:47:57 PM,OD26011980,"10TH ST N & HALLMARK AVE N, OAKDALE",CITIZEN/PUBLIC ASSIST
OAKDALE POLICE DEPARTMENT,OAKDALE,9/16/2026 12:56:19 PM,OD26011982,"7XXX  46TH STREET WAY N, OAKDALE",SUSPICIOUS PERSON/ACTIVITY
OAKDALE POLICE DEPARTMENT,OAKDALE,9/16/2026 1:23:08 PM,OD26011983,"2XXX  GRANADA AVE N, OAKDALE",TRAFFIC STOP
OAKDALE POLICE DEPARTMENT,OAKDALE,9/16/2026 1:34:32 PM,OD26011984,"3XXX  HOPKINS PL N, OAKDALE",ANIMAL COMPLAINT
OAKDALE POLICE DEPARTMENT,OAKDALE,9/16/2026 2:34:29 PM,OD26011986,"XXX GREENWAY AVE N, OAKDALE",ACCIDENT
OAKDALE POLICE DEPARTMENT,OAKDALE,9/16/2026 2:41:30 PM,OD26011987,"6XXX  15TH ST N, OAKDALE",CITIZEN/PUBLIC ASSIST
OAKDALE POLICE DEPARTMENT,OAKDALE,9/16/2026 3:39:57 PM,OD26011989,"7XXX  10TH ST N, OAKDALE",911 ABANDONED/HANGUP/OPEN LINE
OAKDALE POLICE DEPARTMENT,OAKDALE,9/16/2026 4:38:30 PM,OD26011991,"XXX HELENA AVE N, OAKDALE",DISTURBANCE
OAKDALE POLICE DEPARTMENT,OAKDALE,9/16/2026 5:12:24 PM,OD26011993,"10TH ST N & GREENWAY AVE N, OAKDALE",ACCIDENT
OAKDALE POLICE DEPARTMENT,OAKDALE,9/16/2026 5:48:00 PM,OD26011994,"1XXX  Greenway Ave N, OAKDALE",TRAFFIC STOP
OAKDALE POLICE DEPARTMENT,OAKDALE,9/16/2026 5:56:38 PM,OD26011995,"XXX HENSLOW AVE N, OAKDALE",RUNAWAY
OAKDALE POLICE DEPARTMENT,OAKDALE,9/16/2026 6:00:14 PM,OD26011996,"4XXX  HELMO AVE N, OAKDALE",NOISE COMPLAINT/DISTURBANCE
OAKDALE POLICE DEPARTMENT,OAKDALE,9/16/2026 6:24:37 PM,OD26011997,"6XXX  15TH ST N, OAKDALE",TRAFFIC STOP
OAKDALE POLICE DEPARTMENT,OAKDALE,9/16/2026 6:29:22 PM,OD26011998,"1XXX  HADLEY AVE N, OAKDALE",MEDICAL
OAKDALE POLICE DEPARTMENT,OAKDALE,9/16/2026 7:09:38 PM,OD26012000,"6XXX  4TH STREET CT N, OAKDALE",SUSPICIOUS PERSON/ACTIVITY
OAKDALE POLICE DEPARTMENT,OAKDALE,9/16/2026 7:41:44 PM,OD26012002,"34TH ST N EB AT I694, OAKDALE",ACCIDENT
OAKDALE POLICE DEPARTMENT,OAKDALE,9/16/2026 8:47:25 PM,OD26012003,"7XXX  UPPER 36TH ST N, OAKDALE",MEDICAL
OAKDALE POLICE DEPARTMENT,OAKDALE,9/16/2026 10:08:48 PM,OD26012005,"7TH ST N / GENEVA AVE N, OAKDALE",TRAFFIC STOP
OAKDALE POLICE DEPARTMENT,OAKDALE,9/16/2026 11:57:36 PM,OD26012007,"6XXX  15TH ST N, OAKDALE",WELFARE CHECK
OAKDALE POLICE DEPARTMENT,OAKDALE,9/17/2026 1:05:47 AM,OD26012010,"2XXX  HYDRAM AVE N, OAKDALE",MEDICAL
OAKDALE POLICE DEPARTMENT,OAKDALE,9/17/2026 4:16:41 AM,OD26012011,"4XXX  HILLVALE AVE N, OAKDALE",911 ABANDONED/HANGUP/OPEN LINE
OAKDALE POLICE DEPARTMENT,OAKDALE,9/17/2026 8:06:34 AM,OD26012012,"2XXX  GENEVA AVE N, OAKDALE",CITIZEN/PUBLIC ASSIST
OAKDALE POLICE DEPARTMENT,OAKDALE,9/17/2026 8:38:12 AM,OD26012014,"1XXX  GENTRY AVE N, OAKDALE",MEDICAL
OAKDALE POLICE DEPARTMENT,OAKDALE,9/17/2026 8:42:23 AM,OD26012015,"6XXX  14TH ST N, OAKDALE",ANIMAL COMPLAINT
OAKDALE POLICE DEPARTMENT,OAKDALE,9/17/2026 8:47:18 AM,OD26012016,"5XXX  GERSHWIN AVE N, OAKDALE",PARKING COMPLAINT
OAKDALE POLICE DEPARTMENT,OAKDALE,9/17/2026 9:42:34 AM,OD26012018,"XXX GOODVIEW AVE N, OAKDALE",CITIZEN/PUBLIC ASSIST
OAKDALE POLICE DEPARTMENT,OAKDALE,9/17/2026 10:35:26 AM,OD26012020,"8XXX  4TH ST N, OAKDALE",VEHICLE UNLOCK
OAKDALE POLICE DEPARTMENT,OAKDALE,9/17/2026 11:20:39 AM,OD26012023,"8XXX  3RD ST N, OAKDALE",ROAD RAGE
OAKDALE POLICE DEPARTMENT,OAKDALE,9/17/2026 11:25:56 AM,OD26012022,"6XXX  15TH ST N, OAKDALE",CITIZEN/PUBLIC ASSIST
OAKDALE POLICE DEPARTMENT,OAKDALE,9/17/2026 11:54:30 AM,OD26012024,"5XXX  HADLEY AVE N, OAKDALE",911 ABANDONED/HANGUP/OPEN LINE
OAKDALE POLICE DEPARTMENT,OAKDALE,9/17/2026 1:31:15 PM,OD26012025,"2XXX  GRESHAM AVE N, OAKDALE",ANIMAL COMPLAINT
OAKDALE POLICE DEPARTMENT,OAKDALE,9/17/2026 1:39:06 PM,OD26012027,"8XXX  3RD ST N, OAKDALE",SHOPLIFTING
OAKDALE POLICE DEPARTMENT,OAKDALE,9/17/2026 2:02:59 PM,OD26012028,"7XXX  10TH ST N, OAKDALE",MEDICAL
OAKDALE POLICE DEPARTMENT,OAKDALE,9/17/2026 3:42:12 PM,OD26012030,"6XXX  15TH ST N, OAKDALE",CIVIL MATTER/DISPUTE
OAKDALE POLICE DEPARTMENT,OAKDALE,9/17/2026 5:10:17 PM,OD26012033,"1XXX  GENTRY AVE N, OAKDALE",SUSPICIOUS PERSON/ACTIVITY
OAKDALE POLICE DEPARTMENT,OAKDALE,9/17/2026 5:27:54 PM,OD26012034,"1XXX  GROSPOINT AVE N, OAKDALE",PROPERTY DAMAGE
OAKDALE POLICE DEPARTMENT,OAKDALE,9/17/2026 5:43:12 PM,OD26012035,"XXX GENEVA AVE N, OAKDALE",TRAFFIC STOP
OAKDALE POLICE DEPARTMENT,OAKDALE,9/17/2026 5:47:00 PM,OD26012036,"10TH ST N & HELMO AVE N, OAKDALE",ACCIDENT
OAKDALE POLICE DEPARTMENT,OAKDALE,9/17/2026 6:19:22 PM,OD26012038,"3XXX  HALLMARK AVE N, OAKDALE",CITIZEN/PUBLIC ASSIST
OAKDALE POLICE DEPARTMENT,OAKDALE,9/17/2026 7:41:43 PM,OD26012040,"XXX GRANADA AVE N, OAKDALE",BURGLARY
OAKDALE POLICE DEPARTMENT,OAKDALE,9/17/2026 8:46:24 PM,OD26012041,"4XXX  HELMO PL N, OAKDALE",MEDICAL
OAKDALE POLICE DEPARTMENT,OAKDALE,9/17/2026 9:11:44 PM,OD26012042,"7XXX  28TH ST N, OAKDALE",911 ABANDONED/HANGUP/OPEN LINE
OAKDALE POLICE DEPARTMENT,OAKDALE,9/17/2026 9:54:27 PM,OD26012044,"4XXX  GRENWICH AVE N, OAKDALE",CIVIL MATTER/DISPUTE
OAKDALE POLICE DEPARTMENT,OAKDALE,9/17/2026 9:57:56 PM,OD26012045,"7XXX  38TH ST N, OAKDALE",WELFARE CHECK
OAKDALE POLICE DEPARTMENT,OAKDALE,9/17/2026 10:55:43 PM,OD26012046,"Helmo Ave N / 22nd St N, OAKDALE",TRAFFIC STOP
OAKDALE POLICE DEPARTMENT,OAKDALE,9/17/2026 11:39:37 PM,OD26012048,"7XXX  10TH ST N, OAKDALE",TRAFFIC STOP
OAKDALE POLICE DEPARTMENT,OAKDALE,9/18/2026 12:16:32 AM,OD26012051,"1XXX  GENTRY AVE, OAKDALE",TRAFFIC STOP
OAKDALE POLICE DEPARTMENT,OAKDALE,9/18/2026 12:27:26 AM,OD26012052,"1XXX  GLENBROOK AVE N, OAKDALE",SHOTS FIRED/SHOOTING COMPLAINT
OAKDALE POLICE DEPARTMENT,OAKDALE,9/18/2026 2:36:14 AM,OD26012054,"6XXX  33RD ST N, OAKDALE",ALARM-BUSINESS/RES/FIRE/MEDICAL/ETC
OAKDALE POLICE DEPARTMENT,OAKDALE,9/18/2026 4:17:00 AM,OD26012056," 6040 40TH ST N    , OAKDALE",SHOTS FIRED/SHOOTING COMPLAINT
OAKDALE POLICE DEPARTMENT,OAKDALE,9/18/2026 7:33:44 AM,OD26012059,"XXX HOLLY LN N, OAKDALE",MEDICAL
OAKDALE POLICE DEPARTMENT,OAKDALE,9/18/2026 9:01:07 AM,OD26012062,"XXX GOODVIEW AVE N, OAKDALE",HARASSMENT
OAKDALE POLICE DEPARTMENT,OAKDALE,9/18/2026 9:36:39 AM,OD26012063,"XXX HENSLOW AVE N, OAKDALE",WELFARE CHECK
OAKDALE POLICE DEPARTMENT,OAKDALE,9/18/2026 10:15:38 AM,OD26012066,"6XXX  UPPER 51ST ST N, OAKDALE",WELFARE CHECK
OAKDALE POLICE DEPARTMENT,OAKDALE,9/18/2026 10:44:45 AM,OD26012068,"7XXX  10TH ST N, OAKDALE",FRAUD/SCAM
OAKDALE POLICE DEPARTMENT,OAKDALE,9/18/2026 11:59:14 AM,OD26012069,"XXX GLENBROOK AVE N, OAKDALE",ANIMAL COMPLAINT
OAKDALE POLICE DEPARTMENT,OAKDALE,9/18/2026 12:02:51 PM,OD26012070,"XX I694 Nb To 10th St N Ramp, OAKDALE",ROAD RAGE
OAKDALE POLICE DEPARTMENT,OAKDALE,9/18/2026 12:20:55 PM,OD26012073,"6XXX  UPPER 35TH ST N, OAKDALE",SUSPICIOUS PERSON/ACTIVITY
OAKDALE POLICE DEPARTMENT,OAKDALE,9/18/2026 12:22:50 PM,OD26012072,"15th St N / Helmo Ave N, OAKDALE",ACCIDENT
OAKDALE POLICE DEPARTMENT,OAKDALE,9/18/2026 1:10:29 PM,OD26012074,"7XXX  3RD ST N, OAKDALE",MEDICAL
OAKDALE POLICE DEPARTMENT,OAKDALE,9/18/2026 1:18:28 PM,OD26012076,"7XXX  UPPER 39TH ST N, OAKDALE",SUSPICIOUS PERSON/ACTIVITY
OAKDALE POLICE DEPARTMENT,OAKDALE,9/18/2026 1:48:08 PM,OD26012079,"5XXX  HADLEY AVE N, OAKDALE",SUICIDE ATTEMPT/THREATS OF
OAKDALE POLICE DEPARTMENT,OAKDALE,9/18/2026 2:25:59 PM,OD26012081,"2XXX  HADLEY AVE N, OAKDALE",TRAFFIC STOP
OAKDALE POLICE DEPARTMENT,OAKDALE,9/18/2026 2:47:02 PM,OD26012082,"8XXX  3RD ST N, OAKDALE",ACCIDENT
OAKDALE POLICE DEPARTMENT,OAKDALE,9/18/2026 2:50:36 PM,OD26012083,"4XXX  HELENA RD N, OAKDALE",CIVIL MATTER/DISPUTE
OAKDALE POLICE DEPARTMENT,OAKDALE,9/18/2026 3:48:04 PM,OD26012085,"2XXX  HAMLET AVE N, OAKDALE",FRAUD/SCAM
OAKDALE POLICE DEPARTMENT,OAKDALE,9/18/2026 3:49:43 PM,OD26012086,"4XXX  HELMO AVE N, OAKDALE",NOISE COMPLAINT/DISTURBANCE
OAKDALE POLICE DEPARTMENT,OAKDALE,9/18/2026 4:19:06 PM,OD26012087,"6XXX  24TH ST N, OAKDALE",911 ABANDONED/HANGUP/OPEN LINE
OAKDALE POLICE DEPARTMENT,OAKDALE,9/18/2026 4:52:16 PM,OD26012089,"1XXX  HADLEY AVE N, OAKDALE",SUSPICIOUS PERSON/ACTIVITY
OAKDALE POLICE DEPARTMENT,OAKDALE,9/18/2026 5:32:48 PM,OD26012090,"1XXX  GRANADA AVE N, OAKDALE",WELFARE CHECK
OAKDALE POLICE DEPARTMENT,OAKDALE,9/18/2026 6:08:57 PM,OD26012092,"7XXX  2ND ST N, OAKDALE",CITIZEN/PUBLIC ASSIST
OAKDALE POLICE DEPARTMENT,OAKDALE,9/18/2026 6:19:00 PM,OD26012093,"1XXX  HALLMARK AVE N, OAKDALE",TRAFFIC STOP
OAKDALE POLICE DEPARTMENT,OAKDALE,9/18/2026 7:02:04 PM,OD26012095,"7XXX  4TH ST N, OAKDALE",TRAFFIC STOP
OAKDALE POLICE DEPARTMENT,OAKDALE,9/18/2026 7:24:00 PM,OD26012097,"6XXX  10TH ST N, OAKDALE",TRAFFIC STOP
OAKDALE POLICE DEPARTMENT,OAKDALE,9/18/2026 8:38:48 PM,OD26012100,"1XXX  GENEVA AVE N, OAKDALE",TRAFFIC STOP
OAKDALE POLICE DEPARTMENT,OAKDALE,9/18/2026 9:29:41 PM,OD26012104,"1XXX  HADLEY AVE N, OAKDALE",TRAFFIC STOP
OAKDALE POLICE DEPARTMENT,OAKDALE,9/18/2026 9:35:44 PM,OD26012107,"GENEVA AVE N / 10TH ST N, OAKDALE",TRAFFIC COMPLAINT
OAKDALE POLICE DEPARTMENT,OAKDALE,9/18/2026 11:31:44 PM,OD26012112,"6XXX  STILLWATER BLVD N, OAKDALE",TRAFFIC STOP
OAKDALE POLICE DEPARTMENT,OAKDALE,9/19/2026 12:00:00 AM,OD26012119,"34th St N / Hadley Ave N, OAKDALE",TRAFFIC STOP
OAKDALE POLICE DEPARTMENT,OAKDALE,9/19/2026 12:00:00 AM,OD26012165,"7XXX  UPPER 17TH ST N, OAKDALE",TRAFFIC STOP
OAKDALE POLICE DEPARTMENT,OAKDALE,9/19/2026 12:02:10 AM,OD26012115,"1XXX  GENEVA AVE N, OAKDALE",SUSPICIOUS PERSON/ACTIVITY
OAKDALE POLICE DEPARTMENT,OAKDALE,9/19/2026 12:03:03 AM,OD26012116,"5XXX  HADLEY AVE N, OAKDALE",NOISE COMPLAINT/DISTURBANCE
OAKDALE POLICE DEPARTMENT,OAKDALE,9/19/2026 12:04:46 AM,OD26012117,"GREENWAY AVE N / 10TH ST N, OAKDALE",CITIZEN/PUBLIC ASSIST
OAKDALE POLICE DEPARTMENT,OAKDALE,9/19/2026 1:00:30 AM,OD26012120,"15TH ST N / GRANADA AVE N, OAKDALE",TRAFFIC STOP
OAKDALE POLICE DEPARTMENT,OAKDALE,9/19/2026 1:08:38 AM,OD26012122,"6XXX  10TH ST N, OAKDALE",NOISE COMPLAINT/DISTURBANCE
OAKDALE POLICE DEPARTMENT,OAKDALE,9/19/2026 1:28:58 AM,OD26012123,"XXX INWOOD AVE N, OAKDALE",911 ABANDONED/HANGUP/OPEN LINE
OAKDALE POLICE DEPARTMENT,OAKDALE,9/19/2026 1:52:08 AM,OD26012124,"GENEVA AVE N / HADLEY AVE N, OAKDALE",TRAFFIC STOP
OAKDALE POLICE DEPARTMENT,OAKDALE,9/19/2026 2:05:02 AM,OD26012125,"7XXX  11TH ST N, OAKDALE",MEDICAL
OAKDALE POLICE DEPARTMENT,OAKDALE,9/19/2026 2:38:55 AM,OD26012126,"1XXX  GRANADA AVE N, OAKDALE",MEDICAL
OAKDALE POLICE DEPARTMENT,OAKDALE,9/19/2026 2:44:03 AM,OD26012127,"6XXX  GRETCHEN LN N, OAKDALE",NOISE COMPLAINT/DISTURBANCE
OAKDALE POLICE DEPARTMENT,OAKDALE,9/19/2026 3:23:57 AM,OD26012128,"4XXX  GENEVA AVE N, OAKDALE",MEDICAL
OAKDALE POLICE DEPARTMENT,OAKDALE,9/19/2026 3:44:01 AM,OD26012129,"5XXX  HADLEY AVE N, OAKDALE",911 ABANDONED/HANGUP/OPEN LINE
OAKDALE POLICE DEPARTMENT,OAKDALE,9/19/2026 4:52:42 AM,OD26012130,"XXX INWOOD AVE N, OAKDALE",911 ABANDONED/HANGUP/OPEN LINE
OAKDALE POLICE DEPARTMENT,OAKDALE,9/19/2026 6:27:40 AM,OD26012131,"1XXX  GRANADA AVE N, OAKDALE",MEDICAL
OAKDALE POLICE DEPARTMENT,OAKDALE,9/19/2026 8:19:05 AM,OD26012133,"XXX INWOOD AVE N, OAKDALE",911 ABANDONED/HANGUP/OPEN LINE
OAKDALE POLICE DEPARTMENT,OAKDALE,9/19/2026 10:07:25 AM,OD26012135,"1XXX  GENTRY AVE N, OAKDALE",911 ABANDONED/HANGUP/OPEN LINE
OAKDALE POLICE DEPARTMENT,OAKDALE,9/19/2026 12:07:41 PM,OD26012139,"6XXX  4TH STREET CT N, OAKDALE",SUICIDE ATTEMPT/THREATS OF
OAKDALE POLICE DEPARTMENT,OAKDALE,9/19/2026 12:14:06 PM,OD26012140,"6XXX  11th St N, OAKDALE",DRUNK/INTOXICATED 
OAKDALE POLICE DEPARTMENT,OAKDALE,9/19/2026 2:13:47 PM,OD26012145,"6XXX  15TH ST N, OAKDALE",CITIZEN/PUBLIC ASSIST
OAKDALE POLICE DEPARTMENT,OAKDALE,9/19/2026 2:59:11 PM,OD26012148,"3XXX  HIGH POINT DR N, OAKDALE",ACCIDENT
OAKDALE POLICE DEPARTMENT,OAKDALE,9/19/2026 3:30:04 PM,OD26012150,"8XXX  3RD ST N, OAKDALE",911 ABANDONED/HANGUP/OPEN LINE
OAKDALE POLICE DEPARTMENT,OAKDALE,9/19/2026 7:20:25 PM,OD26012157,"6XXX  31ST ST N, OAKDALE",911 ABANDONED/HANGUP/OPEN LINE
OAKDALE POLICE DEPARTMENT,OAKDALE,9/19/2026 7:35:27 PM,OD26012158,"7XXX  10TH ST N, OAKDALE",ALARM-BUSINESS/RES/FIRE/MEDICAL/ETC
OAKDALE POLICE DEPARTMENT,OAKDALE,9/19/2026 8:47:16 PM,OD26012163,"7XXX  10TH ST N, OAKDALE",ANIMAL COMPLAINT
OAKDALE POLICE DEPARTMENT,OAKDALE,9/19/2026 9:18:56 PM,OD26012167,"8XXX  4TH ST N, OAKDALE",TRAFFIC STOP
OAKDALE POLICE DEPARTMENT,OAKDALE,9/19/2026 9:28:32 PM,OD26012169,"5XXX  GENEVA AVE N, OAKDALE",TRAFFIC STOP
OAKDALE POLICE DEPARTMENT,OAKDALE,9/19/2026 9:37:10 PM,OD26012170,"HADLEY AVE N / 34TH ST N, OAKDALE",TRAFFIC STOP
OAKDALE POLICE DEPARTMENT,OAKDALE,9/19/2026 9:41:15 PM,OD26012172,"7XXX  15TH STREET LN N, OAKDALE",CIVIL MATTER/DISPUTE
OAKDALE POLICE DEPARTMENT,OAKDALE,9/19/2026 9:41:16 PM,OD26012171,"1XXX  HADLEY AVE N, OAKDALE",DISTURBANCE
OAKDALE POLICE DEPARTMENT,OAKDALE,9/19/2026 9:56:33 PM,OD26012173,"1XXX  HADLEY AVE N, OAKDALE",SUSPICIOUS PERSON/ACTIVITY
OAKDALE POLICE DEPARTMENT,OAKDALE,9/19/2026 10:10:55 PM,OD26012174,"7XXX  38TH ST N, OAKDALE",FOLLOW UP
OAKDALE POLICE DEPARTMENT,OAKDALE,9/19/2026 10:35:53 PM,OD26012175,"2XXX  HADLEY AVE N, OAKDALE",TRAFFIC STOP
OAKDALE POLICE DEPARTMENT,OAKDALE,9/19/2026 11:00:07 PM,OD26012177,"7XXX  38TH ST N, OAKDALE",FOLLOW UP
OAKDALE POLICE DEPARTMENT,OAKDALE,9/19/2026 11:54:03 PM,OD26012182,"7XXX  15TH STREET LN N, OAKDALE",WELFARE CHECK
OAKDALE POLICE DEPARTMENT,WOODBURY,9/18/2026 1:31:33 PM,OD26012078,"RADIO DR / HUDSON RD, WOODBURY",ASSIST OTHER AGENCY
ST. PAUL PARK POLICE DEPARTMENT,NEWPORT,9/14/2026 2:58:04 AM,SP26008206,"Highway 61 NB / Bailey Rd, NEWPORT",TRAFFIC STOP
ST. PAUL PARK POLICE DEPARTMENT,NEWPORT,9/14/2026 7:13:00 PM,SP26008222,"Highway 61, NEWPORT",TRAFFIC STOP
ST. PAUL PARK POLICE DEPARTMENT,SAINT PAUL PARK,9/13/2026 1:00:00 PM,SP26008182,"1XXX  - 1139 3RD ST, SAINT PAUL PARK",TRAFFIC STOP
ST. PAUL PARK POLICE DEPARTMENT,SAINT PAUL PARK,9/13/2026 11:24:24 PM,SP26008197,"XXX SUMMIT AVE, SAINT PAUL PARK",ASSIST OTHER AGENCY
ST. PAUL PARK POLICE DEPARTMENT,SAINT PAUL PARK,9/14/2026 12:37:43 AM,SP26008202,"XX 7TH AVE W, SAINT PAUL PARK",PROPERTY DAMAGE
ST. PAUL PARK POLICE DEPARTMENT,SAINT PAUL PARK,9/14/2026 8:10:28 AM,SP26008210,"1XXX  7TH ST, SAINT PAUL PARK",TRESPASSING
ST. PAUL PARK POLICE DEPARTMENT,SAINT PAUL PARK,9/14/2026 12:16:53 PM,SP26008214,"1XXX  7TH ST, SAINT PAUL PARK",TRESPASSING
ST. PAUL PARK POLICE DEPARTMENT,SAINT PAUL PARK,9/15/2026 10:30:00 AM,SP26008248,"XXX HASTINGS AVE, SAINT PAUL PARK",WARRANT ARREST
ST. PAUL PARK POLICE DEPARTMENT,SAINT PAUL PARK,9/18/2026 9:59:00 AM,SP26008365,"7TH AVE / 3RD ST, SAINT PAUL PARK",WARRANT ARREST
ST. PAUL PARK POLICE DEPARTMENT,SAINT PAUL PARK,9/18/2026 6:55:35 PM,SP26008374,"1XXX  MCCAMMON AVE, SAINT PAUL PARK",BURGLARY
STILLWATER POLICE DEPARTMENT,GRANT,9/13/2026 8:13:30 PM,SW26008653,"MANNING AVE N / 75TH ST N, GRANT",ACCIDENT
STILLWATER POLICE DEPARTMENT,OAK PARK HEIGHTS,9/15/2026 7:08:10 PM,SW26008722,"HWY 36 EB AT OSGOOD AVE N, OAK PARK HEIGHTS",ACCIDENT
STILLWATER POLICE DEPARTMENT,OAK PARK HEIGHTS,9/18/2026 7:59:34 PM,SW26008847,"13XXX  60TH ST N, OAK PARK HEIGHTS",ASSIST OTHER AGENCY
STILLWATER POLICE DEPARTMENT,STILLWATER,9/13/2026 12:18:36 AM,SW26008625,"XXX 2ND ST N, STILLWATER",DRIVING COMPLAINT
STILLWATER POLICE DEPARTMENT,STILLWATER,9/13/2026 1:08:38 AM,SW26008626,"XXX MAIN ST S, STILLWATER",ALARM-BUSINESS/RES/FIRE/MEDICAL/ETC
STILLWATER POLICE DEPARTMENT,STILLWATER,9/13/2026 1:10:34 AM,SW26008627,"XXX Main St S, STILLWATER",DISTURBANCE
STILLWATER POLICE DEPARTMENT,STILLWATER,9/13/2026 4:16:16 AM,SW26008628,"XXX Churchill St W, STILLWATER",SUSPICIOUS PERSON/ACTIVITY
STILLWATER POLICE DEPARTMENT,STILLWATER,9/13/2026 7:01:50 AM,SW26008630,"3XXX  WEBSTER CT, STILLWATER",ALARM-BUSINESS/RES/FIRE/MEDICAL/ETC
STILLWATER POLICE DEPARTMENT,STILLWATER,9/13/2026 9:36:37 AM,SW26008633,"2XXX  COUNTRYSIDE CT, STILLWATER",MEDICAL
STILLWATER POLICE DEPARTMENT,STILLWATER,9/13/2026 11:12:46 AM,SW26008634,"1XXX  2ND ST N, STILLWATER",ANIMAL COMPLAINT
STILLWATER POLICE DEPARTMENT,STILLWATER,9/13/2026 11:22:14 AM,SW26008635,"XXX MARTHA ST N, STILLWATER",LOST PROPERTY/ITEM
STILLWATER POLICE DEPARTMENT,STILLWATER,9/13/2026 11:57:40 AM,SW26008636,"XXX OWENS ST S, STILLWATER",ALARM-BUSINESS/RES/FIRE/MEDICAL/ETC
STILLWATER POLICE DEPARTMENT,STILLWATER,9/13/2026 12:16:54 PM,SW26008637,"XXX MAIN ST S, STILLWATER",ACCIDENT
STILLWATER POLICE DEPARTMENT,STILLWATER,9/13/2026 1:41:06 PM,SW26008638,"XXX Main Street S, STILLWATER",LOST PROPERTY/ITEM
STILLWATER POLICE DEPARTMENT,STILLWATER,9/13/2026 3:30:37 PM,SW26008639,"XXX WATER ST S, STILLWATER",911 ABANDONED/HANGUP/OPEN LINE
STILLWATER POLICE DEPARTMENT,STILLWATER,9/13/2026 4:45:18 PM,SW26008640,"XX River Heights Dr, STILLWATER",NOISE COMPLAINT/DISTURBANCE
STILLWATER POLICE DEPARTMENT,STILLWATER,9/13/2026 5:13:25 PM,SW26008641,"2XXX  BREWERS LN, STILLWATER",CITIZEN/PUBLIC ASSIST
STILLWATER POLICE DEPARTMENT,STILLWATER,9/13/2026 5:58:05 PM,SW26008643,"XXX 2ND ST N, STILLWATER",DISTURBANCE
STILLWATER POLICE DEPARTMENT,STILLWATER,9/13/2026 6:12:41 PM,SW26008645,"NELSON ST / MAIN ST S, STILLWATER",ASSIST OTHER AGENCY
STILLWATER POLICE DEPARTMENT,STILLWATER,9/13/2026 6:13:58 PM,SW26008644,"XXX ALDER ST E, STILLWATER",ASSIST OTHER AGENCY
STILLWATER POLICE DEPARTMENT,STILLWATER,9/13/2026 6:21:13 PM,SW26008646,"XXX WATER ST S, STILLWATER",CITIZEN/PUBLIC ASSIST
STILLWATER POLICE DEPARTMENT,STILLWATER,9/13/2026 6:46:04 PM,SW26008647,"15XXX  62ND ST N, STILLWATER",OFFICER COMPLAINT
STILLWATER POLICE DEPARTMENT,STILLWATER,9/13/2026 6:55:25 PM,SW26008648,"XXX 2ND ST N, STILLWATER",SUICIDE ATTEMPT/THREATS OF
STILLWATER POLICE DEPARTMENT,STILLWATER,9/13/2026 7:04:50 PM,SW26008649,"1XXX  AMUNDSON LN, STILLWATER",MEDICAL
STILLWATER POLICE DEPARTMENT,STILLWATER,9/13/2026 7:12:24 PM,SW26008650,"1XXX  COTTAGE DR, STILLWATER",MEDICAL
STILLWATER POLICE DEPARTMENT,STILLWATER,9/13/2026 7:39:12 PM,SW26008651,"XXX 2ND ST N, STILLWATER",WELFARE CHECK
STILLWATER POLICE DEPARTMENT,STILLWATER,9/13/2026 8:20:31 PM,SW26008652,"XXX MULBERRY ST E, STILLWATER",MEDICAL
STILLWATER POLICE DEPARTMENT,STILLWATER,9/13/2026 9:59:46 PM,SW26008655,"1XXX  GREELEY ST S, STILLWATER",VEHICLE UNLOCK
STILLWATER POLICE DEPARTMENT,STILLWATER,9/14/2026 3:01:30 AM,SW26008656,"XXX 2ND ST N, STILLWATER",ALARM-BUSINESS/RES/FIRE/MEDICAL/ETC
STILLWATER POLICE DEPARTMENT,STILLWATER,9/14/2026 5:58:14 AM,SW26008659,"1XXX  TOWER DR, STILLWATER",ALARM-BUSINESS/RES/FIRE/MEDICAL/ETC
STILLWATER POLICE DEPARTMENT,STILLWATER,9/14/2026 6:18:27 AM,SW26008660,"2XXX  COTTAGE DR, STILLWATER",MEDICAL
STILLWATER POLICE DEPARTMENT,STILLWATER,9/14/2026 6:46:23 AM,SW26008662,"XXX 2ND ST N, STILLWATER",MEDICAL
STILLWATER POLICE DEPARTMENT,STILLWATER,9/14/2026 7:32:40 AM,SW26008663,"XXX OWENS ST N, STILLWATER",DIRECTED PATROL
STILLWATER POLICE DEPARTMENT,STILLWATER,9/14/2026 9:09:12 AM,SW26008664,"2XXX  ORLEANS ST W, STILLWATER",MEDICAL
STILLWATER POLICE DEPARTMENT,STILLWATER,9/14/2026 9:21:04 AM,SW26008665,"XXX 4TH ST N, STILLWATER",FRAUD/SCAM
STILLWATER POLICE DEPARTMENT,STILLWATER,9/14/2026 9:51:21 AM,SW26008666,"XXX CHESTNUT ST E, STILLWATER",FRAUD/SCAM
STILLWATER POLICE DEPARTMENT,STILLWATER,9/14/2026 10:53:15 AM,SW26008667,"1XXX  ABBOTT ST W, STILLWATER",SUSPICIOUS PERSON/ACTIVITY
STILLWATER POLICE DEPARTMENT,STILLWATER,9/14/2026 10:58:24 AM,SW26008668,"XXX 4TH ST N, STILLWATER",CITIZEN/PUBLIC ASSIST
STILLWATER POLICE DEPARTMENT,STILLWATER,9/14/2026 11:40:38 AM,SW26008669,"3XXX  SUMMIT LN, STILLWATER",ALARM-BUSINESS/RES/FIRE/MEDICAL/ETC
STILLWATER POLICE DEPARTMENT,STILLWATER,9/14/2026 11:49:38 AM,SW26008670,"2XXX  ORLEANS ST W, STILLWATER",MEDICAL
STILLWATER POLICE DEPARTMENT,STILLWATER,9/14/2026 12:11:25 PM,SW26008671,"XXX WILLARD ST W, STILLWATER",CIVIL MATTER/DISPUTE
STILLWATER POLICE DEPARTMENT,STILLWATER,9/14/2026 12:52:15 PM,SW26008672,"1XXX  MCDOUGAL GRN, STILLWATER",ANIMAL COMPLAINT
STILLWATER POLICE DEPARTMENT,STILLWATER,9/14/2026 12:53:33 PM,SW26008673,"1XXX  CURVE CREST BLVD W, STILLWATER",MEDICAL
STILLWATER POLICE DEPARTMENT,STILLWATER,9/14/2026 1:00:17 PM,SW26008675,"2XXX  ORLEANS ST N, STILLWATER",IDENTITY THEFT
STILLWATER POLICE DEPARTMENT,STILLWATER,9/14/2026 1:29:41 PM,SW26008676,"1XXX  MCKUSICK ROAD LN N, STILLWATER",ANIMAL COMPLAINT
STILLWATER POLICE DEPARTMENT,STILLWATER,9/14/2026 1:55:45 PM,SW26008678,"MULBERRY ST E / WATER ST N, STILLWATER",VEHICLE UNLOCK
STILLWATER POLICE DEPARTMENT,STILLWATER,9/14/2026 2:20:20 PM,SW26008680,"XXX SAINT CROIX AVE E, STILLWATER",ASSIST OTHER AGENCY
STILLWATER POLICE DEPARTMENT,STILLWATER,9/14/2026 2:52:39 PM,SW26008679,"XXX MAIN ST N, STILLWATER",DEATH
STILLWATER POLICE DEPARTMENT,STILLWATER,9/14/2026 3:04:21 PM,SW26008681,"1XXX  MCKUSICK ROAD CT N, STILLWATER",CIVIL MATTER/DISPUTE
STILLWATER POLICE DEPARTMENT,STILLWATER,9/14/2026 3:40:28 PM,SW26008682,"XXX BAYBERRY AVENUE CT, STILLWATER",ASSIST OTHER AGENCY
STILLWATER POLICE DEPARTMENT,STILLWATER,9/14/2026 3:49:26 PM,SW26008684,"XXX 3RD ST S, STILLWATER",911 ABANDONED/HANGUP/OPEN LINE
STILLWATER POLICE DEPARTMENT,STILLWATER,9/14/2026 3:49:46 PM,SW26008683,"XXX 4TH ST N, STILLWATER",ANIMAL BITE
STILLWATER POLICE DEPARTMENT,STILLWATER,9/14/2026 5:50:21 PM,SW26008687,"1XXX  4TH ST N, STILLWATER",SUSPICIOUS PERSON/ACTIVITY
STILLWATER POLICE DEPARTMENT,STILLWATER,9/14/2026 5:54:46 PM,SW26008688,"XXX MAIN ST S, STILLWATER",VEHICLE UNLOCK
STILLWATER POLICE DEPARTMENT,STILLWATER,9/14/2026 6:11:41 PM,SW26008689,"XXX MAIN ST N, STILLWATER",MEDICAL
STILLWATER POLICE DEPARTMENT,STILLWATER,9/14/2026 7:46:02 PM,SW26008690,"XXX MAIN ST N, STILLWATER",VEHICLE UNLOCK
STILLWATER POLICE DEPARTMENT,STILLWATER,9/14/2026 8:58:50 PM,SW26008692,"3XXX  ILO WAY, STILLWATER",ALARM-BUSINESS/RES/FIRE/MEDICAL/ETC
STILLWATER POLICE DEPARTMENT,STILLWATER,9/14/2026 10:45:09 PM,SW26008696,"XXX LAUREL ST W, STILLWATER",WARRANT ATTEMPT
STILLWATER POLICE DEPARTMENT,STILLWATER,9/15/2026 2:45:32 AM,SW26008698,"2XXX  ORLEANS ST W, STILLWATER",SUSPICIOUS PERSON/ACTIVITY
STILLWATER POLICE DEPARTMENT,STILLWATER,9/15/2026 7:39:26 AM,SW26008699,"XXX OWENS ST N, STILLWATER",DIRECTED PATROL
STILLWATER POLICE DEPARTMENT,STILLWATER,9/15/2026 8:29:33 AM,SW26008701,"XXX 4TH ST N, STILLWATER",FOUND PROPERTY/ITEM
STILLWATER POLICE DEPARTMENT,STILLWATER,9/15/2026 10:26:30 AM,SW26008703,"1XXX  MARKET DR, STILLWATER",SUSPICIOUS PERSON/ACTIVITY
STILLWATER POLICE DEPARTMENT,STILLWATER,9/15/2026 10:57:37 AM,SW26008704,"XXX Lake Dr, STILLWATER",DIRECTED PATROL
STILLWATER POLICE DEPARTMENT,STILLWATER,9/15/2026 11:45:58 AM,SW26008706,"XXX 4TH ST N, STILLWATER",FRAUD/SCAM
STILLWATER POLICE DEPARTMENT,STILLWATER,9/15/2026 1:03:59 PM,SW26008708,"XXX GREELEY ST S, STILLWATER",911 ABANDONED/HANGUP/OPEN LINE
STILLWATER POLICE DEPARTMENT,STILLWATER,9/15/2026 1:06:21 PM,SW26008709,"1XXX  JOHNSON DR, STILLWATER",DIRECTED PATROL
STILLWATER POLICE DEPARTMENT,STILLWATER,9/15/2026 1:57:14 PM,SW26008710,"Unknown, STILLWATER",CITIZEN/PUBLIC ASSIST
STILLWATER POLICE DEPARTMENT,STILLWATER,9/15/2026 3:00:27 PM,SW26008712,"2XXX  ORLEANS ST W, STILLWATER",MEDICAL
STILLWATER POLICE DEPARTMENT,STILLWATER,9/15/2026 3:04:35 PM,SW26008713,"XXX 4TH ST N, STILLWATER",ANIMAL COMPLAINT
STILLWATER POLICE DEPARTMENT,STILLWATER,9/15/2026 4:52:22 PM,SW26008715,"1XXX  ORLEANS ST W, STILLWATER",SUSPICIOUS PERSON/ACTIVITY
STILLWATER POLICE DEPARTMENT,STILLWATER,9/15/2026 5:53:58 PM,SW26008716,"XXX 4TH ST N, STILLWATER",CITIZEN/PUBLIC ASSIST
STILLWATER POLICE DEPARTMENT,STILLWATER,9/15/2026 6:14:06 PM,SW26008717,"Unknown, STILLWATER",CIVIL MATTER/DISPUTE
STILLWATER POLICE DEPARTMENT,STILLWATER,9/15/2026 6:47:52 PM,SW26008719,"XXX CROIXWOOD PL, STILLWATER",MEDICAL
STILLWATER POLICE DEPARTMENT,STILLWATER,9/15/2026 6:53:40 PM,SW26008720,"XXX MAPLE ST W, STILLWATER",CITIZEN/PUBLIC ASSIST
STILLWATER POLICE DEPARTMENT,STILLWATER,9/15/2026 7:07:45 PM,SW26008721,"HWY 36 WB AT WASHINGTON AVE N, STILLWATER",ASSIST OTHER AGENCY
STILLWATER POLICE DEPARTMENT,STILLWATER,9/15/2026 7:46:50 PM,SW26008724,"XXX MARSH ST W, STILLWATER",PARKING COMPLAINT
STILLWATER POLICE DEPARTMENT,STILLWATER,9/15/2026 7:48:06 PM,SW26008725,"2XXX  Market Dr, STILLWATER",ACCIDENT
STILLWATER POLICE DEPARTMENT,STILLWATER,9/15/2026 8:56:52 PM,SW26008726,"1XXX  TIMBER WAY, STILLWATER",MEDICAL
STILLWATER POLICE DEPARTMENT,STILLWATER,9/16/2026 12:14:20 AM,SW26008727,"2XXX  ORLEANS ST W, STILLWATER",MEDICAL
STILLWATER POLICE DEPARTMENT,STILLWATER,9/16/2026 1:53:37 AM,SW26008728,"XXX BROADWAY ST S, STILLWATER",MEDICAL
STILLWATER POLICE DEPARTMENT,STILLWATER,9/16/2026 7:30:34 AM,SW26008730,"2XXX  DRIFTWOOD LN, STILLWATER",MEDICAL
STILLWATER POLICE DEPARTMENT,STILLWATER,9/16/2026 10:22:45 AM,SW26008731,"XXX PINE TREE TRL, STILLWATER",ALARM-BUSINESS/RES/FIRE/MEDICAL/ETC
STILLWATER POLICE DEPARTMENT,STILLWATER,9/16/2026 11:51:14 AM,SW26008734,"1XXX  MACEY WAY, STILLWATER",CITIZEN/PUBLIC ASSIST
STILLWATER POLICE DEPARTMENT,STILLWATER,9/16/2026 12:45:55 PM,SW26008737,"6XXX  STILLWATER BLVD N, STILLWATER",MEDICAL
STILLWATER POLICE DEPARTMENT,STILLWATER,9/16/2026 12:46:54 PM,SW26008738,"XXX 4TH ST N, STILLWATER",CITIZEN/PUBLIC ASSIST
STILLWATER POLICE DEPARTMENT,STILLWATER,9/16/2026 1:44:23 PM,SW26008741,"1XXX  OAK GLEN DR, STILLWATER",FRAUD/SCAM
STILLWATER POLICE DEPARTMENT,STILLWATER,9/16/2026 2:15:12 PM,SW26008742,"2XXX  WASHINGTON AVE, STILLWATER",911 ABANDONED/HANGUP/OPEN LINE
STILLWATER POLICE DEPARTMENT,STILLWATER,9/16/2026 2:26:52 PM,SW26008744,"14XXX  62ND ST N, STILLWATER",CITIZEN/PUBLIC ASSIST
STILLWATER POLICE DEPARTMENT,STILLWATER,9/16/2026 2:31:48 PM,SW26008745,"XXX SHERBURNE ST N, STILLWATER",911 ABANDONED/HANGUP/OPEN LINE
STILLWATER POLICE DEPARTMENT,STILLWATER,9/16/2026 3:00:19 PM,SW26008747,"1XXX  CURVE CREST BLVD W, STILLWATER",MEDICAL
STILLWATER POLICE DEPARTMENT,STILLWATER,9/16/2026 3:00:49 PM,SW26008746,"6XXX  STILLWATER BLVD N, STILLWATER",FRAUD/SCAM
STILLWATER POLICE DEPARTMENT,STILLWATER,9/16/2026 3:44:47 PM,SW26008749,"DRIVING PARK RD / BENSON BLVD E, STILLWATER",PARKING COMPLAINT
STILLWATER POLICE DEPARTMENT,STILLWATER,9/16/2026 4:38:51 PM,SW26008752,"XXX MAIN ST N, STILLWATER",ACCIDENT
STILLWATER POLICE DEPARTMENT,STILLWATER,9/16/2026 4:47:32 PM,SW26008753,"1XXX  GREELEY ST S, STILLWATER",CIVIL MATTER/DISPUTE
STILLWATER POLICE DEPARTMENT,STILLWATER,9/16/2026 4:55:06 PM,SW26008754,"6XXX  STILLWATER BLVD N, STILLWATER",FOLLOW UP
STILLWATER POLICE DEPARTMENT,STILLWATER,9/16/2026 5:13:23 PM,SW26008756,"XXX 2ND ST N, STILLWATER",MEDICAL
STILLWATER POLICE DEPARTMENT,STILLWATER,9/16/2026 5:21:48 PM,SW26008757,"1XXX  FRONTAGE RD W, STILLWATER",MEDICAL
STILLWATER POLICE DEPARTMENT,STILLWATER,9/16/2026 5:49:07 PM,SW26008758,"75TH ST N / BRIDGEWATER WAY, STILLWATER",JUVENILE COMPLAINT
STILLWATER POLICE DEPARTMENT,STILLWATER,9/16/2026 6:05:40 PM,SW26008759,"MAIN ST S / NELSON ST, STILLWATER",ACCIDENT
STILLWATER POLICE DEPARTMENT,STILLWATER,9/16/2026 6:27:01 PM,SW26008760,"XXX BRIDGEWATER WAY, STILLWATER",MEDICAL
STILLWATER POLICE DEPARTMENT,STILLWATER,9/16/2026 7:07:16 PM,SW26008762,"1XXX  CURVE CREST BLVD, STILLWATER",ALARM-BUSINESS/RES/FIRE/MEDICAL/ETC
STILLWATER POLICE DEPARTMENT,STILLWATER,9/16/2026 7:45:33 PM,SW26008764,"1XXX  CURVE CREST BLVD W, STILLWATER",MEDICAL
STILLWATER POLICE DEPARTMENT,STILLWATER,9/16/2026 10:18:21 PM,SW26008765,"14XXX  62nd St N, STILLWATER",MEDICAL
STILLWATER POLICE DEPARTMENT,STILLWATER,9/16/2026 10:37:29 PM,SW26008766,"Everett St N / Myrtle St W, STILLWATER",SUSPICIOUS PERSON/ACTIVITY
STILLWATER POLICE DEPARTMENT,STILLWATER,9/17/2026 1:39:43 AM,SW26008769,"XXX GREELEY ST S, STILLWATER",MEDICAL
STILLWATER POLICE DEPARTMENT,STILLWATER,9/17/2026 12:36:45 PM,SW26008774,"XXX MAIN ST N, STILLWATER",FOLLOW UP
STILLWATER POLICE DEPARTMENT,STILLWATER,9/17/2026 2:27:04 PM,SW26008781,"XXX RUTHERFORD RD, STILLWATER",DRIVING COMPLAINT
STILLWATER POLICE DEPARTMENT,STILLWATER,9/17/2026 3:04:47 PM,SW26008782,"XXX GREELEY ST S, STILLWATER",ACCIDENT
STILLWATER POLICE DEPARTMENT,STILLWATER,9/17/2026 3:20:33 PM,SW26008783,"XXX 2ND ST N, STILLWATER",WELFARE CHECK
STILLWATER POLICE DEPARTMENT,STILLWATER,9/17/2026 3:39:24 PM,SW26008785,"2XXX  ORLEANS ST W, STILLWATER",DISTURBANCE
STILLWATER POLICE DEPARTMENT,STILLWATER,9/17/2026 4:13:58 PM,SW26008786,"1XXX  LINDEN ST W, STILLWATER",PARKING COMPLAINT
STILLWATER POLICE DEPARTMENT,STILLWATER,9/17/2026 4:38:52 PM,SW26008788,"15XXX  60TH ST N, STILLWATER",FRAUD/SCAM
STILLWATER POLICE DEPARTMENT,STILLWATER,9/17/2026 4:40:29 PM,SW26008787,"XXX SAINT CROIX AVE W, STILLWATER",ANIMAL COMPLAINT
STILLWATER POLICE DEPARTMENT,STILLWATER,9/17/2026 4:48:29 PM,SW26008789,"1XXX  CURVE CREST BLVD, STILLWATER",VEHICLE UNLOCK
STILLWATER POLICE DEPARTMENT,STILLWATER,9/17/2026 6:10:12 PM,SW26008791,"1XXX  6TH AVE S, STILLWATER",WELFARE CHECK
STILLWATER POLICE DEPARTMENT,STILLWATER,9/17/2026 6:51:23 PM,SW26008793,"1XXX  MARTHA ST N, STILLWATER",FOLLOW UP
STILLWATER POLICE DEPARTMENT,STILLWATER,9/17/2026 7:02:15 PM,SW26008794,"15XXX  62ND ST N, STILLWATER",CITIZEN/PUBLIC ASSIST
STILLWATER POLICE DEPARTMENT,STILLWATER,9/17/2026 7:06:34 PM,SW26008795,"Unknown, STILLWATER",FOLLOW UP
STILLWATER POLICE DEPARTMENT,STILLWATER,9/17/2026 7:18:42 PM,SW26008797,"3XXX  ABERCROMBIE LN, STILLWATER",FOUND PROPERTY/ITEM
STILLWATER POLICE DEPARTMENT,STILLWATER,9/17/2026 7:36:27 PM,SW26008798,"Unknown, STILLWATER",HARASSMENT
STILLWATER POLICE DEPARTMENT,STILLWATER,9/17/2026 7:42:15 PM,SW26008799,"XXX HIDDEN VALLEY CT, STILLWATER",CITIZEN/PUBLIC ASSIST
STILLWATER POLICE DEPARTMENT,STILLWATER,9/17/2026 8:36:57 PM,SW26008800,"XXX OWENS ST N, STILLWATER",WELFARE CHECK
STILLWATER POLICE DEPARTMENT,STILLWATER,9/17/2026 9:45:27 PM,SW26008804,"1XXX  FRONTAGE RD W, STILLWATER",WELFARE CHECK
STILLWATER POLICE DEPARTMENT,STILLWATER,9/17/2026 10:34:57 PM,SW26008806,"XXX BRIDGEWATER WAY, STILLWATER",MEDICAL
STILLWATER POLICE DEPARTMENT,STILLWATER,9/18/2026 1:50:19 AM,SW26008816,"XXX - 1504 GREELEY ST S, STILLWATER",DWI
STILLWATER POLICE DEPARTMENT,STILLWATER,9/18/2026 10:32:54 AM,SW26008820,"XXX 4TH ST N, STILLWATER",DISTURBANCE
STILLWATER POLICE DEPARTMENT,STILLWATER,9/18/2026 11:23:14 AM,SW26008821,"Unknown, STILLWATER",CIVIL MATTER/DISPUTE
STILLWATER POLICE DEPARTMENT,STILLWATER,9/18/2026 12:37:35 PM,SW26008825,"XXX MAIN ST S, STILLWATER",911 ABANDONED/HANGUP/OPEN LINE
STILLWATER POLICE DEPARTMENT,STILLWATER,9/18/2026 12:38:52 PM,SW26008824,"1XXX  CURVE CREST BLVD W, STILLWATER",DRIVING COMPLAINT
STILLWATER POLICE DEPARTMENT,STILLWATER,9/18/2026 12:45:29 PM,SW26008826,"1XXX  BERGMANN DR, STILLWATER",MEDICAL
STILLWATER POLICE DEPARTMENT,STILLWATER,9/18/2026 1:02:57 PM,SW26008827,"XXX REUNION RD, STILLWATER",WEAPON COMPLAINT/VIOLATION
STILLWATER POLICE DEPARTMENT,STILLWATER,9/18/2026 1:40:17 PM,SW26008832,"XXX BRIDGEWATER WAY, STILLWATER",911 ABANDONED/HANGUP/OPEN LINE
STILLWATER POLICE DEPARTMENT,STILLWATER,9/18/2026 2:47:10 PM,SW26008834,"1XXX  CURVE CREST BLVD W, STILLWATER",MEDICAL
STILLWATER POLICE DEPARTMENT,STILLWATER,9/18/2026 2:54:09 PM,SW26008835,"3XXX  PIONEER PL, STILLWATER",MEDICAL
STILLWATER POLICE DEPARTMENT,STILLWATER,9/18/2026 3:02:56 PM,SW26008836,"XXX 2ND ST N, STILLWATER",CITIZEN/PUBLIC ASSIST
STILLWATER POLICE DEPARTMENT,STILLWATER,9/18/2026 3:03:23 PM,SW26008837,"2XXX  INTERLACHEN DR, STILLWATER",MEDICAL
STILLWATER POLICE DEPARTMENT,STILLWATER,9/18/2026 3:09:06 PM,SW26008838,"XXX NEW ENGLAND PL, STILLWATER",SUSPICIOUS PERSON/ACTIVITY
STILLWATER POLICE DEPARTMENT,STILLWATER,9/18/2026 3:30:19 PM,SW26008839,"1XXX  MACEY WAY, STILLWATER",DRIVING COMPLAINT
STILLWATER POLICE DEPARTMENT,STILLWATER,9/18/2026 4:27:51 PM,SW26008841,"WATER ST S / MYRTLE ST E, STILLWATER",FOUND PROPERTY/ITEM
STILLWATER POLICE DEPARTMENT,STILLWATER,9/18/2026 4:33:52 PM,SW26008842,"2XXX  ORLEANS ST W, STILLWATER",CITIZEN/PUBLIC ASSIST
STILLWATER POLICE DEPARTMENT,STILLWATER,9/18/2026 5:17:01 PM,SW26008843,"XXX NELSON ST, STILLWATER",MEDICAL
STILLWATER POLICE DEPARTMENT,STILLWATER,9/18/2026 5:31:09 PM,SW26008844,"STILLWATER BLVD N / CROIXWOOD BLVD, STILLWATER",ACCIDENT
STILLWATER POLICE DEPARTMENT,STILLWATER,9/18/2026 5:41:24 PM,SW26008845,"1XXX  GREELEY ST S, STILLWATER",ORDINANCE VIOLATION
STILLWATER POLICE DEPARTMENT,STILLWATER,9/18/2026 8:31:54 PM,SW26008849,"XXX 2ND ST N, STILLWATER",CITIZEN/PUBLIC ASSIST
STILLWATER POLICE DEPARTMENT,STILLWATER,9/18/2026 9:27:05 PM,SW26008850,"XXX MAIN ST S, STILLWATER",ALARM-BUSINESS/RES/FIRE/MEDICAL/ETC
STILLWATER POLICE DEPARTMENT,STILLWATER,9/18/2026 10:04:46 PM,SW26008851,"XXX EBEN CT, STILLWATER",MEDICAL
STILLWATER POLICE DEPARTMENT,STILLWATER,9/18/2026 10:22:35 PM,SW26008852,"XXX MULBERRY ST E, STILLWATER",DISTURBANCE
STILLWATER POLICE DEPARTMENT,STILLWATER,9/18/2026 10:29:50 PM,SW26008853,"1XXX  MEADOWVIEW DR, STILLWATER",MEDICAL
STILLWATER POLICE DEPARTMENT,STILLWATER,9/18/2026 11:22:03 PM,SW26008856,"HWY 36 WB AT WASHINGTON AVE N, STILLWATER",ASSIST OTHER AGENCY
STILLWATER POLICE DEPARTMENT,STILLWATER,9/19/2026 5:53:36 AM,SW26008859,"XXX MAIN ST S, STILLWATER",ALARM-BUSINESS/RES/FIRE/MEDICAL/ETC
STILLWATER POLICE DEPARTMENT,STILLWATER,9/19/2026 8:15:27 AM,SW26008861,"XXX 4TH ST N, STILLWATER",CITIZEN/PUBLIC ASSIST
STILLWATER POLICE DEPARTMENT,STILLWATER,9/19/2026 10:06:22 AM,SW26008862,"WATER ST S / CHESTNUT ST E, STILLWATER",MEDICAL
STILLWATER POLICE DEPARTMENT,STILLWATER,9/19/2026 10:11:15 AM,SW26008864,"XXX MAIN ST N, STILLWATER",MEDICAL
STILLWATER POLICE DEPARTMENT,STILLWATER,9/19/2026 10:30:20 AM,SW26008866,"XXX SYCAMORE ST W, STILLWATER",ANIMAL COMPLAINT
STILLWATER POLICE DEPARTMENT,STILLWATER,9/19/2026 10:36:08 AM,SW26008867,"XXX MAIN ST N, STILLWATER",911 ABANDONED/HANGUP/OPEN LINE
STILLWATER POLICE DEPARTMENT,STILLWATER,9/19/2026 10:38:45 AM,SW26008868,"4TH ST S / OSGOOD AVE N, STILLWATER",DRIVING COMPLAINT
STILLWATER POLICE DEPARTMENT,STILLWATER,9/19/2026 10:42:52 AM,SW26008869,"XXX 4th St N, STILLWATER",CITIZEN/PUBLIC ASSIST
STILLWATER POLICE DEPARTMENT,STILLWATER,9/19/2026 10:44:56 AM,SW26008870,"6XXX  OSGOOD AVE N, STILLWATER",TRESPASSING
STILLWATER POLICE DEPARTMENT,STILLWATER,9/19/2026 11:41:55 AM,SW26008872,"1XXX  GREELEY ST S, STILLWATER",CITIZEN/PUBLIC ASSIST
STILLWATER POLICE DEPARTMENT,STILLWATER,9/19/2026 2:36:28 PM,SW26008878,"NELSON ST / MAIN ST S, STILLWATER",ACCIDENT
STILLWATER POLICE DEPARTMENT,STILLWATER,9/19/2026 4:45:03 PM,SW26008881,"XXX WATER ST S, STILLWATER",911 ABANDONED/HANGUP/OPEN LINE
STILLWATER POLICE DEPARTMENT,STILLWATER,9/19/2026 6:23:51 PM,SW26008884,"OLIVE ST W / MARTHA ST S, STILLWATER",PARKING COMPLAINT
STILLWATER POLICE DEPARTMENT,STILLWATER,9/19/2026 8:23:18 PM,SW26008889,"Brown's Creek Trail Mile 0, STILLWATER",ANIMAL COMPLAINT
STILLWATER POLICE DEPARTMENT,STILLWATER,9/19/2026 9:58:34 PM,SW26008890,"XXX CHERRY ST W, STILLWATER",ACCIDENT
STILLWATER POLICE DEPARTMENT,STILLWATER,9/19/2026 11:23:32 PM,SW26008895,"XXX - 128 MYRTLE ST E, STILLWATER",CITIZEN/PUBLIC ASSIST
STILLWATER POLICE DEPARTMENT,STILLWATER TOWNSHIP,9/17/2026 5:47:26 PM,SW26008790,"NORELL AVE N / DELLWOOD RD N, STILLWATER TOWNSHIP",DRIVING COMPLAINT
STILLWATER POLICE DEPARTMENT,STILLWATER TOWNSHIP,9/19/2026 11:00:00 PM,SW26008894,"HWY 36 WB AT MANNING AVE N, STILLWATER TOWNSHIP",TRAFFIC STOP
WASHINGTON COUNTY SHERIFFS OFFICE,AFTON,9/14/2026 8:58:19 AM,WC26047041,"12XXX  4TH ST S, AFTON",DEATH
WASHINGTON COUNTY SHERIFFS OFFICE,AFTON,9/14/2026 9:12:47 AM,WC26047048,"12XXX  2ND ST S, AFTON",CIVIL MATTER/DISPUTE
WASHINGTON COUNTY SHERIFFS OFFICE,AFTON,9/14/2026 5:51:04 PM,WC26047111,"15XXX  37TH ST S, AFTON",ALARM-BUSINESS/RES/FIRE/MEDICAL/ETC
WASHINGTON COUNTY SHERIFFS OFFICE,AFTON,9/14/2026 10:15:59 PM,WC26047132,"12XXX  HUDSON RD S, AFTON",PROPERTY DAMAGE
WASHINGTON COUNTY SHERIFFS OFFICE,AFTON,9/15/2026 11:10:45 AM,WC26047224,"12XXX  2ND ST S, AFTON",CONDITIONAL RELEASE VIOLATION
WASHINGTON COUNTY SHERIFFS OFFICE,AFTON,9/16/2026 8:02:02 AM,WC26047371,"12XXX  HUDSON RD S, AFTON",PROPERTY DAMAGE
WASHINGTON COUNTY SHERIFFS OFFICE,AFTON,9/17/2026 3:45:46 PM,WC26047608,"15XXX  AFTON BLVD S, AFTON",ACCIDENT
WASHINGTON COUNTY SHERIFFS OFFICE,AFTON,9/18/2026 6:17:30 AM,WC26047710,"12XXX  30TH ST S, AFTON",ROAD HAZARD
WASHINGTON COUNTY SHERIFFS OFFICE,AFTON,9/18/2026 4:35:52 PM,WC26047797,"XXX - 1029 INDIAN TRL S, AFTON",DIRECTED PATROL
WASHINGTON COUNTY SHERIFFS OFFICE,AFTON,9/18/2026 8:13:44 PM,WC26047815,"15XXX  42ND ST S, AFTON",WELFARE CHECK
WASHINGTON COUNTY SHERIFFS OFFICE,AFTON,9/19/2026 8:13:39 AM,WC26047875,"5XXX  SAINT CROIX TRL S, AFTON",MEDICAL
WASHINGTON COUNTY SHERIFFS OFFICE,AFTON,9/19/2026 4:45:54 PM,WC26047921,"SAINT CROIX TRL S / 37TH ST S, AFTON",ROAD HAZARD
WASHINGTON COUNTY SHERIFFS OFFICE,AFTON,9/19/2026 7:21:07 PM,WC26047942,"13XXX  40TH ST S, AFTON",ANIMAL COMPLAINT
WASHINGTON COUNTY SHERIFFS OFFICE,AFTON,9/19/2026 8:28:42 PM,WC26047952,"2XXX  NEAL AVE S, AFTON",FIREWORKS
WASHINGTON COUNTY SHERIFFS OFFICE,BAYPORT,9/16/2026 3:15:14 PM,WC26047442,"SAINT CROIX RIVER - MNR7, BAYPORT",911 ABANDONED/HANGUP/OPEN LINE
WASHINGTON COUNTY SHERIFFS OFFICE,BAYPORT,9/16/2026 3:47:48 PM,WC26047447,"STAGECOACH TRL N / 5TH AVE N, BAYPORT",TRAFFIC STOP
WASHINGTON COUNTY SHERIFFS OFFICE,BAYTOWN TOWNSHIP,9/13/2026 5:20:19 AM,WC26046871,"5XXX  NORTHBROOK BLVD N, BAYTOWN TOWNSHIP",MEDICAL
WASHINGTON COUNTY SHERIFFS OFFICE,BAYTOWN TOWNSHIP,9/13/2026 10:18:06 AM,WC26046892,"12XXX  40TH ST N, BAYTOWN TOWNSHIP",VEHICLE UNLOCK
WASHINGTON COUNTY SHERIFFS OFFICE,BAYTOWN TOWNSHIP,9/13/2026 11:32:08 AM,WC26046904,"4XXX  NORTHBROOK BLVD N, BAYTOWN TOWNSHIP",OFFICER INFORMATION
WASHINGTON COUNTY SHERIFFS OFFICE,BAYTOWN TOWNSHIP,9/13/2026 8:52:52 PM,WC26046959,"14XXX  30th St N, BAYTOWN TOWNSHIP",MEDICAL
WASHINGTON COUNTY SHERIFFS OFFICE,BAYTOWN TOWNSHIP,9/13/2026 11:37:07 PM,WC26046971,"4XXX  STAGECOACH TRL N, BAYTOWN TOWNSHIP",OPEN DOOR/WINDOW
WASHINGTON COUNTY SHERIFFS OFFICE,BAYTOWN TOWNSHIP,9/14/2026 12:10:04 AM,WC26046982,"OSGOOD AVE N / 49TH ST N, BAYTOWN TOWNSHIP",ACCIDENT
WASHINGTON COUNTY SHERIFFS OFFICE,BAYTOWN TOWNSHIP,9/15/2026 10:53:20 AM,WC26047219,"13XXX  40TH ST N, BAYTOWN TOWNSHIP",CITIZEN/PUBLIC ASSIST
WASHINGTON COUNTY SHERIFFS OFFICE,BAYTOWN TOWNSHIP,9/16/2026 8:06:52 AM,WC26047373,"4XXX  STAGECOACH TRL N, BAYTOWN TOWNSHIP",ACCIDENT
WASHINGTON COUNTY SHERIFFS OFFICE,BAYTOWN TOWNSHIP,9/17/2026 6:40:51 AM,WC26047529,"Unknown, BAYTOWN TOWNSHIP",ASSIST OTHER AGENCY
WASHINGTON COUNTY SHERIFFS OFFICE,BAYTOWN TOWNSHIP,9/18/2026 8:19:29 AM,WC26047725,"4XXX  - 4498 STAGECOACH TRL N, BAYTOWN TOWNSHIP",DIRECTED PATROL
WASHINGTON COUNTY SHERIFFS OFFICE,BAYTOWN TOWNSHIP,9/19/2026 6:24:42 AM,WC26047869,"12XXX  40TH ST N, BAYTOWN TOWNSHIP",UNWANTED PERSON/VEHICLE
WASHINGTON COUNTY SHERIFFS OFFICE,BAYTOWN TOWNSHIP,9/19/2026 7:16:04 PM,WC26047940,"STILLWATER BLVD N / 50TH ST N, BAYTOWN TOWNSHIP",OFFICER INFORMATION
WASHINGTON COUNTY SHERIFFS OFFICE,BIRCHWOOD,9/13/2026 6:04:45 PM,WC26046943,"XXX BIRCHWOOD AVE, BIRCHWOOD",ORDINANCE VIOLATION
WASHINGTON COUNTY SHERIFFS OFFICE,BIRCHWOOD,9/15/2026 6:18:16 PM,WC26047294,"XXX WILDWOOD AVE, BIRCHWOOD",FRAUD/SCAM
WASHINGTON COUNTY SHERIFFS OFFICE,COTTAGE GROVE,9/15/2026 5:51:00 PM,WC26047289,"11XXX  - 10950 Highway 61, COTTAGE GROVE",TRAFFIC STOP
WASHINGTON COUNTY SHERIFFS OFFICE,COTTAGE GROVE,9/16/2026 9:45:31 PM,WC26047494,"9XXX  HARROW CT S, COTTAGE GROVE",ASSIST OTHER AGENCY
WASHINGTON COUNTY SHERIFFS OFFICE,DELLWOOD,9/13/2026 6:34:12 AM,WC26046873,"XX DELLWOOD AVE, DELLWOOD",ALARM-BUSINESS/RES/FIRE/MEDICAL/ETC
WASHINGTON COUNTY SHERIFFS OFFICE,DELLWOOD,9/13/2026 7:05:21 PM,WC26046948,"DELLWOOD AVE / DELLWOOD RD N, DELLWOOD",CITIZEN/PUBLIC ASSIST
WASHINGTON COUNTY SHERIFFS OFFICE,DELLWOOD,9/14/2026 6:45:17 AM,WC26047021,"XX APPLE ORCHARD CT, DELLWOOD",MEDICAL
WASHINGTON COUNTY SHERIFFS OFFICE,DELLWOOD,9/14/2026 2:46:48 PM,WC26047086,"XX DELLWOOD AVE, DELLWOOD",SUSPICIOUS PERSON/ACTIVITY
WASHINGTON COUNTY SHERIFFS OFFICE,DELLWOOD,9/16/2026 11:42:51 AM,WC26047411,"XXX DELLWOOD RD N, DELLWOOD",SUSPICIOUS PERSON/ACTIVITY
WASHINGTON COUNTY SHERIFFS OFFICE,DELLWOOD,9/16/2026 6:00:54 PM,WC26047470,"XX DELLWOOD AVE, DELLWOOD",911 ABANDONED/HANGUP/OPEN LINE
WASHINGTON COUNTY SHERIFFS OFFICE,DELLWOOD,9/16/2026 9:06:11 PM,WC26047488,"XX MANY LEVELS RD, DELLWOOD",OFFICER INFORMATION
WASHINGTON COUNTY SHERIFFS OFFICE,DELLWOOD,9/19/2026 9:18:32 PM,WC26047963,"XX PINE VALLEY DR, DELLWOOD",NOISE COMPLAINT/DISTURBANCE
WASHINGTON COUNTY SHERIFFS OFFICE,DENMARK TOWNSHIP,9/13/2026 8:20:50 PM,WC26046957,"11XXX  - 11299 SAINT CROIX TRL S, DENMARK TOWNSHIP",ACCIDENT
WASHINGTON COUNTY SHERIFFS OFFICE,DENMARK TOWNSHIP,9/14/2026 2:22:30 PM,WC26047081,"10XXX  St Croix Tr S, DENMARK TOWNSHIP",CITIZEN/PUBLIC ASSIST
WASHINGTON COUNTY SHERIFFS OFFICE,DENMARK TOWNSHIP,9/15/2026 5:54:59 AM,WC26047170,"12XXX  POINT DOUGLAS DR S, DENMARK TOWNSHIP",911 ABANDONED/HANGUP/OPEN LINE
WASHINGTON COUNTY SHERIFFS OFFICE,DENMARK TOWNSHIP,9/15/2026 10:04:00 AM,WC26047213,"10XXX  NYBERG AVE S, DENMARK TOWNSHIP",DEATH
WASHINGTON COUNTY SHERIFFS OFFICE,DENMARK TOWNSHIP,9/15/2026 4:40:43 PM,WC26047279,"14XXX  POINT DOUGLAS DR S, DENMARK TOWNSHIP",DISTURBANCE
WASHINGTON COUNTY SHERIFFS OFFICE,DENMARK TOWNSHIP,9/18/2026 3:39:43 PM,WC26047785,"14XXX  80TH ST S, DENMARK TOWNSHIP",911 ABANDONED/HANGUP/OPEN LINE
WASHINGTON COUNTY SHERIFFS OFFICE,FOREST LAKE,9/13/2026 5:02:46 PM,WC26046931,"4XXX  WYNGATE BLVD, FOREST LAKE",JUDGES ORDER
WASHINGTON COUNTY SHERIFFS OFFICE,FOREST LAKE,9/13/2026 5:42:42 PM,WC26046936,"XXX 5TH ST SE, FOREST LAKE",JUDGES ORDER
WASHINGTON COUNTY SHERIFFS OFFICE,FOREST LAKE,9/16/2026 7:28:04 AM,WC26047369,"NORTH SHORE TRL N / 235TH ST N, FOREST LAKE",ASSIST OTHER AGENCY
WASHINGTON COUNTY SHERIFFS OFFICE,GRANT,9/13/2026 11:22:52 AM,WC26046897,"11XXX  IRISH AVE N, GRANT",PARKING COMPLAINT
WASHINGTON COUNTY SHERIFFS OFFICE,GRANT,9/13/2026 6:39:09 PM,WC26046947,"6XXX  JOCELYN RD N, GRANT",MEDICAL
WASHINGTON COUNTY SHERIFFS OFFICE,GRANT,9/13/2026 8:13:30 PM,WC26046956,"MANNING AVE N / 75TH ST N, GRANT",DWI
WASHINGTON COUNTY SHERIFFS OFFICE,GRANT,9/13/2026 9:08:39 PM,WC26046961,"7XXX  99TH STREET CT N, GRANT",SUSPICIOUS PERSON/ACTIVITY
WASHINGTON COUNTY SHERIFFS OFFICE,GRANT,9/13/2026 10:00:16 PM,WC26046965,"MANNING AVE N / 75TH ST N, GRANT",ACCIDENT
WASHINGTON COUNTY SHERIFFS OFFICE,GRANT,9/14/2026 12:42:25 AM,WC26046991,"7XXX  101ST ST N, GRANT",ALARM-BUSINESS/RES/FIRE/MEDICAL/ETC
WASHINGTON COUNTY SHERIFFS OFFICE,GRANT,9/14/2026 4:28:47 AM,WC26047019,"7XXX  101ST ST N, GRANT",ALARM-BUSINESS/RES/FIRE/MEDICAL/ETC
WASHINGTON COUNTY SHERIFFS OFFICE,GRANT,9/14/2026 4:40:33 PM,WC26047105,"11XXX  DELLWOOD RD N, GRANT",FOLLOW UP
WASHINGTON COUNTY SHERIFFS OFFICE,GRANT,9/15/2026 6:12:16 PM,WC26047293,"11XXX  66TH ST N, GRANT",MEDICAL
WASHINGTON COUNTY SHERIFFS OFFICE,GRANT,9/16/2026 1:03:24 AM,WC26047342,"11XXX  JULIANNE AVE N, GRANT",OFFICER INFORMATION
WASHINGTON COUNTY SHERIFFS OFFICE,GRANT,9/16/2026 2:41:43 AM,WC26047352,"11XXX  KEATS AVE N, GRANT",MEDICAL
WASHINGTON COUNTY SHERIFFS OFFICE,GRANT,9/16/2026 3:13:41 PM,WC26047443,"DELLWOOD RD N / IDEAL AVE N, GRANT",ROAD HAZARD
WASHINGTON COUNTY SHERIFFS OFFICE,GRANT,9/16/2026 6:29:03 PM,WC26047475,"11XXX  JULIANNE AVE N, GRANT",ASSAULT
WASHINGTON COUNTY SHERIFFS OFFICE,GRANT,9/17/2026 4:01:08 AM,WC26047525,"8XXX  75TH ST N, GRANT",ALARM-BUSINESS/RES/FIRE/MEDICAL/ETC
WASHINGTON COUNTY SHERIFFS OFFICE,GRANT,9/17/2026 1:16:40 PM,WC26047587,"10XXX  MANNING AVENUE CT N, GRANT",BURNING COMPLAINT
WASHINGTON COUNTY SHERIFFS OFFICE,GRANT,9/17/2026 1:23:08 PM,WC26047588,"9XXX  KESWICK AVE N, GRANT",ANIMAL COMPLAINT
WASHINGTON COUNTY SHERIFFS OFFICE,GRANT,9/17/2026 2:22:47 PM,WC26047600,"MANNING TRL N / MENDEL RD N , GRANT",MOTORIST ASSIST
WASHINGTON COUNTY SHERIFFS OFFICE,GRANT,9/17/2026 3:46:23 PM,WC26047610,"7XXX  KIMBRO AVE N, GRANT",CITIZEN/PUBLIC ASSIST
WASHINGTON COUNTY SHERIFFS OFFICE,GRANT,9/17/2026 7:53:59 PM,WC26047642,"80TH ST N / JAMACA AVE N, GRANT",ANIMAL COMPLAINT
WASHINGTON COUNTY SHERIFFS OFFICE,GRANT,9/17/2026 8:40:47 PM,WC26047647,"MANNING AVE N / 75TH ST N, GRANT",DRIVING COMPLAINT
WASHINGTON COUNTY SHERIFFS OFFICE,GRANT,9/18/2026 7:36:59 AM,WC26047718,"DELLWOOD RD N / JAMACA AVE N, GRANT",ACCIDENT
WASHINGTON COUNTY SHERIFFS OFFICE,GRANT,9/18/2026 5:01:30 PM,WC26047798,"10XXX  119TH ST N, GRANT",911 ABANDONED/HANGUP/OPEN LINE
WASHINGTON COUNTY SHERIFFS OFFICE,GRANT,9/18/2026 5:22:41 PM,WC26047799,"10XXX  62ND ST N, GRANT",ANIMAL COMPLAINT
WASHINGTON COUNTY SHERIFFS OFFICE,GRANT,9/18/2026 9:27:47 PM,WC26047823,"MANNING AVE N / 60TH ST N, GRANT",DWI
WASHINGTON COUNTY SHERIFFS OFFICE,GRANT,9/19/2026 12:18:06 AM,WC26047842,"9XXX  - 9998 75TH ST N, GRANT",ROAD HAZARD
WASHINGTON COUNTY SHERIFFS OFFICE,GRANT,9/19/2026 2:00:20 AM,WC26047853,"11XXX  IRONWOOD AVE N, GRANT",SUSPICIOUS PERSON/ACTIVITY
WASHINGTON COUNTY SHERIFFS OFFICE,GRANT,9/19/2026 8:00:08 PM,WC26047947,"10XXX  JAMACA AVE N, GRANT",ACCIDENT
WASHINGTON COUNTY SHERIFFS OFFICE,GRANT,9/19/2026 9:46:28 PM,WC26047970,"JAMACA AVE N / DELLWOOD RD N, GRANT",ACCIDENT
WASHINGTON COUNTY SHERIFFS OFFICE,GRANT,9/19/2026 11:12:21 PM,WC26047998,"9XXX  INDIGO TRL N, GRANT",PUBLIC WORKS CONCERN
WASHINGTON COUNTY SHERIFFS OFFICE,GRANT,9/19/2026 11:26:25 PM,WC26048005,"JAMACA AVE N / 107TH ST N, GRANT",MEDICAL
WASHINGTON COUNTY SHERIFFS OFFICE,HUGO,9/13/2026 1:31:00 AM,WC26046862,"FOREST BLVD N / 170TH ST N, HUGO",TRAFFIC STOP
WASHINGTON COUNTY SHERIFFS OFFICE,HUGO,9/13/2026 2:10:52 AM,WC26046866,"13XXX  FONDANT TRL N, HUGO",MEDICAL
WASHINGTON COUNTY SHERIFFS OFFICE,HUGO,9/13/2026 6:59:26 AM,WC26046875,"14XXX  FINALE AVE N, HUGO",MEDICAL
WASHINGTON COUNTY SHERIFFS OFFICE,HUGO,9/13/2026 8:47:36 AM,WC26046882,"16XXX  FINALE AVE N, HUGO",ANIMAL COMPLAINT
WASHINGTON COUNTY SHERIFFS OFFICE,HUGO,9/13/2026 9:36:15 AM,WC26046885,"14XXX  EVERGREEN AVE N, HUGO",911 ABANDONED/HANGUP/OPEN LINE
WASHINGTON COUNTY SHERIFFS OFFICE,HUGO,9/13/2026 1:01:10 PM,WC26046907,"FOREST BLVD N / FRENCHMAN RD, HUGO",DRIVING COMPLAINT
WASHINGTON COUNTY SHERIFFS OFFICE,HUGO,9/13/2026 1:14:45 PM,WC26046910,"7XXX  140TH ST N, HUGO",MEDICAL
WASHINGTON COUNTY SHERIFFS OFFICE,HUGO,9/13/2026 1:35:43 PM,WC26046912,"5XXX  FRENCH DR N, HUGO",INCIDENT
WASHINGTON COUNTY SHERIFFS OFFICE,HUGO,9/13/2026 4:29:02 PM,WC26046926,"15XXX  FOXHILL AVE N, HUGO",JUDGES ORDER
WASHINGTON COUNTY SHERIFFS OFFICE,HUGO,9/13/2026 4:34:13 PM,WC26046927,"8XXX  140TH ST N, HUGO",SUSPICIOUS PERSON/ACTIVITY
WASHINGTON COUNTY SHERIFFS OFFICE,HUGO,9/13/2026 6:29:17 PM,WC26046946,"14XXX  FINALE AVE N, HUGO",DRIVING COMPLAINT
WASHINGTON COUNTY SHERIFFS OFFICE,HUGO,9/13/2026 9:38:25 PM,WC26046962,"140TH ST N / EGG LAKE RD N, HUGO",ROAD HAZARD
WASHINGTON COUNTY SHERIFFS OFFICE,HUGO,9/13/2026 10:38:21 PM,WC26046968,"5XXX  127TH ST N, HUGO",MEDICAL
WASHINGTON COUNTY SHERIFFS OFFICE,HUGO,9/14/2026 8:07:17 AM,WC26047028,"14XXX  FERRARA AVE N, HUGO",911 ABANDONED/HANGUP/OPEN LINE
WASHINGTON COUNTY SHERIFFS OFFICE,HUGO,9/14/2026 9:31:25 AM,WC26047049,"Unknown, HUGO",CIVIL MATTER/DISPUTE
WASHINGTON COUNTY SHERIFFS OFFICE,HUGO,9/14/2026 10:07:33 AM,WC26047051,"5XXX  LOWER 147TH ST N, HUGO",WARRANT ARREST
WASHINGTON COUNTY SHERIFFS OFFICE,HUGO,9/14/2026 10:46:00 AM,WC26047058,"Frenchman Rd N & Forest Blvd N, HUGO",TRAFFIC STOP
WASHINGTON COUNTY SHERIFFS OFFICE,HUGO,9/14/2026 11:20:31 AM,WC26047061,"15XXX  FALCON CIR N, HUGO",ALARM-BUSINESS/RES/FIRE/MEDICAL/ETC
WASHINGTON COUNTY SHERIFFS OFFICE,HUGO,9/14/2026 5:15:52 PM,WC26047107,"13XXX  EUROPA CT N, HUGO",MEDICAL
WASHINGTON COUNTY SHERIFFS OFFICE,HUGO,9/14/2026 8:41:05 PM,WC26047123,"12XXX  FERRARA AVE N, HUGO",ALARM-BUSINESS/RES/FIRE/MEDICAL/ETC
WASHINGTON COUNTY SHERIFFS OFFICE,HUGO,9/15/2026 12:00:00 AM,WC26047322,"FOREST BLVD N / FRENCHMAN RD, HUGO",TRAFFIC STOP
WASHINGTON COUNTY SHERIFFS OFFICE,HUGO,9/15/2026 3:56:52 AM,WC26047166,"122ND ST N / JANERO AVE N, HUGO",DISTURBANCE
WASHINGTON COUNTY SHERIFFS OFFICE,HUGO,9/15/2026 4:13:46 AM,WC26047167,"4XXX  162ND ST N, HUGO",ALARM-BUSINESS/RES/FIRE/MEDICAL/ETC
WASHINGTON COUNTY SHERIFFS OFFICE,HUGO,9/15/2026 9:46:00 AM,WC26047205,"ELMCREST AVE N/ FRENCHMAN RD , HUGO",ACCIDENT
WASHINGTON COUNTY SHERIFFS OFFICE,HUGO,9/15/2026 11:07:57 AM,WC26047223,"13XXX  GENEVA AVE N, HUGO",MEDICAL
WASHINGTON COUNTY SHERIFFS OFFICE,HUGO,9/15/2026 3:27:09 PM,WC26047261,"13XXX  GENEVA AVE N, HUGO",911 ABANDONED/HANGUP/OPEN LINE
WASHINGTON COUNTY SHERIFFS OFFICE,HUGO,9/15/2026 6:19:18 PM,WC26047295,"4XXX  ROSEMARY WAY N, HUGO",NOISE COMPLAINT/DISTURBANCE
WASHINGTON COUNTY SHERIFFS OFFICE,HUGO,9/15/2026 9:00:05 PM,WC26047312,"6XXX  150TH ST N, HUGO",911 ABANDONED/HANGUP/OPEN LINE
WASHINGTON COUNTY SHERIFFS OFFICE,HUGO,9/16/2026 5:36:16 AM,WC26047361,"4XXX  EMMIT DR N, HUGO",ALARM-BUSINESS/RES/FIRE/MEDICAL/ETC
WASHINGTON COUNTY SHERIFFS OFFICE,HUGO,9/16/2026 7:29:14 AM,WC26047366,"Unknown, HUGO",CITIZEN/PUBLIC ASSIST
WASHINGTON COUNTY SHERIFFS OFFICE,HUGO,9/16/2026 10:51:15 AM,WC26047406,"15XXX  FREEDOM DR N, HUGO",911 ABANDONED/HANGUP/OPEN LINE
WASHINGTON COUNTY SHERIFFS OFFICE,HUGO,9/16/2026 1:14:35 PM,WC26047423,"15XXX  FOREST BLVD N, HUGO",FOUND PROPERTY/ITEM
WASHINGTON COUNTY SHERIFFS OFFICE,HUGO,9/16/2026 1:19:45 PM,WC26047424,"6XXX  138TH CT N, HUGO",ALARM-BUSINESS/RES/FIRE/MEDICAL/ETC
WASHINGTON COUNTY SHERIFFS OFFICE,HUGO,9/16/2026 1:48:12 PM,WC26047428,"14XXX  VICTOR HUGO BLVD N, HUGO",FOUND PROPERTY/ITEM
WASHINGTON COUNTY SHERIFFS OFFICE,HUGO,9/16/2026 3:04:33 PM,WC26047441,"5XXX  130TH WAY N, HUGO",FRAUD/SCAM
WASHINGTON COUNTY SHERIFFS OFFICE,HUGO,9/16/2026 4:19:21 PM,WC26047455,"15XXX  FOREST BLVD N, HUGO",CITIZEN/PUBLIC ASSIST
WASHINGTON COUNTY SHERIFFS OFFICE,HUGO,9/16/2026 5:55:09 PM,WC26047468,"FRENCHMAN RD / ONEKA PKWY N, HUGO",TRAFFIC STOP
WASHINGTON COUNTY SHERIFFS OFFICE,HUGO,9/16/2026 7:12:34 PM,WC26047479,"13XXX  FLAY AVE N, HUGO",HARASSMENT
WASHINGTON COUNTY SHERIFFS OFFICE,HUGO,9/17/2026 3:22:48 PM,WC26047606,"4XXX  - 4651 FRENCHMAN RD, HUGO",TRAFFIC STOP
WASHINGTON COUNTY SHERIFFS OFFICE,HUGO,9/17/2026 4:53:05 PM,WC26047623,"5XXX  FINLEY BAY N, HUGO",SUSPICIOUS PERSON/ACTIVITY
WASHINGTON COUNTY SHERIFFS OFFICE,HUGO,9/17/2026 5:24:23 PM,WC26047626,"16XXX  FAIROAKS AVE N, HUGO",VEHICLE TAMPERING
WASHINGTON COUNTY SHERIFFS OFFICE,HUGO,9/17/2026 9:38:20 PM,WC26047658,"17XXX  - 17999 FOREST BLVD N, HUGO",DWI
WASHINGTON COUNTY SHERIFFS OFFICE,HUGO,9/17/2026 10:12:00 PM,WC26047665,"HWY 61 AT 165TH ST N, HUGO",TRAFFIC STOP
WASHINGTON COUNTY SHERIFFS OFFICE,HUGO,9/17/2026 10:50:49 PM,WC26047667,"6XXX  145TH CIR N, HUGO",THREATS
WASHINGTON COUNTY SHERIFFS OFFICE,HUGO,9/18/2026 1:49:00 AM,WC26047691,"2XXX  - 2399 MAIN ST, HUGO",TRAFFIC STOP
WASHINGTON COUNTY SHERIFFS OFFICE,HUGO,9/18/2026 1:25:55 PM,WC26047772,"5XXX  134TH ST N, HUGO",THEFT
WASHINGTON COUNTY SHERIFFS OFFICE,HUGO,9/18/2026 2:17:00 PM,WC26047775,"Forest Blvd N/ 140th St N , HUGO",TRAFFIC STOP
WASHINGTON COUNTY SHERIFFS OFFICE,HUGO,9/18/2026 2:46:58 PM,WC26047778,"14XXX  GLENBROOK AVE N, HUGO",HARASSMENT
WASHINGTON COUNTY SHERIFFS OFFICE,HUGO,9/18/2026 3:00:08 PM,WC26047780,"6XXX  165TH ST N, HUGO",VEHICLE UNLOCK
WASHINGTON COUNTY SHERIFFS OFFICE,HUGO,9/18/2026 4:16:39 PM,WC26047795,"5XXX  FINLEY BAY N, HUGO",SUSPICIOUS PERSON/ACTIVITY
WASHINGTON COUNTY SHERIFFS OFFICE,HUGO,9/18/2026 7:29:51 PM,WC26047813,"5XXX  134TH ST N, HUGO",UNWANTED PERSON/VEHICLE
WASHINGTON COUNTY SHERIFFS OFFICE,HUGO,9/18/2026 9:02:51 PM,WC26047818,"4XXX  PRAIRIE TRL N, HUGO",MEDICAL
WASHINGTON COUNTY SHERIFFS OFFICE,HUGO,9/18/2026 10:59:00 PM,WC26047827,"FRENCHMAN RD/ ONEKA PKWY N, HUGO",DWI
WASHINGTON COUNTY SHERIFFS OFFICE,HUGO,9/18/2026 11:03:36 PM,WC26047833,"15XXX  EMERALD DR N, HUGO",CIVIL MATTER/DISPUTE
WASHINGTON COUNTY SHERIFFS OFFICE,HUGO,9/18/2026 11:09:44 PM,WC26047831,"14XXX  FOREST BLVD N, HUGO",ALARM-BUSINESS/RES/FIRE/MEDICAL/ETC
WASHINGTON COUNTY SHERIFFS OFFICE,HUGO,9/19/2026 2:06:15 AM,WC26047854,"12XXX  FALCON CT N, HUGO",MEDICAL
WASHINGTON COUNTY SHERIFFS OFFICE,HUGO,9/19/2026 7:25:36 AM,WC26047873,"6XXX  EGG LAKE RD N , HUGO",PARKING VIOLATION
WASHINGTON COUNTY SHERIFFS OFFICE,HUGO,9/19/2026 3:07:40 PM,WC26047908,"JANERO AVE N / 122ND ST N, HUGO",WELFARE CHECK
WASHINGTON COUNTY SHERIFFS OFFICE,HUGO,9/19/2026 11:07:33 PM,WC26047996,"13XXX  GENEVA AVE N, HUGO",LIFT ASSIST
WASHINGTON COUNTY SHERIFFS OFFICE,LAKE ELMO,9/13/2026 12:41:31 AM,WC26046859,"XXX JADE TRL N, LAKE ELMO",MEDICAL
WASHINGTON COUNTY SHERIFFS OFFICE,LAKE ELMO,9/13/2026 10:00:31 AM,WC26046890,"8XXX  HUDSON BLVD N, LAKE ELMO",911 ABANDONED/HANGUP/OPEN LINE
WASHINGTON COUNTY SHERIFFS OFFICE,LAKE ELMO,9/13/2026 10:58:30 AM,WC26046895,"9XXX  JANE RD N, LAKE ELMO",DEATH
WASHINGTON COUNTY SHERIFFS OFFICE,LAKE ELMO,9/13/2026 11:56:15 AM,WC26046903,"4XXX  ISLE AVE N, LAKE ELMO",MEDICAL
WASHINGTON COUNTY SHERIFFS OFFICE,LAKE ELMO,9/13/2026 4:37:09 PM,WC26046928,"1XXX  KEATS AVE N, LAKE ELMO",PARKING VIOLATION
WASHINGTON COUNTY SHERIFFS OFFICE,LAKE ELMO,9/13/2026 5:58:07 PM,WC26046939,"1XXX  PALMER DR N, LAKE ELMO",ACCIDENT
WASHINGTON COUNTY SHERIFFS OFFICE,LAKE ELMO,9/13/2026 7:21:57 PM,WC26046949,"XXX JULIA AVE N, LAKE ELMO",TRESPASSING
WASHINGTON COUNTY SHERIFFS OFFICE,LAKE ELMO,9/13/2026 8:45:25 PM,WC26046958,"50TH ST N / DEMONTREVILLE TRL N, LAKE ELMO",ASSIST OTHER AGENCY
WASHINGTON COUNTY SHERIFFS OFFICE,LAKE ELMO,9/14/2026 3:43:00 AM,WC26047015,"HWY 36 EB AT LAKE ELMO AVE N, LAKE ELMO",ROAD HAZARD
WASHINGTON COUNTY SHERIFFS OFFICE,LAKE ELMO,9/14/2026 8:20:12 AM,WC26047031,"Unknown, LAKE ELMO",FOLLOW UP
WASHINGTON COUNTY SHERIFFS OFFICE,LAKE ELMO,9/14/2026 9:00:21 AM,WC26047038,"8XXX  HIDDEN BAY TRL N, LAKE ELMO",911 ABANDONED/HANGUP/OPEN LINE
WASHINGTON COUNTY SHERIFFS OFFICE,LAKE ELMO,9/14/2026 10:24:41 AM,WC26047057,"11XXX  20TH ST N, LAKE ELMO",SUSPICIOUS PERSON/ACTIVITY
WASHINGTON COUNTY SHERIFFS OFFICE,LAKE ELMO,9/14/2026 3:20:01 PM,WC26047091,"XXX JEWEL AVE N, LAKE ELMO",CITIZEN/PUBLIC ASSIST
WASHINGTON COUNTY SHERIFFS OFFICE,LAKE ELMO,9/14/2026 6:09:17 PM,WC26047113,"XXX JUNE AVE N, LAKE ELMO",FOLLOW UP
WASHINGTON COUNTY SHERIFFS OFFICE,LAKE ELMO,9/14/2026 6:12:13 PM,WC26047114,"MANNING TRL N / QUEEN ST N, LAKE ELMO",PUBLIC WORKS CONCERN
WASHINGTON COUNTY SHERIFFS OFFICE,LAKE ELMO,9/14/2026 6:28:49 PM,WC26047118,"XXX CIMARRON, LAKE ELMO",DISTURBANCE
WASHINGTON COUNTY SHERIFFS OFFICE,LAKE ELMO,9/14/2026 6:40:31 PM,WC26047120,"10TH ST N / JASMINE AVE N, LAKE ELMO",ACCIDENT
WASHINGTON COUNTY SHERIFFS OFFICE,LAKE ELMO,9/14/2026 11:15:36 PM,WC26047137,"8XXX  EAGLE POINT BLVD, LAKE ELMO",ALARM-BUSINESS/RES/FIRE/MEDICAL/ETC
WASHINGTON COUNTY SHERIFFS OFFICE,LAKE ELMO,9/14/2026 11:17:15 PM,WC26047139,"Unknown, LAKE ELMO",ASSIST OTHER AGENCY
WASHINGTON COUNTY SHERIFFS OFFICE,LAKE ELMO,9/15/2026 12:00:00 AM,WC26047316,"HWY 36 EB JWO KEATS AVE N, LAKE ELMO",TRAFFIC STOP
WASHINGTON COUNTY SHERIFFS OFFICE,LAKE ELMO,9/15/2026 12:46:11 AM,WC26047149,"1XXX  - 302 MANNING AVE N, LAKE ELMO",OPEN DOOR/WINDOW
WASHINGTON COUNTY SHERIFFS OFFICE,LAKE ELMO,9/15/2026 2:21:56 AM,WC26047161,"10XXX  10TH ST N, LAKE ELMO",OPEN DOOR/WINDOW
WASHINGTON COUNTY SHERIFFS OFFICE,LAKE ELMO,9/15/2026 6:45:56 AM,WC26047173,"8XXX  HUDSON BLVD N, LAKE ELMO",ALARM-BUSINESS/RES/FIRE/MEDICAL/ETC
WASHINGTON COUNTY SHERIFFS OFFICE,LAKE ELMO,9/15/2026 12:10:00 PM,WC26047228,"XXX CIMARRON, LAKE ELMO",CIVIL MATTER/DISPUTE
WASHINGTON COUNTY SHERIFFS OFFICE,LAKE ELMO,9/15/2026 12:32:00 PM,WC26047230,"XXX CIMARRON, LAKE ELMO",WELFARE CHECK
WASHINGTON COUNTY SHERIFFS OFFICE,LAKE ELMO,9/15/2026 12:46:39 PM,WC26047233,"XXX MANNING AVE N, LAKE ELMO",MEDICAL
WASHINGTON COUNTY SHERIFFS OFFICE,LAKE ELMO,9/15/2026 6:37:00 PM,WC26047299,"10TH ST N / INWOOD AVE N, LAKE ELMO",TRAFFIC STOP
WASHINGTON COUNTY SHERIFFS OFFICE,LAKE ELMO,9/15/2026 7:40:20 PM,WC26047305,"8XXX  HUDSON BLVD N, LAKE ELMO",SUSPICIOUS PERSON/ACTIVITY
WASHINGTON COUNTY SHERIFFS OFFICE,LAKE ELMO,9/15/2026 11:46:39 PM,WC26047330,"11XXX  39TH ST N, LAKE ELMO",MEDICAL
WASHINGTON COUNTY SHERIFFS OFFICE,LAKE ELMO,9/16/2026 12:02:05 PM,WC26047413,"STILLWATER BLVD N / MANNING AVE N, LAKE ELMO",SUSPICIOUS PERSON/ACTIVITY
WASHINGTON COUNTY SHERIFFS OFFICE,LAKE ELMO,9/16/2026 1:00:15 PM,WC26047421,"XXX MANNING AVE N, LAKE ELMO",MEDICAL
WASHINGTON COUNTY SHERIFFS OFFICE,LAKE ELMO,9/16/2026 1:28:47 PM,WC26047426,"XXX JADE TRL N, LAKE ELMO",FRAUD/SCAM
WASHINGTON COUNTY SHERIFFS OFFICE,LAKE ELMO,9/16/2026 2:51:52 PM,WC26047439,"9XXX  JADE WAY N, LAKE ELMO",FRAUD/SCAM
WASHINGTON COUNTY SHERIFFS OFFICE,LAKE ELMO,9/16/2026 5:14:19 PM,WC26047462,"XXX JADE TRL N, LAKE ELMO",MEDICAL
WASHINGTON COUNTY SHERIFFS OFFICE,LAKE ELMO,9/16/2026 5:21:01 PM,WC26047464,"8XXX  9TH PL N, LAKE ELMO",FRAUD/SCAM
WASHINGTON COUNTY SHERIFFS OFFICE,LAKE ELMO,9/16/2026 5:51:17 PM,WC26047467,"MANNING AVE N / 30TH ST N, LAKE ELMO",WELFARE CHECK
WASHINGTON COUNTY SHERIFFS OFFICE,LAKE ELMO,9/16/2026 6:56:55 PM,WC26047477,"XXX JADE TRL N, LAKE ELMO",MEDICAL
WASHINGTON COUNTY SHERIFFS OFFICE,LAKE ELMO,9/16/2026 8:02:04 PM,WC26047485,"3XXX  JAMACA AVE N, LAKE ELMO",MEDICAL
WASHINGTON COUNTY SHERIFFS OFFICE,LAKE ELMO,9/16/2026 10:49:18 PM,WC26047497,"HWY 36 WB JWO MANNING AVE N, LAKE ELMO",ASSIST OTHER AGENCY
WASHINGTON COUNTY SHERIFFS OFFICE,LAKE ELMO,9/17/2026 2:15:54 AM,WC26047515,"LAVERNE AVE N / 39TH ST N, LAKE ELMO",PUBLIC WORKS CONCERN
WASHINGTON COUNTY SHERIFFS OFFICE,LAKE ELMO,9/17/2026 7:07:34 AM,WC26047530,"XXX MANNING AVE N, LAKE ELMO",ALARM-BUSINESS/RES/FIRE/MEDICAL/ETC
WASHINGTON COUNTY SHERIFFS OFFICE,LAKE ELMO,9/17/2026 8:09:09 AM,WC26047536,"XXX JUNE AVE N, LAKE ELMO",FOLLOW UP
WASHINGTON COUNTY SHERIFFS OFFICE,LAKE ELMO,9/17/2026 8:09:59 AM,WC26047534,"3XXX  KINDRED WAY, LAKE ELMO",MEDICAL
WASHINGTON COUNTY SHERIFFS OFFICE,LAKE ELMO,9/17/2026 9:32:23 AM,WC26047542,"HWY 36 EB AT DEMONTREVILLE TRL N, LAKE ELMO",SUSPICIOUS PERSON/ACTIVITY
WASHINGTON COUNTY SHERIFFS OFFICE,LAKE ELMO,9/17/2026 12:43:18 PM,WC26047583,"9XXX  31ST ST N, LAKE ELMO",CIVIL MATTER/DISPUTE
WASHINGTON COUNTY SHERIFFS OFFICE,LAKE ELMO,9/17/2026 12:54:06 PM,WC26047586,"Unknown, LAKE ELMO",FRAUD/SCAM
WASHINGTON COUNTY SHERIFFS OFFICE,LAKE ELMO,9/17/2026 1:08:37 PM,WC26047585,"9XXX  JAMES CT N, LAKE ELMO",FRAUD/SCAM
WASHINGTON COUNTY SHERIFFS OFFICE,LAKE ELMO,9/17/2026 1:47:56 PM,WC26047593,"9XXX  JAMES CT N, LAKE ELMO",FRAUD/SCAM
WASHINGTON COUNTY SHERIFFS OFFICE,LAKE ELMO,9/17/2026 2:01:47 PM,WC26047594,"10XXX  56TH PL N, LAKE ELMO",911 ABANDONED/HANGUP/OPEN LINE
WASHINGTON COUNTY SHERIFFS OFFICE,LAKE ELMO,9/17/2026 2:15:48 PM,WC26047599,"11XXX  12TH ST N, LAKE ELMO",CIVIL MATTER/DISPUTE
WASHINGTON COUNTY SHERIFFS OFFICE,LAKE ELMO,9/17/2026 3:42:18 PM,WC26047611,"MANNING AVE N / STILLWATER BLVD N, LAKE ELMO",ACCIDENT
WASHINGTON COUNTY SHERIFFS OFFICE,LAKE ELMO,9/17/2026 5:00:43 PM,WC26047625,"9XXX  HUDSON BLVD N, LAKE ELMO",FRAUD/SCAM
WASHINGTON COUNTY SHERIFFS OFFICE,LAKE ELMO,9/17/2026 6:11:20 PM,WC26047631,"3XXX  JAMACA AVE N, LAKE ELMO",ANIMAL COMPLAINT
WASHINGTON COUNTY SHERIFFS OFFICE,LAKE ELMO,9/17/2026 8:16:33 PM,WC26047645,"XXX JADE TRL N, LAKE ELMO",MEDICAL
WASHINGTON COUNTY SHERIFFS OFFICE,LAKE ELMO,9/17/2026 10:28:31 PM,WC26047666,"9XXX  4TH ST N, LAKE ELMO",SUSPICIOUS PERSON/ACTIVITY
WASHINGTON COUNTY SHERIFFS OFFICE,LAKE ELMO,9/18/2026 12:00:00 AM,WC26047824,"10TH ST N / KEATS AVE N, LAKE ELMO",TRAFFIC STOP
WASHINGTON COUNTY SHERIFFS OFFICE,LAKE ELMO,9/18/2026 12:58:00 AM,WC26047680,"Highway 36 & KEATS AVE N, LAKE ELMO",DWI
WASHINGTON COUNTY SHERIFFS OFFICE,LAKE ELMO,9/18/2026 2:08:16 AM,WC26047695,"3XXX  IDEAL AVE N, LAKE ELMO",WELFARE CHECK
WASHINGTON COUNTY SHERIFFS OFFICE,LAKE ELMO,9/18/2026 4:35:44 AM,WC26047706,"11XXX  39TH ST N, LAKE ELMO",MEDICAL
WASHINGTON COUNTY SHERIFFS OFFICE,LAKE ELMO,9/18/2026 6:42:00 AM,WC26047711,"10XXX  - 10998 STILLWATER BLVD N, LAKE ELMO",TRAFFIC STOP
WASHINGTON COUNTY SHERIFFS OFFICE,LAKE ELMO,9/18/2026 12:50:36 PM,WC26047769,"LAKE ELMO AVE N / STILLWATER BLVD N, LAKE ELMO",WELFARE CHECK
WASHINGTON COUNTY SHERIFFS OFFICE,LAKE ELMO,9/18/2026 2:53:12 PM,WC26047779,"9XXX  HUDSON BLVD N, LAKE ELMO",MEDICAL
WASHINGTON COUNTY SHERIFFS OFFICE,LAKE ELMO,9/18/2026 5:57:28 PM,WC26047804,"11XXX  50TH ST N, LAKE ELMO",OFFICER INFORMATION
WASHINGTON COUNTY SHERIFFS OFFICE,LAKE ELMO,9/18/2026 6:23:18 PM,WC26047807,"9XXX  4TH ST N, LAKE ELMO",THEFT
WASHINGTON COUNTY SHERIFFS OFFICE,LAKE ELMO,9/18/2026 9:18:01 PM,WC26047820,"9XXX  4TH ST N, LAKE ELMO",HARASSMENT
WASHINGTON COUNTY SHERIFFS OFFICE,LAKE ELMO,9/18/2026 9:20:00 PM,WC26047821,"HWY 36 WB JEO HILTON TRL N, LAKE ELMO",TRAFFIC STOP
WASHINGTON COUNTY SHERIFFS OFFICE,LAKE ELMO,9/18/2026 11:35:59 PM,WC26047838,"Unknown, LAKE ELMO",OFFICER INFORMATION
WASHINGTON COUNTY SHERIFFS OFFICE,LAKE ELMO,9/19/2026 2:13:00 AM,WC26047855,"10XXX  - 10999 Highway 36, LAKE ELMO",TRAFFIC STOP
WASHINGTON COUNTY SHERIFFS OFFICE,LAKE ELMO,9/19/2026 4:33:00 AM,WC26047866,"Highway 36 & KEATS AVE N, LAKE ELMO",TRAFFIC STOP
WASHINGTON COUNTY SHERIFFS OFFICE,LAKE ELMO,9/19/2026 5:50:06 AM,WC26047868,"9XXX  59TH STREET CT N, LAKE ELMO",MEDICAL
WASHINGTON COUNTY SHERIFFS OFFICE,LAKE ELMO,9/19/2026 8:00:19 AM,WC26047874,"MANNING AVE N / STILLWATER BLVD N, LAKE ELMO",ANIMAL COMPLAINT
WASHINGTON COUNTY SHERIFFS OFFICE,LAKE ELMO,9/19/2026 8:35:14 AM,WC26047877,"11XXX  STILLWATER BLVD N, LAKE ELMO",ALARM-BUSINESS/RES/FIRE/MEDICAL/ETC
WASHINGTON COUNTY SHERIFFS OFFICE,LAKE SAINT CROIX BEACH,9/14/2026 8:00:43 AM,WC26047027,"16XXX  22ND ST S, LAKE SAINT CROIX BEACH",DANCO VIOLATION
WASHINGTON COUNTY SHERIFFS OFFICE,LAKE SAINT CROIX BEACH,9/15/2026 9:10:55 PM,WC26047314,"1XXX  QUEENS AVE S, LAKE SAINT CROIX BEACH",MEDICAL
WASHINGTON COUNTY SHERIFFS OFFICE,LAKELAND,9/14/2026 12:00:00 AM,WC26047129,"SAINT CROIX TRL N / 5TH ST N, LAKELAND",TRAFFIC STOP
WASHINGTON COUNTY SHERIFFS OFFICE,LAKELAND,9/15/2026 4:51:12 PM,WC26047284,"XXX QUINNELL AVE N, LAKELAND",911 ABANDONED/HANGUP/OPEN LINE
WASHINGTON COUNTY SHERIFFS OFFICE,LAKELAND,9/15/2026 5:10:31 PM,WC26047286,"XXX QUINNELL AVE N, LAKELAND",SUSPICIOUS PERSON/ACTIVITY
WASHINGTON COUNTY SHERIFFS OFFICE,LAKELAND,9/16/2026 3:52:22 PM,WC26047448,"XXX SAINT CROIX TRL S, LAKELAND",SUSPICIOUS PERSON/ACTIVITY
WASHINGTON COUNTY SHERIFFS OFFICE,LAKELAND,9/17/2026 4:02:47 PM,WC26047614,"Unknown, LAKELAND",FOLLOW UP
WASHINGTON COUNTY SHERIFFS OFFICE,LAKELAND,9/17/2026 7:52:56 PM,WC26047641,"SAINT CROIX TRL N / I94, LAKELAND",SUSPICIOUS PERSON/ACTIVITY
WASHINGTON COUNTY SHERIFFS OFFICE,LAKELAND,9/17/2026 8:03:48 PM,WC26047643,"XXX QUINNELL AVE N, LAKELAND",MEDICAL
WASHINGTON COUNTY SHERIFFS OFFICE,LAKELAND,9/18/2026 6:10:01 AM,WC26047709,"16XXX  5TH STREET CT N, LAKELAND",MEDICAL
WASHINGTON COUNTY SHERIFFS OFFICE,LAKELAND,9/18/2026 10:05:59 AM,WC26047757,"16XXX  QUALITY CT S, LAKELAND",MEDICAL
WASHINGTON COUNTY SHERIFFS OFFICE,LAKELAND,9/18/2026 4:00:22 PM,WC26047789,"XXX SAINT CROIX TRL S, LAKELAND",ACCIDENT
WASHINGTON COUNTY SHERIFFS OFFICE,LAKELAND,9/18/2026 4:13:24 PM,WC26047794,"16XXX  1ST ST N, LAKELAND",WELFARE CHECK
WASHINGTON COUNTY SHERIFFS OFFICE,LAKELAND,9/19/2026 10:45:26 AM,WC26047887,"I94 BRIDGE (HUDSON): I94 WB - MN, LAKELAND",ASSIST OTHER AGENCY
WASHINGTON COUNTY SHERIFFS OFFICE,LAKELAND SHORES,9/13/2026 9:07:55 AM,WC26046883,"XXX QUINLAN AVE S, LAKELAND SHORES",DRIVING COMPLAINT
WASHINGTON COUNTY SHERIFFS OFFICE,LAKELAND SHORES,9/15/2026 11:49:38 PM,WC26047333,"Unknown, LAKELAND SHORES",CITIZEN/PUBLIC ASSIST
WASHINGTON COUNTY SHERIFFS OFFICE,LAKELAND SHORES,9/19/2026 9:33:05 PM,WC26047968,"3RD ST S / SAINT CROIX TRL S, LAKELAND SHORES",TRAFFIC STOP
WASHINGTON COUNTY SHERIFFS OFFICE,LANDFALL,9/14/2026 3:50:39 PM,WC26047094,"XX GARDEN GLN, LANDFALL",CIVIL MATTER/DISPUTE
WASHINGTON COUNTY SHERIFFS OFFICE,LANDFALL,9/14/2026 4:22:47 PM,WC26047099,"DELLWOOD LN / DELLWOOD SQ S, LANDFALL",TRAFFIC STOP
WASHINGTON COUNTY SHERIFFS OFFICE,LANDFALL,9/15/2026 1:28:41 AM,WC26047152,"XX KOVE ST, LANDFALL",SUSPICIOUS PERSON/ACTIVITY
WASHINGTON COUNTY SHERIFFS OFFICE,LANDFALL,9/15/2026 2:53:24 PM,WC26047253,"Unknown, LANDFALL",ANIMAL COMPLAINT
WASHINGTON COUNTY SHERIFFS OFFICE,LANDFALL,9/16/2026 5:49:10 AM,WC26047362,"XX 2ND AVE, LANDFALL",MEDICAL
WASHINGTON COUNTY SHERIFFS OFFICE,LANDFALL,9/18/2026 8:27:51 AM,WC26047729,"XX IVY LN, LANDFALL",SUSPICIOUS PERSON/ACTIVITY
WASHINGTON COUNTY SHERIFFS OFFICE,LANDFALL,9/19/2026 12:15:21 PM,WC26047896,"XX Unknown, LANDFALL",CITIZEN/PUBLIC ASSIST
WASHINGTON COUNTY SHERIFFS OFFICE,LANDFALL,9/19/2026 2:53:02 PM,WC26047907,"XX 2ND AVE, LANDFALL",VEHICLE UNLOCK
WASHINGTON COUNTY SHERIFFS OFFICE,MAHTOMEDI,9/13/2026 1:31:36 AM,WC26046863,"XXX HALLAM AVE S, MAHTOMEDI",DISTURBANCE
WASHINGTON COUNTY SHERIFFS OFFICE,MAHTOMEDI,9/13/2026 8:28:26 AM,WC26046880,"XXX MAHTOMEDI AVE, MAHTOMEDI",MEDICAL
WASHINGTON COUNTY SHERIFFS OFFICE,MAHTOMEDI,9/13/2026 8:38:02 AM,WC26046881,"XX MAHTOMEDI AVE, MAHTOMEDI",MEDICAL
WASHINGTON COUNTY SHERIFFS OFFICE,MAHTOMEDI,9/13/2026 10:37:41 AM,WC26046893,"XXX ECHO SHORES CT, MAHTOMEDI",MEDICAL
WASHINGTON COUNTY SHERIFFS OFFICE,MAHTOMEDI,9/13/2026 1:23:40 PM,WC26046911,"LONG LAKE RD / LEDGESTONE DR, MAHTOMEDI",ANIMAL COMPLAINT
WASHINGTON COUNTY SHERIFFS OFFICE,MAHTOMEDI,9/13/2026 3:19:26 PM,WC26046921,"XXX EAST AVE, MAHTOMEDI",MEDICAL
WASHINGTON COUNTY SHERIFFS OFFICE,MAHTOMEDI,9/13/2026 4:38:42 PM,WC26046929,"1XXX  WARNER AVE N, MAHTOMEDI",MEDICAL
WASHINGTON COUNTY SHERIFFS OFFICE,MAHTOMEDI,9/13/2026 5:48:29 PM,WC26046938,"XX NEPTUNE ST, MAHTOMEDI",ROAD HAZARD
WASHINGTON COUNTY SHERIFFS OFFICE,MAHTOMEDI,9/13/2026 7:59:07 PM,WC26046954,"1XXX  MAHTOMEDI AVE, MAHTOMEDI",MEDICAL
WASHINGTON COUNTY SHERIFFS OFFICE,MAHTOMEDI,9/13/2026 9:08:18 PM,WC26046960,"1XXX  mahtomedi ave, MAHTOMEDI",FOLLOW UP
WASHINGTON COUNTY SHERIFFS OFFICE,MAHTOMEDI,9/14/2026 1:50:42 AM,WC26046999,"XX LONG LAKE RD, MAHTOMEDI",ALARM-BUSINESS/RES/FIRE/MEDICAL/ETC
WASHINGTON COUNTY SHERIFFS OFFICE,MAHTOMEDI,9/14/2026 8:51:47 AM,WC26047035,"XX HICKORY ST, MAHTOMEDI",MEDICAL
WASHINGTON COUNTY SHERIFFS OFFICE,MAHTOMEDI,9/14/2026 10:24:28 AM,WC26047054,"XXX STILLWATER RD, MAHTOMEDI",FOLLOW UP
WASHINGTON COUNTY SHERIFFS OFFICE,MAHTOMEDI,9/14/2026 11:03:11 AM,WC26047059,"XXX OLD WILDWOOD RD, MAHTOMEDI",PARKING COMPLAINT
WASHINGTON COUNTY SHERIFFS OFFICE,MAHTOMEDI,9/14/2026 11:26:20 AM,WC26047063,"1XXX  HARMONY DR, MAHTOMEDI",CITIZEN/PUBLIC ASSIST
WASHINGTON COUNTY SHERIFFS OFFICE,MAHTOMEDI,9/14/2026 2:46:35 PM,WC26047085,"XXX EAST AVE, MAHTOMEDI",911 ABANDONED/HANGUP/OPEN LINE
WASHINGTON COUNTY SHERIFFS OFFICE,MAHTOMEDI,9/14/2026 6:29:24 PM,WC26047116,"XXX LOCUST ST, MAHTOMEDI",911 ABANDONED/HANGUP/OPEN LINE
WASHINGTON COUNTY SHERIFFS OFFICE,MAHTOMEDI,9/14/2026 9:12:42 PM,WC26047125,"XXX WOODLAND DR, MAHTOMEDI",DISTURBANCE
WASHINGTON COUNTY SHERIFFS OFFICE,MAHTOMEDI,9/15/2026 9:08:58 AM,WC26047191,"XXX EAST AVE, MAHTOMEDI",MEDICAL
WASHINGTON COUNTY SHERIFFS OFFICE,MAHTOMEDI,9/15/2026 10:53:00 AM,WC26047220,"XXX WEDGEWOOD CT, MAHTOMEDI",ALARM-BUSINESS/RES/FIRE/MEDICAL/ETC
WASHINGTON COUNTY SHERIFFS OFFICE,MAHTOMEDI,9/15/2026 11:01:50 AM,WC26047221,"1XXX  LINCOLNTOWN AVE, MAHTOMEDI",Medical
WASHINGTON COUNTY SHERIFFS OFFICE,MAHTOMEDI,9/15/2026 12:53:57 PM,WC26047234,"XXX WILDWOOD RD, MAHTOMEDI",Medical
WASHINGTON COUNTY SHERIFFS OFFICE,MAHTOMEDI,9/15/2026 1:00:35 PM,WC26047238,"3XXX  CENTURY AVE, MAHTOMEDI",VEHICLE UNLOCK
WASHINGTON COUNTY SHERIFFS OFFICE,MAHTOMEDI,9/15/2026 2:42:03 PM,WC26047252,"XXX QUAIL ST, MAHTOMEDI",ASSAULT
WASHINGTON COUNTY SHERIFFS OFFICE,MAHTOMEDI,9/15/2026 3:44:03 PM,WC26047265,"XXX EAST AVE, MAHTOMEDI",MEDICAL
WASHINGTON COUNTY SHERIFFS OFFICE,MAHTOMEDI,9/15/2026 4:22:05 PM,WC26047274,"3XXX  CENTURY AVE, MAHTOMEDI",ACCIDENT
WASHINGTON COUNTY SHERIFFS OFFICE,MAHTOMEDI,9/15/2026 10:03:06 PM,WC26047326,"XXX EAST AVE, MAHTOMEDI",ALARM-BUSINESS/RES/FIRE/MEDICAL/ETC
WASHINGTON COUNTY SHERIFFS OFFICE,MAHTOMEDI,9/16/2026 8:36:16 AM,WC26047375,"XXX MAHTOMEDI AVE, MAHTOMEDI",CIVIL MATTER/DISPUTE
WASHINGTON COUNTY SHERIFFS OFFICE,MAHTOMEDI,9/16/2026 11:54:27 AM,WC26047415,"XX LONG LAKE RD, MAHTOMEDI",FRAUD/SCAM
WASHINGTON COUNTY SHERIFFS OFFICE,MAHTOMEDI,9/16/2026 1:53:07 PM,WC26047429,"XXX JESSE JAMES LN, MAHTOMEDI",MEDICAL
WASHINGTON COUNTY SHERIFFS OFFICE,MAHTOMEDI,9/16/2026 4:02:07 PM,WC26047450,"XXX EAST AVE, MAHTOMEDI",MEDICAL
WASHINGTON COUNTY SHERIFFS OFFICE,MAHTOMEDI,9/16/2026 7:07:00 PM,WC26047478,"1XXX  ECHO LAKE CT, MAHTOMEDI",FRAUD/SCAM
WASHINGTON COUNTY SHERIFFS OFFICE,MAHTOMEDI,9/17/2026 8:07:28 AM,WC26047537,"XXX WILDWOOD RD, MAHTOMEDI",JUVENILE COMPLAINT
WASHINGTON COUNTY SHERIFFS OFFICE,MAHTOMEDI,9/17/2026 8:08:12 AM,WC26047532,"XXX STILLWATER RD, MAHTOMEDI",ALARM-BUSINESS/RES/FIRE/MEDICAL/ETC
WASHINGTON COUNTY SHERIFFS OFFICE,MAHTOMEDI,9/17/2026 2:07:46 PM,WC26047597,"1XXX  LINCOLNTOWN AVE, MAHTOMEDI",DRUGS
WASHINGTON COUNTY SHERIFFS OFFICE,MAHTOMEDI,9/17/2026 2:35:30 PM,WC26047602,"3XXX  CENTURY AVE, MAHTOMEDI",ACCIDENT
WASHINGTON COUNTY SHERIFFS OFFICE,MAHTOMEDI,9/17/2026 4:53:35 PM,WC26047624,"XXX WILDWOOD RD, MAHTOMEDI",VEHICLE TAMPERING
WASHINGTON COUNTY SHERIFFS OFFICE,MAHTOMEDI,9/17/2026 7:25:27 PM,WC26047640,"XXX WEDGEWOOD DR, MAHTOMEDI",SUSPICIOUS PERSON/ACTIVITY
WASHINGTON COUNTY SHERIFFS OFFICE,MAHTOMEDI,9/17/2026 8:04:18 PM,WC26047644,"HWY 120 AT CENTURY COLLEGE, MAHTOMEDI",ANIMAL COMPLAINT
WASHINGTON COUNTY SHERIFFS OFFICE,MAHTOMEDI,9/18/2026 4:24:57 AM,WC26047705,"XXX EAST AVE, MAHTOMEDI",MEDICAL
WASHINGTON COUNTY SHERIFFS OFFICE,MAHTOMEDI,9/18/2026 8:40:08 AM,WC26047731,"XXX EAST AVE, MAHTOMEDI",MEDICAL
WASHINGTON COUNTY SHERIFFS OFFICE,MAHTOMEDI,9/18/2026 12:59:42 PM,WC26047770,"XX MAHTOMEDI AVE, MAHTOMEDI",MEDICAL
WASHINGTON COUNTY SHERIFFS OFFICE,MAHTOMEDI,9/18/2026 8:00:09 PM,WC26047814,"1XXX  WARNER AVE N, MAHTOMEDI",911 ABANDONED/HANGUP/OPEN LINE
WASHINGTON COUNTY SHERIFFS OFFICE,MAHTOMEDI,9/18/2026 11:42:57 PM,WC26047837,"XXX EAST AVE, MAHTOMEDI",CITIZEN/PUBLIC ASSIST
WASHINGTON COUNTY SHERIFFS OFFICE,MAHTOMEDI,9/19/2026 1:54:02 AM,WC26047851,"XXX QUAIL ST, MAHTOMEDI",MEDICAL
WASHINGTON COUNTY SHERIFFS OFFICE,MAHTOMEDI,9/19/2026 3:49:07 AM,WC26047864,"XXX HICKORY ST, MAHTOMEDI",MEDICAL
WASHINGTON COUNTY SHERIFFS OFFICE,MAHTOMEDI,9/19/2026 4:24:20 AM,WC26047865,"XXX EAST AVE, MAHTOMEDI",MEDICAL
WASHINGTON COUNTY SHERIFFS OFFICE,MAHTOMEDI,9/19/2026 5:26:30 AM,WC26047867,"XXX HANSON RD, MAHTOMEDI",911 ABANDONED/HANGUP/OPEN LINE
WASHINGTON COUNTY SHERIFFS OFFICE,MAHTOMEDI,9/19/2026 6:33:07 AM,WC26047870,"XXX HANSON RD, MAHTOMEDI",911 ABANDONED/HANGUP/OPEN LINE
WASHINGTON COUNTY SHERIFFS OFFICE,MAHTOMEDI,9/19/2026 9:36:15 AM,WC26047879,"Unknown, MAHTOMEDI",PARK COMPLAINT
WASHINGTON COUNTY SHERIFFS OFFICE,MAHTOMEDI,9/19/2026 9:55:58 AM,WC26047882,"XXX WEDGEWOOD DR, MAHTOMEDI",PARK COMPLAINT
WASHINGTON COUNTY SHERIFFS OFFICE,MAHTOMEDI,9/19/2026 11:09:35 AM,WC26047890,"XXX WILDWOOD BAY DR, MAHTOMEDI",ALARM-BUSINESS/RES/FIRE/MEDICAL/ETC
WASHINGTON COUNTY SHERIFFS OFFICE,MAHTOMEDI,9/19/2026 11:31:55 AM,WC26047892,"XXX MAHTOMEDI AVE, MAHTOMEDI",THEFT
WASHINGTON COUNTY SHERIFFS OFFICE,MAHTOMEDI,9/19/2026 11:41:34 AM,WC26047894,"Unknown, MAHTOMEDI",FRAUD/SCAM
WASHINGTON COUNTY SHERIFFS OFFICE,MAHTOMEDI,9/19/2026 3:45:32 PM,WC26047911,"3XXX  CENTURY AVE, MAHTOMEDI",DISTURBANCE
WASHINGTON COUNTY SHERIFFS OFFICE,MAHTOMEDI,9/19/2026 7:02:25 PM,WC26047939,"XXX WILDWOOD RD, MAHTOMEDI",CIVIL MATTER/DISPUTE
WASHINGTON COUNTY SHERIFFS OFFICE,MAHTOMEDI,9/19/2026 11:10:34 PM,WC26047995,"XXX WILDWOOD BAY DR, MAHTOMEDI",DISTURBANCE
WASHINGTON COUNTY SHERIFFS OFFICE,MARINE ON SAINT CROIX,9/17/2026 4:11:01 PM,WC26047618,"XXX JUDD ST, MARINE ON SAINT CROIX",FRAUD/SCAM
WASHINGTON COUNTY SHERIFFS OFFICE,MARINE ON SAINT CROIX,9/18/2026 1:48:44 PM,WC26047774,"18XXX  SAINT CROIX TRL N, MARINE ON SAINT CROIX",CITIZEN/PUBLIC ASSIST
WASHINGTON COUNTY SHERIFFS OFFICE,MARINE ON SAINT CROIX,9/19/2026 12:39:22 PM,WC26047897,"SAINT CROIX RIVER WM OBRIEN-MAR, MARINE ON SAINT CROIX",ANIMAL COMPLAINT
WASHINGTON COUNTY SHERIFFS OFFICE,MARINE ON SAINT CROIX,9/19/2026 8:21:22 PM,WC26047951,"15XXX  SAINT CROIX TRL N, MARINE ON SAINT CROIX",WELFARE CHECK
WASHINGTON COUNTY SHERIFFS OFFICE,MAY TOWNSHIP,9/14/2026 11:11:24 AM,WC26047065,"15XXX  OSTRUM TRL N, MAY TOWNSHIP",CITIZEN/PUBLIC ASSIST
WASHINGTON COUNTY SHERIFFS OFFICE,MAY TOWNSHIP,9/14/2026 2:33:12 PM,WC26047083,"16XXX  NORELL AVE N, MAY TOWNSHIP",CITIZEN/PUBLIC ASSIST
WASHINGTON COUNTY SHERIFFS OFFICE,MAY TOWNSHIP,9/14/2026 3:00:52 PM,WC26047089,"16XXX  ORWELL RD N, MAY TOWNSHIP",PUBLIC WORKS CONCERN
WASHINGTON COUNTY SHERIFFS OFFICE,MAY TOWNSHIP,9/14/2026 6:18:46 PM,WC26047115,"12XXX  RAVINE CIR N, MAY TOWNSHIP",ALARM-BUSINESS/RES/FIRE/MEDICAL/ETC
WASHINGTON COUNTY SHERIFFS OFFICE,MAY TOWNSHIP,9/15/2026 4:36:54 AM,WC26047168,"14XXX  MANNING TRL N, MAY TOWNSHIP",ACCIDENT
WASHINGTON COUNTY SHERIFFS OFFICE,MAY TOWNSHIP,9/15/2026 11:50:50 AM,WC26047227,"16XXX  ORWELL RD N, MAY TOWNSHIP",MEDICAL
WASHINGTON COUNTY SHERIFFS OFFICE,MAY TOWNSHIP,9/15/2026 4:48:50 PM,WC26047283,"14XXX  KIRBY AVE N, MAY TOWNSHIP",911 ABANDONED/HANGUP/OPEN LINE
WASHINGTON COUNTY SHERIFFS OFFICE,MAY TOWNSHIP,9/16/2026 3:49:22 AM,WC26047357,"11XXX  NORELL AVE N, MAY TOWNSHIP",SUSPICIOUS PERSON/ACTIVITY
WASHINGTON COUNTY SHERIFFS OFFICE,MAY TOWNSHIP,9/16/2026 9:06:13 AM,WC26047376,"14XXX  OSTRUM TRL N, MAY TOWNSHIP",MEDICAL
WASHINGTON COUNTY SHERIFFS OFFICE,MAY TOWNSHIP,9/16/2026 7:36:07 PM,WC26047483,"155TH ST N / MANNING TRL N, MAY TOWNSHIP",DEER TAG
WASHINGTON COUNTY SHERIFFS OFFICE,MAY TOWNSHIP,9/17/2026 6:21:53 PM,WC26047635,"NORELL AVE N / SQUARE LAKE TRL N, MAY TOWNSHIP",VEHICLE OFF ROAD
WASHINGTON COUNTY SHERIFFS OFFICE,MAY TOWNSHIP,9/17/2026 7:18:02 PM,WC26047639,"SQUARE LAKE TRL N / NORELL AVE N, MAY TOWNSHIP",CITIZEN/PUBLIC ASSIST
WASHINGTON COUNTY SHERIFFS OFFICE,MAY TOWNSHIP,9/18/2026 6:55:22 AM,WC26047712,"13XXX  MANNING TRL N, MAY TOWNSHIP",CITIZEN/PUBLIC ASSIST
WASHINGTON COUNTY SHERIFFS OFFICE,MAY TOWNSHIP,9/18/2026 8:39:13 PM,WC26047816,"15XXX  - 15510 SQUARE LAKE TRL N, MAY TOWNSHIP",PARK INCIDENT-CITY/COUNTY
WASHINGTON COUNTY SHERIFFS OFFICE,MAY TOWNSHIP,9/19/2026 9:51:07 AM,WC26047881,"12XXX  Otchipwe Ave N, MAY TOWNSHIP",CIVIL MATTER/DISPUTE
WASHINGTON COUNTY SHERIFFS OFFICE,NEWPORT,9/13/2026 4:38:31 AM,WC26046870,"XXX 6TH AVE, NEWPORT",SUSPICIOUS PERSON/ACTIVITY
WASHINGTON COUNTY SHERIFFS OFFICE,NEWPORT,9/13/2026 7:58:59 AM,WC26046877,"2XXX  HASTINGS AVE, NEWPORT",CIVIL MATTER/DISPUTE
WASHINGTON COUNTY SHERIFFS OFFICE,NEWPORT,9/13/2026 3:03:54 PM,WC26046917,"CEDAR LN / 21ST ST, NEWPORT",DISTURBANCE
WASHINGTON COUNTY SHERIFFS OFFICE,NEWPORT,9/13/2026 6:20:00 PM,WC26046942,"GLEN RD / GLEN TER, NEWPORT",TRAFFIC STOP
WASHINGTON COUNTY SHERIFFS OFFICE,NEWPORT,9/13/2026 6:24:31 PM,WC26046944,"3XXX  MAXWELL AVE, NEWPORT",FIRE
WASHINGTON COUNTY SHERIFFS OFFICE,NEWPORT,9/13/2026 7:30:47 PM,WC26046951,"HWY 61 NB JSO GLEN RD, NEWPORT",MOTORIST ASSIST
WASHINGTON COUNTY SHERIFFS OFFICE,NEWPORT,9/13/2026 11:52:50 PM,WC26046976,"XXX RED ROCK XING, NEWPORT",MEDICAL
WASHINGTON COUNTY SHERIFFS OFFICE,NEWPORT,9/13/2026 11:54:51 PM,WC26046985,"1XXX  7TH AVE, NEWPORT",NOISE COMPLAINT/DISTURBANCE
WASHINGTON COUNTY SHERIFFS OFFICE,NEWPORT,9/14/2026 1:35:50 AM,WC26046998,"12TH ST / 10TH AVE, NEWPORT",WELFARE CHECK
WASHINGTON COUNTY SHERIFFS OFFICE,NEWPORT,9/14/2026 2:05:46 AM,WC26047000,"1XXX  8TH AVE, NEWPORT",SUSPICIOUS PERSON/ACTIVITY
WASHINGTON COUNTY SHERIFFS OFFICE,NEWPORT,9/14/2026 2:08:27 AM,WC26047001,"Unknown, NEWPORT",FOLLOW UP
WASHINGTON COUNTY SHERIFFS OFFICE,NEWPORT,9/14/2026 9:01:26 AM,WC26047045,"15TH ST / 7TH AVE, NEWPORT",MOTORIST ASSIST
WASHINGTON COUNTY SHERIFFS OFFICE,NEWPORT,9/14/2026 10:18:48 AM,WC26047053,"15TH ST / BLUESTEM LN, NEWPORT",PARKING VIOLATION
WASHINGTON COUNTY SHERIFFS OFFICE,NEWPORT,9/14/2026 11:41:20 AM,WC26047067,"1XXX  MARK CT, NEWPORT",THREATS
WASHINGTON COUNTY SHERIFFS OFFICE,NEWPORT,9/14/2026 1:37:37 PM,WC26047077,"Unknown, NEWPORT",FOLLOW UP
WASHINGTON COUNTY SHERIFFS OFFICE,NEWPORT,9/14/2026 4:06:00 PM,WC26047097,"XXX 21ST ST, NEWPORT",THEFT
WASHINGTON COUNTY SHERIFFS OFFICE,NEWPORT,9/14/2026 6:08:40 PM,WC26047112,"1XXX  2ND AVE, NEWPORT",OTHER
WASHINGTON COUNTY SHERIFFS OFFICE,NEWPORT,9/14/2026 6:56:48 PM,WC26047121,"1XXX  HASTINGS AVE, NEWPORT",CIVIL MATTER/DISPUTE
WASHINGTON COUNTY SHERIFFS OFFICE,NEWPORT,9/15/2026 12:00:00 AM,WC26047192,"HWY 61 NB JNO 70TH ST S, NEWPORT",TRAFFIC COMPLAINT
WASHINGTON COUNTY SHERIFFS OFFICE,NEWPORT,9/15/2026 2:06:23 AM,WC26047159,"2XXX  HASTINGS AVE, NEWPORT",ALARM-BUSINESS/RES/FIRE/MEDICAL/ETC
WASHINGTON COUNTY SHERIFFS OFFICE,NEWPORT,9/15/2026 5:47:16 AM,WC26047169,"XXX RED ROCK RD, NEWPORT",OFFICER INFORMATION
WASHINGTON COUNTY SHERIFFS OFFICE,NEWPORT,9/15/2026 5:57:37 AM,WC26047171,"1XXX  10TH AVE, NEWPORT",LIFT ASSIST
WASHINGTON COUNTY SHERIFFS OFFICE,NEWPORT,9/15/2026 6:57:34 AM,WC26047174,"1XXX  2ND AVE, NEWPORT",CITIZEN/PUBLIC ASSIST
WASHINGTON COUNTY SHERIFFS OFFICE,NEWPORT,9/15/2026 7:06:49 AM,WC26047175,"HWY 61 NB JNO GLEN RD, NEWPORT",DRIVING COMPLAINT
WASHINGTON COUNTY SHERIFFS OFFICE,NEWPORT,9/15/2026 8:10:00 AM,WC26047182,"1XXX  3RD AVE, NEWPORT",PROPERTY DAMAGE
WASHINGTON COUNTY SHERIFFS OFFICE,NEWPORT,9/15/2026 8:32:36 AM,WC26047187,"RED ROCK RD / MAXWELL AVE, NEWPORT",ACCIDENT
WASHINGTON COUNTY SHERIFFS OFFICE,NEWPORT,9/15/2026 2:35:03 PM,WC26047250,"XXX RED ROCK XING, NEWPORT",PARKING COMPLAINT
WASHINGTON COUNTY SHERIFFS OFFICE,NEWPORT,9/15/2026 3:02:57 PM,WC26047255,"15TH ST / BLUESTEM LN, NEWPORT",PARKING VIOLATION
WASHINGTON COUNTY SHERIFFS OFFICE,NEWPORT,9/15/2026 3:06:00 PM,WC26047256,"GLEN RD / WOODBURY RD, NEWPORT",TRAFFIC STOP
WASHINGTON COUNTY SHERIFFS OFFICE,NEWPORT,9/15/2026 3:25:11 PM,WC26047258,"10TH AVE / BLUESTEM LN, NEWPORT",CITIZEN/PUBLIC ASSIST
WASHINGTON COUNTY SHERIFFS OFFICE,NEWPORT,9/15/2026 4:32:15 PM,WC26047276,"1XXX  MARK CT, NEWPORT",LIFT ASSIST
WASHINGTON COUNTY SHERIFFS OFFICE,NEWPORT,9/15/2026 4:38:33 PM,WC26047281,"1XXX  10TH AVE, NEWPORT",ACCIDENT
WASHINGTON COUNTY SHERIFFS OFFICE,NEWPORT,9/15/2026 4:40:39 PM,WC26047282,"XXX 16TH ST, NEWPORT",FRAUD/SCAM
WASHINGTON COUNTY SHERIFFS OFFICE,NEWPORT,9/15/2026 6:27:36 PM,WC26047297,"1XXX  10TH AVE, NEWPORT",MEDICAL
WASHINGTON COUNTY SHERIFFS OFFICE,NEWPORT,9/15/2026 7:03:54 PM,WC26047302,"HWY 61 NB TO I494 WB RAMP, NEWPORT",ACCIDENT
WASHINGTON COUNTY SHERIFFS OFFICE,NEWPORT,9/15/2026 7:55:02 PM,WC26047308,"1XXX  BLUESTEM LN, NEWPORT",CIVIL MATTER/DISPUTE
WASHINGTON COUNTY SHERIFFS OFFICE,NEWPORT,9/15/2026 8:20:21 PM,WC26047309,"XXX TULARE TER, NEWPORT",ALARM-BUSINESS/RES/FIRE/MEDICAL/ETC
WASHINGTON COUNTY SHERIFFS OFFICE,NEWPORT,9/15/2026 11:46:50 PM,WC26047331,"1XXX  10th Ave, NEWPORT",LIFT ASSIST
WASHINGTON COUNTY SHERIFFS OFFICE,NEWPORT,9/15/2026 11:55:33 PM,WC26047335,"2XXX  HASTINGS AVE, NEWPORT",SUICIDE ATTEMPT/THREATS OF
WASHINGTON COUNTY SHERIFFS OFFICE,NEWPORT,9/16/2026 6:30:43 AM,WC26047363,"1XXX  HASTINGS AVE, NEWPORT",ACCIDENT
WASHINGTON COUNTY SHERIFFS OFFICE,NEWPORT,9/16/2026 7:58:14 AM,WC26047370,"1XXX  MILITARY RD, NEWPORT",ACCIDENT
WASHINGTON COUNTY SHERIFFS OFFICE,NEWPORT,9/16/2026 12:26:31 PM,WC26047417,"1XXX  10TH AVE, NEWPORT",LIFT ASSIST
WASHINGTON COUNTY SHERIFFS OFFICE,NEWPORT,9/16/2026 4:10:06 PM,WC26047452,"XXX 21ST ST, NEWPORT",MEDICAL
WASHINGTON COUNTY SHERIFFS OFFICE,NEWPORT,9/16/2026 6:16:19 PM,WC26047473,"2XXX  HASTINGS AVE, NEWPORT",ALARM-BUSINESS/RES/FIRE/MEDICAL/ETC
WASHINGTON COUNTY SHERIFFS OFFICE,NEWPORT,9/16/2026 8:56:18 PM,WC26047487,"1XXX  10TH AVE, NEWPORT",MEDICAL
WASHINGTON COUNTY SHERIFFS OFFICE,NEWPORT,9/17/2026 12:00:00 AM,WC26047632,"HASTINGS AVE / 65TH ST, NEWPORT",TRAFFIC STOP
WASHINGTON COUNTY SHERIFFS OFFICE,NEWPORT,9/17/2026 5:52:01 AM,WC26047527,"XXX RED ROCK RD, NEWPORT",OFFICER INFORMATION
WASHINGTON COUNTY SHERIFFS OFFICE,NEWPORT,9/17/2026 2:13:50 PM,WC26047598,"1XXX  10TH AVE, NEWPORT",MEDICAL
WASHINGTON COUNTY SHERIFFS OFFICE,NEWPORT,9/17/2026 2:50:30 PM,WC26047604,"XXX - 298 7TH AVE, NEWPORT",DIRECTED PATROL
WASHINGTON COUNTY SHERIFFS OFFICE,NEWPORT,9/17/2026 3:17:01 PM,WC26047605,"GLEN RD OVER HWY 61, NEWPORT",MOTORIST ASSIST
WASHINGTON COUNTY SHERIFFS OFFICE,NEWPORT,9/17/2026 3:55:32 PM,WC26047612,"GLEN RD / 7TH AVE, NEWPORT",CITIZEN/PUBLIC ASSIST
WASHINGTON COUNTY SHERIFFS OFFICE,NEWPORT,9/17/2026 10:07:02 PM,WC26047664,"RED ROCK XING / MAXWELL AVE, NEWPORT",TRAFFIC STOP
WASHINGTON COUNTY SHERIFFS OFFICE,NEWPORT,9/18/2026 2:17:33 AM,WC26047698,"7TH AVE / GLEN RD, NEWPORT",ANIMAL COMPLAINT
WASHINGTON COUNTY SHERIFFS OFFICE,NEWPORT,9/18/2026 9:21:00 AM,WC26047747,"1XXX  BLUESTEM LN, NEWPORT",DISORDERLY CONDUCT
WASHINGTON COUNTY SHERIFFS OFFICE,NEWPORT,9/18/2026 9:46:32 AM,WC26047758,"1XXX  10TH AVE, NEWPORT",MEDICAL
WASHINGTON COUNTY SHERIFFS OFFICE,NEWPORT,9/18/2026 11:16:13 AM,WC26047760,"2XXX  CIRCLE DR, NEWPORT",MEDICAL
WASHINGTON COUNTY SHERIFFS OFFICE,NEWPORT,9/18/2026 3:02:45 PM,WC26047781,"XXX 6TH AVE, NEWPORT",JUVENILE COMPLAINT
WASHINGTON COUNTY SHERIFFS OFFICE,NEWPORT,9/18/2026 3:47:13 PM,WC26047786,"XXX RED ROCK XING, NEWPORT",PARKING COMPLAINT
WASHINGTON COUNTY SHERIFFS OFFICE,NEWPORT,9/18/2026 5:49:00 PM,WC26047803,"1XXX  3RD AVE, NEWPORT",FOLLOW UP
WASHINGTON COUNTY SHERIFFS OFFICE,NEWPORT,9/18/2026 6:46:37 PM,WC26047808,"1XXX  BLUESTEM LN, NEWPORT",PROPERTY DAMAGE
WASHINGTON COUNTY SHERIFFS OFFICE,NEWPORT,9/18/2026 6:59:28 PM,WC26047812,"Unknown, NEWPORT",WELFARE CHECK
WASHINGTON COUNTY SHERIFFS OFFICE,NEWPORT,9/19/2026 3:44:00 AM,WC26047863,"1XXX  10TH AVE, NEWPORT",911 ABANDONED/HANGUP/OPEN LINE
WASHINGTON COUNTY SHERIFFS OFFICE,NEWPORT,9/19/2026 7:04:50 AM,WC26047872,"XXX RED ROCK XING, NEWPORT",RUNAWAY
WASHINGTON COUNTY SHERIFFS OFFICE,NEWPORT,9/19/2026 1:15:30 PM,WC26047899,"1XXX  10TH AVE, NEWPORT",MEDICAL
WASHINGTON COUNTY SHERIFFS OFFICE,NEWPORT,9/19/2026 3:55:54 PM,WC26047912,"XXX RED ROCK XING, NEWPORT",ANIMAL COMPLAINT
WASHINGTON COUNTY SHERIFFS OFFICE,NEWPORT,9/19/2026 4:05:57 PM,WC26047915,"1XXX  4TH AVE, NEWPORT",THEFT
WASHINGTON COUNTY SHERIFFS OFFICE,NEWPORT,9/19/2026 7:19:26 PM,WC26047941,"1XXX  CEDAR LN, NEWPORT",MEDICAL
WASHINGTON COUNTY SHERIFFS OFFICE,NEWPORT,9/19/2026 8:08:11 PM,WC26047948,"HWY 61 SB AT GLEN RD, NEWPORT",MOTORIST ASSIST
WASHINGTON COUNTY SHERIFFS OFFICE,NEWPORT,9/19/2026 8:32:49 PM,WC26047953,"10TH AVE / 12TH ST, NEWPORT",SUSPICIOUS PERSON/ACTIVITY
WASHINGTON COUNTY SHERIFFS OFFICE,NEWPORT,9/19/2026 8:54:47 PM,WC26047959,"XXX RED ROCK XING, NEWPORT",WELFARE CHECK
WASHINGTON COUNTY SHERIFFS OFFICE,NEWPORT,9/19/2026 10:57:50 PM,WC26047988,"XXX 18TH ST, NEWPORT",INCIDENT
WASHINGTON COUNTY SHERIFFS OFFICE,NEWPORT,9/19/2026 11:21:26 PM,WC26048004,"1XXX  WILD RIDGE TRL, NEWPORT",PARK COMPLAINT
WASHINGTON COUNTY SHERIFFS OFFICE,OAK PARK HEIGHTS,9/15/2026 9:53:30 PM,WC26047324,"15XXX  60TH ST N, OAK PARK HEIGHTS",ALARM-BUSINESS/RES/FIRE/MEDICAL/ETC
WASHINGTON COUNTY SHERIFFS OFFICE,OAK PARK HEIGHTS,9/19/2026 2:32:00 PM,WC26047904,"OSGOOD AVE N / 59TH ST N, OAK PARK HEIGHTS",TRAFFIC STOP
WASHINGTON COUNTY SHERIFFS OFFICE,OAK PARK HEIGHTS,9/19/2026 6:08:00 PM,WC26047931,"59TH ST N / NORELL AVE N, OAK PARK HEIGHTS",TRAFFIC STOP
WASHINGTON COUNTY SHERIFFS OFFICE,OAKDALE,9/13/2026 9:19:45 AM,WC26046884,"2XXX  GENEVA AVE N, OAKDALE",WARRANT ARREST
WASHINGTON COUNTY SHERIFFS OFFICE,OAKDALE,9/14/2026 4:26:49 AM,WC26047018,"I694 SB AT 50TH ST N, OAKDALE",ASSIST OTHER AGENCY
WASHINGTON COUNTY SHERIFFS OFFICE,OAKDALE,9/15/2026 12:00:54 AM,WC26047141,"7XXX  - 7604 10TH ST N, OAKDALE",TRAFFIC STOP
WASHINGTON COUNTY SHERIFFS OFFICE,OAKDALE,9/15/2026 4:17:00 PM,WC26047272,"10th St N and Hadley Ave N, OAKDALE",TRAFFIC STOP
WASHINGTON COUNTY SHERIFFS OFFICE,OAKDALE,9/17/2026 1:05:47 AM,WC26047508,"2XXX  HYDRAM AVE N, OAKDALE",ASSIST OTHER AGENCY
WASHINGTON COUNTY SHERIFFS OFFICE,OAKDALE,9/18/2026 12:27:26 AM,WC26047678,"14TH ST N / GENTRY AVE N, OAKDALE",ASSIST OTHER AGENCY
WASHINGTON COUNTY SHERIFFS OFFICE,OAKDALE,9/18/2026 4:17:02 AM,WC26047704,"4XXX  GENEVA AVE N , OAKDALE",ASSIST OTHER AGENCY
WASHINGTON COUNTY SHERIFFS OFFICE,OAKDALE,9/18/2026 7:33:44 AM,WC26047717,"XXX HOLLY LN N, OAKDALE",ASSIST OTHER AGENCY
WASHINGTON COUNTY SHERIFFS OFFICE,OAKDALE,9/19/2026 4:47:00 PM,WC26047919,"I694 NB JNO 15TH ST N, OAKDALE",TRAFFIC STOP
WASHINGTON COUNTY SHERIFFS OFFICE,OAKDALE,9/19/2026 4:51:00 PM,WC26047922,"HWY 36 WB JWO HADLEY AVE N, OAKDALE",TRAFFIC STOP
WASHINGTON COUNTY SHERIFFS OFFICE,PINE SPRINGS,9/14/2026 11:30:26 AM,WC26047064,"HWY 36 WB OVER HILTON TRL N, PINE SPRINGS",DRIVING COMPLAINT
WASHINGTON COUNTY SHERIFFS OFFICE,PINE SPRINGS,9/16/2026 3:45:00 AM,WC26047356,"HWY 36 WB TO I694 NB RAMP, PINE SPRINGS",TRAFFIC STOP
WASHINGTON COUNTY SHERIFFS OFFICE,PINE SPRINGS,9/16/2026 4:32:00 AM,WC26047360,"60TH ST N / HILTON TRL N, PINE SPRINGS",TRAFFIC STOP
WASHINGTON COUNTY SHERIFFS OFFICE,PINE SPRINGS,9/17/2026 1:30:26 PM,WC26047589,"HWY 36 EB AT I694, PINE SPRINGS",DRIVING COMPLAINT
WASHINGTON COUNTY SHERIFFS OFFICE,SAINT MARYS POINT,9/15/2026 8:20:19 AM,WC26047184,"2XXX  ITASCA AVE S, SAINT MARYS POINT",ANIMAL COMPLAINT
WASHINGTON COUNTY SHERIFFS OFFICE,SAINT MARYS POINT,9/17/2026 1:03:50 AM,WC26047507,"2XXX  RIVER RD S, SAINT MARYS POINT",SUSPICIOUS PERSON/ACTIVITY
WASHINGTON COUNTY SHERIFFS OFFICE,SAINT MARYS POINT,9/17/2026 3:16:16 AM,WC26047520,"Unknown, SAINT MARYS POINT",ASSAULT
WASHINGTON COUNTY SHERIFFS OFFICE,SAINT MARYS POINT,9/17/2026 1:40:35 PM,WC26047591,"2XXX  ITASCA AVE S, SAINT MARYS POINT",911 ABANDONED/HANGUP/OPEN LINE
WASHINGTON COUNTY SHERIFFS OFFICE,Saint Paul,9/16/2026 3:30:00 AM,WC26047354,"2XXX  OLD HUDSON RD, Saint Paul",WARRANT ARREST
WASHINGTON COUNTY SHERIFFS OFFICE,SAINT PAUL PARK,9/15/2026 10:02:12 AM,WC26047215,"XXX HASTINGS AVE, SAINT PAUL PARK",OTHER
WASHINGTON COUNTY SHERIFFS OFFICE,SAINT PAUL PARK,9/16/2026 4:51:31 PM,WC26047459,"HWY 61 SB AT 70TH ST S, SAINT PAUL PARK",ASSIST OTHER AGENCY
WASHINGTON COUNTY SHERIFFS OFFICE,SCANDIA,9/13/2026 12:16:31 AM,WC26046854,"18XXX  LANGLY AVE N, SCANDIA",CITIZEN/PUBLIC ASSIST
WASHINGTON COUNTY SHERIFFS OFFICE,SCANDIA,9/13/2026 5:50:08 AM,WC26046872,"21XXX  OLDFIELD AVE N, SCANDIA",MEDICAL
WASHINGTON COUNTY SHERIFFS OFFICE,SCANDIA,9/13/2026 11:31:48 AM,WC26046899,"20XXX  QUINT AVE N, SCANDIA",CITIZEN/PUBLIC ASSIST
WASHINGTON COUNTY SHERIFFS OFFICE,SCANDIA,9/14/2026 9:04:06 AM,WC26047044,"11XXX  189TH ST N, SCANDIA",CHILD CUSTODY
WASHINGTON COUNTY SHERIFFS OFFICE,SCANDIA,9/15/2026 1:04:36 PM,WC26047236,"MANNING TRL N / SCANDIA TRL N, SCANDIA",PUBLIC WORKS CONCERN
WASHINGTON COUNTY SHERIFFS OFFICE,SCANDIA,9/15/2026 1:05:55 PM,WC26047239,"18XXX  MANNING TRL N, SCANDIA",PUBLIC WORKS CONCERN
WASHINGTON COUNTY SHERIFFS OFFICE,SCANDIA,9/15/2026 1:08:10 PM,WC26047237,"14XXX  SCANDIA TRL N, SCANDIA",MEDICAL
WASHINGTON COUNTY SHERIFFS OFFICE,SCANDIA,9/15/2026 1:47:09 PM,WC26047242,"SCANDIA TRL N / SAINT CROIX TRL N, SCANDIA",PUBLIC WORKS CONCERN
WASHINGTON COUNTY SHERIFFS OFFICE,SCANDIA,9/15/2026 3:10:30 PM,WC26047257,"MANNING TRL N / 180TH ST N, SCANDIA",SUSPICIOUS PERSON/ACTIVITY
WASHINGTON COUNTY SHERIFFS OFFICE,SCANDIA,9/15/2026 3:48:40 PM,WC26047267,"13XXX  OAKHILL RD N, SCANDIA",INCIDENT
WASHINGTON COUNTY SHERIFFS OFFICE,SCANDIA,9/15/2026 4:41:09 PM,WC26047280,"22XXX  OLINDA TRL N, SCANDIA",911 ABANDONED/HANGUP/OPEN LINE
WASHINGTON COUNTY SHERIFFS OFFICE,SCANDIA,9/16/2026 10:16:03 AM,WC26047397,"21XXX  MANNING TRL N, SCANDIA",MEDICAL
WASHINGTON COUNTY SHERIFFS OFFICE,SCANDIA,9/16/2026 11:45:57 AM,WC26047412,"15XXX  240TH ST N, SCANDIA",TRESPASSING
WASHINGTON COUNTY SHERIFFS OFFICE,SCANDIA,9/16/2026 5:36:57 PM,WC26047469,"21XXX  MEADOWBROOK CIR N, SCANDIA",CHILD CUSTODY
WASHINGTON COUNTY SHERIFFS OFFICE,SCANDIA,9/17/2026 6:02:22 AM,WC26047528,"14XXX  202ND ST N, SCANDIA",MEDICAL
WASHINGTON COUNTY SHERIFFS OFFICE,SCANDIA,9/17/2026 8:10:41 AM,WC26047531,"OLINDA TRL N / 185TH ST N, SCANDIA",TRAFFIC STOP
WASHINGTON COUNTY SHERIFFS OFFICE,SCANDIA,9/17/2026 11:37:28 PM,WC26047671,"20XXX  - 21299 SAINT CROIX TRL N, SCANDIA",ROAD HAZARD
WASHINGTON COUNTY SHERIFFS OFFICE,SCANDIA,9/18/2026 1:15:50 AM,WC26047685,"18XXX  - 19498 OLINDA TRL N, SCANDIA",ROAD HAZARD
WASHINGTON COUNTY SHERIFFS OFFICE,SCANDIA,9/18/2026 6:42:00 AM,WC26047707,"11XXX  228TH ST N, SCANDIA",FRAUD/SCAM
WASHINGTON COUNTY SHERIFFS OFFICE,SCANDIA,9/18/2026 7:47:40 AM,WC26047721,"19XXX  MANNING TRL N, SCANDIA",WELFARE CHECK
WASHINGTON COUNTY SHERIFFS OFFICE,SCANDIA,9/18/2026 8:49:00 AM,WC26047735,"15XXX  - 16298 SCANDIA TRL N, SCANDIA",TRAFFIC STOP
WASHINGTON COUNTY SHERIFFS OFFICE,SCANDIA,9/18/2026 8:53:09 AM,WC26047737,"SAINT CROIX TRL N / 199TH ST N, SCANDIA",ACCIDENT
WASHINGTON COUNTY SHERIFFS OFFICE,SCANDIA,9/18/2026 9:18:40 AM,WC26047744,"HWY 97 AT MANNING TRL N, SCANDIA",CITIZEN/PUBLIC ASSIST
WASHINGTON COUNTY SHERIFFS OFFICE,SCANDIA,9/18/2026 4:08:01 PM,WC26047792,"14XXX  202ND ST N, SCANDIA",CITIZEN/PUBLIC ASSIST
WASHINGTON COUNTY SHERIFFS OFFICE,SCANDIA,9/18/2026 6:18:17 PM,WC26047806,"21XXX  OLDFIELD AVE N, SCANDIA",MEDICAL
WASHINGTON COUNTY SHERIFFS OFFICE,SCANDIA,9/19/2026 1:42:20 AM,WC26047850,"18XXX  LANGLY AVE N, SCANDIA",MEDICAL
WASHINGTON COUNTY SHERIFFS OFFICE,SCANDIA,9/19/2026 8:54:07 AM,WC26047878,"21XXX  OREN AVE N, SCANDIA",ANIMAL COMPLAINT
WASHINGTON COUNTY SHERIFFS OFFICE,SCANDIA,9/19/2026 1:09:45 PM,WC26047898,"14XXX  202ND ST N, SCANDIA",MEDICAL
WASHINGTON COUNTY SHERIFFS OFFICE,SCANDIA,9/19/2026 9:03:50 PM,WC26047957,"19XXX  LARKSPUR AVE N, SCANDIA",FIREWORKS
WASHINGTON COUNTY SHERIFFS OFFICE,STILLWATER,9/13/2026 9:44:57 AM,WC26046886,"15XXX  62ND ST N, STILLWATER",CITIZEN/PUBLIC ASSIST
WASHINGTON COUNTY SHERIFFS OFFICE,STILLWATER,9/13/2026 3:54:26 PM,WC26046925,"15XXX  62ND ST N, STILLWATER",OFFICER INFORMATION
WASHINGTON COUNTY SHERIFFS OFFICE,STILLWATER,9/13/2026 9:38:04 PM,WC26046963,"15XXX  62ND ST N, STILLWATER",WARRANT ARREST
WASHINGTON COUNTY SHERIFFS OFFICE,STILLWATER,9/14/2026 4:16:26 AM,WC26047017,"15XXX  62ND ST N, STILLWATER",WARRANT ARREST
WASHINGTON COUNTY SHERIFFS OFFICE,STILLWATER,9/14/2026 8:10:55 AM,WC26047033,"15XXX  62ND ST N, STILLWATER",INCIDENT
WASHINGTON COUNTY SHERIFFS OFFICE,STILLWATER,9/14/2026 1:44:06 PM,WC26047078,"14XXX  62ND ST N, STILLWATER",MEDICAL
WASHINGTON COUNTY SHERIFFS OFFICE,STILLWATER,9/14/2026 2:20:20 PM,WC26047082,"XXX Saint Croix Ave E, STILLWATER",FAMILY ASSIST
WASHINGTON COUNTY SHERIFFS OFFICE,STILLWATER,9/14/2026 4:14:27 PM,WC26047098,"15XXX  62ND ST N, STILLWATER",CITIZEN/PUBLIC ASSIST
WASHINGTON COUNTY SHERIFFS OFFICE,STILLWATER,9/14/2026 4:32:38 PM,WC26047101,"15XXX  62ND ST N, STILLWATER",FOLLOW UP
WASHINGTON COUNTY SHERIFFS OFFICE,STILLWATER,9/15/2026 9:05:26 AM,WC26047190,"15XXX  62ND ST N, STILLWATER",CITIZEN/PUBLIC ASSIST
WASHINGTON COUNTY SHERIFFS OFFICE,STILLWATER,9/16/2026 11:56:37 PM,WC26047501,"15XXX  62ND ST N, STILLWATER",SUICIDE ATTEMPT/THREATS OF
WASHINGTON COUNTY SHERIFFS OFFICE,STILLWATER,9/17/2026 3:55:39 PM,WC26047613,"15XXX  62ND ST N, STILLWATER",FRAUD/SCAM
WASHINGTON COUNTY SHERIFFS OFFICE,STILLWATER,9/17/2026 3:59:07 PM,WC26047622,"15XXX  62ND ST N, STILLWATER",CITIZEN/PUBLIC ASSIST
WASHINGTON COUNTY SHERIFFS OFFICE,STILLWATER,9/17/2026 4:06:42 PM,WC26047620,"15XXX  62ND ST N, STILLWATER",CITIZEN/PUBLIC ASSIST
WASHINGTON COUNTY SHERIFFS OFFICE,STILLWATER,9/17/2026 6:19:32 PM,WC26047633,"15XXX  62ND ST N, STILLWATER",FRAUD/SCAM
WASHINGTON COUNTY SHERIFFS OFFICE,STILLWATER,9/18/2026 9:26:52 AM,WC26047746,"15XXX  62ND ST N, STILLWATER",FOUND PERSON
WASHINGTON COUNTY SHERIFFS OFFICE,STILLWATER,9/18/2026 4:20:10 PM,WC26047796,"XXX WATER ST S, STILLWATER",ASSIST OTHER AGENCY
WASHINGTON COUNTY SHERIFFS OFFICE,STILLWATER,9/18/2026 11:22:03 PM,WC26047834,"HWY 36 WB AT WASHINGTON AVE N, STILLWATER",WELFARE CHECK
WASHINGTON COUNTY SHERIFFS OFFICE,STILLWATER,9/19/2026 10:06:22 AM,WC26047883,"WATER ST S / CHESTNUT ST E, STILLWATER",MEDICAL
WASHINGTON COUNTY SHERIFFS OFFICE,STILLWATER,9/19/2026 10:26:39 AM,WC26047884,"15XXX  62ND ST N, STILLWATER",MEDICAL
WASHINGTON COUNTY SHERIFFS OFFICE,STILLWATER,9/19/2026 5:58:24 PM,WC26047929,"15XXX  62ND ST N, STILLWATER",CITIZEN/PUBLIC ASSIST
WASHINGTON COUNTY SHERIFFS OFFICE,STILLWATER,9/19/2026 11:20:00 PM,WC26047999,"XX HWY 36 WB AT WASHINGTON AVE N, STILLWATER",TRAFFIC STOP
WASHINGTON COUNTY SHERIFFS OFFICE,STILLWATER TOWNSHIP,9/13/2026 6:45:50 AM,WC26046874,"9XXX  NORELL AVE N, STILLWATER TOWNSHIP",NOISE COMPLAINT/DISTURBANCE
WASHINGTON COUNTY SHERIFFS OFFICE,STILLWATER TOWNSHIP,9/13/2026 11:47:24 AM,WC26046902,"11XXX  PARTRIDGE RD N, STILLWATER TOWNSHIP",FIRE
WASHINGTON COUNTY SHERIFFS OFFICE,STILLWATER TOWNSHIP,9/13/2026 3:53:52 PM,WC26046924,"11XXX  MYERON RD N, STILLWATER TOWNSHIP",OFFICER INFORMATION
WASHINGTON COUNTY SHERIFFS OFFICE,STILLWATER TOWNSHIP,9/13/2026 6:00:13 PM,WC26046940,"12XXX  103RD ST N, STILLWATER TOWNSHIP",SUSPICIOUS PERSON/ACTIVITY
WASHINGTON COUNTY SHERIFFS OFFICE,STILLWATER TOWNSHIP,9/14/2026 8:05:46 AM,WC26047029,"XX Manning Ave N / Dellwood Rd N, STILLWATER TOWNSHIP",ANIMAL COMPLAINT
WASHINGTON COUNTY SHERIFFS OFFICE,STILLWATER TOWNSHIP,9/14/2026 11:21:07 AM,WC26047062,"9XXX  ARCOLA CT N, STILLWATER TOWNSHIP",CIVIL MATTER/DISPUTE
WASHINGTON COUNTY SHERIFFS OFFICE,STILLWATER TOWNSHIP,9/15/2026 9:57:00 AM,WC26047211,"SAINT CROIX TRL N / ARCOLA TRL N, STILLWATER TOWNSHIP",TRAFFIC STOP
WASHINGTON COUNTY SHERIFFS OFFICE,STILLWATER TOWNSHIP,9/15/2026 9:25:44 PM,WC26047317,"9XXX  NORELL AVE N, STILLWATER TOWNSHIP",SHOTS FIRED/SHOOTING COMPLAINT
WASHINGTON COUNTY SHERIFFS OFFICE,STILLWATER TOWNSHIP,9/16/2026 10:54:46 PM,WC26047498,"16XXX  110TH ST N, STILLWATER TOWNSHIP",ALARM-BUSINESS/RES/FIRE/MEDICAL/ETC
WASHINGTON COUNTY SHERIFFS OFFICE,STILLWATER TOWNSHIP,9/17/2026 10:50:12 AM,WC26047572,"HWY 36 EB AT MANNING AVE N, STILLWATER TOWNSHIP",MOTORIST ASSIST
WASHINGTON COUNTY SHERIFFS OFFICE,STILLWATER TOWNSHIP,9/17/2026 3:28:31 PM,WC26047607,"9XXX  MENDEL RD N, STILLWATER TOWNSHIP",FRAUD/SCAM
WASHINGTON COUNTY SHERIFFS OFFICE,STILLWATER TOWNSHIP,9/18/2026 10:05:49 PM,WC26047826,"10XXX  MAYFIELD AVE N, STILLWATER TOWNSHIP",SHOTS FIRED/SHOOTING COMPLAINT
WASHINGTON COUNTY SHERIFFS OFFICE,STILLWATER TOWNSHIP,9/19/2026 10:31:08 AM,WC26047885,"10XXX  MYERON RD N, STILLWATER TOWNSHIP",CITIZEN/PUBLIC ASSIST
WASHINGTON COUNTY SHERIFFS OFFICE,STILLWATER TOWNSHIP,9/19/2026 10:48:31 AM,WC26047888,"HWY 36 WB AT MANNING AVE N, STILLWATER TOWNSHIP",DRIVING COMPLAINT
WASHINGTON COUNTY SHERIFFS OFFICE,STILLWATER TOWNSHIP,9/19/2026 7:00:02 PM,WC26047938,"9XXX  MENDEL RD N, STILLWATER TOWNSHIP",ANIMAL COMPLAINT
WASHINGTON COUNTY SHERIFFS OFFICE,STILLWATER TOWNSHIP,9/19/2026 7:23:40 PM,WC26047943,"12XXX  103RD ST N, STILLWATER TOWNSHIP",SHOTS FIRED/SHOOTING COMPLAINT
WASHINGTON COUNTY SHERIFFS OFFICE,STILLWATER TOWNSHIP,9/19/2026 8:37:00 PM,WC26047954,"9XXX  NEAL AVE N, STILLWATER TOWNSHIP",SHOTS FIRED/SHOOTING COMPLAINT
WASHINGTON COUNTY SHERIFFS OFFICE,STILLWATER TOWNSHIP,9/19/2026 9:10:00 PM,WC26047960,"SAINT CROIX TRL N / PAWNEE AVE N, STILLWATER TOWNSHIP",TRAFFIC STOP
WASHINGTON COUNTY SHERIFFS OFFICE,WEST LAKELAND TOWNSHIP,9/13/2026 3:53:22 PM,WC26046923,"XXX STAGECOACH TRL N, WEST LAKELAND TOWNSHIP",OFFICER INFORMATION
WASHINGTON COUNTY SHERIFFS OFFICE,WEST LAKELAND TOWNSHIP,9/14/2026 12:39:24 AM,WC26046990,"14XXX  INTERSTATE 94, WEST LAKELAND TOWNSHIP",911 ABANDONED/HANGUP/OPEN LINE
WASHINGTON COUNTY SHERIFFS OFFICE,WEST LAKELAND TOWNSHIP,9/14/2026 8:39:01 PM,WC26047122,"2XXX  OVERLOOK LN N, WEST LAKELAND TOWNSHIP",CIVIL MATTER/DISPUTE
WASHINGTON COUNTY SHERIFFS OFFICE,WEST LAKELAND TOWNSHIP,9/15/2026 10:20:51 AM,WC26047216,"1XXX  OLENE AVE N, WEST LAKELAND TOWNSHIP",SUSPICIOUS PERSON/ACTIVITY
WASHINGTON COUNTY SHERIFFS OFFICE,WEST LAKELAND TOWNSHIP,9/15/2026 1:46:49 PM,WC26047243,"SAINT CROIX TRL N / QUANT AVE N, WEST LAKELAND TOWNSHIP",ASSIST OTHER AGENCY
WASHINGTON COUNTY SHERIFFS OFFICE,WEST LAKELAND TOWNSHIP,9/15/2026 7:44:07 PM,WC26047306,"XXX PARIS AVENUE CIR N, WEST LAKELAND TOWNSHIP",CITIZEN/PUBLIC ASSIST
WASHINGTON COUNTY SHERIFFS OFFICE,WEST LAKELAND TOWNSHIP,9/15/2026 7:54:40 PM,WC26047307,"XXX PARIS AVENUE CIR N, WEST LAKELAND TOWNSHIP",CITIZEN/PUBLIC ASSIST
WASHINGTON COUNTY SHERIFFS OFFICE,WEST LAKELAND TOWNSHIP,9/16/2026 6:34:03 AM,WC26047364,"1XXX  MANNING AVE N, WEST LAKELAND TOWNSHIP",911 ABANDONED/HANGUP/OPEN LINE
WASHINGTON COUNTY SHERIFFS OFFICE,WEST LAKELAND TOWNSHIP,9/16/2026 7:01:50 AM,WC26047365,"1700blk Oakgreen Av N, WEST LAKELAND TOWNSHIP",TRAFFIC STOP
WASHINGTON COUNTY SHERIFFS OFFICE,WEST LAKELAND TOWNSHIP,9/16/2026 7:31:05 AM,WC26047367,"14XXX  - 14348 10TH ST N, WEST LAKELAND TOWNSHIP",TRAFFIC STOP
WASHINGTON COUNTY SHERIFFS OFFICE,WEST LAKELAND TOWNSHIP,9/16/2026 3:52:29 PM,WC26047449,"13XXX  HUDSON BLVD N, WEST LAKELAND TOWNSHIP",SUSPICIOUS PERSON/ACTIVITY
WASHINGTON COUNTY SHERIFFS OFFICE,WEST LAKELAND TOWNSHIP,9/16/2026 4:12:15 PM,WC26047453,"14XXX  INTERSTATE 94, WEST LAKELAND TOWNSHIP",ASSIST OTHER AGENCY
WASHINGTON COUNTY SHERIFFS OFFICE,WEST LAKELAND TOWNSHIP,9/16/2026 4:48:18 PM,WC26047458,"XXX NEAL AVE N, WEST LAKELAND TOWNSHIP",SUSPICIOUS PERSON/ACTIVITY
WASHINGTON COUNTY SHERIFFS OFFICE,WEST LAKELAND TOWNSHIP,9/16/2026 4:54:56 PM,WC26047460,"2XXX  OAKGREEN AVE N, WEST LAKELAND TOWNSHIP",CITIZEN/PUBLIC ASSIST
WASHINGTON COUNTY SHERIFFS OFFICE,WEST LAKELAND TOWNSHIP,9/16/2026 6:07:18 PM,WC26047471,"15XXX  HUDSON RD N, WEST LAKELAND TOWNSHIP",ACCIDENT
WASHINGTON COUNTY SHERIFFS OFFICE,WEST LAKELAND TOWNSHIP,9/16/2026 7:32:56 PM,WC26047482,"12XXX  12TH ST N, WEST LAKELAND TOWNSHIP",911 ABANDONED/HANGUP/OPEN LINE
WASHINGTON COUNTY SHERIFFS OFFICE,WEST LAKELAND TOWNSHIP,9/19/2026 3:20:38 PM,WC26047910,"14XXX  21ST ST N, WEST LAKELAND TOWNSHIP",MEDICAL
WASHINGTON COUNTY SHERIFFS OFFICE,WILLERNIE,9/13/2026 7:27:00 PM,WC26046950,"XXX STILLWATER RD, WILLERNIE",PARKING VIOLATION
WASHINGTON COUNTY SHERIFFS OFFICE,WILLERNIE,9/13/2026 7:40:00 PM,WC26046952,"XXX STILLWATER RD, WILLERNIE",PARKING VIOLATION
WASHINGTON COUNTY SHERIFFS OFFICE,WILLERNIE,9/14/2026 10:24:40 AM,WC26047056,"XXX CHATHAM RD, WILLERNIE",CITIZEN/PUBLIC ASSIST
WASHINGTON COUNTY SHERIFFS OFFICE,WILLERNIE,9/18/2026 3:05:27 AM,WC26047700,"XXX CHARING LN, WILLERNIE",PROPERTY DAMAGE
WASHINGTON COUNTY SHERIFFS OFFICE,WOODBURY,9/13/2026 1:29:19 AM,WC26046861,"INDEPENDENCE WAY / LAKE RD, WOODBURY",DWI
WASHINGTON COUNTY SHERIFFS OFFICE,WOODBURY,9/14/2026 1:03:02 PM,WC26047073,"9XXX  HUDSON RD, WOODBURY",INCIDENT
WASHINGTON COUNTY SHERIFFS OFFICE,WOODBURY,9/16/2026 2:22:28 PM,WC26047432,"I94 WB JWO KEATS AVE N, WOODBURY",TRAFFIC STOP
WOODBURY PUBLIC SAFETY,WOODBURY,9/13/2026 1:39:49 AM,WB26038074,"XXX KAREN DR, WOODBURY",WELFARE CHECK
WOODBURY PUBLIC SAFETY,WOODBURY,9/13/2026 2:22:47 AM,WB26038080,"6XXX  POPLAR DR, WOODBURY",WELFARE CHECK
WOODBURY PUBLIC SAFETY,WOODBURY,9/13/2026 2:27:00 AM,WB26038078,"XXX BIELENBERG DR, WOODBURY",DISORDERLY CONDUCT
WOODBURY PUBLIC SAFETY,WOODBURY,9/13/2026 10:09:08 AM,WB26038099,"11XXX  HUDSON RD, WOODBURY",WELFARE CHECK
WOODBURY PUBLIC SAFETY,WOODBURY,9/13/2026 10:31:59 AM,WB26038101,"2XXX  WOODBRIDGE WAY, WOODBURY",THEFT FROM MOTOR VEHICLE
WOODBURY PUBLIC SAFETY,WOODBURY,9/13/2026 10:47:54 AM,WB26038105,"8XXX  SEASONS PKWY, WOODBURY",DISTURBANCE
WOODBURY PUBLIC SAFETY,WOODBURY,9/13/2026 10:52:00 AM,WB26038106,"WOODDUCK DR / TAMARACK RD, WOODBURY",TRAFFIC STOP
WOODBURY PUBLIC SAFETY,WOODBURY,9/13/2026 10:53:57 AM,WB26038107,"10XXX  BRIDGEWATER PKWY, WOODBURY",TRAFFIC STOP
WOODBURY PUBLIC SAFETY,WOODBURY,9/13/2026 11:14:17 AM,WB26038109,"XXX WEIR DR, WOODBURY",SUSPICIOUS PERSON/ACTIVITY
WOODBURY PUBLIC SAFETY,WOODBURY,9/13/2026 12:06:59 PM,WB26038115,"XX - 49 CENTURY AVE S, WOODBURY",TRAFFIC STOP
WOODBURY PUBLIC SAFETY,WOODBURY,9/13/2026 12:33:52 PM,WB26038118," 8505 Valley Creek Rd, WOODBURY",ACCIDENT
WOODBURY PUBLIC SAFETY,WOODBURY,9/13/2026 2:03:50 PM,WB26038129,"7XXX  HARGIS PKWY, WOODBURY",JUVENILE COMPLAINT
WOODBURY PUBLIC SAFETY,WOODBURY,9/13/2026 3:15:05 PM,WB26038135,"8XXX  CITY CENTRE DR, WOODBURY",LOST PROPERTY/ITEM
WOODBURY PUBLIC SAFETY,WOODBURY,9/13/2026 3:16:54 PM,WB26038136,"1XXX  WEIR DR, WOODBURY",ACCIDENT
WOODBURY PUBLIC SAFETY,WOODBURY,9/13/2026 4:52:21 PM,WB26038146,"2XXX  MALLARD DR, WOODBURY",FOUND PROPERTY/ITEM
WOODBURY PUBLIC SAFETY,WOODBURY,9/13/2026 4:57:06 PM,WB26038147,"TAMARACK RD / SEASONS PKWY, WOODBURY",ACCIDENT
WOODBURY PUBLIC SAFETY,WOODBURY,9/13/2026 5:18:27 PM,WB26038152,"RADIO DR / BAILEY RD, WOODBURY",DWI
WOODBURY PUBLIC SAFETY,WOODBURY,9/13/2026 6:52:07 PM,WB26038165,"10XXX  DANCING WATERS PKWY, WOODBURY",THEFT
WOODBURY PUBLIC SAFETY,WOODBURY,9/13/2026 7:52:59 PM,WB26038174,"1XXX  WOODWINDS DR, WOODBURY",TRESPASSING
WOODBURY PUBLIC SAFETY,WOODBURY,9/13/2026 10:08:00 PM,WB26038189,"1XXX  - 1399 WEIR DR, WOODBURY",TRAFFIC STOP
WOODBURY PUBLIC SAFETY,WOODBURY,9/14/2026 10:58:24 AM,WB26038222,"4XXX  WILD CANYON DR, WOODBURY",PROPERTY DAMAGE
WOODBURY PUBLIC SAFETY,WOODBURY,9/14/2026 11:38:15 AM,WB26038228,"4XXX  RADIO DR, WOODBURY",WELFARE CHECK
WOODBURY PUBLIC SAFETY,WOODBURY,9/14/2026 12:26:10 PM,WB26038233,"9XXX  HUDSON RD, WOODBURY",SHOPLIFTING
WOODBURY PUBLIC SAFETY,WOODBURY,9/14/2026 12:26:37 PM,WB26038232,"IRON HORSE RD / DALE RD, WOODBURY",DRIVING COMPLAINT
WOODBURY PUBLIC SAFETY,WOODBURY,9/14/2026 12:51:46 PM,WB26038234,"XXX BIELENBERG DR, WOODBURY",WELFARE CHECK
WOODBURY PUBLIC SAFETY,WOODBURY,9/14/2026 1:36:45 PM,WB26038241,"4XXX  COBALT LN, WOODBURY",THEFT
WOODBURY PUBLIC SAFETY,WOODBURY,9/14/2026 2:07:36 PM,WB26038245,"8XXX  TAMARACK VLG, WOODBURY",FLEEING
WOODBURY PUBLIC SAFETY,WOODBURY,9/14/2026 2:49:26 PM,WB26038250,"I494 SB JSO TAMARACK RD, WOODBURY",SUSPICIOUS PERSON/ACTIVITY
WOODBURY PUBLIC SAFETY,WOODBURY,9/14/2026 3:04:26 PM,WB26038253,"8XXX  TAMARACK VLG, WOODBURY",SHOPLIFTING
WOODBURY PUBLIC SAFETY,WOODBURY,9/14/2026 3:05:29 PM,WB26038254,"XXX COMMERCE DR, WOODBURY",THEFT
WOODBURY PUBLIC SAFETY,WOODBURY,9/14/2026 3:30:00 PM,WB26038259,"10XXX  HUDSON RD, WOODBURY",THEFT
WOODBURY PUBLIC SAFETY,WOODBURY,9/14/2026 3:36:00 PM,WB26038260,"Valley Creek Plz / Valley Creek Rd, WOODBURY",WARRANT ARREST
WOODBURY PUBLIC SAFETY,WOODBURY,9/14/2026 4:10:00 PM,WB26038263,"TAMARACK RD / WEIR DR, WOODBURY",ACCIDENT
WOODBURY PUBLIC SAFETY,WOODBURY,9/14/2026 4:25:34 PM,WB26038265,"7XXX  VALLEY CREEK PLZ, WOODBURY",SHOPLIFTING
WOODBURY PUBLIC SAFETY,WOODBURY,9/14/2026 4:55:39 PM,WB26038270,"TAMARACK VLG, WOODBURY",TRAFFIC STOP
WOODBURY PUBLIC SAFETY,WOODBURY,9/14/2026 5:32:28 PM,WB26038276,"8XXX  TAMARACK VLG, WOODBURY",SHOPLIFTING
WOODBURY PUBLIC SAFETY,WOODBURY,9/14/2026 7:02:46 PM,WB26038296,"XXX - 341 RADIO DR, WOODBURY",TRAFFIC STOP
WOODBURY PUBLIC SAFETY,WOODBURY,9/14/2026 7:28:40 PM,WB26038303,"11XXX  SAND CASTLE DR, WOODBURY",FRAUD/SCAM
WOODBURY PUBLIC SAFETY,WOODBURY,9/14/2026 7:31:43 PM,WB26038302,"TAMARACK RD / SEASONS PKWY, WOODBURY",TRAFFIC STOP
WOODBURY PUBLIC SAFETY,WOODBURY,9/14/2026 7:37:34 PM,WB26038304,"QUEENS DR / GUIDER DR, WOODBURY",TRAFFIC STOP
WOODBURY PUBLIC SAFETY,WOODBURY,9/14/2026 7:44:54 PM,WB26038306,"VALLEY CREEK RD / BRIDGEWATER PKWY, WOODBURY",ACCIDENT
WOODBURY PUBLIC SAFETY,WOODBURY,9/14/2026 8:21:00 PM,WB26038315,"6XXX  HUDSON RD, WOODBURY",TRAFFIC STOP
WOODBURY PUBLIC SAFETY,WOODBURY,9/14/2026 10:04:27 PM,WB26038324,"XXX WEIR DR, WOODBURY",UNWANTED PERSON/VEHICLE
WOODBURY PUBLIC SAFETY,WOODBURY,9/15/2026 1:38:19 AM,WB26038339,"I494 NB JNO TAMARACK RD, WOODBURY",TRAFFIC STOP
WOODBURY PUBLIC SAFETY,WOODBURY,9/15/2026 6:44:44 AM,WB26038345,"2XXX  VENTURA DR, WOODBURY",DISTURBANCE
WOODBURY PUBLIC SAFETY,WOODBURY,9/15/2026 7:29:45 AM,WB26038348,"3XXX  COMMONWEALTH RD, WOODBURY",WANTED PERSON-KOPS ALERT/ATL
WOODBURY PUBLIC SAFETY,WOODBURY,9/15/2026 10:08:43 AM,WB26038362,"1XXX  HILLCREST CT, WOODBURY",PROPERTY DAMAGE
WOODBURY PUBLIC SAFETY,WOODBURY,9/15/2026 10:34:53 AM,WB26038365,"10XXX  HUDSON RD, WOODBURY",OFFICER INFORMATION
WOODBURY PUBLIC SAFETY,WOODBURY,9/15/2026 11:17:13 AM,WB26038377,"2XXX  VERMILLION CURVE, WOODBURY",CIVIL MATTER/DISPUTE
WOODBURY PUBLIC SAFETY,WOODBURY,9/15/2026 12:51:38 PM,WB26038392,"SEASONS PKWY / RADIO DR, WOODBURY",ACCIDENT
WOODBURY PUBLIC SAFETY,WOODBURY,9/15/2026 2:37:00 PM,WB26038408,"7XXX  RIMBLEY RD, WOODBURY",CIVIL MATTER/DISPUTE
WOODBURY PUBLIC SAFETY,WOODBURY,9/15/2026 3:21:00 PM,WB26038417,"XXX COMMERCE DR, WOODBURY",SHOPLIFTING
WOODBURY PUBLIC SAFETY,WOODBURY,9/15/2026 3:23:52 PM,WB26038418,"LAKE RD / WYNDHAM WAY, WOODBURY",ACCIDENT
WOODBURY PUBLIC SAFETY,WOODBURY,9/15/2026 3:37:06 PM,WB26038421,"8XXX  TAMARACK VLG, WOODBURY",ACCIDENT
WOODBURY PUBLIC SAFETY,WOODBURY,9/15/2026 3:47:56 PM,WB26038422,"7XXX  GUIDER DR, WOODBURY",WELFARE CHECK
WOODBURY PUBLIC SAFETY,WOODBURY,9/15/2026 4:30:00 PM,WB26038429,"XXX COMMERCE DR, WOODBURY",SHOPLIFTING
WOODBURY PUBLIC SAFETY,WOODBURY,9/15/2026 4:30:43 PM,WB26038431,"CENTURY AVE S / UPPER AFTON RD, WOODBURY",INDECENT EXPOSURE
WOODBURY PUBLIC SAFETY,WOODBURY,9/15/2026 5:08:52 PM,WB26038436,"11XXX  CRESTBURY ECHO, WOODBURY",IDENTITY THEFT
WOODBURY PUBLIC SAFETY,WOODBURY,9/15/2026 6:01:30 PM,WB26038442,"7XXX  VALLEY CREEK PLZ, WOODBURY",SHOPLIFTING
WOODBURY PUBLIC SAFETY,WOODBURY,9/15/2026 6:05:09 PM,WB26038443,"7XXX  ROBINWOOD TRL, WOODBURY",DISTURBANCE
WOODBURY PUBLIC SAFETY,WOODBURY,9/15/2026 7:37:17 PM,WB26038456,"7XXX  VALLEY CREEK PLZ, WOODBURY",SHOPLIFTING
WOODBURY PUBLIC SAFETY,WOODBURY,9/15/2026 8:03:19 PM,WB26038462,"2XXX  QUEENS DR, WOODBURY",SUSPICIOUS PERSON/ACTIVITY
WOODBURY PUBLIC SAFETY,WOODBURY,9/15/2026 8:46:52 PM,WB26038470,"VALLEY CREEK RD / WOODLANE DR, WOODBURY",ACCIDENT
WOODBURY PUBLIC SAFETY,WOODBURY,9/15/2026 9:48:05 PM,WB26038474,"6XXX  Collingwood Lane, WOODBURY",DISTURBANCE
WOODBURY PUBLIC SAFETY,WOODBURY,9/16/2026 12:37:33 AM,WB26038488,"Unknown, WOODBURY",911 ABANDONED/HANGUP/OPEN LINE
WOODBURY PUBLIC SAFETY,WOODBURY,9/16/2026 11:34:33 AM,WB26038518,"XXX RADIO DR, WOODBURY",DISTURBANCE
WOODBURY PUBLIC SAFETY,WOODBURY,9/16/2026 12:03:48 PM,WB26038527,"10XXX  THONE RD, WOODBURY",CIVIL MATTER/DISPUTE
WOODBURY PUBLIC SAFETY,WOODBURY,9/16/2026 12:18:34 PM,WB26038531,"I94 / Woodbury Drive offramp, WOODBURY",ACCIDENT
WOODBURY PUBLIC SAFETY,WOODBURY,9/16/2026 2:09:11 PM,WB26038547,"1XXX  DONEGAL DR, WOODBURY",WELFARE CHECK
WOODBURY PUBLIC SAFETY,WOODBURY,9/16/2026 3:04:44 PM,WB26038560,"8XXX  SEASONS PKWY, WOODBURY",ACCIDENT
WOODBURY PUBLIC SAFETY,WOODBURY,9/16/2026 3:22:15 PM,WB26038562,"8XXX  TAMARACK VLG, WOODBURY",SHOPLIFTING
WOODBURY PUBLIC SAFETY,WOODBURY,9/16/2026 3:26:26 PM,WB26038563,"7XXX  VALLEY CREEK PLZ, WOODBURY",SHOPLIFTING
WOODBURY PUBLIC SAFETY,WOODBURY,9/16/2026 4:00:59 PM,WB26038571,"LAKE RD / COURTLY RD, WOODBURY",ACCIDENT
WOODBURY PUBLIC SAFETY,WOODBURY,9/16/2026 4:18:54 PM,WB26038575,"1XXX  GLENBEIGH CT, WOODBURY",FRAUD/SCAM
WOODBURY PUBLIC SAFETY,WOODBURY,9/16/2026 4:51:49 PM,WB26038580,"10XXX  HUDSON RD, WOODBURY",ACCIDENT
WOODBURY PUBLIC SAFETY,WOODBURY,9/16/2026 6:41:48 PM,WB26038597,"2XXX  MALLARD DR, WOODBURY",LOST PROPERTY/ITEM
WOODBURY PUBLIC SAFETY,WOODBURY,9/16/2026 9:20:37 PM,WB26038612,"1XXX  WEIR DR, WOODBURY",THEFT FROM MOTOR VEHICLE
WOODBURY PUBLIC SAFETY,WOODBURY,9/16/2026 9:33:00 PM,WB26038611,"XXX WEIR DR, WOODBURY",WARRANT ARREST
WOODBURY PUBLIC SAFETY,WOODBURY,9/16/2026 9:51:56 PM,WB26038614,"1XXX  QUEENS DR, WOODBURY",FRAUD/SCAM
WOODBURY PUBLIC SAFETY,WOODBURY,9/16/2026 9:54:44 PM,WB26038615,"3XXX  COMMONWEALTH DR, WOODBURY",JUVENILE COMPLAINT
WOODBURY PUBLIC SAFETY,WOODBURY,9/17/2026 6:30:00 AM,WB26038628,"1XXX  WEIR DR, WOODBURY",WELFARE CHECK
WOODBURY PUBLIC SAFETY,WOODBURY,9/17/2026 7:08:49 AM,WB26038631,"8XXX  GRANITE LN, WOODBURY",MOTOR VEHICLE THEFT
WOODBURY PUBLIC SAFETY,WOODBURY,9/17/2026 10:15:22 AM,WB26038645,"FINLEY RD, WOODBURY",ACCIDENT
WOODBURY PUBLIC SAFETY,WOODBURY,9/17/2026 10:16:35 AM,WB26038644,"RADIO DR / I94, WOODBURY",ACCIDENT
WOODBURY PUBLIC SAFETY,WOODBURY,9/17/2026 10:39:59 AM,WB26038647,"8XXX  CITY CENTRE DR, WOODBURY",ACCIDENT
WOODBURY PUBLIC SAFETY,WOODBURY,9/17/2026 12:10:00 PM,WB26038670,"VALLEY CREEK RD / BIELENBERG DR, WOODBURY",ACCIDENT
WOODBURY PUBLIC SAFETY,WOODBURY,9/17/2026 12:14:12 PM,WB26038671,"7XXX  CURRELL BLVD, WOODBURY",THEFT
WOODBURY PUBLIC SAFETY,WOODBURY,9/17/2026 1:35:36 PM,WB26038687,"1XXX  WINDJAMMER DR, WOODBURY",THEFT FROM MOTOR VEHICLE
WOODBURY PUBLIC SAFETY,WOODBURY,9/17/2026 1:49:00 PM,WB26038689,"5XXX  PORCHLIGHT BAY, WOODBURY",SUSPICIOUS PERSON/ACTIVITY
WOODBURY PUBLIC SAFETY,WOODBURY,9/17/2026 2:48:31 PM,WB26038701,"7XXX  VALLEY CREEK PLZ, WOODBURY",ACCIDENT
WOODBURY PUBLIC SAFETY,WOODBURY,9/17/2026 3:23:28 PM,WB26038711,"PIONEER RD / RADIO DR, WOODBURY",ACCIDENT
WOODBURY PUBLIC SAFETY,WOODBURY,9/17/2026 3:30:44 PM,WB26038715,"3XXX  HAMLET DR, WOODBURY",ANIMAL COMPLAINT
WOODBURY PUBLIC SAFETY,WOODBURY,9/17/2026 4:10:53 PM,WB26038720,"7XXX  WATERSTONE LN, WOODBURY",CITIZEN/PUBLIC ASSIST
WOODBURY PUBLIC SAFETY,WOODBURY,9/17/2026 4:30:00 PM,WB26038727,"RADIO DR / VALLEY CREEK RD, WOODBURY",ACCIDENT
WOODBURY PUBLIC SAFETY,WOODBURY,9/17/2026 5:12:02 PM,WB26038730,"1XXX  WEIR DR, WOODBURY",ACCIDENT
WOODBURY PUBLIC SAFETY,WOODBURY,9/17/2026 6:31:43 PM,WB26038742,"7XXX  VALLEY CREEK PLZ, WOODBURY",DRUGS
WOODBURY PUBLIC SAFETY,WOODBURY,9/17/2026 6:39:44 PM,WB26038745,"3XXX  CENTURY AVE, WOODBURY",THEFT FROM MOTOR VEHICLE
WOODBURY PUBLIC SAFETY,WOODBURY,9/17/2026 7:23:04 PM,WB26038750,"9XXX  REDWELL LN, WOODBURY",WANTED PERSON-KOPS ALERT/ATL
WOODBURY PUBLIC SAFETY,WOODBURY,9/17/2026 7:30:00 PM,WB26038751,"2XXX  WOODLANE DR, WOODBURY",TRESPASSING
WOODBURY PUBLIC SAFETY,WOODBURY,9/17/2026 8:03:02 PM,WB26038754,"4XXX  RADIO DR, WOODBURY",ACCIDENT
WOODBURY PUBLIC SAFETY,WOODBURY,9/17/2026 9:09:23 PM,WB26038762,"4XXX  PIONEER DR, WOODBURY",THEFT
WOODBURY PUBLIC SAFETY,WOODBURY,9/17/2026 10:48:52 PM,WB26038767,"2XXX  WOODLANE DR, WOODBURY",WELFARE CHECK
WOODBURY PUBLIC SAFETY,WOODBURY,9/17/2026 10:53:38 PM,WB26038769,"XXX RADIO DR, WOODBURY",WELFARE CHECK
WOODBURY PUBLIC SAFETY,WOODBURY,9/18/2026 12:46:51 AM,WB26038781,"1XXX  WOODLANE DR, WOODBURY",WARRANT ARREST
WOODBURY PUBLIC SAFETY,WOODBURY,9/18/2026 12:59:08 AM,WB26038783,"XXX KAREN DR, WOODBURY",NOISE COMPLAINT/DISTURBANCE
WOODBURY PUBLIC SAFETY,WOODBURY,9/18/2026 7:23:00 AM,WB26038791,"3XXX  CHERRY LN, WOODBURY",FRAUD/SCAM
WOODBURY PUBLIC SAFETY,WOODBURY,9/18/2026 7:48:48 AM,WB26038792,"BAILEY RD / FEATHERSTONE DR, WOODBURY",ACCIDENT
WOODBURY PUBLIC SAFETY,WOODBURY,9/18/2026 10:12:09 AM,WB26038803,"XXX WEIR DR, WOODBURY",WELFARE CHECK
WOODBURY PUBLIC SAFETY,WOODBURY,9/18/2026 10:41:29 AM,WB26038804,"8XXX  GREENBRIAR LN, WOODBURY",CIVIL MATTER/DISPUTE
WOODBURY PUBLIC SAFETY,WOODBURY,9/18/2026 10:57:37 AM,WB26038806,"9XXX  HUDSON RD, WOODBURY",TRESPASSING
WOODBURY PUBLIC SAFETY,WOODBURY,9/18/2026 11:01:25 AM,WB26038808,"7XXX  AFTON RD, WOODBURY",HARASSMENT
WOODBURY PUBLIC SAFETY,WOODBURY,9/18/2026 11:17:48 AM,WB26038809,"VALLEY CREEK RD / COLBY LAKE DR, WOODBURY",ACCIDENT
WOODBURY PUBLIC SAFETY,WOODBURY,9/18/2026 11:50:38 AM,WB26038814,"2XXX  OJIBWAY DR, WOODBURY",PROPERTY DAMAGE
WOODBURY PUBLIC SAFETY,WOODBURY,9/18/2026 12:01:02 PM,WB26038815,"10XXX  POND CURV, WOODBURY",OVERDOSE
WOODBURY PUBLIC SAFETY,WOODBURY,9/18/2026 1:21:01 PM,WB26038824,"5XXX  WHITE STAR LN, WOODBURY",HARASSMENT
WOODBURY PUBLIC SAFETY,WOODBURY,9/18/2026 1:31:33 PM,WB26038827,"RADIO DR / HUDSON RD, WOODBURY",ACCIDENT
WOODBURY PUBLIC SAFETY,WOODBURY,9/18/2026 2:34:47 PM,WB26038835,"3XXX  ARDEN PL, WOODBURY",ORDINANCE VIOLATION
WOODBURY PUBLIC SAFETY,WOODBURY,9/18/2026 2:43:18 PM,WB26038837,"2XXX  MANNING AVE S, WOODBURY",FRAUD/SCAM
WOODBURY PUBLIC SAFETY,WOODBURY,9/18/2026 3:28:58 PM,WB26038845,"XXX RADIO DR, WOODBURY",UNWANTED PERSON/VEHICLE
WOODBURY PUBLIC SAFETY,WOODBURY,9/18/2026 3:53:59 PM,WB26038847,"1XXX  LAMPLIGHT DR, WOODBURY",FRAUD/SCAM
WOODBURY PUBLIC SAFETY,WOODBURY,9/18/2026 3:58:39 PM,WB26038849,"7XXX  CURRELL BLVD, WOODBURY",VEHICLE TAMPERING
WOODBURY PUBLIC SAFETY,WOODBURY,9/19/2026 1:37:25 AM,WB26038944,"HUDSON RD, WOODBURY",DWI
WOODBURY PUBLIC SAFETY,WOODBURY,9/19/2026 3:23:17 AM,WB26038948,"7XXX  CAYENNE PLZ W, WOODBURY",FOUND PERSON
WOODBURY PUBLIC SAFETY,WOODBURY,9/19/2026 4:48:30 AM,WB26038950,"XXX WEIR DR, WOODBURY",DEATH
WOODBURY PUBLIC SAFETY,WOODBURY,9/19/2026 6:00:21 AM,WB26038951,"6XXX  LAKE ROAD TER, WOODBURY",SHOPLIFTING
WOODBURY PUBLIC SAFETY,WOODBURY,9/19/2026 10:04:20 AM,WB26038965,"2XXX  CAMERON DR, WOODBURY",SUSPICIOUS PERSON/ACTIVITY
WOODBURY PUBLIC SAFETY,WOODBURY,9/19/2026 10:16:14 AM,WB26038968,"1XXX  PARKWOOD DR, WOODBURY",WELFARE CHECK
WOODBURY PUBLIC SAFETY,WOODBURY,9/19/2026 1:07:53 PM,WB26038992,"2XXX  AMBERWOOD DR, WOODBURY",DISTURBANCE
WOODBURY PUBLIC SAFETY,WOODBURY,9/19/2026 1:30:11 PM,WB26038994,"RADIO DR / BAILEY RD, WOODBURY",ACCIDENT
WOODBURY PUBLIC SAFETY,WOODBURY,9/19/2026 2:01:00 PM,WB26038998,"7XXX  TAMARACK RD, WOODBURY",LOST PROPERTY/ITEM
WOODBURY PUBLIC SAFETY,WOODBURY,9/19/2026 2:21:59 PM,WB26039000,"10XXX  FALLING WATER LN, WOODBURY",WELFARE CHECK
WOODBURY PUBLIC SAFETY,WOODBURY,9/19/2026 5:59:13 PM,WB26039033,"CATALINA DR / VALLEY CREEK RD, WOODBURY",ACCIDENT
WOODBURY PUBLIC SAFETY,WOODBURY,9/19/2026 7:50:29 PM,WB26039050,"5XXX  TOWER DR, WOODBURY",ACCIDENT
WOODBURY PUBLIC SAFETY,WOODBURY,9/19/2026 7:58:56 PM,WB26039051,"8XXX  TAMARACK VLG, WOODBURY",THEFT
WOODBURY PUBLIC SAFETY,WOODBURY,9/19/2026 8:32:01 PM,WB26039055,"4XXX  MONARCH DR, WOODBURY",ANIMAL BITE
WOODBURY PUBLIC SAFETY,WOODBURY,9/19/2026 9:12:47 PM,WB26039060,"8XXX  SUMMER WIND BAY, WOODBURY",UNWANTED PERSON/VEHICLE
WOODBURY PUBLIC SAFETY,WOODBURY,9/19/2026 11:13:51 PM,WB26039068,"1XXX  KENILWORTH DR, WOODBURY",WELFARE CHECK

