AgencyName,Address_City_Description,CreatedOn1,CaseNum,Textbox28,EventDescription
BAYPORT POLICE DEPARTMENT,BAYPORT,5/3/2026 7:30:39 AM,BP26001325,"XXX - 399 3RD ST N, BAYPORT",TRAFFIC STOP
BAYPORT POLICE DEPARTMENT,BAYPORT,5/3/2026 12:05:40 PM,BP26001329,"XXX Maine St S, BAYPORT",ALARM-BUSINESS/RES/FIRE/MEDICAL/ETC
BAYPORT POLICE DEPARTMENT,BAYPORT,5/3/2026 11:30:16 PM,BP26001334,"XX CENTRAL AVE, BAYPORT",Park close
BAYPORT POLICE DEPARTMENT,BAYPORT,5/4/2026 7:46:18 AM,BP26001336,"XXX 4th st n, BAYPORT",SCHOOL CROSSING
BAYPORT POLICE DEPARTMENT,BAYPORT,5/4/2026 9:53:17 AM,BP26001339,"XXX - 999 Highway 95 N, BAYPORT",TRAFFIC STOP
BAYPORT POLICE DEPARTMENT,BAYPORT,5/4/2026 9:59:04 AM,BP26001340,"XXX 4th Ave N, BAYPORT",911 ABANDONED/HANGUP/OPEN LINE
BAYPORT POLICE DEPARTMENT,BAYPORT,5/4/2026 11:39:53 AM,BP26001341,"XXX Highway 95 N, BAYPORT",MEDICAL
BAYPORT POLICE DEPARTMENT,BAYPORT,5/4/2026 2:18:33 PM,BP26001343,"XXX 4TH ST N, BAYPORT",SCHOOL CROSSING
BAYPORT POLICE DEPARTMENT,BAYPORT,5/4/2026 2:41:14 PM,BP26001344,"XXX Prairie Way N, BAYPORT",CITIZEN/PUBLIC ASSIST
BAYPORT POLICE DEPARTMENT,BAYPORT,5/4/2026 3:23:48 PM,BP26001345,"XXX 5th Ave S, BAYPORT",THEFT OF WATERCRAFT
BAYPORT POLICE DEPARTMENT,BAYPORT,5/4/2026 4:42:39 PM,BP26001347,"Unknown, BAYPORT",CITIZEN/PUBLIC ASSIST
BAYPORT POLICE DEPARTMENT,BAYPORT,5/4/2026 7:24:19 PM,BP26001348,"XXX 3rd St N, BAYPORT",MEDICAL
BAYPORT POLICE DEPARTMENT,BAYPORT,5/4/2026 9:07:20 PM,BP26001349,"XX CENTRAL AVE, BAYPORT",PARK CLOSED
BAYPORT POLICE DEPARTMENT,BAYPORT,5/5/2026 7:37:04 AM,BP26001351,"XXX 4TH ST N, BAYPORT",CITIZEN/PUBLIC ASSIST
BAYPORT POLICE DEPARTMENT,BAYPORT,5/5/2026 2:09:14 PM,BP26001352,"XXX 4TH ST N, BAYPORT",CITIZEN/PUBLIC ASSIST
BAYPORT POLICE DEPARTMENT,BAYPORT,5/5/2026 3:07:29 PM,BP26001353,"XXX MINNESOTA ST S, BAYPORT",CITIZEN/PUBLIC ASSIST
BAYPORT POLICE DEPARTMENT,BAYPORT,5/5/2026 3:18:00 PM,BP26001354,"5TH ST N / 4TH AVE N, BAYPORT",ORDINANCE VIOLATION
BAYPORT POLICE DEPARTMENT,BAYPORT,5/5/2026 3:57:32 PM,BP26001355,"XX Central Ave, BAYPORT",DRUGS
BAYPORT POLICE DEPARTMENT,BAYPORT,5/5/2026 5:57:29 PM,BP26001356,"XXX 3rd St S, BAYPORT",CITIZEN/PUBLIC ASSIST
BAYPORT POLICE DEPARTMENT,BAYPORT,5/5/2026 6:47:06 PM,BP26001357,"Point Rd / 10th Ave N, BAYPORT",DISTURBANCE
BAYPORT POLICE DEPARTMENT,BAYPORT,5/5/2026 8:46:52 PM,BP26001358,"XXX 4th St S, BAYPORT",CITIZEN/PUBLIC ASSIST
BAYPORT POLICE DEPARTMENT,BAYPORT,5/6/2026 6:10:55 AM,BP26001359,"XX CENTRAL AVE, BAYPORT",PARK CLOSED
BAYPORT POLICE DEPARTMENT,BAYPORT,5/6/2026 11:03:02 AM,BP26001360,"XXX 6th St N, BAYPORT",DRUNK/INTOXICATED 
BAYPORT POLICE DEPARTMENT,BAYPORT,5/6/2026 2:01:26 PM,BP26001361,"10XXX -1131 Inspiration Pkwy, BAYPORT",911 ABANDONED/HANGUP/OPEN LINE
BAYPORT POLICE DEPARTMENT,BAYPORT,5/6/2026 10:11:46 PM,BP26001363,"5th Ave N / 9th St S, BAYPORT",TRAFFIC STOP
BAYPORT POLICE DEPARTMENT,BAYPORT,5/6/2026 11:00:41 PM,BP26001364,"XXX 3rd St N, BAYPORT",CITIZEN/PUBLIC ASSIST
BAYPORT POLICE DEPARTMENT,BAYPORT,5/6/2026 11:47:58 PM,BP26001365,"XX Central Ave, BAYPORT",Park Close
BAYPORT POLICE DEPARTMENT,BAYPORT,5/7/2026 12:05:50 AM,BP26001367,"Unknown, BAYPORT",CITIZEN/PUBLIC ASSIST
BAYPORT POLICE DEPARTMENT,BAYPORT,5/7/2026 12:06:15 AM,BP26001366,"HWY 95 / 5TH AVE S, BAYPORT",TRAFFIC STOP
BAYPORT POLICE DEPARTMENT,BAYPORT,5/7/2026 6:14:11 AM,BP26001368,"XXX Highway 95 N, BAYPORT",MEDICAL
BAYPORT POLICE DEPARTMENT,BAYPORT,5/7/2026 8:33:31 AM,BP26001369,"XXX 3RD ST S, BAYPORT",WILD ANIMAL
BAYPORT POLICE DEPARTMENT,BAYPORT,5/7/2026 5:40:41 PM,BP26001371,"Point Rd / 10th Ave N, BAYPORT",PARKING COMPLAINT
BAYPORT POLICE DEPARTMENT,BAYPORT,5/7/2026 5:41:42 PM,BP26001370,"XXX 5TH AVE N, BAYPORT",SUSPICIOUS PERSON/ACTIVITY
BAYPORT POLICE DEPARTMENT,BAYPORT,5/8/2026 1:04:56 AM,BP26001376,"XXX 5th St N, BAYPORT",MEDICAL
BAYPORT POLICE DEPARTMENT,BAYPORT,5/9/2026 6:31:46 PM,BP26001402,"XXX 3rd St N, BAYPORT",MEDICAL
BAYPORT POLICE DEPARTMENT,LAKELAND,5/9/2026 12:43:03 AM,BP26001388,"HWY 95 SB JNO I94, LAKELAND",ASSIST OTHER AGENCY
BAYPORT POLICE DEPARTMENT,OAK PARK HEIGHTS,5/3/2026 12:55:43 AM,BP26001323,"14XXX  58th St N, OAK PARK HEIGHTS",ASSIST OTHER AGENCY
BAYPORT POLICE DEPARTMENT,OAK PARK HEIGHTS,5/3/2026 2:23:51 AM,BP26001324,"Highway 36, OAK PARK HEIGHTS",ASSIST OTHER AGENCY
BAYPORT POLICE DEPARTMENT,OAK PARK HEIGHTS,5/3/2026 2:08:46 PM,BP26001331,"Oakgreen Ave N / 60th St N, OAK PARK HEIGHTS",ASSIST OTHER AGENCY
BAYPORT POLICE DEPARTMENT,OAK PARK HEIGHTS,5/3/2026 2:14:39 PM,BP26001332,"Osgood Ave N / 59th St N, OAK PARK HEIGHTS",ASSIST OTHER AGENCY
BAYPORT POLICE DEPARTMENT,OAK PARK HEIGHTS,5/3/2026 4:33:37 PM,BP26001333,"14XXX  58th St N, OAK PARK HEIGHTS",ASSIST OTHER AGENCY
BAYPORT POLICE DEPARTMENT,OAK PARK HEIGHTS,5/4/2026 3:27:24 AM,BP26001335,"5XXX  Osgood Ave N, OAK PARK HEIGHTS",ASSIST OTHER AGENCY
BAYPORT POLICE DEPARTMENT,OAK PARK HEIGHTS,5/4/2026 1:05:22 PM,BP26001342,"6XXX  Osgood Ave N, OAK PARK HEIGHTS",ASSIST OTHER AGENCY
BAYPORT POLICE DEPARTMENT,OAK PARK HEIGHTS,5/4/2026 4:29:02 PM,BP26001346,"5XXX  Olene Ave N, OAK PARK HEIGHTS",ASSIST OTHER AGENCY
BAYPORT POLICE DEPARTMENT,OAK PARK HEIGHTS,5/4/2026 9:51:30 PM,BP26001350,"5XXX  Krueger Ln N, OAK PARK HEIGHTS",ASSIST OTHER AGENCY
BAYPORT POLICE DEPARTMENT,OAK PARK HEIGHTS,5/6/2026 9:31:43 PM,BP26001362,"15XXX  58th St N, OAK PARK HEIGHTS",ASSIST OTHER AGENCY
BAYPORT POLICE DEPARTMENT,OAK PARK HEIGHTS,5/7/2026 7:02:44 PM,BP26001372,"5XXX  Osgood Ave N, OAK PARK HEIGHTS",ASSIST OTHER AGENCY
BAYPORT POLICE DEPARTMENT,OAK PARK HEIGHTS,5/7/2026 7:19:59 PM,BP26001373,"5XXX  OSGOOD AVE N, OAK PARK HEIGHTS",ASSIST OTHER AGENCY
BAYPORT POLICE DEPARTMENT,OAK PARK HEIGHTS,5/7/2026 11:17:55 PM,BP26001375,"14XXX  58th St N, OAK PARK HEIGHTS",ASSIST OTHER AGENCY
BAYPORT POLICE DEPARTMENT,OAK PARK HEIGHTS,5/8/2026 9:15:53 AM,BP26001379,"SAINT CROIX CROSSING BRIDGE: HWY 36 EB - MN, OAK PARK HEIGHTS",TRAFFIC STOP
BAYPORT POLICE DEPARTMENT,OAK PARK HEIGHTS,5/9/2026 5:53:31 AM,BP26001390,"14XXX  60TH ST N, OAK PARK HEIGHTS",ASSIST OTHER AGENCY
BAYPORT POLICE DEPARTMENT,OAK PARK HEIGHTS,5/9/2026 9:09:12 AM,BP26001393,"14XXX  58th St N, OAK PARK HEIGHTS",ASSIST OTHER AGENCY
BAYPORT POLICE DEPARTMENT,OAK PARK HEIGHTS,5/9/2026 10:00:57 PM,BP26001404,"14XXX  58TH ST N, OAK PARK HEIGHTS",ASSIST OTHER AGENCY
BAYPORT POLICE DEPARTMENT,STILLWATER,5/8/2026 9:20:22 AM,BP26001380,"Highway 36, STILLWATER",ASSIST OTHER AGENCY
BAYPORT POLICE DEPARTMENT,STILLWATER TOWNSHIP,5/3/2026 12:12:25 AM,BP26001322,"HWY 36 WB AT MANNING AVE N, STILLWATER TOWNSHIP",ASSIST OTHER AGENCY
COTTAGE GROVE POLICE DEPARTMENT,COTTAGE GROVE,5/3/2026 1:53:35 AM,CG26019236,"Jeffery Ave S / 67th St S, COTTAGE GROVE",ACCIDENT
COTTAGE GROVE POLICE DEPARTMENT,COTTAGE GROVE,5/3/2026 4:14:54 AM,CG26019240,"7XXX  Irvin Ave S, COTTAGE GROVE",SUSPICIOUS PERSON/ACTIVITY
COTTAGE GROVE POLICE DEPARTMENT,COTTAGE GROVE,5/3/2026 11:30:12 AM,CG26019278,"7XXX  Hidden Valley Ln S, COTTAGE GROVE",MEDICAL
COTTAGE GROVE POLICE DEPARTMENT,COTTAGE GROVE,5/3/2026 11:38:15 AM,CG26019279,"East Point Douglas Rd S / 80th St S, COTTAGE GROVE",ACCIDENT
COTTAGE GROVE POLICE DEPARTMENT,COTTAGE GROVE,5/3/2026 12:57:15 PM,CG26019281,"XX 80th St S Wb To Hwy 61 Nb Ramp, COTTAGE GROVE",ACCIDENT
COTTAGE GROVE POLICE DEPARTMENT,COTTAGE GROVE,5/3/2026 1:03:04 PM,CG26019284,"9XXX  East Point Douglas Rd S, COTTAGE GROVE",COUNTERFEIT/FORGERY
COTTAGE GROVE POLICE DEPARTMENT,COTTAGE GROVE,5/3/2026 3:36:27 PM,CG26019309,"7XXX  Janero Ave S, COTTAGE GROVE",VEHICLE UNLOCK
COTTAGE GROVE POLICE DEPARTMENT,COTTAGE GROVE,5/3/2026 4:48:47 PM,CG26019327,"8XXX  Jergen Ave S, COTTAGE GROVE",MEDICAL
COTTAGE GROVE POLICE DEPARTMENT,COTTAGE GROVE,5/3/2026 5:25:00 PM,CG26019338,"8XXX  EAST POINT DOUGLAS RD S, COTTAGE GROVE",TRAFFIC STOP
COTTAGE GROVE POLICE DEPARTMENT,COTTAGE GROVE,5/3/2026 6:03:46 PM,CG26019342,"7XXX  63rd St S, COTTAGE GROVE",MEDICAL
COTTAGE GROVE POLICE DEPARTMENT,COTTAGE GROVE,5/3/2026 6:20:29 PM,CG26019344,"7XXX  80th St S, COTTAGE GROVE",THREATS
COTTAGE GROVE POLICE DEPARTMENT,COTTAGE GROVE,5/3/2026 8:49:31 PM,CG26019359,"8XXX  Ideal Ave S, COTTAGE GROVE",FAMILY ASSIST
COTTAGE GROVE POLICE DEPARTMENT,COTTAGE GROVE,5/3/2026 11:02:35 PM,CG26019375,"7XXX  95th St S, COTTAGE GROVE",ACCIDENT
COTTAGE GROVE POLICE DEPARTMENT,COTTAGE GROVE,5/3/2026 11:38:43 PM,CG26019380,"6XXX  Jensen Ave S, COTTAGE GROVE",MEDICAL
COTTAGE GROVE POLICE DEPARTMENT,COTTAGE GROVE,5/4/2026 1:42:10 AM,CG26019405,"8XXX  East Point Douglas Rd S, COTTAGE GROVE",THREATS
COTTAGE GROVE POLICE DEPARTMENT,COTTAGE GROVE,5/4/2026 8:27:55 AM,CG26019411,"6XXX  91st St S, COTTAGE GROVE",FOUND PROPERTY/ITEM
COTTAGE GROVE POLICE DEPARTMENT,COTTAGE GROVE,5/4/2026 8:55:43 AM,CG26019413,"8XXX  Indian Boulevard Ct S, COTTAGE GROVE",SUSPICIOUS PERSON/ACTIVITY
COTTAGE GROVE POLICE DEPARTMENT,COTTAGE GROVE,5/4/2026 9:22:03 AM,CG26019415,"Imperial Ave S / Imperial Avenue Cir S, COTTAGE GROVE",FOUND PROPERTY/ITEM
COTTAGE GROVE POLICE DEPARTMENT,COTTAGE GROVE,5/4/2026 10:47:56 AM,CG26019439,"7XXX  79th St S, COTTAGE GROVE",TRESPASSING
COTTAGE GROVE POLICE DEPARTMENT,COTTAGE GROVE,5/4/2026 12:40:24 PM,CG26019452,"12XXX  Ravine Pkwy S, COTTAGE GROVE",SUSPICIOUS PERSON/ACTIVITY
COTTAGE GROVE POLICE DEPARTMENT,COTTAGE GROVE,5/4/2026 1:18:43 PM,CG26019467,"7XXX  63rd St S, COTTAGE GROVE",ALARM-BUSINESS/RES/FIRE/MEDICAL/ETC
COTTAGE GROVE POLICE DEPARTMENT,COTTAGE GROVE,5/4/2026 2:17:25 PM,CG26019480,"7XXX  79th St S, COTTAGE GROVE",PROPERTY DAMAGE
COTTAGE GROVE POLICE DEPARTMENT,COTTAGE GROVE,5/4/2026 2:19:59 PM,CG26019482,"8XXX  Hemingway Ave S, COTTAGE GROVE",MEDICAL
COTTAGE GROVE POLICE DEPARTMENT,COTTAGE GROVE,5/4/2026 2:31:55 PM,CG26019484,"8XXX  East Point Douglas Rd S, COTTAGE GROVE",MEDICAL
COTTAGE GROVE POLICE DEPARTMENT,COTTAGE GROVE,5/4/2026 2:55:49 PM,CG26019490,"9XXX  East Point Douglas Rd S, COTTAGE GROVE",VEHICLE UNLOCK
COTTAGE GROVE POLICE DEPARTMENT,COTTAGE GROVE,5/4/2026 3:17:44 PM,CG26019494,"12XXX  RAVINE PKWY S, COTTAGE GROVE",ACCIDENT
COTTAGE GROVE POLICE DEPARTMENT,COTTAGE GROVE,5/4/2026 3:20:16 PM,CG26019496,"8XXX  HYDE AVE S, COTTAGE GROVE",ANIMAL COMPLAINT
COTTAGE GROVE POLICE DEPARTMENT,COTTAGE GROVE,5/4/2026 4:29:53 PM,CG26019505,"8XXX  East Point Douglas Rd S, COTTAGE GROVE",MEDICAL
COTTAGE GROVE POLICE DEPARTMENT,COTTAGE GROVE,5/4/2026 7:16:14 PM,CG26019536,"8XXX  80th St S, COTTAGE GROVE",MEDICAL
COTTAGE GROVE POLICE DEPARTMENT,COTTAGE GROVE,5/4/2026 8:35:52 PM,CG26019538,"6XXX  101st St S, COTTAGE GROVE",MEDICAL
COTTAGE GROVE POLICE DEPARTMENT,COTTAGE GROVE,5/4/2026 10:07:20 PM,CG26019539,"7XXX  East Point Douglas Rd S, COTTAGE GROVE",HARASSMENT
COTTAGE GROVE POLICE DEPARTMENT,COTTAGE GROVE,5/4/2026 11:52:00 PM,CG26019557,"8XXX  - 8398 HADLEY AVE S, COTTAGE GROVE",TRAFFIC STOP
COTTAGE GROVE POLICE DEPARTMENT,COTTAGE GROVE,5/5/2026 7:57:21 AM,CG26019572,"8XXX  Granada Ave S, COTTAGE GROVE",ANIMAL COMPLAINT
COTTAGE GROVE POLICE DEPARTMENT,COTTAGE GROVE,5/5/2026 8:23:56 AM,CG26019579,"9XXX  - 9078 UPPER 81ST ST S, COTTAGE GROVE",STOP ARM VIOLATION
COTTAGE GROVE POLICE DEPARTMENT,COTTAGE GROVE,5/5/2026 8:44:55 AM,CG26019581,"8XXX  80TH ST S, COTTAGE GROVE",WELFARE CHECK
COTTAGE GROVE POLICE DEPARTMENT,COTTAGE GROVE,5/5/2026 11:14:55 AM,CG26019587,"6XXX  East Point Douglas Rd S, COTTAGE GROVE",MEDICAL
COTTAGE GROVE POLICE DEPARTMENT,COTTAGE GROVE,5/5/2026 12:00:31 PM,CG26019593,"6XXX  East Point Douglas Rd S, COTTAGE GROVE",MEDICAL
COTTAGE GROVE POLICE DEPARTMENT,COTTAGE GROVE,5/5/2026 1:45:28 PM,CG26019596,"7XXX  96th St S, COTTAGE GROVE",SUSPICIOUS PERSON/ACTIVITY
COTTAGE GROVE POLICE DEPARTMENT,COTTAGE GROVE,5/5/2026 3:45:07 PM,CG26019609,"6XXX  Jensen Ave S, COTTAGE GROVE",CIVIL MATTER/DISPUTE
COTTAGE GROVE POLICE DEPARTMENT,COTTAGE GROVE,5/5/2026 4:02:04 PM,CG26019612,"8XXX  East Point Douglas Rd S, COTTAGE GROVE",CIVIL MATTER/DISPUTE
COTTAGE GROVE POLICE DEPARTMENT,COTTAGE GROVE,5/5/2026 4:09:00 PM,CG26019614,"9XXX  East Point Douglas Rd S, COTTAGE GROVE",VEHICLE UNLOCK
COTTAGE GROVE POLICE DEPARTMENT,COTTAGE GROVE,5/5/2026 4:52:49 PM,CG26019618,"8XXX  East Point Douglas Rd S, COTTAGE GROVE",UNWANTED PERSON/VEHICLE
COTTAGE GROVE POLICE DEPARTMENT,COTTAGE GROVE,5/5/2026 6:16:29 PM,CG26019639,"9XXX  - 9088 JAMAICA AVE S, COTTAGE GROVE",TRAFFIC STOP
COTTAGE GROVE POLICE DEPARTMENT,COTTAGE GROVE,5/5/2026 6:22:44 PM,CG26019641,"7XXX  Jensen Ave S, COTTAGE GROVE",MEDICAL
COTTAGE GROVE POLICE DEPARTMENT,COTTAGE GROVE,5/5/2026 6:38:45 PM,CG26019647,"7XXX  Hearthside Ave S, COTTAGE GROVE",DISTURBANCE
COTTAGE GROVE POLICE DEPARTMENT,COTTAGE GROVE,5/5/2026 9:17:22 PM,CG26019654,"6XXX  80th St S, COTTAGE GROVE",MEDICAL
COTTAGE GROVE POLICE DEPARTMENT,COTTAGE GROVE,5/5/2026 9:46:41 PM,CG26019659,"8XXX  Jasmine Ln S, COTTAGE GROVE",DISTURBANCE
COTTAGE GROVE POLICE DEPARTMENT,COTTAGE GROVE,5/5/2026 10:19:35 PM,CG26019662,"HEMINGWAY AVE S, COTTAGE GROVE",TRAFFIC STOP
COTTAGE GROVE POLICE DEPARTMENT,COTTAGE GROVE,5/6/2026 2:43:16 AM,CG26019675,"6XXX  Harkness Ave S, COTTAGE GROVE",MEDICAL
COTTAGE GROVE POLICE DEPARTMENT,COTTAGE GROVE,5/6/2026 3:26:17 AM,CG26019677,"8XXX  100th St S, COTTAGE GROVE",MEDICAL
COTTAGE GROVE POLICE DEPARTMENT,COTTAGE GROVE,5/6/2026 7:26:25 AM,CG26019679,"6XXX  Skylark Ct S, COTTAGE GROVE",911 ABANDONED/HANGUP/OPEN LINE
COTTAGE GROVE POLICE DEPARTMENT,COTTAGE GROVE,5/6/2026 7:28:16 AM,CG26019680,"8XXX  East Point Douglas Rd S, COTTAGE GROVE",UNWANTED PERSON/VEHICLE
COTTAGE GROVE POLICE DEPARTMENT,COTTAGE GROVE,5/6/2026 8:29:50 AM,CG26019685,"8XXX  80th St S, COTTAGE GROVE",HARASSMENT
COTTAGE GROVE POLICE DEPARTMENT,COTTAGE GROVE,5/6/2026 8:57:35 AM,CG26019688,"12XXX  Ravine Pkwy S, COTTAGE GROVE",CITIZEN/PUBLIC ASSIST
COTTAGE GROVE POLICE DEPARTMENT,COTTAGE GROVE,5/6/2026 9:01:25 AM,CG26019690,"6XXX  80th St S, COTTAGE GROVE",MEDICAL
COTTAGE GROVE POLICE DEPARTMENT,COTTAGE GROVE,5/6/2026 9:54:49 AM,CG26019694,"8XXX  77TH ST S, COTTAGE GROVE",PROPERTY DAMAGE
COTTAGE GROVE POLICE DEPARTMENT,COTTAGE GROVE,5/6/2026 10:22:19 AM,CG26019702,"Unknown, COTTAGE GROVE",CIVIL MATTER/DISPUTE
COTTAGE GROVE POLICE DEPARTMENT,COTTAGE GROVE,5/6/2026 10:55:28 AM,CG26019709,"6XXX  80th St S, COTTAGE GROVE",MEDICAL
COTTAGE GROVE POLICE DEPARTMENT,COTTAGE GROVE,5/6/2026 11:11:14 AM,CG26019711,"11XXX  Kingsborough Trl S, COTTAGE GROVE",HRO VIOLATION
COTTAGE GROVE POLICE DEPARTMENT,COTTAGE GROVE,5/6/2026 12:06:00 PM,CG26019721,"75th St S / Jamaica Ave S, COTTAGE GROVE",ORDINANCE VIOLATION
COTTAGE GROVE POLICE DEPARTMENT,COTTAGE GROVE,5/6/2026 12:31:40 PM,CG26019722,"8XXX  80TH ST S, COTTAGE GROVE",DISTURBANCE
COTTAGE GROVE POLICE DEPARTMENT,COTTAGE GROVE,5/6/2026 1:19:56 PM,CG26019724,"6XXX  Jewel Ave S, COTTAGE GROVE",MEDICAL
COTTAGE GROVE POLICE DEPARTMENT,COTTAGE GROVE,5/6/2026 2:56:49 PM,CG26019741,"7XXX  Hardwood Ct S, COTTAGE GROVE",COUNTERFEIT/FORGERY
COTTAGE GROVE POLICE DEPARTMENT,COTTAGE GROVE,5/6/2026 3:05:50 PM,CG26019743,"6XXX  Hinterland Trl S, COTTAGE GROVE",MEDICAL
COTTAGE GROVE POLICE DEPARTMENT,COTTAGE GROVE,5/6/2026 3:28:39 PM,CG26019753,"8XXX  EAST POINT DOUGLAS RD S, COTTAGE GROVE",THEFT
COTTAGE GROVE POLICE DEPARTMENT,COTTAGE GROVE,5/6/2026 4:07:28 PM,CG26019765,"65th St S / Hadley Ave S, COTTAGE GROVE",FOUND PERSON
COTTAGE GROVE POLICE DEPARTMENT,COTTAGE GROVE,5/6/2026 5:33:11 PM,CG26019800,"8XXX  72nd St S, COTTAGE GROVE",ACCIDENT
COTTAGE GROVE POLICE DEPARTMENT,COTTAGE GROVE,5/6/2026 5:46:16 PM,CG26019803,"6XXX  Inskip Ave S, COTTAGE GROVE",MEDICAL
COTTAGE GROVE POLICE DEPARTMENT,COTTAGE GROVE,5/6/2026 6:17:17 PM,CG26019810,"8XXX  Jewel Ave S, COTTAGE GROVE",MEDICAL
COTTAGE GROVE POLICE DEPARTMENT,COTTAGE GROVE,5/6/2026 6:19:20 PM,CG26019811,"7XXX  Hinton Ave S, COTTAGE GROVE",INTERNET CRIMES
COTTAGE GROVE POLICE DEPARTMENT,COTTAGE GROVE,5/6/2026 7:14:25 PM,CG26019820,"8XXX  Hamlet Ave S, COTTAGE GROVE",MEDICAL
COTTAGE GROVE POLICE DEPARTMENT,COTTAGE GROVE,5/6/2026 8:42:20 PM,CG26019822,"7XXX  East Point Douglas Rd S, COTTAGE GROVE",THEFT
COTTAGE GROVE POLICE DEPARTMENT,COTTAGE GROVE,5/6/2026 8:56:00 PM,CG26019824,"7XXX  Hardwood Ct S, COTTAGE GROVE",DWI
COTTAGE GROVE POLICE DEPARTMENT,COTTAGE GROVE,5/6/2026 9:56:13 PM,CG26019828,"11XXX  Inman Ave S, COTTAGE GROVE",RUNAWAY
COTTAGE GROVE POLICE DEPARTMENT,COTTAGE GROVE,5/6/2026 10:49:28 PM,CG26019832,"7XXX  East Point Douglas Rd S, COTTAGE GROVE",PROPERTY DAMAGE
COTTAGE GROVE POLICE DEPARTMENT,COTTAGE GROVE,5/7/2026 12:02:42 AM,CG26019861,"8XXX  Janero Ave S, COTTAGE GROVE",MEDICAL
COTTAGE GROVE POLICE DEPARTMENT,COTTAGE GROVE,5/7/2026 12:34:09 AM,CG26019869,"7XXX  79th St S, COTTAGE GROVE",ALARM-BUSINESS/RES/FIRE/MEDICAL/ETC
COTTAGE GROVE POLICE DEPARTMENT,COTTAGE GROVE,5/7/2026 7:35:01 AM,CG26019880,"7XXX  East Point Douglas Rd S, COTTAGE GROVE",THEFT
COTTAGE GROVE POLICE DEPARTMENT,COTTAGE GROVE,5/7/2026 8:18:15 AM,CG26019884,"7XXX  Hearthside Ave S, COTTAGE GROVE",MEDICAL
COTTAGE GROVE POLICE DEPARTMENT,COTTAGE GROVE,5/7/2026 10:23:35 AM,CG26019891,"8XXX  Grange Blvd S, COTTAGE GROVE",ALARM-BUSINESS/RES/FIRE/MEDICAL/ETC
COTTAGE GROVE POLICE DEPARTMENT,COTTAGE GROVE,5/7/2026 10:28:54 AM,CG26019892,"9XXX  East Point Douglas Rd S, COTTAGE GROVE",DISTURBANCE
COTTAGE GROVE POLICE DEPARTMENT,COTTAGE GROVE,5/7/2026 10:47:43 AM,CG26019902,"9XXX  79th St S, COTTAGE GROVE",HRO VIOLATION
COTTAGE GROVE POLICE DEPARTMENT,COTTAGE GROVE,5/7/2026 11:39:22 AM,CG26019923,"6XXX  101st St S, COTTAGE GROVE",MEDICAL
COTTAGE GROVE POLICE DEPARTMENT,COTTAGE GROVE,5/7/2026 12:08:08 PM,CG26019935,"8XXX  80th St S, COTTAGE GROVE",ACCIDENT
COTTAGE GROVE POLICE DEPARTMENT,COTTAGE GROVE,5/7/2026 12:59:36 PM,CG26019943,"8XXX  Grafton Av S, COTTAGE GROVE",ASSIST OTHER AGENCY
COTTAGE GROVE POLICE DEPARTMENT,COTTAGE GROVE,5/7/2026 1:49:54 PM,CG26019953,"9XXX  90TH ST S, COTTAGE GROVE",FOUND PROPERTY/ITEM
COTTAGE GROVE POLICE DEPARTMENT,COTTAGE GROVE,5/7/2026 2:03:27 PM,CG26019956,"7XXX  Hemingway Ave S, COTTAGE GROVE",CIVIL MATTER/DISPUTE
COTTAGE GROVE POLICE DEPARTMENT,COTTAGE GROVE,5/7/2026 4:33:16 PM,CG26019988,"7XXX  Hinton Ave S, COTTAGE GROVE",MEDICAL
COTTAGE GROVE POLICE DEPARTMENT,COTTAGE GROVE,5/7/2026 5:19:37 PM,CG26019997,"7XXX  Harkness Ave S, COTTAGE GROVE",DISORDERLY CONDUCT
COTTAGE GROVE POLICE DEPARTMENT,COTTAGE GROVE,5/7/2026 6:05:41 PM,CG26020003,"6XXX  94th St S, COTTAGE GROVE",MEDICAL
COTTAGE GROVE POLICE DEPARTMENT,COTTAGE GROVE,5/7/2026 6:21:11 PM,CG26020004,"6XXX  Idsen Ave S, COTTAGE GROVE",MEDICAL
COTTAGE GROVE POLICE DEPARTMENT,COTTAGE GROVE,5/7/2026 8:22:00 PM,CG26020012,"9XXX  East Point Douglas Rd S, COTTAGE GROVE",SHOPLIFTING
COTTAGE GROVE POLICE DEPARTMENT,COTTAGE GROVE,5/7/2026 11:48:52 PM,CG26020032,"Highway 61/70TH St S, COTTAGE GROVE",PURSUIT
COTTAGE GROVE POLICE DEPARTMENT,COTTAGE GROVE,5/8/2026 2:00:35 AM,CG26020036,"6XXX  96th St S, COTTAGE GROVE",MEDICAL
COTTAGE GROVE POLICE DEPARTMENT,COTTAGE GROVE,5/8/2026 5:34:46 AM,CG26020040,"12XXX  RAVINE PKWY S, COTTAGE GROVE",FOUND PROPERTY/ITEM
COTTAGE GROVE POLICE DEPARTMENT,COTTAGE GROVE,5/8/2026 6:59:00 AM,CG26020041,"12XXX  RAVINE PKWY S, COTTAGE GROVE",TRAFFIC COMPLAINT
COTTAGE GROVE POLICE DEPARTMENT,COTTAGE GROVE,5/8/2026 7:19:23 AM,CG26020042,"94th St S / Hadley Ave S, COTTAGE GROVE",TRAFFIC COMPLAINT
COTTAGE GROVE POLICE DEPARTMENT,COTTAGE GROVE,5/8/2026 10:26:51 AM,CG26020059,"8XXX  West Point Douglas Rd S, COTTAGE GROVE",MEDICAL
COTTAGE GROVE POLICE DEPARTMENT,COTTAGE GROVE,5/8/2026 1:16:01 PM,CG26020087,"10XXX  Heron Ave S, COTTAGE GROVE",CIVIL MATTER/DISPUTE
COTTAGE GROVE POLICE DEPARTMENT,COTTAGE GROVE,5/8/2026 1:37:25 PM,CG26020090,"7XXX  Hardwood Ave S, COTTAGE GROVE",FRAUD/SCAM
COTTAGE GROVE POLICE DEPARTMENT,COTTAGE GROVE,5/8/2026 3:18:00 PM,CG26020106,"80th St S / East Point Douglas Rd S, COTTAGE GROVE",ACCIDENT
COTTAGE GROVE POLICE DEPARTMENT,COTTAGE GROVE,5/8/2026 8:52:52 PM,CG26020178,"7XXX  Harkness Ave S, COTTAGE GROVE",VEHICLE UNLOCK
COTTAGE GROVE POLICE DEPARTMENT,COTTAGE GROVE,5/8/2026 9:30:28 PM,CG26020184,"Jensen Ave S / 64th St S, COTTAGE GROVE",ACCIDENT
COTTAGE GROVE POLICE DEPARTMENT,COTTAGE GROVE,5/8/2026 9:52:09 PM,CG26020185,"8XXX  Jeffery Ave S, COTTAGE GROVE",THEFT FROM MOTOR VEHICLE
COTTAGE GROVE POLICE DEPARTMENT,COTTAGE GROVE,5/8/2026 10:53:12 PM,CG26020196,"6XXX  Hinterland Trl S, COTTAGE GROVE",MEDICAL
COTTAGE GROVE POLICE DEPARTMENT,COTTAGE GROVE,5/9/2026 12:08:28 AM,CG26020215,"90TH ST S / JANIE AVE S, COTTAGE GROVE",JUVENILE COMPLAINT
COTTAGE GROVE POLICE DEPARTMENT,COTTAGE GROVE,5/9/2026 1:14:46 AM,CG26020223,"8XXX  East Point Douglas Rd S, COTTAGE GROVE",JUVENILE COMPLAINT
COTTAGE GROVE POLICE DEPARTMENT,COTTAGE GROVE,5/9/2026 4:49:29 AM,CG26020239,"9XXX  Jergen Ave S, COTTAGE GROVE",MEDICAL
COTTAGE GROVE POLICE DEPARTMENT,COTTAGE GROVE,5/9/2026 9:19:35 AM,CG26020251,"7XXX  Hearthside Ave S, COTTAGE GROVE",MEDICAL
COTTAGE GROVE POLICE DEPARTMENT,COTTAGE GROVE,5/9/2026 10:11:20 AM,CG26020264,"6XXX  80th St S, COTTAGE GROVE",MEDICAL
COTTAGE GROVE POLICE DEPARTMENT,COTTAGE GROVE,5/9/2026 10:29:00 AM,CG26020270,"7XXX  EAST POINT DOUGLAS RD S, COTTAGE GROVE",DWI
COTTAGE GROVE POLICE DEPARTMENT,COTTAGE GROVE,5/9/2026 11:03:53 AM,CG26020273,"6XXX  EAST POINT DOUGLAS RD S, COTTAGE GROVE",MEDICAL
COTTAGE GROVE POLICE DEPARTMENT,COTTAGE GROVE,5/9/2026 11:40:42 AM,CG26020278,"Keats Ave S / Jody Ave S, COTTAGE GROVE",PROPERTY DAMAGE
COTTAGE GROVE POLICE DEPARTMENT,COTTAGE GROVE,5/9/2026 12:47:30 PM,CG26020284,"8XXX  81st St S, COTTAGE GROVE",MEDICAL
COTTAGE GROVE POLICE DEPARTMENT,COTTAGE GROVE,5/9/2026 1:03:42 PM,CG26020286,"7XXX  Hearthside Ave S, COTTAGE GROVE",DISTURBANCE
COTTAGE GROVE POLICE DEPARTMENT,COTTAGE GROVE,5/9/2026 2:13:08 PM,CG26020290,"6XXX  80TH ST S, COTTAGE GROVE",MEDICAL
COTTAGE GROVE POLICE DEPARTMENT,COTTAGE GROVE,5/9/2026 3:24:33 PM,CG26020297,"6XXX  EAST POINT DOUGLAS RD S, COTTAGE GROVE",THEFT FROM MOTOR VEHICLE
COTTAGE GROVE POLICE DEPARTMENT,COTTAGE GROVE,5/9/2026 4:47:46 PM,CG26020320,"12XXX  RAVINE PKWY S, COTTAGE GROVE",Ride Along
COTTAGE GROVE POLICE DEPARTMENT,COTTAGE GROVE,5/9/2026 4:48:07 PM,CG26020323,"9XXX  GRANADA AVE S, COTTAGE GROVE",ANIMAL BITE
COTTAGE GROVE POLICE DEPARTMENT,COTTAGE GROVE,5/9/2026 11:51:00 PM,CG26020375,"METRO, COTTAGE GROVE",WARRANT ARREST
COTTAGE GROVE POLICE DEPARTMENT,WOODBURY,5/6/2026 7:18:00 PM,CG26019821,"8XXX  TAMARACK VLG, WOODBURY",ASSIST OTHER AGENCY
FOREST LAKE POLICE DEPARTMENT,FOREST LAKE,5/3/2026 6:37:11 AM,FL26005591,"19XXX  Headwaters Blvd N, FOREST LAKE",OFP VIOLATION
FOREST LAKE POLICE DEPARTMENT,FOREST LAKE,5/3/2026 10:02:00 AM,FL26005594,"220TH ST N & 15TH ST SW, FOREST LAKE",TRAFFIC STOP
FOREST LAKE POLICE DEPARTMENT,FOREST LAKE,5/3/2026 2:47:00 PM,FL26005605,"FOREST RD N & SCANDIA TRL N, FOREST LAKE",TRAFFIC STOP
FOREST LAKE POLICE DEPARTMENT,FOREST LAKE,5/3/2026 6:47:06 PM,FL26005613,"XXX 19TH ST SE, FOREST LAKE",WARRANT ARREST
FOREST LAKE POLICE DEPARTMENT,FOREST LAKE,5/3/2026 10:12:51 PM,FL26005622,"XXX 12TH ST SW, FOREST LAKE",MISSING PERSON
FOREST LAKE POLICE DEPARTMENT,FOREST LAKE,5/4/2026 12:04:35 PM,FL26005636,"XXX 7TH ST SE, FOREST LAKE",PARKING COMPLAINT
FOREST LAKE POLICE DEPARTMENT,FOREST LAKE,5/4/2026 2:29:03 PM,FL26005640,"XXX 4TH ST SW, FOREST LAKE",PROPERTY DAMAGE
FOREST LAKE POLICE DEPARTMENT,FOREST LAKE,5/4/2026 3:17:02 PM,FL26005646,"1XXX  LAKE ST S, FOREST LAKE",LOST PROPERTY/ITEM
FOREST LAKE POLICE DEPARTMENT,FOREST LAKE,5/4/2026 4:31:52 PM,FL26005650,"21XXX  IDEAL AVE N, FOREST LAKE",LOST PROPERTY/ITEM
FOREST LAKE POLICE DEPARTMENT,FOREST LAKE,5/4/2026 4:53:07 PM,FL26005651,"BROADWAY AVE W & 12TH ST SW, FOREST LAKE",ACCIDENT
FOREST LAKE POLICE DEPARTMENT,FOREST LAKE,5/4/2026 5:02:28 PM,FL26005652,"XXX 12TH ST SW, FOREST LAKE",WELFARE CHECK
FOREST LAKE POLICE DEPARTMENT,FOREST LAKE,5/4/2026 6:45:54 PM,FL26005656,"1XXX  LAKE ST S, FOREST LAKE",FOUND PROPERTY/ITEM
FOREST LAKE POLICE DEPARTMENT,FOREST LAKE,5/4/2026 7:11:49 PM,FL26005657,"LAKE ST S & 2ND AVE SW, FOREST LAKE",TRAFFIC STOP
FOREST LAKE POLICE DEPARTMENT,FOREST LAKE,5/4/2026 8:16:00 PM,FL26005662,"1XXX  4TH ST SE, FOREST LAKE",THREATS
FOREST LAKE POLICE DEPARTMENT,FOREST LAKE,5/4/2026 8:19:08 PM,FL26005661,"XXX 12TH ST SW, FOREST LAKE",ACCIDENT
FOREST LAKE POLICE DEPARTMENT,FOREST LAKE,5/5/2026 9:07:15 AM,FL26005678,"2XXX  Broadway Ave W, FOREST LAKE",FRAUD/SCAM
FOREST LAKE POLICE DEPARTMENT,FOREST LAKE,5/5/2026 10:05:23 AM,FL26005679,"6XXX  SCANDIA TRL N, FOREST LAKE",MEDICAL
FOREST LAKE POLICE DEPARTMENT,FOREST LAKE,5/5/2026 12:05:32 PM,FL26005682,"XXX 11TH AVE SW, FOREST LAKE",HARASSMENT
FOREST LAKE POLICE DEPARTMENT,FOREST LAKE,5/5/2026 2:29:34 PM,FL26005689,"4XXX  232ND ST N, FOREST LAKE",JUVENILE COMPLAINT
FOREST LAKE POLICE DEPARTMENT,FOREST LAKE,5/5/2026 4:08:26 PM,FL26005695,"19XXX  HEADWATERS BLVD N, FOREST LAKE",PROPERTY DAMAGE
FOREST LAKE POLICE DEPARTMENT,FOREST LAKE,5/5/2026 7:45:17 PM,FL26005705,"SOUTH SHORE DR & 3RD ST SE, FOREST LAKE",MOTOR VEHICLE THEFT
FOREST LAKE POLICE DEPARTMENT,FOREST LAKE,5/6/2026 9:23:05 AM,FL26005719,"1XXX  LAKE ST S, FOREST LAKE",FOUND PROPERTY/ITEM
FOREST LAKE POLICE DEPARTMENT,FOREST LAKE,5/6/2026 10:06:15 AM,FL26005725,"19XXX  HARROW AVE N, FOREST LAKE",FIRE
FOREST LAKE POLICE DEPARTMENT,FOREST LAKE,5/6/2026 1:44:43 PM,FL26005734,"XXX 12TH ST SW, FOREST LAKE",CIVIL MATTER/DISPUTE
FOREST LAKE POLICE DEPARTMENT,FOREST LAKE,5/6/2026 4:18:26 PM,FL26005743,"19XXX  FOREST RD N, FOREST LAKE",TRAFFIC COMPLAINT
FOREST LAKE POLICE DEPARTMENT,FOREST LAKE,5/6/2026 6:12:00 PM,FL26005748,"3RD AVE SW & 15TH ST SW, FOREST LAKE",TRAFFIC STOP
FOREST LAKE POLICE DEPARTMENT,FOREST LAKE,5/6/2026 6:21:16 PM,FL26005749,"XXX LAKE ST N, FOREST LAKE",ACCIDENT
FOREST LAKE POLICE DEPARTMENT,FOREST LAKE,5/6/2026 7:06:52 PM,FL26005751,"20XXX  EVERTON CT N, FOREST LAKE",FRAUD/SCAM
FOREST LAKE POLICE DEPARTMENT,FOREST LAKE,5/6/2026 7:24:41 PM,FL26005753,"XXX 12TH ST SW, FOREST LAKE",MOTOR VEHICLE THEFT
FOREST LAKE POLICE DEPARTMENT,FOREST LAKE,5/6/2026 10:32:00 PM,FL26005758,"XXX 9TH AVE SW, FOREST LAKE",TRAFFIC STOP
FOREST LAKE POLICE DEPARTMENT,FOREST LAKE,5/6/2026 11:42:11 PM,FL26005760,"8XXX  NORTH SHORE TRL N, FOREST LAKE",ANIMAL COMPLAINT
FOREST LAKE POLICE DEPARTMENT,FOREST LAKE,5/7/2026 9:27:30 AM,FL26005769,"9XXX  JULEP TRL N, FOREST LAKE",CIVIL MATTER/DISPUTE
FOREST LAKE POLICE DEPARTMENT,FOREST LAKE,5/7/2026 10:35:30 AM,FL26005776,"HEADWATERS PKWY & FENWAY AVE N, FOREST LAKE",ANIMAL COMPLAINT
FOREST LAKE POLICE DEPARTMENT,FOREST LAKE,5/7/2026 12:23:14 PM,FL26005785,"1XXX  11TH AVE SW, FOREST LAKE",DUMPING COMPLAINT
FOREST LAKE POLICE DEPARTMENT,FOREST LAKE,5/7/2026 1:13:57 PM,FL26005786,"9XXX  NORTH SHORE TRL N, FOREST LAKE",ANIMAL COMPLAINT
FOREST LAKE POLICE DEPARTMENT,FOREST LAKE,5/7/2026 2:38:49 PM,FL26005791,"1XXX  Lake St S, FOREST LAKE",CIVIL MATTER/DISPUTE
FOREST LAKE POLICE DEPARTMENT,FOREST LAKE,5/7/2026 5:54:27 PM,FL26005802,"XX LEE ST, FOREST LAKE",TRESPASSING
FOREST LAKE POLICE DEPARTMENT,FOREST LAKE,5/7/2026 10:15:00 PM,FL26005815,"BROADWAY AVE W & 12TH ST SW, FOREST LAKE",TRAFFIC STOP
FOREST LAKE POLICE DEPARTMENT,FOREST LAKE,5/8/2026 12:00:00 AM,FL26005873,"LAKE ST S & 3RD AVE SW, FOREST LAKE",TRAFFIC STOP
FOREST LAKE POLICE DEPARTMENT,FOREST LAKE,5/8/2026 2:14:00 AM,FL26005825,"12TH ST SW & BROADWAY AVE W, FOREST LAKE",TRAFFIC STOP
FOREST LAKE POLICE DEPARTMENT,FOREST LAKE,5/8/2026 9:18:03 AM,FL26005834,"19XXX  ENFIELD AVE N, FOREST LAKE",PROPERTY DAMAGE
FOREST LAKE POLICE DEPARTMENT,FOREST LAKE,5/8/2026 11:10:34 AM,FL26005836,"XXX 9TH AVE SW, FOREST LAKE",UNWANTED PERSON/VEHICLE
FOREST LAKE POLICE DEPARTMENT,FOREST LAKE,5/8/2026 11:34:54 AM,FL26005838,"9XXX  N SHORE TRL N, FOREST LAKE",WELFARE CHECK
FOREST LAKE POLICE DEPARTMENT,FOREST LAKE,5/8/2026 6:26:17 PM,FL26005858,"1XXX  SOUTH SHORE DR, FOREST LAKE",MEDICAL
FOREST LAKE POLICE DEPARTMENT,FOREST LAKE,5/8/2026 11:00:37 PM,FL26005872,"1XXX  LAKE ST S, FOREST LAKE",FOUND PROPERTY/ITEM
FOREST LAKE POLICE DEPARTMENT,FOREST LAKE,5/9/2026 10:16:55 AM,FL26005889,"1XXX  5TH ST SE, FOREST LAKE",CIVIL MATTER/DISPUTE
FOREST LAKE POLICE DEPARTMENT,FOREST LAKE,5/9/2026 4:11:20 PM,FL26005908,"XXX 11TH AVE SE, FOREST LAKE",DISTURBANCE
FOREST LAKE POLICE DEPARTMENT,FOREST LAKE,5/9/2026 5:33:44 PM,FL26005912,"XXX 11TH AVE SE, FOREST LAKE",HARASSMENT
FOREST LAKE POLICE DEPARTMENT,FOREST LAKE,5/9/2026 6:43:00 PM,FL26005916,"1XXX  BROADWAY AVE W, FOREST LAKE",TRAFFIC STOP
FOREST LAKE POLICE DEPARTMENT,FOREST LAKE,5/9/2026 7:33:08 PM,FL26005924,"XXX 1ST AVE SW, FOREST LAKE",CHILD CUSTODY
FOREST LAKE POLICE DEPARTMENT,FOREST LAKE,5/9/2026 7:34:00 PM,FL26005919,"I35 SB TO BROADWAY AVE W RAMP, FOREST LAKE",TRAFFIC STOP
OAKDALE POLICE DEPARTMENT,MAHTOMEDI,5/6/2026 1:15:41 AM,OD26005206,"XXX Wildwood Rd, MAHTOMEDI",ASSIST OTHER AGENCY
OAKDALE POLICE DEPARTMENT,NEWPORT,5/7/2026 11:48:52 PM,OD26005301,"XX Highway 61 To I494 Wb Ramp / Hwy 61 Nb To I494 Wb Ramp, NEWPORT",ASSIST OTHER AGENCY
OAKDALE POLICE DEPARTMENT,OAKDALE,5/3/2026 1:30:00 AM,OD26005093,"10th St N / Hadley Ave N, OAKDALE",TRAFFIC STOP
OAKDALE POLICE DEPARTMENT,OAKDALE,5/3/2026 1:52:42 AM,OD26005094,"1XXX  Helena Rd N, OAKDALE",DISTURBANCE
OAKDALE POLICE DEPARTMENT,OAKDALE,5/3/2026 3:54:29 AM,OD26005095,"7XXX  15th Street Ln N, OAKDALE",SHOTS FIRED/SHOOTING COMPLAINT
OAKDALE POLICE DEPARTMENT,OAKDALE,5/3/2026 3:54:38 AM,OD26005096,"Tanners Lake, OAKDALE",SHOTS FIRED/SHOOTING COMPLAINT
OAKDALE POLICE DEPARTMENT,OAKDALE,5/3/2026 4:08:39 AM,OD26005097,"1XXX  Goodwin Ave N, OAKDALE",MEDICAL
OAKDALE POLICE DEPARTMENT,OAKDALE,5/3/2026 7:58:00 AM,OD26005099,"1XXX  Granada Ave N, OAKDALE",DWI
OAKDALE POLICE DEPARTMENT,OAKDALE,5/3/2026 8:56:13 AM,OD26005100,"Hadley Ave N / Stillwater Blvd N, OAKDALE",DRIVING COMPLAINT
OAKDALE POLICE DEPARTMENT,OAKDALE,5/3/2026 9:31:34 AM,OD26005102,"1XXX  Gentry Ave N, OAKDALE",911 ABANDONED/HANGUP/OPEN LINE
OAKDALE POLICE DEPARTMENT,OAKDALE,5/3/2026 9:32:22 AM,OD26005103,"2XXX  GRANADA LN N, OAKDALE",911 ABANDONED/HANGUP/OPEN LINE
OAKDALE POLICE DEPARTMENT,OAKDALE,5/3/2026 9:57:28 AM,OD26005104,"7XXX  19TH ST N, OAKDALE",911 ABANDONED/HANGUP/OPEN LINE
OAKDALE POLICE DEPARTMENT,OAKDALE,5/3/2026 12:56:53 PM,OD26005107,"7XXX  10TH ST N, OAKDALE",ANIMAL COMPLAINT
OAKDALE POLICE DEPARTMENT,OAKDALE,5/3/2026 2:40:14 PM,OD26005109,"4XXX  HELENA RD N, OAKDALE",911 ABANDONED/HANGUP/OPEN LINE
OAKDALE POLICE DEPARTMENT,OAKDALE,5/3/2026 2:53:00 PM,OD26005110,"25TH ST N / GRANADA AVE N, OAKDALE",TRAFFIC STOP
OAKDALE POLICE DEPARTMENT,OAKDALE,5/3/2026 3:10:54 PM,OD26005111,"7XXX  12TH ST N, OAKDALE",SUSPICIOUS PERSON/ACTIVITY
OAKDALE POLICE DEPARTMENT,OAKDALE,5/3/2026 5:14:06 PM,OD26005114,"XXX GLENBROOK AVE N, OAKDALE",PARKING COMPLAINT
OAKDALE POLICE DEPARTMENT,OAKDALE,5/3/2026 5:56:05 PM,OD26005116,"XXX Greystone Ave N, OAKDALE",911 ABANDONED/HANGUP/OPEN LINE
OAKDALE POLICE DEPARTMENT,OAKDALE,5/3/2026 6:06:07 PM,OD26005118,"3XXX  HADLEY AVE N, OAKDALE",DRIVING COMPLAINT
OAKDALE POLICE DEPARTMENT,OAKDALE,5/3/2026 7:05:23 PM,OD26005119,"4XXX  Helena Way N, OAKDALE",JUVENILE COMPLAINT
OAKDALE POLICE DEPARTMENT,OAKDALE,5/3/2026 9:29:31 PM,OD26005122,"7XXX  Upper 26th St N, OAKDALE",DISTURBANCE
OAKDALE POLICE DEPARTMENT,OAKDALE,5/4/2026 1:51:07 AM,OD26005125,"4XXX  GERSHWIN AVE N, OAKDALE",SUSPICIOUS PERSON/ACTIVITY
OAKDALE POLICE DEPARTMENT,OAKDALE,5/4/2026 7:45:20 AM,OD26005128,"XXX Geneva Ave N, OAKDALE",SHOPLIFTING
OAKDALE POLICE DEPARTMENT,OAKDALE,5/4/2026 8:26:25 AM,OD26005130,"1XXX  Helmo Ave N, OAKDALE",CITIZEN/PUBLIC ASSIST
OAKDALE POLICE DEPARTMENT,OAKDALE,5/4/2026 8:29:43 AM,OD26005131,"6XXX  45TH ST N, OAKDALE",RUNAWAY
OAKDALE POLICE DEPARTMENT,OAKDALE,5/4/2026 8:36:44 AM,OD26005132,"6XXX  55th St N, OAKDALE",BURGLARY
OAKDALE POLICE DEPARTMENT,OAKDALE,5/4/2026 9:06:55 AM,OD26005134,"1XXX  Gentry Ave N, OAKDALE",VEHICLE UNLOCK
OAKDALE POLICE DEPARTMENT,OAKDALE,5/4/2026 9:15:11 AM,OD26005135,"1XXX  Hadley Ave N, OAKDALE",OFFICER INFORMATION
OAKDALE POLICE DEPARTMENT,OAKDALE,5/4/2026 9:58:17 AM,OD26005136,"1XXX  Helena Rd N, OAKDALE",DISTURBANCE
OAKDALE POLICE DEPARTMENT,OAKDALE,5/4/2026 10:18:34 AM,OD26005138,"7XXX  10th St N, OAKDALE",ALARM-BUSINESS/RES/FIRE/MEDICAL/ETC
OAKDALE POLICE DEPARTMENT,OAKDALE,5/4/2026 10:30:50 AM,OD26005139,"1XXX  Hadley Ave N, OAKDALE",STALKING
OAKDALE POLICE DEPARTMENT,OAKDALE,5/4/2026 11:31:55 AM,OD26005141,"6XXX  Lower 12th St N, OAKDALE",MEDICAL
OAKDALE POLICE DEPARTMENT,OAKDALE,5/4/2026 11:34:40 AM,OD26005140,"1XXX  Hadley Ave N, OAKDALE",LOST PROPERTY/ITEM
OAKDALE POLICE DEPARTMENT,OAKDALE,5/4/2026 11:42:30 AM,OD26005142,"7XXX  12th St N, OAKDALE",ACCIDENT
OAKDALE POLICE DEPARTMENT,OAKDALE,5/4/2026 11:59:52 AM,OD26005144,"Hadley Ave N / 4th St N, OAKDALE",WELFARE CHECK
OAKDALE POLICE DEPARTMENT,OAKDALE,5/4/2026 12:15:12 PM,OD26005146,"1XXX  Hadley Ave N, OAKDALE",CITIZEN/PUBLIC ASSIST
OAKDALE POLICE DEPARTMENT,OAKDALE,5/4/2026 12:36:25 PM,OD26005148,"1XXX  Hadley Ave N, OAKDALE",ALARM-BUSINESS/RES/FIRE/MEDICAL/ETC
OAKDALE POLICE DEPARTMENT,OAKDALE,5/4/2026 1:01:35 PM,OD26005149,"XXX GREENWAY AVE N, OAKDALE",ASSAULT
OAKDALE POLICE DEPARTMENT,OAKDALE,5/4/2026 1:02:32 PM,OD26005150,"Hadley Ave N / 34th St N, OAKDALE",ASSIST OTHER AGENCY
OAKDALE POLICE DEPARTMENT,OAKDALE,5/4/2026 1:04:39 PM,OD26005151,"1XXX  HADLEY AVE N, OAKDALE",CITIZEN/PUBLIC ASSIST
OAKDALE POLICE DEPARTMENT,OAKDALE,5/4/2026 1:26:29 PM,OD26005153,"7XXX  10TH ST N, OAKDALE",WELFARE CHECK
OAKDALE POLICE DEPARTMENT,OAKDALE,5/4/2026 1:56:14 PM,OD26005155,"7XXX  32nd St N, OAKDALE",SHOPLIFTING
OAKDALE POLICE DEPARTMENT,OAKDALE,5/4/2026 2:36:30 PM,OD26005156,"Inwood Ave N / 4th St N, OAKDALE",ACCIDENT
OAKDALE POLICE DEPARTMENT,OAKDALE,5/4/2026 2:38:16 PM,OD26005157,"6XXX  52nd St N, OAKDALE",WARRANT ATTEMPT
OAKDALE POLICE DEPARTMENT,OAKDALE,5/4/2026 2:56:07 PM,OD26005158,"1XXX  Hadley Ave N, OAKDALE",SUSPICIOUS PERSON/ACTIVITY
OAKDALE POLICE DEPARTMENT,OAKDALE,5/4/2026 2:59:32 PM,OD26005160,"Unknown, OAKDALE",FOLLOW UP
OAKDALE POLICE DEPARTMENT,OAKDALE,5/4/2026 4:03:26 PM,OD26005161,"10TH ST N / I694, OAKDALE",ASSIST OTHER AGENCY
OAKDALE POLICE DEPARTMENT,OAKDALE,5/4/2026 4:42:09 PM,OD26005164,"XXX Greenway Ave N, OAKDALE",RUNAWAY
OAKDALE POLICE DEPARTMENT,OAKDALE,5/4/2026 6:27:18 PM,OD26005167,"7XXX  10th St N, OAKDALE",ACCIDENT
OAKDALE POLICE DEPARTMENT,OAKDALE,5/4/2026 6:51:16 PM,OD26005168,"1XXX  Helena Rd N, OAKDALE",CITIZEN/PUBLIC ASSIST
OAKDALE POLICE DEPARTMENT,OAKDALE,5/4/2026 8:14:08 PM,OD26005170,"1XXX  HADLEY AVE N, OAKDALE",RUNAWAY
OAKDALE POLICE DEPARTMENT,OAKDALE,5/4/2026 8:26:32 PM,OD26005172,"7XXX  2ND ST N, OAKDALE",WELFARE CHECK
OAKDALE POLICE DEPARTMENT,OAKDALE,5/4/2026 8:34:20 PM,OD26005176," 0 ADDRESS UNKNOWN   , OAKDALE",FRAUD/SCAM
OAKDALE POLICE DEPARTMENT,OAKDALE,5/4/2026 8:35:23 PM,OD26005174,"3XXX  Genevieve Ave N, OAKDALE",DANCO VIOLATION
OAKDALE POLICE DEPARTMENT,OAKDALE,5/4/2026 10:29:04 PM,OD26005177,"10TH ST N / HERON AVE N, OAKDALE",DWI
OAKDALE POLICE DEPARTMENT,OAKDALE,5/5/2026 12:18:20 AM,OD26005179,"1XXX  Geneva Ave N, OAKDALE",UNWANTED PERSON/VEHICLE
OAKDALE POLICE DEPARTMENT,OAKDALE,5/5/2026 1:04:00 AM,OD26005180,"4XXX  Gershwin Ave N, OAKDALE",SUSPICIOUS PERSON/ACTIVITY
OAKDALE POLICE DEPARTMENT,OAKDALE,5/5/2026 7:54:23 AM,OD26005181,"5XXX  Hadley Ave N, OAKDALE",ALARM-BUSINESS/RES/FIRE/MEDICAL/ETC
OAKDALE POLICE DEPARTMENT,OAKDALE,5/5/2026 8:05:50 AM,OD26005182,"1XXX  HADLEY AVE N, OAKDALE",ASSIST OTHER AGENCY
OAKDALE POLICE DEPARTMENT,OAKDALE,5/5/2026 8:47:13 AM,OD26005183,"1XXX  Hilo Ave N, OAKDALE",MEDICAL
OAKDALE POLICE DEPARTMENT,OAKDALE,5/5/2026 10:39:01 AM,OD26005184,"1XXX  GRANADA AVE N, OAKDALE",RUNAWAY
OAKDALE POLICE DEPARTMENT,OAKDALE,5/5/2026 11:13:10 AM,OD26005185,"3XXX  Granada Ln N, OAKDALE",UNWANTED PERSON/VEHICLE
OAKDALE POLICE DEPARTMENT,OAKDALE,5/5/2026 12:25:30 PM,OD26005188,"1XXX  Greenway Ave N, OAKDALE",ASSIST OTHER AGENCY
OAKDALE POLICE DEPARTMENT,OAKDALE,5/5/2026 12:43:17 PM,OD26005189,"3XXX  Hadley Ave N, OAKDALE",TRESPASS NOTICE
OAKDALE POLICE DEPARTMENT,OAKDALE,5/5/2026 12:53:45 PM,OD26005191,"6XXX  5TH ST N, OAKDALE",WELFARE CHECK
OAKDALE POLICE DEPARTMENT,OAKDALE,5/5/2026 3:18:52 PM,OD26005195,"3XXX  Hadley Ave N, OAKDALE",VEHICLE UNLOCK
OAKDALE POLICE DEPARTMENT,OAKDALE,5/5/2026 5:18:21 PM,OD26005198,"Hadley Ave N / 19th St N, OAKDALE",WELFARE CHECK
OAKDALE POLICE DEPARTMENT,OAKDALE,5/5/2026 6:51:03 PM,OD26005200,"XXX GLENBROOK AVE N, OAKDALE",MEDICAL
OAKDALE POLICE DEPARTMENT,OAKDALE,5/5/2026 9:41:03 PM,OD26005204,"1XXX  HELENA RD N, OAKDALE",CITIZEN/PUBLIC ASSIST
OAKDALE POLICE DEPARTMENT,OAKDALE,5/6/2026 1:27:45 AM,OD26005207,"XXX Imperial Ave N, OAKDALE",WELFARE CHECK
OAKDALE POLICE DEPARTMENT,OAKDALE,5/6/2026 7:28:29 AM,OD26005208,"7XXX  10TH ST N, OAKDALE",CHECK SMOKE / GAS SMELL
OAKDALE POLICE DEPARTMENT,OAKDALE,5/6/2026 7:51:19 AM,OD26005209,"6XXX  13th St N, OAKDALE",THEFT
OAKDALE POLICE DEPARTMENT,OAKDALE,5/6/2026 8:46:02 AM,OD26005210,"4XXX  Geneva Ave N, OAKDALE",911
OAKDALE POLICE DEPARTMENT,OAKDALE,5/6/2026 9:05:22 AM,OD26005211,"Hadley Ave N/ 40th St N, OAKDALE",FOLLOW UP
OAKDALE POLICE DEPARTMENT,OAKDALE,5/6/2026 9:56:51 AM,OD26005214,"7XXX  13th St N, OAKDALE",CIVIL MATTER/DISPUTE
OAKDALE POLICE DEPARTMENT,OAKDALE,5/6/2026 9:57:11 AM,OD26005215,"7XXX  UPPER 17TH ST N, OAKDALE",FRAUD/SCAM
OAKDALE POLICE DEPARTMENT,OAKDALE,5/6/2026 12:02:06 PM,OD26005218,"1XXX  Hilo Ave N, OAKDALE",FRAUD/SCAM
OAKDALE POLICE DEPARTMENT,OAKDALE,5/6/2026 12:16:13 PM,OD26005219,"5XXX  - 5599 HADLEY AVE N, OAKDALE",TRAFFIC STOP
OAKDALE POLICE DEPARTMENT,OAKDALE,5/6/2026 12:29:13 PM,OD26005222,"6XXX  15th St N, OAKDALE",ASSIST OTHER AGENCY
OAKDALE POLICE DEPARTMENT,OAKDALE,5/6/2026 12:51:25 PM,OD26005224,"3XXX  Grenadier Pl N, OAKDALE",CITIZEN/PUBLIC ASSIST
OAKDALE POLICE DEPARTMENT,OAKDALE,5/6/2026 12:56:10 PM,OD26005225,"XXX Helena Ave N, OAKDALE",ASSIST OTHER AGENCY
OAKDALE POLICE DEPARTMENT,OAKDALE,5/6/2026 1:09:33 PM,OD26005226,"7XXX  32nd St N, OAKDALE",CITIZEN/PUBLIC ASSIST
OAKDALE POLICE DEPARTMENT,OAKDALE,5/6/2026 1:39:21 PM,OD26005227,"7XXX  36th St N, OAKDALE",CITIZEN/PUBLIC ASSIST
OAKDALE POLICE DEPARTMENT,OAKDALE,5/6/2026 3:55:07 PM,OD26005232,"6XXX  55TH ST N, OAKDALE",ANIMAL COMPLAINT
OAKDALE POLICE DEPARTMENT,OAKDALE,5/6/2026 5:56:40 PM,OD26005235,"1XXX  Granada Ave N, OAKDALE",ANIMAL COMPLAINT
OAKDALE POLICE DEPARTMENT,OAKDALE,5/6/2026 6:04:28 PM,OD26005236,"3XXX  Hale Ave N, OAKDALE",WELFARE CHECK
OAKDALE POLICE DEPARTMENT,OAKDALE,5/6/2026 6:58:15 PM,OD26005237,"7XXX  10th St N, OAKDALE",SUSPICIOUS PERSON/ACTIVITY
OAKDALE POLICE DEPARTMENT,OAKDALE,5/6/2026 7:02:29 PM,OD26005238,"6XXX  22nd St N, OAKDALE",911 ABANDONED/HANGUP/OPEN LINE
OAKDALE POLICE DEPARTMENT,OAKDALE,5/6/2026 7:17:08 PM,OD26005239,"6XXX  6th St N, OAKDALE",FIRE
OAKDALE POLICE DEPARTMENT,OAKDALE,5/6/2026 7:44:29 PM,OD26005240,"7XXX  25th St N, OAKDALE",911 ABANDONED/HANGUP/OPEN LINE
OAKDALE POLICE DEPARTMENT,OAKDALE,5/6/2026 7:49:33 PM,OD26005241,"3XXX  GRANADA LN N, OAKDALE",DRIVING COMPLAINT
OAKDALE POLICE DEPARTMENT,OAKDALE,5/6/2026 10:32:00 PM,OD26005242,"Hadley Ave N / 34th St N, OAKDALE",TRAFFIC STOP
OAKDALE POLICE DEPARTMENT,OAKDALE,5/7/2026 12:01:18 AM,OD26005244,"3XXX  IDEAL AVE N, OAKDALE",TRAFFIC STOP
OAKDALE POLICE DEPARTMENT,OAKDALE,5/7/2026 12:13:30 AM,OD26005245,"7XXX  32ND ST N, OAKDALE",SUSPICIOUS PERSON/ACTIVITY
OAKDALE POLICE DEPARTMENT,OAKDALE,5/7/2026 12:37:17 AM,OD26005246,"GENEVA AVE N / 4TH ST N, OAKDALE",TRAFFIC STOP
OAKDALE POLICE DEPARTMENT,OAKDALE,5/7/2026 12:40:13 AM,OD26005247,"10TH ST N / HELMO AVE N, OAKDALE",TRAFFIC STOP
OAKDALE POLICE DEPARTMENT,OAKDALE,5/7/2026 12:45:28 AM,OD26005248,"Gentry Ave N / 12th St N, OAKDALE",TRAFFIC STOP
OAKDALE POLICE DEPARTMENT,OAKDALE,5/7/2026 12:59:32 AM,OD26005249,"6XXX  10TH ST N, OAKDALE",TRAFFIC STOP
OAKDALE POLICE DEPARTMENT,OAKDALE,5/7/2026 1:02:00 AM,OD26005250,"GRANADA AVE N & STILLWATER BLVD N, OAKDALE",TRAFFIC STOP
OAKDALE POLICE DEPARTMENT,OAKDALE,5/7/2026 1:08:18 AM,OD26005251,"6XXX  10TH ST N, OAKDALE",TRAFFIC STOP
OAKDALE POLICE DEPARTMENT,OAKDALE,5/7/2026 1:40:39 AM,OD26005252,"IDEAL AVE N / 34TH ST N, OAKDALE",ASSIST OTHER AGENCY
OAKDALE POLICE DEPARTMENT,OAKDALE,5/7/2026 5:22:04 AM,OD26005254," 1213 GENTRY AVE N   , OAKDALE",ANIMAL COMPLAINT
OAKDALE POLICE DEPARTMENT,OAKDALE,5/7/2026 7:56:20 AM,OD26005255,"3XXX  GERSHWIN AVE N, OAKDALE",ANIMAL COMPLAINT
OAKDALE POLICE DEPARTMENT,OAKDALE,5/7/2026 10:27:00 AM,OD26005258,"6XXX  55TH ST N, OAKDALE",FOLLOW UP
OAKDALE POLICE DEPARTMENT,OAKDALE,5/7/2026 10:28:48 AM,OD26005259,"5XXX  GENEVA AVE N, OAKDALE",MEDICAL
OAKDALE POLICE DEPARTMENT,OAKDALE,5/7/2026 10:38:54 AM,OD26005260,"XXX GRAFTON AVE N, OAKDALE",FOLLOW UP
OAKDALE POLICE DEPARTMENT,OAKDALE,5/7/2026 10:54:47 AM,OD26005262,"3XXX  Gershwin Ln N, OAKDALE",MEDICAL
OAKDALE POLICE DEPARTMENT,OAKDALE,5/7/2026 10:58:54 AM,OD26005263,"5XXX  Hadley Ave N, OAKDALE",VEHICLE UNLOCK
OAKDALE POLICE DEPARTMENT,OAKDALE,5/7/2026 11:13:20 AM,OD26005264,"XXX GENEVA AVE N, OAKDALE",TRAFFIC STOP
OAKDALE POLICE DEPARTMENT,OAKDALE,5/7/2026 11:19:40 AM,OD26005266,"2XXX  Hillvale Ct N, OAKDALE",PARKING COMPLAINT
OAKDALE POLICE DEPARTMENT,OAKDALE,5/7/2026 11:22:54 AM,OD26005265,"XXX GENEVA AVE N, OAKDALE",TRAFFIC STOP
OAKDALE POLICE DEPARTMENT,OAKDALE,5/7/2026 11:53:19 AM,OD26005267,"Hadley Ave N/Stillwater Blvd N, OAKDALE",TRAFFIC STOP
OAKDALE POLICE DEPARTMENT,OAKDALE,5/7/2026 12:13:00 PM,OD26005268,"40th St N/ Granada Ave N , OAKDALE",TRAFFIC STOP
OAKDALE POLICE DEPARTMENT,OAKDALE,5/7/2026 12:17:30 PM,OD26005269,"6XXX  15TH ST N, OAKDALE",HARASSMENT
OAKDALE POLICE DEPARTMENT,OAKDALE,5/7/2026 1:15:55 PM,OD26005270,"7XXX  11th St N, OAKDALE",911 ABANDONED/HANGUP/OPEN LINE
OAKDALE POLICE DEPARTMENT,OAKDALE,5/7/2026 1:30:01 PM,OD26005271,"7XXX  10th St N, OAKDALE",SHOPLIFTING
OAKDALE POLICE DEPARTMENT,OAKDALE,5/7/2026 1:35:33 PM,OD26005272,"1XXX  Gentry Ave N, OAKDALE",THEFT FROM MOTOR VEHICLE
OAKDALE POLICE DEPARTMENT,OAKDALE,5/7/2026 2:45:53 PM,OD26005276,"6XXX  4TH ST N, OAKDALE",MEDICAL
OAKDALE POLICE DEPARTMENT,OAKDALE,5/7/2026 2:49:19 PM,OD26005277,"50th St N / Heather Ridge Rd N, OAKDALE",ACCIDENT
OAKDALE POLICE DEPARTMENT,OAKDALE,5/7/2026 3:46:00 PM,OD26005280,"XXX Glenbrook Ave N, OAKDALE",NOISE COMPLAINT/DISTURBANCE
OAKDALE POLICE DEPARTMENT,OAKDALE,5/7/2026 4:25:00 PM,OD26005282,"6XXX  12TH ST N, OAKDALE",PARKING VIOLATION
OAKDALE POLICE DEPARTMENT,OAKDALE,5/7/2026 4:33:53 PM,OD26005283,"1XXX  Granada Ave N, OAKDALE",MEDICAL
OAKDALE POLICE DEPARTMENT,OAKDALE,5/7/2026 4:35:54 PM,OD26005284,"1XXX  Hadley Ave N, OAKDALE",JUVENILE COMPLAINT
OAKDALE POLICE DEPARTMENT,OAKDALE,5/7/2026 5:06:03 PM,OD26005285,"1XXX  Hadley Ave N, OAKDALE",DUMPING COMPLAINT
OAKDALE POLICE DEPARTMENT,OAKDALE,5/7/2026 5:31:38 PM,OD26005287,"7XXX  10th St N, OAKDALE",ACCIDENT
OAKDALE POLICE DEPARTMENT,OAKDALE,5/7/2026 5:49:06 PM,OD26005289,"34th St N / Hadley Ave N, OAKDALE",TRAFFIC COMPLAINT
OAKDALE POLICE DEPARTMENT,OAKDALE,5/7/2026 5:57:12 PM,OD26005290,"6XXX  45th St N, OAKDALE",JUVENILE COMPLAINT
OAKDALE POLICE DEPARTMENT,OAKDALE,5/7/2026 6:44:11 PM,OD26005292,"34TH ST N / HIGH POINT DR N, OAKDALE",MOTORIST ASSIST
OAKDALE POLICE DEPARTMENT,OAKDALE,5/7/2026 8:07:05 PM,OD26005294,"7XXX  Stillwater Way N, OAKDALE",NEIGHBOR DISPUTE
OAKDALE POLICE DEPARTMENT,OAKDALE,5/7/2026 9:27:49 PM,OD26005295,"7XXX  54th St N, OAKDALE",DISTURBANCE
OAKDALE POLICE DEPARTMENT,OAKDALE,5/7/2026 9:33:51 PM,OD26005297,"7XXX  15th St N, OAKDALE",911 ABANDONED/HANGUP/OPEN LINE
OAKDALE POLICE DEPARTMENT,OAKDALE,5/7/2026 10:12:49 PM,OD26005300,"4XXX  Helena Rd N, OAKDALE",SUICIDE ATTEMPT/THREATS OF
OAKDALE POLICE DEPARTMENT,OAKDALE,5/8/2026 4:06:50 AM,OD26005303,"4XXX  Grenwich Way N, OAKDALE",SUSPICIOUS PERSON/ACTIVITY
OAKDALE POLICE DEPARTMENT,OAKDALE,5/8/2026 7:12:08 AM,OD26005305,"1XXX  GLENBROOK AVE N, OAKDALE",CITIZEN/PUBLIC ASSIST
OAKDALE POLICE DEPARTMENT,OAKDALE,5/8/2026 7:42:34 AM,OD26005308,"1XXX  Gershwin Ave N, OAKDALE",MEDICAL
OAKDALE POLICE DEPARTMENT,OAKDALE,5/8/2026 8:07:50 AM,OD26005310,"P.O. Box 28038, OAKDALE",MAIL THEFT
OAKDALE POLICE DEPARTMENT,OAKDALE,5/8/2026 8:49:26 AM,OD26005312,"4XXX  Geneva Ave N, OAKDALE",VEHICLE TAMPERING
OAKDALE POLICE DEPARTMENT,OAKDALE,5/8/2026 10:03:21 AM,OD26005315,"6XXX  15th St N, OAKDALE",SUSPICIOUS PERSON/ACTIVITY
OAKDALE POLICE DEPARTMENT,OAKDALE,5/8/2026 10:18:20 AM,OD26005317,"1XXX  HELMO AVE N, OAKDALE",SUSPICIOUS PERSON/ACTIVITY
OAKDALE POLICE DEPARTMENT,OAKDALE,5/8/2026 10:24:39 AM,OD26005318,"6XXX  15th St N, OAKDALE",FOLLOW UP
OAKDALE POLICE DEPARTMENT,OAKDALE,5/8/2026 11:40:34 AM,OD26005320,"7XXX  STILLWATER BLVD N, OAKDALE",ANIMAL COMPLAINT
OAKDALE POLICE DEPARTMENT,OAKDALE,5/8/2026 12:30:23 PM,OD26005323,"10th St N / Hadley Ave N, OAKDALE",DRIVING COMPLAINT
OAKDALE POLICE DEPARTMENT,OAKDALE,5/8/2026 12:50:13 PM,OD26005324,"6XXX  Hudson Blvd N, OAKDALE",MEDICAL
OAKDALE POLICE DEPARTMENT,OAKDALE,5/8/2026 1:11:09 PM,OD26005325,"Unknown, OAKDALE",ASSIST OTHER AGENCY
OAKDALE POLICE DEPARTMENT,OAKDALE,5/8/2026 1:25:14 PM,OD26005327,"2XXX  Henslow Ave N, OAKDALE",911 ABANDONED/HANGUP/OPEN LINE
OAKDALE POLICE DEPARTMENT,OAKDALE,5/8/2026 1:40:35 PM,OD26005328,"6XXX  40th St N, OAKDALE",MISSING PERSON
OAKDALE POLICE DEPARTMENT,OAKDALE,5/8/2026 2:20:10 PM,OD26005329,"6XXX  22ND STREET CT N, OAKDALE",CITIZEN/PUBLIC ASSIST
OAKDALE POLICE DEPARTMENT,OAKDALE,5/8/2026 2:23:18 PM,OD26005330,"1XXX  Heron Ave N, OAKDALE",DISORDERLY CONDUCT
OAKDALE POLICE DEPARTMENT,OAKDALE,5/8/2026 4:56:46 PM,OD26005332,"1XXX  HADLEY AVE N, OAKDALE",FOUND PROPERTY/ITEM
OAKDALE POLICE DEPARTMENT,OAKDALE,5/8/2026 5:09:59 PM,OD26005333,"4XXX  Hamlet Ave N, OAKDALE",DEATH
OAKDALE POLICE DEPARTMENT,OAKDALE,5/8/2026 5:17:32 PM,OD26005334,"Hadley Ave N / Stillwater Blvd N, OAKDALE",ACCIDENT
OAKDALE POLICE DEPARTMENT,OAKDALE,5/8/2026 5:39:50 PM,OD26005336,"3XXX  Gershwin Ave N, OAKDALE",FOLLOW UP
OAKDALE POLICE DEPARTMENT,OAKDALE,5/8/2026 6:25:39 PM,OD26005335,"Hadley / Stillwater Blvd N, OAKDALE",FOUND PROPERTY/ITEM
OAKDALE POLICE DEPARTMENT,OAKDALE,5/8/2026 6:46:53 PM,OD26005339,"1XXX  GENTRY AVE N, OAKDALE",DISTURBANCE
OAKDALE POLICE DEPARTMENT,OAKDALE,5/8/2026 6:59:41 PM,OD26005340,"1XXX  GENTRY AVE N, OAKDALE",911 ABANDONED/HANGUP/OPEN LINE
OAKDALE POLICE DEPARTMENT,OAKDALE,5/8/2026 6:59:53 PM,OD26005338,"3XXX  GRANADA LN N, OAKDALE",DISTURBANCE
OAKDALE POLICE DEPARTMENT,OAKDALE,5/8/2026 7:40:02 PM,OD26005341,"3XXX  GRANADA LN N, OAKDALE",DISTURBANCE
OAKDALE POLICE DEPARTMENT,OAKDALE,5/8/2026 7:54:13 PM,OD26005343,"UPPER 17TH ST N / HADLEY AVE N, OAKDALE",TRAFFIC STOP
OAKDALE POLICE DEPARTMENT,OAKDALE,5/8/2026 8:05:24 PM,OD26005344,"4XXX  Gershwin Ave N, OAKDALE",911 ABANDONED/HANGUP/OPEN LINE
OAKDALE POLICE DEPARTMENT,OAKDALE,5/8/2026 9:22:53 PM,OD26005349,"7XXX  32ND ST N, OAKDALE",LOCKOUT
OAKDALE POLICE DEPARTMENT,OAKDALE,5/8/2026 9:28:32 PM,OD26005350,"XXX GREENWAY AVE N, OAKDALE",ALARM-BUSINESS/RES/FIRE/MEDICAL/ETC
OAKDALE POLICE DEPARTMENT,OAKDALE,5/8/2026 9:35:20 PM,OD26005351,"1XXX  GENTRY AVE N, OAKDALE",911 ABANDONED/HANGUP/OPEN LINE
OAKDALE POLICE DEPARTMENT,OAKDALE,5/8/2026 9:52:15 PM,OD26005353,"8XXX  3rd St N, OAKDALE",SUSPICIOUS PERSON/ACTIVITY
OAKDALE POLICE DEPARTMENT,OAKDALE,5/9/2026 2:01:12 AM,OD26005356,"XXX HELENA AVE N, OAKDALE",ALARM-BUSINESS/RES/FIRE/MEDICAL/ETC
OAKDALE POLICE DEPARTMENT,OAKDALE,5/9/2026 6:56:51 AM,OD26005359,"1XXX  Helmo Ave N, OAKDALE",FOUND PROPERTY/ITEM
OAKDALE POLICE DEPARTMENT,OAKDALE,5/9/2026 9:25:34 AM,OD26005362,"6XXX  20th St N, OAKDALE",CITIZEN/PUBLIC ASSIST
OAKDALE POLICE DEPARTMENT,OAKDALE,5/9/2026 9:57:27 AM,OD26005363,"6XXX  36TH ST N, OAKDALE",MEDICAL
OAKDALE POLICE DEPARTMENT,OAKDALE,5/9/2026 10:57:36 AM,OD26005364,"2XXX  HADLEY AVE N, OAKDALE",WELFARE CHECK
OAKDALE POLICE DEPARTMENT,OAKDALE,5/9/2026 12:31:13 PM,OD26005365,"1XXX  Hale Ave N, OAKDALE",MEDICAL
OAKDALE POLICE DEPARTMENT,OAKDALE,5/9/2026 12:35:41 PM,OD26005366,"7XXX  15TH STREET LN N, OAKDALE",FRAUD/SCAM
OAKDALE POLICE DEPARTMENT,OAKDALE,5/9/2026 2:24:59 PM,OD26005368,"3XXX  - 3510 HIGH POINT DR N, OAKDALE",TRAFFIC STOP
OAKDALE POLICE DEPARTMENT,OAKDALE,5/9/2026 3:59:05 PM,OD26005371,"4XXX  Hamlet Ave N, OAKDALE",CITIZEN/PUBLIC ASSIST
OAKDALE POLICE DEPARTMENT,OAKDALE,5/9/2026 4:12:29 PM,OD26005372,"1XXX  Heath Ave N, OAKDALE",MEDICAL
OAKDALE POLICE DEPARTMENT,OAKDALE,5/9/2026 4:40:44 PM,OD26005373,"3XXX  Hadley Ave N, OAKDALE",SHOTS FIRED/SHOOTING COMPLAINT
OAKDALE POLICE DEPARTMENT,OAKDALE,5/9/2026 5:08:58 PM,OD26005374,"40th St N / Geneva Ave N, OAKDALE",ASSIST OTHER AGENCY
OAKDALE POLICE DEPARTMENT,OAKDALE,5/9/2026 5:27:28 PM,OD26005376,"1XXX  HELMO AVE N, OAKDALE",CITIZEN/PUBLIC ASSIST
OAKDALE POLICE DEPARTMENT,OAKDALE,5/9/2026 5:28:56 PM,OD26005377,"4XXX  Hamlet Ave N, OAKDALE",MAIL THEFT
OAKDALE POLICE DEPARTMENT,OAKDALE,5/9/2026 6:22:06 PM,OD26005378,"10th St N / Helmo Ave N, OAKDALE",ACCIDENT
OAKDALE POLICE DEPARTMENT,OAKDALE,5/9/2026 8:35:57 PM,OD26005380,"GRANADA AVE N / UPPER 35TH ST N, OAKDALE",MOTORIST ASSIST
OAKDALE POLICE DEPARTMENT,OAKDALE,5/9/2026 8:44:46 PM,OD26005381,"1XXX  Hadley Ave N, OAKDALE",MEDICAL
OAKDALE POLICE DEPARTMENT,OAKDALE,5/9/2026 8:50:01 PM,OD26005382,"1XXX  GENTRY AVE N, OAKDALE",911 ABANDONED/HANGUP/OPEN LINE
OAKDALE POLICE DEPARTMENT,OAKDALE,5/9/2026 10:10:04 PM,OD26005384,"6XXX  40TH ST N, OAKDALE",DISTURBANCE
OAKDALE POLICE DEPARTMENT,OAKDALE,5/9/2026 10:14:00 PM,OD26005383,"2XXX  GENEVA AVE N, OAKDALE",TRAFFIC STOP
ST. PAUL PARK POLICE DEPARTMENT,NEWPORT,5/4/2026 11:21:14 PM,SP26003508,"HWY 61 SB JSO GLEN RD, NEWPORT",ASSIST OTHER AGENCY
ST. PAUL PARK POLICE DEPARTMENT,NEWPORT,5/7/2026 2:53:51 PM,SP26003600,"Glen Rd / 10th Ave, NEWPORT",ASSIST OTHER AGENCY
ST. PAUL PARK POLICE DEPARTMENT,SAINT PAUL PARK,5/4/2026 11:25:00 AM,SP26003473,"70TH ST S TO HWY 61 NB RAMP, SAINT PAUL PARK",TRAFFIC STOP
ST. PAUL PARK POLICE DEPARTMENT,SAINT PAUL PARK,5/4/2026 6:46:01 PM,SP26003492,"XXX Summit Ave, SAINT PAUL PARK",THEFT
ST. PAUL PARK POLICE DEPARTMENT,SAINT PAUL PARK,5/4/2026 8:10:49 PM,SP26003494,"XXX SUMMIT AVE, SAINT PAUL PARK",FOUND PROPERTY/ITEM
ST. PAUL PARK POLICE DEPARTMENT,SAINT PAUL PARK,5/5/2026 1:39:35 PM,SP26003525,"1XXX  MCCAMMON AVE, SAINT PAUL PARK",FOUND PROPERTY/ITEM
ST. PAUL PARK POLICE DEPARTMENT,SAINT PAUL PARK,5/5/2026 6:14:02 PM,SP26003534,"7th Ave / Pleasant Ave, SAINT PAUL PARK",FOUND PROPERTY/ITEM
ST. PAUL PARK POLICE DEPARTMENT,SAINT PAUL PARK,5/6/2026 9:13:21 AM,SP26003558,"1XXX  3rd St, SAINT PAUL PARK",ANIMAL COMPLAINT
ST. PAUL PARK POLICE DEPARTMENT,SAINT PAUL PARK,5/6/2026 10:07:32 AM,SP26003560,"1XXX  3RD ST, SAINT PAUL PARK",DRUGS
ST. PAUL PARK POLICE DEPARTMENT,SAINT PAUL PARK,5/8/2026 11:04:32 AM,SP26003623,"Broadway ave/ Pleasant Ave, SAINT PAUL PARK",STOP ARM VIOLATION
ST. PAUL PARK POLICE DEPARTMENT,SAINT PAUL PARK,5/8/2026 2:24:48 PM,SP26003631,"7th Ave / Main St, SAINT PAUL PARK",DRUGS
ST. PAUL PARK POLICE DEPARTMENT,SAINT PAUL PARK,5/9/2026 12:00:00 AM,SP26003682,"7TH AVE / MAIN ST, SAINT PAUL PARK",DWI
ST. PAUL PARK POLICE DEPARTMENT,SAINT PAUL PARK,5/9/2026 2:36:31 AM,SP26003646,"1XXX  - 1139 3RD ST, SAINT PAUL PARK",ASSIST OTHER AGENCY
STILLWATER POLICE DEPARTMENT,GRANT,5/3/2026 11:48:52 PM,SW26003565,"MANNING AVE N / 97TH ST N, GRANT",ASSIST OTHER AGENCY
STILLWATER POLICE DEPARTMENT,OAK PARK HEIGHTS,5/3/2026 2:14:39 PM,SW26003546,"Osgood Ave N / 59th St N, OAK PARK HEIGHTS",ASSIST OTHER AGENCY
STILLWATER POLICE DEPARTMENT,STILLWATER,5/3/2026 1:18:32 AM,SW26003534,"XXX Main St S, STILLWATER",DISTURBANCE
STILLWATER POLICE DEPARTMENT,STILLWATER,5/3/2026 1:29:44 AM,SW26003535,"1XXX  GREELEY ST S, STILLWATER",CITIZEN/PUBLIC ASSIST
STILLWATER POLICE DEPARTMENT,STILLWATER,5/3/2026 1:44:11 AM,SW26003536,"XXX 6th St S, STILLWATER",MEDICAL
STILLWATER POLICE DEPARTMENT,STILLWATER,5/3/2026 8:59:33 AM,SW26003539,"1XXX  EAGLE RIDGE CRES, STILLWATER",OFFICER INFORMATION
STILLWATER POLICE DEPARTMENT,STILLWATER,5/3/2026 10:16:29 AM,SW26003541,"XXX Broadway St S, STILLWATER",CITIZEN/PUBLIC ASSIST
STILLWATER POLICE DEPARTMENT,STILLWATER,5/3/2026 11:10:48 AM,SW26003542,"4th St N / Sycamore St W, STILLWATER",DRIVING COMPLAINT
STILLWATER POLICE DEPARTMENT,STILLWATER,5/3/2026 11:47:46 AM,SW26003543,"XXX 2nd St N, STILLWATER",CITIZEN/PUBLIC ASSIST
STILLWATER POLICE DEPARTMENT,STILLWATER,5/3/2026 12:07:09 PM,SW26003544,"XXX Eben Ct, STILLWATER",911 ABANDONED/HANGUP/OPEN LINE
STILLWATER POLICE DEPARTMENT,STILLWATER,5/3/2026 12:10:37 PM,SW26003545,"XXX Stillwater Blvd N, STILLWATER",ACCIDENT
STILLWATER POLICE DEPARTMENT,STILLWATER,5/3/2026 3:38:52 PM,SW26003549,"XXX Water St S, STILLWATER",ANIMAL COMPLAINT
STILLWATER POLICE DEPARTMENT,STILLWATER,5/3/2026 3:46:34 PM,SW26003550,"1XXX  Frontage Rd W, STILLWATER",VEHICLE UNLOCK
STILLWATER POLICE DEPARTMENT,STILLWATER,5/3/2026 5:20:00 PM,SW26003552,"MAIN ST S & CHESTNUT ST E, STILLWATER",FLEEING
STILLWATER POLICE DEPARTMENT,STILLWATER,5/3/2026 5:53:29 PM,SW26003554,"XXX Water St S, STILLWATER",LOCKOUT
STILLWATER POLICE DEPARTMENT,STILLWATER,5/3/2026 6:18:07 PM,SW26003556,"2XXX  Eagle Ridge Trl, STILLWATER",ANIMAL COMPLAINT
STILLWATER POLICE DEPARTMENT,STILLWATER,5/3/2026 7:24:03 PM,SW26003557,"15XXX  60th St N, STILLWATER",SUSPICIOUS PERSON/ACTIVITY
STILLWATER POLICE DEPARTMENT,STILLWATER,5/3/2026 7:40:31 PM,SW26003558,"1XXX  Frontage Rd W, STILLWATER",911 ABANDONED/HANGUP/OPEN LINE
STILLWATER POLICE DEPARTMENT,STILLWATER,5/3/2026 8:10:08 PM,SW26003559,"15XXX  62nd St N, STILLWATER",MEDICAL
STILLWATER POLICE DEPARTMENT,STILLWATER,5/3/2026 8:29:03 PM,SW26003560,"1XXX  Orleans St W, STILLWATER",CITIZEN/PUBLIC ASSIST
STILLWATER POLICE DEPARTMENT,STILLWATER,5/3/2026 8:59:07 PM,SW26003561,"XXX Laurel St W, STILLWATER",NOISE COMPLAINT/DISTURBANCE
STILLWATER POLICE DEPARTMENT,STILLWATER,5/3/2026 11:02:00 PM,sw26003563,"Hwy 36 on ramp from SB 95, STILLWATER",DWI
STILLWATER POLICE DEPARTMENT,STILLWATER,5/3/2026 11:12:52 PM,SW26003564,"2XXX  Orleans St W, STILLWATER",DRIVING COMPLAINT
STILLWATER POLICE DEPARTMENT,STILLWATER,5/4/2026 11:43:33 AM,SW26003570,"1XXX  Market Dr, STILLWATER",MEDICAL
STILLWATER POLICE DEPARTMENT,STILLWATER,5/4/2026 11:45:28 AM,SW26003571,"2XXX  Frontage Rd W, STILLWATER",CIVIL MATTER/DISPUTE
STILLWATER POLICE DEPARTMENT,STILLWATER,5/4/2026 11:57:15 AM,SW26003572,"Unknown, STILLWATER",CITIZEN/PUBLIC ASSIST
STILLWATER POLICE DEPARTMENT,STILLWATER,5/4/2026 12:20:16 PM,SW26003573,"1XXX  Greeley St S, STILLWATER",PARKING COMPLAINT
STILLWATER POLICE DEPARTMENT,STILLWATER,5/4/2026 1:19:21 PM,SW26003576,"1XXX  Frontage Rd W, STILLWATER",VEHICLE UNLOCK
STILLWATER POLICE DEPARTMENT,STILLWATER,5/4/2026 1:25:08 PM,SW26003577,"2XXX  Orleans St W, STILLWATER",FAMILY ASSIST
STILLWATER POLICE DEPARTMENT,STILLWATER,5/4/2026 2:14:12 PM,SW26003578,"1XXX  2nd Ave S, STILLWATER",FRAUD/SCAM
STILLWATER POLICE DEPARTMENT,STILLWATER,5/4/2026 2:52:59 PM,SW26003579,"2XXX  Orleans St W, STILLWATER",CIVIL MATTER/DISPUTE
STILLWATER POLICE DEPARTMENT,STILLWATER,5/4/2026 3:25:45 PM,SW26003580,"ORLEANS ST W / STILLWATER BLVD N, STILLWATER",MEDICAL
STILLWATER POLICE DEPARTMENT,STILLWATER,5/4/2026 3:38:21 PM,SW26003581,"XXX 2nd St N, STILLWATER",MEDICAL
STILLWATER POLICE DEPARTMENT,STILLWATER,5/4/2026 4:18:04 PM,SW26003582,"XXX CHESTNUT ST E, STILLWATER",WELFARE CHECK
STILLWATER POLICE DEPARTMENT,STILLWATER,5/4/2026 4:26:58 PM,SW26003583,"1XXX  Stillwater Blvd N, STILLWATER",911 ABANDONED/HANGUP/OPEN LINE
STILLWATER POLICE DEPARTMENT,STILLWATER,5/4/2026 6:19:53 PM,SW26003586,"XXX 2nd St N, STILLWATER",MEDICAL
STILLWATER POLICE DEPARTMENT,STILLWATER,5/4/2026 6:42:45 PM,SW26003587,"XXX 2nd St N, STILLWATER",VEHICLE UNLOCK
STILLWATER POLICE DEPARTMENT,STILLWATER,5/4/2026 7:19:04 PM,SW26003588,"XXX Chestnut St E, STILLWATER",PARKING COMPLAINT
STILLWATER POLICE DEPARTMENT,STILLWATER,5/4/2026 9:05:20 PM,SW26003590,"XXX 4th St N, STILLWATER",WELFARE CHECK
STILLWATER POLICE DEPARTMENT,STILLWATER,5/5/2026 6:30:41 AM,SW26003592,"XXX Rutherford Rd, STILLWATER",911 ABANDONED/HANGUP/OPEN LINE
STILLWATER POLICE DEPARTMENT,STILLWATER,5/5/2026 6:42:01 AM,SW26003593,"HWY 36/GREELEY ST S, STILLWATER",DRIVING COMPLAINT
STILLWATER POLICE DEPARTMENT,STILLWATER,5/5/2026 7:29:59 AM,SW26003594,"2XXX  Washington Ave, STILLWATER",DISORDERLY CONDUCT
STILLWATER POLICE DEPARTMENT,STILLWATER,5/5/2026 7:42:10 AM,SW26003595,"XXX Rutherford Rd, STILLWATER",DISTURBANCE
STILLWATER POLICE DEPARTMENT,STILLWATER,5/5/2026 7:48:06 AM,SW26003596,"1XXX  Owens St N, STILLWATER",MEDICAL
STILLWATER POLICE DEPARTMENT,STILLWATER,5/5/2026 8:59:52 AM,SW26003597,"2XXX  Hawthorne Ln, STILLWATER",WELFARE CHECK
STILLWATER POLICE DEPARTMENT,STILLWATER,5/5/2026 9:12:47 AM,SW26003598,"1XXX  Greeley St S, STILLWATER",THEFT
STILLWATER POLICE DEPARTMENT,STILLWATER,5/5/2026 10:38:40 AM,SW26003602,"1XXX  Frontage Rd W, STILLWATER",WELFARE CHECK
STILLWATER POLICE DEPARTMENT,STILLWATER,5/5/2026 10:40:57 AM,SW26003601,"XXX MARSH ST W, STILLWATER",SCHOOL/STUDENT ISSUE
STILLWATER POLICE DEPARTMENT,STILLWATER,5/5/2026 11:49:17 AM,SW26003603,"1XXX  ATWOOD LN, STILLWATER",911 ABANDONED/HANGUP/OPEN LINE
STILLWATER POLICE DEPARTMENT,STILLWATER,5/5/2026 11:58:20 AM,SW26003604,"XXX Willard St E, STILLWATER",ALARM-BUSINESS/RES/FIRE/MEDICAL/ETC
STILLWATER POLICE DEPARTMENT,STILLWATER,5/5/2026 12:10:25 PM,SW26003605,"14XXX  62nd St N, STILLWATER",ASSIST OTHER AGENCY
STILLWATER POLICE DEPARTMENT,STILLWATER,5/5/2026 1:33:12 PM,SW26003606,"XXX 4th St N, STILLWATER",CITIZEN/PUBLIC ASSIST
STILLWATER POLICE DEPARTMENT,STILLWATER,5/5/2026 1:38:19 PM,SW26003607,"2XXX  ORLEANS ST W, STILLWATER",CIVIL MATTER/DISPUTE
STILLWATER POLICE DEPARTMENT,STILLWATER,5/5/2026 1:38:54 PM,SW26003608,"1XXX  Cottage Dr, STILLWATER",SUSPICIOUS PERSON/ACTIVITY
STILLWATER POLICE DEPARTMENT,STILLWATER,5/5/2026 1:43:24 PM,SW26003609,"FRONTAGE RD W / WASHINGTON AVE, STILLWATER",ACCIDENT
STILLWATER POLICE DEPARTMENT,STILLWATER,5/5/2026 2:45:40 PM,SW26003610,"1XXX  OLIVE ST W, STILLWATER",ASSIST OTHER AGENCY
STILLWATER POLICE DEPARTMENT,STILLWATER,5/5/2026 2:51:30 PM,SW26003611,"Curve Crest Blvd/Industrial Blvd, STILLWATER",MEDICAL
STILLWATER POLICE DEPARTMENT,STILLWATER,5/5/2026 3:07:33 PM,SW26003612,"XXX Greeley St S, STILLWATER",SUSPICIOUS PERSON/ACTIVITY
STILLWATER POLICE DEPARTMENT,STILLWATER,5/5/2026 3:16:36 PM,SW26003614,"1XXX  Everett St S, STILLWATER",ANIMAL COMPLAINT
STILLWATER POLICE DEPARTMENT,STILLWATER,5/5/2026 3:17:13 PM,SW26003613,"XXX Owens St N, STILLWATER",THEFT
STILLWATER POLICE DEPARTMENT,STILLWATER,5/5/2026 3:27:32 PM,SW26003616,"XXX Olive St W, STILLWATER",CIVIL MATTER/DISPUTE
STILLWATER POLICE DEPARTMENT,STILLWATER,5/5/2026 6:02:35 PM,SW26003617,"1XXX  Greeley St S, STILLWATER",TRAFFIC COMPLAINT
STILLWATER POLICE DEPARTMENT,STILLWATER,5/5/2026 7:15:09 PM,SW26003618,"Parkwood Ln / Sunrise Ave, STILLWATER",911 ABANDONED/HANGUP/OPEN LINE
STILLWATER POLICE DEPARTMENT,STILLWATER,5/5/2026 7:56:48 PM,SW26003620,"1XXX  4th Ave S, STILLWATER",MEDICAL
STILLWATER POLICE DEPARTMENT,STILLWATER,5/5/2026 9:31:17 PM,SW26003621,"1XXX  Tower Dr, STILLWATER",ASSIST OTHER AGENCY
STILLWATER POLICE DEPARTMENT,STILLWATER,5/6/2026 4:53:59 AM,SW26003626,"1XXX  Market Dr, STILLWATER",ALARM-BUSINESS/RES/FIRE/MEDICAL/ETC
STILLWATER POLICE DEPARTMENT,STILLWATER,5/6/2026 7:43:54 AM,SW26003627,"Unknown, STILLWATER",CITIZEN/PUBLIC ASSIST
STILLWATER POLICE DEPARTMENT,STILLWATER,5/6/2026 7:59:27 AM,SW26003628,"XXX Victoria Ct, STILLWATER",MEDICAL
STILLWATER POLICE DEPARTMENT,STILLWATER,5/6/2026 8:48:46 AM,SW26003629,"NORTHLAND AVE / INTERLACHEN DR, STILLWATER",TRAFFIC STOP
STILLWATER POLICE DEPARTMENT,STILLWATER,5/6/2026 9:51:31 AM,SW26003632,"NORTHLAND AVE / INTERLACHEN DR, STILLWATER",TRAFFIC STOP
STILLWATER POLICE DEPARTMENT,STILLWATER,5/6/2026 12:05:17 PM,SW26003635,"1XXX  Market Dr, STILLWATER",IDENTITY THEFT
STILLWATER POLICE DEPARTMENT,STILLWATER,5/6/2026 1:15:54 PM,SW26003636,"2XXX  Tower Dr, STILLWATER",WELFARE CHECK
STILLWATER POLICE DEPARTMENT,STILLWATER,5/6/2026 3:23:28 PM,SW26003638,"Wildpines Ln / Parkwood Ln, STILLWATER",DRIVING COMPLAINT
STILLWATER POLICE DEPARTMENT,STILLWATER,5/6/2026 4:35:27 PM,SW26003642,"Frontage Rd W / Washington Ave, STILLWATER",CITIZEN/PUBLIC ASSIST
STILLWATER POLICE DEPARTMENT,STILLWATER,5/6/2026 4:35:28 PM,SW26003641,"2XXX  BLK CROIXWOOD BLVD, STILLWATER",TRAFFIC STOP
STILLWATER POLICE DEPARTMENT,STILLWATER,5/6/2026 5:26:12 PM,SW26003643,"1XXX  Market Dr, STILLWATER",THEFT
STILLWATER POLICE DEPARTMENT,STILLWATER,5/6/2026 7:25:46 PM,SW26003644,"2XXX  Market Dr, STILLWATER",CITIZEN/PUBLIC ASSIST
STILLWATER POLICE DEPARTMENT,STILLWATER,5/6/2026 7:28:23 PM,SW26003645,"White Pine Way / Neal Ave N, STILLWATER",ANIMAL COMPLAINT
STILLWATER POLICE DEPARTMENT,STILLWATER,5/6/2026 8:03:35 PM,SW26003646,"XXX 2nd St N, STILLWATER",WELFARE CHECK
STILLWATER POLICE DEPARTMENT,STILLWATER,5/6/2026 8:17:08 PM,SW26003647,"1XXX  Martha St N, STILLWATER",JUVENILE COMPLAINT
STILLWATER POLICE DEPARTMENT,STILLWATER,5/6/2026 9:15:17 PM,SW26003648,"XXX Holcombe St S, STILLWATER",OFFICER INFORMATION
STILLWATER POLICE DEPARTMENT,STILLWATER,5/7/2026 12:13:07 AM,SW26003652,"15XXX  60th St N, STILLWATER",UNWANTED PERSON/VEHICLE
STILLWATER POLICE DEPARTMENT,STILLWATER,5/7/2026 7:05:25 AM,SW26003654,"14XXX  62nd St N, STILLWATER",WELFARE CHECK
STILLWATER POLICE DEPARTMENT,STILLWATER,5/7/2026 9:19:29 AM,SW26003657,"1XXX  Gilbert Ct, STILLWATER",PARKING COMPLAINT
STILLWATER POLICE DEPARTMENT,STILLWATER,5/7/2026 11:13:22 AM,SW26003661,"XXX Sunrise Ct, STILLWATER",MEDICAL
STILLWATER POLICE DEPARTMENT,STILLWATER,5/7/2026 11:31:53 AM,SW26003662,"XXX 4th St N, STILLWATER",PARKING COMPLAINT
STILLWATER POLICE DEPARTMENT,STILLWATER,5/7/2026 12:58:01 PM,SW26003664,"XXX 2nd St N, STILLWATER",ALARM-BUSINESS/RES/FIRE/MEDICAL/ETC
STILLWATER POLICE DEPARTMENT,STILLWATER,5/7/2026 4:53:57 PM,SW26003668,"XXX Northland Ave, STILLWATER",ALARM-BUSINESS/RES/FIRE/MEDICAL/ETC
STILLWATER POLICE DEPARTMENT,STILLWATER,5/7/2026 5:35:59 PM,SW26003669,"6XXX  Stillwater Blvd N, STILLWATER",FIRE
STILLWATER POLICE DEPARTMENT,STILLWATER,5/7/2026 5:53:00 PM,SW26003670,"2XXX  Market Dr, STILLWATER",SHOPLIFTING
STILLWATER POLICE DEPARTMENT,STILLWATER,5/7/2026 6:14:53 PM,SW26003671,"2XXX  HAWTHORNE LN, STILLWATER",WELFARE CHECK
STILLWATER POLICE DEPARTMENT,STILLWATER,5/7/2026 6:45:47 PM,SW26003672,"XXX Main St S, STILLWATER",ACCIDENT
STILLWATER POLICE DEPARTMENT,STILLWATER,5/7/2026 6:56:42 PM,SW26003673,"1XXX  Curve Crest Blvd, STILLWATER",ALARM-BUSINESS/RES/FIRE/MEDICAL/ETC
STILLWATER POLICE DEPARTMENT,STILLWATER,5/7/2026 7:05:45 PM,SW26003674,"2XXX  Hawthorne Ln, STILLWATER",WELFARE CHECK
STILLWATER POLICE DEPARTMENT,STILLWATER,5/7/2026 9:23:51 PM,SW26003676,"XXX Northland Ave, STILLWATER",ALARM-BUSINESS/RES/FIRE/MEDICAL/ETC
STILLWATER POLICE DEPARTMENT,STILLWATER,5/8/2026 12:05:25 AM,SW26003677,"2XXX  ORLEANS ST W, STILLWATER",NOISE COMPLAINT/DISTURBANCE
STILLWATER POLICE DEPARTMENT,STILLWATER,5/8/2026 12:14:10 AM,SW26003678,"XXX Churchill St W, STILLWATER",JUVENILE COMPLAINT
STILLWATER POLICE DEPARTMENT,STILLWATER,5/8/2026 12:45:57 AM,SW26003679,"XXX 2nd St N, STILLWATER",DISTURBANCE
STILLWATER POLICE DEPARTMENT,Stillwater,5/8/2026 1:20:13 AM,SW26003680,"1XXX  3rd Ave S, Stillwater",FOLLOW UP
STILLWATER POLICE DEPARTMENT,STILLWATER,5/8/2026 1:55:00 AM,SW26003681,"1XXX  Greeley St S, STILLWATER",ALARM-BUSINESS/RES/FIRE/MEDICAL/ETC
STILLWATER POLICE DEPARTMENT,STILLWATER,5/8/2026 2:57:11 AM,SW26003682,"1XXX  Greeley St S, STILLWATER",SHOTS FIRED/SHOOTING COMPLAINT
STILLWATER POLICE DEPARTMENT,STILLWATER,5/8/2026 4:30:25 AM,SW26003683,"XXX Broadway St S, STILLWATER",NOISE COMPLAINT/DISTURBANCE
STILLWATER POLICE DEPARTMENT,STILLWATER,5/8/2026 4:52:37 AM,SW26003685,"Unknown, STILLWATER",SUSPICIOUS PERSON/ACTIVITY
STILLWATER POLICE DEPARTMENT,STILLWATER,5/8/2026 9:31:21 AM,SW26003690,"Main St N / Myrtle St E, STILLWATER",DRIVING COMPLAINT
STILLWATER POLICE DEPARTMENT,STILLWATER,5/8/2026 9:58:42 AM,SW26003692,"1XXX  Frontage Rd W, STILLWATER",CITIZEN/PUBLIC ASSIST
STILLWATER POLICE DEPARTMENT,STILLWATER,5/8/2026 10:22:38 AM,SW26003694,"6XXX  Stillwater Blvd N, STILLWATER",OFFICER INFORMATION
STILLWATER POLICE DEPARTMENT,STILLWATER,5/8/2026 10:46:34 AM,SW26003695,"XXX NIGHTINGALE BLVD, STILLWATER",SUSPICIOUS PERSON/ACTIVITY
STILLWATER POLICE DEPARTMENT,STILLWATER,5/8/2026 11:23:29 AM,SW26003698,"XXX Rutherford Rd, STILLWATER",911 ABANDONED/HANGUP/OPEN LINE
STILLWATER POLICE DEPARTMENT,STILLWATER,5/8/2026 11:32:41 AM,SW26003699,"1XXX  Owens St N, STILLWATER",MEDICAL
STILLWATER POLICE DEPARTMENT,STILLWATER,5/8/2026 11:39:16 AM,SW26003700,"XXX Stillwater Blvd N, STILLWATER",CIVIL MATTER/DISPUTE
STILLWATER POLICE DEPARTMENT,STILLWATER,5/8/2026 12:19:33 PM,SW26003701,"1XXX  Market Dr, STILLWATER",MEDICAL
STILLWATER POLICE DEPARTMENT,STILLWATER,5/8/2026 12:43:24 PM,SW26003702,"XXX RUTHERFORD RD, STILLWATER",SUSPICIOUS PERSON/ACTIVITY
STILLWATER POLICE DEPARTMENT,STILLWATER,5/8/2026 1:15:39 PM,SW26003703,"XXX Owens St N, STILLWATER",MEDICAL
STILLWATER POLICE DEPARTMENT,STILLWATER,5/8/2026 4:05:43 PM,SW26003706,"Chestnut St E / Main St S, STILLWATER",CITIZEN/PUBLIC ASSIST
STILLWATER POLICE DEPARTMENT,STILLWATER,5/8/2026 4:33:37 PM,SW26003708,"XXX Greeley St S, STILLWATER",MEDICAL
STILLWATER POLICE DEPARTMENT,STILLWATER,5/8/2026 5:08:44 PM,SW26003709,"8XXX  Neal Ave N, STILLWATER",911 ABANDONED/HANGUP/OPEN LINE
STILLWATER POLICE DEPARTMENT,STILLWATER,5/8/2026 6:20:57 PM,SW26003710,"2XXX  Orleans St W, STILLWATER",MEDICAL
STILLWATER POLICE DEPARTMENT,STILLWATER,5/8/2026 6:59:18 PM,SW26003711,"1XXX  Curve Crest Blvd , STILLWATER",ALARM-BUSINESS/RES/FIRE/MEDICAL/ETC
STILLWATER POLICE DEPARTMENT,STILLWATER,5/8/2026 7:25:24 PM,SW26003712,"14XXX  62nd St N, STILLWATER",TRESPASSING
STILLWATER POLICE DEPARTMENT,STILLWATER,5/8/2026 8:07:53 PM,SW26003713,"XXX Main St S, STILLWATER",DISTURBANCE
STILLWATER POLICE DEPARTMENT,STILLWATER,5/8/2026 9:06:12 PM,SW26003716,"1XXX  Stillwater Blvd N, STILLWATER",OFP VIOLATION
STILLWATER POLICE DEPARTMENT,STILLWATER,5/8/2026 10:10:38 PM,SW26003718,"1XXX  GREELEY ST S, STILLWATER",ALARM-BUSINESS/RES/FIRE/MEDICAL/ETC
STILLWATER POLICE DEPARTMENT,STILLWATER,5/8/2026 10:21:10 PM,SW26003719,"1XXX  4th St S, STILLWATER",WELFARE CHECK
STILLWATER POLICE DEPARTMENT,STILLWATER,5/8/2026 10:34:22 PM,SW26003720,"1XXX  Amundson Ln, STILLWATER",ALARM-BUSINESS/RES/FIRE/MEDICAL/ETC
STILLWATER POLICE DEPARTMENT,STILLWATER,5/8/2026 10:48:58 PM,SW26003721,"1XXX  Everett St S, STILLWATER",MEDICAL
STILLWATER POLICE DEPARTMENT,STILLWATER,5/8/2026 10:57:52 PM,SW26003722,"1XXX  3RD AVE S, STILLWATER",FOLLOW UP
STILLWATER POLICE DEPARTMENT,STILLWATER,5/8/2026 11:53:12 PM,SW26003723,"1XXX  Mckusick Road Ln N, STILLWATER",ALARM-BUSINESS/RES/FIRE/MEDICAL/ETC
STILLWATER POLICE DEPARTMENT,STILLWATER,5/9/2026 1:41:10 AM,SW26003727,"XXX Laurie Ln, STILLWATER",WELFARE CHECK
STILLWATER POLICE DEPARTMENT,STILLWATER,5/9/2026 5:03:33 AM,SW26003729,"1XXX  Greeley St S, STILLWATER",ALARM-BUSINESS/RES/FIRE/MEDICAL/ETC
STILLWATER POLICE DEPARTMENT,STILLWATER,5/9/2026 6:40:31 AM,SW26003730,"1XXX  Greeley St S, STILLWATER",ALARM-BUSINESS/RES/FIRE/MEDICAL/ETC
STILLWATER POLICE DEPARTMENT,STILLWATER,5/9/2026 10:20:48 AM,SW26003733,"XXX GREELEY ST S, STILLWATER",ACCIDENT
STILLWATER POLICE DEPARTMENT,STILLWATER,5/9/2026 10:51:56 AM,SW26003734,"1XXX  Orleans St W, STILLWATER",HARASSMENT
STILLWATER POLICE DEPARTMENT,STILLWATER,5/9/2026 12:47:59 PM,SW26003737,"3XXX  Abercrombie Ln, STILLWATER",ALARM-BUSINESS/RES/FIRE/MEDICAL/ETC
STILLWATER POLICE DEPARTMENT,STILLWATER,5/9/2026 1:03:17 PM,SW26003738,"Chestnut St W / 5th St S, STILLWATER",TRAFFIC COMPLAINT
STILLWATER POLICE DEPARTMENT,STILLWATER,5/9/2026 2:00:34 PM,SW26003741,"Unknown, STILLWATER",CITIZEN/PUBLIC ASSIST
STILLWATER POLICE DEPARTMENT,STILLWATER,5/9/2026 2:15:00 PM,SW26003735,"Main St S / Nelson St, STILLWATER",WARRANT ARREST
STILLWATER POLICE DEPARTMENT,STILLWATER,5/9/2026 2:56:42 PM,SW26003743,"14XXX  60th St N, STILLWATER",THEFT
STILLWATER POLICE DEPARTMENT,STILLWATER,5/9/2026 2:58:08 PM,SW26003742,"XXX Water St S, STILLWATER",PARK COMPLAINT
STILLWATER POLICE DEPARTMENT,STILLWATER,5/9/2026 3:22:54 PM,SW26003744,"XXX Nelson St, STILLWATER",ANIMAL COMPLAINT
STILLWATER POLICE DEPARTMENT,STILLWATER,5/9/2026 4:03:17 PM,SW26003747,"HWY 36 WB AT GREELEY ST S, STILLWATER",DRIVING COMPLAINT
STILLWATER POLICE DEPARTMENT,STILLWATER,5/9/2026 4:23:55 PM,SW26003748,"1XXX  Greeley St S, STILLWATER",ALARM-BUSINESS/RES/FIRE/MEDICAL/ETC
STILLWATER POLICE DEPARTMENT,STILLWATER,5/9/2026 6:14:18 PM,SW26003751,"1XXX  Greeley St S, STILLWATER",ALARM-BUSINESS/RES/FIRE/MEDICAL/ETC
STILLWATER POLICE DEPARTMENT,STILLWATER,5/9/2026 6:19:47 PM,SW26003752,"WASHINGTON AVE/HWY 36, STILLWATER",ROAD HAZARD
STILLWATER POLICE DEPARTMENT,STILLWATER,5/9/2026 6:40:52 PM,SW26003753,"XXX Water St S, STILLWATER",ANIMAL COMPLAINT
STILLWATER POLICE DEPARTMENT,STILLWATER,5/9/2026 7:13:38 PM,SW26003754,"1XXX  EAGLE RIDGE CT, STILLWATER",911 ABANDONED/HANGUP/OPEN LINE
STILLWATER POLICE DEPARTMENT,STILLWATER,5/9/2026 7:15:10 PM,SW26003755,"XXX NEW ENGLAND PL, STILLWATER",MEDICAL
STILLWATER POLICE DEPARTMENT,STILLWATER,5/9/2026 9:09:23 PM,SW26003758,"XXX William St N, STILLWATER",NEIGHBOR DISPUTE
STILLWATER POLICE DEPARTMENT,STILLWATER,5/9/2026 10:16:02 PM,SW26003759,"1XXX  Cottage Dr, STILLWATER",MEDICAL
WASHINGTON COUNTY SHERIFFS OFFICE,AFTON,5/3/2026 12:43:53 AM,WC26020585,"3XXX  Nybeck Ave S, AFTON",DISTURBANCE
WASHINGTON COUNTY SHERIFFS OFFICE,AFTON,5/3/2026 3:11:25 PM,WC26020651,"1XXX  Strawberry Hill Rd S, AFTON",SUSPICIOUS PERSON/ACTIVITY
WASHINGTON COUNTY SHERIFFS OFFICE,AFTON,5/4/2026 9:16:09 AM,WC26020764,"MANNING AVE S / 40TH ST S, AFTON",OFFICER INFORMATION
WASHINGTON COUNTY SHERIFFS OFFICE,AFTON,5/5/2026 12:10:20 AM,WC26020902,"MAPLE CT S / HUDSON RD S, AFTON",DWI
WASHINGTON COUNTY SHERIFFS OFFICE,AFTON,5/5/2026 2:58:06 PM,WC26020982,"XX Croixview Dr S, AFTON",MEDICAL
WASHINGTON COUNTY SHERIFFS OFFICE,AFTON,5/5/2026 4:35:00 PM,WC26021007,"I94 EB AT Manning Ave, AFTON",TRAFFIC STOP
WASHINGTON COUNTY SHERIFFS OFFICE,AFTON,5/6/2026 7:50:51 AM,WC26021078,"14XXX  42nd St S, AFTON",MEDICAL
WASHINGTON COUNTY SHERIFFS OFFICE,AFTON,5/6/2026 8:32:00 AM,WC26021086,"15XXX  AFTON BLVD S, AFTON",TRAFFIC STOP
WASHINGTON COUNTY SHERIFFS OFFICE,AFTON,5/6/2026 10:11:46 AM,WC26021102,"Unknown, AFTON",FOLLOW UP
WASHINGTON COUNTY SHERIFFS OFFICE,AFTON,5/6/2026 10:52:13 AM,WC26021106,"3XXX  Saint Croix Trl S, AFTON",PROPERTY DAMAGE
WASHINGTON COUNTY SHERIFFS OFFICE,AFTON,5/6/2026 3:24:33 PM,WC26021175,"XX I94 WB JEO NEAL AVE N, AFTON",TRAFFIC STOP
WASHINGTON COUNTY SHERIFFS OFFICE,AFTON,5/6/2026 4:05:00 PM,WC26021185,"14XXX  HUDSON RD S, AFTON",TRAFFIC STOP
WASHINGTON COUNTY SHERIFFS OFFICE,AFTON,5/7/2026 4:18:29 PM,WC26021395,"4XXX  River Rd S, AFTON",CIVIL MATTER/DISPUTE
WASHINGTON COUNTY SHERIFFS OFFICE,AFTON,5/8/2026 2:45:43 PM,WC26021593,"Neal Ave S / 15th St S, AFTON",ROAD HAZARD
WASHINGTON COUNTY SHERIFFS OFFICE,AFTON,5/9/2026 12:43:28 AM,WC26021705,"I94 EB AT MNDOT REST AREA, AFTON",OFFICER INFORMATION
WASHINGTON COUNTY SHERIFFS OFFICE,AFTON,5/9/2026 11:44:49 AM,WC26021749,"14XXX  41st St S, AFTON",MEDICAL
WASHINGTON COUNTY SHERIFFS OFFICE,BAYPORT,5/3/2026 3:03:28 PM,WC26020649,"XXX 5th Ave S, BAYPORT",WATERCRAFT COMPLAINT
WASHINGTON COUNTY SHERIFFS OFFICE,BAYTOWN TOWNSHIP,5/3/2026 1:07:24 PM,WC26020634,"4XXX  Neal Ave N, BAYTOWN TOWNSHIP",CITIZEN/PUBLIC ASSIST
WASHINGTON COUNTY SHERIFFS OFFICE,BAYTOWN TOWNSHIP,5/3/2026 1:29:46 PM,WC26020637,"3XXX  Pete Miller Ct N, BAYTOWN TOWNSHIP",CITIZEN/PUBLIC ASSIST
WASHINGTON COUNTY SHERIFFS OFFICE,BAYTOWN TOWNSHIP,5/3/2026 8:12:10 PM,WC26020696,"3XXX  Oakgreen Ave N, BAYTOWN TOWNSHIP",ALARM-BUSINESS/RES/FIRE/MEDICAL/ETC
WASHINGTON COUNTY SHERIFFS OFFICE,BAYTOWN TOWNSHIP,5/6/2026 2:43:00 PM,WC26021165,"4XXX  - 4299 STILLWATER BLVD N, BAYTOWN TOWNSHIP",TRAFFIC STOP
WASHINGTON COUNTY SHERIFFS OFFICE,BAYTOWN TOWNSHIP,5/8/2026 1:21:54 PM,WC26021579,"MANNING AVE N / 30TH ST N, BAYTOWN TOWNSHIP",ACCIDENT
WASHINGTON COUNTY SHERIFFS OFFICE,BAYTOWN TOWNSHIP,5/8/2026 3:48:14 PM,WC26021602,"3XXX  Oakgreen Ave N, BAYTOWN TOWNSHIP",FOLLOW UP
WASHINGTON COUNTY SHERIFFS OFFICE,BIRCHWOOD VILLAGE,5/3/2026 1:45:06 PM,WC26020641,"XXX Wildwood Ave, BIRCHWOOD VILLAGE",DISTURBANCE
WASHINGTON COUNTY SHERIFFS OFFICE,BIRCHWOOD VILLAGE,5/6/2026 6:12:00 PM,WC26021207,"HALL AVE & WILDWOOD AVE, BIRCHWOOD VILLAGE",TRAFFIC STOP
WASHINGTON COUNTY SHERIFFS OFFICE,BIRCHWOOD VILLAGE,5/9/2026 11:55:46 AM,WC26021750,"XXX Wildwood Ave, BIRCHWOOD VILLAGE",ANIMAL COMPLAINT
WASHINGTON COUNTY SHERIFFS OFFICE,COTTAGE GROVE,5/3/2026 11:38:15 AM,WC26020626,"East Point Douglas Rd S / 80th St S, COTTAGE GROVE",ASSIST OTHER AGENCY
WASHINGTON COUNTY SHERIFFS OFFICE,COTTAGE GROVE,5/6/2026 10:04:30 PM,WC26021254,"7XXX  Joliet Ave S, COTTAGE GROVE",ASSIST OTHER AGENCY
WASHINGTON COUNTY SHERIFFS OFFICE,DELLWOOD,5/3/2026 12:47:03 AM,WC26020586,"XX Dellwood Ave, DELLWOOD",ALARM-BUSINESS/RES/FIRE/MEDICAL/ETC
WASHINGTON COUNTY SHERIFFS OFFICE,DELLWOOD,5/3/2026 9:59:39 AM,WC26020616,"XX Dellwood Ave, DELLWOOD",ALARM-BUSINESS/RES/FIRE/MEDICAL/ETC
WASHINGTON COUNTY SHERIFFS OFFICE,DELLWOOD,5/4/2026 6:09:16 PM,WC26020868,"XX Dellwood Rd N, DELLWOOD",ALARM-BUSINESS/RES/FIRE/MEDICAL/ETC
WASHINGTON COUNTY SHERIFFS OFFICE,DELLWOOD,5/6/2026 12:11:12 AM,WC26021059,"XXX APPLE ORCHARD RD, DELLWOOD",SUSPICIOUS PERSON/ACTIVITY
WASHINGTON COUNTY SHERIFFS OFFICE,DELLWOOD,5/6/2026 6:39:54 PM,WC26021211,"XX Dellwood Cv, DELLWOOD",MEDICAL
WASHINGTON COUNTY SHERIFFS OFFICE,DELLWOOD,5/7/2026 4:59:27 PM,WC26021405,"XX Dellwood Ave, DELLWOOD",ACCIDENT
WASHINGTON COUNTY SHERIFFS OFFICE,DELLWOOD,5/9/2026 8:29:18 PM,WC26021813,"XX Peninsula Rd, DELLWOOD",SUSPICIOUS PERSON/ACTIVITY
WASHINGTON COUNTY SHERIFFS OFFICE,DENMARK TOWNSHIP,5/3/2026 2:30:18 AM,WC26020596,"7XXX  Saint Croix Trl S, DENMARK TOWNSHIP",MEDICAL
WASHINGTON COUNTY SHERIFFS OFFICE,DENMARK TOWNSHIP,5/3/2026 3:12:38 PM,WC26020650,"12XXX  110th St S, DENMARK TOWNSHIP",FIRE
WASHINGTON COUNTY SHERIFFS OFFICE,DENMARK TOWNSHIP,5/3/2026 3:43:50 PM,WC26020657,"13XXX  Point Douglas Dr S, DENMARK TOWNSHIP",THREATS
WASHINGTON COUNTY SHERIFFS OFFICE,DENMARK TOWNSHIP,5/3/2026 3:57:16 PM,WC26020659,"6XXX  Peller Ave S, DENMARK TOWNSHIP",ALARM-BUSINESS/RES/FIRE/MEDICAL/ETC
WASHINGTON COUNTY SHERIFFS OFFICE,DENMARK TOWNSHIP,5/3/2026 6:26:14 PM,WC26020685,"12XXX  Point Douglas Dr S, DENMARK TOWNSHIP",ANIMAL COMPLAINT
WASHINGTON COUNTY SHERIFFS OFFICE,DENMARK TOWNSHIP,5/5/2026 5:22:12 PM,WC26021017,"MANNING AVE S / 70TH ST S, DENMARK TOWNSHIP",CITIZEN/PUBLIC ASSIST
WASHINGTON COUNTY SHERIFFS OFFICE,DENMARK TOWNSHIP,5/6/2026 11:09:47 AM,WC26021110,"122nd St S / Morgan Ave S, DENMARK TOWNSHIP",PUBLIC WORKS CONCERN
WASHINGTON COUNTY SHERIFFS OFFICE,DENMARK TOWNSHIP,5/6/2026 11:33:57 AM,WC26021122,"14XXX  65th St S, DENMARK TOWNSHIP",911 ABANDONED/HANGUP/OPEN LINE
WASHINGTON COUNTY SHERIFFS OFFICE,DENMARK TOWNSHIP,5/6/2026 2:32:59 PM,WC26021164,"16XXX  87th St S, DENMARK TOWNSHIP",ANIMAL COMPLAINT
WASHINGTON COUNTY SHERIFFS OFFICE,DENMARK TOWNSHIP,5/8/2026 9:03:09 AM,WC26021540,"XX 70th St S / Manning Ave S, DENMARK TOWNSHIP",TRAFFIC STOP
WASHINGTON COUNTY SHERIFFS OFFICE,DENMARK TOWNSHIP,5/8/2026 1:41:07 PM,WC26021583,"12XXX  Point Douglas Dr S, DENMARK TOWNSHIP",WARRANT ARREST
WASHINGTON COUNTY SHERIFFS OFFICE,DENMARK TOWNSHIP,5/8/2026 6:08:31 PM,WC26021629,"6XXX  Peller Ave S, DENMARK TOWNSHIP",ALARM-BUSINESS/RES/FIRE/MEDICAL/ETC
WASHINGTON COUNTY SHERIFFS OFFICE,DENMARK TOWNSHIP,5/8/2026 9:59:35 PM,WC26021658,"Saint Croix Trl S / 80th St S, DENMARK TOWNSHIP",ACCIDENT
WASHINGTON COUNTY SHERIFFS OFFICE,FOREST LAKE,5/6/2026 12:02:24 PM,WC26021129,"1XXX  Lake St S, FOREST LAKE",WARRANT ARREST
WASHINGTON COUNTY SHERIFFS OFFICE,GRANT,5/3/2026 1:07:15 AM,WC26020588,"9XXX  75th St N, GRANT",ANIMAL COMPLAINT
WASHINGTON COUNTY SHERIFFS OFFICE,GRANT,5/3/2026 12:21:13 PM,WC26020631,"10XXX  75th St N, GRANT",TRESPASSING
WASHINGTON COUNTY SHERIFFS OFFICE,GRANT,5/3/2026 4:11:44 PM,WC26020661,"9XXX  Knollwood Dr N, GRANT",THEFT
WASHINGTON COUNTY SHERIFFS OFFICE,GRANT,5/4/2026 6:53:28 AM,WC26020747,"Manning Ave N / 62nd St N, GRANT",ANIMAL COMPLAINT
WASHINGTON COUNTY SHERIFFS OFFICE,GRANT,5/4/2026 12:23:22 PM,WC26020805,"10XXX  60th St N, GRANT",LOCKOUT
WASHINGTON COUNTY SHERIFFS OFFICE,GRANT,5/4/2026 6:31:49 PM,WC26020870,"8XXX  75th St N, GRANT",911 ABANDONED/HANGUP/OPEN LINE
WASHINGTON COUNTY SHERIFFS OFFICE,GRANT,5/5/2026 2:19:00 PM,WC26020972,"75TH ST N / JOCELYN RD N, GRANT",TRAFFIC STOP
WASHINGTON COUNTY SHERIFFS OFFICE,GRANT,5/6/2026 11:45:56 AM,WC26021120,"11XXX  Ironwood Ave N, GRANT",MEDICAL
WASHINGTON COUNTY SHERIFFS OFFICE,GRANT,5/6/2026 6:07:58 PM,WC26021206,"8XXX  75th St N, GRANT",VEHICLE UNLOCK
WASHINGTON COUNTY SHERIFFS OFFICE,GRANT,5/7/2026 6:53:13 AM,WC26021297,"6XXX  Keats Ave N, GRANT",ALARM-BUSINESS/RES/FIRE/MEDICAL/ETC
WASHINGTON COUNTY SHERIFFS OFFICE,GRANT,5/7/2026 3:45:45 PM,WC26021393,"9XXX  65th St N, GRANT",FRAUD/SCAM
WASHINGTON COUNTY SHERIFFS OFFICE,GRANT,5/7/2026 5:20:14 PM,WC26021410,"10XXX  103rd St N, GRANT",ANIMAL COMPLAINT
WASHINGTON COUNTY SHERIFFS OFFICE,GRANT,5/7/2026 5:40:07 PM,WC26021414,"8XXX  75th St N, GRANT",911 ABANDONED/HANGUP/OPEN LINE
WASHINGTON COUNTY SHERIFFS OFFICE,GRANT,5/7/2026 7:25:17 PM,WC26021435,"75th St N / Jamaca Ave N, GRANT",SUSPICIOUS PERSON/ACTIVITY
WASHINGTON COUNTY SHERIFFS OFFICE,GRANT,5/8/2026 10:58:04 AM,WC26021556,"117th St N / Bayhill Rd, GRANT",DRIVING COMPLAINT
WASHINGTON COUNTY SHERIFFS OFFICE,GRANT,5/8/2026 12:06:59 PM,WC26021569,"9XXX  84th St N, GRANT",FIRE
WASHINGTON COUNTY SHERIFFS OFFICE,GRANT,5/9/2026 7:34:23 PM,WC26021810,"10XXX  Dellwood Rd N, GRANT",MEDICAL
WASHINGTON COUNTY SHERIFFS OFFICE,GREY CLOUD ISLAND TOWNSHIP,5/9/2026 11:25:49 AM,WC26021746,"10XXX  Grey Cloud Island Dr S, GREY CLOUD ISLAND TOWNSHIP",MEDICAL
WASHINGTON COUNTY SHERIFFS OFFICE,HUGO,5/3/2026 12:55:58 AM,WC26020587,"14XXX  Everton Ave N, HUGO",NOISE COMPLAINT/DISTURBANCE
WASHINGTON COUNTY SHERIFFS OFFICE,HUGO,5/3/2026 4:00:40 AM,WC26020600,"7XXX  137th Street Ct N, HUGO",MEDICAL
WASHINGTON COUNTY SHERIFFS OFFICE,HUGO,5/3/2026 6:29:06 AM,WC26020604,"4XXX  Rosemary Way N, HUGO",911 ABANDONED/HANGUP/OPEN LINE
WASHINGTON COUNTY SHERIFFS OFFICE,HUGO,5/3/2026 1:49:00 PM,WC26020639,"5XXX  152ND ST N, HUGO",DWI
WASHINGTON COUNTY SHERIFFS OFFICE,HUGO,5/3/2026 7:34:13 PM,WC26020693,"15XXX  Freedom Dr N, HUGO",MAIL THEFT
WASHINGTON COUNTY SHERIFFS OFFICE,HUGO,5/3/2026 8:19:37 PM,WC26020698,"15XXX  Forest Blvd N, HUGO",DISTURBANCE
WASHINGTON COUNTY SHERIFFS OFFICE,HUGO,5/3/2026 10:37:35 PM,WC26020716,"13XXX  Freeland Ave N, HUGO",MEDICAL
WASHINGTON COUNTY SHERIFFS OFFICE,HUGO,5/4/2026 8:12:42 AM,WC26020753,"5XXX  146th St N, HUGO",MEDICAL
WASHINGTON COUNTY SHERIFFS OFFICE,HUGO,5/4/2026 10:14:41 AM,WC26020773,"17XXX  Farnham Ave N, HUGO",MISSING PERSON
WASHINGTON COUNTY SHERIFFS OFFICE,HUGO,5/4/2026 12:52:09 PM,WC26020808,"6XXX  150TH ST N, HUGO",ASSIST OTHER AGENCY
WASHINGTON COUNTY SHERIFFS OFFICE,HUGO,5/4/2026 1:38:31 PM,WC26020818,"14XXX  Victor Hugo Blvd N, HUGO",MEDICAL
WASHINGTON COUNTY SHERIFFS OFFICE,HUGO,5/4/2026 2:40:00 PM,WC26020833,"Fairoaks Ave N / Empress Ave N, HUGO",SUSPICIOUS PERSON/ACTIVITY
WASHINGTON COUNTY SHERIFFS OFFICE,HUGO,5/4/2026 5:35:45 PM,WC26020865,"15XXX  Forest Blvd N, HUGO",ASSAULT
WASHINGTON COUNTY SHERIFFS OFFICE,HUGO,5/4/2026 7:13:17 PM,WC26020878,"12XXX  Illies Ave N, HUGO",ANIMAL BITE
WASHINGTON COUNTY SHERIFFS OFFICE,HUGO,5/4/2026 8:22:56 PM,WC26020883,"6XXX  145th Cir N, HUGO",VEHICLE UNLOCK
WASHINGTON COUNTY SHERIFFS OFFICE,HUGO,5/5/2026 5:10:21 AM,WC26020905,"15XXX  Forest Blvd N, HUGO",MEDICAL
WASHINGTON COUNTY SHERIFFS OFFICE,HUGO,5/5/2026 12:37:59 PM,WC26020962,"15XXX  Forest Blvd N, HUGO",CHILD CUSTODY
WASHINGTON COUNTY SHERIFFS OFFICE,HUGO,5/5/2026 2:43:18 PM,WC26020979,"10XXX  122nd St N, HUGO",THEFT
WASHINGTON COUNTY SHERIFFS OFFICE,HUGO,5/5/2026 3:11:17 PM,WC26020985,"8XXX  122nd St N, HUGO",ALARM-BUSINESS/RES/FIRE/MEDICAL/ETC
WASHINGTON COUNTY SHERIFFS OFFICE,HUGO,5/5/2026 6:15:11 PM,WC26021030,"13XXX  Europa Ct N, HUGO",HARASSMENT
WASHINGTON COUNTY SHERIFFS OFFICE,HUGO,5/5/2026 9:07:38 PM,WC26021043,"5XXX  159th St N, HUGO",MEDICAL
WASHINGTON COUNTY SHERIFFS OFFICE,HUGO,5/5/2026 9:37:00 PM,WC26021047,"FOREST BLVD N / 159TH ST N, HUGO",TRAFFIC STOP
WASHINGTON COUNTY SHERIFFS OFFICE,HUGO,5/6/2026 3:57:28 AM,WC26021071,"4XXX  126th St N, HUGO",SUSPICIOUS PERSON/ACTIVITY
WASHINGTON COUNTY SHERIFFS OFFICE,HUGO,5/6/2026 6:45:55 AM,WC26021075,"10XXX  Kerry Ct N, HUGO",911 ABANDONED/HANGUP/OPEN LINE
WASHINGTON COUNTY SHERIFFS OFFICE,HUGO,5/6/2026 10:30:02 AM,WC26021104,"4XXX  Provence Way N, HUGO",SUSPICIOUS PERSON/ACTIVITY
WASHINGTON COUNTY SHERIFFS OFFICE,HUGO,5/6/2026 12:03:12 PM,WC26021125,"14XXX  Victor Hugo Blvd N, HUGO",ALARM-BUSINESS/RES/FIRE/MEDICAL/ETC
WASHINGTON COUNTY SHERIFFS OFFICE,HUGO,5/6/2026 4:23:02 PM,WC26021192,"Henna Ave N / 180th St N, HUGO",DRIVING COMPLAINT
WASHINGTON COUNTY SHERIFFS OFFICE,HUGO,5/6/2026 6:29:20 PM,WC26021209,"13XXX  Fondant Trl N, HUGO",JUVENILE COMPLAINT
WASHINGTON COUNTY SHERIFFS OFFICE,HUGO,5/6/2026 7:04:00 PM,WC26021220,"4XXX  - 4300 FRENCHMAN RD, HUGO",TRAFFIC STOP
WASHINGTON COUNTY SHERIFFS OFFICE,HUGO,5/6/2026 7:53:19 PM,WC26021227,"5XXX  150th St N, HUGO",MEDICAL
WASHINGTON COUNTY SHERIFFS OFFICE,HUGO,5/7/2026 12:12:56 AM,WC26021268,"15XXX  Forest Blvd N, HUGO",ALARM-BUSINESS/RES/FIRE/MEDICAL/ETC
WASHINGTON COUNTY SHERIFFS OFFICE,HUGO,5/7/2026 1:55:13 AM,WC26021284,"Goodview Ave N / 151st St N, HUGO",DISTURBANCE
WASHINGTON COUNTY SHERIFFS OFFICE,HUGO,5/7/2026 8:11:00 AM,WC26021307,"FOREST BLVD N & 145TH ST N, HUGO",TRAFFIC STOP
WASHINGTON COUNTY SHERIFFS OFFICE,HUGO,5/7/2026 9:39:42 AM,WC26021338,"Unknown, HUGO",FOLLOW UP
WASHINGTON COUNTY SHERIFFS OFFICE,HUGO,5/7/2026 10:07:40 AM,WC26021344,"16XXX  Jeffrey Ave N, HUGO",ANIMAL COMPLAINT
WASHINGTON COUNTY SHERIFFS OFFICE,HUGO,5/7/2026 11:30:39 AM,WC26021349,"14XXX  Victor Hugo Blvd N, HUGO",FOLLOW UP
WASHINGTON COUNTY SHERIFFS OFFICE,HUGO,5/7/2026 1:45:46 PM,WC26021370,"14XXX  Victor Hugo Blvd N, HUGO",ACCIDENT
WASHINGTON COUNTY SHERIFFS OFFICE,HUGO,5/7/2026 2:36:00 PM,WC26021381,"13XXX  - 13599 FOREST BLVD N, HUGO",TRAFFIC STOP
WASHINGTON COUNTY SHERIFFS OFFICE,HUGO,5/7/2026 3:24:54 PM,WC26021387,"4XXX  170th St N, HUGO",VEHICLE OFF ROAD
WASHINGTON COUNTY SHERIFFS OFFICE,HUGO,5/7/2026 5:53:07 PM,WC26021416,"13XXX  135th Ct N, HUGO",VEHICLE UNLOCK
WASHINGTON COUNTY SHERIFFS OFFICE,HUGO,5/7/2026 6:27:35 PM,WC26021424,"5XXX  130th Way N, HUGO",LIFT ASSIST
WASHINGTON COUNTY SHERIFFS OFFICE,HUGO,5/7/2026 7:16:34 PM,WC26021433,"7XXX  132nd St N, HUGO",TRESPASS NOTICE
WASHINGTON COUNTY SHERIFFS OFFICE,HUGO,5/7/2026 10:09:26 PM,WC26021469,"14XXX  - 14750 FOREST BLVD N, HUGO",TRAFFIC STOP
WASHINGTON COUNTY SHERIFFS OFFICE,HUGO,5/8/2026 6:52:41 AM,WC26021524,"4XXX  141st St N, HUGO",911 ABANDONED/HANGUP/OPEN LINE
WASHINGTON COUNTY SHERIFFS OFFICE,HUGO,5/8/2026 7:59:11 AM,WC26021527,"12XXX  Keller Ave N, HUGO",ANIMAL COMPLAINT
WASHINGTON COUNTY SHERIFFS OFFICE,HUGO,5/8/2026 8:28:42 AM,WC26021530,"15XXX  Farnham Ave N, HUGO",CITIZEN/PUBLIC ASSIST
WASHINGTON COUNTY SHERIFFS OFFICE,HUGO,5/8/2026 8:45:00 AM,WC26021531,"14XXX  Victor Hugo Blvd N, HUGO",FOLLOW UP
WASHINGTON COUNTY SHERIFFS OFFICE,HUGO,5/8/2026 8:56:00 AM,WC26021534,"6XXX  Egg Lake Rd N, HUGO",PARKING VIOLATION
WASHINGTON COUNTY SHERIFFS OFFICE,HUGO,5/8/2026 9:04:57 AM,WC26021544,"9XXX  130th St N, HUGO",ANIMAL COMPLAINT
WASHINGTON COUNTY SHERIFFS OFFICE,HUGO,5/8/2026 9:29:56 AM,WC26021545,"14XXX  Glenbrook Ave N, HUGO",VEHICLE UNLOCK
WASHINGTON COUNTY SHERIFFS OFFICE,HUGO,5/8/2026 10:49:13 AM,WC26021553,"EGG LAKE RD N / FOUNTAIN AVE N, HUGO",MOTORIST ASSIST
WASHINGTON COUNTY SHERIFFS OFFICE,HUGO,5/8/2026 11:13:46 AM,WC26021559,"17XXX  Forest Rd N, HUGO",PROPERTY DAMAGE
WASHINGTON COUNTY SHERIFFS OFFICE,HUGO,5/8/2026 11:23:05 AM,WC26021560,"Forest Blvd N / 142nd St N, HUGO",ACCIDENT
WASHINGTON COUNTY SHERIFFS OFFICE,HUGO,5/8/2026 1:33:23 PM,WC26021582,"14XXX  Victor Hugo Blvd N, HUGO",ANIMAL COMPLAINT
WASHINGTON COUNTY SHERIFFS OFFICE,HUGO,5/8/2026 3:32:33 PM,WC26021601,"FRENCHMAN RD / EVERTON AVE N, HUGO",TRAFFIC STOP
WASHINGTON COUNTY SHERIFFS OFFICE,HUGO,5/8/2026 4:44:00 PM,WC26021611,"5XXX  - 5060 FRENCHMAN RD, HUGO",TRAFFIC STOP
WASHINGTON COUNTY SHERIFFS OFFICE,HUGO,5/8/2026 5:50:00 PM,WC26021624,"14XXX  VICTOR HUGO BLVD , HUGO",TRAFFIC STOP
WASHINGTON COUNTY SHERIFFS OFFICE,HUGO,5/9/2026 1:59:41 PM,WC26021767,"9XXX  122nd St N, HUGO",SUSPICIOUS PERSON/ACTIVITY
WASHINGTON COUNTY SHERIFFS OFFICE,HUGO,5/9/2026 6:58:44 PM,WC26021804,"6XXX  165th St N, HUGO",DISTURBANCE
WASHINGTON COUNTY SHERIFFS OFFICE,HUGO,5/9/2026 8:32:00 PM,WC26021812,"13XXX  - 13598 FOREST BLVD N, HUGO",TRAFFIC STOP
WASHINGTON COUNTY SHERIFFS OFFICE,HUGO,5/9/2026 9:59:13 PM,WC26021831,"13XXX  Flay Ave N, HUGO",FRAUD/SCAM
WASHINGTON COUNTY SHERIFFS OFFICE,LAKE ELMO,5/3/2026 12:43:00 AM,WC26020584,"XXX Julep Ave N, LAKE ELMO",ANIMAL COMPLAINT
WASHINGTON COUNTY SHERIFFS OFFICE,LAKE ELMO,5/3/2026 3:32:59 AM,WC26020598,"XXX Julep Ave N, LAKE ELMO",ASSAULT
WASHINGTON COUNTY SHERIFFS OFFICE,LAKE ELMO,5/3/2026 3:33:22 AM,WC26020601,"8XXX  55th St N, LAKE ELMO",MEDICAL
WASHINGTON COUNTY SHERIFFS OFFICE,LAKE ELMO,5/3/2026 5:22:41 AM,WC26020603,"9XXX  4th St N, LAKE ELMO",911 ABANDONED/HANGUP/OPEN LINE
WASHINGTON COUNTY SHERIFFS OFFICE,LAKE ELMO,5/3/2026 7:33:14 AM,WC26020605,"9XXX  5th Street Ln N, LAKE ELMO",911 ABANDONED/HANGUP/OPEN LINE
WASHINGTON COUNTY SHERIFFS OFFICE,LAKE ELMO,5/3/2026 7:59:00 AM,WC26020607,"7XXX  Demontreville Trl N, LAKE ELMO",TRESPASSING
WASHINGTON COUNTY SHERIFFS OFFICE,LAKE ELMO,5/3/2026 11:48:38 AM,WC26020628,"XXX 6th Street Ln N, LAKE ELMO",DRIVING COMPLAINT
WASHINGTON COUNTY SHERIFFS OFFICE,LAKE ELMO,5/3/2026 2:55:15 PM,WC26020646,"8XXX  Demontreville Trl N, LAKE ELMO",PUBLIC WORKS CONCERN
WASHINGTON COUNTY SHERIFFS OFFICE,LAKE ELMO,5/3/2026 3:34:00 PM,WC26020653,"CIMARRON, LAKE ELMO",TRAFFIC STOP
WASHINGTON COUNTY SHERIFFS OFFICE,LAKE ELMO,5/3/2026 4:54:37 PM,WC26020671,"Lake Elmo Ave N / 10th St N, LAKE ELMO",DRIVING COMPLAINT
WASHINGTON COUNTY SHERIFFS OFFICE,LAKE ELMO,5/3/2026 5:59:31 PM,WC26020678,"XX Hwy 36 Wb At Manning Ave N, LAKE ELMO",DRIVING COMPLAINT
WASHINGTON COUNTY SHERIFFS OFFICE,LAKE ELMO,5/3/2026 6:23:18 PM,WC26020684,"5XXX  Marquess Trl N, LAKE ELMO",911 ABANDONED/HANGUP/OPEN LINE
WASHINGTON COUNTY SHERIFFS OFFICE,LAKE ELMO,5/3/2026 7:07:58 PM,WC26020689,"11XXX  Prairieview Trl N, LAKE ELMO",THEFT
WASHINGTON COUNTY SHERIFFS OFFICE,LAKE ELMO,5/3/2026 7:32:57 PM,WC26020692,"8XXX  LAKE JANE TRL N, LAKE ELMO",PARK COMPLAINT
WASHINGTON COUNTY SHERIFFS OFFICE,LAKE ELMO,5/3/2026 9:13:20 PM,WC26020705,"XXX MANNING AVE N, LAKE ELMO",SUSPICIOUS PERSON/ACTIVITY
WASHINGTON COUNTY SHERIFFS OFFICE,LAKE ELMO,5/4/2026 6:47:31 AM,WC26020746,"XXX Jewel Ave N, LAKE ELMO",DEATH
WASHINGTON COUNTY SHERIFFS OFFICE,LAKE ELMO,5/4/2026 9:53:30 AM,WC26020775,"XXX MANNING AVE N, LAKE ELMO",FAMILY ASSIST
WASHINGTON COUNTY SHERIFFS OFFICE,LAKE ELMO,5/4/2026 11:36:04 AM,WC26020791,"9XXX  Hudson Blvd N, LAKE ELMO",911 ABANDONED/HANGUP/OPEN LINE
WASHINGTON COUNTY SHERIFFS OFFICE,LAKE ELMO,5/4/2026 12:21:46 PM,WC26020801,"3XXX  IDEAL AVE N, LAKE ELMO",FIRE
WASHINGTON COUNTY SHERIFFS OFFICE,LAKE ELMO,5/4/2026 1:56:06 PM,WC26020825,"8XXX  Stillwater Blvd N, LAKE ELMO",ALARM-BUSINESS/RES/FIRE/MEDICAL/ETC
WASHINGTON COUNTY SHERIFFS OFFICE,LAKE ELMO,5/4/2026 2:47:42 PM,WC26020836,"8XXX  Upper 7th Pl N, LAKE ELMO",CITIZEN/PUBLIC ASSIST
WASHINGTON COUNTY SHERIFFS OFFICE,LAKE ELMO,5/4/2026 3:20:00 PM,WC26020841,"Lake Elmo Ave N / 5th St N, LAKE ELMO",TRAFFIC STOP
WASHINGTON COUNTY SHERIFFS OFFICE,LAKE ELMO,5/4/2026 3:20:33 PM,WC26020843,"Village Pkwy N / 32nd St N, LAKE ELMO",DRIVING COMPLAINT
WASHINGTON COUNTY SHERIFFS OFFICE,LAKE ELMO,5/4/2026 3:35:00 PM,WC26020846,"CIMARRON, LAKE ELMO",TRAFFIC STOP
WASHINGTON COUNTY SHERIFFS OFFICE,LAKE ELMO,5/4/2026 3:40:08 PM,WC26020847,"8XXX  Eagle Point Blvd, LAKE ELMO",MEDICAL
WASHINGTON COUNTY SHERIFFS OFFICE,LAKE ELMO,5/4/2026 4:03:00 PM,WC26020851,"10TH ST N / INWOOD AVE N, LAKE ELMO",PURSUIT
WASHINGTON COUNTY SHERIFFS OFFICE,LAKE ELMO,5/4/2026 5:24:46 PM,WC26020864,"3XXX  Linden Ln N, LAKE ELMO",DISTURBANCE
WASHINGTON COUNTY SHERIFFS OFFICE,LAKE ELMO,5/4/2026 6:28:52 PM,WC26020869,"8XXX  Hidden Bay Trl N, LAKE ELMO",911 ABANDONED/HANGUP/OPEN LINE
WASHINGTON COUNTY SHERIFFS OFFICE,LAKE ELMO,5/4/2026 7:47:42 PM,WC26020881,"8XXX  Hudson Blvd N, LAKE ELMO",CITIZEN/PUBLIC ASSIST
WASHINGTON COUNTY SHERIFFS OFFICE,LAKE ELMO,5/5/2026 5:21:22 AM,WC26020906,"8XXX  Lake Jane Trl N, LAKE ELMO",MEDICAL
WASHINGTON COUNTY SHERIFFS OFFICE,LAKE ELMO,5/5/2026 6:46:51 AM,WC26020908,"Jamaca Ave N / 34th St N, LAKE ELMO",DRIVING COMPLAINT
WASHINGTON COUNTY SHERIFFS OFFICE,LAKE ELMO,5/5/2026 2:28:22 PM,WC26020973,"9XXX  4th St N, LAKE ELMO",CITIZEN/PUBLIC ASSIST
WASHINGTON COUNTY SHERIFFS OFFICE,LAKE ELMO,5/5/2026 4:20:00 PM,WC26021003,"XXX CIMARRON, LAKE ELMO",TRAFFIC STOP
WASHINGTON COUNTY SHERIFFS OFFICE,LAKE ELMO,5/5/2026 6:33:37 PM,WC26021033,"8XXX  Hidden Bay Trl N, LAKE ELMO",SUSPICIOUS PERSON/ACTIVITY
WASHINGTON COUNTY SHERIFFS OFFICE,LAKE ELMO,5/5/2026 7:37:14 PM,WC26021038,"Inwood Ave N / 21st St N, LAKE ELMO",ANIMAL COMPLAINT
WASHINGTON COUNTY SHERIFFS OFFICE,LAKE ELMO,5/6/2026 2:11:58 AM,WC26021067,"XXX JULEP AVE N, LAKE ELMO",ASSAULT
WASHINGTON COUNTY SHERIFFS OFFICE,LAKE ELMO,5/6/2026 6:15:04 AM,WC26021073,"1XXX  Royal Blvd N, LAKE ELMO",911 ABANDONED/HANGUP/OPEN LINE
WASHINGTON COUNTY SHERIFFS OFFICE,LAKE ELMO,5/6/2026 8:09:17 AM,WC26021079,"10XXX  57th St N, LAKE ELMO",ALARM-BUSINESS/RES/FIRE/MEDICAL/ETC
WASHINGTON COUNTY SHERIFFS OFFICE,LAKE ELMO,5/6/2026 8:17:56 AM,WC26021082,"8XXX  Hidden Bay Trl N, LAKE ELMO",FOLLOW UP
WASHINGTON COUNTY SHERIFFS OFFICE,LAKE ELMO,5/6/2026 8:47:02 AM,WC26021088,"XXX Cimarron, LAKE ELMO",THREATS
WASHINGTON COUNTY SHERIFFS OFFICE,LAKE ELMO,5/6/2026 9:43:14 AM,WC26021097,"8XXX  26th St N, LAKE ELMO",911 ABANDONED/HANGUP/OPEN LINE
WASHINGTON COUNTY SHERIFFS OFFICE,LAKE ELMO,5/6/2026 11:26:31 AM,WC26021109,"11XXX  10th St N, LAKE ELMO",ALARM-BUSINESS/RES/FIRE/MEDICAL/ETC
WASHINGTON COUNTY SHERIFFS OFFICE,LAKE ELMO,5/6/2026 11:55:12 AM,WC26021124,"XXX Julep Ave N, LAKE ELMO",FOLLOW UP
WASHINGTON COUNTY SHERIFFS OFFICE,LAKE ELMO,5/6/2026 12:33:00 PM,WC26021137,"5XXX  Highlands Trl N, LAKE ELMO",MEDICAL
WASHINGTON COUNTY SHERIFFS OFFICE,LAKE ELMO,5/6/2026 2:18:58 PM,WC26021160,"3XXX  Lilac Ave N, LAKE ELMO",SUSPICIOUS PERSON/ACTIVITY
WASHINGTON COUNTY SHERIFFS OFFICE,LAKE ELMO,5/6/2026 2:25:00 PM,WC26021159,"11XXX  10TH ST N, LAKE ELMO",TRAFFIC STOP
WASHINGTON COUNTY SHERIFFS OFFICE,LAKE ELMO,5/6/2026 2:34:11 PM,WC26021163,"4XXX  LILAC LN N, LAKE ELMO",WELFARE CHECK
WASHINGTON COUNTY SHERIFFS OFFICE,LAKE ELMO,5/6/2026 3:39:00 PM,WC26021179,"XXX JULEP AVE N, LAKE ELMO",FOLLOW UP
WASHINGTON COUNTY SHERIFFS OFFICE,LAKE ELMO,5/6/2026 4:09:39 PM,WC26021189,"Unknown, LAKE ELMO",OTHER
WASHINGTON COUNTY SHERIFFS OFFICE,LAKE ELMO,5/6/2026 6:57:14 PM,WC26021217,"3XXX  Ideal Ave N, LAKE ELMO",DISTURBANCE
WASHINGTON COUNTY SHERIFFS OFFICE,LAKE ELMO,5/6/2026 7:29:54 PM,WC26021225,"XXX Cimarron, LAKE ELMO",CIVIL MATTER/DISPUTE
WASHINGTON COUNTY SHERIFFS OFFICE,LAKE ELMO,5/6/2026 9:40:41 PM,WC26021246,"9XXX  HUDSON BLVD N, LAKE ELMO",SUSPICIOUS PERSON/ACTIVITY
WASHINGTON COUNTY SHERIFFS OFFICE,LAKE ELMO,5/6/2026 10:19:18 PM,WC26021256,"STILLWATER BLVD N / 50TH ST N, LAKE ELMO",ACCIDENT
WASHINGTON COUNTY SHERIFFS OFFICE,LAKE ELMO,5/6/2026 10:56:00 PM,WC26021198,"3XXX  - 3899 LAKE ELMO AVE N, LAKE ELMO",TRAFFIC COMPLAINT
WASHINGTON COUNTY SHERIFFS OFFICE,LAKE ELMO,5/6/2026 11:30:00 PM,WC26021249,"LAKE ELMO AVE N / 20TH ST N, LAKE ELMO",TRAFFIC STOP
WASHINGTON COUNTY SHERIFFS OFFICE,LAKE ELMO,5/7/2026 12:47:01 AM,WC26021273,"35th St N / Jamaca Ave N, LAKE ELMO",NOISE COMPLAINT/DISTURBANCE
WASHINGTON COUNTY SHERIFFS OFFICE,LAKE ELMO,5/7/2026 10:02:45 AM,WC26021342,"9XXX  Jade Cir N, LAKE ELMO",MEDICAL
WASHINGTON COUNTY SHERIFFS OFFICE,LAKE ELMO,5/7/2026 10:57:55 AM,WC26021347,"8XXX  27th Street Ct N, LAKE ELMO",FOLLOW UP
WASHINGTON COUNTY SHERIFFS OFFICE,LAKE ELMO,5/7/2026 11:37:56 AM,WC26021358,"8XXX  Stillwater Blvd N, LAKE ELMO",CIVIL MATTER/DISPUTE
WASHINGTON COUNTY SHERIFFS OFFICE,LAKE ELMO,5/7/2026 12:23:36 PM,WC26021359,"9XXX  - 9950 STILLWATER BLVD N, LAKE ELMO",TRAFFIC STOP
WASHINGTON COUNTY SHERIFFS OFFICE,LAKE ELMO,5/7/2026 12:38:28 PM,WC26021361,"Unknown, LAKE ELMO",CITIZEN/PUBLIC ASSIST
WASHINGTON COUNTY SHERIFFS OFFICE,LAKE ELMO,5/7/2026 1:51:03 PM,WC26021371,"11XXX  Stillwater Blvd N, LAKE ELMO",ANIMAL COMPLAINT
WASHINGTON COUNTY SHERIFFS OFFICE,LAKE ELMO,5/7/2026 3:10:27 PM,WC26021384,"XXX Lake Elmo Ave N, LAKE ELMO",STOP ARM VIOLATION
WASHINGTON COUNTY SHERIFFS OFFICE,LAKE ELMO,5/7/2026 3:37:14 PM,WC26021390,"8XXX  5TH ST N, LAKE ELMO",VEHICLE UNLOCK
WASHINGTON COUNTY SHERIFFS OFFICE,LAKE ELMO,5/7/2026 4:57:00 PM,WC26021403,"1XXX  KEATS AVE N, LAKE ELMO",PARKING VIOLATION
WASHINGTON COUNTY SHERIFFS OFFICE,LAKE ELMO,5/7/2026 5:05:00 PM,WC26021406,"1XXX  KEATS AVE N, LAKE ELMO",PARKING VIOLATION
WASHINGTON COUNTY SHERIFFS OFFICE,LAKE ELMO,5/7/2026 6:59:44 PM,WC26021430,"8XXX  LAKE JANE TRL N, LAKE ELMO",DIRECTED PATROL
WASHINGTON COUNTY SHERIFFS OFFICE,LAKE ELMO,5/7/2026 10:19:13 PM,WC26021470,"8XXX  STILLWATER BLVD N, LAKE ELMO",SUSPICIOUS PERSON/ACTIVITY
WASHINGTON COUNTY SHERIFFS OFFICE,LAKE ELMO,5/7/2026 11:05:00 PM,WC26021419,"15TH ST N / INWOOD AVE N, LAKE ELMO",TRAFFIC STOP
WASHINGTON COUNTY SHERIFFS OFFICE,LAKE ELMO,5/7/2026 11:17:46 PM,WC26021479,"11XXX  Lower 31st St N, LAKE ELMO",MEDICAL
WASHINGTON COUNTY SHERIFFS OFFICE,LAKE ELMO,5/8/2026 4:09:19 AM,WC26021519,"10XXX  Hudson Blvd N, LAKE ELMO",WELFARE CHECK
WASHINGTON COUNTY SHERIFFS OFFICE,LAKE ELMO,5/8/2026 5:10:19 AM,WC26021520,"8XXX  27th St N, LAKE ELMO",911 ABANDONED/HANGUP/OPEN LINE
WASHINGTON COUNTY SHERIFFS OFFICE,LAKE ELMO,5/8/2026 10:35:38 AM,WC26021552,"9XXX  Hudson Blvd N, LAKE ELMO",CITIZEN/PUBLIC ASSIST
WASHINGTON COUNTY SHERIFFS OFFICE,LAKE ELMO,5/8/2026 11:12:27 AM,WC26021558,"8XXX  27th Street Ct N, LAKE ELMO",CIVIL MATTER/DISPUTE
WASHINGTON COUNTY SHERIFFS OFFICE,LAKE ELMO,5/8/2026 11:35:58 AM,WC26021567,"11XXX  Lower 31st St N, LAKE ELMO",ALARM-BUSINESS/RES/FIRE/MEDICAL/ETC
WASHINGTON COUNTY SHERIFFS OFFICE,LAKE ELMO,5/8/2026 12:07:57 PM,WC26021571,"11XXX  Upper 31st St N, LAKE ELMO",SUSPICIOUS PERSON/ACTIVITY
WASHINGTON COUNTY SHERIFFS OFFICE,LAKE ELMO,5/8/2026 12:21:21 PM,WC26021572,"9XXX  51st St N, LAKE ELMO",911 ABANDONED/HANGUP/OPEN LINE
WASHINGTON COUNTY SHERIFFS OFFICE,LAKE ELMO,5/8/2026 4:51:18 PM,WC26021612,"3XXX  Lake Elmo Ave N, LAKE ELMO",FOLLOW UP
WASHINGTON COUNTY SHERIFFS OFFICE,LAKE ELMO,5/8/2026 5:41:55 PM,WC26021621,"10XXX  33rd St N, LAKE ELMO",ANIMAL COMPLAINT
WASHINGTON COUNTY SHERIFFS OFFICE,LAKE ELMO,5/8/2026 6:02:33 PM,WC26021626,"10th St N / Whistling Valley Rd, LAKE ELMO",ACCIDENT
WASHINGTON COUNTY SHERIFFS OFFICE,LAKE ELMO,5/8/2026 6:37:17 PM,WC26021633,"INWOOD AVE N / 26TH ST N, LAKE ELMO",FLEEING
WASHINGTON COUNTY SHERIFFS OFFICE,LAKE ELMO,5/8/2026 7:31:32 PM,WC26021643,"11XXX  39th St N, LAKE ELMO",MEDICAL
WASHINGTON COUNTY SHERIFFS OFFICE,LAKE ELMO,5/8/2026 7:40:28 PM,WC26021646,"XXX Cimarron, LAKE ELMO",CHILD CUSTODY
WASHINGTON COUNTY SHERIFFS OFFICE,LAKE ELMO,5/8/2026 9:58:38 PM,WC26021657,"11XXX  39th St N, LAKE ELMO",MEDICAL
WASHINGTON COUNTY SHERIFFS OFFICE,LAKE ELMO,5/8/2026 10:27:03 PM,WC26021661,"8XXX  STILLWATER BLVD N, LAKE ELMO",SUSPICIOUS PERSON/ACTIVITY
WASHINGTON COUNTY SHERIFFS OFFICE,LAKE ELMO,5/8/2026 10:53:51 PM,WC26021672,"9XXX  7th St N, LAKE ELMO",ALARM-BUSINESS/RES/FIRE/MEDICAL/ETC
WASHINGTON COUNTY SHERIFFS OFFICE,LAKE ELMO,5/8/2026 10:54:00 PM,WC26021670,"HWY 36 WB AT LAKE ELMO AVE N, LAKE ELMO",TRAFFIC STOP
WASHINGTON COUNTY SHERIFFS OFFICE,LAKE ELMO,5/8/2026 11:00:00 PM,WC26021674,"XXX JULEP AVE N, LAKE ELMO",DIRECTED PATROL
WASHINGTON COUNTY SHERIFFS OFFICE,LAKE ELMO,5/8/2026 11:21:30 PM,WC26021679,"10TH ST N / JEWEL AVE N, LAKE ELMO",DRUNK/INTOXICATED 
WASHINGTON COUNTY SHERIFFS OFFICE,LAKE ELMO,5/9/2026 12:22:00 AM,WC26021645,"STILLWATER BLVD N / STILLWATER LN N, LAKE ELMO",TRAFFIC STOP
WASHINGTON COUNTY SHERIFFS OFFICE,LAKE ELMO,5/9/2026 7:24:47 AM,WC26021729,"XXX Jean Ave N, LAKE ELMO",MEDICAL
WASHINGTON COUNTY SHERIFFS OFFICE,LAKE ELMO,5/9/2026 10:43:54 AM,WC26021739,"Stillwater Blvd N / Inwood Ave N, LAKE ELMO",DRIVING COMPLAINT
WASHINGTON COUNTY SHERIFFS OFFICE,LAKE ELMO,5/9/2026 12:41:00 PM,WC26021678,"10TH ST N / JEWEL AVE N, LAKE ELMO",TRAFFIC STOP
WASHINGTON COUNTY SHERIFFS OFFICE,LAKE ELMO,5/9/2026 1:31:31 PM,WC26021758,"10XXX  3rd Street Pl N, LAKE ELMO",FRAUD/SCAM
WASHINGTON COUNTY SHERIFFS OFFICE,LAKE ELMO,5/9/2026 2:02:24 PM,WC26021765,"XXX CIMARRON, LAKE ELMO",CIVIL MATTER/DISPUTE
WASHINGTON COUNTY SHERIFFS OFFICE,LAKE ELMO,5/9/2026 2:11:07 PM,WC26021769,"11XXX  10th St N, LAKE ELMO",DRUNK/INTOXICATED 
WASHINGTON COUNTY SHERIFFS OFFICE,LAKE ELMO,5/9/2026 5:15:00 PM,WC26021791,"Hwy 36 Eb At Lake Elmo Ave N, LAKE ELMO",TRAFFIC COMPLAINT
WASHINGTON COUNTY SHERIFFS OFFICE,LAKE ELMO,5/9/2026 6:25:55 PM,WC26021799,"3XXX  LAYTON CT N, LAKE ELMO",MEDICAL
WASHINGTON COUNTY SHERIFFS OFFICE,LAKE ELMO,5/9/2026 6:42:30 PM,WC26021801,"XXX Jean Ave N, LAKE ELMO",MEDICAL
WASHINGTON COUNTY SHERIFFS OFFICE,LAKE ELMO,5/9/2026 7:09:10 PM,WC26021806,"11XXX  Hudson Blvd N, LAKE ELMO",911 ABANDONED/HANGUP/OPEN LINE
WASHINGTON COUNTY SHERIFFS OFFICE,LAKE ELMO,5/9/2026 9:16:07 PM,WC26021818,"Hudson Blvd N / Keats Ave N, LAKE ELMO",ACCIDENT
WASHINGTON COUNTY SHERIFFS OFFICE,LAKE ELMO,5/9/2026 9:53:17 PM,WC26021829,"XXX Julep Ave N, LAKE ELMO",DISTURBANCE
WASHINGTON COUNTY SHERIFFS OFFICE,LAKE ELMO,5/9/2026 10:22:01 PM,WC26021836,"LAKE ELMO AVE N / 32ND ST N, LAKE ELMO",NOISE COMPLAINT/DISTURBANCE
WASHINGTON COUNTY SHERIFFS OFFICE,LAKE SAINT CROIX BEACH,5/3/2026 6:20:29 PM,WC26020682,"1XXX  Riviera Ave S, LAKE SAINT CROIX BEACH",AIRCRAFT/DRONE/UFO COMPLAINT
WASHINGTON COUNTY SHERIFFS OFFICE,LAKE SAINT CROIX BEACH,5/5/2026 4:55:44 PM,WC26021011,"17th St S / Riviera Ave S, LAKE SAINT CROIX BEACH",WELFARE CHECK
WASHINGTON COUNTY SHERIFFS OFFICE,LAKE SAINT CROIX BEACH,5/5/2026 7:21:59 PM,WC26021037,"16XXX  21st St S, LAKE SAINT CROIX BEACH",CIVIL MATTER/DISPUTE
WASHINGTON COUNTY SHERIFFS OFFICE,LAKE SAINT CROIX BEACH,5/5/2026 9:41:19 PM,WC26021050,"1XXX  SAINT CROIX TRL S, LAKE SAINT CROIX BEACH",RUNAWAY
WASHINGTON COUNTY SHERIFFS OFFICE,LAKE SAINT CROIX BEACH,5/6/2026 12:17:16 PM,WC26021131,"16XXX  18th St S, LAKE SAINT CROIX BEACH",CITIZEN/PUBLIC ASSIST
WASHINGTON COUNTY SHERIFFS OFFICE,LAKE SAINT CROIX BEACH,5/7/2026 4:40:56 AM,WC26021295,"1XXX  Quentin Ave S, LAKE SAINT CROIX BEACH",PARKING COMPLAINT
WASHINGTON COUNTY SHERIFFS OFFICE,LAKE SAINT CROIX BEACH,5/7/2026 8:27:07 AM,WC26021310,"1XXX  Quentin Ave S, LAKE SAINT CROIX BEACH",CITIZEN/PUBLIC ASSIST
WASHINGTON COUNTY SHERIFFS OFFICE,LAKE SAINT CROIX BEACH,5/7/2026 4:57:00 PM,WC26021404,"ST CROIX TRL / 21st Street S, LAKE SAINT CROIX BEACH",TRAFFIC STOP
WASHINGTON COUNTY SHERIFFS OFFICE,LAKE SAINT CROIX BEACH,5/7/2026 5:21:09 PM,WC26021417,"1XXX  Riviera Ave S, LAKE SAINT CROIX BEACH",JUVENILE COMPLAINT
WASHINGTON COUNTY SHERIFFS OFFICE,LAKE SAINT CROIX BEACH,5/7/2026 6:53:00 PM,WC26021409,"QUINLAN AVE S / 13TH ST S, LAKE SAINT CROIX BEACH",TRAFFIC STOP
WASHINGTON COUNTY SHERIFFS OFFICE,LAKE SAINT CROIX BEACH,5/8/2026 9:53:12 PM,WC26021655,"1XXX  Quentin Ave S, LAKE SAINT CROIX BEACH",911 ABANDONED/HANGUP/OPEN LINE
WASHINGTON COUNTY SHERIFFS OFFICE,LAKE SAINT CROIX BEACH,5/9/2026 1:46:01 AM,WC26021711,"1XXX  Saint Croix Trl S, LAKE SAINT CROIX BEACH",OFFICER INFORMATION
WASHINGTON COUNTY SHERIFFS OFFICE,LAKE SAINT CROIX BEACH,5/9/2026 12:16:55 PM,WC26021751,"16XXX  20th St S, LAKE SAINT CROIX BEACH",ANIMAL COMPLAINT
WASHINGTON COUNTY SHERIFFS OFFICE,LAKELAND,5/3/2026 2:27:52 PM,WC26020644,"I94 WB AT SAINT CROIX TRL N, LAKELAND",DRIVING COMPLAINT
WASHINGTON COUNTY SHERIFFS OFFICE,LAKELAND,5/3/2026 3:02:30 PM,WC26020648,"16XXX  6TH ST N, LAKELAND",911 ABANDONED/HANGUP/OPEN LINE
WASHINGTON COUNTY SHERIFFS OFFICE,LAKELAND,5/5/2026 12:24:19 PM,WC26020959,"XXX Quehl Ave N, LAKELAND",MEDICAL
WASHINGTON COUNTY SHERIFFS OFFICE,LAKELAND,5/8/2026 5:12:39 AM,WC26021521,"XXX Saint Croix Trl S, LAKELAND",ALARM-BUSINESS/RES/FIRE/MEDICAL/ETC
WASHINGTON COUNTY SHERIFFS OFFICE,LAKELAND,5/8/2026 5:43:50 AM,WC26021522,"16XXX  7th Street Ln S, LAKELAND",ALARM-BUSINESS/RES/FIRE/MEDICAL/ETC
WASHINGTON COUNTY SHERIFFS OFFICE,LAKELAND,5/8/2026 9:45:16 AM,WC26021547,"XXX Saint Croix Trl S, LAKELAND",FOLLOW UP
WASHINGTON COUNTY SHERIFFS OFFICE,LAKELAND,5/9/2026 12:43:03 AM,WC26021702,"HWY 95 SB JNO I94, LAKELAND",ASSIST OTHER AGENCY
WASHINGTON COUNTY SHERIFFS OFFICE,LAKELAND,5/9/2026 2:16:21 AM,WC26021717,"Unknown, LAKELAND",OFFICER INFORMATION
WASHINGTON COUNTY SHERIFFS OFFICE,LAKELAND,5/9/2026 2:37:41 PM,WC26021773,"16XXX  1ST ST N, LAKELAND",911 ABANDONED/HANGUP/OPEN LINE
WASHINGTON COUNTY SHERIFFS OFFICE,LANDFALL,5/3/2026 5:32:18 PM,WC26020675,"XXX Dellwood Sq N, LANDFALL",MEDICAL
WASHINGTON COUNTY SHERIFFS OFFICE,LANDFALL,5/3/2026 6:01:13 PM,WC26020679,"XX Juniper Curv, LANDFALL",ANIMAL BITE
WASHINGTON COUNTY SHERIFFS OFFICE,LANDFALL,5/3/2026 11:24:17 PM,WC26020718,"2XXX  HUDSON BLVD N, LANDFALL",TRAFFIC STOP
WASHINGTON COUNTY SHERIFFS OFFICE,LANDFALL,5/7/2026 3:59:01 AM,WC26021293,"XX 5th Ave, LANDFALL",NOISE COMPLAINT/DISTURBANCE
WASHINGTON COUNTY SHERIFFS OFFICE,LANDFALL,5/9/2026 6:05:00 AM,WC26021713,"DELLWOOD LN / 2ND AVE, LANDFALL",TRAFFIC STOP
WASHINGTON COUNTY SHERIFFS OFFICE,LANDFALL,5/9/2026 3:32:59 PM,WC26021780,"XXX Dellwood Sq N, LANDFALL",DISORDERLY CONDUCT
WASHINGTON COUNTY SHERIFFS OFFICE,MAHTOMEDI,5/3/2026 2:15:50 AM,WC26020594,"XXX Stillwater Rd, MAHTOMEDI",DISTURBANCE
WASHINGTON COUNTY SHERIFFS OFFICE,MAHTOMEDI,5/3/2026 12:57:35 PM,WC26020632,"XXX Stillwater Rd, MAHTOMEDI",CIVIL MATTER/DISPUTE
WASHINGTON COUNTY SHERIFFS OFFICE,MAHTOMEDI,5/3/2026 1:28:19 PM,WC26020636,"XXX Wildwood Rd, MAHTOMEDI",ASSAULT
WASHINGTON COUNTY SHERIFFS OFFICE,MAHTOMEDI,5/3/2026 3:45:37 PM,WC26020656,"XXX Stillwater Rd, MAHTOMEDI",FIRE
WASHINGTON COUNTY SHERIFFS OFFICE,MAHTOMEDI,5/3/2026 4:25:42 PM,WC26020662,"XXX Mahtomedi Ave, MAHTOMEDI",MEDICAL
WASHINGTON COUNTY SHERIFFS OFFICE,MAHTOMEDI,5/3/2026 4:40:16 PM,WC26020665,"1XXX  Wildwood Rd, MAHTOMEDI",THEFT
WASHINGTON COUNTY SHERIFFS OFFICE,MAHTOMEDI,5/3/2026 7:34:19 PM,WC26020695,"XXX 72nd St N, MAHTOMEDI",ANIMAL COMPLAINT
WASHINGTON COUNTY SHERIFFS OFFICE,MAHTOMEDI,5/3/2026 9:04:42 PM,WC26020703,"XXX Iris St, MAHTOMEDI",BURGLARY
WASHINGTON COUNTY SHERIFFS OFFICE,MAHTOMEDI,5/3/2026 10:51:14 PM,WC26020717,"1XXX  Hillswick Pl, MAHTOMEDI",MEDICAL
WASHINGTON COUNTY SHERIFFS OFFICE,MAHTOMEDI,5/4/2026 5:48:04 AM,WC26020744,"XXX 72nd St N, MAHTOMEDI",ANIMAL COMPLAINT
WASHINGTON COUNTY SHERIFFS OFFICE,MAHTOMEDI,5/4/2026 7:09:51 AM,WC26020750,"Unknown, MAHTOMEDI",CIVIL MATTER/DISPUTE
WASHINGTON COUNTY SHERIFFS OFFICE,MAHTOMEDI,5/4/2026 7:50:03 AM,WC26020751,"Hilton Trl N / 72nd St N, MAHTOMEDI",ANIMAL COMPLAINT
WASHINGTON COUNTY SHERIFFS OFFICE,MAHTOMEDI,5/4/2026 8:37:58 AM,WC26020758,"XXX Hickory St, MAHTOMEDI",SUSPICIOUS PERSON/ACTIVITY
WASHINGTON COUNTY SHERIFFS OFFICE,MAHTOMEDI,5/4/2026 9:13:25 AM,WC26020763,"XXX East Ave, MAHTOMEDI",MEDICAL
WASHINGTON COUNTY SHERIFFS OFFICE,MAHTOMEDI,5/4/2026 10:21:47 AM,WC26020774,"XXX East Ave, MAHTOMEDI",FRAUD/SCAM
WASHINGTON COUNTY SHERIFFS OFFICE,MAHTOMEDI,5/4/2026 11:10:26 AM,WC26020785,"XXX James Ct, MAHTOMEDI",FRAUD/SCAM
WASHINGTON COUNTY SHERIFFS OFFICE,MAHTOMEDI,5/4/2026 11:11:00 AM,WC26020784,"XXX EAST AVE, MAHTOMEDI",TRAFFIC STOP
WASHINGTON COUNTY SHERIFFS OFFICE,MAHTOMEDI,5/4/2026 11:33:26 AM,WC26020789,"ROBERT ST / CHATHAM RD, MAHTOMEDI",TRAFFIC STOP
WASHINGTON COUNTY SHERIFFS OFFICE,MAHTOMEDI,5/4/2026 11:44:00 AM,WC26020796,"XXX - 899 WILDWOOD RD, MAHTOMEDI",TRAFFIC STOP
WASHINGTON COUNTY SHERIFFS OFFICE,MAHTOMEDI,5/4/2026 11:54:00 AM,WC26020798,"Wildwood Rd & Wedgewood Dr, MAHTOMEDI",TRAFFIC STOP
WASHINGTON COUNTY SHERIFFS OFFICE,MAHTOMEDI,5/4/2026 12:13:46 PM,WC26020800,"XXX Robert Ct, MAHTOMEDI",ALARM-BUSINESS/RES/FIRE/MEDICAL/ETC
WASHINGTON COUNTY SHERIFFS OFFICE,MAHTOMEDI,5/4/2026 4:59:05 PM,WC26020856,"PARK AVE / SPRUCE ST, MAHTOMEDI",PUBLIC WORKS CONCERN
WASHINGTON COUNTY SHERIFFS OFFICE,MAHTOMEDI,5/4/2026 7:20:32 PM,WC26020877,"XXX Lincolntown Ave, MAHTOMEDI",BURNING COMPLAINT
WASHINGTON COUNTY SHERIFFS OFFICE,MAHTOMEDI,5/4/2026 11:56:10 PM,WC26020900,"XX Forest Trl, MAHTOMEDI",MEDICAL
WASHINGTON COUNTY SHERIFFS OFFICE,MAHTOMEDI,5/5/2026 8:06:32 AM,WC26020914,"1XXX  Bryant Ave, MAHTOMEDI",ALARM-BUSINESS/RES/FIRE/MEDICAL/ETC
WASHINGTON COUNTY SHERIFFS OFFICE,MAHTOMEDI,5/5/2026 2:41:00 PM,WC26020977,"CENTURY AVE N / WOODLAND DR, MAHTOMEDI",TRAFFIC STOP
WASHINGTON COUNTY SHERIFFS OFFICE,MAHTOMEDI,5/5/2026 3:03:44 PM,WC26020983,"HILTON TRL N / 69TH ST N, MAHTOMEDI",ACCIDENT
WASHINGTON COUNTY SHERIFFS OFFICE,MAHTOMEDI,5/5/2026 4:39:49 PM,WC26021010,"Unknown, MAHTOMEDI",FOLLOW UP
WASHINGTON COUNTY SHERIFFS OFFICE,MAHTOMEDI,5/6/2026 1:15:41 AM,WC26021065,"XXX Wildwood Rd, MAHTOMEDI",DISTURBANCE
WASHINGTON COUNTY SHERIFFS OFFICE,MAHTOMEDI,5/6/2026 3:42:35 AM,WC26021069,"LONG LAKE RD / ECHO LAKE AVE, MAHTOMEDI",CITIZEN/PUBLIC ASSIST
WASHINGTON COUNTY SHERIFFS OFFICE,MAHTOMEDI,5/6/2026 6:17:08 AM,WC26021074,"1XXX  Lincolntown Ave, MAHTOMEDI",SUSPICIOUS PERSON/ACTIVITY
WASHINGTON COUNTY SHERIFFS OFFICE,MAHTOMEDI,5/6/2026 7:31:49 AM,WC26021077,"XXX Hickory St, MAHTOMEDI",911 ABANDONED/HANGUP/OPEN LINE
WASHINGTON COUNTY SHERIFFS OFFICE,MAHTOMEDI,5/6/2026 8:16:00 AM,WC26021081,"72nd // HILTON TRL N, MAHTOMEDI",TRAFFIC STOP
WASHINGTON COUNTY SHERIFFS OFFICE,MAHTOMEDI,5/6/2026 8:35:45 AM,WC26021087,"XXX Wildwood Rd, MAHTOMEDI",CITIZEN/PUBLIC ASSIST
WASHINGTON COUNTY SHERIFFS OFFICE,MAHTOMEDI,5/6/2026 2:20:33 PM,WC26021168,"XXX Dunbar Way, MAHTOMEDI",FRAUD/SCAM
WASHINGTON COUNTY SHERIFFS OFFICE,MAHTOMEDI,5/6/2026 2:51:43 PM,WC26021167,"XXX Hickory St, MAHTOMEDI",DISTURBANCE
WASHINGTON COUNTY SHERIFFS OFFICE,MAHTOMEDI,5/6/2026 8:08:43 PM,WC26021228,"Hilton Trl N / Stillwater Rd, MAHTOMEDI",ANIMAL COMPLAINT
WASHINGTON COUNTY SHERIFFS OFFICE,MAHTOMEDI,5/7/2026 12:49:00 AM,WC26021274,"WB I694/CENTURY AVE, MAHTOMEDI",TRAFFIC STOP
WASHINGTON COUNTY SHERIFFS OFFICE,MAHTOMEDI,5/7/2026 7:42:04 AM,WC26021302,"XX Mahtomedi Ave, MAHTOMEDI",MEDICAL
WASHINGTON COUNTY SHERIFFS OFFICE,MAHTOMEDI,5/7/2026 9:08:17 AM,WC26021322,"XXX Gosiwin Ave, MAHTOMEDI",911 ABANDONED/HANGUP/OPEN LINE
WASHINGTON COUNTY SHERIFFS OFFICE,MAHTOMEDI,5/7/2026 9:36:25 AM,WC26021337,"XXX Sterling Ct, MAHTOMEDI",IDENTITY THEFT
WASHINGTON COUNTY SHERIFFS OFFICE,MAHTOMEDI,5/7/2026 12:01:59 PM,WC26021354,"XXX East Ave, MAHTOMEDI",DEATH
WASHINGTON COUNTY SHERIFFS OFFICE,MAHTOMEDI,5/7/2026 1:22:06 PM,WC26021367,"Mahtomedi Ave / Hickory St, MAHTOMEDI",CITIZEN/PUBLIC ASSIST
WASHINGTON COUNTY SHERIFFS OFFICE,MAHTOMEDI,5/7/2026 2:17:53 PM,WC26021380,"XXX STILLWATER RD, MAHTOMEDI",FOLLOW UP
WASHINGTON COUNTY SHERIFFS OFFICE,MAHTOMEDI,5/7/2026 4:30:56 PM,WC26021399,"XXX Wildwood Rd, MAHTOMEDI",911 ABANDONED/HANGUP/OPEN LINE
WASHINGTON COUNTY SHERIFFS OFFICE,MAHTOMEDI,5/7/2026 6:57:59 PM,WC26021429,"Long Lake Rd / Echo Lake Ct, MAHTOMEDI",FOUND PROPERTY/ITEM
WASHINGTON COUNTY SHERIFFS OFFICE,MAHTOMEDI,5/7/2026 9:33:04 PM,WC26021452,"XX Mahtomedi Ave, MAHTOMEDI",HARASSMENT
WASHINGTON COUNTY SHERIFFS OFFICE,MAHTOMEDI,5/7/2026 9:47:54 PM,WC26021460,"XXX Wildwood Rd, MAHTOMEDI",ALARM-BUSINESS/RES/FIRE/MEDICAL/ETC
WASHINGTON COUNTY SHERIFFS OFFICE,MAHTOMEDI,5/7/2026 10:26:14 PM,WC26021473,"1XXX  LINCOLNTOWN AVE, MAHTOMEDI",TRAFFIC STOP
WASHINGTON COUNTY SHERIFFS OFFICE,MAHTOMEDI,5/8/2026 12:08:29 AM,WC26021484,"XX Mahtomedi Ave, MAHTOMEDI",HARASSMENT
WASHINGTON COUNTY SHERIFFS OFFICE,MAHTOMEDI,5/8/2026 9:46:11 AM,WC26021546,"XX Birchwood Rd, MAHTOMEDI",PROPERTY DAMAGE
WASHINGTON COUNTY SHERIFFS OFFICE,MAHTOMEDI,5/8/2026 11:38:08 AM,WC26021562,"XXX 70th St N, MAHTOMEDI",FOLLOW UP
WASHINGTON COUNTY SHERIFFS OFFICE,MAHTOMEDI,5/8/2026 1:26:22 PM,WC26021580,"Unknown, MAHTOMEDI",FOLLOW UP
WASHINGTON COUNTY SHERIFFS OFFICE,MAHTOMEDI,5/8/2026 5:57:17 PM,WC26021625,"XXX Wildwood Rd, MAHTOMEDI",ALARM-BUSINESS/RES/FIRE/MEDICAL/ETC
WASHINGTON COUNTY SHERIFFS OFFICE,MAHTOMEDI,5/8/2026 6:13:30 PM,WC26021630,"White Bear Lake, MAHTOMEDI",OFFICER INFORMATION
WASHINGTON COUNTY SHERIFFS OFFICE,MAHTOMEDI,5/8/2026 10:58:19 PM,WC26021677,"XXX Wildwood Rd, MAHTOMEDI",DISTURBANCE
WASHINGTON COUNTY SHERIFFS OFFICE,MAHTOMEDI,5/9/2026 8:00:35 AM,WC26021730,"XXX Stillwater Rd, MAHTOMEDI",OFFICER INFORMATION
WASHINGTON COUNTY SHERIFFS OFFICE,MAHTOMEDI,5/9/2026 8:49:30 AM,WC26021733,"XXX Old Wildwood Rd, MAHTOMEDI",ALARM-BUSINESS/RES/FIRE/MEDICAL/ETC
WASHINGTON COUNTY SHERIFFS OFFICE,MAHTOMEDI,5/9/2026 9:00:45 AM,WC26021734,"XXX East Ave, MAHTOMEDI",MEDICAL
WASHINGTON COUNTY SHERIFFS OFFICE,MAHTOMEDI,5/9/2026 12:35:10 PM,WC26021752,"XXX East Ave, MAHTOMEDI",MEDICAL
WASHINGTON COUNTY SHERIFFS OFFICE,MAHTOMEDI,5/9/2026 1:06:58 PM,WC26021755,"XXX HALLAM AVE S, MAHTOMEDI",CIVIL MATTER/DISPUTE
WASHINGTON COUNTY SHERIFFS OFFICE,MAHTOMEDI,5/9/2026 1:23:04 PM,WC26021756,"XXX Hallam Ave S, MAHTOMEDI",FOLLOW UP
WASHINGTON COUNTY SHERIFFS OFFICE,MAHTOMEDI,5/9/2026 2:05:32 PM,WC26021768,"XXX Hallam Ave S, MAHTOMEDI",CIVIL MATTER/DISPUTE
WASHINGTON COUNTY SHERIFFS OFFICE,MAHTOMEDI,5/9/2026 2:16:28 PM,WC26021770,"XXX Juniper St, MAHTOMEDI",SUSPICIOUS PERSON/ACTIVITY
WASHINGTON COUNTY SHERIFFS OFFICE,MAHTOMEDI,5/9/2026 5:15:14 PM,WC26021793,"XXX Mahtomedi Ave, MAHTOMEDI",CITIZEN/PUBLIC ASSIST
WASHINGTON COUNTY SHERIFFS OFFICE,MAHTOMEDI,5/9/2026 7:46:05 PM,WC26021811,"XXX Hickory St, MAHTOMEDI",BURNING COMPLAINT
WASHINGTON COUNTY SHERIFFS OFFICE,MAHTOMEDI,5/9/2026 10:11:34 PM,WC26021834,"XX Forest Trl, MAHTOMEDI",SUSPICIOUS PERSON/ACTIVITY
WASHINGTON COUNTY SHERIFFS OFFICE,MARINE ON SAINT CROIX,5/6/2026 5:54:30 AM,WC26021072,"2XXX  Jackson Cir, MARINE ON SAINT CROIX",MEDICAL
WASHINGTON COUNTY SHERIFFS OFFICE,MARINE ON SAINT CROIX,5/9/2026 6:55:00 PM,WC26021802,"SAINT CROIX TRL N / MAPLE ST, MARINE ON SAINT CROIX",TRAFFIC STOP
WASHINGTON COUNTY SHERIFFS OFFICE,MAY TOWNSHIP,5/3/2026 9:50:43 AM,WC26020615,"11XXX  Norell Ave N, MAY TOWNSHIP",PARK INCIDENT-CITY/COUNTY
WASHINGTON COUNTY SHERIFFS OFFICE,MAY TOWNSHIP,5/3/2026 1:59:57 PM,WC26020643,"11XXX  Norell Ave N, MAY TOWNSHIP",PARK INCIDENT-CITY/COUNTY
WASHINGTON COUNTY SHERIFFS OFFICE,MAY TOWNSHIP,5/3/2026 4:43:00 PM,WC26020666,"15XXX  SQUARE LAKE TRL N, MAY TOWNSHIP",PARKING VIOLATION
WASHINGTON COUNTY SHERIFFS OFFICE,MAY TOWNSHIP,5/3/2026 5:18:00 PM,WC26020674,"SQUARE LAKE TR & MAY AV, MAY TOWNSHIP",TRAFFIC STOP
WASHINGTON COUNTY SHERIFFS OFFICE,MAY TOWNSHIP,5/3/2026 6:40:52 PM,WC26020688,"11XXX  122nd St N, MAY TOWNSHIP",ACCIDENT
WASHINGTON COUNTY SHERIFFS OFFICE,MAY TOWNSHIP,5/4/2026 6:57:00 AM,WC26020748,"12XXX  - 12599 SAINT CROIX TRL N, MAY TOWNSHIP",TRAFFIC STOP
WASHINGTON COUNTY SHERIFFS OFFICE,MAY TOWNSHIP,5/4/2026 7:10:00 AM,WC26020749,"12XXX  - 13411 SAINT CROIX TRL N, MAY TOWNSHIP",TRAFFIC STOP
WASHINGTON COUNTY SHERIFFS OFFICE,MAY TOWNSHIP,5/4/2026 10:56:51 AM,WC26020781,"13XXX  Ozark Trl N, MAY TOWNSHIP",ALARM-BUSINESS/RES/FIRE/MEDICAL/ETC
WASHINGTON COUNTY SHERIFFS OFFICE,MAY TOWNSHIP,5/4/2026 11:35:13 AM,WC26020790,"11XXX  124th St N, MAY TOWNSHIP",MEDICAL
WASHINGTON COUNTY SHERIFFS OFFICE,MAY TOWNSHIP,5/4/2026 5:28:30 PM,WC26020862,"14XXX  130th St N, MAY TOWNSHIP",CITIZEN/PUBLIC ASSIST
WASHINGTON COUNTY SHERIFFS OFFICE,MAY TOWNSHIP,5/5/2026 9:46:47 AM,WC26020944,"12XXX  ARCOLA TRL N, MAY TOWNSHIP",SUSPICIOUS PERSON/ACTIVITY
WASHINGTON COUNTY SHERIFFS OFFICE,MAY TOWNSHIP,5/6/2026 4:41:16 PM,WC26021193,"14XXX  - 14899 MANNING TRL N, MAY TOWNSHIP",DIRECTED PATROL
WASHINGTON COUNTY SHERIFFS OFFICE,MAY TOWNSHIP,5/6/2026 5:38:01 PM,WC26021200,"17XXX  MANNING TRL N, MAY TOWNSHIP",PARKING VIOLATION
WASHINGTON COUNTY SHERIFFS OFFICE,MAY TOWNSHIP,5/7/2026 6:45:00 AM,WC26021296,"14XXX  - 15499 MANNING TRL N, MAY TOWNSHIP",TRAFFIC STOP
WASHINGTON COUNTY SHERIFFS OFFICE,MAY TOWNSHIP,5/7/2026 5:06:00 PM,WC26021407,"14XXX  - 15198 SAINT CROIX TRL N, MAY TOWNSHIP",TRAFFIC STOP
WASHINGTON COUNTY SHERIFFS OFFICE,MAY TOWNSHIP,5/9/2026 12:00:00 AM,WC26021827,"NORELL AVE N / MORRIS TRL N, MAY TOWNSHIP",TRAFFIC STOP
WASHINGTON COUNTY SHERIFFS OFFICE,MAY TOWNSHIP,5/9/2026 2:00:34 PM,WC26021772,"13XXX  LYNCH RD N, MAY TOWNSHIP",INTERNET CRIMES
WASHINGTON COUNTY SHERIFFS OFFICE,NEWPORT,5/3/2026 1:16:30 AM,WC26020590,"1XXX  10th Ave, NEWPORT",MEDICAL
WASHINGTON COUNTY SHERIFFS OFFICE,NEWPORT,5/3/2026 7:52:00 AM,WC26020606,"Highway 61 & MAXWELL AVE, NEWPORT",TRAFFIC STOP
WASHINGTON COUNTY SHERIFFS OFFICE,NEWPORT,5/3/2026 8:35:00 AM,WC26020610,"Highway 61 & MAXWELL AVE, NEWPORT",TRAFFIC STOP
WASHINGTON COUNTY SHERIFFS OFFICE,NEWPORT,5/3/2026 9:17:00 AM,WC26020613,"Highway 61 & MAXWELL AVE, NEWPORT",TRAFFIC STOP
WASHINGTON COUNTY SHERIFFS OFFICE,NEWPORT,5/3/2026 10:40:00 AM,WC26020618,"Highway 61 & MAXWELL AVE, NEWPORT",TRAFFIC STOP
WASHINGTON COUNTY SHERIFFS OFFICE,NEWPORT,5/3/2026 11:15:00 AM,WC26020622,"1XXX  - 1798 HASTINGS AVE, NEWPORT",TRAFFIC STOP
WASHINGTON COUNTY SHERIFFS OFFICE,NEWPORT,5/3/2026 1:22:20 PM,WC26020635,"1XXX  Birchwood Ln, NEWPORT",ASSIST OTHER AGENCY
WASHINGTON COUNTY SHERIFFS OFFICE,NEWPORT,5/3/2026 4:31:00 PM,WC26020663,"Highway 61 & MAXWELL AVE, NEWPORT",TRAFFIC STOP
WASHINGTON COUNTY SHERIFFS OFFICE,NEWPORT,5/3/2026 7:56:30 PM,WC26020694,"XXX 6th Ave, NEWPORT",ASSIST OTHER AGENCY
WASHINGTON COUNTY SHERIFFS OFFICE,NEWPORT,5/3/2026 8:14:34 PM,WC26020697,"XXX 11th St, NEWPORT",NEIGHBOR DISPUTE
WASHINGTON COUNTY SHERIFFS OFFICE,NEWPORT,5/3/2026 9:12:45 PM,WC26020706,"1XXX  10th Ave, NEWPORT",NEIGHBOR DISPUTE
WASHINGTON COUNTY SHERIFFS OFFICE,NEWPORT,5/3/2026 9:55:09 PM,WC26020710,"1XXX  WILD RIDGE TRL, NEWPORT",SUSPICIOUS PERSON/ACTIVITY
WASHINGTON COUNTY SHERIFFS OFFICE,NEWPORT,5/4/2026 1:53:49 AM,WC26020733,"XX Wakota Bridge: I494 Eb - Washington, NEWPORT",OFFICER INFORMATION
WASHINGTON COUNTY SHERIFFS OFFICE,NEWPORT,5/4/2026 9:42:49 AM,WC26020771,"1XXX  10TH AVE, NEWPORT",FRAUD/SCAM
WASHINGTON COUNTY SHERIFFS OFFICE,NEWPORT,5/4/2026 11:05:09 AM,WC26020783,"1XXX  Hastings Ave, NEWPORT",TRESPASSING
WASHINGTON COUNTY SHERIFFS OFFICE,NEWPORT,5/4/2026 11:42:48 AM,WC26020797,"1XXX  Hastings Ave, NEWPORT",DISORDERLY CONDUCT
WASHINGTON COUNTY SHERIFFS OFFICE,NEWPORT,5/4/2026 1:56:00 PM,WC26020823,"HWY 61 NB / 494, NEWPORT",TRAFFIC STOP
WASHINGTON COUNTY SHERIFFS OFFICE,NEWPORT,5/4/2026 1:57:00 PM,WC26020824,"Hwy 61 & Maxwell Ave, NEWPORT",TRAFFIC STOP
WASHINGTON COUNTY SHERIFFS OFFICE,NEWPORT,5/4/2026 2:25:00 PM,WC26020828,"HWY 61 NB / 494, NEWPORT",TRAFFIC STOP
WASHINGTON COUNTY SHERIFFS OFFICE,NEWPORT,5/4/2026 2:26:00 PM,WC26020829,"Highway 61 & MAXWELL AVE, NEWPORT",TRAFFIC STOP
WASHINGTON COUNTY SHERIFFS OFFICE,NEWPORT,5/4/2026 2:28:49 PM,WC26020830,"1XXX  Hastings Ave, NEWPORT",ASSIST OTHER AGENCY
WASHINGTON COUNTY SHERIFFS OFFICE,NEWPORT,5/4/2026 3:26:09 PM,WC26020844,"Glen Rd / 10th Ave, NEWPORT",ANIMAL COMPLAINT
WASHINGTON COUNTY SHERIFFS OFFICE,NEWPORT,5/4/2026 7:09:00 PM,WC26020871,"Highway 61, NEWPORT",TRAFFIC STOP
WASHINGTON COUNTY SHERIFFS OFFICE,NEWPORT,5/4/2026 8:10:17 PM,WC26020882,"XXX 3rd Ave, NEWPORT",SUSPICIOUS PERSON/ACTIVITY
WASHINGTON COUNTY SHERIFFS OFFICE,NEWPORT,5/4/2026 9:13:00 PM,WC26020876,"Highway 61, NEWPORT",TRAFFIC STOP
WASHINGTON COUNTY SHERIFFS OFFICE,NEWPORT,5/4/2026 11:21:14 PM,WC26020894,"HWY 61 SB JSO GLEN RD, NEWPORT",TRAFFIC STOP
WASHINGTON COUNTY SHERIFFS OFFICE,NEWPORT,5/5/2026 6:44:49 AM,WC26020907,"1XXX  Bluestem Ln, NEWPORT",MEDICAL
WASHINGTON COUNTY SHERIFFS OFFICE,NEWPORT,5/5/2026 9:23:24 AM,WC26020929,"1XXX  - 1198 7TH AVE, NEWPORT",DIRECTED PATROL
WASHINGTON COUNTY SHERIFFS OFFICE,NEWPORT,5/5/2026 9:57:00 AM,WC26020946,"7TH AVE / 12TH ST, NEWPORT",TRAFFIC STOP
WASHINGTON COUNTY SHERIFFS OFFICE,NEWPORT,5/5/2026 11:17:13 AM,WC26020953,"XX Oakridge Dr, NEWPORT",911 ABANDONED/HANGUP/OPEN LINE
WASHINGTON COUNTY SHERIFFS OFFICE,NEWPORT,5/5/2026 12:22:37 PM,WC26020957,"1XXX  Mark Ct, NEWPORT",CITIZEN/PUBLIC ASSIST
WASHINGTON COUNTY SHERIFFS OFFICE,NEWPORT,5/5/2026 1:16:39 PM,WC26020968,"XXX 4th Ave, NEWPORT",FRAUD/SCAM
WASHINGTON COUNTY SHERIFFS OFFICE,NEWPORT,5/5/2026 2:43:38 PM,WC26020978,"1XXX  10TH AVE, NEWPORT",MEDICAL
WASHINGTON COUNTY SHERIFFS OFFICE,NEWPORT,5/5/2026 4:09:28 PM,WC26020998,"1XXX  Catherine Dr, NEWPORT",FRAUD/SCAM
WASHINGTON COUNTY SHERIFFS OFFICE,NEWPORT,5/5/2026 5:27:51 PM,WC26021019,"XXX - 970 ELLEN CT, NEWPORT",SUSPICIOUS PERSON/ACTIVITY
WASHINGTON COUNTY SHERIFFS OFFICE,NEWPORT,5/5/2026 7:18:53 PM,WC26021036,"Hwy 61 Nb Jso I494, NEWPORT",ROAD HAZARD
WASHINGTON COUNTY SHERIFFS OFFICE,NEWPORT,5/5/2026 8:18:57 PM,WC26021040,"XXX 2nd Ave, NEWPORT",WELFARE CHECK
WASHINGTON COUNTY SHERIFFS OFFICE,NEWPORT,5/5/2026 9:25:49 PM,WC26021045,"XXX 17th St, NEWPORT",ANIMAL COMPLAINT
WASHINGTON COUNTY SHERIFFS OFFICE,NEWPORT,5/6/2026 9:43:08 AM,WC26021098,"1XXX  10TH AVE, NEWPORT",THEFT
WASHINGTON COUNTY SHERIFFS OFFICE,NEWPORT,5/6/2026 11:17:38 AM,WC26021108,"XXX RED ROCK XING, NEWPORT",TRESPASSING
WASHINGTON COUNTY SHERIFFS OFFICE,NEWPORT,5/6/2026 12:05:00 PM,WC26021126,"MAXWELL AVE TO I494 WB RAMP, NEWPORT",TRAFFIC STOP
WASHINGTON COUNTY SHERIFFS OFFICE,NEWPORT,5/6/2026 12:05:00 PM,WC26021127,"GLEN RD TO HWY 61 NB RAMP, NEWPORT",TRAFFIC STOP
WASHINGTON COUNTY SHERIFFS OFFICE,NEWPORT,5/6/2026 12:06:00 PM,WC26021128,"Highway 61 & I494, NEWPORT",TRAFFIC STOP
WASHINGTON COUNTY SHERIFFS OFFICE,NEWPORT,5/6/2026 12:15:00 PM,WC26021130,"I494 WB JEO WAKOTA BRIDGE, NEWPORT",TRAFFIC STOP
WASHINGTON COUNTY SHERIFFS OFFICE,NEWPORT,5/6/2026 12:24:00 PM,WC26021134,"HWY 61 SB & I494, NEWPORT",TRAFFIC STOP
WASHINGTON COUNTY SHERIFFS OFFICE,NEWPORT,5/6/2026 12:31:00 PM,WC26021135,"XXX - 579 2ND ST, NEWPORT",TRAFFIC STOP
WASHINGTON COUNTY SHERIFFS OFFICE,NEWPORT,5/6/2026 12:46:00 PM,WC26021139,"Highway 61 SB & I494, NEWPORT",TRAFFIC STOP
WASHINGTON COUNTY SHERIFFS OFFICE,NEWPORT,5/6/2026 12:46:00 PM,WC26021140,"HWY 61 & I494, NEWPORT",TRAFFIC STOP
WASHINGTON COUNTY SHERIFFS OFFICE,NEWPORT,5/6/2026 1:06:00 PM,WC26021146,"HWY 61 SB AT MAXWELL AVE, NEWPORT",TRAFFIC STOP
WASHINGTON COUNTY SHERIFFS OFFICE,NEWPORT,5/6/2026 1:12:00 PM,WC26021147,"Highway 61 & Glen Rd, NEWPORT",TRAFFIC STOP
WASHINGTON COUNTY SHERIFFS OFFICE,NEWPORT,5/6/2026 1:42:57 PM,WC26021154,"1XXX  Mark Ct, NEWPORT",CITIZEN/PUBLIC ASSIST
WASHINGTON COUNTY SHERIFFS OFFICE,NEWPORT,5/6/2026 3:35:33 PM,WC26021178,"XXX 4TH AVE, NEWPORT",PROPERTY DAMAGE
WASHINGTON COUNTY SHERIFFS OFFICE,NEWPORT,5/6/2026 4:05:00 PM,WC26021188,"XXX 21st St, NEWPORT",IDENTITY THEFT
WASHINGTON COUNTY SHERIFFS OFFICE,NEWPORT,5/6/2026 5:58:50 PM,WC26021205,"Bailey Rd / Bailey Ct, NEWPORT",DRIVING COMPLAINT
WASHINGTON COUNTY SHERIFFS OFFICE,NEWPORT,5/6/2026 6:37:04 PM,WC26021210,"1XXX  10th Ave, NEWPORT",911 ABANDONED/HANGUP/OPEN LINE
WASHINGTON COUNTY SHERIFFS OFFICE,NEWPORT,5/6/2026 8:30:40 PM,WC26021230,"XXX 20th St, NEWPORT",ANIMAL COMPLAINT
WASHINGTON COUNTY SHERIFFS OFFICE,NEWPORT,5/6/2026 8:49:59 PM,WC26021234,"I494 EB TO HWY 61 SB RAMP, NEWPORT",TRAFFIC STOP
WASHINGTON COUNTY SHERIFFS OFFICE,NEWPORT,5/6/2026 9:15:10 PM,WC26021241,"1XXX  11th Ave, NEWPORT",FAMILY ASSIST
WASHINGTON COUNTY SHERIFFS OFFICE,NEWPORT,5/7/2026 12:07:58 AM,WC26021266,"1XXX  10th Ave, NEWPORT",ALARM-BUSINESS/RES/FIRE/MEDICAL/ETC
WASHINGTON COUNTY SHERIFFS OFFICE,NEWPORT,5/7/2026 1:12:00 AM,WC26021279,"GLEN RD TO HWY 61 SB RAMP, NEWPORT",DWI
WASHINGTON COUNTY SHERIFFS OFFICE,NEWPORT,5/7/2026 11:21:13 AM,WC26021348,"XXX 19th St, NEWPORT",FRAUD/SCAM
WASHINGTON COUNTY SHERIFFS OFFICE,NEWPORT,5/7/2026 12:04:56 PM,WC26021355,"XXX 16th St, NEWPORT",MEDICAL
WASHINGTON COUNTY SHERIFFS OFFICE,NEWPORT,5/7/2026 2:12:47 PM,WC26021378,"XXX 10th St, NEWPORT",FIRE
WASHINGTON COUNTY SHERIFFS OFFICE,NEWPORT,5/7/2026 2:47:04 PM,WC26021382,"Unknown, NEWPORT",CITIZEN/PUBLIC ASSIST
WASHINGTON COUNTY SHERIFFS OFFICE,NEWPORT,5/7/2026 7:03:35 PM,WC26021431,"1XXX  10th Ave, NEWPORT",ALARM-BUSINESS/RES/FIRE/MEDICAL/ETC
WASHINGTON COUNTY SHERIFFS OFFICE,NEWPORT,5/8/2026 9:13:31 AM,WC26021543,"Unknown, NEWPORT",FOLLOW UP
WASHINGTON COUNTY SHERIFFS OFFICE,NEWPORT,5/8/2026 1:00:31 PM,WC26021575,"XXX RED ROCK XING, NEWPORT",CIVIL MATTER/DISPUTE
WASHINGTON COUNTY SHERIFFS OFFICE,NEWPORT,5/8/2026 1:11:39 PM,WC26021578,"XXX 15th St, NEWPORT",CITIZEN/PUBLIC ASSIST
WASHINGTON COUNTY SHERIFFS OFFICE,NEWPORT,5/8/2026 2:51:04 PM,WC26021594,"MAXWELL AVE / BAILEY RD, NEWPORT",ASSIST OTHER AGENCY
WASHINGTON COUNTY SHERIFFS OFFICE,NEWPORT,5/8/2026 3:12:43 PM,WC26021598,"Glen Rd / 10th Ave, NEWPORT",ACCIDENT
WASHINGTON COUNTY SHERIFFS OFFICE,NEWPORT,5/8/2026 4:10:29 PM,WC26021604,"2XXX  1st Ave, NEWPORT",CITIZEN/PUBLIC ASSIST
WASHINGTON COUNTY SHERIFFS OFFICE,NEWPORT,5/8/2026 4:39:26 PM,WC26021610,"2XXX  1st Ave, NEWPORT",FOUND PROPERTY/ITEM
WASHINGTON COUNTY SHERIFFS OFFICE,NEWPORT,5/9/2026 12:09:07 AM,WC26021692,"1XXX  10th Ave, NEWPORT",PROPERTY DAMAGE
WASHINGTON COUNTY SHERIFFS OFFICE,NEWPORT,5/9/2026 2:10:18 AM,WC26021716,"2XXX  Hastings Ave, NEWPORT",ALARM-BUSINESS/RES/FIRE/MEDICAL/ETC
WASHINGTON COUNTY SHERIFFS OFFICE,NEWPORT,5/9/2026 3:48:00 AM,WC26021725,"HWY 61 SB JNO GLEN RD, NEWPORT",DWI
WASHINGTON COUNTY SHERIFFS OFFICE,NEWPORT,5/9/2026 11:09:33 AM,WC26021743,"1XXX  GLEN RD, NEWPORT",OTHER
WASHINGTON COUNTY SHERIFFS OFFICE,NEWPORT,5/9/2026 3:02:28 PM,WC26021776,"2XXX  1st Ave, NEWPORT",CITIZEN/PUBLIC ASSIST
WASHINGTON COUNTY SHERIFFS OFFICE,OAK PARK HEIGHTS,5/6/2026 3:09:00 PM,WC26021171,"5XXX  - 5999 STILLWATER BLVD N, OAK PARK HEIGHTS",TRAFFIC STOP
WASHINGTON COUNTY SHERIFFS OFFICE,OAK PARK HEIGHTS,5/7/2026 7:48:51 AM,WC26021305,"XX Hwy 36 Eb To Hwy 95 Ramp, OAK PARK HEIGHTS",ASSIST OTHER AGENCY
WASHINGTON COUNTY SHERIFFS OFFICE,OAK PARK HEIGHTS,5/7/2026 12:48:00 PM,WC26021362,"5XXX  OSGOOD AVE N, OAK PARK HEIGHTS",TRAFFIC STOP
WASHINGTON COUNTY SHERIFFS OFFICE,OAK PARK HEIGHTS,5/7/2026 1:28:00 PM,WC26021368,"Highway 36, OAK PARK HEIGHTS",TRAFFIC STOP
WASHINGTON COUNTY SHERIFFS OFFICE,OAK PARK HEIGHTS,5/7/2026 2:23:00 PM,WC26021379,"Highway 36 & STILLWATER BLVD N, OAK PARK HEIGHTS",TRAFFIC STOP
WASHINGTON COUNTY SHERIFFS OFFICE,OAK PARK HEIGHTS,5/7/2026 7:19:59 PM,WC26021437,"5XXX  OSGOOD AVE N, OAK PARK HEIGHTS",ASSIST OTHER AGENCY
WASHINGTON COUNTY SHERIFFS OFFICE,OAK PARK HEIGHTS,5/7/2026 9:59:00 PM,WC26021464,"Highway 36 & OSGOOD AVE N, OAK PARK HEIGHTS",TRAFFIC STOP
WASHINGTON COUNTY SHERIFFS OFFICE,OAKDALE,5/3/2026 3:54:38 AM,WC26020599,"Tanners Lake, OAKDALE",SHOTS FIRED/SHOOTING COMPLAINT
WASHINGTON COUNTY SHERIFFS OFFICE,OAKDALE,5/3/2026 7:30:36 PM,WC26020691,"4XXX  Grenwich Way N, OAKDALE",ASSIST OTHER AGENCY
WASHINGTON COUNTY SHERIFFS OFFICE,OAKDALE,5/4/2026 11:24:00 AM,WC26020788,"6XXX  - 6100 Highway 36, OAKDALE",TRAFFIC STOP
WASHINGTON COUNTY SHERIFFS OFFICE,OAKDALE,5/4/2026 12:07:00 PM,WC26020799,"34TH ST N / CENTURY AVE N, OAKDALE",TRAFFIC STOP
WASHINGTON COUNTY SHERIFFS OFFICE,OAKDALE,5/4/2026 2:38:00 PM,WC26020831,"34TH ST N & I694, OAKDALE",TRAFFIC STOP
WASHINGTON COUNTY SHERIFFS OFFICE,OAKDALE,5/4/2026 8:35:23 PM,WC26020885,"3XXX  Genevieve Ave N, OAKDALE",ASSIST OTHER AGENCY
WASHINGTON COUNTY SHERIFFS OFFICE,OAKDALE,5/5/2026 12:25:00 PM,WC26020958,"10TH ST N / GREENWAY AVE N, OAKDALE",TRAFFIC STOP
WASHINGTON COUNTY SHERIFFS OFFICE,OAKDALE,5/7/2026 1:40:39 AM,WC26021282,"IDEAL AVE N / 34TH ST N, OAKDALE",ACCIDENT
WASHINGTON COUNTY SHERIFFS OFFICE,OAKDALE,5/7/2026 10:22:00 PM,WC26021471,"Highway 36, OAKDALE",TRAFFIC STOP
WASHINGTON COUNTY SHERIFFS OFFICE,OAKDALE,5/8/2026 6:59:53 PM,WC26021638,"3XXX  Granada Ln N, OAKDALE",ASSIST OTHER AGENCY
WASHINGTON COUNTY SHERIFFS OFFICE,OAKDALE,5/9/2026 12:00:00 AM,WC26021790,"40th St N / Geneva Ave N, OAKDALE",ACCIDENT
WASHINGTON COUNTY SHERIFFS OFFICE,OAKDALE,5/9/2026 4:40:44 PM,WC26021787,"3XXX  Hadley Ave N, OAKDALE",ASSIST OTHER AGENCY
WASHINGTON COUNTY SHERIFFS OFFICE,PINE SPRINGS,5/4/2026 11:41:21 AM,WC26020795,"Hwy 36 Eb Over Hilton Trl N, PINE SPRINGS",911 ABANDONED/HANGUP/OPEN LINE
WASHINGTON COUNTY SHERIFFS OFFICE,PINE SPRINGS,5/7/2026 2:10:00 PM,WC26021373,"Highway 36 & HILTON TRL N, PINE SPRINGS",TRAFFIC STOP
WASHINGTON COUNTY SHERIFFS OFFICE,PINE SPRINGS,5/8/2026 6:49:31 PM,WC26021636,"7XXX  Pinehurst Rd, PINE SPRINGS",FRAUD/SCAM
WASHINGTON COUNTY SHERIFFS OFFICE,SAINT MARYS POINT,5/7/2026 10:45:46 AM,WC26021345,"2XXX  ITASCA AVE S, SAINT MARYS POINT",911 ABANDONED/HANGUP/OPEN LINE
WASHINGTON COUNTY SHERIFFS OFFICE,Saint Paul,5/3/2026 11:30:00 PM,WC26020720,"2XXX  Old Hudson Rd, Saint Paul",WARRANT ARREST
WASHINGTON COUNTY SHERIFFS OFFICE,Saint Paul,5/4/2026 2:08:12 AM,WC26020736,"2XXX  Old Hudson Rd, Saint Paul",WARRANT ARREST
WASHINGTON COUNTY SHERIFFS OFFICE,Saint Paul,5/8/2026 6:09:28 AM,WC26021523,"HWY 61 SB AT MAXWELL AVE, Saint Paul",ASSIST OTHER AGENCY
WASHINGTON COUNTY SHERIFFS OFFICE,SAINT PAUL PARK,5/3/2026 12:00:00 AM,WC26020578,"HWY 61 SB AT 70TH ST S, SAINT PAUL PARK",TRAFFIC STOP
WASHINGTON COUNTY SHERIFFS OFFICE,SAINT PAUL PARK,5/3/2026 6:30:49 PM,WC26020686,"XXX Hastings Ave, SAINT PAUL PARK",ASSIST OTHER AGENCY
WASHINGTON COUNTY SHERIFFS OFFICE,SAINT PAUL PARK,5/6/2026 11:42:00 AM,WC26021114,"SUMMIT AVE, SAINT PAUL PARK",TRAFFIC STOP
WASHINGTON COUNTY SHERIFFS OFFICE,SAINT PAUL PARK,5/6/2026 9:51:14 PM,WC26021247,"XXX 9TH AVE, SAINT PAUL PARK",CIVIL MATTER/DISPUTE
WASHINGTON COUNTY SHERIFFS OFFICE,SAINT PAUL PARK,5/7/2026 6:59:17 PM,WC26021432,"1XXX  Gary Dr, SAINT PAUL PARK",FOLLOW UP
WASHINGTON COUNTY SHERIFFS OFFICE,SAINT PAUL PARK,5/8/2026 7:44:25 PM,WC26021647,"9th Ave / 2nd St, SAINT PAUL PARK",ASSIST OTHER AGENCY
WASHINGTON COUNTY SHERIFFS OFFICE,SAINT PAUL PARK,5/9/2026 2:34:09 AM,WC26021720,"XX River Woods Dr W, SAINT PAUL PARK",ASSIST OTHER AGENCY
WASHINGTON COUNTY SHERIFFS OFFICE,SAINT PAUL PARK,5/9/2026 2:36:31 AM,WC26021718,"1XXX  - 1139 3RD ST, SAINT PAUL PARK",ASSIST OTHER AGENCY
WASHINGTON COUNTY SHERIFFS OFFICE,SCANDIA,5/3/2026 3:42:52 PM,WC26020654,"13XXX  Scandia Trl N, SCANDIA",ALARM-BUSINESS/RES/FIRE/MEDICAL/ETC
WASHINGTON COUNTY SHERIFFS OFFICE,SCANDIA,5/5/2026 4:24:51 PM,WC26021006,"23XXX  Meadowbrook Ave N, SCANDIA",ANIMAL COMPLAINT
WASHINGTON COUNTY SHERIFFS OFFICE,SCANDIA,5/5/2026 8:01:00 PM,WC26021032,"MANNING TRL N / 180TH ST N, SCANDIA",TRAFFIC STOP
WASHINGTON COUNTY SHERIFFS OFFICE,SCANDIA,5/6/2026 3:35:26 PM,WC26021176,"19XXX  - 19798 MANNING TRL N, SCANDIA",DIRECTED PATROL
WASHINGTON COUNTY SHERIFFS OFFICE,SCANDIA,5/6/2026 5:41:29 PM,WC26021201,"21XXX  Meadowbrook Cir N, SCANDIA",CIVIL MATTER/DISPUTE
WASHINGTON COUNTY SHERIFFS OFFICE,SCANDIA,5/6/2026 8:41:19 PM,WC26021232,"21XXX  Novak Ave N, SCANDIA",SUSPICIOUS PERSON/ACTIVITY
WASHINGTON COUNTY SHERIFFS OFFICE,SCANDIA,5/7/2026 5:34:00 PM,WC26021412,"19XXX  - 19799 MANNING TRL N, SCANDIA",TRAFFIC STOP
WASHINGTON COUNTY SHERIFFS OFFICE,SCANDIA,5/7/2026 5:42:00 PM,WC26021413,"18XXX  - 19099 MANNING TRL N, SCANDIA",TRAFFIC STOP
WASHINGTON COUNTY SHERIFFS OFFICE,SCANDIA,5/8/2026 12:00:00 AM,WC26021481,"14XXX  Old Marine Trl N, SCANDIA",FIRE
WASHINGTON COUNTY SHERIFFS OFFICE,SCANDIA,5/8/2026 2:23:43 PM,WC26021589,"13XXX  182nd St N, SCANDIA",MEDICAL
WASHINGTON COUNTY SHERIFFS OFFICE,SCANDIA,5/8/2026 5:49:03 PM,WC26021623,"21XXX  Meadowbrook Cir N, SCANDIA",CIVIL MATTER/DISPUTE
WASHINGTON COUNTY SHERIFFS OFFICE,SCANDIA,5/8/2026 11:37:00 PM,WC26021682,"OLINDA TRL N / 205TH ST N, SCANDIA",TRAFFIC STOP
WASHINGTON COUNTY SHERIFFS OFFICE,SCANDIA,5/9/2026 11:20:25 AM,WC26021745,"14XXX  197th St N, SCANDIA",911 ABANDONED/HANGUP/OPEN LINE
WASHINGTON COUNTY SHERIFFS OFFICE,SCANDIA,5/9/2026 9:02:14 PM,WC26021817,"20XXX  Olinda Trl N, SCANDIA",ACCIDENT
WASHINGTON COUNTY SHERIFFS OFFICE,STILLWATER,5/4/2026 12:26:00 AM,WC26020724,"HWY 36 WB AT WASHINGTON AVE N, STILLWATER",TRAFFIC STOP
WASHINGTON COUNTY SHERIFFS OFFICE,STILLWATER,5/4/2026 10:34:00 AM,WC26020776,"1XXX  - 1949 ORLEANS ST W, STILLWATER",TRAFFIC STOP
WASHINGTON COUNTY SHERIFFS OFFICE,STILLWATER,5/5/2026 7:54:00 AM,WC26020913,"6XXX  - 6299 OSGOOD AVE N, STILLWATER",TRAFFIC STOP
WASHINGTON COUNTY SHERIFFS OFFICE,STILLWATER,5/5/2026 12:04:00 PM,WC26020954,"15XXX  62ND ST N, STILLWATER",TRAFFIC COMPLAINT
WASHINGTON COUNTY SHERIFFS OFFICE,STILLWATER,5/5/2026 3:23:02 PM,WC26020988,"14XXX  62nd St N, STILLWATER",DRIVING COMPLAINT
WASHINGTON COUNTY SHERIFFS OFFICE,STILLWATER,5/6/2026 1:50:34 PM,WC26021153,"15XXX  62ND ST N, STILLWATER",OFP VIOLATION
WASHINGTON COUNTY SHERIFFS OFFICE,STILLWATER,5/6/2026 4:05:40 PM,WC26021186,"15XXX  62ND ST N, STILLWATER",FUGITIVE FROM JUSTICE
WASHINGTON COUNTY SHERIFFS OFFICE,STILLWATER,5/7/2026 4:13:23 PM,WC26021397,"15XXX  62nd St N, STILLWATER",CITIZEN/PUBLIC ASSIST
WASHINGTON COUNTY SHERIFFS OFFICE,STILLWATER,5/7/2026 4:44:00 PM,WC26021400,"1XXX  - 1899 BROADWAY ST N, STILLWATER",TRAFFIC STOP
WASHINGTON COUNTY SHERIFFS OFFICE,STILLWATER,5/8/2026 5:40:34 PM,WC26021620,"15XXX  62ND ST N, STILLWATER",ASSIST OTHER AGENCY
WASHINGTON COUNTY SHERIFFS OFFICE,STILLWATER,5/8/2026 11:58:06 PM,WC26021689,"15XXX  62ND ST N, STILLWATER",FUGITIVE FROM JUSTICE
WASHINGTON COUNTY SHERIFFS OFFICE,STILLWATER,5/9/2026 3:08:52 AM,WC26021726,"15XXX  62nd St N, STILLWATER",OFFICER INFORMATION
WASHINGTON COUNTY SHERIFFS OFFICE,STILLWATER,5/9/2026 4:33:13 AM,WC26021727,"14XXX  62nd St N, STILLWATER",ALARM-BUSINESS/RES/FIRE/MEDICAL/ETC
WASHINGTON COUNTY SHERIFFS OFFICE,STILLWATER,5/9/2026 1:36:41 PM,WC26021760,"HOLCOMBE ST S, STILLWATER",ASSIST OTHER AGENCY
WASHINGTON COUNTY SHERIFFS OFFICE,STILLWATER,5/9/2026 7:10:57 PM,WC26021807,"15XXX  62nd St N, STILLWATER",CIVIL MATTER/DISPUTE
WASHINGTON COUNTY SHERIFFS OFFICE,STILLWATER TOWNSHIP,5/3/2026 6:19:01 PM,WC26020683,"11XXX  Norell Ave N, STILLWATER TOWNSHIP",ANIMAL COMPLAINT
WASHINGTON COUNTY SHERIFFS OFFICE,STILLWATER TOWNSHIP,5/4/2026 5:51:04 AM,WC26020745,"Dellwood Rd N / Manning Ave N, STILLWATER TOWNSHIP",ANIMAL COMPLAINT
WASHINGTON COUNTY SHERIFFS OFFICE,STILLWATER TOWNSHIP,5/4/2026 2:46:00 PM,WC26020834,"10XXX  - 10998 SAINT CROIX TRL N, STILLWATER TOWNSHIP",TRAFFIC STOP
WASHINGTON COUNTY SHERIFFS OFFICE,STILLWATER TOWNSHIP,5/4/2026 6:03:16 PM,WC26020867,"10XXX  Pawnee Ave N, STILLWATER TOWNSHIP",SUSPICIOUS PERSON/ACTIVITY
WASHINGTON COUNTY SHERIFFS OFFICE,STILLWATER TOWNSHIP,5/5/2026 8:19:04 AM,WC26020915,"9XXX  Stonebridge Trl N, STILLWATER TOWNSHIP",PARKING COMPLAINT
WASHINGTON COUNTY SHERIFFS OFFICE,STILLWATER TOWNSHIP,5/7/2026 3:08:10 PM,WC26021383,"Boom Site, STILLWATER TOWNSHIP",LOST PROPERTY/ITEM
WASHINGTON COUNTY SHERIFFS OFFICE,STILLWATER TOWNSHIP,5/8/2026 1:38:27 AM,WC26021496,"10XXX  Ottumwa Ave N, STILLWATER TOWNSHIP",ALARM-BUSINESS/RES/FIRE/MEDICAL/ETC
WASHINGTON COUNTY SHERIFFS OFFICE,STILLWATER TOWNSHIP,5/8/2026 8:51:19 PM,WC26021650,"15XXX  116th St N, STILLWATER TOWNSHIP",ANIMAL COMPLAINT
WASHINGTON COUNTY SHERIFFS OFFICE,WEST LAKELAND TOWNSHIP,5/3/2026 9:18:42 PM,WC26020708,"13XXX  23rd St N, WEST LAKELAND TOWNSHIP",911 ABANDONED/HANGUP/OPEN LINE
WASHINGTON COUNTY SHERIFFS OFFICE,WEST LAKELAND TOWNSHIP,5/4/2026 12:01:40 AM,WC26020722,"2XXX  Oakgreen Ave N, WEST LAKELAND TOWNSHIP",ALARM-BUSINESS/RES/FIRE/MEDICAL/ETC
WASHINGTON COUNTY SHERIFFS OFFICE,WEST LAKELAND TOWNSHIP,5/4/2026 10:47:33 AM,WC26020779,"15XXX  PAINTERS LANE CIR N, WEST LAKELAND TOWNSHIP",ALARM-BUSINESS/RES/FIRE/MEDICAL/ETC
WASHINGTON COUNTY SHERIFFS OFFICE,WEST LAKELAND TOWNSHIP,5/4/2026 12:46:32 PM,WC26020806,"15XXX  Hudson Rd N, WEST LAKELAND TOWNSHIP",ACCIDENT
WASHINGTON COUNTY SHERIFFS OFFICE,WEST LAKELAND TOWNSHIP,5/4/2026 2:46:14 PM,WC26020835,"XXX Manning Ave N, WEST LAKELAND TOWNSHIP",ACCIDENT
WASHINGTON COUNTY SHERIFFS OFFICE,WEST LAKELAND TOWNSHIP,5/4/2026 5:21:36 PM,WC26020860,"13XXX  6th St N, WEST LAKELAND TOWNSHIP",OVERDOSE
WASHINGTON COUNTY SHERIFFS OFFICE,WEST LAKELAND TOWNSHIP,5/6/2026 4:13:29 PM,WC26021191,"1XXX  Manning Ave N, WEST LAKELAND TOWNSHIP",FOLLOW UP
WASHINGTON COUNTY SHERIFFS OFFICE,WEST LAKELAND TOWNSHIP,5/6/2026 4:40:09 PM,WC26021194,"XXX Manning Ave N, WEST LAKELAND TOWNSHIP",THEFT
WASHINGTON COUNTY SHERIFFS OFFICE,WEST LAKELAND TOWNSHIP,5/7/2026 9:31:24 AM,WC26021335,"13XXX  Hudson Blvd N, WEST LAKELAND TOWNSHIP",PROPERTY DAMAGE
WASHINGTON COUNTY SHERIFFS OFFICE,WEST LAKELAND TOWNSHIP,5/7/2026 1:33:25 PM,WC26021369,"2XXX  Oakgreen Ave N, WEST LAKELAND TOWNSHIP",THEFT
WASHINGTON COUNTY SHERIFFS OFFICE,WEST LAKELAND TOWNSHIP,5/8/2026 2:49:36 PM,WC26021596,"15XXX  Hudson Rd N, WEST LAKELAND TOWNSHIP",SUSPICIOUS PERSON/ACTIVITY
WASHINGTON COUNTY SHERIFFS OFFICE,WEST LAKELAND TOWNSHIP,5/9/2026 12:00:00 AM,WC26021687,"PARIS AVE N / 10TH ST N, WEST LAKELAND TOWNSHIP",TRAFFIC STOP
WASHINGTON COUNTY SHERIFFS OFFICE,WILLERNIE,5/4/2026 5:18:47 AM,WC26020742,"XXX Faversham Rd, WILLERNIE",MEDICAL
WASHINGTON COUNTY SHERIFFS OFFICE,WILLERNIE,5/5/2026 9:16:38 AM,WC26020921,"Kimberly Rd / Chatham Rd, WILLERNIE",ANIMAL COMPLAINT
WASHINGTON COUNTY SHERIFFS OFFICE,WILLERNIE,5/5/2026 8:47:51 PM,WC26021042,"XXX Warner Ave S, WILLERNIE",FOLLOW UP
WASHINGTON COUNTY SHERIFFS OFFICE,WOODBURY,5/3/2026 11:18:00 AM,WC26020623,"I94 EB  at HWY 120, WOODBURY",TRAFFIC STOP
WASHINGTON COUNTY SHERIFFS OFFICE,WOODBURY,5/3/2026 11:21:00 AM,WC26020625,"I94 EB & CENTURY AV, WOODBURY",TRAFFIC STOP
WASHINGTON COUNTY SHERIFFS OFFICE,WOODBURY,5/3/2026 11:46:00 AM,WC26020627,"I94 Eb at Hwy 120, WOODBURY",TRAFFIC STOP
WASHINGTON COUNTY SHERIFFS OFFICE,WOODBURY,5/4/2026 3:56:01 PM,WC26020848,"5XXX  - 5998 MANNING AVE S, WOODBURY",DIRECTED PATROL
WASHINGTON COUNTY SHERIFFS OFFICE,WOODBURY,5/5/2026 5:37:49 PM,WC26021023,"10XXX  Arrowwood Trl, WOODBURY",ASSIST OTHER AGENCY
WASHINGTON COUNTY SHERIFFS OFFICE,WOODBURY,5/6/2026 11:33:00 AM,WC26021112,"I494 SB AT LAKE RD, WOODBURY",TRAFFIC STOP
WASHINGTON COUNTY SHERIFFS OFFICE,WOODBURY,5/7/2026 3:20:00 AM,WC26021286,"INWOOD AVE N TO I94 WB RAMP / I94, WOODBURY",TRAFFIC STOP
WASHINGTON COUNTY SHERIFFS OFFICE,WOODBURY,5/7/2026 7:37:56 PM,WC26021439,"I494 WB TO TAMARACK RD RAMP, WOODBURY",DWI
WASHINGTON COUNTY SHERIFFS OFFICE,WOODBURY,5/8/2026 7:22:00 PM,WC26021641,"I94 & I494, WOODBURY",TRAFFIC STOP
WASHINGTON COUNTY SHERIFFS OFFICE,WOODBURY,5/9/2026 5:39:54 PM,WC26021796,"Bailey Rd / Manning Ave S, WOODBURY",ASSIST OTHER AGENCY
WASHINGTON COUNTY SHERIFFS OFFICE,WOODBURY,5/9/2026 7:01:02 PM,WC26021805,"6XXX  Hudson Rd, WOODBURY",DROWNING
WOODBURY PUBLIC SAFETY,NEWPORT,5/7/2026 11:48:52 PM,WB26017968,"HWY 61 NB AT I494, NEWPORT",PURSUIT
WOODBURY PUBLIC SAFETY,WOODBURY,5/3/2026 1:06:37 AM,WB26017292,"6XXX  Newbury Rd, WOODBURY",INDECENT EXPOSURE
WOODBURY PUBLIC SAFETY,WOODBURY,5/3/2026 1:16:21 AM,WB26017295,"RADIO DR / BAILEY RD, WOODBURY",DWI
WOODBURY PUBLIC SAFETY,WOODBURY,5/3/2026 10:16:43 AM,WB26017321,"11XXX  Eastview Rd, WOODBURY",ACCIDENT
WOODBURY PUBLIC SAFETY,WOODBURY,5/3/2026 10:55:54 AM,WB26017327,"Hargis Pkwy / Radio Dr, WOODBURY",ACCIDENT
WOODBURY PUBLIC SAFETY,WOODBURY,5/3/2026 12:21:15 PM,WB26017338,"7XXX  Guider Dr, WOODBURY",WELFARE CHECK
WOODBURY PUBLIC SAFETY,WOODBURY,5/3/2026 2:51:57 PM,WB26017354,"9XXX  Cambridge Alcove, WOODBURY",WELFARE CHECK
WOODBURY PUBLIC SAFETY,WOODBURY,5/3/2026 3:08:02 PM,WB26017358,"1XXX  Woodlane Dr, WOODBURY",PROPERTY DAMAGE
WOODBURY PUBLIC SAFETY,WOODBURY,5/3/2026 4:30:43 PM,WB26017365,"4XXX  Airlake Dr, WOODBURY",RUNAWAY
WOODBURY PUBLIC SAFETY,WOODBURY,5/3/2026 4:49:09 PM,WB26017367,"WOODBURY DR / COMMERCE DR, WOODBURY",ACCIDENT
WOODBURY PUBLIC SAFETY,WOODBURY,5/3/2026 4:53:47 PM,WB26017368,"RADIO DR / BAILEY RD, WOODBURY",ACCIDENT
WOODBURY PUBLIC SAFETY,WOODBURY,5/3/2026 5:19:12 PM,WB26017370,"7XXX  Valley Creek Plz, WOODBURY",THEFT FROM MOTOR VEHICLE
WOODBURY PUBLIC SAFETY,WOODBURY,5/3/2026 5:45:00 PM,WB26017373,"Interlachen Pkwy / Highland Blvd, WOODBURY",ACCIDENT
WOODBURY PUBLIC SAFETY,WOODBURY,5/3/2026 6:20:26 PM,WB26017377,"1XXX  REGATTA DR, WOODBURY",FIRE
WOODBURY PUBLIC SAFETY,WOODBURY,5/3/2026 7:47:28 PM,WB26017391,"7XXX  Valley Creek Plz, WOODBURY",THEFT
WOODBURY PUBLIC SAFETY,WOODBURY,5/3/2026 9:40:25 PM,WB26017402,"11XXX  Cresthaven Trl, WOODBURY",RUNAWAY
WOODBURY PUBLIC SAFETY,WOODBURY,5/4/2026 8:01:20 AM,WB26017440,"WOODBURY DR / COMMERCE DR, WOODBURY",WANTED PERSON-KOPS ALERT/ATL
WOODBURY PUBLIC SAFETY,WOODBURY,5/4/2026 9:50:00 AM,WB26017446,"1XXX  Queens Dr, WOODBURY",SHOPLIFTING
WOODBURY PUBLIC SAFETY,WOODBURY,5/4/2026 11:07:45 AM,WB26017460,"XXX Mariner Way, WOODBURY",CIVIL MATTER/DISPUTE
WOODBURY PUBLIC SAFETY,WOODBURY,5/4/2026 11:13:14 AM,WB26017462,"7XXX  LAKE RD, WOODBURY",SUSPICIOUS PERSON/ACTIVITY
WOODBURY PUBLIC SAFETY,WOODBURY,5/4/2026 12:00:46 PM,WB26017464,"8XXX  Periwinkle Blvd, WOODBURY",PROPERTY DAMAGE
WOODBURY PUBLIC SAFETY,WOODBURY,5/4/2026 12:07:20 PM,WB26017465,"RADIO DR / HARGIS PKWY, WOODBURY",ACCIDENT
WOODBURY PUBLIC SAFETY,WOODBURY,5/4/2026 12:10:01 PM,WB26017467,"8XXX  Tamarack Vlg, WOODBURY",ACCIDENT
WOODBURY PUBLIC SAFETY,WOODBURY,5/4/2026 12:25:11 PM,WB26017468,"10XXX  City Walk Dr, WOODBURY",FRAUD/SCAM
WOODBURY PUBLIC SAFETY,WOODBURY,5/4/2026 12:38:25 PM,WB26017469,"XXX Weir Dr, WOODBURY",THREATS
WOODBURY PUBLIC SAFETY,WOODBURY,5/4/2026 1:04:15 PM,WB26017474,"XXX Commerce Dr, WOODBURY",ACCIDENT
WOODBURY PUBLIC SAFETY,WOODBURY,5/4/2026 2:37:11 PM,WB26017490,"XXX Diamond Dr, WOODBURY",BURGLARY
WOODBURY PUBLIC SAFETY,WOODBURY,5/4/2026 2:48:00 PM,WB26017491,"2XXX  WOODLANE DR, WOODBURY",THEFT
WOODBURY PUBLIC SAFETY,WOODBURY,5/4/2026 3:30:34 PM,WB26017499,"Bailey Rd / Woodlane Dr, WOODBURY",ACCIDENT
WOODBURY PUBLIC SAFETY,WOODBURY,5/4/2026 3:38:52 PM,WB26017500,"9XXX  TAMARACK RD, WOODBURY",UNWANTED PERSON/VEHICLE
WOODBURY PUBLIC SAFETY,WOODBURY,5/4/2026 5:59:06 PM,WB26017522,"XXX Commerce Dr, WOODBURY",TRESPASSING
WOODBURY PUBLIC SAFETY,WOODBURY,5/4/2026 6:01:18 PM,WB26017524,"10XXX  City Walk Dr, WOODBURY",FOUND PERSON
WOODBURY PUBLIC SAFETY,WOODBURY,5/4/2026 6:10:28 PM,WB26017531,"9XXX  Hudson Pl, WOODBURY",ACCIDENT
WOODBURY PUBLIC SAFETY,WOODBURY,5/4/2026 6:37:35 PM,WB26017526,"6XXX  ASHWOOD RD, WOODBURY",ANIMAL COMPLAINT
WOODBURY PUBLIC SAFETY,WOODBURY,5/4/2026 6:46:23 PM,WB26017527,"9XXX  Iron Horse Rd, WOODBURY",OFP VIOLATION
WOODBURY PUBLIC SAFETY,WOODBURY,5/4/2026 7:14:19 PM,WB26017532,"Bielenberg Dr / Hudson Rd, WOODBURY",REQUEST FOR EMERGENCY EXAM - 72 HR HOLD
WOODBURY PUBLIC SAFETY,WOODBURY,5/4/2026 7:36:25 PM,WB26017537,"10XXX  Waterfront Dr, WOODBURY",FOUND PROPERTY/ITEM
WOODBURY PUBLIC SAFETY,WOODBURY,5/4/2026 11:41:50 PM,WB26017555,"CENTURY AVE N / BROOKVIEW DR E, WOODBURY",TRAFFIC STOP
WOODBURY PUBLIC SAFETY,WOODBURY,5/5/2026 12:41:35 AM,WB26017561,"XXX Weir Dr, WOODBURY",THREATS
WOODBURY PUBLIC SAFETY,WOODBURY,5/5/2026 6:42:00 AM,WB26017570,"8XXX  CITY CENTRE DR, WOODBURY",FOUND PROPERTY/ITEM
WOODBURY PUBLIC SAFETY,WOODBURY,5/5/2026 6:59:27 AM,WB26017573,"6XXX  Upper Afton Rd, WOODBURY",DISTURBANCE
WOODBURY PUBLIC SAFETY,WOODBURY,5/5/2026 7:57:42 AM,WB26017577,"10XXX  Hudson Rd, WOODBURY",CIVIL MATTER/DISPUTE
WOODBURY PUBLIC SAFETY,WOODBURY,5/5/2026 9:45:23 AM,WB26017589,"11XXX  Beechwood Ln, WOODBURY",DISTURBANCE
WOODBURY PUBLIC SAFETY,WOODBURY,5/5/2026 10:06:58 AM,WB26017593,"XXX Lake View Alcove, WOODBURY",FOUND PERSON
WOODBURY PUBLIC SAFETY,WOODBURY,5/5/2026 10:17:21 AM,WB26017595,"2XXX  Liberty Trl, WOODBURY",DEATH INVESTIGATION
WOODBURY PUBLIC SAFETY,WOODBURY,5/5/2026 10:29:00 AM,WB26017602,"8XXX  Tamarack Vlg, WOODBURY",THEFT
WOODBURY PUBLIC SAFETY,WOODBURY,5/5/2026 10:36:22 AM,WB26017597,"2XXX  WOODLANE DR, WOODBURY",WARRANT ARREST
WOODBURY PUBLIC SAFETY,WOODBURY,5/5/2026 11:25:32 AM,WB26017610,"XXX Commerce Dr, WOODBURY",SUSPICIOUS PERSON/ACTIVITY
WOODBURY PUBLIC SAFETY,WOODBURY,5/5/2026 11:53:22 AM,WB26017611,"8XXX  CENTRAL PARK PL, WOODBURY",FOUND PROPERTY/ITEM
WOODBURY PUBLIC SAFETY,WOODBURY,5/5/2026 1:20:56 PM,WB26017620,"9XXX  Hudson Rd, WOODBURY",TRESPASSING
WOODBURY PUBLIC SAFETY,WOODBURY,5/5/2026 2:55:26 PM,WB26017626,"9XXX  Hillingdon Rd, WOODBURY",THREATS
WOODBURY PUBLIC SAFETY,WOODBURY,5/5/2026 5:50:23 PM,WB26017649,"2XXX  Amberwood Dr, WOODBURY",DISTURBANCE
WOODBURY PUBLIC SAFETY,WOODBURY,5/5/2026 6:16:05 PM,WB26017652,"8XXX  CENTRAL PARK PL, WOODBURY",FIGHT
WOODBURY PUBLIC SAFETY,WOODBURY,5/5/2026 8:42:05 PM,WB26017671,"XXX Lake View Alc, WOODBURY",RUNAWAY
WOODBURY PUBLIC SAFETY,WOODBURY,5/5/2026 8:48:08 PM,WB26017672,"Radio Dr / Lake Rd, WOODBURY",ACCIDENT
WOODBURY PUBLIC SAFETY,WOODBURY,5/5/2026 10:26:19 PM,WB26017682,"WOODBINE AVE, WOODBURY",TRAFFIC STOP
WOODBURY PUBLIC SAFETY,WOODBURY,5/5/2026 11:04:19 PM,WB26017688,"Valley Creek Rd / Radio Dr, WOODBURY",ACCIDENT
WOODBURY PUBLIC SAFETY,WOODBURY,5/6/2026 12:00:45 AM,WB26017692,"Century Ave/Valley Creek Road, WOODBURY",TRAFFIC STOP
WOODBURY PUBLIC SAFETY,WOODBURY,5/6/2026 12:14:58 AM,WB26017695,"1XXX  Donegal Dr, WOODBURY",CIVIL MATTER/DISPUTE
WOODBURY PUBLIC SAFETY,WOODBURY,5/6/2026 5:28:44 AM,WB26017702,"2XXX  OJIBWAY DR, WOODBURY",FOUND PROPERTY/ITEM
WOODBURY PUBLIC SAFETY,WOODBURY,5/6/2026 7:39:47 AM,WB26017703,"3XXX  Lakewood Trl, WOODBURY",FIRE
WOODBURY PUBLIC SAFETY,WOODBURY,5/6/2026 7:43:58 AM,WB26017704,"Eastview Rd / Settlers Ridge Pkwy, WOODBURY",ACCIDENT
WOODBURY PUBLIC SAFETY,WOODBURY,5/6/2026 8:42:10 AM,WB26017708,"Bailey Ridge Bay / Bailey Ridge Alcove, WOODBURY",ACCIDENT
WOODBURY PUBLIC SAFETY,WOODBURY,5/6/2026 10:39:01 AM,WB26017723,"Tamarack Rd / Weir Dr, WOODBURY",MEDICAL
WOODBURY PUBLIC SAFETY,WOODBURY,5/6/2026 11:04:15 AM,WB26017725,"3XXX  Devonshire Dr, WOODBURY",WELFARE CHECK
WOODBURY PUBLIC SAFETY,WOODBURY,5/6/2026 11:04:34 AM,WB26017724,"10XXX  Wiles Way, WOODBURY",HARASSMENT
WOODBURY PUBLIC SAFETY,WOODBURY,5/6/2026 11:19:43 AM,WB26017728,"10XXX  Hudson Rd, WOODBURY",DISTURBANCE
WOODBURY PUBLIC SAFETY,WOODBURY,5/6/2026 11:25:40 AM,WB26017729,"VALLEY CREEK RD / DONEGAL DR, WOODBURY",ACCIDENT
WOODBURY PUBLIC SAFETY,WOODBURY,5/6/2026 12:10:49 PM,WB26017731,"8XXX  Bailey Lake Rd, WOODBURY",PROPERTY DAMAGE
WOODBURY PUBLIC SAFETY,WOODBURY,5/6/2026 12:18:49 PM,WB26017732,"1XXX  CEDARWOOD DR, WOODBURY",FRAUD/SCAM
WOODBURY PUBLIC SAFETY,WOODBURY,5/6/2026 2:40:39 PM,WB26017750,"11XXX  - 11599 HUDSON RD, WOODBURY",TRAFFIC STOP
WOODBURY PUBLIC SAFETY,WOODBURY,5/6/2026 3:09:47 PM,WB26017755,"Stable View Dr / Bailey Lake Rd, WOODBURY",NEIGHBOR DISPUTE
WOODBURY PUBLIC SAFETY,WOODBURY,5/6/2026 3:36:00 PM,WB26018021,"10XXX  NEWPORT PATH, WOODBURY",MAARC
WOODBURY PUBLIC SAFETY,WOODBURY,5/6/2026 3:38:00 PM,WB26017904,"6XXX  ASHWOOD RD, WOODBURY",CPS REFERRAL
WOODBURY PUBLIC SAFETY,WOODBURY,5/6/2026 4:00:00 PM,WB26018425,"11XXX  DOGWOOD RD, WOODBURY",CPS REFERRAL
WOODBURY PUBLIC SAFETY,WOODBURY,5/6/2026 4:45:10 PM,WB26017769,"XXX Lake View Echo, WOODBURY",CIVIL MATTER/DISPUTE
WOODBURY PUBLIC SAFETY,WOODBURY,5/6/2026 4:56:29 PM,WB26017770,"BIELENBERG DR / BIELENBERG CT, WOODBURY",FLEEING
WOODBURY PUBLIC SAFETY,WOODBURY,5/6/2026 6:03:34 PM,WB26017777,"9XXX  Valley Creek Rd, WOODBURY",CIVIL MATTER/DISPUTE
WOODBURY PUBLIC SAFETY,WOODBURY,5/6/2026 6:52:53 PM,WB26017780,"1XXX  Weir Dr, WOODBURY",WELFARE CHECK
WOODBURY PUBLIC SAFETY,WOODBURY,5/6/2026 8:24:34 PM,WB26017786,"1XXX  Lochaven Dr, WOODBURY",DEATH
WOODBURY PUBLIC SAFETY,WOODBURY,5/6/2026 9:01:56 PM,WB26017787,"10XXX  Grand Forest Ln, WOODBURY",JUVENILE COMPLAINT
WOODBURY PUBLIC SAFETY,WOODBURY,5/6/2026 10:44:00 PM,WB26017782,"8XXX  TAMARACK VLG, WOODBURY",DWI
WOODBURY PUBLIC SAFETY,WOODBURY,5/6/2026 10:52:43 PM,WB26017799,"6XXX  HUDSON RD, WOODBURY",WARRANT ARREST
WOODBURY PUBLIC SAFETY,WOODBURY,5/7/2026 12:00:00 AM,WB26017933,"1XXX  WEIR DR, WOODBURY",SUSPICIOUS PERSON/ACTIVITY
WOODBURY PUBLIC SAFETY,WOODBURY,5/7/2026 1:26:00 AM,WB26017814,"I94, WOODBURY",TRAFFIC STOP
WOODBURY PUBLIC SAFETY,WOODBURY,5/7/2026 1:53:47 AM,WB26017816,"6XXX  Falstaff Rd, WOODBURY",WELFARE CHECK
WOODBURY PUBLIC SAFETY,WOODBURY,5/7/2026 6:49:28 AM,WB26017827,"Unknown, WOODBURY",IDENTITY THEFT
WOODBURY PUBLIC SAFETY,WOODBURY,5/7/2026 8:40:17 AM,WB26017831,"3XXX  Williamsburg Pkwy, WOODBURY",THEFT
WOODBURY PUBLIC SAFETY,WOODBURY,5/7/2026 9:09:27 AM,WB26017836,"6XXX  Crackleberry Trl, WOODBURY",ANIMAL COMPLAINT
WOODBURY PUBLIC SAFETY,WOODBURY,5/7/2026 9:12:00 AM,WB26017834,"2XXX  Eagle Creek Ln, WOODBURY",ACCIDENT
WOODBURY PUBLIC SAFETY,WOODBURY,5/7/2026 10:36:30 AM,WB26017841,"7XXX  Valley Creek Plz, WOODBURY",ACCIDENT
WOODBURY PUBLIC SAFETY,WOODBURY,5/7/2026 10:49:07 AM,WB26017846,"9XXX  Hillingdon Rd, WOODBURY",OFFICER INFORMATION
WOODBURY PUBLIC SAFETY,WOODBURY,5/7/2026 10:51:21 AM,WB26017847,"5XXX  Airlake Draw, WOODBURY",ANIMAL BITE
WOODBURY PUBLIC SAFETY,WOODBURY,5/7/2026 1:42:45 PM,WB26017882,"XXX Lake Ridge Dr, WOODBURY",WELFARE CHECK
WOODBURY PUBLIC SAFETY,WOODBURY,5/7/2026 2:08:55 PM,WB26017884,"6XXX  Macbeth Cir, WOODBURY",SUSPICIOUS PERSON/ACTIVITY
WOODBURY PUBLIC SAFETY,WOODBURY,5/7/2026 2:30:39 PM,WB26017886,"6XXX  POPLAR DR, WOODBURY",COMMUNITY CONTACT
WOODBURY PUBLIC SAFETY,WOODBURY,5/7/2026 3:14:47 PM,WB26017895,"QUEENS DR / GUIDER DR, WOODBURY",WARRANT ARREST
WOODBURY PUBLIC SAFETY,WOODBURY,5/7/2026 3:29:19 PM,WB26017898,"8XXX  Quarry Ridge Ln, WOODBURY",DISTURBANCE
WOODBURY PUBLIC SAFETY,WOODBURY,5/7/2026 3:32:00 PM,WB26017899,"11XXX  EAGLE VIEW BLVD, WOODBURY",CIVIL MATTER/DISPUTE
WOODBURY PUBLIC SAFETY,WOODBURY,5/7/2026 3:47:36 PM,WB26017903,"8XXX  Valley Creek Rd, WOODBURY",LOST PROPERTY/ITEM
WOODBURY PUBLIC SAFETY,WOODBURY,5/7/2026 4:57:17 PM,WB26017914,"1XXX  Weir Dr, WOODBURY",SUICIDE ATTEMPT/THREATS OF
WOODBURY PUBLIC SAFETY,WOODBURY,5/7/2026 5:06:32 PM,WB26017915,"Dale Rd / Sunflower Dr, WOODBURY",ACCIDENT
WOODBURY PUBLIC SAFETY,WOODBURY,5/7/2026 5:11:33 PM,WB26017917,"1XXX  Whistler Point Rd, WOODBURY",SUSPICIOUS PERSON/ACTIVITY
WOODBURY PUBLIC SAFETY,WOODBURY,5/7/2026 6:49:27 PM,WB26017934,"6XXX  HUDSON RD, WOODBURY",DWI
WOODBURY PUBLIC SAFETY,WOODBURY,5/7/2026 7:28:00 PM,WB26017994,"XXX EAGLE RIDGE RD, WOODBURY",MAARC
WOODBURY PUBLIC SAFETY,WOODBURY,5/7/2026 8:37:43 PM,WB26017945,"XXX COMMERCE DR, WOODBURY",SHOPLIFTING
WOODBURY PUBLIC SAFETY,WOODBURY,5/7/2026 8:54:12 PM,WB26017947,"1XXX  Donegal Dr, WOODBURY",DISTURBANCE
WOODBURY PUBLIC SAFETY,WOODBURY,5/7/2026 8:59:32 PM,WB26017949,"1XXX  Donegal Dr, WOODBURY",SUSPICIOUS PERSON/ACTIVITY
WOODBURY PUBLIC SAFETY,WOODBURY,5/7/2026 9:27:46 PM,WB26017953,"10XXX  Sunbird Cir, WOODBURY",LOST PROPERTY/ITEM
WOODBURY PUBLIC SAFETY,WOODBURY,5/7/2026 9:59:44 PM,WB26017955,"XXX Weir Dr, WOODBURY",TRAFFIC COMPLAINT
WOODBURY PUBLIC SAFETY,WOODBURY,5/7/2026 10:59:18 PM,WB26017964,"6XXX  Falstaff Rd, WOODBURY",WELFARE CHECK
WOODBURY PUBLIC SAFETY,WOODBURY,5/8/2026 2:43:56 AM,WB26017972,"7XXX  Guider Dr, WOODBURY",CIVIL MATTER/DISPUTE
WOODBURY PUBLIC SAFETY,WOODBURY,5/8/2026 8:36:39 AM,WB26017982,"2XXX  Queens Dr, WOODBURY",FOUND PROPERTY/ITEM
WOODBURY PUBLIC SAFETY,WOODBURY,5/8/2026 8:57:47 AM,WB26017984,"XXX SHERRIE LN, WOODBURY",FRAUD/SCAM
WOODBURY PUBLIC SAFETY,WOODBURY,5/8/2026 9:43:50 AM,WB26017989,"8XXX  City Centre Dr, WOODBURY",ACCIDENT
WOODBURY PUBLIC SAFETY,WOODBURY,5/8/2026 10:04:00 AM,WB26017990,"6XXX  Hudson Rd, WOODBURY",DWI
WOODBURY PUBLIC SAFETY,WOODBURY,5/8/2026 10:35:00 AM,WB26017993,"6XXX  HUDSON RD, WOODBURY",TRESPASSING
WOODBURY PUBLIC SAFETY,WOODBURY,5/8/2026 11:07:46 AM,WB26018000,"1XXX  Clipper Way, WOODBURY",CIVIL MATTER/DISPUTE
WOODBURY PUBLIC SAFETY,WOODBURY,5/8/2026 11:38:16 AM,WB26018004,"XXX Weir Dr, WOODBURY",WELFARE CHECK
WOODBURY PUBLIC SAFETY,WOODBURY,5/8/2026 12:02:39 PM,WB26018007,"7XXX  Glenross Rd, WOODBURY",DISTURBANCE
WOODBURY PUBLIC SAFETY,WOODBURY,5/8/2026 12:22:38 PM,WB26018009,"3XXX  YORK DR, WOODBURY",CIVIL MATTER/DISPUTE
WOODBURY PUBLIC SAFETY,WOODBURY,5/8/2026 12:40:40 PM,WB26018012,"2XXX  Parkview Ln, WOODBURY",CIVIL MATTER/DISPUTE
WOODBURY PUBLIC SAFETY,WOODBURY,5/8/2026 1:59:45 PM,WB26018028,"2XXX  WOODLANE DR, WOODBURY",DISORDERLY CONDUCT
WOODBURY PUBLIC SAFETY,WOODBURY,5/8/2026 2:09:54 PM,WB26018029,"8XXX  TAMARACK VLG, WOODBURY",ASSIST OTHER AGENCY
WOODBURY PUBLIC SAFETY,WOODBURY,5/8/2026 2:11:16 PM,WB26018031,"Pioneer Dr / Bailey Rd, WOODBURY",ACCIDENT
WOODBURY PUBLIC SAFETY,WOODBURY,5/8/2026 2:14:27 PM,WB26018030,"Eastbound 494 ramp/Lake Rd , WOODBURY",ACCIDENT
WOODBURY PUBLIC SAFETY,WOODBURY,5/8/2026 2:26:32 PM,WB26018033,"9XXX  HUDSON RD, WOODBURY",FOUND PROPERTY/ITEM
WOODBURY PUBLIC SAFETY,WOODBURY,5/8/2026 2:36:51 PM,WB26018037,"XXX Commerce Dr, WOODBURY",ANIMAL COMPLAINT
WOODBURY PUBLIC SAFETY,WOODBURY,5/8/2026 3:10:11 PM,WB26018048,"XXX Commerce Dr, WOODBURY",THEFT
WOODBURY PUBLIC SAFETY,WOODBURY,5/8/2026 3:12:47 PM,WB26018050,"1XXX  Century Cir, WOODBURY",THEFT
WOODBURY PUBLIC SAFETY,WOODBURY,5/8/2026 3:28:00 PM,WB26018053,"Radio Dr / City Centre Dr, WOODBURY",ACCIDENT
WOODBURY PUBLIC SAFETY,WOODBURY,5/8/2026 3:57:39 PM,WB26018058,"1XXX  LAKEMOOR DR, WOODBURY",LOST PROPERTY/ITEM
WOODBURY PUBLIC SAFETY,WOODBURY,5/8/2026 3:58:43 PM,WB26018057,"7XXX  VALLEY CREEK PLZ, WOODBURY",THEFT
WOODBURY PUBLIC SAFETY,WOODBURY,5/8/2026 4:01:32 PM,WB26018059,"Lamplight Dr / Montrose Rd, WOODBURY",ACCIDENT
WOODBURY PUBLIC SAFETY,WOODBURY,5/8/2026 4:02:15 PM,WB26018064,"8XXX  Tamarack Vlg, WOODBURY",ACCIDENT
WOODBURY PUBLIC SAFETY,WOODBURY,5/8/2026 5:15:37 PM,WB26018071,"2XXX  Hemlock Blvd, WOODBURY",ACCIDENT
WOODBURY PUBLIC SAFETY,WOODBURY,5/8/2026 6:27:04 PM,WB26018082,"2XXX  WOODLANE DR, WOODBURY",JUVENILE COMPLAINT
WOODBURY PUBLIC SAFETY,WOODBURY,5/8/2026 6:43:32 PM,WB26018085,"7XXX  Valley Creek Plz, WOODBURY",ACCIDENT
WOODBURY PUBLIC SAFETY,WOODBURY,5/8/2026 9:06:37 PM,WB26018109,"10XXX  Blackmoor Rd, WOODBURY",FRAUD/SCAM
WOODBURY PUBLIC SAFETY,WOODBURY,5/8/2026 9:30:41 PM,WB26018116,"I494 NB JNO TAMARACK RD, WOODBURY",WARRANT ARREST
WOODBURY PUBLIC SAFETY,WOODBURY,5/8/2026 9:33:55 PM,WB26018118,"Hargis Pkwy / Pioneer Dr, WOODBURY",ACCIDENT
WOODBURY PUBLIC SAFETY,WOODBURY,5/8/2026 10:05:59 PM,WB26018128,"1XXX  Regency Dr, WOODBURY",DISTURBANCE
WOODBURY PUBLIC SAFETY,WOODBURY,5/8/2026 11:24:29 PM,WB26018150,"4XXX  PIONEER DR, WOODBURY",ORDINANCE VIOLATION
WOODBURY PUBLIC SAFETY,WOODBURY,5/8/2026 11:35:34 PM,WB26018156,"6XXX  Courtly Alcove, WOODBURY",MOTOR VEHICLE THEFT
WOODBURY PUBLIC SAFETY,WOODBURY,5/9/2026 12:45:38 AM,WB26018175,"VALLEY CREEK RD / TOWER DR, WOODBURY",DWI
WOODBURY PUBLIC SAFETY,WOODBURY,5/9/2026 1:21:00 AM,WB26018179,"1XXX  - 1691 WOODBURY DR, WOODBURY",DWI
WOODBURY PUBLIC SAFETY,WOODBURY,5/9/2026 10:22:39 AM,WB26018203,"Woodbury Dr / Hudson Rd, WOODBURY",ACCIDENT
WOODBURY PUBLIC SAFETY,WOODBURY,5/9/2026 10:41:03 AM,WB26018210,"1XXX  Tamberwood Trl, WOODBURY",FRAUD/SCAM
WOODBURY PUBLIC SAFETY,WOODBURY,5/9/2026 11:19:07 AM,WB26018217,"7XXX  Tamarack Rd, WOODBURY",CIVIL MATTER/DISPUTE
WOODBURY PUBLIC SAFETY,WOODBURY,5/9/2026 11:36:22 AM,WB26018220,"Woodbury Lakes Rd / Hudson Rd, WOODBURY",ACCIDENT
WOODBURY PUBLIC SAFETY,WOODBURY,5/9/2026 11:57:33 AM,WB26018225,"2XXX  Ojibway Dr, WOODBURY",ACCIDENT
WOODBURY PUBLIC SAFETY,WOODBURY,5/9/2026 1:32:33 PM,WB26018236,"Wyndham Way / Robinwood Trl, WOODBURY",FOUND PROPERTY/ITEM
WOODBURY PUBLIC SAFETY,WOODBURY,5/9/2026 1:33:07 PM,WB26018234,"XXX Commerce Dr, WOODBURY",THEFT
WOODBURY PUBLIC SAFETY,WOODBURY,5/9/2026 1:40:00 PM,WB26018237,"Woodbury Dr/Lake Rd, WOODBURY",ACCIDENT
WOODBURY PUBLIC SAFETY,WOODBURY,5/9/2026 3:43:41 PM,WB26018248,"VALLEY CREEK RD / WOODLANE DR, WOODBURY",ACCIDENT
WOODBURY PUBLIC SAFETY,WOODBURY,5/9/2026 4:06:53 PM,WB26018252,"7XXX  FOREST BLVD, WOODBURY",THREATS
WOODBURY PUBLIC SAFETY,WOODBURY,5/9/2026 5:40:00 PM,WB26018261,"Bailey Rd / Manning Ave S, WOODBURY",DWI
WOODBURY PUBLIC SAFETY,WOODBURY,5/9/2026 6:21:13 PM,WB26018263,"9XXX  Hudson Pl, WOODBURY",THEFT
WOODBURY PUBLIC SAFETY,WOODBURY,5/9/2026 6:40:50 PM,WB26018266,"8XXX  Tamarack Vlg, WOODBURY",THEFT
WOODBURY PUBLIC SAFETY,WOODBURY,5/9/2026 7:01:02 PM,WB26018268,"6XXX  Hudson Rd, WOODBURY",DROWNING
WOODBURY PUBLIC SAFETY,WOODBURY,5/9/2026 9:14:00 PM,WB26018281,"10XXX  EAGLE VIEW CIR, WOODBURY",RUNAWAY
WOODBURY PUBLIC SAFETY,WOODBURY,5/9/2026 10:36:21 PM,WB26018293,"1XXX  WOODLANE DR, WOODBURY",WARRANT ARREST

